mu,rho,ll
0.400194,1.0,-2648.727051
0.400194,1.0,-2647.846924
0.400194,1.0,-2650.837891
0.400194,1.0,-2648.739258
0.399511,1.0,-2655.9646
0.399827,1.0,-2648.278809
0.399827,1.0,-2650.165039
0.399827,1.0,-2647.405762
0.399827,1.0,-2654.729736
0.398411,1.0,-2647.341309
0.397647,1.0,-2648.739746
0.397647,1.0,-2647.36084
0.397647,1.0,-2646.856445
0.399476,1.0,-2647.779785
0.399476,1.0,-2652.381836
0.401708,1.0,-2645.745605
0.401708,1.0,-2651.363281
0.401708,1.0,-2655.809082
0.403195,1.0,-2651.670654
0.403195,1.0,-2643.424561
0.404392,1.0,-2654.174805
0.404392,1.0,-2643.55957
0.405798,1.0,-2655.128662
0.406746,1.0,-2653.815918
0.405649,1.0,-2649.185059
0.405649,1.0,-2650.421143
0.40659,1.0,-2653.161621
0.406031,1.0,-2649.791992
0.406031,1.0,-2654.010254
0.40508,1.0,-2664.057129
0.406363,1.0,-2655.387207
0.407215,1.0,-2650.028809
0.407215,1.0,-2651.376953
0.407215,1.0,-2650.34082
0.405565,1.0,-2653.259033
0.405565,1.0,-2647.007568
0.404118,1.0,-2644.65332
0.401475,1.0,-2651.88501
0.401475,1.0,-2655.229004
0.401475,1.0,-2648.564941
0.401654,1.0,-2654.365967
0.400905,1.0,-2652.132812
0.400905,1.0,-2648.232422
0.400905,1.0,-2650.876465
0.400478,1.0,-2654.570312
0.401747,1.0,-2649.844238
0.399981,1.0,-2649.82666
0.401013,1.0,-2650.706787
0.402476,1.0,-2651.305176
0.403206,1.0,-2651.350098
0.402752,1.0,-2653.723145
0.402752,1.0,-2653.076172
0.402752,1.0,-2649.151611
0.404043,1.0,-2652.677979
0.404491,1.0,-2657.781738
0.404491,1.0,-2650.447998
0.404491,1.0,-2651.961914
0.405173,1.0,-2654.617432
0.405173,1.0,-2651.687988
0.406581,1.0,-2655.227051
0.406581,1.0,-2650.377441
0.406874,1.0,-2661.082275
0.406874,1.0,-2652.993652
0.404227,1.0,-2651.052246
0.404792,1.0,-2651.183594
0.403976,1.0,-2652.615723
0.403739,1.0,-2654.371582
0.403739,1.0,-2652.402832
0.404063,1.0,-2650.325684
0.404569,1.0,-2652.981201
0.403911,1.0,-2652.643555
0.403172,1.0,-2651.539062
0.403172,1.0,-2648.267578
0.403012,1.0,-2649.452637
0.403012,1.0,-2648.912354
0.403507,1.0,-2650.328613
0.403507,1.0,-2649.695312
0.403394,1.0,-2646.219971
0.40522,1.0,-2650.694824
0.40522,1.0,-2653.240234
0.40522,1.0,-2644.243408
0.404972,1.0,-2654.885742
0.404491,1.0,-2653.235596
0.404875,1.0,-2647.491699
0.403977,1.0,-2654.807617
0.403977,1.0,-2652.030273
0.405632,1.0,-2652.343262
0.405632,1.0,-2646.207031
0.406822,1.0,-2650.21582
0.406822,1.0,-2657.253418
0.405869,1.0,-2650.166992
0.405869,1.0,-2649.259766
0.406623,1.0,-2653.314941
0.407853,1.0,-2650.226074
0.407059,1.0,-2656.946533
0.406985,1.0,-2649.555176
0.407516,1.0,-2650.463379
0.407516,1.0,-2648.457031
0.407516,1.0,-2652.651123
0.408005,1.0,-2654.990967
0.408262,1.0,-2652.030029
0.410391,1.0,-2653.77832
0.410391,1.0,-2651.444336
0.410391,1.0,-2652.345459
0.409227,1.0,-2655.470459
0.409751,1.0,-2651.831543
0.408609,1.0,-2653.143555
0.408609,1.0,-2657.51123
0.409327,1.0,-2650.142334
0.409846,1.0,-2655.452393
0.409857,1.0,-2652.802734
0.40948,1.0,-2660.428711
0.411038,1.0,-2651.067871
0.410372,1.0,-2651.919189
0.409653,1.0,-2652.48291
0.409653,1.0,-2652.537598
0.410446,1.0,-2654.264648
0.410464,1.0,-2652.092529
0.410647,1.0,-2652.149902
0.410773,1.0,-2658.166504
0.410773,1.0,-2650.613281
0.410723,1.0,-2654.99707
0.410723,1.0,-2657.087402
0.410723,1.0,-2656.824219
0.410813,1.0,-2659.422363
0.410813,1.0,-2652.037109
0.410813,1.0,-2654.280029
0.410813,1.0,-2651.535156
0.410813,1.0,-2655.42749
0.410431,1.0,-2657.790527
0.410431,1.0,-2659.258545
0.411752,1.0,-2653.208984
0.41194,1.0,-2655.306641
0.41194,1.0,-2655.433594
0.413985,1.0,-2653.942627
0.415221,1.0,-2655.743652
0.415065,1.0,-2655.951172
0.415065,1.0,-2653.194824
0.414914,1.0,-2654.881592
0.414923,1.0,-2664.894287
0.415175,1.0,-2652.030518
0.414625,1.0,-2658.154053
0.416532,1.0,-2653.570801
0.417092,1.0,-2653.63208
0.417092,1.0,-2650.479004
0.417741,1.0,-2656.619873
0.417741,1.0,-2658.717041
0.416798,1.0,-2654.21875
0.415972,1.0,-2653.414551
0.413396,1.0,-2663.998779
0.413396,1.0,-2655.742188
0.413396,1.0,-2659.424561
0.413396,1.0,-2651.34082
0.413396,1.0,-2653.82373
0.412032,1.0,-2654.756104
0.412176,1.0,-2651.058105
0.412677,1.0,-2654.578125
0.413241,1.0,-2652.130859
0.413241,1.0,-2654.521729
0.413241,1.0,-2652.34082
0.413241,1.0,-2652.531738
0.414859,1.0,-2658.742188
0.414859,1.0,-2657.618652
0.417221,1.0,-2658.312988
0.417221,1.0,-2654.595947
0.416753,1.0,-2654.429932
0.41701,1.0,-2661.302979
0.415824,1.0,-2651.221436
0.416399,1.0,-2656.376953
0.416534,1.0,-2660.096924
0.416765,1.0,-2656.874512
0.416765,1.0,-2661.024902
0.415709,1.0,-2656.472656
0.415709,1.0,-2658.195068
0.415709,1.0,-2652.643555
0.417383,1.0,-2657.618652
0.415999,1.0,-2658.706055
0.417383,1.0,-2653.836914
0.416055,1.0,-2656.469971
0.41485,1.0,-2655.096191
0.415415,1.0,-2651.988037
0.416792,1.0,-2654.487305
0.417996,1.0,-2652.237061
0.417996,1.0,-2658.960449
0.417996,1.0,-2658.15332
0.417558,1.0,-2658.354492
0.417587,1.0,-2655.987305
0.418659,1.0,-2656.784668
0.418394,1.0,-2654.337646
0.41947,1.0,-2664.95166
0.419616,1.0,-2653.001953
0.419595,1.0,-2652.84668
0.419595,1.0,-2654.97168
0.419595,1.0,-2653.683594
0.419692,1.0,-2663.090576
0.419692,1.0,-2652.304688
0.419692,1.0,-2657.562744
0.421107,1.0,-2658.758301
0.421107,1.0,-2658.375488
0.421107,1.0,-2662.508301
0.420605,1.0,-2659.026855
0.419112,1.0,-2658.408203
0.419112,1.0,-2654.836914
0.419035,1.0,-2666.494629
0.419517,1.0,-2656.022949
0.416671,1.0,-2655.90918
0.417365,1.0,-2658.969971
0.417512,1.0,-2650.895996
0.417512,1.0,-2655.686035
0.417512,1.0,-2657.552002
0.417363,1.0,-2650.937988
0.417363,1.0,-2652.793945
0.416282,1.0,-2657.078857
0.416282,1.0,-2653.938477
0.416282,1.0,-2657.244385
0.416282,1.0,-2661.761963
0.416282,1.0,-2654.878418
0.417195,1.0,-2654.369141
0.416983,1.0,-2651.038574
0.415865,1.0,-2663.878906
0.415865,1.0,-2657.46875
0.415865,1.0,-2660.129639
0.415865,1.0,-2659.696045
0.415865,1.0,-2655.625977
0.416718,1.0,-2648.092285
0.415712,1.0,-2659.582031
0.415712,1.0,-2653.997559
0.415712,1.0,-2651.30957
0.414174,1.0,-2658.218994
0.413662,1.0,-2657.916504
0.412739,1.0,-2655.205566
0.411932,1.0,-2656.609863
0.411801,1.0,-2656.947754
0.411801,1.0,-2649.36377
0.411801,1.0,-2658.303711
0.411745,1.0,-2655.07959
0.41326,1.0,-2654.947021
0.413446,1.0,-2651.401367
0.413088,1.0,-2666.188232
0.412588,1.0,-2654.037842
0.412852,1.0,-2655.835449
0.413632,1.0,-2658.539551
0.414296,1.0,-2653.620605
0.412792,1.0,-2653.353271
0.412792,1.0,-2653.06543
0.412792,1.0,-2651.216309
0.413025,1.0,-2651.500977
0.412404,1.0,-2653.71167
0.412625,1.0,-2656.317139
0.412625,1.0,-2652.667969
0.41353,1.0,-2662.055664
0.414831,1.0,-2660.387695
0.414831,1.0,-2663.642578
0.415558,1.0,-2658.151855
0.415239,1.0,-2656.262207
0.414322,1.0,-2658.645996
0.414569,1.0,-2652.132324
0.414569,1.0,-2657.554932
0.414871,1.0,-2661.255127
0.414871,1.0,-2660.963867
0.414148,1.0,-2649.410889
0.414148,1.0,-2650.327637
0.414867,1.0,-2661.611328
0.415673,1.0,-2658.764648
0.414687,1.0,-2654.14502
0.414687,1.0,-2656.196289
0.414687,1.0,-2657.788574
0.4156,1.0,-2658.973633
0.4156,1.0,-2652.046875
0.41622,1.0,-2657.785156
0.417212,1.0,-2653.931152
0.418952,1.0,-2660.000244
0.419137,1.0,-2654.476074
0.419754,1.0,-2655.204102
0.419861,1.0,-2656.591309
0.419861,1.0,-2655.582275
0.419649,1.0,-2657.795654
0.419649,1.0,-2659.871338
0.419739,1.0,-2660.700684
0.420555,1.0,-2665.594727
0.419369,1.0,-2663.383789
0.419369,1.0,-2658.685547
0.42024,1.0,-2660.0
0.42024,1.0,-2652.059326
0.42024,1.0,-2658.320068
0.42024,1.0,-2664.693848
0.42024,1.0,-2657.749023
0.41953,1.0,-2656.938232
0.41953,1.0,-2656.511719
0.41953,1.0,-2657.168457
0.419717,1.0,-2658.019775
0.419154,1.0,-2662.050537
0.419154,1.0,-2661.262939
0.418627,1.0,-2654.387939
0.41848,1.0,-2654.02832
0.41848,1.0,-2655.26001
0.41848,1.0,-2654.679688
0.41848,1.0,-2659.761963
0.418319,1.0,-2655.773193
0.418319,1.0,-2650.767334
0.418319,1.0,-2658.481934
0.417932,1.0,-2661.523926
0.417932,1.0,-2650.653809
0.417057,1.0,-2665.404785
0.417561,1.0,-2660.035156
0.417561,1.0,-2654.609131
0.417561,1.0,-2661.375
0.418094,1.0,-2661.540039
0.418094,1.0,-2654.059814
0.418138,1.0,-2656.658691
0.418138,1.0,-2654.836426
0.41594,1.0,-2653.654053
0.41594,1.0,-2653.718262
0.41594,1.0,-2660.008789
0.413573,1.0,-2647.52124
0.413573,1.0,-2655.285645
0.412148,1.0,-2658.007324
0.411747,1.0,-2650.628662
0.410608,1.0,-2654.494141
0.410347,1.0,-2655.66748
0.410908,1.0,-2655.769775
0.412576,1.0,-2653.676514
0.412146,1.0,-2654.192871
0.412146,1.0,-2654.861328
0.411161,1.0,-2653.802979
0.410395,1.0,-2656.944336
0.409864,1.0,-2652.611816
0.409864,1.0,-2655.65625
0.409216,1.0,-2651.430664
0.409216,1.0,-2657.663086
0.409216,1.0,-2658.689697
0.408482,1.0,-2654.225342
0.407705,1.0,-2651.236816
0.407705,1.0,-2652.951172
0.407705,1.0,-2651.673828
0.407705,1.0,-2656.501953
0.408698,1.0,-2654.522461
0.409129,1.0,-2653.241699
0.40958,1.0,-2652.193359
0.409872,1.0,-2652.04834
0.409286,1.0,-2658.124756
0.409286,1.0,-2648.434814
0.410607,1.0,-2654.154785
0.409743,1.0,-2653.457031
0.409698,1.0,-2656.716797
0.409698,1.0,-2655.720459
0.409698,1.0,-2655.243164
0.408711,1.0,-2653.697998
0.409481,1.0,-2649.236816
0.409481,1.0,-2654.812988
0.409481,1.0,-2655.195801
0.409481,1.0,-2648.401855
0.409481,1.0,-2655.183105
0.410071,1.0,-2652.459717
0.409989,1.0,-2653.177734
0.409989,1.0,-2651.5979
0.409989,1.0,-2656.475342
0.411351,1.0,-2657.334961
0.410205,1.0,-2651.102783
0.410205,1.0,-2648.721924
0.408905,1.0,-2656.024902
0.40875,1.0,-2655.96582
0.40875,1.0,-2657.942383
0.40875,1.0,-2655.856445
0.407704,1.0,-2652.611328
0.407704,1.0,-2653.245117
0.406976,1.0,-2647.513672
0.406659,1.0,-2655.486572
0.405971,1.0,-2652.17334
0.405749,1.0,-2648.587891
0.407018,1.0,-2650.945557
0.405988,1.0,-2650.801514
0.405209,1.0,-2651.117188
0.406679,1.0,-2650.427002
0.405947,1.0,-2653.505615
0.405947,1.0,-2650.285156
0.406817,1.0,-2653.992188
0.406817,1.0,-2656.439941
0.406822,1.0,-2649.055176
0.40623,1.0,-2647.811035
0.40623,1.0,-2655.758789
0.407907,1.0,-2656.133057
0.407744,1.0,-2656.901855
0.407744,1.0,-2649.150391
0.407744,1.0,-2654.137939
0.40556,1.0,-2653.446289
0.40556,1.0,-2648.136719
0.40556,1.0,-2651.135254
0.405027,1.0,-2653.45459
0.404462,1.0,-2646.774658
0.404462,1.0,-2652.945312
0.404599,1.0,-2652.005371
0.404599,1.0,-2651.883301
0.404065,1.0,-2648.522949
0.404065,1.0,-2651.361328
0.405183,1.0,-2651.614502
0.405183,1.0,-2653.589355
0.405183,1.0,-2656.846191
0.405183,1.0,-2655.057617
0.403749,1.0,-2651.489014
0.405566,1.0,-2655.040039
0.405566,1.0,-2656.073242
0.40432,1.0,-2650.972412
0.40478,1.0,-2648.090332
0.405255,1.0,-2653.045166
0.405213,1.0,-2649.912354
0.405213,1.0,-2653.695312
0.405213,1.0,-2644.834961
0.406545,1.0,-2655.746582
0.405653,1.0,-2651.869629
0.405653,1.0,-2657.384277
0.405925,1.0,-2654.248535
0.403737,1.0,-2649.481689
0.403737,1.0,-2651.507568
0.403405,1.0,-2646.771484
0.401909,1.0,-2654.115723
0.400963,1.0,-2648.654297
0.400963,1.0,-2650.454102
0.400963,1.0,-2651.339844
0.400963,1.0,-2652.233154
0.401473,1.0,-2649.674072
0.401473,1.0,-2649.283691
0.400901,1.0,-2649.285889
0.400899,1.0,-2648.275146
0.400198,1.0,-2652.724365
0.400198,1.0,-2648.234863
0.399332,1.0,-2649.501221
0.399332,1.0,-2648.542969
0.398888,1.0,-2645.930176
0.396742,1.0,-2649.693359
0.396742,1.0,-2651.602051
0.397068,1.0,-2645.595215
0.396182,1.0,-2655.050781
0.396182,1.0,-2647.526855
0.395727,1.0,-2649.111328
0.395727,1.0,-2650.361572
0.396386,1.0,-2648.470703
0.395838,1.0,-2646.93457
0.395838,1.0,-2650.515625
0.394424,1.0,-2646.598389
0.394598,1.0,-2648.896973
0.394598,1.0,-2648.639648
0.396542,1.0,-2642.648438
0.394113,1.0,-2646.331543
0.394113,1.0,-2652.034668
0.393847,1.0,-2651.665283
0.393781,1.0,-2650.834473
0.393781,1.0,-2646.587646
0.394434,1.0,-2653.279785
0.394434,1.0,-2647.919922
0.394434,1.0,-2648.41748
0.395563,1.0,-2645.857666
0.39555,1.0,-2650.588379
0.397334,1.0,-2649.81543
0.396987,1.0,-2642.32373
0.396987,1.0,-2647.730957
0.396987,1.0,-2650.470703
0.397264,1.0,-2647.621826
0.397264,1.0,-2655.059326
0.397264,1.0,-2640.702148
0.395293,1.0,-2640.848389
0.395293,1.0,-2649.667236
0.39423,1.0,-2647.951904
0.395347,1.0,-2648.47583
0.395347,1.0,-2642.900879
0.395347,1.0,-2646.483398
0.395347,1.0,-2647.577148
0.394696,1.0,-2648.272949
0.394696,1.0,-2645.962402
0.392724,1.0,-2651.077393
0.392724,1.0,-2650.019531
0.392532,1.0,-2653.181152
0.391737,1.0,-2649.104492
0.392579,1.0,-2643.955078
0.392579,1.0,-2644.845459
0.390908,1.0,-2651.500244
0.390908,1.0,-2640.720703
0.390908,1.0,-2650.723633
0.391426,1.0,-2645.849609
0.391426,1.0,-2641.899414
0.391426,1.0,-2646.45752
0.391426,1.0,-2642.626465
0.390969,1.0,-2646.791504
0.390643,1.0,-2647.254883
0.390643,1.0,-2643.862549
0.389944,1.0,-2646.426514
0.391883,1.0,-2647.33252
0.391883,1.0,-2645.07251
0.391883,1.0,-2641.844238
0.391883,1.0,-2648.470215
0.391883,1.0,-2643.710205
0.391744,1.0,-2642.807617
0.391744,1.0,-2647.057129
0.391463,1.0,-2648.819824
0.391463,1.0,-2640.90625
0.391546,1.0,-2644.000732
0.391057,1.0,-2650.578857
0.391057,1.0,-2645.90918
0.391316,1.0,-2650.619385
0.391316,1.0,-2643.343994
0.391316,1.0,-2641.951172
0.39062,1.0,-2646.46167
0.391412,1.0,-2642.251953
0.390174,1.0,-2651.561279
0.390174,1.0,-2644.366699
0.390436,1.0,-2651.285645
0.389477,1.0,-2647.628906
0.391726,1.0,-2650.168457
0.391726,1.0,-2645.093262
0.391443,1.0,-2649.562744
0.391443,1.0,-2642.685303
0.392019,1.0,-2648.318115
0.392019,1.0,-2643.726807
0.393055,1.0,-2649.364258
0.395432,1.0,-2651.753906
0.395432,1.0,-2645.85376
0.395439,1.0,-2646.607666
0.396999,1.0,-2651.132324
0.397493,1.0,-2652.21875
0.397493,1.0,-2652.436279
0.398248,1.0,-2644.918457
0.398248,1.0,-2648.324219
0.398584,1.0,-2646.350098
0.399221,1.0,-2650.489258
0.399951,1.0,-2650.629883
0.399629,1.0,-2647.594238
0.39977,1.0,-2656.669922
0.400735,1.0,-2650.487305
0.400807,1.0,-2650.036865
0.400807,1.0,-2649.78125
0.399563,1.0,-2650.226074
0.398647,1.0,-2649.443604
0.398647,1.0,-2652.320801
0.398322,1.0,-2654.422363
0.398322,1.0,-2648.942139
0.398322,1.0,-2650.723633
0.398519,1.0,-2650.266357
0.399617,1.0,-2644.480957
0.399617,1.0,-2645.885986
0.399617,1.0,-2647.378906
0.399617,1.0,-2650.39209
0.399771,1.0,-2644.36084
0.399771,1.0,-2647.979004
0.399771,1.0,-2647.539307
0.398681,1.0,-2644.374023
0.398681,1.0,-2649.356689
0.398681,1.0,-2648.174805
0.398681,1.0,-2652.199707
0.399395,1.0,-2652.073242
0.398588,1.0,-2657.796387
0.399778,1.0,-2649.064697
0.399009,1.0,-2649.659912
0.397622,1.0,-2654.109863
0.397009,1.0,-2645.339355
0.396441,1.0,-2641.855957
0.395076,1.0,-2649.889404
0.396207,1.0,-2650.816406
0.396207,1.0,-2652.080566
0.396224,1.0,-2646.445801
0.396224,1.0,-2650.739746
0.395798,1.0,-2644.280762
0.395798,1.0,-2646.123291
0.395418,1.0,-2641.659668
0.395418,1.0,-2645.246338
0.395455,1.0,-2647.21875
0.395296,1.0,-2649.400391
0.394589,1.0,-2651.50708
0.393609,1.0,-2648.762451
0.393032,1.0,-2646.437012
0.393032,1.0,-2650.314453
0.392211,1.0,-2648.730469
0.392211,1.0,-2645.227539
0.391624,1.0,-2646.856445
0.391624,1.0,-2644.839355
0.391624,1.0,-2644.574707
0.391624,1.0,-2644.89502
0.389757,1.0,-2641.831787
0.389757,1.0,-2644.765625
0.389102,1.0,-2647.902588
0.389102,1.0,-2642.01123
0.389175,1.0,-2649.54248
0.390378,1.0,-2644.939941
0.390378,1.0,-2649.75
0.390378,1.0,-2649.565186
0.391045,1.0,-2644.241211
0.391045,1.0,-2651.572266
0.390244,1.0,-2649.85791
0.390794,1.0,-2648.38208
0.390794,1.0,-2645.873779
0.390545,1.0,-2648.808594
0.390545,1.0,-2654.547852
0.390545,1.0,-2649.996094
0.389421,1.0,-2644.766602
0.389421,1.0,-2642.864746
0.390594,1.0,-2648.049561
0.390594,1.0,-2641.268555
0.391463,1.0,-2642.520752
0.39335,1.0,-2650.958984
0.392941,1.0,-2645.112305
0.392941,1.0,-2649.331787
0.392941,1.0,-2649.816406
0.39177,1.0,-2645.563232
0.391189,1.0,-2652.918701
0.392058,1.0,-2645.744385
0.392058,1.0,-2646.799805
0.391785,1.0,-2644.840088
0.394828,1.0,-2652.125977
0.394828,1.0,-2642.381592
0.395955,1.0,-2647.206299
0.396276,1.0,-2646.225586
0.396038,1.0,-2646.34375
0.395096,1.0,-2648.492676
0.395096,1.0,-2640.781494
0.395096,1.0,-2652.996582
0.396475,1.0,-2653.59082
0.397113,1.0,-2650.152832
0.397113,1.0,-2647.700684
0.398066,1.0,-2651.525146
0.398707,1.0,-2647.655762
0.398905,1.0,-2650.70166
0.398923,1.0,-2647.728027
0.400153,1.0,-2652.62085
0.400153,1.0,-2653.842773
0.399143,1.0,-2651.361816
0.399541,1.0,-2646.573975
0.400812,1.0,-2649.374756
0.400812,1.0,-2653.600586
0.400812,1.0,-2647.030762
0.40112,1.0,-2651.053223
0.40112,1.0,-2652.338379
0.401361,1.0,-2652.35791
0.40154,1.0,-2649.334229
0.40154,1.0,-2646.674805
0.40154,1.0,-2650.37915
0.401409,1.0,-2651.539062
0.402274,1.0,-2648.6875
0.402314,1.0,-2648.474609
0.402314,1.0,-2651.812988
0.402314,1.0,-2654.937012
0.40217,1.0,-2651.756104
0.40217,1.0,-2652.066406
0.402497,1.0,-2650.679199
0.40289,1.0,-2652.407959
0.402378,1.0,-2649.855957
0.402248,1.0,-2653.121826
0.402985,1.0,-2645.760498
0.402985,1.0,-2647.188232
0.402446,1.0,-2649.625488
0.402446,1.0,-2646.123047
0.402312,1.0,-2652.512695
0.402312,1.0,-2650.667236
0.402312,1.0,-2647.703613
0.402312,1.0,-2648.405273
0.402312,1.0,-2652.287109
0.40166,1.0,-2651.547363
0.401575,1.0,-2644.575195
0.402961,1.0,-2652.029053
0.404146,1.0,-2646.531006
0.404146,1.0,-2647.928711
0.404146,1.0,-2646.752686
0.404146,1.0,-2652.672607
0.402924,1.0,-2651.190918
0.403148,1.0,-2650.067871
0.404288,1.0,-2653.298584
0.404266,1.0,-2652.385742
0.405937,1.0,-2647.687988
0.406049,1.0,-2654.168945
0.406049,1.0,-2657.608887
0.406583,1.0,-2654.573242
0.406583,1.0,-2658.000244
0.407414,1.0,-2652.274902
0.406249,1.0,-2655.500977
0.406249,1.0,-2653.116699
0.406249,1.0,-2656.574219
0.406249,1.0,-2645.964355
0.405782,1.0,-2646.086426
0.405425,1.0,-2647.94043
0.406105,1.0,-2651.098633
0.404896,1.0,-2656.16748
0.404896,1.0,-2649.121826
0.404896,1.0,-2653.55542
0.402339,1.0,-2655.203125
0.400659,1.0,-2649.831055
0.399925,1.0,-2652.904297
0.399151,1.0,-2644.43457
0.398419,1.0,-2647.078125
0.398419,1.0,-2653.429688
0.398419,1.0,-2651.505859
0.398419,1.0,-2651.472656
0.398419,1.0,-2646.317871
0.396765,1.0,-2650.793213
0.396765,1.0,-2648.828613
0.398675,1.0,-2655.405762
0.39838,1.0,-2657.30957
0.396972,1.0,-2649.61499
0.396972,1.0,-2649.155273
0.396972,1.0,-2648.928467
0.396985,1.0,-2651.373535
0.396985,1.0,-2643.225098
0.394564,1.0,-2650.1875
0.39473,1.0,-2649.123535
0.395265,1.0,-2644.060303
0.395265,1.0,-2647.144775
0.395184,1.0,-2653.770508
0.395184,1.0,-2648.723877
0.395184,1.0,-2645.558594
0.395184,1.0,-2652.783691
0.395521,1.0,-2650.666748
0.395225,1.0,-2646.78418
0.395225,1.0,-2651.617676
0.395101,1.0,-2650.746826
0.393588,1.0,-2644.541504
0.393588,1.0,-2642.618652
0.394155,1.0,-2651.72168
0.392698,1.0,-2643.116455
0.392698,1.0,-2645.456055
0.393566,1.0,-2643.598145
0.392148,1.0,-2648.341797
0.393597,1.0,-2645.534912
0.393956,1.0,-2651.0979
0.393956,1.0,-2646.850586
0.393956,1.0,-2648.01416
0.393956,1.0,-2648.829834
0.393956,1.0,-2646.717529
0.393888,1.0,-2645.912598
0.393888,1.0,-2651.325928
0.393888,1.0,-2644.244141
0.395528,1.0,-2657.728516
0.395528,1.0,-2651.150146
0.395528,1.0,-2649.944824
0.395528,1.0,-2648.47876
0.396663,1.0,-2651.909424
0.396663,1.0,-2644.673828
0.397667,1.0,-2651.249023
0.397667,1.0,-2647.48291
0.397667,1.0,-2646.352295
0.398553,1.0,-2648.46582
0.39926,1.0,-2646.458984
0.398065,1.0,-2648.892334
0.398065,1.0,-2647.69458
0.396988,1.0,-2650.469727
0.396988,1.0,-2645.624512
0.397297,1.0,-2649.486084
0.397579,1.0,-2652.042969
0.398745,1.0,-2651.670654
0.398764,1.0,-2647.578125
0.398732,1.0,-2647.35498
0.398732,1.0,-2647.597656
0.398407,1.0,-2650.062744
0.398681,1.0,-2649.656494
0.398681,1.0,-2650.723389
0.398681,1.0,-2650.96582
0.397625,1.0,-2646.527588
0.397625,1.0,-2644.489502
0.397625,1.0,-2645.533691
0.399573,1.0,-2646.911133
0.40049,1.0,-2651.442871
0.400865,1.0,-2649.470947
0.402851,1.0,-2650.023438
0.402851,1.0,-2653.467773
0.402851,1.0,-2648.345215
0.402851,1.0,-2646.817139
0.403508,1.0,-2650.124512
0.403964,1.0,-2645.687012
0.403964,1.0,-2648.397461
0.403299,1.0,-2648.532227
0.403299,1.0,-2651.517822
0.403299,1.0,-2647.077148
0.403299,1.0,-2646.62915
0.403299,1.0,-2654.849609
0.403299,1.0,-2650.440918
0.403627,1.0,-2656.001465
0.403627,1.0,-2649.439453
0.403089,1.0,-2651.574951
0.404156,1.0,-2652.24707
0.404156,1.0,-2647.682373
0.405273,1.0,-2645.659912
0.405034,1.0,-2650.687012
0.405034,1.0,-2646.660156
0.40524,1.0,-2651.727295
0.40524,1.0,-2654.150879
0.40524,1.0,-2658.341553
0.40524,1.0,-2651.432617
0.40524,1.0,-2655.719482
0.403309,1.0,-2652.466309
0.402245,1.0,-2650.31543
0.401634,1.0,-2650.246338
0.401139,1.0,-2654.18335
0.402259,1.0,-2648.050293
0.400816,1.0,-2646.346191
0.39979,1.0,-2651.119141
0.39979,1.0,-2652.943604
0.399433,1.0,-2652.211426
0.39965,1.0,-2647.532471
0.398539,1.0,-2648.094482
0.398539,1.0,-2654.434814
0.397755,1.0,-2652.801514
0.397755,1.0,-2649.106934
0.397125,1.0,-2643.884521
0.398045,1.0,-2646.138184
0.398045,1.0,-2647.072266
0.398045,1.0,-2648.447754
0.397651,1.0,-2648.612549
0.397651,1.0,-2648.637207
0.397651,1.0,-2654.159424
0.396868,1.0,-2655.693848
0.396137,1.0,-2648.810303
0.397034,1.0,-2650.75293
0.397034,1.0,-2655.141602
0.395233,1.0,-2653.319336
0.394829,1.0,-2652.75293
0.395132,1.0,-2646.251953
0.395132,1.0,-2647.3479
0.395132,1.0,-2646.711182
0.395132,1.0,-2648.734375
0.395186,1.0,-2648.143799
0.395186,1.0,-2641.533936
0.396344,1.0,-2644.960938
0.396344,1.0,-2646.528076
0.396344,1.0,-2648.003174
0.396344,1.0,-2645.884766
0.396344,1.0,-2649.547852
0.396344,1.0,-2650.919189
0.396811,1.0,-2643.822266
0.396811,1.0,-2647.750488
0.396945,1.0,-2648.433105
0.396712,1.0,-2646.192383
0.396712,1.0,-2651.180176
0.397478,1.0,-2643.913574
0.397478,1.0,-2641.730957
0.398221,1.0,-2646.669922
0.398221,1.0,-2649.490234
0.397232,1.0,-2652.995605
0.397232,1.0,-2647.759766
0.396015,1.0,-2651.199707
0.39665,1.0,-2643.92041
0.396095,1.0,-2642.941162
0.396249,1.0,-2646.572754
0.397683,1.0,-2645.206055
0.397683,1.0,-2651.989014
0.397683,1.0,-2647.188965
0.397722,1.0,-2649.086426
0.397722,1.0,-2647.698486
0.397973,1.0,-2659.02002
0.397632,1.0,-2651.562012
0.397632,1.0,-2647.018555
0.39764,1.0,-2648.252686
0.397522,1.0,-2646.363037
0.397649,1.0,-2650.520264
0.397171,1.0,-2651.92627
0.397171,1.0,-2645.838867
0.396212,1.0,-2652.476074
0.395484,1.0,-2643.118652
0.395484,1.0,-2649.345703
0.395484,1.0,-2646.914551
0.395484,1.0,-2645.567139
0.395774,1.0,-2651.289062
0.395774,1.0,-2645.15625
0.395774,1.0,-2648.744629
0.395774,1.0,-2650.913818
0.39579,1.0,-2649.549805
0.39579,1.0,-2643.510254
0.39579,1.0,-2652.264648
0.394479,1.0,-2647.535156
0.394479,1.0,-2645.062988
0.394916,1.0,-2644.003906
0.394916,1.0,-2645.612793
0.394916,1.0,-2650.220215
0.394916,1.0,-2645.539551
0.394916,1.0,-2647.944336
0.394916,1.0,-2647.935059
0.394056,1.0,-2644.579102
0.39357,1.0,-2648.066162
0.39357,1.0,-2648.362305
0.39357,1.0,-2647.21582
0.393185,1.0,-2643.964355
0.393185,1.0,-2647.339844
0.393185,1.0,-2642.12793
0.393185,1.0,-2642.390137
0.393221,1.0,-2645.201416
0.393221,1.0,-2642.503418
0.393221,1.0,-2646.993164
0.393221,1.0,-2645.932129
0.393221,1.0,-2645.765625
0.393221,1.0,-2647.416504
0.393221,1.0,-2648.68335
0.393119,1.0,-2649.125977
0.393241,1.0,-2645.448486
0.393241,1.0,-2649.207764
0.394062,1.0,-2644.763672
0.394062,1.0,-2648.743652
0.394062,1.0,-2648.185547
0.393007,1.0,-2649.285645
0.393007,1.0,-2644.435547
0.393007,1.0,-2648.601318
0.393007,1.0,-2645.855957
0.393007,1.0,-2643.306152
0.393007,1.0,-2648.328369
0.394417,1.0,-2644.081543
0.395122,1.0,-2647.724121
0.395122,1.0,-2646.49707
0.392518,1.0,-2643.770996
0.392518,1.0,-2646.451172
0.392518,1.0,-2653.446777
0.392518,1.0,-2653.594238
0.394434,1.0,-2649.188477
0.395403,1.0,-2652.866455
0.39297,1.0,-2646.933594
0.392523,1.0,-2647.911377
0.392372,1.0,-2648.238037
0.392372,1.0,-2645.098145
0.392747,1.0,-2652.604004
0.392747,1.0,-2647.677002
0.392747,1.0,-2643.634766
0.392747,1.0,-2650.956055
0.392747,1.0,-2653.557617
0.392747,1.0,-2650.867676
0.392525,1.0,-2643.771484
0.392525,1.0,-2649.339355
0.394383,1.0,-2644.37793
0.393607,1.0,-2646.576416
0.391952,1.0,-2649.149414
0.391312,1.0,-2649.672852
0.391312,1.0,-2644.45752
0.391312,1.0,-2642.155762
0.392146,1.0,-2651.30957
0.391258,1.0,-2650.28125
0.391258,1.0,-2648.182373
0.390877,1.0,-2647.413574
0.390877,1.0,-2650.807129
0.390877,1.0,-2646.489014
0.389918,1.0,-2646.224854
0.389708,1.0,-2645.891357
0.389293,1.0,-2644.334229
0.389568,1.0,-2640.938477
0.389568,1.0,-2644.046387
0.389837,1.0,-2643.596436
0.391186,1.0,-2646.495605
0.390924,1.0,-2647.080078
0.391358,1.0,-2648.909668
0.39067,1.0,-2642.815674
0.392194,1.0,-2644.319824
0.392194,1.0,-2652.055664
0.392194,1.0,-2645.416016
0.391313,1.0,-2649.552002
0.391592,1.0,-2646.469971
0.391705,1.0,-2647.657715
0.392477,1.0,-2649.062012
0.393645,1.0,-2649.919434
0.393716,1.0,-2648.317383
0.393716,1.0,-2646.937988
0.393716,1.0,-2644.849609
0.394083,1.0,-2645.47168
0.394083,1.0,-2647.18457
0.394957,1.0,-2649.688477
0.395177,1.0,-2651.13623
0.395177,1.0,-2651.494385
0.395177,1.0,-2647.256104
0.395096,1.0,-2647.350342
0.395096,1.0,-2653.196533
0.395096,1.0,-2647.069092
0.395096,1.0,-2645.109863
0.39495,1.0,-2646.246094
0.39495,1.0,-2648.465088
0.396199,1.0,-2649.75415
0.395876,1.0,-2646.563477
0.395253,1.0,-2650.449463
0.396122,1.0,-2649.543945
0.395814,1.0,-2647.910645
0.39409,1.0,-2653.75293
0.39356,1.0,-2645.05957
0.394554,1.0,-2650.033691
0.393519,1.0,-2650.746582
0.394782,1.0,-2653.851074
0.394782,1.0,-2645.641602
0.395044,1.0,-2646.311035
0.395044,1.0,-2651.199219
0.39397,1.0,-2647.616943
0.39397,1.0,-2650.050293
0.39397,1.0,-2650.210449
0.39397,1.0,-2648.013184
0.394673,1.0,-2648.687012
0.395052,1.0,-2644.890625
0.395441,1.0,-2652.177246
0.393919,1.0,-2648.836914
0.392972,1.0,-2651.245605
0.393558,1.0,-2640.265625
0.393332,1.0,-2642.057617
0.393737,1.0,-2647.328613
0.393737,1.0,-2644.006836
0.393182,1.0,-2650.13916
0.393182,1.0,-2643.57666
0.390917,1.0,-2646.287109
0.390917,1.0,-2638.958496
0.390226,1.0,-2643.792969
0.390902,1.0,-2647.459473
0.390902,1.0,-2643.924316
0.390902,1.0,-2647.208008
0.390934,1.0,-2644.79541
0.390934,1.0,-2641.747803
0.391418,1.0,-2651.047852
0.391418,1.0,-2645.080811
0.390847,1.0,-2646.092285
0.390847,1.0,-2646.849365
0.391767,1.0,-2646.792725
0.390316,1.0,-2650.689453
0.390316,1.0,-2645.953369
0.390316,1.0,-2645.912109
0.389397,1.0,-2651.038818
0.389397,1.0,-2642.583252
0.389397,1.0,-2649.066895
0.389397,1.0,-2645.104492
0.388394,1.0,-2645.740723
0.386227,1.0,-2645.254639
0.386227,1.0,-2639.35498
0.387057,1.0,-2645.015137
0.386885,1.0,-2644.518555
0.386464,1.0,-2642.64209
0.385442,1.0,-2644.923096
0.385442,1.0,-2651.000488
0.386509,1.0,-2646.685303
0.386509,1.0,-2642.644043
0.386502,1.0,-2647.477539
0.386502,1.0,-2645.380371
0.386502,1.0,-2647.026855
0.386502,1.0,-2642.211914
0.385631,1.0,-2646.948975
0.384378,1.0,-2645.069336
0.384378,1.0,-2636.021973
0.385075,1.0,-2640.306641
0.385075,1.0,-2641.256836
0.385075,1.0,-2638.696533
0.383686,1.0,-2646.062012
0.383296,1.0,-2642.47998
0.383296,1.0,-2641.42627
0.3846,1.0,-2642.781738
0.383341,1.0,-2641.220215
0.383341,1.0,-2639.346191
0.382937,1.0,-2641.196777
0.382514,1.0,-2649.608887
0.382514,1.0,-2646.735352
0.380539,1.0,-2641.459473
0.379577,1.0,-2643.962891
0.379246,1.0,-2646.875
0.379065,1.0,-2642.887695
0.379365,1.0,-2642.539551
0.379365,1.0,-2641.58252
0.379365,1.0,-2643.753174
0.38141,1.0,-2644.072754
0.381256,1.0,-2641.540527
0.382158,1.0,-2646.269043
0.382158,1.0,-2648.038818
0.381865,1.0,-2643.012207
0.381865,1.0,-2641.846191
0.381865,1.0,-2641.987793
0.381942,1.0,-2639.219971
0.379885,1.0,-2640.094238
0.378524,1.0,-2643.075928
0.378524,1.0,-2638.164551
0.377958,1.0,-2642.759521
0.37767,1.0,-2639.983887
0.378151,1.0,-2634.032227
0.378151,1.0,-2640.884766
0.378151,1.0,-2636.915527
0.377186,1.0,-2648.07959
0.376937,1.0,-2638.381836
0.376712,1.0,-2644.171143
0.376024,1.0,-2645.116455
0.376024,1.0,-2643.460449
0.376024,1.0,-2647.099854
0.376043,1.0,-2647.858398
0.376768,1.0,-2640.164551
0.378498,1.0,-2644.447754
0.379967,1.0,-2639.014893
0.378085,1.0,-2650.129883
0.378085,1.0,-2644.053223
0.378085,1.0,-2645.008057
0.378085,1.0,-2640.765137
0.379288,1.0,-2642.103516
0.379068,1.0,-2641.865723
0.37911,1.0,-2645.523438
0.377883,1.0,-2643.806885
0.378886,1.0,-2642.382568
0.378886,1.0,-2645.889404
0.378519,1.0,-2641.970703
0.377227,1.0,-2639.818848
0.378014,1.0,-2639.460205
0.379218,1.0,-2637.949219
0.379218,1.0,-2642.683594
0.377924,1.0,-2637.651611
0.378615,1.0,-2644.295654
0.378615,1.0,-2639.016602
0.379987,1.0,-2645.576172
0.379987,1.0,-2643.358887
0.379987,1.0,-2642.782959
0.379987,1.0,-2640.432617
0.379811,1.0,-2639.513184
0.379387,1.0,-2639.837158
0.378917,1.0,-2640.34375
0.379053,1.0,-2639.333008
0.379415,1.0,-2639.681641
0.379415,1.0,-2638.681152
0.379389,1.0,-2643.951904
0.37922,1.0,-2640.69873
0.37922,1.0,-2644.483887
0.379517,1.0,-2647.214355
0.380384,1.0,-2643.820312
0.380384,1.0,-2636.837158
0.380384,1.0,-2641.793701
0.380384,1.0,-2644.018066
0.381856,1.0,-2643.049316
0.382101,1.0,-2648.377441
0.381851,1.0,-2646.128418
0.381851,1.0,-2641.509277
0.381752,1.0,-2639.314941
0.381752,1.0,-2640.851318
0.381752,1.0,-2641.470215
0.381752,1.0,-2641.485352
0.383093,1.0,-2641.327637
0.383093,1.0,-2642.930664
0.383093,1.0,-2641.16333
0.384572,1.0,-2645.079834
0.384572,1.0,-2647.263184
0.384572,1.0,-2643.907959
0.384572,1.0,-2644.739258
0.383234,1.0,-2647.298828
0.383234,1.0,-2645.259766
0.383234,1.0,-2638.01416
0.384114,1.0,-2645.7771
0.384114,1.0,-2644.276855
0.384103,1.0,-2644.743896
0.384103,1.0,-2641.81958
0.384103,1.0,-2639.494385
0.384646,1.0,-2644.070801
0.38625,1.0,-2645.175781
0.386943,1.0,-2647.294922
0.386943,1.0,-2646.591797
0.386943,1.0,-2647.599609
0.386943,1.0,-2641.749512
0.387573,1.0,-2644.040039
0.387573,1.0,-2646.421143
0.387573,1.0,-2646.837891
0.387573,1.0,-2643.033691
0.388247,1.0,-2642.369873
0.388247,1.0,-2644.468262
0.389646,1.0,-2646.678711
0.389646,1.0,-2648.046387
0.389807,1.0,-2641.6875
0.389807,1.0,-2641.183105
0.389807,1.0,-2646.000977
0.389953,1.0,-2647.341797
0.389953,1.0,-2644.237305
0.390903,1.0,-2649.765625
0.390903,1.0,-2642.505371
0.390903,1.0,-2645.415283
0.390779,1.0,-2642.113281
0.390237,1.0,-2649.1875
0.390237,1.0,-2646.369385
0.389889,1.0,-2648.390869
0.389416,1.0,-2643.497314
0.39029,1.0,-2643.12793
0.39029,1.0,-2640.08374
0.389247,1.0,-2647.132812
0.390612,1.0,-2643.828613
0.389762,1.0,-2641.833252
0.389762,1.0,-2643.653076
0.389762,1.0,-2645.641602
0.3884,1.0,-2648.257324
0.3884,1.0,-2640.99707
0.387829,1.0,-2638.084961
0.387829,1.0,-2644.975586
0.387923,1.0,-2643.869385
0.388032,1.0,-2643.730469
0.388786,1.0,-2641.837402
0.388419,1.0,-2643.727295
0.388419,1.0,-2642.671143
0.388419,1.0,-2651.847412
0.388603,1.0,-2643.928711
0.391457,1.0,-2649.341309
0.391457,1.0,-2643.672363
0.391457,1.0,-2652.751953
0.390884,1.0,-2642.908691
0.390884,1.0,-2646.58252
0.390884,1.0,-2642.673584
0.390884,1.0,-2643.019287
0.392375,1.0,-2647.505371
0.392375,1.0,-2647.313721
0.390456,1.0,-2640.27002
0.390456,1.0,-2651.792969
0.39031,1.0,-2639.480225
0.39031,1.0,-2642.044189
0.39031,1.0,-2647.725586
0.39031,1.0,-2647.898438
0.389731,1.0,-2644.759277
0.389731,1.0,-2641.821777
0.389023,1.0,-2646.155273
0.38879,1.0,-2646.328857
0.390733,1.0,-2640.846436
0.391364,1.0,-2646.61377
0.39207,1.0,-2649.319824
0.39207,1.0,-2642.095459
0.39207,1.0,-2654.027344
0.39207,1.0,-2647.606689
0.39207,1.0,-2640.166504
0.39207,1.0,-2640.331055
0.391045,1.0,-2652.691406
0.391045,1.0,-2646.68457
0.390893,1.0,-2645.47583
0.390893,1.0,-2647.254395
0.389734,1.0,-2641.554443
0.38857,1.0,-2647.863281
0.388021,1.0,-2643.240723
0.388021,1.0,-2645.431152
0.388021,1.0,-2642.114746
0.388021,1.0,-2646.443848
0.386044,1.0,-2644.588379
0.385219,1.0,-2640.644531
0.385219,1.0,-2644.554688
0.385219,1.0,-2644.210449
0.383698,1.0,-2643.982422
0.382863,1.0,-2644.498779
0.381292,1.0,-2643.191406
0.38299,1.0,-2647.270264
0.382937,1.0,-2638.786621
0.382937,1.0,-2642.785645
0.382937,1.0,-2642.145996
0.382937,1.0,-2649.345215
0.382937,1.0,-2645.113281
0.382937,1.0,-2645.296143
0.383901,1.0,-2643.917969
0.384372,1.0,-2646.478027
0.384548,1.0,-2642.499023
0.385452,1.0,-2642.589111
0.385452,1.0,-2640.76709
0.385452,1.0,-2644.011963
0.385452,1.0,-2640.270508
0.385452,1.0,-2639.898682
0.385652,1.0,-2645.564697
0.385652,1.0,-2646.216553
0.385652,1.0,-2638.704346
0.385652,1.0,-2640.782471
0.385652,1.0,-2643.399414
0.387222,1.0,-2644.236816
0.387222,1.0,-2645.867188
0.384853,1.0,-2649.706787
0.38436,1.0,-2646.596191
0.38532,1.0,-2643.388184
0.38532,1.0,-2646.230957
0.38532,1.0,-2639.634521
0.384224,1.0,-2645.047363
0.386724,1.0,-2644.281006
0.386622,1.0,-2641.98877
0.387072,1.0,-2646.625244
0.386738,1.0,-2643.635254
0.387116,1.0,-2641.915527
0.387116,1.0,-2647.51123
0.386077,1.0,-2645.184082
0.386077,1.0,-2644.408691
0.386957,1.0,-2643.944336
0.388207,1.0,-2647.468262
0.387732,1.0,-2643.214355
0.387732,1.0,-2648.76123
0.387732,1.0,-2642.938965
0.387732,1.0,-2638.94873
0.387732,1.0,-2644.647461
0.387732,1.0,-2650.442383
0.387322,1.0,-2644.968994
0.386219,1.0,-2645.378174
0.386328,1.0,-2644.265381
0.387671,1.0,-2648.062988
0.385367,1.0,-2644.415039
0.385367,1.0,-2650.808838
0.385367,1.0,-2643.644531
0.385367,1.0,-2646.029785
0.385666,1.0,-2644.044678
0.382937,1.0,-2652.94043
0.382572,1.0,-2643.639648
0.382572,1.0,-2643.740723
0.382572,1.0,-2643.575195
0.381749,1.0,-2645.815186
0.381287,1.0,-2642.723389
0.381286,1.0,-2649.290771
0.382424,1.0,-2641.125488
0.381835,1.0,-2639.455566
0.382454,1.0,-2645.72998
0.3808,1.0,-2647.38623
0.38096,1.0,-2641.043945
0.381016,1.0,-2642.694336
0.381016,1.0,-2642.855225
0.381016,1.0,-2638.741455
0.379006,1.0,-2640.509033
0.379006,1.0,-2642.766602
0.378068,1.0,-2642.0979
0.378068,1.0,-2643.047607
0.378068,1.0,-2641.358887
0.377577,1.0,-2643.751953
0.375968,1.0,-2641.611816
0.377605,1.0,-2641.09375
0.377605,1.0,-2639.799561
0.376804,1.0,-2642.340332
0.375658,1.0,-2641.925781
0.376405,1.0,-2642.727783
0.376405,1.0,-2642.26001
0.37643,1.0,-2647.032227
0.375273,1.0,-2637.42749
0.375273,1.0,-2644.944336
0.374613,1.0,-2639.193115
0.374613,1.0,-2639.586426
0.3739,1.0,-2636.557617
0.373971,1.0,-2643.852051
0.374081,1.0,-2642.69043
0.374081,1.0,-2640.5896
0.374524,1.0,-2641.987793
0.377111,1.0,-2639.26123
0.377171,1.0,-2644.47998
0.377171,1.0,-2642.864746
0.377152,1.0,-2640.837402
0.375496,1.0,-2641.438965
0.375496,1.0,-2643.943604
0.376012,1.0,-2639.911865
0.376012,1.0,-2642.104492
0.375348,1.0,-2633.115723
0.375348,1.0,-2644.576904
0.374947,1.0,-2643.927734
0.374947,1.0,-2640.339844
0.374947,1.0,-2641.609619
0.374947,1.0,-2640.115234
0.375131,1.0,-2637.065674
0.375131,1.0,-2644.174316
0.375131,1.0,-2636.848389
0.375131,1.0,-2646.375977
0.375131,1.0,-2641.177002
0.375131,1.0,-2638.152832
0.375131,1.0,-2643.585449
0.373257,1.0,-2639.979492
0.374866,1.0,-2638.845947
0.374866,1.0,-2643.849609
0.374656,1.0,-2638.24292
0.374656,1.0,-2636.229004
0.372958,1.0,-2641.880859
0.373418,1.0,-2649.815918
0.373418,1.0,-2641.748291
0.374399,1.0,-2637.609131
0.374707,1.0,-2646.172363
0.374312,1.0,-2638.522949
0.374312,1.0,-2644.750488
0.374312,1.0,-2638.085693
0.374312,1.0,-2640.569824
0.374876,1.0,-2642.794922
0.374876,1.0,-2641.250488
0.374876,1.0,-2643.333496
0.374643,1.0,-2641.675537
0.374085,1.0,-2640.928711
0.374085,1.0,-2640.071289
0.374085,1.0,-2644.163574
0.372135,1.0,-2643.336426
0.372387,1.0,-2644.941406
0.372387,1.0,-2641.34668
0.37161,1.0,-2642.41626
0.372187,1.0,-2642.99585
0.371733,1.0,-2638.531738
0.371733,1.0,-2641.436523
0.371395,1.0,-2642.609619
0.371395,1.0,-2640.339844
0.373428,1.0,-2639.946777
0.372489,1.0,-2641.658447
0.372489,1.0,-2638.700684
0.372489,1.0,-2641.149414
0.371568,1.0,-2638.384033
0.370491,1.0,-2643.975098
0.370491,1.0,-2638.656738
0.370491,1.0,-2640.864746
0.369621,1.0,-2644.460205
0.369977,1.0,-2638.948242
0.370136,1.0,-2646.315918
0.369043,1.0,-2640.215332
0.368522,1.0,-2638.166504
0.369903,1.0,-2643.396973
0.370157,1.0,-2641.401611
0.370157,1.0,-2642.688477
0.370157,1.0,-2646.9375
0.370157,1.0,-2638.519043
0.369806,1.0,-2638.260742
0.368737,1.0,-2640.80835
0.368737,1.0,-2640.129883
0.368838,1.0,-2640.231445
0.367602,1.0,-2638.612549
0.367602,1.0,-2639.657227
0.368079,1.0,-2641.385498
0.367803,1.0,-2641.651367
0.367512,1.0,-2641.630371
0.368586,1.0,-2634.542236
0.368586,1.0,-2643.157715
0.368517,1.0,-2642.516113
0.368517,1.0,-2644.646973
0.36768,1.0,-2643.239258
0.368163,1.0,-2642.077148
0.368163,1.0,-2641.455078
0.367045,1.0,-2638.164062
0.367252,1.0,-2641.716064
0.367252,1.0,-2642.044434
0.365251,1.0,-2643.529297
0.365377,1.0,-2640.927734
0.364952,1.0,-2634.387207
0.36458,1.0,-2638.59375
0.365245,1.0,-2634.38916
0.366187,1.0,-2639.463867
0.366806,1.0,-2635.908447
0.366806,1.0,-2639.442871
0.366238,1.0,-2646.128906
0.368511,1.0,-2643.392578
0.368511,1.0,-2636.130127
0.368083,1.0,-2638.956299
0.368083,1.0,-2635.52124
0.367143,1.0,-2643.458496
0.367822,1.0,-2642.516113
0.369068,1.0,-2637.975342
0.369068,1.0,-2641.029785
0.369068,1.0,-2636.331055
0.369068,1.0,-2643.388428
0.368598,1.0,-2642.753906
0.369253,1.0,-2643.788574
0.369557,1.0,-2640.416504
0.369612,1.0,-2644.049805
0.370447,1.0,-2641.895264
0.370878,1.0,-2646.446289
0.370878,1.0,-2643.944092
0.370243,1.0,-2640.44873
0.370555,1.0,-2642.147461
0.370555,1.0,-2642.49585
0.370555,1.0,-2638.961914
0.370555,1.0,-2635.150635
0.370555,1.0,-2636.545898
0.370555,1.0,-2641.564453
0.371695,1.0,-2642.578857
0.371102,1.0,-2636.156982
0.371102,1.0,-2642.742432
0.370069,1.0,-2637.250488
0.370069,1.0,-2639.097168
0.371047,1.0,-2643.703613
0.371367,1.0,-2638.852783
0.371367,1.0,-2639.5354
0.371367,1.0,-2640.103516
0.371841,1.0,-2637.922363
0.37281,1.0,-2644.192139
0.373629,1.0,-2644.703369
0.373629,1.0,-2639.170166
0.373629,1.0,-2640.229004
0.373783,1.0,-2639.081787
0.373783,1.0,-2640.231934
0.37301,1.0,-2647.621582
0.37301,1.0,-2641.337402
0.370481,1.0,-2640.855225
0.369826,1.0,-2640.200195
0.369826,1.0,-2640.165527
0.370058,1.0,-2641.107422
0.369711,1.0,-2638.571777
0.369711,1.0,-2645.124512
0.369711,1.0,-2634.154785
0.370078,1.0,-2639.284424
0.369259,1.0,-2644.22168
0.368317,1.0,-2642.320312
0.369578,1.0,-2641.298828
0.370007,1.0,-2638.291748
0.370007,1.0,-2633.956055
0.367924,1.0,-2635.007324
0.367924,1.0,-2636.884277
0.367924,1.0,-2637.574219
0.367295,1.0,-2641.4646
0.367087,1.0,-2637.138672
0.367087,1.0,-2642.819336
0.366677,1.0,-2638.076416
0.366677,1.0,-2645.24707
0.366677,1.0,-2638.303955
0.364786,1.0,-2641.80835
0.363509,1.0,-2638.654297
0.362082,1.0,-2641.122314
0.362082,1.0,-2644.954102
0.362082,1.0,-2634.662109
0.363605,1.0,-2636.47876
0.362835,1.0,-2639.67627
0.362835,1.0,-2635.749756
0.362835,1.0,-2637.723145
0.362835,1.0,-2632.980469
0.362835,1.0,-2641.453613
0.362892,1.0,-2633.644287
0.361468,1.0,-2635.882568
0.361468,1.0,-2645.560303
0.361089,1.0,-2637.79834
0.360108,1.0,-2635.32959
0.360108,1.0,-2638.015381
0.360108,1.0,-2635.676758
0.360108,1.0,-2639.771973
0.359858,1.0,-2639.442871
0.360499,1.0,-2640.856201
0.360064,1.0,-2639.127197
0.360064,1.0,-2634.433594
0.358727,1.0,-2640.490234
0.358727,1.0,-2640.252686
0.358727,1.0,-2638.324707
0.358378,1.0,-2629.266846
0.358831,1.0,-2636.241699
0.358831,1.0,-2638.000488
0.358831,1.0,-2634.762207
0.358831,1.0,-2641.797363
0.359306,1.0,-2634.51416
0.35999,1.0,-2636.849121
0.35999,1.0,-2635.694824
0.359415,1.0,-2637.481445
0.359415,1.0,-2639.026611
0.359415,1.0,-2636.212891
0.358366,1.0,-2637.807617
0.357796,1.0,-2642.292725
0.357796,1.0,-2638.749023
0.357796,1.0,-2641.099365
0.356062,1.0,-2636.783936
0.357262,1.0,-2636.108887
0.357262,1.0,-2642.740234
0.35664,1.0,-2639.460449
0.35664,1.0,-2639.933105
0.35664,1.0,-2639.059326
0.357282,1.0,-2637.281738
0.356597,1.0,-2640.901367
0.356597,1.0,-2633.398438
0.356728,1.0,-2643.184326
0.356728,1.0,-2637.720215
0.356728,1.0,-2638.616211
0.356728,1.0,-2638.677734
0.356728,1.0,-2638.02124
0.358055,1.0,-2635.936523
0.358055,1.0,-2638.35791
0.358618,1.0,-2637.239014
0.358618,1.0,-2633.414795
0.358618,1.0,-2644.362793
0.358021,1.0,-2636.839355
0.359007,1.0,-2634.417969
0.360159,1.0,-2637.168945
0.360159,1.0,-2636.547607
0.360159,1.0,-2636.284912
0.360159,1.0,-2637.736084
0.360159,1.0,-2639.466797
0.360159,1.0,-2638.623047
0.360197,1.0,-2640.995605
0.36071,1.0,-2636.262451
0.360822,1.0,-2646.739502
0.359149,1.0,-2641.403809
0.358647,1.0,-2639.393799
0.358807,1.0,-2643.600586
0.357843,1.0,-2634.608887
0.357843,1.0,-2638.96875
0.358424,1.0,-2642.314697
0.358424,1.0,-2635.019043
0.358424,1.0,-2640.062256
0.356845,1.0,-2636.275879
0.356845,1.0,-2633.450928
0.357553,1.0,-2634.333984
0.357559,1.0,-2638.300049
0.358613,1.0,-2639.696777
0.358077,1.0,-2641.094238
0.358077,1.0,-2637.656738
0.356284,1.0,-2636.921387
0.356284,1.0,-2641.058838
0.356953,1.0,-2640.485352
0.357105,1.0,-2634.269287
0.357105,1.0,-2634.207275
0.358964,1.0,-2637.772949
0.359544,1.0,-2635.46167
0.359711,1.0,-2640.67627
0.359711,1.0,-2641.784668
0.360406,1.0,-2640.671387
0.360406,1.0,-2638.031494
0.36099,1.0,-2639.52124
0.36099,1.0,-2634.864746
0.362348,1.0,-2639.488281
0.3622,1.0,-2634.284668
0.3622,1.0,-2636.098633
0.362193,1.0,-2635.397461
0.36076,1.0,-2635.487549
0.359484,1.0,-2641.233887
0.359774,1.0,-2637.533691
0.358147,1.0,-2637.566895
0.358147,1.0,-2637.578125
0.358219,1.0,-2640.835938
0.357027,1.0,-2635.394043
0.357027,1.0,-2637.264648
0.357377,1.0,-2638.440918
0.357377,1.0,-2641.551758
0.357377,1.0,-2639.162109
0.355741,1.0,-2639.477051
0.356005,1.0,-2633.482178
0.357882,1.0,-2637.068359
0.357882,1.0,-2639.278809
0.357882,1.0,-2640.583252
0.357882,1.0,-2638.281494
0.358957,1.0,-2640.364746
0.357652,1.0,-2638.468018
0.357652,1.0,-2637.843506
0.357737,1.0,-2638.225586
0.358219,1.0,-2637.841309
0.358219,1.0,-2637.782471
0.358219,1.0,-2633.570801
0.358892,1.0,-2635.69043
0.359327,1.0,-2640.958984
0.359253,1.0,-2634.400146
0.359253,1.0,-2643.666504
0.35963,1.0,-2639.62793
0.358636,1.0,-2640.47168
0.357903,1.0,-2639.530518
0.357884,1.0,-2639.633789
0.357884,1.0,-2638.548828
0.358503,1.0,-2633.558105
0.359721,1.0,-2641.349365
0.359721,1.0,-2639.022949
0.359721,1.0,-2637.810059
0.359721,1.0,-2637.57251
0.359747,1.0,-2637.422852
0.359747,1.0,-2640.344238
0.359747,1.0,-2635.289062
0.359747,1.0,-2640.359375
0.358413,1.0,-2638.387695
0.358413,1.0,-2637.091797
0.358413,1.0,-2634.615723
0.358413,1.0,-2639.32666
0.358413,1.0,-2633.524414
0.358649,1.0,-2638.928467
0.358649,1.0,-2634.824219
0.358649,1.0,-2640.727295
0.357962,1.0,-2635.682861
0.358111,1.0,-2643.05957
0.357435,1.0,-2636.612305
0.357435,1.0,-2633.0354
0.357414,1.0,-2645.058594
0.357339,1.0,-2637.170654
0.357339,1.0,-2634.254395
0.357339,1.0,-2634.391357
0.356973,1.0,-2639.699707
0.356973,1.0,-2637.001221
0.356973,1.0,-2635.962402
0.357215,1.0,-2636.364014
0.357387,1.0,-2638.280762
0.358691,1.0,-2637.460449
0.358691,1.0,-2638.28125
0.357366,1.0,-2637.671875
0.357366,1.0,-2637.076172
0.356947,1.0,-2635.398926
0.356947,1.0,-2636.712402
0.356947,1.0,-2639.116699
0.356538,1.0,-2641.61377
0.357056,1.0,-2637.118164
0.357056,1.0,-2638.003418
0.357056,1.0,-2633.87793
0.358336,1.0,-2640.529785
0.35822,1.0,-2641.217285
0.35822,1.0,-2639.794678
0.35822,1.0,-2641.50293
0.357743,1.0,-2639.192383
0.356349,1.0,-2634.186768
0.356399,1.0,-2642.872803
0.356399,1.0,-2638.766113
0.356399,1.0,-2638.730957
0.356399,1.0,-2634.10791
0.357005,1.0,-2641.137695
0.357005,1.0,-2633.749023
0.357005,1.0,-2633.218018
0.356546,1.0,-2645.922119
0.356546,1.0,-2638.191895
0.356546,1.0,-2640.140869
0.356546,1.0,-2636.575684
0.355629,1.0,-2639.464844
0.355153,1.0,-2638.616699
0.355691,1.0,-2640.636475
0.355691,1.0,-2637.014648
0.355691,1.0,-2640.062744
0.355691,1.0,-2639.68042
0.356111,1.0,-2631.813232
0.354626,1.0,-2636.654785
0.354626,1.0,-2631.402344
0.354626,1.0,-2638.673584
0.353853,1.0,-2647.324219
0.353853,1.0,-2639.163574
0.354769,1.0,-2639.893555
0.355229,1.0,-2641.872559
0.355229,1.0,-2637.692383
0.354038,1.0,-2637.367676
0.354765,1.0,-2642.115234
0.354765,1.0,-2637.470703
0.353736,1.0,-2636.496582
0.353337,1.0,-2643.220459
0.353804,1.0,-2639.015625
0.353804,1.0,-2636.772949
0.353804,1.0,-2634.85498
0.353607,1.0,-2642.968262
0.353607,1.0,-2636.117676
0.354004,1.0,-2639.380371
0.354004,1.0,-2636.583252
0.354004,1.0,-2637.128174
0.355247,1.0,-2641.049316
0.355247,1.0,-2635.021973
0.355177,1.0,-2641.027344
0.355177,1.0,-2632.102539
0.356366,1.0,-2639.461914
0.358415,1.0,-2636.552979
0.358415,1.0,-2639.474365
0.359169,1.0,-2638.440918
0.359169,1.0,-2633.062988
0.358822,1.0,-2643.779541
0.358822,1.0,-2636.000732
0.358822,1.0,-2639.01709
0.358822,1.0,-2638.52002
0.358822,1.0,-2636.856689
0.359301,1.0,-2636.947266
0.359301,1.0,-2638.124512
0.359301,1.0,-2630.930176
0.358541,1.0,-2641.302979
0.356634,1.0,-2638.653809
0.357687,1.0,-2638.714355
0.357687,1.0,-2638.183838
0.357687,1.0,-2640.255615
0.357687,1.0,-2636.530273
0.357687,1.0,-2634.311523
0.357634,1.0,-2636.274414
0.358759,1.0,-2636.165039
0.361035,1.0,-2638.460205
0.361035,1.0,-2637.019287
0.361035,1.0,-2636.296387
0.361035,1.0,-2638.404785
0.360728,1.0,-2638.688477
0.361242,1.0,-2638.494629
0.361242,1.0,-2644.711426
0.361242,1.0,-2637.454102
0.360972,1.0,-2643.099609
0.360972,1.0,-2636.160645
0.361078,1.0,-2636.298828
0.361078,1.0,-2637.40625
0.362206,1.0,-2639.531738
0.362404,1.0,-2642.053223
0.362404,1.0,-2630.381592
0.362212,1.0,-2635.782227
0.363032,1.0,-2638.703613
0.363032,1.0,-2639.0
0.363032,1.0,-2639.552002
0.3643,1.0,-2636.370605
0.3643,1.0,-2643.974121
0.36471,1.0,-2634.195557
0.364898,1.0,-2636.719238
0.364898,1.0,-2640.690918
0.364898,1.0,-2638.876953
0.365071,1.0,-2640.721191
0.365527,1.0,-2634.99707
0.36591,1.0,-2644.177246
0.36591,1.0,-2641.442139
0.366196,1.0,-2640.23291
0.366196,1.0,-2640.993164
0.366196,1.0,-2641.018799
0.366868,1.0,-2634.309814
0.36414,1.0,-2641.575195
0.365828,1.0,-2639.495117
0.365828,1.0,-2638.031738
0.366693,1.0,-2638.557129
0.366693,1.0,-2637.618408
0.367491,1.0,-2641.138916
0.367564,1.0,-2639.658203
0.366678,1.0,-2636.695068
0.364751,1.0,-2639.800537
0.364445,1.0,-2639.779297
0.365073,1.0,-2639.393799
0.365073,1.0,-2638.009277
0.365073,1.0,-2637.025391
0.365073,1.0,-2640.288818
0.364969,1.0,-2636.234863
0.364969,1.0,-2639.210938
0.363799,1.0,-2637.286621
0.36327,1.0,-2642.060547
0.36327,1.0,-2639.781494
0.36327,1.0,-2638.554199
0.36327,1.0,-2644.280273
0.36327,1.0,-2636.106445
0.364713,1.0,-2640.151123
0.363415,1.0,-2643.611816
0.36463,1.0,-2640.013184
0.365175,1.0,-2639.010742
0.365175,1.0,-2637.477051
0.363966,1.0,-2635.455566
0.363134,1.0,-2640.78418
0.362751,1.0,-2640.242188
0.363027,1.0,-2642.874512
0.363027,1.0,-2640.678467
0.363027,1.0,-2637.399902
0.36404,1.0,-2637.249512
0.36404,1.0,-2634.939453
0.36404,1.0,-2634.179199
0.363927,1.0,-2639.576172
0.364774,1.0,-2639.75415
0.364774,1.0,-2638.340576
0.364309,1.0,-2641.341309
0.364757,1.0,-2640.432129
0.364149,1.0,-2640.78418
0.364149,1.0,-2640.585938
0.364149,1.0,-2639.265625
0.364149,1.0,-2635.512939
0.364149,1.0,-2638.267578
0.364403,1.0,-2639.137207
0.364019,1.0,-2644.863281
0.364019,1.0,-2634.750977
0.363178,1.0,-2640.876709
0.362103,1.0,-2644.961914
0.360158,1.0,-2637.958008
0.360158,1.0,-2639.876953
0.360077,1.0,-2631.835205
0.361005,1.0,-2637.026611
0.361608,1.0,-2640.001709
0.361608,1.0,-2635.772461
0.361608,1.0,-2632.625732
0.360533,1.0,-2636.861328
0.361281,1.0,-2635.45459
0.361281,1.0,-2639.277344
0.361581,1.0,-2638.036377
0.362295,1.0,-2644.974609
0.362084,1.0,-2637.18335
0.36057,1.0,-2640.077637
0.36057,1.0,-2637.862793
0.360883,1.0,-2638.351562
0.360883,1.0,-2642.967773
0.363086,1.0,-2638.148438
0.362525,1.0,-2638.712402
0.362525,1.0,-2638.250488
0.362861,1.0,-2637.502686
0.362861,1.0,-2642.035156
0.362861,1.0,-2634.234863
0.362861,1.0,-2631.104004
0.362861,1.0,-2639.001709
0.362861,1.0,-2639.762207
0.362861,1.0,-2644.758545
0.362861,1.0,-2639.859863
0.362861,1.0,-2639.293945
0.362492,1.0,-2638.887451
0.362152,1.0,-2639.395996
0.361113,1.0,-2635.838867
0.36173,1.0,-2643.812256
0.361022,1.0,-2637.754395
0.36246,1.0,-2634.511719
0.36246,1.0,-2638.816895
0.361408,1.0,-2636.775879
0.361408,1.0,-2644.268555
0.360689,1.0,-2638.253174
0.360425,1.0,-2639.383789
0.360964,1.0,-2640.928711
0.360304,1.0,-2636.845215
0.360304,1.0,-2642.71582
0.361134,1.0,-2632.378662
0.361134,1.0,-2641.208496
0.362592,1.0,-2642.312988
0.362592,1.0,-2640.150635
0.362592,1.0,-2640.564941
0.361732,1.0,-2639.027344
0.361732,1.0,-2641.584229
0.361732,1.0,-2637.940918
0.361255,1.0,-2644.421143
0.361078,1.0,-2644.224121
0.361078,1.0,-2633.622314
0.361078,1.0,-2635.422363
0.361908,1.0,-2638.641113
0.361355,1.0,-2638.03125
0.361288,1.0,-2636.783691
0.361288,1.0,-2639.041016
0.361288,1.0,-2634.149658
0.361288,1.0,-2637.368164
0.361737,1.0,-2635.538086
0.361737,1.0,-2637.670166
0.361737,1.0,-2636.005127
0.361737,1.0,-2638.537598
0.360891,1.0,-2636.693115
0.361508,1.0,-2639.799561
0.360737,1.0,-2640.455566
0.361419,1.0,-2642.873047
0.361419,1.0,-2642.950195
0.360372,1.0,-2639.77832
0.35875,1.0,-2639.174805
0.358077,1.0,-2637.192383
0.358077,1.0,-2641.506592
0.35776,1.0,-2641.4375
0.35761,1.0,-2638.40918
0.359158,1.0,-2635.480713
0.359158,1.0,-2634.227539
0.357688,1.0,-2642.066895
0.359231,1.0,-2637.714355
0.359231,1.0,-2635.772949
0.359231,1.0,-2635.236816
0.357512,1.0,-2639.128418
0.357512,1.0,-2636.783203
0.359262,1.0,-2638.924561
0.359262,1.0,-2639.368164
0.358296,1.0,-2639.735596
0.358296,1.0,-2639.244873
0.359195,1.0,-2640.917969
0.359195,1.0,-2643.543945
0.359195,1.0,-2638.162598
0.359195,1.0,-2636.912109
0.359922,1.0,-2638.324463
0.359922,1.0,-2638.063477
0.360431,1.0,-2637.452881
0.361188,1.0,-2643.145264
0.361188,1.0,-2641.068359
0.361188,1.0,-2637.02124
0.361188,1.0,-2636.260742
0.361374,1.0,-2639.036133
0.361374,1.0,-2636.14624
0.361011,1.0,-2640.336426
0.361959,1.0,-2640.191895
0.361959,1.0,-2640.51123
0.360116,1.0,-2634.919434
0.360187,1.0,-2640.686523
0.358689,1.0,-2639.051758
0.358689,1.0,-2639.666504
0.357361,1.0,-2640.566895
0.35765,1.0,-2639.823242
0.35765,1.0,-2637.700439
0.35765,1.0,-2638.153076
0.35765,1.0,-2640.089844
0.357938,1.0,-2638.966797
0.357938,1.0,-2638.088867
0.357198,1.0,-2639.87793
0.357834,1.0,-2636.102051
0.357834,1.0,-2641.480713
0.357834,1.0,-2637.857178
0.35672,1.0,-2637.42334
0.35672,1.0,-2637.035889
0.356316,1.0,-2638.087402
0.356316,1.0,-2638.319336
0.357465,1.0,-2644.15332
0.360108,1.0,-2637.54541
0.360108,1.0,-2638.132324
0.360108,1.0,-2641.821777
0.360108,1.0,-2635.539795
0.361457,1.0,-2638.655029
0.359944,1.0,-2639.164062
0.360375,1.0,-2638.542969
0.360375,1.0,-2637.941162
0.361604,1.0,-2635.931152
0.36243,1.0,-2644.355225
0.361779,1.0,-2638.514648
0.362946,1.0,-2638.846191
0.362946,1.0,-2640.802246
0.360845,1.0,-2642.227539
0.360329,1.0,-2639.276611
0.360486,1.0,-2639.25
0.358287,1.0,-2640.723877
0.358287,1.0,-2632.952637
0.358287,1.0,-2634.210449
0.358167,1.0,-2641.226562
0.357213,1.0,-2638.914062
0.356666,1.0,-2638.524414
0.355589,1.0,-2643.123535
0.355589,1.0,-2643.85498
0.355741,1.0,-2637.975586
0.355741,1.0,-2636.06543
0.355741,1.0,-2636.1521
0.354113,1.0,-2636.659424
0.353872,1.0,-2639.489746
0.353872,1.0,-2637.936523
0.353259,1.0,-2633.60791
0.353259,1.0,-2633.571777
0.352853,1.0,-2637.469238
0.351369,1.0,-2638.644043
0.35027,1.0,-2642.280762
0.35027,1.0,-2639.59668
0.350794,1.0,-2638.004395
0.350794,1.0,-2636.309814
0.349577,1.0,-2636.729736
0.349577,1.0,-2639.258789
0.349577,1.0,-2637.956055
0.349577,1.0,-2639.423584
0.349577,1.0,-2642.255127
0.349577,1.0,-2636.25
0.349577,1.0,-2638.367676
0.35184,1.0,-2642.4021
0.351715,1.0,-2640.664551
0.352152,1.0,-2635.426514
0.352152,1.0,-2636.538086
0.352152,1.0,-2640.554443
0.352152,1.0,-2638.545898
0.353801,1.0,-2639.668457
0.352441,1.0,-2636.766602
0.353644,1.0,-2640.741699
0.353644,1.0,-2638.452393
0.353725,1.0,-2639.664551
0.353192,1.0,-2638.323975
0.352364,1.0,-2641.378662
0.352049,1.0,-2640.401855
0.352049,1.0,-2634.52832
0.352049,1.0,-2644.242676
0.352856,1.0,-2639.068848
0.35096,1.0,-2639.991455
0.351672,1.0,-2639.809082
0.350485,1.0,-2638.410156
0.350485,1.0,-2642.153564
0.350485,1.0,-2640.307861
0.350485,1.0,-2634.832764
0.350485,1.0,-2633.956543
0.349059,1.0,-2638.837891
0.349059,1.0,-2638.344482
0.348057,1.0,-2638.098633
0.348903,1.0,-2642.621094
0.348098,1.0,-2638.621094
0.348098,1.0,-2637.026367
0.349434,1.0,-2634.466797
0.347788,1.0,-2638.807861
0.347788,1.0,-2634.222656
0.347788,1.0,-2638.747559
0.346753,1.0,-2637.413086
0.34669,1.0,-2636.006836
0.34669,1.0,-2638.112061
0.34669,1.0,-2642.531738
0.347365,1.0,-2640.731689
0.346219,1.0,-2639.570557
0.347372,1.0,-2636.78125
0.347537,1.0,-2640.980957
0.347537,1.0,-2636.873291
0.347864,1.0,-2637.015381
0.347864,1.0,-2641.232666
0.347864,1.0,-2640.816895
0.347864,1.0,-2639.277832
0.346753,1.0,-2638.436523
0.346753,1.0,-2638.268555
0.346753,1.0,-2640.042969
0.346753,1.0,-2637.216553
0.346753,1.0,-2636.993896
0.345684,1.0,-2639.54248
0.345684,1.0,-2640.730469
0.346937,1.0,-2635.705566
0.346937,1.0,-2634.436279
0.346155,1.0,-2633.590576
0.346155,1.0,-2638.158691
0.346155,1.0,-2632.1521
0.34495,1.0,-2639.778809
0.345522,1.0,-2632.44043
0.346443,1.0,-2643.040039
0.345498,1.0,-2638.71875
0.344131,1.0,-2635.781494
0.343307,1.0,-2638.237549
0.342264,1.0,-2635.915283
0.343225,1.0,-2636.286377
0.341428,1.0,-2639.814453
0.341428,1.0,-2638.818115
0.34084,1.0,-2634.869385
0.340729,1.0,-2640.04834
0.340729,1.0,-2637.218506
0.340729,1.0,-2639.562256
0.340729,1.0,-2641.328613
0.340729,1.0,-2640.017822
0.341845,1.0,-2638.45752
0.341845,1.0,-2641.634521
0.341677,1.0,-2633.730957
0.343027,1.0,-2640.063477
0.342366,1.0,-2641.049316
0.34345,1.0,-2639.605225
0.343434,1.0,-2638.681885
0.343626,1.0,-2641.55835
0.342832,1.0,-2634.28418
0.34323,1.0,-2641.304688
0.34323,1.0,-2640.953369
0.34323,1.0,-2639.890869
0.343295,1.0,-2639.811523
0.343295,1.0,-2636.449219
0.343295,1.0,-2637.915527
0.343295,1.0,-2641.107666
0.341664,1.0,-2638.716797
0.341202,1.0,-2641.404297
0.341202,1.0,-2636.075439
0.34084,1.0,-2645.828369
0.34084,1.0,-2639.343506
0.34084,1.0,-2644.572998
0.340458,1.0,-2645.497559
0.339546,1.0,-2638.467529
0.339037,1.0,-2640.805176
0.338703,1.0,-2642.977783
0.338516,1.0,-2637.213623
0.339343,1.0,-2639.546143
0.339343,1.0,-2642.162109
0.339343,1.0,-2637.424805
0.339343,1.0,-2641.179688
0.339343,1.0,-2644.723389
0.341452,1.0,-2642.005859
0.341452,1.0,-2635.755371
0.341452,1.0,-2641.047852
0.341452,1.0,-2637.370117
0.339836,1.0,-2641.442627
0.339836,1.0,-2638.794922
0.339557,1.0,-2638.292236
0.33981,1.0,-2651.157471
0.339778,1.0,-2641.075928
0.338831,1.0,-2638.476074
0.338831,1.0,-2638.50293
0.338831,1.0,-2638.17627
0.338831,1.0,-2639.301514
0.339632,1.0,-2637.724854
0.339747,1.0,-2641.003418
0.3401,1.0,-2644.449219
0.339978,1.0,-2639.060791
0.341421,1.0,-2639.655029
0.341421,1.0,-2643.150635
0.341421,1.0,-2638.46582
0.341066,1.0,-2644.208008
0.340964,1.0,-2646.072266
0.340964,1.0,-2644.98999
0.340907,1.0,-2641.860352
0.340907,1.0,-2638.220703
0.340907,1.0,-2637.704346
0.340907,1.0,-2640.821777
0.340209,1.0,-2642.049805
0.340397,1.0,-2638.996826
0.340397,1.0,-2636.085938
0.340581,1.0,-2641.129395
0.3424,1.0,-2638.119141
0.342583,1.0,-2637.141602
0.342583,1.0,-2640.466309
0.341444,1.0,-2641.098145
0.341444,1.0,-2634.54248
0.341444,1.0,-2641.103271
0.341444,1.0,-2638.581055
0.341649,1.0,-2638.01001
0.341649,1.0,-2639.600098
0.339865,1.0,-2637.658203
0.339865,1.0,-2644.173828
0.339865,1.0,-2638.791748
0.339207,1.0,-2643.171875
0.339207,1.0,-2637.695312
0.339207,1.0,-2641.548584
0.340138,1.0,-2637.641602
0.337894,1.0,-2638.465332
0.337173,1.0,-2643.782227
0.335428,1.0,-2640.07666
0.335102,1.0,-2640.413574
0.335276,1.0,-2636.041016
0.335276,1.0,-2639.990723
0.335276,1.0,-2642.231934
0.335634,1.0,-2644.85791
0.33608,1.0,-2643.324951
0.33608,1.0,-2639.1521
0.334858,1.0,-2643.302734
0.334858,1.0,-2645.607422
0.33614,1.0,-2642.304932
0.33614,1.0,-2640.60791
0.336603,1.0,-2643.229736
0.336603,1.0,-2641.05249
0.335676,1.0,-2641.915771
0.333984,1.0,-2637.222412
0.333847,1.0,-2640.12085
0.333847,1.0,-2640.506348
0.333037,1.0,-2641.473145
0.331079,1.0,-2643.845215
0.331922,1.0,-2641.501953
0.333046,1.0,-2643.082275
0.33122,1.0,-2640.254395
0.330456,1.0,-2643.023926
0.330456,1.0,-2644.539551
0.330456,1.0,-2643.848633
0.331187,1.0,-2642.636963
0.328763,1.0,-2642.238281
0.328232,1.0,-2640.208496
0.32972,1.0,-2640.272705
0.330096,1.0,-2645.842773
0.328608,1.0,-2644.916016
0.328403,1.0,-2642.03418
0.328403,1.0,-2642.823975
0.326875,1.0,-2641.294434
0.325926,1.0,-2643.870605
0.325602,1.0,-2645.37207
0.326521,1.0,-2648.894287
0.325455,1.0,-2650.756348
0.324987,1.0,-2648.808838
0.324987,1.0,-2642.136719
0.324792,1.0,-2644.839355
0.324792,1.0,-2648.916992
0.324792,1.0,-2646.604004
0.323328,1.0,-2648.915039
0.323911,1.0,-2648.878906
0.324593,1.0,-2644.749512
0.324593,1.0,-2648.912109
0.324593,1.0,-2645.949707
0.323897,1.0,-2645.975586
0.324211,1.0,-2644.375732
0.324211,1.0,-2645.878906
0.325863,1.0,-2644.839844
0.326662,1.0,-2647.403076
0.326662,1.0,-2646.873535
0.326697,1.0,-2647.164551
0.326697,1.0,-2645.726562
0.326784,1.0,-2649.67041
0.326409,1.0,-2640.206543
0.326409,1.0,-2644.119141
0.326409,1.0,-2647.079102
0.326409,1.0,-2641.905518
0.326409,1.0,-2644.31543
0.326409,1.0,-2645.373291
0.326409,1.0,-2647.265137
0.325868,1.0,-2645.581543
0.325868,1.0,-2644.727051
0.326106,1.0,-2646.816895
0.326106,1.0,-2646.571289
0.326106,1.0,-2643.715576
0.326627,1.0,-2650.693359
0.326627,1.0,-2643.209229
0.326627,1.0,-2646.317139
0.326953,1.0,-2647.811035
0.326953,1.0,-2644.181152
0.326953,1.0,-2646.111572
0.326953,1.0,-2648.60791
0.325902,1.0,-2646.828857
0.325902,1.0,-2644.149902
0.325902,1.0,-2643.696777
0.325902,1.0,-2643.915771
0.327309,1.0,-2639.441162
0.326861,1.0,-2644.530762
0.326838,1.0,-2644.952148
0.326838,1.0,-2648.296387
0.326838,1.0,-2640.111816
0.326648,1.0,-2642.92334
0.324648,1.0,-2650.903076
0.324173,1.0,-2647.644043
0.324173,1.0,-2641.751465
0.32514,1.0,-2645.156738
0.32514,1.0,-2642.946289
0.322958,1.0,-2645.892578
0.324102,1.0,-2646.678955
0.32324,1.0,-2648.288086
0.32324,1.0,-2644.662598
0.32324,1.0,-2647.020508
0.32324,1.0,-2647.379883
0.324712,1.0,-2652.624512
0.325327,1.0,-2648.293457
0.326798,1.0,-2645.895752
0.328217,1.0,-2647.74292
0.327721,1.0,-2643.073486
0.327721,1.0,-2644.214355
0.327721,1.0,-2639.946045
0.327721,1.0,-2642.839355
0.327721,1.0,-2645.276855
0.327721,1.0,-2640.946777
0.327721,1.0,-2643.65625
0.327721,1.0,-2644.466309
0.327721,1.0,-2641.701904
0.327721,1.0,-2646.257568
0.327721,1.0,-2645.124023
0.327721,1.0,-2644.070312
0.328913,1.0,-2643.199707
0.328913,1.0,-2640.895996
0.328987,1.0,-2646.31665
0.327537,1.0,-2642.766602
0.327537,1.0,-2642.63916
0.32699,1.0,-2649.111328
0.327716,1.0,-2645.311523
0.327716,1.0,-2647.552734
0.327716,1.0,-2642.595703
0.330029,1.0,-2646.321045
0.329956,1.0,-2643.741211
0.329956,1.0,-2644.077637
0.329956,1.0,-2643.571045
0.329956,1.0,-2643.625244
0.329249,1.0,-2638.013184
0.329249,1.0,-2646.503418
0.328893,1.0,-2647.500977
0.328893,1.0,-2646.205811
0.328893,1.0,-2642.753418
0.329366,1.0,-2640.237061
0.32813,1.0,-2644.122803
0.32702,1.0,-2642.053467
0.327067,1.0,-2644.344971
0.327067,1.0,-2643.095703
0.327067,1.0,-2641.168945
0.327968,1.0,-2643.789062
0.328305,1.0,-2649.716064
0.328305,1.0,-2644.393066
0.328305,1.0,-2645.322266
0.327656,1.0,-2643.422363
0.328776,1.0,-2642.018799
0.32691,1.0,-2642.638184
0.325484,1.0,-2646.990723
0.325484,1.0,-2646.898926
0.325446,1.0,-2647.976074
0.326388,1.0,-2645.791504
0.32752,1.0,-2651.124512
0.327883,1.0,-2646.179688
0.327068,1.0,-2642.22168
0.327318,1.0,-2644.352051
0.328328,1.0,-2646.303223
0.326174,1.0,-2643.108154
0.326174,1.0,-2644.48291
0.326174,1.0,-2645.458008
0.327751,1.0,-2644.509521
0.327751,1.0,-2647.510254
0.327751,1.0,-2642.127197
0.328036,1.0,-2644.169922
0.328177,1.0,-2644.957275
0.327277,1.0,-2643.388916
0.327499,1.0,-2647.328613
0.329165,1.0,-2648.437256
0.330912,1.0,-2639.541016
0.331031,1.0,-2641.110352
0.331031,1.0,-2637.574707
0.330488,1.0,-2642.48291
0.330488,1.0,-2646.635498
0.330488,1.0,-2647.29541
0.330488,1.0,-2637.307861
0.330881,1.0,-2636.490234
0.330678,1.0,-2639.74292
0.330342,1.0,-2643.546387
0.32982,1.0,-2644.226318
0.329247,1.0,-2638.311768
0.329694,1.0,-2647.711914
0.330307,1.0,-2646.800293
0.330307,1.0,-2641.189697
0.330307,1.0,-2640.169678
0.329282,1.0,-2643.664062
0.329282,1.0,-2646.692871
0.329282,1.0,-2644.708984
0.330449,1.0,-2639.277832
0.330639,1.0,-2645.109863
0.329452,1.0,-2643.884521
0.329139,1.0,-2643.883057
0.329139,1.0,-2645.784912
0.329139,1.0,-2644.416748
0.329139,1.0,-2636.5625
0.328567,1.0,-2643.484619
0.328567,1.0,-2645.004639
0.328567,1.0,-2642.742432
0.32938,1.0,-2644.053223
0.32938,1.0,-2644.123047
0.330556,1.0,-2644.898438
0.330556,1.0,-2641.751953
0.330207,1.0,-2642.361816
0.328598,1.0,-2644.618896
0.329446,1.0,-2645.637207
0.329446,1.0,-2643.591064
0.329446,1.0,-2642.940674
0.329446,1.0,-2643.751709
0.329597,1.0,-2647.067871
0.329597,1.0,-2640.659668
0.328419,1.0,-2649.599609
0.328768,1.0,-2643.137695
0.328678,1.0,-2646.681152
0.329459,1.0,-2645.372559
0.329662,1.0,-2644.43335
0.329268,1.0,-2643.379883
0.330525,1.0,-2639.481445
0.329226,1.0,-2643.936035
0.329648,1.0,-2644.64502
0.329648,1.0,-2642.085938
0.329648,1.0,-2647.968262
0.328441,1.0,-2642.41333
0.328654,1.0,-2642.64624
0.328654,1.0,-2644.438965
0.328934,1.0,-2640.788086
0.331833,1.0,-2640.950684
0.331088,1.0,-2643.097168
0.331395,1.0,-2639.398682
0.331395,1.0,-2644.382324
0.330312,1.0,-2641.866211
0.330312,1.0,-2643.719238
0.330154,1.0,-2639.858887
0.330325,1.0,-2643.47998
0.330325,1.0,-2641.431152
0.330325,1.0,-2646.412842
0.328677,1.0,-2649.131836
0.326191,1.0,-2642.514648
0.326191,1.0,-2646.864258
0.326191,1.0,-2646.012207
0.3245,1.0,-2646.989014
0.325822,1.0,-2647.791016
0.325822,1.0,-2648.973145
0.325933,1.0,-2645.556152
0.325933,1.0,-2651.555664
0.324739,1.0,-2644.775635
0.324391,1.0,-2644.36084
0.325129,1.0,-2642.51123
0.325129,1.0,-2644.427979
0.325152,1.0,-2647.9104
0.325152,1.0,-2647.134521
0.3243,1.0,-2646.650391
0.3243,1.0,-2644.625
0.3243,1.0,-2643.345703
0.324308,1.0,-2643.10498
0.323021,1.0,-2650.851074
0.323021,1.0,-2645.376465
0.323021,1.0,-2641.941895
0.323021,1.0,-2646.025635
0.323021,1.0,-2648.121338
0.324516,1.0,-2652.447266
0.324516,1.0,-2645.141602
0.325469,1.0,-2644.546143
0.325469,1.0,-2642.770996
0.324835,1.0,-2643.754395
0.324835,1.0,-2645.337158
0.325129,1.0,-2642.589111
0.326183,1.0,-2650.109863
0.327743,1.0,-2638.09082
0.326104,1.0,-2642.97583
0.326104,1.0,-2643.108643
0.326622,1.0,-2645.63916
0.326622,1.0,-2643.219727
0.327026,1.0,-2645.695557
0.325816,1.0,-2649.737549
0.32559,1.0,-2645.338623
0.32559,1.0,-2643.708008
0.32691,1.0,-2643.376953
0.327691,1.0,-2649.538086
0.326804,1.0,-2646.022217
0.326804,1.0,-2647.427734
0.327399,1.0,-2645.21582
0.327468,1.0,-2646.235596
0.328844,1.0,-2647.006836
0.330115,1.0,-2647.120605
0.328641,1.0,-2643.374512
0.328641,1.0,-2642.176758
0.328641,1.0,-2642.177734
0.329628,1.0,-2639.966309
0.329628,1.0,-2647.371094
0.329628,1.0,-2639.783691
0.329119,1.0,-2640.061523
0.329119,1.0,-2642.726807
0.329041,1.0,-2648.346191
0.329123,1.0,-2648.683594
0.328839,1.0,-2638.838135
0.329015,1.0,-2644.734863
0.329015,1.0,-2647.424316
0.33006,1.0,-2643.366211
0.329927,1.0,-2646.584717
0.331039,1.0,-2645.703125
0.331039,1.0,-2641.52832
0.331039,1.0,-2642.501953
0.331039,1.0,-2640.55249
0.3303,1.0,-2644.067383
0.3303,1.0,-2643.117676
0.3303,1.0,-2645.750977
0.332032,1.0,-2639.059326
0.332032,1.0,-2643.929932
0.332032,1.0,-2637.792969
0.331642,1.0,-2642.228027
0.331642,1.0,-2639.476562
0.33061,1.0,-2644.992432
0.329625,1.0,-2645.198486
0.329385,1.0,-2642.25
0.329385,1.0,-2641.008301
0.326982,1.0,-2645.914551
0.327008,1.0,-2644.916016
0.327165,1.0,-2644.423828
0.327232,1.0,-2644.709961
0.32697,1.0,-2649.103516
0.326977,1.0,-2642.212891
0.328148,1.0,-2643.711914
0.326596,1.0,-2644.572998
0.327289,1.0,-2648.131348
0.328343,1.0,-2643.095459
0.328343,1.0,-2644.497314
0.329517,1.0,-2645.131348
0.327065,1.0,-2642.370605
0.327065,1.0,-2645.787109
0.327065,1.0,-2640.369385
0.327065,1.0,-2637.658203
0.326286,1.0,-2645.484619
0.327107,1.0,-2644.18457
0.327107,1.0,-2641.75415
0.327107,1.0,-2649.934082
0.327107,1.0,-2644.464355
0.325501,1.0,-2648.238281
0.326793,1.0,-2643.653809
0.326515,1.0,-2648.923828
0.326361,1.0,-2645.400879
0.326361,1.0,-2649.095459
0.327001,1.0,-2645.697266
0.327001,1.0,-2643.408936
0.327001,1.0,-2645.115234
0.325179,1.0,-2649.233398
0.324776,1.0,-2647.717041
0.324776,1.0,-2643.28125
0.324776,1.0,-2643.020508
0.324722,1.0,-2645.993164
0.324722,1.0,-2646.637207
0.321772,1.0,-2647.789307
0.321772,1.0,-2648.327637
0.321126,1.0,-2643.271973
0.32228,1.0,-2649.552734
0.32228,1.0,-2651.736328
0.32228,1.0,-2655.937012
0.321102,1.0,-2648.759766
0.321102,1.0,-2649.838623
0.32029,1.0,-2650.449707
0.32029,1.0,-2648.480957
0.32029,1.0,-2648.444824
0.32029,1.0,-2645.379395
0.32029,1.0,-2653.76123
0.318061,1.0,-2652.175049
0.318061,1.0,-2653.165527
0.318975,1.0,-2642.637939
0.318834,1.0,-2651.938232
0.318834,1.0,-2649.443359
0.318834,1.0,-2648.951416
0.318834,1.0,-2650.203125
0.320085,1.0,-2651.531738
0.320085,1.0,-2648.770752
0.321983,1.0,-2653.031738
0.321291,1.0,-2650.448242
0.322335,1.0,-2650.373291
0.322335,1.0,-2650.307861
0.322335,1.0,-2644.853027
0.321154,1.0,-2646.426514
0.321989,1.0,-2650.041992
0.321989,1.0,-2645.486328
0.32191,1.0,-2648.679199
0.32191,1.0,-2644.226562
0.32191,1.0,-2648.397949
0.32191,1.0,-2647.443848
0.32191,1.0,-2642.553223
0.32191,1.0,-2648.385986
0.32191,1.0,-2643.72168
0.32191,1.0,-2647.844971
0.32191,1.0,-2648.78418
0.32191,1.0,-2648.433594
0.32191,1.0,-2650.722656
0.32191,1.0,-2644.351318
0.321148,1.0,-2651.682617
0.320116,1.0,-2648.741211
0.320116,1.0,-2650.584229
0.320116,1.0,-2650.547852
0.319621,1.0,-2651.860352
0.319621,1.0,-2649.678711
0.320207,1.0,-2650.830566
0.320207,1.0,-2644.955078
0.319713,1.0,-2645.60498
0.319713,1.0,-2650.363037
0.317523,1.0,-2649.852783
0.317523,1.0,-2646.793701
0.316644,1.0,-2654.254883
0.316964,1.0,-2648.186523
0.316964,1.0,-2651.977295
0.316515,1.0,-2649.770264
0.316515,1.0,-2649.183594
0.316515,1.0,-2650.237549
0.316515,1.0,-2653.386963
0.316173,1.0,-2650.795166
0.317253,1.0,-2650.941895
0.317253,1.0,-2648.740479
0.317311,1.0,-2654.39209
0.317905,1.0,-2651.911133
0.317905,1.0,-2651.645996
0.318051,1.0,-2652.470947
0.318157,1.0,-2652.1521
0.318157,1.0,-2650.378418
0.318157,1.0,-2650.021729
0.316739,1.0,-2650.468262
0.317274,1.0,-2649.871582
0.317274,1.0,-2653.479736
0.31524,1.0,-2655.327881
0.315339,1.0,-2650.086914
0.315339,1.0,-2653.238037
0.315997,1.0,-2651.950928
0.315146,1.0,-2652.485352
0.315279,1.0,-2655.506104
0.314849,1.0,-2651.746826
0.314849,1.0,-2650.896973
0.314533,1.0,-2651.503906
0.315859,1.0,-2655.921143
0.316306,1.0,-2652.126953
0.315857,1.0,-2653.338135
0.315857,1.0,-2653.733398
0.315857,1.0,-2652.178467
0.314868,1.0,-2653.781006
0.314868,1.0,-2648.455566
0.314868,1.0,-2648.972168
0.314587,1.0,-2649.645264
0.316372,1.0,-2650.598389
0.317643,1.0,-2652.315918
0.318859,1.0,-2646.300781
0.318859,1.0,-2650.125
0.318266,1.0,-2653.260742
0.318797,1.0,-2654.438477
0.317877,1.0,-2646.962402
0.317396,1.0,-2652.865479
0.317396,1.0,-2654.717285
0.31632,1.0,-2650.028564
0.316136,1.0,-2656.818848
0.316136,1.0,-2656.430664
0.316136,1.0,-2650.911133
0.316591,1.0,-2654.229004
0.316603,1.0,-2654.975098
0.318222,1.0,-2650.353516
0.317316,1.0,-2655.80957
0.317316,1.0,-2649.905518
0.317736,1.0,-2655.455322
0.317736,1.0,-2652.092285
0.316254,1.0,-2649.793213
0.314334,1.0,-2653.666504
0.316328,1.0,-2654.512451
0.316328,1.0,-2649.412598
0.316328,1.0,-2650.712402
0.315483,1.0,-2651.580566
0.314753,1.0,-2656.478516
0.314753,1.0,-2649.655273
0.314753,1.0,-2661.579102
0.314753,1.0,-2656.778076
0.314557,1.0,-2658.745605
0.314557,1.0,-2657.947266
0.3139,1.0,-2655.359375
0.3139,1.0,-2654.750977
0.3139,1.0,-2659.681152
0.3139,1.0,-2657.060059
0.3139,1.0,-2659.171875
0.312084,1.0,-2655.286377
0.312084,1.0,-2659.94751
0.312084,1.0,-2651.185547
0.312084,1.0,-2660.34668
0.312084,1.0,-2653.854248
0.31377,1.0,-2655.939209
0.315289,1.0,-2652.66626
0.315289,1.0,-2653.862549
0.31518,1.0,-2651.439209
0.31518,1.0,-2651.241699
0.314292,1.0,-2653.02832
0.314424,1.0,-2655.965332
0.313712,1.0,-2656.608154
0.313899,1.0,-2656.486328
0.313899,1.0,-2653.771484
0.314649,1.0,-2653.359863
0.314649,1.0,-2656.64502
0.314649,1.0,-2656.463379
0.315661,1.0,-2653.086914
0.315365,1.0,-2659.05835
0.315365,1.0,-2652.804688
0.315365,1.0,-2652.016602
0.315037,1.0,-2656.158691
0.315037,1.0,-2653.762207
0.315037,1.0,-2653.923096
0.315424,1.0,-2650.844238
0.315424,1.0,-2648.441406
0.315424,1.0,-2651.299805
0.316108,1.0,-2654.931152
0.316108,1.0,-2657.765137
0.315057,1.0,-2656.265137
0.315057,1.0,-2652.59668
0.315102,1.0,-2651.809814
0.316321,1.0,-2653.660156
0.316757,1.0,-2647.356445
0.316757,1.0,-2652.242188
0.316757,1.0,-2651.843506
0.316237,1.0,-2655.365723
0.316237,1.0,-2653.134766
0.316237,1.0,-2650.071777
0.317482,1.0,-2650.28125
0.317349,1.0,-2655.407471
0.317349,1.0,-2651.960938
0.316403,1.0,-2650.726074
0.317412,1.0,-2654.533691
0.317412,1.0,-2651.841797
0.318706,1.0,-2650.131836
0.319286,1.0,-2646.159424
0.319984,1.0,-2654.868896
0.319984,1.0,-2649.69165
0.320334,1.0,-2651.750488
0.319421,1.0,-2645.784424
0.319421,1.0,-2652.478516
0.319421,1.0,-2650.774902
0.319772,1.0,-2649.149658
0.319772,1.0,-2647.41748
0.319772,1.0,-2649.369385
0.318158,1.0,-2649.104492
0.318568,1.0,-2646.406738
0.319625,1.0,-2649.201416
0.317704,1.0,-2650.620117
0.317115,1.0,-2653.797363
0.316809,1.0,-2657.510742
0.31587,1.0,-2653.558105
0.314631,1.0,-2653.261963
0.31322,1.0,-2650.639648
0.313108,1.0,-2650.741211
0.313108,1.0,-2655.440918
0.312949,1.0,-2652.788574
0.312949,1.0,-2654.347656
0.31324,1.0,-2652.285889
0.313371,1.0,-2652.70459
0.313606,1.0,-2655.962158
0.315584,1.0,-2648.180664
0.313797,1.0,-2651.186523
0.313797,1.0,-2658.746094
0.313797,1.0,-2655.014893
0.314894,1.0,-2654.515625
0.314894,1.0,-2655.150391
0.312071,1.0,-2661.620605
0.312702,1.0,-2652.944336
0.312702,1.0,-2652.327637
0.312702,1.0,-2653.398193
0.312702,1.0,-2656.217773
0.314264,1.0,-2659.257812
0.314264,1.0,-2654.552246
0.315001,1.0,-2656.771973
0.314627,1.0,-2656.470215
0.314386,1.0,-2655.237549
0.315859,1.0,-2658.546875
0.315859,1.0,-2656.059082
0.3163,1.0,-2645.234375
0.316109,1.0,-2655.366211
0.316174,1.0,-2652.203125
0.315448,1.0,-2657.013672
0.315653,1.0,-2655.044922
0.315653,1.0,-2652.967285
0.314143,1.0,-2655.754883
0.31493,1.0,-2655.804199
0.316545,1.0,-2651.815918
0.316545,1.0,-2651.949707
0.317108,1.0,-2650.886719
0.317108,1.0,-2650.303467
0.317108,1.0,-2655.48877
0.317108,1.0,-2651.657715
0.317545,1.0,-2652.345947
0.317545,1.0,-2656.077637
0.317545,1.0,-2654.48999
0.317545,1.0,-2648.93335
0.317313,1.0,-2649.71582
0.317313,1.0,-2652.77002
0.314496,1.0,-2660.759521
0.314496,1.0,-2649.872314
0.313411,1.0,-2651.070801
0.313411,1.0,-2651.987549
0.313411,1.0,-2656.792969
0.31382,1.0,-2652.825195
0.313236,1.0,-2655.148438
0.315016,1.0,-2654.755859
0.315016,1.0,-2657.824707
0.314859,1.0,-2656.038574
0.314859,1.0,-2652.884766
0.31458,1.0,-2655.834473
0.315161,1.0,-2654.302002
0.316224,1.0,-2655.571777
0.316224,1.0,-2653.387207
0.314884,1.0,-2652.777832
0.314884,1.0,-2648.411865
0.314543,1.0,-2655.343506
0.314543,1.0,-2653.537598
0.314543,1.0,-2659.269043
0.314543,1.0,-2657.28125
0.314543,1.0,-2653.607666
0.314543,1.0,-2652.448486
0.314543,1.0,-2652.527344
0.315249,1.0,-2656.473145
0.315249,1.0,-2655.142822
0.315996,1.0,-2656.727539
0.316673,1.0,-2656.664795
0.316673,1.0,-2655.727783
0.316723,1.0,-2651.821289
0.317078,1.0,-2656.29834
0.317078,1.0,-2655.186523
0.318581,1.0,-2652.999023
0.319072,1.0,-2650.727295
0.318201,1.0,-2650.276367
0.317581,1.0,-2649.564941
0.318028,1.0,-2652.758789
0.317862,1.0,-2651.229004
0.317862,1.0,-2649.287109
0.318263,1.0,-2653.265137
0.317857,1.0,-2650.771484
0.317857,1.0,-2648.402832
0.317857,1.0,-2652.264893
0.317857,1.0,-2657.828125
0.319369,1.0,-2648.278809
0.320925,1.0,-2648.563721
0.320925,1.0,-2649.409668
0.321405,1.0,-2652.761963
0.321997,1.0,-2645.568359
0.320944,1.0,-2648.617188
0.320944,1.0,-2647.42334
0.320581,1.0,-2647.851074
0.320581,1.0,-2643.266602
0.319697,1.0,-2649.64502
0.319211,1.0,-2651.894287
0.318582,1.0,-2651.313477
0.319535,1.0,-2646.438965
0.319122,1.0,-2647.810547
0.319101,1.0,-2653.306152
0.319101,1.0,-2650.66626
0.319101,1.0,-2651.14624
0.318642,1.0,-2646.565918
0.320178,1.0,-2648.71875
0.319562,1.0,-2650.601074
0.319129,1.0,-2649.327881
0.321052,1.0,-2651.114258
0.321052,1.0,-2652.050049
0.322269,1.0,-2645.638672
0.321925,1.0,-2646.955811
0.32124,1.0,-2649.94873
0.320246,1.0,-2653.804688
0.320246,1.0,-2646.430176
0.320246,1.0,-2648.130859
0.321226,1.0,-2650.743408
0.321226,1.0,-2644.932373
0.321226,1.0,-2646.693848
0.321226,1.0,-2651.195557
0.321226,1.0,-2651.435059
0.321226,1.0,-2646.642334
0.321226,1.0,-2646.23291
0.321226,1.0,-2646.664551
0.321226,1.0,-2651.118896
0.321226,1.0,-2647.928223
0.318781,1.0,-2651.393555
0.318781,1.0,-2645.342285
0.317459,1.0,-2650.179688
0.319141,1.0,-2651.267822
0.320115,1.0,-2650.612793
0.320115,1.0,-2650.496094
0.321172,1.0,-2649.853027
0.321354,1.0,-2649.626465
0.321354,1.0,-2645.5896
0.321354,1.0,-2647.641602
0.321354,1.0,-2654.440186
0.321098,1.0,-2644.844727
0.320451,1.0,-2653.105713
0.321996,1.0,-2650.126953
0.321996,1.0,-2643.873535
0.321996,1.0,-2648.739746
0.320027,1.0,-2647.617188
0.32056,1.0,-2648.031494
0.32056,1.0,-2648.544189
0.32056,1.0,-2651.17749
0.32056,1.0,-2644.437744
0.322157,1.0,-2648.311523
0.319663,1.0,-2652.080811
0.318306,1.0,-2649.02832
0.320648,1.0,-2652.614746
0.321266,1.0,-2652.050537
0.320416,1.0,-2649.74292
0.320416,1.0,-2649.666016
0.320448,1.0,-2647.577637
0.320448,1.0,-2649.845703
0.32119,1.0,-2651.852783
0.321403,1.0,-2645.929688
0.321403,1.0,-2645.622314
0.321403,1.0,-2644.781738
0.321403,1.0,-2649.643555
0.321403,1.0,-2649.859619
0.323066,1.0,-2646.668945
0.323661,1.0,-2644.020264
0.323479,1.0,-2651.49292
0.324209,1.0,-2647.840088
0.321896,1.0,-2650.278564
0.321896,1.0,-2648.095215
0.321311,1.0,-2651.345947
0.321311,1.0,-2650.520752
0.321311,1.0,-2647.613037
0.321733,1.0,-2647.659424
0.321733,1.0,-2648.651855
0.321733,1.0,-2648.643799
0.321733,1.0,-2648.803467
0.320603,1.0,-2651.10376
0.320603,1.0,-2647.730713
0.322312,1.0,-2650.234619
0.322591,1.0,-2647.625977
0.322864,1.0,-2647.669434
0.321739,1.0,-2648.580566
0.321739,1.0,-2646.424316
0.320904,1.0,-2646.092529
0.320904,1.0,-2648.859375
0.322458,1.0,-2650.226562
0.322031,1.0,-2646.909912
0.322732,1.0,-2649.155273
0.322732,1.0,-2647.461914
0.323936,1.0,-2643.464844
0.323936,1.0,-2648.275879
0.323936,1.0,-2645.991699
0.324101,1.0,-2645.149902
0.323621,1.0,-2654.28125
0.323621,1.0,-2644.241699
0.323621,1.0,-2647.154785
0.323621,1.0,-2645.09082
0.324964,1.0,-2646.227539
0.32409,1.0,-2647.884521
0.324186,1.0,-2648.74707
0.325659,1.0,-2647.028809
0.325659,1.0,-2644.557129
0.326479,1.0,-2651.734863
0.325162,1.0,-2648.447266
0.325162,1.0,-2645.681641
0.326766,1.0,-2647.67334
0.326131,1.0,-2639.037842
0.326131,1.0,-2643.289551
0.326802,1.0,-2651.097168
0.327678,1.0,-2644.570801
0.327678,1.0,-2643.403809
0.326026,1.0,-2644.830078
0.325913,1.0,-2645.041992
0.325226,1.0,-2642.193359
0.325195,1.0,-2647.627197
0.324869,1.0,-2642.187988
0.324869,1.0,-2640.558838
0.324869,1.0,-2645.475098
0.32573,1.0,-2653.836426
0.327534,1.0,-2642.715332
0.327534,1.0,-2640.677734
0.327534,1.0,-2648.032715
0.328939,1.0,-2638.723633
0.328356,1.0,-2646.239746
0.328356,1.0,-2641.047363
0.328356,1.0,-2644.21582
0.328356,1.0,-2641.614014
0.328356,1.0,-2647.5625
0.327698,1.0,-2638.935303
0.327698,1.0,-2646.913574
0.327128,1.0,-2645.770752
0.327128,1.0,-2642.672363
0.325442,1.0,-2643.375
0.325442,1.0,-2645.887207
0.325847,1.0,-2647.442871
0.32683,1.0,-2644.513672
0.32683,1.0,-2642.898438
0.327067,1.0,-2640.890625
0.327067,1.0,-2645.680176
0.327067,1.0,-2647.809082
0.327067,1.0,-2642.504883
0.325727,1.0,-2644.219971
0.326892,1.0,-2643.651855
0.327301,1.0,-2646.908203
0.327301,1.0,-2645.903564
0.32677,1.0,-2645.570557
0.325763,1.0,-2644.603516
0.324154,1.0,-2645.383545
0.323861,1.0,-2643.991455
0.324664,1.0,-2645.746094
0.323571,1.0,-2646.393311
0.32268,1.0,-2654.528809
0.322159,1.0,-2648.524902
0.321045,1.0,-2648.994385
0.321045,1.0,-2649.056641
0.32132,1.0,-2649.666016
0.320722,1.0,-2648.934814
0.320722,1.0,-2645.357178
0.318748,1.0,-2654.882324
0.318748,1.0,-2651.881348
0.319607,1.0,-2651.549072
0.319607,1.0,-2645.766113
0.319607,1.0,-2644.808838
0.320205,1.0,-2645.30957
0.320205,1.0,-2649.887695
0.320564,1.0,-2651.252441
0.320618,1.0,-2645.18042
0.320869,1.0,-2649.794922
0.320869,1.0,-2644.851562
0.320869,1.0,-2650.24585
0.321033,1.0,-2646.464355
0.320958,1.0,-2644.705566
0.32015,1.0,-2648.299072
0.32015,1.0,-2652.979492
0.32015,1.0,-2641.829834
0.32015,1.0,-2649.784668
0.319998,1.0,-2651.301514
0.322125,1.0,-2645.988281
0.323829,1.0,-2646.474609
0.323681,1.0,-2646.969727
0.323456,1.0,-2644.595703
0.323456,1.0,-2648.725586
0.324818,1.0,-2647.01001
0.323988,1.0,-2647.442627
0.323988,1.0,-2645.574951
0.323825,1.0,-2647.000244
0.32518,1.0,-2650.097168
0.32518,1.0,-2644.074463
0.32518,1.0,-2645.841064
0.32518,1.0,-2644.248535
0.325631,1.0,-2644.841797
0.325857,1.0,-2649.496094
0.325857,1.0,-2647.356934
0.325857,1.0,-2642.529785
0.327495,1.0,-2645.383789
0.328323,1.0,-2643.611328
0.328924,1.0,-2646.405762
0.327452,1.0,-2640.72168
0.325257,1.0,-2640.396973
0.325257,1.0,-2640.91333
0.325257,1.0,-2644.846191
0.325257,1.0,-2643.244629
0.325257,1.0,-2643.700928
0.324754,1.0,-2646.29834
0.324394,1.0,-2646.427246
0.324572,1.0,-2648.509277
0.324572,1.0,-2646.006348
0.32387,1.0,-2645.61499
0.32387,1.0,-2647.77417
0.325203,1.0,-2647.447021
0.325822,1.0,-2648.740234
0.324933,1.0,-2639.665527
0.324933,1.0,-2641.249023
0.324337,1.0,-2641.533203
0.32379,1.0,-2644.963379
0.32379,1.0,-2643.942383
0.325033,1.0,-2646.155518
0.325033,1.0,-2646.743652
0.325033,1.0,-2645.925293
0.32613,1.0,-2650.893066
0.32613,1.0,-2643.341797
0.327786,1.0,-2645.053711
0.327786,1.0,-2644.074951
0.328795,1.0,-2648.601074
0.329543,1.0,-2646.821777
0.329543,1.0,-2642.294434
0.329543,1.0,-2641.379395
0.32776,1.0,-2644.854736
0.327137,1.0,-2644.220703
0.327137,1.0,-2643.172363
0.327137,1.0,-2645.203613
0.326915,1.0,-2645.105225
0.326281,1.0,-2641.123291
0.324341,1.0,-2646.121338
0.324341,1.0,-2649.791504
0.324341,1.0,-2647.909424
0.32374,1.0,-2647.67627
0.322024,1.0,-2648.377441
0.322024,1.0,-2654.407227
0.322024,1.0,-2652.744629
0.322024,1.0,-2646.666992
0.322024,1.0,-2649.236816
0.321939,1.0,-2651.944824
0.321939,1.0,-2650.977539
0.321433,1.0,-2645.583008
0.321433,1.0,-2648.43042
0.321433,1.0,-2647.851562
0.322671,1.0,-2645.973877
0.324875,1.0,-2643.809082
0.323805,1.0,-2647.718994
0.323281,1.0,-2649.308105
0.323281,1.0,-2643.285156
0.323281,1.0,-2645.219238
0.323036,1.0,-2650.988281
0.323036,1.0,-2647.97998
0.323014,1.0,-2644.480957
0.32322,1.0,-2646.072754
0.324536,1.0,-2642.44165
0.323762,1.0,-2644.532715
0.323762,1.0,-2645.527344
0.323168,1.0,-2646.713379
0.323556,1.0,-2642.116943
0.324343,1.0,-2649.127441
0.323202,1.0,-2648.376465
0.324382,1.0,-2643.45166
0.325202,1.0,-2650.05127
0.327203,1.0,-2646.269043
0.327203,1.0,-2644.186035
0.326286,1.0,-2646.029297
0.326714,1.0,-2646.578125
0.326237,1.0,-2643.998047
0.326237,1.0,-2642.344238
0.326237,1.0,-2647.373535
0.325679,1.0,-2650.290039
0.325679,1.0,-2644.726562
0.325679,1.0,-2648.428711
0.326912,1.0,-2647.02002
0.326076,1.0,-2643.935547
0.325593,1.0,-2641.72168
0.325593,1.0,-2648.128418
0.325593,1.0,-2643.738037
0.325593,1.0,-2637.96582
0.325593,1.0,-2642.373047
0.325361,1.0,-2649.133057
0.325361,1.0,-2645.786621
0.325384,1.0,-2643.423584
0.325384,1.0,-2644.479492
0.325088,1.0,-2641.741943
0.32479,1.0,-2645.823242
0.325577,1.0,-2647.609619
0.326884,1.0,-2647.63501
0.32749,1.0,-2648.410156
0.32749,1.0,-2643.678711
0.325965,1.0,-2648.233887
0.326803,1.0,-2649.343262
0.326803,1.0,-2642.69873
0.326545,1.0,-2643.048828
0.326545,1.0,-2642.792969
0.326545,1.0,-2646.598877
0.326545,1.0,-2644.502197
0.32572,1.0,-2647.906982
0.324823,1.0,-2648.492432
0.325191,1.0,-2649.775391
0.324703,1.0,-2648.358154
0.323659,1.0,-2649.341797
0.324414,1.0,-2641.469238
0.324414,1.0,-2641.589355
0.324414,1.0,-2647.392578
0.323796,1.0,-2650.640625
0.323796,1.0,-2650.147217
0.323796,1.0,-2648.130615
0.32472,1.0,-2647.545898
0.326613,1.0,-2643.790039
0.326613,1.0,-2641.139893
0.326613,1.0,-2647.380371
0.326044,1.0,-2648.264893
0.326044,1.0,-2643.318359
0.326437,1.0,-2644.744873
0.326437,1.0,-2639.128906
0.326437,1.0,-2642.897949
0.326048,1.0,-2647.633789
0.326048,1.0,-2645.832275
0.325127,1.0,-2648.855469
0.323962,1.0,-2647.786133
0.321609,1.0,-2648.616699
0.321609,1.0,-2649.71875
0.321609,1.0,-2647.870117
0.321609,1.0,-2650.292969
0.321609,1.0,-2646.838379
0.321609,1.0,-2644.532227
0.321609,1.0,-2649.512451
0.321609,1.0,-2646.861328
0.321609,1.0,-2649.270996
0.321609,1.0,-2650.195312
0.321609,1.0,-2651.727783
0.32157,1.0,-2651.119629
0.323212,1.0,-2647.726074
0.325114,1.0,-2642.332031
0.325492,1.0,-2641.280762
0.324393,1.0,-2642.60498
0.324393,1.0,-2647.046143
0.324393,1.0,-2650.04834
0.322827,1.0,-2649.092773
0.322827,1.0,-2644.028809
0.323891,1.0,-2645.279297
0.325535,1.0,-2648.772461
0.32576,1.0,-2648.519043
0.32576,1.0,-2649.62793
0.325302,1.0,-2644.591309
0.325302,1.0,-2641.571289
0.325302,1.0,-2639.492188
0.323869,1.0,-2649.322754
0.322738,1.0,-2649.220703
0.323328,1.0,-2653.489746
0.323328,1.0,-2647.407959
0.323866,1.0,-2647.244629
0.323866,1.0,-2640.191895
0.323866,1.0,-2646.119629
0.323428,1.0,-2640.820312
0.323428,1.0,-2641.586182
0.323298,1.0,-2650.278564
0.323209,1.0,-2645.516357
0.323209,1.0,-2649.810303
0.322827,1.0,-2649.437988
0.322713,1.0,-2644.224609
0.322713,1.0,-2649.146973
0.322713,1.0,-2646.158691
0.322713,1.0,-2646.279785
0.323786,1.0,-2647.704102
0.324216,1.0,-2644.683105
0.324216,1.0,-2644.776855
0.325737,1.0,-2645.182129
0.326442,1.0,-2641.55957
0.326442,1.0,-2644.730469
0.326442,1.0,-2643.811035
0.325501,1.0,-2647.641113
0.324944,1.0,-2647.275879
0.325019,1.0,-2647.551514
0.326314,1.0,-2646.451416
0.326314,1.0,-2645.332031
0.327236,1.0,-2642.795654
0.326824,1.0,-2644.696777
0.325803,1.0,-2648.804443
0.325803,1.0,-2647.179688
0.325803,1.0,-2642.634766
0.325043,1.0,-2649.556396
0.325043,1.0,-2645.83252
0.32623,1.0,-2646.894775
0.327443,1.0,-2641.918701
0.327443,1.0,-2640.945801
0.327443,1.0,-2644.480225
0.326651,1.0,-2647.709961
0.326651,1.0,-2643.905273
0.326651,1.0,-2648.12207
0.326651,1.0,-2635.722168
0.326186,1.0,-2643.492676
0.326099,1.0,-2648.205566
0.326922,1.0,-2642.63623
0.325146,1.0,-2647.003418
0.325146,1.0,-2646.797607
0.325146,1.0,-2646.779297
0.326618,1.0,-2642.214355
0.325148,1.0,-2649.234375
0.327026,1.0,-2648.801758
0.327026,1.0,-2646.967773
0.328155,1.0,-2649.060547
0.32743,1.0,-2642.33667
0.32743,1.0,-2645.866699
0.32743,1.0,-2641.818848
0.327196,1.0,-2644.643066
0.329951,1.0,-2648.952393
0.330397,1.0,-2641.014404
0.331494,1.0,-2643.073242
0.331494,1.0,-2640.708496
0.332831,1.0,-2637.913086
0.33411,1.0,-2642.404053
0.33411,1.0,-2642.697998
0.334193,1.0,-2642.172363
0.334193,1.0,-2639.342529
0.334564,1.0,-2643.429688
0.334118,1.0,-2649.320801
0.334118,1.0,-2644.607422
0.334168,1.0,-2642.278076
0.335098,1.0,-2641.790039
0.335098,1.0,-2646.275635
0.33642,1.0,-2641.700928
0.33642,1.0,-2641.917236
0.33642,1.0,-2638.663574
0.336665,1.0,-2641.483398
0.336665,1.0,-2636.094238
0.337194,1.0,-2642.939209
0.337194,1.0,-2640.893799
0.337194,1.0,-2641.45166
0.337194,1.0,-2642.182861
0.337901,1.0,-2638.204102
0.337625,1.0,-2637.053467
0.337887,1.0,-2640.217285
0.337887,1.0,-2637.41626
0.339038,1.0,-2638.158203
0.339919,1.0,-2639.692627
0.339919,1.0,-2641.001221
0.338114,1.0,-2641.873535
0.338114,1.0,-2641.957031
0.337939,1.0,-2639.704346
0.337939,1.0,-2639.883301
0.337052,1.0,-2642.412109
0.336677,1.0,-2641.19873
0.336677,1.0,-2637.347168
0.336677,1.0,-2639.325195
0.336677,1.0,-2636.113525
0.337218,1.0,-2644.104492
0.337218,1.0,-2635.911865
0.336226,1.0,-2641.008545
0.336953,1.0,-2642.835449
0.336383,1.0,-2639.756836
0.335552,1.0,-2640.228027
0.335552,1.0,-2636.293945
0.33556,1.0,-2643.036621
0.335956,1.0,-2638.509766
0.336723,1.0,-2642.821289
0.336723,1.0,-2639.793213
0.336723,1.0,-2633.460449
0.33714,1.0,-2639.422607
0.337743,1.0,-2643.615234
0.337743,1.0,-2639.139893
0.339379,1.0,-2639.024902
0.339379,1.0,-2641.868896
0.339648,1.0,-2641.986328
0.338069,1.0,-2641.691895
0.338069,1.0,-2640.32251
0.338069,1.0,-2635.245605
0.338069,1.0,-2637.496094
0.3388,1.0,-2635.773438
0.3388,1.0,-2637.364258
0.3388,1.0,-2641.735596
0.339937,1.0,-2639.196289
0.339937,1.0,-2641.324463
0.339937,1.0,-2638.082275
0.339478,1.0,-2635.910645
0.339315,1.0,-2636.337891
0.339652,1.0,-2635.594727
0.339019,1.0,-2635.379883
0.339592,1.0,-2637.742432
0.338575,1.0,-2642.168945
0.338831,1.0,-2641.571045
0.340132,1.0,-2642.621582
0.340664,1.0,-2636.482666
0.341309,1.0,-2637.826904
0.341309,1.0,-2643.165039
0.341309,1.0,-2635.989746
0.340376,1.0,-2637.668701
0.341287,1.0,-2643.212402
0.341287,1.0,-2637.049072
0.342326,1.0,-2637.983398
0.341549,1.0,-2637.264648
0.341549,1.0,-2639.183105
0.341549,1.0,-2635.825928
0.341549,1.0,-2635.03125
0.341549,1.0,-2636.847656
0.340481,1.0,-2646.409668
0.338422,1.0,-2641.879395
0.339108,1.0,-2638.916016
0.339108,1.0,-2642.783203
0.339108,1.0,-2642.118164
0.339145,1.0,-2643.846191
0.33917,1.0,-2642.396973
0.33917,1.0,-2640.016113
0.339039,1.0,-2642.219727
0.338373,1.0,-2640.864502
0.337434,1.0,-2636.052734
0.337434,1.0,-2638.596191
0.336332,1.0,-2637.948242
0.335899,1.0,-2642.385254
0.335899,1.0,-2636.542969
0.335026,1.0,-2636.324219
0.335026,1.0,-2642.408447
0.333837,1.0,-2637.192139
0.333837,1.0,-2641.005859
0.333837,1.0,-2643.062256
0.3316,1.0,-2639.74707
0.332675,1.0,-2644.990723
0.332675,1.0,-2637.748779
0.332904,1.0,-2648.253418
0.332904,1.0,-2637.052002
0.332904,1.0,-2643.379883
0.332388,1.0,-2639.948242
0.332388,1.0,-2640.545166
0.332388,1.0,-2642.826172
0.33427,1.0,-2639.755859
0.33427,1.0,-2641.339111
0.33427,1.0,-2643.903809
0.33325,1.0,-2642.849121
0.334439,1.0,-2640.199219
0.334439,1.0,-2637.662842
0.333185,1.0,-2645.258789
0.332876,1.0,-2647.891113
0.3337,1.0,-2642.519043
0.334499,1.0,-2641.834961
0.334499,1.0,-2641.752441
0.334499,1.0,-2641.241943
0.3343,1.0,-2642.883057
0.333545,1.0,-2642.466309
0.333328,1.0,-2643.390625
0.333328,1.0,-2640.928223
0.333328,1.0,-2640.194336
0.333328,1.0,-2634.421631
0.332457,1.0,-2642.48877
0.332457,1.0,-2640.486816
0.332457,1.0,-2638.766357
0.33275,1.0,-2638.228027
0.33275,1.0,-2639.271484
0.332484,1.0,-2641.42627
0.332412,1.0,-2646.511475
0.333656,1.0,-2644.801758
0.333656,1.0,-2640.520264
0.334783,1.0,-2643.731201
0.333892,1.0,-2644.508789
0.332861,1.0,-2648.129395
0.333177,1.0,-2643.25
0.333177,1.0,-2639.000244
0.333758,1.0,-2642.41748
0.332306,1.0,-2640.244385
0.3338,1.0,-2638.624512
0.3338,1.0,-2647.208984
0.333365,1.0,-2641.358154
0.334383,1.0,-2640.168701
0.336011,1.0,-2644.943604
0.335551,1.0,-2644.353027
0.335933,1.0,-2640.303955
0.337288,1.0,-2642.973145
0.338694,1.0,-2644.373779
0.338694,1.0,-2632.54248
0.338991,1.0,-2639.927246
0.340208,1.0,-2639.371582
0.341054,1.0,-2642.862793
0.340329,1.0,-2639.128906
0.340329,1.0,-2638.82666
0.339667,1.0,-2637.785156
0.340244,1.0,-2639.22998
0.340244,1.0,-2638.656006
0.341088,1.0,-2642.772949
0.341687,1.0,-2640.887695
0.340863,1.0,-2640.83252
0.339231,1.0,-2644.295166
0.339329,1.0,-2641.431152
0.33883,1.0,-2639.164062
0.340213,1.0,-2642.981934
0.340213,1.0,-2641.656982
0.339218,1.0,-2641.046387
0.339218,1.0,-2635.080078
0.339218,1.0,-2641.831055
0.337606,1.0,-2639.22998
0.337606,1.0,-2641.357422
0.338681,1.0,-2640.398926
0.338681,1.0,-2641.932617
0.338681,1.0,-2641.658691
0.338459,1.0,-2640.884766
0.338459,1.0,-2640.315674
0.338459,1.0,-2643.075195
0.338071,1.0,-2641.223633
0.338071,1.0,-2641.719727
0.338416,1.0,-2637.07666
0.338137,1.0,-2637.890625
0.337854,1.0,-2638.469971
0.338352,1.0,-2640.696289
0.337948,1.0,-2639.216309
0.33914,1.0,-2641.048584
0.33914,1.0,-2639.391602
0.33914,1.0,-2641.580811
0.339269,1.0,-2640.174805
0.337865,1.0,-2642.168945
0.338841,1.0,-2640.636719
0.339762,1.0,-2639.839111
0.339762,1.0,-2643.00293
0.339762,1.0,-2639.546387
0.339762,1.0,-2638.337891
0.339762,1.0,-2638.859375
0.339598,1.0,-2637.564209
0.339539,1.0,-2639.531982
0.339539,1.0,-2642.030273
0.339539,1.0,-2642.1521
0.338909,1.0,-2637.18042
0.339029,1.0,-2642.881348
0.34103,1.0,-2638.340576
0.340803,1.0,-2638.166016
0.340803,1.0,-2638.599121
0.340803,1.0,-2643.239258
0.341073,1.0,-2644.036377
0.339272,1.0,-2638.049316
0.339272,1.0,-2637.366211
0.339272,1.0,-2646.488037
0.338028,1.0,-2635.914551
0.338704,1.0,-2638.441895
0.338981,1.0,-2640.324219
0.340138,1.0,-2642.717773
0.341158,1.0,-2641.927246
0.34075,1.0,-2638.258789
0.340561,1.0,-2639.640381
0.340619,1.0,-2647.835449
0.340619,1.0,-2642.98291
0.341609,1.0,-2638.328125
0.341746,1.0,-2638.821777
0.341746,1.0,-2637.347656
0.341746,1.0,-2644.005371
0.341746,1.0,-2640.320068
0.342376,1.0,-2639.209961
0.342376,1.0,-2640.904785
0.342376,1.0,-2636.969238
0.344641,1.0,-2639.853516
0.345675,1.0,-2638.496582
0.345675,1.0,-2638.474365
0.345675,1.0,-2638.868408
0.345675,1.0,-2635.821533
0.345644,1.0,-2637.895508
0.343687,1.0,-2640.380371
0.344281,1.0,-2637.796143
0.344557,1.0,-2639.170898
0.344557,1.0,-2639.104492
0.3432,1.0,-2643.313477
0.3432,1.0,-2637.178711
0.343947,1.0,-2637.756836
0.343947,1.0,-2638.775391
0.343717,1.0,-2639.82666
0.343717,1.0,-2638.400391
0.343717,1.0,-2642.360352
0.346308,1.0,-2633.418457
0.345217,1.0,-2640.247559
0.344351,1.0,-2634.472168
0.344351,1.0,-2635.568848
0.344321,1.0,-2642.129395
0.344321,1.0,-2640.264893
0.343753,1.0,-2638.001709
0.343753,1.0,-2638.094971
0.343753,1.0,-2636.80835
0.343753,1.0,-2640.165771
0.343753,1.0,-2638.841797
0.34253,1.0,-2645.431396
0.34418,1.0,-2639.969482
0.34418,1.0,-2637.382812
0.34418,1.0,-2641.712891
0.34418,1.0,-2639.952637
0.34418,1.0,-2636.36499
0.341712,1.0,-2640.186279
0.341712,1.0,-2634.506836
0.340706,1.0,-2640.693848
0.340344,1.0,-2643.531738
0.340871,1.0,-2638.252441
0.339362,1.0,-2639.172363
0.339362,1.0,-2643.581543
0.339362,1.0,-2640.487793
0.339362,1.0,-2634.693848
0.340259,1.0,-2644.27417
0.340259,1.0,-2644.013184
0.340259,1.0,-2635.932861
0.340487,1.0,-2639.697754
0.340487,1.0,-2638.14209
0.340487,1.0,-2639.4729
0.339926,1.0,-2636.036133
0.339926,1.0,-2638.102539
0.34221,1.0,-2642.062012
0.34221,1.0,-2637.991455
0.341919,1.0,-2636.749512
0.342113,1.0,-2636.692871
0.342957,1.0,-2642.561768
0.341936,1.0,-2638.036377
0.342385,1.0,-2642.81543
0.344665,1.0,-2635.831055
0.344457,1.0,-2636.621094
0.344457,1.0,-2639.758789
0.344457,1.0,-2635.74707
0.345665,1.0,-2637.181396
0.346833,1.0,-2632.829102
0.346833,1.0,-2642.749023
0.347444,1.0,-2642.112305
0.347444,1.0,-2638.481934
0.347805,1.0,-2636.187988
0.346398,1.0,-2639.234131
0.346011,1.0,-2637.091064
0.345562,1.0,-2639.067139
0.344498,1.0,-2637.663574
0.34556,1.0,-2637.365234
0.34556,1.0,-2639.968262
0.344721,1.0,-2641.318848
0.344381,1.0,-2638.900635
0.344381,1.0,-2641.793945
0.344381,1.0,-2637.102051
0.344689,1.0,-2636.82666
0.344656,1.0,-2637.881592
0.344656,1.0,-2639.013184
0.344285,1.0,-2638.62793
0.343753,1.0,-2640.108154
0.343753,1.0,-2641.125
0.343753,1.0,-2641.055664
0.343753,1.0,-2633.671875
0.343603,1.0,-2639.878418
0.344247,1.0,-2638.258301
0.344815,1.0,-2633.50415
0.344815,1.0,-2637.475586
0.344815,1.0,-2640.919922
0.345595,1.0,-2639.281738
0.345595,1.0,-2639.640137
0.345595,1.0,-2641.353516
0.345851,1.0,-2635.512695
0.345171,1.0,-2639.077637
0.346291,1.0,-2641.089844
0.346653,1.0,-2640.033203
0.347389,1.0,-2643.210693
0.346712,1.0,-2637.45752
0.346712,1.0,-2636.881348
0.34542,1.0,-2642.867676
0.34542,1.0,-2637.025391
0.346537,1.0,-2636.181885
0.346537,1.0,-2639.858398
0.346537,1.0,-2643.689941
0.346412,1.0,-2636.685059
0.345964,1.0,-2641.109131
0.345964,1.0,-2639.535156
0.343959,1.0,-2637.781982
0.343794,1.0,-2641.893799
0.343794,1.0,-2639.532227
0.343794,1.0,-2637.334961
0.342386,1.0,-2638.589844
0.344199,1.0,-2635.000977
0.344466,1.0,-2638.90625
0.344466,1.0,-2644.307617
0.344897,1.0,-2637.109375
0.343348,1.0,-2639.796387
0.343348,1.0,-2637.800049
0.343348,1.0,-2637.813477
0.343125,1.0,-2636.480469
0.343125,1.0,-2637.500977
0.341962,1.0,-2635.180176
0.342582,1.0,-2637.354492
0.342565,1.0,-2638.665527
0.342565,1.0,-2637.696777
0.342565,1.0,-2640.665283
0.342676,1.0,-2635.657959
0.342676,1.0,-2640.860352
0.342275,1.0,-2642.701172
0.342239,1.0,-2640.564941
0.342687,1.0,-2641.166992
0.342302,1.0,-2639.400879
0.342302,1.0,-2642.587891
0.342302,1.0,-2636.513428
0.342302,1.0,-2639.427734
0.342302,1.0,-2641.166016
0.341884,1.0,-2637.811279
0.341516,1.0,-2642.986084
0.34155,1.0,-2640.765869
0.34155,1.0,-2631.863281
0.34097,1.0,-2641.931885
0.34097,1.0,-2637.417725
0.341234,1.0,-2637.862061
0.341234,1.0,-2635.440186
0.341234,1.0,-2635.16626
0.341234,1.0,-2644.116211
0.342239,1.0,-2640.135254
0.342239,1.0,-2638.937988
0.342239,1.0,-2645.494873
0.34095,1.0,-2639.852051
0.341233,1.0,-2639.482422
0.341851,1.0,-2640.191406
0.341851,1.0,-2637.61499
0.341891,1.0,-2638.959717
0.34022,1.0,-2643.681885
0.34022,1.0,-2638.910156
0.341125,1.0,-2645.132812
0.342918,1.0,-2640.641846
0.342918,1.0,-2637.331543
0.343904,1.0,-2637.225586
0.342679,1.0,-2643.803223
0.342878,1.0,-2639.981689
0.341077,1.0,-2637.571289
0.341077,1.0,-2640.882568
0.341077,1.0,-2641.368408
0.341615,1.0,-2637.02002
0.341615,1.0,-2637.186768
0.341413,1.0,-2637.827637
0.340694,1.0,-2634.82666
0.34086,1.0,-2639.228516
0.34086,1.0,-2636.543457
0.34086,1.0,-2638.84375
0.34086,1.0,-2640.664062
0.341018,1.0,-2632.641357
0.340401,1.0,-2639.2771
0.341785,1.0,-2639.104004
0.341785,1.0,-2639.306885
0.342856,1.0,-2640.138672
0.342856,1.0,-2632.484131
0.342856,1.0,-2636.846924
0.343216,1.0,-2642.197266
0.343216,1.0,-2636.08667
0.343216,1.0,-2639.466309
0.342042,1.0,-2639.401855
0.34266,1.0,-2642.624756
0.34266,1.0,-2641.223633
0.341885,1.0,-2640.377686
0.341677,1.0,-2638.04541
0.341677,1.0,-2637.036865
0.341308,1.0,-2634.824219
0.342066,1.0,-2640.38916
0.342066,1.0,-2644.186035
0.342294,1.0,-2640.591797
0.341475,1.0,-2637.225586
0.341706,1.0,-2641.071045
0.341177,1.0,-2635.852051
0.341177,1.0,-2643.325928
0.340448,1.0,-2641.167725
0.340448,1.0,-2642.900879
0.341974,1.0,-2637.723633
0.340868,1.0,-2642.468994
0.340994,1.0,-2641.460205
0.343135,1.0,-2639.073242
0.343135,1.0,-2638.510254
0.344341,1.0,-2638.602783
0.344754,1.0,-2638.787598
0.344174,1.0,-2632.836914
0.344564,1.0,-2641.940918
0.344918,1.0,-2642.227295
0.346275,1.0,-2641.416748
0.345137,1.0,-2643.950928
0.345137,1.0,-2640.742188
0.343305,1.0,-2637.276611
0.343305,1.0,-2638.062988
0.34306,1.0,-2638.612793
0.34306,1.0,-2638.776367
0.343276,1.0,-2637.49707
0.341919,1.0,-2639.658936
0.343159,1.0,-2641.426758
0.343189,1.0,-2637.472656
0.344011,1.0,-2641.038086
0.344089,1.0,-2640.6875
0.343371,1.0,-2634.871582
0.345609,1.0,-2635.597656
0.345609,1.0,-2640.166016
0.346557,1.0,-2639.85083
0.346557,1.0,-2642.004395
0.347,1.0,-2631.208008
0.350011,1.0,-2639.660645
0.350011,1.0,-2638.781494
0.350011,1.0,-2639.748047
0.350011,1.0,-2637.457031
0.351422,1.0,-2635.437744
0.351675,1.0,-2636.616699
0.351675,1.0,-2642.102539
0.351675,1.0,-2636.949707
0.353502,1.0,-2639.791992
0.354141,1.0,-2639.332275
0.355066,1.0,-2636.508301
0.355066,1.0,-2636.76416
0.354622,1.0,-2644.678955
0.355888,1.0,-2639.157959
0.355888,1.0,-2638.831543
0.355484,1.0,-2632.875977
0.354284,1.0,-2636.48877
0.354284,1.0,-2639.031982
0.354284,1.0,-2634.830566
0.354749,1.0,-2637.972168
0.354749,1.0,-2638.649414
0.355191,1.0,-2633.326416
0.355191,1.0,-2639.980957
0.355965,1.0,-2643.368652
0.355965,1.0,-2637.021729
0.355965,1.0,-2639.219971
0.355965,1.0,-2639.768066
0.356354,1.0,-2639.90625
0.357594,1.0,-2642.322754
0.357594,1.0,-2636.339355
0.357594,1.0,-2637.795898
0.357594,1.0,-2639.382812
0.357594,1.0,-2639.708984
0.356994,1.0,-2643.35498
0.357879,1.0,-2641.115967
0.358199,1.0,-2641.291748
0.358338,1.0,-2636.419434
0.359405,1.0,-2637.149414
0.359405,1.0,-2635.12207
0.359887,1.0,-2640.519043
0.359887,1.0,-2638.004395
0.358615,1.0,-2640.575684
0.359359,1.0,-2640.760742
0.359359,1.0,-2637.401855
0.359654,1.0,-2644.765625
0.359456,1.0,-2638.361328
0.358352,1.0,-2638.755371
0.358511,1.0,-2640.95166
0.358511,1.0,-2637.432617
0.358511,1.0,-2634.138428
0.358511,1.0,-2644.579834
0.359301,1.0,-2640.585938
0.360198,1.0,-2641.52417
0.361056,1.0,-2634.138916
0.361056,1.0,-2639.820068
0.361056,1.0,-2637.174316
0.363136,1.0,-2637.66748
0.363136,1.0,-2639.611328
0.363136,1.0,-2637.23584
0.363136,1.0,-2634.075684
0.363136,1.0,-2639.671875
0.363136,1.0,-2640.690918
0.363836,1.0,-2638.649658
0.365342,1.0,-2643.361816
0.365864,1.0,-2640.568115
0.364876,1.0,-2637.402832
0.364878,1.0,-2636.758545
0.365183,1.0,-2638.98877
0.364581,1.0,-2634.655273
0.364581,1.0,-2638.154541
0.364519,1.0,-2644.071777
0.365571,1.0,-2640.511719
0.365571,1.0,-2639.920654
0.365195,1.0,-2639.418945
0.365195,1.0,-2639.393066
0.365195,1.0,-2638.710938
0.365767,1.0,-2636.80249
0.365315,1.0,-2644.229492
0.367017,1.0,-2644.133301
0.366253,1.0,-2637.895508
0.366253,1.0,-2640.495117
0.368066,1.0,-2636.730713
0.368654,1.0,-2640.155762
0.368654,1.0,-2641.566162
0.369832,1.0,-2641.602295
0.369606,1.0,-2641.952393
0.369606,1.0,-2638.767822
0.369606,1.0,-2641.178711
0.370741,1.0,-2639.814941
0.369163,1.0,-2641.028564
0.369163,1.0,-2639.295898
0.368164,1.0,-2642.804443
0.367098,1.0,-2637.552246
0.366543,1.0,-2634.621338
0.365468,1.0,-2643.175293
0.364985,1.0,-2640.555176
0.364308,1.0,-2636.637451
0.364308,1.0,-2635.690918
0.362742,1.0,-2639.61499
0.36024,1.0,-2640.541016
0.36024,1.0,-2637.26709
0.361768,1.0,-2637.40625
0.361167,1.0,-2640.263672
0.361195,1.0,-2638.157959
0.361924,1.0,-2638.904297
0.361924,1.0,-2637.991699
0.363843,1.0,-2633.686279
0.363252,1.0,-2641.55542
0.363252,1.0,-2640.562744
0.365084,1.0,-2642.724121
0.365084,1.0,-2640.938965
0.365084,1.0,-2635.5354
0.365622,1.0,-2639.088867
0.365548,1.0,-2639.273926
0.36702,1.0,-2641.871094
0.366607,1.0,-2637.456055
0.367131,1.0,-2641.94873
0.366863,1.0,-2640.267578
0.366739,1.0,-2641.036621
0.366739,1.0,-2639.408691
0.366129,1.0,-2642.412109
0.366129,1.0,-2637.125732
0.365888,1.0,-2642.571777
0.365888,1.0,-2642.083496
0.365888,1.0,-2638.91748
0.365888,1.0,-2644.475098
0.365888,1.0,-2641.723633
0.365888,1.0,-2638.145996
0.365134,1.0,-2640.238037
0.365134,1.0,-2637.798828
0.365134,1.0,-2644.844482
0.364781,1.0,-2636.73999
0.365569,1.0,-2640.83252
0.365569,1.0,-2639.441406
0.365993,1.0,-2641.300537
0.365033,1.0,-2638.507324
0.36423,1.0,-2641.341797
0.362996,1.0,-2640.966309
0.362996,1.0,-2642.333984
0.362996,1.0,-2634.320068
0.362996,1.0,-2635.425293
0.362996,1.0,-2639.919434
0.362996,1.0,-2638.44043
0.363774,1.0,-2638.953125
0.363774,1.0,-2639.803955
0.362828,1.0,-2638.283936
0.364094,1.0,-2637.947754
0.364094,1.0,-2635.476074
0.364094,1.0,-2638.583984
0.362224,1.0,-2639.746582
0.361598,1.0,-2637.570068
0.362372,1.0,-2634.917969
0.362526,1.0,-2633.478271
0.363176,1.0,-2638.891357
0.361666,1.0,-2647.050537
0.361666,1.0,-2633.770996
0.361666,1.0,-2638.5625
0.360042,1.0,-2639.886719
0.358191,1.0,-2640.522705
0.358191,1.0,-2639.198486
0.35815,1.0,-2637.64209
0.357331,1.0,-2634.389648
0.357331,1.0,-2640.977295
0.357331,1.0,-2636.648682
0.357331,1.0,-2641.250244
0.357331,1.0,-2639.085205
0.358404,1.0,-2638.626221
0.358404,1.0,-2637.252441
0.358404,1.0,-2639.052002
0.358404,1.0,-2639.168945
0.358983,1.0,-2643.338135
0.358983,1.0,-2631.476562
0.357894,1.0,-2637.819336
0.357453,1.0,-2641.333496
0.356825,1.0,-2640.251465
0.354723,1.0,-2641.921143
0.354723,1.0,-2642.894531
0.355744,1.0,-2634.794189
0.355744,1.0,-2636.275879
0.355744,1.0,-2634.30957
0.355744,1.0,-2636.959961
0.357217,1.0,-2635.344971
0.358037,1.0,-2637.348145
0.358037,1.0,-2635.346191
0.357363,1.0,-2638.110596
0.357363,1.0,-2638.566406
0.357137,1.0,-2638.868896
0.357137,1.0,-2637.89502
0.357137,1.0,-2642.014893
0.359076,1.0,-2637.654785
0.358705,1.0,-2636.230957
0.358705,1.0,-2635.998047
0.358705,1.0,-2641.012695
0.358705,1.0,-2644.483643
0.358705,1.0,-2632.758301
0.358705,1.0,-2640.558105
0.358011,1.0,-2632.554932
0.359239,1.0,-2639.930176
0.359239,1.0,-2631.177002
0.359239,1.0,-2639.057861
0.359422,1.0,-2642.518799
0.36215,1.0,-2638.952148
0.36215,1.0,-2635.990479
0.36215,1.0,-2641.749512
0.36215,1.0,-2633.320312
0.360911,1.0,-2638.416992
0.35935,1.0,-2634.647949
0.35935,1.0,-2641.223633
0.359015,1.0,-2642.867188
0.359015,1.0,-2636.063477
0.359015,1.0,-2638.184082
0.358941,1.0,-2646.543457
0.360088,1.0,-2638.928223
0.360088,1.0,-2643.365723
0.360917,1.0,-2637.053223
0.360232,1.0,-2638.498779
0.35934,1.0,-2635.59375
0.359831,1.0,-2637.270996
0.359303,1.0,-2634.262451
0.359303,1.0,-2641.581543
0.359406,1.0,-2642.009521
0.359406,1.0,-2636.967041
0.359149,1.0,-2633.247559
0.359324,1.0,-2640.974121
0.358476,1.0,-2640.932129
0.358476,1.0,-2638.178223
0.358312,1.0,-2643.959473
0.358312,1.0,-2632.633301
0.358707,1.0,-2643.062256
0.359099,1.0,-2640.743164
0.358755,1.0,-2635.201416
0.358861,1.0,-2638.534424
0.358861,1.0,-2636.393311
0.358139,1.0,-2641.339111
0.358139,1.0,-2636.192383
0.358139,1.0,-2642.061768
0.358139,1.0,-2637.915771
0.358859,1.0,-2639.792725
0.358859,1.0,-2643.111328
0.358875,1.0,-2641.586914
0.358875,1.0,-2636.109375
0.358875,1.0,-2637.612549
0.360146,1.0,-2638.287354
0.360146,1.0,-2637.283936
0.360146,1.0,-2639.945312
0.360802,1.0,-2634.92627
0.360802,1.0,-2635.907471
0.360802,1.0,-2639.111328
0.358895,1.0,-2636.607422
0.358895,1.0,-2640.083008
0.358895,1.0,-2641.428955
0.359423,1.0,-2634.049316
0.359489,1.0,-2640.102051
0.359489,1.0,-2636.914062
0.359748,1.0,-2639.809082
0.359691,1.0,-2638.918457
0.35947,1.0,-2637.762695
0.35947,1.0,-2642.415527
0.35947,1.0,-2638.351074
0.35947,1.0,-2637.681396
0.35947,1.0,-2634.477539
0.35947,1.0,-2641.196777
0.357444,1.0,-2638.031982
0.357444,1.0,-2636.334961
0.356979,1.0,-2638.76123
0.35579,1.0,-2645.124512
0.355845,1.0,-2640.753906
0.355845,1.0,-2637.685791
0.355845,1.0,-2638.7771
0.355845,1.0,-2636.735596
0.355845,1.0,-2642.129639
0.355845,1.0,-2640.972168
0.357414,1.0,-2636.374023
0.357414,1.0,-2637.09082
0.35593,1.0,-2640.324707
0.357432,1.0,-2638.459961
0.357432,1.0,-2638.637939
0.357432,1.0,-2638.612549
0.357189,1.0,-2634.357178
0.357189,1.0,-2639.333252
0.357189,1.0,-2636.039795
0.358604,1.0,-2640.507324
0.358604,1.0,-2637.868408
0.358604,1.0,-2638.76416
0.358442,1.0,-2641.091309
0.359097,1.0,-2637.020508
0.359097,1.0,-2643.433594
0.359902,1.0,-2640.391113
0.359902,1.0,-2642.580078
0.361243,1.0,-2639.60791
0.360812,1.0,-2633.539551
0.361178,1.0,-2638.093994
0.361178,1.0,-2640.845215
0.361747,1.0,-2637.180176
0.363802,1.0,-2642.426758
0.364403,1.0,-2640.394531
0.364403,1.0,-2639.595215
0.364403,1.0,-2642.26709
0.363804,1.0,-2641.621338
0.363804,1.0,-2641.480957
0.363804,1.0,-2638.470459
0.365898,1.0,-2641.705078
0.366057,1.0,-2638.359375
0.366057,1.0,-2638.782227
0.366057,1.0,-2641.561035
0.366057,1.0,-2639.573242
0.365692,1.0,-2643.48999
0.366177,1.0,-2636.918213
0.365395,1.0,-2638.163818
0.363968,1.0,-2636.299561
0.36334,1.0,-2641.34375
0.363282,1.0,-2638.004639
0.36496,1.0,-2636.829102
0.365504,1.0,-2642.191162
0.365795,1.0,-2638.961426
0.365145,1.0,-2636.367676
0.364783,1.0,-2639.209229
0.36553,1.0,-2638.395508
0.36553,1.0,-2642.03125
0.363683,1.0,-2642.104736
0.363683,1.0,-2639.47168
0.362714,1.0,-2635.306152
0.362814,1.0,-2642.124023
0.362814,1.0,-2638.108887
0.362814,1.0,-2637.450684
0.362814,1.0,-2633.849854
0.362814,1.0,-2635.478271
0.362234,1.0,-2636.070557
0.362234,1.0,-2640.43335
0.362234,1.0,-2641.257812
0.359301,1.0,-2645.999512
0.35904,1.0,-2638.905762
0.35904,1.0,-2641.055908
0.35904,1.0,-2639.73584
0.359704,1.0,-2635.108398
0.35714,1.0,-2636.282959
0.357217,1.0,-2636.064697
0.358246,1.0,-2636.92627
0.358246,1.0,-2639.049316
0.358246,1.0,-2639.903809
0.358246,1.0,-2638.015625
0.359798,1.0,-2643.425781
0.359798,1.0,-2638.922119
0.359319,1.0,-2640.374268
0.359319,1.0,-2636.11499
0.359319,1.0,-2642.108887
0.358038,1.0,-2640.160645
0.358038,1.0,-2638.663818
0.358038,1.0,-2637.355225
0.358038,1.0,-2642.935059
0.358693,1.0,-2635.325684
0.358693,1.0,-2643.201172
0.359627,1.0,-2640.444824
0.359627,1.0,-2636.015625
0.359627,1.0,-2631.48877
0.359627,1.0,-2638.296143
0.360653,1.0,-2639.585693
0.360105,1.0,-2638.35083
0.360105,1.0,-2638.353027
0.360105,1.0,-2640.095703
0.359551,1.0,-2639.812744
0.360192,1.0,-2638.56665
0.360175,1.0,-2636.053467
0.359956,1.0,-2639.300537
0.360191,1.0,-2639.250244
0.360021,1.0,-2639.591309
0.359498,1.0,-2637.041016
0.358938,1.0,-2638.748047
0.358315,1.0,-2639.717285
0.358315,1.0,-2636.521484
0.358726,1.0,-2639.525635
0.358229,1.0,-2639.406738
0.358729,1.0,-2637.238037
0.35794,1.0,-2639.887451
0.358603,1.0,-2636.598145
0.358603,1.0,-2638.808105
0.359592,1.0,-2641.323242
0.359592,1.0,-2633.456543
0.359592,1.0,-2640.356201
0.359333,1.0,-2640.422363
0.359333,1.0,-2637.400146
0.359877,1.0,-2641.244385
0.359877,1.0,-2636.030762
0.359877,1.0,-2638.452148
0.359535,1.0,-2644.841064
0.359535,1.0,-2638.647949
0.359535,1.0,-2642.425537
0.359801,1.0,-2645.71875
0.359801,1.0,-2636.713867
0.359801,1.0,-2643.439453
0.359801,1.0,-2649.469238
0.361576,1.0,-2637.416504
0.359185,1.0,-2638.98584
0.35944,1.0,-2641.333252
0.360058,1.0,-2641.630615
0.359249,1.0,-2645.899902
0.359249,1.0,-2635.101807
0.358195,1.0,-2640.380127
0.358256,1.0,-2637.187012
0.359296,1.0,-2635.856445
0.359296,1.0,-2632.708252
0.359634,1.0,-2639.908203
0.359634,1.0,-2639.741211
0.358033,1.0,-2636.777588
0.35815,1.0,-2641.71582
0.35815,1.0,-2639.604492
0.35815,1.0,-2635.288086
0.359167,1.0,-2638.904541
0.359167,1.0,-2641.459473
0.359167,1.0,-2640.134766
0.359167,1.0,-2646.209961
0.358968,1.0,-2634.706543
0.359286,1.0,-2639.329102
0.361043,1.0,-2636.168701
0.359983,1.0,-2637.630859
0.359107,1.0,-2636.523438
0.359107,1.0,-2637.647461
0.358936,1.0,-2641.515137
0.358042,1.0,-2643.428711
0.356146,1.0,-2638.481445
0.354933,1.0,-2637.783691
0.353888,1.0,-2637.553711
0.354237,1.0,-2640.217285
0.354237,1.0,-2634.845459
0.35454,1.0,-2639.059326
0.35454,1.0,-2634.953613
0.35454,1.0,-2631.554688
0.35454,1.0,-2640.631836
0.35454,1.0,-2639.760498
0.352775,1.0,-2636.029297
0.352775,1.0,-2636.780762
0.352775,1.0,-2635.383789
0.352775,1.0,-2641.674316
0.353681,1.0,-2636.794434
0.352529,1.0,-2638.725586
0.352529,1.0,-2636.010254
0.352074,1.0,-2638.981689
0.352074,1.0,-2636.245605
0.350112,1.0,-2640.363281
0.350112,1.0,-2640.103516
0.350112,1.0,-2639.844238
0.349343,1.0,-2634.104492
0.349343,1.0,-2636.463379
0.348201,1.0,-2640.138672
0.347985,1.0,-2637.283936
0.349077,1.0,-2633.752441
0.349077,1.0,-2640.735596
0.348553,1.0,-2636.551025
0.348553,1.0,-2639.248535
0.348042,1.0,-2639.918945
0.348042,1.0,-2637.264404
0.348042,1.0,-2636.584473
0.347054,1.0,-2635.269775
0.349217,1.0,-2639.643555
0.349217,1.0,-2634.055664
0.346899,1.0,-2636.053223
0.346718,1.0,-2638.557861
0.346233,1.0,-2636.890625
0.345943,1.0,-2641.605713
0.345943,1.0,-2635.329102
0.345943,1.0,-2638.823242
0.345943,1.0,-2634.663086
0.34533,1.0,-2637.605957
0.345286,1.0,-2644.408203
0.345286,1.0,-2640.131836
0.345286,1.0,-2632.533691
0.344533,1.0,-2646.49707
0.344533,1.0,-2636.960205
0.346223,1.0,-2636.699707
0.344891,1.0,-2644.550293
0.344855,1.0,-2633.971191
0.344855,1.0,-2643.363525
0.345585,1.0,-2639.414795
0.345585,1.0,-2638.837891
0.345585,1.0,-2635.024414
0.344849,1.0,-2638.817139
0.34554,1.0,-2643.382812
0.345502,1.0,-2640.688232
0.345502,1.0,-2642.423584
0.346043,1.0,-2635.765137
0.346925,1.0,-2638.07666
0.346925,1.0,-2635.36377
0.346925,1.0,-2640.452148
0.346925,1.0,-2635.366699
0.345818,1.0,-2641.923828
0.345303,1.0,-2639.849121
0.345303,1.0,-2636.400146
0.345303,1.0,-2634.202881
0.343583,1.0,-2637.184082
0.341135,1.0,-2639.348389
0.339525,1.0,-2639.530273
0.339525,1.0,-2634.224854
0.339495,1.0,-2642.460938
0.33826,1.0,-2640.249023
0.339235,1.0,-2639.257812
0.338128,1.0,-2639.297363
0.336271,1.0,-2639.197266
0.336271,1.0,-2637.739014
0.337166,1.0,-2643.348877
0.337166,1.0,-2642.86084
0.337166,1.0,-2638.97998
0.337166,1.0,-2636.637451
0.337666,1.0,-2640.610352
0.336391,1.0,-2637.71875
0.336391,1.0,-2640.442139
0.338146,1.0,-2642.702393
0.338146,1.0,-2638.764893
0.338146,1.0,-2638.498047
0.336671,1.0,-2644.523438
0.336671,1.0,-2643.919434
0.336493,1.0,-2639.374023
0.336493,1.0,-2636.642578
0.336493,1.0,-2640.928955
0.336493,1.0,-2640.166504
0.336493,1.0,-2645.415771
0.334647,1.0,-2643.963867
0.335159,1.0,-2635.592041
0.335054,1.0,-2642.841309
0.335308,1.0,-2642.205811
0.335947,1.0,-2639.794922
0.335857,1.0,-2640.862793
0.335488,1.0,-2647.055908
0.335389,1.0,-2642.310303
0.335389,1.0,-2638.893311
0.33474,1.0,-2642.20166
0.335719,1.0,-2636.523438
0.335719,1.0,-2642.874512
0.335719,1.0,-2639.104004
0.33599,1.0,-2641.936035
0.33599,1.0,-2641.93042
0.33599,1.0,-2639.466309
0.336482,1.0,-2640.413574
0.336482,1.0,-2639.387695
0.336482,1.0,-2643.426758
0.336482,1.0,-2641.803467
0.336482,1.0,-2643.066406
0.336482,1.0,-2638.663086
0.336482,1.0,-2638.143799
0.336482,1.0,-2636.271729
0.336796,1.0,-2642.406494
0.334477,1.0,-2642.40918
0.334392,1.0,-2641.870605
0.33509,1.0,-2639.327637
0.33509,1.0,-2645.155273
0.33509,1.0,-2641.931641
0.33608,1.0,-2639.451172
0.33608,1.0,-2634.845215
0.336785,1.0,-2643.000488
0.336084,1.0,-2635.832031
0.336084,1.0,-2640.55127
0.337356,1.0,-2641.658447
0.337356,1.0,-2640.718994
0.337879,1.0,-2645.71875
0.337272,1.0,-2644.737793
0.337493,1.0,-2638.608398
0.337653,1.0,-2638.605957
0.337653,1.0,-2638.816895
0.337653,1.0,-2643.946289
0.337119,1.0,-2648.269287
0.337996,1.0,-2642.713135
0.339139,1.0,-2640.74707
0.339922,1.0,-2639.693604
0.339922,1.0,-2636.605469
0.339922,1.0,-2634.522949
0.341387,1.0,-2638.845947
0.341387,1.0,-2644.22583
0.341387,1.0,-2636.578369
0.341042,1.0,-2642.200195
0.340641,1.0,-2637.694336
0.340641,1.0,-2637.874512
0.340641,1.0,-2638.298828
0.340641,1.0,-2638.752197
0.340641,1.0,-2640.115234
0.340349,1.0,-2637.049805
0.340349,1.0,-2637.368164
0.339561,1.0,-2639.036133
0.339561,1.0,-2639.842285
0.337542,1.0,-2639.884277
0.337014,1.0,-2640.552246
0.337014,1.0,-2638.608398
0.336899,1.0,-2640.396973
0.33637,1.0,-2634.433838
0.33627,1.0,-2639.394531
0.33627,1.0,-2641.37207
0.33627,1.0,-2639.443359
0.33627,1.0,-2643.347412
0.335321,1.0,-2643.335449
0.334869,1.0,-2642.338867
0.334869,1.0,-2641.241699
0.335144,1.0,-2640.390625
0.335689,1.0,-2639.306396
0.335564,1.0,-2634.227051
0.336326,1.0,-2643.617676
0.334733,1.0,-2643.356445
0.334733,1.0,-2640.149414
0.334165,1.0,-2641.990723
0.334165,1.0,-2639.30127
0.334165,1.0,-2639.198975
0.334777,1.0,-2638.819336
0.334783,1.0,-2639.967773
0.334783,1.0,-2640.561523
0.334999,1.0,-2637.362793
0.334999,1.0,-2644.493164
0.334453,1.0,-2637.272949
0.334377,1.0,-2642.595215
0.334377,1.0,-2637.852539
0.334377,1.0,-2638.770508
0.334377,1.0,-2641.227295
0.333697,1.0,-2644.600586
0.333697,1.0,-2640.87085
0.334065,1.0,-2640.516846
0.334065,1.0,-2644.143066
0.334505,1.0,-2642.922119
0.33373,1.0,-2638.676758
0.33343,1.0,-2642.87207
0.332055,1.0,-2635.467529
0.332055,1.0,-2638.32666
0.332055,1.0,-2638.65918
0.332055,1.0,-2646.39917
0.332957,1.0,-2643.453857
0.333857,1.0,-2641.753418
0.33288,1.0,-2642.783203
0.33288,1.0,-2643.875732
0.331269,1.0,-2640.348145
0.331269,1.0,-2641.832031
0.331629,1.0,-2643.274902
0.331629,1.0,-2644.669189
0.330169,1.0,-2646.398193
0.330169,1.0,-2640.486084
0.328725,1.0,-2643.895508
0.329695,1.0,-2641.075684
0.330342,1.0,-2647.92334
0.330342,1.0,-2646.769287
0.329899,1.0,-2645.327148
0.329899,1.0,-2644.22876
0.329899,1.0,-2644.449463
0.329899,1.0,-2644.078125
0.329585,1.0,-2644.566406
0.329585,1.0,-2639.908691
0.330878,1.0,-2645.942139
0.330878,1.0,-2642.712646
0.331254,1.0,-2645.46582
0.331254,1.0,-2646.479004
0.331254,1.0,-2641.980469
0.331254,1.0,-2643.578125
0.331254,1.0,-2640.183838
0.33214,1.0,-2647.581543
0.331799,1.0,-2637.283203
0.331799,1.0,-2643.307617
0.33228,1.0,-2643.532471
0.333097,1.0,-2642.649414
0.333097,1.0,-2643.748047
0.333481,1.0,-2641.691406
0.3339,1.0,-2650.79541
0.3339,1.0,-2642.428711
0.333299,1.0,-2643.338867
0.332758,1.0,-2644.478027
0.329648,1.0,-2644.614258
0.329394,1.0,-2641.915527
0.329394,1.0,-2640.541748
0.329127,1.0,-2645.988281
0.329127,1.0,-2645.341309
0.329127,1.0,-2640.916504
0.329127,1.0,-2645.111816
0.329127,1.0,-2642.547363
0.327537,1.0,-2642.462891
0.327537,1.0,-2643.552246
0.328268,1.0,-2642.346924
0.328268,1.0,-2645.372314
0.328456,1.0,-2643.616699
0.328456,1.0,-2641.472168
0.328456,1.0,-2643.692383
0.329955,1.0,-2646.434082
0.329955,1.0,-2642.862793
0.329955,1.0,-2641.487549
0.329955,1.0,-2638.114258
0.329955,1.0,-2643.272949
0.329955,1.0,-2646.206055
0.329955,1.0,-2644.993408
0.329437,1.0,-2640.525146
0.329437,1.0,-2646.40918
0.328583,1.0,-2643.508057
0.329565,1.0,-2646.298096
0.330216,1.0,-2639.154785
0.330216,1.0,-2638.85498
0.330216,1.0,-2645.122559
0.330216,1.0,-2642.383301
0.330565,1.0,-2640.085449
0.330189,1.0,-2643.979492
0.330189,1.0,-2642.134033
0.330028,1.0,-2637.518555
0.330129,1.0,-2642.191895
0.331242,1.0,-2644.738281
0.331242,1.0,-2644.226807
0.331456,1.0,-2637.873047
0.331456,1.0,-2637.528076
0.331123,1.0,-2642.009277
0.331123,1.0,-2639.979004
0.331123,1.0,-2642.435791
0.330198,1.0,-2637.077148
0.330868,1.0,-2645.988281
0.329674,1.0,-2646.242676
0.329674,1.0,-2642.487793
0.33124,1.0,-2644.13916
0.330631,1.0,-2640.639648
0.330631,1.0,-2641.29834
0.331388,1.0,-2641.780762
0.331388,1.0,-2640.688477
0.328698,1.0,-2644.411133
0.328698,1.0,-2647.442383
0.330195,1.0,-2643.840088
0.330384,1.0,-2647.632812
0.330384,1.0,-2640.909668
0.331502,1.0,-2643.645508
0.332721,1.0,-2642.922363
0.33246,1.0,-2646.164551
0.332086,1.0,-2640.572021
0.333135,1.0,-2645.11377
0.331355,1.0,-2641.128418
0.332608,1.0,-2644.671143
0.332608,1.0,-2643.481445
0.332608,1.0,-2641.53418
0.332507,1.0,-2641.223633
0.332507,1.0,-2640.106934
0.331235,1.0,-2640.819824
0.330763,1.0,-2644.517822
0.331814,1.0,-2643.527344
0.331553,1.0,-2640.06665
0.331097,1.0,-2639.98877
0.331539,1.0,-2642.020752
0.331539,1.0,-2638.356689
0.331539,1.0,-2644.49707
0.331539,1.0,-2644.228516
0.331539,1.0,-2641.616699
0.331539,1.0,-2639.623291
0.332642,1.0,-2638.701416
0.333559,1.0,-2643.980469
0.332795,1.0,-2641.576416
0.332628,1.0,-2644.310059
0.332628,1.0,-2639.241211
0.332628,1.0,-2639.791016
0.331988,1.0,-2642.803711
0.333142,1.0,-2642.94165
0.334271,1.0,-2640.692871
0.334271,1.0,-2639.085449
0.334271,1.0,-2637.156006
0.334271,1.0,-2640.932617
0.334369,1.0,-2639.504883
0.333343,1.0,-2640.960205
0.333343,1.0,-2641.009277
0.333343,1.0,-2640.405273
0.333343,1.0,-2645.777344
0.333343,1.0,-2639.435547
0.333343,1.0,-2642.269531
0.332189,1.0,-2641.827881
0.333745,1.0,-2643.93042
0.333745,1.0,-2642.987793
0.333745,1.0,-2640.103516
0.333516,1.0,-2635.884766
0.333516,1.0,-2639.97998
0.333516,1.0,-2643.317871
0.333632,1.0,-2641.943359
0.333632,1.0,-2643.312012
0.333632,1.0,-2642.818848
0.33261,1.0,-2639.740723
0.33261,1.0,-2641.133301
0.33261,1.0,-2642.625488
0.33261,1.0,-2636.682129
0.332884,1.0,-2645.522949
0.331213,1.0,-2650.877686
0.330272,1.0,-2645.810791
0.330043,1.0,-2650.979492
0.331691,1.0,-2641.194824
0.330608,1.0,-2642.467529
0.330608,1.0,-2642.551025
0.330608,1.0,-2647.93042
0.330608,1.0,-2640.458008
0.330888,1.0,-2643.474854
0.330406,1.0,-2644.047363
0.330406,1.0,-2643.12793
0.330094,1.0,-2641.856689
0.330094,1.0,-2644.068115
0.330291,1.0,-2643.709229
0.330492,1.0,-2643.928223
0.330492,1.0,-2644.402344
0.330492,1.0,-2646.652344
0.328927,1.0,-2643.335938
0.328927,1.0,-2639.808594
0.329278,1.0,-2644.663086
0.329244,1.0,-2641.220947
0.331204,1.0,-2644.427734
0.331204,1.0,-2643.89209
0.333348,1.0,-2641.592041
0.333348,1.0,-2639.693848
0.333056,1.0,-2639.254883
0.333459,1.0,-2645.612305
0.334146,1.0,-2645.669434
0.334831,1.0,-2644.450439
0.336394,1.0,-2637.05542
0.335092,1.0,-2643.203369
0.334646,1.0,-2644.144287
0.334646,1.0,-2636.306152
0.334725,1.0,-2642.147949
0.33304,1.0,-2641.94165
0.334405,1.0,-2647.62793
0.335063,1.0,-2637.434082
0.336739,1.0,-2637.423828
0.336739,1.0,-2640.544434
0.336011,1.0,-2646.782471
0.336011,1.0,-2640.835449
0.335303,1.0,-2638.919922
0.33557,1.0,-2636.202637
0.335589,1.0,-2637.44751
0.335589,1.0,-2641.581543
0.336621,1.0,-2646.694336
0.336621,1.0,-2637.766113
0.336128,1.0,-2642.819336
0.335698,1.0,-2643.327637
0.335698,1.0,-2639.827148
0.335698,1.0,-2639.694336
0.334396,1.0,-2641.383301
0.334325,1.0,-2639.188965
0.334325,1.0,-2644.660889
0.332827,1.0,-2643.628418
0.333929,1.0,-2643.024658
0.333681,1.0,-2643.77832
0.333341,1.0,-2645.162842
0.33396,1.0,-2642.081055
0.335118,1.0,-2642.379883
0.33519,1.0,-2640.365723
0.334967,1.0,-2642.215332
0.333792,1.0,-2645.122314
0.334948,1.0,-2642.105957
0.334948,1.0,-2640.215088
0.334948,1.0,-2642.945557
0.334387,1.0,-2643.840576
0.334262,1.0,-2640.003418
0.334841,1.0,-2644.356445
0.334351,1.0,-2643.800781
0.334351,1.0,-2641.037598
0.336141,1.0,-2640.710938
0.336141,1.0,-2644.94458
0.337301,1.0,-2636.074951
0.337301,1.0,-2642.557129
0.337523,1.0,-2638.094238
0.338009,1.0,-2646.050537
0.338009,1.0,-2638.888916
0.338009,1.0,-2638.954346
0.338624,1.0,-2639.161621
0.339875,1.0,-2642.338135
0.339875,1.0,-2635.774414
0.340839,1.0,-2638.448242
0.340108,1.0,-2638.038574
0.340108,1.0,-2641.223389
0.342313,1.0,-2637.57666
0.342313,1.0,-2633.976074
0.342313,1.0,-2640.080566
0.342313,1.0,-2638.22998
0.342313,1.0,-2639.893066
0.341676,1.0,-2635.341797
0.341676,1.0,-2640.275635
0.341676,1.0,-2640.586182
0.344499,1.0,-2641.984375
0.343987,1.0,-2637.513428
0.345913,1.0,-2637.509766
0.346912,1.0,-2643.973877
0.346912,1.0,-2638.869873
0.346477,1.0,-2641.439941
0.347388,1.0,-2637.585693
0.346099,1.0,-2638.657959
0.346442,1.0,-2637.013428
0.347249,1.0,-2637.276367
0.347249,1.0,-2639.10376
0.348107,1.0,-2639.298828
0.346312,1.0,-2634.0271
0.346312,1.0,-2640.501465
0.346312,1.0,-2634.29248
0.346312,1.0,-2640.758545
0.346312,1.0,-2639.864746
0.346312,1.0,-2639.118164
0.34708,1.0,-2636.911133
0.346385,1.0,-2642.652344
0.346385,1.0,-2639.62793
0.346109,1.0,-2638.87085
0.346084,1.0,-2634.2146
0.345786,1.0,-2640.62793
0.345386,1.0,-2638.018799
0.344858,1.0,-2636.59375
0.344858,1.0,-2635.407715
0.344329,1.0,-2641.310059
0.344329,1.0,-2632.145752
0.34678,1.0,-2641.696777
0.345892,1.0,-2641.328613
0.345892,1.0,-2640.775391
0.347248,1.0,-2640.582764
0.347027,1.0,-2640.011475
0.348277,1.0,-2637.129639
0.348277,1.0,-2639.460449
0.348277,1.0,-2637.00415
0.350035,1.0,-2638.489502
0.350686,1.0,-2636.026367
0.351514,1.0,-2637.810791
0.353196,1.0,-2639.80127
0.353196,1.0,-2641.662598
0.353196,1.0,-2638.843262
0.353196,1.0,-2636.65332
0.35249,1.0,-2635.64917
0.353668,1.0,-2640.086914
0.353668,1.0,-2639.484375
0.353668,1.0,-2637.422607
0.354445,1.0,-2638.585938
0.354445,1.0,-2635.768799
0.354445,1.0,-2635.82959
0.353248,1.0,-2639.304443
0.353248,1.0,-2639.493652
0.353226,1.0,-2635.30127
0.353588,1.0,-2634.363281
0.353588,1.0,-2638.610352
0.353864,1.0,-2641.149658
0.353437,1.0,-2634.727051
0.353437,1.0,-2643.179443
0.353437,1.0,-2637.490234
0.351978,1.0,-2640.623291
0.350995,1.0,-2638.130615
0.350995,1.0,-2641.142334
0.350995,1.0,-2639.95752
0.350995,1.0,-2636.963379
0.351971,1.0,-2634.521729
0.352757,1.0,-2640.549316
0.352757,1.0,-2636.472168
0.352757,1.0,-2639.081055
0.352354,1.0,-2634.424805
0.352269,1.0,-2640.990234
0.352408,1.0,-2636.048096
0.350603,1.0,-2639.348633
0.350603,1.0,-2641.500488
0.350603,1.0,-2635.126221
0.349705,1.0,-2642.104004
0.349757,1.0,-2637.267578
0.349326,1.0,-2637.458252
0.348902,1.0,-2634.925781
0.348165,1.0,-2644.942871
0.348165,1.0,-2638.992676
0.348165,1.0,-2639.63623
0.348165,1.0,-2640.356201
0.346161,1.0,-2644.597412
0.34611,1.0,-2636.237061
0.34729,1.0,-2639.317627
0.347658,1.0,-2640.584473
0.348492,1.0,-2642.556152
0.348492,1.0,-2639.271729
0.348492,1.0,-2634.270996
0.348492,1.0,-2636.904297
0.348882,1.0,-2636.258789
0.347817,1.0,-2641.025146
0.348685,1.0,-2637.273438
0.348685,1.0,-2637.633789
0.348685,1.0,-2642.998047
0.348685,1.0,-2633.86377
0.348685,1.0,-2639.366699
0.348685,1.0,-2639.750488
0.348685,1.0,-2642.322266
0.348798,1.0,-2642.477051
0.348739,1.0,-2639.930664
0.348623,1.0,-2637.815186
0.348623,1.0,-2634.633057
0.349524,1.0,-2638.112793
0.350412,1.0,-2642.775635
0.350412,1.0,-2639.653564
0.349149,1.0,-2639.468262
0.348283,1.0,-2640.556152
0.348283,1.0,-2640.794189
0.34895,1.0,-2641.896484
0.348967,1.0,-2642.083008
0.348967,1.0,-2638.339844
0.348967,1.0,-2637.540527
0.347706,1.0,-2635.373047
0.348037,1.0,-2643.832031
0.349464,1.0,-2641.382324
0.348662,1.0,-2635.755127
0.348662,1.0,-2634.215088
0.34766,1.0,-2637.187012
0.34766,1.0,-2636.961426
0.34766,1.0,-2637.452148
0.34766,1.0,-2633.011719
0.34766,1.0,-2632.574707
0.34777,1.0,-2639.171387
0.346207,1.0,-2635.585205
0.347201,1.0,-2632.855957
0.348375,1.0,-2641.875977
0.348621,1.0,-2634.929199
0.347219,1.0,-2637.408203
0.347219,1.0,-2636.110352
0.348428,1.0,-2636.009277
0.348428,1.0,-2642.592285
0.348428,1.0,-2641.815674
0.348428,1.0,-2638.33667
0.349087,1.0,-2639.871582
0.349087,1.0,-2638.773193
0.348536,1.0,-2637.782959
0.349115,1.0,-2638.489502
0.349169,1.0,-2636.654785
0.349169,1.0,-2639.50415
0.348498,1.0,-2641.26123
0.348498,1.0,-2639.979004
0.348498,1.0,-2636.132812
0.349404,1.0,-2641.646484
0.349404,1.0,-2643.862793
0.348873,1.0,-2642.81665
0.347516,1.0,-2637.315918
0.346065,1.0,-2642.520752
0.344211,1.0,-2638.877441
0.343088,1.0,-2641.460449
0.342187,1.0,-2641.32666
0.342187,1.0,-2638.889404
0.342187,1.0,-2639.705078
0.342739,1.0,-2635.210693
0.342739,1.0,-2646.916992
0.343797,1.0,-2639.967285
0.344808,1.0,-2634.86084
0.346363,1.0,-2635.609131
0.346363,1.0,-2635.546875
0.348264,1.0,-2636.581299
0.348264,1.0,-2641.790039
0.346665,1.0,-2640.292969
0.346694,1.0,-2636.703857
0.346694,1.0,-2634.125
0.345757,1.0,-2635.555664
0.345729,1.0,-2643.130127
0.345729,1.0,-2639.111084
0.345722,1.0,-2637.40918
0.344256,1.0,-2639.596924
0.343169,1.0,-2634.875977
0.342351,1.0,-2635.416992
0.342351,1.0,-2640.898682
0.342351,1.0,-2634.776855
0.341846,1.0,-2638.444336
0.340402,1.0,-2636.163574
0.340641,1.0,-2638.752686
0.34147,1.0,-2639.970215
0.34147,1.0,-2641.165283
0.339613,1.0,-2641.598145
0.340265,1.0,-2637.13623
0.340265,1.0,-2640.270996
0.340265,1.0,-2640.358643
0.340265,1.0,-2640.39502
0.340265,1.0,-2636.45752
0.340265,1.0,-2638.242432
0.339375,1.0,-2634.517578
0.339885,1.0,-2640.29541
0.339885,1.0,-2642.868164
0.340645,1.0,-2638.117432
0.341396,1.0,-2637.01123
0.341396,1.0,-2635.41748
0.340134,1.0,-2636.356201
0.340601,1.0,-2643.517578
0.340601,1.0,-2637.79541
0.339228,1.0,-2637.726562
0.339164,1.0,-2642.76123
0.338737,1.0,-2635.09375
0.339559,1.0,-2643.493652
0.33938,1.0,-2636.337158
0.339882,1.0,-2642.248047
0.339192,1.0,-2640.677979
0.339192,1.0,-2638.013672
0.337999,1.0,-2642.371582
0.337999,1.0,-2639.605957
0.336404,1.0,-2641.229004
0.335855,1.0,-2640.512939
0.334403,1.0,-2640.809082
0.333086,1.0,-2643.196289
0.333086,1.0,-2640.817383
0.334872,1.0,-2642.285645
0.33522,1.0,-2638.953613
0.335794,1.0,-2641.882324
0.336643,1.0,-2639.933594
0.336643,1.0,-2640.441406
0.336643,1.0,-2642.907715
0.337733,1.0,-2639.778564
0.337733,1.0,-2638.299805
0.33675,1.0,-2638.696533
0.335986,1.0,-2640.666992
0.334315,1.0,-2641.413086
0.334315,1.0,-2641.487549
0.333821,1.0,-2639.592773
0.333467,1.0,-2643.967041
0.333467,1.0,-2640.949951
0.333467,1.0,-2639.947754
0.332189,1.0,-2640.308105
0.332303,1.0,-2643.985352
0.332303,1.0,-2640.230957
0.332303,1.0,-2644.401855
0.331596,1.0,-2644.571289
0.330716,1.0,-2646.520996
0.330126,1.0,-2643.104004
0.330126,1.0,-2646.252686
0.330126,1.0,-2642.420898
0.330126,1.0,-2642.247803
0.330126,1.0,-2647.435059
0.330126,1.0,-2642.752686
0.330126,1.0,-2644.60083
0.330126,1.0,-2645.763672
0.328502,1.0,-2645.030518
0.328241,1.0,-2643.534424
0.327557,1.0,-2640.307617
0.327385,1.0,-2640.802979
0.330838,1.0,-2640.217041
0.33075,1.0,-2640.487305
0.33075,1.0,-2643.821289
0.331206,1.0,-2643.788574
0.331206,1.0,-2643.185303
0.331206,1.0,-2640.927002
0.331206,1.0,-2645.725586
0.332451,1.0,-2637.50293
0.333236,1.0,-2642.861328
0.331604,1.0,-2647.133057
0.331604,1.0,-2642.737793
0.331604,1.0,-2638.499023
0.331604,1.0,-2639.324951
0.331604,1.0,-2642.695801
0.332908,1.0,-2640.553223
0.333575,1.0,-2640.828613
0.334636,1.0,-2641.186035
0.334636,1.0,-2640.974121
0.334636,1.0,-2641.191895
0.333261,1.0,-2641.086426
0.333261,1.0,-2636.841797
0.333261,1.0,-2638.458252
0.333261,1.0,-2641.151123
0.333261,1.0,-2640.831299
0.332806,1.0,-2640.677246
0.332806,1.0,-2636.227051
0.332879,1.0,-2642.287842
0.332733,1.0,-2636.281494
0.332733,1.0,-2644.033691
0.333718,1.0,-2638.393555
0.334788,1.0,-2643.116211
0.334788,1.0,-2640.723633
0.334788,1.0,-2644.186523
0.336528,1.0,-2642.975586
0.336115,1.0,-2641.929199
0.336469,1.0,-2641.492676
0.33546,1.0,-2637.945801
0.33546,1.0,-2639.445068
0.335317,1.0,-2642.460693
0.336215,1.0,-2640.759277
0.336215,1.0,-2638.693848
0.335812,1.0,-2639.456543
0.336114,1.0,-2646.230469
0.336114,1.0,-2637.32373
0.336317,1.0,-2642.803711
0.335966,1.0,-2638.782227
0.335966,1.0,-2637.220459
0.336895,1.0,-2642.416748
0.334789,1.0,-2638.749756
0.335395,1.0,-2640.437012
0.335338,1.0,-2636.017334
0.335338,1.0,-2638.334961
0.335564,1.0,-2638.1875
0.335307,1.0,-2639.07373
0.33482,1.0,-2641.922119
0.33482,1.0,-2641.894043
0.33482,1.0,-2642.007568
0.335061,1.0,-2639.296875
0.335061,1.0,-2642.56543
0.335779,1.0,-2637.009277
0.335779,1.0,-2645.491455
0.335363,1.0,-2642.59082
0.334712,1.0,-2644.479492
0.336196,1.0,-2641.85083
0.336196,1.0,-2639.586426
0.336196,1.0,-2639.475586
0.334424,1.0,-2640.675537
0.33486,1.0,-2643.228027
0.336151,1.0,-2643.57373
0.335024,1.0,-2643.496826
0.335189,1.0,-2640.458496
0.335064,1.0,-2641.282471
0.335064,1.0,-2644.108887
0.335381,1.0,-2640.27832
0.335381,1.0,-2639.493652
0.334861,1.0,-2639.782715
0.334861,1.0,-2647.2771
0.335005,1.0,-2639.133301
0.335005,1.0,-2639.665283
0.335005,1.0,-2643.336182
0.334446,1.0,-2640.120117
0.332651,1.0,-2641.335693
0.332651,1.0,-2634.145508
0.33479,1.0,-2645.061279
0.33479,1.0,-2639.708984
0.333748,1.0,-2638.454102
0.332333,1.0,-2640.828613
0.332333,1.0,-2642.224854
0.332148,1.0,-2641.070312
0.334194,1.0,-2641.133301
0.334194,1.0,-2635.953125
0.334194,1.0,-2636.878906
0.334615,1.0,-2647.035645
0.336135,1.0,-2643.079346
0.336135,1.0,-2645.609863
0.334159,1.0,-2640.382568
0.33361,1.0,-2642.266357
0.33361,1.0,-2639.397461
0.33361,1.0,-2639.126221
0.332397,1.0,-2638.859863
0.332397,1.0,-2642.877441
0.330929,1.0,-2641.77002
0.330259,1.0,-2639.333984
0.330259,1.0,-2645.350098
0.330259,1.0,-2645.503418
0.33113,1.0,-2651.438477
0.331793,1.0,-2637.703613
0.333436,1.0,-2641.527832
0.332977,1.0,-2643.453613
0.333571,1.0,-2644.026855
0.333371,1.0,-2639.931641
0.33274,1.0,-2641.103027
0.33274,1.0,-2646.276367
0.33274,1.0,-2644.171631
0.33274,1.0,-2638.581055
0.333547,1.0,-2643.564697
0.334127,1.0,-2640.063477
0.333765,1.0,-2646.821289
0.333765,1.0,-2638.140137
0.333378,1.0,-2638.470703
0.334988,1.0,-2640.961182
0.334731,1.0,-2639.24707
0.335277,1.0,-2637.21167
0.335277,1.0,-2641.520508
0.335277,1.0,-2640.641602
0.334713,1.0,-2643.357178
0.334713,1.0,-2643.513184
0.334713,1.0,-2640.633301
0.335446,1.0,-2637.557861
0.336484,1.0,-2643.95752
0.335276,1.0,-2640.42627
0.336026,1.0,-2644.504395
0.336083,1.0,-2639.459717
0.333716,1.0,-2641.386475
0.333716,1.0,-2640.467285
0.333716,1.0,-2640.071533
0.333716,1.0,-2642.430664
0.332705,1.0,-2642.35376
0.332705,1.0,-2640.952148
0.334468,1.0,-2642.010742
0.334468,1.0,-2643.079346
0.334468,1.0,-2638.347168
0.333235,1.0,-2643.094238
0.332417,1.0,-2638.121094
0.332417,1.0,-2636.879395
0.332702,1.0,-2638.700195
0.331981,1.0,-2640.523438
0.331402,1.0,-2641.410156
0.332772,1.0,-2644.778809
0.334376,1.0,-2642.621826
0.335939,1.0,-2639.457031
0.335939,1.0,-2642.331543
0.336284,1.0,-2639.290771
0.336284,1.0,-2641.748535
0.335384,1.0,-2638.92041
0.336452,1.0,-2645.544189
0.336452,1.0,-2638.203613
0.335486,1.0,-2643.614502
0.335486,1.0,-2643.658691
0.335789,1.0,-2643.520508
0.335778,1.0,-2638.89624
0.337691,1.0,-2642.004395
0.337691,1.0,-2641.234375
0.337691,1.0,-2640.457764
0.337959,1.0,-2639.24292
0.33656,1.0,-2638.297363
0.337517,1.0,-2640.402832
0.338079,1.0,-2641.919678
0.337714,1.0,-2638.65332
0.337714,1.0,-2638.862061
0.337714,1.0,-2639.234619
0.336019,1.0,-2644.799072
0.336019,1.0,-2640.909668
0.335759,1.0,-2635.789551
0.334768,1.0,-2638.54248
0.334768,1.0,-2640.055664
0.33534,1.0,-2638.268066
0.33534,1.0,-2642.505127
0.334605,1.0,-2641.742676
0.334605,1.0,-2644.120605
0.335531,1.0,-2638.108643
0.336319,1.0,-2640.318115
0.337097,1.0,-2639.659668
0.337097,1.0,-2641.104492
0.337097,1.0,-2641.12915
0.336967,1.0,-2642.625488
0.336967,1.0,-2642.409668
0.336936,1.0,-2644.379395
0.336596,1.0,-2639.983887
0.338412,1.0,-2639.180664
0.33942,1.0,-2641.382812
0.33942,1.0,-2637.358643
0.33942,1.0,-2635.598145
0.33942,1.0,-2638.503174
0.33942,1.0,-2640.768311
0.340004,1.0,-2643.626465
0.340004,1.0,-2638.92334
0.340004,1.0,-2640.557861
0.340004,1.0,-2641.11499
0.340004,1.0,-2636.240723
0.340004,1.0,-2638.587402
0.34209,1.0,-2638.119141
0.34209,1.0,-2638.929932
0.34209,1.0,-2640.092285
0.34209,1.0,-2634.981201
0.34209,1.0,-2642.229004
0.342992,1.0,-2638.756348
0.342992,1.0,-2640.573242
0.342718,1.0,-2640.899902
0.34279,1.0,-2643.876953
0.341287,1.0,-2637.526611
0.341287,1.0,-2637.765625
0.340673,1.0,-2637.567871
0.340673,1.0,-2643.812988
0.341123,1.0,-2639.660645
0.341123,1.0,-2637.09668
0.341123,1.0,-2638.803467
0.341123,1.0,-2641.876709
0.340199,1.0,-2639.94043
0.342648,1.0,-2637.07251
0.342648,1.0,-2638.388672
0.342648,1.0,-2638.579834
0.343063,1.0,-2633.811768
0.343063,1.0,-2638.386963
0.342704,1.0,-2640.253906
0.34223,1.0,-2638.166992
0.342779,1.0,-2635.957275
0.343635,1.0,-2641.193359
0.343635,1.0,-2641.14502
0.342726,1.0,-2637.246582
0.342726,1.0,-2638.888184
0.342726,1.0,-2640.531738
0.344692,1.0,-2638.354736
0.345099,1.0,-2638.326172
0.345099,1.0,-2637.625244
0.34496,1.0,-2636.694336
0.346511,1.0,-2641.438721
0.346909,1.0,-2639.474609
0.346424,1.0,-2639.937256
0.346424,1.0,-2639.872803
0.346424,1.0,-2634.983887
0.348085,1.0,-2642.661621
0.348055,1.0,-2640.960449
0.348055,1.0,-2635.908447
0.346917,1.0,-2639.441895
0.343874,1.0,-2639.928467
0.343874,1.0,-2640.697754
0.345358,1.0,-2640.263672
0.345358,1.0,-2639.24707
0.344538,1.0,-2640.907959
0.345421,1.0,-2640.806641
0.34482,1.0,-2640.79541
0.34482,1.0,-2642.394043
0.34482,1.0,-2636.172607
0.34482,1.0,-2641.212891
0.34457,1.0,-2635.32666
0.34457,1.0,-2642.924805
0.34457,1.0,-2638.819092
0.34457,1.0,-2638.922363
0.34457,1.0,-2637.073975
0.34457,1.0,-2641.949463
0.343158,1.0,-2643.564941
0.343158,1.0,-2643.481201
0.342644,1.0,-2640.602295
0.343885,1.0,-2637.535156
0.343885,1.0,-2643.464355
0.34296,1.0,-2640.385742
0.34296,1.0,-2640.621094
0.34296,1.0,-2641.15625
0.34296,1.0,-2639.621582
0.34296,1.0,-2638.42627
0.34296,1.0,-2639.130859
0.341576,1.0,-2639.796875
0.341224,1.0,-2637.364258
0.341224,1.0,-2639.898438
0.341224,1.0,-2637.280518
0.340206,1.0,-2637.101562
0.339958,1.0,-2636.932617
0.340158,1.0,-2639.485107
0.34246,1.0,-2639.591553
0.343607,1.0,-2640.366699
0.343607,1.0,-2638.51709
0.343607,1.0,-2637.32959
0.344537,1.0,-2640.418457
0.345798,1.0,-2633.97876
0.346425,1.0,-2636.35498
0.346425,1.0,-2642.075195
0.345526,1.0,-2633.59668
0.346344,1.0,-2639.445312
0.346344,1.0,-2638.741211
0.346683,1.0,-2637.004883
0.346683,1.0,-2639.419922
0.346621,1.0,-2638.922852
0.345405,1.0,-2636.423828
0.344735,1.0,-2642.058105
0.344735,1.0,-2637.490967
0.346735,1.0,-2639.166016
0.345977,1.0,-2639.94458
0.347596,1.0,-2636.946289
0.349265,1.0,-2637.95752
0.348473,1.0,-2635.807129
0.349478,1.0,-2636.070312
0.349478,1.0,-2640.934082
0.348337,1.0,-2638.728516
0.34791,1.0,-2638.876221
0.34791,1.0,-2638.088867
0.347874,1.0,-2640.234619
0.348163,1.0,-2639.785645
0.34731,1.0,-2638.822266
0.34756,1.0,-2637.587402
0.346504,1.0,-2636.266113
0.346504,1.0,-2635.836182
0.347579,1.0,-2637.25
0.347312,1.0,-2639.918945
0.346514,1.0,-2635.452881
0.346514,1.0,-2635.760254
0.346514,1.0,-2636.289062
0.345917,1.0,-2638.585693
0.345917,1.0,-2638.075684
0.346082,1.0,-2636.488525
0.346082,1.0,-2638.996582
0.346103,1.0,-2643.395508
0.346103,1.0,-2637.159912
0.346103,1.0,-2640.730713
0.346103,1.0,-2639.98584
0.346655,1.0,-2637.214844
0.346749,1.0,-2636.390137
0.347248,1.0,-2645.780762
0.346503,1.0,-2641.611816
0.346503,1.0,-2637.576904
0.346503,1.0,-2636.720703
0.346503,1.0,-2640.845703
0.346503,1.0,-2639.485352
0.347342,1.0,-2638.412598
0.347342,1.0,-2639.909668
0.348459,1.0,-2641.16748
0.350067,1.0,-2636.813721
0.350067,1.0,-2638.980957
0.350121,1.0,-2638.372803
0.350121,1.0,-2635.527344
0.349384,1.0,-2638.007324
0.34921,1.0,-2639.793457
0.34921,1.0,-2636.579102
0.349001,1.0,-2633.359375
0.349001,1.0,-2640.429688
0.349813,1.0,-2635.457275
0.347995,1.0,-2640.709473
0.347995,1.0,-2638.373047
0.349344,1.0,-2636.459473
0.350147,1.0,-2636.35791
0.350147,1.0,-2640.971436
0.34871,1.0,-2638.554443
0.34871,1.0,-2642.541748
0.348052,1.0,-2639.286133
0.348052,1.0,-2640.334229
0.345709,1.0,-2643.228516
0.345709,1.0,-2634.829102
0.34477,1.0,-2634.828857
0.34477,1.0,-2641.339355
0.34477,1.0,-2642.258789
0.34477,1.0,-2642.611572
0.344084,1.0,-2635.66626
0.346065,1.0,-2641.949707
0.347053,1.0,-2640.321777
0.347288,1.0,-2636.087402
0.347905,1.0,-2635.266846
0.349229,1.0,-2640.373047
0.349397,1.0,-2638.141357
0.349397,1.0,-2639.731445
0.349397,1.0,-2636.495117
0.349397,1.0,-2639.127441
0.349397,1.0,-2632.409668
0.349397,1.0,-2640.320312
0.348439,1.0,-2641.817139
0.347894,1.0,-2639.647461
0.348073,1.0,-2641.102295
0.348073,1.0,-2635.238525
0.348263,1.0,-2637.07959
0.347947,1.0,-2637.775635
0.347947,1.0,-2639.251953
0.347947,1.0,-2639.398926
0.348826,1.0,-2635.658447
0.348826,1.0,-2639.281982
0.348826,1.0,-2637.418945
0.34965,1.0,-2638.069092
0.348677,1.0,-2637.942139
0.349399,1.0,-2639.49707
0.351083,1.0,-2635.778809
0.350598,1.0,-2640.78833
0.349501,1.0,-2642.700195
0.35047,1.0,-2635.974365
0.348616,1.0,-2634.927002
0.348616,1.0,-2633.938477
0.348616,1.0,-2635.908691
0.349855,1.0,-2641.980713
0.349855,1.0,-2635.209961
0.349831,1.0,-2643.513672
0.349831,1.0,-2639.957031
0.350027,1.0,-2642.798584
0.350027,1.0,-2642.0625
0.349686,1.0,-2637.20459
0.34878,1.0,-2635.261719
0.349973,1.0,-2639.838379
0.349973,1.0,-2632.934082
0.349973,1.0,-2634.417725
0.349071,1.0,-2635.08252
0.350489,1.0,-2635.73584
0.350489,1.0,-2639.924316
0.350489,1.0,-2638.644043
0.350469,1.0,-2643.70752
0.350469,1.0,-2639.206055
0.350469,1.0,-2637.629883
0.350362,1.0,-2640.175537
0.350362,1.0,-2636.689453
0.351417,1.0,-2644.003906
0.351983,1.0,-2638.767334
0.351983,1.0,-2640.361328
0.350074,1.0,-2641.141846
0.350074,1.0,-2640.367188
0.349558,1.0,-2641.003906
0.349558,1.0,-2640.172852
0.350342,1.0,-2638.55127
0.350342,1.0,-2640.185547
0.350035,1.0,-2640.056152
0.348952,1.0,-2638.900391
0.348952,1.0,-2642.041992
0.348587,1.0,-2638.520508
0.348607,1.0,-2644.840332
0.350709,1.0,-2640.29541
0.3491,1.0,-2635.253418
0.3491,1.0,-2634.855469
0.3491,1.0,-2635.834961
0.348811,1.0,-2641.151367
0.348811,1.0,-2636.853516
0.348882,1.0,-2637.505371
0.348882,1.0,-2639.426758
0.348882,1.0,-2638.643555
0.348882,1.0,-2637.583008
0.348229,1.0,-2634.791504
0.348229,1.0,-2643.286865
0.348229,1.0,-2640.166992
0.346908,1.0,-2638.641113
0.346908,1.0,-2633.737793
0.346908,1.0,-2635.957031
0.347231,1.0,-2638.617676
0.346299,1.0,-2642.466797
0.346299,1.0,-2639.31958
0.346331,1.0,-2640.227539
0.346331,1.0,-2640.257324
0.346104,1.0,-2644.779297
0.345605,1.0,-2640.851562
0.345449,1.0,-2639.521484
0.346253,1.0,-2639.820068
0.346253,1.0,-2635.287109
0.345939,1.0,-2637.63916
0.346047,1.0,-2643.962402
0.346047,1.0,-2639.093262
0.346047,1.0,-2643.248047
0.346047,1.0,-2637.785156
0.34706,1.0,-2643.570801
0.347962,1.0,-2641.063721
0.347962,1.0,-2639.156738
0.347962,1.0,-2638.602051
0.347962,1.0,-2637.958252
0.347081,1.0,-2641.275879
0.347009,1.0,-2637.644043
0.346092,1.0,-2639.26416
0.346303,1.0,-2641.475098
0.346303,1.0,-2637.476074
0.346303,1.0,-2638.020996
0.347867,1.0,-2635.085693
0.347537,1.0,-2639.502441
0.347703,1.0,-2633.701172
0.347703,1.0,-2641.812988
0.347476,1.0,-2639.910889
0.347653,1.0,-2639.103516
0.348264,1.0,-2645.44751
0.348264,1.0,-2638.199463
0.347253,1.0,-2638.005859
0.348083,1.0,-2641.617188
0.346616,1.0,-2636.286621
0.346645,1.0,-2642.159668
0.346798,1.0,-2638.632324
0.347917,1.0,-2638.100098
0.347558,1.0,-2635.260254
0.347558,1.0,-2637.861816
0.347558,1.0,-2639.668457
0.346419,1.0,-2638.948975
0.346419,1.0,-2633.083984
0.346419,1.0,-2640.013184
0.346419,1.0,-2639.71875
0.346419,1.0,-2641.847412
0.345344,1.0,-2637.811768
0.344138,1.0,-2640.321045
0.345109,1.0,-2639.125488
0.344985,1.0,-2636.918945
0.344985,1.0,-2642.260986
0.345111,1.0,-2637.112793
0.344336,1.0,-2635.140137
0.345173,1.0,-2643.5625
0.345021,1.0,-2639.691895
0.345085,1.0,-2640.681641
0.345085,1.0,-2638.560547
0.345047,1.0,-2638.650879
0.344072,1.0,-2639.153076
0.342427,1.0,-2637.545898
0.342427,1.0,-2633.973389
0.342427,1.0,-2636.934082
0.342427,1.0,-2633.369141
0.341655,1.0,-2637.767578
0.341875,1.0,-2635.841064
0.340037,1.0,-2639.862549
0.340091,1.0,-2635.038818
0.341873,1.0,-2643.521484
0.341873,1.0,-2637.97998
0.340672,1.0,-2641.628662
0.340672,1.0,-2637.904785
0.340552,1.0,-2643.247803
0.340552,1.0,-2642.077393
0.340912,1.0,-2641.637207
0.339931,1.0,-2638.023682
0.339931,1.0,-2638.201172
0.340838,1.0,-2639.372559
0.340925,1.0,-2639.75415
0.338959,1.0,-2635.232666
0.339836,1.0,-2636.169922
0.339836,1.0,-2642.124023
0.34044,1.0,-2642.193604
0.34044,1.0,-2639.604492
0.34044,1.0,-2639.604004
0.34044,1.0,-2636.35083
0.34044,1.0,-2640.176758
0.341024,1.0,-2639.982178
0.341024,1.0,-2639.84668
0.341024,1.0,-2640.602539
0.341024,1.0,-2638.217773
0.341366,1.0,-2643.834229
0.341366,1.0,-2636.609863
0.341441,1.0,-2638.542969
0.341441,1.0,-2641.083496
0.342231,1.0,-2643.588623
0.341141,1.0,-2639.362305
0.341051,1.0,-2644.676514
0.340193,1.0,-2638.50293
0.339844,1.0,-2639.325195
0.33969,1.0,-2645.44458
0.33969,1.0,-2638.642822
0.33891,1.0,-2640.457275
0.33891,1.0,-2643.340332
0.33891,1.0,-2641.005371
0.33891,1.0,-2633.539551
0.33891,1.0,-2636.674561
0.33975,1.0,-2643.786377
0.338041,1.0,-2641.921631
0.337979,1.0,-2639.187012
0.337768,1.0,-2641.656494
0.336728,1.0,-2646.443359
0.337119,1.0,-2642.074707
0.337119,1.0,-2637.129883
0.334432,1.0,-2644.59082
0.33426,1.0,-2641.155273
0.333432,1.0,-2646.881836
0.333432,1.0,-2645.078125
0.334482,1.0,-2643.170654
0.333192,1.0,-2643.112305
0.333038,1.0,-2642.879883
0.332675,1.0,-2642.734863
0.332675,1.0,-2643.206055
0.332675,1.0,-2638.807129
0.333513,1.0,-2643.224365
0.333513,1.0,-2637.634033
0.333513,1.0,-2639.935547
0.332776,1.0,-2641.685059
0.333494,1.0,-2642.886719
0.333494,1.0,-2645.467041
0.333494,1.0,-2637.538818
0.333422,1.0,-2641.609863
0.333422,1.0,-2642.075684
0.332662,1.0,-2648.821289
0.333323,1.0,-2638.723389
0.333776,1.0,-2644.468262
0.334489,1.0,-2636.675781
0.334489,1.0,-2641.320801
0.333788,1.0,-2638.962891
0.333788,1.0,-2637.489258
0.333788,1.0,-2640.923828
0.333992,1.0,-2642.327637
0.333992,1.0,-2642.646973
0.333961,1.0,-2641.686279
0.334614,1.0,-2642.471924
0.333578,1.0,-2640.333496
0.333578,1.0,-2641.815918
0.333948,1.0,-2639.980713
0.334491,1.0,-2640.037109
0.334225,1.0,-2643.540527
0.333484,1.0,-2637.561035
0.332229,1.0,-2644.470215
0.333001,1.0,-2642.183838
0.333001,1.0,-2640.67334
0.332417,1.0,-2642.029785
0.332223,1.0,-2635.575684
0.332567,1.0,-2642.451904
0.332567,1.0,-2644.113037
0.332567,1.0,-2638.13916
0.332567,1.0,-2639.32373
0.332222,1.0,-2646.224121
0.332464,1.0,-2643.120605
0.332464,1.0,-2644.745117
0.332464,1.0,-2641.790527
0.332986,1.0,-2640.604004
0.332986,1.0,-2643.938965
0.332986,1.0,-2638.129395
0.332986,1.0,-2641.579834
0.332577,1.0,-2641.583252
0.331652,1.0,-2639.290527
0.331652,1.0,-2645.439209
0.331652,1.0,-2642.660645
0.332714,1.0,-2642.626465
0.332714,1.0,-2638.092285
0.333011,1.0,-2639.366699
0.333423,1.0,-2642.574707
0.332967,1.0,-2645.867188
0.332967,1.0,-2645.682617
0.332967,1.0,-2639.542725
0.332388,1.0,-2642.299316
0.331947,1.0,-2641.74707
0.331118,1.0,-2637.862061
0.331118,1.0,-2645.085449
0.33152,1.0,-2646.216309
0.332968,1.0,-2641.045654
0.331986,1.0,-2639.997314
0.331986,1.0,-2637.17041
0.331986,1.0,-2640.985352
0.331986,1.0,-2641.50293
0.331986,1.0,-2639.413818
0.331986,1.0,-2641.11084
0.331512,1.0,-2641.016113
0.331512,1.0,-2640.733398
0.331697,1.0,-2644.705078
0.33252,1.0,-2639.315918
0.33252,1.0,-2644.953125
0.33252,1.0,-2640.966797
0.33252,1.0,-2643.024902
0.33252,1.0,-2639.913574
0.334049,1.0,-2638.069824
0.334049,1.0,-2642.945312
0.334049,1.0,-2637.814453
0.334049,1.0,-2640.079834
0.334049,1.0,-2642.437744
0.334049,1.0,-2641.288818
0.335125,1.0,-2643.968262
0.335125,1.0,-2638.65332
0.334578,1.0,-2640.579102
0.334578,1.0,-2635.592773
0.334578,1.0,-2643.829102
0.334578,1.0,-2640.807617
0.334578,1.0,-2639.154053
0.334178,1.0,-2643.422363
0.334178,1.0,-2645.125
0.33405,1.0,-2640.415527
0.333275,1.0,-2645.643555
0.333275,1.0,-2640.51709
0.333275,1.0,-2642.381348
0.332767,1.0,-2642.926758
0.332767,1.0,-2641.348145
0.334474,1.0,-2643.612305
0.333193,1.0,-2649.266357
0.334306,1.0,-2640.876709
0.332399,1.0,-2641.052246
0.332399,1.0,-2643.14209
0.329762,1.0,-2640.433105
0.329234,1.0,-2644.188232
0.329234,1.0,-2646.688721
0.330833,1.0,-2641.649658
0.330776,1.0,-2639.135254
0.330776,1.0,-2645.585938
0.330758,1.0,-2642.177979
0.331974,1.0,-2642.69043
0.331974,1.0,-2641.107422
0.331987,1.0,-2642.129395
0.331987,1.0,-2643.293213
0.332204,1.0,-2642.262207
0.332322,1.0,-2641.682129
0.332322,1.0,-2643.14624
0.332322,1.0,-2637.141846
0.332322,1.0,-2639.105225
0.332322,1.0,-2646.097656
0.332322,1.0,-2641.166992
0.332037,1.0,-2641.553223
0.331957,1.0,-2647.404297
0.332891,1.0,-2639.350098
0.332891,1.0,-2642.599854
0.332891,1.0,-2640.296631
0.334718,1.0,-2638.482422
0.336102,1.0,-2642.21582
0.336102,1.0,-2639.249268
0.334084,1.0,-2645.404785
0.334084,1.0,-2640.004639
0.334084,1.0,-2646.556641
0.334084,1.0,-2641.538818
0.3351,1.0,-2638.140625
0.333512,1.0,-2639.348145
0.331998,1.0,-2645.348633
0.331998,1.0,-2640.858398
0.333196,1.0,-2642.915771
0.333196,1.0,-2639.57959
0.334444,1.0,-2638.333496
0.334444,1.0,-2636.681152
0.33572,1.0,-2639.196777
0.337016,1.0,-2645.48584
0.337016,1.0,-2638.982666
0.337016,1.0,-2639.262207
0.336131,1.0,-2637.730957
0.336765,1.0,-2636.282227
0.336765,1.0,-2643.154541
0.336765,1.0,-2638.104004
0.336118,1.0,-2644.879395
0.335741,1.0,-2640.419922
0.334641,1.0,-2638.261719
0.335068,1.0,-2636.838867
0.334504,1.0,-2645.996582
0.334572,1.0,-2644.440918
0.334535,1.0,-2643.00293
0.332814,1.0,-2640.505859
0.332814,1.0,-2641.673828
0.332814,1.0,-2638.713379
0.33273,1.0,-2638.121094
0.33273,1.0,-2637.842041
0.334098,1.0,-2638.227539
0.335573,1.0,-2641.044189
0.33313,1.0,-2639.909912
0.33313,1.0,-2638.051514
0.333508,1.0,-2643.573242
0.333508,1.0,-2638.734619
0.335271,1.0,-2643.355957
0.335271,1.0,-2642.99585
0.335271,1.0,-2639.334473
0.335271,1.0,-2640.131104
0.335331,1.0,-2643.155273
0.335709,1.0,-2638.277832
0.335709,1.0,-2639.018555
0.335709,1.0,-2643.136963
0.333131,1.0,-2637.704102
0.333131,1.0,-2647.263184
0.333131,1.0,-2642.453369
0.332117,1.0,-2647.143555
0.332117,1.0,-2638.602051
0.332117,1.0,-2645.263672
0.332117,1.0,-2640.266113
0.333759,1.0,-2645.901855
0.334145,1.0,-2642.884521
0.334145,1.0,-2646.095703
0.334145,1.0,-2645.358154
0.333457,1.0,-2641.779297
0.332929,1.0,-2649.641357
0.332929,1.0,-2641.967773
0.332999,1.0,-2643.169678
0.332974,1.0,-2639.512695
0.332974,1.0,-2646.75
0.332974,1.0,-2644.873535
0.330835,1.0,-2639.751465
0.33077,1.0,-2637.984863
0.331357,1.0,-2646.290039
0.331357,1.0,-2644.957031
0.332182,1.0,-2643.299316
0.33315,1.0,-2647.193848
0.333777,1.0,-2637.210449
0.333657,1.0,-2644.906982
0.333657,1.0,-2643.463379
0.334778,1.0,-2640.531494
0.335237,1.0,-2640.262451
0.335237,1.0,-2643.803223
0.334821,1.0,-2644.895508
0.335662,1.0,-2642.724609
0.33574,1.0,-2634.77002
0.33574,1.0,-2635.000977
0.333656,1.0,-2637.407715
0.333585,1.0,-2640.092285
0.333585,1.0,-2642.451172
0.331814,1.0,-2639.439453
0.331814,1.0,-2644.633301
0.331176,1.0,-2645.475342
0.332559,1.0,-2644.963867
0.332559,1.0,-2644.457275
0.332111,1.0,-2645.42334
0.332111,1.0,-2641.047852
0.332111,1.0,-2641.03125
0.332672,1.0,-2646.309082
0.33402,1.0,-2644.820801
0.333382,1.0,-2638.836182
0.332152,1.0,-2644.638672
0.331441,1.0,-2640.307129
0.333604,1.0,-2642.564453
0.333745,1.0,-2645.577393
0.333745,1.0,-2637.818848
0.332799,1.0,-2636.165527
0.332878,1.0,-2641.617676
0.331963,1.0,-2640.530518
0.331842,1.0,-2640.455078
0.331798,1.0,-2640.371582
0.331798,1.0,-2639.707031
0.330925,1.0,-2648.383789
0.332004,1.0,-2644.527344
0.332004,1.0,-2645.889648
0.332004,1.0,-2635.973389
0.332004,1.0,-2638.616699
0.332004,1.0,-2642.148926
0.332004,1.0,-2643.303467
0.332363,1.0,-2642.995117
0.331453,1.0,-2645.248535
0.331453,1.0,-2640.814697
0.331453,1.0,-2642.38208
0.331453,1.0,-2641.938477
0.329992,1.0,-2647.114258
0.32759,1.0,-2643.525879
0.32759,1.0,-2646.44165
0.32759,1.0,-2647.229736
0.327316,1.0,-2641.297119
0.325795,1.0,-2647.745361
0.326309,1.0,-2640.412109
0.325729,1.0,-2650.158691
0.323644,1.0,-2643.023438
0.324103,1.0,-2644.38623
0.324103,1.0,-2644.572266
0.324368,1.0,-2644.824463
0.324368,1.0,-2646.811035
0.324368,1.0,-2647.371338
0.324168,1.0,-2646.601562
0.323544,1.0,-2651.025146
0.324192,1.0,-2653.453613
0.324243,1.0,-2647.45874
0.324243,1.0,-2650.296143
0.324243,1.0,-2646.171875
0.325181,1.0,-2641.469482
0.324433,1.0,-2645.239746
0.324433,1.0,-2645.788574
0.324248,1.0,-2644.443359
0.324538,1.0,-2644.488525
0.326388,1.0,-2644.806641
0.326388,1.0,-2648.338623
0.326388,1.0,-2645.384277
0.324572,1.0,-2641.363281
0.325513,1.0,-2647.24707
0.325513,1.0,-2645.95166
0.325513,1.0,-2642.69873
0.325114,1.0,-2650.672363
0.325114,1.0,-2642.933594
0.324942,1.0,-2644.229004
0.325431,1.0,-2650.677246
0.326671,1.0,-2650.42627
0.327435,1.0,-2641.713867
0.325468,1.0,-2647.709229
0.325114,1.0,-2646.311768
0.324858,1.0,-2647.438477
0.324379,1.0,-2645.967773
0.324379,1.0,-2651.211426
0.325157,1.0,-2649.113037
0.32595,1.0,-2644.564941
0.32595,1.0,-2644.896973
0.3265,1.0,-2638.054443
0.326056,1.0,-2646.716064
0.326056,1.0,-2645.278809
0.325884,1.0,-2644.689697
0.326495,1.0,-2647.824463
0.326495,1.0,-2647.491699
0.326495,1.0,-2644.912598
0.32749,1.0,-2639.128418
0.328459,1.0,-2645.155762
0.328459,1.0,-2644.219238
0.328459,1.0,-2643.876221
0.329319,1.0,-2647.008789
0.328051,1.0,-2641.84082
0.328051,1.0,-2643.353516
0.327987,1.0,-2648.500488
0.327347,1.0,-2649.305664
0.327254,1.0,-2642.536865
0.327093,1.0,-2642.286133
0.326572,1.0,-2641.242676
0.326572,1.0,-2644.987305
0.326572,1.0,-2651.126465
0.327585,1.0,-2643.852539
0.327593,1.0,-2645.33252
0.327417,1.0,-2643.889648
0.327417,1.0,-2641.464355
0.327417,1.0,-2648.994385
0.327417,1.0,-2644.133545
0.327933,1.0,-2642.085938
0.327933,1.0,-2646.897217
0.327645,1.0,-2645.337646
0.327645,1.0,-2645.080078
0.328158,1.0,-2642.464111
0.328288,1.0,-2640.602539
0.328303,1.0,-2645.789307
0.328303,1.0,-2643.842285
0.327701,1.0,-2649.431885
0.328831,1.0,-2641.15918
0.329685,1.0,-2644.986816
0.329685,1.0,-2643.238281
0.329685,1.0,-2645.848389
0.329685,1.0,-2642.97168
0.331163,1.0,-2636.71582
0.331866,1.0,-2644.526367
0.331866,1.0,-2641.276855
0.333005,1.0,-2642.916016
0.333329,1.0,-2639.67749
0.333525,1.0,-2641.71582
0.334157,1.0,-2641.27417
0.334157,1.0,-2639.155518
0.334286,1.0,-2640.691406
0.332775,1.0,-2642.925781
0.332775,1.0,-2644.630127
0.332775,1.0,-2642.926758
0.332775,1.0,-2640.188232
0.332775,1.0,-2644.712891
0.333585,1.0,-2644.144043
0.33395,1.0,-2641.081299
0.33395,1.0,-2640.194824
0.334538,1.0,-2646.750244
0.333675,1.0,-2641.997559
0.332106,1.0,-2644.360107
0.332106,1.0,-2646.589111
0.332106,1.0,-2643.008545
0.332106,1.0,-2646.526855
0.331619,1.0,-2640.075684
0.331619,1.0,-2641.90332
0.332512,1.0,-2639.21582
0.332445,1.0,-2645.43457
0.332445,1.0,-2646.639893
0.331708,1.0,-2639.804688
0.331854,1.0,-2642.528809
0.330741,1.0,-2644.955078
0.333019,1.0,-2637.048584
0.333846,1.0,-2640.191406
0.334118,1.0,-2641.739746
0.334118,1.0,-2642.839111
0.334233,1.0,-2643.976318
0.33441,1.0,-2641.507812
0.33441,1.0,-2644.483887
0.33441,1.0,-2644.471436
0.33441,1.0,-2645.0
0.334811,1.0,-2648.543213
0.33489,1.0,-2637.198486
0.334298,1.0,-2642.587158
0.334298,1.0,-2639.376221
0.334298,1.0,-2646.929443
0.334298,1.0,-2642.711426
0.335765,1.0,-2639.55957
0.335765,1.0,-2640.295166
0.335896,1.0,-2635.772461
0.336092,1.0,-2641.933838
0.337027,1.0,-2641.203125
0.337027,1.0,-2643.885742
0.336619,1.0,-2642.537109
0.336321,1.0,-2643.663818
0.337178,1.0,-2641.986328
0.337295,1.0,-2641.125488
0.337745,1.0,-2642.959717
0.336869,1.0,-2640.924316
0.336869,1.0,-2639.024902
0.336869,1.0,-2634.684326
0.335593,1.0,-2641.234375
0.33599,1.0,-2641.031494
0.335495,1.0,-2643.904297
0.335309,1.0,-2641.861084
0.336723,1.0,-2640.959473
0.334165,1.0,-2638.529053
0.334701,1.0,-2641.902588
0.334213,1.0,-2639.358398
0.334213,1.0,-2645.272461
0.335166,1.0,-2642.561768
0.335166,1.0,-2640.550781
0.33662,1.0,-2639.546387
0.33662,1.0,-2642.544922
0.338081,1.0,-2640.457031
0.338081,1.0,-2647.650635
0.338093,1.0,-2642.710449
0.338093,1.0,-2642.596191
0.337538,1.0,-2638.002441
0.337314,1.0,-2642.839355
0.337331,1.0,-2637.722168
0.337331,1.0,-2640.39209
0.337331,1.0,-2636.645508
0.337331,1.0,-2639.132324
0.337967,1.0,-2642.901123
0.334753,1.0,-2640.728516
0.336608,1.0,-2640.69751
0.337268,1.0,-2642.735596
0.336363,1.0,-2640.987549
0.336363,1.0,-2642.080078
0.335803,1.0,-2644.035156
0.335803,1.0,-2641.611572
0.334727,1.0,-2642.931152
0.334048,1.0,-2640.570068
0.332557,1.0,-2642.09668
0.332557,1.0,-2643.824463
0.333742,1.0,-2642.744385
0.333742,1.0,-2640.166748
0.332802,1.0,-2641.460449
0.332802,1.0,-2641.97583
0.333876,1.0,-2640.049805
0.334796,1.0,-2647.665039
0.334796,1.0,-2637.843018
0.335119,1.0,-2643.85498
0.336407,1.0,-2639.063232
0.336407,1.0,-2642.505859
0.336407,1.0,-2644.386719
0.334979,1.0,-2641.458008
0.334979,1.0,-2641.393555
0.334979,1.0,-2640.054932
0.334979,1.0,-2634.558105
0.334979,1.0,-2646.022949
0.334979,1.0,-2639.248047
0.337209,1.0,-2641.378174
0.337086,1.0,-2642.519531
0.338044,1.0,-2636.851074
0.337755,1.0,-2641.894287
0.338353,1.0,-2640.780273
0.338353,1.0,-2642.260742
0.338102,1.0,-2640.120117
0.338461,1.0,-2639.711914
0.338461,1.0,-2636.154541
0.338369,1.0,-2645.473877
0.339128,1.0,-2639.083008
0.33966,1.0,-2638.441895
0.339169,1.0,-2641.994141
0.339169,1.0,-2634.094238
0.339169,1.0,-2638.837891
0.339169,1.0,-2637.937256
0.339953,1.0,-2635.685791
0.339953,1.0,-2640.406738
0.339953,1.0,-2640.457031
0.341658,1.0,-2639.1875
0.342115,1.0,-2635.502441
0.341199,1.0,-2637.872803
0.341199,1.0,-2639.28125
0.339984,1.0,-2638.70752
0.338168,1.0,-2637.203613
0.338168,1.0,-2643.658203
0.338168,1.0,-2638.539551
0.338168,1.0,-2640.671387
0.337192,1.0,-2639.524658
0.338291,1.0,-2644.347168
0.338291,1.0,-2641.830078
0.338291,1.0,-2643.120605
0.338795,1.0,-2641.834229
0.338424,1.0,-2640.35791
0.337888,1.0,-2641.89209
0.337888,1.0,-2639.606201
0.339097,1.0,-2641.118896
0.339097,1.0,-2642.038086
0.339097,1.0,-2642.131348
0.338841,1.0,-2640.385498
0.338395,1.0,-2647.523926
0.337973,1.0,-2640.609863
0.337738,1.0,-2643.010986
0.34001,1.0,-2640.756836
0.340991,1.0,-2643.100098
0.341796,1.0,-2643.601074
0.340901,1.0,-2641.929443
0.340901,1.0,-2638.005371
0.340901,1.0,-2636.935547
0.341336,1.0,-2637.741211
0.341336,1.0,-2642.606445
0.341336,1.0,-2642.620605
0.342124,1.0,-2640.057129
0.342446,1.0,-2638.124023
0.342446,1.0,-2640.312012
0.341088,1.0,-2639.128906
0.341754,1.0,-2639.916504
0.341754,1.0,-2638.907227
0.340841,1.0,-2641.758301
0.341253,1.0,-2637.644287
0.341253,1.0,-2640.125488
0.341406,1.0,-2641.580322
0.341381,1.0,-2635.909668
0.341411,1.0,-2641.081543
0.341257,1.0,-2645.176025
0.34088,1.0,-2639.97168
0.3411,1.0,-2639.494141
0.3411,1.0,-2641.655273
0.340505,1.0,-2637.496338
0.340505,1.0,-2637.318848
0.340505,1.0,-2639.519287
0.338572,1.0,-2641.224365
0.338572,1.0,-2635.226074
0.33787,1.0,-2640.875
0.33787,1.0,-2640.373535
0.33787,1.0,-2644.031494
0.337764,1.0,-2640.753662
0.337156,1.0,-2640.388916
0.336907,1.0,-2645.618408
0.336907,1.0,-2640.897461
0.336897,1.0,-2636.653809
0.336897,1.0,-2640.584473
0.337123,1.0,-2641.904785
0.338414,1.0,-2636.785156
0.340139,1.0,-2645.842773
0.340139,1.0,-2639.794434
0.340139,1.0,-2634.790283
0.336142,1.0,-2637.079834
0.336142,1.0,-2638.73999
0.336142,1.0,-2642.507324
0.336142,1.0,-2636.635254
0.336142,1.0,-2638.303223
0.335611,1.0,-2640.953857
0.334591,1.0,-2644.1875
0.333215,1.0,-2638.231689
0.33422,1.0,-2639.543945
0.33398,1.0,-2641.881592
0.33398,1.0,-2640.306396
0.33398,1.0,-2636.494629
0.334046,1.0,-2637.976562
0.335793,1.0,-2645.216797
0.335793,1.0,-2636.886719
0.33567,1.0,-2640.458984
0.33567,1.0,-2643.803467
0.33567,1.0,-2638.589355
0.335647,1.0,-2642.293945
0.335547,1.0,-2640.370117
0.335547,1.0,-2635.921875
0.335547,1.0,-2639.857422
0.335547,1.0,-2638.242188
0.335547,1.0,-2644.110107
0.335115,1.0,-2639.485352
0.334834,1.0,-2641.943848
0.333812,1.0,-2642.066895
0.332584,1.0,-2641.209717
0.332584,1.0,-2639.958008
0.33304,1.0,-2644.506104
0.333407,1.0,-2642.271484
0.334461,1.0,-2644.540039
0.334461,1.0,-2641.393555
0.3346,1.0,-2633.989014
0.335786,1.0,-2642.464355
0.335833,1.0,-2642.390137
0.335833,1.0,-2641.252686
0.3366,1.0,-2642.273926
0.336202,1.0,-2641.433594
0.336202,1.0,-2642.188232
0.336202,1.0,-2641.230225
0.336014,1.0,-2638.430664
0.336014,1.0,-2642.979736
0.334875,1.0,-2642.432129
0.334875,1.0,-2637.60498
0.334875,1.0,-2638.136963
0.336081,1.0,-2638.492676
0.336081,1.0,-2643.027344
0.336081,1.0,-2646.656738
0.335695,1.0,-2639.741699
0.335695,1.0,-2638.620605
0.335695,1.0,-2638.114014
0.335695,1.0,-2640.147705
0.333942,1.0,-2644.335938
0.33375,1.0,-2639.89209
0.33375,1.0,-2641.749756
0.333482,1.0,-2638.695801
0.333366,1.0,-2645.547852
0.332414,1.0,-2642.619141
0.332414,1.0,-2642.554688
0.33186,1.0,-2646.04248
0.332505,1.0,-2637.889648
0.331847,1.0,-2641.890137
0.332211,1.0,-2640.595459
0.330908,1.0,-2640.478027
0.330908,1.0,-2643.867188
0.330845,1.0,-2636.937988
0.330845,1.0,-2640.451172
0.330845,1.0,-2641.881592
0.330845,1.0,-2641.850098
0.329659,1.0,-2638.907715
0.329659,1.0,-2642.815918
0.330935,1.0,-2641.582764
0.330935,1.0,-2638.793945
0.330581,1.0,-2639.82373
0.330581,1.0,-2642.77124
0.330581,1.0,-2640.577637
0.330372,1.0,-2642.020752
0.330372,1.0,-2642.051025
0.332218,1.0,-2644.351074
0.332218,1.0,-2644.592773
0.331973,1.0,-2639.041504
0.331454,1.0,-2639.12793
0.331454,1.0,-2637.956543
0.332872,1.0,-2638.73584
0.332621,1.0,-2639.186035
0.332621,1.0,-2638.477295
0.332473,1.0,-2644.271484
0.332607,1.0,-2645.271973
0.334479,1.0,-2638.019043
0.333867,1.0,-2645.054443
0.333834,1.0,-2638.984863
0.333257,1.0,-2638.019287
0.333951,1.0,-2641.512207
0.333951,1.0,-2642.889648
0.335556,1.0,-2642.55249
0.335556,1.0,-2640.403809
0.335786,1.0,-2641.930664
0.335817,1.0,-2640.862793
0.335311,1.0,-2641.783691
0.335385,1.0,-2637.003906
0.337453,1.0,-2641.553467
0.338807,1.0,-2640.723389
0.341136,1.0,-2636.657471
0.343155,1.0,-2638.419434
0.344434,1.0,-2633.668457
0.344258,1.0,-2640.078369
0.344258,1.0,-2640.158447
0.344237,1.0,-2637.875
0.344346,1.0,-2642.899414
0.34356,1.0,-2637.447998
0.341165,1.0,-2641.613281
0.341424,1.0,-2635.643066
0.341904,1.0,-2638.45874
0.341904,1.0,-2635.55542
0.341149,1.0,-2640.577637
0.341149,1.0,-2637.882812
0.34184,1.0,-2639.14502
0.34184,1.0,-2642.169189
0.341128,1.0,-2637.453613
0.340392,1.0,-2643.101318
0.340397,1.0,-2640.392822
0.340397,1.0,-2639.379883
0.341158,1.0,-2641.577637
0.341745,1.0,-2640.978027
0.341745,1.0,-2645.316406
0.341745,1.0,-2642.741211
0.342218,1.0,-2643.063477
0.342976,1.0,-2640.553223
0.342976,1.0,-2640.229736
0.342798,1.0,-2634.595215
0.342798,1.0,-2636.33667
0.342798,1.0,-2638.95166
0.342798,1.0,-2640.32251
0.343266,1.0,-2648.065186
0.343266,1.0,-2637.648926
0.343266,1.0,-2635.185303
0.341858,1.0,-2639.948486
0.34093,1.0,-2645.998535
0.34093,1.0,-2643.503418
0.340787,1.0,-2640.992432
0.342521,1.0,-2638.971191
0.34262,1.0,-2643.226074
0.341736,1.0,-2638.401855
0.341736,1.0,-2637.743164
0.343663,1.0,-2638.493652
0.344476,1.0,-2639.720215
0.345062,1.0,-2639.152588
0.344938,1.0,-2642.144775
0.344938,1.0,-2639.590088
0.344545,1.0,-2638.266602
0.344545,1.0,-2639.346191
0.344545,1.0,-2638.122803
0.342933,1.0,-2640.685547
0.342933,1.0,-2635.724609
0.342933,1.0,-2639.989014
0.342933,1.0,-2638.178711
0.342933,1.0,-2640.985107
0.342933,1.0,-2637.343506
0.344406,1.0,-2638.212891
0.345216,1.0,-2637.730957
0.343741,1.0,-2641.01709
0.343741,1.0,-2638.230957
0.344085,1.0,-2639.712891
0.345217,1.0,-2636.863525
0.344161,1.0,-2642.962891
0.345124,1.0,-2640.493164
0.345124,1.0,-2640.052979
0.344834,1.0,-2640.41748
0.344834,1.0,-2637.522949
0.344059,1.0,-2635.890137
0.344059,1.0,-2636.090332
0.344045,1.0,-2641.088135
0.344045,1.0,-2637.114258
0.344287,1.0,-2636.338623
0.344287,1.0,-2638.526855
0.342059,1.0,-2639.08667
0.342378,1.0,-2641.52832
0.343464,1.0,-2642.792725
0.343464,1.0,-2634.699219
0.341045,1.0,-2638.778564
0.341045,1.0,-2637.612305
0.339823,1.0,-2641.300781
0.339823,1.0,-2640.180176
0.339823,1.0,-2641.560547
0.339823,1.0,-2637.309326
0.339599,1.0,-2647.178955
0.339599,1.0,-2638.376953
0.339599,1.0,-2642.310547
0.339599,1.0,-2641.894531
0.339052,1.0,-2638.0625
0.339052,1.0,-2637.18335
0.339749,1.0,-2644.085449
0.33951,1.0,-2641.266602
0.338571,1.0,-2637.80249
0.338594,1.0,-2641.432617
0.337653,1.0,-2642.476318
0.338514,1.0,-2641.933105
0.338514,1.0,-2637.51123
0.337768,1.0,-2642.661133
0.339157,1.0,-2638.068604
0.339924,1.0,-2646.018311
0.340988,1.0,-2636.39502
0.341067,1.0,-2641.3125
0.341067,1.0,-2643.919922
0.341971,1.0,-2642.740234
0.341488,1.0,-2642.17749
0.341488,1.0,-2638.099121
0.341488,1.0,-2641.642334
0.341488,1.0,-2637.285645
0.341488,1.0,-2637.101562
0.341488,1.0,-2638.227539
0.341488,1.0,-2637.496826
0.341729,1.0,-2638.851074
0.341729,1.0,-2639.740234
0.342981,1.0,-2639.153564
0.342981,1.0,-2633.144531
0.342981,1.0,-2641.197754
0.342981,1.0,-2641.506348
0.342764,1.0,-2640.762695
0.342764,1.0,-2639.601074
0.344132,1.0,-2641.388428
0.345103,1.0,-2642.135254
0.345103,1.0,-2634.780273
0.345103,1.0,-2638.01416
0.344261,1.0,-2640.619141
0.344791,1.0,-2640.318604
0.344791,1.0,-2633.705078
0.344099,1.0,-2637.062988
0.344099,1.0,-2647.500488
0.344158,1.0,-2640.59668
0.344158,1.0,-2639.05542
0.344598,1.0,-2634.484131
0.344598,1.0,-2636.793213
0.344529,1.0,-2641.512207
0.346012,1.0,-2642.309326
0.344376,1.0,-2641.570312
0.344376,1.0,-2636.458496
0.34491,1.0,-2642.05835
0.34491,1.0,-2639.495117
0.34491,1.0,-2642.284668
0.34491,1.0,-2638.462891
0.344286,1.0,-2643.616943
0.346228,1.0,-2636.553711
0.344601,1.0,-2639.039551
0.344601,1.0,-2639.178711
0.344601,1.0,-2647.106934
0.344247,1.0,-2637.643066
0.344247,1.0,-2639.461914
0.344247,1.0,-2640.865723
0.344247,1.0,-2637.761475
0.344247,1.0,-2638.405762
0.344247,1.0,-2640.364746
0.344827,1.0,-2641.156738
0.344827,1.0,-2642.022461
0.344827,1.0,-2639.43457
0.344832,1.0,-2636.654541
0.344832,1.0,-2632.802979
0.345066,1.0,-2640.553711
0.345066,1.0,-2638.573242
0.3431,1.0,-2640.991211
0.3431,1.0,-2634.952148
0.342782,1.0,-2637.555176
0.343416,1.0,-2639.649902
0.342732,1.0,-2636.452148
0.34261,1.0,-2636.102539
0.340928,1.0,-2644.366699
0.340246,1.0,-2638.809082
0.338941,1.0,-2642.177979
0.338941,1.0,-2639.42627
0.338941,1.0,-2643.274658
0.339774,1.0,-2637.299805
0.339634,1.0,-2641.09668
0.339634,1.0,-2637.706543
0.340937,1.0,-2636.839355
0.340937,1.0,-2635.622559
0.340937,1.0,-2635.092773
0.340568,1.0,-2643.268066
0.340807,1.0,-2640.388184
0.340807,1.0,-2636.859375
0.341928,1.0,-2639.700439
0.340829,1.0,-2636.360352
0.340829,1.0,-2642.089844
0.340829,1.0,-2638.762207
0.341201,1.0,-2643.700684
0.341511,1.0,-2641.081055
0.342506,1.0,-2643.708008
0.342506,1.0,-2639.833984
0.342711,1.0,-2639.40332
0.342197,1.0,-2641.266602
0.342996,1.0,-2640.995117
0.343675,1.0,-2644.418945
0.343675,1.0,-2643.462891
0.343847,1.0,-2639.841797
0.343847,1.0,-2637.461426
0.343607,1.0,-2639.94458
0.344882,1.0,-2637.474365
0.34581,1.0,-2640.625977
0.34581,1.0,-2635.876953
0.34581,1.0,-2639.962158
0.34581,1.0,-2643.338867
0.34581,1.0,-2638.226074
0.34581,1.0,-2639.033203
0.34581,1.0,-2641.998291
0.342523,1.0,-2641.934082
0.34544,1.0,-2639.914307
0.344793,1.0,-2638.413574
0.346515,1.0,-2635.049072
0.346256,1.0,-2641.933105
0.346256,1.0,-2639.024414
0.346016,1.0,-2640.035645
0.346016,1.0,-2642.945801
0.346179,1.0,-2640.150635
0.346179,1.0,-2636.766357
0.346179,1.0,-2635.828369
0.344395,1.0,-2634.719238
0.344395,1.0,-2640.74707
0.344395,1.0,-2630.489258
0.347426,1.0,-2634.61084
0.347426,1.0,-2638.372559
0.346022,1.0,-2639.398926
0.345589,1.0,-2639.241699
0.345589,1.0,-2639.165039
0.345589,1.0,-2638.507324
0.347154,1.0,-2641.041992
0.347297,1.0,-2637.955078
0.347297,1.0,-2635.424072
0.346931,1.0,-2638.013916
0.345342,1.0,-2635.52002
0.345342,1.0,-2638.199463
0.345342,1.0,-2637.565186
0.345342,1.0,-2641.087158
0.343546,1.0,-2638.813477
0.343546,1.0,-2635.829346
0.343546,1.0,-2642.361816
0.343546,1.0,-2639.350098
0.343415,1.0,-2642.963867
0.343415,1.0,-2636.15625
0.343415,1.0,-2641.507812
0.34454,1.0,-2635.223145
0.34454,1.0,-2636.071777
0.34454,1.0,-2640.816406
0.345179,1.0,-2638.900391
0.347589,1.0,-2638.262451
0.347589,1.0,-2634.910156
0.348543,1.0,-2637.980469
0.348543,1.0,-2639.275391
0.348479,1.0,-2637.247559
0.348479,1.0,-2639.708008
0.350768,1.0,-2639.497803
0.350768,1.0,-2636.850586
0.350614,1.0,-2637.162109
0.350614,1.0,-2635.459717
0.351206,1.0,-2645.933594
0.349906,1.0,-2640.212891
0.349792,1.0,-2636.428711
0.349643,1.0,-2631.937256
0.349925,1.0,-2639.899902
0.349981,1.0,-2637.310303
0.349981,1.0,-2636.930176
0.349981,1.0,-2637.828369
0.350667,1.0,-2637.127441
0.350667,1.0,-2634.074219
0.350431,1.0,-2637.766113
0.350915,1.0,-2640.18457
0.35003,1.0,-2636.203613
0.35003,1.0,-2641.087891
0.348616,1.0,-2639.341797
0.349099,1.0,-2642.251709
0.348976,1.0,-2636.893555
0.34933,1.0,-2636.277832
0.349387,1.0,-2638.669922
0.350254,1.0,-2636.384521
0.350254,1.0,-2635.135742
0.350254,1.0,-2637.144531
0.349173,1.0,-2635.601074
0.349173,1.0,-2637.017822
0.346426,1.0,-2641.15918
0.346426,1.0,-2643.824219
0.346426,1.0,-2639.912598
0.346046,1.0,-2639.240234
0.345252,1.0,-2639.83252
0.345252,1.0,-2639.875
0.345213,1.0,-2638.70874
0.345213,1.0,-2641.110352
0.346608,1.0,-2640.305176
0.343472,1.0,-2636.141113
0.346151,1.0,-2638.927002
0.34547,1.0,-2640.846191
0.34547,1.0,-2639.437988
0.34547,1.0,-2639.585449
0.345286,1.0,-2641.818604
0.345286,1.0,-2637.54541
0.345618,1.0,-2638.55542
0.346373,1.0,-2643.085205
0.347337,1.0,-2642.595703
0.347338,1.0,-2638.21875
0.347596,1.0,-2639.666992
0.345765,1.0,-2639.749023
0.345765,1.0,-2637.244141
0.344495,1.0,-2640.551758
0.344495,1.0,-2634.256104
0.344495,1.0,-2640.058594
0.344079,1.0,-2638.652832
0.343852,1.0,-2641.225342
0.343919,1.0,-2639.107666
0.343919,1.0,-2637.620117
0.343919,1.0,-2646.414307
0.343919,1.0,-2638.382324
0.346082,1.0,-2639.750244
0.346082,1.0,-2634.972656
0.346082,1.0,-2638.18042
0.346082,1.0,-2639.111328
0.347018,1.0,-2637.764648
0.347939,1.0,-2642.773682
0.347939,1.0,-2639.056641
0.348857,1.0,-2642.261963
0.349781,1.0,-2635.397217
0.3507,1.0,-2637.833984
0.3507,1.0,-2636.861816
0.353066,1.0,-2635.15918
0.352424,1.0,-2639.367188
0.351622,1.0,-2634.560059
0.352313,1.0,-2636.245605
0.352606,1.0,-2636.880859
0.352606,1.0,-2635.151123
0.352606,1.0,-2642.838867
0.351078,1.0,-2635.477051
0.351078,1.0,-2637.511719
0.349996,1.0,-2633.589111
0.350935,1.0,-2636.54834
0.350935,1.0,-2640.55957
0.350935,1.0,-2643.322266
0.351588,1.0,-2640.131592
0.351767,1.0,-2643.299316
0.351731,1.0,-2637.968018
0.351204,1.0,-2634.60083
0.351204,1.0,-2642.344238
0.349434,1.0,-2637.735352
0.347165,1.0,-2639.91748
0.347165,1.0,-2640.290527
0.348692,1.0,-2638.673828
0.348692,1.0,-2640.098633
0.348765,1.0,-2640.09375
0.349902,1.0,-2639.218506
0.350267,1.0,-2639.590332
0.349953,1.0,-2635.723145
0.349953,1.0,-2641.517578
0.348848,1.0,-2639.042725
0.348848,1.0,-2639.333008
0.348848,1.0,-2637.53125
0.348848,1.0,-2636.673096
0.348903,1.0,-2632.625
0.348903,1.0,-2638.65625
0.347554,1.0,-2633.146484
0.347554,1.0,-2639.752197
0.348567,1.0,-2634.408203
0.349578,1.0,-2638.291992
0.349316,1.0,-2642.713379
0.349089,1.0,-2640.354492
0.34935,1.0,-2636.682373
0.347762,1.0,-2637.11377
0.347762,1.0,-2636.42749
0.346326,1.0,-2637.242676
0.346837,1.0,-2641.074463
0.346837,1.0,-2640.397949
0.346837,1.0,-2643.165527
0.349034,1.0,-2636.574463
0.34939,1.0,-2640.827148
0.34939,1.0,-2639.51123
0.349984,1.0,-2641.527588
0.349512,1.0,-2637.482422
0.348658,1.0,-2636.128174
0.350344,1.0,-2639.655762
0.349989,1.0,-2639.180664
0.349983,1.0,-2640.033691
0.349983,1.0,-2633.089844
0.348728,1.0,-2643.263184
0.349629,1.0,-2631.509521
0.349629,1.0,-2638.339111
0.349629,1.0,-2632.906494
0.349629,1.0,-2637.212891
0.350009,1.0,-2639.51416
0.350009,1.0,-2639.664062
0.349086,1.0,-2638.712891
0.350348,1.0,-2642.313965
0.350348,1.0,-2636.701172
0.350348,1.0,-2636.117432
0.351407,1.0,-2636.162354
0.35092,1.0,-2637.61084
0.350474,1.0,-2640.743652
0.350474,1.0,-2641.576416
0.350393,1.0,-2636.597656
0.350393,1.0,-2637.478271
0.35156,1.0,-2637.223145
0.35156,1.0,-2637.104492
0.35156,1.0,-2639.699951
0.35156,1.0,-2634.823242
0.351691,1.0,-2640.023682
0.351691,1.0,-2640.543457
0.351691,1.0,-2641.699707
0.35126,1.0,-2640.215088
0.35126,1.0,-2639.494629
0.350518,1.0,-2640.008789
0.349288,1.0,-2632.433105
0.347949,1.0,-2643.851074
0.347949,1.0,-2641.960693
0.347949,1.0,-2642.828613
0.348427,1.0,-2636.696289
0.348917,1.0,-2635.564209
0.348515,1.0,-2638.432617
0.34898,1.0,-2638.961914
0.348652,1.0,-2640.807129
0.348815,1.0,-2640.219238
0.347679,1.0,-2640.915527
0.34888,1.0,-2637.385742
0.349599,1.0,-2632.216309
0.349599,1.0,-2639.424072
0.350016,1.0,-2634.873779
0.350048,1.0,-2636.183838
0.350325,1.0,-2634.750732
0.350893,1.0,-2635.85498
0.350893,1.0,-2635.953857
0.350893,1.0,-2640.337891
0.350893,1.0,-2638.004883
0.350893,1.0,-2639.671387
0.350522,1.0,-2645.435059
0.351558,1.0,-2638.650146
0.351558,1.0,-2635.85376
0.35183,1.0,-2641.484131
0.35183,1.0,-2636.716797
0.350536,1.0,-2635.145996
0.351801,1.0,-2637.886719
0.351801,1.0,-2632.118652
0.351801,1.0,-2635.565186
0.351801,1.0,-2638.939941
0.351801,1.0,-2637.930176
0.351801,1.0,-2633.895752
0.352857,1.0,-2634.249023
0.353437,1.0,-2638.096924
0.353848,1.0,-2635.756348
0.351379,1.0,-2634.661377
0.3533,1.0,-2641.315186
0.354432,1.0,-2635.265625
0.354011,1.0,-2641.652344
0.354011,1.0,-2637.687012
0.354701,1.0,-2634.217773
0.354701,1.0,-2636.772705
0.354701,1.0,-2636.414062
0.354627,1.0,-2637.448242
0.354642,1.0,-2634.862793
0.353874,1.0,-2634.769043
0.353874,1.0,-2633.224121
0.353874,1.0,-2637.335693
0.353177,1.0,-2642.26709
0.354296,1.0,-2636.940186
0.354296,1.0,-2638.610596
0.353008,1.0,-2641.015137
0.351828,1.0,-2642.64917
0.352362,1.0,-2634.259277
0.352749,1.0,-2636.299316
0.353756,1.0,-2636.559326
0.352356,1.0,-2643.139648
0.352356,1.0,-2634.780029
0.352992,1.0,-2641.674805
0.353367,1.0,-2637.397217
0.35359,1.0,-2633.873047
0.35359,1.0,-2640.003418
0.353987,1.0,-2639.238281
0.353469,1.0,-2639.435547
0.353469,1.0,-2643.017334
0.3532,1.0,-2638.9646
0.3532,1.0,-2638.026367
0.352397,1.0,-2637.623047
0.353055,1.0,-2632.700195
0.352847,1.0,-2638.827637
0.352847,1.0,-2641.009277
0.352262,1.0,-2639.262207
0.352262,1.0,-2637.99707
0.352777,1.0,-2636.291016
0.354865,1.0,-2637.87085
0.355035,1.0,-2639.440918
0.355035,1.0,-2644.712646
0.354605,1.0,-2637.626953
0.354716,1.0,-2638.689209
0.354827,1.0,-2640.412598
0.355563,1.0,-2639.200195
0.3548,1.0,-2639.751465
0.3548,1.0,-2637.666992
0.3548,1.0,-2636.232422
0.353854,1.0,-2638.552979
0.352356,1.0,-2637.132324
0.352571,1.0,-2628.702637
0.352571,1.0,-2637.540527
0.352819,1.0,-2637.255371
0.352819,1.0,-2634.848633
0.352819,1.0,-2635.596191
0.352819,1.0,-2636.501465
0.351719,1.0,-2637.516602
0.351719,1.0,-2639.031494
0.352016,1.0,-2642.788574
0.35284,1.0,-2633.55127
0.35284,1.0,-2641.95752
0.352496,1.0,-2635.720215
0.350531,1.0,-2638.968262
0.350531,1.0,-2640.501465
0.350207,1.0,-2639.17334
0.350207,1.0,-2637.891602
0.351661,1.0,-2634.984619
0.351661,1.0,-2637.785156
0.351661,1.0,-2636.694824
0.351661,1.0,-2635.124756
0.351661,1.0,-2638.949707
0.351661,1.0,-2635.392578
0.351251,1.0,-2636.381348
0.350337,1.0,-2642.65918
0.350337,1.0,-2638.133301
0.350337,1.0,-2640.130859
0.349988,1.0,-2643.005371
0.349988,1.0,-2634.864014
0.350146,1.0,-2637.817871
0.348939,1.0,-2640.226562
0.348939,1.0,-2636.431885
0.34944,1.0,-2639.692383
0.349189,1.0,-2636.974854
0.348606,1.0,-2637.830566
0.347199,1.0,-2639.796631
0.349078,1.0,-2635.830566
0.349078,1.0,-2639.251221
0.349431,1.0,-2638.97876
0.349529,1.0,-2642.853516
0.347099,1.0,-2637.008301
0.347045,1.0,-2635.158936
0.347045,1.0,-2642.441895
0.345657,1.0,-2636.927979
0.34577,1.0,-2643.850098
0.34577,1.0,-2644.101074
0.345841,1.0,-2642.648926
0.345841,1.0,-2636.865234
0.345841,1.0,-2634.458496
0.345008,1.0,-2641.715332
0.343898,1.0,-2637.789795
0.343898,1.0,-2636.235352
0.345341,1.0,-2637.087646
0.345341,1.0,-2639.58667
0.345707,1.0,-2644.465332
0.345707,1.0,-2641.147461
0.346228,1.0,-2641.153809
0.344964,1.0,-2641.371826
0.345249,1.0,-2641.048828
0.346318,1.0,-2643.969727
0.346318,1.0,-2640.823242
0.345562,1.0,-2638.937012
0.344514,1.0,-2641.158691
0.344253,1.0,-2638.5354
0.344412,1.0,-2637.079102
0.34419,1.0,-2637.463379
0.344934,1.0,-2639.912598
0.344934,1.0,-2641.242432
0.343967,1.0,-2635.513672
0.343967,1.0,-2633.535645
0.344451,1.0,-2641.553955
0.344796,1.0,-2638.141113
0.343902,1.0,-2640.5896
0.343902,1.0,-2640.040527
0.345171,1.0,-2639.628906
0.345171,1.0,-2637.448486
0.347645,1.0,-2644.220703
0.347645,1.0,-2636.394287
0.347645,1.0,-2636.43335
0.347645,1.0,-2636.366455
0.347645,1.0,-2630.568359
0.346398,1.0,-2639.519043
0.346398,1.0,-2636.421387
0.345805,1.0,-2637.76001
0.344909,1.0,-2640.617676
0.344909,1.0,-2643.72998
0.344655,1.0,-2640.130859
0.344231,1.0,-2638.195801
0.344231,1.0,-2638.891113
0.345667,1.0,-2637.91333
0.346417,1.0,-2638.047363
0.346417,1.0,-2636.550049
0.345704,1.0,-2639.210205
0.345704,1.0,-2637.768066
0.346098,1.0,-2639.267822
0.346098,1.0,-2640.544189
0.347054,1.0,-2634.653809
0.347223,1.0,-2639.129395
0.348254,1.0,-2645.5354
0.348254,1.0,-2639.110596
0.348254,1.0,-2631.449707
0.350836,1.0,-2638.225342
0.350836,1.0,-2637.419922
0.351598,1.0,-2638.375488
0.351598,1.0,-2642.072021
0.352152,1.0,-2645.699219
0.352152,1.0,-2638.608643
0.352152,1.0,-2641.176758
0.352674,1.0,-2642.13208
0.352674,1.0,-2633.177246
0.35183,1.0,-2643.862305
0.353374,1.0,-2647.068848
0.352613,1.0,-2639.514404
0.352613,1.0,-2643.151123
0.352613,1.0,-2639.903564
0.352726,1.0,-2639.648926
0.352379,1.0,-2638.34668
0.352379,1.0,-2639.536377
0.351891,1.0,-2641.49707
0.350281,1.0,-2638.853516
0.349172,1.0,-2641.536133
0.349172,1.0,-2633.809814
0.348348,1.0,-2640.857422
0.346823,1.0,-2642.498047
0.346032,1.0,-2636.765381
0.346032,1.0,-2640.436035
0.346542,1.0,-2637.314453
0.346542,1.0,-2637.405518
0.345393,1.0,-2635.125
0.346469,1.0,-2639.808838
0.348906,1.0,-2636.191406
0.34725,1.0,-2640.712891
0.34786,1.0,-2637.669434
0.34786,1.0,-2640.000977
0.345448,1.0,-2643.296387
0.344685,1.0,-2631.423096
0.344936,1.0,-2643.527344
0.343563,1.0,-2634.221924
0.343563,1.0,-2639.711914
0.343944,1.0,-2636.646484
0.343306,1.0,-2638.66748
0.343306,1.0,-2639.878174
0.342258,1.0,-2640.131348
0.342258,1.0,-2636.930664
0.34427,1.0,-2640.658203
0.34427,1.0,-2637.419434
0.34427,1.0,-2639.722412
0.345823,1.0,-2641.323486
0.345021,1.0,-2644.950684
0.345021,1.0,-2642.002441
0.343719,1.0,-2641.371094
0.343719,1.0,-2637.193848
0.343719,1.0,-2636.532227
0.344894,1.0,-2633.009521
0.344894,1.0,-2641.265137
0.344894,1.0,-2641.313721
0.344894,1.0,-2638.749023
0.344894,1.0,-2632.533203
0.345267,1.0,-2640.868896
0.345267,1.0,-2639.273926
0.345267,1.0,-2641.948242
0.345267,1.0,-2638.016846
0.346123,1.0,-2639.471436
0.346123,1.0,-2642.150879
0.345384,1.0,-2633.78418
0.345384,1.0,-2636.378418
0.345384,1.0,-2637.522949
0.345384,1.0,-2638.925781
0.345176,1.0,-2644.668701
0.345176,1.0,-2638.742676
0.345176,1.0,-2632.918945
0.345176,1.0,-2638.033691
0.346793,1.0,-2637.519531
0.346793,1.0,-2638.455811
0.34489,1.0,-2641.158691
0.344237,1.0,-2639.365723
0.344237,1.0,-2637.777832
0.344886,1.0,-2634.804443
0.344886,1.0,-2636.998535
0.345756,1.0,-2639.953613
0.345756,1.0,-2639.218262
0.345459,1.0,-2637.065918
0.344865,1.0,-2642.224609
0.344865,1.0,-2637.925537
0.344865,1.0,-2639.05957
0.345293,1.0,-2639.913574
0.346899,1.0,-2636.404297
0.346899,1.0,-2643.051025
0.346899,1.0,-2635.783203
0.348867,1.0,-2634.619385
0.348867,1.0,-2641.648438
0.348867,1.0,-2640.045654
0.348867,1.0,-2643.321289
0.350104,1.0,-2640.646973
0.35063,1.0,-2639.277588
0.35063,1.0,-2635.696777
0.35063,1.0,-2640.184082
0.351337,1.0,-2638.469238
0.350715,1.0,-2637.361084
0.35073,1.0,-2637.0271
0.35073,1.0,-2633.870605
0.35073,1.0,-2635.129395
0.350247,1.0,-2635.48291
0.350247,1.0,-2632.617432
0.34989,1.0,-2643.330078
0.349461,1.0,-2639.601562
0.349461,1.0,-2636.738525
0.349461,1.0,-2634.622314
0.349461,1.0,-2640.822021
0.350094,1.0,-2637.395996
0.350569,1.0,-2640.71582
0.351036,1.0,-2638.791016
0.351036,1.0,-2636.446289
0.350325,1.0,-2639.867432
0.349137,1.0,-2639.180908
0.349639,1.0,-2637.416016
0.349899,1.0,-2642.254883
0.349455,1.0,-2638.990723
0.351374,1.0,-2639.625488
0.351374,1.0,-2638.35498
0.352978,1.0,-2636.72168
0.353337,1.0,-2637.865967
0.353337,1.0,-2637.94043
0.353337,1.0,-2634.153809
0.353476,1.0,-2639.567139
0.352426,1.0,-2643.79248
0.352426,1.0,-2634.94458
0.354389,1.0,-2633.839355
0.354219,1.0,-2635.753418
0.355045,1.0,-2632.394775
0.355045,1.0,-2640.117188
0.355979,1.0,-2634.990234
0.355979,1.0,-2631.273926
0.355952,1.0,-2644.773926
0.354404,1.0,-2637.39624
0.354055,1.0,-2640.572021
0.354055,1.0,-2642.133301
0.354055,1.0,-2641.278076
0.354055,1.0,-2635.974121
0.355763,1.0,-2638.528809
0.355763,1.0,-2638.05957
0.355763,1.0,-2639.473633
0.354307,1.0,-2640.30249
0.355598,1.0,-2632.375244
0.355598,1.0,-2636.232422
0.354838,1.0,-2639.244629
0.354838,1.0,-2640.363281
0.354838,1.0,-2633.878906
0.352574,1.0,-2638.636719
0.352574,1.0,-2635.320068
0.352574,1.0,-2640.541992
0.353051,1.0,-2639.199219
0.353856,1.0,-2640.950684
0.353856,1.0,-2640.479492
0.353856,1.0,-2639.205078
0.352502,1.0,-2638.554688
0.352623,1.0,-2638.383057
0.352973,1.0,-2638.456055
0.352148,1.0,-2641.66748
0.351747,1.0,-2640.94043
0.352193,1.0,-2637.872559
0.352193,1.0,-2642.935547
0.353337,1.0,-2635.268555
0.353337,1.0,-2636.686523
0.351258,1.0,-2639.016357
0.351258,1.0,-2639.221191
0.351188,1.0,-2633.86499
0.351188,1.0,-2641.213379
0.351188,1.0,-2639.084961
0.351188,1.0,-2637.647461
0.351188,1.0,-2640.897217
0.351197,1.0,-2633.322266
0.349792,1.0,-2637.491943
0.349792,1.0,-2639.158691
0.349098,1.0,-2638.255859
0.350336,1.0,-2635.407715
0.35114,1.0,-2638.686035
0.350581,1.0,-2638.737305
0.350324,1.0,-2640.287842
0.350325,1.0,-2638.863281
0.350325,1.0,-2640.004883
0.350325,1.0,-2639.294189
0.350325,1.0,-2635.938477
0.353935,1.0,-2638.489258
0.353935,1.0,-2640.6604
0.354332,1.0,-2642.683594
0.353156,1.0,-2639.483398
0.350512,1.0,-2639.996582
0.349624,1.0,-2638.574707
0.350861,1.0,-2634.595215
0.350861,1.0,-2637.007324
0.349106,1.0,-2640.491699
0.346913,1.0,-2638.35791
0.347517,1.0,-2638.19165
0.345525,1.0,-2640.799316
0.345525,1.0,-2634.60376
0.345525,1.0,-2640.516602
0.345525,1.0,-2638.913086
0.345875,1.0,-2633.681396
0.345875,1.0,-2642.519287
0.345875,1.0,-2634.006104
0.346521,1.0,-2636.177734
0.344923,1.0,-2639.910156
0.343936,1.0,-2638.878418
0.343936,1.0,-2642.088623
0.343873,1.0,-2642.061035
0.344415,1.0,-2640.897461
0.344415,1.0,-2635.214111
0.344415,1.0,-2639.665527
0.344415,1.0,-2633.982422
0.344415,1.0,-2634.437988
0.344415,1.0,-2640.700928
0.345254,1.0,-2634.708984
0.345254,1.0,-2640.490723
0.345254,1.0,-2637.60498
0.34546,1.0,-2642.00708
0.345967,1.0,-2638.990479
0.345967,1.0,-2642.623047
0.345496,1.0,-2635.037842
0.345563,1.0,-2637.439453
0.344764,1.0,-2641.0979
0.343893,1.0,-2642.369141
0.343893,1.0,-2636.289062
0.34223,1.0,-2635.94873
0.343029,1.0,-2638.242188
0.342532,1.0,-2639.150879
0.344372,1.0,-2642.39624
0.344372,1.0,-2635.944824
0.344372,1.0,-2641.452148
0.344668,1.0,-2641.972656
0.343228,1.0,-2643.201416
0.342962,1.0,-2636.777832
0.343644,1.0,-2637.072754
0.342722,1.0,-2640.635254
0.342722,1.0,-2643.246094
0.343966,1.0,-2639.486084
0.34403,1.0,-2639.139893
0.34454,1.0,-2632.211426
0.34454,1.0,-2638.795898
0.345744,1.0,-2637.157715
0.347303,1.0,-2634.758057
0.345795,1.0,-2638.04541
0.345795,1.0,-2636.424316
0.344489,1.0,-2638.083008
0.344811,1.0,-2633.212891
0.344992,1.0,-2639.944824
0.346276,1.0,-2639.226562
0.346276,1.0,-2639.579346
0.345909,1.0,-2639.228027
0.345695,1.0,-2642.775391
0.345695,1.0,-2637.080322
0.345695,1.0,-2642.727295
0.344621,1.0,-2637.045654
0.345342,1.0,-2637.780273
0.345342,1.0,-2638.577148
0.346256,1.0,-2639.777832
0.346256,1.0,-2641.672852
0.345791,1.0,-2637.302979
0.345791,1.0,-2636.399902
0.346631,1.0,-2639.466064
0.345112,1.0,-2640.887939
0.347183,1.0,-2643.512695
0.347183,1.0,-2638.657715
0.347183,1.0,-2636.500977
0.346845,1.0,-2636.725586
0.344783,1.0,-2639.031982
0.344783,1.0,-2644.016113
0.343022,1.0,-2644.842773
0.341494,1.0,-2639.83374
0.341494,1.0,-2635.831299
0.339574,1.0,-2641.097412
0.339758,1.0,-2641.77124
0.339758,1.0,-2641.333008
0.33874,1.0,-2645.786133
0.339248,1.0,-2638.120361
0.339497,1.0,-2642.844727
0.339251,1.0,-2639.898682
0.338367,1.0,-2633.419434
0.338367,1.0,-2637.868896
0.337767,1.0,-2643.789062
0.338802,1.0,-2635.662354
0.339158,1.0,-2637.740479
0.339613,1.0,-2638.495117
0.339496,1.0,-2639.366699
0.34118,1.0,-2643.641113
0.34118,1.0,-2641.580566
0.340816,1.0,-2640.822754
0.341143,1.0,-2638.697266
0.341143,1.0,-2636.132812
0.342497,1.0,-2640.192871
0.34231,1.0,-2640.839355
0.342059,1.0,-2640.583008
0.342059,1.0,-2640.860596
0.340952,1.0,-2639.234131
0.340952,1.0,-2642.418213
0.340952,1.0,-2640.485107
0.340253,1.0,-2638.776123
0.340165,1.0,-2635.697754
0.34052,1.0,-2633.662598
0.34052,1.0,-2639.611572
0.341607,1.0,-2642.652832
0.340764,1.0,-2635.981445
0.340764,1.0,-2643.32959
0.340764,1.0,-2630.54248
0.342633,1.0,-2641.583984
0.342633,1.0,-2636.854736
0.342633,1.0,-2637.832275
0.342633,1.0,-2640.600342
0.342633,1.0,-2641.790283
0.342633,1.0,-2640.446289
0.342633,1.0,-2635.522705
0.34318,1.0,-2641.105957
0.34336,1.0,-2634.361572
0.34336,1.0,-2641.439941
0.343735,1.0,-2642.54834
0.343735,1.0,-2638.100342
0.344025,1.0,-2639.703125
0.345621,1.0,-2641.572266
0.346069,1.0,-2640.13916
0.345867,1.0,-2637.260742
0.345867,1.0,-2639.024414
0.345867,1.0,-2641.164795
0.345867,1.0,-2639.303711
0.346199,1.0,-2637.565918
0.346199,1.0,-2636.521484
0.346199,1.0,-2639.471436
0.346199,1.0,-2637.3125
0.346199,1.0,-2640.724609
0.347066,1.0,-2634.199707
0.345461,1.0,-2643.094727
0.345461,1.0,-2643.020508
0.345461,1.0,-2636.218262
0.345461,1.0,-2635.086426
0.346087,1.0,-2640.00708
0.346087,1.0,-2638.341064
0.346844,1.0,-2641.52002
0.346613,1.0,-2637.210938
0.347284,1.0,-2635.20459
0.347204,1.0,-2646.356934
0.347204,1.0,-2638.888184
0.347225,1.0,-2641.67041
0.348936,1.0,-2638.699219
0.34916,1.0,-2635.734375
0.34916,1.0,-2639.279785
0.34916,1.0,-2638.202148
0.349142,1.0,-2636.23584
0.348473,1.0,-2642.866211
0.348473,1.0,-2639.512451
0.348359,1.0,-2633.643799
0.349078,1.0,-2641.526611
0.349078,1.0,-2637.719482
0.349078,1.0,-2639.694336
0.347619,1.0,-2639.989258
0.347619,1.0,-2634.740723
0.348348,1.0,-2638.640625
0.348348,1.0,-2637.465332
0.348348,1.0,-2638.770996
0.348348,1.0,-2638.466797
0.349235,1.0,-2632.793945
0.350059,1.0,-2641.114258
0.351455,1.0,-2638.627686
0.350764,1.0,-2640.471191
0.351706,1.0,-2640.807617
0.350414,1.0,-2636.130859
0.349681,1.0,-2641.810059
0.351909,1.0,-2639.281738
0.351909,1.0,-2637.997314
0.351909,1.0,-2640.757324
0.351909,1.0,-2635.608154
0.351909,1.0,-2641.3125
0.351933,1.0,-2642.524658
0.350941,1.0,-2637.648926
0.350941,1.0,-2636.427246
0.349718,1.0,-2644.118408
0.348723,1.0,-2640.75293
0.349633,1.0,-2639.749512
0.34751,1.0,-2636.196777
0.348916,1.0,-2635.483887
0.348595,1.0,-2637.119141
0.348595,1.0,-2638.952393
0.349348,1.0,-2644.702881
0.348855,1.0,-2641.743164
0.350392,1.0,-2639.655273
0.350392,1.0,-2642.512451
0.350392,1.0,-2640.140625
0.350392,1.0,-2643.146973
0.349442,1.0,-2637.942383
0.349442,1.0,-2641.099365
0.349442,1.0,-2636.333984
0.349442,1.0,-2641.258057
0.349442,1.0,-2637.24292
0.349442,1.0,-2640.740723
0.350244,1.0,-2639.199951
0.350594,1.0,-2633.032715
0.349986,1.0,-2640.916016
0.352,1.0,-2646.356445
0.351806,1.0,-2633.349854
0.350783,1.0,-2638.543945
0.350642,1.0,-2637.511719
0.350935,1.0,-2641.905518
0.351208,1.0,-2646.728027
0.349587,1.0,-2639.541992
0.349587,1.0,-2637.519775
0.349587,1.0,-2641.242676
0.349587,1.0,-2638.633301
0.348379,1.0,-2637.291992
0.345176,1.0,-2641.273193
0.344236,1.0,-2638.127441
0.342395,1.0,-2642.397705
0.342395,1.0,-2638.959961
0.342395,1.0,-2640.04248
0.342395,1.0,-2639.357178
0.34239,1.0,-2636.080566
0.34239,1.0,-2633.14502
0.342376,1.0,-2641.760254
0.342376,1.0,-2634.240723
0.342376,1.0,-2641.311035
0.342645,1.0,-2637.194336
0.343029,1.0,-2641.478516
0.343171,1.0,-2643.209961
0.342925,1.0,-2637.602295
0.342925,1.0,-2633.705322
0.342925,1.0,-2644.876953
0.342925,1.0,-2638.628418
0.343965,1.0,-2640.900391
0.343965,1.0,-2639.15918
0.343965,1.0,-2639.794434
0.344197,1.0,-2636.111572
0.344197,1.0,-2638.340332
0.343863,1.0,-2638.578613
0.343863,1.0,-2638.494629
0.343863,1.0,-2639.115234
0.34432,1.0,-2634.150391
0.34432,1.0,-2638.559814
0.345586,1.0,-2631.895508
0.347723,1.0,-2633.294434
0.347723,1.0,-2633.256592
0.346656,1.0,-2640.500977
0.348242,1.0,-2639.416992
0.348242,1.0,-2638.671387
0.348242,1.0,-2638.348633
0.347977,1.0,-2639.050293
0.349352,1.0,-2639.387207
0.349229,1.0,-2633.399902
0.347993,1.0,-2639.804199
0.34911,1.0,-2641.161133
0.34911,1.0,-2640.410645
0.34911,1.0,-2638.054199
0.348274,1.0,-2640.18457
0.346788,1.0,-2632.793945
0.346788,1.0,-2637.592773
0.346788,1.0,-2640.157227
0.344684,1.0,-2638.412109
0.344625,1.0,-2644.185791
0.346033,1.0,-2642.098145
0.346196,1.0,-2638.380371
0.346196,1.0,-2640.550537
0.344644,1.0,-2639.594727
0.344644,1.0,-2643.296631
0.344644,1.0,-2638.359375
0.344644,1.0,-2638.075195
0.344644,1.0,-2635.335449
0.343333,1.0,-2640.910645
0.343333,1.0,-2641.946777
0.344336,1.0,-2633.48877
0.344336,1.0,-2638.175293
0.344124,1.0,-2639.380371
0.344124,1.0,-2636.986084
0.343333,1.0,-2637.757324
0.344684,1.0,-2642.880127
0.345882,1.0,-2635.956543
0.345882,1.0,-2638.565918
0.34523,1.0,-2635.000488
0.345086,1.0,-2643.008789
0.345801,1.0,-2637.452637
0.346166,1.0,-2641.915527
0.345803,1.0,-2643.89502
0.345803,1.0,-2637.131836
0.346636,1.0,-2644.328369
0.348109,1.0,-2639.374023
0.348109,1.0,-2637.536621
0.34677,1.0,-2638.820557
0.346503,1.0,-2642.090332
0.346503,1.0,-2637.493408
0.34681,1.0,-2636.705566
0.346599,1.0,-2635.01416
0.346542,1.0,-2642.6875
0.346542,1.0,-2638.158203
0.346037,1.0,-2640.963867
0.344754,1.0,-2635.70752
0.344754,1.0,-2635.841309
0.344754,1.0,-2637.791992
0.345591,1.0,-2639.10498
0.346144,1.0,-2638.927979
0.34862,1.0,-2636.12207
0.34862,1.0,-2640.393555
0.34862,1.0,-2640.794434
0.34845,1.0,-2635.262695
0.349366,1.0,-2640.388428
0.348829,1.0,-2642.080078
0.348829,1.0,-2637.275879
0.347801,1.0,-2639.079834
0.347801,1.0,-2642.117676
0.347801,1.0,-2637.726074
0.34743,1.0,-2638.03833
0.346467,1.0,-2641.755859
0.346467,1.0,-2636.105713
0.346256,1.0,-2639.674316
0.346256,1.0,-2641.338379
0.345043,1.0,-2636.539795
0.345043,1.0,-2639.924805
0.345346,1.0,-2641.033691
0.345346,1.0,-2638.831055
0.344983,1.0,-2641.013184
0.344983,1.0,-2641.125732
0.343639,1.0,-2638.015137
0.343639,1.0,-2636.64502
0.343639,1.0,-2639.141113
0.343639,1.0,-2640.581299
0.343459,1.0,-2637.975342
0.3429,1.0,-2639.465332
0.3429,1.0,-2635.015137
0.3429,1.0,-2639.568848
0.343144,1.0,-2637.33374
0.341766,1.0,-2631.888672
0.342348,1.0,-2639.762207
0.342348,1.0,-2639.445801
0.340219,1.0,-2639.018799
0.338248,1.0,-2642.003418
0.338248,1.0,-2641.74292
0.337819,1.0,-2639.73877
0.337819,1.0,-2638.334961
0.339185,1.0,-2642.570557
0.339185,1.0,-2638.228516
0.338373,1.0,-2644.122559
0.338373,1.0,-2641.625
0.336602,1.0,-2645.866211
0.336602,1.0,-2647.763916
0.336602,1.0,-2639.271484
0.336602,1.0,-2641.360596
0.335675,1.0,-2647.02002
0.336061,1.0,-2643.140625
0.33604,1.0,-2636.742676
0.33604,1.0,-2639.745605
0.336293,1.0,-2639.95752
0.336293,1.0,-2640.587891
0.336293,1.0,-2639.314453
0.336447,1.0,-2640.103271
0.335753,1.0,-2636.968506
0.335753,1.0,-2643.208008
0.337465,1.0,-2639.567871
0.337465,1.0,-2640.248779
0.336726,1.0,-2643.225098
0.336726,1.0,-2639.572998
0.337209,1.0,-2638.36377
0.337209,1.0,-2639.725098
0.336906,1.0,-2641.370605
0.336906,1.0,-2641.316406
0.33911,1.0,-2639.864746
0.33911,1.0,-2641.196777
0.33911,1.0,-2645.423584
0.33911,1.0,-2641.593262
0.338104,1.0,-2641.946533
0.338104,1.0,-2638.70752
0.338208,1.0,-2643.458984
0.339142,1.0,-2641.267578
0.339924,1.0,-2638.330566
0.339473,1.0,-2638.953857
0.339038,1.0,-2644.484375
0.339038,1.0,-2637.370117
0.339038,1.0,-2640.795166
0.339299,1.0,-2639.58252
0.339794,1.0,-2636.855469
0.339794,1.0,-2642.422607
0.341616,1.0,-2638.203125
0.341598,1.0,-2642.899414
0.341598,1.0,-2639.786621
0.341058,1.0,-2637.038818
0.342065,1.0,-2635.776855
0.342729,1.0,-2640.538574
0.344233,1.0,-2641.938477
0.343641,1.0,-2635.875732
0.345337,1.0,-2638.500732
0.345861,1.0,-2644.704346
0.345644,1.0,-2643.709473
0.345525,1.0,-2638.410156
0.345525,1.0,-2639.024902
0.345525,1.0,-2641.251953
0.345525,1.0,-2640.448975
0.34528,1.0,-2637.980957
0.34528,1.0,-2635.562988
0.345042,1.0,-2639.345947
0.342796,1.0,-2639.182617
0.344628,1.0,-2639.055908
0.344628,1.0,-2638.252441
0.344593,1.0,-2643.144043
0.343065,1.0,-2636.456299
0.343065,1.0,-2636.271973
0.343841,1.0,-2639.106201
0.343858,1.0,-2642.962402
0.343858,1.0,-2642.160156
0.344479,1.0,-2636.937012
0.344479,1.0,-2642.016113
0.342623,1.0,-2633.3479
0.342623,1.0,-2642.187012
0.344502,1.0,-2640.804199
0.34448,1.0,-2638.761475
0.343361,1.0,-2637.128662
0.343361,1.0,-2640.134766
0.342009,1.0,-2637.371094
0.341268,1.0,-2638.73877
0.34148,1.0,-2632.834717
0.34148,1.0,-2636.164795
0.34148,1.0,-2639.79541
0.34148,1.0,-2642.23999
0.34148,1.0,-2638.094238
0.34148,1.0,-2641.023438
0.341059,1.0,-2644.048096
0.340626,1.0,-2641.900146
0.340673,1.0,-2635.581299
0.340673,1.0,-2638.699951
0.339439,1.0,-2641.719727
0.339439,1.0,-2639.24585
0.339439,1.0,-2640.117188
0.339439,1.0,-2637.362549
0.339707,1.0,-2644.138184
0.339707,1.0,-2639.151123
0.34088,1.0,-2641.069092
0.34088,1.0,-2640.795898
0.340935,1.0,-2639.606445
0.339828,1.0,-2639.569336
0.339076,1.0,-2643.356445
0.340543,1.0,-2637.067383
0.341628,1.0,-2634.495117
0.340244,1.0,-2640.51709
0.340244,1.0,-2640.978271
0.340244,1.0,-2640.822266
0.339754,1.0,-2646.221924
0.339222,1.0,-2642.165039
0.339329,1.0,-2632.394043
0.339329,1.0,-2639.021973
0.339579,1.0,-2635.469238
0.338012,1.0,-2638.778809
0.338012,1.0,-2640.829102
0.339074,1.0,-2640.492676
0.339343,1.0,-2643.5354
0.339342,1.0,-2644.480957
0.339342,1.0,-2636.544922
0.339342,1.0,-2640.87793
0.339342,1.0,-2639.216797
0.339342,1.0,-2638.837891
0.338662,1.0,-2638.753418
0.339049,1.0,-2637.150879
0.339877,1.0,-2634.076172
0.339877,1.0,-2639.018799
0.340069,1.0,-2638.858887
0.340069,1.0,-2634.921875
0.340069,1.0,-2641.092285
0.341279,1.0,-2636.092285
0.341279,1.0,-2638.487793
0.341378,1.0,-2638.115479
0.341378,1.0,-2640.153809
0.341764,1.0,-2637.656494
0.341622,1.0,-2639.731689
0.341231,1.0,-2636.775146
0.341231,1.0,-2632.473633
0.341231,1.0,-2637.350342
0.342123,1.0,-2636.775879
0.343932,1.0,-2636.919434
0.344145,1.0,-2636.722656
0.343096,1.0,-2634.738281
0.342003,1.0,-2643.887207
0.342198,1.0,-2640.698242
0.342742,1.0,-2639.70459
0.343319,1.0,-2640.337402
0.343796,1.0,-2640.728027
0.343044,1.0,-2641.463379
0.343044,1.0,-2634.817871
0.343044,1.0,-2635.531006
0.343427,1.0,-2644.349365
0.343427,1.0,-2640.098145
0.34335,1.0,-2636.52832
0.34478,1.0,-2643.688232
0.34478,1.0,-2640.644775
0.34478,1.0,-2636.56665
0.34478,1.0,-2637.921631
0.344945,1.0,-2634.73877
0.344945,1.0,-2636.345947
0.34595,1.0,-2634.290283
0.346775,1.0,-2632.321289
0.346775,1.0,-2640.621826
0.349827,1.0,-2642.058105
0.348131,1.0,-2642.526855
0.348131,1.0,-2638.769531
0.348461,1.0,-2638.359619
0.347744,1.0,-2637.160156
0.347744,1.0,-2637.82666
0.347744,1.0,-2634.194336
0.347744,1.0,-2639.442383
0.348754,1.0,-2634.784668
0.348755,1.0,-2639.719238
0.348755,1.0,-2637.837402
0.34834,1.0,-2637.343994
0.34834,1.0,-2636.612549
0.347794,1.0,-2640.568359
0.347794,1.0,-2636.002441
0.347794,1.0,-2642.783203
0.347794,1.0,-2641.164795
0.347794,1.0,-2639.630371
0.347971,1.0,-2637.28125
0.347971,1.0,-2639.099121
0.347616,1.0,-2636.441895
0.347616,1.0,-2637.32373
0.347616,1.0,-2636.207764
0.348209,1.0,-2639.862793
0.348209,1.0,-2638.57959
0.345634,1.0,-2641.705566
0.345634,1.0,-2643.378174
0.346069,1.0,-2640.680176
0.346069,1.0,-2634.498047
0.346194,1.0,-2635.98877
0.346194,1.0,-2636.111328
0.346194,1.0,-2637.910645
0.346194,1.0,-2645.928223
0.347476,1.0,-2638.582764
0.347476,1.0,-2638.48584
0.347984,1.0,-2640.394043
0.347984,1.0,-2646.924561
0.347984,1.0,-2643.392578
0.347984,1.0,-2638.280762
0.348615,1.0,-2641.162598
0.348615,1.0,-2639.876465
0.349602,1.0,-2638.980713
0.349602,1.0,-2637.448242
0.349602,1.0,-2637.366455
0.350673,1.0,-2635.117676
0.350569,1.0,-2634.710938
0.352234,1.0,-2638.756836
0.353068,1.0,-2637.553223
0.352848,1.0,-2635.848389
0.351852,1.0,-2637.938965
0.351852,1.0,-2636.72168
0.351852,1.0,-2642.920166
0.351852,1.0,-2636.229736
0.351852,1.0,-2638.594238
0.351852,1.0,-2638.931152
0.351852,1.0,-2637.962158
0.351852,1.0,-2633.74707
0.352437,1.0,-2636.990234
0.352437,1.0,-2635.423828
0.352437,1.0,-2633.095459
0.352437,1.0,-2637.626709
0.351477,1.0,-2636.708496
0.351477,1.0,-2639.132324
0.350569,1.0,-2637.114502
0.350296,1.0,-2638.209473
0.350296,1.0,-2636.441406
0.349264,1.0,-2639.617676
0.347976,1.0,-2638.85498
0.347966,1.0,-2639.720215
0.347879,1.0,-2635.807129
0.347631,1.0,-2640.797852
0.347631,1.0,-2637.300781
0.347926,1.0,-2635.703613
0.347335,1.0,-2640.760254
0.347335,1.0,-2641.405762
0.347335,1.0,-2636.729004
0.347335,1.0,-2638.801025
0.347335,1.0,-2636.384033
0.347335,1.0,-2638.586426
0.347922,1.0,-2640.621826
0.347922,1.0,-2634.801025
0.345656,1.0,-2636.27124
0.346907,1.0,-2641.361816
0.346831,1.0,-2639.538574
0.346018,1.0,-2637.513916
0.34698,1.0,-2638.785156
0.34698,1.0,-2637.703613
0.34698,1.0,-2637.393066
0.345833,1.0,-2641.081543
0.345962,1.0,-2643.828125
0.345962,1.0,-2640.495605
0.346506,1.0,-2637.543945
0.346109,1.0,-2638.135986
0.345799,1.0,-2645.73877
0.345799,1.0,-2636.451172
0.345449,1.0,-2636.416992
0.34387,1.0,-2638.924561
0.344044,1.0,-2637.614746
0.344044,1.0,-2638.147949
0.344044,1.0,-2637.567139
0.343496,1.0,-2640.105225
0.344959,1.0,-2638.443359
0.346248,1.0,-2643.878906
0.346847,1.0,-2641.358887
0.346917,1.0,-2640.546143
0.346917,1.0,-2640.903809
0.344968,1.0,-2639.929199
0.344748,1.0,-2637.335938
0.346613,1.0,-2643.426025
0.346613,1.0,-2632.915527
0.346613,1.0,-2637.563721
0.34588,1.0,-2635.071289
0.34588,1.0,-2632.343262
0.34588,1.0,-2634.139648
0.345927,1.0,-2639.334229
0.345927,1.0,-2640.109863
0.346965,1.0,-2636.580811
0.34763,1.0,-2637.047852
0.346607,1.0,-2639.765625
0.346607,1.0,-2639.867188
0.346607,1.0,-2640.450684
0.346607,1.0,-2637.775391
0.345668,1.0,-2640.852539
0.345156,1.0,-2634.155762
0.345156,1.0,-2633.129883
0.344923,1.0,-2641.866211
0.344923,1.0,-2640.37207
0.344432,1.0,-2641.457031
0.344131,1.0,-2638.767578
0.343922,1.0,-2636.429932
0.344212,1.0,-2641.530762
0.345102,1.0,-2638.169922
0.34525,1.0,-2636.328369
0.344664,1.0,-2634.3125
0.344664,1.0,-2639.730957
0.34567,1.0,-2641.912109
0.346279,1.0,-2641.737793
0.348363,1.0,-2639.785645
0.349506,1.0,-2637.369629
0.348468,1.0,-2637.324707
0.348468,1.0,-2637.274902
0.347078,1.0,-2636.326172
0.346701,1.0,-2635.174561
0.346701,1.0,-2637.658447
0.346701,1.0,-2637.666016
0.346939,1.0,-2642.931641
0.346939,1.0,-2639.300049
0.347926,1.0,-2638.581787
0.347926,1.0,-2639.518555
0.34727,1.0,-2640.465332
0.346894,1.0,-2635.905273
0.346894,1.0,-2635.219727
0.348688,1.0,-2643.037109
0.348038,1.0,-2635.750977
0.348826,1.0,-2636.060059
0.349279,1.0,-2639.501465
0.350893,1.0,-2638.794922
0.350893,1.0,-2640.535156
0.353395,1.0,-2635.764893
0.352948,1.0,-2641.355469
0.351899,1.0,-2638.391357
0.351899,1.0,-2640.672363
0.352459,1.0,-2636.654297
0.351613,1.0,-2639.630859
0.352116,1.0,-2639.113037
0.353871,1.0,-2637.343262
0.353287,1.0,-2634.806396
0.353076,1.0,-2639.57666
0.353076,1.0,-2639.166016
0.353076,1.0,-2642.743652
0.353076,1.0,-2632.023926
0.353076,1.0,-2640.365967
0.352134,1.0,-2640.378662
0.353357,1.0,-2638.16626
0.353357,1.0,-2639.717773
0.353876,1.0,-2637.403564
0.353876,1.0,-2637.746094
0.35319,1.0,-2640.232422
0.353035,1.0,-2637.908203
0.353035,1.0,-2637.314209
0.353475,1.0,-2639.835938
0.353466,1.0,-2636.946533
0.353568,1.0,-2640.575928
0.353568,1.0,-2638.476318
0.354678,1.0,-2642.07251
0.355047,1.0,-2632.829102
0.354962,1.0,-2636.133301
0.354962,1.0,-2632.828613
0.353508,1.0,-2637.170898
0.354309,1.0,-2635.387695
0.354309,1.0,-2634.363281
0.354309,1.0,-2639.647461
0.354304,1.0,-2640.654297
0.356093,1.0,-2641.760986
0.353376,1.0,-2643.236328
0.353376,1.0,-2638.097412
0.353376,1.0,-2637.841064
0.353376,1.0,-2637.606445
0.353376,1.0,-2637.938965
0.354616,1.0,-2635.823975
0.353695,1.0,-2638.828613
0.353152,1.0,-2639.596191
0.353152,1.0,-2637.35376
0.354483,1.0,-2636.188721
0.354483,1.0,-2635.150635
0.355683,1.0,-2635.438232
0.356204,1.0,-2641.885742
0.356964,1.0,-2635.34082
0.358836,1.0,-2637.202637
0.358778,1.0,-2638.615967
0.358778,1.0,-2636.9729
0.358778,1.0,-2638.862793
0.358778,1.0,-2636.762207
0.358778,1.0,-2637.06543
0.358778,1.0,-2642.4375
0.357638,1.0,-2640.343262
0.358179,1.0,-2642.453125
0.358326,1.0,-2636.834473
0.358326,1.0,-2639.617188
0.358045,1.0,-2639.443359
0.358045,1.0,-2640.17749
0.358045,1.0,-2642.347656
0.357783,1.0,-2638.697266
0.357056,1.0,-2639.103516
0.355639,1.0,-2639.229492
0.355639,1.0,-2638.074707
0.355639,1.0,-2640.005859
0.356023,1.0,-2633.124512
0.356133,1.0,-2639.270996
0.354956,1.0,-2640.702881
0.354956,1.0,-2635.383057
0.355471,1.0,-2636.865723
0.355471,1.0,-2635.470703
0.355471,1.0,-2638.23584
0.355471,1.0,-2638.279297
0.356206,1.0,-2642.7854
0.354061,1.0,-2637.881592
0.354582,1.0,-2638.572266
0.354582,1.0,-2641.693848
0.354582,1.0,-2637.424072
0.354245,1.0,-2635.643311
0.354245,1.0,-2635.97998
0.353677,1.0,-2636.491699
0.352124,1.0,-2638.027832
0.351829,1.0,-2638.731934
0.352412,1.0,-2635.914551
0.351049,1.0,-2638.329834
0.352668,1.0,-2635.461426
0.352801,1.0,-2639.244873
0.352801,1.0,-2636.434814
0.352801,1.0,-2636.893555
0.352801,1.0,-2636.081055
0.350969,1.0,-2637.900146
0.350492,1.0,-2641.270508
0.349895,1.0,-2637.327637
0.349607,1.0,-2640.679199
0.349607,1.0,-2638.128418
0.349607,1.0,-2631.438232
0.349607,1.0,-2641.131348
0.350186,1.0,-2641.155273
0.349919,1.0,-2642.217773
0.349018,1.0,-2644.27832
0.349385,1.0,-2635.920898
0.349481,1.0,-2641.998535
0.349481,1.0,-2634.497559
0.349702,1.0,-2637.115723
0.349702,1.0,-2636.868164
0.349702,1.0,-2636.605957
0.349702,1.0,-2636.037354
0.349702,1.0,-2638.802979
0.349702,1.0,-2638.086914
0.350166,1.0,-2642.349609
0.350166,1.0,-2639.356201
0.350607,1.0,-2632.957764
0.351662,1.0,-2638.836426
0.35171,1.0,-2640.541016
0.35171,1.0,-2637.152832
0.351677,1.0,-2637.703857
0.35225,1.0,-2635.839355
0.35225,1.0,-2641.177002
0.350925,1.0,-2635.20166
0.35047,1.0,-2638.828613
0.35047,1.0,-2642.98584
0.350836,1.0,-2638.94751
0.350836,1.0,-2640.727051
0.350115,1.0,-2640.316406
0.350115,1.0,-2639.15918
0.350115,1.0,-2643.269531
0.350874,1.0,-2637.894531
0.350874,1.0,-2639.50293
0.350874,1.0,-2639.943604
0.351709,1.0,-2641.807617
0.351709,1.0,-2636.336426
0.352033,1.0,-2637.255859
0.350363,1.0,-2638.895264
0.353289,1.0,-2637.599609
0.353289,1.0,-2640.404785
0.354138,1.0,-2641.79541
0.356986,1.0,-2637.156494
0.356986,1.0,-2638.916504
0.356986,1.0,-2641.187988
0.356986,1.0,-2635.682373
0.356248,1.0,-2638.14917
0.356248,1.0,-2635.14209
0.356248,1.0,-2636.568848
0.356248,1.0,-2638.848633
0.355737,1.0,-2640.333496
0.354482,1.0,-2634.173584
0.354758,1.0,-2641.877441
0.354918,1.0,-2635.351074
0.354918,1.0,-2635.295654
0.354928,1.0,-2639.017578
0.354928,1.0,-2634.87207
0.354928,1.0,-2639.703613
0.353759,1.0,-2636.501953
0.353467,1.0,-2636.10498
0.353467,1.0,-2633.774902
0.352631,1.0,-2645.21582
0.352631,1.0,-2635.075195
0.351244,1.0,-2638.074707
0.351503,1.0,-2635.350586
0.351663,1.0,-2641.078125
0.352373,1.0,-2641.191895
0.352373,1.0,-2640.075928
0.351358,1.0,-2640.984863
0.350109,1.0,-2645.489746
0.350109,1.0,-2638.341553
0.350109,1.0,-2637.881348
0.349383,1.0,-2633.843994
0.351909,1.0,-2635.01123
0.351164,1.0,-2638.73999
0.351615,1.0,-2640.479736
0.351615,1.0,-2638.550781
0.353464,1.0,-2635.875732
0.353464,1.0,-2636.118164
0.353543,1.0,-2640.188965
0.353543,1.0,-2637.189453
0.353543,1.0,-2633.220703
0.353866,1.0,-2639.235107
0.354453,1.0,-2642.788818
0.354284,1.0,-2642.281738
0.354843,1.0,-2637.339355
0.354843,1.0,-2638.104004
0.353719,1.0,-2639.790527
0.353719,1.0,-2639.084717
0.354539,1.0,-2638.966309
0.354539,1.0,-2640.37915
0.353092,1.0,-2640.039062
0.353092,1.0,-2635.039551
0.355398,1.0,-2636.696045
0.355398,1.0,-2638.468262
0.353694,1.0,-2639.744385
0.353694,1.0,-2640.027344
0.353188,1.0,-2638.180664
0.353216,1.0,-2639.625488
0.353216,1.0,-2637.779297
0.354173,1.0,-2637.494385
0.353754,1.0,-2643.956543
0.353754,1.0,-2638.445312
0.353604,1.0,-2638.032471
0.353654,1.0,-2638.934814
0.353151,1.0,-2638.387939
0.353151,1.0,-2637.830566
0.351446,1.0,-2638.174316
0.352225,1.0,-2640.798584
0.352583,1.0,-2643.380371
0.352583,1.0,-2641.864502
0.352583,1.0,-2636.655762
0.352583,1.0,-2632.769287
0.351671,1.0,-2638.849121
0.351671,1.0,-2636.537109
0.351671,1.0,-2638.165527
0.351671,1.0,-2637.147461
0.350735,1.0,-2635.769043
0.350735,1.0,-2633.444092
0.350735,1.0,-2643.435547
0.350836,1.0,-2633.022705
0.348821,1.0,-2640.052734
0.348821,1.0,-2636.677979
0.350514,1.0,-2639.476562
0.350514,1.0,-2640.045654
0.350514,1.0,-2639.124268
0.350916,1.0,-2637.329102
0.350916,1.0,-2635.335938
0.350916,1.0,-2636.131836
0.350916,1.0,-2640.019775
0.347769,1.0,-2634.372314
0.347769,1.0,-2638.934082
0.346802,1.0,-2632.892822
0.346691,1.0,-2635.425293
0.346691,1.0,-2632.925293
0.345078,1.0,-2641.694824
0.345078,1.0,-2641.117188
0.345078,1.0,-2640.977295
0.345078,1.0,-2636.844238
0.345515,1.0,-2638.225342
0.345953,1.0,-2640.398682
0.345953,1.0,-2639.802246
0.34681,1.0,-2639.692383
0.345514,1.0,-2641.944092
0.344632,1.0,-2641.316406
0.343094,1.0,-2640.530273
0.343507,1.0,-2635.696533
0.343605,1.0,-2642.210449
0.343605,1.0,-2639.80127
0.343605,1.0,-2640.678223
0.343859,1.0,-2635.682129
0.342856,1.0,-2636.11377
0.343618,1.0,-2638.861816
0.344258,1.0,-2636.862793
0.342952,1.0,-2641.563232
0.342952,1.0,-2636.873535
0.342952,1.0,-2641.438477
0.342461,1.0,-2639.932129
0.342461,1.0,-2640.985107
0.342461,1.0,-2635.336914
0.344112,1.0,-2641.236816
0.343958,1.0,-2637.20459
0.346272,1.0,-2639.851562
0.345601,1.0,-2635.396484
0.344553,1.0,-2640.23584
0.343784,1.0,-2638.08374
0.343146,1.0,-2639.13916
0.343146,1.0,-2645.491699
0.343146,1.0,-2638.996338
0.343146,1.0,-2638.251221
0.343146,1.0,-2640.411621
0.343146,1.0,-2640.604736
0.342787,1.0,-2640.87207
0.343533,1.0,-2637.872559
0.342773,1.0,-2637.606445
0.343521,1.0,-2640.003906
0.343521,1.0,-2639.427246
0.343521,1.0,-2639.192871
0.345345,1.0,-2637.541504
0.346645,1.0,-2642.977539
0.34672,1.0,-2640.351074
0.346445,1.0,-2637.693359
0.346445,1.0,-2638.872803
0.346687,1.0,-2635.237793
0.348078,1.0,-2637.469238
0.348826,1.0,-2639.381592
0.348826,1.0,-2632.571045
0.348826,1.0,-2632.80957
0.348826,1.0,-2634.304932
0.349439,1.0,-2640.088867
0.34922,1.0,-2640.391113
0.349285,1.0,-2636.758545
0.348975,1.0,-2637.407227
0.348975,1.0,-2636.509521
0.348975,1.0,-2641.537109
0.350095,1.0,-2639.395508
0.350014,1.0,-2635.067871
0.350014,1.0,-2642.363037
0.350014,1.0,-2634.234619
0.350014,1.0,-2636.30127
0.350014,1.0,-2637.961914
0.350014,1.0,-2636.720947
0.350014,1.0,-2637.689209
0.350014,1.0,-2637.559082
0.350014,1.0,-2638.499756
0.348823,1.0,-2634.136719
0.348823,1.0,-2634.685547
0.348823,1.0,-2637.091797
0.349784,1.0,-2644.802246
0.349784,1.0,-2640.376221
0.350613,1.0,-2632.145996
0.350898,1.0,-2640.161621
0.351315,1.0,-2640.757324
0.351315,1.0,-2639.893555
0.351315,1.0,-2635.553223
0.351315,1.0,-2640.148682
0.351315,1.0,-2638.172852
0.352905,1.0,-2638.77832
0.352905,1.0,-2635.699707
0.352905,1.0,-2637.100098
0.352905,1.0,-2638.818359
0.352905,1.0,-2639.672363
0.353776,1.0,-2639.401855
0.352005,1.0,-2639.259766
0.352005,1.0,-2635.84375
0.352271,1.0,-2635.430176
0.352296,1.0,-2638.176758
0.352296,1.0,-2639.063965
0.351717,1.0,-2637.118652
0.352905,1.0,-2634.138672
0.352078,1.0,-2634.997559
0.353395,1.0,-2642.370117
0.354173,1.0,-2634.646484
0.354173,1.0,-2640.999023
0.354173,1.0,-2643.352051
0.354173,1.0,-2635.095703
0.353429,1.0,-2640.849121
0.353074,1.0,-2639.0625
0.353074,1.0,-2636.644043
0.352548,1.0,-2639.166016
0.352548,1.0,-2637.224121
0.354854,1.0,-2637.287598
0.352998,1.0,-2639.802979
0.353228,1.0,-2641.318848
0.352767,1.0,-2646.375977
0.353531,1.0,-2634.578857
0.353531,1.0,-2639.818848
0.35106,1.0,-2639.168213
0.35106,1.0,-2636.905273
0.35106,1.0,-2633.746094
0.351375,1.0,-2637.310303
0.350501,1.0,-2638.815918
0.350501,1.0,-2632.182129
0.350514,1.0,-2639.788574
0.350457,1.0,-2639.163574
0.34971,1.0,-2638.666504
0.349929,1.0,-2637.805908
0.350178,1.0,-2642.415039
0.348419,1.0,-2644.028809
0.348419,1.0,-2639.905762
0.348419,1.0,-2639.469482
0.348419,1.0,-2637.64209
0.348419,1.0,-2640.722656
0.348111,1.0,-2641.015137
0.3469,1.0,-2636.711914
0.347136,1.0,-2636.945557
0.347876,1.0,-2638.384277
0.349407,1.0,-2641.01123
0.349428,1.0,-2632.768066
0.348974,1.0,-2631.731934
0.348389,1.0,-2637.728516
0.348316,1.0,-2642.635254
0.347844,1.0,-2642.061279
0.347273,1.0,-2637.72168
0.347273,1.0,-2637.629883
0.346047,1.0,-2634.311523
0.346047,1.0,-2638.71167
0.346488,1.0,-2640.200439
0.346432,1.0,-2643.948486
0.346432,1.0,-2641.161133
0.345431,1.0,-2639.25
0.345807,1.0,-2637.311035
0.345253,1.0,-2642.4375
0.344823,1.0,-2640.623535
0.345192,1.0,-2635.411621
0.345321,1.0,-2637.035156
0.343024,1.0,-2642.69873
0.343024,1.0,-2634.172119
0.341434,1.0,-2637.714844
0.342195,1.0,-2637.935059
0.343198,1.0,-2636.27124
0.343198,1.0,-2640.840332
0.34509,1.0,-2635.723145
0.344604,1.0,-2635.566406
0.344604,1.0,-2638.524902
0.344671,1.0,-2642.729736
0.344671,1.0,-2639.354004
0.344671,1.0,-2635.821289
0.344671,1.0,-2638.744629
0.344671,1.0,-2640.104492
0.343984,1.0,-2643.821533
0.344621,1.0,-2644.390381
0.344621,1.0,-2635.496338
0.343371,1.0,-2636.463867
0.343371,1.0,-2635.627441
0.343582,1.0,-2638.177002
0.343582,1.0,-2640.084961
0.342647,1.0,-2642.751465
0.343294,1.0,-2638.684326
0.343294,1.0,-2638.538086
0.344571,1.0,-2638.954102
0.343959,1.0,-2641.530518
0.344834,1.0,-2638.050049
0.344498,1.0,-2637.804688
0.343987,1.0,-2643.14502
0.343987,1.0,-2640.405518
0.344886,1.0,-2638.845703
0.344886,1.0,-2633.91626
0.344886,1.0,-2645.187988
0.34428,1.0,-2639.497559
0.344302,1.0,-2634.966797
0.344302,1.0,-2638.270508
0.344302,1.0,-2635.474121
0.343296,1.0,-2643.373047
0.343296,1.0,-2646.734131
0.344182,1.0,-2642.626953
0.344182,1.0,-2640.32373
0.345659,1.0,-2637.95752
0.348122,1.0,-2644.464844
0.348122,1.0,-2638.438232
0.348122,1.0,-2641.104492
0.349279,1.0,-2640.074707
0.349279,1.0,-2637.793701
0.349279,1.0,-2637.717285
0.348468,1.0,-2637.732422
0.348362,1.0,-2636.039307
0.348362,1.0,-2637.94458
0.349473,1.0,-2640.663086
0.349473,1.0,-2640.4375
0.347756,1.0,-2638.120605
0.347927,1.0,-2641.422852
0.347543,1.0,-2640.00293
0.348133,1.0,-2636.216309
0.349018,1.0,-2639.905762
0.349018,1.0,-2638.877441
0.349018,1.0,-2647.345947
0.349018,1.0,-2635.53418
0.348046,1.0,-2635.169922
0.347005,1.0,-2634.911621
0.347005,1.0,-2634.336426
0.347005,1.0,-2644.791748
0.347005,1.0,-2636.67041
0.347803,1.0,-2639.36377
0.347803,1.0,-2640.998535
0.347803,1.0,-2638.977295
0.347803,1.0,-2641.305176
0.347803,1.0,-2635.877686
0.349537,1.0,-2639.763672
0.349709,1.0,-2638.766602
0.349709,1.0,-2642.20752
0.349709,1.0,-2636.070312
0.349709,1.0,-2637.482178
0.348666,1.0,-2637.618164
0.348666,1.0,-2633.639648
0.349084,1.0,-2641.318359
0.349084,1.0,-2638.275635
0.349084,1.0,-2639.706543
0.349084,1.0,-2637.374023
0.349084,1.0,-2636.791748
0.349084,1.0,-2638.018799
0.349084,1.0,-2636.452148
0.34896,1.0,-2645.07666
0.348535,1.0,-2644.304688
0.34915,1.0,-2637.980469
0.350425,1.0,-2636.981445
0.351486,1.0,-2637.063965
0.351486,1.0,-2638.047363
0.351486,1.0,-2633.937988
0.351464,1.0,-2641.342041
0.352405,1.0,-2638.926025
0.352405,1.0,-2637.163086
0.352405,1.0,-2635.638184
0.352405,1.0,-2641.591797
0.351736,1.0,-2635.795898
0.351736,1.0,-2637.980713
0.350512,1.0,-2634.917236
0.350346,1.0,-2637.180176
0.351153,1.0,-2644.801514
0.351153,1.0,-2637.444336
0.350833,1.0,-2635.07666
0.351444,1.0,-2636.509277
0.351444,1.0,-2637.472168
0.349725,1.0,-2638.616699
0.349725,1.0,-2635.46875
0.350371,1.0,-2637.862793
0.350371,1.0,-2634.008789
0.350371,1.0,-2638.124512
0.350371,1.0,-2634.782227
0.350371,1.0,-2642.761475
0.35241,1.0,-2635.981934
0.35241,1.0,-2642.578857
0.35241,1.0,-2643.116699
0.353186,1.0,-2643.058838
0.354105,1.0,-2639.839844
0.354427,1.0,-2639.531494
0.353998,1.0,-2639.248047
0.353998,1.0,-2639.312988
0.353998,1.0,-2636.468018
0.353998,1.0,-2640.531738
0.3531,1.0,-2640.118652
0.3531,1.0,-2637.348389
0.3531,1.0,-2639.650391
0.3531,1.0,-2636.78833
0.353565,1.0,-2638.355957
0.353549,1.0,-2634.37915
0.35486,1.0,-2638.030762
0.35486,1.0,-2633.365234
0.356333,1.0,-2633.801758
0.356616,1.0,-2637.740723
0.35621,1.0,-2642.498291
0.355815,1.0,-2643.121094
0.355815,1.0,-2639.108398
0.35461,1.0,-2642.495117
0.354248,1.0,-2644.737549
0.353594,1.0,-2645.095215
0.353449,1.0,-2640.316406
0.354818,1.0,-2637.189941
0.354818,1.0,-2635.734619
0.354966,1.0,-2641.953369
0.354966,1.0,-2634.018311
0.353216,1.0,-2644.509766
0.353216,1.0,-2639.128174
0.353216,1.0,-2639.174805
0.353216,1.0,-2633.641357
0.353216,1.0,-2632.543213
0.353216,1.0,-2638.569092
0.353216,1.0,-2633.937988
0.353471,1.0,-2636.343262
0.3536,1.0,-2636.469482
0.3536,1.0,-2636.218262
0.353085,1.0,-2638.160889
0.353085,1.0,-2636.793945
0.353085,1.0,-2638.009521
0.353134,1.0,-2637.389404
0.352765,1.0,-2645.228027
0.352029,1.0,-2634.732178
0.352734,1.0,-2638.491211
0.352734,1.0,-2637.442627
0.352734,1.0,-2636.104492
0.352108,1.0,-2637.908203
0.352914,1.0,-2640.953369
0.352914,1.0,-2640.062988
0.354277,1.0,-2637.654785
0.352479,1.0,-2638.45459
0.352237,1.0,-2640.350586
0.352592,1.0,-2637.866699
0.352367,1.0,-2640.461914
0.352367,1.0,-2641.53125
0.352367,1.0,-2639.925781
0.352367,1.0,-2641.003906
0.350649,1.0,-2634.866699
0.349557,1.0,-2632.483887
0.348761,1.0,-2641.708496
0.348759,1.0,-2641.527832
0.348759,1.0,-2643.687012
0.348759,1.0,-2639.526367
0.349763,1.0,-2642.511719
0.349499,1.0,-2643.949463
0.349499,1.0,-2639.562988
0.350522,1.0,-2636.371338
0.350461,1.0,-2640.868164
0.350614,1.0,-2640.041748
0.349211,1.0,-2635.859131
0.349264,1.0,-2640.553711
0.349264,1.0,-2636.251953
0.348028,1.0,-2636.773193
0.348352,1.0,-2640.163574
0.347114,1.0,-2640.807129
0.348639,1.0,-2640.149414
0.348273,1.0,-2638.61499
0.348273,1.0,-2639.712891
0.348273,1.0,-2642.696045
0.34795,1.0,-2638.498535
0.347588,1.0,-2636.542969
0.347708,1.0,-2637.860352
0.349315,1.0,-2640.000977
0.349315,1.0,-2637.421875
0.350613,1.0,-2643.075195
0.350613,1.0,-2639.02002
0.350613,1.0,-2640.418457
0.351402,1.0,-2643.314453
0.350686,1.0,-2637.383301
0.350686,1.0,-2640.17749
0.350686,1.0,-2636.365234
0.350894,1.0,-2642.59668
0.350785,1.0,-2641.484131
0.350785,1.0,-2643.022217
0.351236,1.0,-2635.917969
0.352413,1.0,-2637.429688
0.353964,1.0,-2639.12793
0.353964,1.0,-2637.791992
0.353964,1.0,-2642.267334
0.353203,1.0,-2638.975586
0.353203,1.0,-2639.530273
0.352185,1.0,-2638.656006
0.353401,1.0,-2639.464355
0.353398,1.0,-2638.130371
0.354081,1.0,-2638.744629
0.354141,1.0,-2639.611816
0.354141,1.0,-2634.206543
0.354141,1.0,-2635.099609
0.35453,1.0,-2638.849854
0.354202,1.0,-2633.031738
0.354202,1.0,-2636.486328
0.352892,1.0,-2637.516113
0.352763,1.0,-2635.15918
0.35269,1.0,-2641.290527
0.352162,1.0,-2640.151855
0.353059,1.0,-2639.005371
0.354907,1.0,-2644.212891
0.357718,1.0,-2640.051758
0.356145,1.0,-2639.176025
0.356113,1.0,-2636.789551
0.356038,1.0,-2637.646484
0.355427,1.0,-2634.125
0.354668,1.0,-2641.973877
0.355248,1.0,-2635.63916
0.355138,1.0,-2640.523926
0.355138,1.0,-2641.00293
0.354814,1.0,-2643.293945
0.354814,1.0,-2646.156494
0.354814,1.0,-2637.561768
0.353536,1.0,-2634.556641
0.352251,1.0,-2633.728271
0.352848,1.0,-2632.485596
0.352848,1.0,-2637.426025
0.352848,1.0,-2639.474854
0.352402,1.0,-2639.915527
0.352402,1.0,-2636.684326
0.352402,1.0,-2639.977539
0.352402,1.0,-2633.974854
0.352402,1.0,-2640.881348
0.350961,1.0,-2639.63623
0.351378,1.0,-2639.383545
0.351294,1.0,-2638.961914
0.351294,1.0,-2637.220703
0.351294,1.0,-2639.126465
0.35079,1.0,-2637.808594
0.34956,1.0,-2643.272461
0.349005,1.0,-2640.94165
0.349831,1.0,-2637.357178
0.349831,1.0,-2642.375977
0.349952,1.0,-2636.467529
0.349952,1.0,-2633.453125
0.349952,1.0,-2637.307617
0.349591,1.0,-2641.104248
0.349536,1.0,-2637.425293
0.349448,1.0,-2640.320312
0.348687,1.0,-2634.475098
0.347541,1.0,-2642.02417
0.347541,1.0,-2636.612305
0.347541,1.0,-2635.004395
0.347721,1.0,-2635.05957
0.346809,1.0,-2638.291992
0.346809,1.0,-2635.122559
0.347372,1.0,-2637.904297
0.348012,1.0,-2641.224121
0.348012,1.0,-2638.218262
0.348012,1.0,-2637.927002
0.348012,1.0,-2643.378662
0.348012,1.0,-2635.705078
0.34717,1.0,-2634.232422
0.345396,1.0,-2638.741211
0.344183,1.0,-2639.650146
0.344183,1.0,-2638.79834
0.344183,1.0,-2636.952393
0.34428,1.0,-2637.553223
0.34428,1.0,-2638.702148
0.34428,1.0,-2643.884277
0.343636,1.0,-2637.104004
0.344541,1.0,-2641.15625
0.344541,1.0,-2639.087402
0.344665,1.0,-2639.096924
0.345524,1.0,-2642.103027
0.346268,1.0,-2638.583008
0.345784,1.0,-2640.373047
0.345475,1.0,-2636.427979
0.346529,1.0,-2638.240723
0.347499,1.0,-2636.52002
0.347793,1.0,-2640.903564
0.346117,1.0,-2640.691895
0.347561,1.0,-2637.404053
0.347561,1.0,-2639.842285
0.346928,1.0,-2636.764404
0.346928,1.0,-2638.281982
0.347553,1.0,-2639.657959
0.347553,1.0,-2638.922363
0.347553,1.0,-2638.718262
0.347553,1.0,-2639.710938
0.347553,1.0,-2639.857422
0.347553,1.0,-2634.661865
0.347664,1.0,-2638.412109
0.349154,1.0,-2637.965088
0.349154,1.0,-2638.327148
0.349154,1.0,-2640.078613
0.349154,1.0,-2636.757812
0.349154,1.0,-2635.232666
0.349154,1.0,-2641.679688
0.349008,1.0,-2640.352783
0.349008,1.0,-2634.561279
0.349437,1.0,-2638.029297
0.347947,1.0,-2641.130859
0.348678,1.0,-2641.05957
0.34828,1.0,-2636.935059
0.348713,1.0,-2640.156494
0.348713,1.0,-2637.39209
0.347868,1.0,-2640.215576
0.348753,1.0,-2645.130371
0.34956,1.0,-2633.899414
0.34956,1.0,-2639.307129
0.348006,1.0,-2637.317871
0.348006,1.0,-2635.554443
0.347264,1.0,-2643.450195
0.347264,1.0,-2636.840088
0.347264,1.0,-2634.583496
0.347264,1.0,-2641.261963
0.347404,1.0,-2637.939453
0.347404,1.0,-2637.839844
0.347404,1.0,-2635.564941
0.34892,1.0,-2631.303223
0.347532,1.0,-2642.16748
0.347531,1.0,-2640.143555
0.347531,1.0,-2639.163818
0.346963,1.0,-2648.731445
0.34676,1.0,-2638.179443
0.345665,1.0,-2636.704102
0.345539,1.0,-2639.455078
0.345539,1.0,-2641.061035
0.345539,1.0,-2638.791016
0.345539,1.0,-2638.751465
0.344946,1.0,-2642.266357
0.344946,1.0,-2645.549805
0.347096,1.0,-2640.416992
0.348473,1.0,-2636.858154
0.348473,1.0,-2641.504883
0.349872,1.0,-2635.120361
0.349872,1.0,-2640.556396
0.349862,1.0,-2634.307129
0.350804,1.0,-2643.932617
0.350794,1.0,-2638.195312
0.350794,1.0,-2639.779053
0.349299,1.0,-2641.686523
0.34915,1.0,-2636.561279
0.34915,1.0,-2641.68457
0.348947,1.0,-2637.639648
0.348165,1.0,-2639.325684
0.346519,1.0,-2640.566895
0.346519,1.0,-2637.409668
0.345774,1.0,-2636.164062
0.345774,1.0,-2633.297852
0.345774,1.0,-2634.857422
0.345774,1.0,-2634.373779
0.345774,1.0,-2638.820801
0.345419,1.0,-2639.113037
0.346853,1.0,-2635.258545
0.347145,1.0,-2639.376465
0.348258,1.0,-2638.722656
0.348668,1.0,-2637.48877
0.348441,1.0,-2637.629395
0.348215,1.0,-2641.46875
0.348215,1.0,-2636.89502
0.349101,1.0,-2637.427002
0.349101,1.0,-2637.026855
0.349312,1.0,-2637.699219
0.34923,1.0,-2637.782227
0.34923,1.0,-2636.72876
0.34923,1.0,-2644.967041
0.34923,1.0,-2641.674072
0.349927,1.0,-2640.345215
0.349496,1.0,-2639.510254
0.34942,1.0,-2638.764404
0.34942,1.0,-2641.132812
0.349444,1.0,-2637.911621
0.349444,1.0,-2637.502441
0.348537,1.0,-2642.230469
0.34857,1.0,-2638.788574
0.34857,1.0,-2636.336426
0.34857,1.0,-2640.728027
0.34936,1.0,-2635.092285
0.34936,1.0,-2642.291504
0.34936,1.0,-2638.125977
0.34936,1.0,-2636.546875
0.349317,1.0,-2641.756348
0.34781,1.0,-2636.732422
0.34781,1.0,-2635.267578
0.346645,1.0,-2634.686035
0.346645,1.0,-2642.026367
0.347143,1.0,-2632.209717
0.347137,1.0,-2637.294434
0.345742,1.0,-2635.413086
0.345742,1.0,-2637.863281
0.34544,1.0,-2638.790039
0.34544,1.0,-2637.026611
0.34544,1.0,-2638.889893
0.34544,1.0,-2641.758301
0.345875,1.0,-2640.245605
0.346819,1.0,-2639.402832
0.346819,1.0,-2635.436523
0.347258,1.0,-2638.871338
0.348042,1.0,-2635.787354
0.349663,1.0,-2634.808594
0.349008,1.0,-2635.99292
0.349418,1.0,-2642.357422
0.349418,1.0,-2642.427734
0.349418,1.0,-2637.682617
0.349418,1.0,-2632.833008
0.34842,1.0,-2635.878906
0.347519,1.0,-2637.473633
0.346898,1.0,-2641.359375
0.346898,1.0,-2634.908936
0.348629,1.0,-2639.158203
0.348629,1.0,-2638.518555
0.348629,1.0,-2638.242676
0.34886,1.0,-2634.974609
0.34886,1.0,-2634.651367
0.350121,1.0,-2643.489258
0.350121,1.0,-2639.216797
0.348068,1.0,-2640.52002
0.347646,1.0,-2638.364502
0.349893,1.0,-2637.517578
0.349889,1.0,-2638.84668
0.34929,1.0,-2637.961426
0.3515,1.0,-2640.781006
0.3515,1.0,-2635.686035
0.3515,1.0,-2640.243164
0.35092,1.0,-2639.683838
0.35092,1.0,-2636.728271
0.351061,1.0,-2638.428955
0.351061,1.0,-2642.105957
0.351061,1.0,-2636.158203
0.351371,1.0,-2638.07959
0.351371,1.0,-2638.950195
0.351516,1.0,-2646.053223
0.351516,1.0,-2634.837402
0.352497,1.0,-2639.228027
0.352211,1.0,-2638.237793
0.352211,1.0,-2639.606934
0.352211,1.0,-2636.108398
0.352069,1.0,-2638.692383
0.35389,1.0,-2634.657715
0.353277,1.0,-2638.559082
0.353277,1.0,-2635.241455
0.35246,1.0,-2646.08667
0.353028,1.0,-2641.450684
0.353028,1.0,-2639.73584
0.353028,1.0,-2637.564941
0.353028,1.0,-2635.052002
0.353028,1.0,-2637.016846
0.353028,1.0,-2639.250977
0.353028,1.0,-2636.825684
0.350847,1.0,-2635.888672
0.351663,1.0,-2640.164062
0.351663,1.0,-2637.567383
0.351663,1.0,-2642.847168
0.352334,1.0,-2641.725586
0.353958,1.0,-2637.861816
0.353958,1.0,-2640.021484
0.353958,1.0,-2634.757812
0.353958,1.0,-2635.525146
0.353958,1.0,-2641.425781
0.35258,1.0,-2637.883789
0.35258,1.0,-2638.009766
0.35258,1.0,-2631.817871
0.352655,1.0,-2632.580566
0.352655,1.0,-2633.629883
0.352655,1.0,-2635.844238
0.351644,1.0,-2641.893066
0.352842,1.0,-2639.023682
0.353711,1.0,-2640.717773
0.353711,1.0,-2637.71875
0.351526,1.0,-2634.613281
0.352709,1.0,-2636.082764
0.352074,1.0,-2638.36499
0.352074,1.0,-2643.652344
0.351506,1.0,-2634.575928
0.351506,1.0,-2640.590088
0.351506,1.0,-2632.809082
0.351476,1.0,-2632.721191
0.350327,1.0,-2633.5271
0.349612,1.0,-2639.490479
0.349612,1.0,-2638.995605
0.349612,1.0,-2635.729248
0.350817,1.0,-2640.543701
0.351926,1.0,-2642.848145
0.351926,1.0,-2643.986084
0.349222,1.0,-2643.852051
0.348608,1.0,-2636.199219
0.347822,1.0,-2640.63916
0.347231,1.0,-2636.112793
0.347416,1.0,-2639.953613
0.346085,1.0,-2641.870605
0.346085,1.0,-2643.127197
0.346165,1.0,-2636.406006
0.346667,1.0,-2634.725098
0.346667,1.0,-2640.316895
0.347784,1.0,-2639.054688
0.346683,1.0,-2639.777832
0.348915,1.0,-2640.693359
0.347089,1.0,-2637.358643
0.346416,1.0,-2636.979492
0.347463,1.0,-2634.521973
0.34595,1.0,-2637.403809
0.344946,1.0,-2641.442627
0.344946,1.0,-2637.15625
0.343897,1.0,-2643.178711
0.343897,1.0,-2634.737305
0.343897,1.0,-2637.494629
0.344156,1.0,-2634.969727
0.344684,1.0,-2637.171387
0.344684,1.0,-2640.588135
0.344684,1.0,-2634.210449
0.344684,1.0,-2640.464844
0.345065,1.0,-2637.249268
0.345065,1.0,-2643.827637
0.34521,1.0,-2643.831543
0.346214,1.0,-2636.558594
0.346214,1.0,-2644.18457
0.346378,1.0,-2638.497314
0.346378,1.0,-2641.479004
0.344945,1.0,-2641.118652
0.344945,1.0,-2634.785645
0.344945,1.0,-2640.741455
0.344458,1.0,-2640.844971
0.344458,1.0,-2636.536621
0.343567,1.0,-2641.711426
0.342597,1.0,-2635.729736
0.342597,1.0,-2636.23999
0.341996,1.0,-2637.104736
0.341996,1.0,-2643.416504
0.34181,1.0,-2639.447754
0.342201,1.0,-2638.679688
0.342201,1.0,-2640.235352
0.343238,1.0,-2633.651855
0.343238,1.0,-2643.878418
0.342975,1.0,-2642.048828
0.342975,1.0,-2637.698242
0.343321,1.0,-2641.097656
0.341271,1.0,-2637.664062
0.341641,1.0,-2639.292969
0.341144,1.0,-2637.966309
0.341144,1.0,-2641.420898
0.341144,1.0,-2635.242432
0.342301,1.0,-2644.185059
0.342301,1.0,-2642.168457
0.342301,1.0,-2639.612793
0.342301,1.0,-2639.284424
0.342701,1.0,-2636.149902
0.342296,1.0,-2636.26001
0.341386,1.0,-2641.051758
0.341386,1.0,-2638.80835
0.341386,1.0,-2638.021484
0.341386,1.0,-2639.084961
0.341971,1.0,-2639.749512
0.342719,1.0,-2637.310547
0.342719,1.0,-2638.750488
0.342867,1.0,-2644.392578
0.342837,1.0,-2642.863281
0.342837,1.0,-2642.774902
0.342837,1.0,-2636.80249
0.342829,1.0,-2636.442383
0.341422,1.0,-2640.281006
0.341422,1.0,-2643.60498
0.341422,1.0,-2640.599121
0.342241,1.0,-2643.152832
0.340697,1.0,-2638.248047
0.340697,1.0,-2632.875977
0.340442,1.0,-2641.191895
0.340442,1.0,-2641.821045
0.338843,1.0,-2641.44751
0.339233,1.0,-2645.474365
0.339917,1.0,-2640.125488
0.340806,1.0,-2639.540039
0.341178,1.0,-2643.114746
0.341001,1.0,-2642.059326
0.341378,1.0,-2642.2146
0.341667,1.0,-2641.630859
0.339184,1.0,-2640.318848
0.338976,1.0,-2636.89502
0.339044,1.0,-2643.383545
0.339818,1.0,-2642.439697
0.340147,1.0,-2640.928223
0.340752,1.0,-2639.44458
0.33932,1.0,-2643.135986
0.33932,1.0,-2642.439453
0.340117,1.0,-2636.930176
0.339879,1.0,-2641.378174
0.339879,1.0,-2638.842773
0.340392,1.0,-2640.958008
0.340392,1.0,-2639.536621
0.342604,1.0,-2636.744873
0.343518,1.0,-2639.19043
0.343518,1.0,-2633.623047
0.343842,1.0,-2637.238525
0.343112,1.0,-2637.626465
0.343112,1.0,-2638.769287
0.343941,1.0,-2636.988037
0.344527,1.0,-2638.62793
0.345027,1.0,-2637.638184
0.345141,1.0,-2639.435059
0.345141,1.0,-2634.981689
0.346402,1.0,-2641.462158
0.346402,1.0,-2641.323242
0.345769,1.0,-2641.835938
0.34789,1.0,-2636.355957
0.348523,1.0,-2636.747314
0.348523,1.0,-2637.669434
0.348494,1.0,-2637.882324
0.348494,1.0,-2638.718994
0.349021,1.0,-2643.627441
0.351178,1.0,-2637.692871
0.353913,1.0,-2637.890137
0.353947,1.0,-2641.946533
0.353947,1.0,-2637.638428
0.353947,1.0,-2631.930664
0.353314,1.0,-2639.161621
0.351103,1.0,-2640.814209
0.350819,1.0,-2633.979004
0.350191,1.0,-2637.838379
0.350191,1.0,-2639.386719
0.35032,1.0,-2638.651367
0.352021,1.0,-2640.323486
0.352596,1.0,-2638.94043
0.352996,1.0,-2642.675781
0.352996,1.0,-2633.625
0.352996,1.0,-2641.162109
0.353493,1.0,-2637.314453
0.353493,1.0,-2638.047852
0.350802,1.0,-2636.986572
0.351651,1.0,-2639.603027
0.353436,1.0,-2636.265137
0.353543,1.0,-2637.461914
0.354233,1.0,-2636.519043
0.354233,1.0,-2638.929199
0.354233,1.0,-2643.127686
0.354122,1.0,-2635.440918
0.354866,1.0,-2639.587646
0.35601,1.0,-2639.269531
0.356254,1.0,-2640.595703
0.356836,1.0,-2636.830566
0.356836,1.0,-2635.916016
0.356503,1.0,-2636.956055
0.356716,1.0,-2634.770996
0.357141,1.0,-2643.022705
0.356162,1.0,-2641.727539
0.356162,1.0,-2638.412598
0.356162,1.0,-2638.869629
0.357977,1.0,-2634.51709
0.357977,1.0,-2634.025635
0.356069,1.0,-2640.854004
0.35719,1.0,-2636.730713
0.356521,1.0,-2638.93335
0.356527,1.0,-2642.178711
0.356125,1.0,-2635.414062
0.356125,1.0,-2640.898926
0.357033,1.0,-2645.986328
0.357033,1.0,-2645.104492
0.357101,1.0,-2636.658691
0.357101,1.0,-2633.522949
0.35512,1.0,-2642.895508
0.35512,1.0,-2640.939453
0.35512,1.0,-2634.117676
0.354304,1.0,-2641.817871
0.355571,1.0,-2637.724609
0.355673,1.0,-2640.748047
0.356036,1.0,-2639.6875
0.356036,1.0,-2636.736816
0.35637,1.0,-2637.507812
0.35637,1.0,-2636.854736
0.35637,1.0,-2636.926758
0.35637,1.0,-2634.655273
0.35637,1.0,-2635.277344
0.35637,1.0,-2638.841064
0.35637,1.0,-2638.460938
0.357259,1.0,-2638.457275
0.357592,1.0,-2640.589355
0.357592,1.0,-2636.067871
0.357402,1.0,-2640.989746
0.357806,1.0,-2635.066895
0.359291,1.0,-2638.362305
0.358736,1.0,-2635.762695
0.358736,1.0,-2636.11792
0.358736,1.0,-2637.35083
0.358679,1.0,-2644.487305
0.358679,1.0,-2638.538818
0.35932,1.0,-2633.506348
0.359752,1.0,-2634.375488
0.359752,1.0,-2638.359375
0.359752,1.0,-2636.848145
0.358919,1.0,-2638.441406
0.359898,1.0,-2638.245117
0.360659,1.0,-2640.415527
0.360659,1.0,-2643.463623
0.360659,1.0,-2637.224609
0.359078,1.0,-2635.622559
0.359106,1.0,-2639.893799
0.3605,1.0,-2634.876953
0.3605,1.0,-2635.211914
0.36077,1.0,-2637.885498
0.36077,1.0,-2642.263916
0.360617,1.0,-2636.743652
0.360617,1.0,-2638.328369
0.360617,1.0,-2640.62085
0.360617,1.0,-2639.110596
0.362246,1.0,-2637.31543
0.361634,1.0,-2642.441895
0.361634,1.0,-2636.548828
0.361634,1.0,-2642.452881
0.360885,1.0,-2640.425781
0.360885,1.0,-2639.470215
0.360885,1.0,-2641.336914
0.359949,1.0,-2636.242432
0.361517,1.0,-2641.741699
0.361502,1.0,-2639.704102
0.361783,1.0,-2641.704102
0.359905,1.0,-2639.730957
0.360743,1.0,-2639.921875
0.360743,1.0,-2639.074707
0.36046,1.0,-2639.913574
0.36046,1.0,-2637.714844
0.360451,1.0,-2636.592773
0.360451,1.0,-2637.29248
0.360451,1.0,-2634.640137
0.36184,1.0,-2636.660889
0.36184,1.0,-2637.715576
0.36184,1.0,-2644.524414
0.361569,1.0,-2639.102539
0.360899,1.0,-2639.23291
0.360178,1.0,-2637.174561
0.361325,1.0,-2639.086914
0.361325,1.0,-2636.814941
0.361325,1.0,-2639.73877
0.361325,1.0,-2640.723877
0.361325,1.0,-2641.489746
0.361325,1.0,-2636.791016
0.361456,1.0,-2643.713867
0.362032,1.0,-2640.80127
0.360466,1.0,-2635.880127
0.360054,1.0,-2637.410889
0.360398,1.0,-2637.107422
0.360398,1.0,-2640.584961
0.361671,1.0,-2641.385742
0.361671,1.0,-2637.700928
0.360521,1.0,-2643.753418
0.359543,1.0,-2643.983398
0.358889,1.0,-2636.115723
0.358174,1.0,-2634.108887
0.358174,1.0,-2639.644775
0.358541,1.0,-2637.713135
0.358919,1.0,-2644.837402
0.358276,1.0,-2643.383301
0.358726,1.0,-2639.775879
0.358445,1.0,-2637.280029
0.36004,1.0,-2639.804199
0.359801,1.0,-2639.867676
0.358307,1.0,-2639.518066
0.359273,1.0,-2638.21875
0.359273,1.0,-2639.527344
0.359273,1.0,-2640.759766
0.359605,1.0,-2634.229004
0.359605,1.0,-2638.669922
0.359605,1.0,-2635.586426
0.358857,1.0,-2645.361816
0.358205,1.0,-2640.107666
0.358205,1.0,-2641.302734
0.358205,1.0,-2641.589844
0.358205,1.0,-2641.394287
0.358528,1.0,-2637.450684
0.358528,1.0,-2636.436523
0.358528,1.0,-2636.97998
0.358528,1.0,-2639.223145
0.358978,1.0,-2642.801025
0.358978,1.0,-2637.416016
0.357653,1.0,-2638.631836
0.356504,1.0,-2639.636719
0.356437,1.0,-2640.418457
0.354829,1.0,-2638.218262
0.354495,1.0,-2635.466797
0.354616,1.0,-2636.952881
0.354414,1.0,-2636.821777
0.354414,1.0,-2634.360596
0.354414,1.0,-2637.961182
0.353473,1.0,-2631.500732
0.355597,1.0,-2635.381836
0.356299,1.0,-2634.892822
0.356297,1.0,-2642.136719
0.356297,1.0,-2638.55957
0.355469,1.0,-2637.338867
0.355469,1.0,-2639.452148
0.354611,1.0,-2638.240479
0.354451,1.0,-2637.709961
0.354451,1.0,-2640.140625
0.354451,1.0,-2639.48584
0.354656,1.0,-2633.141113
0.353037,1.0,-2640.385742
0.353037,1.0,-2637.667725
0.354355,1.0,-2640.38623
0.354591,1.0,-2640.420166
0.353903,1.0,-2637.87207
0.354154,1.0,-2638.449707
0.354154,1.0,-2634.919922
0.354154,1.0,-2635.933838
0.356518,1.0,-2638.003906
0.356518,1.0,-2641.115723
0.357652,1.0,-2637.551514
0.357652,1.0,-2641.561035
0.357652,1.0,-2633.994141
0.357247,1.0,-2635.800781
0.357108,1.0,-2637.648926
0.357321,1.0,-2635.203613
0.357321,1.0,-2637.820312
0.357321,1.0,-2637.185791
0.355252,1.0,-2642.838135
0.353717,1.0,-2638.393311
0.353717,1.0,-2638.358643
0.35311,1.0,-2638.513672
0.35311,1.0,-2637.93457
0.35311,1.0,-2638.922363
0.353726,1.0,-2634.331299
0.353726,1.0,-2639.119141
0.351968,1.0,-2640.32666
0.351749,1.0,-2638.944092
0.352354,1.0,-2636.37207
0.352354,1.0,-2640.609863
0.353532,1.0,-2631.97168
0.353532,1.0,-2639.17627
0.353187,1.0,-2640.864014
0.355114,1.0,-2634.863281
0.355114,1.0,-2633.728516
0.354941,1.0,-2636.725586
0.35433,1.0,-2637.119141
0.353346,1.0,-2634.861328
0.352431,1.0,-2638.007324
0.353442,1.0,-2633.005859
0.35394,1.0,-2637.368164
0.35394,1.0,-2638.202881
0.354675,1.0,-2639.841797
0.354675,1.0,-2637.751953
0.354675,1.0,-2641.370605
0.355341,1.0,-2637.887695
0.353694,1.0,-2637.943359
0.354582,1.0,-2642.632812
0.354582,1.0,-2639.25415
0.354399,1.0,-2636.320312
0.354888,1.0,-2638.593506
0.354888,1.0,-2639.534424
0.354888,1.0,-2637.532715
0.354888,1.0,-2635.055664
0.354888,1.0,-2637.733643
0.354888,1.0,-2640.842285
0.354888,1.0,-2636.194824
0.354888,1.0,-2641.424805
0.353429,1.0,-2639.321777
0.35581,1.0,-2638.083252
0.35581,1.0,-2639.317139
0.35516,1.0,-2638.249512
0.355976,1.0,-2641.009766
0.355867,1.0,-2639.597656
0.355867,1.0,-2639.564453
0.355532,1.0,-2638.750977
0.355845,1.0,-2641.557129
0.357331,1.0,-2640.086426
0.357331,1.0,-2635.387695
0.357406,1.0,-2640.218262
0.355955,1.0,-2634.875732
0.355339,1.0,-2641.646484
0.355339,1.0,-2641.358643
0.356188,1.0,-2635.842529
0.356188,1.0,-2641.590332
0.356188,1.0,-2636.721924
0.357684,1.0,-2645.650879
0.357638,1.0,-2635.401367
0.358445,1.0,-2638.867676
0.358851,1.0,-2637.63916
0.357807,1.0,-2637.721191
0.357708,1.0,-2643.624023
0.357708,1.0,-2631.837402
0.357708,1.0,-2635.740234
0.357902,1.0,-2636.352539
0.357145,1.0,-2642.448242
0.357221,1.0,-2639.274414
0.357221,1.0,-2639.538574
0.357221,1.0,-2640.071289
0.355993,1.0,-2641.390625
0.355993,1.0,-2643.402344
0.355993,1.0,-2638.503418
0.355993,1.0,-2638.509521
0.355993,1.0,-2640.908691
0.356772,1.0,-2640.454102
0.357501,1.0,-2638.952637
0.357501,1.0,-2637.785156
0.357501,1.0,-2643.578125
0.356292,1.0,-2635.098633
0.356292,1.0,-2639.806152
0.356292,1.0,-2643.024658
0.356292,1.0,-2642.9375
0.356292,1.0,-2635.891357
0.355831,1.0,-2642.239502
0.355831,1.0,-2634.623535
0.355388,1.0,-2634.544434
0.355933,1.0,-2640.52832
0.355933,1.0,-2636.92627
0.35432,1.0,-2635.54126
0.35432,1.0,-2636.92749
0.35432,1.0,-2635.769043
0.354989,1.0,-2639.611328
0.354989,1.0,-2640.72168
0.356194,1.0,-2639.122559
0.356352,1.0,-2639.345703
0.356352,1.0,-2640.86084
0.356352,1.0,-2639.32959
0.358018,1.0,-2638.450195
0.359938,1.0,-2638.410645
0.359938,1.0,-2636.143066
0.359938,1.0,-2634.246338
0.359938,1.0,-2639.888916
0.359938,1.0,-2638.203125
0.359938,1.0,-2639.819336
0.359938,1.0,-2638.601074
0.359342,1.0,-2637.412109
0.359391,1.0,-2634.089355
0.358493,1.0,-2638.516113
0.357673,1.0,-2638.919434
0.357673,1.0,-2637.999756
0.357673,1.0,-2637.788086
0.358233,1.0,-2645.788086
0.358233,1.0,-2645.429443
0.358233,1.0,-2640.480713
0.359377,1.0,-2644.510742
0.358003,1.0,-2637.545654
0.357784,1.0,-2638.463379
0.357784,1.0,-2640.861328
0.35802,1.0,-2636.799072
0.35802,1.0,-2635.980957
0.357891,1.0,-2639.062744
0.35756,1.0,-2638.941406
0.357655,1.0,-2638.342285
0.355661,1.0,-2638.703613
0.355685,1.0,-2636.896973
0.35587,1.0,-2639.12207
0.35587,1.0,-2637.912109
0.356418,1.0,-2639.24707
0.35647,1.0,-2636.381836
0.357831,1.0,-2638.259521
0.357831,1.0,-2640.160645
0.357831,1.0,-2639.638916
0.356957,1.0,-2640.299316
0.356957,1.0,-2638.541992
0.356825,1.0,-2635.50293
0.356825,1.0,-2636.200195
0.35639,1.0,-2639.277344
0.354839,1.0,-2641.147461
0.354839,1.0,-2634.755371
0.352951,1.0,-2636.640381
0.353181,1.0,-2641.958008
0.353181,1.0,-2641.960938
0.353181,1.0,-2637.392578
0.353179,1.0,-2640.721191
0.354547,1.0,-2641.956055
0.354399,1.0,-2635.437988
0.354992,1.0,-2637.835938
0.356026,1.0,-2634.9375
0.355711,1.0,-2642.280762
0.355711,1.0,-2638.704102
0.356365,1.0,-2642.202637
0.357825,1.0,-2641.60791
0.357825,1.0,-2641.878906
0.357825,1.0,-2640.930908
0.357096,1.0,-2637.308594
0.357096,1.0,-2637.69458
0.356925,1.0,-2634.886475
0.356925,1.0,-2635.555664
0.356377,1.0,-2642.05835
0.357057,1.0,-2639.829834
0.357057,1.0,-2638.010986
0.357057,1.0,-2634.73584
0.357057,1.0,-2640.544189
0.358153,1.0,-2637.539551
0.357915,1.0,-2636.779297
0.357915,1.0,-2637.353027
0.357333,1.0,-2647.246094
0.35832,1.0,-2641.731445
0.35832,1.0,-2635.806396
0.35832,1.0,-2643.0
0.35832,1.0,-2639.154785
0.357413,1.0,-2636.270508
0.357413,1.0,-2642.145508
0.356582,1.0,-2637.29126
0.358119,1.0,-2635.358398
0.357058,1.0,-2639.699707
0.357058,1.0,-2638.333984
0.357058,1.0,-2639.332031
0.357058,1.0,-2640.355957
0.357741,1.0,-2636.799316
0.356843,1.0,-2635.673828
0.356843,1.0,-2639.824707
0.357673,1.0,-2634.598145
0.356839,1.0,-2637.336426
0.356495,1.0,-2642.414062
0.356959,1.0,-2641.016357
0.356044,1.0,-2638.447754
0.357059,1.0,-2636.199219
0.357059,1.0,-2640.752197
0.357855,1.0,-2642.598145
0.357855,1.0,-2636.996094
0.356965,1.0,-2637.207031
0.356965,1.0,-2638.021973
0.357298,1.0,-2640.617432
0.358201,1.0,-2635.724121
0.358139,1.0,-2636.507812
0.359044,1.0,-2641.13623
0.359044,1.0,-2638.444336
0.359494,1.0,-2638.760254
0.359494,1.0,-2637.252197
0.359494,1.0,-2634.678955
0.359494,1.0,-2636.381592
0.359494,1.0,-2640.307861
0.358821,1.0,-2639.92041
0.358622,1.0,-2639.820801
0.358692,1.0,-2635.937256
0.356195,1.0,-2641.083252
0.356195,1.0,-2635.181641
0.355788,1.0,-2638.141357
0.357326,1.0,-2634.897461
0.357172,1.0,-2637.423584
0.357935,1.0,-2639.977539
0.357935,1.0,-2637.803711
0.357935,1.0,-2636.929932
0.360085,1.0,-2638.068359
0.360085,1.0,-2639.165771
0.360796,1.0,-2637.999023
0.360379,1.0,-2641.468018
0.360379,1.0,-2636.092773
0.360379,1.0,-2641.385742
0.359874,1.0,-2636.380127
0.359606,1.0,-2636.871582
0.359606,1.0,-2635.027832
0.359606,1.0,-2636.953125
0.35962,1.0,-2639.112061
0.35962,1.0,-2633.624268
0.359803,1.0,-2641.570068
0.360443,1.0,-2645.990479
0.360443,1.0,-2636.254883
0.360443,1.0,-2639.280029
0.360181,1.0,-2638.785645
0.360044,1.0,-2638.557617
0.361473,1.0,-2639.464355
0.361232,1.0,-2638.432373
0.361232,1.0,-2638.592529
0.362537,1.0,-2637.099609
0.36142,1.0,-2635.760986
0.36142,1.0,-2639.775879
0.363494,1.0,-2639.077148
0.363494,1.0,-2634.462646
0.36295,1.0,-2636.309814
0.36295,1.0,-2631.692383
0.36396,1.0,-2640.836914
0.36555,1.0,-2640.024414
0.366122,1.0,-2642.884521
0.365056,1.0,-2638.050049
0.365056,1.0,-2641.016846
0.364948,1.0,-2642.699463
0.365721,1.0,-2634.4375
0.365567,1.0,-2642.611328
0.365567,1.0,-2641.543945
0.364369,1.0,-2643.353027
0.364369,1.0,-2638.88916
0.362848,1.0,-2646.086426
0.362355,1.0,-2637.508301
0.362355,1.0,-2639.886475
0.362355,1.0,-2635.810791
0.361766,1.0,-2645.454346
0.361766,1.0,-2635.049805
0.361117,1.0,-2640.332031
0.360998,1.0,-2637.012695
0.360998,1.0,-2638.695312
0.360998,1.0,-2638.382812
0.360998,1.0,-2636.652832
0.360946,1.0,-2638.081787
0.360946,1.0,-2639.824463
0.360843,1.0,-2640.518066
0.359732,1.0,-2639.46582
0.357887,1.0,-2639.131836
0.359849,1.0,-2641.647461
0.359849,1.0,-2636.036133
0.359876,1.0,-2639.392822
0.359439,1.0,-2640.006348
0.360017,1.0,-2642.279297
0.361274,1.0,-2641.537354
0.361274,1.0,-2643.718018
0.361475,1.0,-2638.237305
0.361475,1.0,-2635.826172
0.361475,1.0,-2639.57959
0.362225,1.0,-2637.185547
0.362225,1.0,-2639.089111
0.362225,1.0,-2637.615723
0.361181,1.0,-2640.613281
0.359529,1.0,-2641.227051
0.358298,1.0,-2644.921631
0.357479,1.0,-2640.085449
0.357479,1.0,-2638.363525
0.357479,1.0,-2637.935547
0.357479,1.0,-2635.895996
0.3562,1.0,-2638.658691
0.357197,1.0,-2643.858887
0.357197,1.0,-2640.553711
0.357197,1.0,-2635.110352
0.357918,1.0,-2643.334473
0.357918,1.0,-2635.342529
0.357918,1.0,-2642.594727
0.357683,1.0,-2635.397949
0.357683,1.0,-2645.24292
0.357683,1.0,-2637.703125
0.357683,1.0,-2641.030273
0.358013,1.0,-2642.378418
0.356469,1.0,-2636.40625
0.356061,1.0,-2634.549805
0.356061,1.0,-2640.018555
0.356061,1.0,-2634.692871
0.355319,1.0,-2633.479736
0.354371,1.0,-2643.888428
0.354775,1.0,-2639.007812
0.354775,1.0,-2637.906982
0.354775,1.0,-2633.607422
0.352755,1.0,-2643.500732
0.352755,1.0,-2637.424805
0.352755,1.0,-2635.09082
0.350815,1.0,-2635.02002
0.352648,1.0,-2636.76416
0.353456,1.0,-2630.720703
0.35288,1.0,-2641.319824
0.35288,1.0,-2641.640137
0.352874,1.0,-2645.679932
0.35286,1.0,-2636.054688
0.35286,1.0,-2639.883301
0.352948,1.0,-2633.698242
0.352667,1.0,-2639.043945
0.352667,1.0,-2635.581055
0.352724,1.0,-2643.54126
0.352724,1.0,-2634.787109
0.354109,1.0,-2642.753662
0.354109,1.0,-2637.634277
0.353495,1.0,-2638.724609
0.353495,1.0,-2634.936523
0.353495,1.0,-2641.188477
0.353468,1.0,-2641.995117
0.353173,1.0,-2632.758789
0.353825,1.0,-2640.226318
0.356168,1.0,-2640.472412
0.356168,1.0,-2638.829346
0.356532,1.0,-2638.085693
0.357199,1.0,-2643.453125
0.357199,1.0,-2640.556885
0.357199,1.0,-2641.036621
0.357199,1.0,-2634.834473
0.357199,1.0,-2634.237061
0.357199,1.0,-2637.935059
0.357863,1.0,-2633.246094
0.357863,1.0,-2635.40918
0.358755,1.0,-2640.541016
0.358111,1.0,-2639.719238
0.358111,1.0,-2636.947754
0.359761,1.0,-2642.159912
0.359761,1.0,-2640.04126
0.359761,1.0,-2641.384277
0.359549,1.0,-2635.645752
0.359733,1.0,-2641.718994
0.360143,1.0,-2639.980957
0.360452,1.0,-2637.563965
0.361401,1.0,-2639.134766
0.361401,1.0,-2638.164062
0.361401,1.0,-2639.53418
0.360988,1.0,-2636.688477
0.361095,1.0,-2639.739746
0.360909,1.0,-2631.819092
0.36071,1.0,-2641.710938
0.359478,1.0,-2638.557129
0.359478,1.0,-2636.405762
0.359478,1.0,-2637.971924
0.35915,1.0,-2636.566895
0.35717,1.0,-2641.509277
0.358843,1.0,-2635.948242
0.358843,1.0,-2638.006836
0.358147,1.0,-2639.696045
0.358147,1.0,-2640.271973
0.357866,1.0,-2633.895508
0.358243,1.0,-2639.335938
0.358049,1.0,-2627.284424
0.358049,1.0,-2637.619629
0.357424,1.0,-2640.526611
0.359243,1.0,-2641.35791
0.361309,1.0,-2634.384766
0.361309,1.0,-2638.654785
0.361309,1.0,-2637.999756
0.362045,1.0,-2637.838135
0.362045,1.0,-2635.727783
0.360352,1.0,-2636.992676
0.362288,1.0,-2640.556152
0.362288,1.0,-2635.035645
0.362288,1.0,-2642.469482
0.362288,1.0,-2642.650146
0.361426,1.0,-2640.499512
0.361426,1.0,-2636.178223
0.36119,1.0,-2630.336182
0.361411,1.0,-2639.845703
0.361679,1.0,-2639.39917
0.360854,1.0,-2641.361572
0.361447,1.0,-2638.254395
0.361447,1.0,-2638.864258
0.363483,1.0,-2636.589844
0.363483,1.0,-2639.484863
0.363203,1.0,-2638.475098
0.363203,1.0,-2635.495117
0.362972,1.0,-2639.591309
0.362525,1.0,-2634.390137
0.362525,1.0,-2638.935791
0.362525,1.0,-2633.184326
0.362525,1.0,-2638.837891
0.360968,1.0,-2636.29541
0.360968,1.0,-2636.497803
0.360968,1.0,-2639.185059
0.361883,1.0,-2634.759766
0.361883,1.0,-2637.149902
0.361883,1.0,-2639.197266
0.361883,1.0,-2637.783447
0.364273,1.0,-2642.162109
0.364273,1.0,-2636.648193
0.36537,1.0,-2643.849121
0.36537,1.0,-2634.316406
0.36537,1.0,-2639.698975
0.36537,1.0,-2642.377441
0.36641,1.0,-2641.131104
0.36655,1.0,-2639.518066
0.367013,1.0,-2643.671143
0.369194,1.0,-2640.371826
0.369476,1.0,-2636.10083
0.369476,1.0,-2638.310059
0.369476,1.0,-2641.156494
0.368623,1.0,-2644.43457
0.367395,1.0,-2636.57959
0.366948,1.0,-2642.398438
0.36642,1.0,-2640.030273
0.36642,1.0,-2636.010254
0.36642,1.0,-2638.770508
0.365458,1.0,-2637.059814
0.365578,1.0,-2639.934814
0.365578,1.0,-2643.381348
0.364181,1.0,-2639.07959
0.365421,1.0,-2639.306641
0.367391,1.0,-2638.498291
0.368179,1.0,-2642.684814
0.367496,1.0,-2637.057861
0.368285,1.0,-2638.739014
0.368285,1.0,-2641.176514
0.366748,1.0,-2640.171631
0.366748,1.0,-2640.86792
0.36782,1.0,-2640.840088
0.368074,1.0,-2642.011719
0.369162,1.0,-2641.290527
0.369162,1.0,-2643.914062
0.368393,1.0,-2642.959473
0.368529,1.0,-2641.245605
0.368529,1.0,-2640.711426
0.368393,1.0,-2644.524414
0.369778,1.0,-2639.025391
0.368673,1.0,-2644.678223
0.368673,1.0,-2641.317139
0.368673,1.0,-2639.44873
0.3677,1.0,-2637.819824
0.367841,1.0,-2639.234863
0.36847,1.0,-2637.571533
0.370303,1.0,-2640.305664
0.370241,1.0,-2640.046875
0.370002,1.0,-2639.959961
0.370002,1.0,-2643.120605
0.369612,1.0,-2637.522217
0.369612,1.0,-2639.180176
0.369612,1.0,-2638.641602
0.369612,1.0,-2639.081543
0.369043,1.0,-2636.628662
0.368603,1.0,-2638.104736
0.368067,1.0,-2636.595459
0.368067,1.0,-2642.603027
0.368067,1.0,-2640.499023
0.368564,1.0,-2643.256104
0.367739,1.0,-2644.483398
0.367739,1.0,-2640.143066
0.367815,1.0,-2637.648926
0.367815,1.0,-2642.375
0.369386,1.0,-2638.905029
0.369388,1.0,-2639.871582
0.369345,1.0,-2641.668457
0.369345,1.0,-2642.010254
0.369345,1.0,-2640.62915
0.369706,1.0,-2637.472412
0.369978,1.0,-2637.161621
0.370307,1.0,-2637.47168
0.370362,1.0,-2635.599609
0.370829,1.0,-2644.541016
0.370829,1.0,-2635.477539
0.37152,1.0,-2641.367188
0.37152,1.0,-2636.947998
0.371633,1.0,-2643.912598
0.371633,1.0,-2638.167969
0.371633,1.0,-2641.828125
0.372242,1.0,-2636.999756
0.372242,1.0,-2642.382568
0.372242,1.0,-2640.234375
0.372242,1.0,-2637.634521
0.372242,1.0,-2639.912109
0.372242,1.0,-2635.026123
0.372242,1.0,-2641.082275
0.372551,1.0,-2641.25
0.371772,1.0,-2641.722168
0.371772,1.0,-2641.559082
0.373074,1.0,-2638.739258
0.372796,1.0,-2638.104004
0.372796,1.0,-2643.615723
0.372796,1.0,-2641.520508
0.373336,1.0,-2641.054199
0.374591,1.0,-2639.486328
0.374591,1.0,-2642.803223
0.374591,1.0,-2643.487793
0.374591,1.0,-2642.976074
0.374591,1.0,-2643.495605
0.375683,1.0,-2642.487793
0.375683,1.0,-2639.015625
0.376271,1.0,-2643.388428
0.376271,1.0,-2646.008057
0.376271,1.0,-2638.754395
0.376271,1.0,-2640.898193
0.376563,1.0,-2643.337891
0.376563,1.0,-2638.467041
0.376563,1.0,-2639.611816
0.377348,1.0,-2638.980469
0.377378,1.0,-2641.941895
0.378054,1.0,-2644.694336
0.377326,1.0,-2634.82959
0.377331,1.0,-2647.21582
0.378305,1.0,-2643.394043
0.377989,1.0,-2640.94873
0.376042,1.0,-2643.856445
0.377259,1.0,-2643.55127
0.377305,1.0,-2645.588379
0.377305,1.0,-2644.621826
0.37646,1.0,-2638.92041
0.376647,1.0,-2645.436035
0.376647,1.0,-2642.538574
0.377571,1.0,-2640.484375
0.376384,1.0,-2644.272705
0.375022,1.0,-2642.720703
0.375022,1.0,-2642.933105
0.375022,1.0,-2640.87915
0.375022,1.0,-2643.304932
0.375022,1.0,-2644.156494
0.375022,1.0,-2638.416016
0.37303,1.0,-2642.496338
0.37303,1.0,-2641.685059
0.375174,1.0,-2639.843018
0.374377,1.0,-2640.775635
0.372978,1.0,-2648.073242
0.372978,1.0,-2641.341797
0.371687,1.0,-2639.215088
0.371755,1.0,-2640.611816
0.371832,1.0,-2639.454102
0.371832,1.0,-2642.88623
0.371196,1.0,-2638.700439
0.372483,1.0,-2639.788574
0.372483,1.0,-2636.483154
0.372483,1.0,-2642.330322
0.372483,1.0,-2639.359375
0.37127,1.0,-2644.094238
0.371461,1.0,-2634.193848
0.371461,1.0,-2640.210693
0.371461,1.0,-2644.774902
0.371461,1.0,-2641.258545
0.371461,1.0,-2643.478516
0.371461,1.0,-2640.14502
0.37183,1.0,-2642.530273
0.37183,1.0,-2638.460449
0.370502,1.0,-2639.775879
0.370502,1.0,-2640.71875
0.370502,1.0,-2638.854492
0.370116,1.0,-2637.273926
0.369991,1.0,-2635.485352
0.369991,1.0,-2639.637939
0.368419,1.0,-2639.21875
0.368419,1.0,-2636.650391
0.368419,1.0,-2636.378662
0.367614,1.0,-2639.227051
0.367614,1.0,-2638.167969
0.367614,1.0,-2638.635498
0.36604,1.0,-2645.833984
0.365028,1.0,-2636.077637
0.362561,1.0,-2635.669678
0.362253,1.0,-2638.179199
0.362253,1.0,-2638.700684
0.362253,1.0,-2643.984131
0.362545,1.0,-2640.308105
0.363569,1.0,-2639.963379
0.364222,1.0,-2643.507568
0.36373,1.0,-2639.334961
0.36373,1.0,-2644.327637
0.362364,1.0,-2639.036377
0.360841,1.0,-2639.592773
0.360841,1.0,-2636.86792
0.361049,1.0,-2642.466064
0.359684,1.0,-2636.347168
0.360648,1.0,-2639.599365
0.360648,1.0,-2634.455566
0.360648,1.0,-2637.003662
0.360648,1.0,-2635.708252
0.360531,1.0,-2635.967773
0.358113,1.0,-2639.591797
0.358405,1.0,-2642.609131
0.358405,1.0,-2635.054688
0.358405,1.0,-2636.388184
0.358405,1.0,-2644.571777
0.358766,1.0,-2636.3125
0.359192,1.0,-2638.151123
0.359192,1.0,-2644.44458
0.358809,1.0,-2643.595215
0.358293,1.0,-2634.093262
0.358293,1.0,-2640.63916
0.357905,1.0,-2636.558838
0.357741,1.0,-2636.019287
0.357741,1.0,-2638.999023
0.357741,1.0,-2633.464844
0.357741,1.0,-2639.266113
0.357741,1.0,-2633.025391
0.357741,1.0,-2639.769043
0.355936,1.0,-2636.870361
0.355936,1.0,-2638.536865
0.356488,1.0,-2641.779297
0.356488,1.0,-2635.88501
0.35828,1.0,-2641.700195
0.357097,1.0,-2641.7854
0.357745,1.0,-2638.198242
0.358045,1.0,-2639.244141
0.358045,1.0,-2639.229492
0.358045,1.0,-2634.571777
0.358377,1.0,-2640.552979
0.35684,1.0,-2641.194824
0.35684,1.0,-2639.684814
0.35684,1.0,-2636.057129
0.357613,1.0,-2638.631348
0.356887,1.0,-2638.002441
0.356866,1.0,-2635.285645
0.355364,1.0,-2641.851074
0.355364,1.0,-2638.076904
0.355572,1.0,-2636.677734
0.355572,1.0,-2639.749512
0.354624,1.0,-2638.876953
0.354624,1.0,-2635.745605
0.354624,1.0,-2637.331787
0.353019,1.0,-2640.729004
0.353019,1.0,-2641.21582
0.351851,1.0,-2632.727051
0.351851,1.0,-2636.10791
0.35003,1.0,-2636.361328
0.351347,1.0,-2634.263672
0.352717,1.0,-2639.286865
0.352717,1.0,-2639.938721
0.352717,1.0,-2636.994629
0.352717,1.0,-2632.82959
0.352717,1.0,-2639.164307
0.352935,1.0,-2635.728516
0.353208,1.0,-2638.689941
0.353208,1.0,-2638.004395
0.352917,1.0,-2640.22583
0.351151,1.0,-2640.07666
0.351151,1.0,-2638.705566
0.350169,1.0,-2635.946777
0.350169,1.0,-2640.329834
0.349448,1.0,-2635.979004
0.348907,1.0,-2638.864258
0.349165,1.0,-2643.093262
0.349153,1.0,-2634.572754
0.348766,1.0,-2641.936035
0.34656,1.0,-2637.672119
0.347076,1.0,-2637.619141
0.347448,1.0,-2640.175049
0.347448,1.0,-2641.708496
0.347499,1.0,-2641.183594
0.347499,1.0,-2641.717041
0.347435,1.0,-2639.093506
0.347435,1.0,-2637.185791
0.347435,1.0,-2644.432129
0.346141,1.0,-2633.234375
0.346665,1.0,-2640.241455
0.345046,1.0,-2642.466797
0.345046,1.0,-2632.575195
0.345046,1.0,-2639.282227
0.346088,1.0,-2636.557861
0.346088,1.0,-2644.494141
0.345966,1.0,-2643.174805
0.345966,1.0,-2639.102539
0.345539,1.0,-2641.809814
0.34563,1.0,-2637.571289
0.345456,1.0,-2640.919189
0.344174,1.0,-2640.295898
0.344174,1.0,-2638.09668
0.343852,1.0,-2636.905762
0.342267,1.0,-2636.064941
0.342267,1.0,-2640.510742
0.342554,1.0,-2643.167969
0.342973,1.0,-2640.47168
0.343608,1.0,-2641.075684
0.343608,1.0,-2641.326172
0.343585,1.0,-2637.621094
0.345417,1.0,-2636.318359
0.345345,1.0,-2640.96582
0.346597,1.0,-2638.314209
0.348124,1.0,-2636.844971
0.348124,1.0,-2641.223389
0.348124,1.0,-2639.43457
0.347312,1.0,-2634.808105
0.347312,1.0,-2634.861816
0.348327,1.0,-2642.859863
0.349079,1.0,-2632.541992
0.350008,1.0,-2639.217285
0.349728,1.0,-2639.737549
0.349728,1.0,-2637.27832
0.349728,1.0,-2642.056152
0.349728,1.0,-2640.865234
0.350575,1.0,-2641.371582
0.35103,1.0,-2635.652588
0.35192,1.0,-2638.414307
0.35191,1.0,-2638.216064
0.352612,1.0,-2637.831787
0.351299,1.0,-2640.230469
0.349934,1.0,-2639.760254
0.34987,1.0,-2638.650391
0.34987,1.0,-2641.55127
0.349522,1.0,-2637.99707
0.348294,1.0,-2637.747803
0.348574,1.0,-2639.254395
0.349009,1.0,-2639.484375
0.34798,1.0,-2635.373779
0.346282,1.0,-2640.15332
0.346282,1.0,-2641.957275
0.346282,1.0,-2640.717773
0.347604,1.0,-2639.880859
0.349043,1.0,-2641.831787
0.349043,1.0,-2645.60498
0.350488,1.0,-2637.741943
0.351543,1.0,-2637.247803
0.352447,1.0,-2636.40625
0.355424,1.0,-2635.950439
0.355424,1.0,-2634.433105
0.355137,1.0,-2642.626709
0.355137,1.0,-2635.288818
0.355137,1.0,-2633.259766
0.355917,1.0,-2638.019043
0.354171,1.0,-2637.996826
0.354248,1.0,-2638.049072
0.354248,1.0,-2642.543457
0.354912,1.0,-2633.03125
0.354297,1.0,-2643.440918
0.355586,1.0,-2641.073486
0.355586,1.0,-2636.996826
0.356783,1.0,-2637.542969
0.356783,1.0,-2640.179932
0.358684,1.0,-2633.749512
0.358684,1.0,-2637.609131
0.358684,1.0,-2634.771484
0.358684,1.0,-2640.357422
0.359126,1.0,-2636.123535
0.359126,1.0,-2638.00293
0.359126,1.0,-2640.562012
0.359126,1.0,-2639.475098
0.359126,1.0,-2636.013428
0.36025,1.0,-2638.85083
0.36025,1.0,-2641.639648
0.36025,1.0,-2639.109131
0.360585,1.0,-2633.905762
0.358229,1.0,-2636.55127
0.358229,1.0,-2639.422363
0.357631,1.0,-2638.200195
0.3593,1.0,-2643.350586
0.358698,1.0,-2642.429443
0.358557,1.0,-2642.0979
0.358557,1.0,-2640.016602
0.358557,1.0,-2643.163574
0.358557,1.0,-2641.767578
0.358557,1.0,-2640.52124
0.358557,1.0,-2643.61377
0.358557,1.0,-2638.450928
0.358415,1.0,-2635.734375
0.359132,1.0,-2638.095947
0.359132,1.0,-2634.230957
0.358714,1.0,-2635.575928
0.359032,1.0,-2640.889648
0.358411,1.0,-2637.705566
0.360522,1.0,-2642.353027
0.360522,1.0,-2642.688965
0.361813,1.0,-2632.100586
0.361813,1.0,-2641.310547
0.361813,1.0,-2636.120361
0.359528,1.0,-2643.337402
0.35923,1.0,-2635.603027
0.35923,1.0,-2635.325439
0.357962,1.0,-2636.651855
0.358623,1.0,-2637.57666
0.358623,1.0,-2634.054688
0.358623,1.0,-2639.032715
0.358382,1.0,-2639.557617
0.358383,1.0,-2639.956543
0.358383,1.0,-2636.859375
0.358383,1.0,-2637.401123
0.358792,1.0,-2640.649414
0.359258,1.0,-2643.568604
0.359258,1.0,-2636.469238
0.359258,1.0,-2641.988281
0.359693,1.0,-2642.706055
0.35878,1.0,-2642.291504
0.35878,1.0,-2637.924316
0.359487,1.0,-2635.661621
0.359718,1.0,-2637.441162
0.361042,1.0,-2639.641357
0.361042,1.0,-2635.409668
0.363037,1.0,-2640.466797
0.363037,1.0,-2639.838623
0.36077,1.0,-2641.538574
0.361414,1.0,-2638.047363
0.363148,1.0,-2637.038086
0.363755,1.0,-2639.741211
0.364815,1.0,-2636.945801
0.366455,1.0,-2642.278809
0.366455,1.0,-2641.511963
0.366455,1.0,-2640.52417
0.366455,1.0,-2638.625977
0.366455,1.0,-2641.236572
0.366455,1.0,-2640.948242
0.366455,1.0,-2643.638672
0.365265,1.0,-2641.562988
0.365265,1.0,-2640.818604
0.366689,1.0,-2638.304199
0.366689,1.0,-2635.573242
0.365486,1.0,-2638.452637
0.365486,1.0,-2638.080322
0.365486,1.0,-2637.089111
0.367896,1.0,-2641.746826
0.367896,1.0,-2642.666992
0.367899,1.0,-2638.774902
0.367899,1.0,-2640.734619
0.366276,1.0,-2642.029053
0.365816,1.0,-2637.105225
0.364285,1.0,-2637.390137
0.361671,1.0,-2635.671875
0.361671,1.0,-2635.345215
0.361671,1.0,-2638.498535
0.361671,1.0,-2637.929932
0.361671,1.0,-2638.760254
0.361671,1.0,-2635.242676
0.36144,1.0,-2635.469238
0.361327,1.0,-2646.904297
0.362684,1.0,-2634.393799
0.362684,1.0,-2641.357666
0.362684,1.0,-2642.020264
0.363362,1.0,-2640.38916
0.363362,1.0,-2638.549805
0.363362,1.0,-2638.390625
0.363362,1.0,-2642.626953
0.363362,1.0,-2640.805664
0.363392,1.0,-2645.041016
0.363392,1.0,-2636.72168
0.36147,1.0,-2636.710449
0.361075,1.0,-2639.907227
0.360017,1.0,-2639.890625
0.360017,1.0,-2635.797852
0.360017,1.0,-2638.806885
0.360017,1.0,-2641.19165
0.359655,1.0,-2642.722168
0.358016,1.0,-2642.791504
0.358586,1.0,-2635.86377
0.358586,1.0,-2637.025879
0.358586,1.0,-2636.270752
0.358586,1.0,-2642.726074
0.358586,1.0,-2639.395996
0.358333,1.0,-2641.831055
0.358333,1.0,-2641.673096
0.35889,1.0,-2635.817383
0.35889,1.0,-2631.854492
0.35889,1.0,-2640.699219
0.359838,1.0,-2642.169434
0.359631,1.0,-2640.01416
0.359631,1.0,-2639.026855
0.359631,1.0,-2641.247559
0.358599,1.0,-2637.691406
0.358144,1.0,-2639.307617
0.35818,1.0,-2639.167969
0.358605,1.0,-2641.80127
0.356469,1.0,-2643.094238
0.356469,1.0,-2633.107178
0.356469,1.0,-2637.906494
0.356476,1.0,-2638.232422
0.356476,1.0,-2637.321533
0.356974,1.0,-2635.550293
0.356974,1.0,-2641.079102
0.356974,1.0,-2638.666016
0.356563,1.0,-2638.131836
0.356608,1.0,-2634.012451
0.357805,1.0,-2639.959473
0.357805,1.0,-2636.791992
0.359388,1.0,-2637.820801
0.359388,1.0,-2635.554688
0.359388,1.0,-2634.847656
0.358722,1.0,-2636.158691
0.359322,1.0,-2638.769531
0.359322,1.0,-2637.137207
0.359322,1.0,-2636.494629
0.359322,1.0,-2641.402588
0.357071,1.0,-2634.65625
0.357071,1.0,-2634.426025
0.357071,1.0,-2639.718262
0.357071,1.0,-2634.935059
0.357071,1.0,-2637.101074
0.357071,1.0,-2640.54248
0.357071,1.0,-2638.995605
0.357703,1.0,-2637.689453
0.358744,1.0,-2634.247559
0.358744,1.0,-2633.899414
0.359237,1.0,-2641.492188
0.359031,1.0,-2639.112305
0.35851,1.0,-2638.388428
0.358648,1.0,-2634.382568
0.359007,1.0,-2637.183594
0.358311,1.0,-2638.710938
0.358872,1.0,-2638.328369
0.358872,1.0,-2635.743652
0.357438,1.0,-2639.612549
0.357603,1.0,-2638.791504
0.357603,1.0,-2636.716553
0.357603,1.0,-2635.980957
0.357603,1.0,-2639.430908
0.357028,1.0,-2640.983887
0.357028,1.0,-2642.65332
0.355995,1.0,-2641.455566
0.356056,1.0,-2639.707764
0.356603,1.0,-2638.234863
0.356492,1.0,-2639.337402
0.357805,1.0,-2640.899414
0.357805,1.0,-2640.407715
0.358419,1.0,-2641.39209
0.358211,1.0,-2639.367188
0.358211,1.0,-2642.983398
0.357704,1.0,-2643.770264
0.357704,1.0,-2634.689941
0.357704,1.0,-2638.584473
0.357704,1.0,-2634.431152
0.355566,1.0,-2635.368164
0.354715,1.0,-2639.834961
0.355035,1.0,-2642.525879
0.356496,1.0,-2634.170898
0.356496,1.0,-2638.046143
0.356496,1.0,-2631.816895
0.356041,1.0,-2640.699707
0.356041,1.0,-2639.725098
0.356041,1.0,-2633.662354
0.357411,1.0,-2641.256104
0.357411,1.0,-2632.434814
0.357411,1.0,-2636.938232
0.357308,1.0,-2638.993408
0.356813,1.0,-2636.855469
0.356813,1.0,-2640.935547
0.356713,1.0,-2634.915039
0.358536,1.0,-2639.385742
0.357365,1.0,-2634.739014
0.357177,1.0,-2637.5896
0.357177,1.0,-2641.642822
0.357177,1.0,-2645.664307
0.354756,1.0,-2636.808838
0.354756,1.0,-2641.473145
0.354756,1.0,-2638.804199
0.354756,1.0,-2638.864258
0.354756,1.0,-2639.425293
0.35474,1.0,-2642.855469
0.35315,1.0,-2636.575684
0.35315,1.0,-2638.973145
0.35315,1.0,-2638.668213
0.353709,1.0,-2638.814697
0.352898,1.0,-2637.775391
0.352898,1.0,-2633.765625
0.35321,1.0,-2637.194092
0.352722,1.0,-2634.814453
0.350869,1.0,-2641.740723
0.351767,1.0,-2635.624512
0.351767,1.0,-2636.814941
0.351186,1.0,-2636.62207
0.351902,1.0,-2633.733887
0.352128,1.0,-2635.620361
0.351526,1.0,-2634.035156
0.351526,1.0,-2636.239502
0.352127,1.0,-2639.230713
0.350943,1.0,-2641.680176
0.350943,1.0,-2636.888428
0.351156,1.0,-2640.430664
0.351156,1.0,-2636.570312
0.353313,1.0,-2635.05957
0.354398,1.0,-2633.804932
0.354398,1.0,-2637.416748
0.354947,1.0,-2640.889893
0.354947,1.0,-2637.494629
0.35354,1.0,-2641.172852
0.35354,1.0,-2638.530273
0.354247,1.0,-2635.545166
0.353788,1.0,-2636.543213
0.353788,1.0,-2635.959717
0.353759,1.0,-2644.004395
0.353759,1.0,-2634.536621
0.353759,1.0,-2639.100342
0.353301,1.0,-2641.300049
0.351303,1.0,-2637.945312
0.351303,1.0,-2639.452637
0.352377,1.0,-2636.658447
0.352377,1.0,-2631.204102
0.353131,1.0,-2641.086914
0.353131,1.0,-2634.841553
0.352136,1.0,-2638.503418
0.352136,1.0,-2639.584961
0.351933,1.0,-2632.980957
0.35081,1.0,-2636.095215
0.350867,1.0,-2640.983643
0.350745,1.0,-2640.343018
0.352063,1.0,-2639.981934
0.352356,1.0,-2638.360596
0.352356,1.0,-2641.344238
0.352352,1.0,-2636.376953
0.351027,1.0,-2641.858887
0.351027,1.0,-2638.068359
0.351027,1.0,-2635.951172
0.351453,1.0,-2637.655029
0.352404,1.0,-2641.92627
0.352445,1.0,-2637.162598
0.352445,1.0,-2639.38916
0.35107,1.0,-2636.923584
0.35107,1.0,-2634.941895
0.35107,1.0,-2636.134766
0.352195,1.0,-2636.692627
0.352195,1.0,-2637.344727
0.352195,1.0,-2644.314453
0.352195,1.0,-2634.424316
0.353615,1.0,-2636.213867
0.353599,1.0,-2637.197754
0.353599,1.0,-2634.370117
0.353599,1.0,-2635.280273
0.352431,1.0,-2639.186523
0.351719,1.0,-2637.032715
0.351781,1.0,-2638.822754
0.351903,1.0,-2635.098389
0.35146,1.0,-2636.134033
0.35146,1.0,-2636.057129
0.35146,1.0,-2640.350342
0.35146,1.0,-2634.620361
0.350465,1.0,-2639.976074
0.348492,1.0,-2639.846436
0.348492,1.0,-2636.535645
0.348492,1.0,-2639.165039
0.348492,1.0,-2642.505859
0.347793,1.0,-2639.205078
0.348698,1.0,-2641.936523
0.351015,1.0,-2633.09082
0.351015,1.0,-2636.612793
0.351753,1.0,-2641.307861
0.353108,1.0,-2640.401367
0.353666,1.0,-2635.534668
0.353666,1.0,-2637.722168
0.354475,1.0,-2637.1875
0.354475,1.0,-2641.896484
0.354475,1.0,-2636.299805
0.354475,1.0,-2639.829346
0.353561,1.0,-2643.737305
0.353561,1.0,-2645.284424
0.352023,1.0,-2644.253906
0.351654,1.0,-2638.512207
0.350568,1.0,-2634.738281
0.349015,1.0,-2642.496826
0.349015,1.0,-2642.341797
0.34932,1.0,-2639.497559
0.34932,1.0,-2634.769043
0.350365,1.0,-2636.889648
0.349745,1.0,-2641.628174
0.349745,1.0,-2639.319824
0.349745,1.0,-2638.113281
0.349745,1.0,-2636.097168
0.349745,1.0,-2637.035156
0.349745,1.0,-2644.939453
0.351238,1.0,-2641.027344
0.351238,1.0,-2643.008057
0.351238,1.0,-2637.033691
0.351238,1.0,-2635.537109
0.35211,1.0,-2639.718262
0.353446,1.0,-2636.793457
0.354064,1.0,-2637.208496
0.355669,1.0,-2644.124023
0.355614,1.0,-2637.552002
0.355614,1.0,-2635.268799
0.355614,1.0,-2639.648926
0.355614,1.0,-2638.282715
0.355614,1.0,-2633.49707
0.355614,1.0,-2641.71875
0.35481,1.0,-2640.389648
0.35481,1.0,-2638.946777
0.35481,1.0,-2637.253906
0.35481,1.0,-2637.50415
0.35481,1.0,-2639.560547
0.354526,1.0,-2635.10498
0.354526,1.0,-2640.020508
0.354526,1.0,-2638.438965
0.354454,1.0,-2637.385742
0.354899,1.0,-2643.111328
0.354899,1.0,-2632.818359
0.356009,1.0,-2641.494873
0.354835,1.0,-2639.014893
0.355046,1.0,-2638.510254
0.354858,1.0,-2639.441406
0.353745,1.0,-2641.731445
0.353745,1.0,-2642.353516
0.353745,1.0,-2641.222412
0.353745,1.0,-2638.390625
0.354693,1.0,-2637.997559
0.356016,1.0,-2642.554688
0.356619,1.0,-2636.070801
0.358176,1.0,-2639.067383
0.358176,1.0,-2639.695801
0.357052,1.0,-2642.315674
0.35767,1.0,-2638.533203
0.357664,1.0,-2642.078857
0.357892,1.0,-2641.73877
0.356419,1.0,-2640.468262
0.356419,1.0,-2633.494629
0.356419,1.0,-2637.342773
0.356419,1.0,-2640.282715
0.356419,1.0,-2640.720947
0.356509,1.0,-2636.42749
0.357499,1.0,-2642.007812
0.357499,1.0,-2634.765625
0.357499,1.0,-2639.085938
0.356386,1.0,-2637.003174
0.356386,1.0,-2641.482178
0.356548,1.0,-2637.364746
0.356548,1.0,-2639.646973
0.357678,1.0,-2637.42041
0.357766,1.0,-2641.287109
0.356524,1.0,-2641.383301
0.357365,1.0,-2642.213867
0.357365,1.0,-2642.664795
0.358353,1.0,-2634.991211
0.358353,1.0,-2636.671387
0.358353,1.0,-2637.338379
0.358353,1.0,-2638.838867
0.358353,1.0,-2636.879395
0.356737,1.0,-2641.575195
0.356005,1.0,-2639.844482
0.356005,1.0,-2638.154297
0.356005,1.0,-2634.369141
0.356005,1.0,-2642.241943
0.356005,1.0,-2637.355957
0.356005,1.0,-2638.435303
0.354152,1.0,-2641.67334
0.352169,1.0,-2638.485352
0.350739,1.0,-2637.438477
0.350739,1.0,-2639.810791
0.352529,1.0,-2641.473633
0.352529,1.0,-2631.285156
0.351197,1.0,-2643.789551
0.351445,1.0,-2637.49292
0.351161,1.0,-2640.460938
0.351161,1.0,-2638.946289
0.350791,1.0,-2647.617676
0.350791,1.0,-2638.105225
0.350437,1.0,-2635.609375
0.349062,1.0,-2641.408203
0.350057,1.0,-2636.067139
0.34751,1.0,-2635.825195
0.34751,1.0,-2637.203857
0.34751,1.0,-2635.626709
0.347539,1.0,-2645.532715
0.346989,1.0,-2635.706787
0.348425,1.0,-2640.397461
0.349734,1.0,-2636.032227
0.349734,1.0,-2635.168457
0.348345,1.0,-2639.971436
0.347233,1.0,-2640.981934
0.347233,1.0,-2636.754395
0.347919,1.0,-2640.178223
0.347919,1.0,-2634.268555
0.348087,1.0,-2642.327393
0.348644,1.0,-2638.324951
0.347553,1.0,-2639.896973
0.34671,1.0,-2643.139893
0.34671,1.0,-2641.901123
0.34671,1.0,-2643.243652
0.348234,1.0,-2638.576416
0.349603,1.0,-2635.693848
0.349603,1.0,-2635.584473
0.349603,1.0,-2638.734863
0.349603,1.0,-2635.647949
0.349603,1.0,-2636.712891
0.349603,1.0,-2638.723145
0.348264,1.0,-2634.528564
0.347286,1.0,-2639.974121
0.347286,1.0,-2640.506104
0.345296,1.0,-2635.746826
0.344729,1.0,-2636.692871
0.344532,1.0,-2636.373047
0.344947,1.0,-2640.129883
0.344947,1.0,-2638.237305
0.345882,1.0,-2638.799316
0.346601,1.0,-2638.097656
0.344643,1.0,-2630.965332
0.344643,1.0,-2644.084961
0.344643,1.0,-2635.280273
0.344674,1.0,-2638.952148
0.346129,1.0,-2643.986084
0.346129,1.0,-2640.555176
0.346129,1.0,-2638.345459
0.346064,1.0,-2638.309082
0.346064,1.0,-2637.179199
0.346064,1.0,-2638.257324
0.347347,1.0,-2637.516602
0.347028,1.0,-2636.230957
0.346658,1.0,-2638.400879
0.34837,1.0,-2643.603516
0.34837,1.0,-2639.609863
0.34837,1.0,-2643.034424
0.34857,1.0,-2643.678223
0.34857,1.0,-2640.779053
0.349099,1.0,-2639.155273
0.349099,1.0,-2639.006348
0.348812,1.0,-2637.820801
0.347871,1.0,-2640.071289
0.347871,1.0,-2636.418701
0.347871,1.0,-2638.414551
0.348875,1.0,-2637.639893
0.348875,1.0,-2639.583496
0.34756,1.0,-2636.785156
0.345413,1.0,-2639.842529
0.345413,1.0,-2634.620605
0.345413,1.0,-2638.528564
0.344685,1.0,-2642.541016
0.345059,1.0,-2636.717285
0.345059,1.0,-2639.788086
0.346637,1.0,-2633.980957
0.346637,1.0,-2638.111328
0.346637,1.0,-2639.662842
0.346637,1.0,-2642.42334
0.346946,1.0,-2642.478516
0.346946,1.0,-2636.589355
0.346047,1.0,-2642.406738
0.344687,1.0,-2640.078857
0.344342,1.0,-2638.098145
0.345181,1.0,-2640.331543
0.34714,1.0,-2641.457031
0.346935,1.0,-2640.272705
0.346935,1.0,-2631.959717
0.347572,1.0,-2646.094238
0.347572,1.0,-2639.381592
0.347846,1.0,-2643.376953
0.349048,1.0,-2639.005371
0.349048,1.0,-2638.201904
0.348805,1.0,-2633.511475
0.348805,1.0,-2641.588867
0.34896,1.0,-2634.328857
0.348647,1.0,-2634.193359
0.346583,1.0,-2636.622803
0.344852,1.0,-2638.126465
0.344852,1.0,-2637.836182
0.344852,1.0,-2645.336426
0.3467,1.0,-2636.715332
0.347217,1.0,-2635.963379
0.348141,1.0,-2640.174316
0.348836,1.0,-2636.615723
0.350001,1.0,-2637.362305
0.350148,1.0,-2638.595459
0.350148,1.0,-2638.333008
0.350148,1.0,-2636.877441
0.349404,1.0,-2642.450439
0.348583,1.0,-2636.461426
0.347491,1.0,-2632.871582
0.346887,1.0,-2640.584961
0.349156,1.0,-2643.242188
0.349156,1.0,-2637.168457
0.349156,1.0,-2641.308105
0.349156,1.0,-2641.932617
0.349156,1.0,-2634.616455
0.348419,1.0,-2637.67749
0.348419,1.0,-2638.380859
0.348419,1.0,-2639.426758
0.348419,1.0,-2639.271973
0.34956,1.0,-2633.043701
0.347514,1.0,-2639.871338
0.347514,1.0,-2635.955322
0.347514,1.0,-2637.743652
0.347514,1.0,-2643.269287
0.347514,1.0,-2643.57959
0.346808,1.0,-2642.133057
0.346808,1.0,-2639.887207
0.346201,1.0,-2637.637207
0.346043,1.0,-2636.09375
0.345494,1.0,-2647.94873
0.347654,1.0,-2640.788086
0.347586,1.0,-2639.49707
0.348302,1.0,-2639.823242
0.348302,1.0,-2636.212158
0.347828,1.0,-2637.30835
0.347828,1.0,-2643.659668
0.347828,1.0,-2637.296875
0.347828,1.0,-2638.233887
0.345762,1.0,-2635.381836
0.345762,1.0,-2639.153076
0.345762,1.0,-2638.945557
0.344609,1.0,-2637.7146
0.345179,1.0,-2634.908691
0.345483,1.0,-2639.008545
0.344958,1.0,-2636.417969
0.344958,1.0,-2635.97876
0.34453,1.0,-2636.319824
0.344932,1.0,-2637.108887
0.344932,1.0,-2635.913086
0.344933,1.0,-2637.026855
0.344933,1.0,-2638.450684
0.344933,1.0,-2637.77832
0.345618,1.0,-2640.396729
0.34638,1.0,-2639.491943
0.34638,1.0,-2641.532471
0.34638,1.0,-2639.868164
0.34638,1.0,-2638.281738
0.346298,1.0,-2640.85083
0.346298,1.0,-2640.651367
0.345109,1.0,-2639.203125
0.346088,1.0,-2646.866943
0.346555,1.0,-2639.334717
0.346555,1.0,-2641.409912
0.346842,1.0,-2641.444336
0.346168,1.0,-2634.832764
0.345483,1.0,-2634.03125
0.346139,1.0,-2641.23877
0.346389,1.0,-2638.148193
0.344468,1.0,-2634.661621
0.344468,1.0,-2640.403809
0.346032,1.0,-2642.966797
0.345113,1.0,-2637.119629
0.345131,1.0,-2637.678711
0.343541,1.0,-2638.714844
0.344312,1.0,-2637.817871
0.344343,1.0,-2642.38623
0.344343,1.0,-2633.867676
0.344996,1.0,-2635.010254
0.347438,1.0,-2639.706787
0.345721,1.0,-2636.248779
0.345721,1.0,-2638.996094
0.345721,1.0,-2639.448975
0.346004,1.0,-2639.355469
0.346004,1.0,-2639.812012
0.345162,1.0,-2642.883301
0.345162,1.0,-2636.242188
0.34472,1.0,-2638.608887
0.34427,1.0,-2635.666016
0.34427,1.0,-2634.53418
0.34708,1.0,-2640.995605
0.34708,1.0,-2638.818848
0.346467,1.0,-2639.92334
0.343712,1.0,-2637.006836
0.343825,1.0,-2640.435059
0.345169,1.0,-2636.389893
0.345169,1.0,-2638.511475
0.343644,1.0,-2639.588379
0.343644,1.0,-2640.517578
0.343644,1.0,-2639.182617
0.342377,1.0,-2638.370605
0.345175,1.0,-2642.213867
0.344686,1.0,-2642.833984
0.344686,1.0,-2635.94751
0.345367,1.0,-2639.294678
0.345367,1.0,-2638.890625
0.345367,1.0,-2640.380859
0.345367,1.0,-2636.490234
0.345367,1.0,-2639.609375
0.345716,1.0,-2631.427246
0.345716,1.0,-2643.455078
0.346187,1.0,-2638.439453
0.346081,1.0,-2644.126953
0.344674,1.0,-2637.95874
0.344071,1.0,-2639.72998
0.344748,1.0,-2635.416992
0.34488,1.0,-2642.899902
0.34488,1.0,-2635.522461
0.34488,1.0,-2644.844727
0.34488,1.0,-2640.151855
0.343852,1.0,-2638.118652
0.342471,1.0,-2641.764404
0.342471,1.0,-2638.106689
0.342471,1.0,-2638.990479
0.342903,1.0,-2640.51123