idx,alpha,mu,omega,rho,loglike
0,0.05,0.2,0.0,0.08,-1588.270751953125
1,0.05,0.2,0.0,0.0824,-1602.390625
2,0.05,0.2,0.0,0.0848,-1606.6485595703125
3,0.05,0.2,0.0,0.0872,-1631.733154296875
4,0.05,0.2,0.0,0.0896,-1590.735107421875
5,0.05,0.2,0.0,0.092,-1615.99609375
6,0.05,0.2,0.0,0.0944,-1612.3326416015625
7,0.05,0.2,0.0,0.0968,-1598.827392578125
8,0.05,0.2,0.0,0.0992,-1607.881591796875
9,0.05,0.2,0.0,0.1016,-1595.4853515625
10,0.05,0.2,0.0,0.104,-1612.474609375
11,0.05,0.2,0.0,0.1064,-1597.3377685546875
12,0.05,0.2,0.0,0.1088,-1579.5557861328125
13,0.05,0.2,0.0,0.1112,-1588.143310546875
14,0.05,0.2,0.0,0.1136,-1608.23046875
15,0.05,0.2,0.0,0.116,-1579.711669921875
16,0.05,0.2,0.0,0.1184,-1587.359130859375
17,0.05,0.2,0.0,0.1208,-1573.7237548828125
18,0.05,0.2,0.0,0.1232,-1587.055908203125
19,0.05,0.2,0.0,0.1256,-1600.116455078125
20,0.05,0.2,0.0,0.128,-1608.6097412109375
21,0.05,0.2,0.0,0.1304,-1570.953369140625
22,0.05,0.2,0.0,0.1328,-1591.20556640625
23,0.05,0.2,0.0,0.1352,-1562.94384765625
24,0.05,0.2,0.0,0.1376,-1590.5919189453125
25,0.05,0.2,0.0,0.14,-1599.1517333984375
26,0.05,0.2,0.0,0.1424,-1578.0052490234375
27,0.05,0.2,0.0,0.1448,-1577.779052734375
28,0.05,0.2,0.0,0.1472,-1602.19677734375
29,0.05,0.2,0.0,0.1496,-1560.746337890625
30,0.05,0.2,0.0,0.152,-1574.4906005859375
31,0.05,0.2,0.0,0.1544,-1591.488037109375
32,0.05,0.2,0.0,0.1568,-1594.77490234375
33,0.05,0.2,0.0,0.1592,-1591.5777587890625
34,0.05,0.2,0.0,0.1616,-1594.569580078125
35,0.05,0.2,0.0,0.164,-1598.7138671875
36,0.05,0.2,0.0,0.1664,-1572.641357421875
37,0.05,0.2,0.0,0.1688,-1594.3985595703125
38,0.05,0.2,0.0,0.1712,-1588.4337158203125
39,0.05,0.2,0.0,0.1736,-1600.74365234375
40,0.05,0.2,0.0,0.176,-1594.31298828125
41,0.05,0.2,0.0,0.1784,-1587.825439453125
42,0.05,0.2,0.0,0.1808,-1598.317626953125
43,0.05,0.2,0.0,0.1832,-1578.63818359375
44,0.05,0.2,0.0,0.1856,-1592.633544921875
45,0.05,0.2,0.0,0.188,-1614.3984375
46,0.05,0.2,0.0,0.1904,-1582.3001708984375
47,0.05,0.2,0.0,0.1928,-1596.5999755859375
48,0.05,0.2,0.0,0.1952,-1586.212646484375
49,0.05,0.2,0.0,0.1976,-1577.68896484375
50,0.05,0.2,0.0,0.2,-1590.078125
51,0.05,0.2016,0.0,0.08,-1630.958251953125
52,0.05,0.2016,0.0,0.0824,-1632.8460693359375
53,0.05,0.2016,0.0,0.0848,-1611.2861328125
54,0.05,0.2016,0.0,0.0872,-1616.409423828125
55,0.05,0.2016,0.0,0.0896,-1618.49560546875
56,0.05,0.2016,0.0,0.092,-1611.893798828125
57,0.05,0.2016,0.0,0.0944,-1605.7918701171875
58,0.05,0.2016,0.0,0.0968,-1611.111572265625
59,0.05,0.2016,0.0,0.0992,-1620.635986328125
60,0.05,0.2016,0.0,0.1016,-1602.669189453125
61,0.05,0.2016,0.0,0.104,-1615.059326171875
62,0.05,0.2016,0.0,0.1064,-1608.01416015625
63,0.05,0.2016,0.0,0.1088,-1585.9661865234375
64,0.05,0.2016,0.0,0.1112,-1557.714111328125
65,0.05,0.2016,0.0,0.1136,-1592.109619140625
66,0.05,0.2016,0.0,0.116,-1598.36962890625
67,0.05,0.2016,0.0,0.1184,-1583.370361328125
68,0.05,0.2016,0.0,0.1208,-1577.2052001953125
69,0.05,0.2016,0.0,0.1232,-1600.543212890625
70,0.05,0.2016,0.0,0.1256,-1583.2000732421875
71,0.05,0.2016,0.0,0.128,-1587.30224609375
72,0.05,0.2016,0.0,0.1304,-1559.815673828125
73,0.05,0.2016,0.0,0.1328,-1589.3857421875
74,0.05,0.2016,0.0,0.1352,-1591.0576171875
75,0.05,0.2016,0.0,0.1376,-1588.75390625
76,0.05,0.2016,0.0,0.14,-1580.115234375
77,0.05,0.2016,0.0,0.1424,-1595.45458984375
78,0.05,0.2016,0.0,0.1448,-1565.477783203125
79,0.05,0.2016,0.0,0.1472,-1594.482421875
80,0.05,0.2016,0.0,0.1496,-1579.22265625
81,0.05,0.2016,0.0,0.152,-1565.249267578125
82,0.05,0.2016,0.0,0.1544,-1586.7532958984375
83,0.05,0.2016,0.0,0.1568,-1588.30517578125
84,0.05,0.2016,0.0,0.1592,-1569.892822265625
85,0.05,0.2016,0.0,0.1616,-1588.241455078125
86,0.05,0.2016,0.0,0.164,-1571.248291015625
87,0.05,0.2016,0.0,0.1664,-1573.9481201171875
88,0.05,0.2016,0.0,0.1688,-1588.2491455078125
89,0.05,0.2016,0.0,0.1712,-1592.661865234375
90,0.05,0.2016,0.0,0.1736,-1571.5535888671875
91,0.05,0.2016,0.0,0.176,-1574.822265625
92,0.05,0.2016,0.0,0.1784,-1585.841064453125
93,0.05,0.2016,0.0,0.1808,-1608.532958984375
94,0.05,0.2016,0.0,0.1832,-1591.126953125
95,0.05,0.2016,0.0,0.1856,-1602.506591796875
96,0.05,0.2016,0.0,0.188,-1593.30126953125
97,0.05,0.2016,0.0,0.1904,-1598.4825439453125
98,0.05,0.2016,0.0,0.1928,-1624.8349609375
99,0.05,0.2016,0.0,0.1952,-1602.5517578125
100,0.05,0.2016,0.0,0.1976,-1588.363037109375
101,0.05,0.2016,0.0,0.2,-1597.6568603515625
102,0.05,0.2032,0.0,0.08,-1603.18994140625
103,0.05,0.2032,0.0,0.0824,-1601.5357666015625
104,0.05,0.2032,0.0,0.0848,-1576.343017578125
105,0.05,0.2032,0.0,0.0872,-1618.49462890625
106,0.05,0.2032,0.0,0.0896,-1619.4544677734375
107,0.05,0.2032,0.0,0.092,-1593.6612548828125
108,0.05,0.2032,0.0,0.0944,-1583.68212890625
109,0.05,0.2032,0.0,0.0968,-1616.4100341796875
110,0.05,0.2032,0.0,0.0992,-1607.091064453125
111,0.05,0.2032,0.0,0.1016,-1595.5977783203125
112,0.05,0.2032,0.0,0.104,-1606.0078125
113,0.05,0.2032,0.0,0.1064,-1578.6995849609375
114,0.05,0.2032,0.0,0.1088,-1583.459228515625
115,0.05,0.2032,0.0,0.1112,-1596.546142578125
116,0.05,0.2032,0.0,0.1136,-1593.957763671875
117,0.05,0.2032,0.0,0.116,-1578.9755859375
118,0.05,0.2032,0.0,0.1184,-1555.20166015625
119,0.05,0.2032,0.0,0.1208,-1576.0673828125
120,0.05,0.2032,0.0,0.1232,-1574.831787109375
121,0.05,0.2032,0.0,0.1256,-1591.8919677734375
122,0.05,0.2032,0.0,0.128,-1579.4693603515625
123,0.05,0.2032,0.0,0.1304,-1582.79638671875
124,0.05,0.2032,0.0,0.1328,-1603.31201171875
125,0.05,0.2032,0.0,0.1352,-1587.97314453125
126,0.05,0.2032,0.0,0.1376,-1578.26123046875
127,0.05,0.2032,0.0,0.14,-1554.451904296875
128,0.05,0.2032,0.0,0.1424,-1580.2322998046875
129,0.05,0.2032,0.0,0.1448,-1591.7261962890625
130,0.05,0.2032,0.0,0.1472,-1594.268798828125
131,0.05,0.2032,0.0,0.1496,-1601.98095703125
132,0.05,0.2032,0.0,0.152,-1591.942138671875
133,0.05,0.2032,0.0,0.1544,-1577.623779296875
134,0.05,0.2032,0.0,0.1568,-1596.314697265625
135,0.05,0.2032,0.0,0.1592,-1581.31103515625
136,0.05,0.2032,0.0,0.1616,-1571.193603515625
137,0.05,0.2032,0.0,0.164,-1557.6590576171875
138,0.05,0.2032,0.0,0.1664,-1592.0966796875
139,0.05,0.2032,0.0,0.1688,-1591.324951171875
140,0.05,0.2032,0.0,0.1712,-1590.075927734375
141,0.05,0.2032,0.0,0.1736,-1590.588134765625
142,0.05,0.2032,0.0,0.176,-1579.427490234375
143,0.05,0.2032,0.0,0.1784,-1583.049560546875
144,0.05,0.2032,0.0,0.1808,-1592.669921875
145,0.05,0.2032,0.0,0.1832,-1574.6689453125
146,0.05,0.2032,0.0,0.1856,-1586.19580078125
147,0.05,0.2032,0.0,0.188,-1571.5628662109375
148,0.05,0.2032,0.0,0.1904,-1600.8145751953125
149,0.05,0.2032,0.0,0.1928,-1599.12548828125
150,0.05,0.2032,0.0,0.1952,-1576.696044921875
151,0.05,0.2032,0.0,0.1976,-1600.751708984375
152,0.05,0.2032,0.0,0.2,-1610.7783203125
153,0.05,0.2048,0.0,0.08,-1611.7470703125
154,0.05,0.2048,0.0,0.0824,-1613.177490234375
155,0.05,0.2048,0.0,0.0848,-1603.061767578125
156,0.05,0.2048,0.0,0.0872,-1576.1922607421875
157,0.05,0.2048,0.0,0.0896,-1583.730224609375
158,0.05,0.2048,0.0,0.092,-1596.264404296875
159,0.05,0.2048,0.0,0.0944,-1612.4085693359375
160,0.05,0.2048,0.0,0.0968,-1593.794921875
161,0.05,0.2048,0.0,0.0992,-1578.2218017578125
162,0.05,0.2048,0.0,0.1016,-1585.16943359375
163,0.05,0.2048,0.0,0.104,-1601.0771484375
164,0.05,0.2048,0.0,0.1064,-1580.6337890625
165,0.05,0.2048,0.0,0.1088,-1578.33251953125
166,0.05,0.2048,0.0,0.1112,-1590.8052978515625
167,0.05,0.2048,0.0,0.1136,-1595.2901611328125
168,0.05,0.2048,0.0,0.116,-1598.39404296875
169,0.05,0.2048,0.0,0.1184,-1583.2935791015625
170,0.05,0.2048,0.0,0.1208,-1592.128173828125
171,0.05,0.2048,0.0,0.1232,-1583.938232421875
172,0.05,0.2048,0.0,0.1256,-1588.630126953125
173,0.05,0.2048,0.0,0.128,-1578.917236328125
174,0.05,0.2048,0.0,0.1304,-1594.5692138671875
175,0.05,0.2048,0.0,0.1328,-1599.894287109375
176,0.05,0.2048,0.0,0.1352,-1586.7552490234375
177,0.05,0.2048,0.0,0.1376,-1566.1632080078125
178,0.05,0.2048,0.0,0.14,-1590.279052734375
179,0.05,0.2048,0.0,0.1424,-1582.0968017578125
180,0.05,0.2048,0.0,0.1448,-1555.2569580078125
181,0.05,0.2048,0.0,0.1472,-1569.6300048828125
182,0.05,0.2048,0.0,0.1496,-1579.7001953125
183,0.05,0.2048,0.0,0.152,-1560.740966796875
184,0.05,0.2048,0.0,0.1544,-1585.2489013671875
185,0.05,0.2048,0.0,0.1568,-1558.8660888671875
186,0.05,0.2048,0.0,0.1592,-1580.2469482421875
187,0.05,0.2048,0.0,0.1616,-1566.61669921875
188,0.05,0.2048,0.0,0.164,-1574.821044921875
189,0.05,0.2048,0.0,0.1664,-1591.5201416015625
190,0.05,0.2048,0.0,0.1688,-1585.3023681640625
191,0.05,0.2048,0.0,0.1712,-1568.5517578125
192,0.05,0.2048,0.0,0.1736,-1585.03759765625
193,0.05,0.2048,0.0,0.176,-1599.53515625
194,0.05,0.2048,0.0,0.1784,-1601.56982421875
195,0.05,0.2048,0.0,0.1808,-1587.3966064453125
196,0.05,0.2048,0.0,0.1832,-1590.71875
197,0.05,0.2048,0.0,0.1856,-1582.6854248046875
198,0.05,0.2048,0.0,0.188,-1586.602783203125
199,0.05,0.2048,0.0,0.1904,-1605.6441650390625
200,0.05,0.2048,0.0,0.1928,-1593.91796875
201,0.05,0.2048,0.0,0.1952,-1598.6849365234375
202,0.05,0.2048,0.0,0.1976,-1588.682861328125
203,0.05,0.2048,0.0,0.2,-1601.427001953125
204,0.05,0.2064,0.0,0.08,-1581.425048828125
205,0.05,0.2064,0.0,0.0824,-1597.00927734375
206,0.05,0.2064,0.0,0.0848,-1603.32177734375
207,0.05,0.2064,0.0,0.0872,-1605.94580078125
208,0.05,0.2064,0.0,0.0896,-1581.0400390625
209,0.05,0.2064,0.0,0.092,-1598.660400390625
210,0.05,0.2064,0.0,0.0944,-1601.3271484375
211,0.05,0.2064,0.0,0.0968,-1582.15380859375
212,0.05,0.2064,0.0,0.0992,-1593.428955078125
213,0.05,0.2064,0.0,0.1016,-1603.703857421875
214,0.05,0.2064,0.0,0.104,-1579.751220703125
215,0.05,0.2064,0.0,0.1064,-1583.7861328125
216,0.05,0.2064,0.0,0.1088,-1565.32763671875
217,0.05,0.2064,0.0,0.1112,-1569.369140625
218,0.05,0.2064,0.0,0.1136,-1581.1279296875
219,0.05,0.2064,0.0,0.116,-1591.67138671875
220,0.05,0.2064,0.0,0.1184,-1571.2994384765625
221,0.05,0.2064,0.0,0.1208,-1589.720947265625
222,0.05,0.2064,0.0,0.1232,-1580.2041015625
223,0.05,0.2064,0.0,0.1256,-1580.175048828125
224,0.05,0.2064,0.0,0.128,-1561.8603515625
225,0.05,0.2064,0.0,0.1304,-1564.97412109375
226,0.05,0.2064,0.0,0.1328,-1578.64990234375
227,0.05,0.2064,0.0,0.1352,-1590.825927734375
228,0.05,0.2064,0.0,0.1376,-1590.477783203125
229,0.05,0.2064,0.0,0.14,-1559.72216796875
230,0.05,0.2064,0.0,0.1424,-1574.7225341796875
231,0.05,0.2064,0.0,0.1448,-1570.70263671875
232,0.05,0.2064,0.0,0.1472,-1560.41650390625
233,0.05,0.2064,0.0,0.1496,-1589.977783203125
234,0.05,0.2064,0.0,0.152,-1576.314453125
235,0.05,0.2064,0.0,0.1544,-1573.28857421875
236,0.05,0.2064,0.0,0.1568,-1579.940185546875
237,0.05,0.2064,0.0,0.1592,-1577.726318359375
238,0.05,0.2064,0.0,0.1616,-1557.8089599609375
239,0.05,0.2064,0.0,0.164,-1578.921875
240,0.05,0.2064,0.0,0.1664,-1578.3343505859375
241,0.05,0.2064,0.0,0.1688,-1570.061279296875
242,0.05,0.2064,0.0,0.1712,-1597.19970703125
243,0.05,0.2064,0.0,0.1736,-1582.7099609375
244,0.05,0.2064,0.0,0.176,-1593.97802734375
245,0.05,0.2064,0.0,0.1784,-1587.645263671875
246,0.05,0.2064,0.0,0.1808,-1580.31689453125
247,0.05,0.2064,0.0,0.1832,-1594.63720703125
248,0.05,0.2064,0.0,0.1856,-1581.423095703125
249,0.05,0.2064,0.0,0.188,-1583.5396728515625
250,0.05,0.2064,0.0,0.1904,-1585.56494140625
251,0.05,0.2064,0.0,0.1928,-1604.61083984375
252,0.05,0.2064,0.0,0.1952,-1583.0560302734375
253,0.05,0.2064,0.0,0.1976,-1595.441650390625
254,0.05,0.2064,0.0,0.2,-1595.427734375
255,0.05,0.208,0.0,0.08,-1605.2318115234375
256,0.05,0.208,0.0,0.0824,-1612.718505859375
257,0.05,0.208,0.0,0.0848,-1600.3779296875
258,0.05,0.208,0.0,0.0872,-1583.611572265625
259,0.05,0.208,0.0,0.0896,-1591.485107421875
260,0.05,0.208,0.0,0.092,-1600.118896484375
261,0.05,0.208,0.0,0.0944,-1603.226806640625
262,0.05,0.208,0.0,0.0968,-1579.60400390625
263,0.05,0.208,0.0,0.0992,-1588.614990234375
264,0.05,0.208,0.0,0.1016,-1588.140380859375
265,0.05,0.208,0.0,0.104,-1601.408203125
266,0.05,0.208,0.0,0.1064,-1573.501708984375
267,0.05,0.208,0.0,0.1088,-1591.9295654296875
268,0.05,0.208,0.0,0.1112,-1566.299072265625
269,0.05,0.208,0.0,0.1136,-1563.1337890625
270,0.05,0.208,0.0,0.116,-1569.38525390625
271,0.05,0.208,0.0,0.1184,-1588.5189208984375
272,0.05,0.208,0.0,0.1208,-1580.865234375
273,0.05,0.208,0.0,0.1232,-1592.740478515625
274,0.05,0.208,0.0,0.1256,-1572.81787109375
275,0.05,0.208,0.0,0.128,-1573.809326171875
276,0.05,0.208,0.0,0.1304,-1589.1060791015625
277,0.05,0.208,0.0,0.1328,-1568.0093994140625
278,0.05,0.208,0.0,0.1352,-1575.396484375
279,0.05,0.208,0.0,0.1376,-1579.187255859375
280,0.05,0.208,0.0,0.14,-1582.681396484375
281,0.05,0.208,0.0,0.1424,-1582.94287109375
282,0.05,0.208,0.0,0.1448,-1578.4405517578125
283,0.05,0.208,0.0,0.1472,-1578.860107421875
284,0.05,0.208,0.0,0.1496,-1564.647216796875
285,0.05,0.208,0.0,0.152,-1571.32421875
286,0.05,0.208,0.0,0.1544,-1553.6165771484375
287,0.05,0.208,0.0,0.1568,-1581.080078125
288,0.05,0.208,0.0,0.1592,-1554.086669921875
289,0.05,0.208,0.0,0.1616,-1573.912109375
290,0.05,0.208,0.0,0.164,-1565.078125
291,0.05,0.208,0.0,0.1664,-1577.036376953125
292,0.05,0.208,0.0,0.1688,-1558.8602294921875
293,0.05,0.208,0.0,0.1712,-1577.7156982421875
294,0.05,0.208,0.0,0.1736,-1579.71826171875
295,0.05,0.208,0.0,0.176,-1573.44482421875
296,0.05,0.208,0.0,0.1784,-1565.4373779296875
297,0.05,0.208,0.0,0.1808,-1595.654541015625
298,0.05,0.208,0.0,0.1832,-1595.4632568359375
299,0.05,0.208,0.0,0.1856,-1569.56689453125
300,0.05,0.208,0.0,0.188,-1593.9664306640625
301,0.05,0.208,0.0,0.1904,-1576.18603515625
302,0.05,0.208,0.0,0.1928,-1596.168701171875
303,0.05,0.208,0.0,0.1952,-1581.362060546875
304,0.05,0.208,0.0,0.1976,-1596.40283203125
305,0.05,0.208,0.0,0.2,-1560.21240234375
306,0.05,0.2096,0.0,0.08,-1628.52783203125
307,0.05,0.2096,0.0,0.0824,-1615.2835693359375
308,0.05,0.2096,0.0,0.0848,-1614.0792236328125
309,0.05,0.2096,0.0,0.0872,-1578.45361328125
310,0.05,0.2096,0.0,0.0896,-1577.615966796875
311,0.05,0.2096,0.0,0.092,-1590.518310546875
312,0.05,0.2096,0.0,0.0944,-1584.73291015625
313,0.05,0.2096,0.0,0.0968,-1565.5616455078125
314,0.05,0.2096,0.0,0.0992,-1574.7022705078125
315,0.05,0.2096,0.0,0.1016,-1585.921630859375
316,0.05,0.2096,0.0,0.104,-1568.94091796875
317,0.05,0.2096,0.0,0.1064,-1576.7857666015625
318,0.05,0.2096,0.0,0.1088,-1584.43212890625
319,0.05,0.2096,0.0,0.1112,-1585.826416015625
320,0.05,0.2096,0.0,0.1136,-1553.156982421875
321,0.05,0.2096,0.0,0.116,-1582.4718017578125
322,0.05,0.2096,0.0,0.1184,-1556.003662109375
323,0.05,0.2096,0.0,0.1208,-1569.04345703125
324,0.05,0.2096,0.0,0.1232,-1571.74072265625
325,0.05,0.2096,0.0,0.1256,-1582.5006103515625
326,0.05,0.2096,0.0,0.128,-1562.638916015625
327,0.05,0.2096,0.0,0.1304,-1572.39306640625
328,0.05,0.2096,0.0,0.1328,-1582.9625244140625
329,0.05,0.2096,0.0,0.1352,-1577.355712890625
330,0.05,0.2096,0.0,0.1376,-1562.45068359375
331,0.05,0.2096,0.0,0.14,-1576.939697265625
332,0.05,0.2096,0.0,0.1424,-1549.4619140625
333,0.05,0.2096,0.0,0.1448,-1566.494873046875
334,0.05,0.2096,0.0,0.1472,-1569.2525634765625
335,0.05,0.2096,0.0,0.1496,-1566.1763916015625
336,0.05,0.2096,0.0,0.152,-1561.3223876953125
337,0.05,0.2096,0.0,0.1544,-1558.3447265625
338,0.05,0.2096,0.0,0.1568,-1547.743408203125
339,0.05,0.2096,0.0,0.1592,-1565.824951171875
340,0.05,0.2096,0.0,0.1616,-1588.279296875
341,0.05,0.2096,0.0,0.164,-1583.6553955078125
342,0.05,0.2096,0.0,0.1664,-1576.1087646484375
343,0.05,0.2096,0.0,0.1688,-1590.814208984375
344,0.05,0.2096,0.0,0.1712,-1563.3291015625
345,0.05,0.2096,0.0,0.1736,-1565.072021484375
346,0.05,0.2096,0.0,0.176,-1563.290771484375
347,0.05,0.2096,0.0,0.1784,-1576.6888427734375
348,0.05,0.2096,0.0,0.1808,-1588.7069091796875
349,0.05,0.2096,0.0,0.1832,-1588.3260498046875
350,0.05,0.2096,0.0,0.1856,-1550.885009765625
351,0.05,0.2096,0.0,0.188,-1582.55029296875
352,0.05,0.2096,0.0,0.1904,-1583.558349609375
353,0.05,0.2096,0.0,0.1928,-1585.4427490234375
354,0.05,0.2096,0.0,0.1952,-1587.454833984375
355,0.05,0.2096,0.0,0.1976,-1584.8228759765625
356,0.05,0.2096,0.0,0.2,-1599.577880859375
357,0.05,0.2112,0.0,0.08,-1608.3056640625
358,0.05,0.2112,0.0,0.0824,-1592.9515380859375
359,0.05,0.2112,0.0,0.0848,-1586.871337890625
360,0.05,0.2112,0.0,0.0872,-1603.0205078125
361,0.05,0.2112,0.0,0.0896,-1593.937255859375
362,0.05,0.2112,0.0,0.092,-1571.3497314453125
363,0.05,0.2112,0.0,0.0944,-1594.221923828125
364,0.05,0.2112,0.0,0.0968,-1571.8505859375
365,0.05,0.2112,0.0,0.0992,-1581.531005859375
366,0.05,0.2112,0.0,0.1016,-1598.769775390625
367,0.05,0.2112,0.0,0.104,-1589.910400390625
368,0.05,0.2112,0.0,0.1064,-1573.9521484375
369,0.05,0.2112,0.0,0.1088,-1560.74072265625
370,0.05,0.2112,0.0,0.1112,-1583.41162109375
371,0.05,0.2112,0.0,0.1136,-1563.764404296875
372,0.05,0.2112,0.0,0.116,-1575.408935546875
373,0.05,0.2112,0.0,0.1184,-1580.9990234375
374,0.05,0.2112,0.0,0.1208,-1578.410400390625
375,0.05,0.2112,0.0,0.1232,-1570.431884765625
376,0.05,0.2112,0.0,0.1256,-1538.80029296875
377,0.05,0.2112,0.0,0.128,-1591.183837890625
378,0.05,0.2112,0.0,0.1304,-1551.751953125
379,0.05,0.2112,0.0,0.1328,-1583.384033203125
380,0.05,0.2112,0.0,0.1352,-1554.781494140625
381,0.05,0.2112,0.0,0.1376,-1586.2587890625
382,0.05,0.2112,0.0,0.14,-1585.1343994140625
383,0.05,0.2112,0.0,0.1424,-1554.7001953125
384,0.05,0.2112,0.0,0.1448,-1585.955322265625
385,0.05,0.2112,0.0,0.1472,-1562.107177734375
386,0.05,0.2112,0.0,0.1496,-1561.4256591796875
387,0.05,0.2112,0.0,0.152,-1546.2705078125
388,0.05,0.2112,0.0,0.1544,-1576.66455078125
389,0.05,0.2112,0.0,0.1568,-1572.640869140625
390,0.05,0.2112,0.0,0.1592,-1578.536865234375
391,0.05,0.2112,0.0,0.1616,-1563.19189453125
392,0.05,0.2112,0.0,0.164,-1570.70654296875
393,0.05,0.2112,0.0,0.1664,-1583.0478515625
394,0.05,0.2112,0.0,0.1688,-1552.0472412109375
395,0.05,0.2112,0.0,0.1712,-1573.4716796875
396,0.05,0.2112,0.0,0.1736,-1577.51416015625
397,0.05,0.2112,0.0,0.176,-1547.9041748046875
398,0.05,0.2112,0.0,0.1784,-1569.8775634765625
399,0.05,0.2112,0.0,0.1808,-1584.59130859375
400,0.05,0.2112,0.0,0.1832,-1568.965576171875
401,0.05,0.2112,0.0,0.1856,-1573.423095703125
402,0.05,0.2112,0.0,0.188,-1585.6273193359375
403,0.05,0.2112,0.0,0.1904,-1580.1683349609375
404,0.05,0.2112,0.0,0.1928,-1576.165771484375
405,0.05,0.2112,0.0,0.1952,-1581.9779052734375
406,0.05,0.2112,0.0,0.1976,-1594.3389892578125
407,0.05,0.2112,0.0,0.2,-1571.010498046875
408,0.05,0.2128,0.0,0.08,-1609.59326171875
409,0.05,0.2128,0.0,0.0824,-1600.55322265625
410,0.05,0.2128,0.0,0.0848,-1576.3514404296875
411,0.05,0.2128,0.0,0.0872,-1557.931640625
412,0.05,0.2128,0.0,0.0896,-1587.468505859375
413,0.05,0.2128,0.0,0.092,-1554.010498046875
414,0.05,0.2128,0.0,0.0944,-1575.9095458984375
415,0.05,0.2128,0.0,0.0968,-1587.9417724609375
416,0.05,0.2128,0.0,0.0992,-1569.9649658203125
417,0.05,0.2128,0.0,0.1016,-1571.572998046875
418,0.05,0.2128,0.0,0.104,-1571.2637939453125
419,0.05,0.2128,0.0,0.1064,-1565.5216064453125
420,0.05,0.2128,0.0,0.1088,-1572.3106689453125
421,0.05,0.2128,0.0,0.1112,-1557.1240234375
422,0.05,0.2128,0.0,0.1136,-1582.458984375
423,0.05,0.2128,0.0,0.116,-1573.5380859375
424,0.05,0.2128,0.0,0.1184,-1564.6845703125
425,0.05,0.2128,0.0,0.1208,-1577.1357421875
426,0.05,0.2128,0.0,0.1232,-1563.922119140625
427,0.05,0.2128,0.0,0.1256,-1578.1634521484375
428,0.05,0.2128,0.0,0.128,-1562.723876953125
429,0.05,0.2128,0.0,0.1304,-1569.42626953125
430,0.05,0.2128,0.0,0.1328,-1556.276611328125
431,0.05,0.2128,0.0,0.1352,-1579.439208984375
432,0.05,0.2128,0.0,0.1376,-1536.3240966796875
433,0.05,0.2128,0.0,0.14,-1569.192138671875
434,0.05,0.2128,0.0,0.1424,-1569.790283203125
435,0.05,0.2128,0.0,0.1448,-1559.8546142578125
436,0.05,0.2128,0.0,0.1472,-1561.833740234375
437,0.05,0.2128,0.0,0.1496,-1565.646728515625
438,0.05,0.2128,0.0,0.152,-1575.3646240234375
439,0.05,0.2128,0.0,0.1544,-1543.655029296875
440,0.05,0.2128,0.0,0.1568,-1566.3828125
441,0.05,0.2128,0.0,0.1592,-1584.847412109375
442,0.05,0.2128,0.0,0.1616,-1565.110107421875
443,0.05,0.2128,0.0,0.164,-1556.1749267578125
444,0.05,0.2128,0.0,0.1664,-1573.0928955078125
445,0.05,0.2128,0.0,0.1688,-1562.478271484375
446,0.05,0.2128,0.0,0.1712,-1558.6668701171875
447,0.05,0.2128,0.0,0.1736,-1546.242919921875
448,0.05,0.2128,0.0,0.176,-1572.8759765625
449,0.05,0.2128,0.0,0.1784,-1564.1365966796875
450,0.05,0.2128,0.0,0.1808,-1566.5653076171875
451,0.05,0.2128,0.0,0.1832,-1580.2044677734375
452,0.05,0.2128,0.0,0.1856,-1560.95947265625
453,0.05,0.2128,0.0,0.188,-1576.190185546875
454,0.05,0.2128,0.0,0.1904,-1576.791015625
455,0.05,0.2128,0.0,0.1928,-1573.992431640625
456,0.05,0.2128,0.0,0.1952,-1576.165283203125
457,0.05,0.2128,0.0,0.1976,-1587.5205078125
458,0.05,0.2128,0.0,0.2,-1575.699951171875
459,0.05,0.2144,0.0,0.08,-1577.711669921875
460,0.05,0.2144,0.0,0.0824,-1588.414306640625
461,0.05,0.2144,0.0,0.0848,-1580.2021484375
462,0.05,0.2144,0.0,0.0872,-1594.27294921875
463,0.05,0.2144,0.0,0.0896,-1582.384521484375
464,0.05,0.2144,0.0,0.092,-1582.3865966796875
465,0.05,0.2144,0.0,0.0944,-1597.5595703125
466,0.05,0.2144,0.0,0.0968,-1572.76025390625
467,0.05,0.2144,0.0,0.0992,-1586.7003173828125
468,0.05,0.2144,0.0,0.1016,-1578.1234130859375
469,0.05,0.2144,0.0,0.104,-1556.070556640625
470,0.05,0.2144,0.0,0.1064,-1572.5009765625
471,0.05,0.2144,0.0,0.1088,-1575.5855712890625
472,0.05,0.2144,0.0,0.1112,-1577.8646240234375
473,0.05,0.2144,0.0,0.1136,-1575.1429443359375
474,0.05,0.2144,0.0,0.116,-1572.3082275390625
475,0.05,0.2144,0.0,0.1184,-1553.8818359375
476,0.05,0.2144,0.0,0.1208,-1579.47119140625
477,0.05,0.2144,0.0,0.1232,-1574.8143310546875
478,0.05,0.2144,0.0,0.1256,-1580.33740234375
479,0.05,0.2144,0.0,0.128,-1563.5791015625
480,0.05,0.2144,0.0,0.1304,-1568.722412109375
481,0.05,0.2144,0.0,0.1328,-1572.4849853515625
482,0.05,0.2144,0.0,0.1352,-1556.095703125
483,0.05,0.2144,0.0,0.1376,-1546.0308837890625
484,0.05,0.2144,0.0,0.14,-1574.813720703125
485,0.05,0.2144,0.0,0.1424,-1570.556640625
486,0.05,0.2144,0.0,0.1448,-1549.3917236328125
487,0.05,0.2144,0.0,0.1472,-1564.564697265625
488,0.05,0.2144,0.0,0.1496,-1566.70751953125
489,0.05,0.2144,0.0,0.152,-1554.14697265625
490,0.05,0.2144,0.0,0.1544,-1555.302001953125
491,0.05,0.2144,0.0,0.1568,-1560.3245849609375
492,0.05,0.2144,0.0,0.1592,-1579.1495361328125
493,0.05,0.2144,0.0,0.1616,-1564.816650390625
494,0.05,0.2144,0.0,0.164,-1566.310546875
495,0.05,0.2144,0.0,0.1664,-1552.0628662109375
496,0.05,0.2144,0.0,0.1688,-1570.3885498046875
497,0.05,0.2144,0.0,0.1712,-1551.971923828125
498,0.05,0.2144,0.0,0.1736,-1582.0333251953125
499,0.05,0.2144,0.0,0.176,-1569.6591796875
500,0.05,0.2144,0.0,0.1784,-1582.3582763671875
501,0.05,0.2144,0.0,0.1808,-1563.8369140625
502,0.05,0.2144,0.0,0.1832,-1557.1007080078125
503,0.05,0.2144,0.0,0.1856,-1560.119140625
504,0.05,0.2144,0.0,0.188,-1575.845947265625
505,0.05,0.2144,0.0,0.1904,-1567.1910400390625
506,0.05,0.2144,0.0,0.1928,-1581.244873046875
507,0.05,0.2144,0.0,0.1952,-1579.4718017578125
508,0.05,0.2144,0.0,0.1976,-1563.2537841796875
509,0.05,0.2144,0.0,0.2,-1575.611572265625
510,0.05,0.216,0.0,0.08,-1587.667724609375
511,0.05,0.216,0.0,0.0824,-1601.6348876953125
512,0.05,0.216,0.0,0.0848,-1582.009765625
513,0.05,0.216,0.0,0.0872,-1591.73779296875
514,0.05,0.216,0.0,0.0896,-1584.353515625
515,0.05,0.216,0.0,0.092,-1566.596923828125
516,0.05,0.216,0.0,0.0944,-1570.10693359375
517,0.05,0.216,0.0,0.0968,-1570.527099609375
518,0.05,0.216,0.0,0.0992,-1571.8974609375
519,0.05,0.216,0.0,0.1016,-1571.3697509765625
520,0.05,0.216,0.0,0.104,-1586.5772705078125
521,0.05,0.216,0.0,0.1064,-1574.3013916015625
522,0.05,0.216,0.0,0.1088,-1551.272216796875
523,0.05,0.216,0.0,0.1112,-1564.363525390625
524,0.05,0.216,0.0,0.1136,-1551.1768798828125
525,0.05,0.216,0.0,0.116,-1565.591552734375
526,0.05,0.216,0.0,0.1184,-1565.7371826171875
527,0.05,0.216,0.0,0.1208,-1568.404296875
528,0.05,0.216,0.0,0.1232,-1575.486572265625
529,0.05,0.216,0.0,0.1256,-1575.525146484375
530,0.05,0.216,0.0,0.128,-1551.091552734375
531,0.05,0.216,0.0,0.1304,-1564.2735595703125
532,0.05,0.216,0.0,0.1328,-1560.22705078125
533,0.05,0.216,0.0,0.1352,-1561.6087646484375
534,0.05,0.216,0.0,0.1376,-1550.961669921875
535,0.05,0.216,0.0,0.14,-1550.2960205078125
536,0.05,0.216,0.0,0.1424,-1545.4912109375
537,0.05,0.216,0.0,0.1448,-1570.3046875
538,0.05,0.216,0.0,0.1472,-1557.159912109375
539,0.05,0.216,0.0,0.1496,-1574.0240478515625
540,0.05,0.216,0.0,0.152,-1551.928955078125
541,0.05,0.216,0.0,0.1544,-1549.5887451171875
542,0.05,0.216,0.0,0.1568,-1545.8466796875
543,0.05,0.216,0.0,0.1592,-1556.361572265625
544,0.05,0.216,0.0,0.1616,-1566.8277587890625
545,0.05,0.216,0.0,0.164,-1549.966064453125
546,0.05,0.216,0.0,0.1664,-1581.085205078125
547,0.05,0.216,0.0,0.1688,-1575.159912109375
548,0.05,0.216,0.0,0.1712,-1558.755615234375
549,0.05,0.216,0.0,0.1736,-1550.41650390625
550,0.05,0.216,0.0,0.176,-1568.5595703125
551,0.05,0.216,0.0,0.1784,-1561.1087646484375
552,0.05,0.216,0.0,0.1808,-1558.75927734375
553,0.05,0.216,0.0,0.1832,-1565.3798828125
554,0.05,0.216,0.0,0.1856,-1573.962890625
555,0.05,0.216,0.0,0.188,-1571.740234375
556,0.05,0.216,0.0,0.1904,-1560.614990234375
557,0.05,0.216,0.0,0.1928,-1568.3924560546875
558,0.05,0.216,0.0,0.1952,-1583.512451171875
559,0.05,0.216,0.0,0.1976,-1574.2144775390625
560,0.05,0.216,0.0,0.2,-1569.755615234375
561,0.05,0.2176,0.0,0.08,-1586.7510986328125
562,0.05,0.2176,0.0,0.0824,-1584.362548828125
563,0.05,0.2176,0.0,0.0848,-1596.5244140625
564,0.05,0.2176,0.0,0.0872,-1585.8642578125
565,0.05,0.2176,0.0,0.0896,-1580.401611328125
566,0.05,0.2176,0.0,0.092,-1594.21728515625
567,0.05,0.2176,0.0,0.0944,-1579.32763671875
568,0.05,0.2176,0.0,0.0968,-1556.750244140625
569,0.05,0.2176,0.0,0.0992,-1581.3154296875
570,0.05,0.2176,0.0,0.1016,-1563.849853515625
571,0.05,0.2176,0.0,0.104,-1571.4261474609375
572,0.05,0.2176,0.0,0.1064,-1580.8631591796875
573,0.05,0.2176,0.0,0.1088,-1580.90380859375
574,0.05,0.2176,0.0,0.1112,-1557.9384765625
575,0.05,0.2176,0.0,0.1136,-1546.44873046875
576,0.05,0.2176,0.0,0.116,-1572.709716796875
577,0.05,0.2176,0.0,0.1184,-1556.8289794921875
578,0.05,0.2176,0.0,0.1208,-1557.664794921875
579,0.05,0.2176,0.0,0.1232,-1563.9127197265625
580,0.05,0.2176,0.0,0.1256,-1560.930419921875
581,0.05,0.2176,0.0,0.128,-1574.7113037109375
582,0.05,0.2176,0.0,0.1304,-1560.454345703125
583,0.05,0.2176,0.0,0.1328,-1562.935791015625
584,0.05,0.2176,0.0,0.1352,-1553.4306640625
585,0.05,0.2176,0.0,0.1376,-1559.5433349609375
586,0.05,0.2176,0.0,0.14,-1561.78125
587,0.05,0.2176,0.0,0.1424,-1563.0205078125
588,0.05,0.2176,0.0,0.1448,-1534.7333984375
589,0.05,0.2176,0.0,0.1472,-1565.6396484375
590,0.05,0.2176,0.0,0.1496,-1565.595947265625
591,0.05,0.2176,0.0,0.152,-1536.4434814453125
592,0.05,0.2176,0.0,0.1544,-1565.307373046875
593,0.05,0.2176,0.0,0.1568,-1549.9840087890625
594,0.05,0.2176,0.0,0.1592,-1547.079345703125
595,0.05,0.2176,0.0,0.1616,-1561.515869140625
596,0.05,0.2176,0.0,0.164,-1573.300537109375
597,0.05,0.2176,0.0,0.1664,-1561.68701171875
598,0.05,0.2176,0.0,0.1688,-1565.2957763671875
599,0.05,0.2176,0.0,0.1712,-1581.55322265625
600,0.05,0.2176,0.0,0.1736,-1571.380126953125
601,0.05,0.2176,0.0,0.176,-1561.9140625
602,0.05,0.2176,0.0,0.1784,-1556.769775390625
603,0.05,0.2176,0.0,0.1808,-1575.672607421875
604,0.05,0.2176,0.0,0.1832,-1566.4451904296875
605,0.05,0.2176,0.0,0.1856,-1576.25927734375
606,0.05,0.2176,0.0,0.188,-1560.9921875
607,0.05,0.2176,0.0,0.1904,-1564.5537109375
608,0.05,0.2176,0.0,0.1928,-1574.2012939453125
609,0.05,0.2176,0.0,0.1952,-1567.6375732421875
610,0.05,0.2176,0.0,0.1976,-1581.19580078125
611,0.05,0.2176,0.0,0.2,-1568.143310546875
612,0.05,0.2192,0.0,0.08,-1595.360595703125
613,0.05,0.2192,0.0,0.0824,-1580.524169921875
614,0.05,0.2192,0.0,0.0848,-1568.78857421875
615,0.05,0.2192,0.0,0.0872,-1580.4915771484375
616,0.05,0.2192,0.0,0.0896,-1590.1357421875
617,0.05,0.2192,0.0,0.092,-1576.082763671875
618,0.05,0.2192,0.0,0.0944,-1569.39111328125
619,0.05,0.2192,0.0,0.0968,-1582.916015625
620,0.05,0.2192,0.0,0.0992,-1576.1947021484375
621,0.05,0.2192,0.0,0.1016,-1562.97705078125
622,0.05,0.2192,0.0,0.104,-1583.172607421875
623,0.05,0.2192,0.0,0.1064,-1572.201416015625
624,0.05,0.2192,0.0,0.1088,-1572.03369140625
625,0.05,0.2192,0.0,0.1112,-1573.4412841796875
626,0.05,0.2192,0.0,0.1136,-1566.715087890625
627,0.05,0.2192,0.0,0.116,-1551.983642578125
628,0.05,0.2192,0.0,0.1184,-1557.8818359375
629,0.05,0.2192,0.0,0.1208,-1548.1395263671875
630,0.05,0.2192,0.0,0.1232,-1558.72509765625
631,0.05,0.2192,0.0,0.1256,-1577.9642333984375
632,0.05,0.2192,0.0,0.128,-1551.75830078125
633,0.05,0.2192,0.0,0.1304,-1554.4102783203125
634,0.05,0.2192,0.0,0.1328,-1555.9322509765625
635,0.05,0.2192,0.0,0.1352,-1566.0543212890625
636,0.05,0.2192,0.0,0.1376,-1561.119140625
637,0.05,0.2192,0.0,0.14,-1550.55908203125
638,0.05,0.2192,0.0,0.1424,-1551.50146484375
639,0.05,0.2192,0.0,0.1448,-1558.30419921875
640,0.05,0.2192,0.0,0.1472,-1562.9599609375
641,0.05,0.2192,0.0,0.1496,-1566.403564453125
642,0.05,0.2192,0.0,0.152,-1550.64208984375
643,0.05,0.2192,0.0,0.1544,-1543.6058349609375
644,0.05,0.2192,0.0,0.1568,-1549.240234375
645,0.05,0.2192,0.0,0.1592,-1549.088623046875
646,0.05,0.2192,0.0,0.1616,-1550.984375
647,0.05,0.2192,0.0,0.164,-1563.4178466796875
648,0.05,0.2192,0.0,0.1664,-1558.00439453125
649,0.05,0.2192,0.0,0.1688,-1567.2156982421875
650,0.05,0.2192,0.0,0.1712,-1562.5537109375
651,0.05,0.2192,0.0,0.1736,-1562.2838134765625
652,0.05,0.2192,0.0,0.176,-1572.47119140625
653,0.05,0.2192,0.0,0.1784,-1560.91357421875
654,0.05,0.2192,0.0,0.1808,-1563.615966796875
655,0.05,0.2192,0.0,0.1832,-1554.6492919921875
656,0.05,0.2192,0.0,0.1856,-1562.12939453125
657,0.05,0.2192,0.0,0.188,-1568.186279296875
658,0.05,0.2192,0.0,0.1904,-1562.4326171875
659,0.05,0.2192,0.0,0.1928,-1560.710205078125
660,0.05,0.2192,0.0,0.1952,-1567.810302734375
661,0.05,0.2192,0.0,0.1976,-1567.627197265625
662,0.05,0.2192,0.0,0.2,-1584.3870849609375
663,0.05,0.2208,0.0,0.08,-1574.64599609375
664,0.05,0.2208,0.0,0.0824,-1598.50341796875
665,0.05,0.2208,0.0,0.0848,-1579.6214599609375
666,0.05,0.2208,0.0,0.0872,-1580.52880859375
667,0.05,0.2208,0.0,0.0896,-1584.679931640625
668,0.05,0.2208,0.0,0.092,-1563.8909912109375
669,0.05,0.2208,0.0,0.0944,-1575.259521484375
670,0.05,0.2208,0.0,0.0968,-1563.990234375
671,0.05,0.2208,0.0,0.0992,-1568.7581787109375
672,0.05,0.2208,0.0,0.1016,-1565.3211669921875
673,0.05,0.2208,0.0,0.104,-1564.42578125
674,0.05,0.2208,0.0,0.1064,-1545.318359375
675,0.05,0.2208,0.0,0.1088,-1564.1065673828125
676,0.05,0.2208,0.0,0.1112,-1567.890380859375
677,0.05,0.2208,0.0,0.1136,-1541.426513671875
678,0.05,0.2208,0.0,0.116,-1566.537353515625
679,0.05,0.2208,0.0,0.1184,-1555.002685546875
680,0.05,0.2208,0.0,0.1208,-1546.02685546875
681,0.05,0.2208,0.0,0.1232,-1567.867919921875
682,0.05,0.2208,0.0,0.1256,-1564.880859375
683,0.05,0.2208,0.0,0.128,-1563.51708984375
684,0.05,0.2208,0.0,0.1304,-1548.6309814453125
685,0.05,0.2208,0.0,0.1328,-1553.9642333984375
686,0.05,0.2208,0.0,0.1352,-1557.531494140625
687,0.05,0.2208,0.0,0.1376,-1553.4150390625
688,0.05,0.2208,0.0,0.14,-1541.3685302734375
689,0.05,0.2208,0.0,0.1424,-1548.018798828125
690,0.05,0.2208,0.0,0.1448,-1546.14892578125
691,0.05,0.2208,0.0,0.1472,-1562.26611328125
692,0.05,0.2208,0.0,0.1496,-1561.7288818359375
693,0.05,0.2208,0.0,0.152,-1551.42431640625
694,0.05,0.2208,0.0,0.1544,-1560.9417724609375
695,0.05,0.2208,0.0,0.1568,-1554.4744873046875
696,0.05,0.2208,0.0,0.1592,-1555.8323974609375
697,0.05,0.2208,0.0,0.1616,-1544.4393310546875
698,0.05,0.2208,0.0,0.164,-1562.6588134765625
699,0.05,0.2208,0.0,0.1664,-1565.3482666015625
700,0.05,0.2208,0.0,0.1688,-1550.58740234375
701,0.05,0.2208,0.0,0.1712,-1548.218505859375
702,0.05,0.2208,0.0,0.1736,-1573.2943115234375
703,0.05,0.2208,0.0,0.176,-1545.67431640625
704,0.05,0.2208,0.0,0.1784,-1567.7119140625
705,0.05,0.2208,0.0,0.1808,-1566.4453125
706,0.05,0.2208,0.0,0.1832,-1568.74951171875
707,0.05,0.2208,0.0,0.1856,-1563.05322265625
708,0.05,0.2208,0.0,0.188,-1564.8814697265625
709,0.05,0.2208,0.0,0.1904,-1552.038330078125
710,0.05,0.2208,0.0,0.1928,-1565.9224853515625
711,0.05,0.2208,0.0,0.1952,-1568.268310546875
712,0.05,0.2208,0.0,0.1976,-1566.556640625
713,0.05,0.2208,0.0,0.2,-1570.434814453125
714,0.05,0.2224,0.0,0.08,-1569.06787109375
715,0.05,0.2224,0.0,0.0824,-1574.850341796875
716,0.05,0.2224,0.0,0.0848,-1578.53564453125
717,0.05,0.2224,0.0,0.0872,-1583.772705078125
718,0.05,0.2224,0.0,0.0896,-1573.1640625
719,0.05,0.2224,0.0,0.092,-1559.8038330078125
720,0.05,0.2224,0.0,0.0944,-1569.920654296875
721,0.05,0.2224,0.0,0.0968,-1552.737548828125
722,0.05,0.2224,0.0,0.0992,-1565.951171875
723,0.05,0.2224,0.0,0.1016,-1569.1868896484375
724,0.05,0.2224,0.0,0.104,-1568.3175048828125
725,0.05,0.2224,0.0,0.1064,-1542.1265869140625
726,0.05,0.2224,0.0,0.1088,-1566.240966796875
727,0.05,0.2224,0.0,0.1112,-1558.8028564453125
728,0.05,0.2224,0.0,0.1136,-1550.387939453125
729,0.05,0.2224,0.0,0.116,-1546.856689453125
730,0.05,0.2224,0.0,0.1184,-1556.728271484375
731,0.05,0.2224,0.0,0.1208,-1566.2967529296875
732,0.05,0.2224,0.0,0.1232,-1542.906005859375
733,0.05,0.2224,0.0,0.1256,-1544.96533203125
734,0.05,0.2224,0.0,0.128,-1528.352294921875
735,0.05,0.2224,0.0,0.1304,-1565.17626953125
736,0.05,0.2224,0.0,0.1328,-1545.6302490234375
737,0.05,0.2224,0.0,0.1352,-1549.524658203125
738,0.05,0.2224,0.0,0.1376,-1536.427001953125
739,0.05,0.2224,0.0,0.14,-1550.507080078125
740,0.05,0.2224,0.0,0.1424,-1550.46728515625
741,0.05,0.2224,0.0,0.1448,-1551.9420166015625
742,0.05,0.2224,0.0,0.1472,-1562.791015625
743,0.05,0.2224,0.0,0.1496,-1542.562255859375
744,0.05,0.2224,0.0,0.152,-1559.02001953125
745,0.05,0.2224,0.0,0.1544,-1542.525634765625
746,0.05,0.2224,0.0,0.1568,-1549.0399169921875
747,0.05,0.2224,0.0,0.1592,-1552.7764892578125
748,0.05,0.2224,0.0,0.1616,-1558.206787109375
749,0.05,0.2224,0.0,0.164,-1544.2825927734375
750,0.05,0.2224,0.0,0.1664,-1542.79150390625
751,0.05,0.2224,0.0,0.1688,-1556.0401611328125
752,0.05,0.2224,0.0,0.1712,-1564.6099853515625
753,0.05,0.2224,0.0,0.1736,-1569.30029296875
754,0.05,0.2224,0.0,0.176,-1568.986328125
755,0.05,0.2224,0.0,0.1784,-1561.052978515625
756,0.05,0.2224,0.0,0.1808,-1557.9853515625
757,0.05,0.2224,0.0,0.1832,-1555.01806640625
758,0.05,0.2224,0.0,0.1856,-1560.1163330078125
759,0.05,0.2224,0.0,0.188,-1555.8125
760,0.05,0.2224,0.0,0.1904,-1560.56103515625
761,0.05,0.2224,0.0,0.1928,-1569.395751953125
762,0.05,0.2224,0.0,0.1952,-1575.841064453125
763,0.05,0.2224,0.0,0.1976,-1571.802001953125
764,0.05,0.2224,0.0,0.2,-1579.8360595703125
765,0.05,0.224,0.0,0.08,-1561.13427734375
766,0.05,0.224,0.0,0.0824,-1588.931640625
767,0.05,0.224,0.0,0.0848,-1566.6253662109375
768,0.05,0.224,0.0,0.0872,-1581.5142822265625
769,0.05,0.224,0.0,0.0896,-1569.865966796875
770,0.05,0.224,0.0,0.092,-1564.557861328125
771,0.05,0.224,0.0,0.0944,-1580.0390625
772,0.05,0.224,0.0,0.0968,-1566.260009765625
773,0.05,0.224,0.0,0.0992,-1553.4364013671875
774,0.05,0.224,0.0,0.1016,-1575.833984375
775,0.05,0.224,0.0,0.104,-1574.6368408203125
776,0.05,0.224,0.0,0.1064,-1558.2767333984375
777,0.05,0.224,0.0,0.1088,-1552.80419921875
778,0.05,0.224,0.0,0.1112,-1550.2086181640625
779,0.05,0.224,0.0,0.1136,-1530.50830078125
780,0.05,0.224,0.0,0.116,-1571.22900390625
781,0.05,0.224,0.0,0.1184,-1560.4638671875
782,0.05,0.224,0.0,0.1208,-1563.814453125
783,0.05,0.224,0.0,0.1232,-1564.6636962890625
784,0.05,0.224,0.0,0.1256,-1560.128662109375
785,0.05,0.224,0.0,0.128,-1553.4088134765625
786,0.05,0.224,0.0,0.1304,-1532.71142578125
787,0.05,0.224,0.0,0.1328,-1538.035888671875
788,0.05,0.224,0.0,0.1352,-1547.942138671875
789,0.05,0.224,0.0,0.1376,-1542.73095703125
790,0.05,0.224,0.0,0.14,-1567.284423828125
791,0.05,0.224,0.0,0.1424,-1554.297119140625
792,0.05,0.224,0.0,0.1448,-1545.534912109375
793,0.05,0.224,0.0,0.1472,-1554.963134765625
794,0.05,0.224,0.0,0.1496,-1546.105712890625
795,0.05,0.224,0.0,0.152,-1550.105712890625
796,0.05,0.224,0.0,0.1544,-1551.518798828125
797,0.05,0.224,0.0,0.1568,-1565.269287109375
798,0.05,0.224,0.0,0.1592,-1553.900634765625
799,0.05,0.224,0.0,0.1616,-1556.548583984375
800,0.05,0.224,0.0,0.164,-1566.991943359375
801,0.05,0.224,0.0,0.1664,-1565.39501953125
802,0.05,0.224,0.0,0.1688,-1551.2918701171875
803,0.05,0.224,0.0,0.1712,-1553.2275390625
804,0.05,0.224,0.0,0.1736,-1561.40966796875
805,0.05,0.224,0.0,0.176,-1562.07373046875
806,0.05,0.224,0.0,0.1784,-1556.2679443359375
807,0.05,0.224,0.0,0.1808,-1563.065185546875
808,0.05,0.224,0.0,0.1832,-1561.190673828125
809,0.05,0.224,0.0,0.1856,-1571.7725830078125
810,0.05,0.224,0.0,0.188,-1545.09814453125
811,0.05,0.224,0.0,0.1904,-1571.2513427734375
812,0.05,0.224,0.0,0.1928,-1558.19775390625
813,0.05,0.224,0.0,0.1952,-1574.971435546875
814,0.05,0.224,0.0,0.1976,-1553.0689697265625
815,0.05,0.224,0.0,0.2,-1559.6478271484375
816,0.05,0.2256,0.0,0.08,-1579.93505859375
817,0.05,0.2256,0.0,0.0824,-1575.1162109375
818,0.05,0.2256,0.0,0.0848,-1579.22607421875
819,0.05,0.2256,0.0,0.0872,-1574.365478515625
820,0.05,0.2256,0.0,0.0896,-1566.614990234375
821,0.05,0.2256,0.0,0.092,-1582.3546142578125
822,0.05,0.2256,0.0,0.0944,-1572.79248046875
823,0.05,0.2256,0.0,0.0968,-1558.9351806640625
824,0.05,0.2256,0.0,0.0992,-1551.326416015625
825,0.05,0.2256,0.0,0.1016,-1557.301513671875
826,0.05,0.2256,0.0,0.104,-1569.54345703125
827,0.05,0.2256,0.0,0.1064,-1567.8277587890625
828,0.05,0.2256,0.0,0.1088,-1554.3070068359375
829,0.05,0.2256,0.0,0.1112,-1564.4935302734375
830,0.05,0.2256,0.0,0.1136,-1545.920166015625
831,0.05,0.2256,0.0,0.116,-1564.84814453125
832,0.05,0.2256,0.0,0.1184,-1557.13623046875
833,0.05,0.2256,0.0,0.1208,-1536.13916015625
834,0.05,0.2256,0.0,0.1232,-1537.392822265625
835,0.05,0.2256,0.0,0.1256,-1551.343017578125
836,0.05,0.2256,0.0,0.128,-1558.1490478515625
837,0.05,0.2256,0.0,0.1304,-1543.9295654296875
838,0.05,0.2256,0.0,0.1328,-1551.5234375
839,0.05,0.2256,0.0,0.1352,-1530.0330810546875
840,0.05,0.2256,0.0,0.1376,-1550.4508056640625
841,0.05,0.2256,0.0,0.14,-1550.296142578125
842,0.05,0.2256,0.0,0.1424,-1546.6763916015625
843,0.05,0.2256,0.0,0.1448,-1532.9503173828125
844,0.05,0.2256,0.0,0.1472,-1550.09326171875
845,0.05,0.2256,0.0,0.1496,-1545.0323486328125
846,0.05,0.2256,0.0,0.152,-1547.88232421875
847,0.05,0.2256,0.0,0.1544,-1547.21630859375
848,0.05,0.2256,0.0,0.1568,-1567.1751708984375
849,0.05,0.2256,0.0,0.1592,-1552.6536865234375
850,0.05,0.2256,0.0,0.1616,-1551.2130126953125
851,0.05,0.2256,0.0,0.164,-1561.7769775390625
852,0.05,0.2256,0.0,0.1664,-1562.627685546875
853,0.05,0.2256,0.0,0.1688,-1553.570068359375
854,0.05,0.2256,0.0,0.1712,-1571.521484375
855,0.05,0.2256,0.0,0.1736,-1556.8245849609375
856,0.05,0.2256,0.0,0.176,-1556.3642578125
857,0.05,0.2256,0.0,0.1784,-1553.196533203125
858,0.05,0.2256,0.0,0.1808,-1560.1602783203125
859,0.05,0.2256,0.0,0.1832,-1561.5341796875
860,0.05,0.2256,0.0,0.1856,-1565.767333984375
861,0.05,0.2256,0.0,0.188,-1562.544921875
862,0.05,0.2256,0.0,0.1904,-1564.6605224609375
863,0.05,0.2256,0.0,0.1928,-1567.266357421875
864,0.05,0.2256,0.0,0.1952,-1569.849609375
865,0.05,0.2256,0.0,0.1976,-1554.189453125
866,0.05,0.2256,0.0,0.2,-1571.2725830078125
867,0.05,0.2272,0.0,0.08,-1575.8026123046875
868,0.05,0.2272,0.0,0.0824,-1569.24267578125
869,0.05,0.2272,0.0,0.0848,-1571.5311279296875
870,0.05,0.2272,0.0,0.0872,-1572.300537109375
871,0.05,0.2272,0.0,0.0896,-1583.40283203125
872,0.05,0.2272,0.0,0.092,-1581.117919921875
873,0.05,0.2272,0.0,0.0944,-1560.579833984375
874,0.05,0.2272,0.0,0.0968,-1575.83447265625
875,0.05,0.2272,0.0,0.0992,-1557.1572265625
876,0.05,0.2272,0.0,0.1016,-1554.4388427734375
877,0.05,0.2272,0.0,0.104,-1568.3160400390625
878,0.05,0.2272,0.0,0.1064,-1565.6778564453125
879,0.05,0.2272,0.0,0.1088,-1543.942626953125
880,0.05,0.2272,0.0,0.1112,-1536.930419921875
881,0.05,0.2272,0.0,0.1136,-1562.7646484375
882,0.05,0.2272,0.0,0.116,-1559.154052734375
883,0.05,0.2272,0.0,0.1184,-1549.614013671875
884,0.05,0.2272,0.0,0.1208,-1543.49853515625
885,0.05,0.2272,0.0,0.1232,-1570.5274658203125
886,0.05,0.2272,0.0,0.1256,-1542.270751953125
887,0.05,0.2272,0.0,0.128,-1561.7705078125
888,0.05,0.2272,0.0,0.1304,-1555.9798583984375
889,0.05,0.2272,0.0,0.1328,-1541.167724609375
890,0.05,0.2272,0.0,0.1352,-1540.81103515625
891,0.05,0.2272,0.0,0.1376,-1558.51708984375
892,0.05,0.2272,0.0,0.14,-1555.86181640625
893,0.05,0.2272,0.0,0.1424,-1541.0380859375
894,0.05,0.2272,0.0,0.1448,-1552.11376953125
895,0.05,0.2272,0.0,0.1472,-1557.5831298828125
896,0.05,0.2272,0.0,0.1496,-1541.57177734375
897,0.05,0.2272,0.0,0.152,-1555.8052978515625
898,0.05,0.2272,0.0,0.1544,-1549.2640380859375
899,0.05,0.2272,0.0,0.1568,-1566.383544921875
900,0.05,0.2272,0.0,0.1592,-1551.76953125
901,0.05,0.2272,0.0,0.1616,-1547.083984375
902,0.05,0.2272,0.0,0.164,-1549.801513671875
903,0.05,0.2272,0.0,0.1664,-1548.784912109375
904,0.05,0.2272,0.0,0.1688,-1553.583740234375
905,0.05,0.2272,0.0,0.1712,-1558.0263671875
906,0.05,0.2272,0.0,0.1736,-1554.77197265625
907,0.05,0.2272,0.0,0.176,-1555.895751953125
908,0.05,0.2272,0.0,0.1784,-1559.169189453125
909,0.05,0.2272,0.0,0.1808,-1558.906982421875
910,0.05,0.2272,0.0,0.1832,-1551.7762451171875
911,0.05,0.2272,0.0,0.1856,-1556.6397705078125
912,0.05,0.2272,0.0,0.188,-1562.60205078125
913,0.05,0.2272,0.0,0.1904,-1562.2940673828125
914,0.05,0.2272,0.0,0.1928,-1556.9033203125
915,0.05,0.2272,0.0,0.1952,-1567.42333984375
916,0.05,0.2272,0.0,0.1976,-1567.3404541015625
917,0.05,0.2272,0.0,0.2,-1574.1204833984375
918,0.05,0.2288,0.0,0.08,-1587.8099365234375
919,0.05,0.2288,0.0,0.0824,-1574.861328125
920,0.05,0.2288,0.0,0.0848,-1571.42919921875
921,0.05,0.2288,0.0,0.0872,-1553.94775390625
922,0.05,0.2288,0.0,0.0896,-1560.177490234375
923,0.05,0.2288,0.0,0.092,-1561.344970703125
924,0.05,0.2288,0.0,0.0944,-1559.93896484375
925,0.05,0.2288,0.0,0.0968,-1565.83056640625
926,0.05,0.2288,0.0,0.0992,-1559.92529296875
927,0.05,0.2288,0.0,0.1016,-1557.4163818359375
928,0.05,0.2288,0.0,0.104,-1564.134521484375
929,0.05,0.2288,0.0,0.1064,-1540.432373046875
930,0.05,0.2288,0.0,0.1088,-1553.9588623046875
931,0.05,0.2288,0.0,0.1112,-1568.3338623046875
932,0.05,0.2288,0.0,0.1136,-1540.759521484375
933,0.05,0.2288,0.0,0.116,-1550.5701904296875
934,0.05,0.2288,0.0,0.1184,-1555.861572265625
935,0.05,0.2288,0.0,0.1208,-1544.020751953125
936,0.05,0.2288,0.0,0.1232,-1549.091552734375
937,0.05,0.2288,0.0,0.1256,-1547.5301513671875
938,0.05,0.2288,0.0,0.128,-1544.18212890625
939,0.05,0.2288,0.0,0.1304,-1554.0015869140625
940,0.05,0.2288,0.0,0.1328,-1556.26953125
941,0.05,0.2288,0.0,0.1352,-1550.6881103515625
942,0.05,0.2288,0.0,0.1376,-1546.292236328125
943,0.05,0.2288,0.0,0.14,-1545.6314697265625
944,0.05,0.2288,0.0,0.1424,-1551.2315673828125
945,0.05,0.2288,0.0,0.1448,-1551.4527587890625
946,0.05,0.2288,0.0,0.1472,-1543.1348876953125
947,0.05,0.2288,0.0,0.1496,-1551.95556640625
948,0.05,0.2288,0.0,0.152,-1550.2841796875
949,0.05,0.2288,0.0,0.1544,-1551.6038818359375
950,0.05,0.2288,0.0,0.1568,-1539.629638671875
951,0.05,0.2288,0.0,0.1592,-1547.478515625
952,0.05,0.2288,0.0,0.1616,-1545.3857421875
953,0.05,0.2288,0.0,0.164,-1542.2763671875
954,0.05,0.2288,0.0,0.1664,-1562.1297607421875
955,0.05,0.2288,0.0,0.1688,-1555.167724609375
956,0.05,0.2288,0.0,0.1712,-1560.2432861328125
957,0.05,0.2288,0.0,0.1736,-1562.3154296875
958,0.05,0.2288,0.0,0.176,-1555.744873046875
959,0.05,0.2288,0.0,0.1784,-1558.248046875
960,0.05,0.2288,0.0,0.1808,-1550.566650390625
961,0.05,0.2288,0.0,0.1832,-1552.18310546875
962,0.05,0.2288,0.0,0.1856,-1560.4786376953125
963,0.05,0.2288,0.0,0.188,-1557.525146484375
964,0.05,0.2288,0.0,0.1904,-1547.857666015625
965,0.05,0.2288,0.0,0.1928,-1566.37158203125
966,0.05,0.2288,0.0,0.1952,-1570.1265869140625
967,0.05,0.2288,0.0,0.1976,-1556.7734375
968,0.05,0.2288,0.0,0.2,-1563.8297119140625
969,0.05,0.2304,0.0,0.08,-1568.2098388671875
970,0.05,0.2304,0.0,0.0824,-1571.0145263671875
971,0.05,0.2304,0.0,0.0848,-1574.8076171875
972,0.05,0.2304,0.0,0.0872,-1557.0098876953125
973,0.05,0.2304,0.0,0.0896,-1560.54248046875
974,0.05,0.2304,0.0,0.092,-1551.9931640625
975,0.05,0.2304,0.0,0.0944,-1561.834228515625
976,0.05,0.2304,0.0,0.0968,-1564.703857421875
977,0.05,0.2304,0.0,0.0992,-1547.0726318359375
978,0.05,0.2304,0.0,0.1016,-1557.06298828125
979,0.05,0.2304,0.0,0.104,-1548.2073974609375
980,0.05,0.2304,0.0,0.1064,-1552.373291015625
981,0.05,0.2304,0.0,0.1088,-1563.46875
982,0.05,0.2304,0.0,0.1112,-1546.58203125
983,0.05,0.2304,0.0,0.1136,-1553.37939453125
984,0.05,0.2304,0.0,0.116,-1559.7694091796875
985,0.05,0.2304,0.0,0.1184,-1549.6455078125
986,0.05,0.2304,0.0,0.1208,-1540.045166015625
987,0.05,0.2304,0.0,0.1232,-1553.123046875
988,0.05,0.2304,0.0,0.1256,-1552.168701171875
989,0.05,0.2304,0.0,0.128,-1545.775146484375
990,0.05,0.2304,0.0,0.1304,-1542.902099609375
991,0.05,0.2304,0.0,0.1328,-1533.9598388671875
992,0.05,0.2304,0.0,0.1352,-1550.7620849609375
993,0.05,0.2304,0.0,0.1376,-1552.149169921875
994,0.05,0.2304,0.0,0.14,-1544.304931640625
995,0.05,0.2304,0.0,0.1424,-1541.685302734375
996,0.05,0.2304,0.0,0.1448,-1547.2421875
997,0.05,0.2304,0.0,0.1472,-1560.47314453125
998,0.05,0.2304,0.0,0.1496,-1539.880126953125
999,0.05,0.2304,0.0,0.152,-1540.3170166015625
1000,0.05,0.2304,0.0,0.1544,-1535.3245849609375
1001,0.05,0.2304,0.0,0.1568,-1545.4295654296875
1002,0.05,0.2304,0.0,0.1592,-1540.26220703125
1003,0.05,0.2304,0.0,0.1616,-1546.16015625
1004,0.05,0.2304,0.0,0.164,-1546.9930419921875
1005,0.05,0.2304,0.0,0.1664,-1554.941650390625
1006,0.05,0.2304,0.0,0.1688,-1553.1920166015625
1007,0.05,0.2304,0.0,0.1712,-1551.202880859375
1008,0.05,0.2304,0.0,0.1736,-1543.574462890625
1009,0.05,0.2304,0.0,0.176,-1559.62060546875
1010,0.05,0.2304,0.0,0.1784,-1559.5355224609375
1011,0.05,0.2304,0.0,0.1808,-1551.3258056640625
1012,0.05,0.2304,0.0,0.1832,-1563.748779296875
1013,0.05,0.2304,0.0,0.1856,-1563.2728271484375
1014,0.05,0.2304,0.0,0.188,-1553.095947265625
1015,0.05,0.2304,0.0,0.1904,-1555.604736328125
1016,0.05,0.2304,0.0,0.1928,-1571.3197021484375
1017,0.05,0.2304,0.0,0.1952,-1552.051513671875
1018,0.05,0.2304,0.0,0.1976,-1552.6593017578125
1019,0.05,0.2304,0.0,0.2,-1558.196533203125
1020,0.05,0.232,0.0,0.08,-1578.537841796875
1021,0.05,0.232,0.0,0.0824,-1582.400390625
1022,0.05,0.232,0.0,0.0848,-1571.4886474609375
1023,0.05,0.232,0.0,0.0872,-1564.095703125
1024,0.05,0.232,0.0,0.0896,-1564.228271484375
1025,0.05,0.232,0.0,0.092,-1566.744140625
1026,0.05,0.232,0.0,0.0944,-1559.59814453125
1027,0.05,0.232,0.0,0.0968,-1555.5303955078125
1028,0.05,0.232,0.0,0.0992,-1563.9193115234375
1029,0.05,0.232,0.0,0.1016,-1564.9849853515625
1030,0.05,0.232,0.0,0.104,-1553.607666015625
1031,0.05,0.232,0.0,0.1064,-1561.575927734375
1032,0.05,0.232,0.0,0.1088,-1556.5472412109375
1033,0.05,0.232,0.0,0.1112,-1556.0474853515625
1034,0.05,0.232,0.0,0.1136,-1549.4775390625
1035,0.05,0.232,0.0,0.116,-1538.029541015625
1036,0.05,0.232,0.0,0.1184,-1556.01708984375
1037,0.05,0.232,0.0,0.1208,-1552.295166015625
1038,0.05,0.232,0.0,0.1232,-1541.4757080078125
1039,0.05,0.232,0.0,0.1256,-1537.0726318359375
1040,0.05,0.232,0.0,0.128,-1535.89697265625
1041,0.05,0.232,0.0,0.1304,-1553.3038330078125
1042,0.05,0.232,0.0,0.1328,-1546.8819580078125
1043,0.05,0.232,0.0,0.1352,-1553.825439453125
1044,0.05,0.232,0.0,0.1376,-1533.8226318359375
1045,0.05,0.232,0.0,0.14,-1534.7803955078125
1046,0.05,0.232,0.0,0.1424,-1541.1103515625
1047,0.05,0.232,0.0,0.1448,-1557.356689453125
1048,0.05,0.232,0.0,0.1472,-1546.9443359375
1049,0.05,0.232,0.0,0.1496,-1540.4605712890625
1050,0.05,0.232,0.0,0.152,-1553.0816650390625
1051,0.05,0.232,0.0,0.1544,-1538.118408203125
1052,0.05,0.232,0.0,0.1568,-1542.2236328125
1053,0.05,0.232,0.0,0.1592,-1543.2237548828125
1054,0.05,0.232,0.0,0.1616,-1540.232666015625
1055,0.05,0.232,0.0,0.164,-1543.7496337890625
1056,0.05,0.232,0.0,0.1664,-1546.7401123046875
1057,0.05,0.232,0.0,0.1688,-1553.486572265625
1058,0.05,0.232,0.0,0.1712,-1556.750732421875
1059,0.05,0.232,0.0,0.1736,-1555.0904541015625
1060,0.05,0.232,0.0,0.176,-1556.230712890625
1061,0.05,0.232,0.0,0.1784,-1562.7186279296875
1062,0.05,0.232,0.0,0.1808,-1545.1986083984375
1063,0.05,0.232,0.0,0.1832,-1549.1842041015625
1064,0.05,0.232,0.0,0.1856,-1548.1280517578125
1065,0.05,0.232,0.0,0.188,-1567.8870849609375
1066,0.05,0.232,0.0,0.1904,-1569.893798828125
1067,0.05,0.232,0.0,0.1928,-1565.97998046875
1068,0.05,0.232,0.0,0.1952,-1561.0615234375
1069,0.05,0.232,0.0,0.1976,-1560.7835693359375
1070,0.05,0.232,0.0,0.2,-1576.689697265625
1071,0.05,0.2336,0.0,0.08,-1558.87255859375
1072,0.05,0.2336,0.0,0.0824,-1576.3359375
1073,0.05,0.2336,0.0,0.0848,-1568.89404296875
1074,0.05,0.2336,0.0,0.0872,-1562.7293701171875
1075,0.05,0.2336,0.0,0.0896,-1567.686767578125
1076,0.05,0.2336,0.0,0.092,-1566.202880859375
1077,0.05,0.2336,0.0,0.0944,-1563.629638671875
1078,0.05,0.2336,0.0,0.0968,-1545.9744873046875
1079,0.05,0.2336,0.0,0.0992,-1548.5010986328125
1080,0.05,0.2336,0.0,0.1016,-1560.9158935546875
1081,0.05,0.2336,0.0,0.104,-1558.635498046875
1082,0.05,0.2336,0.0,0.1064,-1549.0513916015625
1083,0.05,0.2336,0.0,0.1088,-1550.2835693359375
1084,0.05,0.2336,0.0,0.1112,-1548.01123046875
1085,0.05,0.2336,0.0,0.1136,-1550.490234375
1086,0.05,0.2336,0.0,0.116,-1553.796875
1087,0.05,0.2336,0.0,0.1184,-1557.922607421875
1088,0.05,0.2336,0.0,0.1208,-1545.310791015625
1089,0.05,0.2336,0.0,0.1232,-1549.00048828125
1090,0.05,0.2336,0.0,0.1256,-1556.52685546875
1091,0.05,0.2336,0.0,0.128,-1548.882080078125
1092,0.05,0.2336,0.0,0.1304,-1546.127197265625
1093,0.05,0.2336,0.0,0.1328,-1544.92138671875
1094,0.05,0.2336,0.0,0.1352,-1547.0762939453125
1095,0.05,0.2336,0.0,0.1376,-1554.9189453125
1096,0.05,0.2336,0.0,0.14,-1556.0966796875
1097,0.05,0.2336,0.0,0.1424,-1537.1068115234375
1098,0.05,0.2336,0.0,0.1448,-1547.683837890625
1099,0.05,0.2336,0.0,0.1472,-1545.447021484375
1100,0.05,0.2336,0.0,0.1496,-1545.56640625
1101,0.05,0.2336,0.0,0.152,-1538.114501953125
1102,0.05,0.2336,0.0,0.1544,-1552.2735595703125
1103,0.05,0.2336,0.0,0.1568,-1546.82080078125
1104,0.05,0.2336,0.0,0.1592,-1549.226318359375
1105,0.05,0.2336,0.0,0.1616,-1547.3101806640625
1106,0.05,0.2336,0.0,0.164,-1551.5863037109375
1107,0.05,0.2336,0.0,0.1664,-1546.773681640625
1108,0.05,0.2336,0.0,0.1688,-1548.97119140625
1109,0.05,0.2336,0.0,0.1712,-1542.71240234375
1110,0.05,0.2336,0.0,0.1736,-1542.7886962890625
1111,0.05,0.2336,0.0,0.176,-1554.3326416015625
1112,0.05,0.2336,0.0,0.1784,-1549.4013671875
1113,0.05,0.2336,0.0,0.1808,-1560.699462890625
1114,0.05,0.2336,0.0,0.1832,-1550.027099609375
1115,0.05,0.2336,0.0,0.1856,-1560.1123046875
1116,0.05,0.2336,0.0,0.188,-1556.348388671875
1117,0.05,0.2336,0.0,0.1904,-1561.272216796875
1118,0.05,0.2336,0.0,0.1928,-1553.312255859375
1119,0.05,0.2336,0.0,0.1952,-1561.7391357421875
1120,0.05,0.2336,0.0,0.1976,-1572.84814453125
1121,0.05,0.2336,0.0,0.2,-1573.806396484375
1122,0.05,0.2352,0.0,0.08,-1577.031494140625
1123,0.05,0.2352,0.0,0.0824,-1568.236083984375
1124,0.05,0.2352,0.0,0.0848,-1572.783203125
1125,0.05,0.2352,0.0,0.0872,-1554.104736328125
1126,0.05,0.2352,0.0,0.0896,-1566.000244140625
1127,0.05,0.2352,0.0,0.092,-1553.0936279296875
1128,0.05,0.2352,0.0,0.0944,-1557.0902099609375
1129,0.05,0.2352,0.0,0.0968,-1569.710693359375
1130,0.05,0.2352,0.0,0.0992,-1552.531982421875
1131,0.05,0.2352,0.0,0.1016,-1544.9849853515625
1132,0.05,0.2352,0.0,0.104,-1544.563232421875
1133,0.05,0.2352,0.0,0.1064,-1543.052978515625
1134,0.05,0.2352,0.0,0.1088,-1548.60546875
1135,0.05,0.2352,0.0,0.1112,-1558.3536376953125
1136,0.05,0.2352,0.0,0.1136,-1549.741455078125
1137,0.05,0.2352,0.0,0.116,-1559.42138671875
1138,0.05,0.2352,0.0,0.1184,-1544.9093017578125
1139,0.05,0.2352,0.0,0.1208,-1551.051025390625
1140,0.05,0.2352,0.0,0.1232,-1550.513916015625
1141,0.05,0.2352,0.0,0.1256,-1547.9649658203125
1142,0.05,0.2352,0.0,0.128,-1535.707275390625
1143,0.05,0.2352,0.0,0.1304,-1549.6436767578125
1144,0.05,0.2352,0.0,0.1328,-1543.454345703125
1145,0.05,0.2352,0.0,0.1352,-1540.9078369140625
1146,0.05,0.2352,0.0,0.1376,-1537.10107421875
1147,0.05,0.2352,0.0,0.14,-1541.9647216796875
1148,0.05,0.2352,0.0,0.1424,-1544.735107421875
1149,0.05,0.2352,0.0,0.1448,-1543.657958984375
1150,0.05,0.2352,0.0,0.1472,-1545.1280517578125
1151,0.05,0.2352,0.0,0.1496,-1546.318359375
1152,0.05,0.2352,0.0,0.152,-1545.7069091796875
1153,0.05,0.2352,0.0,0.1544,-1539.5369873046875
1154,0.05,0.2352,0.0,0.1568,-1543.7684326171875
1155,0.05,0.2352,0.0,0.1592,-1550.301513671875
1156,0.05,0.2352,0.0,0.1616,-1541.7049560546875
1157,0.05,0.2352,0.0,0.164,-1544.7110595703125
1158,0.05,0.2352,0.0,0.1664,-1551.837646484375
1159,0.05,0.2352,0.0,0.1688,-1555.0166015625
1160,0.05,0.2352,0.0,0.1712,-1547.693359375
1161,0.05,0.2352,0.0,0.1736,-1547.444580078125
1162,0.05,0.2352,0.0,0.176,-1549.5753173828125
1163,0.05,0.2352,0.0,0.1784,-1554.135986328125
1164,0.05,0.2352,0.0,0.1808,-1554.6015625
1165,0.05,0.2352,0.0,0.1832,-1555.130859375
1166,0.05,0.2352,0.0,0.1856,-1554.053466796875
1167,0.05,0.2352,0.0,0.188,-1551.415283203125
1168,0.05,0.2352,0.0,0.1904,-1553.7037353515625
1169,0.05,0.2352,0.0,0.1928,-1569.582275390625
1170,0.05,0.2352,0.0,0.1952,-1567.3157958984375
1171,0.05,0.2352,0.0,0.1976,-1563.6326904296875
1172,0.05,0.2352,0.0,0.2,-1562.28369140625
1173,0.05,0.2368,0.0,0.08,-1571.6171875
1174,0.05,0.2368,0.0,0.0824,-1569.5811767578125
1175,0.05,0.2368,0.0,0.0848,-1571.743408203125
1176,0.05,0.2368,0.0,0.0872,-1567.287841796875
1177,0.05,0.2368,0.0,0.0896,-1569.83984375
1178,0.05,0.2368,0.0,0.092,-1553.932373046875
1179,0.05,0.2368,0.0,0.0944,-1553.693603515625
1180,0.05,0.2368,0.0,0.0968,-1555.98486328125
1181,0.05,0.2368,0.0,0.0992,-1558.230712890625
1182,0.05,0.2368,0.0,0.1016,-1558.150146484375
1183,0.05,0.2368,0.0,0.104,-1550.271728515625
1184,0.05,0.2368,0.0,0.1064,-1544.9393310546875
1185,0.05,0.2368,0.0,0.1088,-1559.852783203125
1186,0.05,0.2368,0.0,0.1112,-1555.8004150390625
1187,0.05,0.2368,0.0,0.1136,-1547.9609375
1188,0.05,0.2368,0.0,0.116,-1549.8995361328125
1189,0.05,0.2368,0.0,0.1184,-1550.735107421875
1190,0.05,0.2368,0.0,0.1208,-1546.995849609375
1191,0.05,0.2368,0.0,0.1232,-1543.380126953125
1192,0.05,0.2368,0.0,0.1256,-1537.5467529296875
1193,0.05,0.2368,0.0,0.128,-1542.94482421875
1194,0.05,0.2368,0.0,0.1304,-1539.9072265625
1195,0.05,0.2368,0.0,0.1328,-1549.29296875
1196,0.05,0.2368,0.0,0.1352,-1543.039794921875
1197,0.05,0.2368,0.0,0.1376,-1547.634521484375
1198,0.05,0.2368,0.0,0.14,-1540.179443359375
1199,0.05,0.2368,0.0,0.1424,-1545.333740234375
1200,0.05,0.2368,0.0,0.1448,-1543.823486328125
1201,0.05,0.2368,0.0,0.1472,-1543.4970703125
1202,0.05,0.2368,0.0,0.1496,-1548.211669921875
1203,0.05,0.2368,0.0,0.152,-1553.177734375
1204,0.05,0.2368,0.0,0.1544,-1546.5699462890625
1205,0.05,0.2368,0.0,0.1568,-1546.2431640625
1206,0.05,0.2368,0.0,0.1592,-1543.90185546875
1207,0.05,0.2368,0.0,0.1616,-1544.1669921875
1208,0.05,0.2368,0.0,0.164,-1542.7320556640625
1209,0.05,0.2368,0.0,0.1664,-1557.606201171875
1210,0.05,0.2368,0.0,0.1688,-1554.424560546875
1211,0.05,0.2368,0.0,0.1712,-1548.418212890625
1212,0.05,0.2368,0.0,0.1736,-1547.580810546875
1213,0.05,0.2368,0.0,0.176,-1546.9442138671875
1214,0.05,0.2368,0.0,0.1784,-1554.0838623046875
1215,0.05,0.2368,0.0,0.1808,-1560.6302490234375
1216,0.05,0.2368,0.0,0.1832,-1555.21630859375
1217,0.05,0.2368,0.0,0.1856,-1549.8203125
1218,0.05,0.2368,0.0,0.188,-1555.7901611328125
1219,0.05,0.2368,0.0,0.1904,-1565.448974609375
1220,0.05,0.2368,0.0,0.1928,-1554.018310546875
1221,0.05,0.2368,0.0,0.1952,-1557.67236328125
1222,0.05,0.2368,0.0,0.1976,-1565.34619140625
1223,0.05,0.2368,0.0,0.2,-1560.066162109375
1224,0.05,0.2384,0.0,0.08,-1568.31884765625
1225,0.05,0.2384,0.0,0.0824,-1570.969482421875
1226,0.05,0.2384,0.0,0.0848,-1569.11767578125
1227,0.05,0.2384,0.0,0.0872,-1562.875
1228,0.05,0.2384,0.0,0.0896,-1560.67529296875
1229,0.05,0.2384,0.0,0.092,-1552.5745849609375
1230,0.05,0.2384,0.0,0.0944,-1557.83740234375
1231,0.05,0.2384,0.0,0.0968,-1555.27490234375
1232,0.05,0.2384,0.0,0.0992,-1553.673828125
1233,0.05,0.2384,0.0,0.1016,-1549.1806640625
1234,0.05,0.2384,0.0,0.104,-1549.3148193359375
1235,0.05,0.2384,0.0,0.1064,-1548.067138671875
1236,0.05,0.2384,0.0,0.1088,-1551.4912109375
1237,0.05,0.2384,0.0,0.1112,-1552.279296875
1238,0.05,0.2384,0.0,0.1136,-1547.78515625
1239,0.05,0.2384,0.0,0.116,-1544.9991455078125
1240,0.05,0.2384,0.0,0.1184,-1540.623046875
1241,0.05,0.2384,0.0,0.1208,-1538.61083984375
1242,0.05,0.2384,0.0,0.1232,-1547.5966796875
1243,0.05,0.2384,0.0,0.1256,-1540.3795166015625
1244,0.05,0.2384,0.0,0.128,-1537.249267578125
1245,0.05,0.2384,0.0,0.1304,-1544.215576171875
1246,0.05,0.2384,0.0,0.1328,-1537.225830078125
1247,0.05,0.2384,0.0,0.1352,-1540.629638671875
1248,0.05,0.2384,0.0,0.1376,-1537.85009765625
1249,0.05,0.2384,0.0,0.14,-1545.755615234375
1250,0.05,0.2384,0.0,0.1424,-1545.644287109375
1251,0.05,0.2384,0.0,0.1448,-1552.7415771484375
1252,0.05,0.2384,0.0,0.1472,-1545.22265625
1253,0.05,0.2384,0.0,0.1496,-1545.200927734375
1254,0.05,0.2384,0.0,0.152,-1539.779052734375
1255,0.05,0.2384,0.0,0.1544,-1549.381591796875
1256,0.05,0.2384,0.0,0.1568,-1543.824951171875
1257,0.05,0.2384,0.0,0.1592,-1548.625732421875
1258,0.05,0.2384,0.0,0.1616,-1552.3779296875
1259,0.05,0.2384,0.0,0.164,-1548.5552978515625
1260,0.05,0.2384,0.0,0.1664,-1554.7763671875
1261,0.05,0.2384,0.0,0.1688,-1546.771240234375
1262,0.05,0.2384,0.0,0.1712,-1547.780029296875
1263,0.05,0.2384,0.0,0.1736,-1551.8359375
1264,0.05,0.2384,0.0,0.176,-1554.2327880859375
1265,0.05,0.2384,0.0,0.1784,-1547.9495849609375
1266,0.05,0.2384,0.0,0.1808,-1553.546142578125
1267,0.05,0.2384,0.0,0.1832,-1550.9749755859375
1268,0.05,0.2384,0.0,0.1856,-1556.680908203125
1269,0.05,0.2384,0.0,0.188,-1565.197265625
1270,0.05,0.2384,0.0,0.1904,-1556.81396484375
1271,0.05,0.2384,0.0,0.1928,-1557.576171875
1272,0.05,0.2384,0.0,0.1952,-1557.0604248046875
1273,0.05,0.2384,0.0,0.1976,-1561.308837890625
1274,0.05,0.2384,0.0,0.2,-1561.439697265625
1275,0.05,0.24,0.0,0.08,-1565.311279296875
1276,0.05,0.24,0.0,0.0824,-1568.18994140625
1277,0.05,0.24,0.0,0.0848,-1558.4053955078125
1278,0.05,0.24,0.0,0.0872,-1562.4976806640625
1279,0.05,0.24,0.0,0.0896,-1566.60009765625
1280,0.05,0.24,0.0,0.092,-1557.016357421875
1281,0.05,0.24,0.0,0.0944,-1562.7509765625
1282,0.05,0.24,0.0,0.0968,-1550.295166015625
1283,0.05,0.24,0.0,0.0992,-1559.38916015625
1284,0.05,0.24,0.0,0.1016,-1546.7354736328125
1285,0.05,0.24,0.0,0.104,-1544.6156005859375
1286,0.05,0.24,0.0,0.1064,-1549.244873046875
1287,0.05,0.24,0.0,0.1088,-1547.2569580078125
1288,0.05,0.24,0.0,0.1112,-1542.46240234375
1289,0.05,0.24,0.0,0.1136,-1542.240234375
1290,0.05,0.24,0.0,0.116,-1545.3603515625
1291,0.05,0.24,0.0,0.1184,-1548.786865234375
1292,0.05,0.24,0.0,0.1208,-1547.737060546875
1293,0.05,0.24,0.0,0.1232,-1539.102783203125
1294,0.05,0.24,0.0,0.1256,-1544.8995361328125
1295,0.05,0.24,0.0,0.128,-1540.2398681640625
1296,0.05,0.24,0.0,0.1304,-1548.5672607421875
1297,0.05,0.24,0.0,0.1328,-1541.4056396484375
1298,0.05,0.24,0.0,0.1352,-1543.5498046875
1299,0.05,0.24,0.0,0.1376,-1546.384033203125
1300,0.05,0.24,0.0,0.14,-1544.0814208984375
1301,0.05,0.24,0.0,0.1424,-1540.920654296875
1302,0.05,0.24,0.0,0.1448,-1543.109375
1303,0.05,0.24,0.0,0.1472,-1552.4200439453125
1304,0.05,0.24,0.0,0.1496,-1552.020263671875
1305,0.05,0.24,0.0,0.152,-1541.358642578125
1306,0.05,0.24,0.0,0.1544,-1543.344482421875
1307,0.05,0.24,0.0,0.1568,-1541.800537109375
1308,0.05,0.24,0.0,0.1592,-1543.1402587890625
1309,0.05,0.24,0.0,0.1616,-1544.3935546875
1310,0.05,0.24,0.0,0.164,-1547.6622314453125
1311,0.05,0.24,0.0,0.1664,-1553.289306640625
1312,0.05,0.24,0.0,0.1688,-1558.4652099609375
1313,0.05,0.24,0.0,0.1712,-1553.5908203125
1314,0.05,0.24,0.0,0.1736,-1547.64697265625
1315,0.05,0.24,0.0,0.176,-1549.4052734375
1316,0.05,0.24,0.0,0.1784,-1551.107177734375
1317,0.05,0.24,0.0,0.1808,-1550.915771484375
1318,0.05,0.24,0.0,0.1832,-1552.41015625
1319,0.05,0.24,0.0,0.1856,-1553.4683837890625
1320,0.05,0.24,0.0,0.188,-1556.997802734375
1321,0.05,0.24,0.0,0.1904,-1554.309326171875
1322,0.05,0.24,0.0,0.1928,-1558.3662109375
1323,0.05,0.24,0.0,0.1952,-1556.92724609375
1324,0.05,0.24,0.0,0.1976,-1561.537109375
1325,0.05,0.24,0.0,0.2,-1568.0284423828125
1326,0.05,0.2416,0.0,0.08,-1569.828369140625
1327,0.05,0.2416,0.0,0.0824,-1571.437255859375
1328,0.05,0.2416,0.0,0.0848,-1571.9730224609375
1329,0.05,0.2416,0.0,0.0872,-1562.804931640625
1330,0.05,0.2416,0.0,0.0896,-1556.3428955078125
1331,0.05,0.2416,0.0,0.092,-1552.958251953125
1332,0.05,0.2416,0.0,0.0944,-1552.69580078125
1333,0.05,0.2416,0.0,0.0968,-1558.7216796875
1334,0.05,0.2416,0.0,0.0992,-1555.008544921875
1335,0.05,0.2416,0.0,0.1016,-1546.9111328125
1336,0.05,0.2416,0.0,0.104,-1545.620361328125
1337,0.05,0.2416,0.0,0.1064,-1545.3275146484375
1338,0.05,0.2416,0.0,0.1088,-1544.551513671875
1339,0.05,0.2416,0.0,0.1112,-1542.78271484375
1340,0.05,0.2416,0.0,0.1136,-1541.830078125
1341,0.05,0.2416,0.0,0.116,-1541.56298828125
1342,0.05,0.2416,0.0,0.1184,-1552.943603515625
1343,0.05,0.2416,0.0,0.1208,-1551.60107421875
1344,0.05,0.2416,0.0,0.1232,-1549.0838623046875
1345,0.05,0.2416,0.0,0.1256,-1541.4068603515625
1346,0.05,0.2416,0.0,0.128,-1543.6019287109375
1347,0.05,0.2416,0.0,0.1304,-1542.26513671875
1348,0.05,0.2416,0.0,0.1328,-1539.8302001953125
1349,0.05,0.2416,0.0,0.1352,-1543.913818359375
1350,0.05,0.2416,0.0,0.1376,-1540.332763671875
1351,0.05,0.2416,0.0,0.14,-1544.677734375
1352,0.05,0.2416,0.0,0.1424,-1547.73974609375
1353,0.05,0.2416,0.0,0.1448,-1540.5626220703125
1354,0.05,0.2416,0.0,0.1472,-1540.967529296875
1355,0.05,0.2416,0.0,0.1496,-1541.349365234375
1356,0.05,0.2416,0.0,0.152,-1543.57958984375
1357,0.05,0.2416,0.0,0.1544,-1543.14990234375
1358,0.05,0.2416,0.0,0.1568,-1543.04052734375
1359,0.05,0.2416,0.0,0.1592,-1545.21337890625
1360,0.05,0.2416,0.0,0.1616,-1548.504150390625
1361,0.05,0.2416,0.0,0.164,-1556.49853515625
1362,0.05,0.2416,0.0,0.1664,-1546.0255126953125
1363,0.05,0.2416,0.0,0.1688,-1547.6571044921875
1364,0.05,0.2416,0.0,0.1712,-1552.2540283203125
1365,0.05,0.2416,0.0,0.1736,-1553.9296875
1366,0.05,0.2416,0.0,0.176,-1552.3265380859375
1367,0.05,0.2416,0.0,0.1784,-1558.2799072265625
1368,0.05,0.2416,0.0,0.1808,-1554.478759765625
1369,0.05,0.2416,0.0,0.1832,-1552.6026611328125
1370,0.05,0.2416,0.0,0.1856,-1557.478271484375
1371,0.05,0.2416,0.0,0.188,-1558.84228515625
1372,0.05,0.2416,0.0,0.1904,-1560.1766357421875
1373,0.05,0.2416,0.0,0.1928,-1560.9691162109375
1374,0.05,0.2416,0.0,0.1952,-1561.53955078125
1375,0.05,0.2416,0.0,0.1976,-1560.797607421875
1376,0.05,0.2416,0.0,0.2,-1563.029541015625
1377,0.05,0.2432,0.0,0.08,-1572.6865234375
1378,0.05,0.2432,0.0,0.0824,-1563.74755859375
1379,0.05,0.2432,0.0,0.0848,-1558.8555908203125
1380,0.05,0.2432,0.0,0.0872,-1559.244873046875
1381,0.05,0.2432,0.0,0.0896,-1557.2384033203125
1382,0.05,0.2432,0.0,0.092,-1554.9227294921875
1383,0.05,0.2432,0.0,0.0944,-1552.205078125
1384,0.05,0.2432,0.0,0.0968,-1554.90087890625
1385,0.05,0.2432,0.0,0.0992,-1554.9140625
1386,0.05,0.2432,0.0,0.1016,-1547.81298828125
1387,0.05,0.2432,0.0,0.104,-1547.4393310546875
1388,0.05,0.2432,0.0,0.1064,-1548.486328125
1389,0.05,0.2432,0.0,0.1088,-1543.9228515625
1390,0.05,0.2432,0.0,0.1112,-1544.876953125
1391,0.05,0.2432,0.0,0.1136,-1548.836669921875
1392,0.05,0.2432,0.0,0.116,-1542.352783203125
1393,0.05,0.2432,0.0,0.1184,-1546.9332275390625
1394,0.05,0.2432,0.0,0.1208,-1542.84033203125
1395,0.05,0.2432,0.0,0.1232,-1546.2159423828125
1396,0.05,0.2432,0.0,0.1256,-1540.9769287109375
1397,0.05,0.2432,0.0,0.128,-1542.294677734375
1398,0.05,0.2432,0.0,0.1304,-1542.387451171875
1399,0.05,0.2432,0.0,0.1328,-1546.029052734375
1400,0.05,0.2432,0.0,0.1352,-1546.9730224609375
1401,0.05,0.2432,0.0,0.1376,-1541.7518310546875
1402,0.05,0.2432,0.0,0.14,-1543.2183837890625
1403,0.05,0.2432,0.0,0.1424,-1542.446044921875
1404,0.05,0.2432,0.0,0.1448,-1543.0865478515625
1405,0.05,0.2432,0.0,0.1472,-1542.359130859375
1406,0.05,0.2432,0.0,0.1496,-1544.748291015625
1407,0.05,0.2432,0.0,0.152,-1543.125244140625
1408,0.05,0.2432,0.0,0.1544,-1543.862060546875
1409,0.05,0.2432,0.0,0.1568,-1547.007080078125
1410,0.05,0.2432,0.0,0.1592,-1544.3203125
1411,0.05,0.2432,0.0,0.1616,-1546.5537109375
1412,0.05,0.2432,0.0,0.164,-1546.373046875
1413,0.05,0.2432,0.0,0.1664,-1555.193603515625
1414,0.05,0.2432,0.0,0.1688,-1547.748046875
1415,0.05,0.2432,0.0,0.1712,-1550.6968994140625
1416,0.05,0.2432,0.0,0.1736,-1548.84375
1417,0.05,0.2432,0.0,0.176,-1551.5443115234375
1418,0.05,0.2432,0.0,0.1784,-1552.6812744140625
1419,0.05,0.2432,0.0,0.1808,-1552.396484375
1420,0.05,0.2432,0.0,0.1832,-1553.8431396484375
1421,0.05,0.2432,0.0,0.1856,-1557.58544921875
1422,0.05,0.2432,0.0,0.188,-1555.27197265625
1423,0.05,0.2432,0.0,0.1904,-1559.7178955078125
1424,0.05,0.2432,0.0,0.1928,-1561.15625
1425,0.05,0.2432,0.0,0.1952,-1559.070556640625
1426,0.05,0.2432,0.0,0.1976,-1561.362060546875
1427,0.05,0.2432,0.0,0.2,-1563.6278076171875
1428,0.05,0.2448,0.0,0.08,-1568.871826171875
1429,0.05,0.2448,0.0,0.0824,-1572.301513671875
1430,0.05,0.2448,0.0,0.0848,-1562.327392578125
1431,0.05,0.2448,0.0,0.0872,-1560.872314453125
1432,0.05,0.2448,0.0,0.0896,-1559.0546875
1433,0.05,0.2448,0.0,0.092,-1554.045166015625
1434,0.05,0.2448,0.0,0.0944,-1556.46484375
1435,0.05,0.2448,0.0,0.0968,-1553.21044921875
1436,0.05,0.2448,0.0,0.0992,-1551.76025390625
1437,0.05,0.2448,0.0,0.1016,-1550.222412109375
1438,0.05,0.2448,0.0,0.104,-1550.1728515625
1439,0.05,0.2448,0.0,0.1064,-1546.2655029296875
1440,0.05,0.2448,0.0,0.1088,-1545.884033203125
1441,0.05,0.2448,0.0,0.1112,-1548.2740478515625
1442,0.05,0.2448,0.0,0.1136,-1547.3798828125
1443,0.05,0.2448,0.0,0.116,-1545.0467529296875
1444,0.05,0.2448,0.0,0.1184,-1544.70947265625
1445,0.05,0.2448,0.0,0.1208,-1543.7125244140625
1446,0.05,0.2448,0.0,0.1232,-1543.44384765625
1447,0.05,0.2448,0.0,0.1256,-1542.40185546875
1448,0.05,0.2448,0.0,0.128,-1543.67626953125
1449,0.05,0.2448,0.0,0.1304,-1541.90869140625
1450,0.05,0.2448,0.0,0.1328,-1544.3218994140625
1451,0.05,0.2448,0.0,0.1352,-1543.2071533203125
1452,0.05,0.2448,0.0,0.1376,-1541.475830078125
1453,0.05,0.2448,0.0,0.14,-1541.4056396484375
1454,0.05,0.2448,0.0,0.1424,-1541.887451171875
1455,0.05,0.2448,0.0,0.1448,-1543.8936767578125
1456,0.05,0.2448,0.0,0.1472,-1543.9471435546875
1457,0.05,0.2448,0.0,0.1496,-1543.0404052734375
1458,0.05,0.2448,0.0,0.152,-1545.998779296875
1459,0.05,0.2448,0.0,0.1544,-1545.8995361328125
1460,0.05,0.2448,0.0,0.1568,-1547.579345703125
1461,0.05,0.2448,0.0,0.1592,-1548.8648681640625
1462,0.05,0.2448,0.0,0.1616,-1548.3853759765625
1463,0.05,0.2448,0.0,0.164,-1548.065185546875
1464,0.05,0.2448,0.0,0.1664,-1549.3267822265625
1465,0.05,0.2448,0.0,0.1688,-1548.98974609375
1466,0.05,0.2448,0.0,0.1712,-1550.3106689453125
1467,0.05,0.2448,0.0,0.1736,-1551.0068359375
1468,0.05,0.2448,0.0,0.176,-1551.4437255859375
1469,0.05,0.2448,0.0,0.1784,-1558.077392578125
1470,0.05,0.2448,0.0,0.1808,-1553.719970703125
1471,0.05,0.2448,0.0,0.1832,-1554.9849853515625
1472,0.05,0.2448,0.0,0.1856,-1558.052490234375
1473,0.05,0.2448,0.0,0.188,-1557.363037109375
1474,0.05,0.2448,0.0,0.1904,-1557.7078857421875
1475,0.05,0.2448,0.0,0.1928,-1559.32373046875
1476,0.05,0.2448,0.0,0.1952,-1560.9688720703125
1477,0.05,0.2448,0.0,0.1976,-1565.962890625
1478,0.05,0.2448,0.0,0.2,-1566.3486328125
1479,0.05,0.2464,0.0,0.08,-1566.4251708984375
1480,0.05,0.2464,0.0,0.0824,-1564.783935546875
1481,0.05,0.2464,0.0,0.0848,-1560.9866943359375
1482,0.05,0.2464,0.0,0.0872,-1558.1639404296875
1483,0.05,0.2464,0.0,0.0896,-1563.739501953125
1484,0.05,0.2464,0.0,0.092,-1557.787353515625
1485,0.05,0.2464,0.0,0.0944,-1556.501708984375
1486,0.05,0.2464,0.0,0.0968,-1552.898193359375
1487,0.05,0.2464,0.0,0.0992,-1554.6507568359375
1488,0.05,0.2464,0.0,0.1016,-1549.066650390625
1489,0.05,0.2464,0.0,0.104,-1551.078369140625
1490,0.05,0.2464,0.0,0.1064,-1547.12255859375
1491,0.05,0.2464,0.0,0.1088,-1552.7823486328125
1492,0.05,0.2464,0.0,0.1112,-1546.96044921875
1493,0.05,0.2464,0.0,0.1136,-1545.9228515625
1494,0.05,0.2464,0.0,0.116,-1545.21044921875
1495,0.05,0.2464,0.0,0.1184,-1546.8538818359375
1496,0.05,0.2464,0.0,0.1208,-1547.7701416015625
1497,0.05,0.2464,0.0,0.1232,-1544.442626953125
1498,0.05,0.2464,0.0,0.1256,-1544.0020751953125
1499,0.05,0.2464,0.0,0.128,-1542.46875
1500,0.05,0.2464,0.0,0.1304,-1548.798095703125
1501,0.05,0.2464,0.0,0.1328,-1552.69677734375
1502,0.05,0.2464,0.0,0.1352,-1545.78466796875
1503,0.05,0.2464,0.0,0.1376,-1543.9774169921875
1504,0.05,0.2464,0.0,0.14,-1544.636962890625
1505,0.05,0.2464,0.0,0.1424,-1543.463623046875
1506,0.05,0.2464,0.0,0.1448,-1545.074462890625
1507,0.05,0.2464,0.0,0.1472,-1546.3173828125
1508,0.05,0.2464,0.0,0.1496,-1547.1331787109375
1509,0.05,0.2464,0.0,0.152,-1547.6683349609375
1510,0.05,0.2464,0.0,0.1544,-1548.5347900390625
1511,0.05,0.2464,0.0,0.1568,-1546.804931640625
1512,0.05,0.2464,0.0,0.1592,-1550.42431640625
1513,0.05,0.2464,0.0,0.1616,-1548.266357421875
1514,0.05,0.2464,0.0,0.164,-1548.218994140625
1515,0.05,0.2464,0.0,0.1664,-1550.5731201171875
1516,0.05,0.2464,0.0,0.1688,-1551.3831787109375
1517,0.05,0.2464,0.0,0.1712,-1550.302001953125
1518,0.05,0.2464,0.0,0.1736,-1553.2198486328125
1519,0.05,0.2464,0.0,0.176,-1553.8046875
1520,0.05,0.2464,0.0,0.1784,-1554.2177734375
1521,0.05,0.2464,0.0,0.1808,-1555.321533203125
1522,0.05,0.2464,0.0,0.1832,-1556.149169921875
1523,0.05,0.2464,0.0,0.1856,-1556.685791015625
1524,0.05,0.2464,0.0,0.188,-1559.13916015625
1525,0.05,0.2464,0.0,0.1904,-1559.394287109375
1526,0.05,0.2464,0.0,0.1928,-1561.11669921875
1527,0.05,0.2464,0.0,0.1952,-1561.4901123046875
1528,0.05,0.2464,0.0,0.1976,-1562.8800048828125
1529,0.05,0.2464,0.0,0.2,-1563.6259765625
1530,0.05,0.248,0.0,0.08,-1571.656494140625
1531,0.05,0.248,0.0,0.0824,-1563.572265625
1532,0.05,0.248,0.0,0.0848,-1563.967529296875
1533,0.05,0.248,0.0,0.0872,-1563.42138671875
1534,0.05,0.248,0.0,0.0896,-1559.3228759765625
1535,0.05,0.248,0.0,0.092,-1559.8536376953125
1536,0.05,0.248,0.0,0.0944,-1558.388427734375
1537,0.05,0.248,0.0,0.0968,-1556.657958984375
1538,0.05,0.248,0.0,0.0992,-1551.468017578125
1539,0.05,0.248,0.0,0.1016,-1552.187255859375
1540,0.05,0.248,0.0,0.104,-1550.01416015625
1541,0.05,0.248,0.0,0.1064,-1551.224853515625
1542,0.05,0.248,0.0,0.1088,-1547.610107421875
1543,0.05,0.248,0.0,0.1112,-1546.93310546875
1544,0.05,0.248,0.0,0.1136,-1551.89892578125
1545,0.05,0.248,0.0,0.116,-1547.991943359375
1546,0.05,0.248,0.0,0.1184,-1545.969970703125
1547,0.05,0.248,0.0,0.1208,-1545.649658203125
1548,0.05,0.248,0.0,0.1232,-1544.742431640625
1549,0.05,0.248,0.0,0.1256,-1547.675537109375
1550,0.05,0.248,0.0,0.128,-1544.715087890625
1551,0.05,0.248,0.0,0.1304,-1544.9857177734375
1552,0.05,0.248,0.0,0.1328,-1543.5537109375
1553,0.05,0.248,0.0,0.1352,-1543.66015625
1554,0.05,0.248,0.0,0.1376,-1543.8939208984375
1555,0.05,0.248,0.0,0.14,-1544.7822265625
1556,0.05,0.248,0.0,0.1424,-1546.302001953125
1557,0.05,0.248,0.0,0.1448,-1545.353515625
1558,0.05,0.248,0.0,0.1472,-1544.45166015625
1559,0.05,0.248,0.0,0.1496,-1546.486083984375
1560,0.05,0.248,0.0,0.152,-1546.0020751953125
1561,0.05,0.248,0.0,0.1544,-1548.442626953125
1562,0.05,0.248,0.0,0.1568,-1547.1138916015625
1563,0.05,0.248,0.0,0.1592,-1548.966064453125
1564,0.05,0.248,0.0,0.1616,-1549.1708984375
1565,0.05,0.248,0.0,0.164,-1549.5556640625
1566,0.05,0.248,0.0,0.1664,-1550.005615234375
1567,0.05,0.248,0.0,0.1688,-1551.9615478515625
1568,0.05,0.248,0.0,0.1712,-1552.05322265625
1569,0.05,0.248,0.0,0.1736,-1552.9967041015625
1570,0.05,0.248,0.0,0.176,-1554.01708984375
1571,0.05,0.248,0.0,0.1784,-1555.73583984375
1572,0.05,0.248,0.0,0.1808,-1555.3193359375
1573,0.05,0.248,0.0,0.1832,-1556.975830078125
1574,0.05,0.248,0.0,0.1856,-1557.395751953125
1575,0.05,0.248,0.0,0.188,-1559.603759765625
1576,0.05,0.248,0.0,0.1904,-1563.032470703125
1577,0.05,0.248,0.0,0.1928,-1561.33740234375
1578,0.05,0.248,0.0,0.1952,-1563.0928955078125
1579,0.05,0.248,0.0,0.1976,-1564.9501953125
1580,0.05,0.248,0.0,0.2,-1566.888671875
1581,0.05,0.2496,0.0,0.08,-1568.4508056640625
1582,0.05,0.2496,0.0,0.0824,-1572.477294921875
1583,0.05,0.2496,0.0,0.0848,-1564.5421142578125
1584,0.05,0.2496,0.0,0.0872,-1560.9447021484375
1585,0.05,0.2496,0.0,0.0896,-1559.68115234375
1586,0.05,0.2496,0.0,0.092,-1557.41357421875
1587,0.05,0.2496,0.0,0.0944,-1558.624267578125
1588,0.05,0.2496,0.0,0.0968,-1553.9864501953125
1589,0.05,0.2496,0.0,0.0992,-1551.78662109375
1590,0.05,0.2496,0.0,0.1016,-1551.2874755859375
1591,0.05,0.2496,0.0,0.104,-1553.0029296875
1592,0.05,0.2496,0.0,0.1064,-1548.638671875
1593,0.05,0.2496,0.0,0.1088,-1548.9605712890625
1594,0.05,0.2496,0.0,0.1112,-1548.5185546875
1595,0.05,0.2496,0.0,0.1136,-1547.6829833984375
1596,0.05,0.2496,0.0,0.116,-1548.212646484375
1597,0.05,0.2496,0.0,0.1184,-1547.495361328125
1598,0.05,0.2496,0.0,0.1208,-1544.967041015625
1599,0.05,0.2496,0.0,0.1232,-1545.37646484375
1600,0.05,0.2496,0.0,0.1256,-1544.797607421875
1601,0.05,0.2496,0.0,0.128,-1544.3065185546875
1602,0.05,0.2496,0.0,0.1304,-1544.304443359375
1603,0.05,0.2496,0.0,0.1328,-1544.77197265625
1604,0.05,0.2496,0.0,0.1352,-1544.6217041015625
1605,0.05,0.2496,0.0,0.1376,-1546.4013671875
1606,0.05,0.2496,0.0,0.14,-1544.607421875
1607,0.05,0.2496,0.0,0.1424,-1545.27685546875
1608,0.05,0.2496,0.0,0.1448,-1545.673583984375
1609,0.05,0.2496,0.0,0.1472,-1546.40234375
1610,0.05,0.2496,0.0,0.1496,-1547.0655517578125
1611,0.05,0.2496,0.0,0.152,-1547.2601318359375
1612,0.05,0.2496,0.0,0.1544,-1547.624267578125
1613,0.05,0.2496,0.0,0.1568,-1547.0020751953125
1614,0.05,0.2496,0.0,0.1592,-1549.17333984375
1615,0.05,0.2496,0.0,0.1616,-1549.354248046875
1616,0.05,0.2496,0.0,0.164,-1551.40771484375
1617,0.05,0.2496,0.0,0.1664,-1552.3065185546875
1618,0.05,0.2496,0.0,0.1688,-1552.3311767578125
1619,0.05,0.2496,0.0,0.1712,-1552.08642578125
1620,0.05,0.2496,0.0,0.1736,-1553.88818359375
1621,0.05,0.2496,0.0,0.176,-1554.8289794921875
1622,0.05,0.2496,0.0,0.1784,-1556.158203125
1623,0.05,0.2496,0.0,0.1808,-1556.4791259765625
1624,0.05,0.2496,0.0,0.1832,-1559.1817626953125
1625,0.05,0.2496,0.0,0.1856,-1559.25732421875
1626,0.05,0.2496,0.0,0.188,-1559.476806640625
1627,0.05,0.2496,0.0,0.1904,-1562.083740234375
1628,0.05,0.2496,0.0,0.1928,-1564.4273681640625
1629,0.05,0.2496,0.0,0.1952,-1564.8214111328125
1630,0.05,0.2496,0.0,0.1976,-1564.566162109375
1631,0.05,0.2496,0.0,0.2,-1568.0682373046875
1632,0.05,0.2512,0.0,0.08,-1569.287353515625
1633,0.05,0.2512,0.0,0.0824,-1566.3446044921875
1634,0.05,0.2512,0.0,0.0848,-1565.2999267578125
1635,0.05,0.2512,0.0,0.0872,-1561.783203125
1636,0.05,0.2512,0.0,0.0896,-1559.456787109375
1637,0.05,0.2512,0.0,0.092,-1557.723388671875
1638,0.05,0.2512,0.0,0.0944,-1556.98974609375
1639,0.05,0.2512,0.0,0.0968,-1555.167236328125
1640,0.05,0.2512,0.0,0.0992,-1553.999267578125
1641,0.05,0.2512,0.0,0.1016,-1552.556884765625
1642,0.05,0.2512,0.0,0.104,-1552.2943115234375
1643,0.05,0.2512,0.0,0.1064,-1549.6279296875
1644,0.05,0.2512,0.0,0.1088,-1551.572509765625
1645,0.05,0.2512,0.0,0.1112,-1549.32568359375
1646,0.05,0.2512,0.0,0.1136,-1548.20556640625
1647,0.05,0.2512,0.0,0.116,-1546.71240234375
1648,0.05,0.2512,0.0,0.1184,-1546.6591796875
1649,0.05,0.2512,0.0,0.1208,-1547.190673828125
1650,0.05,0.2512,0.0,0.1232,-1545.777099609375
1651,0.05,0.2512,0.0,0.1256,-1546.355224609375
1652,0.05,0.2512,0.0,0.128,-1546.0126953125
1653,0.05,0.2512,0.0,0.1304,-1545.943603515625
1654,0.05,0.2512,0.0,0.1328,-1546.96630859375
1655,0.05,0.2512,0.0,0.1352,-1546.6285400390625
1656,0.05,0.2512,0.0,0.1376,-1545.8209228515625
1657,0.05,0.2512,0.0,0.14,-1545.8697509765625
1658,0.05,0.2512,0.0,0.1424,-1546.9991455078125
1659,0.05,0.2512,0.0,0.1448,-1547.2216796875
1660,0.05,0.2512,0.0,0.1472,-1547.1326904296875
1661,0.05,0.2512,0.0,0.1496,-1547.473876953125
1662,0.05,0.2512,0.0,0.152,-1547.81201171875
1663,0.05,0.2512,0.0,0.1544,-1549.0009765625
1664,0.05,0.2512,0.0,0.1568,-1549.8447265625
1665,0.05,0.2512,0.0,0.1592,-1550.103515625
1666,0.05,0.2512,0.0,0.1616,-1550.3134765625
1667,0.05,0.2512,0.0,0.164,-1550.625
1668,0.05,0.2512,0.0,0.1664,-1553.1673583984375
1669,0.05,0.2512,0.0,0.1688,-1552.723876953125
1670,0.05,0.2512,0.0,0.1712,-1553.005615234375
1671,0.05,0.2512,0.0,0.1736,-1554.27392578125
1672,0.05,0.2512,0.0,0.176,-1554.794921875
1673,0.05,0.2512,0.0,0.1784,-1556.308837890625
1674,0.05,0.2512,0.0,0.1808,-1557.068115234375
1675,0.05,0.2512,0.0,0.1832,-1558.62255859375
1676,0.05,0.2512,0.0,0.1856,-1558.6097412109375
1677,0.05,0.2512,0.0,0.188,-1560.67041015625
1678,0.05,0.2512,0.0,0.1904,-1561.561279296875
1679,0.05,0.2512,0.0,0.1928,-1563.802490234375
1680,0.05,0.2512,0.0,0.1952,-1564.389404296875
1681,0.05,0.2512,0.0,0.1976,-1565.20458984375
1682,0.05,0.2512,0.0,0.2,-1566.4755859375
1683,0.05,0.2528,0.0,0.08,-1569.1724853515625
1684,0.05,0.2528,0.0,0.0824,-1567.37548828125
1685,0.05,0.2528,0.0,0.0848,-1567.2099609375
1686,0.05,0.2528,0.0,0.0872,-1563.317626953125
1687,0.05,0.2528,0.0,0.0896,-1560.194580078125
1688,0.05,0.2528,0.0,0.092,-1558.1240234375
1689,0.05,0.2528,0.0,0.0944,-1557.892578125
1690,0.05,0.2528,0.0,0.0968,-1556.85302734375
1691,0.05,0.2528,0.0,0.0992,-1554.419189453125
1692,0.05,0.2528,0.0,0.1016,-1554.607421875
1693,0.05,0.2528,0.0,0.104,-1552.1021728515625
1694,0.05,0.2528,0.0,0.1064,-1550.639404296875
1695,0.05,0.2528,0.0,0.1088,-1550.887939453125
1696,0.05,0.2528,0.0,0.1112,-1550.2144775390625
1697,0.05,0.2528,0.0,0.1136,-1547.9105224609375
1698,0.05,0.2528,0.0,0.116,-1548.115234375
1699,0.05,0.2528,0.0,0.1184,-1549.203857421875
1700,0.05,0.2528,0.0,0.1208,-1547.61474609375
1701,0.05,0.2528,0.0,0.1232,-1547.132080078125
1702,0.05,0.2528,0.0,0.1256,-1546.340576171875
1703,0.05,0.2528,0.0,0.128,-1547.113525390625
1704,0.05,0.2528,0.0,0.1304,-1546.245361328125
1705,0.05,0.2528,0.0,0.1328,-1547.1845703125
1706,0.05,0.2528,0.0,0.1352,-1545.292236328125
1707,0.05,0.2528,0.0,0.1376,-1546.99853515625
1708,0.05,0.2528,0.0,0.14,-1547.4298095703125
1709,0.05,0.2528,0.0,0.1424,-1547.3619384765625
1710,0.05,0.2528,0.0,0.1448,-1549.798828125
1711,0.05,0.2528,0.0,0.1472,-1548.4146728515625
1712,0.05,0.2528,0.0,0.1496,-1549.20068359375
1713,0.05,0.2528,0.0,0.152,-1548.41015625
1714,0.05,0.2528,0.0,0.1544,-1549.051025390625
1715,0.05,0.2528,0.0,0.1568,-1549.78271484375
1716,0.05,0.2528,0.0,0.1592,-1550.85400390625
1717,0.05,0.2528,0.0,0.1616,-1553.098388671875
1718,0.05,0.2528,0.0,0.164,-1552.23583984375
1719,0.05,0.2528,0.0,0.1664,-1552.9027099609375
1720,0.05,0.2528,0.0,0.1688,-1553.2257080078125
1721,0.05,0.2528,0.0,0.1712,-1554.4947509765625
1722,0.05,0.2528,0.0,0.1736,-1555.7958984375
1723,0.05,0.2528,0.0,0.176,-1557.6497802734375
1724,0.05,0.2528,0.0,0.1784,-1557.108154296875
1725,0.05,0.2528,0.0,0.1808,-1558.5765380859375
1726,0.05,0.2528,0.0,0.1832,-1559.5537109375
1727,0.05,0.2528,0.0,0.1856,-1560.2833251953125
1728,0.05,0.2528,0.0,0.188,-1562.1617431640625
1729,0.05,0.2528,0.0,0.1904,-1563.1427001953125
1730,0.05,0.2528,0.0,0.1928,-1564.4705810546875
1731,0.05,0.2528,0.0,0.1952,-1566.418212890625
1732,0.05,0.2528,0.0,0.1976,-1566.48828125
1733,0.05,0.2528,0.0,0.2,-1568.0653076171875
1734,0.05,0.2544,0.0,0.08,-1569.654541015625
1735,0.05,0.2544,0.0,0.0824,-1568.106201171875
1736,0.05,0.2544,0.0,0.0848,-1565.52197265625
1737,0.05,0.2544,0.0,0.0872,-1564.048095703125
1738,0.05,0.2544,0.0,0.0896,-1561.4666748046875
1739,0.05,0.2544,0.0,0.092,-1559.30908203125
1740,0.05,0.2544,0.0,0.0944,-1558.590087890625
1741,0.05,0.2544,0.0,0.0968,-1556.086181640625
1742,0.05,0.2544,0.0,0.0992,-1556.6148681640625
1743,0.05,0.2544,0.0,0.1016,-1554.5264892578125
1744,0.05,0.2544,0.0,0.104,-1552.8017578125
1745,0.05,0.2544,0.0,0.1064,-1551.662353515625
1746,0.05,0.2544,0.0,0.1088,-1550.66748046875
1747,0.05,0.2544,0.0,0.1112,-1550.2615966796875
1748,0.05,0.2544,0.0,0.1136,-1549.4271240234375
1749,0.05,0.2544,0.0,0.116,-1549.605224609375
1750,0.05,0.2544,0.0,0.1184,-1547.8997802734375
1751,0.05,0.2544,0.0,0.1208,-1548.41357421875
1752,0.05,0.2544,0.0,0.1232,-1548.855712890625
1753,0.05,0.2544,0.0,0.1256,-1547.998046875
1754,0.05,0.2544,0.0,0.128,-1546.7763671875
1755,0.05,0.2544,0.0,0.1304,-1546.29150390625
1756,0.05,0.2544,0.0,0.1328,-1547.104248046875
1757,0.05,0.2544,0.0,0.1352,-1546.686767578125
1758,0.05,0.2544,0.0,0.1376,-1548.2535400390625
1759,0.05,0.2544,0.0,0.14,-1547.337646484375
1760,0.05,0.2544,0.0,0.1424,-1548.0
1761,0.05,0.2544,0.0,0.1448,-1548.40869140625
1762,0.05,0.2544,0.0,0.1472,-1548.88720703125
1763,0.05,0.2544,0.0,0.1496,-1549.001220703125
1764,0.05,0.2544,0.0,0.152,-1549.4078369140625
1765,0.05,0.2544,0.0,0.1544,-1550.5771484375
1766,0.05,0.2544,0.0,0.1568,-1550.44140625
1767,0.05,0.2544,0.0,0.1592,-1551.12939453125
1768,0.05,0.2544,0.0,0.1616,-1551.688720703125
1769,0.05,0.2544,0.0,0.164,-1553.40673828125
1770,0.05,0.2544,0.0,0.1664,-1554.359619140625
1771,0.05,0.2544,0.0,0.1688,-1554.300048828125
1772,0.05,0.2544,0.0,0.1712,-1555.1734619140625
1773,0.05,0.2544,0.0,0.1736,-1556.54345703125
1774,0.05,0.2544,0.0,0.176,-1557.474853515625
1775,0.05,0.2544,0.0,0.1784,-1558.8785400390625
1776,0.05,0.2544,0.0,0.1808,-1559.0357666015625
1777,0.05,0.2544,0.0,0.1832,-1560.4110107421875
1778,0.05,0.2544,0.0,0.1856,-1561.911865234375
1779,0.05,0.2544,0.0,0.188,-1564.1767578125
1780,0.05,0.2544,0.0,0.1904,-1564.63623046875
1781,0.05,0.2544,0.0,0.1928,-1564.8131103515625
1782,0.05,0.2544,0.0,0.1952,-1567.02978515625
1783,0.05,0.2544,0.0,0.1976,-1567.9808349609375
1784,0.05,0.2544,0.0,0.2,-1569.1492919921875
1785,0.05,0.256,0.0,0.08,-1570.94970703125
1786,0.05,0.256,0.0,0.0824,-1568.2054443359375
1787,0.05,0.256,0.0,0.0848,-1567.274169921875
1788,0.05,0.256,0.0,0.0872,-1563.5181884765625
1789,0.05,0.256,0.0,0.0896,-1564.1416015625
1790,0.05,0.256,0.0,0.092,-1559.9686279296875
1791,0.05,0.256,0.0,0.0944,-1558.8349609375
1792,0.05,0.256,0.0,0.0968,-1556.81787109375
1793,0.05,0.256,0.0,0.0992,-1555.660888671875
1794,0.05,0.256,0.0,0.1016,-1555.1671142578125
1795,0.05,0.256,0.0,0.104,-1554.30029296875
1796,0.05,0.256,0.0,0.1064,-1552.900634765625
1797,0.05,0.256,0.0,0.1088,-1551.62451171875
1798,0.05,0.256,0.0,0.1112,-1551.8138427734375
1799,0.05,0.256,0.0,0.1136,-1549.6865234375
1800,0.05,0.256,0.0,0.116,-1549.118408203125
1801,0.05,0.256,0.0,0.1184,-1549.82275390625
1802,0.05,0.256,0.0,0.1208,-1548.952880859375
1803,0.05,0.256,0.0,0.1232,-1547.650146484375
1804,0.05,0.256,0.0,0.1256,-1548.6009521484375
1805,0.05,0.256,0.0,0.128,-1547.662353515625
1806,0.05,0.256,0.0,0.1304,-1548.8931884765625
1807,0.05,0.256,0.0,0.1328,-1548.0301513671875
1808,0.05,0.256,0.0,0.1352,-1547.699951171875
1809,0.05,0.256,0.0,0.1376,-1548.4169921875
1810,0.05,0.256,0.0,0.14,-1548.9041748046875
1811,0.05,0.256,0.0,0.1424,-1549.3758544921875
1812,0.05,0.256,0.0,0.1448,-1549.427978515625
1813,0.05,0.256,0.0,0.1472,-1549.321044921875
1814,0.05,0.256,0.0,0.1496,-1550.4080810546875
1815,0.05,0.256,0.0,0.152,-1550.256103515625
1816,0.05,0.256,0.0,0.1544,-1551.267822265625
1817,0.05,0.256,0.0,0.1568,-1551.7088623046875
1818,0.05,0.256,0.0,0.1592,-1552.745361328125
1819,0.05,0.256,0.0,0.1616,-1554.168212890625
1820,0.05,0.256,0.0,0.164,-1553.34765625
1821,0.05,0.256,0.0,0.1664,-1556.391845703125
1822,0.05,0.256,0.0,0.1688,-1556.48388671875
1823,0.05,0.256,0.0,0.1712,-1555.68310546875
1824,0.05,0.256,0.0,0.1736,-1556.791748046875
1825,0.05,0.256,0.0,0.176,-1558.2579345703125
1826,0.05,0.256,0.0,0.1784,-1558.6697998046875
1827,0.05,0.256,0.0,0.1808,-1560.06689453125
1828,0.05,0.256,0.0,0.1832,-1561.130615234375
1829,0.05,0.256,0.0,0.1856,-1562.111328125
1830,0.05,0.256,0.0,0.188,-1563.443115234375
1831,0.05,0.256,0.0,0.1904,-1564.9024658203125
1832,0.05,0.256,0.0,0.1928,-1566.4365234375
1833,0.05,0.256,0.0,0.1952,-1567.5986328125
1834,0.05,0.256,0.0,0.1976,-1568.6527099609375
1835,0.05,0.256,0.0,0.2,-1569.805419921875
1836,0.05,0.2576,0.0,0.08,-1571.4091796875
1837,0.05,0.2576,0.0,0.0824,-1568.99658203125
1838,0.05,0.2576,0.0,0.0848,-1567.5914306640625
1839,0.05,0.2576,0.0,0.0872,-1564.6923828125
1840,0.05,0.2576,0.0,0.0896,-1563.197998046875
1841,0.05,0.2576,0.0,0.092,-1562.6053466796875
1842,0.05,0.2576,0.0,0.0944,-1559.373779296875
1843,0.05,0.2576,0.0,0.0968,-1557.240478515625
1844,0.05,0.2576,0.0,0.0992,-1556.2950439453125
1845,0.05,0.2576,0.0,0.1016,-1555.1199951171875
1846,0.05,0.2576,0.0,0.104,-1553.647705078125
1847,0.05,0.2576,0.0,0.1064,-1553.072998046875
1848,0.05,0.2576,0.0,0.1088,-1552.9061279296875
1849,0.05,0.2576,0.0,0.1112,-1550.6319580078125
1850,0.05,0.2576,0.0,0.1136,-1550.70458984375
1851,0.05,0.2576,0.0,0.116,-1550.5361328125
1852,0.05,0.2576,0.0,0.1184,-1549.9193115234375
1853,0.05,0.2576,0.0,0.1208,-1549.550537109375
1854,0.05,0.2576,0.0,0.1232,-1550.505859375
1855,0.05,0.2576,0.0,0.1256,-1548.4859619140625
1856,0.05,0.2576,0.0,0.128,-1549.173828125
1857,0.05,0.2576,0.0,0.1304,-1548.9990234375
1858,0.05,0.2576,0.0,0.1328,-1549.3045654296875
1859,0.05,0.2576,0.0,0.1352,-1548.96337890625
1860,0.05,0.2576,0.0,0.1376,-1549.510986328125
1861,0.05,0.2576,0.0,0.14,-1549.3427734375
1862,0.05,0.2576,0.0,0.1424,-1550.6180419921875
1863,0.05,0.2576,0.0,0.1448,-1549.4591064453125
1864,0.05,0.2576,0.0,0.1472,-1549.7017822265625
1865,0.05,0.2576,0.0,0.1496,-1550.82275390625
1866,0.05,0.2576,0.0,0.152,-1551.62646484375
1867,0.05,0.2576,0.0,0.1544,-1551.900634765625
1868,0.05,0.2576,0.0,0.1568,-1552.8035888671875
1869,0.05,0.2576,0.0,0.1592,-1553.0743408203125
1870,0.05,0.2576,0.0,0.1616,-1553.594482421875
1871,0.05,0.2576,0.0,0.164,-1554.677490234375
1872,0.05,0.2576,0.0,0.1664,-1556.342529296875
1873,0.05,0.2576,0.0,0.1688,-1556.4305419921875
1874,0.05,0.2576,0.0,0.1712,-1557.2432861328125
1875,0.05,0.2576,0.0,0.1736,-1558.96240234375
1876,0.05,0.2576,0.0,0.176,-1559.4544677734375
1877,0.05,0.2576,0.0,0.1784,-1560.18115234375
1878,0.05,0.2576,0.0,0.1808,-1561.7525634765625
1879,0.05,0.2576,0.0,0.1832,-1562.713134765625
1880,0.05,0.2576,0.0,0.1856,-1563.21240234375
1881,0.05,0.2576,0.0,0.188,-1564.52392578125
1882,0.05,0.2576,0.0,0.1904,-1565.7491455078125
1883,0.05,0.2576,0.0,0.1928,-1566.243896484375
1884,0.05,0.2576,0.0,0.1952,-1568.043212890625
1885,0.05,0.2576,0.0,0.1976,-1569.43408203125
1886,0.05,0.2576,0.0,0.2,-1571.019775390625
1887,0.05,0.2592,0.0,0.08,-1573.287109375
1888,0.05,0.2592,0.0,0.0824,-1570.760498046875
1889,0.05,0.2592,0.0,0.0848,-1568.05126953125
1890,0.05,0.2592,0.0,0.0872,-1566.288818359375
1891,0.05,0.2592,0.0,0.0896,-1564.090576171875
1892,0.05,0.2592,0.0,0.092,-1562.15185546875
1893,0.05,0.2592,0.0,0.0944,-1560.400634765625
1894,0.05,0.2592,0.0,0.0968,-1558.10986328125
1895,0.05,0.2592,0.0,0.0992,-1556.6883544921875
1896,0.05,0.2592,0.0,0.1016,-1556.7354736328125
1897,0.05,0.2592,0.0,0.104,-1555.472900390625
1898,0.05,0.2592,0.0,0.1064,-1554.218017578125
1899,0.05,0.2592,0.0,0.1088,-1553.226806640625
1900,0.05,0.2592,0.0,0.1112,-1553.5166015625
1901,0.05,0.2592,0.0,0.1136,-1552.235595703125
1902,0.05,0.2592,0.0,0.116,-1552.3798828125
1903,0.05,0.2592,0.0,0.1184,-1550.3182373046875
1904,0.05,0.2592,0.0,0.1208,-1550.326416015625
1905,0.05,0.2592,0.0,0.1232,-1550.216064453125
1906,0.05,0.2592,0.0,0.1256,-1549.83935546875
1907,0.05,0.2592,0.0,0.128,-1549.343994140625
1908,0.05,0.2592,0.0,0.1304,-1550.104736328125
1909,0.05,0.2592,0.0,0.1328,-1550.274169921875
1910,0.05,0.2592,0.0,0.1352,-1549.275146484375
1911,0.05,0.2592,0.0,0.1376,-1550.474609375
1912,0.05,0.2592,0.0,0.14,-1550.4315185546875
1913,0.05,0.2592,0.0,0.1424,-1550.4488525390625
1914,0.05,0.2592,0.0,0.1448,-1550.89013671875
1915,0.05,0.2592,0.0,0.1472,-1551.9580078125
1916,0.05,0.2592,0.0,0.1496,-1551.524658203125
1917,0.05,0.2592,0.0,0.152,-1552.5635986328125
1918,0.05,0.2592,0.0,0.1544,-1552.598876953125
1919,0.05,0.2592,0.0,0.1568,-1553.43798828125
1920,0.05,0.2592,0.0,0.1592,-1554.499755859375
1921,0.05,0.2592,0.0,0.1616,-1554.378173828125
1922,0.05,0.2592,0.0,0.164,-1555.5296630859375
1923,0.05,0.2592,0.0,0.1664,-1556.2203369140625
1924,0.05,0.2592,0.0,0.1688,-1556.690185546875
1925,0.05,0.2592,0.0,0.1712,-1557.5107421875
1926,0.05,0.2592,0.0,0.1736,-1558.7327880859375
1927,0.05,0.2592,0.0,0.176,-1559.9722900390625
1928,0.05,0.2592,0.0,0.1784,-1561.341552734375
1929,0.05,0.2592,0.0,0.1808,-1561.7330322265625
1930,0.05,0.2592,0.0,0.1832,-1562.765869140625
1931,0.05,0.2592,0.0,0.1856,-1564.3160400390625
1932,0.05,0.2592,0.0,0.188,-1565.865234375
1933,0.05,0.2592,0.0,0.1904,-1566.153076171875
1934,0.05,0.2592,0.0,0.1928,-1568.117431640625
1935,0.05,0.2592,0.0,0.1952,-1569.221923828125
1936,0.05,0.2592,0.0,0.1976,-1571.0
1937,0.05,0.2592,0.0,0.2,-1571.3861083984375
1938,0.05,0.2608,0.0,0.08,-1573.414794921875
1939,0.05,0.2608,0.0,0.0824,-1570.9593505859375
1940,0.05,0.2608,0.0,0.0848,-1567.956787109375
1941,0.05,0.2608,0.0,0.0872,-1567.64404296875
1942,0.05,0.2608,0.0,0.0896,-1564.100830078125
1943,0.05,0.2608,0.0,0.092,-1563.548095703125
1944,0.05,0.2608,0.0,0.0944,-1561.021240234375
1945,0.05,0.2608,0.0,0.0968,-1559.220703125
1946,0.05,0.2608,0.0,0.0992,-1558.50537109375
1947,0.05,0.2608,0.0,0.1016,-1557.163330078125
1948,0.05,0.2608,0.0,0.104,-1555.468017578125
1949,0.05,0.2608,0.0,0.1064,-1554.840576171875
1950,0.05,0.2608,0.0,0.1088,-1554.1064453125
1951,0.05,0.2608,0.0,0.1112,-1553.91796875
1952,0.05,0.2608,0.0,0.1136,-1553.5472412109375
1953,0.05,0.2608,0.0,0.116,-1551.754150390625
1954,0.05,0.2608,0.0,0.1184,-1551.5611572265625
1955,0.05,0.2608,0.0,0.1208,-1551.57666015625
1956,0.05,0.2608,0.0,0.1232,-1550.51513671875
1957,0.05,0.2608,0.0,0.1256,-1550.8463134765625
1958,0.05,0.2608,0.0,0.128,-1551.01708984375
1959,0.05,0.2608,0.0,0.1304,-1550.191650390625
1960,0.05,0.2608,0.0,0.1328,-1549.3558349609375
1961,0.05,0.2608,0.0,0.1352,-1550.4019775390625
1962,0.05,0.2608,0.0,0.1376,-1550.60205078125
1963,0.05,0.2608,0.0,0.14,-1551.939453125
1964,0.05,0.2608,0.0,0.1424,-1550.937744140625
1965,0.05,0.2608,0.0,0.1448,-1551.714599609375
1966,0.05,0.2608,0.0,0.1472,-1551.831787109375
1967,0.05,0.2608,0.0,0.1496,-1553.07275390625
1968,0.05,0.2608,0.0,0.152,-1553.284912109375
1969,0.05,0.2608,0.0,0.1544,-1553.724609375
1970,0.05,0.2608,0.0,0.1568,-1553.7337646484375
1971,0.05,0.2608,0.0,0.1592,-1555.109130859375
1972,0.05,0.2608,0.0,0.1616,-1555.4287109375
1973,0.05,0.2608,0.0,0.164,-1556.802490234375
1974,0.05,0.2608,0.0,0.1664,-1557.1162109375
1975,0.05,0.2608,0.0,0.1688,-1558.4990234375
1976,0.05,0.2608,0.0,0.1712,-1560.1524658203125
1977,0.05,0.2608,0.0,0.1736,-1560.0350341796875
1978,0.05,0.2608,0.0,0.176,-1561.08984375
1979,0.05,0.2608,0.0,0.1784,-1561.9095458984375
1980,0.05,0.2608,0.0,0.1808,-1563.24365234375
1981,0.05,0.2608,0.0,0.1832,-1564.6580810546875
1982,0.05,0.2608,0.0,0.1856,-1565.359619140625
1983,0.05,0.2608,0.0,0.188,-1567.135009765625
1984,0.05,0.2608,0.0,0.1904,-1567.641357421875
1985,0.05,0.2608,0.0,0.1928,-1568.634521484375
1986,0.05,0.2608,0.0,0.1952,-1569.4072265625
1987,0.05,0.2608,0.0,0.1976,-1571.37451171875
1988,0.05,0.2608,0.0,0.2,-1572.361572265625
1989,0.05,0.2624,0.0,0.08,-1574.9677734375
1990,0.05,0.2624,0.0,0.0824,-1572.2666015625
1991,0.05,0.2624,0.0,0.0848,-1569.2283935546875
1992,0.05,0.2624,0.0,0.0872,-1567.104736328125
1993,0.05,0.2624,0.0,0.0896,-1565.295654296875
1994,0.05,0.2624,0.0,0.092,-1564.1632080078125
1995,0.05,0.2624,0.0,0.0944,-1562.6927490234375
1996,0.05,0.2624,0.0,0.0968,-1561.0340576171875
1997,0.05,0.2624,0.0,0.0992,-1558.85205078125
1998,0.05,0.2624,0.0,0.1016,-1557.9700927734375
1999,0.05,0.2624,0.0,0.104,-1556.401123046875
2000,0.05,0.2624,0.0,0.1064,-1555.595458984375
2001,0.05,0.2624,0.0,0.1088,-1554.624755859375
2002,0.05,0.2624,0.0,0.1112,-1554.459716796875
2003,0.05,0.2624,0.0,0.1136,-1553.512939453125
2004,0.05,0.2624,0.0,0.116,-1551.9013671875
2005,0.05,0.2624,0.0,0.1184,-1552.05810546875
2006,0.05,0.2624,0.0,0.1208,-1553.3065185546875
2007,0.05,0.2624,0.0,0.1232,-1551.97509765625
2008,0.05,0.2624,0.0,0.1256,-1551.43310546875
2009,0.05,0.2624,0.0,0.128,-1551.581298828125
2010,0.05,0.2624,0.0,0.1304,-1551.216796875
2011,0.05,0.2624,0.0,0.1328,-1550.969482421875
2012,0.05,0.2624,0.0,0.1352,-1551.822021484375
2013,0.05,0.2624,0.0,0.1376,-1552.641845703125
2014,0.05,0.2624,0.0,0.14,-1552.06494140625
2015,0.05,0.2624,0.0,0.1424,-1552.859375
2016,0.05,0.2624,0.0,0.1448,-1552.613037109375
2017,0.05,0.2624,0.0,0.1472,-1552.99267578125
2018,0.05,0.2624,0.0,0.1496,-1553.3365478515625
2019,0.05,0.2624,0.0,0.152,-1554.26806640625
2020,0.05,0.2624,0.0,0.1544,-1554.15625
2021,0.05,0.2624,0.0,0.1568,-1555.119873046875
2022,0.05,0.2624,0.0,0.1592,-1556.2303466796875
2023,0.05,0.2624,0.0,0.1616,-1555.926513671875
2024,0.05,0.2624,0.0,0.164,-1557.3074951171875
2025,0.05,0.2624,0.0,0.1664,-1558.7589111328125
2026,0.05,0.2624,0.0,0.1688,-1559.580810546875
2027,0.05,0.2624,0.0,0.1712,-1559.223388671875
2028,0.05,0.2624,0.0,0.1736,-1561.224609375
2029,0.05,0.2624,0.0,0.176,-1562.0289306640625
2030,0.05,0.2624,0.0,0.1784,-1562.74658203125
2031,0.05,0.2624,0.0,0.1808,-1564.053466796875
2032,0.05,0.2624,0.0,0.1832,-1565.4267578125
2033,0.05,0.2624,0.0,0.1856,-1565.878173828125
2034,0.05,0.2624,0.0,0.188,-1568.3857421875
2035,0.05,0.2624,0.0,0.1904,-1569.5595703125
2036,0.05,0.2624,0.0,0.1928,-1569.911376953125
2037,0.05,0.2624,0.0,0.1952,-1570.86572265625
2038,0.05,0.2624,0.0,0.1976,-1572.62939453125
2039,0.05,0.2624,0.0,0.2,-1573.933837890625
2040,0.05,0.264,0.0,0.08,-1574.3448486328125
2041,0.05,0.264,0.0,0.0824,-1572.970458984375
2042,0.05,0.264,0.0,0.0848,-1570.700439453125
2043,0.05,0.264,0.0,0.0872,-1567.6920166015625
2044,0.05,0.264,0.0,0.0896,-1566.1552734375
2045,0.05,0.264,0.0,0.092,-1564.8026123046875
2046,0.05,0.264,0.0,0.0944,-1562.6092529296875
2047,0.05,0.264,0.0,0.0968,-1561.3935546875
2048,0.05,0.264,0.0,0.0992,-1560.6083984375
2049,0.05,0.264,0.0,0.1016,-1558.4600830078125
2050,0.05,0.264,0.0,0.104,-1557.43505859375
2051,0.05,0.264,0.0,0.1064,-1555.979248046875
2052,0.05,0.264,0.0,0.1088,-1556.1318359375
2053,0.05,0.264,0.0,0.1112,-1554.17236328125
2054,0.05,0.264,0.0,0.1136,-1554.486083984375
2055,0.05,0.264,0.0,0.116,-1553.985595703125
2056,0.05,0.264,0.0,0.1184,-1552.605224609375
2057,0.05,0.264,0.0,0.1208,-1553.39208984375
2058,0.05,0.264,0.0,0.1232,-1552.4410400390625
2059,0.05,0.264,0.0,0.1256,-1551.5999755859375
2060,0.05,0.264,0.0,0.128,-1552.092041015625
2061,0.05,0.264,0.0,0.1304,-1552.60791015625
2062,0.05,0.264,0.0,0.1328,-1552.574462890625
2063,0.05,0.264,0.0,0.1352,-1552.653564453125
2064,0.05,0.264,0.0,0.1376,-1552.41064453125
2065,0.05,0.264,0.0,0.14,-1553.002197265625
2066,0.05,0.264,0.0,0.1424,-1552.659912109375
2067,0.05,0.264,0.0,0.1448,-1553.688720703125
2068,0.05,0.264,0.0,0.1472,-1554.3447265625
2069,0.05,0.264,0.0,0.1496,-1553.6854248046875
2070,0.05,0.264,0.0,0.152,-1554.31103515625
2071,0.05,0.264,0.0,0.1544,-1555.0057373046875
2072,0.05,0.264,0.0,0.1568,-1556.388671875
2073,0.05,0.264,0.0,0.1592,-1556.757568359375
2074,0.05,0.264,0.0,0.1616,-1557.117431640625
2075,0.05,0.264,0.0,0.164,-1558.3255615234375
2076,0.05,0.264,0.0,0.1664,-1559.133544921875
2077,0.05,0.264,0.0,0.1688,-1559.359619140625
2078,0.05,0.264,0.0,0.1712,-1560.709228515625
2079,0.05,0.264,0.0,0.1736,-1561.790771484375
2080,0.05,0.264,0.0,0.176,-1562.944580078125
2081,0.05,0.264,0.0,0.1784,-1564.2884521484375
2082,0.05,0.264,0.0,0.1808,-1564.4713134765625
2083,0.05,0.264,0.0,0.1832,-1565.652587890625
2084,0.05,0.264,0.0,0.1856,-1567.104736328125
2085,0.05,0.264,0.0,0.188,-1568.800537109375
2086,0.05,0.264,0.0,0.1904,-1569.899658203125
2087,0.05,0.264,0.0,0.1928,-1570.420654296875
2088,0.05,0.264,0.0,0.1952,-1572.21728515625
2089,0.05,0.264,0.0,0.1976,-1573.039306640625
2090,0.05,0.264,0.0,0.2,-1574.5302734375
2091,0.05,0.2656,0.0,0.08,-1575.357421875
2092,0.05,0.2656,0.0,0.0824,-1573.5947265625
2093,0.05,0.2656,0.0,0.0848,-1571.8663330078125
2094,0.05,0.2656,0.0,0.0872,-1569.051513671875
2095,0.05,0.2656,0.0,0.0896,-1566.5068359375
2096,0.05,0.2656,0.0,0.092,-1564.607177734375
2097,0.05,0.2656,0.0,0.0944,-1563.954345703125
2098,0.05,0.2656,0.0,0.0968,-1562.0712890625
2099,0.05,0.2656,0.0,0.0992,-1560.84375
2100,0.05,0.2656,0.0,0.1016,-1559.8157958984375
2101,0.05,0.2656,0.0,0.104,-1558.571533203125
2102,0.05,0.2656,0.0,0.1064,-1557.692626953125
2103,0.05,0.2656,0.0,0.1088,-1556.532470703125
2104,0.05,0.2656,0.0,0.1112,-1555.720703125
2105,0.05,0.2656,0.0,0.1136,-1555.6854248046875
2106,0.05,0.2656,0.0,0.116,-1554.856201171875
2107,0.05,0.2656,0.0,0.1184,-1553.41552734375
2108,0.05,0.2656,0.0,0.1208,-1554.223876953125
2109,0.05,0.2656,0.0,0.1232,-1552.55078125
2110,0.05,0.2656,0.0,0.1256,-1553.0657958984375
2111,0.05,0.2656,0.0,0.128,-1552.480712890625
2112,0.05,0.2656,0.0,0.1304,-1552.5072021484375
2113,0.05,0.2656,0.0,0.1328,-1553.141845703125
2114,0.05,0.2656,0.0,0.1352,-1554.109375
2115,0.05,0.2656,0.0,0.1376,-1553.0111083984375
2116,0.05,0.2656,0.0,0.14,-1554.3367919921875
2117,0.05,0.2656,0.0,0.1424,-1553.552490234375
2118,0.05,0.2656,0.0,0.1448,-1554.268798828125
2119,0.05,0.2656,0.0,0.1472,-1554.29296875
2120,0.05,0.2656,0.0,0.1496,-1554.83740234375
2121,0.05,0.2656,0.0,0.152,-1555.6978759765625
2122,0.05,0.2656,0.0,0.1544,-1555.905517578125
2123,0.05,0.2656,0.0,0.1568,-1557.114990234375
2124,0.05,0.2656,0.0,0.1592,-1557.3109130859375
2125,0.05,0.2656,0.0,0.1616,-1558.652587890625
2126,0.05,0.2656,0.0,0.164,-1559.3106689453125
2127,0.05,0.2656,0.0,0.1664,-1559.4866943359375
2128,0.05,0.2656,0.0,0.1688,-1561.1119384765625
2129,0.05,0.2656,0.0,0.1712,-1561.9818115234375
2130,0.05,0.2656,0.0,0.1736,-1562.605712890625
2131,0.05,0.2656,0.0,0.176,-1563.8690185546875
2132,0.05,0.2656,0.0,0.1784,-1565.3135986328125
2133,0.05,0.2656,0.0,0.1808,-1565.8182373046875
2134,0.05,0.2656,0.0,0.1832,-1567.106689453125
2135,0.05,0.2656,0.0,0.1856,-1567.348388671875
2136,0.05,0.2656,0.0,0.188,-1570.111083984375
2137,0.05,0.2656,0.0,0.1904,-1570.441162109375
2138,0.05,0.2656,0.0,0.1928,-1571.8541259765625
2139,0.05,0.2656,0.0,0.1952,-1573.0096435546875
2140,0.05,0.2656,0.0,0.1976,-1574.44482421875
2141,0.05,0.2656,0.0,0.2,-1575.6649169921875
2142,0.05,0.2672,0.0,0.08,-1576.666748046875
2143,0.05,0.2672,0.0,0.0824,-1573.94482421875
2144,0.05,0.2672,0.0,0.0848,-1571.7149658203125
2145,0.05,0.2672,0.0,0.0872,-1570.080078125
2146,0.05,0.2672,0.0,0.0896,-1567.530029296875
2147,0.05,0.2672,0.0,0.092,-1565.89501953125
2148,0.05,0.2672,0.0,0.0944,-1564.736328125
2149,0.05,0.2672,0.0,0.0968,-1563.5247802734375
2150,0.05,0.2672,0.0,0.0992,-1561.5023193359375
2151,0.05,0.2672,0.0,0.1016,-1560.3140869140625
2152,0.05,0.2672,0.0,0.104,-1559.34375
2153,0.05,0.2672,0.0,0.1064,-1559.324951171875
2154,0.05,0.2672,0.0,0.1088,-1557.916259765625
2155,0.05,0.2672,0.0,0.1112,-1555.8240966796875
2156,0.05,0.2672,0.0,0.1136,-1555.66455078125
2157,0.05,0.2672,0.0,0.116,-1554.833251953125
2158,0.05,0.2672,0.0,0.1184,-1555.046142578125
2159,0.05,0.2672,0.0,0.1208,-1554.4716796875
2160,0.05,0.2672,0.0,0.1232,-1554.096435546875
2161,0.05,0.2672,0.0,0.1256,-1554.07275390625
2162,0.05,0.2672,0.0,0.128,-1553.4892578125
2163,0.05,0.2672,0.0,0.1304,-1554.217041015625
2164,0.05,0.2672,0.0,0.1328,-1553.877685546875
2165,0.05,0.2672,0.0,0.1352,-1553.502197265625
2166,0.05,0.2672,0.0,0.1376,-1554.015625
2167,0.05,0.2672,0.0,0.14,-1554.43798828125
2168,0.05,0.2672,0.0,0.1424,-1554.1787109375
2169,0.05,0.2672,0.0,0.1448,-1554.677734375
2170,0.05,0.2672,0.0,0.1472,-1555.76025390625
2171,0.05,0.2672,0.0,0.1496,-1556.105224609375
2172,0.05,0.2672,0.0,0.152,-1556.072265625
2173,0.05,0.2672,0.0,0.1544,-1556.965576171875
2174,0.05,0.2672,0.0,0.1568,-1558.0029296875
2175,0.05,0.2672,0.0,0.1592,-1558.20849609375
2176,0.05,0.2672,0.0,0.1616,-1559.2919921875
2177,0.05,0.2672,0.0,0.164,-1560.178466796875
2178,0.05,0.2672,0.0,0.1664,-1560.74365234375
2179,0.05,0.2672,0.0,0.1688,-1561.26171875
2180,0.05,0.2672,0.0,0.1712,-1562.508056640625
2181,0.05,0.2672,0.0,0.1736,-1563.923095703125
2182,0.05,0.2672,0.0,0.176,-1565.22900390625
2183,0.05,0.2672,0.0,0.1784,-1565.4329833984375
2184,0.05,0.2672,0.0,0.1808,-1566.438232421875
2185,0.05,0.2672,0.0,0.1832,-1568.72119140625
2186,0.05,0.2672,0.0,0.1856,-1569.2490234375
2187,0.05,0.2672,0.0,0.188,-1570.84814453125
2188,0.05,0.2672,0.0,0.1904,-1571.8021240234375
2189,0.05,0.2672,0.0,0.1928,-1572.155029296875
2190,0.05,0.2672,0.0,0.1952,-1573.993408203125
2191,0.05,0.2672,0.0,0.1976,-1574.258056640625
2192,0.05,0.2672,0.0,0.2,-1576.4251708984375
2193,0.05,0.2688,0.0,0.08,-1577.6536865234375
2194,0.05,0.2688,0.0,0.0824,-1574.5718994140625
2195,0.05,0.2688,0.0,0.0848,-1573.15185546875
2196,0.05,0.2688,0.0,0.0872,-1570.818603515625
2197,0.05,0.2688,0.0,0.0896,-1568.3984375
2198,0.05,0.2688,0.0,0.092,-1566.6650390625
2199,0.05,0.2688,0.0,0.0944,-1565.0516357421875
2200,0.05,0.2688,0.0,0.0968,-1563.169677734375
2201,0.05,0.2688,0.0,0.0992,-1562.170166015625
2202,0.05,0.2688,0.0,0.1016,-1560.3443603515625
2203,0.05,0.2688,0.0,0.104,-1560.203125
2204,0.05,0.2688,0.0,0.1064,-1558.870361328125
2205,0.05,0.2688,0.0,0.1088,-1558.203125
2206,0.05,0.2688,0.0,0.1112,-1556.989013671875
2207,0.05,0.2688,0.0,0.1136,-1556.4566650390625
2208,0.05,0.2688,0.0,0.116,-1555.8802490234375
2209,0.05,0.2688,0.0,0.1184,-1556.01513671875
2210,0.05,0.2688,0.0,0.1208,-1554.892578125
2211,0.05,0.2688,0.0,0.1232,-1555.58984375
2212,0.05,0.2688,0.0,0.1256,-1554.85400390625
2213,0.05,0.2688,0.0,0.128,-1554.882080078125
2214,0.05,0.2688,0.0,0.1304,-1555.4398193359375
2215,0.05,0.2688,0.0,0.1328,-1555.07666015625
2216,0.05,0.2688,0.0,0.1352,-1554.761962890625
2217,0.05,0.2688,0.0,0.1376,-1554.724853515625
2218,0.05,0.2688,0.0,0.14,-1555.59521484375
2219,0.05,0.2688,0.0,0.1424,-1555.830078125
2220,0.05,0.2688,0.0,0.1448,-1555.8419189453125
2221,0.05,0.2688,0.0,0.1472,-1556.39453125
2222,0.05,0.2688,0.0,0.1496,-1556.486083984375
2223,0.05,0.2688,0.0,0.152,-1556.980712890625
2224,0.05,0.2688,0.0,0.1544,-1558.376708984375
2225,0.05,0.2688,0.0,0.1568,-1558.6395263671875
2226,0.05,0.2688,0.0,0.1592,-1559.527587890625
2227,0.05,0.2688,0.0,0.1616,-1560.072998046875
2228,0.05,0.2688,0.0,0.164,-1561.020263671875
2229,0.05,0.2688,0.0,0.1664,-1561.4493408203125
2230,0.05,0.2688,0.0,0.1688,-1562.3861083984375
2231,0.05,0.2688,0.0,0.1712,-1563.634033203125
2232,0.05,0.2688,0.0,0.1736,-1564.2611083984375
2233,0.05,0.2688,0.0,0.176,-1565.232421875
2234,0.05,0.2688,0.0,0.1784,-1566.039794921875
2235,0.05,0.2688,0.0,0.1808,-1567.128662109375
2236,0.05,0.2688,0.0,0.1832,-1569.042724609375
2237,0.05,0.2688,0.0,0.1856,-1570.129150390625
2238,0.05,0.2688,0.0,0.188,-1570.860107421875
2239,0.05,0.2688,0.0,0.1904,-1571.6051025390625
2240,0.05,0.2688,0.0,0.1928,-1573.6572265625
2241,0.05,0.2688,0.0,0.1952,-1574.674560546875
2242,0.05,0.2688,0.0,0.1976,-1576.904541015625
2243,0.05,0.2688,0.0,0.2,-1577.4693603515625
2244,0.05,0.2704,0.0,0.08,-1578.03125
2245,0.05,0.2704,0.0,0.0824,-1575.727294921875
2246,0.05,0.2704,0.0,0.0848,-1573.477783203125
2247,0.05,0.2704,0.0,0.0872,-1571.6195068359375
2248,0.05,0.2704,0.0,0.0896,-1569.5604248046875
2249,0.05,0.2704,0.0,0.092,-1567.89501953125
2250,0.05,0.2704,0.0,0.0944,-1566.070068359375
2251,0.05,0.2704,0.0,0.0968,-1564.6971435546875
2252,0.05,0.2704,0.0,0.0992,-1563.2197265625
2253,0.05,0.2704,0.0,0.1016,-1561.861572265625
2254,0.05,0.2704,0.0,0.104,-1561.31591796875
2255,0.05,0.2704,0.0,0.1064,-1559.7177734375
2256,0.05,0.2704,0.0,0.1088,-1558.9388427734375
2257,0.05,0.2704,0.0,0.1112,-1558.3316650390625
2258,0.05,0.2704,0.0,0.1136,-1558.078125
2259,0.05,0.2704,0.0,0.116,-1557.1181640625
2260,0.05,0.2704,0.0,0.1184,-1556.6610107421875
2261,0.05,0.2704,0.0,0.1208,-1556.0965576171875
2262,0.05,0.2704,0.0,0.1232,-1555.7177734375
2263,0.05,0.2704,0.0,0.1256,-1555.8167724609375
2264,0.05,0.2704,0.0,0.128,-1555.8355712890625
2265,0.05,0.2704,0.0,0.1304,-1555.952880859375
2266,0.05,0.2704,0.0,0.1328,-1555.1947021484375
2267,0.05,0.2704,0.0,0.1352,-1556.0107421875
2268,0.05,0.2704,0.0,0.1376,-1555.325439453125
2269,0.05,0.2704,0.0,0.14,-1556.3505859375
2270,0.05,0.2704,0.0,0.1424,-1556.2540283203125
2271,0.05,0.2704,0.0,0.1448,-1557.049560546875
2272,0.05,0.2704,0.0,0.1472,-1556.7841796875
2273,0.05,0.2704,0.0,0.1496,-1556.989990234375
2274,0.05,0.2704,0.0,0.152,-1558.3507080078125
2275,0.05,0.2704,0.0,0.1544,-1559.2210693359375
2276,0.05,0.2704,0.0,0.1568,-1559.223388671875
2277,0.05,0.2704,0.0,0.1592,-1559.6131591796875
2278,0.05,0.2704,0.0,0.1616,-1560.64453125
2279,0.05,0.2704,0.0,0.164,-1562.42919921875
2280,0.05,0.2704,0.0,0.1664,-1562.995361328125
2281,0.05,0.2704,0.0,0.1688,-1563.56982421875
2282,0.05,0.2704,0.0,0.1712,-1564.286376953125
2283,0.05,0.2704,0.0,0.1736,-1565.9638671875
2284,0.05,0.2704,0.0,0.176,-1566.7449951171875
2285,0.05,0.2704,0.0,0.1784,-1567.7373046875
2286,0.05,0.2704,0.0,0.1808,-1568.784912109375
2287,0.05,0.2704,0.0,0.1832,-1569.691162109375
2288,0.05,0.2704,0.0,0.1856,-1571.0506591796875
2289,0.05,0.2704,0.0,0.188,-1572.201904296875
2290,0.05,0.2704,0.0,0.1904,-1573.850341796875
2291,0.05,0.2704,0.0,0.1928,-1574.8106689453125
2292,0.05,0.2704,0.0,0.1952,-1576.00146484375
2293,0.05,0.2704,0.0,0.1976,-1576.9947509765625
2294,0.05,0.2704,0.0,0.2,-1578.16015625
2295,0.05,0.272,0.0,0.08,-1578.2861328125
2296,0.05,0.272,0.0,0.0824,-1576.868896484375
2297,0.05,0.272,0.0,0.0848,-1574.124755859375
2298,0.05,0.272,0.0,0.0872,-1571.33154296875
2299,0.05,0.272,0.0,0.0896,-1570.2808837890625
2300,0.05,0.272,0.0,0.092,-1568.091796875
2301,0.05,0.272,0.0,0.0944,-1566.737060546875
2302,0.05,0.272,0.0,0.0968,-1565.211181640625
2303,0.05,0.272,0.0,0.0992,-1563.891845703125
2304,0.05,0.272,0.0,0.1016,-1562.7352294921875
2305,0.05,0.272,0.0,0.104,-1561.422607421875
2306,0.05,0.272,0.0,0.1064,-1560.799072265625
2307,0.05,0.272,0.0,0.1088,-1559.553466796875
2308,0.05,0.272,0.0,0.1112,-1558.511474609375
2309,0.05,0.272,0.0,0.1136,-1558.79443359375
2310,0.05,0.272,0.0,0.116,-1558.023681640625
2311,0.05,0.272,0.0,0.1184,-1557.5654296875
2312,0.05,0.272,0.0,0.1208,-1556.9031982421875
2313,0.05,0.272,0.0,0.1232,-1556.760009765625
2314,0.05,0.272,0.0,0.1256,-1556.5128173828125
2315,0.05,0.272,0.0,0.128,-1556.4814453125
2316,0.05,0.272,0.0,0.1304,-1556.09765625
2317,0.05,0.272,0.0,0.1328,-1556.073486328125
2318,0.05,0.272,0.0,0.1352,-1557.067626953125
2319,0.05,0.272,0.0,0.1376,-1556.6148681640625
2320,0.05,0.272,0.0,0.14,-1556.4049072265625
2321,0.05,0.272,0.0,0.1424,-1557.701416015625
2322,0.05,0.272,0.0,0.1448,-1557.671142578125
2323,0.05,0.272,0.0,0.1472,-1557.906494140625
2324,0.05,0.272,0.0,0.1496,-1558.747802734375
2325,0.05,0.272,0.0,0.152,-1559.103759765625
2326,0.05,0.272,0.0,0.1544,-1559.5859375
2327,0.05,0.272,0.0,0.1568,-1560.9232177734375
2328,0.05,0.272,0.0,0.1592,-1561.7750244140625
2329,0.05,0.272,0.0,0.1616,-1562.26318359375
2330,0.05,0.272,0.0,0.164,-1563.53466796875
2331,0.05,0.272,0.0,0.1664,-1563.834228515625
2332,0.05,0.272,0.0,0.1688,-1564.2489013671875
2333,0.05,0.272,0.0,0.1712,-1566.299560546875
2334,0.05,0.272,0.0,0.1736,-1566.30615234375
2335,0.05,0.272,0.0,0.176,-1567.8336181640625
2336,0.05,0.272,0.0,0.1784,-1568.09130859375
2337,0.05,0.272,0.0,0.1808,-1569.9913330078125
2338,0.05,0.272,0.0,0.1832,-1570.7325439453125
2339,0.05,0.272,0.0,0.1856,-1571.903076171875
2340,0.05,0.272,0.0,0.188,-1572.936767578125
2341,0.05,0.272,0.0,0.1904,-1574.330322265625
2342,0.05,0.272,0.0,0.1928,-1575.363525390625
2343,0.05,0.272,0.0,0.1952,-1576.9501953125
2344,0.05,0.272,0.0,0.1976,-1577.7568359375
2345,0.05,0.272,0.0,0.2,-1579.4818115234375
2346,0.05,0.2736,0.0,0.08,-1579.2733154296875
2347,0.05,0.2736,0.0,0.0824,-1576.941650390625
2348,0.05,0.2736,0.0,0.0848,-1575.203857421875
2349,0.05,0.2736,0.0,0.0872,-1573.3038330078125
2350,0.05,0.2736,0.0,0.0896,-1570.427978515625
2351,0.05,0.2736,0.0,0.092,-1568.9295654296875
2352,0.05,0.2736,0.0,0.0944,-1567.398193359375
2353,0.05,0.2736,0.0,0.0968,-1566.3585205078125
2354,0.05,0.2736,0.0,0.0992,-1564.547607421875
2355,0.05,0.2736,0.0,0.1016,-1564.094970703125
2356,0.05,0.2736,0.0,0.104,-1561.56396484375
2357,0.05,0.2736,0.0,0.1064,-1561.44287109375
2358,0.05,0.2736,0.0,0.1088,-1560.688720703125
2359,0.05,0.2736,0.0,0.1112,-1559.717041015625
2360,0.05,0.2736,0.0,0.1136,-1559.024169921875
2361,0.05,0.2736,0.0,0.116,-1558.5048828125
2362,0.05,0.2736,0.0,0.1184,-1557.82275390625
2363,0.05,0.2736,0.0,0.1208,-1558.014404296875
2364,0.05,0.2736,0.0,0.1232,-1557.9635009765625
2365,0.05,0.2736,0.0,0.1256,-1557.203857421875
2366,0.05,0.2736,0.0,0.128,-1557.25634765625
2367,0.05,0.2736,0.0,0.1304,-1556.78271484375
2368,0.05,0.2736,0.0,0.1328,-1557.6044921875
2369,0.05,0.2736,0.0,0.1352,-1557.5770263671875
2370,0.05,0.2736,0.0,0.1376,-1557.7415771484375
2371,0.05,0.2736,0.0,0.14,-1558.4443359375
2372,0.05,0.2736,0.0,0.1424,-1558.2218017578125
2373,0.05,0.2736,0.0,0.1448,-1559.051025390625
2374,0.05,0.2736,0.0,0.1472,-1559.1602783203125
2375,0.05,0.2736,0.0,0.1496,-1559.8101806640625
2376,0.05,0.2736,0.0,0.152,-1560.479736328125
2377,0.05,0.2736,0.0,0.1544,-1560.72705078125
2378,0.05,0.2736,0.0,0.1568,-1561.8345947265625
2379,0.05,0.2736,0.0,0.1592,-1562.281982421875
2380,0.05,0.2736,0.0,0.1616,-1562.79345703125
2381,0.05,0.2736,0.0,0.164,-1563.62158203125
2382,0.05,0.2736,0.0,0.1664,-1563.946044921875
2383,0.05,0.2736,0.0,0.1688,-1566.01513671875
2384,0.05,0.2736,0.0,0.1712,-1565.78466796875
2385,0.05,0.2736,0.0,0.1736,-1567.1009521484375
2386,0.05,0.2736,0.0,0.176,-1568.4671630859375
2387,0.05,0.2736,0.0,0.1784,-1569.419677734375
2388,0.05,0.2736,0.0,0.1808,-1570.5777587890625
2389,0.05,0.2736,0.0,0.1832,-1571.8594970703125
2390,0.05,0.2736,0.0,0.1856,-1573.402099609375
2391,0.05,0.2736,0.0,0.188,-1574.235107421875
2392,0.05,0.2736,0.0,0.1904,-1574.591796875
2393,0.05,0.2736,0.0,0.1928,-1576.134765625
2394,0.05,0.2736,0.0,0.1952,-1577.014404296875
2395,0.05,0.2736,0.0,0.1976,-1578.809326171875
2396,0.05,0.2736,0.0,0.2,-1579.752197265625
2397,0.05,0.2752,0.0,0.08,-1580.2130126953125
2398,0.05,0.2752,0.0,0.0824,-1577.810546875
2399,0.05,0.2752,0.0,0.0848,-1576.093994140625
2400,0.05,0.2752,0.0,0.0872,-1573.5782470703125
2401,0.05,0.2752,0.0,0.0896,-1571.422607421875
2402,0.05,0.2752,0.0,0.092,-1570.273193359375
2403,0.05,0.2752,0.0,0.0944,-1567.950927734375
2404,0.05,0.2752,0.0,0.0968,-1566.9508056640625
2405,0.05,0.2752,0.0,0.0992,-1565.8515625
2406,0.05,0.2752,0.0,0.1016,-1564.5556640625
2407,0.05,0.2752,0.0,0.104,-1563.4990234375
2408,0.05,0.2752,0.0,0.1064,-1561.8585205078125
2409,0.05,0.2752,0.0,0.1088,-1562.1715087890625
2410,0.05,0.2752,0.0,0.1112,-1560.707763671875
2411,0.05,0.2752,0.0,0.1136,-1559.6953125
2412,0.05,0.2752,0.0,0.116,-1559.8463134765625
2413,0.05,0.2752,0.0,0.1184,-1559.607421875
2414,0.05,0.2752,0.0,0.1208,-1559.438720703125
2415,0.05,0.2752,0.0,0.1232,-1558.8231201171875
2416,0.05,0.2752,0.0,0.1256,-1558.0869140625
2417,0.05,0.2752,0.0,0.128,-1558.139892578125
2418,0.05,0.2752,0.0,0.1304,-1558.7601318359375
2419,0.05,0.2752,0.0,0.1328,-1557.85009765625
2420,0.05,0.2752,0.0,0.1352,-1558.353515625
2421,0.05,0.2752,0.0,0.1376,-1558.416748046875
2422,0.05,0.2752,0.0,0.14,-1558.4227294921875
2423,0.05,0.2752,0.0,0.1424,-1558.9833984375
2424,0.05,0.2752,0.0,0.1448,-1559.9486083984375
2425,0.05,0.2752,0.0,0.1472,-1560.2957763671875
2426,0.05,0.2752,0.0,0.1496,-1560.298828125
2427,0.05,0.2752,0.0,0.152,-1560.7659912109375
2428,0.05,0.2752,0.0,0.1544,-1561.8753662109375
2429,0.05,0.2752,0.0,0.1568,-1562.2623291015625
2430,0.05,0.2752,0.0,0.1592,-1562.442138671875
2431,0.05,0.2752,0.0,0.1616,-1563.718994140625
2432,0.05,0.2752,0.0,0.164,-1564.5218505859375
2433,0.05,0.2752,0.0,0.1664,-1565.4442138671875
2434,0.05,0.2752,0.0,0.1688,-1566.255859375
2435,0.05,0.2752,0.0,0.1712,-1566.72998046875
2436,0.05,0.2752,0.0,0.1736,-1568.615966796875
2437,0.05,0.2752,0.0,0.176,-1569.2703857421875
2438,0.05,0.2752,0.0,0.1784,-1569.8419189453125
2439,0.05,0.2752,0.0,0.1808,-1571.2294921875
2440,0.05,0.2752,0.0,0.1832,-1572.09912109375
2441,0.05,0.2752,0.0,0.1856,-1573.7481689453125
2442,0.05,0.2752,0.0,0.188,-1574.7337646484375
2443,0.05,0.2752,0.0,0.1904,-1576.565673828125
2444,0.05,0.2752,0.0,0.1928,-1577.1160888671875
2445,0.05,0.2752,0.0,0.1952,-1578.684326171875
2446,0.05,0.2752,0.0,0.1976,-1579.685546875
2447,0.05,0.2752,0.0,0.2,-1581.8450927734375
2448,0.05,0.2768,0.0,0.08,-1581.0843505859375
2449,0.05,0.2768,0.0,0.0824,-1578.81884765625
2450,0.05,0.2768,0.0,0.0848,-1577.26611328125
2451,0.05,0.2768,0.0,0.0872,-1574.776611328125
2452,0.05,0.2768,0.0,0.0896,-1572.626220703125
2453,0.05,0.2768,0.0,0.092,-1570.5413818359375
2454,0.05,0.2768,0.0,0.0944,-1569.6624755859375
2455,0.05,0.2768,0.0,0.0968,-1566.976806640625
2456,0.05,0.2768,0.0,0.0992,-1566.960693359375
2457,0.05,0.2768,0.0,0.1016,-1565.0684814453125
2458,0.05,0.2768,0.0,0.104,-1564.249755859375
2459,0.05,0.2768,0.0,0.1064,-1563.046875
2460,0.05,0.2768,0.0,0.1088,-1562.74853515625
2461,0.05,0.2768,0.0,0.1112,-1561.717041015625
2462,0.05,0.2768,0.0,0.1136,-1561.32861328125
2463,0.05,0.2768,0.0,0.116,-1560.5325927734375
2464,0.05,0.2768,0.0,0.1184,-1560.2041015625
2465,0.05,0.2768,0.0,0.1208,-1559.09521484375
2466,0.05,0.2768,0.0,0.1232,-1559.779052734375
2467,0.05,0.2768,0.0,0.1256,-1559.32666015625
2468,0.05,0.2768,0.0,0.128,-1559.489013671875
2469,0.05,0.2768,0.0,0.1304,-1559.424560546875
2470,0.05,0.2768,0.0,0.1328,-1559.096435546875
2471,0.05,0.2768,0.0,0.1352,-1559.11083984375
2472,0.05,0.2768,0.0,0.1376,-1559.090087890625
2473,0.05,0.2768,0.0,0.14,-1559.88232421875
2474,0.05,0.2768,0.0,0.1424,-1559.414794921875
2475,0.05,0.2768,0.0,0.1448,-1559.902099609375
2476,0.05,0.2768,0.0,0.1472,-1561.001220703125
2477,0.05,0.2768,0.0,0.1496,-1561.50146484375
2478,0.05,0.2768,0.0,0.152,-1561.5791015625
2479,0.05,0.2768,0.0,0.1544,-1562.762451171875
2480,0.05,0.2768,0.0,0.1568,-1563.13427734375
2481,0.05,0.2768,0.0,0.1592,-1563.73193359375
2482,0.05,0.2768,0.0,0.1616,-1565.232421875
2483,0.05,0.2768,0.0,0.164,-1565.271240234375
2484,0.05,0.2768,0.0,0.1664,-1566.0252685546875
2485,0.05,0.2768,0.0,0.1688,-1567.369140625
2486,0.05,0.2768,0.0,0.1712,-1568.109619140625
2487,0.05,0.2768,0.0,0.1736,-1569.20166015625
2488,0.05,0.2768,0.0,0.176,-1570.501708984375
2489,0.05,0.2768,0.0,0.1784,-1571.685302734375
2490,0.05,0.2768,0.0,0.1808,-1572.06591796875
2491,0.05,0.2768,0.0,0.1832,-1573.76513671875
2492,0.05,0.2768,0.0,0.1856,-1575.015380859375
2493,0.05,0.2768,0.0,0.188,-1575.662841796875
2494,0.05,0.2768,0.0,0.1904,-1577.3018798828125
2495,0.05,0.2768,0.0,0.1928,-1578.39501953125
2496,0.05,0.2768,0.0,0.1952,-1579.886474609375
2497,0.05,0.2768,0.0,0.1976,-1581.445556640625
2498,0.05,0.2768,0.0,0.2,-1581.953125
2499,0.05,0.2784,0.0,0.08,-1581.799072265625
2500,0.05,0.2784,0.0,0.0824,-1578.7222900390625
2501,0.05,0.2784,0.0,0.0848,-1577.4443359375
2502,0.05,0.2784,0.0,0.0872,-1575.71044921875
2503,0.05,0.2784,0.0,0.0896,-1573.479736328125
2504,0.05,0.2784,0.0,0.092,-1571.6356201171875
2505,0.05,0.2784,0.0,0.0944,-1570.145751953125
2506,0.05,0.2784,0.0,0.0968,-1568.474365234375
2507,0.05,0.2784,0.0,0.0992,-1567.8675537109375
2508,0.05,0.2784,0.0,0.1016,-1566.052490234375
2509,0.05,0.2784,0.0,0.104,-1565.2666015625
2510,0.05,0.2784,0.0,0.1064,-1564.4146728515625
2511,0.05,0.2784,0.0,0.1088,-1562.8768310546875
2512,0.05,0.2784,0.0,0.1112,-1562.9737548828125
2513,0.05,0.2784,0.0,0.1136,-1562.2532958984375
2514,0.05,0.2784,0.0,0.116,-1561.119140625
2515,0.05,0.2784,0.0,0.1184,-1561.0191650390625
2516,0.05,0.2784,0.0,0.1208,-1560.16064453125
2517,0.05,0.2784,0.0,0.1232,-1559.904296875
2518,0.05,0.2784,0.0,0.1256,-1560.3974609375
2519,0.05,0.2784,0.0,0.128,-1559.9619140625
2520,0.05,0.2784,0.0,0.1304,-1560.4674072265625
2521,0.05,0.2784,0.0,0.1328,-1560.029296875
2522,0.05,0.2784,0.0,0.1352,-1560.3369140625
2523,0.05,0.2784,0.0,0.1376,-1560.278564453125
2524,0.05,0.2784,0.0,0.14,-1560.12890625
2525,0.05,0.2784,0.0,0.1424,-1560.9576416015625
2526,0.05,0.2784,0.0,0.1448,-1561.3397216796875
2527,0.05,0.2784,0.0,0.1472,-1561.8240966796875
2528,0.05,0.2784,0.0,0.1496,-1562.425048828125
2529,0.05,0.2784,0.0,0.152,-1562.939208984375
2530,0.05,0.2784,0.0,0.1544,-1563.544677734375
2531,0.05,0.2784,0.0,0.1568,-1564.767333984375
2532,0.05,0.2784,0.0,0.1592,-1565.0338134765625
2533,0.05,0.2784,0.0,0.1616,-1565.605224609375
2534,0.05,0.2784,0.0,0.164,-1566.500244140625
2535,0.05,0.2784,0.0,0.1664,-1567.4774169921875
2536,0.05,0.2784,0.0,0.1688,-1569.015869140625
2537,0.05,0.2784,0.0,0.1712,-1569.6351318359375
2538,0.05,0.2784,0.0,0.1736,-1570.1754150390625
2539,0.05,0.2784,0.0,0.176,-1570.70068359375
2540,0.05,0.2784,0.0,0.1784,-1571.495849609375
2541,0.05,0.2784,0.0,0.1808,-1573.2786865234375
2542,0.05,0.2784,0.0,0.1832,-1574.512939453125
2543,0.05,0.2784,0.0,0.1856,-1575.85107421875
2544,0.05,0.2784,0.0,0.188,-1576.5716552734375
2545,0.05,0.2784,0.0,0.1904,-1577.925048828125
2546,0.05,0.2784,0.0,0.1928,-1579.9400634765625
2547,0.05,0.2784,0.0,0.1952,-1580.697509765625
2548,0.05,0.2784,0.0,0.1976,-1582.3687744140625
2549,0.05,0.2784,0.0,0.2,-1583.967041015625
2550,0.05,0.28,0.0,0.08,-1583.32080078125
2551,0.05,0.28,0.0,0.0824,-1580.449462890625
2552,0.05,0.28,0.0,0.0848,-1578.3642578125
2553,0.05,0.28,0.0,0.0872,-1576.83056640625
2554,0.05,0.28,0.0,0.0896,-1574.055908203125
2555,0.05,0.28,0.0,0.092,-1572.62841796875
2556,0.05,0.28,0.0,0.0944,-1570.771728515625
2557,0.05,0.28,0.0,0.0968,-1569.31640625
2558,0.05,0.28,0.0,0.0992,-1568.56103515625
2559,0.05,0.28,0.0,0.1016,-1566.819580078125
2560,0.05,0.28,0.0,0.104,-1565.63916015625
2561,0.05,0.28,0.0,0.1064,-1565.02734375
2562,0.05,0.28,0.0,0.1088,-1564.3822021484375
2563,0.05,0.28,0.0,0.1112,-1563.6666259765625
2564,0.05,0.28,0.0,0.1136,-1562.535888671875
2565,0.05,0.28,0.0,0.116,-1562.41796875
2566,0.05,0.28,0.0,0.1184,-1561.2579345703125
2567,0.05,0.28,0.0,0.1208,-1561.654052734375
2568,0.05,0.28,0.0,0.1232,-1561.7362060546875
2569,0.05,0.28,0.0,0.1256,-1561.63427734375
2570,0.05,0.28,0.0,0.128,-1560.58251953125
2571,0.05,0.28,0.0,0.1304,-1560.7994384765625
2572,0.05,0.28,0.0,0.1328,-1561.3421630859375
2573,0.05,0.28,0.0,0.1352,-1560.855712890625
2574,0.05,0.28,0.0,0.1376,-1561.654052734375
2575,0.05,0.28,0.0,0.14,-1561.697265625
2576,0.05,0.28,0.0,0.1424,-1561.259765625
2577,0.05,0.28,0.0,0.1448,-1561.7275390625
2578,0.05,0.28,0.0,0.1472,-1561.9896240234375
2579,0.05,0.28,0.0,0.1496,-1563.21923828125
2580,0.05,0.28,0.0,0.152,-1563.3245849609375
2581,0.05,0.28,0.0,0.1544,-1564.0523681640625
2582,0.05,0.28,0.0,0.1568,-1565.1005859375
2583,0.05,0.28,0.0,0.1592,-1565.37890625
2584,0.05,0.28,0.0,0.1616,-1566.1456298828125
2585,0.05,0.28,0.0,0.164,-1567.73876953125
2586,0.05,0.28,0.0,0.1664,-1567.59765625
2587,0.05,0.28,0.0,0.1688,-1569.245361328125
2588,0.05,0.28,0.0,0.1712,-1569.691650390625
2589,0.05,0.28,0.0,0.1736,-1570.994873046875
2590,0.05,0.28,0.0,0.176,-1571.471923828125
2591,0.05,0.28,0.0,0.1784,-1573.38427734375
2592,0.05,0.28,0.0,0.1808,-1574.35009765625
2593,0.05,0.28,0.0,0.1832,-1575.3538818359375
2594,0.05,0.28,0.0,0.1856,-1576.3895263671875
2595,0.05,0.28,0.0,0.188,-1577.4501953125
2596,0.05,0.28,0.0,0.1904,-1578.443359375
2597,0.05,0.28,0.0,0.1928,-1581.170654296875
2598,0.05,0.28,0.0,0.1952,-1581.0830078125
2599,0.05,0.28,0.0,0.1976,-1583.2232666015625
2600,0.05,0.28,0.0,0.2,-1584.169921875
