idx,alpha,mu,omega,rho,loglike
0,0.05,0.02,0.0,0.0,-inf
1,0.05,0.02,0.0,0.02,-inf
2,0.05,0.02,0.0,0.04,-inf
3,0.05,0.02,0.0,0.06,-inf
4,0.05,0.02,0.0,0.08,-inf
5,0.05,0.02,0.0,0.1,-inf
6,0.05,0.02,0.0,0.12,-inf
7,0.05,0.02,0.0,0.14,-inf
8,0.05,0.02,0.0,0.16,-inf
9,0.05,0.02,0.0,0.18,-inf
10,0.05,0.02,0.0,0.2,-inf
11,0.05,0.02,0.0,0.22,-inf
12,0.05,0.02,0.0,0.24,-inf
13,0.05,0.02,0.0,0.26,-inf
14,0.05,0.02,0.0,0.28,-inf
15,0.05,0.02,0.0,0.3,-inf
16,0.05,0.02,0.0,0.32,-inf
17,0.05,0.02,0.0,0.34,-inf
18,0.05,0.02,0.0,0.36,-inf
19,0.05,0.02,0.0,0.38,-inf
20,0.05,0.02,0.0,0.4,-inf
21,0.05,0.02,0.0,0.42,-inf
22,0.05,0.02,0.0,0.44,-inf
23,0.05,0.02,0.0,0.46,-inf
24,0.05,0.02,0.0,0.48,-inf
25,0.05,0.02,0.0,0.5,-inf
26,0.05,0.02,0.0,0.52,-inf
27,0.05,0.02,0.0,0.54,-inf
28,0.05,0.02,0.0,0.56,-inf
29,0.05,0.02,0.0,0.58,-inf
30,0.05,0.02,0.0,0.6,-inf
31,0.05,0.02,0.0,0.62,-inf
32,0.05,0.02,0.0,0.64,-inf
33,0.05,0.02,0.0,0.66,-inf
34,0.05,0.02,0.0,0.68,-inf
35,0.05,0.02,0.0,0.7,-inf
36,0.05,0.02,0.0,0.72,-inf
37,0.05,0.02,0.0,0.74,-inf
38,0.05,0.02,0.0,0.76,-inf
39,0.05,0.02,0.0,0.78,-inf
40,0.05,0.02,0.0,0.8,-inf
41,0.05,0.02,0.0,0.82,-inf
42,0.05,0.02,0.0,0.84,-inf
43,0.05,0.02,0.0,0.86,-inf
44,0.05,0.02,0.0,0.88,-inf
45,0.05,0.02,0.0,0.9,-inf
46,0.05,0.02,0.0,0.92,-inf
47,0.05,0.02,0.0,0.94,-inf
48,0.05,0.02,0.0,0.96,-inf
49,0.05,0.02,0.0,0.98,-inf
50,0.05,0.02,0.0,1.0,-inf
51,0.05,0.04,0.0,0.0,-inf
52,0.05,0.04,0.0,0.02,-inf
53,0.05,0.04,0.0,0.04,-inf
54,0.05,0.04,0.0,0.06,-inf
55,0.05,0.04,0.0,0.08,-inf
56,0.05,0.04,0.0,0.1,-inf
57,0.05,0.04,0.0,0.12,-inf
58,0.05,0.04,0.0,0.14,-inf
59,0.05,0.04,0.0,0.16,-inf
60,0.05,0.04,0.0,0.18,-inf
61,0.05,0.04,0.0,0.2,-inf
62,0.05,0.04,0.0,0.22,-inf
63,0.05,0.04,0.0,0.24,-inf
64,0.05,0.04,0.0,0.26,-inf
65,0.05,0.04,0.0,0.28,-inf
66,0.05,0.04,0.0,0.3,-inf
67,0.05,0.04,0.0,0.32,-inf
68,0.05,0.04,0.0,0.34,-inf
69,0.05,0.04,0.0,0.36,-inf
70,0.05,0.04,0.0,0.38,-inf
71,0.05,0.04,0.0,0.4,-inf
72,0.05,0.04,0.0,0.42,-inf
73,0.05,0.04,0.0,0.44,-inf
74,0.05,0.04,0.0,0.46,-inf
75,0.05,0.04,0.0,0.48,-inf
76,0.05,0.04,0.0,0.5,-inf
77,0.05,0.04,0.0,0.52,-inf
78,0.05,0.04,0.0,0.54,-inf
79,0.05,0.04,0.0,0.56,-inf
80,0.05,0.04,0.0,0.58,-inf
81,0.05,0.04,0.0,0.6,-inf
82,0.05,0.04,0.0,0.62,-inf
83,0.05,0.04,0.0,0.64,-inf
84,0.05,0.04,0.0,0.66,-inf
85,0.05,0.04,0.0,0.68,-inf
86,0.05,0.04,0.0,0.7,-inf
87,0.05,0.04,0.0,0.72,-inf
88,0.05,0.04,0.0,0.74,-inf
89,0.05,0.04,0.0,0.76,-inf
90,0.05,0.04,0.0,0.78,-inf
91,0.05,0.04,0.0,0.8,-inf
92,0.05,0.04,0.0,0.82,-inf
93,0.05,0.04,0.0,0.84,-inf
94,0.05,0.04,0.0,0.86,-inf
95,0.05,0.04,0.0,0.88,-inf
96,0.05,0.04,0.0,0.9,-inf
97,0.05,0.04,0.0,0.92,-inf
98,0.05,0.04,0.0,0.94,-inf
99,0.05,0.04,0.0,0.96,-inf
100,0.05,0.04,0.0,0.98,-inf
101,0.05,0.04,0.0,1.0,-inf
102,0.05,0.06,0.0,0.0,-inf
103,0.05,0.06,0.0,0.02,-inf
104,0.05,0.06,0.0,0.04,-inf
105,0.05,0.06,0.0,0.06,-inf
106,0.05,0.06,0.0,0.08,-inf
107,0.05,0.06,0.0,0.1,-inf
108,0.05,0.06,0.0,0.12,-inf
109,0.05,0.06,0.0,0.14,-inf
110,0.05,0.06,0.0,0.16,-inf
111,0.05,0.06,0.0,0.18,-inf
112,0.05,0.06,0.0,0.2,-inf
113,0.05,0.06,0.0,0.22,-inf
114,0.05,0.06,0.0,0.24,-inf
115,0.05,0.06,0.0,0.26,-inf
116,0.05,0.06,0.0,0.28,-inf
117,0.05,0.06,0.0,0.3,-inf
118,0.05,0.06,0.0,0.32,-inf
119,0.05,0.06,0.0,0.34,-inf
120,0.05,0.06,0.0,0.36,-inf
121,0.05,0.06,0.0,0.38,-inf
122,0.05,0.06,0.0,0.4,-inf
123,0.05,0.06,0.0,0.42,-inf
124,0.05,0.06,0.0,0.44,-inf
125,0.05,0.06,0.0,0.46,-inf
126,0.05,0.06,0.0,0.48,-inf
127,0.05,0.06,0.0,0.5,-inf
128,0.05,0.06,0.0,0.52,-inf
129,0.05,0.06,0.0,0.54,-inf
130,0.05,0.06,0.0,0.56,-inf
131,0.05,0.06,0.0,0.58,-inf
132,0.05,0.06,0.0,0.6,-inf
133,0.05,0.06,0.0,0.62,-inf
134,0.05,0.06,0.0,0.64,-inf
135,0.05,0.06,0.0,0.66,-inf
136,0.05,0.06,0.0,0.68,-inf
137,0.05,0.06,0.0,0.7,-inf
138,0.05,0.06,0.0,0.72,-inf
139,0.05,0.06,0.0,0.74,-inf
140,0.05,0.06,0.0,0.76,-inf
141,0.05,0.06,0.0,0.78,-inf
142,0.05,0.06,0.0,0.8,-inf
143,0.05,0.06,0.0,0.82,-inf
144,0.05,0.06,0.0,0.84,-inf
145,0.05,0.06,0.0,0.86,-inf
146,0.05,0.06,0.0,0.88,-inf
147,0.05,0.06,0.0,0.9,-inf
148,0.05,0.06,0.0,0.92,-inf
149,0.05,0.06,0.0,0.94,-inf
150,0.05,0.06,0.0,0.96,-inf
151,0.05,0.06,0.0,0.98,-inf
152,0.05,0.06,0.0,1.0,-inf
153,0.05,0.08,0.0,0.0,-inf
154,0.05,0.08,0.0,0.02,-inf
155,0.05,0.08,0.0,0.04,-inf
156,0.05,0.08,0.0,0.06,-inf
157,0.05,0.08,0.0,0.08,-inf
158,0.05,0.08,0.0,0.1,-inf
159,0.05,0.08,0.0,0.12,-inf
160,0.05,0.08,0.0,0.14,-inf
161,0.05,0.08,0.0,0.16,-inf
162,0.05,0.08,0.0,0.18,-inf
163,0.05,0.08,0.0,0.2,-inf
164,0.05,0.08,0.0,0.22,-inf
165,0.05,0.08,0.0,0.24,-inf
166,0.05,0.08,0.0,0.26,-inf
167,0.05,0.08,0.0,0.28,-inf
168,0.05,0.08,0.0,0.3,-inf
169,0.05,0.08,0.0,0.32,-inf
170,0.05,0.08,0.0,0.34,-inf
171,0.05,0.08,0.0,0.36,-inf
172,0.05,0.08,0.0,0.38,-inf
173,0.05,0.08,0.0,0.4,-inf
174,0.05,0.08,0.0,0.42,-inf
175,0.05,0.08,0.0,0.44,-inf
176,0.05,0.08,0.0,0.46,-inf
177,0.05,0.08,0.0,0.48,-inf
178,0.05,0.08,0.0,0.5,-inf
179,0.05,0.08,0.0,0.52,-inf
180,0.05,0.08,0.0,0.54,-inf
181,0.05,0.08,0.0,0.56,-inf
182,0.05,0.08,0.0,0.58,-inf
183,0.05,0.08,0.0,0.6,-inf
184,0.05,0.08,0.0,0.62,-inf
185,0.05,0.08,0.0,0.64,-inf
186,0.05,0.08,0.0,0.66,-inf
187,0.05,0.08,0.0,0.68,-inf
188,0.05,0.08,0.0,0.7,-inf
189,0.05,0.08,0.0,0.72,-inf
190,0.05,0.08,0.0,0.74,-inf
191,0.05,0.08,0.0,0.76,-inf
192,0.05,0.08,0.0,0.78,-inf
193,0.05,0.08,0.0,0.8,-inf
194,0.05,0.08,0.0,0.82,-inf
195,0.05,0.08,0.0,0.84,-inf
196,0.05,0.08,0.0,0.86,-inf
197,0.05,0.08,0.0,0.88,-inf
198,0.05,0.08,0.0,0.9,-inf
199,0.05,0.08,0.0,0.92,-inf
200,0.05,0.08,0.0,0.94,-inf
201,0.05,0.08,0.0,0.96,-inf
202,0.05,0.08,0.0,0.98,-inf
203,0.05,0.08,0.0,1.0,-inf
204,0.05,0.1,0.0,0.0,-inf
205,0.05,0.1,0.0,0.02,-inf
206,0.05,0.1,0.0,0.04,-inf
207,0.05,0.1,0.0,0.06,-inf
208,0.05,0.1,0.0,0.08,-inf
209,0.05,0.1,0.0,0.1,-inf
210,0.05,0.1,0.0,0.12,-inf
211,0.05,0.1,0.0,0.14,-inf
212,0.05,0.1,0.0,0.16,-inf
213,0.05,0.1,0.0,0.18,-inf
214,0.05,0.1,0.0,0.2,-inf
215,0.05,0.1,0.0,0.22,-inf
216,0.05,0.1,0.0,0.24,-inf
217,0.05,0.1,0.0,0.26,-inf
218,0.05,0.1,0.0,0.28,-inf
219,0.05,0.1,0.0,0.3,-inf
220,0.05,0.1,0.0,0.32,-inf
221,0.05,0.1,0.0,0.34,-inf
222,0.05,0.1,0.0,0.36,-inf
223,0.05,0.1,0.0,0.38,-inf
224,0.05,0.1,0.0,0.4,-inf
225,0.05,0.1,0.0,0.42,-inf
226,0.05,0.1,0.0,0.44,-inf
227,0.05,0.1,0.0,0.46,-inf
228,0.05,0.1,0.0,0.48,-inf
229,0.05,0.1,0.0,0.5,-inf
230,0.05,0.1,0.0,0.52,-inf
231,0.05,0.1,0.0,0.54,-inf
232,0.05,0.1,0.0,0.56,-inf
233,0.05,0.1,0.0,0.58,-inf
234,0.05,0.1,0.0,0.6,-inf
235,0.05,0.1,0.0,0.62,-inf
236,0.05,0.1,0.0,0.64,-inf
237,0.05,0.1,0.0,0.66,-inf
238,0.05,0.1,0.0,0.68,-inf
239,0.05,0.1,0.0,0.7,-inf
240,0.05,0.1,0.0,0.72,-inf
241,0.05,0.1,0.0,0.74,-inf
242,0.05,0.1,0.0,0.76,-inf
243,0.05,0.1,0.0,0.78,-inf
244,0.05,0.1,0.0,0.8,-inf
245,0.05,0.1,0.0,0.82,-inf
246,0.05,0.1,0.0,0.84,-inf
247,0.05,0.1,0.0,0.86,-inf
248,0.05,0.1,0.0,0.88,-inf
249,0.05,0.1,0.0,0.9,-inf
250,0.05,0.1,0.0,0.92,-inf
251,0.05,0.1,0.0,0.94,-inf
252,0.05,0.1,0.0,0.96,-inf
253,0.05,0.1,0.0,0.98,-inf
254,0.05,0.1,0.0,1.0,-3603.31591796875
255,0.05,0.12,0.0,0.0,-inf
256,0.05,0.12,0.0,0.02,-inf
257,0.05,0.12,0.0,0.04,-inf
258,0.05,0.12,0.0,0.06,-2752.865234375
259,0.05,0.12,0.0,0.08,-inf
260,0.05,0.12,0.0,0.1,-2628.8701171875
261,0.05,0.12,0.0,0.12,-2457.0712890625
262,0.05,0.12,0.0,0.14,-inf
263,0.05,0.12,0.0,0.16,-inf
264,0.05,0.12,0.0,0.18,-inf
265,0.05,0.12,0.0,0.2,-2281.2822265625
266,0.05,0.12,0.0,0.22,-2422.8818359375
267,0.05,0.12,0.0,0.24,-2418.497802734375
268,0.05,0.12,0.0,0.26,-2294.18505859375
269,0.05,0.12,0.0,0.28,-2486.9560546875
270,0.05,0.12,0.0,0.3,-2407.052978515625
271,0.05,0.12,0.0,0.32,-2514.916259765625
272,0.05,0.12,0.0,0.34,-2480.608154296875
273,0.05,0.12,0.0,0.36,-2354.869384765625
274,0.05,0.12,0.0,0.38,-2498.27978515625
275,0.05,0.12,0.0,0.4,-2552.38525390625
276,0.05,0.12,0.0,0.42,-2450.5029296875
277,0.05,0.12,0.0,0.44,-2424.264404296875
278,0.05,0.12,0.0,0.46,-2459.486572265625
279,0.05,0.12,0.0,0.48,-2458.931640625
280,0.05,0.12,0.0,0.5,-2476.30126953125
281,0.05,0.12,0.0,0.52,-2546.48779296875
282,0.05,0.12,0.0,0.54,-2593.26513671875
283,0.05,0.12,0.0,0.56,-2606.08154296875
284,0.05,0.12,0.0,0.58,-2614.681396484375
285,0.05,0.12,0.0,0.6,-2557.4140625
286,0.05,0.12,0.0,0.62,-2570.66357421875
287,0.05,0.12,0.0,0.64,-2676.11474609375
288,0.05,0.12,0.0,0.66,-2550.952392578125
289,0.05,0.12,0.0,0.68,-2767.606201171875
290,0.05,0.12,0.0,0.7,-2853.35693359375
291,0.05,0.12,0.0,0.72,-2858.171875
292,0.05,0.12,0.0,0.74,-2736.191162109375
293,0.05,0.12,0.0,0.76,-2842.5966796875
294,0.05,0.12,0.0,0.78,-2842.609375
295,0.05,0.12,0.0,0.8,-2841.41357421875
296,0.05,0.12,0.0,0.82,-2801.1796875
297,0.05,0.12,0.0,0.84,-2876.69921875
298,0.05,0.12,0.0,0.86,-2859.978759765625
299,0.05,0.12,0.0,0.88,-2936.681640625
300,0.05,0.12,0.0,0.9,-2954.681640625
301,0.05,0.12,0.0,0.92,-2981.8037109375
302,0.05,0.12,0.0,0.94,-2898.687744140625
303,0.05,0.12,0.0,0.96,-3010.814697265625
304,0.05,0.12,0.0,0.98,-2997.7275390625
305,0.05,0.12,0.0,1.0,-2994.742431640625
306,0.05,0.14,0.0,0.0,-inf
307,0.05,0.14,0.0,0.02,-2140.678955078125
308,0.05,0.14,0.0,0.04,-2024.14404296875
309,0.05,0.14,0.0,0.06,-1993.33837890625
310,0.05,0.14,0.0,0.08,-1933.8836669921875
311,0.05,0.14,0.0,0.1,-1902.768798828125
312,0.05,0.14,0.0,0.12,-1898.0068359375
313,0.05,0.14,0.0,0.14,-1907.442138671875
314,0.05,0.14,0.0,0.16,-1811.142822265625
315,0.05,0.14,0.0,0.18,-1896.706787109375
316,0.05,0.14,0.0,0.2,-1902.86083984375
317,0.05,0.14,0.0,0.22,-1837.2747802734375
318,0.05,0.14,0.0,0.24,-1925.8948974609375
319,0.05,0.14,0.0,0.26,-1820.8206787109375
320,0.05,0.14,0.0,0.28,-1946.5460205078125
321,0.05,0.14,0.0,0.3,-1893.608154296875
322,0.05,0.14,0.0,0.32,-1942.48388671875
323,0.05,0.14,0.0,0.34,-1991.3883056640625
324,0.05,0.14,0.0,0.36,-1901.733154296875
325,0.05,0.14,0.0,0.38,-1974.0556640625
326,0.05,0.14,0.0,0.4,-1955.09375
327,0.05,0.14,0.0,0.42,-1996.0133056640625
328,0.05,0.14,0.0,0.44,-2013.1854248046875
329,0.05,0.14,0.0,0.46,-1994.307373046875
330,0.05,0.14,0.0,0.48,-2082.14111328125
331,0.05,0.14,0.0,0.5,-2078.820068359375
332,0.05,0.14,0.0,0.52,-2046.232177734375
333,0.05,0.14,0.0,0.54,-2082.53466796875
334,0.05,0.14,0.0,0.56,-2148.529052734375
335,0.05,0.14,0.0,0.58,-2140.99267578125
336,0.05,0.14,0.0,0.6,-2155.35693359375
337,0.05,0.14,0.0,0.62,-2176.23828125
338,0.05,0.14,0.0,0.64,-2220.674072265625
339,0.05,0.14,0.0,0.66,-2263.768798828125
340,0.05,0.14,0.0,0.68,-2277.819091796875
341,0.05,0.14,0.0,0.7,-2269.23486328125
342,0.05,0.14,0.0,0.72,-2328.7470703125
343,0.05,0.14,0.0,0.74,-2319.219482421875
344,0.05,0.14,0.0,0.76,-2327.923828125
345,0.05,0.14,0.0,0.78,-2356.8740234375
346,0.05,0.14,0.0,0.8,-2392.14306640625
347,0.05,0.14,0.0,0.82,-2415.151123046875
348,0.05,0.14,0.0,0.84,-2394.94140625
349,0.05,0.14,0.0,0.86,-2475.606689453125
350,0.05,0.14,0.0,0.88,-2399.5634765625
351,0.05,0.14,0.0,0.9,-2488.3505859375
352,0.05,0.14,0.0,0.92,-2473.65673828125
353,0.05,0.14,0.0,0.94,-2512.06494140625
354,0.05,0.14,0.0,0.96,-2558.2021484375
355,0.05,0.14,0.0,0.98,-2549.412109375
356,0.05,0.14,0.0,1.0,-2567.154296875
357,0.05,0.16,0.0,0.0,-inf
358,0.05,0.16,0.0,0.02,-2002.961669921875
359,0.05,0.16,0.0,0.04,-1896.218017578125
360,0.05,0.16,0.0,0.06,-1718.795166015625
361,0.05,0.16,0.0,0.08,-1762.452392578125
362,0.05,0.16,0.0,0.1,-1698.416259765625
363,0.05,0.16,0.0,0.12,-1712.29150390625
364,0.05,0.16,0.0,0.14,-1729.244873046875
365,0.05,0.16,0.0,0.16,-1708.8426513671875
366,0.05,0.16,0.0,0.18,-1716.19873046875
367,0.05,0.16,0.0,0.2,-1687.5931396484375
368,0.05,0.16,0.0,0.22,-1706.2373046875
369,0.05,0.16,0.0,0.24,-1734.2127685546875
370,0.05,0.16,0.0,0.26,-1727.3515625
371,0.05,0.16,0.0,0.28,-1744.3983154296875
372,0.05,0.16,0.0,0.3,-1770.9273681640625
373,0.05,0.16,0.0,0.32,-1757.38818359375
374,0.05,0.16,0.0,0.34,-1802.3006591796875
375,0.05,0.16,0.0,0.36,-1816.779052734375
376,0.05,0.16,0.0,0.38,-1820.4854736328125
377,0.05,0.16,0.0,0.4,-1829.3603515625
378,0.05,0.16,0.0,0.42,-1879.658447265625
379,0.05,0.16,0.0,0.44,-1882.9461669921875
380,0.05,0.16,0.0,0.46,-1919.40771484375
381,0.05,0.16,0.0,0.48,-1916.5914306640625
382,0.05,0.16,0.0,0.5,-1933.791748046875
383,0.05,0.16,0.0,0.52,-1968.4002685546875
384,0.05,0.16,0.0,0.54,-1986.810791015625
385,0.05,0.16,0.0,0.56,-2011.62109375
386,0.05,0.16,0.0,0.58,-2039.59912109375
387,0.05,0.16,0.0,0.6,-2028.80419921875
388,0.05,0.16,0.0,0.62,-2077.691650390625
389,0.05,0.16,0.0,0.64,-2104.848388671875
390,0.05,0.16,0.0,0.66,-2114.49658203125
391,0.05,0.16,0.0,0.68,-2121.64306640625
392,0.05,0.16,0.0,0.7,-2155.949462890625
393,0.05,0.16,0.0,0.72,-2182.215087890625
394,0.05,0.16,0.0,0.74,-2202.393310546875
395,0.05,0.16,0.0,0.76,-2199.32568359375
396,0.05,0.16,0.0,0.78,-2242.095703125
397,0.05,0.16,0.0,0.8,-2267.40478515625
398,0.05,0.16,0.0,0.82,-2289.419921875
399,0.05,0.16,0.0,0.84,-2331.865234375
400,0.05,0.16,0.0,0.86,-2318.2744140625
401,0.05,0.16,0.0,0.88,-2366.541015625
402,0.05,0.16,0.0,0.9,-2354.0517578125
403,0.05,0.16,0.0,0.92,-2370.86328125
404,0.05,0.16,0.0,0.94,-2410.268310546875
405,0.05,0.16,0.0,0.96,-2433.837646484375
406,0.05,0.16,0.0,0.98,-2431.076171875
407,0.05,0.16,0.0,1.0,-2489.05419921875
408,0.05,0.18,0.0,0.0,-inf
409,0.05,0.18,0.0,0.02,-1925.984375
410,0.05,0.18,0.0,0.04,-1774.4869384765625
411,0.05,0.18,0.0,0.06,-1710.25634765625
412,0.05,0.18,0.0,0.08,-1683.8572998046875
413,0.05,0.18,0.0,0.1,-1640.187255859375
414,0.05,0.18,0.0,0.12,-1659.36962890625
415,0.05,0.18,0.0,0.14,-1633.29443359375
416,0.05,0.18,0.0,0.16,-1632.422119140625
417,0.05,0.18,0.0,0.18,-1643.4912109375
418,0.05,0.18,0.0,0.2,-1663.740966796875
419,0.05,0.18,0.0,0.22,-1660.796630859375
420,0.05,0.18,0.0,0.24,-1646.232177734375
421,0.05,0.18,0.0,0.26,-1656.97705078125
422,0.05,0.18,0.0,0.28,-1665.591552734375
423,0.05,0.18,0.0,0.3,-1696.209716796875
424,0.05,0.18,0.0,0.32,-1733.354736328125
425,0.05,0.18,0.0,0.34,-1749.64306640625
426,0.05,0.18,0.0,0.36,-1730.97607421875
427,0.05,0.18,0.0,0.38,-1767.510986328125
428,0.05,0.18,0.0,0.4,-1793.349365234375
429,0.05,0.18,0.0,0.42,-1800.40283203125
430,0.05,0.18,0.0,0.44,-1832.24365234375
431,0.05,0.18,0.0,0.46,-1843.232421875
432,0.05,0.18,0.0,0.48,-1842.67236328125
433,0.05,0.18,0.0,0.5,-1898.4775390625
434,0.05,0.18,0.0,0.52,-1911.10302734375
435,0.05,0.18,0.0,0.54,-1909.076416015625
436,0.05,0.18,0.0,0.56,-1952.519287109375
437,0.05,0.18,0.0,0.58,-1975.524658203125
438,0.05,0.18,0.0,0.6,-1990.458251953125
439,0.05,0.18,0.0,0.62,-2001.1756591796875
440,0.05,0.18,0.0,0.64,-2049.121826171875
441,0.05,0.18,0.0,0.66,-2051.512939453125
442,0.05,0.18,0.0,0.68,-2077.87744140625
443,0.05,0.18,0.0,0.7,-2123.050048828125
444,0.05,0.18,0.0,0.72,-2127.208984375
445,0.05,0.18,0.0,0.74,-2150.02099609375
446,0.05,0.18,0.0,0.76,-2162.899169921875
447,0.05,0.18,0.0,0.78,-2200.52978515625
448,0.05,0.18,0.0,0.8,-2243.10888671875
449,0.05,0.18,0.0,0.82,-2246.9931640625
450,0.05,0.18,0.0,0.84,-2277.44873046875
451,0.05,0.18,0.0,0.86,-2305.23291015625
452,0.05,0.18,0.0,0.88,-2310.13916015625
453,0.05,0.18,0.0,0.9,-2347.03857421875
454,0.05,0.18,0.0,0.92,-2344.1015625
455,0.05,0.18,0.0,0.94,-2383.129150390625
456,0.05,0.18,0.0,0.96,-2418.8681640625
457,0.05,0.18,0.0,0.98,-2428.623291015625
458,0.05,0.18,0.0,1.0,-2482.637939453125
459,0.05,0.2,0.0,0.0,-inf
460,0.05,0.2,0.0,0.02,-1854.72802734375
461,0.05,0.2,0.0,0.04,-1709.406982421875
462,0.05,0.2,0.0,0.06,-1662.761962890625
463,0.05,0.2,0.0,0.08,-1613.14697265625
464,0.05,0.2,0.0,0.1,-1612.820068359375
465,0.05,0.2,0.0,0.12,-1590.802490234375
466,0.05,0.2,0.0,0.14,-1599.490966796875
467,0.05,0.2,0.0,0.16,-1581.792236328125
468,0.05,0.2,0.0,0.18,-1599.41748046875
469,0.05,0.2,0.0,0.2,-1586.21923828125
470,0.05,0.2,0.0,0.22,-1601.82177734375
471,0.05,0.2,0.0,0.24,-1622.94970703125
472,0.05,0.2,0.0,0.26,-1641.456298828125
473,0.05,0.2,0.0,0.28,-1662.780029296875
474,0.05,0.2,0.0,0.3,-1642.43798828125
475,0.05,0.2,0.0,0.32,-1692.239501953125
476,0.05,0.2,0.0,0.34,-1690.577880859375
477,0.05,0.2,0.0,0.36,-1732.9146728515625
478,0.05,0.2,0.0,0.38,-1736.4833984375
479,0.05,0.2,0.0,0.4,-1745.5433349609375
480,0.05,0.2,0.0,0.42,-1767.624267578125
481,0.05,0.2,0.0,0.44,-1780.071044921875
482,0.05,0.2,0.0,0.46,-1813.39892578125
483,0.05,0.2,0.0,0.48,-1824.896484375
484,0.05,0.2,0.0,0.5,-1838.8115234375
485,0.05,0.2,0.0,0.52,-1882.419189453125
486,0.05,0.2,0.0,0.54,-1900.796142578125
487,0.05,0.2,0.0,0.56,-1927.6239013671875
488,0.05,0.2,0.0,0.58,-1971.610595703125
489,0.05,0.2,0.0,0.6,-1970.25341796875
490,0.05,0.2,0.0,0.62,-1999.88037109375
491,0.05,0.2,0.0,0.64,-2017.2855224609375
492,0.05,0.2,0.0,0.66,-2014.110595703125
493,0.05,0.2,0.0,0.68,-2080.8857421875
494,0.05,0.2,0.0,0.7,-2100.39208984375
495,0.05,0.2,0.0,0.72,-2123.258056640625
496,0.05,0.2,0.0,0.74,-2141.3291015625
497,0.05,0.2,0.0,0.76,-2162.48583984375
498,0.05,0.2,0.0,0.78,-2194.859619140625
499,0.05,0.2,0.0,0.8,-2213.909912109375
500,0.05,0.2,0.0,0.82,-2234.763671875
501,0.05,0.2,0.0,0.84,-2246.7060546875
502,0.05,0.2,0.0,0.86,-2291.102783203125
503,0.05,0.2,0.0,0.88,-2291.0078125
504,0.05,0.2,0.0,0.9,-2332.87158203125
505,0.05,0.2,0.0,0.92,-2356.2841796875
506,0.05,0.2,0.0,0.94,-2389.240478515625
507,0.05,0.2,0.0,0.96,-2422.68212890625
508,0.05,0.2,0.0,0.98,-2424.03369140625
509,0.05,0.2,0.0,1.0,-2461.00341796875
510,0.05,0.22,0.0,0.0,-inf
511,0.05,0.22,0.0,0.02,-1793.0709228515625
512,0.05,0.22,0.0,0.04,-1653.552001953125
513,0.05,0.22,0.0,0.06,-1600.14990234375
514,0.05,0.22,0.0,0.08,-1586.396484375
515,0.05,0.22,0.0,0.1,-1567.9130859375
516,0.05,0.22,0.0,0.12,-1564.936767578125
517,0.05,0.22,0.0,0.14,-1547.375244140625
518,0.05,0.22,0.0,0.16,-1553.9326171875
519,0.05,0.22,0.0,0.18,-1558.328125
520,0.05,0.22,0.0,0.2,-1564.376708984375
521,0.05,0.22,0.0,0.22,-1591.2095947265625
522,0.05,0.22,0.0,0.24,-1601.8671875
523,0.05,0.22,0.0,0.26,-1596.9560546875
524,0.05,0.22,0.0,0.28,-1621.5504150390625
525,0.05,0.22,0.0,0.3,-1632.70166015625
526,0.05,0.22,0.0,0.32,-1640.0328369140625
527,0.05,0.22,0.0,0.34,-1674.2083740234375
528,0.05,0.22,0.0,0.36,-1687.038818359375
529,0.05,0.22,0.0,0.38,-1721.396728515625
530,0.05,0.22,0.0,0.4,-1722.4310302734375
531,0.05,0.22,0.0,0.42,-1758.018310546875
532,0.05,0.22,0.0,0.44,-1778.411376953125
533,0.05,0.22,0.0,0.46,-1798.714111328125
534,0.05,0.22,0.0,0.48,-1828.236083984375
535,0.05,0.22,0.0,0.5,-1842.717529296875
536,0.05,0.22,0.0,0.52,-1868.5589599609375
537,0.05,0.22,0.0,0.54,-1873.19970703125
538,0.05,0.22,0.0,0.56,-1905.0509033203125
539,0.05,0.22,0.0,0.58,-1945.421875
540,0.05,0.22,0.0,0.6,-1973.6663818359375
541,0.05,0.22,0.0,0.62,-1980.458984375
542,0.05,0.22,0.0,0.64,-1997.7142333984375
543,0.05,0.22,0.0,0.66,-2028.459716796875
544,0.05,0.22,0.0,0.68,-2054.847900390625
545,0.05,0.22,0.0,0.7,-2084.3984375
546,0.05,0.22,0.0,0.72,-2101.78515625
547,0.05,0.22,0.0,0.74,-2117.8984375
548,0.05,0.22,0.0,0.76,-2147.5400390625
549,0.05,0.22,0.0,0.78,-2179.601806640625
550,0.05,0.22,0.0,0.8,-2195.051025390625
551,0.05,0.22,0.0,0.82,-2215.43505859375
552,0.05,0.22,0.0,0.84,-2246.5556640625
553,0.05,0.22,0.0,0.86,-2278.142578125
554,0.05,0.22,0.0,0.88,-2290.32763671875
555,0.05,0.22,0.0,0.9,-2298.6357421875
556,0.05,0.22,0.0,0.92,-2339.0078125
557,0.05,0.22,0.0,0.94,-2379.446533203125
558,0.05,0.22,0.0,0.96,-2380.4951171875
559,0.05,0.22,0.0,0.98,-2420.306884765625
560,0.05,0.22,0.0,1.0,-2438.93603515625
561,0.05,0.24,0.0,0.0,-inf
562,0.05,0.24,0.0,0.02,-1779.8658447265625
563,0.05,0.24,0.0,0.04,-1651.60888671875
564,0.05,0.24,0.0,0.06,-1593.85302734375
565,0.05,0.24,0.0,0.08,-1553.075439453125
566,0.05,0.24,0.0,0.1,-1542.6263427734375
567,0.05,0.24,0.0,0.12,-1536.623046875
568,0.05,0.24,0.0,0.14,-1530.875732421875
569,0.05,0.24,0.0,0.16,-1545.7386474609375
570,0.05,0.24,0.0,0.18,-1547.56298828125
571,0.05,0.24,0.0,0.2,-1559.555419921875
572,0.05,0.24,0.0,0.22,-1572.97802734375
573,0.05,0.24,0.0,0.24,-1586.731689453125
574,0.05,0.24,0.0,0.26,-1603.6693115234375
575,0.05,0.24,0.0,0.28,-1613.2069091796875
576,0.05,0.24,0.0,0.3,-1630.234130859375
577,0.05,0.24,0.0,0.32,-1651.5211181640625
578,0.05,0.24,0.0,0.34,-1670.0552978515625
579,0.05,0.24,0.0,0.36,-1697.67822265625
580,0.05,0.24,0.0,0.38,-1709.350341796875
581,0.05,0.24,0.0,0.4,-1734.57421875
582,0.05,0.24,0.0,0.42,-1752.2435302734375
583,0.05,0.24,0.0,0.44,-1773.766845703125
584,0.05,0.24,0.0,0.46,-1805.14501953125
585,0.05,0.24,0.0,0.48,-1821.570556640625
586,0.05,0.24,0.0,0.5,-1847.3992919921875
587,0.05,0.24,0.0,0.52,-1867.45361328125
588,0.05,0.24,0.0,0.54,-1891.58056640625
589,0.05,0.24,0.0,0.56,-1911.8245849609375
590,0.05,0.24,0.0,0.58,-1935.4266357421875
591,0.05,0.24,0.0,0.6,-1964.2000732421875
592,0.05,0.24,0.0,0.62,-1984.6326904296875
593,0.05,0.24,0.0,0.64,-2008.03564453125
594,0.05,0.24,0.0,0.66,-2033.48779296875
595,0.05,0.24,0.0,0.68,-2059.196044921875
596,0.05,0.24,0.0,0.7,-2079.9541015625
597,0.05,0.24,0.0,0.72,-2108.206787109375
598,0.05,0.24,0.0,0.74,-2132.501220703125
599,0.05,0.24,0.0,0.76,-2159.72412109375
600,0.05,0.24,0.0,0.78,-2179.806884765625
601,0.05,0.24,0.0,0.8,-2212.751953125
602,0.05,0.24,0.0,0.82,-2229.236083984375
603,0.05,0.24,0.0,0.84,-2257.34716796875
604,0.05,0.24,0.0,0.86,-2295.0419921875
605,0.05,0.24,0.0,0.88,-2308.944580078125
606,0.05,0.24,0.0,0.9,-2333.515625
607,0.05,0.24,0.0,0.92,-2375.2470703125
608,0.05,0.24,0.0,0.94,-2385.20263671875
609,0.05,0.24,0.0,0.96,-2410.2490234375
610,0.05,0.24,0.0,0.98,-2430.923583984375
611,0.05,0.24,0.0,1.0,-2460.9248046875
612,0.05,0.26,0.0,0.0,-inf
613,0.05,0.26,0.0,0.02,-1770.337890625
614,0.05,0.26,0.0,0.04,-1652.789306640625
615,0.05,0.26,0.0,0.06,-1594.175537109375
616,0.05,0.26,0.0,0.08,-1566.4267578125
617,0.05,0.26,0.0,0.1,-1548.36279296875
618,0.05,0.26,0.0,0.12,-1543.2889404296875
619,0.05,0.26,0.0,0.14,-1542.8682861328125
620,0.05,0.26,0.0,0.16,-1547.639404296875
621,0.05,0.26,0.0,0.18,-1555.959716796875
622,0.05,0.26,0.0,0.2,-1566.425048828125
623,0.05,0.26,0.0,0.22,-1579.307861328125
624,0.05,0.26,0.0,0.24,-1593.297119140625
625,0.05,0.26,0.0,0.26,-1608.8876953125
626,0.05,0.26,0.0,0.28,-1626.379638671875
627,0.05,0.26,0.0,0.3,-1643.2275390625
628,0.05,0.26,0.0,0.32,-1664.02685546875
629,0.05,0.26,0.0,0.34,-1683.095458984375
630,0.05,0.26,0.0,0.36,-1702.63427734375
631,0.05,0.26,0.0,0.38,-1724.874267578125
632,0.05,0.26,0.0,0.4,-1746.8623046875
633,0.05,0.26,0.0,0.42,-1768.7978515625
634,0.05,0.26,0.0,0.44,-1791.41796875
635,0.05,0.26,0.0,0.46,-1812.7796630859375
636,0.05,0.26,0.0,0.48,-1836.5052490234375
637,0.05,0.26,0.0,0.5,-1858.6876220703125
638,0.05,0.26,0.0,0.52,-1882.429931640625
639,0.05,0.26,0.0,0.54,-1905.2364501953125
640,0.05,0.26,0.0,0.56,-1931.041748046875
641,0.05,0.26,0.0,0.58,-1954.940185546875
642,0.05,0.26,0.0,0.6,-1979.1727294921875
643,0.05,0.26,0.0,0.62,-2004.515869140625
644,0.05,0.26,0.0,0.64,-2028.744140625
645,0.05,0.26,0.0,0.66,-2052.517822265625
646,0.05,0.26,0.0,0.68,-2080.992919921875
647,0.05,0.26,0.0,0.7,-2100.935546875
648,0.05,0.26,0.0,0.72,-2126.388671875
649,0.05,0.26,0.0,0.74,-2157.18896484375
650,0.05,0.26,0.0,0.76,-2177.7568359375
651,0.05,0.26,0.0,0.78,-2201.871826171875
652,0.05,0.26,0.0,0.8,-2224.5458984375
653,0.05,0.26,0.0,0.82,-2255.004638671875
654,0.05,0.26,0.0,0.84,-2276.853759765625
655,0.05,0.26,0.0,0.86,-2307.30419921875
656,0.05,0.26,0.0,0.88,-2336.314453125
657,0.05,0.26,0.0,0.9,-2362.70751953125
658,0.05,0.26,0.0,0.92,-2379.5625
659,0.05,0.26,0.0,0.94,-2416.12841796875
660,0.05,0.26,0.0,0.96,-2442.130859375
661,0.05,0.26,0.0,0.98,-2466.638427734375
662,0.05,0.26,0.0,1.0,-2481.9765625
663,0.05,0.28,0.0,0.0,-inf
664,0.05,0.28,0.0,0.02,-1778.221435546875
665,0.05,0.28,0.0,0.04,-1659.2308349609375
666,0.05,0.28,0.0,0.06,-1603.1240234375
667,0.05,0.28,0.0,0.08,-1574.8621826171875
668,0.05,0.28,0.0,0.1,-1559.605712890625
669,0.05,0.28,0.0,0.12,-1553.4432373046875
670,0.05,0.28,0.0,0.14,-1553.915771484375
671,0.05,0.28,0.0,0.16,-1559.0703125
672,0.05,0.28,0.0,0.18,-1566.98388671875
673,0.05,0.28,0.0,0.2,-1578.2861328125
674,0.05,0.28,0.0,0.22,-1590.221435546875
675,0.05,0.28,0.0,0.24,-1607.283447265625
676,0.05,0.28,0.0,0.26,-1621.8809814453125
677,0.05,0.28,0.0,0.28,-1639.6866455078125
678,0.05,0.28,0.0,0.3,-1658.6357421875
679,0.05,0.28,0.0,0.32,-1676.89306640625
680,0.05,0.28,0.0,0.34,-1698.756591796875
681,0.05,0.28,0.0,0.36,-1718.683837890625
682,0.05,0.28,0.0,0.38,-1739.7783203125
683,0.05,0.28,0.0,0.4,-1760.44970703125
684,0.05,0.28,0.0,0.42,-1784.4111328125
685,0.05,0.28,0.0,0.44,-1806.179931640625
686,0.05,0.28,0.0,0.46,-1828.6710205078125
687,0.05,0.28,0.0,0.48,-1851.2734375
688,0.05,0.28,0.0,0.5,-1874.8653564453125
689,0.05,0.28,0.0,0.52,-1900.61083984375
690,0.05,0.28,0.0,0.54,-1924.3909912109375
691,0.05,0.28,0.0,0.56,-1947.0328369140625
692,0.05,0.28,0.0,0.58,-1972.97314453125
693,0.05,0.28,0.0,0.6,-1998.233642578125
694,0.05,0.28,0.0,0.62,-2021.553466796875
695,0.05,0.28,0.0,0.64,-2049.58837890625
696,0.05,0.28,0.0,0.66,-2075.253662109375
697,0.05,0.28,0.0,0.68,-2097.815185546875
698,0.05,0.28,0.0,0.7,-2120.13818359375
699,0.05,0.28,0.0,0.72,-2148.307861328125
700,0.05,0.28,0.0,0.74,-2176.89013671875
701,0.05,0.28,0.0,0.76,-2197.98095703125
702,0.05,0.28,0.0,0.78,-2222.24267578125
703,0.05,0.28,0.0,0.8,-2258.17724609375
704,0.05,0.28,0.0,0.82,-2282.877197265625
705,0.05,0.28,0.0,0.84,-2309.5927734375
706,0.05,0.28,0.0,0.86,-2324.64501953125
707,0.05,0.28,0.0,0.88,-2355.531982421875
708,0.05,0.28,0.0,0.9,-2386.76806640625
709,0.05,0.28,0.0,0.92,-2407.1708984375
710,0.05,0.28,0.0,0.94,-2445.059814453125
711,0.05,0.28,0.0,0.96,-2461.417724609375
712,0.05,0.28,0.0,0.98,-2482.52685546875
713,0.05,0.28,0.0,1.0,-2532.140625
714,0.05,0.3,0.0,0.0,-inf
715,0.05,0.3,0.0,0.02,-1787.9068603515625
716,0.05,0.3,0.0,0.04,-1668.747802734375
717,0.05,0.3,0.0,0.06,-1613.34619140625
718,0.05,0.3,0.0,0.08,-1584.464111328125
719,0.05,0.3,0.0,0.1,-1570.7379150390625
720,0.05,0.3,0.0,0.12,-1564.8260498046875
721,0.05,0.3,0.0,0.14,-1564.7977294921875
722,0.05,0.3,0.0,0.16,-1570.7001953125
723,0.05,0.3,0.0,0.18,-1578.4932861328125
724,0.05,0.3,0.0,0.2,-1590.294677734375
725,0.05,0.3,0.0,0.22,-1603.5936279296875
726,0.05,0.3,0.0,0.24,-1619.236083984375
727,0.05,0.3,0.0,0.26,-1635.277587890625
728,0.05,0.3,0.0,0.28,-1653.0665283203125
729,0.05,0.3,0.0,0.3,-1671.693359375
730,0.05,0.3,0.0,0.32,-1691.89208984375
731,0.05,0.3,0.0,0.34,-1711.9913330078125
732,0.05,0.3,0.0,0.36,-1731.8839111328125
733,0.05,0.3,0.0,0.38,-1753.79931640625
734,0.05,0.3,0.0,0.4,-1776.13916015625
735,0.05,0.3,0.0,0.42,-1799.17822265625
736,0.05,0.3,0.0,0.44,-1821.1513671875
737,0.05,0.3,0.0,0.46,-1846.2650146484375
738,0.05,0.3,0.0,0.48,-1869.14111328125
739,0.05,0.3,0.0,0.5,-1892.0263671875
740,0.05,0.3,0.0,0.52,-1916.1756591796875
741,0.05,0.3,0.0,0.54,-1943.6712646484375
742,0.05,0.3,0.0,0.56,-1966.6611328125
743,0.05,0.3,0.0,0.58,-1987.3829345703125
744,0.05,0.3,0.0,0.6,-2015.413330078125
745,0.05,0.3,0.0,0.62,-2038.7672119140625
746,0.05,0.3,0.0,0.64,-2067.73095703125
747,0.05,0.3,0.0,0.66,-2090.9873046875
748,0.05,0.3,0.0,0.68,-2113.770263671875
749,0.05,0.3,0.0,0.7,-2144.510009765625
750,0.05,0.3,0.0,0.72,-2172.453125
751,0.05,0.3,0.0,0.74,-2195.130126953125
752,0.05,0.3,0.0,0.76,-2222.688720703125
753,0.05,0.3,0.0,0.78,-2243.0224609375
754,0.05,0.3,0.0,0.8,-2269.32763671875
755,0.05,0.3,0.0,0.82,-2300.922607421875
756,0.05,0.3,0.0,0.84,-2325.96240234375
757,0.05,0.3,0.0,0.86,-2356.6025390625
758,0.05,0.3,0.0,0.88,-2380.304931640625
759,0.05,0.3,0.0,0.9,-2406.860595703125
760,0.05,0.3,0.0,0.92,-2440.830322265625
761,0.05,0.3,0.0,0.94,-2447.35986328125
762,0.05,0.3,0.0,0.96,-2486.77783203125
763,0.05,0.3,0.0,0.98,-2509.558837890625
764,0.05,0.3,0.0,1.0,-2551.632080078125
765,0.05,0.32,0.0,0.0,-inf
766,0.05,0.32,0.0,0.02,-1797.4703369140625
767,0.05,0.32,0.0,0.04,-1679.229736328125
768,0.05,0.32,0.0,0.06,-1622.49658203125
769,0.05,0.32,0.0,0.08,-1594.656494140625
770,0.05,0.32,0.0,0.1,-1581.1514892578125
771,0.05,0.32,0.0,0.12,-1575.3935546875
772,0.05,0.32,0.0,0.14,-1576.432373046875
773,0.05,0.32,0.0,0.16,-1582.7425537109375
774,0.05,0.32,0.0,0.18,-1590.77587890625
775,0.05,0.32,0.0,0.2,-1602.741455078125
776,0.05,0.32,0.0,0.22,-1615.9185791015625
777,0.05,0.32,0.0,0.24,-1631.90283203125
778,0.05,0.32,0.0,0.26,-1647.78564453125
779,0.05,0.32,0.0,0.28,-1666.43505859375
780,0.05,0.32,0.0,0.3,-1685.824951171875
781,0.05,0.32,0.0,0.32,-1705.6234130859375
782,0.05,0.32,0.0,0.34,-1724.9635009765625
783,0.05,0.32,0.0,0.36,-1746.4150390625
784,0.05,0.32,0.0,0.38,-1769.59228515625
785,0.05,0.32,0.0,0.4,-1790.72412109375
786,0.05,0.32,0.0,0.42,-1813.3427734375
787,0.05,0.32,0.0,0.44,-1838.070068359375
788,0.05,0.32,0.0,0.46,-1862.3431396484375
789,0.05,0.32,0.0,0.48,-1884.4161376953125
790,0.05,0.32,0.0,0.5,-1909.093017578125
791,0.05,0.32,0.0,0.52,-1930.810791015625
792,0.05,0.32,0.0,0.54,-1957.20263671875
793,0.05,0.32,0.0,0.56,-1984.013671875
794,0.05,0.32,0.0,0.58,-2007.290771484375
795,0.05,0.32,0.0,0.6,-2038.1829833984375
796,0.05,0.32,0.0,0.62,-2057.67578125
797,0.05,0.32,0.0,0.64,-2084.491943359375
798,0.05,0.32,0.0,0.66,-2111.72509765625
799,0.05,0.32,0.0,0.68,-2138.086181640625
800,0.05,0.32,0.0,0.7,-2165.412353515625
801,0.05,0.32,0.0,0.72,-2182.955078125
802,0.05,0.32,0.0,0.74,-2214.01123046875
803,0.05,0.32,0.0,0.76,-2232.29150390625
804,0.05,0.32,0.0,0.78,-2267.28662109375
805,0.05,0.32,0.0,0.8,-2289.95654296875
806,0.05,0.32,0.0,0.82,-2319.2587890625
807,0.05,0.32,0.0,0.84,-2343.259033203125
808,0.05,0.32,0.0,0.86,-2374.95751953125
809,0.05,0.32,0.0,0.88,-2401.38916015625
810,0.05,0.32,0.0,0.9,-2420.82421875
811,0.05,0.32,0.0,0.92,-2454.728759765625
812,0.05,0.32,0.0,0.94,-2474.77490234375
813,0.05,0.32,0.0,0.96,-2517.73583984375
814,0.05,0.32,0.0,0.98,-2561.93212890625
815,0.05,0.32,0.0,1.0,-2552.642333984375
816,0.05,0.34,0.0,0.0,-inf
817,0.05,0.34,0.0,0.02,-1807.912353515625
818,0.05,0.34,0.0,0.04,-1688.971923828125
819,0.05,0.34,0.0,0.06,-1633.364013671875
820,0.05,0.34,0.0,0.08,-1605.340576171875
821,0.05,0.34,0.0,0.1,-1592.101806640625
822,0.05,0.34,0.0,0.12,-1586.482666015625
823,0.05,0.34,0.0,0.14,-1587.964599609375
824,0.05,0.34,0.0,0.16,-1593.2313232421875
825,0.05,0.34,0.0,0.18,-1602.27734375
826,0.05,0.34,0.0,0.2,-1614.8214111328125
827,0.05,0.34,0.0,0.22,-1627.6614990234375
828,0.05,0.34,0.0,0.24,-1644.819580078125
829,0.05,0.34,0.0,0.26,-1660.9873046875
830,0.05,0.34,0.0,0.28,-1678.128662109375
831,0.05,0.34,0.0,0.3,-1698.745849609375
832,0.05,0.34,0.0,0.32,-1719.879150390625
833,0.05,0.34,0.0,0.34,-1739.568359375
834,0.05,0.34,0.0,0.36,-1760.6177978515625
835,0.05,0.34,0.0,0.38,-1782.9891357421875
836,0.05,0.34,0.0,0.4,-1804.7818603515625
837,0.05,0.34,0.0,0.42,-1829.8681640625
838,0.05,0.34,0.0,0.44,-1851.6630859375
839,0.05,0.34,0.0,0.46,-1875.5439453125
840,0.05,0.34,0.0,0.48,-1900.62451171875
841,0.05,0.34,0.0,0.5,-1924.72412109375
842,0.05,0.34,0.0,0.52,-1949.306884765625
843,0.05,0.34,0.0,0.54,-1973.1783447265625
844,0.05,0.34,0.0,0.56,-1998.1617431640625
845,0.05,0.34,0.0,0.58,-2021.143310546875
846,0.05,0.34,0.0,0.6,-2047.6781005859375
847,0.05,0.34,0.0,0.62,-2074.46728515625
848,0.05,0.34,0.0,0.64,-2099.0771484375
849,0.05,0.34,0.0,0.66,-2124.816650390625
850,0.05,0.34,0.0,0.68,-2150.073974609375
851,0.05,0.34,0.0,0.7,-2175.444580078125
852,0.05,0.34,0.0,0.72,-2205.49853515625
853,0.05,0.34,0.0,0.74,-2230.097900390625
854,0.05,0.34,0.0,0.76,-2257.4560546875
855,0.05,0.34,0.0,0.78,-2283.207275390625
856,0.05,0.34,0.0,0.8,-2308.7421875
857,0.05,0.34,0.0,0.82,-2333.341796875
858,0.05,0.34,0.0,0.84,-2360.10986328125
859,0.05,0.34,0.0,0.86,-2395.883056640625
860,0.05,0.34,0.0,0.88,-2427.473876953125
861,0.05,0.34,0.0,0.9,-2446.412841796875
862,0.05,0.34,0.0,0.92,-2469.087890625
863,0.05,0.34,0.0,0.94,-2503.421142578125
864,0.05,0.34,0.0,0.96,-2534.654541015625
865,0.05,0.34,0.0,0.98,-2544.96826171875
866,0.05,0.34,0.0,1.0,-2581.28125
867,0.05,0.36,0.0,0.0,-inf
868,0.05,0.36,0.0,0.02,-1816.83447265625
869,0.05,0.36,0.0,0.04,-1696.645263671875
870,0.05,0.36,0.0,0.06,-1643.32763671875
871,0.05,0.36,0.0,0.08,-1615.346923828125
872,0.05,0.36,0.0,0.1,-1602.095703125
873,0.05,0.36,0.0,0.12,-1597.193115234375
874,0.05,0.36,0.0,0.14,-1597.89306640625
875,0.05,0.36,0.0,0.16,-1604.1727294921875
876,0.05,0.36,0.0,0.18,-1613.531982421875
877,0.05,0.36,0.0,0.2,-1625.6669921875
878,0.05,0.36,0.0,0.22,-1639.9449462890625
879,0.05,0.36,0.0,0.24,-1656.06982421875
880,0.05,0.36,0.0,0.26,-1672.837158203125
881,0.05,0.36,0.0,0.28,-1690.9141845703125
882,0.05,0.36,0.0,0.3,-1710.6787109375
883,0.05,0.36,0.0,0.32,-1730.59375
884,0.05,0.36,0.0,0.34,-1752.508056640625
885,0.05,0.36,0.0,0.36,-1773.2774658203125
886,0.05,0.36,0.0,0.38,-1796.100830078125
887,0.05,0.36,0.0,0.4,-1820.19580078125
888,0.05,0.36,0.0,0.42,-1841.5238037109375
889,0.05,0.36,0.0,0.44,-1865.0252685546875
890,0.05,0.36,0.0,0.46,-1888.04833984375
891,0.05,0.36,0.0,0.48,-1912.1142578125
892,0.05,0.36,0.0,0.5,-1938.9693603515625
893,0.05,0.36,0.0,0.52,-1960.388671875
894,0.05,0.36,0.0,0.54,-1988.7293701171875
895,0.05,0.36,0.0,0.56,-2013.586669921875
896,0.05,0.36,0.0,0.58,-2039.624267578125
897,0.05,0.36,0.0,0.6,-2063.2177734375
898,0.05,0.36,0.0,0.62,-2087.037353515625
899,0.05,0.36,0.0,0.64,-2113.80224609375
900,0.05,0.36,0.0,0.66,-2137.79931640625
901,0.05,0.36,0.0,0.68,-2170.601318359375
902,0.05,0.36,0.0,0.7,-2195.5146484375
903,0.05,0.36,0.0,0.72,-2216.725341796875
904,0.05,0.36,0.0,0.74,-2241.0732421875
905,0.05,0.36,0.0,0.76,-2266.6591796875
906,0.05,0.36,0.0,0.78,-2300.4140625
907,0.05,0.36,0.0,0.8,-2324.2314453125
908,0.05,0.36,0.0,0.82,-2360.110107421875
909,0.05,0.36,0.0,0.84,-2377.078369140625
910,0.05,0.36,0.0,0.86,-2411.493408203125
911,0.05,0.36,0.0,0.88,-2442.568115234375
912,0.05,0.36,0.0,0.9,-2461.618896484375
913,0.05,0.36,0.0,0.92,-2497.456787109375
914,0.05,0.36,0.0,0.94,-2515.71044921875
915,0.05,0.36,0.0,0.96,-2545.58935546875
916,0.05,0.36,0.0,0.98,-2562.354736328125
917,0.05,0.36,0.0,1.0,-2598.713134765625
918,0.05,0.38,0.0,0.0,-inf
919,0.05,0.38,0.0,0.02,-1825.64306640625
920,0.05,0.38,0.0,0.04,-1707.237060546875
921,0.05,0.38,0.0,0.06,-1653.2525634765625
922,0.05,0.38,0.0,0.08,-1624.976318359375
923,0.05,0.38,0.0,0.1,-1612.0440673828125
924,0.05,0.38,0.0,0.12,-1606.937255859375
925,0.05,0.38,0.0,0.14,-1608.9217529296875
926,0.05,0.38,0.0,0.16,-1615.1705322265625
927,0.05,0.38,0.0,0.18,-1624.6156005859375
928,0.05,0.38,0.0,0.2,-1636.4903564453125
929,0.05,0.38,0.0,0.22,-1651.3524169921875
930,0.05,0.38,0.0,0.24,-1666.938232421875
931,0.05,0.38,0.0,0.26,-1684.2952880859375
932,0.05,0.38,0.0,0.28,-1703.71044921875
933,0.05,0.38,0.0,0.3,-1722.5516357421875
934,0.05,0.38,0.0,0.32,-1741.8997802734375
935,0.05,0.38,0.0,0.34,-1764.7578125
936,0.05,0.38,0.0,0.36,-1785.308837890625
937,0.05,0.38,0.0,0.38,-1808.5693359375
938,0.05,0.38,0.0,0.4,-1832.5888671875
939,0.05,0.38,0.0,0.42,-1853.982666015625
940,0.05,0.38,0.0,0.44,-1878.59375
941,0.05,0.38,0.0,0.46,-1901.1165771484375
942,0.05,0.38,0.0,0.48,-1926.6890869140625
943,0.05,0.38,0.0,0.5,-1950.4676513671875
944,0.05,0.38,0.0,0.52,-1976.439697265625
945,0.05,0.38,0.0,0.54,-2002.3145751953125
946,0.05,0.38,0.0,0.56,-2026.582275390625
947,0.05,0.38,0.0,0.58,-2051.16845703125
948,0.05,0.38,0.0,0.6,-2079.00927734375
949,0.05,0.38,0.0,0.62,-2102.21484375
950,0.05,0.38,0.0,0.64,-2128.93212890625
951,0.05,0.38,0.0,0.66,-2160.26025390625
952,0.05,0.38,0.0,0.68,-2183.50927734375
953,0.05,0.38,0.0,0.7,-2210.985595703125
954,0.05,0.38,0.0,0.72,-2234.9912109375
955,0.05,0.38,0.0,0.74,-2260.93359375
956,0.05,0.38,0.0,0.76,-2288.576171875
957,0.05,0.38,0.0,0.78,-2314.818359375
958,0.05,0.38,0.0,0.8,-2342.3359375
959,0.05,0.38,0.0,0.82,-2367.614501953125
960,0.05,0.38,0.0,0.84,-2397.7890625
961,0.05,0.38,0.0,0.86,-2419.7421875
962,0.05,0.38,0.0,0.88,-2463.840087890625
963,0.05,0.38,0.0,0.9,-2491.13623046875
964,0.05,0.38,0.0,0.92,-2503.67919921875
965,0.05,0.38,0.0,0.94,-2522.265869140625
966,0.05,0.38,0.0,0.96,-2564.68115234375
967,0.05,0.38,0.0,0.98,-2588.58740234375
968,0.05,0.38,0.0,1.0,-2634.7734375
969,0.05,0.4,0.0,0.0,-inf
970,0.05,0.4,0.0,0.02,-1833.16943359375
971,0.05,0.4,0.0,0.04,-1715.842529296875
972,0.05,0.4,0.0,0.06,-1661.949951171875
973,0.05,0.4,0.0,0.08,-1634.4822998046875
974,0.05,0.4,0.0,0.1,-1620.867919921875
975,0.05,0.4,0.0,0.12,-1616.60546875
976,0.05,0.4,0.0,0.14,-1617.882080078125
977,0.05,0.4,0.0,0.16,-1625.1455078125
978,0.05,0.4,0.0,0.18,-1634.27490234375
979,0.05,0.4,0.0,0.2,-1646.190185546875
980,0.05,0.4,0.0,0.22,-1661.2220458984375
981,0.05,0.4,0.0,0.24,-1678.121337890625
982,0.05,0.4,0.0,0.26,-1694.4515380859375
983,0.05,0.4,0.0,0.28,-1714.066650390625
984,0.05,0.4,0.0,0.3,-1734.5224609375
985,0.05,0.4,0.0,0.32,-1753.257080078125
986,0.05,0.4,0.0,0.34,-1775.4677734375
987,0.05,0.4,0.0,0.36,-1796.70068359375
988,0.05,0.4,0.0,0.38,-1819.6612548828125
989,0.05,0.4,0.0,0.4,-1843.507080078125
990,0.05,0.4,0.0,0.42,-1866.1307373046875
991,0.05,0.4,0.0,0.44,-1891.3326416015625
992,0.05,0.4,0.0,0.46,-1913.4259033203125
993,0.05,0.4,0.0,0.48,-1940.230712890625
994,0.05,0.4,0.0,0.5,-1964.4892578125
995,0.05,0.4,0.0,0.52,-1987.2374267578125
996,0.05,0.4,0.0,0.54,-2014.21923828125
997,0.05,0.4,0.0,0.56,-2041.794921875
998,0.05,0.4,0.0,0.58,-2068.84814453125
999,0.05,0.4,0.0,0.6,-2092.02880859375
1000,0.05,0.4,0.0,0.62,-2115.565185546875
1001,0.05,0.4,0.0,0.64,-2144.915771484375
1002,0.05,0.4,0.0,0.66,-2172.88671875
1003,0.05,0.4,0.0,0.68,-2196.0478515625
1004,0.05,0.4,0.0,0.7,-2224.6640625
1005,0.05,0.4,0.0,0.72,-2247.37451171875
1006,0.05,0.4,0.0,0.74,-2280.32275390625
1007,0.05,0.4,0.0,0.76,-2303.916748046875
1008,0.05,0.4,0.0,0.78,-2327.93896484375
1009,0.05,0.4,0.0,0.8,-2353.60595703125
1010,0.05,0.4,0.0,0.82,-2387.8623046875
1011,0.05,0.4,0.0,0.84,-2413.36474609375
1012,0.05,0.4,0.0,0.86,-2432.00439453125
1013,0.05,0.4,0.0,0.88,-2465.55810546875
1014,0.05,0.4,0.0,0.9,-2503.3828125
1015,0.05,0.4,0.0,0.92,-2519.435546875
1016,0.05,0.4,0.0,0.94,-2542.60009765625
1017,0.05,0.4,0.0,0.96,-2585.458984375
1018,0.05,0.4,0.0,0.98,-2612.708984375
1019,0.05,0.4,0.0,1.0,-2646.264892578125
1020,0.05,0.42,0.0,0.0,-inf
1021,0.05,0.42,0.0,0.02,-1841.410888671875
1022,0.05,0.42,0.0,0.04,-1725.10986328125
1023,0.05,0.42,0.0,0.06,-1670.13916015625
1024,0.05,0.42,0.0,0.08,-1643.9246826171875
1025,0.05,0.42,0.0,0.1,-1629.875732421875
1026,0.05,0.42,0.0,0.12,-1626.0361328125
1027,0.05,0.42,0.0,0.14,-1627.113037109375
1028,0.05,0.42,0.0,0.16,-1634.13427734375
1029,0.05,0.42,0.0,0.18,-1643.94482421875
1030,0.05,0.42,0.0,0.2,-1656.221923828125
1031,0.05,0.42,0.0,0.22,-1671.2991943359375
1032,0.05,0.42,0.0,0.24,-1687.75439453125
1033,0.05,0.42,0.0,0.26,-1704.8095703125
1034,0.05,0.42,0.0,0.28,-1723.8740234375
1035,0.05,0.42,0.0,0.3,-1744.7755126953125
1036,0.05,0.42,0.0,0.32,-1764.9893798828125
1037,0.05,0.42,0.0,0.34,-1786.0240478515625
1038,0.05,0.42,0.0,0.36,-1808.3009033203125
1039,0.05,0.42,0.0,0.38,-1830.745849609375
1040,0.05,0.42,0.0,0.4,-1852.45947265625
1041,0.05,0.42,0.0,0.42,-1877.741943359375
1042,0.05,0.42,0.0,0.44,-1901.348876953125
1043,0.05,0.42,0.0,0.46,-1926.53369140625
1044,0.05,0.42,0.0,0.48,-1951.43115234375
1045,0.05,0.42,0.0,0.5,-1972.4937744140625
1046,0.05,0.42,0.0,0.52,-2005.500244140625
1047,0.05,0.42,0.0,0.54,-2027.6015625
1048,0.05,0.42,0.0,0.56,-2052.11181640625
1049,0.05,0.42,0.0,0.58,-2077.01806640625
1050,0.05,0.42,0.0,0.6,-2101.680419921875
1051,0.05,0.42,0.0,0.62,-2129.79052734375
1052,0.05,0.42,0.0,0.64,-2158.103759765625
1053,0.05,0.42,0.0,0.66,-2180.85986328125
1054,0.05,0.42,0.0,0.68,-2211.316162109375
1055,0.05,0.42,0.0,0.7,-2238.4541015625
1056,0.05,0.42,0.0,0.72,-2265.43115234375
1057,0.05,0.42,0.0,0.74,-2291.98046875
1058,0.05,0.42,0.0,0.76,-2311.580078125
1059,0.05,0.42,0.0,0.78,-2352.372314453125
1060,0.05,0.42,0.0,0.8,-2370.60693359375
1061,0.05,0.42,0.0,0.82,-2398.375
1062,0.05,0.42,0.0,0.84,-2427.228515625
1063,0.05,0.42,0.0,0.86,-2458.313232421875
1064,0.05,0.42,0.0,0.88,-2474.4296875
1065,0.05,0.42,0.0,0.9,-2506.340087890625
1066,0.05,0.42,0.0,0.92,-2529.509765625
1067,0.05,0.42,0.0,0.94,-2564.204833984375
1068,0.05,0.42,0.0,0.96,-2595.2373046875
1069,0.05,0.42,0.0,0.98,-2618.5537109375
1070,0.05,0.42,0.0,1.0,-2656.34716796875
1071,0.05,0.44,0.0,0.0,-inf
1072,0.05,0.44,0.0,0.02,-1852.039794921875
1073,0.05,0.44,0.0,0.04,-1733.790283203125
1074,0.05,0.44,0.0,0.06,-1678.753173828125
1075,0.05,0.44,0.0,0.08,-1651.705810546875
1076,0.05,0.44,0.0,0.1,-1638.964599609375
1077,0.05,0.44,0.0,0.12,-1635.5755615234375
1078,0.05,0.44,0.0,0.14,-1636.89697265625
1079,0.05,0.44,0.0,0.16,-1642.888916015625
1080,0.05,0.44,0.0,0.18,-1653.0750732421875
1081,0.05,0.44,0.0,0.2,-1665.5643310546875
1082,0.05,0.44,0.0,0.22,-1681.21044921875
1083,0.05,0.44,0.0,0.24,-1696.68359375
1084,0.05,0.44,0.0,0.26,-1715.228515625
1085,0.05,0.44,0.0,0.28,-1734.562744140625
1086,0.05,0.44,0.0,0.3,-1754.3359375
1087,0.05,0.44,0.0,0.32,-1776.434326171875
1088,0.05,0.44,0.0,0.34,-1796.885986328125
1089,0.05,0.44,0.0,0.36,-1819.761474609375
1090,0.05,0.44,0.0,0.38,-1841.9180908203125
1091,0.05,0.44,0.0,0.4,-1864.2774658203125
1092,0.05,0.44,0.0,0.42,-1889.239013671875
1093,0.05,0.44,0.0,0.44,-1913.364013671875
1094,0.05,0.44,0.0,0.46,-1936.93896484375
1095,0.05,0.44,0.0,0.48,-1960.9840087890625
1096,0.05,0.44,0.0,0.5,-1984.9188232421875
1097,0.05,0.44,0.0,0.52,-2010.8751220703125
1098,0.05,0.44,0.0,0.54,-2039.5897216796875
1099,0.05,0.44,0.0,0.56,-2063.645751953125
1100,0.05,0.44,0.0,0.58,-2087.62646484375
1101,0.05,0.44,0.0,0.6,-2113.07958984375
1102,0.05,0.44,0.0,0.62,-2141.05859375
1103,0.05,0.44,0.0,0.64,-2169.695556640625
1104,0.05,0.44,0.0,0.66,-2198.222412109375
1105,0.05,0.44,0.0,0.68,-2218.83251953125
1106,0.05,0.44,0.0,0.7,-2250.02880859375
1107,0.05,0.44,0.0,0.72,-2273.254150390625
1108,0.05,0.44,0.0,0.74,-2298.15234375
1109,0.05,0.44,0.0,0.76,-2331.12109375
1110,0.05,0.44,0.0,0.78,-2354.83349609375
1111,0.05,0.44,0.0,0.8,-2380.6708984375
1112,0.05,0.44,0.0,0.82,-2406.328125
1113,0.05,0.44,0.0,0.84,-2445.6494140625
1114,0.05,0.44,0.0,0.86,-2477.15771484375
1115,0.05,0.44,0.0,0.88,-2489.677734375
1116,0.05,0.44,0.0,0.9,-2536.228759765625
1117,0.05,0.44,0.0,0.92,-2553.743408203125
1118,0.05,0.44,0.0,0.94,-2570.74609375
1119,0.05,0.44,0.0,0.96,-2609.890625
1120,0.05,0.44,0.0,0.98,-2625.03662109375
1121,0.05,0.44,0.0,1.0,-2677.6279296875
1122,0.05,0.46,0.0,0.0,-inf
1123,0.05,0.46,0.0,0.02,-1858.90673828125
1124,0.05,0.46,0.0,0.04,-1741.571533203125
1125,0.05,0.46,0.0,0.06,-1687.484375
1126,0.05,0.46,0.0,0.08,-1659.70263671875
1127,0.05,0.46,0.0,0.1,-1646.87109375
1128,0.05,0.46,0.0,0.12,-1643.509033203125
1129,0.05,0.46,0.0,0.14,-1645.7042236328125
1130,0.05,0.46,0.0,0.16,-1651.126220703125
1131,0.05,0.46,0.0,0.18,-1662.095703125
1132,0.05,0.46,0.0,0.2,-1676.037353515625
1133,0.05,0.46,0.0,0.22,-1690.5107421875
1134,0.05,0.46,0.0,0.24,-1707.669921875
1135,0.05,0.46,0.0,0.26,-1724.59033203125
1136,0.05,0.46,0.0,0.28,-1742.4324951171875
1137,0.05,0.46,0.0,0.3,-1763.817138671875
1138,0.05,0.46,0.0,0.32,-1784.6400146484375
1139,0.05,0.46,0.0,0.34,-1807.716552734375
1140,0.05,0.46,0.0,0.36,-1829.03271484375
1141,0.05,0.46,0.0,0.38,-1851.1998291015625
1142,0.05,0.46,0.0,0.4,-1874.98779296875
1143,0.05,0.46,0.0,0.42,-1898.4615478515625
1144,0.05,0.46,0.0,0.44,-1922.89697265625
1145,0.05,0.46,0.0,0.46,-1947.3673095703125
1146,0.05,0.46,0.0,0.48,-1973.913818359375
1147,0.05,0.46,0.0,0.5,-1997.72802734375
1148,0.05,0.46,0.0,0.52,-2021.10302734375
1149,0.05,0.46,0.0,0.54,-2048.9287109375
1150,0.05,0.46,0.0,0.56,-2074.380126953125
1151,0.05,0.46,0.0,0.58,-2102.390869140625
1152,0.05,0.46,0.0,0.6,-2128.58935546875
1153,0.05,0.46,0.0,0.62,-2153.18896484375
1154,0.05,0.46,0.0,0.64,-2181.7080078125
1155,0.05,0.46,0.0,0.66,-2206.873291015625
1156,0.05,0.46,0.0,0.68,-2231.208251953125
1157,0.05,0.46,0.0,0.7,-2260.0009765625
1158,0.05,0.46,0.0,0.72,-2287.007080078125
1159,0.05,0.46,0.0,0.74,-2316.3251953125
1160,0.05,0.46,0.0,0.76,-2346.640625
1161,0.05,0.46,0.0,0.78,-2375.82666015625
1162,0.05,0.46,0.0,0.8,-2393.9521484375
1163,0.05,0.46,0.0,0.82,-2423.67236328125
1164,0.05,0.46,0.0,0.84,-2452.423828125
1165,0.05,0.46,0.0,0.86,-2482.017822265625
1166,0.05,0.46,0.0,0.88,-2513.854736328125
1167,0.05,0.46,0.0,0.9,-2556.91064453125
1168,0.05,0.46,0.0,0.92,-2550.2314453125
1169,0.05,0.46,0.0,0.94,-2600.07080078125
1170,0.05,0.46,0.0,0.96,-2606.86572265625
1171,0.05,0.46,0.0,0.98,-2645.74609375
1172,0.05,0.46,0.0,1.0,-2674.8994140625
1173,0.05,0.48,0.0,0.0,-inf
1174,0.05,0.48,0.0,0.02,-1865.609619140625
1175,0.05,0.48,0.0,0.04,-1748.361083984375
1176,0.05,0.48,0.0,0.06,-1695.82177734375
1177,0.05,0.48,0.0,0.08,-1667.818359375
1178,0.05,0.48,0.0,0.1,-1654.488037109375
1179,0.05,0.48,0.0,0.12,-1651.289794921875
1180,0.05,0.48,0.0,0.14,-1653.322509765625
1181,0.05,0.48,0.0,0.16,-1659.02685546875
1182,0.05,0.48,0.0,0.18,-1669.52099609375
1183,0.05,0.48,0.0,0.2,-1683.447021484375
1184,0.05,0.48,0.0,0.22,-1698.3233642578125
1185,0.05,0.48,0.0,0.24,-1715.8375244140625
1186,0.05,0.48,0.0,0.26,-1733.0087890625
1187,0.05,0.48,0.0,0.28,-1751.71337890625
1188,0.05,0.48,0.0,0.3,-1773.720947265625
1189,0.05,0.48,0.0,0.32,-1793.50439453125
1190,0.05,0.48,0.0,0.34,-1814.9307861328125
1191,0.05,0.48,0.0,0.36,-1837.8624267578125
1192,0.05,0.48,0.0,0.38,-1862.065673828125
1193,0.05,0.48,0.0,0.4,-1883.7027587890625
1194,0.05,0.48,0.0,0.42,-1907.97509765625
1195,0.05,0.48,0.0,0.44,-1932.499267578125
1196,0.05,0.48,0.0,0.46,-1956.8936767578125
1197,0.05,0.48,0.0,0.48,-1981.027099609375
1198,0.05,0.48,0.0,0.5,-2006.4755859375
1199,0.05,0.48,0.0,0.52,-2032.56201171875
1200,0.05,0.48,0.0,0.54,-2058.352783203125
1201,0.05,0.48,0.0,0.56,-2087.07958984375
1202,0.05,0.48,0.0,0.58,-2107.530517578125
1203,0.05,0.48,0.0,0.6,-2136.780517578125
1204,0.05,0.48,0.0,0.62,-2163.80419921875
1205,0.05,0.48,0.0,0.64,-2189.320068359375
1206,0.05,0.48,0.0,0.66,-2217.106689453125
1207,0.05,0.48,0.0,0.68,-2246.861328125
1208,0.05,0.48,0.0,0.7,-2269.68017578125
1209,0.05,0.48,0.0,0.72,-2298.537841796875
1210,0.05,0.48,0.0,0.74,-2326.848876953125
1211,0.05,0.48,0.0,0.76,-2351.29052734375
1212,0.05,0.48,0.0,0.78,-2373.37890625
1213,0.05,0.48,0.0,0.8,-2412.66357421875
1214,0.05,0.48,0.0,0.82,-2431.63818359375
1215,0.05,0.48,0.0,0.84,-2463.11279296875
1216,0.05,0.48,0.0,0.86,-2488.73974609375
1217,0.05,0.48,0.0,0.88,-2522.199462890625
1218,0.05,0.48,0.0,0.9,-2552.024169921875
1219,0.05,0.48,0.0,0.92,-2580.144775390625
1220,0.05,0.48,0.0,0.94,-2602.83203125
1221,0.05,0.48,0.0,0.96,-2620.408203125
1222,0.05,0.48,0.0,0.98,-2668.75146484375
1223,0.05,0.48,0.0,1.0,-2717.60595703125
1224,0.05,0.5,0.0,0.0,-inf
1225,0.05,0.5,0.0,0.02,-1873.247314453125
1226,0.05,0.5,0.0,0.04,-1755.5147705078125
1227,0.05,0.5,0.0,0.06,-1702.839599609375
1228,0.05,0.5,0.0,0.08,-1674.997314453125
1229,0.05,0.5,0.0,0.1,-1662.559814453125
1230,0.05,0.5,0.0,0.12,-1658.86669921875
1231,0.05,0.5,0.0,0.14,-1660.997314453125
1232,0.05,0.5,0.0,0.16,-1667.17724609375
1233,0.05,0.5,0.0,0.18,-1679.11279296875
1234,0.05,0.5,0.0,0.2,-1690.94970703125
1235,0.05,0.5,0.0,0.22,-1706.8768310546875
1236,0.05,0.5,0.0,0.24,-1723.8134765625
1237,0.05,0.5,0.0,0.26,-1741.64990234375
1238,0.05,0.5,0.0,0.28,-1761.4296875
1239,0.05,0.5,0.0,0.3,-1779.6136474609375
1240,0.05,0.5,0.0,0.32,-1803.1153564453125
1241,0.05,0.5,0.0,0.34,-1826.446533203125
1242,0.05,0.5,0.0,0.36,-1847.429931640625
1243,0.05,0.5,0.0,0.38,-1871.353759765625
1244,0.05,0.5,0.0,0.4,-1893.9385986328125
1245,0.05,0.5,0.0,0.42,-1916.066650390625
1246,0.05,0.5,0.0,0.44,-1942.46728515625
1247,0.05,0.5,0.0,0.46,-1967.8814697265625
1248,0.05,0.5,0.0,0.48,-1991.20947265625
1249,0.05,0.5,0.0,0.5,-2019.016845703125
1250,0.05,0.5,0.0,0.52,-2045.528076171875
1251,0.05,0.5,0.0,0.54,-2066.61279296875
1252,0.05,0.5,0.0,0.56,-2097.992431640625
1253,0.05,0.5,0.0,0.58,-2122.62841796875
1254,0.05,0.5,0.0,0.6,-2149.73828125
1255,0.05,0.5,0.0,0.62,-2174.2099609375
1256,0.05,0.5,0.0,0.64,-2196.71875
1257,0.05,0.5,0.0,0.66,-2232.6220703125
1258,0.05,0.5,0.0,0.68,-2256.3349609375
1259,0.05,0.5,0.0,0.7,-2285.01611328125
1260,0.05,0.5,0.0,0.72,-2312.97802734375
1261,0.05,0.5,0.0,0.74,-2337.61962890625
1262,0.05,0.5,0.0,0.76,-2357.640869140625
1263,0.05,0.5,0.0,0.78,-2392.05810546875
1264,0.05,0.5,0.0,0.8,-2411.447265625
1265,0.05,0.5,0.0,0.82,-2456.57861328125
1266,0.05,0.5,0.0,0.84,-2469.6435546875
1267,0.05,0.5,0.0,0.86,-2496.6875
1268,0.05,0.5,0.0,0.88,-2534.3134765625
1269,0.05,0.5,0.0,0.9,-2558.903076171875
1270,0.05,0.5,0.0,0.92,-2580.58203125
1271,0.05,0.5,0.0,0.94,-2606.876953125
1272,0.05,0.5,0.0,0.96,-2669.7333984375
1273,0.05,0.5,0.0,0.98,-2672.02099609375
1274,0.05,0.5,0.0,1.0,-2702.1162109375
1275,0.05,0.52,0.0,0.0,-inf
1276,0.05,0.52,0.0,0.02,-1879.640869140625
1277,0.05,0.52,0.0,0.04,-1763.5626220703125
1278,0.05,0.52,0.0,0.06,-1709.564697265625
1279,0.05,0.52,0.0,0.08,-1682.446044921875
1280,0.05,0.52,0.0,0.1,-1670.5489501953125
1281,0.05,0.52,0.0,0.12,-1666.124267578125
1282,0.05,0.52,0.0,0.14,-1669.63330078125
1283,0.05,0.52,0.0,0.16,-1677.222900390625
1284,0.05,0.52,0.0,0.18,-1686.477294921875
1285,0.05,0.52,0.0,0.2,-1700.6038818359375
1286,0.05,0.52,0.0,0.22,-1713.699462890625
1287,0.05,0.52,0.0,0.24,-1731.376220703125
1288,0.05,0.52,0.0,0.26,-1749.901611328125
1289,0.05,0.52,0.0,0.28,-1769.17578125
1290,0.05,0.52,0.0,0.3,-1790.26220703125
1291,0.05,0.52,0.0,0.32,-1810.250732421875
1292,0.05,0.52,0.0,0.34,-1832.384521484375
1293,0.05,0.52,0.0,0.36,-1856.056884765625
1294,0.05,0.52,0.0,0.38,-1878.450927734375
1295,0.05,0.52,0.0,0.4,-1902.968505859375
1296,0.05,0.52,0.0,0.42,-1925.65771484375
1297,0.05,0.52,0.0,0.44,-1950.0048828125
1298,0.05,0.52,0.0,0.46,-1977.3349609375
1299,0.05,0.52,0.0,0.48,-2000.6279296875
1300,0.05,0.52,0.0,0.5,-2025.54638671875
1301,0.05,0.52,0.0,0.52,-2052.845947265625
1302,0.05,0.52,0.0,0.54,-2081.9443359375
1303,0.05,0.52,0.0,0.56,-2101.98583984375
1304,0.05,0.52,0.0,0.58,-2128.278076171875
1305,0.05,0.52,0.0,0.6,-2160.012451171875
1306,0.05,0.52,0.0,0.62,-2183.912841796875
1307,0.05,0.52,0.0,0.64,-2208.43310546875
1308,0.05,0.52,0.0,0.66,-2237.46875
1309,0.05,0.52,0.0,0.68,-2264.672119140625
1310,0.05,0.52,0.0,0.7,-2291.66552734375
1311,0.05,0.52,0.0,0.72,-2319.8935546875
1312,0.05,0.52,0.0,0.74,-2341.29541015625
1313,0.05,0.52,0.0,0.76,-2372.71484375
1314,0.05,0.52,0.0,0.78,-2398.5
1315,0.05,0.52,0.0,0.8,-2433.26953125
1316,0.05,0.52,0.0,0.82,-2465.94921875
1317,0.05,0.52,0.0,0.84,-2496.534912109375
1318,0.05,0.52,0.0,0.86,-2505.49658203125
1319,0.05,0.52,0.0,0.88,-2536.646484375
1320,0.05,0.52,0.0,0.9,-2566.80859375
1321,0.05,0.52,0.0,0.92,-2594.1826171875
1322,0.05,0.52,0.0,0.94,-2620.5849609375
1323,0.05,0.52,0.0,0.96,-2662.74169921875
1324,0.05,0.52,0.0,0.98,-2689.67138671875
1325,0.05,0.52,0.0,1.0,-2749.622802734375
1326,0.05,0.54,0.0,0.0,-inf
1327,0.05,0.54,0.0,0.02,-1886.95068359375
1328,0.05,0.54,0.0,0.04,-1769.548828125
1329,0.05,0.54,0.0,0.06,-1716.37646484375
1330,0.05,0.54,0.0,0.08,-1691.0972900390625
1331,0.05,0.54,0.0,0.1,-1677.9171142578125
1332,0.05,0.54,0.0,0.12,-1673.9195556640625
1333,0.05,0.54,0.0,0.14,-1676.4310302734375
1334,0.05,0.54,0.0,0.16,-1683.988525390625
1335,0.05,0.54,0.0,0.18,-1695.01513671875
1336,0.05,0.54,0.0,0.2,-1706.413330078125
1337,0.05,0.54,0.0,0.22,-1723.6990966796875
1338,0.05,0.54,0.0,0.24,-1739.3759765625
1339,0.05,0.54,0.0,0.26,-1756.9840087890625
1340,0.05,0.54,0.0,0.28,-1777.086669921875
1341,0.05,0.54,0.0,0.3,-1796.88037109375
1342,0.05,0.54,0.0,0.32,-1819.4599609375
1343,0.05,0.54,0.0,0.34,-1841.01611328125
1344,0.05,0.54,0.0,0.36,-1861.91455078125
1345,0.05,0.54,0.0,0.38,-1885.6719970703125
1346,0.05,0.54,0.0,0.4,-1908.7972412109375
1347,0.05,0.54,0.0,0.42,-1936.480712890625
1348,0.05,0.54,0.0,0.44,-1957.443603515625
1349,0.05,0.54,0.0,0.46,-1985.1771240234375
1350,0.05,0.54,0.0,0.48,-2008.423828125
1351,0.05,0.54,0.0,0.5,-2034.220458984375
1352,0.05,0.54,0.0,0.52,-2059.460205078125
1353,0.05,0.54,0.0,0.54,-2088.6943359375
1354,0.05,0.54,0.0,0.56,-2113.7353515625
1355,0.05,0.54,0.0,0.58,-2138.56494140625
1356,0.05,0.54,0.0,0.6,-2168.0625
1357,0.05,0.54,0.0,0.62,-2190.896484375
1358,0.05,0.54,0.0,0.64,-2220.462890625
1359,0.05,0.54,0.0,0.66,-2246.1865234375
1360,0.05,0.54,0.0,0.68,-2274.04150390625
1361,0.05,0.54,0.0,0.7,-2300.826171875
1362,0.05,0.54,0.0,0.72,-2327.578857421875
1363,0.05,0.54,0.0,0.74,-2354.60595703125
1364,0.05,0.54,0.0,0.76,-2379.62109375
1365,0.05,0.54,0.0,0.78,-2416.531494140625
1366,0.05,0.54,0.0,0.8,-2447.09716796875
1367,0.05,0.54,0.0,0.82,-2479.59423828125
1368,0.05,0.54,0.0,0.84,-2493.1337890625
1369,0.05,0.54,0.0,0.86,-2527.638671875
1370,0.05,0.54,0.0,0.88,-2541.402587890625
1371,0.05,0.54,0.0,0.9,-2578.71826171875
1372,0.05,0.54,0.0,0.92,-2597.0458984375
1373,0.05,0.54,0.0,0.94,-2640.6708984375
1374,0.05,0.54,0.0,0.96,-2704.656982421875
1375,0.05,0.54,0.0,0.98,-2689.31005859375
1376,0.05,0.54,0.0,1.0,-2724.700439453125
1377,0.05,0.56,0.0,0.0,-inf
1378,0.05,0.56,0.0,0.02,-1892.815185546875
1379,0.05,0.56,0.0,0.04,-1774.892578125
1380,0.05,0.56,0.0,0.06,-1723.083984375
1381,0.05,0.56,0.0,0.08,-1696.267578125
1382,0.05,0.56,0.0,0.1,-1683.740478515625
1383,0.05,0.56,0.0,0.12,-1680.114990234375
1384,0.05,0.56,0.0,0.14,-1682.9765625
1385,0.05,0.56,0.0,0.16,-1690.476318359375
1386,0.05,0.56,0.0,0.18,-1700.6123046875
1387,0.05,0.56,0.0,0.2,-1714.49951171875
1388,0.05,0.56,0.0,0.22,-1728.897705078125
1389,0.05,0.56,0.0,0.24,-1746.2259521484375
1390,0.05,0.56,0.0,0.26,-1765.0107421875
1391,0.05,0.56,0.0,0.28,-1783.0045166015625
1392,0.05,0.56,0.0,0.3,-1805.91357421875
1393,0.05,0.56,0.0,0.32,-1825.5732421875
1394,0.05,0.56,0.0,0.34,-1848.48828125
1395,0.05,0.56,0.0,0.36,-1872.915283203125
1396,0.05,0.56,0.0,0.38,-1896.1923828125
1397,0.05,0.56,0.0,0.4,-1918.0048828125
1398,0.05,0.56,0.0,0.42,-1943.247314453125
1399,0.05,0.56,0.0,0.44,-1968.6737060546875
1400,0.05,0.56,0.0,0.46,-1992.3685302734375
1401,0.05,0.56,0.0,0.48,-2015.8626708984375
1402,0.05,0.56,0.0,0.5,-2040.185546875
1403,0.05,0.56,0.0,0.52,-2068.69287109375
1404,0.05,0.56,0.0,0.54,-2096.524169921875
1405,0.05,0.56,0.0,0.56,-2118.40966796875
1406,0.05,0.56,0.0,0.58,-2149.03759765625
1407,0.05,0.56,0.0,0.6,-2174.415771484375
1408,0.05,0.56,0.0,0.62,-2197.5791015625
1409,0.05,0.56,0.0,0.64,-2232.6630859375
1410,0.05,0.56,0.0,0.66,-2256.423828125
1411,0.05,0.56,0.0,0.68,-2283.34814453125
1412,0.05,0.56,0.0,0.7,-2314.330078125
1413,0.05,0.56,0.0,0.72,-2338.24072265625
1414,0.05,0.56,0.0,0.74,-2370.07421875
1415,0.05,0.56,0.0,0.76,-2386.206298828125
1416,0.05,0.56,0.0,0.78,-2419.7216796875
1417,0.05,0.56,0.0,0.8,-2454.912109375
1418,0.05,0.56,0.0,0.82,-2478.572021484375
1419,0.05,0.56,0.0,0.84,-2510.05517578125
1420,0.05,0.56,0.0,0.86,-2534.875
1421,0.05,0.56,0.0,0.88,-2568.9873046875
1422,0.05,0.56,0.0,0.9,-2589.68408203125
1423,0.05,0.56,0.0,0.92,-2611.43798828125
1424,0.05,0.56,0.0,0.94,-2654.3515625
1425,0.05,0.56,0.0,0.96,-2683.916015625
1426,0.05,0.56,0.0,0.98,-2706.23974609375
1427,0.05,0.56,0.0,1.0,-2725.623046875
1428,0.05,0.58,0.0,0.0,-inf
1429,0.05,0.58,0.0,0.02,-1899.2957763671875
1430,0.05,0.58,0.0,0.04,-1781.04443359375
1431,0.05,0.58,0.0,0.06,-1729.2694091796875
1432,0.05,0.58,0.0,0.08,-1703.81396484375
1433,0.05,0.58,0.0,0.1,-1690.807373046875
1434,0.05,0.58,0.0,0.12,-1686.56982421875
1435,0.05,0.58,0.0,0.14,-1689.062744140625
1436,0.05,0.58,0.0,0.16,-1697.41357421875
1437,0.05,0.58,0.0,0.18,-1707.7998046875
1438,0.05,0.58,0.0,0.2,-1720.730224609375
1439,0.05,0.58,0.0,0.22,-1736.551513671875
1440,0.05,0.58,0.0,0.24,-1752.2432861328125
1441,0.05,0.58,0.0,0.26,-1771.6981201171875
1442,0.05,0.58,0.0,0.28,-1791.2266845703125
1443,0.05,0.58,0.0,0.3,-1811.44091796875
1444,0.05,0.58,0.0,0.32,-1832.095458984375
1445,0.05,0.58,0.0,0.34,-1857.450439453125
1446,0.05,0.58,0.0,0.36,-1878.08154296875
1447,0.05,0.58,0.0,0.38,-1902.16943359375
1448,0.05,0.58,0.0,0.4,-1925.22216796875
1449,0.05,0.58,0.0,0.42,-1950.42626953125
1450,0.05,0.58,0.0,0.44,-1976.805419921875
1451,0.05,0.58,0.0,0.46,-2000.213623046875
1452,0.05,0.58,0.0,0.48,-2024.579345703125
1453,0.05,0.58,0.0,0.5,-2049.50732421875
1454,0.05,0.58,0.0,0.52,-2076.24658203125
1455,0.05,0.58,0.0,0.54,-2100.679443359375
1456,0.05,0.58,0.0,0.56,-2132.2255859375
1457,0.05,0.58,0.0,0.58,-2152.410400390625
1458,0.05,0.58,0.0,0.6,-2183.84814453125
1459,0.05,0.58,0.0,0.62,-2207.352294921875
1460,0.05,0.58,0.0,0.64,-2238.515869140625
1461,0.05,0.58,0.0,0.66,-2268.099853515625
1462,0.05,0.58,0.0,0.68,-2291.343017578125
1463,0.05,0.58,0.0,0.7,-2316.32470703125
1464,0.05,0.58,0.0,0.72,-2341.86767578125
1465,0.05,0.58,0.0,0.74,-2372.2998046875
1466,0.05,0.58,0.0,0.76,-2400.028076171875
1467,0.05,0.58,0.0,0.78,-2423.83740234375
1468,0.05,0.58,0.0,0.8,-2467.037841796875
1469,0.05,0.58,0.0,0.82,-2486.498779296875
1470,0.05,0.58,0.0,0.84,-2509.35888671875
1471,0.05,0.58,0.0,0.86,-2548.44970703125
1472,0.05,0.58,0.0,0.88,-2563.4423828125
1473,0.05,0.58,0.0,0.9,-2609.164794921875
1474,0.05,0.58,0.0,0.92,-2635.326416015625
1475,0.05,0.58,0.0,0.94,-2667.66357421875
1476,0.05,0.58,0.0,0.96,-2717.250732421875
1477,0.05,0.58,0.0,0.98,-2727.07470703125
1478,0.05,0.58,0.0,1.0,-2780.4462890625
1479,0.05,0.6,0.0,0.0,-inf
1480,0.05,0.6,0.0,0.02,-1906.32177734375
1481,0.05,0.6,0.0,0.04,-1787.6063232421875
1482,0.05,0.6,0.0,0.06,-1735.253662109375
1483,0.05,0.6,0.0,0.08,-1709.0794677734375
1484,0.05,0.6,0.0,0.1,-1697.341064453125
1485,0.05,0.6,0.0,0.12,-1692.7822265625
1486,0.05,0.6,0.0,0.14,-1696.2086181640625
1487,0.05,0.6,0.0,0.16,-1703.558349609375
1488,0.05,0.6,0.0,0.18,-1714.7799072265625
1489,0.05,0.6,0.0,0.2,-1727.217041015625
1490,0.05,0.6,0.0,0.22,-1743.950927734375
1491,0.05,0.6,0.0,0.24,-1759.490966796875
1492,0.05,0.6,0.0,0.26,-1778.26025390625
1493,0.05,0.6,0.0,0.28,-1797.884521484375
1494,0.05,0.6,0.0,0.3,-1818.631103515625
1495,0.05,0.6,0.0,0.32,-1841.0946044921875
1496,0.05,0.6,0.0,0.34,-1863.3538818359375
1497,0.05,0.6,0.0,0.36,-1886.630615234375
1498,0.05,0.6,0.0,0.38,-1908.067626953125
1499,0.05,0.6,0.0,0.4,-1934.4619140625
1500,0.05,0.6,0.0,0.42,-1956.8416748046875
1501,0.05,0.6,0.0,0.44,-1981.3702392578125
1502,0.05,0.6,0.0,0.46,-2009.82275390625
1503,0.05,0.6,0.0,0.48,-2028.5816650390625
1504,0.05,0.6,0.0,0.5,-2058.690185546875
1505,0.05,0.6,0.0,0.52,-2082.85986328125
1506,0.05,0.6,0.0,0.54,-2111.20068359375
1507,0.05,0.6,0.0,0.56,-2138.39111328125
1508,0.05,0.6,0.0,0.58,-2165.34619140625
1509,0.05,0.6,0.0,0.6,-2186.958984375
1510,0.05,0.6,0.0,0.62,-2217.694091796875
1511,0.05,0.6,0.0,0.64,-2245.001953125
1512,0.05,0.6,0.0,0.66,-2273.8779296875
1513,0.05,0.6,0.0,0.68,-2296.059814453125
1514,0.05,0.6,0.0,0.7,-2328.86181640625
1515,0.05,0.6,0.0,0.72,-2352.9990234375
1516,0.05,0.6,0.0,0.74,-2380.908203125
1517,0.05,0.6,0.0,0.76,-2401.7998046875
1518,0.05,0.6,0.0,0.78,-2436.95751953125
1519,0.05,0.6,0.0,0.8,-2472.116455078125
1520,0.05,0.6,0.0,0.82,-2494.225341796875
1521,0.05,0.6,0.0,0.84,-2518.6982421875
1522,0.05,0.6,0.0,0.86,-2558.79296875
1523,0.05,0.6,0.0,0.88,-2591.83837890625
1524,0.05,0.6,0.0,0.9,-2608.31298828125
1525,0.05,0.6,0.0,0.92,-2633.467529296875
1526,0.05,0.6,0.0,0.94,-2687.41259765625
1527,0.05,0.6,0.0,0.96,-2709.354736328125
1528,0.05,0.6,0.0,0.98,-2724.77587890625
1529,0.05,0.6,0.0,1.0,-2732.574951171875
1530,0.05,0.62,0.0,0.0,-inf
1531,0.05,0.62,0.0,0.02,-1910.6802978515625
1532,0.05,0.62,0.0,0.04,-1795.161865234375
1533,0.05,0.62,0.0,0.06,-1741.6134033203125
1534,0.05,0.62,0.0,0.08,-1714.44287109375
1535,0.05,0.62,0.0,0.1,-1702.927978515625
1536,0.05,0.62,0.0,0.12,-1699.7620849609375
1537,0.05,0.62,0.0,0.14,-1703.0478515625
1538,0.05,0.62,0.0,0.16,-1709.73876953125
1539,0.05,0.62,0.0,0.18,-1719.8233642578125
1540,0.05,0.62,0.0,0.2,-1732.837158203125
1541,0.05,0.62,0.0,0.22,-1749.3212890625
1542,0.05,0.62,0.0,0.24,-1766.304443359375
1543,0.05,0.62,0.0,0.26,-1785.2896728515625
1544,0.05,0.62,0.0,0.28,-1804.428955078125
1545,0.05,0.62,0.0,0.3,-1825.5283203125
1546,0.05,0.62,0.0,0.32,-1848.576171875
1547,0.05,0.62,0.0,0.34,-1871.11328125
1548,0.05,0.62,0.0,0.36,-1893.2088623046875
1549,0.05,0.62,0.0,0.38,-1913.8270263671875
1550,0.05,0.62,0.0,0.4,-1939.0712890625
1551,0.05,0.62,0.0,0.42,-1964.9544677734375
1552,0.05,0.62,0.0,0.44,-1990.8292236328125
1553,0.05,0.62,0.0,0.46,-2015.171142578125
1554,0.05,0.62,0.0,0.48,-2037.991943359375
1555,0.05,0.62,0.0,0.5,-2065.158447265625
1556,0.05,0.62,0.0,0.52,-2092.18115234375
1557,0.05,0.62,0.0,0.54,-2118.380859375
1558,0.05,0.62,0.0,0.56,-2149.882080078125
1559,0.05,0.62,0.0,0.58,-2173.22509765625
1560,0.05,0.62,0.0,0.6,-2199.91064453125
1561,0.05,0.62,0.0,0.62,-2225.362548828125
1562,0.05,0.62,0.0,0.64,-2253.879638671875
1563,0.05,0.62,0.0,0.66,-2280.107177734375
1564,0.05,0.62,0.0,0.68,-2311.9912109375
1565,0.05,0.62,0.0,0.7,-2332.61279296875
1566,0.05,0.62,0.0,0.72,-2361.9775390625
1567,0.05,0.62,0.0,0.74,-2387.7099609375
1568,0.05,0.62,0.0,0.76,-2413.790771484375
1569,0.05,0.62,0.0,0.78,-2441.1748046875
1570,0.05,0.62,0.0,0.8,-2468.9921875
1571,0.05,0.62,0.0,0.82,-2504.31494140625
1572,0.05,0.62,0.0,0.84,-2523.357421875
1573,0.05,0.62,0.0,0.86,-2568.408935546875
1574,0.05,0.62,0.0,0.88,-2585.665771484375
1575,0.05,0.62,0.0,0.9,-2614.260009765625
1576,0.05,0.62,0.0,0.92,-2655.2158203125
1577,0.05,0.62,0.0,0.94,-2679.95751953125
1578,0.05,0.62,0.0,0.96,-2700.74462890625
1579,0.05,0.62,0.0,0.98,-2725.85888671875
1580,0.05,0.62,0.0,1.0,-2771.78662109375
1581,0.05,0.64,0.0,0.0,-inf
1582,0.05,0.64,0.0,0.02,-1915.31396484375
1583,0.05,0.64,0.0,0.04,-1800.4500732421875
1584,0.05,0.64,0.0,0.06,-1746.790283203125
1585,0.05,0.64,0.0,0.08,-1720.5936279296875
1586,0.05,0.64,0.0,0.1,-1707.5531005859375
1587,0.05,0.64,0.0,0.12,-1705.224365234375
1588,0.05,0.64,0.0,0.14,-1708.4713134765625
1589,0.05,0.64,0.0,0.16,-1715.904541015625
1590,0.05,0.64,0.0,0.18,-1726.5384521484375
1591,0.05,0.64,0.0,0.2,-1740.0389404296875
1592,0.05,0.64,0.0,0.22,-1756.3984375
1593,0.05,0.64,0.0,0.24,-1772.9638671875
1594,0.05,0.64,0.0,0.26,-1789.8070068359375
1595,0.05,0.64,0.0,0.28,-1811.6766357421875
1596,0.05,0.64,0.0,0.3,-1830.6732177734375
1597,0.05,0.64,0.0,0.32,-1853.18701171875
1598,0.05,0.64,0.0,0.34,-1876.2188720703125
1599,0.05,0.64,0.0,0.36,-1896.2489013671875
1600,0.05,0.64,0.0,0.38,-1921.410400390625
1601,0.05,0.64,0.0,0.4,-1947.417236328125
1602,0.05,0.64,0.0,0.42,-1972.359619140625
1603,0.05,0.64,0.0,0.44,-1998.00244140625
1604,0.05,0.64,0.0,0.46,-2021.420654296875
1605,0.05,0.64,0.0,0.48,-2045.77880859375
1606,0.05,0.64,0.0,0.5,-2070.562255859375
1607,0.05,0.64,0.0,0.52,-2102.582275390625
1608,0.05,0.64,0.0,0.54,-2126.237548828125
1609,0.05,0.64,0.0,0.56,-2153.7373046875
1610,0.05,0.64,0.0,0.58,-2179.23974609375
1611,0.05,0.64,0.0,0.6,-2208.412353515625
1612,0.05,0.64,0.0,0.62,-2228.6748046875
1613,0.05,0.64,0.0,0.64,-2263.576416015625
1614,0.05,0.64,0.0,0.66,-2288.048828125
1615,0.05,0.64,0.0,0.68,-2315.31591796875
1616,0.05,0.64,0.0,0.7,-2343.04443359375
1617,0.05,0.64,0.0,0.72,-2372.504638671875
1618,0.05,0.64,0.0,0.74,-2401.441650390625
1619,0.05,0.64,0.0,0.76,-2426.39697265625
1620,0.05,0.64,0.0,0.78,-2460.86962890625
1621,0.05,0.64,0.0,0.8,-2494.390869140625
1622,0.05,0.64,0.0,0.82,-2518.806640625
1623,0.05,0.64,0.0,0.84,-2545.7666015625
1624,0.05,0.64,0.0,0.86,-2566.89794921875
1625,0.05,0.64,0.0,0.88,-2588.81494140625
1626,0.05,0.64,0.0,0.9,-2619.31396484375
1627,0.05,0.64,0.0,0.92,-2645.852783203125
1628,0.05,0.64,0.0,0.94,-2673.273681640625
1629,0.05,0.64,0.0,0.96,-2700.13134765625
1630,0.05,0.64,0.0,0.98,-2768.0419921875
1631,0.05,0.64,0.0,1.0,-2761.21484375
1632,0.05,0.66,0.0,0.0,-inf
1633,0.05,0.66,0.0,0.02,-1922.0828857421875
1634,0.05,0.66,0.0,0.04,-1805.3343505859375
1635,0.05,0.66,0.0,0.06,-1750.896728515625
1636,0.05,0.66,0.0,0.08,-1726.9541015625
1637,0.05,0.66,0.0,0.1,-1714.358154296875
1638,0.05,0.66,0.0,0.12,-1710.4630126953125
1639,0.05,0.66,0.0,0.14,-1714.45166015625
1640,0.05,0.66,0.0,0.16,-1721.41357421875
1641,0.05,0.66,0.0,0.18,-1731.3421630859375
1642,0.05,0.66,0.0,0.2,-1745.724853515625
1643,0.05,0.66,0.0,0.22,-1761.298095703125
1644,0.05,0.66,0.0,0.24,-1778.27197265625
1645,0.05,0.66,0.0,0.26,-1797.35693359375
1646,0.05,0.66,0.0,0.28,-1817.5205078125
1647,0.05,0.66,0.0,0.3,-1837.38623046875
1648,0.05,0.66,0.0,0.32,-1859.7841796875
1649,0.05,0.66,0.0,0.34,-1882.5599365234375
1650,0.05,0.66,0.0,0.36,-1906.0828857421875
1651,0.05,0.66,0.0,0.38,-1929.11474609375
1652,0.05,0.66,0.0,0.4,-1955.74072265625
1653,0.05,0.66,0.0,0.42,-1978.013671875
1654,0.05,0.66,0.0,0.44,-2004.372802734375
1655,0.05,0.66,0.0,0.46,-2028.01806640625
1656,0.05,0.66,0.0,0.48,-2051.87548828125
1657,0.05,0.66,0.0,0.5,-2078.70947265625
1658,0.05,0.66,0.0,0.52,-2106.73046875
1659,0.05,0.66,0.0,0.54,-2130.583984375
1660,0.05,0.66,0.0,0.56,-2157.238525390625
1661,0.05,0.66,0.0,0.58,-2185.46875
1662,0.05,0.66,0.0,0.6,-2203.236083984375
1663,0.05,0.66,0.0,0.62,-2238.296875
1664,0.05,0.66,0.0,0.64,-2268.52880859375
1665,0.05,0.66,0.0,0.66,-2293.882568359375
1666,0.05,0.66,0.0,0.68,-2323.021484375
1667,0.05,0.66,0.0,0.7,-2353.36376953125
1668,0.05,0.66,0.0,0.72,-2379.12890625
1669,0.05,0.66,0.0,0.74,-2401.3505859375
1670,0.05,0.66,0.0,0.76,-2436.60009765625
1671,0.05,0.66,0.0,0.78,-2453.5009765625
1672,0.05,0.66,0.0,0.8,-2489.06640625
1673,0.05,0.66,0.0,0.82,-2519.517578125
1674,0.05,0.66,0.0,0.84,-2564.570556640625
1675,0.05,0.66,0.0,0.86,-2569.962890625
1676,0.05,0.66,0.0,0.88,-2608.52490234375
1677,0.05,0.66,0.0,0.9,-2633.94189453125
1678,0.05,0.66,0.0,0.92,-2670.66162109375
1679,0.05,0.66,0.0,0.94,-2690.9853515625
1680,0.05,0.66,0.0,0.96,-2719.899658203125
1681,0.05,0.66,0.0,0.98,-2760.76953125
1682,0.05,0.66,0.0,1.0,-2805.82666015625
1683,0.05,0.68,0.0,0.0,-inf
1684,0.05,0.68,0.0,0.02,-1926.0316162109375
1685,0.05,0.68,0.0,0.04,-1810.947509765625
1686,0.05,0.68,0.0,0.06,-1757.08056640625
1687,0.05,0.68,0.0,0.08,-1731.6907958984375
1688,0.05,0.68,0.0,0.1,-1719.175537109375
1689,0.05,0.68,0.0,0.12,-1715.62060546875
1690,0.05,0.68,0.0,0.14,-1719.20849609375
1691,0.05,0.68,0.0,0.16,-1727.611328125
1692,0.05,0.68,0.0,0.18,-1737.95361328125
1693,0.05,0.68,0.0,0.2,-1753.860595703125
1694,0.05,0.68,0.0,0.22,-1767.3076171875
1695,0.05,0.68,0.0,0.24,-1783.9437255859375
1696,0.05,0.68,0.0,0.26,-1802.6884765625
1697,0.05,0.68,0.0,0.28,-1823.587890625
1698,0.05,0.68,0.0,0.3,-1844.1226806640625
1699,0.05,0.68,0.0,0.32,-1863.771484375
1700,0.05,0.68,0.0,0.34,-1888.7999267578125
1701,0.05,0.68,0.0,0.36,-1910.1807861328125
1702,0.05,0.68,0.0,0.38,-1936.1033935546875
1703,0.05,0.68,0.0,0.4,-1959.863525390625
1704,0.05,0.68,0.0,0.42,-1983.62255859375
1705,0.05,0.68,0.0,0.44,-2010.687255859375
1706,0.05,0.68,0.0,0.46,-2035.40478515625
1707,0.05,0.68,0.0,0.48,-2060.81982421875
1708,0.05,0.68,0.0,0.5,-2084.0634765625
1709,0.05,0.68,0.0,0.52,-2112.748779296875
1710,0.05,0.68,0.0,0.54,-2141.189453125
1711,0.05,0.68,0.0,0.56,-2166.07373046875
1712,0.05,0.68,0.0,0.58,-2191.11669921875
1713,0.05,0.68,0.0,0.6,-2217.58935546875
1714,0.05,0.68,0.0,0.62,-2245.88134765625
1715,0.05,0.68,0.0,0.64,-2268.807373046875
1716,0.05,0.68,0.0,0.66,-2296.62353515625
1717,0.05,0.68,0.0,0.68,-2326.15869140625
1718,0.05,0.68,0.0,0.7,-2354.6669921875
1719,0.05,0.68,0.0,0.72,-2389.04931640625
1720,0.05,0.68,0.0,0.74,-2411.481201171875
1721,0.05,0.68,0.0,0.76,-2434.64013671875
1722,0.05,0.68,0.0,0.78,-2462.625
1723,0.05,0.68,0.0,0.8,-2503.28271484375
1724,0.05,0.68,0.0,0.82,-2512.826171875
1725,0.05,0.68,0.0,0.84,-2551.1484375
1726,0.05,0.68,0.0,0.86,-2577.85205078125
1727,0.05,0.68,0.0,0.88,-2622.195556640625
1728,0.05,0.68,0.0,0.9,-2638.359619140625
1729,0.05,0.68,0.0,0.92,-2663.31103515625
1730,0.05,0.68,0.0,0.94,-2711.697265625
1731,0.05,0.68,0.0,0.96,-2720.22802734375
1732,0.05,0.68,0.0,0.98,-2746.2421875
1733,0.05,0.68,0.0,1.0,-2772.19384765625
1734,0.05,0.7,0.0,0.0,-inf
1735,0.05,0.7,0.0,0.02,-1931.6224365234375
1736,0.05,0.7,0.0,0.04,-1816.5714111328125
1737,0.05,0.7,0.0,0.06,-1763.953125
1738,0.05,0.7,0.0,0.08,-1736.6170654296875
1739,0.05,0.7,0.0,0.1,-1724.86328125
1740,0.05,0.7,0.0,0.12,-1721.868896484375
1741,0.05,0.7,0.0,0.14,-1725.1072998046875
1742,0.05,0.7,0.0,0.16,-1732.8380126953125
1743,0.05,0.7,0.0,0.18,-1744.20947265625
1744,0.05,0.7,0.0,0.2,-1756.800537109375
1745,0.05,0.7,0.0,0.22,-1772.835693359375
1746,0.05,0.7,0.0,0.24,-1790.357421875
1747,0.05,0.7,0.0,0.26,-1808.998779296875
1748,0.05,0.7,0.0,0.28,-1829.4847412109375
1749,0.05,0.7,0.0,0.3,-1850.1666259765625
1750,0.05,0.7,0.0,0.32,-1871.71484375
1751,0.05,0.7,0.0,0.34,-1894.042724609375
1752,0.05,0.7,0.0,0.36,-1917.5279541015625
1753,0.05,0.7,0.0,0.38,-1941.601806640625
1754,0.05,0.7,0.0,0.4,-1964.541015625
1755,0.05,0.7,0.0,0.42,-1990.4228515625
1756,0.05,0.7,0.0,0.44,-2016.69775390625
1757,0.05,0.7,0.0,0.46,-2040.9822998046875
1758,0.05,0.7,0.0,0.48,-2067.0732421875
1759,0.05,0.7,0.0,0.5,-2090.438232421875
1760,0.05,0.7,0.0,0.52,-2117.4755859375
1761,0.05,0.7,0.0,0.54,-2143.226806640625
1762,0.05,0.7,0.0,0.56,-2170.54541015625
1763,0.05,0.7,0.0,0.58,-2197.41845703125
1764,0.05,0.7,0.0,0.6,-2222.3916015625
1765,0.05,0.7,0.0,0.62,-2247.351806640625
1766,0.05,0.7,0.0,0.64,-2279.75146484375
1767,0.05,0.7,0.0,0.66,-2308.1396484375
1768,0.05,0.7,0.0,0.68,-2334.184814453125
1769,0.05,0.7,0.0,0.7,-2362.409423828125
1770,0.05,0.7,0.0,0.72,-2391.224365234375
1771,0.05,0.7,0.0,0.74,-2428.59033203125
1772,0.05,0.7,0.0,0.76,-2447.29931640625
1773,0.05,0.7,0.0,0.78,-2473.67236328125
1774,0.05,0.7,0.0,0.8,-2501.6962890625
1775,0.05,0.7,0.0,0.82,-2535.5791015625
1776,0.05,0.7,0.0,0.84,-2564.7568359375
1777,0.05,0.7,0.0,0.86,-2590.5556640625
1778,0.05,0.7,0.0,0.88,-2619.683349609375
1779,0.05,0.7,0.0,0.9,-2647.968505859375
1780,0.05,0.7,0.0,0.92,-2693.1787109375
1781,0.05,0.7,0.0,0.94,-2705.4482421875
1782,0.05,0.7,0.0,0.96,-2732.638671875
1783,0.05,0.7,0.0,0.98,-2761.981689453125
1784,0.05,0.7,0.0,1.0,-2812.83740234375
1785,0.05,0.72,0.0,0.0,-inf
1786,0.05,0.72,0.0,0.02,-1936.8038330078125
1787,0.05,0.72,0.0,0.04,-1820.1123046875
1788,0.05,0.72,0.0,0.06,-1768.1153564453125
1789,0.05,0.72,0.0,0.08,-1742.107666015625
1790,0.05,0.72,0.0,0.1,-1730.865478515625
1791,0.05,0.72,0.0,0.12,-1726.7391357421875
1792,0.05,0.72,0.0,0.14,-1728.99072265625
1793,0.05,0.72,0.0,0.16,-1738.6103515625
1794,0.05,0.72,0.0,0.18,-1748.713623046875
1795,0.05,0.72,0.0,0.2,-1762.24560546875
1796,0.05,0.72,0.0,0.22,-1777.741943359375
1797,0.05,0.72,0.0,0.24,-1796.268798828125
1798,0.05,0.72,0.0,0.26,-1812.5968017578125
1799,0.05,0.72,0.0,0.28,-1831.974365234375
1800,0.05,0.72,0.0,0.3,-1855.6893310546875
1801,0.05,0.72,0.0,0.32,-1876.1995849609375
1802,0.05,0.72,0.0,0.34,-1900.450439453125
1803,0.05,0.72,0.0,0.36,-1924.333251953125
1804,0.05,0.72,0.0,0.38,-1946.362548828125
1805,0.05,0.72,0.0,0.4,-1970.944091796875
1806,0.05,0.72,0.0,0.42,-1995.3922119140625
1807,0.05,0.72,0.0,0.44,-2019.6461181640625
1808,0.05,0.72,0.0,0.46,-2047.3037109375
1809,0.05,0.72,0.0,0.48,-2072.09375
1810,0.05,0.72,0.0,0.5,-2095.906494140625
1811,0.05,0.72,0.0,0.52,-2123.8837890625
1812,0.05,0.72,0.0,0.54,-2149.6298828125
1813,0.05,0.72,0.0,0.56,-2178.337890625
1814,0.05,0.72,0.0,0.58,-2206.52978515625
1815,0.05,0.72,0.0,0.6,-2232.717529296875
1816,0.05,0.72,0.0,0.62,-2258.818115234375
1817,0.05,0.72,0.0,0.64,-2286.654296875
1818,0.05,0.72,0.0,0.66,-2317.7080078125
1819,0.05,0.72,0.0,0.68,-2334.191650390625
1820,0.05,0.72,0.0,0.7,-2371.05224609375
1821,0.05,0.72,0.0,0.72,-2401.041015625
1822,0.05,0.72,0.0,0.74,-2426.09326171875
1823,0.05,0.72,0.0,0.76,-2452.739013671875
1824,0.05,0.72,0.0,0.78,-2478.973876953125
1825,0.05,0.72,0.0,0.8,-2506.5458984375
1826,0.05,0.72,0.0,0.82,-2533.572998046875
1827,0.05,0.72,0.0,0.84,-2558.554443359375
1828,0.05,0.72,0.0,0.86,-2590.77392578125
1829,0.05,0.72,0.0,0.88,-2622.844970703125
1830,0.05,0.72,0.0,0.9,-2675.32666015625
1831,0.05,0.72,0.0,0.92,-2680.41455078125
1832,0.05,0.72,0.0,0.94,-2716.24658203125
1833,0.05,0.72,0.0,0.96,-2737.2451171875
1834,0.05,0.72,0.0,0.98,-2752.2373046875
1835,0.05,0.72,0.0,1.0,-2850.4052734375
1836,0.05,0.74,0.0,0.0,-inf
1837,0.05,0.74,0.0,0.02,-1942.803466796875
1838,0.05,0.74,0.0,0.04,-1824.93994140625
1839,0.05,0.74,0.0,0.06,-1772.910888671875
1840,0.05,0.74,0.0,0.08,-1747.178466796875
1841,0.05,0.74,0.0,0.1,-1735.6806640625
1842,0.05,0.74,0.0,0.12,-1732.1136474609375
1843,0.05,0.74,0.0,0.14,-1736.73388671875
1844,0.05,0.74,0.0,0.16,-1742.576416015625
1845,0.05,0.74,0.0,0.18,-1754.3941650390625
1846,0.05,0.74,0.0,0.2,-1768.42431640625
1847,0.05,0.74,0.0,0.22,-1783.8172607421875
1848,0.05,0.74,0.0,0.24,-1802.0457763671875
1849,0.05,0.74,0.0,0.26,-1819.2177734375
1850,0.05,0.74,0.0,0.28,-1840.54638671875
1851,0.05,0.74,0.0,0.3,-1861.5634765625
1852,0.05,0.74,0.0,0.32,-1884.455810546875
1853,0.05,0.74,0.0,0.34,-1906.2908935546875
1854,0.05,0.74,0.0,0.36,-1927.392578125
1855,0.05,0.74,0.0,0.38,-1951.830322265625
1856,0.05,0.74,0.0,0.4,-1978.370361328125
1857,0.05,0.74,0.0,0.42,-2002.7303466796875
1858,0.05,0.74,0.0,0.44,-2026.8133544921875
1859,0.05,0.74,0.0,0.46,-2054.06005859375
1860,0.05,0.74,0.0,0.48,-2075.71630859375
1861,0.05,0.74,0.0,0.5,-2103.21142578125
1862,0.05,0.74,0.0,0.52,-2131.052978515625
1863,0.05,0.74,0.0,0.54,-2156.24560546875
1864,0.05,0.74,0.0,0.56,-2185.37353515625
1865,0.05,0.74,0.0,0.58,-2210.702880859375
1866,0.05,0.74,0.0,0.6,-2235.230712890625
1867,0.05,0.74,0.0,0.62,-2266.1279296875
1868,0.05,0.74,0.0,0.64,-2290.4189453125
1869,0.05,0.74,0.0,0.66,-2318.085205078125
1870,0.05,0.74,0.0,0.68,-2347.614990234375
1871,0.05,0.74,0.0,0.7,-2372.463623046875
1872,0.05,0.74,0.0,0.72,-2399.312744140625
1873,0.05,0.74,0.0,0.74,-2433.3310546875
1874,0.05,0.74,0.0,0.76,-2456.05615234375
1875,0.05,0.74,0.0,0.78,-2481.858642578125
1876,0.05,0.74,0.0,0.8,-2514.369140625
1877,0.05,0.74,0.0,0.82,-2541.29248046875
1878,0.05,0.74,0.0,0.84,-2601.275146484375
1879,0.05,0.74,0.0,0.86,-2613.25341796875
1880,0.05,0.74,0.0,0.88,-2622.54736328125
1881,0.05,0.74,0.0,0.9,-2674.769287109375
1882,0.05,0.74,0.0,0.92,-2690.484375
1883,0.05,0.74,0.0,0.94,-2701.5322265625
1884,0.05,0.74,0.0,0.96,-2761.490478515625
1885,0.05,0.74,0.0,0.98,-2769.8623046875
1886,0.05,0.74,0.0,1.0,-2796.303955078125
1887,0.05,0.76,0.0,0.0,-inf
1888,0.05,0.76,0.0,0.02,-1946.0244140625
1889,0.05,0.76,0.0,0.04,-1830.310302734375
1890,0.05,0.76,0.0,0.06,-1778.6661376953125
1891,0.05,0.76,0.0,0.08,-1751.592041015625
1892,0.05,0.76,0.0,0.1,-1739.691162109375
1893,0.05,0.76,0.0,0.12,-1736.635009765625
1894,0.05,0.76,0.0,0.14,-1740.8165283203125
1895,0.05,0.76,0.0,0.16,-1748.063720703125
1896,0.05,0.76,0.0,0.18,-1759.08056640625
1897,0.05,0.76,0.0,0.2,-1773.6590576171875
1898,0.05,0.76,0.0,0.22,-1790.1072998046875
1899,0.05,0.76,0.0,0.24,-1806.9730224609375
1900,0.05,0.76,0.0,0.26,-1825.3330078125
1901,0.05,0.76,0.0,0.28,-1845.6417236328125
1902,0.05,0.76,0.0,0.3,-1865.88134765625
1903,0.05,0.76,0.0,0.32,-1887.39794921875
1904,0.05,0.76,0.0,0.34,-1911.1669921875
1905,0.05,0.76,0.0,0.36,-1932.73974609375
1906,0.05,0.76,0.0,0.38,-1956.711669921875
1907,0.05,0.76,0.0,0.4,-1982.3736572265625
1908,0.05,0.76,0.0,0.42,-2008.043701171875
1909,0.05,0.76,0.0,0.44,-2032.8968505859375
1910,0.05,0.76,0.0,0.46,-2059.97607421875
1911,0.05,0.76,0.0,0.48,-2083.093505859375
1912,0.05,0.76,0.0,0.5,-2108.862060546875
1913,0.05,0.76,0.0,0.52,-2136.65478515625
1914,0.05,0.76,0.0,0.54,-2160.8447265625
1915,0.05,0.76,0.0,0.56,-2186.51513671875
1916,0.05,0.76,0.0,0.58,-2215.14453125
1917,0.05,0.76,0.0,0.6,-2243.45947265625
1918,0.05,0.76,0.0,0.62,-2272.391357421875
1919,0.05,0.76,0.0,0.64,-2299.434814453125
1920,0.05,0.76,0.0,0.66,-2326.697509765625
1921,0.05,0.76,0.0,0.68,-2353.3408203125
1922,0.05,0.76,0.0,0.7,-2374.41357421875
1923,0.05,0.76,0.0,0.72,-2412.01904296875
1924,0.05,0.76,0.0,0.74,-2433.034912109375
1925,0.05,0.76,0.0,0.76,-2462.9580078125
1926,0.05,0.76,0.0,0.78,-2495.26171875
1927,0.05,0.76,0.0,0.8,-2521.10009765625
1928,0.05,0.76,0.0,0.82,-2556.85791015625
1929,0.05,0.76,0.0,0.84,-2580.087890625
1930,0.05,0.76,0.0,0.86,-2612.1708984375
1931,0.05,0.76,0.0,0.88,-2631.07568359375
1932,0.05,0.76,0.0,0.9,-2672.462646484375
1933,0.05,0.76,0.0,0.92,-2717.18359375
1934,0.05,0.76,0.0,0.94,-2733.292724609375
1935,0.05,0.76,0.0,0.96,-2739.39990234375
1936,0.05,0.76,0.0,0.98,-2792.951904296875
1937,0.05,0.76,0.0,1.0,-2826.9365234375
1938,0.05,0.78,0.0,0.0,-inf
1939,0.05,0.78,0.0,0.02,-1950.7542724609375
1940,0.05,0.78,0.0,0.04,-1834.8856201171875
1941,0.05,0.78,0.0,0.06,-1782.044677734375
1942,0.05,0.78,0.0,0.08,-1757.194091796875
1943,0.05,0.78,0.0,0.1,-1744.1328125
1944,0.05,0.78,0.0,0.12,-1743.260986328125
1945,0.05,0.78,0.0,0.14,-1744.63818359375
1946,0.05,0.78,0.0,0.16,-1754.27978515625
1947,0.05,0.78,0.0,0.18,-1764.765625
1948,0.05,0.78,0.0,0.2,-1777.888671875
1949,0.05,0.78,0.0,0.22,-1792.1181640625
1950,0.05,0.78,0.0,0.24,-1810.097412109375
1951,0.05,0.78,0.0,0.26,-1829.530029296875
1952,0.05,0.78,0.0,0.28,-1850.3458251953125
1953,0.05,0.78,0.0,0.3,-1870.854736328125
1954,0.05,0.78,0.0,0.32,-1894.09912109375
1955,0.05,0.78,0.0,0.34,-1917.799072265625
1956,0.05,0.78,0.0,0.36,-1939.0137939453125
1957,0.05,0.78,0.0,0.38,-1962.931396484375
1958,0.05,0.78,0.0,0.4,-1986.8997802734375
1959,0.05,0.78,0.0,0.42,-2009.88916015625
1960,0.05,0.78,0.0,0.44,-2038.390625
1961,0.05,0.78,0.0,0.46,-2063.302490234375
1962,0.05,0.78,0.0,0.48,-2087.402099609375
1963,0.05,0.78,0.0,0.5,-2117.5244140625
1964,0.05,0.78,0.0,0.52,-2141.316650390625
1965,0.05,0.78,0.0,0.54,-2169.92236328125
1966,0.05,0.78,0.0,0.56,-2195.75830078125
1967,0.05,0.78,0.0,0.58,-2220.8115234375
1968,0.05,0.78,0.0,0.6,-2249.2880859375
1969,0.05,0.78,0.0,0.62,-2274.9091796875
1970,0.05,0.78,0.0,0.64,-2309.688720703125
1971,0.05,0.78,0.0,0.66,-2335.728515625
1972,0.05,0.78,0.0,0.68,-2358.887451171875
1973,0.05,0.78,0.0,0.7,-2398.66064453125
1974,0.05,0.78,0.0,0.72,-2407.783935546875
1975,0.05,0.78,0.0,0.74,-2435.09423828125
1976,0.05,0.78,0.0,0.76,-2470.779052734375
1977,0.05,0.78,0.0,0.78,-2502.67041015625
1978,0.05,0.78,0.0,0.8,-2532.014404296875
1979,0.05,0.78,0.0,0.82,-2574.808837890625
1980,0.05,0.78,0.0,0.84,-2596.2275390625
1981,0.05,0.78,0.0,0.86,-2614.32275390625
1982,0.05,0.78,0.0,0.88,-2655.0400390625
1983,0.05,0.78,0.0,0.9,-2671.9931640625
1984,0.05,0.78,0.0,0.92,-2768.71337890625
1985,0.05,0.78,0.0,0.94,-2716.21728515625
1986,0.05,0.78,0.0,0.96,-2732.81689453125
1987,0.05,0.78,0.0,0.98,-2781.21484375
1988,0.05,0.78,0.0,1.0,-2888.4580078125
1989,0.05,0.8,0.0,0.0,-inf
1990,0.05,0.8,0.0,0.02,-1956.62060546875
1991,0.05,0.8,0.0,0.04,-1838.5888671875
1992,0.05,0.8,0.0,0.06,-1787.090576171875
1993,0.05,0.8,0.0,0.08,-1759.103515625
1994,0.05,0.8,0.0,0.1,-1748.5062255859375
1995,0.05,0.8,0.0,0.12,-1745.192626953125
1996,0.05,0.8,0.0,0.14,-1748.19873046875
1997,0.05,0.8,0.0,0.16,-1757.742431640625
1998,0.05,0.8,0.0,0.18,-1770.03076171875
1999,0.05,0.8,0.0,0.2,-1781.861328125
2000,0.05,0.8,0.0,0.22,-1799.703125
2001,0.05,0.8,0.0,0.24,-1816.659912109375
2002,0.05,0.8,0.0,0.26,-1834.8865966796875
2003,0.05,0.8,0.0,0.28,-1856.48046875
2004,0.05,0.8,0.0,0.3,-1875.1510009765625
2005,0.05,0.8,0.0,0.32,-1899.570556640625
2006,0.05,0.8,0.0,0.34,-1919.638671875
2007,0.05,0.8,0.0,0.36,-1945.4735107421875
2008,0.05,0.8,0.0,0.38,-1967.5279541015625
2009,0.05,0.8,0.0,0.4,-1993.8607177734375
2010,0.05,0.8,0.0,0.42,-2015.3843994140625
2011,0.05,0.8,0.0,0.44,-2041.57177734375
2012,0.05,0.8,0.0,0.46,-2067.163818359375
2013,0.05,0.8,0.0,0.48,-2096.58447265625
2014,0.05,0.8,0.0,0.5,-2123.93994140625
2015,0.05,0.8,0.0,0.52,-2144.356201171875
2016,0.05,0.8,0.0,0.54,-2173.77880859375
2017,0.05,0.8,0.0,0.56,-2197.41162109375
2018,0.05,0.8,0.0,0.58,-2227.03515625
2019,0.05,0.8,0.0,0.6,-2256.368408203125
2020,0.05,0.8,0.0,0.62,-2281.115966796875
2021,0.05,0.8,0.0,0.64,-2312.1630859375
2022,0.05,0.8,0.0,0.66,-2336.15380859375
2023,0.05,0.8,0.0,0.68,-2368.41259765625
2024,0.05,0.8,0.0,0.7,-2397.93701171875
2025,0.05,0.8,0.0,0.72,-2419.162841796875
2026,0.05,0.8,0.0,0.74,-2445.185302734375
2027,0.05,0.8,0.0,0.76,-2478.70458984375
2028,0.05,0.8,0.0,0.78,-2507.86572265625
2029,0.05,0.8,0.0,0.8,-2549.55419921875
2030,0.05,0.8,0.0,0.82,-2558.813720703125
2031,0.05,0.8,0.0,0.84,-2603.47802734375
2032,0.05,0.8,0.0,0.86,-2612.22412109375
2033,0.05,0.8,0.0,0.88,-2652.47900390625
2034,0.05,0.8,0.0,0.9,-2668.38525390625
2035,0.05,0.8,0.0,0.92,-2713.19580078125
2036,0.05,0.8,0.0,0.94,-2752.26123046875
2037,0.05,0.8,0.0,0.96,-2790.376220703125
2038,0.05,0.8,0.0,0.98,-2803.39111328125
2039,0.05,0.8,0.0,1.0,-2799.858642578125
2040,0.05,0.82,0.0,0.0,-inf
2041,0.05,0.82,0.0,0.02,-1961.045654296875
2042,0.05,0.82,0.0,0.04,-1842.764404296875
2043,0.05,0.82,0.0,0.06,-1790.944580078125
2044,0.05,0.82,0.0,0.08,-1765.8101806640625
2045,0.05,0.82,0.0,0.1,-1754.379150390625
2046,0.05,0.82,0.0,0.12,-1750.3447265625
2047,0.05,0.82,0.0,0.14,-1754.072021484375
2048,0.05,0.82,0.0,0.16,-1763.359130859375
2049,0.05,0.82,0.0,0.18,-1774.3646240234375
2050,0.05,0.82,0.0,0.2,-1786.7647705078125
2051,0.05,0.82,0.0,0.22,-1804.1195068359375
2052,0.05,0.82,0.0,0.24,-1821.0867919921875
2053,0.05,0.82,0.0,0.26,-1840.879150390625
2054,0.05,0.82,0.0,0.28,-1859.66796875
2055,0.05,0.82,0.0,0.3,-1882.046875
2056,0.05,0.82,0.0,0.32,-1904.873291015625
2057,0.05,0.82,0.0,0.34,-1925.787109375
2058,0.05,0.82,0.0,0.36,-1947.51025390625
2059,0.05,0.82,0.0,0.38,-1974.1099853515625
2060,0.05,0.82,0.0,0.4,-1998.392333984375
2061,0.05,0.82,0.0,0.42,-2023.4586181640625
2062,0.05,0.82,0.0,0.44,-2044.298095703125
2063,0.05,0.82,0.0,0.46,-2071.125244140625
2064,0.05,0.82,0.0,0.48,-2099.092529296875
2065,0.05,0.82,0.0,0.5,-2123.837158203125
2066,0.05,0.82,0.0,0.52,-2150.24609375
2067,0.05,0.82,0.0,0.54,-2178.5947265625
2068,0.05,0.82,0.0,0.56,-2203.81787109375
2069,0.05,0.82,0.0,0.58,-2231.89111328125
2070,0.05,0.82,0.0,0.6,-2262.923828125
2071,0.05,0.82,0.0,0.62,-2283.20263671875
2072,0.05,0.82,0.0,0.64,-2314.1728515625
2073,0.05,0.82,0.0,0.66,-2338.810546875
2074,0.05,0.82,0.0,0.68,-2364.872314453125
2075,0.05,0.82,0.0,0.7,-2393.40869140625
2076,0.05,0.82,0.0,0.72,-2426.255615234375
2077,0.05,0.82,0.0,0.74,-2455.924072265625
2078,0.05,0.82,0.0,0.76,-2481.55029296875
2079,0.05,0.82,0.0,0.78,-2513.20263671875
2080,0.05,0.82,0.0,0.8,-2547.99951171875
2081,0.05,0.82,0.0,0.82,-2579.87255859375
2082,0.05,0.82,0.0,0.84,-2593.63427734375
2083,0.05,0.82,0.0,0.86,-2619.596435546875
2084,0.05,0.82,0.0,0.88,-2659.439453125
2085,0.05,0.82,0.0,0.9,-2691.7392578125
2086,0.05,0.82,0.0,0.92,-2720.917724609375
2087,0.05,0.82,0.0,0.94,-2749.20751953125
2088,0.05,0.82,0.0,0.96,-2768.94091796875
2089,0.05,0.82,0.0,0.98,-2798.243896484375
2090,0.05,0.82,0.0,1.0,-2816.775146484375
2091,0.05,0.84,0.0,0.0,-inf
2092,0.05,0.84,0.0,0.02,-1965.9249267578125
2093,0.05,0.84,0.0,0.04,-1848.595947265625
2094,0.05,0.84,0.0,0.06,-1797.0364990234375
2095,0.05,0.84,0.0,0.08,-1769.14501953125
2096,0.05,0.84,0.0,0.1,-1758.16357421875
2097,0.05,0.84,0.0,0.12,-1755.8343505859375
2098,0.05,0.84,0.0,0.14,-1757.9296875
2099,0.05,0.84,0.0,0.16,-1766.9886474609375
2100,0.05,0.84,0.0,0.18,-1777.513671875
2101,0.05,0.84,0.0,0.2,-1791.09716796875
2102,0.05,0.84,0.0,0.22,-1808.3414306640625
2103,0.05,0.84,0.0,0.24,-1825.3160400390625
2104,0.05,0.84,0.0,0.26,-1845.4158935546875
2105,0.05,0.84,0.0,0.28,-1864.708740234375
2106,0.05,0.84,0.0,0.3,-1885.1787109375
2107,0.05,0.84,0.0,0.32,-1907.251953125
2108,0.05,0.84,0.0,0.34,-1930.5325927734375
2109,0.05,0.84,0.0,0.36,-1955.0401611328125
2110,0.05,0.84,0.0,0.38,-1976.4384765625
2111,0.05,0.84,0.0,0.4,-2004.044677734375
2112,0.05,0.84,0.0,0.42,-2026.238525390625
2113,0.05,0.84,0.0,0.44,-2050.59521484375
2114,0.05,0.84,0.0,0.46,-2075.01220703125
2115,0.05,0.84,0.0,0.48,-2105.751220703125
2116,0.05,0.84,0.0,0.5,-2132.143798828125
2117,0.05,0.84,0.0,0.52,-2157.48486328125
2118,0.05,0.84,0.0,0.54,-2182.31591796875
2119,0.05,0.84,0.0,0.56,-2211.19873046875
2120,0.05,0.84,0.0,0.58,-2235.671875
2121,0.05,0.84,0.0,0.6,-2259.052490234375
2122,0.05,0.84,0.0,0.62,-2299.15234375
2123,0.05,0.84,0.0,0.64,-2315.62646484375
2124,0.05,0.84,0.0,0.66,-2350.611328125
2125,0.05,0.84,0.0,0.68,-2377.42578125
2126,0.05,0.84,0.0,0.7,-2403.943359375
2127,0.05,0.84,0.0,0.72,-2435.215576171875
2128,0.05,0.84,0.0,0.74,-2460.93896484375
2129,0.05,0.84,0.0,0.76,-2492.96142578125
2130,0.05,0.84,0.0,0.78,-2519.688232421875
2131,0.05,0.84,0.0,0.8,-2536.08642578125
2132,0.05,0.84,0.0,0.82,-2570.040283203125
2133,0.05,0.84,0.0,0.84,-2600.45849609375
2134,0.05,0.84,0.0,0.86,-2629.779052734375
2135,0.05,0.84,0.0,0.88,-2661.5380859375
2136,0.05,0.84,0.0,0.9,-2703.214599609375
2137,0.05,0.84,0.0,0.92,-2723.73779296875
2138,0.05,0.84,0.0,0.94,-2755.46630859375
2139,0.05,0.84,0.0,0.96,-2784.62109375
2140,0.05,0.84,0.0,0.98,-2817.8798828125
2141,0.05,0.84,0.0,1.0,-2894.34326171875
2142,0.05,0.86,0.0,0.0,-inf
2143,0.05,0.86,0.0,0.02,-1967.01171875
2144,0.05,0.86,0.0,0.04,-1852.384765625
2145,0.05,0.86,0.0,0.06,-1799.5386962890625
2146,0.05,0.86,0.0,0.08,-1773.100341796875
2147,0.05,0.86,0.0,0.1,-1762.014892578125
2148,0.05,0.86,0.0,0.12,-1760.57421875
2149,0.05,0.86,0.0,0.14,-1762.899169921875
2150,0.05,0.86,0.0,0.16,-1771.02392578125
2151,0.05,0.86,0.0,0.18,-1781.626708984375
2152,0.05,0.86,0.0,0.2,-1796.5732421875
2153,0.05,0.86,0.0,0.22,-1811.75830078125
2154,0.05,0.86,0.0,0.24,-1829.3114013671875
2155,0.05,0.86,0.0,0.26,-1846.89013671875
2156,0.05,0.86,0.0,0.28,-1869.27685546875
2157,0.05,0.86,0.0,0.3,-1889.952880859375
2158,0.05,0.86,0.0,0.32,-1913.134765625
2159,0.05,0.86,0.0,0.34,-1936.759765625
2160,0.05,0.86,0.0,0.36,-1959.309326171875
2161,0.05,0.86,0.0,0.38,-1982.5599365234375
2162,0.05,0.86,0.0,0.4,-2006.552490234375
2163,0.05,0.86,0.0,0.42,-2032.9041748046875
2164,0.05,0.86,0.0,0.44,-2056.0732421875
2165,0.05,0.86,0.0,0.46,-2081.116943359375
2166,0.05,0.86,0.0,0.48,-2109.11083984375
2167,0.05,0.86,0.0,0.5,-2135.15087890625
2168,0.05,0.86,0.0,0.52,-2159.942626953125
2169,0.05,0.86,0.0,0.54,-2189.083251953125
2170,0.05,0.86,0.0,0.56,-2219.814453125
2171,0.05,0.86,0.0,0.58,-2241.867431640625
2172,0.05,0.86,0.0,0.6,-2271.560546875
2173,0.05,0.86,0.0,0.62,-2295.36474609375
2174,0.05,0.86,0.0,0.64,-2322.8046875
2175,0.05,0.86,0.0,0.66,-2352.6943359375
2176,0.05,0.86,0.0,0.68,-2385.50927734375
2177,0.05,0.86,0.0,0.7,-2406.58837890625
2178,0.05,0.86,0.0,0.72,-2440.107421875
2179,0.05,0.86,0.0,0.74,-2458.09521484375
2180,0.05,0.86,0.0,0.76,-2495.28271484375
2181,0.05,0.86,0.0,0.78,-2526.7119140625
2182,0.05,0.86,0.0,0.8,-2546.8408203125
2183,0.05,0.86,0.0,0.82,-2576.916748046875
2184,0.05,0.86,0.0,0.84,-2604.8076171875
2185,0.05,0.86,0.0,0.86,-2632.81689453125
2186,0.05,0.86,0.0,0.88,-2680.01806640625
2187,0.05,0.86,0.0,0.9,-2700.860595703125
2188,0.05,0.86,0.0,0.92,-2714.650634765625
2189,0.05,0.86,0.0,0.94,-2773.7216796875
2190,0.05,0.86,0.0,0.96,-2776.63720703125
2191,0.05,0.86,0.0,0.98,-2808.630126953125
2192,0.05,0.86,0.0,1.0,-2848.3359375
2193,0.05,0.88,0.0,0.0,-inf
2194,0.05,0.88,0.0,0.02,-1971.080810546875
2195,0.05,0.88,0.0,0.04,-1856.84521484375
2196,0.05,0.88,0.0,0.06,-1803.633056640625
2197,0.05,0.88,0.0,0.08,-1778.0224609375
2198,0.05,0.88,0.0,0.1,-1766.733154296875
2199,0.05,0.88,0.0,0.12,-1764.043701171875
2200,0.05,0.88,0.0,0.14,-1768.5679931640625
2201,0.05,0.88,0.0,0.16,-1774.79638671875
2202,0.05,0.88,0.0,0.18,-1786.49658203125
2203,0.05,0.88,0.0,0.2,-1800.003173828125
2204,0.05,0.88,0.0,0.22,-1816.683349609375
2205,0.05,0.88,0.0,0.24,-1833.7520751953125
2206,0.05,0.88,0.0,0.26,-1854.2672119140625
2207,0.05,0.88,0.0,0.28,-1874.365234375
2208,0.05,0.88,0.0,0.3,-1894.9951171875
2209,0.05,0.88,0.0,0.32,-1915.3583984375
2210,0.05,0.88,0.0,0.34,-1935.552734375
2211,0.05,0.88,0.0,0.36,-1963.744384765625
2212,0.05,0.88,0.0,0.38,-1988.516845703125
2213,0.05,0.88,0.0,0.4,-2008.0064697265625
2214,0.05,0.88,0.0,0.42,-2036.254150390625
2215,0.05,0.88,0.0,0.44,-2062.712890625
2216,0.05,0.88,0.0,0.46,-2087.46875
2217,0.05,0.88,0.0,0.48,-2110.40185546875
2218,0.05,0.88,0.0,0.5,-2141.354736328125
2219,0.05,0.88,0.0,0.52,-2164.759033203125
2220,0.05,0.88,0.0,0.54,-2190.94580078125
2221,0.05,0.88,0.0,0.56,-2221.351318359375
2222,0.05,0.88,0.0,0.58,-2244.734619140625
2223,0.05,0.88,0.0,0.6,-2276.364501953125
2224,0.05,0.88,0.0,0.62,-2298.7236328125
2225,0.05,0.88,0.0,0.64,-2330.290771484375
2226,0.05,0.88,0.0,0.66,-2366.793701171875
2227,0.05,0.88,0.0,0.68,-2386.59228515625
2228,0.05,0.88,0.0,0.7,-2416.125732421875
2229,0.05,0.88,0.0,0.72,-2450.33837890625
2230,0.05,0.88,0.0,0.74,-2470.419921875
2231,0.05,0.88,0.0,0.76,-2490.601806640625
2232,0.05,0.88,0.0,0.78,-2520.7783203125
2233,0.05,0.88,0.0,0.8,-2559.880859375
2234,0.05,0.88,0.0,0.82,-2580.23779296875
2235,0.05,0.88,0.0,0.84,-2626.108154296875
2236,0.05,0.88,0.0,0.86,-2647.28515625
2237,0.05,0.88,0.0,0.88,-2673.1123046875
2238,0.05,0.88,0.0,0.9,-2722.13916015625
2239,0.05,0.88,0.0,0.92,-2718.599609375
2240,0.05,0.88,0.0,0.94,-2772.07373046875
2241,0.05,0.88,0.0,0.96,-2803.004150390625
2242,0.05,0.88,0.0,0.98,-2834.517578125
2243,0.05,0.88,0.0,1.0,-2839.23974609375
2244,0.05,0.9,0.0,0.0,-inf
2245,0.05,0.9,0.0,0.02,-1976.883056640625
2246,0.05,0.9,0.0,0.04,-1859.62890625
2247,0.05,0.9,0.0,0.06,-1807.775634765625
2248,0.05,0.9,0.0,0.08,-1781.933349609375
2249,0.05,0.9,0.0,0.1,-1770.278564453125
2250,0.05,0.9,0.0,0.12,-1767.6839599609375
2251,0.05,0.9,0.0,0.14,-1771.90087890625
2252,0.05,0.9,0.0,0.16,-1779.95849609375
2253,0.05,0.9,0.0,0.18,-1790.759765625
2254,0.05,0.9,0.0,0.2,-1806.4510498046875
2255,0.05,0.9,0.0,0.22,-1821.193115234375
2256,0.05,0.9,0.0,0.24,-1838.355224609375
2257,0.05,0.9,0.0,0.26,-1857.4471435546875
2258,0.05,0.9,0.0,0.28,-1878.137451171875
2259,0.05,0.9,0.0,0.3,-1896.8115234375
2260,0.05,0.9,0.0,0.32,-1920.521728515625
2261,0.05,0.9,0.0,0.34,-1944.317138671875
2262,0.05,0.9,0.0,0.36,-1967.5889892578125
2263,0.05,0.9,0.0,0.38,-1991.74462890625
2264,0.05,0.9,0.0,0.4,-2015.482177734375
2265,0.05,0.9,0.0,0.42,-2038.2144775390625
2266,0.05,0.9,0.0,0.44,-2064.54736328125
2267,0.05,0.9,0.0,0.46,-2090.591796875
2268,0.05,0.9,0.0,0.48,-2117.068603515625
2269,0.05,0.9,0.0,0.5,-2143.34716796875
2270,0.05,0.9,0.0,0.52,-2171.645751953125
2271,0.05,0.9,0.0,0.54,-2196.293212890625
2272,0.05,0.9,0.0,0.56,-2221.827880859375
2273,0.05,0.9,0.0,0.58,-2252.07666015625
2274,0.05,0.9,0.0,0.6,-2280.6298828125
2275,0.05,0.9,0.0,0.62,-2302.62548828125
2276,0.05,0.9,0.0,0.64,-2333.8095703125
2277,0.05,0.9,0.0,0.66,-2361.4443359375
2278,0.05,0.9,0.0,0.68,-2395.15478515625
2279,0.05,0.9,0.0,0.7,-2423.85498046875
2280,0.05,0.9,0.0,0.72,-2438.94189453125
2281,0.05,0.9,0.0,0.74,-2480.6298828125
2282,0.05,0.9,0.0,0.76,-2500.8701171875
2283,0.05,0.9,0.0,0.78,-2526.083984375
2284,0.05,0.9,0.0,0.8,-2575.432373046875
2285,0.05,0.9,0.0,0.82,-2586.859375
2286,0.05,0.9,0.0,0.84,-2620.176513671875
2287,0.05,0.9,0.0,0.86,-2649.742431640625
2288,0.05,0.9,0.0,0.88,-2683.08642578125
2289,0.05,0.9,0.0,0.9,-2722.82763671875
2290,0.05,0.9,0.0,0.92,-2752.6962890625
2291,0.05,0.9,0.0,0.94,-2750.14208984375
2292,0.05,0.9,0.0,0.96,-2787.5791015625
2293,0.05,0.9,0.0,0.98,-2833.2626953125
2294,0.05,0.9,0.0,1.0,-2898.2509765625
2295,0.05,0.92,0.0,0.0,-inf
2296,0.05,0.92,0.0,0.02,-1981.03369140625
2297,0.05,0.92,0.0,0.04,-1862.6409912109375
2298,0.05,0.92,0.0,0.06,-1811.72998046875
2299,0.05,0.92,0.0,0.08,-1787.36376953125
2300,0.05,0.92,0.0,0.1,-1774.516357421875
2301,0.05,0.92,0.0,0.12,-1771.822998046875
2302,0.05,0.92,0.0,0.14,-1774.1683349609375
2303,0.05,0.92,0.0,0.16,-1783.569091796875
2304,0.05,0.92,0.0,0.18,-1794.0472412109375
2305,0.05,0.92,0.0,0.2,-1808.4473876953125
2306,0.05,0.92,0.0,0.22,-1825.308837890625
2307,0.05,0.92,0.0,0.24,-1842.365234375
2308,0.05,0.92,0.0,0.26,-1862.7705078125
2309,0.05,0.92,0.0,0.28,-1881.34375
2310,0.05,0.92,0.0,0.3,-1904.6033935546875
2311,0.05,0.92,0.0,0.32,-1923.73291015625
2312,0.05,0.92,0.0,0.34,-1946.947998046875
2313,0.05,0.92,0.0,0.36,-1971.6068115234375
2314,0.05,0.92,0.0,0.38,-1995.9407958984375
2315,0.05,0.92,0.0,0.4,-2020.92626953125
2316,0.05,0.92,0.0,0.42,-2046.50732421875
2317,0.05,0.92,0.0,0.44,-2069.88330078125
2318,0.05,0.92,0.0,0.46,-2096.09326171875
2319,0.05,0.92,0.0,0.48,-2120.6923828125
2320,0.05,0.92,0.0,0.5,-2147.1630859375
2321,0.05,0.92,0.0,0.52,-2173.665771484375
2322,0.05,0.92,0.0,0.54,-2201.477783203125
2323,0.05,0.92,0.0,0.56,-2232.901123046875
2324,0.05,0.92,0.0,0.58,-2254.731201171875
2325,0.05,0.92,0.0,0.6,-2279.94287109375
2326,0.05,0.92,0.0,0.62,-2313.53564453125
2327,0.05,0.92,0.0,0.64,-2339.509765625
2328,0.05,0.92,0.0,0.66,-2355.68603515625
2329,0.05,0.92,0.0,0.68,-2395.161376953125
2330,0.05,0.92,0.0,0.7,-2410.92041015625
2331,0.05,0.92,0.0,0.72,-2450.5224609375
2332,0.05,0.92,0.0,0.74,-2476.39208984375
2333,0.05,0.92,0.0,0.76,-2506.2724609375
2334,0.05,0.92,0.0,0.78,-2540.06884765625
2335,0.05,0.92,0.0,0.8,-2573.89208984375
2336,0.05,0.92,0.0,0.82,-2606.01171875
2337,0.05,0.92,0.0,0.84,-2639.00439453125
2338,0.05,0.92,0.0,0.86,-2659.79541015625
2339,0.05,0.92,0.0,0.88,-2682.501953125
2340,0.05,0.92,0.0,0.9,-2698.26171875
2341,0.05,0.92,0.0,0.92,-2727.105712890625
2342,0.05,0.92,0.0,0.94,-2812.5068359375
2343,0.05,0.92,0.0,0.96,-2802.48388671875
2344,0.05,0.92,0.0,0.98,-2851.8798828125
2345,0.05,0.92,0.0,1.0,-2927.54638671875
2346,0.05,0.94,0.0,0.0,-inf
2347,0.05,0.94,0.0,0.02,-1983.6090087890625
2348,0.05,0.94,0.0,0.04,-1867.26904296875
2349,0.05,0.94,0.0,0.06,-1814.86767578125
2350,0.05,0.94,0.0,0.08,-1789.719482421875
2351,0.05,0.94,0.0,0.1,-1778.4910888671875
2352,0.05,0.94,0.0,0.12,-1775.50048828125
2353,0.05,0.94,0.0,0.14,-1779.61767578125
2354,0.05,0.94,0.0,0.16,-1786.7425537109375
2355,0.05,0.94,0.0,0.18,-1798.598876953125
2356,0.05,0.94,0.0,0.2,-1813.2723388671875
2357,0.05,0.94,0.0,0.22,-1828.613525390625
2358,0.05,0.94,0.0,0.24,-1847.422607421875
2359,0.05,0.94,0.0,0.26,-1865.805419921875
2360,0.05,0.94,0.0,0.28,-1886.740478515625
2361,0.05,0.94,0.0,0.3,-1905.6636962890625
2362,0.05,0.94,0.0,0.32,-1931.4293212890625
2363,0.05,0.94,0.0,0.34,-1951.8729248046875
2364,0.05,0.94,0.0,0.36,-1974.53564453125
2365,0.05,0.94,0.0,0.38,-2000.7176513671875
2366,0.05,0.94,0.0,0.4,-2023.7291259765625
2367,0.05,0.94,0.0,0.42,-2048.966796875
2368,0.05,0.94,0.0,0.44,-2074.76953125
2369,0.05,0.94,0.0,0.46,-2098.6630859375
2370,0.05,0.94,0.0,0.48,-2128.35302734375
2371,0.05,0.94,0.0,0.5,-2152.3720703125
2372,0.05,0.94,0.0,0.52,-2176.56640625
2373,0.05,0.94,0.0,0.54,-2209.578125
2374,0.05,0.94,0.0,0.56,-2234.567626953125
2375,0.05,0.94,0.0,0.58,-2262.78173828125
2376,0.05,0.94,0.0,0.6,-2289.879638671875
2377,0.05,0.94,0.0,0.62,-2317.53125
2378,0.05,0.94,0.0,0.64,-2342.01025390625
2379,0.05,0.94,0.0,0.66,-2370.05810546875
2380,0.05,0.94,0.0,0.68,-2409.0234375
2381,0.05,0.94,0.0,0.7,-2427.103759765625
2382,0.05,0.94,0.0,0.72,-2462.0712890625
2383,0.05,0.94,0.0,0.74,-2478.16552734375
2384,0.05,0.94,0.0,0.76,-2526.1943359375
2385,0.05,0.94,0.0,0.78,-2538.5830078125
2386,0.05,0.94,0.0,0.8,-2563.3818359375
2387,0.05,0.94,0.0,0.82,-2611.53466796875
2388,0.05,0.94,0.0,0.84,-2631.03369140625
2389,0.05,0.94,0.0,0.86,-2653.581298828125
2390,0.05,0.94,0.0,0.88,-2680.813720703125
2391,0.05,0.94,0.0,0.9,-2717.35595703125
2392,0.05,0.94,0.0,0.92,-2743.001220703125
2393,0.05,0.94,0.0,0.94,-2796.50146484375
2394,0.05,0.94,0.0,0.96,-2792.759033203125
2395,0.05,0.94,0.0,0.98,-2840.975341796875
2396,0.05,0.94,0.0,1.0,-2979.380615234375
2397,0.05,0.96,0.0,0.0,-inf
2398,0.05,0.96,0.0,0.02,-1989.38916015625
2399,0.05,0.96,0.0,0.04,-1872.292724609375
2400,0.05,0.96,0.0,0.06,-1819.425048828125
2401,0.05,0.96,0.0,0.08,-1793.760986328125
2402,0.05,0.96,0.0,0.1,-1781.6650390625
2403,0.05,0.96,0.0,0.12,-1779.1737060546875
2404,0.05,0.96,0.0,0.14,-1783.83984375
2405,0.05,0.96,0.0,0.16,-1790.345947265625
2406,0.05,0.96,0.0,0.18,-1802.33837890625
2407,0.05,0.96,0.0,0.2,-1815.49658203125
2408,0.05,0.96,0.0,0.22,-1833.3138427734375
2409,0.05,0.96,0.0,0.24,-1849.909912109375
2410,0.05,0.96,0.0,0.26,-1869.471923828125
2411,0.05,0.96,0.0,0.28,-1888.944580078125
2412,0.05,0.96,0.0,0.3,-1910.188232421875
2413,0.05,0.96,0.0,0.32,-1934.179443359375
2414,0.05,0.96,0.0,0.34,-1957.956787109375
2415,0.05,0.96,0.0,0.36,-1980.0164794921875
2416,0.05,0.96,0.0,0.38,-2002.62890625
2417,0.05,0.96,0.0,0.4,-2029.51220703125
2418,0.05,0.96,0.0,0.42,-2054.783203125
2419,0.05,0.96,0.0,0.44,-2079.2763671875
2420,0.05,0.96,0.0,0.46,-2105.364013671875
2421,0.05,0.96,0.0,0.48,-2131.7734375
2422,0.05,0.96,0.0,0.5,-2157.629150390625
2423,0.05,0.96,0.0,0.52,-2185.129150390625
2424,0.05,0.96,0.0,0.54,-2210.50830078125
2425,0.05,0.96,0.0,0.56,-2238.0986328125
2426,0.05,0.96,0.0,0.58,-2266.83935546875
2427,0.05,0.96,0.0,0.6,-2294.3310546875
2428,0.05,0.96,0.0,0.62,-2320.97265625
2429,0.05,0.96,0.0,0.64,-2347.363525390625
2430,0.05,0.96,0.0,0.66,-2377.43017578125
2431,0.05,0.96,0.0,0.68,-2405.3974609375
2432,0.05,0.96,0.0,0.7,-2434.689208984375
2433,0.05,0.96,0.0,0.72,-2466.59716796875
2434,0.05,0.96,0.0,0.74,-2493.0732421875
2435,0.05,0.96,0.0,0.76,-2519.0771484375
2436,0.05,0.96,0.0,0.78,-2541.03857421875
2437,0.05,0.96,0.0,0.8,-2569.990234375
2438,0.05,0.96,0.0,0.82,-2599.12744140625
2439,0.05,0.96,0.0,0.84,-2650.8720703125
2440,0.05,0.96,0.0,0.86,-2655.699462890625
2441,0.05,0.96,0.0,0.88,-2697.84130859375
2442,0.05,0.96,0.0,0.9,-2722.54833984375
2443,0.05,0.96,0.0,0.92,-2743.2470703125
2444,0.05,0.96,0.0,0.94,-2795.63037109375
2445,0.05,0.96,0.0,0.96,-2793.228759765625
2446,0.05,0.96,0.0,0.98,-2830.98193359375
2447,0.05,0.96,0.0,1.0,-2884.840087890625
2448,0.05,0.98,0.0,0.0,-inf
2449,0.05,0.98,0.0,0.02,-1990.8282470703125
2450,0.05,0.98,0.0,0.04,-1872.820068359375
2451,0.05,0.98,0.0,0.06,-1821.5697021484375
2452,0.05,0.98,0.0,0.08,-1797.741943359375
2453,0.05,0.98,0.0,0.1,-1785.2935791015625
2454,0.05,0.98,0.0,0.12,-1783.1279296875
2455,0.05,0.98,0.0,0.14,-1786.58837890625
2456,0.05,0.98,0.0,0.16,-1794.90185546875
2457,0.05,0.98,0.0,0.18,-1805.2445068359375
2458,0.05,0.98,0.0,0.2,-1820.4007568359375
2459,0.05,0.98,0.0,0.22,-1837.5965576171875
2460,0.05,0.98,0.0,0.24,-1854.2501220703125
2461,0.05,0.98,0.0,0.26,-1873.201904296875
2462,0.05,0.98,0.0,0.28,-1893.961669921875
2463,0.05,0.98,0.0,0.3,-1914.2037353515625
2464,0.05,0.98,0.0,0.32,-1937.6051025390625
2465,0.05,0.98,0.0,0.34,-1961.2769775390625
2466,0.05,0.98,0.0,0.36,-1983.72509765625
2467,0.05,0.98,0.0,0.38,-2007.275390625
2468,0.05,0.98,0.0,0.4,-2033.25634765625
2469,0.05,0.98,0.0,0.42,-2056.943603515625
2470,0.05,0.98,0.0,0.44,-2080.637939453125
2471,0.05,0.98,0.0,0.46,-2105.40625
2472,0.05,0.98,0.0,0.48,-2135.07373046875
2473,0.05,0.98,0.0,0.5,-2161.998046875
2474,0.05,0.98,0.0,0.52,-2185.35107421875
2475,0.05,0.98,0.0,0.54,-2215.408203125
2476,0.05,0.98,0.0,0.56,-2243.660888671875
2477,0.05,0.98,0.0,0.58,-2270.574951171875
2478,0.05,0.98,0.0,0.6,-2298.8134765625
2479,0.05,0.98,0.0,0.62,-2319.72314453125
2480,0.05,0.98,0.0,0.64,-2352.072998046875
2481,0.05,0.98,0.0,0.66,-2384.673828125
2482,0.05,0.98,0.0,0.68,-2400.7900390625
2483,0.05,0.98,0.0,0.7,-2443.6845703125
2484,0.05,0.98,0.0,0.72,-2465.3466796875
2485,0.05,0.98,0.0,0.74,-2508.3828125
2486,0.05,0.98,0.0,0.76,-2511.186279296875
2487,0.05,0.98,0.0,0.78,-2554.541259765625
2488,0.05,0.98,0.0,0.8,-2576.16162109375
2489,0.05,0.98,0.0,0.82,-2624.53271484375
2490,0.05,0.98,0.0,0.84,-2637.1025390625
2491,0.05,0.98,0.0,0.86,-2685.55126953125
2492,0.05,0.98,0.0,0.88,-2717.14013671875
2493,0.05,0.98,0.0,0.9,-2744.455078125
2494,0.05,0.98,0.0,0.92,-2763.947265625
2495,0.05,0.98,0.0,0.94,-2770.814453125
2496,0.05,0.98,0.0,0.96,-2804.526611328125
2497,0.05,0.98,0.0,0.98,-2898.22412109375
2498,0.05,0.98,0.0,1.0,-2849.70556640625
2499,0.05,1.0,0.0,0.0,-inf
2500,0.05,1.0,0.0,0.02,-1994.1334228515625
2501,0.05,1.0,0.0,0.04,-1878.082275390625
2502,0.05,1.0,0.0,0.06,-1827.26171875
2503,0.05,1.0,0.0,0.08,-1801.015869140625
2504,0.05,1.0,0.0,0.1,-1789.6611328125
2505,0.05,1.0,0.0,0.12,-1785.910400390625
2506,0.05,1.0,0.0,0.14,-1790.279052734375
2507,0.05,1.0,0.0,0.16,-1798.563232421875
2508,0.05,1.0,0.0,0.18,-1809.242431640625
2509,0.05,1.0,0.0,0.2,-1822.18212890625
2510,0.05,1.0,0.0,0.22,-1839.6337890625
2511,0.05,1.0,0.0,0.24,-1856.8800048828125
2512,0.05,1.0,0.0,0.26,-1878.0535888671875
2513,0.05,1.0,0.0,0.28,-1898.6865234375
2514,0.05,1.0,0.0,0.3,-1919.15576171875
2515,0.05,1.0,0.0,0.32,-1940.71728515625
2516,0.05,1.0,0.0,0.34,-1963.729248046875
2517,0.05,1.0,0.0,0.36,-1988.2420654296875
2518,0.05,1.0,0.0,0.38,-2012.777099609375
2519,0.05,1.0,0.0,0.4,-2038.4261474609375
2520,0.05,1.0,0.0,0.42,-2060.8251953125
2521,0.05,1.0,0.0,0.44,-2086.166259765625
2522,0.05,1.0,0.0,0.46,-2115.106689453125
2523,0.05,1.0,0.0,0.48,-2139.86181640625
2524,0.05,1.0,0.0,0.5,-2164.453369140625
2525,0.05,1.0,0.0,0.52,-2190.687255859375
2526,0.05,1.0,0.0,0.54,-2221.09716796875
2527,0.05,1.0,0.0,0.56,-2244.7978515625
2528,0.05,1.0,0.0,0.58,-2272.30078125
2529,0.05,1.0,0.0,0.6,-2303.736328125
2530,0.05,1.0,0.0,0.62,-2334.642822265625
2531,0.05,1.0,0.0,0.64,-2357.514404296875
2532,0.05,1.0,0.0,0.66,-2389.951171875
2533,0.05,1.0,0.0,0.68,-2414.15087890625
2534,0.05,1.0,0.0,0.7,-2449.57470703125
2535,0.05,1.0,0.0,0.72,-2468.923095703125
2536,0.05,1.0,0.0,0.74,-2502.193359375
2537,0.05,1.0,0.0,0.76,-2527.892578125
2538,0.05,1.0,0.0,0.78,-2561.4794921875
2539,0.05,1.0,0.0,0.8,-2583.815185546875
2540,0.05,1.0,0.0,0.82,-2620.554931640625
2541,0.05,1.0,0.0,0.84,-2640.320068359375
2542,0.05,1.0,0.0,0.86,-2649.7548828125
2543,0.05,1.0,0.0,0.88,-2704.39404296875
2544,0.05,1.0,0.0,0.9,-2715.0263671875
2545,0.05,1.0,0.0,0.92,-2774.81396484375
2546,0.05,1.0,0.0,0.94,-2806.271484375
2547,0.05,1.0,0.0,0.96,-2823.523193359375
2548,0.05,1.0,0.0,0.98,-2837.44140625
2549,0.05,1.0,0.0,1.0,-2898.7509765625
