mu,rho,ll
0.24,0.14,-1540.126709
0.24,0.14,-1542.321533
0.23934,0.140316,-1540.705566
0.23934,0.140316,-1538.795166
0.23934,0.140316,-1539.937988
0.242271,0.147777,-1545.072876
0.242271,0.147777,-1542.52832
0.240512,0.149373,-1541.706787
0.239066,0.151746,-1542.506836
0.239942,0.149402,-1541.269043
0.238453,0.149702,-1539.537354
0.239322,0.15185,-1549.007202
0.239322,0.15185,-1543.171631
0.239322,0.15185,-1541.706299
0.242437,0.151945,-1543.656982
0.242437,0.151945,-1543.850098
0.245181,0.150612,-1543.571289
0.245181,0.150612,-1543.880737
0.246592,0.149566,-1544.570801
0.245166,0.146751,-1541.986084
0.24626,0.148954,-1543.938477
0.24626,0.148954,-1548.111938
0.247316,0.148397,-1546.274658
0.244155,0.148009,-1546.810059
0.244155,0.148009,-1543.008667
0.244155,0.148009,-1543.837036
0.244155,0.148009,-1542.547363
0.244155,0.148009,-1542.68335
0.244155,0.148009,-1544.148682
0.244514,0.150004,-1543.335449
0.244514,0.150004,-1544.509521
0.243478,0.145296,-1543.075317
0.243478,0.145296,-1542.386597
0.245043,0.144836,-1542.338867
0.243166,0.144611,-1542.333984
0.243166,0.144611,-1543.155762
0.241093,0.145861,-1543.279785
0.241093,0.145861,-1543.828125
0.239563,0.147328,-1540.999756
0.239563,0.147328,-1543.428467
0.24047,0.14279,-1540.172363
0.239814,0.142476,-1539.081787
0.240543,0.138189,-1539.739624
0.243025,0.140883,-1541.589844
0.243025,0.140883,-1541.932007
0.246665,0.141528,-1544.059326
0.246665,0.141528,-1543.757202
0.246665,0.141528,-1545.638672
0.246665,0.141528,-1543.417725
0.244509,0.143665,-1545.671997
0.244824,0.145514,-1545.803711
0.244824,0.145514,-1543.018066
0.244824,0.145514,-1542.667114
0.244824,0.145514,-1544.865479
0.243825,0.144243,-1541.412598
0.243825,0.144243,-1542.328369
0.243825,0.144243,-1545.253906
0.243825,0.144243,-1542.822876
0.243825,0.144243,-1542.462646
0.244666,0.143762,-1543.134766
0.241997,0.141985,-1549.111084
0.244035,0.137473,-1545.414551
0.244035,0.137473,-1543.392212
0.244714,0.139069,-1544.365723
0.246125,0.139456,-1543.892822
0.247745,0.143053,-1544.10376
0.246582,0.140082,-1542.651611
0.248518,0.138011,-1544.702637
0.245942,0.138882,-1542.855225
0.246517,0.142143,-1542.999756
0.246517,0.142143,-1545.809326
0.246517,0.142143,-1543.368652
0.244705,0.143099,-1544.012207
0.245061,0.138983,-1544.720215
0.24437,0.136371,-1542.856445
0.244928,0.13677,-1543.506714
0.24548,0.137944,-1541.357178
0.244598,0.137805,-1541.134033
0.242114,0.13676,-1539.690918
0.24327,0.137426,-1542.001709
0.242421,0.13827,-1542.391113
0.243547,0.135255,-1542.241211
0.244321,0.130566,-1541.5354
0.244379,0.128897,-1544.199219
0.244379,0.128897,-1541.472046
0.247732,0.129603,-1544.584473
0.247732,0.129603,-1544.31897
0.24294,0.133488,-1542.492676
0.246134,0.129631,-1542.688721
0.247697,0.126638,-1544.454102
0.248342,0.1304,-1543.612549
0.248546,0.129464,-1544.155518
0.245764,0.123848,-1543.503662
0.243525,0.126584,-1543.853394
0.243525,0.126584,-1540.079346
0.246007,0.126497,-1542.645508
0.244183,0.124825,-1542.42749
0.242692,0.122578,-1543.81897
0.242692,0.122578,-1542.365112
0.244817,0.124945,-1543.81543
0.245716,0.125483,-1541.762939
0.245716,0.125483,-1542.159668
0.245716,0.125483,-1543.233276
0.246334,0.12654,-1541.966553
0.244067,0.123326,-1543.121582
0.245011,0.127773,-1545.904907
0.246757,0.134268,-1543.590942
0.244922,0.130949,-1543.949097
0.247066,0.134663,-1543.427979
0.247066,0.134663,-1543.42334
0.245452,0.135626,-1542.106445
0.245452,0.135626,-1543.054688
0.245452,0.135626,-1541.743652
0.246362,0.134367,-1542.858398
0.246612,0.13068,-1544.475098
0.246612,0.13068,-1541.442139
0.246612,0.13068,-1542.02002
0.249594,0.130181,-1545.860596
0.247882,0.128694,-1543.269409
0.248428,0.13064,-1543.93335
0.248428,0.13064,-1544.651123
0.247982,0.127552,-1544.870483
0.247982,0.127552,-1543.448486
0.246181,0.128923,-1543.191528
0.248567,0.125717,-1544.287598
0.248567,0.125717,-1543.337891
0.24448,0.123406,-1544.508301
0.245054,0.127654,-1544.857788
0.245054,0.127654,-1543.543701
0.245054,0.127654,-1544.621094
0.245054,0.127654,-1543.786865
0.245054,0.127654,-1542.883179
0.245895,0.127214,-1542.618896
0.245895,0.127214,-1542.673584
0.245895,0.127214,-1543.105469
0.247451,0.127052,-1543.063965
0.24635,0.130323,-1543.143677
0.249205,0.129684,-1544.333008
0.249205,0.129684,-1544.567261
0.249205,0.129684,-1544.87793
0.249205,0.129684,-1545.956787
0.250202,0.125396,-1544.805298
0.250342,0.122772,-1544.98645
0.252522,0.118634,-1547.321289
0.254382,0.122036,-1547.056885
0.25061,0.118693,-1545.647705
0.25061,0.118693,-1546.518555
0.25061,0.118693,-1545.710083
0.252189,0.117466,-1546.216309
0.251082,0.119124,-1547.752563
0.251082,0.119124,-1546.356445
0.250413,0.122587,-1545.284424
0.250855,0.12133,-1546.129639
0.247277,0.126512,-1543.846313
0.249387,0.124089,-1544.353638
0.249387,0.124089,-1543.433594
0.249387,0.124089,-1545.445801
0.249387,0.124089,-1546.406982
0.249616,0.126609,-1545.091553
0.245139,0.130736,-1542.045898
0.245139,0.130736,-1543.484863
0.245139,0.130736,-1543.479492
0.245139,0.130736,-1543.692871
0.248902,0.131586,-1544.862549
0.249602,0.132137,-1543.965332
0.250019,0.134979,-1544.27356
0.251169,0.13604,-1546.286133
0.250402,0.134592,-1545.710815
0.246904,0.126407,-1543.814575
0.244405,0.128705,-1541.126953
0.245167,0.129466,-1542.934814
0.245167,0.129466,-1543.099365
0.245167,0.129466,-1541.456665
0.245167,0.129466,-1541.887695
0.245167,0.129466,-1543.36377
0.244703,0.124661,-1541.859497
0.243157,0.123917,-1541.388916
0.248695,0.126906,-1543.724121
0.248695,0.126906,-1544.442383
0.248152,0.127339,-1546.425659
0.248152,0.127339,-1544.469482
0.248152,0.127339,-1544.273071
0.246161,0.127892,-1543.382324
0.246163,0.124216,-1543.298218
0.248363,0.128518,-1543.89978
0.245446,0.131249,-1543.073364
0.244927,0.132817,-1542.924072
0.244927,0.132817,-1541.267578
0.244927,0.132817,-1541.686035
0.244927,0.132817,-1544.231201
0.246134,0.133349,-1542.136353
0.24369,0.132454,-1540.583496
0.24369,0.132454,-1540.727905
0.241959,0.136646,-1539.895996
0.243433,0.135988,-1540.969482
0.243433,0.135988,-1541.502441
0.243433,0.135988,-1540.466431
0.243433,0.135988,-1542.864746
0.243433,0.135988,-1545.434814
0.243433,0.135988,-1543.621094
0.24158,0.132017,-1541.103271
0.24158,0.132017,-1539.706055
0.24158,0.132017,-1544.191406
0.24158,0.132017,-1539.219971
0.24158,0.132017,-1541.701904
0.245099,0.126039,-1543.615479
0.245099,0.126039,-1542.669922
0.245391,0.128593,-1543.888184
0.245983,0.13043,-1544.160645
0.24688,0.131816,-1542.946533
0.24688,0.131816,-1543.719238
0.244785,0.134201,-1544.088623
0.24524,0.132805,-1542.599854
0.24524,0.132805,-1543.57251
0.243348,0.130896,-1542.001099
0.241733,0.132894,-1545.124756
0.241733,0.132894,-1542.700317
0.242664,0.12606,-1542.338257
0.242664,0.12606,-1544.300293
0.24267,0.124208,-1543.642822
0.244164,0.124857,-1543.698975
0.243781,0.123934,-1541.528687
0.245497,0.121301,-1544.75647
0.240369,0.120309,-1542.319946
0.240369,0.120309,-1541.256104
0.240844,0.120224,-1540.022949
0.240844,0.120224,-1542.663086
0.240844,0.120224,-1540.056274
0.240844,0.120224,-1543.62146
0.240944,0.120995,-1542.319702
0.240944,0.120995,-1540.360596
0.240944,0.120995,-1545.588257
0.239988,0.123963,-1539.400635
0.240587,0.126084,-1543.689697
0.240808,0.125597,-1543.949707
0.239503,0.127853,-1540.835938
0.237998,0.129301,-1536.861084
0.237086,0.126849,-1545.61792
0.23983,0.127064,-1540.832275
0.238206,0.128824,-1537.513672
0.236774,0.123246,-1538.453979
0.236774,0.123246,-1549.116089
0.238901,0.122846,-1542.634033
0.238901,0.122846,-1542.491821
0.238901,0.122846,-1539.19397
0.236577,0.126241,-1546.728027
0.238391,0.128396,-1545.553345
0.236651,0.128062,-1536.521973
0.237793,0.131113,-1544.008057
0.238342,0.128292,-1543.275635
0.237244,0.123025,-1538.425049
0.236538,0.120894,-1546.34082
0.236538,0.120894,-1543.593506
0.237421,0.121597,-1549.901855
0.237523,0.122471,-1538.001709
0.239173,0.120747,-1539.009766
0.24154,0.12098,-1543.079224
0.24416,0.124874,-1541.14917
0.24416,0.124874,-1544.484985
0.244488,0.128641,-1540.866699
0.244488,0.128641,-1545.718872
0.244394,0.13568,-1543.220703
0.244394,0.13568,-1544.898926
0.246632,0.126581,-1542.912842
0.246632,0.126581,-1543.53833
0.24521,0.123363,-1543.28125
0.245288,0.124577,-1545.911743
0.246614,0.123066,-1543.394531
0.245857,0.115853,-1545.432373
0.245095,0.116652,-1545.982422
0.245095,0.116652,-1545.753052
0.245894,0.113374,-1547.550049
0.244788,0.112809,-1544.588013
0.244788,0.112809,-1549.01709
0.242187,0.11257,-1544.904541
0.242187,0.11257,-1547.257935
0.242469,0.113552,-1543.154663
0.24154,0.117226,-1545.636963
0.24154,0.117226,-1542.286377
0.24073,0.113595,-1543.822021
0.24073,0.113595,-1545.72876
0.2395,0.11038,-1542.127563
0.240228,0.108712,-1547.768555
0.240228,0.108712,-1550.192139
0.240228,0.108712,-1545.814453
0.240228,0.108712,-1547.121094
0.241212,0.108706,-1543.436035
0.241744,0.109501,-1545.490112
0.241744,0.109501,-1544.974365
0.245347,0.109669,-1545.317383
0.245347,0.109669,-1545.970581
0.246504,0.107841,-1546.467163
0.246455,0.108363,-1547.07373
0.248252,0.104159,-1553.648926
0.248252,0.104159,-1549.622559
0.248252,0.104159,-1549.38916
0.24822,0.102934,-1549.919434
0.24822,0.102934,-1549.471191
0.24821,0.103058,-1551.497314
0.24821,0.103058,-1550.932129
0.24821,0.103058,-1551.497803
0.24598,0.099887,-1550.373779
0.24705,0.100718,-1551.094238
0.24705,0.100718,-1550.384521
0.245444,0.104993,-1550.952393
0.244692,0.103938,-1548.068359
0.244692,0.103938,-1547.112793
0.243171,0.109082,-1546.932373
0.241413,0.113878,-1546.141968
0.240818,0.114379,-1545.018066
0.240818,0.114379,-1542.494995
0.24538,0.118089,-1544.179443
0.244221,0.119425,-1543.76123
0.240793,0.119197,-1542.067505
0.240793,0.119197,-1543.875732
0.240793,0.119197,-1542.518921
0.240565,0.116653,-1541.790527
0.240565,0.116653,-1541.881348
0.240565,0.116653,-1544.15564
0.240565,0.116653,-1542.197754
0.246255,0.117984,-1549.386963
0.246471,0.115473,-1544.808105
0.246471,0.115473,-1545.57666
0.249005,0.113232,-1546.415894
0.250172,0.113833,-1546.924072
0.246178,0.113063,-1548.209351
0.246331,0.109899,-1546.472412
0.246557,0.104065,-1548.177002
0.248873,0.103569,-1551.647583
0.248873,0.103569,-1551.389404
0.248873,0.103569,-1549.757568
0.247023,0.104427,-1548.446045
0.246096,0.109208,-1545.805664
0.248971,0.107742,-1548.160889
0.248253,0.104964,-1548.414551
0.25308,0.108092,-1550.236328
0.252942,0.108868,-1551.202393
0.250576,0.109906,-1548.154663
0.250576,0.109906,-1549.108154
0.249787,0.112522,-1547.087891
0.250563,0.112709,-1548.751221
0.247055,0.113757,-1545.546631
0.248559,0.113019,-1547.34668
0.248452,0.110417,-1548.971436
0.248452,0.110417,-1547.443359
0.245224,0.108189,-1548.541016
0.245342,0.105422,-1550.034424
0.245184,0.107464,-1546.644287
0.247418,0.111953,-1545.919922
0.24694,0.115385,-1545.142212
0.24694,0.115385,-1546.10083
0.24694,0.115385,-1544.569336
0.24595,0.11534,-1544.38501
0.247768,0.117988,-1544.358643
0.249908,0.116759,-1545.978394
0.247149,0.110118,-1546.47168
0.247149,0.110118,-1548.463745
0.246109,0.107951,-1546.17627
0.246109,0.107951,-1550.262329
0.246109,0.107951,-1549.533936
0.244753,0.10843,-1545.190674
0.244753,0.10843,-1548.271118
0.243145,0.105083,-1546.7677
0.243437,0.10233,-1547.901611
0.247061,0.104213,-1548.600342
0.247061,0.104213,-1548.70459
0.247061,0.104213,-1549.548828
0.247061,0.104213,-1548.691162
0.248217,0.105315,-1549.921875
0.249514,0.110996,-1548.104126
0.249514,0.110996,-1549.727539
0.249514,0.110996,-1547.066162
0.249514,0.110996,-1548.105469
0.249514,0.110996,-1547.471191
0.249514,0.110996,-1547.777588
0.24818,0.11145,-1547.038818
0.249508,0.110707,-1548.402466
0.249508,0.110707,-1547.579102
0.248194,0.114634,-1545.52124
0.246261,0.110266,-1545.978027
0.246261,0.110266,-1545.842285
0.24796,0.112289,-1546.707153
0.249598,0.11666,-1546.285156
0.247632,0.12261,-1544.90625
0.24702,0.123496,-1543.526855
0.24702,0.123496,-1543.908691
0.245987,0.127996,-1543.368286
0.242963,0.128847,-1543.182495
0.241883,0.127543,-1545.240234
0.23862,0.120977,-1538.424438
0.237793,0.123644,-1539.459961
0.237793,0.123644,-1540.314819
0.237793,0.123644,-1548.798584
0.237793,0.123644,-1539.8573
0.237793,0.123644,-1545.454102
0.23831,0.120408,-1545.771973
0.23831,0.120408,-1545.561768
0.242227,0.121296,-1541.108887
0.242227,0.121296,-1541.180786
0.242227,0.121296,-1540.674316
0.242227,0.121296,-1542.470459
0.242227,0.121296,-1541.870483
0.241502,0.119235,-1540.673218
0.243381,0.117539,-1548.421875
0.241952,0.119666,-1541.537964
0.246401,0.117308,-1543.835449
0.246401,0.117308,-1544.903809
0.245397,0.116326,-1544.745728
0.245397,0.116326,-1543.231689
0.245397,0.116326,-1543.844238
0.24365,0.115738,-1542.766602
0.24365,0.115738,-1545.663086
0.24365,0.115738,-1545.894531
0.24365,0.115738,-1544.824951
0.243885,0.111316,-1544.579956
0.243885,0.111316,-1544.44812
0.244415,0.115112,-1545.689941
0.242139,0.113988,-1544.23291
0.243758,0.112791,-1544.095459
0.243267,0.114907,-1547.934692
0.242462,0.115011,-1542.547363
0.242462,0.115011,-1546.599121
0.241496,0.116166,-1540.336426
0.241496,0.116166,-1542.92688
0.241675,0.117568,-1542.587646
0.241675,0.117568,-1541.112793
0.241675,0.117568,-1542.881348
0.244093,0.11196,-1545.100952
0.244093,0.11196,-1545.367188
0.244093,0.11196,-1552.579102
0.242712,0.112465,-1543.465332
0.243371,0.108201,-1545.409424
0.241711,0.110094,-1547.263672
0.241711,0.110094,-1547.230225
0.243227,0.109277,-1547.976807
0.241507,0.105753,-1545.197632
0.241507,0.105753,-1544.990479
0.241868,0.105125,-1547.389404
0.241118,0.108075,-1543.203003
0.241118,0.108075,-1549.382568
0.240565,0.107564,-1545.294922
0.240565,0.107564,-1545.044434
0.240565,0.107564,-1552.61438
0.24232,0.110705,-1545.94397
0.24232,0.110705,-1548.210693
0.24232,0.110705,-1543.477905
0.244791,0.112149,-1543.875732
0.243012,0.11556,-1544.507446
0.243012,0.11556,-1545.203613
0.243012,0.11556,-1542.919067
0.243961,0.117117,-1547.044189
0.245132,0.117281,-1544.561157
0.246844,0.115384,-1546.648926
0.246844,0.115384,-1545.39917
0.243253,0.108272,-1545.022705
0.243253,0.108272,-1548.015137
0.246482,0.107296,-1547.280273
0.248191,0.104073,-1549.285767
0.244989,0.101279,-1552.340088
0.242659,0.100889,-1547.641846
0.241038,0.09916,-1550.762207
0.243098,0.097666,-1551.675415
0.243379,0.098925,-1550.741943
0.242641,0.100438,-1551.562134
0.242641,0.100438,-1550.371338
0.245515,0.100099,-1551.740234
0.246079,0.100234,-1549.825195
0.247844,0.09742,-1555.772461
0.247844,0.09742,-1554.21106
0.247844,0.09742,-1554.617188
0.247844,0.09742,-1556.276123
0.244732,0.09659,-1551.285889
0.244732,0.09659,-1552.096436
0.24737,0.097606,-1551.916138
0.245485,0.098884,-1550.714355
0.245485,0.098884,-1551.414062
0.247072,0.098918,-1551.413086
0.247072,0.098918,-1553.365601
0.247384,0.096711,-1552.411133
0.247384,0.096711,-1553.897949
0.245359,0.098245,-1552.267334
0.244997,0.102404,-1549.741699
0.246488,0.10062,-1551.638428
0.245469,0.097535,-1553.347778
0.24708,0.097338,-1553.778564
0.244351,0.094354,-1552.331787
0.24411,0.100304,-1554.437988
0.24411,0.100304,-1548.692627
0.243133,0.106416,-1547.348389
0.243133,0.106416,-1545.484863
0.243239,0.105027,-1544.728394
0.243884,0.10788,-1544.586304
0.243884,0.10788,-1547.016602
0.244411,0.107879,-1547.60791
0.244411,0.107879,-1545.43457
0.247606,0.108064,-1547.169434
0.246027,0.108349,-1546.540527
0.246027,0.108349,-1547.928467
0.245088,0.10624,-1547.271851
0.245192,0.113397,-1546.200684
0.245503,0.107712,-1546.644043
0.245797,0.108218,-1548.387207
0.245797,0.108218,-1549.486572
0.245797,0.108218,-1547.237915
0.243751,0.107203,-1545.379639
0.243751,0.107203,-1548.013184
0.242949,0.113421,-1544.801636
0.242949,0.113421,-1546.035889
0.245682,0.122274,-1542.999023
0.245682,0.122274,-1543.000488
0.245682,0.122274,-1543.822144
0.24417,0.122568,-1545.017944
0.241456,0.121593,-1541.277954
0.243334,0.11989,-1542.61731
0.242888,0.121279,-1541.685059
0.242888,0.121279,-1541.565186
0.242888,0.121279,-1544.612793
0.245304,0.118118,-1544.29248
0.245304,0.118118,-1543.220459
0.246945,0.117376,-1543.955444
0.246945,0.117376,-1546.401611
0.246661,0.115655,-1544.712158
0.244958,0.11204,-1544.817261
0.24132,0.116995,-1548.065918
0.242159,0.116574,-1549.467285
0.241599,0.117805,-1542.81311
0.241599,0.117805,-1540.576782
0.240493,0.117281,-1541.27124
0.240493,0.117281,-1542.460449
0.239266,0.120996,-1543.768311
0.238618,0.118826,-1545.556641
0.238618,0.118826,-1543.252319
0.240901,0.113735,-1540.756348
0.240901,0.113735,-1542.11792
0.239567,0.11371,-1546.967041
0.24037,0.115028,-1543.22998
0.239825,0.113954,-1546.174072
0.239464,0.114292,-1545.813721
0.239166,0.116596,-1542.662354
0.236602,0.116164,-1543.742676
0.237466,0.113358,-1545.025024
0.237878,0.119036,-1544.511353
0.237243,0.12287,-1543.351074
0.237243,0.12287,-1543.118164
0.237243,0.12287,-1537.516846
0.237243,0.12287,-1541.079102
0.234858,0.12398,-1546.548828
0.234295,0.126209,-1546.689697
0.234295,0.126209,-1534.709717
0.235655,0.128382,-1542.224609
0.235655,0.128382,-1541.963257
0.233682,0.129237,-1535.794678
0.233682,0.129237,-1538.454712
0.233682,0.129237,-1535.836426
0.233682,0.129237,-1536.366089
0.233682,0.129237,-1541.301025
0.23522,0.130417,-1536.509033
0.235982,0.125648,-1543.742432
0.235982,0.125648,-1537.206055
0.235982,0.125648,-1537.818726
0.239425,0.123883,-1544.711426
0.239726,0.121765,-1541.44043
0.238859,0.121722,-1548.345215
0.238859,0.121722,-1543.188843
0.239255,0.126042,-1540.043091
0.238614,0.121717,-1538.444824
0.235563,0.120551,-1544.405884
0.233258,0.117848,-1552.169556
0.233414,0.116657,-1540.485229
0.233287,0.112759,-1542.062134
0.236949,0.117607,-1541.13562
0.236579,0.119848,-1550.296875
0.238167,0.119817,-1542.750854
0.236723,0.1268,-1538.326416
0.236723,0.1268,-1537.926758
0.236723,0.1268,-1544.488281
0.240216,0.128873,-1540.547852
0.24106,0.130413,-1539.363403
0.242085,0.132552,-1542.308838
0.24078,0.126412,-1548.428223
0.24078,0.126412,-1542.594238
0.24078,0.126412,-1541.704834
0.239767,0.124762,-1538.635376
0.239767,0.124762,-1541.411987
0.239116,0.123258,-1545.67688
0.23939,0.125799,-1540.89917
0.240414,0.124631,-1543.877319
0.240414,0.124631,-1545.931396
0.240414,0.124631,-1543.22522
0.240414,0.124631,-1540.203613
0.237996,0.124473,-1542.140869
0.237996,0.124473,-1537.572998
0.23951,0.127238,-1538.483765
0.239119,0.127764,-1541.786377
0.239119,0.127764,-1538.195068
0.239119,0.127764,-1540.714722
0.239119,0.127764,-1541.262085
0.236186,0.130779,-1540.838135
0.23713,0.133315,-1536.873047
0.23713,0.133315,-1539.01001
0.237045,0.132754,-1537.364258
0.23259,0.135628,-1542.112061
0.234218,0.135692,-1553.228027
0.231483,0.13279,-1537.894287
0.228383,0.138936,-1541.285645
0.227802,0.135529,-1545.042725
0.231333,0.137773,-1549.099365
0.231333,0.137773,-1542.281738
0.231333,0.137773,-1548.011841
0.231333,0.137773,-1546.853027
0.22933,0.13996,-1553.764526
0.230929,0.142568,-1549.743896
0.232711,0.141902,-1543.108154
0.232711,0.141902,-1544.280396
0.232711,0.141902,-1542.671143
0.232711,0.141902,-1543.286621
0.232711,0.141902,-1547.408447
0.231349,0.146071,-1542.007446
0.2349,0.146234,-1539.428589
0.2349,0.146234,-1536.74292
0.2349,0.146234,-1537.735107
0.231828,0.148538,-1543.821289
0.231828,0.148538,-1541.30835
0.229836,0.148943,-1539.560303
0.229836,0.148943,-1537.011597
0.229836,0.148943,-1545.722168
0.229793,0.149816,-1549.751953
0.229793,0.149816,-1536.876465
0.228063,0.146503,-1534.405273
0.228063,0.146503,-1553.525757
0.228063,0.146503,-1543.959229
0.229246,0.143261,-1554.080566
0.231943,0.140001,-1535.920654
0.231943,0.140001,-1545.270264
0.231943,0.140001,-1544.977539
0.231943,0.140001,-1540.29187
0.231943,0.140001,-1534.601807
0.231943,0.140001,-1539.681152
0.233137,0.136134,-1543.863525
0.237942,0.132911,-1543.040771
0.237098,0.131458,-1541.046875
0.237098,0.131458,-1541.418335
0.23338,0.1308,-1534.777832
0.231575,0.126634,-1544.729004
0.231009,0.127477,-1540.427979
0.231009,0.127477,-1541.973022
0.231009,0.127477,-1544.216064
0.231345,0.129127,-1544.56543
0.231345,0.129127,-1549.08667
0.230989,0.131201,-1541.336426
0.230264,0.133539,-1547.560547
0.230264,0.133539,-1536.835938
0.232424,0.131497,-1542.174316
0.233556,0.136482,-1541.662109
0.233556,0.136482,-1537.370605
0.233642,0.130135,-1545.775513
0.233122,0.129674,-1540.473633
0.233122,0.129674,-1542.08728
0.233122,0.129674,-1546.595703
0.23354,0.126454,-1543.648071
0.232502,0.127947,-1542.151611
0.228603,0.132396,-1535.783447
0.22849,0.129788,-1533.7229
0.227947,0.125449,-1550.445557
0.231102,0.123201,-1541.911621
0.231102,0.123201,-1539.750977
0.230576,0.124323,-1538.021484
0.230576,0.124323,-1547.94812
0.230576,0.124323,-1542.433594
0.230576,0.124323,-1539.789185
0.22956,0.121105,-1548.385742
0.23141,0.124873,-1539.472778
0.23141,0.124873,-1544.031982
0.23141,0.124873,-1540.883545
0.23141,0.124873,-1539.10498
0.23141,0.124873,-1533.1604
0.23141,0.124873,-1551.61792
0.23141,0.124873,-1542.792236
0.236047,0.124464,-1542.011841
0.236047,0.124464,-1536.425049
0.236047,0.124464,-1543.29541
0.236047,0.124464,-1545.008545
0.234104,0.126968,-1544.127319
0.234104,0.126968,-1542.617432
0.232671,0.128748,-1537.52002
0.236376,0.132339,-1546.94043
0.234492,0.135711,-1541.701904
0.234492,0.135711,-1536.953491
0.235285,0.131059,-1545.050171
0.233932,0.126362,-1542.980835
0.235573,0.128031,-1547.905518
0.235573,0.128031,-1536.934692
0.235573,0.128031,-1541.28125
0.238085,0.127777,-1540.990967
0.237084,0.125744,-1544.192749
0.238283,0.125106,-1540.726807
0.238283,0.125106,-1539.193237
0.238283,0.125106,-1537.025391
0.238283,0.125106,-1538.917725
0.236973,0.122347,-1545.654541
0.237978,0.127008,-1537.25708
0.240259,0.124734,-1539.831299
0.23657,0.12143,-1545.561401
0.23594,0.119114,-1552.361572
0.23594,0.119114,-1544.418701
0.23594,0.119114,-1538.028809
0.23594,0.119114,-1539.029175
0.23594,0.119114,-1539.66748
0.234351,0.117933,-1541.483643
0.234351,0.117933,-1544.915283
0.232933,0.115887,-1547.658936
0.232933,0.115887,-1545.174561
0.232933,0.115887,-1545.536621
0.235358,0.108384,-1544.968018
0.235358,0.108384,-1542.18811
0.235358,0.108384,-1548.334473
0.235358,0.108384,-1547.908081
0.235358,0.108384,-1547.637939
0.235358,0.108384,-1549.566895
0.234853,0.108201,-1557.561768
0.235753,0.110555,-1539.941895
0.235622,0.11412,-1546.787231
0.234956,0.113915,-1540.280396
0.235038,0.112071,-1548.638428
0.235038,0.112071,-1546.910645
0.236978,0.109405,-1542.856445
0.237581,0.108764,-1542.63623
0.237471,0.107628,-1547.366943
0.235597,0.105065,-1544.486084
0.235815,0.107857,-1544.334473
0.235815,0.107857,-1548.28418
0.24104,0.111552,-1548.349609
0.24104,0.111552,-1541.647217
0.24104,0.111552,-1542.427002
0.240891,0.111212,-1544.258057
0.240891,0.111212,-1547.476074
0.242602,0.113735,-1548.569092
0.244,0.109766,-1547.876099
0.244,0.109766,-1545.30249
0.244825,0.114565,-1545.395142
0.244825,0.114565,-1546.061401
0.24455,0.118731,-1543.195312
0.24455,0.118731,-1543.894531
0.24455,0.118731,-1548.125977
0.248494,0.118941,-1544.633789
0.247677,0.116742,-1545.497803
0.247677,0.116742,-1545.257202
0.244325,0.113478,-1547.13855
0.244325,0.113478,-1545.753906
0.246826,0.113412,-1546.87207
0.248098,0.114874,-1545.715942
0.248098,0.114874,-1546.746338
0.248098,0.114874,-1545.317383
0.247982,0.115471,-1545.56311
0.247982,0.115471,-1545.603516
0.247982,0.115471,-1544.888184
0.249635,0.115702,-1546.156738
0.247235,0.115181,-1547.766846
0.246734,0.114436,-1545.688965
0.246734,0.114436,-1546.197021
0.243301,0.12348,-1541.420898
0.245208,0.127524,-1544.361328
0.24801,0.127771,-1543.781982
0.246979,0.126932,-1543.498291
0.249006,0.129378,-1544.610596
0.247382,0.12885,-1543.513428
0.247382,0.12885,-1543.223145
0.24617,0.129502,-1543.802734
0.246249,0.129169,-1542.610107
0.246249,0.129169,-1545.564819
0.247186,0.134166,-1543.161011
0.247186,0.134166,-1542.801392
0.245689,0.13408,-1546.044922
0.245689,0.13408,-1541.836426
0.245689,0.13408,-1543.375732
0.245689,0.13408,-1542.219971
0.247643,0.133628,-1543.350098
0.246552,0.132598,-1543.969971
0.246552,0.132598,-1543.588379
0.246552,0.132598,-1545.797607
0.247417,0.130289,-1543.452026
0.247417,0.130289,-1543.457642
0.247417,0.130289,-1543.141968
0.247417,0.130289,-1543.189453
0.248408,0.126296,-1548.422607
0.247495,0.13055,-1543.617432
0.247495,0.13055,-1543.009521
0.248564,0.13283,-1547.66687
0.248897,0.129451,-1544.598633
0.248897,0.129451,-1544.279541
0.248897,0.129451,-1543.571533
0.24928,0.124879,-1544.910889
0.249955,0.126922,-1543.675903
0.249955,0.126922,-1544.033936
0.248641,0.123872,-1544.311035
0.244899,0.124877,-1543.155273
0.244899,0.124877,-1544.243896
0.240259,0.126222,-1544.21167
0.240436,0.130677,-1539.543701
0.240436,0.130677,-1539.31543
0.240436,0.130677,-1538.574829
0.240436,0.130677,-1542.774902
0.241778,0.126446,-1543.452148
0.241778,0.126446,-1539.777954
0.241778,0.126446,-1539.99231
0.242629,0.127427,-1547.834961
0.243687,0.132465,-1540.223145
0.243687,0.132465,-1541.443604
0.243687,0.132465,-1544.315796
0.242617,0.135474,-1542.52832
0.242617,0.135474,-1541.527832
0.242617,0.135474,-1540.1604
0.242617,0.135474,-1540.346313
0.243011,0.138882,-1545.470459
0.243011,0.138882,-1542.166626
0.243302,0.135043,-1544.439453
0.243302,0.135043,-1541.634155
0.245374,0.13645,-1542.837891
0.246771,0.132756,-1542.651367
0.247326,0.132087,-1542.973267
0.247326,0.132087,-1543.641846
0.247326,0.132087,-1543.303345
0.249024,0.134046,-1543.821533
0.247474,0.137129,-1545.689697
0.246367,0.135052,-1542.807373
0.249821,0.136754,-1544.91748
0.249114,0.137725,-1544.644165
0.247134,0.136815,-1548.249268
0.248469,0.137529,-1544.326416
0.245806,0.138045,-1545.770996
0.245806,0.138045,-1544.230713
0.244354,0.139543,-1542.97876
0.245432,0.132092,-1542.420898
0.246428,0.13547,-1544.439453
0.245949,0.135257,-1547.267334
0.245949,0.135257,-1542.175537
0.245725,0.13412,-1543.179199
0.245725,0.13412,-1542.236816
0.245236,0.136521,-1542.612061
0.24351,0.139086,-1541.740723
0.24351,0.139086,-1542.817871
0.241856,0.140964,-1542.17981
0.242853,0.142957,-1541.795044
0.241071,0.142268,-1543.725342
0.241071,0.142268,-1542.115479
0.241071,0.142268,-1541.896729
0.240078,0.143632,-1543.770996
0.237699,0.140026,-1539.460449
0.236487,0.139099,-1539.344482
0.236487,0.139099,-1544.667358
0.24089,0.136719,-1544.871094
0.23884,0.138992,-1541.04126
0.239109,0.139994,-1540.243408
0.238719,0.144702,-1538.215332
0.238719,0.144702,-1541.804321
0.23599,0.148921,-1539.10498
0.23599,0.148921,-1542.877686
0.234341,0.148146,-1536.546631
0.236266,0.151005,-1544.573486
0.236266,0.151005,-1546.768188
0.235274,0.153427,-1541.657837
0.233474,0.150701,-1538.999023
0.236052,0.152732,-1542.312256
0.238478,0.151208,-1543.075073
0.236346,0.145786,-1544.032837
0.236346,0.145786,-1543.651489
0.236503,0.141035,-1543.972656
0.236487,0.139534,-1536.070435
0.236487,0.139534,-1543.065186
0.234871,0.143956,-1537.169067
0.235137,0.144075,-1544.032227
0.235137,0.144075,-1537.731323
0.235137,0.144075,-1546.001465
0.233474,0.144749,-1541.698242
0.233474,0.144749,-1547.430786
0.23371,0.142415,-1548.042236
0.231604,0.140129,-1547.544067
0.231604,0.140129,-1543.05896
0.231604,0.140129,-1552.599121
0.231604,0.140129,-1551.199219
0.231604,0.140129,-1533.5979
0.231604,0.140129,-1548.471191
0.231604,0.140129,-1540.133545
0.229191,0.136877,-1542.661865
0.229191,0.136877,-1547.101807
0.230566,0.132671,-1543.000488
0.230566,0.132671,-1538.788696
0.230566,0.132671,-1538.741821
0.230566,0.132671,-1534.780762
0.230566,0.132671,-1545.071289
0.231779,0.135958,-1549.018311
0.232375,0.137506,-1541.736816
0.230651,0.140128,-1550.802979
0.230651,0.140128,-1534.891602
0.230651,0.140128,-1549.764648
0.230651,0.140128,-1553.636719
0.230966,0.137283,-1535.870972
0.232082,0.141304,-1542.483887
0.232082,0.141304,-1544.328125
0.230673,0.144945,-1543.419189
0.230673,0.144945,-1545.021973
0.229277,0.142366,-1550.041016
0.2305,0.147614,-1554.937256
0.230973,0.150893,-1545.242676
0.230973,0.150893,-1539.234375
0.232261,0.149832,-1551.51416
0.232261,0.149832,-1549.65918
0.233232,0.14551,-1549.281006
0.233232,0.14551,-1547.6604
0.233232,0.14551,-1540.445923
0.233232,0.14551,-1550.207031
0.234119,0.14482,-1544.298096
0.234119,0.14482,-1542.42981
0.233284,0.142874,-1539.991943
0.233284,0.142874,-1538.468994
0.233284,0.142874,-1537.786011
0.232093,0.145205,-1544.636963
0.232093,0.145205,-1540.393188
0.234636,0.140891,-1545.256104
0.234636,0.140891,-1540.041504
0.234636,0.140891,-1537.003174
0.234636,0.140891,-1542.129883
0.234636,0.140891,-1535.768799
0.234636,0.140891,-1546.344971
0.234636,0.140891,-1546.476929
0.234636,0.140891,-1550.814209
0.237943,0.141357,-1543.045898
0.241358,0.137719,-1539.555054
0.243649,0.135356,-1542.991699
0.243852,0.137206,-1541.289062
0.242728,0.132667,-1542.899658
0.240571,0.127763,-1546.140747
0.241386,0.126845,-1539.468628
0.241386,0.126845,-1540.014404
0.241386,0.126845,-1540.613281
0.241709,0.12655,-1541.87793
0.241314,0.125077,-1542.899292
0.239756,0.126808,-1538.969238
0.239756,0.126808,-1542.197266
0.239756,0.126808,-1541.052979
0.239775,0.123869,-1541.992432
0.237173,0.123939,-1537.990723
0.235293,0.127289,-1542.022949
0.2365,0.128207,-1553.666382
0.237411,0.129681,-1540.159058
0.237411,0.129681,-1542.850342
0.241439,0.130375,-1540.470947
0.241439,0.130375,-1542.009521
0.241439,0.130375,-1539.887085
0.238679,0.132619,-1539.00708
0.238679,0.132619,-1538.947632
0.238679,0.132619,-1541.256348
0.238679,0.132619,-1538.706665
0.238679,0.132619,-1541.559692
0.236708,0.131093,-1537.564941
0.236718,0.134319,-1546.380005
0.236718,0.134319,-1540.984375
0.236718,0.134319,-1541.285645
0.236718,0.134319,-1544.045044
0.236543,0.136362,-1541.903931
0.236605,0.134205,-1539.980225
0.236605,0.134205,-1542.998779
0.238262,0.14165,-1538.901245
0.23856,0.14297,-1538.183838
0.23856,0.14297,-1544.932861
0.23856,0.14297,-1543.892578
0.23856,0.14297,-1540.269653
0.236412,0.146186,-1544.11084
0.236412,0.146186,-1537.123535
0.236412,0.146186,-1538.022705
0.236412,0.146186,-1550.650635
0.236412,0.146186,-1540.138062
0.236412,0.146186,-1544.837402
0.236412,0.146186,-1541.193848
0.235318,0.151484,-1538.869751
0.235318,0.151484,-1543.849609
0.234075,0.147938,-1541.804932
0.234075,0.147938,-1542.316162
0.23372,0.151159,-1540.179321
0.23372,0.151159,-1536.012085
0.23372,0.151159,-1537.609009
0.23372,0.151159,-1546.406494
0.23372,0.151159,-1545.215454
0.23372,0.151159,-1540.787842
0.233503,0.157421,-1544.080322
0.233503,0.157421,-1541.256836
0.235217,0.153427,-1544.750977
0.234029,0.152698,-1546.623779
0.234029,0.152698,-1542.593628
0.235878,0.152333,-1547.400879
0.234312,0.151226,-1546.754395
0.231867,0.154945,-1543.127197
0.231867,0.154945,-1538.168823
0.234234,0.157977,-1547.367554
0.232779,0.15268,-1547.969971
0.234518,0.156562,-1539.081299
0.2339,0.15444,-1541.456177
0.2339,0.15444,-1538.598755
0.233418,0.153092,-1545.743164
0.233418,0.153092,-1539.642456
0.232393,0.154278,-1548.763428
0.232393,0.154278,-1547.453247
0.232393,0.154278,-1548.223145
0.236426,0.153366,-1540.231445
0.236986,0.150436,-1546.806519
0.236986,0.150436,-1537.659424
0.236986,0.150436,-1538.45166
0.235862,0.148798,-1541.862061
0.234791,0.147252,-1545.601929
0.234791,0.147252,-1540.585815
0.236795,0.14994,-1542.441895
0.235475,0.146829,-1545.934937
0.235475,0.146829,-1538.833496
0.235475,0.146829,-1539.142578
0.235475,0.146829,-1542.553467
0.235475,0.146829,-1541.039062
0.237206,0.149302,-1541.502686
0.238802,0.148065,-1540.175049
0.238802,0.148065,-1539.879517
0.238802,0.148065,-1543.964722
0.241548,0.149912,-1543.617676
0.243183,0.154102,-1543.287842
0.240211,0.152629,-1542.566162
0.23778,0.150432,-1546.222778
0.235071,0.155071,-1542.941406
0.235724,0.157519,-1543.641357
0.235724,0.157519,-1538.592041
0.235724,0.157519,-1545.285889
0.238632,0.156313,-1544.470581
0.238877,0.148785,-1539.692627
0.241234,0.146307,-1542.505005
0.239401,0.15022,-1542.254272
0.238092,0.152545,-1547.269409
0.236797,0.149842,-1548.115234
0.236797,0.149842,-1542.414551
0.236797,0.149842,-1539.235596
0.236152,0.14897,-1537.716797
0.237708,0.153772,-1549.03418
0.235836,0.151551,-1539.055908
0.235682,0.157222,-1543.55188
0.235682,0.157222,-1548.913574
0.235682,0.157222,-1540.709473
0.235682,0.157222,-1544.644287
0.23635,0.155766,-1545.676514
0.23635,0.155766,-1543.803589
0.236677,0.150224,-1546.81543
0.236677,0.150224,-1539.489746
0.23449,0.15049,-1542.908936
0.23449,0.15049,-1537.139648
0.236344,0.155962,-1544.615723
0.236344,0.155962,-1541.93457
0.236344,0.155962,-1541.308594
0.236344,0.155962,-1540.083252
0.236344,0.155962,-1551.689331
0.236344,0.155962,-1540.691162
0.236344,0.155962,-1544.557373
0.235202,0.15425,-1548.387695
0.234017,0.1533,-1549.449463
0.233252,0.145325,-1542.703857
0.234045,0.141275,-1540.87085
0.234045,0.141275,-1535.677246
0.234045,0.141275,-1544.076416
0.234045,0.141275,-1543.860962
0.236371,0.145166,-1545.960938
0.235528,0.144899,-1540.231689
0.236794,0.141355,-1540.609253
0.236623,0.143322,-1541.615479
0.241094,0.144333,-1544.935059
0.241094,0.144333,-1541.582031
0.240429,0.139396,-1548.735107
0.237777,0.139559,-1542.275879
0.243029,0.142799,-1541.162109
0.243029,0.142799,-1541.438354
0.243029,0.142799,-1540.493652
0.244017,0.144779,-1542.008179
0.244012,0.139769,-1541.481079
0.244012,0.139769,-1543.701904
0.24286,0.135922,-1542.21106
0.24286,0.135922,-1541.627686
0.24286,0.135922,-1541.079346
0.244968,0.137578,-1541.042236
0.243312,0.140936,-1543.405518
0.244839,0.139484,-1542.603516
0.244999,0.141812,-1544.053345
0.244999,0.141812,-1543.778931
0.2478,0.143482,-1545.364014
0.247764,0.145784,-1545.330078
0.247764,0.145784,-1544.240356
0.246795,0.14414,-1544.570068
0.246133,0.143205,-1543.271729
0.246133,0.143205,-1543.907227
0.246133,0.143205,-1545.629395
0.242266,0.145082,-1545.704712
0.244538,0.143435,-1544.075439
0.244538,0.143435,-1544.987061
0.244068,0.144424,-1542.065674
0.240458,0.141558,-1543.663452
0.243369,0.139597,-1541.206787
0.243317,0.141618,-1545.771362
0.243317,0.141618,-1541.301392
0.243538,0.14463,-1545.05957
0.243538,0.14463,-1542.682373
0.24277,0.146452,-1546.874268
0.243818,0.150806,-1544.43335
0.243818,0.150806,-1543.122803
0.246903,0.154021,-1546.171387
0.242952,0.154331,-1542.541138
0.242359,0.15509,-1543.04126
0.240826,0.15651,-1544.245361
0.239344,0.155595,-1541.251709
0.239365,0.154938,-1543.279053
0.239368,0.154987,-1544.361816
0.238766,0.151152,-1545.952026
0.238401,0.147822,-1541.9375
0.238401,0.147822,-1539.56665
0.238091,0.146267,-1542.506226
0.238091,0.146267,-1538.262207
0.238091,0.146267,-1541.280273
0.238091,0.146267,-1543.290527
0.238016,0.147631,-1541.952881
0.235249,0.14328,-1540.54126
0.235249,0.14328,-1538.201294
0.239572,0.142944,-1548.47168
0.238436,0.141301,-1539.471436
0.235824,0.144162,-1543.010742
0.242158,0.146203,-1542.443604
0.242158,0.146203,-1540.356934
0.242158,0.146203,-1541.941284
0.242158,0.146203,-1541.233154
0.24278,0.144846,-1544.534302
0.243322,0.144639,-1545.817749
0.243322,0.144639,-1545.219238
0.242874,0.140805,-1541.03894
0.242874,0.140805,-1541.620117
0.245987,0.143461,-1544.881104
0.245987,0.143461,-1542.057129
0.24659,0.144603,-1544.028076
0.242964,0.147485,-1544.904785
0.240646,0.14629,-1542.715576
0.243825,0.149912,-1547.018555
0.243825,0.149912,-1544.55249
0.243825,0.149912,-1543.132446
0.243825,0.149912,-1543.865845
0.242795,0.149055,-1542.860596
0.242795,0.149055,-1546.851074
0.246494,0.148862,-1544.340942
0.248499,0.152299,-1545.596436
0.248508,0.153614,-1547.23584
0.248508,0.153614,-1544.974243
0.248508,0.153614,-1546.888916
0.250889,0.155531,-1547.865479
0.250889,0.155531,-1549.049316
0.250943,0.160273,-1549.30249
0.250943,0.160273,-1549.313477
0.25219,0.157078,-1549.406738
0.250251,0.156657,-1548.594727
0.250251,0.156657,-1549.010254
0.250251,0.156657,-1549.533203
0.251131,0.160465,-1550.52417
0.247339,0.168858,-1551.399658
0.247339,0.168858,-1551.452393
0.247339,0.168858,-1550.220459
0.247339,0.168858,-1552.046631
0.246919,0.168716,-1550.563721
0.246919,0.168716,-1550.219482
0.246919,0.168716,-1550.114014
0.249219,0.168988,-1551.559814
0.249219,0.168988,-1552.719482
0.245972,0.164057,-1550.266479
0.24578,0.164188,-1548.041504
0.24578,0.164188,-1547.716675
0.248025,0.161327,-1548.734619
0.250616,0.157476,-1549.947754
0.24819,0.158398,-1548.825684
0.24819,0.158398,-1549.140991
0.247756,0.157977,-1546.946777
0.24543,0.155492,-1544.474121
0.24543,0.155492,-1545.334473
0.24543,0.155492,-1545.26709
0.24543,0.155492,-1548.013672
0.24543,0.155492,-1544.638184
0.244725,0.153039,-1547.062012
0.24624,0.152786,-1545.141846
0.247832,0.147596,-1545.30188
0.250632,0.146396,-1546.155518
0.249053,0.145577,-1545.086426
0.249053,0.145577,-1547.124634
0.25149,0.14165,-1547.11499
0.25149,0.14165,-1545.47876
0.249852,0.140413,-1545.537354
0.249852,0.140413,-1544.663574
0.245778,0.142803,-1543.806641
0.245778,0.142803,-1543.110962
0.246028,0.142611,-1546.053467
0.248023,0.143993,-1544.713989
0.247549,0.147013,-1545.289673
0.24332,0.146771,-1542.841187
0.242863,0.14702,-1543.248535
0.242863,0.14702,-1544.941162
0.242863,0.14702,-1541.449951
0.242084,0.141813,-1540.720215
0.240038,0.139185,-1542.648682
0.240038,0.139185,-1538.76709
0.240038,0.139185,-1538.638184
0.241511,0.134755,-1540.794678
0.241511,0.134755,-1539.293701
0.242853,0.132681,-1540.384033
0.242821,0.131614,-1543.986816
0.242821,0.131614,-1541.240234
0.244169,0.135876,-1541.641479
0.244169,0.135876,-1543.217041
0.244169,0.135876,-1542.456055
0.24628,0.136203,-1544.295532
0.247835,0.133716,-1543.181641
0.247835,0.133716,-1543.337891
0.245949,0.135027,-1542.541626
0.245949,0.135027,-1542.983154
0.245949,0.135027,-1543.842041
0.244784,0.138166,-1544.80249
0.244784,0.138166,-1543.200439
0.243969,0.140652,-1544.973022
0.243969,0.140652,-1542.359985
0.242299,0.136063,-1546.493164
0.242383,0.135593,-1541.333252
0.242383,0.135593,-1540.842285
0.241849,0.132156,-1541.250977
0.240229,0.129092,-1542.482178
0.238647,0.128032,-1542.729492
0.238647,0.128032,-1542.597412
0.235564,0.131082,-1537.054077
0.235962,0.129824,-1536.960449
0.237534,0.132102,-1539.433594
0.238628,0.130114,-1540.788574
0.236652,0.125372,-1542.189331
0.236652,0.125372,-1537.412598
0.236489,0.126907,-1539.53186
0.236489,0.126907,-1536.669312
0.234136,0.124925,-1539.011597
0.235289,0.124207,-1539.047119
0.235289,0.124207,-1542.003906
0.235289,0.124207,-1543.449219
0.235289,0.124207,-1542.508057
0.234081,0.124313,-1543.916016
0.235109,0.121791,-1548.66626
0.235663,0.121744,-1539.5448
0.238206,0.121157,-1538.837769
0.236665,0.119285,-1548.632812
0.236665,0.119285,-1550.560303
0.236513,0.123391,-1544.60791
0.236513,0.123391,-1536.643799
0.236829,0.124794,-1541.77002
0.237885,0.121898,-1543.690918
0.237885,0.121898,-1537.879761
0.236876,0.118902,-1545.872803
0.236876,0.118902,-1540.449219
0.237246,0.120993,-1549.103271
0.236977,0.121745,-1546.336304
0.237146,0.12218,-1538.763916
0.236292,0.122248,-1542.504395
0.235582,0.121379,-1549.655518
0.235582,0.121379,-1548.028564
0.234231,0.117857,-1538.54895
0.236949,0.114383,-1539.676025
0.236949,0.114383,-1544.476318
0.236949,0.114383,-1545.114258
0.235984,0.119141,-1547.154053
0.235984,0.119141,-1543.979248
0.235984,0.119141,-1538.695801
0.234071,0.117943,-1542.900146
0.234071,0.117943,-1541.381104
0.234071,0.117943,-1543.995605
0.233466,0.112628,-1544.488525
0.233758,0.110642,-1546.18457
0.233758,0.110642,-1542.757568
0.234393,0.106477,-1544.744629
0.234393,0.106477,-1547.618774
0.23369,0.106135,-1540.727539
0.23369,0.106135,-1551.745972
0.23369,0.106135,-1545.303955
0.234155,0.107598,-1552.461182
0.232621,0.105349,-1551.887939
0.232621,0.105349,-1544.263672
0.232459,0.108515,-1549.475952
0.229871,0.107269,-1543.297363
0.228388,0.105094,-1549.484619
0.228342,0.105226,-1552.685303
0.225078,0.10609,-1551.916504
0.224847,0.110706,-1549.153931
0.225579,0.109296,-1544.654907
0.225579,0.109296,-1549.425659
0.225579,0.109296,-1546.604492
0.225579,0.109296,-1549.894775
0.225579,0.109296,-1555.101074
0.225473,0.111132,-1552.485474
0.225473,0.111132,-1540.505981
0.225473,0.111132,-1551.572021
0.227637,0.110686,-1540.547119
0.228847,0.113277,-1549.344727
0.228847,0.113277,-1547.95166
0.228847,0.113277,-1539.884033
0.228847,0.113277,-1550.205811
0.228847,0.113277,-1553.321045
0.228847,0.113277,-1552.0
0.228847,0.113277,-1557.995728
0.229768,0.116143,-1549.92041
0.229768,0.116143,-1556.779785
0.230343,0.113532,-1545.180908
0.233952,0.107382,-1554.849609
0.23729,0.10636,-1543.937256
0.23729,0.10636,-1551.450195
0.23729,0.10636,-1548.266968
0.233884,0.105353,-1548.120361
0.233884,0.105353,-1547.260864
0.235374,0.109966,-1542.068604
0.233318,0.111066,-1544.188477
0.23415,0.112495,-1551.467407
0.237314,0.114039,-1554.12793
0.237182,0.117275,-1541.993896
0.238189,0.117207,-1544.675781
0.238189,0.117207,-1539.132324
0.238189,0.117207,-1540.793213
0.238189,0.117207,-1542.017456
0.238189,0.117207,-1548.093506
0.238189,0.117207,-1544.110229
0.239276,0.115588,-1547.649658
0.23717,0.10909,-1549.734375
0.23717,0.10909,-1544.577881
0.23717,0.10909,-1543.147217
0.236806,0.112494,-1547.665649
0.237284,0.112899,-1541.214355
0.237043,0.115185,-1546.753662
0.237043,0.115185,-1543.924316
0.235578,0.117557,-1543.369995
0.235578,0.117557,-1541.352539
0.235578,0.117557,-1546.616943
0.235578,0.117557,-1544.558228
0.235578,0.117557,-1540.687988
0.236167,0.114995,-1543.454834
0.235886,0.113352,-1545.275146
0.238685,0.117603,-1547.054077
0.238685,0.117603,-1544.01709
0.238844,0.119373,-1539.993164
0.238844,0.119373,-1539.939575
0.233627,0.116671,-1550.544312
0.230218,0.116762,-1549.848755
0.232869,0.112329,-1556.44458
0.233833,0.110067,-1554.731812
0.233833,0.110067,-1540.774902
0.233833,0.110067,-1539.666016
0.233833,0.110067,-1543.382935
0.232513,0.11025,-1551.645752
0.232513,0.11025,-1543.131104
0.233596,0.111299,-1543.801025
0.237435,0.113154,-1549.080566
0.237435,0.113154,-1547.411621
0.24131,0.114496,-1548.456665
0.241075,0.112735,-1543.731934
0.240168,0.116491,-1542.583496
0.240168,0.116491,-1542.964722
0.240168,0.116491,-1541.123047
0.239919,0.1145,-1543.489868
0.237644,0.118762,-1548.755859
0.236793,0.120663,-1553.533936
0.236793,0.120663,-1541.479736
0.23757,0.12255,-1547.330933
0.23757,0.12255,-1543.171143
0.237531,0.126433,-1539.652832
0.240122,0.127102,-1543.168457
0.240122,0.127102,-1542.832275
0.240091,0.127122,-1540.504883
0.240721,0.127516,-1543.516479
0.23806,0.124261,-1538.647217
0.235552,0.119462,-1538.339966
0.238194,0.119341,-1542.495728
0.238194,0.119341,-1545.480469
0.237896,0.120448,-1540.180664
0.237896,0.120448,-1541.021118
0.237896,0.120448,-1540.394775
0.237983,0.122405,-1542.313965
0.241017,0.119831,-1542.092773
0.241017,0.119831,-1540.495483
0.242907,0.118341,-1543.390991
0.242992,0.118342,-1541.450684
0.247474,0.1183,-1544.294312
0.249431,0.122996,-1546.267578
0.249431,0.122996,-1545.830811
0.253328,0.125038,-1547.135742
0.251681,0.126428,-1545.908325
0.251247,0.125935,-1545.239868
0.250405,0.126965,-1545.001221
0.250405,0.126965,-1544.54834
0.250914,0.12662,-1544.855469
0.250914,0.12662,-1545.247314
0.248632,0.127436,-1544.53833
0.246405,0.125031,-1544.317871
0.246405,0.125031,-1546.783203
0.247841,0.122433,-1544.452393
0.247841,0.122433,-1544.460693
0.246305,0.122248,-1543.95166
0.246843,0.121687,-1543.770874
0.246843,0.121687,-1542.919434
0.246843,0.121687,-1544.519775
0.24423,0.119295,-1542.003174
0.24363,0.124547,-1541.578735
0.24363,0.124547,-1541.522949
0.24363,0.124547,-1543.120117
0.24363,0.124547,-1541.657959
0.24363,0.124547,-1541.416504
0.24363,0.124547,-1545.150879
0.24363,0.124547,-1542.383545
0.242506,0.125403,-1543.063843
0.242801,0.120693,-1546.981567
0.242801,0.120693,-1541.813965
0.242801,0.120693,-1541.166016
0.242399,0.125403,-1541.146729
0.242399,0.125403,-1542.482666
0.240549,0.130094,-1542.222534
0.242539,0.12619,-1545.962402
0.240472,0.128912,-1541.268799
0.240472,0.128912,-1540.506958
0.241432,0.133114,-1541.499268
0.24055,0.136657,-1538.976318
0.239795,0.140749,-1544.768677
0.240425,0.135896,-1542.371826
0.24076,0.139912,-1545.79541
0.237434,0.131831,-1538.14563
0.237434,0.131831,-1547.905273
0.237434,0.131831,-1537.584961
0.237945,0.133259,-1543.03418
0.237945,0.133259,-1539.305542
0.23823,0.128364,-1541.24585
0.23823,0.128364,-1541.161499
0.23823,0.128364,-1543.558105
0.235945,0.132357,-1537.627319
0.234143,0.131863,-1545.32251
0.234804,0.13618,-1538.288208
0.234804,0.13618,-1539.831543
0.232863,0.139903,-1542.054199
0.232863,0.139903,-1542.019287
0.232208,0.140222,-1538.151123
0.234885,0.143603,-1537.52417
0.232517,0.144187,-1550.853271
0.232517,0.144187,-1540.342529
0.232517,0.144187,-1550.429199
0.2356,0.149602,-1543.936768
0.2356,0.149602,-1544.203003
0.2356,0.149602,-1548.970703
0.234638,0.156157,-1540.711914
0.239556,0.15885,-1542.429321
0.239556,0.15885,-1548.517822
0.239716,0.161297,-1547.722168
0.241132,0.159138,-1546.133667
0.240718,0.159179,-1542.5354
0.240718,0.159179,-1544.284912
0.240718,0.159179,-1546.587891
0.241296,0.156862,-1543.164307
0.240066,0.157671,-1543.940918
0.240451,0.153379,-1544.726807
0.240692,0.154498,-1541.076538
0.239494,0.154566,-1540.93457
0.239171,0.159025,-1542.114502
0.239171,0.159025,-1542.415771
0.235717,0.158344,-1539.12146
0.235717,0.158344,-1543.179932
0.236173,0.160002,-1550.202515
0.238308,0.161771,-1545.442627
0.236599,0.164001,-1548.637085
0.233948,0.162307,-1550.314941
0.233948,0.162307,-1545.173584
0.233948,0.162307,-1548.224854
0.233948,0.162307,-1539.828857
0.236877,0.161911,-1546.75708
0.236877,0.161911,-1543.453857
0.235253,0.165502,-1546.026733
0.232384,0.161586,-1548.018677
0.232384,0.161586,-1540.341553
0.232384,0.161586,-1552.34082
0.235283,0.161403,-1540.349609
0.235283,0.161403,-1540.573608
0.236255,0.164657,-1547.054077
0.236255,0.164657,-1542.596436
0.236255,0.164657,-1543.585083
0.236255,0.164657,-1542.928955
0.236255,0.164657,-1541.975098
0.236255,0.164657,-1542.969971
0.236255,0.164657,-1540.683594
0.23528,0.167837,-1541.834351
0.234592,0.166819,-1546.03064
0.234592,0.166819,-1548.856079
0.236298,0.164006,-1547.717651
0.236298,0.164006,-1542.714844
0.236298,0.164006,-1541.04187
0.236189,0.164498,-1543.563354
0.234352,0.163501,-1543.981201
0.234352,0.163501,-1545.103027
0.233988,0.168649,-1541.582886
0.238194,0.166432,-1547.294678
0.237271,0.167927,-1546.140015
0.236133,0.166182,-1547.053223
0.235761,0.163465,-1541.542236
0.236835,0.166358,-1547.464111
0.233626,0.165679,-1540.701416
0.233626,0.165679,-1542.745117
0.233626,0.165679,-1545.632568
0.233626,0.165679,-1548.770874
0.235363,0.16283,-1550.968018
0.236215,0.163859,-1542.856812
0.236215,0.163859,-1550.841187
0.236097,0.166005,-1547.180664
0.236097,0.166005,-1547.244507
0.236384,0.165299,-1548.916992
0.236384,0.165299,-1545.895142
0.23649,0.162447,-1547.467041
0.23649,0.162447,-1545.517578
0.23649,0.162447,-1545.640015
0.23649,0.162447,-1541.036621
0.23649,0.162447,-1543.359009
0.236686,0.164828,-1543.202148
0.236083,0.167793,-1551.853271
0.235941,0.167445,-1548.485107
0.235941,0.167445,-1547.480103
0.237309,0.16684,-1543.482178
0.237309,0.16684,-1543.123413
0.238523,0.164611,-1543.066406
0.236716,0.16342,-1551.265991
0.235816,0.164977,-1546.997314
0.237774,0.163226,-1542.663086
0.23759,0.163149,-1547.201172
0.238411,0.16282,-1545.220215
0.238411,0.16282,-1545.345825
0.238411,0.16282,-1544.451904
0.23806,0.157787,-1545.883301
0.241296,0.160942,-1544.264404
0.241296,0.160942,-1544.767212
0.239348,0.161139,-1546.7948
0.23826,0.156879,-1545.23584
0.238426,0.154298,-1544.930542
0.238426,0.154298,-1543.268555
0.239972,0.148858,-1547.121704
0.239972,0.148858,-1548.553223
0.237394,0.144209,-1539.271729
0.236707,0.143828,-1542.886353
0.236707,0.143828,-1538.569458
0.239661,0.145555,-1538.640137
0.239661,0.145555,-1541.120483
0.239661,0.145555,-1546.977661
0.239661,0.145555,-1545.47998
0.239661,0.145555,-1541.654419
0.241094,0.143492,-1540.38855
0.241094,0.143492,-1542.992432
0.242167,0.142112,-1541.165527
0.242167,0.142112,-1541.082275
0.242167,0.142112,-1540.380249
0.242233,0.142195,-1542.010254
0.24129,0.142671,-1542.586548
0.24129,0.142671,-1543.586304
0.239611,0.142073,-1538.805664
0.240525,0.142159,-1543.058594
0.243245,0.139069,-1541.353027
0.242631,0.144077,-1541.399292
0.242649,0.144943,-1541.716064
0.242649,0.144943,-1540.730957
0.242649,0.144943,-1540.951904
0.243395,0.143364,-1542.987305
0.244323,0.146118,-1544.073364
0.244323,0.146118,-1543.558105
0.244323,0.146118,-1541.85376
0.244323,0.146118,-1542.249756
0.244323,0.146118,-1544.399658
0.244244,0.145204,-1544.61145
0.243965,0.143231,-1542.894043
0.243965,0.143231,-1542.860229
0.240033,0.143281,-1542.11377
0.237285,0.143579,-1540.434448
0.237285,0.143579,-1541.077515
0.237285,0.143579,-1546.385498
0.237285,0.143579,-1538.414795
0.237285,0.143579,-1538.891357
0.237285,0.143579,-1547.854492
0.233557,0.142739,-1541.154541
0.233557,0.142739,-1545.198486
0.233557,0.142739,-1537.588013
0.234137,0.142353,-1543.016846
0.234137,0.142353,-1538.422119
0.234137,0.142353,-1547.514893
0.234137,0.142353,-1547.092285
0.235043,0.139457,-1539.272339
0.235043,0.139457,-1545.87915
0.236105,0.140128,-1552.968018
0.235356,0.139089,-1542.478638
0.235654,0.138384,-1539.430054
0.232704,0.142014,-1536.020386
0.232704,0.142014,-1548.4375
0.228489,0.143973,-1533.778687
0.228489,0.143973,-1547.704102
0.227585,0.14507,-1548.763672
0.227585,0.14507,-1545.660889
0.227585,0.14507,-1551.924561
0.227585,0.14507,-1545.671021
0.226511,0.143379,-1547.244141
0.226511,0.143379,-1553.248779
0.225502,0.140822,-1548.168335
0.225502,0.140822,-1532.59375
0.22618,0.140322,-1537.156128
0.227307,0.137998,-1542.023438
0.230599,0.13928,-1553.974609
0.231081,0.140396,-1545.477295
0.231081,0.140396,-1547.003418
0.231081,0.140396,-1533.180176
0.231179,0.143719,-1537.603027
0.229466,0.148097,-1554.110718
0.229466,0.148097,-1549.165771
0.229466,0.148097,-1540.047363
0.229466,0.148097,-1548.739258
0.229466,0.148097,-1542.460938
0.228995,0.150377,-1541.683838
0.228995,0.150377,-1547.889893
0.228995,0.150377,-1548.916504
0.228995,0.150377,-1535.966797
0.229699,0.148185,-1550.804443
0.229294,0.147594,-1551.588257
0.231529,0.149293,-1534.89502
0.231529,0.149293,-1538.339355
0.231013,0.151035,-1543.922119
0.23047,0.148017,-1549.857666
0.23047,0.148017,-1548.676758
0.231673,0.148349,-1541.964966
0.230096,0.14406,-1547.786255
0.230096,0.14406,-1547.278076
0.2335,0.144319,-1545.894043
0.230387,0.147881,-1541.203369
0.229593,0.145277,-1541.356079
0.231646,0.146523,-1546.258911
0.231646,0.146523,-1544.000122
0.231646,0.146523,-1541.423828
0.231232,0.145577,-1536.174805
0.228851,0.141853,-1541.729736
0.228851,0.141853,-1550.866211
0.228851,0.141853,-1543.464844
0.230027,0.145595,-1539.329102
0.230027,0.145595,-1543.447998
0.230027,0.145595,-1538.960693
0.230027,0.145595,-1545.17627
0.230027,0.145595,-1547.525146
0.230027,0.145595,-1546.112061
0.232724,0.144015,-1541.132324
0.233701,0.1488,-1546.046631
0.235528,0.154685,-1543.286865
0.235669,0.1616,-1541.099487
0.235562,0.161785,-1547.120361
0.235562,0.161785,-1545.663574
0.23885,0.161485,-1546.807861
0.237846,0.158255,-1541.046875
0.237846,0.158255,-1542.66626
0.237846,0.158255,-1540.944092
0.237846,0.158255,-1542.178711
0.237846,0.158255,-1542.347412
0.237846,0.158255,-1541.819824
0.240463,0.152678,-1545.710327
0.241194,0.151571,-1545.43335
0.245248,0.152527,-1543.610229
0.246086,0.153452,-1545.589844
0.246086,0.153452,-1546.006714
0.245141,0.153314,-1543.478271
0.243502,0.149031,-1542.996338
0.244499,0.152942,-1545.775635
0.243516,0.152079,-1544.560669
0.243516,0.152079,-1543.54248
0.243516,0.152079,-1542.899658
0.243516,0.152079,-1543.654175
0.24067,0.150288,-1542.147949
0.24067,0.150288,-1543.794312
0.24067,0.150288,-1541.206421
0.24067,0.150288,-1542.091309
0.24067,0.150288,-1541.848999
0.238892,0.146023,-1541.501221
0.237885,0.144138,-1539.061035
0.237885,0.144138,-1545.056885
0.237797,0.14434,-1541.501099
0.239544,0.14677,-1548.492065
0.237894,0.14671,-1545.470459
0.237894,0.14671,-1543.491699
0.238899,0.144351,-1543.397095
0.243391,0.145817,-1542.271484
0.244261,0.145968,-1544.025391
0.244261,0.145968,-1542.881104
0.24199,0.149289,-1542.119263
0.239054,0.149605,-1543.092651
0.237036,0.153334,-1541.114136
0.237036,0.153334,-1541.906616
0.240139,0.163228,-1544.670898
0.239572,0.162981,-1546.512451
0.239572,0.162981,-1544.210693
0.239572,0.162981,-1545.018311
0.236952,0.159325,-1544.773193
0.236952,0.159325,-1544.736328
0.236952,0.159325,-1541.659912
0.236952,0.159325,-1545.189941
0.238277,0.158356,-1545.023438
0.238277,0.158356,-1540.846436
0.238277,0.158356,-1545.46521
0.238891,0.159225,-1545.523071
0.238891,0.159225,-1546.775391
0.238891,0.159225,-1549.279419
0.239601,0.162966,-1546.184326
0.239601,0.162966,-1546.324829
0.239601,0.162966,-1545.957031
0.239601,0.162966,-1551.380859
0.239601,0.162966,-1545.034058
0.23986,0.164183,-1543.862305
0.242719,0.163007,-1546.760864
0.241349,0.162651,-1545.327515
0.241349,0.162651,-1546.677612
0.241349,0.162651,-1544.529053
0.241349,0.162651,-1546.220459
0.241349,0.162651,-1545.829224
0.245786,0.162708,-1547.542969
0.245436,0.15937,-1548.994995
0.241649,0.157536,-1546.035522
0.238783,0.159138,-1544.55542
0.236616,0.156913,-1547.641846
0.236616,0.156913,-1548.539185
0.23808,0.158162,-1547.609863
0.237992,0.153334,-1546.101562
0.237992,0.153334,-1543.436768
0.238189,0.149508,-1549.776978
0.238189,0.149508,-1544.77478
0.238189,0.149508,-1546.614258
0.238052,0.150328,-1542.885132
0.238052,0.150328,-1540.442139
0.240907,0.14859,-1543.11731
0.240907,0.14859,-1543.348755
0.239233,0.145855,-1545.458252
0.239759,0.149292,-1542.943848
0.237985,0.151333,-1544.263916
0.237172,0.153188,-1542.814697
0.237109,0.157993,-1545.015015
0.239721,0.157037,-1544.280884
0.238929,0.151412,-1542.588623
0.238929,0.151412,-1544.512695
0.238929,0.151412,-1540.566284
0.241148,0.146119,-1542.672974
0.241148,0.146119,-1541.279541
0.241162,0.14126,-1541.998779
0.241162,0.14126,-1544.641968
0.242318,0.14698,-1542.443848
0.244603,0.148808,-1542.842285
0.242535,0.153589,-1545.047363
0.241721,0.153972,-1543.647949
0.241536,0.154266,-1543.047363
0.237191,0.15023,-1541.785522
0.237191,0.15023,-1550.3125
0.23743,0.148272,-1543.605713
0.23635,0.151716,-1538.40686
0.23635,0.151716,-1547.606689
0.235374,0.155786,-1539.69458
0.234032,0.155985,-1544.168213
0.231168,0.156382,-1544.876099
0.231168,0.156382,-1542.560791
0.232669,0.154417,-1555.148682
0.232669,0.154417,-1544.422363
0.232669,0.154417,-1546.395264
0.230122,0.1547,-1549.299561
0.230122,0.1547,-1553.54248
0.233373,0.156966,-1543.684814
0.233373,0.156966,-1539.514893
0.231125,0.151918,-1536.746948
0.232506,0.151762,-1536.138428
0.232506,0.151762,-1540.727295
0.232506,0.151762,-1537.360229
0.23272,0.154765,-1544.886963
0.232608,0.153046,-1545.093262
0.231811,0.148552,-1552.057129
0.230966,0.147419,-1542.269531
0.233451,0.143563,-1543.314697
0.233989,0.144395,-1543.834839
0.233989,0.144395,-1545.000488
0.234499,0.145099,-1549.64502
0.232699,0.140082,-1546.060791
0.235282,0.135186,-1543.758301
0.235282,0.135186,-1536.583008
0.235282,0.135186,-1537.966553
0.235282,0.135186,-1541.633545
0.235366,0.1405,-1536.931885
0.237547,0.137414,-1541.325684
0.236194,0.137587,-1538.781738
0.235341,0.134824,-1538.359741
0.235341,0.134824,-1546.130615
0.237585,0.134762,-1544.962158
0.23769,0.138519,-1543.835693
0.23769,0.138519,-1542.651489
0.238174,0.136819,-1548.451904
0.240592,0.135033,-1540.536621
0.24406,0.136015,-1540.635376
0.243248,0.134135,-1542.483032
0.243472,0.138665,-1542.852295
0.243061,0.135757,-1542.388916
0.243061,0.135757,-1541.041626
0.243061,0.135757,-1542.213135
0.240414,0.141205,-1541.691895
0.240577,0.135584,-1543.723633
0.237305,0.139051,-1538.373413
0.237305,0.139051,-1544.214111
0.239505,0.135832,-1541.956299
0.239505,0.135832,-1544.229004
0.236559,0.134909,-1542.016235
0.236559,0.134909,-1541.253662
0.234624,0.138561,-1540.067993
0.234624,0.138561,-1547.07959
0.235176,0.140463,-1550.69043
0.235176,0.140463,-1537.594971
0.236027,0.13629,-1542.661377
0.233121,0.136956,-1545.381348
0.235741,0.131203,-1542.754883
0.235741,0.131203,-1542.293457
0.235741,0.131203,-1540.185303
0.239874,0.135611,-1545.464355
0.239874,0.135611,-1541.679688
0.242405,0.134852,-1541.120972
0.242405,0.134852,-1545.071045
0.240126,0.133122,-1545.088013
0.240126,0.133122,-1540.460205
0.238959,0.128844,-1538.724365
0.238959,0.128844,-1537.081543
0.238959,0.128844,-1542.92627
0.242869,0.124365,-1542.192261
0.242869,0.124365,-1541.310303
0.239423,0.121012,-1541.656128
0.241652,0.124795,-1540.644897
0.238915,0.128871,-1538.794922
0.238915,0.128871,-1544.763916
0.238915,0.128871,-1540.76123
0.238689,0.126557,-1539.090576
0.243203,0.133553,-1542.814575
0.243203,0.133553,-1543.147095
0.244848,0.134886,-1541.05603
0.24226,0.130726,-1543.418213
0.24226,0.130726,-1547.17749
0.239362,0.135749,-1546.658447
0.242325,0.141757,-1541.133301
0.244638,0.140713,-1542.903198
0.244583,0.137453,-1541.971069
0.24584,0.130662,-1542.321777
0.24542,0.12842,-1542.295044
0.245437,0.128126,-1544.388672
0.244984,0.130177,-1542.291504
0.244984,0.130177,-1541.706177
0.244984,0.130177,-1544.126709
0.244984,0.130177,-1541.868652
0.245545,0.129728,-1546.817139
0.247358,0.128755,-1543.262573
0.247358,0.128755,-1544.084595
0.244766,0.132183,-1541.028076
0.240991,0.136847,-1542.280029
0.242277,0.143602,-1542.656982
0.245845,0.14432,-1545.185059
0.245845,0.14432,-1543.773438
0.245845,0.14432,-1543.407471
0.251613,0.145,-1547.965942
0.250543,0.146287,-1546.23584
0.250543,0.146287,-1546.553223
0.250245,0.148735,-1546.115234
0.250245,0.148735,-1546.332397
0.251774,0.14718,-1547.037476
0.251391,0.150334,-1547.299805
0.251391,0.150334,-1547.509766
0.250613,0.15151,-1547.538818
0.249195,0.153271,-1546.820435
0.249195,0.153271,-1546.490723
0.249195,0.153271,-1547.638062
0.249195,0.153271,-1548.12915
0.249195,0.153271,-1546.577637
0.247548,0.151068,-1545.690796
0.247548,0.151068,-1546.125488
0.250997,0.147863,-1546.243896
0.250997,0.147863,-1546.655029
0.252916,0.148181,-1548.401978
0.253099,0.146121,-1548.380371
0.253099,0.146121,-1547.920654
0.25403,0.144654,-1548.439453
0.25604,0.14455,-1549.121216
0.255506,0.14597,-1549.42749
0.255506,0.14597,-1548.828125
0.256569,0.140096,-1549.704346
0.254356,0.138223,-1547.834473
0.257944,0.138053,-1548.366943
0.258131,0.136498,-1549.054932
0.256819,0.132447,-1550.213013
0.254924,0.131271,-1547.351562
0.254924,0.131271,-1547.642578
0.254924,0.131271,-1546.682373
0.254924,0.131271,-1547.308472
0.255516,0.127883,-1547.632568
0.25465,0.130659,-1547.206543
0.25465,0.130659,-1547.049805
0.25465,0.130659,-1547.01123
0.254458,0.129322,-1546.987305
0.251453,0.128563,-1546.3302
0.251264,0.124269,-1545.505127
0.251264,0.124269,-1545.521973
0.249026,0.12418,-1545.055176
0.252124,0.124128,-1546.437866
0.253578,0.128544,-1547.245483
0.253578,0.128544,-1546.70459
0.25377,0.129206,-1546.473145
0.251727,0.131978,-1545.908081
0.249536,0.13135,-1545.715576
0.250825,0.134299,-1545.572388
0.250027,0.138833,-1546.308472
0.249337,0.141482,-1545.364014
0.247915,0.139747,-1544.313843
0.247915,0.139747,-1544.466919
0.250184,0.140232,-1544.988037
0.250516,0.138996,-1545.362793
0.250362,0.14142,-1546.115112
0.249613,0.140779,-1544.699463
0.249613,0.140779,-1544.748047
0.249519,0.130255,-1547.502441
0.249519,0.130255,-1544.175049
0.249519,0.130255,-1543.920898
0.246011,0.125957,-1543.594116
0.246011,0.125957,-1543.549072
0.246011,0.125957,-1544.413208
0.246011,0.125957,-1543.213379
0.246011,0.125957,-1542.474365
0.243334,0.119746,-1541.620483
0.243334,0.119746,-1542.416504
0.243334,0.119746,-1542.318481
0.242271,0.12004,-1542.25769
0.242271,0.12004,-1540.931152
0.243766,0.122107,-1546.884521
0.245099,0.120998,-1543.112915
0.245099,0.120998,-1543.269043
0.246294,0.126268,-1543.666382
0.242641,0.128066,-1544.404785
0.242641,0.128066,-1542.033813
0.2438,0.133428,-1544.266602
0.24273,0.130269,-1540.734375
0.245968,0.126669,-1543.023193
0.245968,0.126669,-1541.982178
0.245968,0.126669,-1542.664307
0.245968,0.126669,-1544.56543
0.245968,0.126669,-1542.463013
0.24508,0.12708,-1541.644043
0.24508,0.12708,-1543.341797
0.24508,0.12708,-1545.689087
0.242292,0.130656,-1541.510986
0.242292,0.130656,-1543.897583
0.242292,0.130656,-1543.770142
0.240744,0.128427,-1543.624023
0.240744,0.128427,-1538.88855
0.238902,0.127424,-1543.895142
0.238902,0.127424,-1539.280518
0.238902,0.127424,-1538.261963
0.238902,0.127424,-1538.136963
0.238902,0.127424,-1539.92749
0.241784,0.132715,-1540.237061
0.241784,0.132715,-1545.213135
0.241865,0.135117,-1540.088135
0.241865,0.135117,-1539.646118
0.241944,0.133149,-1539.746826
0.244216,0.135443,-1541.698364
0.242791,0.135251,-1540.278076
0.242791,0.135251,-1541.600464
0.242791,0.135251,-1542.093872
0.242749,0.135372,-1543.296387
0.245892,0.134595,-1547.12085
0.245892,0.134595,-1543.034668
0.244696,0.133172,-1541.941162
0.244293,0.128457,-1541.240845
0.246749,0.127254,-1542.767334
0.246749,0.127254,-1544.002808
0.24797,0.128637,-1546.117432
0.24797,0.128637,-1543.816406
0.248132,0.128149,-1546.931641
0.251015,0.123326,-1545.713989
0.248455,0.12315,-1544.81543
0.248455,0.12315,-1544.758789
0.248169,0.119931,-1544.737183
0.247357,0.117912,-1544.415039
0.247548,0.118766,-1546.120605
0.247548,0.118766,-1546.081665
0.247195,0.122673,-1545.148804
0.247195,0.122673,-1542.588379
0.247427,0.121714,-1545.887939
0.247427,0.121714,-1546.852905
0.247427,0.121714,-1544.301025
0.244148,0.123716,-1542.58606
0.244148,0.123716,-1541.381592
0.247257,0.124716,-1542.930786
0.247257,0.124716,-1545.884766
0.247257,0.124716,-1543.257446
0.247257,0.124716,-1543.758423
0.245089,0.120632,-1541.888916
0.245157,0.122248,-1546.944824
0.242464,0.119365,-1541.042603
0.24329,0.119973,-1542.772339
0.24329,0.119973,-1543.664062
0.243216,0.119785,-1541.80957
0.243216,0.119785,-1543.38208
0.240337,0.126596,-1542.581909
0.236626,0.128469,-1537.24231
0.236626,0.128469,-1536.810059
0.239276,0.131917,-1537.878418
0.239794,0.137059,-1542.901611
0.238802,0.13528,-1541.127441
0.238802,0.13528,-1547.978516
0.238802,0.13528,-1543.108643
0.236028,0.139152,-1536.027954
0.234976,0.135244,-1538.336792
0.240561,0.138454,-1542.05957
0.240392,0.135851,-1541.75769
0.240392,0.135851,-1539.054932
0.236938,0.136927,-1539.452637
0.239101,0.134798,-1545.892456
0.239101,0.134798,-1539.896729
0.239267,0.13301,-1540.000854
0.239267,0.13301,-1537.078613
0.238568,0.137281,-1543.885864
0.238568,0.137281,-1544.670288
0.237645,0.134563,-1543.793457
0.233046,0.134533,-1537.631592
0.232629,0.135821,-1537.450195
0.23378,0.1336,-1551.603271
0.236989,0.133282,-1537.104004
0.236989,0.133282,-1541.409912
0.238636,0.140947,-1545.088623
0.238636,0.140947,-1540.841064
0.237601,0.139753,-1540.572754
0.235413,0.136875,-1545.35022
0.235413,0.136875,-1541.916748
0.235467,0.139961,-1537.759155
0.235467,0.139961,-1543.311768
0.235467,0.139961,-1540.295288
0.232617,0.141937,-1543.289062
0.232121,0.147802,-1553.594971
0.233662,0.141446,-1549.790039
0.233662,0.141446,-1541.841064
0.234289,0.140746,-1539.686279
0.234289,0.140746,-1548.397705
0.234289,0.140746,-1537.032471
0.235849,0.136969,-1549.515503
0.236266,0.137244,-1541.202393
0.237078,0.132889,-1538.283569
0.237078,0.132889,-1537.672729
0.237078,0.132889,-1545.456665
0.236702,0.135409,-1537.612061
0.24044,0.133353,-1539.472168
0.24044,0.133353,-1539.606201
0.239016,0.132654,-1539.666748
0.23798,0.13522,-1540.640625
0.238033,0.139633,-1538.776611
0.238033,0.139633,-1537.832031
0.237123,0.143589,-1541.438721
0.233597,0.145276,-1542.087646
0.233597,0.145276,-1551.394531
0.233597,0.145276,-1544.600586
0.233597,0.145276,-1540.740479
0.231001,0.144321,-1537.82605
0.23047,0.141465,-1538.843506
0.231514,0.138339,-1544.064941
0.231514,0.138339,-1537.164795
0.231303,0.138459,-1541.41748
0.232936,0.138838,-1547.427979
0.232841,0.140652,-1541.939209
0.235403,0.136349,-1546.889038
0.237668,0.13723,-1538.0
0.237668,0.13723,-1537.999268
0.239062,0.137087,-1545.077148
0.239062,0.137087,-1543.484131
0.239062,0.137087,-1540.195923
0.239062,0.137087,-1543.787109
0.238181,0.137818,-1544.94397
0.238181,0.137818,-1545.245605
0.238076,0.136892,-1544.789062
0.236929,0.13666,-1541.922119
0.238639,0.135129,-1540.140137
0.238639,0.135129,-1541.58313
0.24033,0.135552,-1540.759521
0.24033,0.135552,-1538.962891
0.238471,0.132445,-1537.730469
0.239521,0.129924,-1540.03833
0.239521,0.129924,-1540.063599
0.241523,0.128373,-1541.161865
0.241523,0.128373,-1539.733154
0.241523,0.128373,-1541.906738
0.242391,0.129798,-1540.722656
0.242391,0.129798,-1544.53479
0.242391,0.129798,-1539.80835
0.242391,0.129798,-1541.007446
0.24485,0.127366,-1542.101074
0.23997,0.127069,-1538.757935
0.24013,0.120014,-1544.471924
0.24013,0.120014,-1540.182495
0.240224,0.121142,-1545.780762
0.240224,0.121142,-1540.507935
0.240106,0.123329,-1539.869385
0.237355,0.124302,-1544.830322
0.237503,0.123119,-1541.114624
0.237939,0.122624,-1543.167236
0.237939,0.122624,-1546.108398
0.236859,0.123452,-1541.351074
0.234112,0.124972,-1545.453857
0.234112,0.124972,-1553.864258
0.234112,0.124972,-1544.12207
0.23154,0.126478,-1547.995605
0.23154,0.126478,-1551.094238
0.229161,0.125351,-1533.893555
0.229444,0.125425,-1538.342529
0.231389,0.1221,-1546.310669
0.231389,0.1221,-1533.422363
0.231389,0.1221,-1548.852051
0.231389,0.1221,-1536.485474
0.234757,0.118613,-1549.532227
0.237354,0.119469,-1541.882202
0.236871,0.116045,-1544.66748
0.236399,0.121286,-1545.216064
0.234965,0.123127,-1539.592773
0.235959,0.123468,-1543.165283
0.235959,0.123468,-1537.42041
0.235017,0.120176,-1537.371094
0.235763,0.124509,-1545.441772
0.229719,0.127436,-1544.931152
0.228699,0.131104,-1544.506348
0.228699,0.131104,-1531.749878
0.228815,0.134208,-1537.325928
0.228815,0.134208,-1534.897949
0.228815,0.134208,-1546.665039
0.229604,0.133922,-1537.06543
0.230229,0.138631,-1546.124268
0.232213,0.142394,-1537.070068
0.23416,0.144015,-1542.230957
0.234282,0.151765,-1545.372192
0.235797,0.152605,-1541.67627
0.235797,0.152605,-1539.041504
0.236629,0.157126,-1548.995361
0.237715,0.159388,-1541.464722
0.236541,0.162488,-1542.003418
0.237478,0.161904,-1541.828003
0.237478,0.161904,-1543.894531
0.236438,0.156899,-1546.763916
0.236418,0.157398,-1546.59082
0.236021,0.160173,-1543.643433
0.236021,0.160173,-1541.585205
0.236021,0.160173,-1541.760986
0.236021,0.160173,-1540.882812
0.236021,0.160173,-1540.054932
0.237329,0.162767,-1542.640137
0.237329,0.162767,-1544.515747
0.23739,0.165524,-1546.657227
0.23739,0.165524,-1541.746826
0.239915,0.169612,-1545.625
0.239915,0.169612,-1547.393433
0.239496,0.169266,-1546.193359
0.239496,0.169266,-1550.834717
0.239496,0.169266,-1550.49585
0.239496,0.169266,-1548.7146
0.232897,0.173821,-1547.627441
0.232897,0.173821,-1550.780762
0.232897,0.173821,-1553.620239
0.232897,0.173821,-1542.703369
0.232897,0.173821,-1549.866455
0.232078,0.174932,-1551.562988
0.231275,0.175291,-1553.524902
0.231903,0.178209,-1544.209473
0.231903,0.178209,-1555.376953
0.231903,0.178209,-1550.838867
0.231903,0.178209,-1548.70752
0.230507,0.176871,-1552.099365
0.229011,0.178248,-1541.673828
0.227673,0.177672,-1552.115112
0.227673,0.177672,-1545.088257
0.227764,0.177092,-1554.950928
0.229038,0.176286,-1557.05127
0.22845,0.171623,-1556.614502
0.22845,0.171623,-1556.076416
0.22845,0.171623,-1549.443848
0.226952,0.171057,-1557.43811
0.226952,0.171057,-1550.625
0.226952,0.171057,-1541.941284
0.226952,0.171057,-1554.899658
0.226952,0.171057,-1551.842773
0.22595,0.168422,-1558.647705
0.22595,0.168422,-1548.141846
0.22595,0.168422,-1560.849609
0.223564,0.160809,-1537.737427
0.223564,0.160809,-1555.028931
0.223564,0.160809,-1563.644531
0.219948,0.158583,-1540.960327
0.221323,0.158711,-1542.84668
0.221049,0.157781,-1535.416626
0.221849,0.158696,-1546.098145
0.222623,0.164696,-1553.277344
0.222471,0.167365,-1543.301025
0.225336,0.167128,-1556.867554
0.225336,0.167128,-1556.005859
0.227851,0.172346,-1548.870117
0.228348,0.169593,-1551.608643
0.228348,0.169593,-1549.935425
0.228348,0.169593,-1538.456055
0.226044,0.174262,-1547.77478
0.223509,0.176518,-1555.919678
0.221988,0.178654,-1540.484009
0.221317,0.174715,-1553.451172
0.221929,0.178058,-1555.659424
0.221929,0.178058,-1557.848633
0.221929,0.178058,-1549.659912
0.221929,0.178058,-1554.393433
0.221929,0.178058,-1557.186035
0.2212,0.177916,-1561.106445
0.218662,0.176716,-1547.24707
0.218662,0.176716,-1559.623169
0.218662,0.176716,-1568.079834
0.218662,0.176716,-1562.244873
0.220325,0.175953,-1555.759277
0.218409,0.179484,-1567.477173
0.220878,0.180554,-1567.519653
0.220878,0.180554,-1576.293579
0.220878,0.180554,-1563.636475
0.220665,0.177515,-1550.723389
0.22374,0.179268,-1554.249268
0.223821,0.183531,-1560.314453
0.223821,0.183531,-1547.949463
0.222694,0.17983,-1556.986694
0.225968,0.178277,-1551.904053
0.225968,0.178277,-1552.338013
0.225968,0.178277,-1560.342407
0.225968,0.178277,-1559.921509
0.225968,0.178277,-1549.46582
0.225968,0.178277,-1547.961426
0.225968,0.178277,-1558.846191
0.225968,0.178277,-1539.463135
0.22691,0.176593,-1555.765747
0.228008,0.176775,-1563.396729
0.229197,0.176934,-1559.689453
0.229197,0.176934,-1554.612427
0.229197,0.176934,-1556.848511
0.229197,0.176934,-1554.377197
0.231383,0.180728,-1548.958862
0.232793,0.180384,-1555.778076
0.232793,0.180384,-1547.88501
0.233658,0.17939,-1553.177979
0.233658,0.17939,-1551.55957
0.234089,0.184268,-1558.743408
0.234089,0.184268,-1549.366089
0.23632,0.184039,-1553.811157
0.23632,0.184039,-1550.855347
0.239975,0.183888,-1551.996704
0.239975,0.183888,-1551.55957
0.239975,0.183888,-1555.407715
0.239695,0.177873,-1549.585815
0.236778,0.175664,-1550.999634
0.236778,0.175664,-1545.570312
0.238565,0.174364,-1550.515869
0.24027,0.177406,-1553.626709
0.238784,0.175988,-1551.133179
0.236458,0.17348,-1545.545044
0.235097,0.17604,-1551.475464
0.234523,0.179652,-1551.973877
0.239172,0.175239,-1547.909912
0.239172,0.175239,-1548.09021
0.239446,0.174163,-1547.006836
0.239446,0.174163,-1550.083496
0.23861,0.174827,-1547.591064
0.240553,0.175177,-1548.094482
0.236663,0.176739,-1551.038818
0.238027,0.174017,-1551.809448
0.238027,0.174017,-1549.211304
0.23868,0.173853,-1549.748535
0.23868,0.173853,-1551.154907
0.23868,0.173853,-1547.276611
0.238889,0.167788,-1545.769531
0.238889,0.167788,-1547.498535
0.238782,0.169698,-1548.559692
0.238782,0.169698,-1546.272827
0.238368,0.167124,-1547.180176
0.238112,0.163839,-1543.443848
0.240837,0.163113,-1549.584229
0.240837,0.163113,-1545.421631
0.240285,0.163508,-1548.853394
0.239288,0.163677,-1548.467163
0.239288,0.163677,-1546.92334
0.237646,0.166565,-1547.318604
0.239785,0.164346,-1548.388184
0.23995,0.164385,-1544.895264
0.23995,0.164385,-1545.376587
0.23995,0.164385,-1545.167236
0.243051,0.166982,-1546.722412
0.239778,0.161225,-1549.229004
0.240792,0.163929,-1549.163208
0.240792,0.163929,-1545.420776
0.239967,0.156219,-1542.294678
0.241338,0.154708,-1546.32666
0.241338,0.154708,-1544.953491
0.240219,0.156763,-1543.217529
0.240219,0.156763,-1543.341064
0.240268,0.153104,-1541.308105
0.240916,0.151899,-1544.793579
0.244657,0.151783,-1548.374512
0.247792,0.149599,-1546.749878
0.248205,0.149581,-1546.174072
0.248205,0.149581,-1545.298462
0.246752,0.143654,-1544.950195
0.247206,0.139151,-1543.977295
0.247206,0.139151,-1543.031738
0.244844,0.145046,-1545.974731
0.243625,0.146217,-1541.27124
0.244046,0.143342,-1541.561768
0.244046,0.143342,-1544.814941
0.244046,0.143342,-1542.599121
0.244046,0.143342,-1547.259033
0.238103,0.145165,-1537.706055
0.235501,0.143783,-1536.731689
0.235501,0.143783,-1538.020996
0.235501,0.143783,-1538.99707
0.237143,0.144671,-1538.470703
0.234781,0.144516,-1541.024536
0.235446,0.145956,-1538.070068
0.235446,0.145956,-1540.663696
0.237648,0.140867,-1547.884766
0.234962,0.141949,-1543.073608
0.233947,0.145144,-1546.273071
0.235086,0.144427,-1538.215942
0.232812,0.147314,-1545.740479
0.232812,0.147314,-1539.53418
0.233375,0.142515,-1534.973877
0.234992,0.14098,-1537.460938
0.234992,0.14098,-1539.702881
0.234992,0.14098,-1537.691162
0.23517,0.141165,-1541.970703
0.23517,0.141165,-1546.894775
0.234536,0.139357,-1538.121826
0.234536,0.139357,-1536.306152
0.234536,0.139357,-1544.445068
0.234536,0.139357,-1537.539917
0.23799,0.139877,-1545.207764
0.238029,0.140542,-1540.729492
0.238029,0.140542,-1542.874634
0.2414,0.145033,-1540.739014
0.239994,0.139625,-1540.030151
0.239633,0.13997,-1542.072021
0.239633,0.13997,-1544.972168
0.239633,0.13997,-1539.328369
0.239633,0.13997,-1542.786743
0.239633,0.13997,-1538.785034
0.238656,0.14203,-1541.030518
0.237673,0.141171,-1544.667725
0.235385,0.141017,-1541.436523
0.235385,0.141017,-1543.670166
0.235385,0.141017,-1539.772095
0.235385,0.141017,-1542.204102
0.23542,0.140318,-1538.836914
0.23542,0.140318,-1548.360718
0.23542,0.140318,-1543.620728
0.23542,0.140318,-1539.70166
0.23542,0.140318,-1539.075439
0.238007,0.140212,-1537.938721
0.238679,0.135137,-1543.866943
0.237447,0.137457,-1538.757324
0.237259,0.138163,-1546.835449
0.23375,0.139794,-1544.092041
0.236467,0.145186,-1544.552002
0.235204,0.148797,-1544.483643
0.234242,0.141165,-1539.984863
0.237233,0.142067,-1545.769043
0.237233,0.142067,-1538.747681
0.237089,0.143062,-1537.453613
0.239043,0.138559,-1539.145508
0.239426,0.139566,-1543.307861
0.239426,0.139566,-1538.580933
0.239426,0.139566,-1542.854736
0.238385,0.139355,-1539.874023
0.238813,0.13917,-1542.259521
0.239764,0.134807,-1538.334961
0.239764,0.134807,-1540.469971
0.240384,0.134192,-1543.350342
0.242861,0.13316,-1541.111816
0.245587,0.138786,-1542.238525
0.245587,0.138786,-1542.833252
0.246898,0.137883,-1543.770264
0.243848,0.139701,-1541.475098
0.242597,0.140007,-1542.800781
0.242597,0.140007,-1542.687988
0.242206,0.139728,-1540.220825
0.247374,0.139947,-1545.290283
0.246403,0.141465,-1543.053955
0.247345,0.138488,-1543.652832
0.249344,0.140524,-1545.581177
0.249173,0.132643,-1546.223877
0.249419,0.134443,-1545.809814
0.247315,0.131011,-1544.147461
0.244761,0.127359,-1543.598877
0.24583,0.124113,-1544.391602
0.245325,0.123208,-1543.723145
0.241858,0.124866,-1542.900879
0.241363,0.123052,-1545.092041
0.243046,0.123681,-1543.188843
0.243046,0.123681,-1544.192017
0.244959,0.125168,-1544.581055
0.246424,0.11919,-1544.593628
0.246424,0.11919,-1542.910889
0.244294,0.117941,-1543.743164
0.241903,0.117316,-1541.303101
0.240381,0.119431,-1546.594116
0.240474,0.125792,-1541.130615
0.240474,0.125792,-1542.287964
0.240474,0.125792,-1549.614258
0.240328,0.124711,-1541.031982
0.238905,0.122326,-1543.85083
0.239267,0.120973,-1539.428711
0.24052,0.120142,-1549.576172
0.24052,0.120142,-1540.675049
0.240585,0.117849,-1540.343872
0.241094,0.117981,-1549.178223
0.241688,0.118741,-1544.03064
0.238007,0.118409,-1541.259033
0.23554,0.117515,-1540.45105
0.236004,0.114659,-1548.027588
0.233698,0.116189,-1547.089844
0.233698,0.116189,-1537.824219
0.235884,0.119021,-1541.711914
0.233304,0.118532,-1535.349121
0.232903,0.123095,-1538.166992
0.234434,0.127308,-1541.802002
0.235197,0.123138,-1545.03125
0.235197,0.123138,-1536.990479
0.237674,0.12101,-1545.476074
0.236493,0.123418,-1542.934326
0.237272,0.125762,-1539.693359
0.237272,0.125762,-1539.697266
0.237272,0.125762,-1537.817505
0.234958,0.131869,-1544.831787
0.234958,0.131869,-1539.114502
0.234958,0.131869,-1541.217163
0.236253,0.12745,-1535.992065
0.236253,0.12745,-1539.302002
0.233407,0.125643,-1545.212646
0.23462,0.123583,-1544.531982
0.238094,0.126097,-1538.503174
0.237945,0.123975,-1541.414185
0.242829,0.119638,-1541.445557
0.243531,0.120473,-1543.328125
0.243531,0.120473,-1544.836914
0.243791,0.121852,-1542.153931
0.243053,0.11793,-1544.017212
0.243053,0.11793,-1545.583374
0.243114,0.119205,-1541.587402
0.241641,0.116428,-1542.738892
0.242762,0.11741,-1541.334351
0.242843,0.112971,-1542.593628
0.242843,0.112971,-1543.225098
0.242843,0.112971,-1545.505859
0.24139,0.112953,-1542.512695
0.24139,0.112953,-1544.628174
0.24139,0.112953,-1542.498901
0.24139,0.112953,-1544.328369
0.24139,0.112953,-1546.003662
0.24139,0.112953,-1542.889404
0.240109,0.113588,-1542.670654
0.240477,0.11098,-1544.639526
0.240477,0.11098,-1541.824951
0.240477,0.11098,-1548.741699
0.240477,0.11098,-1542.070068
0.240477,0.11098,-1545.656738
0.240477,0.11098,-1542.456299
0.237597,0.10995,-1545.897949
0.236896,0.106499,-1547.795166
0.237416,0.108313,-1547.142334
0.237416,0.108313,-1548.904541
0.237416,0.108313,-1541.233154
0.238234,0.10911,-1550.437866
0.238963,0.105915,-1547.667847
0.238963,0.105915,-1542.562744
0.238963,0.105915,-1550.104736
0.238963,0.105915,-1544.867798
0.241292,0.107939,-1543.986816
0.241292,0.107939,-1549.718628
0.241292,0.107939,-1543.849609
0.236754,0.109407,-1547.298828
0.236726,0.111394,-1547.844116
0.236726,0.111394,-1543.555908
0.236726,0.111394,-1548.807617
0.237757,0.116173,-1544.28772
0.234603,0.1165,-1547.4198
0.237294,0.119751,-1542.883301
0.237294,0.119751,-1541.212646
0.237294,0.119751,-1542.40686
0.237294,0.119751,-1541.835083
0.237294,0.119751,-1541.51355
0.238435,0.124799,-1542.794189
0.240594,0.123259,-1542.475586
0.240594,0.123259,-1540.93457
0.242558,0.122643,-1542.575684
0.240953,0.124713,-1545.006836
0.242187,0.121759,-1545.796753
0.239955,0.121345,-1546.918335
0.238433,0.12131,-1542.803223
0.239093,0.124309,-1544.530762
0.239093,0.124309,-1546.673096
0.233847,0.121691,-1538.388794
0.233847,0.121691,-1544.272217
0.232767,0.122086,-1534.789551
0.232767,0.122086,-1544.060181
0.232767,0.122086,-1539.116699
0.232767,0.122086,-1539.184692
0.229259,0.116703,-1539.206543
0.229259,0.116703,-1552.768921
0.229445,0.119587,-1532.738525
0.22934,0.114402,-1549.966309
0.22934,0.114402,-1544.552246
0.231001,0.11365,-1545.666992
0.228621,0.114024,-1536.288208
0.228986,0.115624,-1553.335327
0.228986,0.115624,-1537.346191
0.228986,0.115624,-1548.465332
0.228986,0.115624,-1554.99585
0.228986,0.115624,-1539.286133
0.228986,0.115624,-1539.189941
0.228986,0.115624,-1550.541992
0.228986,0.115624,-1546.100952
0.227023,0.108713,-1554.046997
0.228791,0.109199,-1544.991211
0.224858,0.107726,-1560.045288
0.226781,0.109985,-1552.010254
0.228855,0.117018,-1551.724121
0.228855,0.117018,-1543.385742
0.230043,0.119285,-1552.991577
0.233052,0.121765,-1538.04834
0.232775,0.120216,-1540.689209
0.232775,0.120216,-1542.365356
0.234722,0.120991,-1536.401367
0.233542,0.119792,-1552.848267
0.236385,0.119302,-1544.059082
0.238534,0.121562,-1542.849731
0.238534,0.121562,-1541.587402
0.241114,0.123499,-1540.738525
0.240689,0.121678,-1540.178589
0.240517,0.128261,-1541.785156
0.240517,0.128261,-1546.056763
0.240936,0.128476,-1539.760376
0.240936,0.128476,-1539.325806
0.241144,0.126759,-1539.914917
0.241144,0.126759,-1541.985718
0.241144,0.126759,-1540.480713
0.240279,0.126459,-1542.32312
0.240279,0.126459,-1539.510742
0.240279,0.126459,-1538.369873
0.239139,0.131845,-1540.986328
0.23586,0.132563,-1544.893066
0.24024,0.134594,-1546.605469
0.24024,0.134594,-1543.730713
0.24024,0.134594,-1539.075317
0.240972,0.138321,-1539.299561
0.238819,0.13712,-1541.718262
0.238819,0.13712,-1538.108154
0.238931,0.1405,-1541.440796
0.238931,0.1405,-1541.813232
0.238931,0.1405,-1538.259033
0.238931,0.1405,-1542.622559
0.236935,0.140627,-1541.922852
0.238022,0.145526,-1539.221924
0.237752,0.145335,-1541.890015
0.234972,0.149246,-1537.182495
0.236142,0.149437,-1550.272949
0.236142,0.149437,-1537.471558
0.236142,0.149437,-1538.353516
0.2345,0.152011,-1537.734619
0.236769,0.155755,-1542.282715
0.236769,0.155755,-1544.433838
0.238093,0.159925,-1546.181274
0.238637,0.16675,-1549.510986
0.242113,0.163823,-1545.19751
0.242113,0.163823,-1545.355103
0.239574,0.164324,-1544.386597
0.240127,0.160819,-1543.420532
0.241729,0.163506,-1545.477539
0.241729,0.163506,-1545.616577
0.241729,0.163506,-1544.709839
0.245318,0.158895,-1546.073486
0.244863,0.158815,-1545.692871
0.246037,0.160273,-1546.782471
0.246037,0.160273,-1546.066406
0.246037,0.160273,-1547.128174
0.246522,0.159252,-1547.139526
0.244453,0.158656,-1546.865479
0.246823,0.156736,-1545.915039
0.247411,0.156183,-1546.480957
0.247411,0.156183,-1547.789673
0.247411,0.156183,-1546.515137
0.246455,0.154127,-1546.010864
0.242137,0.154572,-1545.931885
0.242137,0.154572,-1543.752197
0.245006,0.15431,-1544.695312
0.246406,0.153867,-1545.521851
0.246406,0.153867,-1544.987427
0.245251,0.149944,-1545.138062
0.247763,0.150184,-1545.960205
0.247763,0.150184,-1545.778931
0.247763,0.150184,-1544.42749
0.245398,0.153095,-1544.621582
0.245398,0.153095,-1543.388184
0.2479,0.146794,-1545.637817
0.244016,0.147864,-1545.432739
0.244843,0.147819,-1543.083496
0.244843,0.147819,-1543.233765
0.244843,0.147819,-1543.716553
0.244174,0.147826,-1543.786987
0.24057,0.145772,-1540.769531
0.24057,0.145772,-1543.805176
0.241049,0.14937,-1548.913086
0.241049,0.14937,-1542.222412
0.239084,0.143776,-1542.9021
0.239084,0.143776,-1541.348145
0.239655,0.141916,-1540.064941
0.24127,0.136316,-1540.054688
0.244538,0.136356,-1541.785278
0.244538,0.136356,-1541.908813
0.244538,0.136356,-1541.78125
0.244538,0.136356,-1543.810547
0.245294,0.136317,-1544.70166
0.245294,0.136317,-1541.613159
0.245294,0.136317,-1541.661377
0.245294,0.136317,-1542.579834
0.245294,0.136317,-1543.371338
0.245294,0.136317,-1541.694092
0.245294,0.136317,-1542.55188
0.245294,0.136317,-1543.269531
0.245294,0.136317,-1541.414917
0.245294,0.136317,-1543.641357
0.244347,0.134549,-1542.023438
0.244347,0.134549,-1541.733887
0.244058,0.133922,-1540.99707
0.242757,0.128455,-1545.52832
0.242757,0.128455,-1541.155273
0.243247,0.131053,-1540.946777
0.243356,0.135452,-1542.059937
0.241778,0.130641,-1540.925781
0.241778,0.130641,-1544.196045
0.241778,0.130641,-1544.385498
0.240172,0.132319,-1541.678589
0.240172,0.132319,-1543.670654
0.241393,0.135508,-1540.301758
0.241562,0.139919,-1540.114868
0.24197,0.143277,-1540.992432
0.24197,0.143277,-1543.239746
0.24072,0.14419,-1541.096558
0.2381,0.142467,-1538.793457
0.23754,0.141693,-1538.39624
0.23754,0.141693,-1548.450439
0.23754,0.141693,-1541.026611
0.233533,0.145144,-1541.119141
0.233533,0.145144,-1547.204834
0.22867,0.144625,-1540.86792
0.22867,0.144625,-1545.281738
0.229849,0.14856,-1544.879883
0.231761,0.150454,-1544.800537
0.232995,0.157702,-1545.393433
0.232995,0.157702,-1548.105957
0.2344,0.156432,-1545.824707
0.235253,0.162608,-1541.328369
0.235253,0.162608,-1546.386719
0.237544,0.154702,-1541.570312
0.236495,0.158047,-1540.944092
0.235148,0.155974,-1549.519043
0.235148,0.155974,-1550.465332
0.237005,0.153628,-1545.433105
0.237005,0.153628,-1538.682861
0.240771,0.148416,-1541.194946
0.240771,0.148416,-1541.260742
0.242669,0.149074,-1542.750732
0.243651,0.148653,-1544.400146
0.241524,0.149111,-1544.817017
0.244607,0.148657,-1543.75293
0.244607,0.148657,-1543.700928
0.246318,0.148293,-1544.736572
0.24513,0.149859,-1545.451416
0.24513,0.149859,-1543.731934
0.243057,0.147421,-1542.095703
0.243057,0.147421,-1548.017578
0.243057,0.147421,-1541.727539
0.243057,0.147421,-1541.584961
0.245176,0.141157,-1543.084351
0.246438,0.139105,-1543.677368
0.246438,0.139105,-1542.191772
0.249755,0.142535,-1544.958618
0.249755,0.142535,-1545.333984
0.249755,0.142535,-1545.03479
0.249159,0.142024,-1544.665527
0.245398,0.141337,-1542.475098
0.245284,0.139244,-1541.922729
0.247344,0.141558,-1543.30896
0.245482,0.143826,-1542.92627
0.246178,0.138298,-1542.795166
0.2418,0.134089,-1544.250488
0.241108,0.135456,-1541.09375
0.242194,0.136466,-1544.910889
0.241882,0.138463,-1542.911011
0.241882,0.138463,-1541.679443
0.241882,0.138463,-1540.857666
0.242181,0.13967,-1549.156738
0.242181,0.13967,-1540.960571
0.243138,0.140029,-1540.237305
0.243138,0.140029,-1543.484863
0.244374,0.137909,-1541.811035
0.245447,0.138666,-1541.349121
0.243894,0.139383,-1542.704956
0.244034,0.135667,-1541.950928
0.244034,0.135667,-1541.622803
0.244034,0.135667,-1542.205444
0.248709,0.134797,-1544.337402
0.248709,0.134797,-1543.827881
0.246932,0.134033,-1544.595215
0.246932,0.134033,-1544.312378
0.246932,0.134033,-1542.25708
0.246932,0.134033,-1544.144409
0.244898,0.138196,-1542.386108
0.246295,0.141501,-1543.631958
0.246295,0.141501,-1544.399292
0.246295,0.141501,-1542.383423
0.246295,0.141501,-1543.440186
0.246295,0.141501,-1543.905762
0.246295,0.141501,-1543.471191
0.241617,0.143087,-1544.032837
0.240498,0.143856,-1540.392456
0.238393,0.137116,-1539.769287
0.240451,0.141453,-1547.945312
0.240451,0.141453,-1539.682617
0.241703,0.137745,-1542.497559
0.241703,0.137745,-1541.150879
0.24086,0.137883,-1540.503174
0.241475,0.131013,-1542.730957
0.2377,0.132028,-1537.684082
0.234942,0.134465,-1536.867188
0.234942,0.134465,-1545.191895
0.23735,0.135686,-1538.468262
0.238087,0.135317,-1544.038086
0.23805,0.134142,-1539.573486
0.23769,0.137537,-1538.450439
0.237823,0.138555,-1537.439575
0.239347,0.137492,-1538.196777
0.239347,0.137492,-1538.637451
0.239885,0.136525,-1541.915649
0.239885,0.136525,-1543.2229
0.239488,0.142787,-1542.170044
0.239488,0.142787,-1539.176758
0.239488,0.142787,-1539.48999
0.238422,0.135471,-1541.859131
0.238422,0.135471,-1538.145752
0.238422,0.135471,-1540.547974
0.238422,0.135471,-1538.089111
0.235836,0.137206,-1539.240479
0.237585,0.140631,-1539.5
0.237585,0.140631,-1541.305298
0.237585,0.140631,-1538.553101
0.240378,0.140529,-1543.168213
0.237713,0.139502,-1541.780396
0.235084,0.140252,-1539.471069
0.230144,0.138001,-1544.647705
0.229556,0.141092,-1546.331299
0.230815,0.141115,-1540.947632
0.231726,0.137842,-1547.606201
0.23144,0.138662,-1546.94043
0.231881,0.135234,-1535.016113
0.234473,0.129343,-1541.335449
0.233246,0.132899,-1541.94043
0.235436,0.137186,-1535.672974
0.233497,0.146793,-1539.994385
0.233395,0.142398,-1537.066895
0.236051,0.142102,-1540.875244
0.236495,0.143405,-1542.966064
0.237031,0.144313,-1538.912598
0.239555,0.14353,-1544.494629
0.243784,0.146387,-1542.314209
0.244377,0.145273,-1541.892944
0.245161,0.150229,-1545.82373
0.247676,0.151953,-1546.770996
0.247676,0.151953,-1545.114014
0.247676,0.151953,-1548.320068
0.247188,0.15021,-1545.175049
0.245517,0.148787,-1545.072998
0.242561,0.153761,-1544.82019
0.242386,0.147129,-1541.883057
0.242386,0.147129,-1541.686035
0.242386,0.147129,-1540.533691
0.241638,0.143625,-1541.648926
0.24062,0.143612,-1544.118164
0.24062,0.143612,-1543.984497
0.23786,0.139548,-1538.488892
0.236697,0.14144,-1539.001953
0.236705,0.140734,-1540.172363
0.235286,0.136762,-1544.464233
0.237453,0.137461,-1540.702148
0.237432,0.133627,-1537.028931
0.237432,0.133627,-1540.836426
0.237798,0.137244,-1544.779053
0.237798,0.137244,-1545.625366
0.237798,0.137244,-1537.924072
0.237798,0.137244,-1543.654419
0.237798,0.137244,-1538.90918
0.242751,0.137219,-1540.914795
0.245143,0.138154,-1542.921875
0.245143,0.138154,-1541.107666
0.242286,0.141562,-1542.828491
0.242286,0.141562,-1540.740967
0.240267,0.138815,-1539.282593
0.240633,0.139249,-1539.120361
0.240633,0.139249,-1540.042847
0.240633,0.139249,-1543.583984
0.240633,0.139249,-1540.562622
0.242833,0.136102,-1541.243164
0.242832,0.137785,-1541.407227
0.242262,0.135202,-1541.13916
0.242739,0.127233,-1541.640259
0.244009,0.125597,-1541.7771
0.244109,0.128358,-1544.502808
0.244998,0.129069,-1543.914917
0.244998,0.129069,-1541.33667
0.244998,0.129069,-1542.040283
0.244998,0.129069,-1541.818604
0.244998,0.129069,-1542.244629
0.244998,0.129069,-1541.946289
0.245044,0.129565,-1545.044434
0.247714,0.137,-1543.781982
0.247714,0.137,-1545.597778
0.246758,0.144322,-1543.795288
0.246268,0.146917,-1544.01001
0.246841,0.146984,-1544.605225
0.248769,0.14745,-1545.07666
0.248769,0.14745,-1545.960327
0.248769,0.14745,-1545.194824
0.248769,0.14745,-1546.365479
0.247483,0.150621,-1545.000122
0.246311,0.147799,-1546.686768
0.246311,0.147799,-1545.073975
0.247729,0.147544,-1546.80896
0.245479,0.145466,-1542.803223
0.245479,0.145466,-1543.950073
0.244156,0.145548,-1543.295654
0.243464,0.146303,-1543.530884
0.242519,0.145141,-1542.053101
0.241892,0.14674,-1544.998779
0.246005,0.139422,-1542.273926
0.243606,0.13727,-1541.839478
0.243606,0.13727,-1540.828369
0.24355,0.139215,-1544.894287
0.24355,0.139215,-1540.513306
0.24355,0.139215,-1544.350098
0.24355,0.139215,-1542.545288
0.244106,0.141701,-1541.85376
0.244106,0.141701,-1542.185791
0.245128,0.144779,-1542.86145
0.244363,0.145006,-1541.774902
0.243487,0.144221,-1542.205078
0.246627,0.146867,-1544.211792
0.245369,0.14851,-1544.838135
0.243746,0.146911,-1546.674072
0.243746,0.146911,-1542.25
0.242512,0.150438,-1544.876465
0.24762,0.152953,-1545.818848
0.24762,0.152953,-1545.22937
0.248381,0.152317,-1546.588379
0.248702,0.144733,-1547.87146
0.248702,0.144733,-1545.6427
0.248702,0.144733,-1544.898682
0.249055,0.143256,-1544.575928
0.248767,0.142147,-1544.133789
0.248767,0.142147,-1544.842529
0.248767,0.142147,-1545.313232
0.248767,0.142147,-1545.116211
0.24644,0.135504,-1542.878296
0.246266,0.140232,-1543.380981
0.246266,0.140232,-1544.536377
0.24489,0.137791,-1544.727295
0.24489,0.137791,-1542.513184
0.240185,0.143111,-1544.712646
0.237894,0.142615,-1540.589844
0.237894,0.142615,-1545.799072
0.237894,0.142615,-1540.956055
0.237894,0.142615,-1537.287109
0.237894,0.142615,-1541.665039
0.237894,0.142615,-1540.843994
0.237894,0.142615,-1545.822998
0.237894,0.142615,-1539.011719
0.239174,0.143835,-1542.971558
0.241825,0.141802,-1539.874756
0.237409,0.140418,-1541.88623
0.237409,0.140418,-1536.939453
0.235703,0.144207,-1541.188721
0.234865,0.148955,-1544.518066
0.234865,0.148955,-1542.108765
0.234865,0.148955,-1547.533203
0.236918,0.151895,-1547.427002
0.237736,0.148177,-1539.270996
0.237736,0.148177,-1538.17041
0.235152,0.152701,-1541.75415
0.233406,0.153457,-1543.554688
0.233406,0.153457,-1544.77478
0.232012,0.156168,-1540.86377
0.232012,0.156168,-1546.931519
0.232012,0.156168,-1547.743896
0.234766,0.161011,-1539.739502
0.234766,0.161011,-1540.666992
0.234766,0.161011,-1549.411133
0.233687,0.160517,-1547.352539
0.23643,0.156223,-1541.244629
0.237412,0.159198,-1546.684326
0.237412,0.159198,-1545.717407
0.237412,0.159198,-1549.266846
0.241021,0.157654,-1546.163574
0.240755,0.15774,-1543.988892
0.244336,0.161831,-1546.738159
0.244336,0.161831,-1547.056152
0.244336,0.161831,-1546.96875
0.244336,0.161831,-1546.088379
0.244793,0.154909,-1544.238037
0.244793,0.154909,-1546.862549
0.244793,0.154909,-1544.482422
0.244793,0.154909,-1544.741577
0.244793,0.154909,-1545.232666
0.246033,0.151449,-1544.194458
0.245564,0.150689,-1547.058594
0.244217,0.153699,-1544.023682
0.244217,0.153699,-1545.849976
0.244217,0.153699,-1543.261475
0.243812,0.149591,-1547.152344
0.243324,0.146384,-1541.681396
0.24383,0.139991,-1541.172119
0.24383,0.139991,-1541.760498
0.242394,0.131919,-1540.024414
0.242394,0.131919,-1543.019287
0.242394,0.131919,-1539.834351
0.238808,0.13381,-1541.736572
0.238913,0.134365,-1541.775635
0.242101,0.131564,-1542.65332
0.242101,0.131564,-1543.269531
0.245952,0.133352,-1542.920532
0.247915,0.1361,-1544.230713
0.247915,0.1361,-1543.183594
0.243473,0.13693,-1542.873291
0.243473,0.13693,-1541.211792
0.240868,0.140811,-1541.371582
0.241703,0.143682,-1544.591064
0.245972,0.144203,-1544.889893
0.240909,0.141657,-1540.787842
0.24419,0.140606,-1545.205688
0.244745,0.140516,-1544.763794
0.244745,0.140516,-1543.564819
0.244745,0.140516,-1544.854736
0.244519,0.142067,-1542.399536
0.243451,0.139218,-1542.645996
0.243451,0.139218,-1542.821777
0.243451,0.139218,-1545.691162
0.241853,0.138865,-1541.422363
0.240883,0.136138,-1539.653809
0.245925,0.138824,-1542.978638
0.243978,0.137894,-1543.192139
0.244736,0.1399,-1542.173096
0.245667,0.143612,-1543.161133
0.245667,0.143612,-1544.440308
0.245667,0.143612,-1544.725098
0.245667,0.143612,-1546.33374
0.245731,0.143029,-1543.214844
0.245731,0.143029,-1543.72998
0.244283,0.144691,-1544.287476
0.243394,0.1409,-1544.590088
0.245549,0.144948,-1544.468262
0.242994,0.147831,-1541.729736
0.242563,0.148937,-1542.379395
0.243458,0.146587,-1541.390381
0.243458,0.146587,-1544.615723
0.243458,0.146587,-1542.234497
0.244698,0.145942,-1543.645752
0.242805,0.14909,-1543.363159
0.241,0.148693,-1543.00293
0.242987,0.148647,-1546.633667
0.242987,0.148647,-1544.103271
0.244637,0.145206,-1542.76709
0.251402,0.143231,-1547.032959
0.25095,0.142617,-1546.528198
0.25095,0.142617,-1545.660156
0.25095,0.142617,-1545.284668
0.249089,0.14107,-1544.184082
0.249089,0.14107,-1545.258057
0.249089,0.14107,-1544.979614
0.246487,0.141433,-1544.121582
0.246487,0.141433,-1543.335205
0.24848,0.141266,-1545.071533
0.24848,0.141266,-1545.039307
0.246214,0.140596,-1543.427002
0.246214,0.140596,-1544.105957
0.245994,0.135878,-1541.880981
0.245994,0.135878,-1546.791748
0.245994,0.135878,-1542.613281
0.245994,0.135878,-1541.868286
0.246375,0.136138,-1543.504028
0.248134,0.140358,-1545.676514
0.247749,0.138521,-1545.064941
0.252756,0.134781,-1546.021484
0.251318,0.13231,-1549.662842
0.246219,0.124131,-1543.734619
0.2471,0.126904,-1545.223511
0.24821,0.131707,-1545.345825
0.24821,0.131707,-1544.911133
0.250054,0.134385,-1545.034912
0.250054,0.134385,-1545.419434
0.250054,0.134385,-1544.578369
0.25083,0.13062,-1544.806396
0.248456,0.130957,-1545.799072
0.248456,0.130957,-1544.256714
0.248456,0.130957,-1544.466187
0.251553,0.131334,-1545.683838
0.253661,0.133206,-1546.291992
0.254994,0.130831,-1547.217163
0.254994,0.130831,-1547.849243
0.254994,0.130831,-1548.500366
0.255072,0.129425,-1547.961182
0.255072,0.129425,-1547.833374
0.255072,0.129425,-1547.64624
0.251731,0.123775,-1546.216309
0.251627,0.12279,-1546.394043
0.251627,0.12279,-1546.188599
0.252268,0.125996,-1545.732422
0.252268,0.125996,-1546.483154
0.25324,0.125272,-1547.28479
0.250506,0.126024,-1544.804443
0.252132,0.128091,-1546.279419
0.251443,0.125216,-1546.38208
0.248523,0.121012,-1545.164795
0.248523,0.121012,-1544.959595
0.250519,0.120161,-1545.723145
0.249412,0.12508,-1544.635254
0.246699,0.127731,-1544.345459
0.246699,0.127731,-1545.045654
0.246699,0.127731,-1542.098877
0.246699,0.127731,-1543.563965
0.245643,0.133087,-1543.398926
0.245643,0.133087,-1542.645752
0.245643,0.133087,-1542.203857
0.245643,0.133087,-1542.240356
0.245643,0.133087,-1543.431763
0.243533,0.132696,-1543.52832
0.24643,0.134187,-1541.734009
0.246735,0.133136,-1542.980347
0.246349,0.137032,-1544.049927
0.244472,0.139628,-1541.950928
0.246801,0.141373,-1544.090332
0.246389,0.143591,-1543.326538
0.246389,0.143591,-1543.336426
0.246753,0.139373,-1543.31311
0.246995,0.137886,-1544.240967
0.246995,0.137886,-1543.49707
0.24656,0.14168,-1543.118042
0.24656,0.14168,-1543.575439
0.244131,0.140731,-1542.802856
0.244131,0.140731,-1541.595947
0.243728,0.142075,-1542.084595
0.243963,0.143285,-1545.851074
0.242736,0.150577,-1541.950806
0.242324,0.153904,-1546.361816
0.242324,0.153904,-1546.822876
0.239484,0.152667,-1542.279785
0.239484,0.152667,-1543.305908
0.239098,0.152405,-1542.766968
0.240373,0.15356,-1548.397705
0.242059,0.156591,-1545.401733
0.239427,0.1573,-1548.127197
0.236998,0.159043,-1542.110107
0.236384,0.157439,-1546.085693
0.234784,0.159027,-1538.763184
0.234784,0.159027,-1540.521973
0.234914,0.161613,-1544.090454
0.236228,0.160757,-1542.601562
0.235677,0.163205,-1542.944092
0.235677,0.163205,-1549.420898
0.235677,0.163205,-1542.258667
0.236375,0.16008,-1542.502441
0.236098,0.156815,-1544.735474
0.236098,0.156815,-1539.54895
0.236098,0.156815,-1543.544434
0.236098,0.156815,-1545.958618
0.236098,0.156815,-1541.50293
0.236098,0.156815,-1549.023926
0.236221,0.160173,-1543.02002
0.236039,0.157543,-1540.518311
0.235866,0.153289,-1542.193604
0.234322,0.148967,-1538.198242
0.232703,0.146886,-1550.571167
0.232703,0.146886,-1544.036255
0.233003,0.144377,-1543.686523
0.234132,0.144017,-1537.572266
0.234132,0.144017,-1546.450195
0.234132,0.144017,-1538.273682
0.234132,0.144017,-1540.088501
0.235992,0.144523,-1538.910156
0.233012,0.147779,-1537.421143
0.234136,0.150015,-1536.922852
0.237157,0.145984,-1537.976318
0.237157,0.145984,-1541.475098
0.237734,0.142515,-1544.099121
0.239439,0.146198,-1546.140259
0.239439,0.146198,-1544.051636
0.239439,0.146198,-1541.182129
0.241351,0.143805,-1546.967041
0.241057,0.146343,-1540.164185
0.24171,0.143314,-1540.69873
0.24171,0.143314,-1540.539795
0.24171,0.143314,-1541.364624
0.237813,0.143757,-1539.261597
0.237813,0.143757,-1541.953247
0.239587,0.144422,-1540.191406
0.237043,0.149854,-1544.223389
0.232732,0.148877,-1538.539062
0.230008,0.14778,-1543.1604
0.230008,0.14778,-1546.075439
0.232183,0.151545,-1539.239258
0.233198,0.152812,-1544.823242
0.232954,0.154116,-1539.629761
0.232644,0.155413,-1547.629761
0.233475,0.158336,-1546.719727
0.233475,0.158336,-1545.174561
0.233651,0.158379,-1544.609619
0.233655,0.157764,-1541.394287
0.231518,0.15418,-1543.635986
0.231829,0.155741,-1544.545776
0.231815,0.158723,-1547.315552
0.235994,0.15045,-1539.751709
0.234347,0.148372,-1539.518799
0.233041,0.146514,-1545.964355
0.233041,0.146514,-1550.67334
0.232773,0.147835,-1540.009155
0.232773,0.147835,-1541.125244
0.232773,0.147835,-1545.533936
0.231221,0.147748,-1543.875977
0.229865,0.149794,-1552.575195
0.23178,0.15201,-1548.832397
0.23178,0.15201,-1540.263428
0.23178,0.15201,-1548.583496
0.23257,0.149969,-1540.244507
0.23257,0.149969,-1545.212036
0.233733,0.151932,-1543.83667
0.234431,0.152989,-1547.95752
0.234297,0.151645,-1538.217773
0.235745,0.145127,-1541.993896
0.235745,0.145127,-1536.497559
0.235745,0.145127,-1545.29834
0.235745,0.145127,-1540.67395
0.235745,0.145127,-1537.643555
0.238547,0.147209,-1540.757324
0.238547,0.147209,-1545.936035
0.238547,0.147209,-1539.70459
0.237296,0.148493,-1546.725342
0.235943,0.147682,-1541.744263
0.237031,0.149387,-1543.027222
0.237031,0.149387,-1541.657593
0.237031,0.149387,-1539.746094
0.238717,0.152233,-1543.747192
0.238717,0.152233,-1545.773682
0.238717,0.152233,-1543.907837
0.238717,0.152233,-1546.531006
0.238717,0.152233,-1544.966431
0.23953,0.15247,-1545.616577
0.23953,0.15247,-1542.275879
0.23953,0.15247,-1542.303223
0.23953,0.15247,-1540.648071
0.23953,0.15247,-1544.015747
0.236549,0.148137,-1543.007812
0.236549,0.148137,-1546.002686
0.236549,0.148137,-1541.578979
0.237889,0.148209,-1539.684448
0.237889,0.148209,-1538.766235
0.237889,0.148209,-1539.054443
0.23569,0.149349,-1539.346802
0.233627,0.144832,-1537.669922
0.23262,0.147772,-1539.634033
0.232709,0.149771,-1548.570801
0.232709,0.149771,-1544.08374
0.234519,0.14774,-1546.369385
0.234519,0.14774,-1543.078125
0.234519,0.14774,-1545.306641
0.234519,0.14774,-1548.43457
0.234519,0.14774,-1543.09021
0.234027,0.145312,-1545.601807
0.234027,0.145312,-1543.129883
0.234027,0.145312,-1547.543091
0.234027,0.145312,-1550.18457
0.239914,0.147859,-1542.618408
0.239914,0.147859,-1542.878052
0.2359,0.149577,-1541.043457
0.23476,0.151724,-1539.970337
0.233813,0.153306,-1545.561279
0.233813,0.153306,-1542.5625
0.231988,0.155951,-1541.746582
0.232147,0.154039,-1544.160156
0.232991,0.153677,-1546.278442
0.230201,0.156679,-1548.96167
0.227588,0.153156,-1539.928955
0.227588,0.153156,-1542.358765
0.227588,0.153156,-1553.044189
0.22692,0.154298,-1552.082275
0.223737,0.155054,-1547.992188
0.223437,0.15718,-1547.83313
0.227253,0.155205,-1543.1073
0.227253,0.155205,-1556.520996
0.227253,0.155205,-1542.901489
0.227447,0.159887,-1549.275391
0.227359,0.155216,-1545.978027
0.227359,0.155216,-1550.841919
0.227946,0.153312,-1541.413086
0.226723,0.150356,-1541.050781
0.225784,0.155454,-1550.540527
0.2265,0.15848,-1547.130127
0.225556,0.154272,-1550.0354
0.225556,0.154272,-1546.538574
0.225556,0.154272,-1553.089355
0.220771,0.14604,-1540.860229
0.220771,0.14604,-1542.688965
0.220771,0.14604,-1551.531494
0.224198,0.144186,-1548.516357
0.224198,0.144186,-1544.966553
0.224198,0.144186,-1547.995117
0.22476,0.142959,-1547.060059
0.22476,0.142959,-1548.795898
0.225115,0.140012,-1549.330811
0.22043,0.143599,-1543.828369
0.22043,0.143599,-1558.588745
0.218201,0.147417,-1550.288818
0.223093,0.145802,-1562.73999
0.224506,0.147381,-1545.21521
0.227025,0.152299,-1551.519287
0.227025,0.152299,-1544.62793
0.231043,0.15453,-1550.912109
0.230898,0.15489,-1544.140625
0.230898,0.15489,-1547.491211
0.230898,0.15489,-1542.509521
0.230898,0.15489,-1535.992676
0.229794,0.160762,-1550.460205
0.229794,0.160762,-1556.061279
0.228085,0.157842,-1545.182251
0.229598,0.158158,-1542.857056
0.229598,0.158158,-1544.862427
0.233634,0.162128,-1550.820435
0.233897,0.157468,-1539.388428
0.234499,0.153446,-1553.198975
0.234499,0.153446,-1538.580811
0.234499,0.153446,-1540.030884
0.234499,0.153446,-1540.901367
0.235522,0.15045,-1545.860962
0.2371,0.147119,-1542.704468
0.233901,0.146475,-1544.994263
0.232799,0.146991,-1539.136475
0.232799,0.146991,-1540.856934
0.232626,0.151549,-1544.907104
0.232813,0.156246,-1542.037598
0.234633,0.151731,-1546.368408
0.234834,0.150681,-1536.729858
0.234834,0.150681,-1542.210938
0.234834,0.150681,-1545.214233
0.234511,0.152276,-1541.198364
0.234511,0.152276,-1538.944458
0.234511,0.152276,-1547.373657
0.232542,0.157434,-1547.249634
0.232542,0.157434,-1539.302612
0.230304,0.161317,-1546.386475
0.229964,0.165331,-1554.565918
0.22968,0.162303,-1544.901001
0.229881,0.164696,-1544.370483
0.230732,0.164841,-1542.921143
0.228111,0.158874,-1552.710693
0.228111,0.158874,-1557.600342
0.227555,0.157493,-1545.083496
0.230504,0.157139,-1545.177246
0.231773,0.158908,-1540.240479
0.232524,0.15993,-1539.646118
0.230836,0.160734,-1542.276367
0.230836,0.160734,-1542.333496
0.229504,0.163358,-1548.48291
0.229251,0.163718,-1564.178223
0.229251,0.163718,-1541.168457
0.229251,0.163718,-1542.322021
0.229251,0.163718,-1545.621216
0.229251,0.163718,-1539.903931
0.224659,0.167129,-1552.521484
0.224659,0.167129,-1552.830811
0.224498,0.163025,-1546.293701
0.226386,0.16293,-1552.279785
0.226386,0.16293,-1544.813232
0.226386,0.16293,-1544.305908
0.223054,0.165399,-1537.73291
0.223054,0.165399,-1561.041748
0.223054,0.165399,-1547.815063
0.225793,0.167591,-1550.967773
0.229889,0.161607,-1546.664307
0.232695,0.164992,-1556.166504
0.232695,0.164992,-1545.936768
0.232695,0.164992,-1541.796875
0.232695,0.164992,-1541.60144
0.232695,0.164992,-1545.967041
0.235738,0.17052,-1550.195923
0.23316,0.16767,-1544.03064
0.231847,0.16501,-1542.164429
0.23442,0.162563,-1539.666016
0.23442,0.162563,-1540.462646
0.235405,0.163378,-1545.935303
0.237912,0.161982,-1547.486572
0.237912,0.161982,-1545.885986
0.236583,0.163011,-1550.86377
0.23299,0.159676,-1542.226562
0.23299,0.159676,-1552.382324
0.232142,0.154934,-1536.370605
0.232142,0.154934,-1539.32605
0.23032,0.148445,-1546.030273
0.229467,0.148009,-1541.514648
0.229697,0.1504,-1547.559082
0.228376,0.149628,-1557.096191
0.230405,0.148218,-1542.503174
0.230405,0.148218,-1540.35376
0.230405,0.148218,-1540.597656
0.230405,0.148218,-1541.202026
0.231866,0.147549,-1542.35022
0.232553,0.146087,-1543.245728
0.232553,0.146087,-1546.389648
0.234083,0.144919,-1535.73877
0.231904,0.140865,-1545.016724
0.23139,0.143167,-1540.633545
0.233618,0.142529,-1544.347412
0.23456,0.1449,-1539.849854
0.23456,0.1449,-1543.301636
0.23456,0.1449,-1545.302246
0.238251,0.136443,-1543.431641
0.232291,0.130957,-1539.995117
0.232291,0.130957,-1544.037842
0.229893,0.12869,-1539.747437
0.228695,0.121379,-1535.252563
0.228695,0.121379,-1544.751587
0.228695,0.121379,-1532.859131
0.225729,0.117305,-1543.333984
0.223486,0.12155,-1552.657837
0.223123,0.121688,-1542.724854
0.22685,0.119386,-1538.378052
0.228114,0.122912,-1551.174316
0.226616,0.122156,-1546.862427
0.226616,0.122156,-1550.982544
0.226616,0.122156,-1549.170532
0.226616,0.122156,-1550.040283
0.223328,0.121054,-1546.866699
0.225322,0.123424,-1554.536865
0.226365,0.122294,-1553.311035
0.226365,0.122294,-1557.600098
0.226365,0.122294,-1546.094971
0.226365,0.122294,-1547.714111
0.226365,0.122294,-1544.631104
0.225238,0.121493,-1555.161621
0.224273,0.126549,-1540.063721
0.224273,0.126549,-1535.045166
0.224273,0.126549,-1546.411865
0.223023,0.132125,-1544.255127
0.223023,0.132125,-1542.676392
0.224892,0.129794,-1551.90979
0.224892,0.129794,-1556.0177
0.226355,0.131854,-1542.538696
0.227283,0.130794,-1538.162354
0.226067,0.129106,-1545.929443
0.225182,0.129714,-1546.46814
0.225182,0.129714,-1534.977295
0.223534,0.129805,-1544.386475
0.223534,0.129805,-1543.422485
0.223534,0.129805,-1535.227295
0.223534,0.129805,-1537.743652
0.223534,0.129805,-1555.158813
0.226617,0.128864,-1537.728882
0.227576,0.130092,-1542.927856
0.227576,0.130092,-1541.299927
0.227576,0.130092,-1543.156006
0.227576,0.130092,-1542.263428
0.226448,0.132714,-1544.342041
0.224937,0.128469,-1552.422974
0.224937,0.128469,-1536.380371
0.224937,0.128469,-1546.579956
0.225215,0.12676,-1541.536255
0.225215,0.12676,-1543.862793
0.225579,0.127143,-1539.36731
0.225579,0.127143,-1535.512939
0.225579,0.127143,-1543.854858
0.226947,0.128269,-1542.70459
0.227216,0.124746,-1540.323242
0.228759,0.12359,-1551.081055
0.228759,0.12359,-1542.808716
0.228759,0.12359,-1540.313354
0.228759,0.12359,-1544.26123
0.229104,0.120112,-1554.601685
0.230213,0.117779,-1541.244629
0.230359,0.118436,-1543.978882
0.229388,0.122597,-1541.561523
0.229388,0.122597,-1533.552246
0.231672,0.122833,-1542.008301
0.230539,0.119443,-1544.075439
0.231569,0.119406,-1550.091797
0.231189,0.128662,-1552.620117
0.234476,0.124871,-1544.673218
0.234534,0.128521,-1540.465698
0.234534,0.128521,-1540.655029
0.235925,0.124188,-1544.226562
0.235141,0.121791,-1545.189697
0.239995,0.124782,-1545.151123
0.239995,0.124782,-1542.349731
0.23701,0.122127,-1539.859619
0.235319,0.122634,-1539.784302
0.235319,0.122634,-1536.696167
0.235319,0.122634,-1544.546021
0.235389,0.123742,-1545.327881
0.23396,0.122745,-1539.590576
0.235412,0.128433,-1543.849976
0.235412,0.128433,-1543.153809
0.236193,0.128321,-1542.313232
0.236526,0.128063,-1548.783325
0.236526,0.128063,-1537.618652
0.236526,0.128063,-1541.297852
0.234792,0.130575,-1539.57959
0.237782,0.133872,-1541.603027
0.237782,0.133872,-1540.141968
0.236526,0.139788,-1537.000488
0.234686,0.140142,-1539.494385
0.237177,0.14214,-1540.519165
0.237177,0.14214,-1541.599365
0.236628,0.143896,-1545.789062
0.236628,0.143896,-1548.736084
0.237908,0.142804,-1538.378296
0.237908,0.142804,-1544.746704
0.237908,0.142804,-1539.480469
0.237908,0.142804,-1538.512329
0.240236,0.143384,-1540.121338
0.240236,0.143384,-1540.88562
0.243753,0.143356,-1541.625488
0.245678,0.144726,-1543.185547
0.245678,0.144726,-1547.059814
0.24284,0.146223,-1543.289307
0.24284,0.146223,-1543.331787
0.24284,0.146223,-1542.449463
0.24326,0.148902,-1543.388428
0.244376,0.146915,-1543.111816
0.2445,0.14861,-1542.913452
0.2445,0.14861,-1543.74353
0.247479,0.146015,-1545.883301
0.244726,0.149681,-1543.227051
0.245094,0.149534,-1543.322021
0.242615,0.149734,-1543.474365
0.242689,0.150492,-1543.723267
0.240883,0.151078,-1543.060669
0.239598,0.153347,-1544.869629
0.240737,0.155267,-1547.142456
0.236739,0.160499,-1544.191162
0.238787,0.158061,-1542.524292
0.238787,0.158061,-1540.923584
0.237712,0.155438,-1546.431885
0.237712,0.155438,-1543.998779
0.237712,0.155438,-1542.851318
0.237712,0.155438,-1541.089478
0.238095,0.164773,-1545.410156
0.239897,0.160244,-1542.199463
0.238141,0.153791,-1541.917236
0.236846,0.153854,-1538.935059
0.236846,0.153854,-1546.462402
0.236846,0.153854,-1543.853149
0.238953,0.154691,-1543.318115
0.235531,0.149053,-1540.692993
0.235531,0.149053,-1540.964722
0.231657,0.152484,-1540.109131
0.234381,0.155091,-1542.800293
0.234381,0.155091,-1549.197876
0.235113,0.152918,-1541.321045
0.233192,0.155453,-1540.064941
0.233192,0.155453,-1540.323242
0.233192,0.155453,-1538.036011
0.233875,0.153916,-1537.777344
0.233875,0.153916,-1541.657471
0.233875,0.153916,-1545.320679
0.233875,0.153916,-1541.008545
0.237913,0.153287,-1541.372437
0.240815,0.153057,-1541.427002
0.242616,0.15482,-1543.538452
0.241943,0.157212,-1543.050049
0.242939,0.156883,-1543.540161
0.242939,0.156883,-1543.913086
0.241007,0.156358,-1542.301392
0.238299,0.156355,-1546.855469
0.238299,0.156355,-1544.114868
0.239263,0.15267,-1546.468994
0.238541,0.156547,-1540.862915
0.238541,0.156547,-1548.349365
0.235535,0.15394,-1537.949707
0.235535,0.15394,-1546.20166
0.233618,0.153583,-1545.945312
0.231845,0.154645,-1538.673706
0.233656,0.155924,-1540.237793
0.232917,0.152966,-1540.40332
0.232917,0.152966,-1543.664307
0.230595,0.143665,-1545.397217
0.230595,0.143665,-1535.765747
0.2315,0.1434,-1537.621826
0.2315,0.1434,-1539.664795
0.229913,0.146578,-1539.687256
0.233548,0.143227,-1535.362427
0.231145,0.14523,-1541.61792
0.229887,0.151543,-1543.285156
0.230277,0.156345,-1545.71167
0.230303,0.161315,-1538.536865
0.233632,0.158853,-1543.64917
0.235501,0.155996,-1543.585815
0.238392,0.155085,-1542.370605
0.238392,0.155085,-1541.223633
0.238882,0.155475,-1544.762817
0.239262,0.155809,-1541.432007
0.237711,0.159918,-1543.698486
0.239014,0.161584,-1545.715576
0.239014,0.161584,-1544.99707
0.241305,0.162791,-1548.015381
0.241305,0.162791,-1545.381958
0.244277,0.164308,-1549.449463
0.242572,0.165341,-1546.771484
0.242176,0.160713,-1544.86377
0.244494,0.158669,-1546.373535
0.242675,0.159163,-1547.117676
0.244809,0.16,-1546.06665
0.245053,0.155971,-1546.19397
0.24588,0.152044,-1544.937256
0.24588,0.152044,-1544.420898
0.24588,0.152044,-1545.78186
0.24588,0.152044,-1545.129639
0.24588,0.152044,-1544.694336
0.243113,0.152381,-1545.433594
0.243113,0.152381,-1543.299072
0.242478,0.153551,-1542.427979
0.240502,0.145832,-1542.176025
0.240889,0.144801,-1541.033936
0.237483,0.147913,-1540.145752
0.237768,0.146373,-1541.161011
0.237124,0.149608,-1546.447266
0.237465,0.15072,-1539.266846
0.237465,0.15072,-1546.56543
0.23768,0.15602,-1544.914795
0.237235,0.155318,-1539.878906
0.237235,0.155318,-1541.101074
0.237235,0.155318,-1541.865967
0.237235,0.155318,-1542.395264
0.237235,0.155318,-1542.851196
0.239732,0.154128,-1546.276367
0.236169,0.157498,-1540.767212
0.23479,0.15511,-1546.639771
0.23479,0.15511,-1539.116211
0.237635,0.16117,-1544.896729
0.237635,0.16117,-1543.921875
0.237635,0.16117,-1541.354492
0.237635,0.16117,-1544.111816
0.237635,0.16117,-1545.429199
0.237635,0.16117,-1542.248535
0.237635,0.16117,-1541.443848
0.237635,0.16117,-1544.490723
0.239696,0.15927,-1545.549561
0.239696,0.15927,-1543.108276
0.239604,0.158118,-1541.953857
0.2391,0.157562,-1541.905884
0.23883,0.156169,-1542.053101
0.23883,0.156169,-1544.439087
0.240481,0.154581,-1541.144531
0.237694,0.162304,-1547.21814
0.239562,0.158032,-1541.515625
0.239562,0.158032,-1541.942139
0.237398,0.153758,-1543.646484
0.235986,0.153725,-1538.552246
0.235367,0.147039,-1542.605957
0.235367,0.147039,-1547.643066
0.233794,0.145639,-1547.857544
0.231929,0.147429,-1534.78772
0.230272,0.149891,-1538.003052
0.229627,0.151885,-1534.559814
0.229627,0.151885,-1533.831055
0.229749,0.157701,-1543.671265
0.228652,0.157122,-1541.993896
0.228652,0.157122,-1540.020996
0.226964,0.154015,-1543.20459
0.226964,0.154015,-1549.941895
0.225781,0.154281,-1549.641113
0.225781,0.154281,-1541.023071
0.225781,0.154281,-1544.609619
0.225781,0.154281,-1545.721191
0.230044,0.15126,-1546.786133
0.232844,0.151751,-1543.287354
0.233914,0.153077,-1552.414551
0.235436,0.156145,-1538.965698
0.235436,0.156145,-1550.231323
0.236369,0.160923,-1546.191284
0.236369,0.160923,-1544.894531
0.23589,0.162157,-1546.374512
0.235933,0.163584,-1543.750854
0.235933,0.163584,-1547.944092
0.235933,0.163584,-1547.748291
0.23553,0.162447,-1545.578369
0.233696,0.161437,-1545.401611
0.233696,0.161437,-1542.544434
0.233696,0.161437,-1546.207031
0.234543,0.160917,-1541.601074
0.232457,0.166968,-1553.074219
0.231332,0.170316,-1539.406616
0.230072,0.169995,-1538.458008
0.22729,0.169466,-1556.322266
0.225119,0.163204,-1560.409912
0.225119,0.163204,-1556.59314
0.220877,0.158412,-1555.466797
0.218718,0.155572,-1560.794678
0.218718,0.155572,-1551.089233
0.218718,0.155572,-1544.391235
0.220028,0.157751,-1545.487061
0.21678,0.160061,-1554.07251
0.21678,0.160061,-1556.913086
0.220918,0.153307,-1545.014893
0.220918,0.153307,-1562.553711
0.220918,0.153307,-1551.725342
0.220918,0.153307,-1553.192749
0.226167,0.150221,-1539.90918
0.226167,0.150221,-1546.963135
0.226045,0.148983,-1536.844238
0.225064,0.150266,-1547.183838
0.224308,0.147984,-1547.022461
0.224308,0.147984,-1541.450195
0.222406,0.141535,-1559.198364
0.222435,0.143784,-1556.921875
0.222435,0.143784,-1549.167969
0.222189,0.147121,-1551.592773
0.22198,0.143499,-1558.324341
0.219496,0.139976,-1546.756348
0.219496,0.139976,-1558.057617
0.220571,0.136357,-1538.224609
0.220571,0.136357,-1540.383179
0.222135,0.139505,-1543.615601
0.223298,0.138114,-1553.189209
0.223298,0.138114,-1549.616089
0.223451,0.135168,-1544.361328
0.223451,0.135168,-1554.922363
0.223451,0.135168,-1542.159668
0.225436,0.139283,-1558.099854
0.223389,0.141124,-1545.281982
0.223389,0.141124,-1545.272949
0.223389,0.141124,-1537.399414
0.227074,0.138998,-1543.851807
0.227074,0.138998,-1545.911499
0.227074,0.138998,-1549.674805
0.229374,0.138055,-1539.273682
0.229499,0.141143,-1556.963501
0.230469,0.135227,-1536.101074
0.229095,0.133973,-1536.420654
0.229095,0.133973,-1544.274414
0.228605,0.130926,-1537.41333
0.228605,0.130926,-1539.103638
0.228605,0.130926,-1538.088379
0.22774,0.130964,-1543.761108
0.223276,0.133915,-1538.63501
0.221905,0.132249,-1545.869995
0.226733,0.131684,-1542.179321
0.226733,0.131684,-1552.209961
0.229875,0.132852,-1542.219238
0.228245,0.13146,-1536.380249
0.228245,0.13146,-1557.119873
0.225998,0.130583,-1544.840088
0.229263,0.131186,-1542.598633
0.229263,0.131186,-1545.387939
0.229263,0.131186,-1539.158081
0.229263,0.131186,-1541.530396
0.231977,0.128272,-1546.399414
0.231977,0.128272,-1534.407349
0.231807,0.13252,-1540.337158
0.230504,0.128689,-1546.786377
0.233026,0.130346,-1544.509033
0.233026,0.130346,-1533.142334
0.236195,0.130759,-1543.980957
0.232022,0.133333,-1544.297852
0.232022,0.133333,-1546.910889
0.228372,0.13349,-1539.623413
0.228372,0.13349,-1541.588379
0.228372,0.13349,-1548.569092
0.228837,0.129765,-1551.640137
0.229965,0.129856,-1537.367065
0.229965,0.129856,-1535.606079
0.229965,0.129856,-1544.335083
0.229965,0.129856,-1546.574585
0.231723,0.126145,-1546.77002
0.232149,0.126463,-1549.831543
0.230921,0.120172,-1545.102051
0.231381,0.116425,-1552.789307
0.231129,0.116114,-1534.715088
0.231129,0.116114,-1545.276001
0.23247,0.115456,-1551.879883
0.231119,0.115296,-1547.027466
0.23171,0.117157,-1543.276611
0.232439,0.11792,-1540.214111
0.23143,0.115349,-1538.4104
0.23419,0.113871,-1539.245117
0.23415,0.115256,-1544.193604
0.23415,0.115256,-1543.685181
0.23415,0.115256,-1542.213013
0.235386,0.115234,-1543.161865
0.235349,0.117615,-1545.560547
0.234371,0.121495,-1546.052368
0.234371,0.121495,-1547.964844
0.236611,0.126148,-1546.911621
0.236611,0.126148,-1546.559082
0.237433,0.126825,-1540.99292
0.237433,0.126825,-1539.705322
0.239234,0.126503,-1544.664795
0.238719,0.127262,-1546.697998
0.238719,0.127262,-1541.242432
0.238736,0.131669,-1546.572021
0.238736,0.131669,-1539.349365
0.238736,0.131669,-1546.837891
0.236725,0.133313,-1536.24707
0.239746,0.136136,-1541.762207
0.237201,0.133906,-1539.410522
0.237201,0.133906,-1538.039062
0.237201,0.133906,-1539.358032
0.237201,0.133906,-1537.849243
0.237644,0.137062,-1544.376221
0.237644,0.137062,-1542.148682
0.237644,0.137062,-1540.344482
0.238646,0.132917,-1537.043579
0.238646,0.132917,-1543.251099
0.238646,0.132917,-1537.588623
0.237618,0.131699,-1539.360596
0.238627,0.128147,-1540.988037
0.238627,0.128147,-1543.751343
0.238627,0.128147,-1540.546143
0.238627,0.128147,-1539.249634
0.238627,0.128147,-1541.825195
0.23679,0.131592,-1554.694824
0.239545,0.133716,-1543.485474
0.24239,0.129497,-1539.848145
0.24239,0.129497,-1543.177246
0.240004,0.130015,-1547.771729
0.240004,0.130015,-1538.502197
0.240004,0.130015,-1538.846191
0.240004,0.130015,-1541.436035
0.242462,0.129258,-1541.481689
0.2448,0.129223,-1543.804199
0.241294,0.128764,-1542.39917
0.239494,0.13087,-1542.612427
0.23974,0.134673,-1539.394287
0.239056,0.140789,-1545.307617
0.239056,0.140789,-1540.488037
0.237064,0.141154,-1539.626465
0.236203,0.141579,-1538.472412
0.236203,0.141579,-1538.848877
0.232927,0.144682,-1545.095581
0.234127,0.141298,-1542.148071
0.234127,0.141298,-1543.639893
0.234127,0.141298,-1545.788818
0.233128,0.139084,-1544.073975
0.234708,0.143225,-1542.544312
0.234708,0.143225,-1543.576904
0.234708,0.143225,-1540.108154
0.234708,0.143225,-1539.466309
0.232906,0.141318,-1543.239258
0.234875,0.142121,-1538.302246
0.234875,0.142121,-1540.219238
0.233351,0.144693,-1539.530273
0.236301,0.14111,-1541.103271
0.236301,0.14111,-1537.812744
0.236301,0.14111,-1542.699097
0.236301,0.14111,-1547.337402
0.236301,0.14111,-1540.768433
0.236301,0.14111,-1538.329834
0.2375,0.142285,-1539.141113
0.237155,0.137812,-1540.736694
0.241636,0.137947,-1545.612427
0.241636,0.137947,-1540.753784
0.243962,0.138663,-1541.39209
0.243962,0.138663,-1542.922852
0.243962,0.138663,-1542.029175
0.243962,0.138663,-1541.185181
0.240096,0.142877,-1539.260742
0.240096,0.142877,-1539.62915
0.240096,0.142877,-1540.266479
0.240105,0.145043,-1543.232788
0.240105,0.145043,-1543.379639
0.240854,0.14623,-1540.552734
0.239468,0.145476,-1543.767334
0.239468,0.145476,-1541.487549
0.238944,0.145837,-1539.408203
0.23641,0.145488,-1548.050781
0.23846,0.144067,-1544.580322
0.23846,0.144067,-1539.151123
0.23846,0.144067,-1540.810547
0.235553,0.144093,-1537.075195
0.235553,0.144093,-1539.151855
0.235966,0.146916,-1542.885986
0.237736,0.147872,-1541.231934
0.236886,0.149547,-1538.025879
0.236359,0.147483,-1540.283447
0.236941,0.149158,-1542.952759
0.23881,0.152247,-1549.662231
0.23881,0.152247,-1542.981323
0.23881,0.152247,-1548.220215
0.23881,0.152247,-1541.990601
0.23881,0.152247,-1544.432861
0.23881,0.152247,-1541.068237
0.239629,0.151015,-1544.539917
0.239603,0.147512,-1546.205811
0.239603,0.147512,-1549.222412
0.239603,0.147512,-1547.684814
0.239603,0.147512,-1542.378418
0.241503,0.152601,-1547.751465
0.241503,0.152601,-1546.245117
0.244369,0.149369,-1543.457886
0.244996,0.14536,-1542.679443
0.24803,0.147627,-1544.479004
0.24803,0.147627,-1545.550293
0.247126,0.145688,-1544.719238
0.248751,0.139527,-1543.713135
0.247119,0.136564,-1543.880249
0.247119,0.136564,-1543.185425
0.247119,0.136564,-1541.755981
0.247119,0.136564,-1544.123291
0.246294,0.135203,-1542.796265
0.246294,0.135203,-1542.231445
0.248252,0.135198,-1544.105469
0.248833,0.137083,-1543.558105
0.249065,0.135678,-1544.864136
0.247902,0.136987,-1544.837646
0.246176,0.13946,-1543.016846
0.246176,0.13946,-1542.313599
0.246176,0.13946,-1542.325439
0.241539,0.140394,-1539.607178
0.241539,0.140394,-1541.920898
0.239329,0.139444,-1539.800903
0.238651,0.136927,-1539.691895
0.238651,0.136927,-1538.160889
0.238651,0.136927,-1539.285156
0.236884,0.135116,-1539.532959
0.236884,0.135116,-1537.094238
0.236884,0.135116,-1540.673584
0.236884,0.135116,-1537.337158
0.236884,0.135116,-1547.46106
0.236884,0.135116,-1536.697144
0.2369,0.141513,-1543.004395
0.2369,0.141513,-1544.641357
0.2369,0.141513,-1538.621094
0.23608,0.13695,-1546.036377
0.23608,0.13695,-1544.832642
0.23608,0.13695,-1542.960571
0.234966,0.136965,-1537.645264
0.232872,0.136073,-1541.312744
0.232872,0.136073,-1536.790283
0.234451,0.135338,-1548.629761
0.234623,0.135434,-1537.42041
0.23137,0.137276,-1536.716919
0.231992,0.141261,-1553.109009
0.232838,0.143581,-1544.723633
0.231783,0.139852,-1546.417236
0.231783,0.139852,-1540.367432
0.236095,0.136227,-1537.595337
0.236095,0.136227,-1536.093018
0.240532,0.139019,-1542.352051
0.240532,0.139019,-1538.983765
0.240532,0.139019,-1541.780273
0.240361,0.140136,-1539.844604
0.240361,0.140136,-1543.03186
0.240361,0.140136,-1541.72876
0.239974,0.143457,-1545.697266
0.239974,0.143457,-1540.456421
0.239974,0.143457,-1542.395508
0.239974,0.143457,-1543.812866
0.237576,0.144989,-1544.760742
0.237576,0.144989,-1540.991943
0.237576,0.144989,-1544.707153
0.23659,0.151204,-1538.271484
0.235777,0.149394,-1543.903931
0.235777,0.149394,-1542.882446
0.241951,0.149973,-1547.986328
0.242378,0.156492,-1546.258301
0.244281,0.151682,-1544.605225
0.244281,0.151682,-1543.709961
0.243596,0.15548,-1544.091309
0.241945,0.154549,-1546.189209
0.242319,0.15407,-1546.330811
0.238193,0.154372,-1541.561523
0.240846,0.157031,-1543.137207
0.240846,0.157031,-1543.253174
0.239867,0.15428,-1545.126709
0.239688,0.153033,-1545.141357
0.240912,0.149887,-1540.353516
0.242118,0.143594,-1544.103516
0.242118,0.143594,-1542.495117
0.242118,0.143594,-1540.590576
0.242118,0.143594,-1541.914795
0.242118,0.143594,-1541.446289
0.242118,0.143594,-1543.466309
0.238158,0.146066,-1543.291016
0.238158,0.146066,-1546.905762
0.238983,0.145293,-1543.371826
0.240576,0.142247,-1539.872314
0.238479,0.1442,-1543.393555
0.238479,0.1442,-1543.274292
0.239696,0.142926,-1541.31604
0.241044,0.144745,-1541.568848
0.240597,0.144582,-1542.258545
0.240597,0.144582,-1539.452515
0.240921,0.142878,-1543.771973
0.239545,0.147775,-1540.328857
0.241585,0.148782,-1547.420166
0.240859,0.14901,-1541.178467
0.239712,0.146734,-1542.691772
0.239712,0.146734,-1542.065308
0.238598,0.147087,-1540.339478
0.238598,0.147087,-1539.275146
0.238737,0.14491,-1541.855713
0.241039,0.140772,-1541.835815
0.243161,0.140361,-1540.401489
0.242617,0.14024,-1540.966309
0.245856,0.136845,-1542.439453
0.246422,0.13408,-1542.152344
0.247746,0.134297,-1544.084839
0.248747,0.138869,-1544.564697
0.249174,0.138073,-1545.067749
0.249131,0.140355,-1544.025635
0.249131,0.140355,-1544.536011
0.246743,0.140013,-1542.650146
0.246241,0.143073,-1544.713013
0.243677,0.140753,-1543.064697
0.244647,0.14062,-1542.435425
0.244647,0.14062,-1544.746704
0.242183,0.141375,-1542.737183
0.242183,0.141375,-1546.512573
0.242183,0.141375,-1540.937012
0.242223,0.141318,-1541.022217
0.242223,0.141318,-1540.52832
0.242223,0.141318,-1543.486084
0.24039,0.141758,-1542.308838
0.24039,0.141758,-1539.219727
0.239195,0.141574,-1539.366943
0.239195,0.141574,-1540.206543
0.239195,0.141574,-1541.004883
0.239195,0.141574,-1542.776367
0.236879,0.137582,-1536.861816
0.239737,0.133913,-1544.708984
0.23767,0.133359,-1539.156128
0.23767,0.133359,-1536.827393
0.23767,0.133359,-1541.459961
0.23767,0.133359,-1541.994873
0.240657,0.135978,-1543.142822
0.240657,0.135978,-1540.197998
0.240657,0.135978,-1540.195557
0.240657,0.135978,-1539.756592
0.243283,0.138318,-1541.033203
0.241828,0.131254,-1539.896729
0.241828,0.131254,-1539.492676
0.246088,0.131344,-1543.895874
0.248411,0.124137,-1545.285889
0.248504,0.121627,-1544.042114
0.249773,0.119212,-1546.571533
0.247441,0.121391,-1543.629272
0.24388,0.118871,-1544.384277
0.24388,0.118871,-1542.697266
0.244586,0.121384,-1543.364258
0.244586,0.121384,-1541.521606
0.244586,0.121384,-1542.383911
0.244044,0.118537,-1542.7854
0.243339,0.120913,-1542.327271
0.243339,0.120913,-1544.733887
0.246254,0.125585,-1544.608154
0.246254,0.125585,-1542.780273
0.246254,0.125585,-1543.427368
0.249188,0.124293,-1545.361084
0.247923,0.124639,-1544.503906
0.247923,0.124639,-1543.864746
0.245499,0.127748,-1541.989746
0.245499,0.127748,-1544.224976
0.244814,0.132654,-1542.133423
0.244814,0.132654,-1542.130493
0.245369,0.13269,-1543.80249
0.245369,0.13269,-1541.726807
0.244233,0.131095,-1542.672241
0.248316,0.125768,-1544.707275
0.248663,0.130169,-1543.240356
0.246727,0.133054,-1542.788818
0.242969,0.133026,-1543.026855
0.242969,0.133026,-1540.402832
0.242969,0.133026,-1542.45459
0.242969,0.133026,-1540.824707
0.242969,0.133026,-1542.220703
0.239802,0.134277,-1541.716553
0.241831,0.136419,-1541.116333
0.241808,0.135899,-1541.740479
0.241197,0.134095,-1540.116577
0.242405,0.138451,-1542.845215
0.24046,0.140924,-1541.581665
0.241874,0.138851,-1542.222656
0.241874,0.138851,-1541.257568
0.241874,0.138851,-1540.464722
0.241874,0.138851,-1539.534546
0.241874,0.138851,-1542.412598
0.241874,0.138851,-1541.566406
0.241874,0.138851,-1540.865601
0.246647,0.135695,-1543.304688
0.24658,0.139007,-1542.779907
0.242809,0.140354,-1543.639893
0.245077,0.132836,-1541.60083
0.245047,0.130516,-1541.260498
0.246104,0.127892,-1545.185791
0.24402,0.130135,-1543.296875
0.245841,0.126712,-1543.04541
0.24697,0.123377,-1543.267578
0.24697,0.123377,-1544.401855
0.242553,0.121809,-1541.905762
0.242853,0.12354,-1543.346436
0.243793,0.122254,-1543.871948
0.243793,0.122254,-1542.425171
0.243793,0.122254,-1542.608887
0.243874,0.119698,-1542.700439
0.243152,0.122526,-1543.499268
0.24276,0.125571,-1546.50354
0.245501,0.126161,-1542.84314
0.245501,0.126161,-1545.935791
0.246676,0.124369,-1543.025391
0.25081,0.125275,-1545.579712
0.25081,0.125275,-1545.078247
0.256091,0.124055,-1548.569336
0.256091,0.124055,-1548.132202
0.256138,0.12245,-1548.782227
0.254756,0.121197,-1548.174316
0.254756,0.121197,-1548.2229
0.254756,0.121197,-1547.899536
0.254756,0.121197,-1548.494873
0.255354,0.122635,-1547.803467
0.255354,0.122635,-1548.582031
0.255354,0.122635,-1547.635986
0.252239,0.121883,-1546.295044
0.250267,0.127629,-1544.275879
0.247436,0.129655,-1544.963501
0.247502,0.129554,-1545.220093
0.24629,0.130067,-1542.693726
0.24629,0.130067,-1543.158691
0.24629,0.130067,-1543.266235
0.2449,0.133269,-1542.805664
0.244662,0.135307,-1541.816772
0.241792,0.138416,-1545.916016
0.242544,0.141326,-1540.945557
0.243018,0.144648,-1541.267822
0.243018,0.144648,-1542.327881
0.241732,0.146874,-1541.265381
0.241732,0.146874,-1543.616089
0.241732,0.146874,-1542.702148
0.240099,0.147004,-1545.450562
0.240038,0.152683,-1544.867676
0.237118,0.152817,-1545.545532
0.239436,0.152787,-1542.080322
0.243149,0.147159,-1542.614014
0.243149,0.147159,-1541.87561
0.243149,0.147159,-1541.94165
0.243149,0.147159,-1546.652954
0.243149,0.147159,-1543.19458
0.243099,0.151075,-1542.675781
0.245766,0.149435,-1543.807617
0.245766,0.149435,-1546.987305
0.246301,0.152585,-1546.817993
0.246301,0.152585,-1544.893555
0.243516,0.152123,-1544.20166
0.240256,0.149725,-1541.36438
0.240256,0.149725,-1540.904297
0.240256,0.149725,-1540.810913
0.240256,0.149725,-1545.214233
0.240256,0.149725,-1544.36145
0.240256,0.149725,-1542.780762
0.240256,0.149725,-1542.75415
0.240256,0.149725,-1541.527466
0.237621,0.145627,-1538.006104
0.236884,0.14366,-1538.827393
0.236042,0.142323,-1545.710205
0.236042,0.142323,-1539.025879
0.236042,0.142323,-1537.787476
0.236042,0.142323,-1542.708618
0.235897,0.142826,-1539.748657
0.235897,0.142826,-1541.751709
0.235897,0.142826,-1539.655762
0.235877,0.145651,-1550.941895
0.235877,0.145651,-1542.722778
0.235877,0.145651,-1540.445801
0.235877,0.145651,-1542.36377
0.235877,0.145651,-1537.985352
0.235877,0.145651,-1536.59375
0.234336,0.148402,-1549.519531
0.234336,0.148402,-1541.279297
0.233665,0.149646,-1536.054443
0.233,0.14994,-1541.45166
0.235149,0.146869,-1547.432739
0.239387,0.145789,-1541.419556
0.239387,0.145789,-1541.642212
0.237121,0.144357,-1539.805664
0.23393,0.149042,-1543.328369
0.230325,0.149855,-1537.476562
0.229277,0.147258,-1544.177856
0.232065,0.144941,-1546.192871
0.233421,0.149271,-1541.653442
0.233421,0.149271,-1549.108276
0.23503,0.147549,-1546.949951
0.23503,0.147549,-1542.532349
0.234883,0.147043,-1541.606689
0.235685,0.149201,-1545.630371
0.235685,0.149201,-1545.096558
0.238526,0.148436,-1546.04248
0.237521,0.151774,-1540.447266
0.23985,0.153175,-1542.255493
0.23985,0.153175,-1541.784424
0.23985,0.153175,-1541.343628
0.238761,0.155006,-1541.332275
0.238479,0.154551,-1542.454224
0.238479,0.154551,-1540.722778
0.240157,0.156682,-1543.87793
0.240157,0.156682,-1546.334473
0.240694,0.150432,-1547.018555
0.240694,0.150432,-1542.853027
0.240694,0.150432,-1544.865479
0.240694,0.150432,-1544.863037
0.240694,0.150432,-1542.694092
0.240694,0.150432,-1544.00708
0.243713,0.150319,-1543.110107
0.243465,0.15273,-1545.075928
0.243465,0.15273,-1542.848633
0.241934,0.158791,-1544.247192
0.241934,0.158791,-1547.039673
0.241934,0.158791,-1543.688965
0.241934,0.158791,-1545.178955
0.241934,0.158791,-1543.804688
0.241853,0.159756,-1544.179077
0.240912,0.15993,-1547.183716
0.243734,0.163352,-1545.515137
0.245778,0.163189,-1547.672241
0.244447,0.164293,-1549.439453
0.244447,0.164293,-1549.063232
0.240392,0.162737,-1543.881592
0.239188,0.164254,-1548.085938
0.239188,0.164254,-1548.648926
0.242434,0.165947,-1549.053345
0.242434,0.165947,-1546.299072
0.242434,0.165947,-1546.670898
0.23752,0.166506,-1548.141113
0.23752,0.166506,-1543.925659
0.235211,0.16418,-1545.807861
0.233516,0.164254,-1543.831421
0.233516,0.164254,-1546.156494
0.233516,0.164254,-1541.200562
0.233516,0.164254,-1551.179443
0.234414,0.165428,-1551.303589
0.234414,0.165428,-1540.862061
0.230845,0.165343,-1545.330444
0.229643,0.168238,-1540.342529
0.229643,0.168238,-1551.263428
0.229643,0.168238,-1558.803467
0.229643,0.168238,-1552.059692
0.229643,0.168238,-1542.956177
0.229643,0.168238,-1551.199097
0.230585,0.170098,-1553.984253
0.231339,0.17333,-1543.701782
0.233499,0.171117,-1543.584473
0.233499,0.171117,-1547.317139
0.230814,0.171033,-1552.898438
0.230814,0.171033,-1543.794678
0.232164,0.169445,-1542.059937
0.22928,0.169645,-1551.278564
0.22928,0.169645,-1551.668457
0.228569,0.168575,-1538.525635
0.223916,0.165769,-1553.788818
0.223916,0.165769,-1546.687622
0.220765,0.160179,-1545.449219
0.220765,0.160179,-1563.55542
0.220765,0.160179,-1555.686279
0.219372,0.158777,-1557.473877
0.219372,0.158777,-1561.786133
0.219372,0.158777,-1556.272583
0.222153,0.158226,-1557.18103
0.222153,0.158226,-1535.180908
0.224738,0.157264,-1553.631836
0.224738,0.157264,-1555.5625
0.224738,0.157264,-1543.125732
0.226965,0.161333,-1555.689941
0.226965,0.161333,-1549.361572
0.229627,0.159902,-1546.054321
0.230855,0.164749,-1545.490723
0.233024,0.164705,-1548.164795
0.237078,0.162556,-1547.806396
0.237078,0.162556,-1548.432129
0.237078,0.162556,-1546.476807
0.237078,0.162556,-1546.459961
0.2393,0.156669,-1541.227417
0.2393,0.156669,-1541.83252
0.238954,0.158407,-1545.262451
0.238954,0.158407,-1545.557129
0.243853,0.155448,-1548.634521
0.240896,0.153499,-1541.842285
0.239417,0.156543,-1543.049561
0.239417,0.156543,-1546.207031
0.234708,0.153592,-1544.548584
0.22908,0.151762,-1545.755127
0.229115,0.148057,-1542.497314
0.229115,0.148057,-1540.141357
0.229122,0.148387,-1539.77832
0.229806,0.150501,-1549.887939
0.229806,0.150501,-1549.436523
0.231706,0.151264,-1542.525635
0.232785,0.155661,-1549.974365
0.234061,0.156247,-1536.575684
0.234614,0.154908,-1537.361084
0.23281,0.155273,-1544.634766
0.23518,0.155611,-1543.291992
0.23518,0.155611,-1543.936279
0.229513,0.150031,-1545.312744
0.229513,0.150031,-1550.991455
0.227503,0.149034,-1548.584229
0.227503,0.149034,-1545.13916
0.227971,0.146976,-1553.085693
0.227971,0.146976,-1550.964111
0.226001,0.143823,-1549.668335
0.227769,0.149232,-1552.428955
0.227769,0.149232,-1549.568604
0.228515,0.152695,-1551.795288
0.231467,0.151875,-1547.739258
0.231052,0.153225,-1545.905884
0.230188,0.153605,-1555.084961
0.224423,0.151365,-1546.50293
0.224788,0.14941,-1541.718994
0.227288,0.149376,-1544.265991
0.227288,0.149376,-1545.194092
0.227288,0.149376,-1535.073364
0.225438,0.147077,-1546.682007
0.224062,0.145473,-1557.576294
0.225051,0.145923,-1536.717529
0.223364,0.15268,-1551.303467
0.221996,0.158779,-1550.336548
0.221996,0.158779,-1536.901489
0.218662,0.158327,-1551.898926
0.217233,0.158244,-1544.79248
0.217233,0.158244,-1556.943115
0.217233,0.158244,-1558.03772
0.214336,0.154005,-1550.528931
0.214336,0.154005,-1554.330811
0.214336,0.154005,-1557.96582
0.217757,0.155257,-1570.039062
0.217757,0.155257,-1556.221069
0.220644,0.158636,-1549.687988
0.220644,0.158636,-1545.416748
0.220644,0.158636,-1555.021484
0.218195,0.15871,-1550.046875
0.219295,0.155259,-1560.24939
0.219295,0.155259,-1551.520752
0.219295,0.155259,-1565.919922
0.219295,0.155259,-1546.076172
0.222857,0.153836,-1548.878418
0.219511,0.150429,-1552.805176
0.219511,0.150429,-1557.267212
0.215769,0.149224,-1549.000977
0.214971,0.151021,-1556.07019
0.214971,0.151021,-1557.447266
0.215605,0.152704,-1552.354248
0.215605,0.152704,-1548.136475
0.217868,0.151072,-1542.484009
0.218893,0.151883,-1554.949097
0.218893,0.151883,-1552.172363
0.218893,0.151883,-1549.918213
0.219427,0.154441,-1562.531982
0.222262,0.155929,-1558.16748
0.222897,0.156792,-1545.72168
0.222897,0.156792,-1533.453979
0.225806,0.156499,-1539.691162
0.225806,0.156499,-1558.122314
0.225806,0.156499,-1544.806641
0.228267,0.155326,-1548.275879
0.224755,0.154051,-1548.731445
0.22456,0.149559,-1549.239136
0.22456,0.149559,-1549.928223
0.22462,0.148456,-1545.884399
0.22462,0.148456,-1529.085693
0.22462,0.148456,-1546.921387
0.226666,0.147314,-1547.283447
0.226666,0.147314,-1534.007324
0.226666,0.147314,-1546.114502
0.230268,0.148083,-1551.064941
0.233218,0.141806,-1537.787231
0.236207,0.139434,-1543.549072
0.235784,0.135664,-1543.670288
0.23661,0.136728,-1539.799194
0.23411,0.135718,-1542.510986
0.237295,0.136301,-1545.704834
0.237295,0.136301,-1536.418701
0.238469,0.139233,-1539.627441
0.243251,0.139444,-1546.072021
0.240124,0.13765,-1539.334229
0.2386,0.135283,-1538.985107
0.236956,0.130641,-1537.875
0.235696,0.128414,-1544.251343
0.2364,0.128831,-1537.293457
0.236404,0.130109,-1540.90625
0.236404,0.130109,-1537.449219
0.236404,0.130109,-1542.263184
0.237823,0.123282,-1537.549194
0.239172,0.126931,-1549.383545
0.239172,0.126931,-1538.825195
0.239172,0.126931,-1546.263428
0.237764,0.127297,-1538.561279
0.235721,0.129579,-1536.719116
0.240447,0.128823,-1541.932617
0.240447,0.128823,-1538.979858
0.240447,0.128823,-1538.230713
0.241079,0.12866,-1539.662964
0.241079,0.12866,-1544.814697
0.240844,0.132432,-1541.22876
0.240844,0.132432,-1540.724487
0.238158,0.137857,-1539.879883
0.237068,0.138242,-1541.297607
0.235696,0.138602,-1540.645264
0.235656,0.133879,-1541.530273
0.235767,0.133829,-1537.694092
0.235767,0.133829,-1540.182129
0.235767,0.133829,-1538.28418
0.235767,0.133829,-1539.338867
0.235767,0.133829,-1536.224121
0.23688,0.135448,-1545.944824
0.239866,0.135847,-1542.224854
0.239866,0.135847,-1544.890747
0.239019,0.133705,-1538.733643
0.239019,0.133705,-1541.07251
0.23898,0.131665,-1543.051514
0.23898,0.131665,-1541.62146
0.23898,0.131665,-1540.719971
0.23898,0.131665,-1538.813477
0.241143,0.131151,-1541.837402
0.238801,0.131842,-1540.376953
0.238801,0.131842,-1543.405273
0.238801,0.131842,-1540.88208
0.238801,0.131842,-1547.078003
0.238511,0.127314,-1538.905762
0.238511,0.127314,-1538.600342
0.238277,0.129287,-1541.620728
0.238293,0.130357,-1543.283936
0.238293,0.130357,-1544.751221
0.23674,0.135009,-1546.915894
0.23807,0.135555,-1540.81311
0.23807,0.135555,-1537.05188
0.239094,0.137572,-1542.289062
0.239094,0.137572,-1538.803955
0.239094,0.137572,-1542.900879
0.239094,0.137572,-1538.807495
0.239521,0.131245,-1539.376709
0.242554,0.135203,-1543.19104
0.24366,0.133484,-1540.963623
0.24366,0.133484,-1541.532104
0.24366,0.133484,-1541.929932
0.24366,0.133484,-1541.109131
0.24366,0.133484,-1541.933594
0.24366,0.133484,-1545.82666
0.246171,0.138017,-1543.031738
0.246716,0.136094,-1543.174316
0.244129,0.13435,-1541.947021
0.244487,0.132052,-1541.479248
0.242481,0.131733,-1541.275879
0.242481,0.131733,-1540.128906
0.239372,0.131402,-1541.805664
0.239372,0.131402,-1546.049805
0.237093,0.130806,-1539.880615
0.237093,0.130806,-1538.674805
0.237093,0.130806,-1545.524902
0.234609,0.130884,-1537.702393
0.235496,0.127514,-1547.272217
0.235496,0.127514,-1537.491943
0.235496,0.127514,-1539.987549
0.235496,0.127514,-1541.373657
0.235496,0.127514,-1535.577881
0.237636,0.128666,-1539.31543
0.237898,0.131493,-1545.214233
0.237384,0.129998,-1539.081543
0.237384,0.129998,-1540.56543
0.240598,0.127009,-1541.771118
0.240437,0.124085,-1542.306152
0.240437,0.124085,-1540.461914
0.241828,0.124752,-1540.521851
0.241828,0.124752,-1544.699707
0.238742,0.128861,-1539.793579
0.238742,0.128861,-1539.702148
0.240179,0.125089,-1540.013672
0.24137,0.122396,-1542.07251
0.237888,0.121626,-1541.665527
0.238917,0.12253,-1538.277588
0.238917,0.12253,-1538.660645
0.238917,0.12253,-1546.444824
0.238917,0.12253,-1544.881958
0.239968,0.127385,-1540.586426
0.241016,0.129977,-1541.42395
0.244395,0.130937,-1543.341309
0.245307,0.135254,-1542.247559
0.242328,0.136686,-1542.888916
0.243134,0.133264,-1540.72876
0.243134,0.133264,-1543.768921
0.245752,0.136414,-1542.327881
0.246442,0.1357,-1543.12439
0.246442,0.1357,-1543.499634
0.244674,0.141141,-1542.631104
0.244674,0.141141,-1543.388428
0.245363,0.136193,-1541.554321
0.245363,0.136193,-1543.01123
0.245413,0.136183,-1543.074951
0.245358,0.136745,-1542.000244
0.247628,0.142725,-1545.800781
0.247628,0.142725,-1544.650391
0.248306,0.14008,-1543.542358
0.248118,0.134301,-1543.367432
0.245208,0.129912,-1543.242676
0.245611,0.132036,-1542.835449
0.245611,0.132036,-1544.082275
0.245611,0.132036,-1542.118896
0.245611,0.132036,-1542.014771
0.245792,0.134887,-1542.9729
0.243403,0.133347,-1540.124512
0.247018,0.133289,-1542.450684
0.247018,0.133289,-1543.317139
0.247348,0.129036,-1543.613525
0.249273,0.130617,-1543.630737
0.249113,0.133037,-1543.952637
0.249113,0.133037,-1543.17041
0.246673,0.129712,-1543.459839
0.243063,0.129064,-1540.149902
0.240881,0.128074,-1540.070312
0.243518,0.124248,-1541.634888
0.243518,0.124248,-1541.048706
0.243798,0.127261,-1543.939087
0.243798,0.127261,-1541.948486
0.242805,0.132474,-1542.902832
0.242805,0.132474,-1540.179932
0.246305,0.14068,-1542.926514
0.247564,0.143427,-1543.878784
0.247548,0.140465,-1543.062744
0.246448,0.137097,-1542.771484
0.247948,0.141856,-1544.817139
0.252282,0.145392,-1547.466675
0.24738,0.145984,-1545.530762
0.243868,0.14517,-1542.178467
0.247315,0.145539,-1545.418945
0.246275,0.144623,-1543.335449
0.246275,0.144623,-1543.097778
0.246275,0.144623,-1543.913208
0.246275,0.144623,-1544.7948
0.245389,0.140063,-1543.119141
0.245913,0.137112,-1542.035767
0.245913,0.137112,-1542.356689
0.249089,0.139389,-1543.361328
0.249089,0.139389,-1544.364502
0.24895,0.136993,-1544.138428
0.24895,0.136993,-1544.85376
0.247572,0.133193,-1544.079834
0.248919,0.129939,-1544.976929
0.248342,0.138928,-1543.093872
0.25008,0.139421,-1546.606689
0.253456,0.138107,-1546.71521
0.254605,0.139347,-1546.878784
0.251981,0.142896,-1547.960449
0.251981,0.142896,-1546.515259
0.253516,0.137945,-1546.79248
0.253516,0.137945,-1547.037842
0.253516,0.137945,-1546.630615
0.254604,0.136364,-1547.54248
0.254541,0.131629,-1547.772461
0.253319,0.129987,-1547.228516
0.254071,0.129069,-1547.520264
0.254746,0.131446,-1547.836304
0.25267,0.12986,-1545.969238
0.249166,0.131181,-1545.563232
0.248558,0.128245,-1544.193115
0.248337,0.130806,-1544.722656
0.248337,0.130806,-1544.002808
0.245128,0.133708,-1541.681885
0.249644,0.134374,-1544.868164
0.250178,0.132001,-1544.890869
0.248999,0.13085,-1546.260986
0.250014,0.129214,-1544.871948
0.250014,0.129214,-1544.810791
0.247591,0.129867,-1543.592041
0.248969,0.126194,-1543.932251
0.247961,0.1248,-1544.589355
0.249189,0.128149,-1543.860352
0.249189,0.128149,-1543.560303
0.252026,0.127337,-1546.421387
0.252026,0.127337,-1546.218506
0.2508,0.121984,-1545.240845
0.250707,0.120473,-1546.034912
0.253745,0.120926,-1548.061279
0.249952,0.115586,-1547.214233
0.248795,0.115727,-1545.056152
0.248795,0.115727,-1545.755615
0.248795,0.115727,-1546.233887
0.248795,0.115727,-1546.602783
0.248795,0.115727,-1544.774414
0.250076,0.117497,-1546.969849
0.250076,0.117497,-1547.294678
0.252344,0.116953,-1549.078857
0.252344,0.116953,-1548.59668
0.252344,0.116953,-1546.989746
0.252299,0.118951,-1547.898804
0.252879,0.122485,-1547.373657
0.252879,0.122485,-1546.500977
0.254351,0.122113,-1547.473633
0.253905,0.12197,-1547.523804
0.25038,0.122069,-1545.030273
0.249746,0.121752,-1545.980347
0.249746,0.121752,-1545.047852
0.249838,0.12077,-1547.621948
0.251547,0.119303,-1546.09314
0.252,0.121572,-1546.089844
0.252,0.121572,-1547.595947
0.251533,0.122145,-1547.283813
0.248395,0.117452,-1545.505981
0.249307,0.115589,-1545.898438
0.248966,0.119251,-1545.474976
0.248966,0.119251,-1545.256592
0.248733,0.121229,-1544.403564
0.249869,0.118951,-1545.831055
0.250955,0.12495,-1546.454712
0.251622,0.122831,-1547.185547
0.251126,0.126227,-1545.394165
0.250679,0.120221,-1546.73999
0.250679,0.120221,-1545.633545
0.249725,0.12205,-1545.117676
0.249725,0.12205,-1545.213379
0.249725,0.12205,-1544.821655
0.249725,0.12205,-1544.865723
0.249725,0.12205,-1545.781494
0.249537,0.127275,-1544.824097
0.245733,0.129095,-1542.626221
0.248516,0.124097,-1545.68811
0.248516,0.124097,-1544.698975
0.248516,0.124097,-1544.5448
0.249377,0.120206,-1545.895996
0.248873,0.117872,-1545.871094
0.247935,0.115806,-1545.050781
0.249319,0.112812,-1550.097168
0.252203,0.113667,-1548.364746
0.252203,0.113667,-1549.482788
0.250285,0.11648,-1546.599731
0.250285,0.11648,-1546.181641
0.250285,0.11648,-1546.503662
0.25093,0.11621,-1548.771118
0.25093,0.11621,-1546.478516
0.25093,0.11621,-1546.875
0.251468,0.122894,-1546.714233
0.251468,0.122894,-1545.103271
0.250459,0.121426,-1546.459717
0.248518,0.124136,-1543.569946
0.247016,0.124599,-1546.719727
0.246385,0.123006,-1543.96167
0.24254,0.12385,-1544.533081
0.24254,0.12385,-1542.728516
0.24254,0.12385,-1542.234619
0.24254,0.12385,-1540.852051
0.24254,0.12385,-1542.971558
0.242505,0.126097,-1540.740234
0.244231,0.124278,-1542.095947
0.244231,0.124278,-1541.741211
0.243795,0.123613,-1546.008301
0.246388,0.123118,-1542.518311
0.246388,0.123118,-1543.293945
0.249111,0.122558,-1544.34668
0.24773,0.124543,-1544.297607
0.245239,0.12426,-1542.064087
0.245239,0.12426,-1543.121094
0.245953,0.124063,-1543.716064
0.243183,0.126459,-1540.749878
0.243569,0.128958,-1540.803955
0.243569,0.128958,-1543.098145
0.241835,0.129031,-1543.612427
0.241635,0.1322,-1541.868408
0.241635,0.1322,-1540.683105
0.241019,0.133357,-1540.168701
0.241436,0.132142,-1540.825195
0.243242,0.134547,-1541.398193
0.243242,0.134547,-1542.895386
0.239486,0.137103,-1541.75354
0.239216,0.136614,-1542.508057
0.237484,0.139335,-1546.289062
0.234273,0.144543,-1549.490723
0.233305,0.150121,-1548.228027
0.233305,0.150121,-1544.056641
0.232036,0.156464,-1545.204102
0.232344,0.157781,-1542.664062
0.231982,0.161759,-1550.481689
0.23324,0.161834,-1541.737549
0.232187,0.162425,-1544.292358
0.232187,0.162425,-1550.574463
0.232187,0.162425,-1540.685547
0.232187,0.162425,-1546.990967
0.234668,0.165574,-1551.384277
0.234668,0.165574,-1558.656494
0.229428,0.159751,-1544.281006
0.229428,0.159751,-1547.885498
0.229428,0.159751,-1543.372559
0.228657,0.161893,-1548.00293
0.228657,0.161893,-1554.292969
0.228938,0.158301,-1550.188232
0.228938,0.158301,-1550.045898
0.228938,0.158301,-1544.988037
0.223934,0.159756,-1553.954834
0.223934,0.159756,-1548.02417
0.223934,0.159756,-1547.830566
0.223934,0.159756,-1545.804077
0.223934,0.159756,-1550.248047
0.22297,0.157598,-1545.019287
0.22598,0.15874,-1555.082275
0.223663,0.157873,-1548.223755
0.224128,0.152425,-1548.602051
0.224526,0.152981,-1537.868042
0.224526,0.152981,-1561.150391
0.224526,0.152981,-1540.015747
0.226042,0.157374,-1536.265259
0.228535,0.15803,-1555.220825
0.228691,0.156035,-1543.423584
0.226261,0.155124,-1541.821289
0.224171,0.156746,-1550.357178
0.224171,0.156746,-1548.900879
0.2187,0.155214,-1549.770508
0.2187,0.155214,-1533.368164
0.2187,0.155214,-1554.665771
0.220281,0.156715,-1557.078125
0.2192,0.156123,-1557.969238
0.2192,0.156123,-1552.536377
0.2192,0.156123,-1560.32605
0.220537,0.154223,-1536.888428
0.220537,0.154223,-1536.008057
0.220537,0.154223,-1553.617432
0.220537,0.154223,-1555.899658
0.220537,0.154223,-1556.790283
0.220354,0.149764,-1547.433594
0.225055,0.151065,-1535.091553
0.22286,0.156065,-1552.969238
0.22286,0.156065,-1544.838867
0.223584,0.157803,-1551.999268
0.225489,0.161536,-1553.970825
0.225988,0.158306,-1556.88501
0.225988,0.158306,-1547.838135
0.225988,0.158306,-1549.529541
0.227087,0.155206,-1547.777588
0.228611,0.154022,-1541.884033
0.226869,0.154174,-1547.661743
0.227238,0.160706,-1552.377319
0.227918,0.160802,-1547.682129
0.224111,0.161274,-1560.63208
0.221443,0.159445,-1553.675171
0.22211,0.160906,-1553.342896
0.218374,0.162218,-1545.229248
0.219494,0.160723,-1536.437012
0.216965,0.164416,-1562.528687
0.217108,0.164347,-1545.571411
0.219018,0.171172,-1555.812012
0.219018,0.171172,-1544.478027
0.217438,0.170765,-1555.459961
0.223094,0.171199,-1542.644287
0.221408,0.169841,-1549.976318
0.221408,0.169841,-1544.996094
0.220424,0.173765,-1554.603271
0.218861,0.174672,-1558.545898
0.220321,0.173068,-1553.93103
0.219389,0.175069,-1552.870972
0.219389,0.175069,-1541.862671
0.217103,0.177193,-1561.346924
0.217994,0.176991,-1574.390625
0.218927,0.178322,-1562.893433
0.220789,0.179204,-1558.827881
0.220789,0.179204,-1557.012695
0.220789,0.179204,-1552.67395
0.224963,0.17346,-1552.219971
0.224963,0.17346,-1544.064819
0.224963,0.17346,-1552.598022
0.226146,0.175896,-1555.909668
0.227469,0.170752,-1552.341675
0.227469,0.170752,-1549.655029
0.227469,0.170752,-1553.040161
0.229354,0.172263,-1554.864502
0.234579,0.176509,-1548.413818
0.230533,0.174769,-1542.482422
0.229812,0.176447,-1552.748535
0.232826,0.176881,-1552.270996
0.232826,0.176881,-1553.799316
0.232475,0.182365,-1552.607666
0.232475,0.182365,-1547.808228
0.232475,0.182365,-1551.172241
0.228071,0.180188,-1555.058716
0.228892,0.176947,-1544.322998
0.228892,0.176947,-1546.15686
0.229475,0.173574,-1546.894287
0.229475,0.173574,-1542.663208
0.231418,0.167539,-1556.988647
0.231418,0.167539,-1546.127686
0.232242,0.17501,-1542.564453
0.232242,0.17501,-1552.501953
0.234558,0.176495,-1547.009277
0.234558,0.176495,-1549.721924
0.22885,0.170617,-1546.073853
0.22885,0.170617,-1542.638306
0.228197,0.169991,-1542.406738
0.225124,0.169662,-1544.427734
0.225124,0.169662,-1551.744385
0.229982,0.171928,-1552.65918
0.227996,0.171867,-1551.660156
0.228542,0.170167,-1559.543091
0.226111,0.170688,-1555.813599
0.226111,0.170688,-1547.171387
0.229945,0.171041,-1559.855957
0.229945,0.171041,-1548.355835
0.229945,0.171041,-1546.932739
0.228467,0.173464,-1547.949829
0.226254,0.177012,-1548.726807
0.227252,0.173318,-1546.220093
0.228919,0.172534,-1552.534668
0.228919,0.172534,-1556.04126
0.229944,0.176763,-1555.586426
0.229216,0.174846,-1559.945312
0.229525,0.176152,-1544.627686
0.226544,0.173985,-1549.283813
0.226544,0.173985,-1542.69812
0.227298,0.179961,-1550.124023
0.227298,0.179961,-1545.872803
0.225542,0.184794,-1551.049072
0.223495,0.183852,-1562.729492
0.222244,0.186045,-1557.874023
0.226252,0.186209,-1556.379272
0.226275,0.187775,-1555.72583
0.226275,0.187775,-1562.71228
0.225762,0.191044,-1559.520996
0.224229,0.190812,-1559.282471
0.224229,0.190812,-1563.17395
0.224229,0.190812,-1554.722656
0.224229,0.190812,-1545.380249
0.224306,0.193947,-1557.247314
0.225583,0.192698,-1570.784302
0.223216,0.188354,-1549.702271
0.22566,0.1885,-1552.733032
0.227744,0.188325,-1558.740601
0.226729,0.189985,-1555.506104
0.226729,0.189985,-1548.126221
0.226729,0.189985,-1562.191162
0.223533,0.191647,-1566.304565
0.223949,0.194407,-1558.234497
0.223081,0.196775,-1568.80481
0.223081,0.196775,-1565.459839
0.222425,0.197551,-1555.611084
0.222425,0.197551,-1558.218506
0.222425,0.197551,-1556.279053
0.222425,0.197551,-1569.696289
0.220454,0.192988,-1551.912231
0.222938,0.194505,-1567.988037
0.222938,0.194505,-1567.502686
0.222938,0.194505,-1556.526123
0.223266,0.194578,-1554.841553
0.223266,0.194578,-1569.115967
0.223266,0.194578,-1566.68457
0.223266,0.194578,-1561.884644
0.223266,0.194578,-1559.346436
0.223266,0.194578,-1561.307007
0.223266,0.194578,-1570.077148
0.223631,0.190144,-1561.117432
0.224267,0.19115,-1560.559204
0.224267,0.19115,-1557.191772
0.224346,0.18647,-1549.132446
0.227277,0.182693,-1552.420166
0.227277,0.182693,-1554.252319
0.22829,0.185334,-1545.083496
0.224643,0.184837,-1559.688843
0.224643,0.184837,-1560.005493
0.226855,0.182345,-1569.138672
0.227613,0.184273,-1562.459961
0.228227,0.186562,-1557.63208
0.228227,0.186562,-1546.276367
0.228227,0.186562,-1560.051025
0.227567,0.183603,-1557.878296
0.229717,0.180066,-1558.58313
0.229327,0.181361,-1547.922607
0.230603,0.177878,-1551.037109
0.233939,0.180534,-1549.938477
0.235561,0.185519,-1549.591675
0.235998,0.189418,-1552.441162
0.235231,0.190136,-1552.35376
0.237089,0.195225,-1559.090332
0.237089,0.195225,-1564.791748
0.23949,0.19051,-1555.204834
0.236085,0.196642,-1558.018311
0.234766,0.196412,-1565.696655
0.234766,0.196412,-1554.443359
0.235553,0.191495,-1551.970703
0.237831,0.191414,-1556.006348
0.236683,0.192118,-1552.969971
0.236683,0.192118,-1556.05542
0.235332,0.194023,-1556.9021
0.235332,0.194023,-1556.619507
0.237713,0.191639,-1555.529785
0.234024,0.190547,-1552.758301
0.236386,0.188275,-1562.084839
0.234543,0.183058,-1552.018921
0.234543,0.183058,-1551.390625
0.235033,0.180309,-1548.321655
0.235033,0.180309,-1547.530762
0.235033,0.180309,-1547.565674
0.235033,0.180309,-1546.594238
0.233487,0.179371,-1553.377197
0.233487,0.179371,-1550.249878
0.234688,0.179873,-1552.019897
0.234688,0.179873,-1548.304688
0.234688,0.179873,-1547.085693
0.235486,0.180519,-1550.90625
0.234038,0.178137,-1559.997314
0.232653,0.1708,-1550.206299
0.232653,0.1708,-1557.221436
0.233039,0.167582,-1540.381958
0.233039,0.167582,-1543.296997
0.233039,0.167582,-1549.248047
0.234972,0.162305,-1552.457764
0.235195,0.168262,-1543.672974
0.233686,0.167109,-1552.407104
0.237045,0.174162,-1549.08728
0.237045,0.174162,-1549.594482
0.240967,0.174244,-1551.854492
0.240967,0.174244,-1548.435059
0.239317,0.1788,-1548.463989
0.240634,0.177519,-1550.820312
0.240634,0.177519,-1550.832764
0.238752,0.180289,-1553.584961
0.237815,0.17901,-1547.586914
0.239998,0.172694,-1548.146606
0.239998,0.172694,-1550.055908
0.241128,0.171753,-1548.17041
0.245622,0.171705,-1549.388428
0.245622,0.171705,-1551.206055
0.24447,0.17531,-1551.445312
0.24447,0.17531,-1551.042603
0.243554,0.176476,-1551.593384
0.242202,0.176357,-1550.176758
0.240302,0.178225,-1549.256104
0.240302,0.178225,-1551.461426
0.240591,0.176187,-1552.842163
0.240591,0.176187,-1549.1875
0.240591,0.176187,-1551.23877
0.240082,0.176506,-1550.527832
0.240082,0.176506,-1550.094727
0.240082,0.176506,-1549.875488
0.240082,0.176506,-1549.799316
0.240082,0.176506,-1549.105957
0.240082,0.176506,-1551.285645
0.239908,0.175529,-1548.65271
0.244029,0.171302,-1551.19873
0.24735,0.168453,-1550.671143
0.24735,0.168453,-1552.007568
0.24735,0.168453,-1551.507324
0.244863,0.166398,-1549.63147
0.244863,0.166398,-1548.597168
0.244053,0.163637,-1546.229004
0.244053,0.163637,-1547.185181
0.244053,0.163637,-1545.995605
0.244053,0.163637,-1546.701172
0.244053,0.163637,-1547.008057
0.244053,0.163637,-1548.125366
0.244053,0.163637,-1546.917358
0.244053,0.163637,-1546.047485
0.244053,0.163637,-1546.955566
0.244241,0.16804,-1547.984863
0.244241,0.16804,-1550.194946
0.245433,0.162271,-1547.193359
0.245433,0.162271,-1546.80188
0.242442,0.16338,-1545.552124
0.242367,0.164005,-1546.481934
0.241767,0.166075,-1548.763184
0.243783,0.169832,-1549.746216
0.247939,0.165755,-1549.703125
0.247939,0.165755,-1549.621826
0.247939,0.165755,-1550.194702
0.247939,0.165755,-1549.504272
0.247043,0.167191,-1549.892578
0.249897,0.161294,-1551.170898
0.249897,0.161294,-1549.150879
0.249897,0.161294,-1549.289429
0.248713,0.159307,-1548.258301
0.250777,0.156886,-1548.541504
0.250161,0.157771,-1549.137085
0.249595,0.156629,-1548.575317
0.246846,0.157343,-1546.080444
0.247842,0.154811,-1550.507935
0.247842,0.154811,-1545.70105
0.247225,0.157516,-1547.43103
0.247316,0.156839,-1547.129395
0.247316,0.156839,-1548.702393
0.24989,0.152519,-1547.401978
0.247225,0.150142,-1547.229248
0.247225,0.150142,-1544.552368
0.248797,0.150211,-1546.087402
0.248224,0.141594,-1544.623291
0.248543,0.136183,-1544.168457
0.248543,0.136183,-1543.852539
0.248543,0.136183,-1543.625854
0.245324,0.138,-1541.446045
0.245324,0.138,-1544.30957
0.244047,0.136738,-1542.102905
0.245017,0.140776,-1545.313354
0.243046,0.139675,-1541.387085
0.241519,0.13926,-1542.905762
0.241519,0.13926,-1539.967407
0.241519,0.13926,-1545.800049
0.241519,0.13926,-1539.280762
0.241519,0.13926,-1540.772461
0.244186,0.139937,-1546.021973
0.244186,0.139937,-1545.181519
0.247483,0.140869,-1543.936646
0.247483,0.140869,-1544.598877
0.248215,0.143245,-1543.894653
0.248215,0.143245,-1544.425903
0.246761,0.141571,-1543.574219
0.244884,0.141645,-1545.784912
0.245527,0.138777,-1543.547607
0.244559,0.134137,-1544.408569
0.242459,0.135894,-1545.225342
0.2419,0.136903,-1543.380127
0.241853,0.133473,-1540.889404
0.240478,0.133548,-1538.95105
0.240478,0.133548,-1540.172485
0.241679,0.12895,-1543.827881
0.241679,0.12895,-1540.32312
0.241679,0.12895,-1540.172852
0.241386,0.129445,-1549.404053
0.241386,0.129445,-1542.345703
0.239263,0.130768,-1538.681152
0.239263,0.130768,-1542.366211
0.239263,0.130768,-1540.498047
0.241789,0.134076,-1542.454102
0.242738,0.132649,-1539.561768
0.242738,0.132649,-1541.306152
0.242738,0.132649,-1540.13916
0.240584,0.134735,-1546.647217
0.240584,0.134735,-1539.421021
0.236637,0.136511,-1536.864014
0.235651,0.140797,-1542.786621
0.23465,0.141386,-1536.02417
0.23465,0.141386,-1539.743652
0.23465,0.141386,-1535.872192
0.23465,0.141386,-1542.857422
0.235232,0.139578,-1542.806641
0.235232,0.139578,-1544.788086
0.236739,0.136101,-1548.126953
0.235042,0.134127,-1542.298828
0.235042,0.134127,-1538.173706
0.235042,0.134127,-1535.511475
0.235042,0.134127,-1536.488037
0.234997,0.13921,-1543.307983
0.239762,0.136785,-1541.285645
0.239762,0.136785,-1540.107544
0.239762,0.136785,-1540.619629
0.238807,0.136221,-1538.842285
0.236006,0.131098,-1539.718506
0.233632,0.125228,-1538.662964
0.231937,0.122515,-1541.462891
0.230207,0.123,-1547.704834
0.228142,0.128557,-1547.136963
0.226515,0.127158,-1544.330322
0.226515,0.127158,-1549.990112
0.228418,0.126437,-1545.000244
0.228418,0.126437,-1550.320801
0.228418,0.126437,-1546.09375
0.229036,0.125053,-1551.262329
0.229036,0.125053,-1532.038452
0.229036,0.125053,-1542.503906
0.230151,0.124243,-1551.169678
0.230151,0.124243,-1534.809204
0.2304,0.124711,-1550.324463
0.2304,0.124711,-1552.219971
0.2304,0.124711,-1546.65918
0.2304,0.124711,-1540.422363
0.230069,0.118712,-1542.994263
0.230069,0.118712,-1545.650635
0.231857,0.120468,-1545.362305
0.231857,0.120468,-1549.213989
0.231857,0.120468,-1536.662231
0.231857,0.120468,-1551.579102
0.23698,0.120524,-1545.641235
0.237924,0.119256,-1539.490967
0.237924,0.119256,-1541.385986
0.242177,0.117788,-1546.476562
0.242699,0.115489,-1544.018921
0.242888,0.113356,-1544.9375
0.242888,0.113356,-1543.997559
0.242888,0.113356,-1548.299805
0.242888,0.113356,-1543.276855
0.242888,0.113356,-1544.251953
0.24112,0.111173,-1543.997437
0.245032,0.1104,-1549.171631
0.245143,0.105072,-1547.513306
0.243995,0.104192,-1546.940308
0.243995,0.104192,-1547.072754
0.243995,0.104192,-1546.647217
0.244196,0.10681,-1548.385254
0.243853,0.104846,-1546.891602
0.245301,0.109738,-1547.997803
0.247864,0.11018,-1546.516602
0.247864,0.11018,-1547.282104
0.247864,0.11018,-1546.932617
0.248635,0.107892,-1550.219238
0.248635,0.107892,-1550.597534
0.248635,0.107892,-1548.381592
0.246683,0.110014,-1548.474609
0.246683,0.110014,-1550.440308
0.246496,0.110027,-1546.83252
0.246695,0.111003,-1546.52832
0.246695,0.111003,-1545.680664
0.245365,0.111214,-1546.362549
0.245365,0.111214,-1546.293579
0.245431,0.115058,-1545.219482
0.247186,0.116768,-1543.537231
0.247186,0.116768,-1544.716553
0.247186,0.116768,-1544.399292
0.247186,0.116768,-1545.300171
0.248424,0.119893,-1546.840332
0.245698,0.122885,-1543.038574
0.245054,0.125043,-1542.75
0.245054,0.125043,-1541.675049
0.245054,0.125043,-1541.975464
0.247034,0.125868,-1542.907593
0.248437,0.131251,-1543.838745
0.252309,0.130443,-1545.929199
0.253616,0.133672,-1545.9375
0.252954,0.139544,-1546.590088
0.25143,0.135271,-1545.823486
0.25143,0.135271,-1545.969727
0.250495,0.137805,-1545.053711
0.246479,0.136744,-1542.221191
0.246479,0.136744,-1542.061523
0.247944,0.134354,-1543.597168
0.249588,0.134731,-1544.533936
0.249573,0.138664,-1544.591797
0.2525,0.139978,-1545.925049
0.252085,0.138121,-1546.87915
0.251837,0.143298,-1546.666382
0.251029,0.145477,-1546.191162
0.246682,0.145706,-1545.356689
0.24665,0.143254,-1542.588379
0.24665,0.143254,-1543.794189
0.24536,0.141577,-1542.688477
0.246616,0.13701,-1544.301025
0.246616,0.13701,-1542.615479
0.246616,0.13701,-1543.097412
0.246616,0.13701,-1544.496826
0.246764,0.134219,-1542.321899
0.248934,0.135423,-1544.771973
0.248934,0.135423,-1544.19043
0.248963,0.133232,-1545.40686
0.248734,0.130063,-1543.769287
0.246197,0.126824,-1543.315308
0.247616,0.127482,-1543.507935
0.246787,0.126296,-1544.084351
0.246787,0.126296,-1542.964111
0.245723,0.129957,-1542.949951
0.247801,0.129642,-1544.279541
0.249648,0.129382,-1545.129639
0.24845,0.120781,-1545.824951
0.245053,0.126619,-1544.530518
0.246033,0.125519,-1542.834595
0.244977,0.122155,-1544.781738
0.246809,0.120434,-1543.803223
0.246809,0.120434,-1543.50708
0.246809,0.120434,-1543.885742
0.248221,0.121792,-1544.903809
0.24892,0.123123,-1545.234253
0.251246,0.123869,-1544.918457
0.251246,0.123869,-1546.740601
0.250029,0.123811,-1546.945435
0.250029,0.123811,-1546.020264
0.249895,0.125553,-1544.887085
0.24891,0.125066,-1545.203491
0.252466,0.123175,-1547.239258
0.252466,0.123175,-1545.873169
0.254342,0.126408,-1547.023682
0.252686,0.127952,-1545.599854
0.252686,0.127952,-1546.574585
0.252686,0.127952,-1546.494019
0.252686,0.127952,-1547.478516
0.252686,0.127952,-1546.205078
0.250481,0.128931,-1544.505859
0.249171,0.128059,-1544.369263
0.248153,0.126226,-1544.429932
0.248873,0.124475,-1543.810547
0.248873,0.124475,-1544.252441
0.246191,0.124958,-1542.934448
0.246283,0.126195,-1544.858521
0.246837,0.127217,-1543.791992
0.245362,0.127092,-1543.236206
0.245975,0.128587,-1541.579834
0.245975,0.128587,-1543.764404
0.245975,0.128587,-1543.119263
0.245975,0.128587,-1542.508057
0.245975,0.128587,-1542.924072
0.245975,0.128587,-1543.491089
0.243546,0.130342,-1543.034058
0.243546,0.130342,-1541.560425
0.243546,0.130342,-1542.031982
0.243001,0.129467,-1541.351074
0.24387,0.129673,-1541.155151
0.246225,0.12942,-1543.419312
0.246458,0.132086,-1543.002563
0.246458,0.132086,-1545.174072
0.246458,0.132086,-1543.197266
0.248728,0.130635,-1544.059326
0.248728,0.130635,-1544.58606
0.248728,0.130635,-1543.300537
0.247841,0.13472,-1544.022217
0.247841,0.13472,-1544.099243
0.247841,0.13472,-1545.38855
0.245393,0.133795,-1541.714111
0.245393,0.133795,-1541.648682
0.244211,0.129446,-1544.131226
0.244211,0.129446,-1541.618286
0.243156,0.129049,-1542.453613
0.243156,0.129049,-1541.180542
0.243156,0.129049,-1540.73999
0.242791,0.131831,-1542.163818
0.242791,0.131831,-1542.516113
0.242791,0.131831,-1541.352417
0.241746,0.13344,-1540.761475
0.244209,0.136417,-1545.499268
0.247547,0.134723,-1544.791016
0.24488,0.130338,-1541.748413
0.244552,0.128974,-1542.540894
0.244552,0.128974,-1541.779541
0.245926,0.132165,-1541.146484
0.24419,0.130607,-1542.023682
0.24419,0.130607,-1542.660522
0.24419,0.130607,-1540.535767
0.243334,0.127518,-1543.723633
0.243334,0.127518,-1543.197998
0.243442,0.129209,-1543.619385
0.243442,0.129209,-1540.51001
0.243442,0.129209,-1541.858643
0.244324,0.128912,-1542.13623
0.244768,0.127284,-1542.101807
0.242847,0.123448,-1542.951904
0.242847,0.123448,-1543.648926
0.242265,0.123174,-1540.736572
0.244583,0.122838,-1542.375366
0.241592,0.124105,-1541.782715
0.23941,0.12626,-1541.212646
0.239554,0.12297,-1544.408081
0.239554,0.12297,-1541.685547
0.239554,0.12297,-1543.429688
0.239466,0.124306,-1539.592163
0.239466,0.124306,-1538.793701
0.239466,0.124306,-1542.304932
0.241613,0.122424,-1540.904541
0.241613,0.122424,-1542.907349
0.241613,0.122424,-1542.858276
0.241613,0.122424,-1541.452515
0.241252,0.123085,-1540.224854
0.241265,0.121604,-1539.802734
0.239396,0.121802,-1538.487915
0.239396,0.121802,-1540.763428
0.237872,0.119057,-1540.383301
0.237176,0.117626,-1541.220459
0.237176,0.117626,-1547.825684
0.237176,0.117626,-1548.851196
0.235169,0.113667,-1549.142944
0.237609,0.115246,-1543.824463
0.237609,0.115246,-1544.271973
0.237609,0.115246,-1543.460449
0.238881,0.112596,-1540.51123
0.238881,0.112596,-1540.606689
0.240233,0.11203,-1542.97583
0.237337,0.11582,-1540.917847
0.237337,0.11582,-1542.224976
0.238485,0.118988,-1543.755127
0.236725,0.114526,-1543.50769
0.23719,0.117458,-1550.042725
0.23719,0.117458,-1540.875
0.232783,0.117782,-1544.381592
0.232783,0.117782,-1544.516113
0.234431,0.113972,-1544.334595
0.234431,0.113972,-1545.892578
0.234431,0.113972,-1541.513062
0.236022,0.115904,-1539.546997
0.23622,0.112837,-1539.427979
0.237112,0.114605,-1541.326904
0.237112,0.114605,-1548.102783
0.237112,0.114605,-1539.413574
0.234797,0.11072,-1545.836548
0.234797,0.11072,-1538.963867
0.234797,0.11072,-1545.912231
0.234797,0.11072,-1544.86377
0.234547,0.108646,-1546.929688
0.234547,0.108646,-1551.574463
0.233372,0.10583,-1556.072144
0.232968,0.105888,-1547.663818
0.23142,0.108748,-1541.020508
0.23142,0.108748,-1541.824707
0.237598,0.107196,-1542.921021
0.239014,0.105109,-1544.817017
0.239236,0.106215,-1545.274414
0.239256,0.107323,-1542.211548
0.240009,0.102181,-1545.333984
0.240009,0.102181,-1551.485229
0.238714,0.100935,-1552.118164
0.238714,0.100935,-1546.487549
0.240068,0.100181,-1549.388428
0.240768,0.098642,-1547.790894
0.240768,0.098642,-1551.939209
0.239781,0.104599,-1553.208008
0.239781,0.104599,-1544.128662
0.239781,0.104599,-1547.917725
0.239781,0.104599,-1542.997437
0.239781,0.104599,-1550.636353
0.239781,0.104599,-1547.366699
0.239781,0.104599,-1548.478638
0.239781,0.104599,-1545.683472
0.240205,0.105316,-1544.201172
0.240442,0.10686,-1548.447021
0.240442,0.10686,-1543.261719
0.23812,0.107917,-1545.936401
0.236238,0.10531,-1546.283447
0.236238,0.10531,-1545.963135
0.236052,0.11113,-1549.407837
0.234586,0.113485,-1544.718506
0.234586,0.113485,-1555.042358
0.234586,0.113485,-1546.42627
0.234586,0.113485,-1537.352539
0.234856,0.114803,-1543.763916
0.234874,0.113057,-1538.30127
0.232892,0.111597,-1559.980713
0.232892,0.111597,-1551.712891
0.235289,0.110274,-1549.207275
0.23505,0.108751,-1545.907715
0.23505,0.108751,-1552.559082
0.236679,0.108334,-1542.138428
0.236365,0.105016,-1550.38208
0.236339,0.104437,-1548.749512
0.23598,0.103183,-1543.98584
0.23598,0.103183,-1547.685669
0.23598,0.103183,-1546.03064
0.237284,0.106972,-1548.054321
0.237284,0.106972,-1550.363037
0.237284,0.106972,-1548.074463
0.237156,0.111626,-1540.502686
0.237156,0.111626,-1547.957764
0.237156,0.111626,-1554.054932
0.237156,0.111626,-1545.205566
0.234037,0.115288,-1539.802979
0.233893,0.112691,-1549.105957
0.233893,0.112691,-1551.502686
0.233893,0.112691,-1546.080322
0.23662,0.117512,-1546.855469
0.23662,0.117512,-1551.205811
0.23662,0.117512,-1543.999023
0.23662,0.117512,-1548.3927
0.240349,0.120602,-1541.646973
0.239399,0.122257,-1546.647705
0.239399,0.122257,-1540.010742
0.243294,0.128961,-1541.980225
0.243294,0.128961,-1540.279663
0.243325,0.12855,-1544.805908
0.243947,0.128016,-1542.400269
0.243947,0.128016,-1543.989746
0.238886,0.12247,-1541.49585
0.240875,0.119787,-1539.501587
0.240875,0.119787,-1540.830322
0.238253,0.116494,-1542.384766
0.238253,0.116494,-1545.27356
0.238253,0.116494,-1539.127441
0.23796,0.117261,-1542.317139
0.23796,0.117261,-1541.468018
0.237754,0.119446,-1538.364258
0.237754,0.119446,-1542.753418
0.237754,0.119446,-1540.475952
0.237754,0.119446,-1538.375
0.244165,0.113764,-1543.445435
0.244346,0.112697,-1550.330078
0.247688,0.11455,-1545.692627
0.247688,0.11455,-1547.048706
0.245113,0.118926,-1545.862671
0.245113,0.118926,-1543.963379
0.245113,0.118926,-1543.28418
0.245306,0.12496,-1547.498047
0.245306,0.12496,-1544.92041
0.244655,0.12292,-1542.723633
0.243938,0.117294,-1542.715332
0.243938,0.117294,-1542.005371
0.246176,0.116359,-1549.380127
0.246176,0.116359,-1544.253418
0.246176,0.116359,-1544.186279
0.24138,0.113987,-1541.958618
0.240838,0.115986,-1545.614502
0.238848,0.111478,-1550.919922
0.238848,0.111478,-1544.144653
0.238702,0.116393,-1546.047729
0.238702,0.116393,-1541.887451
0.238217,0.116532,-1540.894775
0.238217,0.116532,-1538.621338
0.235718,0.119732,-1543.348633
0.235718,0.119732,-1542.253662
0.233997,0.120774,-1545.46521
0.233997,0.120774,-1544.491333
0.233997,0.120774,-1537.674683
0.233997,0.120774,-1546.785767
0.23616,0.120438,-1540.511475
0.239219,0.125173,-1541.500122
0.239219,0.125173,-1545.614746
0.238533,0.128263,-1539.220947
0.237721,0.127514,-1538.727905
0.236554,0.129284,-1539.897705
0.235901,0.131381,-1543.45166
0.235901,0.131381,-1545.069702
0.236885,0.132934,-1543.379883
0.237108,0.133869,-1545.850342
0.237108,0.133869,-1539.213989
0.234903,0.136706,-1542.736816
0.236564,0.138089,-1543.50415
0.233937,0.142048,-1537.64917
0.233327,0.13607,-1539.953979
0.233327,0.13607,-1546.884888
0.233327,0.13607,-1535.030762
0.233327,0.13607,-1539.865234
0.233327,0.13607,-1536.436279
0.23392,0.137357,-1538.493896
0.234762,0.14014,-1542.411133
0.234762,0.14014,-1547.98877
0.234762,0.14014,-1541.462158
0.233399,0.138189,-1537.477051
0.232504,0.136929,-1553.666016
0.232504,0.136929,-1536.097656
0.232504,0.136929,-1549.04541
0.232504,0.136929,-1544.32959
0.232693,0.129255,-1536.118164
0.232693,0.129255,-1543.569824
0.230304,0.130408,-1539.245117
0.230304,0.130408,-1551.052124
0.230304,0.130408,-1546.026611
0.230304,0.130408,-1545.37085
0.230304,0.130408,-1549.371704
0.230304,0.130408,-1553.227905
0.23065,0.130518,-1547.252686
0.228631,0.12408,-1542.539673
0.228541,0.123263,-1546.77002
0.228541,0.123263,-1533.389893
0.228541,0.123263,-1543.487793
0.228541,0.123263,-1553.215088
0.228541,0.123263,-1539.419434
0.228541,0.123263,-1536.495972
0.228541,0.123263,-1537.038696
0.227824,0.12048,-1543.549927
0.227824,0.12048,-1546.446289
0.227824,0.12048,-1555.018188
0.227824,0.12048,-1545.804688
0.227824,0.12048,-1549.658081
0.227824,0.12048,-1547.994995
0.227824,0.12048,-1546.768188
0.227824,0.12048,-1545.529297
0.227824,0.12048,-1553.670776
0.229297,0.120982,-1543.4646
0.229297,0.120982,-1549.810303
0.231846,0.119169,-1541.148682
0.231846,0.119169,-1536.90979
0.233296,0.121337,-1547.752075
0.233296,0.121337,-1542.265381
0.236457,0.123841,-1540.647705
0.238713,0.117494,-1544.28772
0.238713,0.117494,-1544.51709
0.241957,0.117608,-1543.15625
0.243557,0.118122,-1541.935791
0.243557,0.118122,-1545.012939
0.247206,0.115753,-1544.446899
0.249321,0.121734,-1545.36084
0.246122,0.12188,-1545.100098
0.246122,0.12188,-1543.893311
0.246122,0.12188,-1543.296997
0.248845,0.123318,-1544.945923
0.249268,0.123771,-1544.55957
0.248202,0.128442,-1543.800781
0.24942,0.13003,-1545.584473
0.24942,0.13003,-1544.279175
0.24942,0.13003,-1544.394775
0.247901,0.131636,-1543.463135
0.248911,0.13392,-1543.811279
0.248866,0.13416,-1543.330933
0.251164,0.134721,-1545.580322
0.25184,0.134817,-1546.302856
0.25184,0.134817,-1546.712402
0.253668,0.128371,-1547.138184
0.252051,0.128576,-1546.10083
0.252051,0.128576,-1545.957275
0.252288,0.122637,-1546.74707
0.253349,0.124703,-1546.871338
0.253349,0.124703,-1547.438721
0.253247,0.124265,-1546.591797
0.251574,0.118425,-1547.457153
0.251425,0.120121,-1548.840454
0.249199,0.119969,-1544.927979
0.249199,0.119969,-1545.680664
0.247252,0.115689,-1546.240112
0.250186,0.115589,-1547.450562
0.250186,0.115589,-1547.152954
0.248825,0.119075,-1545.759644
0.251413,0.12622,-1546.328491
0.253212,0.124944,-1547.521606
0.253257,0.127155,-1546.137817
0.253257,0.127155,-1545.681396
0.2517,0.128546,-1545.587891
0.2517,0.128546,-1544.884033
0.2517,0.128546,-1545.670654
0.2517,0.128546,-1545.395508
0.2517,0.128546,-1545.748413
0.246835,0.133552,-1544.040283
0.246835,0.133552,-1542.253662
0.246658,0.129125,-1542.929443
0.246658,0.129125,-1544.239258
0.246658,0.129125,-1543.224487
0.246233,0.127236,-1541.867554
0.245323,0.124912,-1542.881836
0.24341,0.126564,-1543.829102
0.242174,0.131859,-1541.219482
0.242174,0.131859,-1540.119873
0.239032,0.133518,-1539.634521
0.239032,0.133518,-1537.650879
0.239212,0.133475,-1539.779297
0.239212,0.133475,-1537.791992
0.239212,0.133475,-1537.894897
0.235689,0.132586,-1545.471191
0.235689,0.132586,-1541.909912
0.235689,0.132586,-1543.317261
0.235284,0.133198,-1542.765991
0.235109,0.135805,-1537.602173
0.235109,0.135805,-1540.019775
0.235109,0.135805,-1543.693359
0.238136,0.13887,-1537.94165
0.238136,0.13887,-1546.904053
0.239003,0.132099,-1541.529175
0.239003,0.132099,-1538.821655
0.23888,0.131632,-1541.831787
0.239094,0.135312,-1547.138062
0.240232,0.133145,-1539.996826
0.240232,0.133145,-1541.860107
0.239207,0.130353,-1538.128052
0.238558,0.136314,-1542.485596
0.23756,0.134692,-1540.472412
0.239406,0.132044,-1539.580688
0.239406,0.132044,-1544.459229
0.239406,0.132044,-1539.510376
0.240214,0.132031,-1539.453613
0.241095,0.130755,-1541.708252
0.23997,0.133815,-1541.333008
0.241561,0.130878,-1540.661133
0.241907,0.130525,-1541.27124
0.242987,0.128725,-1542.371582
0.244112,0.12226,-1544.245117
0.242424,0.121359,-1540.616333
0.242424,0.121359,-1545.236572
0.243979,0.121821,-1541.721802
0.244066,0.120754,-1543.109497
0.245717,0.118661,-1543.309326
0.247748,0.116465,-1544.952759
0.248705,0.117013,-1546.074951
0.249679,0.115615,-1546.16394
0.249679,0.115615,-1548.117432
0.249679,0.115615,-1546.318359
0.249894,0.1188,-1546.641113
0.247253,0.122808,-1542.710083
0.247663,0.119647,-1544.733521
0.249202,0.118611,-1545.841797
0.249194,0.113306,-1547.597656
0.249194,0.113306,-1548.142578
0.246816,0.114758,-1545.506226
0.243436,0.118002,-1542.385742
0.243436,0.118002,-1545.746826
0.243436,0.118002,-1543.83667
0.243436,0.118002,-1545.093262
0.240157,0.117372,-1540.14624
0.240157,0.117372,-1541.794067
0.239127,0.117658,-1542.939697
0.239796,0.116462,-1539.933838
0.239796,0.116462,-1542.084595
0.237531,0.113321,-1541.323242
0.237531,0.113321,-1544.821655
0.237531,0.113321,-1544.297485
0.235843,0.114432,-1540.050049
0.235843,0.114432,-1547.396118
0.240558,0.111131,-1545.089844
0.235684,0.110633,-1544.364258
0.235684,0.110633,-1549.827881
0.235684,0.110633,-1545.084473
0.235684,0.110633,-1549.512329
0.235684,0.110633,-1542.022705
0.235684,0.110633,-1552.559814
0.234206,0.113697,-1549.416748
0.235559,0.110196,-1543.46875
0.238165,0.112709,-1546.540527
0.238165,0.112709,-1541.61792
0.23957,0.111355,-1541.718262
0.237721,0.107942,-1550.802734
0.237721,0.107942,-1546.98877
0.237074,0.110091,-1543.245972
0.241477,0.10682,-1548.112549
0.241477,0.10682,-1545.218018
0.240143,0.107164,-1544.78833
0.240143,0.107164,-1549.090088
0.235768,0.104304,-1549.435303
0.235768,0.104304,-1546.991211
0.23983,0.102076,-1550.525879
0.23983,0.102076,-1549.599121
0.23779,0.102381,-1545.485474
0.24178,0.107149,-1544.974121
0.24178,0.107149,-1545.501465
0.241533,0.109499,-1545.196533
0.241533,0.109499,-1543.699951
0.23825,0.106387,-1542.9104
0.23825,0.106387,-1543.359131
0.23825,0.106387,-1544.588867
0.23825,0.106387,-1546.305664
0.240541,0.106006,-1543.856201
0.239831,0.10832,-1544.559692
0.239831,0.10832,-1545.785034
0.242222,0.109282,-1551.392822
0.241989,0.10935,-1544.146484
0.241009,0.110118,-1546.493896
0.241345,0.113496,-1544.939575
0.23952,0.111085,-1547.701172
0.239056,0.11287,-1541.243042
0.239056,0.11287,-1540.952393
0.239056,0.11287,-1543.423828
0.238244,0.114964,-1541.342407
0.238244,0.114964,-1543.099854
0.238702,0.115059,-1544.238159
0.238702,0.115059,-1544.068115
0.240511,0.110946,-1541.533691
0.237076,0.109037,-1549.785645
0.238601,0.106414,-1550.790527
0.236919,0.109561,-1540.536377
0.236919,0.109561,-1541.339478
0.238273,0.105003,-1545.975098
0.239405,0.11002,-1552.514893
0.239213,0.108925,-1543.693604
0.233631,0.106685,-1539.327637
0.23229,0.106721,-1550.081177
0.23229,0.106721,-1545.805908
0.23229,0.106721,-1553.336426
0.231875,0.107164,-1554.602173
0.232594,0.108649,-1548.173706
0.232512,0.107037,-1540.334717
0.232053,0.112074,-1541.206299
0.232053,0.112074,-1546.835938
0.232053,0.112074,-1553.19043
0.229627,0.108686,-1552.687988
0.227175,0.111077,-1560.251831
0.227175,0.111077,-1546.311035
0.226749,0.112368,-1546.846924
0.226517,0.112702,-1555.644165
0.226517,0.112702,-1545.719727
0.226517,0.112702,-1536.25647
0.227234,0.113756,-1539.343872
0.227617,0.113357,-1551.08374
0.227617,0.113357,-1541.750488
0.227617,0.113357,-1538.653687
0.226881,0.114258,-1558.864258
0.226881,0.114258,-1553.461914
0.229602,0.11368,-1545.5271
0.229602,0.11368,-1542.450928
0.232069,0.11343,-1549.1521
0.232069,0.11343,-1548.154053
0.232069,0.11343,-1536.625122
0.229853,0.109784,-1551.395264
0.229853,0.109784,-1541.263428
0.229853,0.109784,-1554.306763
0.229969,0.111794,-1556.520752
0.236292,0.111112,-1545.086182
0.233454,0.111205,-1541.17041
0.233454,0.111205,-1548.106934
0.235247,0.109075,-1555.34021
0.235987,0.110309,-1545.997314
0.236206,0.112008,-1543.927002
0.239943,0.119169,-1545.20874
0.239943,0.119169,-1546.986816
0.241586,0.122474,-1540.601562
0.241586,0.122474,-1544.354492
0.243098,0.122816,-1541.353882
0.241231,0.128439,-1541.169922
0.241231,0.128439,-1540.303223
0.241231,0.128439,-1539.9375
0.242437,0.129754,-1542.965942
0.242437,0.129754,-1542.166992
0.24332,0.130469,-1540.376221
0.24332,0.130469,-1541.347656
0.24332,0.130469,-1541.35437
0.24332,0.130469,-1541.579224
0.24332,0.130469,-1540.320312
0.242384,0.12917,-1541.268066
0.24376,0.129668,-1542.203979
0.24376,0.129668,-1541.271973
0.243354,0.127139,-1542.078125
0.243354,0.127139,-1541.532715
0.241392,0.125137,-1541.404297
0.24043,0.127137,-1541.658325
0.241777,0.13025,-1541.356689
0.239924,0.129832,-1544.41626
0.237717,0.128681,-1542.72229
0.239177,0.128992,-1538.049927
0.23892,0.128054,-1537.644653
0.23892,0.128054,-1540.234619
0.23892,0.128054,-1544.899658
0.240608,0.131735,-1544.840332
0.240608,0.131735,-1545.017822
0.238667,0.132931,-1537.869873
0.239097,0.134202,-1538.087646
0.240628,0.137182,-1539.571533
0.239264,0.14102,-1539.875732
0.239264,0.14102,-1538.492432
0.239264,0.14102,-1541.913574
0.239264,0.14102,-1540.601685
0.241463,0.136007,-1543.944946
0.2425,0.131996,-1542.625488
0.241135,0.131996,-1549.747314
0.240027,0.130757,-1540.297852
0.238897,0.123948,-1543.194336
0.239835,0.129451,-1541.71521
0.240912,0.129399,-1541.265015
0.241642,0.122862,-1546.964966
0.241642,0.122862,-1540.14624
0.241642,0.122862,-1540.35376
0.24103,0.123613,-1539.939209
0.238851,0.123771,-1541.848267
0.238771,0.123119,-1539.616211
0.238771,0.123119,-1538.963623
0.238771,0.123119,-1539.779419
0.237192,0.119848,-1544.186279
0.237192,0.119848,-1541.793823
0.236686,0.114934,-1541.912842
0.236686,0.114934,-1547.242798
0.236686,0.114934,-1544.506348
0.237646,0.109733,-1555.392578
0.240066,0.106248,-1546.749146
0.242976,0.105332,-1549.542603
0.242461,0.104371,-1545.620728
0.244674,0.107733,-1550.138062
0.244674,0.107733,-1547.84021
0.244674,0.107733,-1545.634033
0.245931,0.108635,-1545.842163
0.245544,0.104738,-1549.514648
0.245976,0.102189,-1548.502808
0.247037,0.102535,-1549.228516
0.247037,0.102535,-1548.822266
0.248457,0.104073,-1550.259033
0.250579,0.107053,-1549.69043
0.250752,0.108562,-1549.718384
0.252223,0.113027,-1547.531006
0.250309,0.117202,-1546.656372
0.250309,0.117202,-1546.729004
0.249074,0.127155,-1544.662354
0.249074,0.127155,-1544.774658
0.249911,0.128235,-1544.571289
0.248386,0.128783,-1544.529541
0.243964,0.12401,-1542.543335
0.240615,0.129236,-1544.191406
0.239332,0.129445,-1542.087158
0.238346,0.130394,-1547.572998
0.238346,0.130394,-1544.263794
0.239693,0.127529,-1537.644775
0.239693,0.127529,-1541.968628
0.239693,0.127529,-1540.56311
0.24016,0.126477,-1542.813232
0.24016,0.126477,-1548.342651
0.24016,0.126477,-1539.182007
0.24016,0.126477,-1541.364502
0.244546,0.125039,-1544.467041
0.244546,0.125039,-1542.053101
0.243299,0.131349,-1541.300659
0.241339,0.129916,-1542.346191
0.242673,0.129668,-1541.630127
0.242673,0.129668,-1543.207397
0.243806,0.13339,-1541.671387
0.243806,0.13339,-1541.369751
0.243806,0.13339,-1541.258179
0.243806,0.13339,-1540.681396
0.243806,0.13339,-1541.210938
0.243538,0.140086,-1541.777344
0.243195,0.141672,-1541.368408
0.240509,0.145328,-1541.07959
0.241577,0.145607,-1546.385986
0.24405,0.147065,-1543.619141
0.24324,0.149859,-1542.456177
0.24324,0.149859,-1541.800781
0.240489,0.150189,-1541.513794
0.240696,0.151986,-1540.875
0.240696,0.151986,-1545.439941
0.24069,0.144933,-1542.324707
0.240842,0.142598,-1546.109863
0.240275,0.145829,-1542.758179
0.242123,0.151066,-1542.219604
0.241253,0.149687,-1543.360718
0.238557,0.151012,-1548.894409
0.236985,0.155974,-1549.865479
0.236119,0.155241,-1540.943481
0.235156,0.151593,-1542.319214
0.236519,0.153112,-1548.092041
0.237776,0.15391,-1550.988037
0.238515,0.153525,-1545.167603
0.237585,0.154715,-1544.699585
0.237585,0.154715,-1546.406738
0.237059,0.149218,-1539.590088
0.233246,0.148126,-1545.437744
0.233246,0.148126,-1538.575073
0.233246,0.148126,-1539.279541
0.233305,0.146597,-1545.569946
0.233611,0.143095,-1536.614136
0.23513,0.142548,-1543.481689
0.236048,0.139897,-1540.5625
0.234628,0.138468,-1539.844604
0.233569,0.142598,-1551.166748
0.233569,0.142598,-1545.495605
0.232932,0.138864,-1539.284302
0.232932,0.138864,-1540.126465
0.230696,0.136448,-1545.042236
0.23302,0.139375,-1538.184326
0.234176,0.142247,-1535.909424
0.234176,0.142247,-1535.22998
0.234176,0.142247,-1537.973511
0.234176,0.142247,-1535.516602
0.236209,0.137613,-1538.549072
0.235535,0.13987,-1543.41333
0.235535,0.13987,-1543.170044
0.235535,0.13987,-1542.330444
0.235356,0.138717,-1538.739746
0.235356,0.138717,-1536.053833
0.238694,0.143506,-1539.554443
0.237821,0.141929,-1539.680908
0.240362,0.139235,-1539.75647
0.240362,0.139235,-1541.878418
0.242399,0.141606,-1540.524414
0.239123,0.14119,-1540.440552
0.242061,0.141077,-1549.411865
0.241428,0.139189,-1546.854004
0.241428,0.139189,-1539.508667
0.238389,0.143464,-1541.266479
0.238389,0.143464,-1543.187012
0.238458,0.145414,-1539.131836
0.23848,0.146637,-1543.861328
0.23848,0.146637,-1543.574463
0.239231,0.151363,-1541.331299
0.237838,0.154608,-1545.131836
0.237838,0.154608,-1541.019043
0.24078,0.156505,-1547.619873
0.24078,0.156505,-1542.649902
0.24005,0.155711,-1540.503662
0.24005,0.155711,-1541.578369
0.24005,0.155711,-1544.678711
0.24005,0.155711,-1544.631592
0.24005,0.155711,-1543.980591
0.242731,0.156667,-1548.54126
0.242731,0.156667,-1543.977051
0.247045,0.154984,-1547.202271
0.248578,0.15914,-1547.921753
0.248578,0.15914,-1549.665771
0.248578,0.15914,-1548.195312
0.248578,0.15914,-1550.080566
0.248578,0.15914,-1548.200684
0.248578,0.15914,-1547.836426
0.254543,0.161886,-1551.768677
0.254174,0.158396,-1551.281494
0.253507,0.161986,-1551.908691
0.253712,0.1599,-1551.443848
0.253712,0.1599,-1550.924072
0.253712,0.1599,-1551.181152
0.25546,0.158984,-1552.450439
0.25546,0.158984,-1550.70874
0.256015,0.157788,-1552.040771
0.256015,0.157788,-1551.641602
0.255374,0.155495,-1551.014648
0.255348,0.155097,-1550.390259
0.252735,0.152866,-1548.739502
0.252111,0.151736,-1548.395508
0.252056,0.15462,-1548.000244
0.252565,0.153295,-1549.472534
0.252565,0.153295,-1548.342041
0.252565,0.153295,-1548.519531
0.250219,0.151373,-1547.661133
0.250187,0.154107,-1547.423462
0.250562,0.155859,-1547.61731
0.247934,0.157,-1547.920166
0.24619,0.152919,-1545.524902
0.243233,0.14732,-1542.318604
0.243446,0.14763,-1544.148926
0.239663,0.145273,-1541.338013
0.238159,0.144714,-1538.658813
0.238159,0.144714,-1539.558838
0.230842,0.141992,-1547.617432
0.230842,0.141992,-1539.349121
0.231518,0.141642,-1549.057373
0.232286,0.141596,-1538.016357
0.233413,0.139959,-1545.62207
0.233413,0.139959,-1534.980713
0.232811,0.140711,-1544.229492
0.234184,0.140411,-1545.61731
0.234184,0.140411,-1551.902466
0.234387,0.1438,-1537.611206
0.232887,0.149175,-1549.685303
0.230821,0.149188,-1540.98938
0.229483,0.1502,-1553.409912
0.229944,0.147864,-1553.84082
0.229944,0.147864,-1538.95166
0.229944,0.147864,-1543.439331
0.229944,0.147864,-1546.521973
0.231211,0.142531,-1545.602295
0.230835,0.14624,-1543.148926
0.230835,0.14624,-1541.000977
0.230835,0.14624,-1543.332031
0.231979,0.143902,-1542.731689
0.22794,0.150284,-1543.308472
0.22864,0.151077,-1551.005371
0.225894,0.149904,-1553.539673
0.225894,0.149904,-1548.283936
0.226046,0.153125,-1540.366211
0.226046,0.153125,-1543.60083
0.22665,0.155827,-1540.206909
0.22665,0.155827,-1544.589844
0.22665,0.155827,-1545.583008
0.227358,0.154025,-1531.924316
0.230647,0.151904,-1546.363037
0.230912,0.158421,-1544.817871
0.230912,0.158421,-1544.716553
0.231115,0.158195,-1539.64502
0.231115,0.158195,-1547.609619
0.232311,0.156581,-1552.608154
0.231986,0.154463,-1547.503784
0.228141,0.151863,-1549.160156
0.22977,0.151009,-1541.47168
0.22977,0.151009,-1550.754395
0.229604,0.152726,-1544.344727
0.229604,0.152726,-1537.380127
0.230468,0.151545,-1549.413208
0.230468,0.151545,-1545.375977
0.232901,0.153622,-1536.664551
0.232901,0.153622,-1546.953369
0.232151,0.156572,-1551.389893
0.233201,0.1565,-1547.168335
0.232534,0.163573,-1545.144043
0.232534,0.163573,-1541.628418
0.231087,0.160008,-1548.550537
0.230481,0.161569,-1550.537109
0.230481,0.161569,-1542.880493
0.227533,0.155183,-1540.523682
0.226734,0.15686,-1549.125732
0.223724,0.162307,-1551.908203
0.22305,0.155934,-1552.263306
0.22305,0.155934,-1539.09436
0.22305,0.155934,-1551.402588
0.22305,0.155934,-1539.022827
0.225071,0.155344,-1549.71582
0.223179,0.155125,-1552.805664
0.221085,0.154505,-1557.692871
0.221085,0.154505,-1550.066406
0.22214,0.158762,-1548.422607
0.22214,0.158762,-1552.306152
0.22214,0.158762,-1554.872803
0.22214,0.158762,-1554.540405
0.225541,0.163762,-1558.977051
0.2295,0.163677,-1541.634766
0.2295,0.163677,-1542.549316
0.228652,0.165909,-1543.03125
0.228652,0.165909,-1539.303223
0.228652,0.165909,-1544.664917
0.226295,0.165534,-1544.588257
0.226295,0.165534,-1552.167236
0.226295,0.165534,-1541.912964
0.226295,0.165534,-1553.704224
0.227134,0.164786,-1546.827148
0.22974,0.167141,-1553.422607
0.226601,0.169375,-1539.081543
0.226601,0.169375,-1540.750488
0.226601,0.169375,-1543.161011
0.228431,0.159259,-1557.155029
0.228431,0.159259,-1554.123779
0.228431,0.159259,-1550.162354
0.228431,0.159259,-1546.922607
0.228242,0.158602,-1557.651367
0.225293,0.158123,-1542.760742
0.225293,0.158123,-1545.425781
0.225992,0.160143,-1544.531494
0.226696,0.160952,-1540.181396
0.230168,0.158481,-1544.212402
0.230168,0.158481,-1540.291504
0.230756,0.157798,-1552.725586
0.230756,0.157798,-1546.304932
0.230756,0.157798,-1548.989746
0.234074,0.152321,-1539.332031
0.234548,0.152711,-1550.80957
0.234548,0.152711,-1550.43103
0.234548,0.152711,-1545.004028
0.234548,0.152711,-1551.454102
0.234119,0.155013,-1545.436768
0.233499,0.160106,-1542.175293
0.233499,0.160106,-1539.455322
0.233499,0.160106,-1540.243652
0.233852,0.15587,-1544.716553
0.233852,0.15587,-1548.366821
0.233852,0.15587,-1543.08606
0.233852,0.15587,-1539.699219
0.234049,0.15226,-1549.992554
0.230157,0.149336,-1535.4646
0.227305,0.151355,-1543.365234
0.227305,0.151355,-1542.439941
0.228196,0.147276,-1545.676025
0.226745,0.149343,-1551.453857
0.226151,0.145462,-1548.592896
0.225571,0.144065,-1544.337524
0.224087,0.143757,-1556.495117
0.224124,0.147683,-1546.878906
0.225084,0.149891,-1559.030273
0.225084,0.149891,-1550.825562
0.225084,0.149891,-1548.302734
0.225084,0.149891,-1540.429443
0.225084,0.149891,-1541.388672
0.226593,0.151019,-1537.559326
0.22514,0.146742,-1544.221191
0.22514,0.146742,-1544.18457
0.225921,0.141761,-1537.2229
0.224922,0.14127,-1543.154541
0.224922,0.14127,-1542.588989
0.228347,0.141638,-1543.774658
0.228347,0.141638,-1535.13147
0.228347,0.141638,-1548.824951
0.227879,0.147444,-1540.430542
0.226334,0.147987,-1542.4823
0.226334,0.147987,-1544.669922
0.225655,0.149776,-1548.081055
0.225655,0.149776,-1543.936646
0.225655,0.149776,-1550.165283
0.225655,0.149776,-1539.006104
0.228827,0.148751,-1546.070068
0.227792,0.147017,-1540.802612
0.230831,0.150532,-1536.158203
0.230831,0.150532,-1545.918213
0.228998,0.146925,-1542.354248
0.228998,0.146925,-1536.927856
0.225158,0.147025,-1545.855957
0.223389,0.14861,-1544.971191
0.223389,0.14861,-1540.49707
0.223389,0.14861,-1548.578369
0.223389,0.14861,-1534.950684
0.219336,0.144974,-1545.55896
0.217868,0.142228,-1546.843262
0.217868,0.142228,-1564.13623
0.217868,0.142228,-1524.813721
0.215178,0.140017,-1553.598511
0.215178,0.140017,-1545.789795
0.215578,0.142971,-1560.088013
0.214411,0.142989,-1554.037598
0.214411,0.142989,-1543.490234
0.214411,0.142989,-1554.498657
0.214411,0.142989,-1558.346313
0.21295,0.142359,-1557.188477
0.21295,0.142359,-1572.507324
0.21295,0.142359,-1567.209717
0.21295,0.142359,-1550.667725
0.207573,0.143144,-1566.280273
0.204928,0.144597,-1571.998779
0.204928,0.144597,-1556.999268
0.204928,0.144597,-1567.502686
0.206045,0.145512,-1570.255371
0.207498,0.145423,-1581.033447
0.207498,0.145423,-1556.198364
0.207979,0.14389,-1555.74585
0.207979,0.14389,-1554.418579
0.209531,0.142797,-1579.940186
0.210035,0.141279,-1570.603882
0.210035,0.141279,-1559.222778
0.209831,0.147211,-1580.338745
0.209831,0.147211,-1539.420654
0.209831,0.147211,-1535.106934
0.207596,0.147419,-1584.53125
0.208102,0.144295,-1565.603027
0.208102,0.144295,-1545.236084
0.208102,0.144295,-1564.515381
0.208102,0.144295,-1525.116943
0.208102,0.144295,-1570.907349
0.208102,0.144295,-1570.470947
0.208102,0.144295,-1562.984985
0.210343,0.147916,-1565.776855
0.209569,0.146245,-1567.321289
0.209569,0.146245,-1576.276123
0.209569,0.146245,-1566.704956
0.208204,0.149143,-1578.961182
0.210583,0.146415,-1573.84082
0.210691,0.145835,-1578.149902
0.214885,0.151355,-1570.546631
0.214885,0.151355,-1565.10791
0.214885,0.151355,-1568.097168
0.211688,0.150087,-1566.880127
0.211688,0.150087,-1548.150635
0.214586,0.149466,-1554.754883
0.216437,0.146038,-1558.645264
0.219887,0.14347,-1537.182373
0.219887,0.14347,-1547.831299
0.220543,0.147701,-1553.627808
0.220543,0.147701,-1540.118652
0.220543,0.147701,-1559.140503
0.220543,0.147701,-1536.022583
0.220543,0.147701,-1541.059082
0.219037,0.146401,-1543.357056
0.219037,0.146401,-1557.611938
0.221088,0.145341,-1554.242065
0.220068,0.145156,-1552.237915
0.220068,0.145156,-1554.36377
0.220068,0.145156,-1543.893799
0.221558,0.147496,-1549.617188
0.221558,0.147496,-1553.266602
0.221558,0.147496,-1539.270752
0.220554,0.147814,-1545.597656
0.223653,0.148242,-1551.387695
0.223522,0.153326,-1555.756592
0.223017,0.148161,-1554.738892
0.223079,0.15127,-1540.627808
0.223079,0.15127,-1543.357056
0.223462,0.146621,-1546.538574
0.223462,0.146621,-1537.382812
0.223462,0.146621,-1534.941162
0.224167,0.143022,-1535.494019
0.221633,0.144241,-1546.186035
0.221633,0.144241,-1556.101318
0.220803,0.14068,-1557.803833
0.220803,0.14068,-1536.956543
0.220803,0.14068,-1544.962402
0.219948,0.140846,-1557.203125
0.219948,0.140846,-1548.844971
0.219948,0.140846,-1556.525146
0.219948,0.140846,-1558.562744
0.219948,0.140846,-1559.357788
0.221415,0.139762,-1543.890015
0.221415,0.139762,-1542.653809
0.223903,0.139215,-1534.849243
0.223916,0.14138,-1548.65979
0.224991,0.140896,-1555.88501
0.224888,0.141771,-1538.401855
0.222143,0.140143,-1549.7146
0.222143,0.140143,-1545.213257
0.224598,0.136784,-1540.277466
0.224492,0.131668,-1535.395508
0.224492,0.131668,-1536.776367
0.224492,0.131668,-1547.37854
0.224492,0.131668,-1539.751709
0.225532,0.132512,-1543.022217
0.227468,0.133659,-1549.220947
0.229302,0.138824,-1537.376465
0.229302,0.138824,-1541.358398
0.229302,0.138824,-1547.425903
0.229302,0.138824,-1542.830811
0.228904,0.138893,-1543.552246
0.230029,0.137828,-1539.387939
0.22983,0.139543,-1545.485718
0.233346,0.142845,-1540.168213
0.236821,0.143088,-1540.388062
0.236821,0.143088,-1538.765137
0.236821,0.143088,-1538.625732
0.238335,0.142644,-1539.125732
0.238335,0.142644,-1546.373657
0.238335,0.142644,-1543.178345
0.238335,0.142644,-1540.148438
0.238743,0.145079,-1541.696655
0.238043,0.145388,-1540.160522
0.238585,0.14623,-1543.917603
0.238585,0.14623,-1540.549072
0.238585,0.14623,-1546.106934
0.239719,0.143812,-1539.11792
0.239719,0.143812,-1543.025879
0.239719,0.143812,-1541.176514
0.240951,0.143108,-1543.345459
0.241569,0.142272,-1543.919434
0.241267,0.139453,-1542.903564
0.243356,0.139131,-1541.242188
0.243356,0.139131,-1541.414185
0.243356,0.139131,-1541.366455
0.243084,0.139327,-1540.872559
0.242209,0.142306,-1542.804443
0.240156,0.142767,-1540.525879
0.240156,0.142767,-1541.226318
0.241791,0.147331,-1541.64624
0.241791,0.147331,-1542.369019
0.240617,0.149059,-1541.288574
0.239156,0.147149,-1539.27124
0.237846,0.142007,-1541.081177
0.240793,0.142071,-1539.675049
0.240793,0.142071,-1544.433594
0.240216,0.139938,-1539.885986
0.240948,0.142334,-1542.647461
0.240948,0.142334,-1539.810059
0.23936,0.139961,-1538.518555
0.23936,0.139961,-1547.617188
0.23936,0.139961,-1542.218506
0.23936,0.139961,-1542.160522
0.238973,0.139905,-1541.813232
0.238973,0.139905,-1542.181274
0.238973,0.139905,-1541.153687
0.238973,0.139905,-1539.773193
0.240933,0.141044,-1541.789551
0.240089,0.139733,-1538.932861
0.238796,0.139445,-1538.136963
0.238796,0.139445,-1541.89209
0.23637,0.137859,-1536.606323
0.23637,0.137859,-1541.756836
0.234667,0.138216,-1535.954468
0.234667,0.138216,-1537.924072
0.233286,0.13488,-1540.890381
0.231678,0.137357,-1539.694458
0.229882,0.13983,-1542.497314
0.230298,0.138591,-1534.849609
0.230298,0.138591,-1549.37561
0.230298,0.138591,-1545.519043
0.230298,0.138591,-1537.006104
0.234226,0.140612,-1543.442139
0.234226,0.140612,-1543.26123
0.237978,0.14384,-1543.42395
0.24025,0.148616,-1548.016846
0.239686,0.145542,-1541.189697
0.239686,0.145542,-1541.889648
0.240907,0.144571,-1543.124878
0.239588,0.150573,-1543.33252
0.242085,0.148176,-1544.16626
0.242691,0.145204,-1544.092285
0.242691,0.145204,-1541.303223
0.240033,0.146117,-1543.289673
0.240033,0.146117,-1540.218506
0.238854,0.145911,-1546.014404
0.240579,0.148514,-1543.412598
0.240579,0.148514,-1544.477661
0.240871,0.148892,-1543.463135
0.240871,0.148892,-1547.739258
0.240997,0.141738,-1542.720703
0.243667,0.146367,-1543.721924
0.243667,0.146367,-1540.943359
0.244455,0.148468,-1542.571045
0.242552,0.151063,-1543.957275
0.240462,0.147302,-1540.009521
0.239349,0.143107,-1541.728638
0.238754,0.140267,-1540.675903
0.238754,0.140267,-1540.344971
0.235879,0.141467,-1536.223511
0.235879,0.141467,-1540.124268
0.234401,0.145701,-1540.245361
0.236682,0.145163,-1539.052856
0.236682,0.145163,-1539.321045
0.236682,0.145163,-1537.287598
0.237189,0.141934,-1540.097412
0.237189,0.141934,-1537.646973
0.237189,0.141934,-1546.099854
0.237189,0.141934,-1537.080811
0.237189,0.141934,-1540.788086
0.237189,0.141934,-1541.476074
0.238072,0.142752,-1545.115112
0.238922,0.141768,-1539.376953
0.238922,0.141768,-1538.637939
0.239315,0.143851,-1543.452393
0.239315,0.143851,-1538.956787
0.241631,0.143485,-1545.383789
0.241631,0.143485,-1542.213623
0.241631,0.143485,-1540.109131
0.241631,0.143485,-1542.309814
0.242564,0.14345,-1541.537354
0.242564,0.14345,-1541.058105
0.244942,0.143981,-1544.141846
0.244942,0.143981,-1542.935059
0.242322,0.146232,-1544.246948
0.242322,0.146232,-1541.678345
0.241796,0.143899,-1544.081299
0.240155,0.143107,-1540.337524
0.240155,0.143107,-1539.97644
0.240155,0.143107,-1543.939697
0.239166,0.14699,-1540.770508
0.237807,0.147196,-1539.717163
0.238499,0.144401,-1550.135742
0.240855,0.14499,-1540.575928
0.240855,0.14499,-1542.320068
0.240855,0.14499,-1539.396484
0.23931,0.146096,-1539.972534
0.23931,0.146096,-1539.11377
0.23931,0.146096,-1543.911865
0.234193,0.14485,-1537.224121
0.232316,0.143664,-1549.991943
0.232211,0.140708,-1543.701416
0.232211,0.140708,-1541.289307
0.232211,0.140708,-1540.890869
0.233563,0.143293,-1548.145996
0.234223,0.14197,-1547.468506
0.234926,0.144248,-1537.549561
0.233002,0.145541,-1540.37085
0.233002,0.145541,-1537.975342
0.230766,0.144046,-1534.064209
0.22719,0.145728,-1535.124634
0.225838,0.145329,-1550.382812
0.226875,0.145324,-1560.183716
0.226769,0.144511,-1546.565918
0.226769,0.144511,-1538.589844
0.22838,0.146801,-1542.444824
0.228526,0.142383,-1544.996338
0.228718,0.141501,-1550.150635
0.227908,0.139206,-1532.738037
0.231244,0.138367,-1547.61377
0.234395,0.139581,-1537.51709
0.234395,0.139581,-1544.484619
0.234395,0.139581,-1537.297363
0.234444,0.140857,-1548.308105
0.234444,0.140857,-1536.723633
0.234444,0.140857,-1542.686523
0.234128,0.138869,-1539.461914
0.234128,0.138869,-1541.388672
0.234128,0.138869,-1537.595703
0.234128,0.138869,-1546.928589
0.234063,0.145918,-1540.615601
0.234063,0.145918,-1547.957031
0.234063,0.145918,-1545.833252
0.232201,0.144874,-1534.188232
0.235879,0.142297,-1545.650635
0.234466,0.143235,-1545.289429
0.235695,0.143814,-1543.745239
0.235695,0.143814,-1540.296387
0.233994,0.14643,-1538.951904
0.23168,0.143678,-1544.751221
0.233869,0.143294,-1549.227051
0.235313,0.143726,-1546.786377
0.235313,0.143726,-1549.829346
0.237706,0.141341,-1543.930664
0.239317,0.146035,-1547.674805
0.239317,0.146035,-1546.779541
0.239317,0.146035,-1540.438599
0.239918,0.143389,-1540.808105
0.239585,0.143489,-1543.559814
0.239013,0.143641,-1540.591064
0.239013,0.143641,-1538.694824
0.239013,0.143641,-1539.616699
0.239013,0.143641,-1541.610596
0.239768,0.137682,-1538.194336
0.239768,0.137682,-1538.864502
0.239252,0.13108,-1541.51123
0.241459,0.133501,-1542.026733
0.239624,0.14236,-1540.648438
0.240525,0.138284,-1546.568115
0.240525,0.138284,-1540.770752
0.240525,0.138284,-1543.265991
0.240525,0.138284,-1542.718994
0.240525,0.138284,-1539.411499
0.238832,0.140334,-1540.979492
0.238832,0.140334,-1543.371094
0.239543,0.144265,-1545.860596
0.239543,0.144265,-1540.262939
0.236462,0.145667,-1539.897705
0.238106,0.14624,-1543.404419
0.237073,0.145428,-1539.883667
0.237073,0.145428,-1551.44873
0.237073,0.145428,-1539.605347
0.237774,0.140979,-1545.920654
0.239751,0.146508,-1543.749512
0.239751,0.146508,-1539.844727
0.238362,0.148206,-1539.465698
0.238362,0.148206,-1541.045532
0.238362,0.148206,-1541.979126
0.23793,0.143936,-1538.198242
0.23793,0.143936,-1538.954346
0.23793,0.143936,-1538.432861
0.238584,0.144718,-1541.208008
0.238584,0.144718,-1538.470947
0.23453,0.144587,-1542.456055
0.234155,0.145728,-1543.245972
0.23388,0.144348,-1538.184814
0.230662,0.147463,-1543.644531
0.230662,0.147463,-1536.719482
0.230662,0.147463,-1535.976685
0.235709,0.147681,-1544.400757
0.235709,0.147681,-1539.963867
0.235709,0.147681,-1549.419678
0.238447,0.149281,-1541.927246
0.237425,0.147635,-1538.980957
0.238164,0.153672,-1540.014648
0.238164,0.153672,-1542.414307
0.238164,0.153672,-1540.896851
0.238164,0.153672,-1546.841675
0.238164,0.153672,-1541.715576
0.241027,0.153906,-1541.799683
0.239506,0.150283,-1544.664307
0.237797,0.150711,-1540.671875
0.237797,0.150711,-1550.301147
0.234226,0.153336,-1539.227539
0.234226,0.153336,-1540.873047
0.229334,0.145121,-1538.808594
0.231817,0.142117,-1541.742554
0.231817,0.142117,-1551.26355
0.230304,0.142755,-1542.439941
0.230656,0.138665,-1549.551025
0.232739,0.143707,-1543.667725
0.23541,0.142065,-1545.326904
0.236495,0.136996,-1539.218262
0.236495,0.136996,-1536.005615
0.236495,0.136996,-1537.225098
0.238533,0.132315,-1538.334595
0.238533,0.132315,-1537.699219
0.238421,0.130222,-1543.352417
0.242692,0.129145,-1545.182617
0.242692,0.129145,-1539.909912
0.244323,0.12626,-1547.860107
0.241385,0.129561,-1540.046387
0.239296,0.128915,-1538.265259
0.239296,0.128915,-1541.86499
0.237678,0.129486,-1541.684204
0.239055,0.126309,-1540.300537
0.241729,0.128432,-1539.775146
0.241729,0.128432,-1542.542236
0.242147,0.127612,-1544.14502
0.242147,0.127612,-1545.409424
0.241228,0.125579,-1541.581177
0.239383,0.123218,-1540.394897
0.237762,0.121789,-1537.983887
0.237762,0.121789,-1549.957275
0.237762,0.121789,-1541.723145
0.237762,0.121789,-1541.561768
0.239094,0.123239,-1539.740723
0.239094,0.123239,-1540.641846
0.239094,0.123239,-1541.838379
0.239094,0.123239,-1546.444214
0.237733,0.123628,-1540.268311
0.237736,0.123059,-1539.576904
0.237736,0.123059,-1539.97876
0.238472,0.122752,-1543.459473
0.239004,0.127784,-1544.090942
0.240787,0.131935,-1539.051758
0.240787,0.131935,-1541.057373
0.240787,0.131935,-1538.959473
0.241893,0.133279,-1544.243042
0.243387,0.135259,-1541.386963
0.243387,0.135259,-1543.331055
0.245268,0.131977,-1542.403687
0.247401,0.127654,-1543.313232
0.247401,0.127654,-1543.315186
0.247401,0.127654,-1545.356445
0.246013,0.12426,-1542.769531
0.246013,0.12426,-1542.279541
0.241872,0.12695,-1542.031616
0.241872,0.12695,-1542.078735
0.241665,0.122519,-1541.189819
0.241665,0.122519,-1543.665283
0.240843,0.122771,-1543.292969
0.240843,0.122771,-1541.724121
0.240843,0.122771,-1544.152588
0.240843,0.122771,-1544.181763
0.240843,0.122771,-1541.550781
0.241889,0.124007,-1539.919189
0.242086,0.127064,-1542.302612
0.243948,0.125214,-1544.920654
0.245817,0.124725,-1543.333008
0.245232,0.121047,-1543.148926
0.245232,0.121047,-1545.41333
0.246379,0.122969,-1543.587891
0.245549,0.124701,-1544.431152
0.245549,0.124701,-1542.579102
0.246774,0.126487,-1543.545166
0.246774,0.126487,-1545.148804
0.241183,0.129422,-1543.324463
0.241183,0.129422,-1543.702393
0.243691,0.132251,-1540.394043
0.241775,0.128071,-1539.815918
0.241775,0.128071,-1542.811768
0.243813,0.122621,-1542.451538
0.245094,0.119882,-1543.735718
0.244494,0.126468,-1542.572021
0.244494,0.126468,-1542.162842
0.244494,0.126468,-1542.171265
0.242395,0.129458,-1545.554077
0.242395,0.129458,-1541.147461
0.242395,0.129458,-1545.128418
0.242395,0.129458,-1541.01355
0.242395,0.129458,-1540.509033
0.242395,0.129458,-1541.010742
0.240641,0.129356,-1541.819092
0.236772,0.1319,-1546.939209
0.236898,0.132306,-1547.702881
0.236898,0.132306,-1542.286621
0.237873,0.131356,-1538.063354
0.237873,0.131356,-1538.619751
0.239098,0.128934,-1538.328125
0.239098,0.128934,-1541.733398
0.234716,0.127708,-1540.933838
0.235521,0.128486,-1539.684814
0.235521,0.128486,-1542.371216
0.235521,0.128486,-1547.998047
0.235521,0.128486,-1544.760254
0.234929,0.126055,-1535.851807
0.234929,0.126055,-1537.925171
0.236516,0.126572,-1536.362305
0.236516,0.126572,-1548.694946
0.236516,0.126572,-1537.270508
0.236516,0.126572,-1540.881592
0.237749,0.121642,-1543.05835
0.238853,0.120032,-1546.167725
0.238807,0.11867,-1538.898193
0.238807,0.11867,-1541.442139
0.238807,0.11867,-1539.950073
0.238807,0.11867,-1545.350342
0.238807,0.11867,-1539.662476
0.238807,0.11867,-1543.259766
0.238591,0.128796,-1542.926025
0.237822,0.126364,-1538.967285
0.237086,0.124392,-1547.060791
0.237086,0.124392,-1540.838379
0.238333,0.12043,-1542.101074
0.238333,0.12043,-1542.755859
0.239323,0.120302,-1539.893433
0.239323,0.120302,-1548.739136
0.239323,0.120302,-1540.542603
0.239835,0.122758,-1539.180786
0.241239,0.124246,-1542.623169
0.241239,0.124246,-1540.177734
0.241239,0.124246,-1546.630737
0.238167,0.123519,-1540.205811
0.238167,0.123519,-1541.864258
0.241053,0.123401,-1539.330444
0.240626,0.124689,-1542.874512
0.241642,0.126761,-1539.526123
0.241642,0.126761,-1539.525513
0.241642,0.126761,-1542.365234
0.239109,0.126849,-1540.069336
0.239109,0.126849,-1540.651367
0.239109,0.126849,-1542.259399
0.240335,0.121714,-1542.388184
0.240335,0.121714,-1545.045898
0.24038,0.118331,-1541.220947
0.240907,0.115678,-1541.514404
0.240907,0.115678,-1544.809082
0.240907,0.115678,-1542.881958
0.240907,0.115678,-1540.913086
0.24543,0.118411,-1543.397705
0.245105,0.121501,-1546.252319
0.245105,0.121501,-1542.670898
0.245416,0.127054,-1543.108398
0.245416,0.127054,-1542.147217
0.245416,0.127054,-1545.586914
0.245416,0.127054,-1546.75293
0.247103,0.132219,-1543.462769
0.248145,0.131173,-1543.079346
0.248399,0.134447,-1544.481567
0.248399,0.134447,-1544.249023
0.248865,0.128885,-1544.529785
0.247383,0.126355,-1542.765625
0.247383,0.126355,-1545.07666
0.247383,0.126355,-1543.101685
0.247383,0.126355,-1544.111816
0.24581,0.127308,-1542.59729
0.242776,0.12646,-1543.707275
0.242584,0.124324,-1542.764893
0.243935,0.127377,-1544.900635
0.244389,0.128135,-1544.069336
0.24423,0.129406,-1541.082153
0.24423,0.129406,-1543.687622
0.242567,0.129374,-1542.617432
0.242567,0.129374,-1541.644897
0.244204,0.125916,-1544.722168
0.244792,0.12904,-1541.917969
0.242767,0.133886,-1544.058838
0.240833,0.141354,-1540.419189
0.23944,0.141573,-1546.468994
0.23944,0.141573,-1540.505859
0.238431,0.137993,-1545.662598
0.238516,0.141992,-1541.579102
0.238516,0.141992,-1544.258057
0.239273,0.142477,-1538.787354
0.240428,0.144765,-1545.508789
0.239224,0.144678,-1538.063721
0.239224,0.144678,-1541.5354
0.243013,0.142832,-1543.816406
0.243013,0.142832,-1541.820679
0.242556,0.141004,-1541.199463
0.242556,0.141004,-1540.824219
0.243714,0.140554,-1542.108643
0.243714,0.140554,-1544.818237
0.243714,0.140554,-1543.292114
0.243449,0.14289,-1542.56665
0.243449,0.14289,-1541.534302
0.243449,0.14289,-1542.62854
0.242106,0.139088,-1539.862915
0.240534,0.140351,-1540.747314
0.24269,0.141821,-1544.067627
0.240876,0.143625,-1541.431396
0.241187,0.143612,-1541.185669
0.24207,0.14735,-1542.199097
0.241178,0.139568,-1539.570557
0.242939,0.13741,-1540.658203
0.243823,0.141443,-1544.947144
0.243823,0.141443,-1543.108154
0.243555,0.143032,-1542.05188
0.243555,0.143032,-1542.611328
0.243555,0.143032,-1542.537842
0.243555,0.143032,-1542.699707
0.243742,0.139552,-1540.603638
0.243742,0.139552,-1541.230957
0.243742,0.139552,-1541.326172
0.2417,0.143099,-1546.220093
0.241794,0.143089,-1542.116333
0.239876,0.145536,-1541.403198
0.239876,0.145536,-1541.655396
0.239876,0.145536,-1541.817139
0.239127,0.139415,-1546.334717
0.239127,0.139415,-1541.015381
0.241015,0.13653,-1542.00061
0.24142,0.13145,-1542.4729
0.239986,0.134307,-1543.564453
0.239815,0.130397,-1541.09668
0.241639,0.130715,-1545.794434
0.241639,0.130715,-1544.717041
0.244981,0.128445,-1543.655029
0.244544,0.129794,-1545.585815
0.245005,0.129167,-1542.599854
0.246015,0.124131,-1542.790527
0.24362,0.123563,-1541.519531
0.239317,0.124768,-1543.035156
0.23955,0.128263,-1539.292725
0.240613,0.132,-1543.024536
0.240613,0.132,-1542.977417
0.240613,0.132,-1543.861816
0.24079,0.129182,-1545.381104
0.24079,0.129182,-1539.442627
0.24079,0.129182,-1542.270386
0.24079,0.129182,-1543.496094
0.24079,0.129182,-1541.942871
0.24079,0.129182,-1542.383057
0.24079,0.129182,-1541.549805
0.242267,0.126275,-1540.725098
0.242267,0.126275,-1541.025146
0.242267,0.126275,-1540.088623
0.242267,0.126275,-1542.763672
0.242267,0.126275,-1542.408325
0.243291,0.125727,-1541.343262
0.246262,0.126955,-1542.493408
0.244923,0.126166,-1542.263916
0.244923,0.126166,-1541.298462
0.246343,0.124978,-1543.032715
0.246054,0.124947,-1542.36792
0.248052,0.128144,-1543.850342
0.248052,0.128144,-1543.23999
0.248659,0.125274,-1544.913208
0.248659,0.125274,-1544.441162
0.248486,0.126306,-1544.551636
0.248486,0.126306,-1543.86853
0.248486,0.126306,-1545.048584
0.250484,0.128392,-1544.987183
0.250527,0.128093,-1545.599731
0.251055,0.125671,-1545.411377
0.251679,0.122561,-1546.0802
0.251679,0.122561,-1545.55603
0.252862,0.123282,-1547.20459
0.252051,0.119258,-1546.349731
0.255266,0.1205,-1548.576538
0.249181,0.119889,-1544.984131
0.250433,0.121155,-1547.275879
0.250012,0.120921,-1545.481689
0.253331,0.121266,-1547.733032
0.251255,0.119405,-1547.839966
0.251255,0.119405,-1546.553955
0.253131,0.12214,-1546.393066
0.251162,0.121725,-1546.772095
0.251371,0.12078,-1546.577393
0.251371,0.12078,-1546.624878
0.249695,0.124201,-1546.515381
0.249695,0.124201,-1546.355225
0.251796,0.119909,-1547.510986
0.252453,0.121298,-1546.866089
0.252453,0.121298,-1546.707764
0.249114,0.120708,-1546.199219
0.24592,0.122276,-1543.869629
0.243078,0.119692,-1543.399414
0.243749,0.118897,-1543.047607
0.240869,0.120656,-1543.175415
0.243771,0.123062,-1544.319092
0.241498,0.124253,-1540.158691
0.241498,0.124253,-1542.011719
0.241498,0.124253,-1539.958984
0.241498,0.124253,-1543.220703
0.241498,0.124253,-1543.552979
0.241498,0.124253,-1540.257202
0.241023,0.123467,-1541.324341
0.242581,0.120041,-1541.262451
0.242581,0.120041,-1543.150146
0.242581,0.120041,-1540.655518
0.242406,0.122491,-1542.251953
0.242406,0.122491,-1545.280762
0.240787,0.123547,-1541.185791
0.240787,0.123547,-1539.930664
0.240787,0.123547,-1547.304199
0.240787,0.123547,-1543.919434
0.240787,0.123547,-1539.836914
0.240787,0.123547,-1540.545166
0.240787,0.123547,-1542.40332
0.238842,0.122369,-1545.350586
0.238842,0.122369,-1540.970703
0.238515,0.120637,-1545.237915
0.238037,0.120705,-1548.00415
0.239557,0.121203,-1543.307861
0.239557,0.121203,-1544.236084
0.241247,0.121644,-1540.323975
0.238573,0.119902,-1541.102051
0.238573,0.119902,-1539.296021
0.240392,0.123015,-1542.215088
0.240392,0.123015,-1543.079834
0.236579,0.129269,-1539.250854
0.236579,0.129269,-1539.391479
0.240026,0.128871,-1547.428711
0.240026,0.128871,-1540.024902
0.240026,0.128871,-1540.729248
0.240026,0.128871,-1546.047852
0.245066,0.131491,-1542.105713
0.244637,0.133132,-1541.406738
0.243263,0.131885,-1541.821777
0.245749,0.135351,-1543.660522
0.247341,0.140359,-1543.177979
0.248544,0.138824,-1544.311279
0.246837,0.143357,-1544.331177
0.246837,0.143357,-1544.130127
0.244741,0.139817,-1542.189575
0.245216,0.1373,-1541.893921
0.245186,0.135828,-1544.695923
0.242804,0.137922,-1540.804932
0.24124,0.140837,-1540.500366
0.237655,0.141934,-1542.191406
0.240973,0.136876,-1542.234131
0.240973,0.136876,-1539.809204
0.244396,0.137103,-1542.280273
0.244396,0.137103,-1541.991699
0.244918,0.140743,-1541.711182
0.246077,0.143006,-1543.055054
0.244769,0.144046,-1542.799438
0.243508,0.143759,-1543.984619
0.243261,0.143042,-1541.414062
0.243261,0.143042,-1542.981689
0.241103,0.145422,-1540.393066
0.237911,0.145173,-1542.46936
0.235356,0.144248,-1538.217407
0.235356,0.144248,-1542.239258
0.240888,0.143476,-1545.253784
0.240888,0.143476,-1542.588257
0.240888,0.143476,-1540.477905
0.240888,0.143476,-1540.632446
0.241319,0.146811,-1543.170166
0.240387,0.1435,-1543.337402
0.241323,0.143332,-1544.295044
0.241323,0.143332,-1540.990479
0.239651,0.14007,-1540.084106
0.239749,0.139289,-1541.657715
0.239748,0.142941,-1540.981812
0.239426,0.143674,-1545.951538
0.241402,0.143955,-1543.322266
0.241402,0.143955,-1542.384033
0.239606,0.145773,-1541.26001
0.240775,0.141369,-1543.643311
0.23988,0.145766,-1543.09375
0.23988,0.145766,-1540.694458
0.23988,0.145766,-1545.253662
0.241141,0.148315,-1544.025513
0.241141,0.148315,-1540.967529
0.241141,0.148315,-1540.296631
0.23647,0.154924,-1539.30957
0.23647,0.154924,-1540.721436
0.23647,0.154924,-1541.661865
0.23647,0.154924,-1545.461792
0.23647,0.154924,-1539.060181
0.23647,0.154924,-1546.599854
0.234816,0.155049,-1540.965332
0.234012,0.156528,-1541.791748
0.234012,0.156528,-1538.476562
0.234012,0.156528,-1542.452881
0.234012,0.156528,-1541.132812
0.234012,0.156528,-1540.722656
0.234012,0.156528,-1542.658936
0.232752,0.157112,-1549.081665
0.23279,0.156227,-1542.780273
0.232721,0.150211,-1548.334717
0.232721,0.150211,-1548.327393
0.232721,0.150211,-1535.203125
0.234301,0.150466,-1539.576172
0.237611,0.147356,-1538.632324
0.237611,0.147356,-1538.191406
0.237611,0.147356,-1544.147949
0.237611,0.147356,-1549.365234
0.237216,0.142696,-1538.560059
0.239292,0.150984,-1541.210693
0.241748,0.146186,-1542.705078
0.237317,0.147099,-1545.698486
0.237317,0.147099,-1545.87146
0.237317,0.147099,-1543.217773
0.23854,0.148109,-1544.286499
0.238812,0.146737,-1542.838135
0.241188,0.148931,-1541.776001
0.241188,0.148931,-1541.608398
0.241188,0.148931,-1540.936279
0.242388,0.147331,-1541.332153
0.242388,0.147331,-1543.244873
0.240612,0.150134,-1544.714355
0.238542,0.152593,-1541.335815
0.234529,0.153695,-1540.680908
0.237261,0.153463,-1539.01062
0.237261,0.153463,-1543.98938
0.23962,0.152264,-1544.26709
0.23962,0.152264,-1543.100586
0.23962,0.152264,-1545.067139
0.238373,0.149632,-1541.66333
0.238373,0.149632,-1542.846313
0.242236,0.145794,-1541.848022
0.242682,0.147363,-1543.952393
0.242682,0.147363,-1540.68811
0.242682,0.147363,-1546.331787
0.244957,0.145303,-1543.723389
0.244396,0.147126,-1542.05542
0.242994,0.149562,-1542.667236
0.240645,0.152713,-1542.680908
0.236948,0.155282,-1540.908813
0.235129,0.158706,-1548.494873
0.235129,0.158706,-1541.854736
0.235129,0.158706,-1541.821289
0.234866,0.158493,-1543.077271
0.234866,0.158493,-1544.480957
0.237315,0.15801,-1540.910034
0.235384,0.157821,-1540.55127
0.235384,0.157821,-1541.723877
0.235384,0.157821,-1551.753906
0.235114,0.160424,-1543.35498
0.233939,0.161728,-1544.070801
0.233939,0.161728,-1548.453369
0.238193,0.164737,-1542.645874
0.237715,0.167801,-1549.44751
0.238606,0.164076,-1546.540527
0.238606,0.164076,-1544.302979
0.238606,0.164076,-1546.74585
0.239435,0.16968,-1551.480957
0.239435,0.16968,-1548.384644
0.241125,0.166656,-1549.442383
0.241125,0.166656,-1546.755127
0.241125,0.166656,-1547.888794
0.241528,0.164429,-1546.025635
0.240503,0.164202,-1548.072021
0.242688,0.164083,-1547.279785
0.238708,0.159732,-1545.632202
0.238708,0.159732,-1541.538574
0.23883,0.154572,-1542.118774
0.23883,0.154572,-1545.431152
0.241004,0.157729,-1547.036133
0.24224,0.159754,-1545.842041
0.24224,0.159754,-1548.126221
0.24371,0.158717,-1547.17041
0.245336,0.158622,-1545.409424
0.245336,0.158622,-1546.774536
0.248013,0.154247,-1546.428711
0.245157,0.153026,-1545.737427
0.244677,0.153868,-1544.564209
0.24152,0.160191,-1545.104004
0.24152,0.160191,-1544.286865
0.241835,0.156186,-1544.654053
0.243537,0.158124,-1545.661865
0.244278,0.157908,-1546.789551
0.244278,0.157908,-1545.694824
0.244553,0.16195,-1546.887451
0.243661,0.159864,-1545.284668
0.243661,0.159864,-1544.291504
0.243661,0.159864,-1547.852661
0.243661,0.159864,-1544.505859
0.239801,0.15989,-1542.075684
0.235039,0.16608,-1547.093506
0.23418,0.168362,-1541.595703
0.236432,0.167508,-1543.666992
0.240827,0.169057,-1548.875488
0.240827,0.169057,-1547.233154
0.239301,0.165708,-1550.664429
0.239301,0.165708,-1544.392334
0.237899,0.164518,-1548.194092
0.237899,0.164518,-1545.975098
0.237899,0.164518,-1544.862305
0.238765,0.171501,-1545.38623
0.238271,0.165721,-1545.219238
0.235723,0.164601,-1548.30896
0.235723,0.164601,-1546.062256
0.237362,0.165786,-1547.390869
0.237362,0.165786,-1543.76123
0.238101,0.164822,-1547.023193
0.236121,0.167571,-1548.577271
0.232115,0.171877,-1550.045654
0.232115,0.171877,-1546.494141
0.233606,0.179838,-1549.096436
0.234399,0.177211,-1550.351685
0.234399,0.177211,-1546.85791
0.234399,0.177211,-1549.13623
0.233847,0.182638,-1548.5802
0.233784,0.178797,-1556.575073
0.235567,0.171473,-1553.973389
0.237181,0.169339,-1543.63269
0.236933,0.168579,-1549.71875
0.236227,0.174376,-1549.949951
0.233368,0.175739,-1545.409424
0.232429,0.175203,-1543.643677
0.23094,0.171301,-1555.953491
0.230427,0.170053,-1539.726074
0.231582,0.17347,-1543.53125
0.231004,0.175452,-1554.086304
0.231004,0.175452,-1543.533813
0.231004,0.175452,-1553.003296
0.231004,0.175452,-1551.157349
0.231004,0.175452,-1550.79895
0.231151,0.175607,-1549.265869
0.232661,0.175551,-1543.803467
0.232661,0.175551,-1547.729492
0.232661,0.175551,-1555.486206
0.232661,0.175551,-1545.020996
0.231533,0.180127,-1556.324341
0.233222,0.179348,-1551.550049
0.234118,0.17901,-1549.712646
0.234118,0.17901,-1548.062134
0.235739,0.18282,-1551.838867
0.235739,0.18282,-1558.861816
0.235739,0.18282,-1548.140015
0.235739,0.18282,-1553.529175
0.236752,0.18212,-1552.538818
0.236752,0.18212,-1549.107544
0.237173,0.180928,-1547.835693
0.237173,0.180928,-1552.546875
0.242,0.178441,-1553.616943
0.244963,0.177331,-1552.045654
0.242082,0.172556,-1551.766357
0.24159,0.170621,-1547.342651
0.24159,0.170621,-1548.147583
0.241041,0.171365,-1547.420776
0.242577,0.167487,-1548.101074
0.238055,0.164163,-1543.145264
0.242309,0.166332,-1549.502441
0.239263,0.167051,-1544.47876
0.241356,0.170781,-1548.789307
0.241356,0.170781,-1547.747437
0.239308,0.166122,-1549.25
0.239308,0.166122,-1547.765747
0.238245,0.168606,-1544.486816
0.238245,0.168606,-1547.612793
0.235406,0.165499,-1551.96228
0.235406,0.165499,-1545.593506
0.237302,0.162205,-1543.95752
0.237302,0.162205,-1547.13147
0.237302,0.162205,-1541.186523
0.237302,0.162205,-1544.938721
0.237302,0.162205,-1548.613037
0.237302,0.162205,-1547.10083
0.239604,0.161884,-1547.437256
0.240011,0.159973,-1547.361206
0.240011,0.159973,-1543.30835
0.240011,0.159973,-1542.584351
0.237322,0.162132,-1544.991821
0.237322,0.162132,-1543.433716
0.236924,0.159181,-1543.757324
0.236924,0.159181,-1548.025879
0.237792,0.164362,-1548.349243
0.235152,0.168146,-1549.070435
0.235152,0.168146,-1548.947876
0.240903,0.162799,-1551.114746
0.239855,0.162107,-1545.901489
0.239855,0.162107,-1543.984131
0.24005,0.16067,-1544.07666
0.242261,0.16407,-1545.984375
0.242261,0.16407,-1546.661865
0.240275,0.161018,-1545.159546
0.235983,0.161178,-1542.798828
0.235983,0.161178,-1544.150146
0.235983,0.161178,-1544.090088
0.235983,0.161178,-1543.993164
0.235983,0.161178,-1547.721924
0.239768,0.161018,-1542.921143
0.240974,0.157701,-1551.015137
0.244132,0.15391,-1544.963257
0.243074,0.154252,-1542.890137
0.240278,0.157469,-1542.61145
0.240278,0.157469,-1542.39502
0.240278,0.157469,-1544.969849
0.23816,0.153641,-1543.396973
0.241581,0.150618,-1542.636963
0.236867,0.153695,-1540.082275
0.236867,0.153695,-1544.146118
0.235133,0.155676,-1546.330078
0.235812,0.153295,-1539.734497
0.235812,0.153295,-1538.158813
0.234416,0.150059,-1539.122192
0.234416,0.150059,-1543.411621
0.234416,0.150059,-1540.802002
0.234416,0.150059,-1541.16626
0.234982,0.146446,-1536.654175
0.234982,0.146446,-1539.293091
0.235728,0.147525,-1545.068359
0.234065,0.147507,-1537.820801
0.234065,0.147507,-1538.491699
0.234065,0.147507,-1541.178101
0.234065,0.147507,-1549.247559
0.234065,0.147507,-1542.075195
0.234065,0.147507,-1541.904663
0.234065,0.147507,-1538.806641
0.233499,0.148934,-1542.36499
0.234028,0.149631,-1541.742188
0.234566,0.14865,-1547.3479
0.232797,0.148012,-1536.399658
0.236624,0.148178,-1547.318604
0.236624,0.148178,-1542.553711
0.236624,0.148178,-1544.427734
0.236447,0.147887,-1541.884766
0.236447,0.147887,-1544.887329
0.236447,0.147887,-1540.809692
0.236142,0.153337,-1544.24231
0.234118,0.151718,-1537.664307
0.237691,0.153198,-1544.884033
0.236597,0.154057,-1540.607422
0.237195,0.151319,-1540.666016
0.237195,0.151319,-1545.548096
0.237427,0.15146,-1538.80249
0.237427,0.15146,-1539.082031
0.237427,0.15146,-1542.519043
0.237071,0.152079,-1543.637451
0.237071,0.152079,-1541.122437
0.237071,0.152079,-1547.445312
0.239682,0.150628,-1539.90271
0.237319,0.154022,-1540.455322
0.239172,0.155238,-1540.662964
0.239172,0.155238,-1545.553833
0.23921,0.159347,-1542.618164
0.24495,0.161311,-1547.150635
0.245759,0.159014,-1546.691162
0.245384,0.157225,-1545.724121
0.240666,0.157038,-1549.44043
0.243593,0.158119,-1544.670044
0.243593,0.158119,-1544.387451
0.241869,0.161182,-1545.323486
0.242857,0.162139,-1546.970703
0.243501,0.161039,-1546.329712
0.244761,0.157431,-1545.112305
0.243853,0.155164,-1546.448486
0.245132,0.152905,-1545.083496
0.245857,0.148951,-1544.492188
0.24648,0.143508,-1542.884888
0.24648,0.143508,-1543.631592
0.246079,0.142939,-1543.440552
0.248777,0.142343,-1544.29834
0.248777,0.142343,-1545.151367
0.248777,0.142343,-1545.070679
0.249163,0.140847,-1545.855469
0.249163,0.140847,-1545.113892
0.243554,0.139181,-1541.598267
0.240655,0.140501,-1540.489502
0.240655,0.140501,-1539.361328
0.23892,0.140718,-1548.01355
0.23892,0.140718,-1543.607422
0.23892,0.140718,-1538.23938
0.23939,0.144372,-1542.236938
0.240015,0.141979,-1541.09375
0.235838,0.138843,-1541.996582
0.235838,0.138843,-1540.424805
0.239957,0.134842,-1544.447632
0.239957,0.134842,-1545.335938
0.241173,0.132551,-1539.404785
0.242534,0.132924,-1540.987305
0.240899,0.134727,-1540.488037
0.240899,0.134727,-1540.642822
0.242275,0.135208,-1547.397583
0.242275,0.135208,-1543.845459
0.242487,0.135774,-1540.784912
0.24212,0.1392,-1544.699585
0.24212,0.1392,-1539.879883
0.24212,0.1392,-1540.650879
0.24212,0.1392,-1540.082275
0.24212,0.1392,-1541.220459
0.24212,0.1392,-1539.894653
0.240267,0.135609,-1538.887085
0.240267,0.135609,-1538.467041
0.240267,0.135609,-1541.311035
0.242617,0.138098,-1540.00769
0.242617,0.138098,-1542.104004
0.239686,0.135768,-1540.618042
0.240629,0.13187,-1539.600586
0.240629,0.13187,-1540.132202
0.23822,0.134035,-1547.420166
0.239202,0.131186,-1541.274902
0.239202,0.131186,-1541.087036
0.24113,0.13386,-1540.39209
0.24131,0.132303,-1539.27124
0.240708,0.135225,-1542.887939
0.244262,0.140562,-1541.642822
0.244262,0.140562,-1542.000488
0.243615,0.139987,-1544.42688
0.244407,0.13757,-1542.388672
0.243157,0.138024,-1541.911621
0.243157,0.138024,-1541.588867
0.243157,0.138024,-1540.519531
0.243157,0.138024,-1541.394287
0.242694,0.140856,-1549.222534
0.242694,0.140856,-1543.175293
0.242694,0.140856,-1540.544312
0.240277,0.143074,-1543.065918
0.240277,0.140313,-1541.416138
0.240277,0.140313,-1539.52478
0.236023,0.137153,-1541.098022
0.236023,0.137153,-1537.497559
0.239083,0.135844,-1543.480225
0.239083,0.135844,-1539.06958
0.239083,0.135844,-1542.713867
0.238724,0.135951,-1541.997314
0.237193,0.140285,-1542.536865
0.235528,0.136476,-1542.915527
0.235528,0.136476,-1537.627197
0.235528,0.136476,-1550.568726
0.235528,0.136476,-1540.731201
0.239558,0.130901,-1545.7771
0.239014,0.132823,-1541.802002
0.239291,0.132639,-1538.873779
0.240619,0.133511,-1540.524902
0.240619,0.133511,-1539.321289
0.241069,0.137386,-1541.604492
0.241383,0.140582,-1542.420898
0.241383,0.140582,-1539.709595
0.243021,0.142626,-1540.279541
0.243021,0.142626,-1543.145996
0.245373,0.145158,-1545.436157
0.24577,0.142649,-1542.463379
0.244808,0.141078,-1544.095947
0.242293,0.143937,-1547.104492
0.242991,0.140996,-1540.981812
0.240356,0.141754,-1545.261475
0.242858,0.142274,-1542.975342
0.242858,0.142274,-1542.656982
0.242858,0.142274,-1543.949951
0.244394,0.139696,-1541.24292
0.245279,0.142431,-1543.333374
0.246766,0.143905,-1544.524292
0.246766,0.143905,-1542.724365
0.243422,0.142605,-1545.178711
0.243422,0.142605,-1546.78125
0.243445,0.142107,-1541.667969
0.240986,0.145998,-1542.132446
0.240986,0.145998,-1540.520508
0.240986,0.145998,-1540.277588
0.240986,0.145998,-1541.593506
0.242302,0.147559,-1545.287598
0.242302,0.147559,-1542.373535
0.243418,0.143376,-1541.451782
0.243418,0.143376,-1543.519043
0.240904,0.14529,-1541.459229
0.240858,0.148853,-1541.721924
0.240858,0.148853,-1540.736328
0.23726,0.149458,-1539.957153
0.240477,0.149974,-1547.35498
0.242427,0.147307,-1545.913086
0.242427,0.147307,-1542.4823
0.242427,0.147307,-1542.003174
0.244853,0.15096,-1543.821533
0.243214,0.150508,-1545.544189
0.243214,0.150508,-1541.664551
0.242564,0.147855,-1544.369995
0.241529,0.148628,-1543.034058
0.242573,0.145415,-1543.667847
0.237927,0.147836,-1539.742676
0.237927,0.147836,-1543.461914
0.237927,0.147836,-1546.743286
0.24063,0.145235,-1539.536377
0.244036,0.147574,-1544.797974
0.242101,0.145601,-1547.664062
0.242101,0.145601,-1542.575439
0.242685,0.147629,-1540.757568
0.245404,0.156131,-1545.387939
0.242344,0.155528,-1543.164673
0.244789,0.154361,-1545.049072
0.246011,0.155622,-1545.641113
0.246413,0.149487,-1544.449707
0.246413,0.149487,-1543.932007
0.248361,0.147281,-1544.377808
0.248361,0.147281,-1545.607178
0.248064,0.144227,-1544.680176
0.245886,0.144366,-1544.656494
0.245886,0.144366,-1545.767822
0.245886,0.144366,-1543.279785
0.246446,0.142111,-1543.760132
0.246344,0.145419,-1543.682129
0.246511,0.142443,-1543.928223
0.248652,0.147068,-1547.337646
0.251232,0.149639,-1546.959229
0.250099,0.152068,-1547.487793
0.250099,0.152068,-1546.946899
0.250792,0.14694,-1547.243408
0.250792,0.14694,-1547.8396
0.250788,0.140346,-1545.738525
0.250788,0.140346,-1546.235107
0.250788,0.140346,-1546.295166
0.248746,0.142638,-1546.737549
0.247592,0.145314,-1544.804688
0.247592,0.145314,-1544.671753
0.249603,0.148856,-1546.882568
0.249343,0.150185,-1546.287354
0.249627,0.152235,-1547.11499
0.249584,0.152471,-1547.251831
0.249584,0.152471,-1546.307617
0.249584,0.152471,-1547.248291
0.248842,0.154276,-1547.279663
0.249521,0.154177,-1547.014526
0.249073,0.149778,-1545.625732
0.247742,0.15023,-1550.532837
0.248568,0.150819,-1545.706177
0.248568,0.150819,-1545.742676
0.250091,0.150921,-1547.510254
0.250937,0.146152,-1546.225342
0.250937,0.146152,-1546.690063
0.250601,0.142545,-1546.748779
0.249895,0.147517,-1546.292725
0.248478,0.146548,-1547.141602
0.248478,0.146548,-1545.771362
0.248478,0.146548,-1546.149658
0.248478,0.146548,-1545.142944
0.248478,0.146548,-1545.700806
0.248133,0.149571,-1546.078735
0.248133,0.149571,-1546.016968
0.248017,0.15353,-1546.339478
0.249763,0.15849,-1548.238647
0.251662,0.155056,-1548.099609
0.251488,0.153858,-1548.371582
0.251488,0.153858,-1548.587646
0.251064,0.155276,-1548.105469
0.251064,0.155276,-1548.081787
0.252698,0.152571,-1549.355713
0.251966,0.151545,-1547.884521
0.253493,0.147459,-1547.254639
0.249827,0.149103,-1546.772827
0.249827,0.149103,-1546.571777
0.246283,0.149221,-1546.2052
0.247188,0.146558,-1545.357666
0.246849,0.148493,-1546.358887
0.246849,0.148493,-1544.776245
0.245644,0.148116,-1544.751465
0.245644,0.148116,-1543.915527
0.245644,0.148116,-1542.984131
0.245962,0.14645,-1543.955322
0.24595,0.143327,-1544.734863
0.24595,0.143327,-1544.100098
0.24595,0.143327,-1543.977051
0.249286,0.145512,-1546.48877
0.246574,0.150602,-1545.317627
0.244846,0.15364,-1544.590942
0.243296,0.155262,-1548.717285
0.243296,0.155262,-1544.598877
0.242649,0.158259,-1543.601562
0.242649,0.158259,-1545.376465
0.241405,0.157965,-1545.349365
0.242841,0.157336,-1546.868408
0.242196,0.155257,-1546.787354
0.243105,0.156078,-1545.000366
0.243613,0.153383,-1544.755249
0.243613,0.153383,-1545.261475
0.240707,0.155295,-1547.338257
0.242527,0.161938,-1546.895386
0.244552,0.161527,-1546.454224
0.244552,0.161527,-1545.752197
0.24628,0.163754,-1547.85083
0.24628,0.163754,-1549.597656
0.24628,0.163754,-1547.973877
0.24628,0.163754,-1548.276611
0.243774,0.165643,-1549.070801
0.243774,0.165643,-1547.242432
0.243774,0.165643,-1546.005127
0.244739,0.168025,-1548.028809
0.24439,0.168474,-1548.078613
0.245056,0.165435,-1550.547119
0.245056,0.165435,-1547.931519
0.24662,0.161717,-1549.020752
0.248501,0.165017,-1549.808838
0.251191,0.161869,-1549.918457
0.251626,0.166642,-1552.048096
0.251626,0.166642,-1552.311768
0.249109,0.163033,-1551.128418
0.246112,0.158356,-1546.66333
0.246027,0.158008,-1547.914062
0.246027,0.158008,-1545.835205
0.246885,0.163984,-1549.02124
0.246885,0.163984,-1549.85437
0.246329,0.158629,-1548.003174
0.246329,0.158629,-1547.331543
0.246329,0.158629,-1546.600586
0.246765,0.159981,-1547.26416
0.244153,0.157943,-1547.86438
0.245233,0.161347,-1549.014282
0.245474,0.162801,-1546.627686
0.24565,0.159665,-1546.167969
0.245704,0.159187,-1545.96228
0.245704,0.159187,-1546.263428
0.246962,0.160746,-1547.192139
0.244878,0.157648,-1545.459351
0.244878,0.157648,-1545.670044
0.247773,0.154603,-1546.275513
0.251331,0.148614,-1547.708862
0.251331,0.148614,-1546.072266
0.251331,0.148614,-1546.809326
0.251353,0.147746,-1547.32019
0.247722,0.150587,-1546.626465
0.247722,0.150587,-1546.124268
0.24817,0.145812,-1547.468018
0.247564,0.143103,-1545.668213
0.247564,0.143103,-1544.57959
0.247606,0.141518,-1545.019531
0.248489,0.136324,-1544.381104
0.246522,0.135621,-1542.198486
0.248535,0.134307,-1546.000732
0.245966,0.131888,-1543.287842
0.243492,0.130432,-1540.724854
0.246444,0.127521,-1544.961914
0.244976,0.126548,-1541.762085
0.242897,0.133284,-1541.089844
0.24468,0.129853,-1542.440918
0.242771,0.131452,-1544.411865
0.239474,0.126832,-1545.44104
0.238699,0.126755,-1544.062622
0.240727,0.131749,-1546.948486
0.245151,0.128305,-1543.137085
0.244034,0.135957,-1541.598389
0.244034,0.135957,-1539.958984
0.244034,0.135957,-1543.456909
0.244034,0.135957,-1541.468506
0.244034,0.135957,-1541.618652
0.240643,0.132688,-1544.231445
0.240643,0.132688,-1539.421631
0.241615,0.131883,-1539.863159
0.241615,0.131883,-1540.969238
0.237592,0.132231,-1543.585327
0.238253,0.135501,-1546.259033
0.238253,0.135501,-1545.894043
0.239266,0.135876,-1541.246338
0.237917,0.134343,-1542.458252
0.239945,0.135786,-1539.480103
0.24088,0.139166,-1539.279297
0.240146,0.139776,-1539.412354
0.241795,0.142029,-1541.01062
0.242875,0.143683,-1543.948975
0.244605,0.144985,-1544.436401
0.243162,0.145534,-1541.52063
0.243162,0.145534,-1545.127441
0.243162,0.145534,-1540.821533
0.243162,0.145534,-1542.321411
0.243538,0.144398,-1545.675659
0.243538,0.144398,-1541.615479
0.243538,0.144398,-1541.561401
0.243538,0.144398,-1542.697998
0.242417,0.146061,-1542.366943
0.244085,0.147885,-1542.768311
0.244085,0.147885,-1542.53186
0.244085,0.147885,-1542.532471
0.244085,0.147885,-1542.598145
0.244376,0.144941,-1546.304688
0.245209,0.146551,-1543.091187
0.241858,0.150316,-1542.563477
0.241858,0.150316,-1543.960938
0.241111,0.149872,-1542.290894
0.241111,0.149872,-1546.286377
0.239121,0.149561,-1541.13208
0.239121,0.149561,-1542.601562
0.237138,0.148376,-1540.919312
0.23763,0.148008,-1540.870361
0.23763,0.148008,-1540.539551
0.235398,0.141388,-1541.773682
0.235398,0.141388,-1543.215332
0.235504,0.144242,-1547.533569
0.237852,0.150373,-1544.737061
0.237852,0.150373,-1545.194336
0.237852,0.150373,-1544.808716
0.237852,0.150373,-1546.668579
0.236652,0.147956,-1537.479492
0.236652,0.147956,-1545.118408
0.236652,0.147956,-1541.059448
0.240288,0.146968,-1539.974609
0.240288,0.146968,-1541.25354
0.240288,0.146968,-1540.041138
0.240288,0.146968,-1544.878662
0.237603,0.149367,-1544.298584
0.237356,0.146086,-1537.664062
0.239063,0.147548,-1541.177734
0.239404,0.144973,-1540.152832
0.240509,0.145134,-1539.551147
0.240509,0.145134,-1542.620728
0.240509,0.145134,-1541.855347
0.241842,0.144458,-1541.233154
0.240581,0.14367,-1545.293945
0.240581,0.14367,-1540.686646
0.240581,0.14367,-1540.613281
0.240581,0.14367,-1539.896851
0.241653,0.142522,-1543.207642
0.241653,0.142522,-1541.299561
0.241981,0.138137,-1540.176758
0.244297,0.138146,-1541.161011
0.245223,0.13571,-1543.945923
0.245223,0.13571,-1542.340088
0.243631,0.139019,-1542.731201
0.243631,0.139019,-1541.744141
0.243631,0.139019,-1542.13562
0.243631,0.139019,-1541.538086
0.241103,0.143695,-1544.286743
0.241103,0.143695,-1546.456787
0.241103,0.143695,-1540.009521
0.239625,0.145085,-1543.79541
0.23972,0.139767,-1541.504639
0.238524,0.141902,-1543.488525
0.235899,0.140334,-1541.838135
0.236047,0.145516,-1546.606079
0.236542,0.146848,-1538.904663
0.236329,0.145485,-1543.095215
0.2387,0.148391,-1549.47998
0.240478,0.148168,-1549.076904
0.241623,0.149407,-1545.323486
0.241623,0.149407,-1543.311523
0.241623,0.149407,-1542.615479
0.241623,0.149407,-1541.796631
0.24367,0.150698,-1542.774414
0.24367,0.150698,-1542.558716
0.243539,0.15232,-1547.454468
0.241323,0.150774,-1541.746094
0.243029,0.147386,-1540.760376
0.243029,0.147386,-1542.203125
0.239629,0.146813,-1543.529785
0.237601,0.14626,-1540.90979
0.237601,0.14626,-1541.97644
0.23934,0.142907,-1541.145996
0.23934,0.142907,-1538.942017
0.23934,0.142907,-1538.989258
0.239167,0.14125,-1539.545288
0.239167,0.14125,-1540.013916
0.239167,0.14125,-1538.02063
0.239167,0.14125,-1540.189209
0.23947,0.138207,-1545.748779
0.238672,0.141245,-1541.343384
0.23875,0.141682,-1540.613525
0.23875,0.141682,-1539.85376
0.238202,0.142999,-1537.894287
0.238202,0.142999,-1541.186035
0.238202,0.142999,-1538.188721
0.239235,0.146501,-1542.800781
0.242157,0.148272,-1542.998779
0.242157,0.148272,-1544.032715
0.242157,0.148272,-1542.385376
0.242157,0.148272,-1544.348389
0.242157,0.148272,-1542.186279
0.240442,0.145946,-1544.276611
0.23591,0.147001,-1540.994873
0.235407,0.146354,-1543.212402
0.232794,0.152159,-1540.233154
0.234087,0.149601,-1547.090576
0.234087,0.149601,-1538.887451
0.234087,0.149601,-1536.404785
0.234087,0.149601,-1538.977783
0.232097,0.152969,-1545.248291
0.232097,0.152969,-1537.092773
0.232097,0.152969,-1538.20874
0.230892,0.149426,-1541.255859
0.230814,0.150777,-1551.260254
0.230814,0.150777,-1534.14856
0.230814,0.150777,-1541.013794
0.230415,0.154187,-1538.136475
0.229523,0.15411,-1544.658813
0.229523,0.15411,-1534.636719
0.229523,0.15411,-1547.160156
0.229605,0.152534,-1541.943359
0.229605,0.152534,-1544.155029
0.229605,0.152534,-1552.927002
0.227747,0.151547,-1549.735107
0.224545,0.150612,-1543.619629
0.224545,0.150612,-1550.694336
0.224545,0.150612,-1553.499512
0.224545,0.150612,-1549.822754
0.224545,0.150612,-1543.643311
0.22237,0.152209,-1557.267578
0.223288,0.151773,-1557.267822
0.223288,0.151773,-1537.260864
0.223288,0.151773,-1538.624756
0.223288,0.151773,-1544.3479
0.224138,0.151112,-1530.401855
0.220204,0.152886,-1539.025146
0.216227,0.15591,-1567.071289
0.216227,0.15591,-1567.581177
0.215933,0.151952,-1562.001343
0.215933,0.151952,-1547.807617
0.215933,0.151952,-1573.429077
0.217406,0.152422,-1548.299194
0.217406,0.152422,-1557.617432
0.217865,0.150417,-1552.169067
0.221864,0.147339,-1543.549561
0.221864,0.147339,-1555.489746
0.225086,0.14231,-1552.656372
0.226094,0.139429,-1545.019775
0.227063,0.137773,-1552.531006
0.22829,0.138332,-1542.29248
0.22829,0.138332,-1530.883911
0.22829,0.138332,-1537.995605
0.227773,0.132617,-1547.282227
0.227773,0.132617,-1549.168945
0.228767,0.130099,-1534.974365
0.226187,0.130798,-1558.087891
0.226187,0.130798,-1547.048218
0.229113,0.127915,-1549.698853
0.229141,0.129118,-1535.877197
0.229141,0.129118,-1549.039062
0.229141,0.129118,-1538.025391
0.229141,0.129118,-1551.761963
0.229141,0.129118,-1547.026245
0.229501,0.129129,-1553.280396
0.227124,0.128373,-1553.024414
0.227124,0.128373,-1535.633423
0.227124,0.128373,-1546.760986
0.227124,0.128373,-1535.681152
0.229731,0.131138,-1531.586548
0.229731,0.131138,-1544.822266
0.228837,0.127308,-1541.108398
0.228884,0.129206,-1539.302246
0.228884,0.129206,-1539.255127
0.227543,0.126108,-1547.149292
0.228977,0.136286,-1548.79834
0.234101,0.137155,-1537.578857
0.234101,0.137155,-1539.545044
0.234632,0.136238,-1534.91333
0.234632,0.136238,-1539.29248
0.234632,0.136238,-1535.214111
0.234632,0.136238,-1536.313843
0.234632,0.136238,-1536.894775
0.234202,0.135724,-1537.44043
0.234202,0.135724,-1541.255981
0.234202,0.135724,-1546.228149
0.234202,0.135724,-1541.179932
0.234202,0.135724,-1536.15564
0.237132,0.132574,-1546.940918
0.237132,0.132574,-1539.60083
0.237132,0.132574,-1539.664551
0.234883,0.127787,-1535.452148
0.234883,0.127787,-1540.806641
0.234949,0.125207,-1549.179443
0.234949,0.125207,-1541.341797
0.233319,0.128015,-1549.136108
0.233319,0.128015,-1534.228638
0.233319,0.128015,-1539.105469
0.233319,0.128015,-1540.466919
0.23039,0.132426,-1541.797363
0.23039,0.132426,-1548.967773
0.233386,0.129293,-1538.514648
0.233386,0.129293,-1534.582031
0.234249,0.134345,-1538.221069
0.234249,0.134345,-1540.182373
0.234284,0.134885,-1541.251587
0.23345,0.139808,-1541.517334
0.232249,0.139633,-1546.891357
0.232442,0.137495,-1546.041992
0.232442,0.137495,-1538.82959
0.232842,0.133006,-1537.578979
0.234992,0.143768,-1536.625977
0.234992,0.143768,-1536.877075
0.23341,0.146638,-1541.613281
0.23341,0.146638,-1542.049316
0.23494,0.142543,-1539.571167
0.235467,0.138205,-1540.84375
0.235467,0.138205,-1542.366455
0.235467,0.138205,-1540.194702
0.237254,0.135774,-1536.731689
0.237254,0.135774,-1538.093018
0.240123,0.133772,-1545.583496
0.240172,0.138109,-1539.746094
0.240172,0.138109,-1540.394409
0.244719,0.140015,-1544.38623
0.244719,0.140015,-1544.080933
0.246258,0.137627,-1542.309448
0.246258,0.137627,-1543.134521
0.246258,0.137627,-1544.060547
0.248054,0.134429,-1543.611084
0.249577,0.134193,-1545.861206
0.250047,0.1315,-1545.387085
0.250047,0.1315,-1545.677979
0.25058,0.133536,-1545.829224
0.247636,0.131488,-1545.848267
0.24622,0.12654,-1543.265625
0.246874,0.128258,-1542.316895
0.245637,0.131943,-1542.358154
0.244196,0.127851,-1541.879883
0.241399,0.126972,-1539.929932
0.241399,0.126972,-1542.011475
0.241399,0.126972,-1541.614136
0.240591,0.125865,-1541.520508
0.240262,0.12438,-1546.86499
0.240262,0.12438,-1539.262207
0.239702,0.125139,-1538.964355
0.239702,0.125139,-1541.045166
0.24249,0.129841,-1541.645874
0.24244,0.131604,-1542.909058
0.239757,0.133786,-1539.670654
0.239757,0.133786,-1544.996826
0.241202,0.135436,-1543.069214
0.237843,0.132355,-1544.265625
0.237843,0.132355,-1550.835327
0.237843,0.132355,-1538.696777
0.237843,0.132355,-1539.204224
0.235154,0.141231,-1537.976807
0.235154,0.141231,-1538.508545
0.235154,0.141231,-1543.410645
0.238668,0.141223,-1540.255615
0.242204,0.140462,-1539.588989
0.242204,0.140462,-1540.587646
0.242204,0.140462,-1540.848999
0.2424,0.137949,-1540.91333
0.240269,0.135827,-1538.923584
0.240269,0.135827,-1538.568115
0.237489,0.140553,-1537.703857
0.240136,0.144458,-1543.278809
0.23967,0.144221,-1542.070557
0.23967,0.144221,-1542.956421
0.240974,0.146121,-1543.677246
0.239262,0.143965,-1544.952026
0.238602,0.14442,-1538.543335
0.238602,0.14442,-1540.345215
0.234345,0.147924,-1536.824097
0.234345,0.147924,-1541.528442
0.234345,0.147924,-1548.157471
0.234345,0.147924,-1545.24292
0.234345,0.147924,-1543.429565
0.235294,0.151526,-1541.464844
0.235236,0.152526,-1537.649414
0.236227,0.15325,-1541.236206
0.236227,0.15325,-1542.725586
0.236227,0.15325,-1540.476929
0.238452,0.151608,-1541.39917
0.238144,0.1537,-1546.368164
0.235639,0.14919,-1538.806396
0.235639,0.14919,-1543.166748
0.24009,0.14597,-1540.294434
0.240599,0.145893,-1540.086426
0.242308,0.141172,-1540.529053
0.239129,0.138552,-1543.207275
0.240638,0.137323,-1541.343262
0.240638,0.137323,-1542.752808
0.242132,0.134512,-1541.932861
0.242132,0.134512,-1540.377686
0.242132,0.134512,-1542.439941
0.244176,0.1388,-1541.563477
0.243143,0.139673,-1542.330444
0.245299,0.141693,-1543.70166
0.242945,0.140535,-1542.925537
0.242945,0.140535,-1543.29895
0.240695,0.139072,-1539.220703
0.238076,0.13117,-1546.655029
0.238076,0.13117,-1541.934082
0.239359,0.129502,-1540.317749
0.240669,0.130512,-1540.314209
0.242258,0.129321,-1539.794067
0.242258,0.129321,-1539.638062
0.239802,0.131327,-1538.007324
0.239802,0.131327,-1539.61731
0.239802,0.131327,-1542.165649
0.239802,0.131327,-1538.392334
0.238993,0.13086,-1540.993042
0.237411,0.128859,-1547.812744
0.238694,0.128009,-1551.178955
0.238694,0.128009,-1545.417236
0.237534,0.130496,-1537.153809
0.238761,0.125493,-1539.709473
0.240403,0.124173,-1544.500732
0.243523,0.125777,-1542.523804
0.243523,0.125777,-1542.499756
0.242019,0.125162,-1548.290039
0.244793,0.119275,-1542.251709
0.244793,0.119275,-1542.430176
0.245413,0.120197,-1544.281494
0.245413,0.120197,-1543.349365
0.245413,0.120197,-1543.945923
0.242928,0.120336,-1542.786133
0.242928,0.120336,-1541.354492
0.243003,0.120716,-1548.358276
0.245624,0.115512,-1547.123413
0.245624,0.115512,-1543.938477
0.245624,0.115512,-1545.805908
0.241896,0.117171,-1543.178223
0.241896,0.117171,-1545.193115
0.241896,0.117171,-1541.832275
0.242249,0.116381,-1542.86853
0.244249,0.113521,-1547.800537
0.244249,0.113521,-1546.492432
0.244249,0.113521,-1544.15625
0.242495,0.117201,-1543.883179
0.242495,0.117201,-1543.381348
0.240093,0.120901,-1541.048828
0.241224,0.122551,-1540.924316
0.240837,0.128021,-1541.447754
0.240837,0.128021,-1542.150513
0.243505,0.122183,-1544.643066
0.244663,0.120662,-1542.654297
0.244663,0.120662,-1543.993408
0.242211,0.120416,-1540.533325
0.242211,0.120416,-1544.593262
0.242211,0.120416,-1542.690552
0.242211,0.120416,-1540.305176
0.241386,0.123649,-1541.504639
0.241386,0.123649,-1540.38916
0.244719,0.125377,-1546.62915
0.244719,0.125377,-1542.154053
0.244719,0.125377,-1542.415039
0.243636,0.126226,-1544.251221
0.243213,0.126318,-1544.099365
0.247808,0.124729,-1543.773926
0.247149,0.127502,-1544.282104
0.247149,0.127502,-1544.648682
0.244571,0.127547,-1542.140137
0.243048,0.128177,-1541.657227
0.244259,0.128542,-1542.893921
0.244898,0.13385,-1546.017334
0.245356,0.133321,-1542.220703
0.24641,0.127612,-1543.659302
0.241987,0.127401,-1545.295898
0.241987,0.127401,-1541.122925
0.242154,0.126146,-1540.638916
0.240497,0.126501,-1538.620117
0.238896,0.130509,-1542.888184
0.237956,0.133273,-1539.876465
0.23505,0.133937,-1537.605469
0.23505,0.133937,-1538.09082
0.237054,0.127424,-1539.802734
0.237054,0.127424,-1536.727051
0.237054,0.127424,-1540.650269
0.237054,0.127424,-1538.03833
0.237054,0.127424,-1539.980713
0.237054,0.127424,-1536.544434
0.243614,0.129889,-1544.323242
0.244929,0.128483,-1544.211914
0.244925,0.128102,-1541.868164
0.244925,0.128102,-1543.131104
0.245022,0.131692,-1541.689697
0.24755,0.137682,-1543.400269
0.250601,0.135154,-1545.297363
0.252506,0.135221,-1546.360107
0.24989,0.132605,-1545.509766
0.251912,0.13423,-1546.025757
0.251456,0.136154,-1545.169678
0.251456,0.136154,-1545.25415
0.251456,0.136154,-1545.899902
0.252802,0.13127,-1545.662354
0.252873,0.133151,-1545.848267
0.251473,0.130328,-1547.069336
0.251473,0.130328,-1545.535156
0.250265,0.125866,-1546.364258
0.250265,0.125866,-1545.439941
0.249943,0.127214,-1544.916504
0.249943,0.127214,-1545.594116
0.249308,0.131835,-1544.999268
0.247366,0.133024,-1543.410156
0.247366,0.133024,-1542.77832
0.247366,0.133024,-1543.19751
0.246017,0.133502,-1542.086304
0.24501,0.131854,-1541.753174
0.243781,0.131604,-1543.849609
0.243781,0.131604,-1543.697632
0.243649,0.130879,-1540.998047
0.245277,0.130893,-1542.542725
0.243283,0.132875,-1542.23877
0.243606,0.129768,-1541.6073
0.243006,0.134497,-1540.97998
0.243911,0.128347,-1546.201172
0.243911,0.128347,-1541.609375
0.242099,0.128365,-1540.086914
0.242099,0.128365,-1540.159668
0.243714,0.129801,-1542.635742
0.243714,0.129801,-1543.976562
0.243714,0.129801,-1544.57959
0.243114,0.12624,-1543.032715
0.244717,0.135097,-1541.486328
0.246758,0.140128,-1542.79895
0.248552,0.144262,-1545.290771
0.249569,0.144728,-1544.456055
0.249917,0.147409,-1546.716675
0.251193,0.149677,-1546.672974
0.25177,0.148251,-1548.30249
0.246974,0.148759,-1544.216187
0.245923,0.150322,-1546.177124
0.245923,0.150322,-1544.104736
0.248495,0.147335,-1545.998047
0.246494,0.146135,-1544.217285
0.245348,0.143585,-1543.218262
0.242222,0.143163,-1541.000977
0.241792,0.137994,-1544.174561
0.241792,0.137994,-1542.19751
0.24283,0.14429,-1541.160278
0.241039,0.145123,-1542.383301
0.241151,0.144428,-1540.652588
0.240536,0.144532,-1543.376465
0.240536,0.144532,-1542.0802
0.243021,0.146891,-1542.428223
0.243607,0.151354,-1542.912231
0.245585,0.150562,-1544.770996
0.241691,0.153991,-1543.416016
0.241691,0.153991,-1545.123901
0.241858,0.151528,-1542.580933
0.241233,0.153777,-1547.909546
0.24345,0.147972,-1546.75293
0.24345,0.147972,-1544.132446
0.243829,0.143871,-1543.557129
0.243829,0.143871,-1541.708008
0.243829,0.143871,-1544.378174
0.246443,0.140502,-1544.349976
0.244066,0.133754,-1541.489502
0.24382,0.129526,-1546.612183
0.24319,0.132917,-1542.334961
0.24319,0.132917,-1540.853516
0.24319,0.132917,-1541.249878
0.248099,0.131278,-1544.010498
0.246575,0.12698,-1544.252808
0.246575,0.12698,-1543.963013
0.248356,0.129043,-1546.423706
0.247263,0.128277,-1543.394409
0.246664,0.126495,-1542.020874
0.249096,0.130126,-1545.730225
0.243894,0.134451,-1543.181763
0.243894,0.134451,-1543.050049
0.242633,0.137065,-1542.312988
0.242633,0.137065,-1545.011719
0.242633,0.137065,-1539.813721
0.242633,0.137065,-1541.692139
0.242633,0.137065,-1540.877319
0.241562,0.135037,-1539.640991
0.241085,0.135894,-1545.345947
0.241085,0.135894,-1539.644897
0.241085,0.135894,-1541.405273
0.238668,0.133318,-1542.190186
0.238419,0.134046,-1541.685181
0.236744,0.132637,-1542.536621
0.234035,0.123721,-1537.899902
0.234035,0.123721,-1545.40918
0.233505,0.124389,-1539.835449
0.232437,0.121705,-1539.501343
0.232437,0.121705,-1538.412109
0.233028,0.12326,-1548.135498
0.234216,0.122932,-1543.790771
0.234216,0.122932,-1542.980347
0.234216,0.122932,-1545.852417
0.234271,0.125896,-1539.961426
0.229401,0.126182,-1541.652588
0.229401,0.126182,-1538.578369
0.227973,0.125895,-1535.840332
0.228397,0.127734,-1542.694458
0.228397,0.127734,-1552.520752
0.228397,0.127734,-1542.861938
0.231015,0.12866,-1545.039551
0.231015,0.12866,-1547.587158
0.233897,0.124526,-1547.473022
0.232391,0.123133,-1546.94873
0.2336,0.123175,-1550.906006
0.2336,0.123175,-1533.934082
0.232986,0.124116,-1550.095093
0.232986,0.124116,-1541.766724
0.232986,0.124116,-1541.312012
0.232986,0.124116,-1539.801758
0.233046,0.126564,-1546.287231
0.233046,0.126564,-1544.988037
0.235186,0.126561,-1541.179932
0.236868,0.125455,-1540.45459
0.236868,0.125455,-1546.692871
0.236868,0.125455,-1538.827393
0.236868,0.125455,-1542.810059
0.236419,0.124888,-1541.021362
0.236419,0.124888,-1545.125488
0.236419,0.124888,-1544.24646
0.237555,0.125997,-1545.770752
0.239567,0.125,-1540.423462
0.239567,0.125,-1539.960327
0.239567,0.125,-1546.729614
0.242311,0.120709,-1544.547119
0.24322,0.118458,-1542.379517
0.243612,0.116493,-1543.030273
0.243612,0.116493,-1544.92981
0.243294,0.115795,-1543.339111
0.243294,0.115795,-1543.007324
0.243491,0.113533,-1545.168457
0.243655,0.119706,-1542.477051
0.240719,0.118726,-1542.084717
0.240719,0.118726,-1541.533569
0.239744,0.119353,-1543.781494
0.239744,0.119353,-1545.097168
0.240971,0.116555,-1544.996948
0.240971,0.116555,-1539.938232
0.240971,0.116555,-1545.025879
0.240291,0.112252,-1542.107544
0.242546,0.113777,-1545.92749
0.242546,0.113777,-1542.67334
0.242546,0.113777,-1544.770752
0.245483,0.115593,-1544.217041
0.244736,0.121702,-1542.144165
0.244722,0.123597,-1542.888916
0.244722,0.123597,-1542.655884
0.238467,0.124413,-1540.894287
0.238467,0.124413,-1544.093262
0.239764,0.120926,-1546.953857
0.238728,0.124308,-1539.359009
0.238728,0.124308,-1541.750977
0.238728,0.124308,-1537.901367
0.237854,0.123519,-1540.160889
0.237854,0.123519,-1545.932373
0.236391,0.124838,-1538.138184
0.236391,0.124838,-1539.414795
0.236391,0.124838,-1544.190063
0.236391,0.124838,-1546.01062
0.236391,0.124838,-1542.962891
0.231897,0.127267,-1534.950806
0.231897,0.127267,-1542.296387
0.231897,0.127267,-1547.002441
0.234915,0.128786,-1546.240234
0.234915,0.128786,-1547.141235
0.234915,0.128786,-1542.279053
0.236688,0.125725,-1545.923096
0.236688,0.125725,-1536.967041
0.236717,0.127242,-1542.486572
0.237794,0.130703,-1538.319458
0.236695,0.127975,-1536.589111
0.236695,0.127975,-1541.344971
0.235283,0.128134,-1536.0
0.235283,0.128134,-1536.341797
0.242585,0.129257,-1544.615479
0.241891,0.126897,-1540.089478
0.241891,0.126897,-1544.0
0.241891,0.126897,-1539.381104
0.245284,0.121344,-1542.155151
0.24533,0.122673,-1545.699585
0.24533,0.122673,-1544.363647
0.244686,0.123042,-1542.534058
0.245684,0.124342,-1543.117798
0.245684,0.124342,-1543.448975
0.248564,0.125889,-1543.836426
0.248758,0.125202,-1546.02832
0.247349,0.12388,-1545.003784
0.245478,0.125333,-1543.110352
0.245478,0.125333,-1544.098633
0.245654,0.12654,-1543.831055
0.246257,0.122508,-1542.659912
0.246257,0.122508,-1543.010864
0.246257,0.122508,-1545.82666
0.245726,0.120894,-1543.15625
0.247806,0.125041,-1544.554199
0.247806,0.125041,-1544.996826
0.247806,0.125041,-1542.613525
0.247806,0.125041,-1544.439209
0.246503,0.126702,-1542.995728
0.2456,0.124582,-1544.111328
0.2456,0.124582,-1544.453003
0.249205,0.123089,-1545.309326
0.249205,0.123089,-1544.438477
0.248064,0.122594,-1546.633057
0.248064,0.122594,-1544.749268
0.248064,0.122594,-1545.122559
0.249116,0.123261,-1544.286011
0.249563,0.126728,-1546.653076
0.249563,0.126728,-1544.231567
0.247317,0.125574,-1544.20459
0.247781,0.119937,-1544.064697
0.247781,0.119937,-1545.234375
0.247781,0.119937,-1544.876343
0.248852,0.125199,-1546.210449
0.250481,0.128638,-1544.967651
0.248737,0.124097,-1544.673828
0.248737,0.124097,-1545.392822
0.248737,0.124097,-1544.964844
0.248757,0.127567,-1544.380615
0.247072,0.132789,-1542.603271
0.247072,0.132789,-1542.756592
0.247381,0.131005,-1543.233154
0.244838,0.126408,-1542.366211
0.244838,0.126408,-1541.352905
0.243312,0.126597,-1543.782104
0.243829,0.128266,-1542.047852
0.243362,0.126834,-1541.085938
0.240745,0.126374,-1546.61499
0.242888,0.126276,-1544.124023
0.242888,0.126276,-1539.998047
0.243686,0.12715,-1541.865479
0.243686,0.12715,-1541.438599
0.243686,0.12715,-1542.522339
0.243686,0.12715,-1541.339478
0.243686,0.12715,-1541.072876
0.246118,0.130035,-1542.751099
0.246118,0.130035,-1544.819702
0.246118,0.130035,-1542.589355
0.246118,0.130035,-1545.956665
0.243942,0.135369,-1543.199707
0.24538,0.140351,-1543.66626
0.24538,0.140351,-1542.106201
0.246002,0.138707,-1543.349121
0.245814,0.140583,-1542.927734
0.245814,0.140583,-1543.786133
0.245814,0.140583,-1543.855957
0.245814,0.140583,-1542.571777
0.245814,0.140583,-1545.613281
0.246913,0.138934,-1543.638672
0.246913,0.138934,-1543.207031
0.249136,0.136444,-1544.088623
0.249136,0.136444,-1544.813721
0.250051,0.135361,-1545.659912
0.250051,0.135361,-1544.738525
0.250051,0.135361,-1545.311035
0.250858,0.137302,-1546.920532
0.250858,0.137302,-1545.142456
0.249399,0.140262,-1545.250732
0.250637,0.140138,-1544.363525
0.25201,0.140208,-1546.2948
0.252191,0.14168,-1546.721924
0.252191,0.14168,-1546.383545
0.253187,0.140782,-1547.231323
0.253187,0.140782,-1545.442871
0.253187,0.140782,-1546.292969
0.253187,0.140782,-1547.338135
0.253187,0.140782,-1547.242188
0.25293,0.14058,-1546.177002
0.25106,0.139638,-1544.987427
0.252308,0.138453,-1545.141357
0.252308,0.138453,-1547.09375
0.252308,0.138453,-1545.930908
0.254741,0.136163,-1547.788696
0.256156,0.13968,-1547.839844
0.257005,0.14616,-1549.929199
0.25594,0.144012,-1548.874268
0.25594,0.144012,-1549.302612
0.254705,0.144599,-1548.171997
0.254705,0.144599,-1549.278076
0.256303,0.140044,-1550.094727
0.254627,0.138573,-1547.740723
0.252473,0.13703,-1547.115845
0.251409,0.134693,-1546.371338
0.249439,0.135946,-1545.053223
0.249439,0.135946,-1544.462402
0.248341,0.13434,-1543.099854
0.246988,0.140819,-1544.009766
0.246988,0.140819,-1543.720337
0.248617,0.140917,-1543.697266
0.248617,0.140917,-1544.619141
0.251735,0.138962,-1546.075928
0.251735,0.138962,-1546.385742
0.253032,0.138259,-1546.374512
0.253119,0.135945,-1547.280518
0.253335,0.136417,-1546.615234
0.253977,0.14149,-1547.054199
0.254498,0.137908,-1546.87085
0.254498,0.137908,-1546.219971
0.255342,0.133034,-1548.007935
0.255959,0.133455,-1547.400146
0.254244,0.130996,-1546.792969
0.252178,0.133566,-1545.892212
0.252178,0.133566,-1546.761108
0.251435,0.135535,-1545.088135
0.24852,0.137191,-1544.920898
0.246553,0.13925,-1543.241089
0.247834,0.139497,-1543.86084
0.247834,0.139497,-1544.259766
0.247834,0.139497,-1542.958984
0.244588,0.130033,-1541.859009
0.244607,0.127244,-1542.659424
0.245434,0.126828,-1541.686279
0.245434,0.126828,-1544.250244
0.245434,0.126828,-1547.755615
0.242712,0.126919,-1544.129639
0.242712,0.126919,-1542.257812
0.242712,0.126919,-1541.811523
0.242712,0.126919,-1543.147217
0.242712,0.126919,-1544.645386
0.244942,0.123108,-1542.473633
0.247224,0.126356,-1543.022583
0.243699,0.131057,-1543.390381
0.243699,0.131057,-1542.151611
0.243699,0.131057,-1542.12793
0.243699,0.131057,-1542.335083
0.243404,0.13096,-1542.877808
0.24235,0.129486,-1540.064941
0.244027,0.131155,-1542.506836
0.245862,0.13337,-1542.274414
0.245862,0.13337,-1543.471191
0.245862,0.13337,-1542.841675
0.244002,0.132572,-1545.252808
0.242659,0.131494,-1540.825073
0.242659,0.131494,-1539.928711
0.243548,0.131857,-1541.804443
0.244125,0.133974,-1543.295166
0.242676,0.134648,-1540.364624
0.242566,0.133373,-1545.314209
0.242566,0.133373,-1540.230957
0.242566,0.133373,-1540.921753
0.242566,0.133373,-1540.762939
0.242566,0.133373,-1542.746948
0.242566,0.133373,-1541.603027
0.242566,0.133373,-1540.034912
0.244924,0.135957,-1542.866455
0.244924,0.135957,-1543.590576
0.244924,0.135957,-1541.95874
0.244857,0.126774,-1542.291626
0.244857,0.126774,-1545.859375
0.244857,0.126774,-1541.877686
0.244857,0.126774,-1543.585693
0.246443,0.127142,-1544.68103
0.246443,0.127142,-1542.988037
0.246443,0.127142,-1543.787354
0.248584,0.123187,-1545.812988
0.250162,0.122092,-1544.915771
0.249335,0.12031,-1544.509521
0.249335,0.12031,-1545.089355
0.247113,0.119106,-1544.082764
0.247113,0.119106,-1543.560547
0.245698,0.121852,-1542.428833
0.245698,0.121852,-1546.6073
0.246169,0.119728,-1544.859863
0.246169,0.119728,-1542.845947
0.246169,0.119728,-1544.280762
0.246274,0.121249,-1543.894897
0.246274,0.121249,-1542.30542
0.245825,0.12043,-1543.395752
0.245557,0.116608,-1544.485352
0.246374,0.116985,-1545.283447
0.246374,0.116985,-1545.448486
0.246374,0.116985,-1543.668823
0.246374,0.116985,-1545.067627
0.246374,0.116985,-1544.602051
0.246374,0.116985,-1546.242676
0.246374,0.116985,-1544.02832
0.246061,0.120775,-1546.648193
0.246864,0.11988,-1545.075928
0.249241,0.120433,-1545.124268
0.249303,0.119436,-1544.868896
0.249303,0.119436,-1544.670898
0.249303,0.119436,-1546.016357
0.249303,0.119436,-1546.352783
0.250896,0.125901,-1545.297119
0.252365,0.125967,-1546.155762
0.252738,0.120888,-1546.570068
0.249695,0.120133,-1544.967529
0.250348,0.120021,-1544.87085
0.251539,0.122117,-1546.286865
0.255972,0.120321,-1548.672852
0.255972,0.120321,-1549.085205
0.255972,0.120321,-1549.155273
0.256262,0.121685,-1548.888916
0.251924,0.118279,-1547.005615
0.253046,0.123004,-1546.897217
0.24882,0.118119,-1546.892578
0.24882,0.118119,-1545.043945
0.250776,0.119774,-1548.158203
0.248295,0.121406,-1545.154785
0.247484,0.126053,-1545.424072
0.247484,0.126053,-1545.191895
0.247484,0.126053,-1543.791504
0.247484,0.126053,-1543.962646
0.247484,0.126053,-1543.492676
0.246375,0.125548,-1542.802124
0.244986,0.126338,-1542.820312
0.243962,0.128958,-1541.057861
0.24557,0.12817,-1546.241211
0.247286,0.13081,-1542.880615
0.245539,0.130701,-1541.937134
0.245728,0.126547,-1542.446655
0.249031,0.130332,-1545.79895
0.25034,0.128318,-1545.509766
0.25034,0.128318,-1545.073364
0.25037,0.132153,-1545.634521
0.255196,0.132867,-1547.351807
0.254945,0.128865,-1547.994751
0.253546,0.135597,-1546.469238
0.253546,0.135597,-1547.18103
0.252755,0.134722,-1546.908203
0.248885,0.132223,-1544.193604
0.249947,0.13153,-1544.023071
0.249947,0.13153,-1543.960693
0.249947,0.13153,-1544.423828
0.249947,0.13153,-1544.924561
0.249947,0.13153,-1545.284302
0.250761,0.129034,-1545.318237
0.250761,0.129034,-1545.331909
0.250761,0.129034,-1545.547119
0.248458,0.130741,-1542.827393
0.248363,0.131033,-1543.483276
0.249952,0.133681,-1545.561401
0.24886,0.132652,-1544.256348
0.249338,0.130402,-1546.583496
0.248897,0.134179,-1544.914795
0.248781,0.137677,-1544.943359
0.247564,0.135919,-1545.071655
0.248838,0.136736,-1543.551147
0.248838,0.136736,-1544.793335
0.248838,0.136736,-1545.510986
0.248838,0.136736,-1544.611084
0.248838,0.136736,-1544.435181
0.251113,0.135345,-1545.222412
0.246378,0.134134,-1544.158081
0.246378,0.134134,-1542.466064
0.246378,0.134134,-1542.724609
0.246378,0.134134,-1542.447754
0.247192,0.131886,-1543.678223
0.247192,0.131886,-1542.696045
0.2504,0.132911,-1545.209351
0.250774,0.135953,-1544.55603
0.250774,0.135953,-1545.618164
0.250712,0.136396,-1545.225952
0.252116,0.134357,-1545.478027
0.250701,0.130359,-1546.761597
0.250701,0.130359,-1544.546875
0.249683,0.135702,-1544.45813
0.247336,0.134071,-1543.33252
0.254233,0.13568,-1547.928223
0.254055,0.137235,-1547.878052
0.252978,0.134836,-1545.89917
0.252788,0.134706,-1546.584473
0.252788,0.134706,-1545.05603
0.25265,0.137196,-1547.000488
0.25265,0.137196,-1546.478638
0.25265,0.137196,-1546.696777
0.251768,0.136157,-1546.982788
0.251836,0.134329,-1545.510986
0.250086,0.13468,-1545.349243
0.247172,0.134475,-1543.717651
0.247172,0.134475,-1543.599609
0.245334,0.130527,-1541.70459
0.245267,0.125678,-1542.666626
0.245981,0.122962,-1545.610352
0.245981,0.122962,-1543.484497
0.246023,0.124694,-1541.939209
0.246023,0.124694,-1544.560791
0.247073,0.122967,-1545.196777
0.247781,0.124673,-1545.362061
0.254421,0.12599,-1547.144287
0.251896,0.125496,-1546.384155
0.251758,0.131284,-1545.053467
0.251758,0.131284,-1544.892578
0.249441,0.131897,-1544.489746
0.247173,0.132816,-1543.540039
0.248362,0.132606,-1543.245728
0.248362,0.132606,-1547.301025
0.248362,0.132606,-1544.969849
0.247297,0.128386,-1544.942871
0.247297,0.128386,-1542.7229
0.244275,0.127459,-1541.335571
0.244275,0.127459,-1541.564453
0.242092,0.129236,-1540.877808
0.242092,0.129236,-1543.756104
0.23949,0.131451,-1538.220459
0.237932,0.128441,-1540.978271
0.238029,0.124847,-1543.829834
0.239832,0.124586,-1546.268066
0.239832,0.124586,-1540.335205
0.242785,0.122108,-1544.422852
0.243643,0.119604,-1544.431641
0.241163,0.116491,-1545.241333
0.237645,0.123707,-1540.150635
0.23665,0.123712,-1541.633667
0.232958,0.122808,-1548.297729
0.231883,0.122178,-1554.190918
0.231483,0.123906,-1533.683838
0.231483,0.123906,-1544.434326
0.231945,0.121178,-1537.503662
0.231945,0.121178,-1546.920898
0.231945,0.121178,-1539.804199
0.231948,0.119125,-1552.024536
0.231948,0.119125,-1536.364746
0.231899,0.126884,-1548.960571
0.231899,0.126884,-1550.218018
0.234557,0.129043,-1536.993408
0.234557,0.129043,-1542.006348
0.235163,0.125225,-1545.713379
0.235163,0.125225,-1542.178711
0.234474,0.126556,-1545.532715
0.234805,0.122299,-1539.050781
0.234805,0.122299,-1548.178467
0.234805,0.122299,-1544.553223
0.233291,0.125015,-1535.193237
0.232792,0.12306,-1546.164185
0.232792,0.12306,-1539.565796
0.232792,0.12306,-1547.263794
0.232792,0.12306,-1547.993896
0.232868,0.119632,-1547.815063
0.238171,0.118216,-1540.388672
0.241668,0.119711,-1544.080933
0.240051,0.118615,-1543.777588
0.242735,0.12103,-1543.108643
0.242735,0.12103,-1548.697388
0.242735,0.12103,-1542.781006
0.242052,0.116921,-1545.951294
0.242052,0.116921,-1546.28125
0.242052,0.116921,-1541.930664
0.242052,0.116921,-1545.047363
0.242052,0.116921,-1541.605835
0.243663,0.117395,-1542.874268
0.243524,0.118181,-1542.257568
0.240371,0.116668,-1547.006592
0.240371,0.116668,-1548.2771
0.239153,0.117223,-1540.468262
0.237408,0.114566,-1540.373047
0.232555,0.120888,-1542.936768
0.232555,0.120888,-1539.613403
0.232555,0.120888,-1542.399414
0.232555,0.120888,-1544.809326
0.233266,0.115586,-1538.959106
0.230106,0.115015,-1551.717773
0.230354,0.116238,-1544.597412
0.231,0.112156,-1544.909424
0.231163,0.111469,-1543.209717
0.231163,0.111469,-1547.074097
0.231163,0.111469,-1550.550415
0.233713,0.115252,-1541.61084
0.234039,0.118476,-1542.73584
0.235457,0.117993,-1547.487549
0.236586,0.119164,-1545.779175
0.236586,0.119164,-1537.642334
0.238901,0.119007,-1543.636475
0.236943,0.120819,-1543.68042
0.239224,0.121157,-1539.967163
0.239224,0.121157,-1543.442749
0.239224,0.121157,-1542.76001
0.239544,0.122616,-1542.641357
0.239544,0.122616,-1540.009033
0.239544,0.122616,-1545.161865
0.236146,0.119288,-1545.789062
0.236146,0.119288,-1547.466064
0.234793,0.12453,-1541.488525
0.234793,0.12453,-1536.377197
0.236323,0.125064,-1537.116089
0.236323,0.125064,-1542.199219
0.23325,0.12447,-1536.193115
0.233871,0.128572,-1545.08374
0.233871,0.128572,-1539.447754
0.233871,0.128572,-1535.796997
0.233074,0.127195,-1537.718994
0.232221,0.125776,-1544.373657
0.232027,0.124932,-1549.831055
0.234608,0.124995,-1542.47168
0.233045,0.124578,-1546.290283
0.233045,0.124578,-1535.706543
0.233045,0.124578,-1535.935303
0.230826,0.126729,-1537.585693
0.230826,0.126729,-1540.431885
0.230826,0.126729,-1541.609619
0.229397,0.12832,-1544.18811
0.233154,0.124999,-1535.729492
0.235943,0.126026,-1540.894531
0.235943,0.126026,-1549.678711
0.235943,0.126026,-1542.458374
0.238538,0.125219,-1543.302002
0.238538,0.125219,-1546.123047
0.24142,0.123721,-1540.123047
0.239995,0.123819,-1546.4552
0.242284,0.119477,-1545.708374
0.242369,0.117646,-1541.046265
0.238934,0.116703,-1545.911621
0.238934,0.116703,-1541.878784
0.238934,0.116703,-1545.360718
0.239126,0.119313,-1539.696533
0.236979,0.120284,-1540.574219
0.242289,0.116933,-1543.792969
0.244649,0.11735,-1543.473389
0.244294,0.117624,-1545.23877
0.244294,0.117624,-1547.911865
0.242668,0.118954,-1542.146973
0.24169,0.127413,-1539.415283
0.24087,0.124244,-1543.620361
0.24087,0.124244,-1544.452637
0.24087,0.124244,-1539.474976
0.239499,0.124858,-1543.677002
0.241267,0.122069,-1544.804321
0.239867,0.123934,-1542.487305
0.241566,0.125158,-1542.074829
0.241041,0.125986,-1539.95166
0.241727,0.123971,-1544.140991
0.241727,0.123971,-1544.319946
0.241727,0.123971,-1539.633789
0.243051,0.127682,-1545.039429
0.243051,0.127682,-1540.528076
0.242903,0.1264,-1543.649658
0.242903,0.1264,-1541.620972
0.242903,0.1264,-1540.523926
0.2459,0.128435,-1542.516235
0.2459,0.128435,-1546.048828
0.248087,0.136196,-1544.363281
0.248087,0.136196,-1544.075684
0.246573,0.139202,-1542.989868
0.246016,0.136951,-1542.87207
0.246016,0.136951,-1542.4646
0.242991,0.135699,-1541.899414
0.242991,0.135699,-1540.536255
0.241954,0.139879,-1541.979248
0.242719,0.134966,-1539.837646
0.241137,0.13273,-1543.317627
0.241137,0.13273,-1545.134766
0.241137,0.13273,-1542.849976
0.239913,0.132839,-1539.687866
0.239913,0.132839,-1543.120728
0.239913,0.132839,-1539.687988
0.240628,0.134516,-1540.672974
0.240628,0.134516,-1541.95752
0.238006,0.133503,-1537.483154
0.238006,0.133503,-1539.050781
0.237424,0.13597,-1537.011841
0.237424,0.13597,-1541.457275
0.237424,0.13597,-1540.116211
0.233464,0.135495,-1543.033203
0.22974,0.141715,-1553.1521
0.22974,0.141715,-1552.205078
0.22974,0.141715,-1548.001099
0.22974,0.141715,-1537.546631
0.227298,0.142681,-1544.261963
0.227298,0.142681,-1538.799194
0.223936,0.139243,-1555.440674
0.223936,0.139243,-1527.574951
0.223474,0.143227,-1551.129639
0.218853,0.141354,-1534.451782
0.216541,0.137823,-1568.113159
0.216878,0.138107,-1566.437378
0.216878,0.138107,-1565.87793
0.216878,0.138107,-1551.162354
0.216878,0.138107,-1544.500732
0.218145,0.14004,-1551.674561
0.218145,0.14004,-1551.693115
0.220889,0.138013,-1542.517334
0.220889,0.138013,-1547.441406
0.220212,0.140038,-1550.605469
0.220212,0.140038,-1560.905029
0.220212,0.140038,-1540.400879
0.220212,0.140038,-1557.46814
0.22289,0.14586,-1552.728516
0.22289,0.14586,-1539.42334
0.22289,0.14586,-1545.940063
0.22289,0.14586,-1552.568359
0.223054,0.142509,-1541.244751
0.221685,0.144314,-1547.766602
0.221685,0.144314,-1551.539795
0.223343,0.1398,-1558.310303
0.224916,0.138815,-1541.069946
0.224292,0.136088,-1537.18103
0.221495,0.13447,-1540.626465
0.221495,0.13447,-1542.092773
0.221495,0.13447,-1539.058228
0.221495,0.13447,-1560.740723
0.221495,0.13447,-1529.588135
0.221495,0.13447,-1548.837402
0.221495,0.13447,-1544.417969
0.221495,0.13447,-1532.849243
0.21916,0.130267,-1551.043457
0.22071,0.13337,-1547.888062
0.219237,0.131131,-1544.276855
0.220039,0.131562,-1553.167236
0.220039,0.131562,-1550.671387
0.215325,0.128491,-1563.029541
0.215959,0.134486,-1555.717163
0.215959,0.134486,-1548.252686
0.215959,0.134486,-1550.500244
0.216234,0.138567,-1540.549805
0.216234,0.138567,-1553.133545
0.214698,0.137475,-1552.566895
0.214698,0.137475,-1544.565918
0.217031,0.141998,-1555.736328
0.217031,0.141998,-1559.914795
0.217147,0.138285,-1551.259033
0.217147,0.138285,-1556.639404
0.221122,0.136452,-1556.630371
0.221985,0.139704,-1552.974121
0.221985,0.139704,-1538.775024
0.222429,0.141723,-1553.675171
0.221584,0.141472,-1550.623413
0.221584,0.141472,-1551.330078
0.221584,0.141472,-1554.881958
0.221584,0.141472,-1529.667236
0.22253,0.142671,-1549.430054
0.219364,0.14353,-1545.99292
0.215143,0.139535,-1548.252197
0.215143,0.139535,-1557.368164
0.215945,0.146462,-1553.303711
0.219017,0.145037,-1563.519287
0.21799,0.146484,-1546.874268
0.21799,0.146484,-1551.98877
0.21799,0.146484,-1553.399902
0.21799,0.146484,-1544.106689
0.220195,0.145825,-1545.774292
0.220195,0.145825,-1550.299316
0.221242,0.144741,-1551.596436
0.219169,0.141945,-1562.603027
0.219169,0.141945,-1556.300537
0.219901,0.145119,-1538.400391
0.22024,0.143999,-1540.719482
0.22155,0.143843,-1554.741211
0.223035,0.13864,-1537.350952
0.223035,0.13864,-1552.809326
0.223227,0.133118,-1554.208008
0.223227,0.133118,-1547.477539
0.225543,0.137034,-1553.798096
0.225543,0.137034,-1540.415405
0.225543,0.137034,-1547.036865
0.225543,0.137034,-1542.407715
0.225543,0.137034,-1533.418213
0.229089,0.13553,-1553.578979
0.229089,0.13553,-1545.390381
0.229089,0.13553,-1543.456299
0.226593,0.138375,-1534.681152
0.22778,0.134411,-1543.915649
0.22778,0.134411,-1543.062988
0.226764,0.13851,-1541.369019
0.226764,0.13851,-1548.824097
0.226764,0.13851,-1543.526855
0.233194,0.142393,-1543.918457
0.232585,0.141032,-1545.88208
0.23614,0.138746,-1545.854004
0.23614,0.138746,-1537.615845
0.23614,0.138746,-1535.981567
0.233885,0.132015,-1539.855957
0.233885,0.132015,-1538.97876
0.233885,0.132015,-1554.96521
0.233016,0.132714,-1552.022705
0.233016,0.132714,-1552.094849
0.231436,0.132785,-1540.939087
0.235254,0.133285,-1542.590698
0.235971,0.135456,-1536.893799
0.233646,0.139549,-1537.732666
0.233646,0.139549,-1545.136719
0.233646,0.139549,-1541.517212
0.233646,0.139549,-1545.826172
0.233646,0.139549,-1538.856323
0.233283,0.134841,-1546.810669
0.233283,0.134841,-1543.910156
0.231309,0.12856,-1545.313232
0.228406,0.13005,-1541.203491
0.228406,0.13005,-1546.011353
0.228084,0.128637,-1546.451172
0.226074,0.12715,-1538.740479
0.226074,0.12715,-1552.115601
0.226074,0.12715,-1553.743286
0.226074,0.12715,-1545.859619
0.226074,0.12715,-1550.751343
0.224725,0.126092,-1537.654053
0.224684,0.125024,-1544.24292
0.224684,0.125024,-1548.682617
0.228125,0.12253,-1536.961548
0.225969,0.128127,-1558.532715
0.225969,0.128127,-1545.445068
0.225685,0.129519,-1554.840942
0.225685,0.129519,-1554.47522
0.224305,0.128937,-1544.947632
0.224305,0.128937,-1552.836426
0.224305,0.128937,-1542.130615
0.224305,0.128937,-1532.550781
0.224305,0.128937,-1528.305786
0.224492,0.124593,-1542.156494
0.224844,0.123792,-1530.615723
0.224844,0.123792,-1549.067017
0.227293,0.122612,-1554.750488
0.227293,0.122612,-1549.710083
0.227293,0.122612,-1541.547852
0.227293,0.122612,-1553.596924
0.22636,0.126714,-1546.604736
0.22636,0.126714,-1538.728271
0.229019,0.128505,-1543.989868
0.229019,0.128505,-1542.284302
0.229019,0.128505,-1534.334351
0.229019,0.128505,-1540.811157
0.229019,0.128505,-1557.902832
0.229019,0.128505,-1533.146484
0.229019,0.128505,-1539.562988
0.229019,0.128505,-1541.825806
0.229892,0.126633,-1537.280884
0.229892,0.126633,-1542.587769
0.229025,0.127129,-1553.058716
0.229025,0.127129,-1545.085205
0.229025,0.127129,-1547.846802
0.229999,0.130904,-1538.889404
0.231344,0.127428,-1545.58252
0.229907,0.126754,-1545.19873
0.230555,0.129966,-1532.274658
0.230555,0.129966,-1547.012085
0.227106,0.13367,-1547.154541
0.224014,0.134618,-1540.723389
0.224014,0.134618,-1537.333496
0.224014,0.134618,-1548.101074
0.224014,0.134618,-1551.349976
0.224356,0.138886,-1554.531982
0.224356,0.138886,-1554.689941
0.226252,0.137433,-1543.328369
0.227838,0.132165,-1555.00647
0.227838,0.132165,-1544.139648
0.227838,0.132165,-1544.14502
0.227838,0.132165,-1536.852539
0.228139,0.132934,-1548.462402
0.230983,0.135047,-1533.260498
0.230778,0.13631,-1550.821777
0.229926,0.131494,-1532.267822
0.229926,0.131494,-1536.311523
0.229926,0.131494,-1550.611694
0.233477,0.128565,-1548.04834
0.233477,0.128565,-1544.915039
0.233477,0.128565,-1542.117065
0.233477,0.128565,-1543.786621
0.233411,0.130172,-1544.687988
0.233411,0.130172,-1545.889404
0.229037,0.126684,-1537.772705
0.22962,0.127213,-1551.360596
0.22962,0.127213,-1540.161621
0.22962,0.127213,-1540.513428
0.22962,0.127213,-1545.16272
0.229014,0.125646,-1537.515747
0.229014,0.125646,-1538.677979
0.229014,0.125646,-1547.186523
0.229014,0.125646,-1538.78479
0.227464,0.125121,-1544.632324
0.228249,0.124747,-1535.549316
0.228249,0.124747,-1536.973877
0.228249,0.124747,-1545.268311
0.228249,0.124747,-1532.932861
0.230137,0.122621,-1543.068481
0.230137,0.122621,-1539.823486
0.228456,0.12202,-1542.842773
0.228456,0.12202,-1542.076294
0.228456,0.12202,-1551.952393
0.226846,0.116101,-1552.4021
0.224682,0.108968,-1551.510742
0.22546,0.104783,-1559.106201
0.22546,0.104783,-1545.020874
0.225024,0.108828,-1559.493286
0.225024,0.108828,-1560.251587
0.225024,0.108828,-1542.522705
0.225024,0.108828,-1552.012085
0.225024,0.108828,-1555.199097
0.226371,0.106776,-1544.592041
0.230375,0.104205,-1544.101318
0.230375,0.104205,-1549.869141
0.234315,0.108779,-1543.623047
0.234315,0.108779,-1543.080322
0.232926,0.111919,-1546.110962
0.232926,0.111919,-1541.290039
0.232926,0.111919,-1555.304199
0.232926,0.111919,-1549.533447
0.237448,0.112867,-1552.291992
0.239393,0.114553,-1546.851318
0.239393,0.114553,-1547.097778
0.239393,0.114553,-1545.112427
0.237247,0.117404,-1548.735229
0.235712,0.118685,-1541.239258
0.236689,0.116568,-1537.273315
0.236689,0.116568,-1545.984375
0.235278,0.109104,-1544.949707
0.235595,0.109225,-1550.461914
0.234506,0.109406,-1549.673218
0.230661,0.11442,-1543.408936
0.231021,0.11748,-1539.855713
0.229344,0.116516,-1551.608887
0.229344,0.116516,-1546.955566
0.229344,0.116516,-1541.280396
0.230846,0.116006,-1544.707031
0.231965,0.117857,-1546.758545
0.229091,0.117907,-1550.945435
0.229091,0.117907,-1550.183228
0.228963,0.119839,-1554.675293
0.229956,0.125115,-1553.729858
0.22858,0.128405,-1537.066284
0.22858,0.128405,-1538.767944
0.22858,0.128405,-1542.706543
0.227977,0.127523,-1547.026123
0.229212,0.128075,-1545.958984
0.229212,0.128075,-1544.8396
0.229212,0.128075,-1539.345459
0.229212,0.128075,-1548.358398
0.232372,0.129063,-1540.970703
0.23054,0.12963,-1548.192383
0.229793,0.130363,-1541.916138
0.229793,0.130363,-1541.115967
0.229793,0.130363,-1543.133301
0.229793,0.130363,-1544.937622
0.229793,0.130363,-1547.187012
0.23233,0.129553,-1545.947388
0.231352,0.132453,-1546.918213
0.233916,0.131887,-1535.231812
0.235414,0.131763,-1542.061157
0.235879,0.130603,-1541.39624
0.235879,0.130603,-1539.39917
0.236413,0.131923,-1540.862549
0.236413,0.131923,-1544.739868
0.236413,0.131923,-1538.556152
0.234879,0.132507,-1542.5177
0.234879,0.132507,-1535.369995
0.234879,0.132507,-1535.59314
0.234439,0.13183,-1540.30249
0.232814,0.130987,-1537.145142
0.232814,0.130987,-1540.17041
0.232814,0.130987,-1547.476318
0.232814,0.130987,-1538.677246
0.232338,0.129066,-1540.917725
0.231925,0.133618,-1536.657227
0.231925,0.133618,-1540.686035
0.231925,0.133618,-1543.221436
0.231925,0.133618,-1548.090332
0.231531,0.133236,-1541.251709
0.231531,0.133236,-1539.608887
0.231513,0.13107,-1538.542236
0.228767,0.129379,-1551.626953
0.227211,0.125914,-1544.995117
0.227211,0.125914,-1551.653442
0.225738,0.123547,-1542.922363
0.225738,0.123547,-1537.011475
0.225548,0.123266,-1547.319824
0.225427,0.122597,-1550.998535
0.225427,0.122597,-1556.526978
0.224532,0.120808,-1547.431885
0.224532,0.120808,-1554.21228
0.226661,0.119118,-1563.675049
0.226969,0.124239,-1541.993774
0.226969,0.124239,-1551.036987
0.225783,0.122842,-1546.057251
0.226769,0.126084,-1537.314941
0.226769,0.126084,-1546.584961
0.227885,0.12337,-1545.282471
0.227885,0.12337,-1550.953125
0.227885,0.12337,-1551.949707
0.227885,0.12337,-1544.030151
0.227885,0.12337,-1545.077637
0.228622,0.12118,-1540.274658
0.227115,0.117608,-1540.429443
0.227115,0.117608,-1534.854248
0.226204,0.118749,-1553.267822
0.226204,0.118749,-1548.833862
0.227576,0.122288,-1540.81665
0.227576,0.122288,-1548.81958
0.227576,0.122288,-1547.826782
0.22805,0.122635,-1552.730103
0.22683,0.12404,-1546.945312
0.22683,0.12404,-1544.497437
0.227229,0.125295,-1544.182617
0.227229,0.125295,-1556.166992
0.227229,0.125295,-1534.358154
0.227502,0.126188,-1532.556885
0.227502,0.126188,-1532.149536
0.227502,0.126188,-1558.144653
0.227502,0.126188,-1538.748535
0.227502,0.126188,-1550.621582
0.227502,0.126188,-1553.638916
0.230629,0.124336,-1543.206909
0.228078,0.124682,-1554.935181
0.228078,0.124682,-1547.037476
0.228786,0.123393,-1542.322754
0.226978,0.122846,-1547.131348
0.226978,0.122846,-1554.644043
0.226978,0.122846,-1552.001587
0.226978,0.122846,-1558.357178
0.223852,0.122016,-1554.282593
0.223852,0.122016,-1542.922607
0.224036,0.122873,-1543.850098
0.224036,0.122873,-1544.073486
0.224036,0.122873,-1543.631714
0.224361,0.125408,-1551.138184
0.226009,0.128548,-1552.033569
0.226009,0.128548,-1552.647583
0.222075,0.126656,-1548.560913
0.222075,0.126656,-1555.324707
0.222075,0.126656,-1541.443115
0.221725,0.122502,-1548.340088
0.226628,0.118241,-1549.67395
0.225444,0.118997,-1531.325684
0.228876,0.121741,-1542.588379
0.226742,0.118166,-1544.99231
0.22844,0.116142,-1533.035889
0.23207,0.116272,-1540.507812
0.231425,0.115397,-1549.203613
0.232698,0.112527,-1551.906494
0.232698,0.112527,-1553.469116
0.232698,0.112527,-1548.716064
0.230299,0.108891,-1540.124756
0.231948,0.11121,-1546.807251
0.230605,0.109716,-1552.693604
0.230605,0.109716,-1540.530518
0.230605,0.109716,-1546.537598
0.230605,0.109716,-1547.848877
0.230605,0.109716,-1540.704956
0.230605,0.109716,-1546.947998
0.230605,0.109716,-1547.209595
0.230605,0.109716,-1543.502441
0.229171,0.10763,-1549.937256
0.231839,0.106009,-1547.212891
0.231839,0.106009,-1554.89563
0.229539,0.108105,-1538.707764
0.228281,0.103279,-1547.234619
0.227399,0.104131,-1543.45105
0.227399,0.104131,-1551.171387
0.228497,0.100418,-1544.582275
0.228497,0.100418,-1553.014893
0.228497,0.100418,-1551.842896
0.228497,0.100418,-1554.110352
0.231421,0.102789,-1547.221558
0.231421,0.102789,-1545.825439
0.231421,0.102789,-1547.821045
0.231421,0.102789,-1555.285889
0.231421,0.102789,-1549.371582
0.232142,0.097981,-1552.13855
0.228975,0.097031,-1546.516602
0.228975,0.097031,-1553.462646
0.228975,0.097031,-1549.093872
0.228975,0.097031,-1564.361084
0.229445,0.095835,-1565.920288
0.229445,0.095835,-1560.178467
0.230213,0.096494,-1553.377075
0.230213,0.096494,-1551.057861
0.230213,0.096494,-1552.863403
0.231522,0.098817,-1560.658936
0.231225,0.105839,-1541.644409
0.232146,0.10707,-1539.349243
0.232146,0.10707,-1549.882812
0.229333,0.103419,-1552.675781
0.229333,0.103419,-1554.087036
0.226245,0.106614,-1542.661499
0.226245,0.106614,-1553.382324
0.227229,0.101277,-1556.224976
0.227229,0.101277,-1550.316528
0.227229,0.101277,-1550.585449
0.225024,0.102658,-1567.293945
0.225024,0.102658,-1564.830566
0.225024,0.102658,-1565.338135
0.22547,0.104725,-1572.352173
0.225813,0.10722,-1558.85437
0.225729,0.110741,-1550.054443
0.225729,0.110741,-1541.222412
0.22446,0.107907,-1552.705566
0.22446,0.107907,-1562.981079
0.226585,0.104892,-1558.054932
0.226585,0.104892,-1550.4646
0.226585,0.104892,-1559.664551
0.22866,0.101371,-1558.348633
0.22866,0.101371,-1552.567139
0.229507,0.106465,-1553.840088
0.229507,0.106465,-1543.108154
0.229379,0.107464,-1551.437988
0.230357,0.106903,-1556.286377
0.22809,0.106625,-1552.172119
0.226552,0.106427,-1538.721313
0.226552,0.106427,-1550.5448
0.226157,0.103867,-1542.224121
0.227326,0.10599,-1556.520996
0.226497,0.107567,-1547.87793
0.226497,0.107567,-1544.001221
0.225746,0.105232,-1554.305542
0.225,0.105861,-1554.997559
0.226025,0.114221,-1556.669678
0.229733,0.11149,-1546.873535
0.229733,0.11149,-1537.200684
0.229733,0.11149,-1557.627441
0.229733,0.11149,-1555.273438
0.231031,0.108073,-1546.35022
0.233465,0.111087,-1545.416016
0.236212,0.110736,-1544.856323
0.23607,0.111089,-1538.897949
0.239086,0.110299,-1542.953003
0.238363,0.106666,-1551.138916
0.238363,0.106666,-1546.381592
0.238363,0.106666,-1544.940674
0.238363,0.106666,-1543.892578
0.238363,0.106666,-1542.848145
0.239658,0.105991,-1546.288086
0.237691,0.101797,-1543.726074
0.237691,0.101797,-1549.475708
0.237691,0.101797,-1544.762207
0.237662,0.104846,-1546.897705
0.237662,0.104846,-1547.517456
0.237662,0.104846,-1560.956055
0.237662,0.104846,-1543.749512
0.237662,0.104846,-1542.65332
0.237662,0.104846,-1552.443359
0.238056,0.111661,-1540.842407
0.238056,0.111661,-1544.900269
0.238056,0.111661,-1549.941406
0.240041,0.112976,-1548.278564
0.239509,0.112288,-1541.398315
0.239509,0.112288,-1542.031128
0.239509,0.112288,-1541.18457
0.242162,0.11156,-1544.951172
0.242162,0.11156,-1543.964355
0.239851,0.116517,-1544.101562
0.238606,0.112786,-1544.870361
0.23714,0.110996,-1549.091797
0.23714,0.110996,-1546.081299
0.236789,0.115067,-1549.606934
0.236789,0.115067,-1542.115723
0.236789,0.115067,-1538.452637
0.236789,0.115067,-1542.849731
0.236789,0.115067,-1539.882568
0.236789,0.115067,-1539.646118
0.236789,0.115067,-1541.232056
0.235698,0.117496,-1544.973633
0.235698,0.117496,-1551.350586
0.236684,0.117013,-1539.175903
0.236684,0.117013,-1545.544922
0.235585,0.115923,-1539.552124
0.235585,0.115923,-1543.066406
0.233255,0.113892,-1545.409668
0.233255,0.113892,-1543.580688
0.233255,0.113892,-1553.474365
0.233746,0.115249,-1546.537109
0.235718,0.113729,-1548.728271
0.235739,0.109976,-1539.7854
0.23594,0.110664,-1549.8479
0.23594,0.110664,-1546.239624
0.23594,0.110664,-1541.936646
0.236298,0.109275,-1547.567993
0.235503,0.105176,-1541.231445
0.235503,0.105176,-1546.885864
0.238532,0.098595,-1556.297607
0.238532,0.098595,-1550.044922
0.240642,0.097643,-1553.888428
0.242465,0.100505,-1551.022705
0.243428,0.100736,-1551.9823
0.243303,0.096694,-1552.855469
0.243303,0.096694,-1556.406616
0.244821,0.100156,-1549.967407
0.248096,0.101036,-1552.501221
0.249687,0.101906,-1552.815918
0.249687,0.101906,-1550.957886
0.24817,0.103129,-1548.707764
0.24817,0.103129,-1549.625
0.245995,0.102074,-1551.576416
0.247208,0.102571,-1549.691772
0.246979,0.101885,-1549.640869
0.248146,0.101766,-1553.689331
0.248146,0.101766,-1551.944214
0.248146,0.101766,-1550.168945
0.250155,0.105025,-1551.603882
0.251589,0.101859,-1551.983643
0.248988,0.101909,-1550.615479
0.248988,0.101909,-1550.390381
0.251206,0.105859,-1551.013672
0.251057,0.106051,-1550.726074
0.245891,0.110169,-1548.378418
0.245891,0.110169,-1545.607422
0.247062,0.111934,-1546.434204
0.245682,0.111279,-1546.298828
0.245904,0.108319,-1546.807129
0.244003,0.108364,-1545.956543
0.242642,0.108037,-1550.283691
0.241555,0.107183,-1545.865234
0.241555,0.107183,-1544.494629
0.239639,0.106724,-1545.028564
0.237218,0.105705,-1549.255615
0.235407,0.107318,-1544.294189
0.235407,0.107318,-1543.518066
0.235167,0.111015,-1541.100342
0.232524,0.105295,-1553.195068
0.232524,0.105295,-1555.963257
0.233856,0.105302,-1553.999756
0.233856,0.105302,-1545.928467
0.233856,0.105302,-1551.754395
0.233856,0.105302,-1552.817871
0.231416,0.107812,-1545.480225
0.23538,0.107545,-1557.591064
0.236709,0.107367,-1541.552979
0.23651,0.11391,-1545.531494
0.23651,0.11391,-1545.657104
0.23651,0.11391,-1540.156738
0.236999,0.113626,-1542.003418
0.235349,0.113929,-1553.841064
0.236386,0.11716,-1542.508667
0.236386,0.11716,-1545.625488
0.236386,0.11716,-1547.090698
0.235232,0.116338,-1538.013916
0.235232,0.116338,-1544.29126
0.236084,0.120539,-1543.843506
0.236447,0.12194,-1543.901367
0.236508,0.122217,-1542.647827
0.236508,0.122217,-1540.161133
0.236508,0.122217,-1538.896729
0.236508,0.122217,-1546.411011
0.236508,0.122217,-1537.722168
0.235578,0.128248,-1536.541504
0.233923,0.131351,-1545.134277
0.236458,0.13328,-1544.671143
0.236458,0.13328,-1543.756348
0.233799,0.130377,-1537.583496
0.233799,0.130377,-1550.041748
0.230192,0.132159,-1546.327148
0.233074,0.129249,-1540.923462
0.233074,0.129249,-1538.513672
0.233074,0.129249,-1536.439941
0.228992,0.125679,-1532.995361
0.228669,0.127969,-1541.65271
0.228669,0.127969,-1554.07959
0.227263,0.126918,-1544.075928
0.227108,0.129236,-1530.965332
0.227108,0.129236,-1545.68457
0.227108,0.129236,-1545.623535
0.226904,0.131289,-1544.890381
0.226904,0.131289,-1557.620728
0.226904,0.131289,-1553.447144
0.226904,0.131289,-1538.202759
0.226904,0.131289,-1550.631104
0.226904,0.131289,-1552.254272
0.226904,0.131289,-1543.628174
0.226904,0.131289,-1548.519775
0.228047,0.132462,-1550.873169
0.225575,0.129722,-1548.328613
0.226656,0.13231,-1539.271973
0.226656,0.13231,-1558.174316
0.228589,0.138086,-1532.860352
0.22874,0.140191,-1549.505981
0.22874,0.140191,-1534.44458
0.228362,0.142367,-1545.73999
0.225942,0.142061,-1553.318848
0.225942,0.142061,-1536.932251
0.226354,0.141902,-1550.869873
0.225991,0.137451,-1539.820923
0.225991,0.137451,-1542.869385
0.225991,0.137451,-1550.953735
0.225991,0.137451,-1542.499023
0.225991,0.137451,-1534.0896
0.225991,0.137451,-1541.890381
0.225991,0.137451,-1540.489014
0.225991,0.137451,-1544.162476
0.225991,0.137451,-1546.074463
0.225991,0.137451,-1539.233765
0.225991,0.137451,-1542.910645
0.226432,0.141219,-1542.242676
0.226432,0.141219,-1542.873291
0.226432,0.141219,-1541.302124
0.226432,0.141219,-1540.928223
0.226432,0.141219,-1548.845215
0.225851,0.136586,-1543.150146
0.227662,0.134697,-1540.946045
0.231552,0.139389,-1549.311035
0.231552,0.139389,-1539.407104
0.231552,0.139389,-1543.401367
0.2333,0.142884,-1537.923584
0.230136,0.142464,-1547.33252
0.230405,0.136219,-1555.349609
0.22943,0.136936,-1540.018188
0.231711,0.1381,-1538.944336
0.231711,0.1381,-1547.167847
0.233321,0.140673,-1540.713379
0.233321,0.140673,-1543.392944
0.236084,0.139144,-1540.026855
0.239236,0.135183,-1538.35498
0.239236,0.135183,-1542.68689
0.239236,0.135183,-1542.065796
0.239963,0.130721,-1542.565918
0.239963,0.130721,-1538.81958
0.239334,0.129942,-1542.996094
0.239334,0.129942,-1541.177734
0.237788,0.129279,-1543.851562
0.237788,0.129279,-1538.689941
0.238435,0.135149,-1539.493774
0.238435,0.135149,-1543.171631
0.238435,0.135149,-1539.690186
0.239632,0.137962,-1541.129639
0.239632,0.137962,-1539.032715
0.239903,0.139609,-1542.854248
0.241243,0.138761,-1539.114502
0.241243,0.138761,-1539.280518
0.241343,0.138428,-1539.603638
0.241343,0.138428,-1544.67981
0.239098,0.136928,-1545.187256
0.24045,0.136734,-1543.97583
0.24045,0.136734,-1539.692871
0.24045,0.136734,-1539.969971
0.241067,0.14111,-1542.823486
0.243769,0.141826,-1542.670898
0.244708,0.141335,-1542.183594
0.244708,0.141335,-1543.772949
0.242663,0.139124,-1540.885376
0.242663,0.139124,-1540.381104
0.242663,0.139124,-1543.598511
0.244295,0.137254,-1541.70166
0.242441,0.136098,-1544.24585
0.243365,0.131789,-1541.077881
0.243365,0.131789,-1540.471802
0.243365,0.131789,-1542.373047
0.238853,0.134646,-1541.998901
0.238853,0.134646,-1544.21582
0.24122,0.130841,-1543.952637
0.24122,0.130841,-1539.335327
0.24122,0.130841,-1539.721313
0.244314,0.13137,-1541.534424
0.244314,0.13137,-1541.520874
0.244314,0.13137,-1542.853027
0.244314,0.13137,-1542.911865
0.242655,0.132421,-1540.714111
0.246309,0.135648,-1545.044434
0.246417,0.138906,-1542.194702
0.248051,0.135531,-1543.743652
0.249909,0.136239,-1544.882324
0.249909,0.136239,-1545.332397
0.248031,0.135044,-1543.550049
0.248031,0.135044,-1543.274536
0.243834,0.131043,-1542.596924
0.244339,0.132612,-1541.448975
0.244339,0.132612,-1541.865967
0.240794,0.132701,-1542.30542
0.240794,0.132701,-1541.650391
0.241132,0.130888,-1541.381592
0.241132,0.130888,-1540.078857
0.241132,0.130888,-1544.621582
0.241132,0.130888,-1542.906494
0.241181,0.131247,-1540.669556
0.241181,0.131247,-1539.305664
0.236806,0.128445,-1541.350708
0.238694,0.129174,-1539.314209
0.236655,0.128665,-1543.761719
0.239347,0.130668,-1540.372681
0.239347,0.130668,-1550.076904
0.239347,0.130668,-1547.740845
0.241817,0.132756,-1544.68689
0.239662,0.132311,-1549.850464
0.239502,0.132663,-1541.027344
0.243651,0.133849,-1544.47168
0.243651,0.133849,-1540.82666
0.243651,0.133849,-1542.212891
0.243651,0.133849,-1541.17041
0.242805,0.131604,-1541.26416
0.241734,0.130999,-1540.828125
0.238794,0.133184,-1541.341675
0.238794,0.133184,-1546.498779
0.243625,0.135499,-1543.376221
0.243625,0.135499,-1545.099609
0.246733,0.133402,-1543.879395
0.247511,0.13301,-1544.04834
0.245628,0.134786,-1543.773682
0.249266,0.131867,-1544.243652
0.249266,0.131867,-1543.803223
0.249572,0.133265,-1544.961914
0.24977,0.131499,-1544.240479
0.246525,0.127952,-1543.060547
0.246525,0.127952,-1543.232422
0.246525,0.127952,-1543.616211
0.246525,0.127952,-1543.329834
0.242656,0.133137,-1543.971436
0.240878,0.134911,-1542.506348
0.238638,0.135096,-1537.967041
0.240949,0.135134,-1539.700439
0.244472,0.13742,-1541.648193
0.244472,0.13742,-1542.103027
0.2447,0.13561,-1542.401611
0.24387,0.134324,-1545.28418
0.245238,0.133217,-1542.39624
0.246259,0.132319,-1542.191895
0.245121,0.137964,-1542.251343
0.245121,0.137964,-1542.446533
0.24315,0.139644,-1541.202637
0.239744,0.141264,-1544.365723
0.239744,0.141264,-1543.047974
0.23775,0.140569,-1544.347656
0.23775,0.140569,-1540.296143
0.236685,0.138582,-1540.141235
0.236685,0.138582,-1541.856445
0.235542,0.140872,-1548.426392
0.235431,0.145027,-1545.829346
0.235431,0.145027,-1536.30542
0.235431,0.145027,-1546.550171
0.234965,0.14756,-1546.283447
0.230374,0.148685,-1547.017944
0.230374,0.148685,-1556.439209
0.22893,0.146629,-1539.894897
0.22893,0.146629,-1558.411743
0.227424,0.149288,-1533.748291
0.22639,0.150804,-1540.295166
0.22639,0.150804,-1543.072266
0.22639,0.150804,-1559.567993
0.22639,0.150804,-1553.380981
0.22639,0.150804,-1550.05542
0.22639,0.150804,-1552.293457
0.225902,0.151595,-1544.432129
0.226807,0.150534,-1544.55835
0.228065,0.148519,-1536.674805
0.228065,0.148519,-1547.873779
0.232592,0.143093,-1542.40979
0.236092,0.146162,-1543.827148
0.232888,0.145066,-1547.63916
0.232888,0.145066,-1540.275635
0.233703,0.145033,-1548.702148
0.233703,0.145033,-1545.855835
0.235164,0.140955,-1537.728638
0.230945,0.143632,-1533.943604
0.234456,0.145242,-1543.31958
0.234456,0.145242,-1543.431885
0.234456,0.145242,-1541.965576
0.233007,0.140996,-1534.540405
0.233007,0.140996,-1535.970947
0.233007,0.140996,-1547.79126
0.233007,0.140996,-1539.653076
0.231492,0.145331,-1543.685791
0.229291,0.148581,-1541.9021
0.229291,0.148581,-1548.08313
0.229301,0.146151,-1545.991455
0.231181,0.140298,-1546.860229
0.231181,0.140298,-1548.169312
0.232418,0.14066,-1541.782593
0.235317,0.136707,-1538.718384
0.235317,0.136707,-1545.134888
0.236034,0.137944,-1538.917236
0.236034,0.137944,-1541.910522
0.236891,0.133265,-1540.509644
0.236891,0.133265,-1538.865479
0.236684,0.130358,-1541.380615
0.236684,0.130358,-1540.402222
0.23777,0.132087,-1541.372192
0.24039,0.135245,-1545.21875
0.240255,0.137693,-1541.143799
0.2384,0.137944,-1540.448608
0.2384,0.137944,-1537.517212
0.2384,0.137944,-1540.325195
0.2384,0.137944,-1542.889893
0.2384,0.137944,-1537.266113
0.2384,0.137944,-1545.39856
0.2384,0.137944,-1540.366821
0.239116,0.138693,-1542.147827
0.239116,0.138693,-1546.549316
0.239295,0.139555,-1544.294189
0.239295,0.139555,-1541.359619
0.240356,0.138266,-1541.48291
0.242227,0.140494,-1544.683838
0.244665,0.142953,-1544.030151
0.244665,0.142953,-1544.75708
0.244665,0.142953,-1544.897827
0.244665,0.142953,-1542.447266
0.244036,0.140083,-1541.09436
0.243623,0.138529,-1544.062378
0.246276,0.132253,-1542.704102
0.246276,0.132253,-1542.89502
0.245182,0.131517,-1541.183594
0.246054,0.13146,-1544.149414
0.246098,0.131957,-1544.161377
0.246098,0.131957,-1543.107666
0.243377,0.129622,-1540.272461
0.244386,0.1321,-1546.317871
0.24244,0.130428,-1540.786255
0.24244,0.130428,-1539.522461
0.243053,0.127645,-1539.969971
0.243053,0.127645,-1543.35498
0.24474,0.12912,-1546.233154
0.24474,0.12912,-1543.617432
0.244954,0.131193,-1544.505615
0.245132,0.135564,-1541.591919
0.247086,0.136483,-1543.108032
0.247086,0.136483,-1543.265503
0.247896,0.13729,-1542.168457
0.244576,0.141848,-1542.311035
0.245173,0.143903,-1545.178833
0.244484,0.145499,-1541.991211
0.242137,0.148172,-1541.669556
0.242137,0.148172,-1542.209351
0.243196,0.149694,-1542.936279
0.24553,0.145696,-1542.786743
0.243281,0.140876,-1543.215942
0.243281,0.140876,-1542.0354
0.241215,0.139811,-1539.088257
0.241215,0.139811,-1543.178955
0.242269,0.143075,-1545.575806
0.245521,0.138676,-1542.983154
0.245001,0.139211,-1542.805908
0.245074,0.139358,-1542.436279
0.245074,0.139358,-1541.955811
0.247775,0.142553,-1547.045898
0.243989,0.142713,-1543.667236
0.243989,0.142713,-1542.011108
0.244442,0.142533,-1543.188843
0.244442,0.142533,-1545.085938
0.248436,0.143094,-1544.969238
0.243548,0.149442,-1542.710815
0.243159,0.149733,-1542.761475
0.244478,0.147053,-1544.094482
0.244478,0.147053,-1546.130737
0.239926,0.148009,-1541.215698
0.239926,0.148009,-1541.253662
0.239926,0.148009,-1539.831177
0.240246,0.148639,-1540.153198
0.243236,0.150561,-1544.57959
0.243236,0.150561,-1548.78125
0.243236,0.150561,-1543.522095
0.243236,0.150561,-1543.44165
0.242833,0.151551,-1542.350586
0.242833,0.151551,-1544.149414
0.242833,0.151551,-1543.131592
0.242671,0.154467,-1543.009766
0.24638,0.153907,-1545.588257
0.24638,0.153907,-1544.700684
0.24638,0.153907,-1544.577271
0.24638,0.153907,-1545.138794
0.24638,0.153907,-1545.699707
0.245098,0.148603,-1545.119629
0.244131,0.14964,-1542.661621
0.244131,0.14964,-1546.826904
0.244131,0.14964,-1543.14209
0.244532,0.146945,-1542.285522
0.244532,0.146945,-1543.970703
0.243747,0.148438,-1545.57959
0.241717,0.15067,-1544.2854
0.243336,0.154505,-1545.991089
0.242364,0.154063,-1544.724609
0.242364,0.154063,-1544.659912
0.242364,0.154063,-1543.247192
0.242364,0.154063,-1542.937256
0.239145,0.156537,-1541.900513
0.239166,0.157852,-1543.549561
0.242024,0.155609,-1545.511719
0.242024,0.155609,-1548.358398
0.241609,0.158163,-1545.485352
0.238643,0.154863,-1545.9021
0.242444,0.14929,-1545.543335
0.242444,0.14929,-1542.184814
0.242388,0.153822,-1542.769775
0.240452,0.156618,-1546.079834
0.240452,0.156618,-1543.87146
0.240452,0.156618,-1542.233032
0.240452,0.156618,-1543.644775
0.240452,0.156618,-1547.289307
0.242692,0.153378,-1543.21875
0.242692,0.153378,-1548.074707
0.240839,0.154751,-1542.005127
0.238425,0.152133,-1541.453003
0.239388,0.148808,-1548.947021
0.239388,0.148808,-1541.728027
0.237834,0.147747,-1541.681885
0.239285,0.145719,-1543.709839
0.237383,0.152733,-1541.428833
0.237383,0.152733,-1542.509155
0.237383,0.152733,-1539.000488
0.23791,0.157733,-1543.249512
0.234767,0.15656,-1538.135254
0.234767,0.15656,-1544.287598
0.233426,0.157275,-1540.893066
0.232721,0.158127,-1548.146973
0.232721,0.158127,-1539.181274
0.234162,0.157835,-1545.782227
0.229002,0.158963,-1554.374756
0.229459,0.159414,-1551.971924
0.229459,0.159414,-1546.02417
0.230808,0.158435,-1545.752197
0.230808,0.158435,-1543.009521
0.230808,0.158435,-1543.783691
0.230808,0.158435,-1543.866821
0.229702,0.161644,-1551.726074
0.229702,0.161644,-1542.334229
0.227456,0.164435,-1541.302246
0.223631,0.158448,-1549.429443
0.223631,0.158448,-1552.232788
0.223631,0.158448,-1552.075317
0.223631,0.158448,-1545.039185
0.223631,0.158448,-1543.437256
0.223631,0.158448,-1552.883423
0.223631,0.158448,-1550.34021
0.223789,0.157786,-1538.463867
0.223789,0.157786,-1556.290039
0.222678,0.157678,-1562.476562
0.22016,0.157747,-1551.382324
0.219781,0.157645,-1564.290527
0.219781,0.157645,-1541.615234
0.219781,0.157645,-1537.714111
0.219781,0.157645,-1558.78772
0.219781,0.157645,-1563.741211
0.215414,0.158915,-1564.796753
0.215414,0.158915,-1557.546509
0.215831,0.157994,-1565.177979
0.216439,0.160462,-1568.125366
0.214833,0.158428,-1558.401489
0.214833,0.158428,-1555.061035
0.213161,0.161303,-1555.87439
0.21564,0.159384,-1564.968506
0.21564,0.159384,-1544.893921
0.215981,0.160555,-1575.262207
0.215981,0.160555,-1546.669678
0.215981,0.160555,-1542.156494
0.215981,0.160555,-1560.947388
0.215981,0.160555,-1560.947144
0.215981,0.160555,-1563.142334
0.213356,0.157032,-1558.894287
0.209826,0.156846,-1561.90918
0.209826,0.156846,-1572.304321
0.210314,0.158818,-1580.654419
0.211272,0.157353,-1571.318848
0.211426,0.154136,-1557.525513
0.212484,0.157346,-1544.654297
0.212588,0.156995,-1561.186768
0.212588,0.156995,-1546.764404
0.21206,0.157147,-1566.458496
0.213704,0.15865,-1558.407227
0.211898,0.162333,-1571.82666
0.211898,0.162333,-1565.692993
0.211898,0.162333,-1568.409668
0.208916,0.164471,-1573.012939
0.209532,0.169591,-1574.306152
0.209532,0.169591,-1567.050049
0.209532,0.169591,-1560.038696
0.212823,0.170604,-1574.324463
0.212823,0.170604,-1555.786865
0.212823,0.170604,-1547.681763
0.212238,0.174271,-1556.966187
0.212121,0.174764,-1570.924561
0.212121,0.174764,-1560.94812
0.211762,0.171403,-1550.301025
0.212568,0.173473,-1572.848389
0.21174,0.174707,-1576.239746
0.212815,0.180581,-1571.246094
0.211185,0.183468,-1566.913818
0.211185,0.183468,-1576.617676
0.211185,0.183468,-1568.325806
0.214197,0.185235,-1577.998047
0.214225,0.183319,-1574.375
0.213336,0.184744,-1566.056885
0.213336,0.184744,-1579.188599
0.209267,0.189148,-1573.403076
0.209267,0.189148,-1571.947021
0.2087,0.182461,-1564.696289
0.2087,0.182461,-1558.103516
0.2087,0.182461,-1571.322021
0.2087,0.182461,-1565.648193
0.21031,0.18162,-1579.576172
0.209115,0.17935,-1567.156494
0.209115,0.17935,-1560.068848
0.209115,0.17935,-1567.292236
0.209115,0.17935,-1576.671143
0.208117,0.176701,-1567.625488
0.209613,0.177887,-1583.653076
0.208819,0.174709,-1566.43335
0.208282,0.174048,-1588.840576
0.208282,0.174048,-1553.479736
0.209255,0.172804,-1573.081543
0.210539,0.165686,-1557.19165
0.212256,0.162098,-1561.666748
0.215935,0.164485,-1566.668579
0.215558,0.162274,-1555.705078
0.218885,0.159872,-1567.612915
0.219139,0.160068,-1547.072876
0.218325,0.158294,-1551.600586
0.220511,0.16302,-1557.694092
0.218795,0.158934,-1566.84436
0.217579,0.159525,-1548.535645
0.216137,0.157249,-1557.878906
0.216137,0.157249,-1567.373535
0.215168,0.158829,-1540.32373
0.215168,0.158829,-1566.463379
0.217,0.164592,-1552.282471
0.217691,0.165446,-1554.282471
0.217691,0.165446,-1537.719971
0.217701,0.166199,-1548.97583
0.217348,0.159916,-1558.733643
0.217348,0.159916,-1572.609131
0.218679,0.160607,-1556.038086
0.221226,0.161732,-1557.472656
0.221226,0.161732,-1563.520752
0.221226,0.161732,-1549.239868
0.22077,0.162367,-1557.607056
0.218463,0.164016,-1552.187012
0.216415,0.160557,-1565.690186
0.216415,0.160557,-1566.548096
0.220122,0.158019,-1553.626831
0.219029,0.1576,-1561.574707
0.219009,0.158032,-1551.46521
0.219009,0.158032,-1562.772949
0.219818,0.158406,-1552.849854
0.218916,0.158847,-1547.474121
0.22346,0.156472,-1556.730225
0.220012,0.156322,-1542.840942
0.219822,0.156006,-1566.804321
0.219822,0.156006,-1540.843506
0.220561,0.15573,-1546.643555
0.220113,0.155484,-1538.820312
0.220113,0.155484,-1533.045166
0.220113,0.155484,-1550.686279
0.220113,0.155484,-1554.280029
0.220113,0.155484,-1545.570068
0.220113,0.155484,-1557.484009
0.220113,0.155484,-1559.883179
0.219378,0.155968,-1553.177734
0.219378,0.155968,-1535.733887
0.219378,0.155968,-1534.737427
0.219378,0.155968,-1551.563843
0.219378,0.155968,-1551.507812
0.219378,0.155968,-1549.456177
0.219378,0.155968,-1544.109253
0.217019,0.159842,-1553.165771
0.217019,0.159842,-1565.539673
0.217019,0.159842,-1556.188599
0.217112,0.159277,-1548.397339
0.217112,0.159277,-1557.802246
0.217112,0.159277,-1556.712891
0.213531,0.159682,-1566.456543
0.212884,0.16327,-1567.55249
0.212884,0.16327,-1572.776001
0.212884,0.16327,-1574.385376
0.212884,0.16327,-1561.82959
0.212884,0.16327,-1565.468872
0.212884,0.16327,-1546.971924
0.214644,0.162259,-1547.200562
0.21352,0.155585,-1573.296875
0.212358,0.153933,-1557.764648
0.216579,0.152864,-1548.399658
0.21674,0.15336,-1571.902344
0.213907,0.153891,-1554.639893
0.21585,0.149779,-1561.176636
0.215814,0.155025,-1570.797119
0.215814,0.155025,-1553.606812
0.215814,0.155025,-1553.80542
0.215814,0.155025,-1560.333862
0.215814,0.155025,-1555.866089
0.215965,0.156782,-1563.503174
0.218709,0.158239,-1559.615112
0.218709,0.158239,-1570.608643
0.219339,0.162534,-1540.87146
0.219385,0.163641,-1563.229248
0.219385,0.163641,-1540.501099
0.217885,0.162113,-1561.433105
0.219392,0.163148,-1561.718506
0.219392,0.163148,-1558.749756
0.219392,0.163148,-1546.491821
0.221914,0.161261,-1558.516724
0.230165,0.159202,-1549.262695
0.230333,0.159572,-1536.123901
0.230333,0.159572,-1556.114014
0.234855,0.158208,-1539.180908
0.232686,0.157083,-1540.030518
0.232686,0.157083,-1537.099487
0.232686,0.157083,-1548.938721
0.232686,0.157083,-1537.507935
0.232686,0.157083,-1547.463623
0.232686,0.157083,-1542.187744
0.233638,0.158444,-1550.238281
0.233638,0.158444,-1537.882568
0.233638,0.158444,-1543.638428
0.230915,0.157952,-1547.031494
0.229501,0.161392,-1549.096436
0.229501,0.161392,-1550.257935
0.229501,0.161392,-1548.712646
0.231173,0.164583,-1551.424072
0.231661,0.167756,-1541.771973
0.231101,0.166656,-1552.846436
0.233564,0.167588,-1553.623657
0.233564,0.167588,-1548.436768
0.233564,0.167588,-1549.480713
0.233564,0.167588,-1544.809082
0.233564,0.167588,-1550.918945
0.233564,0.167588,-1547.28186
0.233564,0.167588,-1546.751099
0.233564,0.167588,-1544.920044
0.233564,0.167588,-1542.009888
0.23666,0.166785,-1543.904907
0.23666,0.166785,-1550.394653
0.23673,0.16467,-1545.035889
0.23673,0.16467,-1546.46167
0.23673,0.16467,-1547.779053
0.236994,0.158392,-1540.473145
0.236994,0.158392,-1540.628906
0.2385,0.157623,-1545.635498
0.23674,0.158906,-1548.715332
0.237109,0.161759,-1541.463135
0.239306,0.155484,-1545.323364
0.239306,0.155484,-1541.753906
0.241022,0.157348,-1542.56311
0.244578,0.158441,-1544.308105
0.244578,0.158441,-1546.299316
0.243441,0.159297,-1546.324341
0.244505,0.158648,-1545.074097
0.242289,0.158162,-1543.622803
0.242911,0.15837,-1544.832153
0.242911,0.15837,-1543.88562
0.243938,0.156815,-1544.231201
0.243938,0.156815,-1549.422119
0.243685,0.155444,-1544.163818
0.241178,0.157425,-1545.718994
0.241178,0.157425,-1543.472168
0.241178,0.157425,-1546.26123
0.241178,0.157425,-1544.175537
0.243246,0.159796,-1545.964111
0.246814,0.165925,-1549.39624
0.247699,0.166792,-1549.782715
0.249142,0.168155,-1550.973511
0.249325,0.161997,-1549.430176
0.249325,0.161997,-1548.690186
0.246393,0.16585,-1549.039062
0.245881,0.167772,-1549.852783
0.245881,0.167772,-1548.718262
0.245816,0.164162,-1548.049927
0.243574,0.167808,-1547.832275
0.242305,0.167794,-1549.610596
0.244052,0.167732,-1547.989868
0.244052,0.167732,-1552.486084
0.24301,0.168399,-1549.432495
0.239716,0.167373,-1547.843994
0.239716,0.167373,-1544.821533
0.241683,0.175338,-1555.721924
0.241683,0.175338,-1549.259033
0.243379,0.179412,-1552.381592
0.241227,0.176959,-1553.622192
0.241115,0.176023,-1552.383301
0.241115,0.176023,-1549.001709
0.241115,0.176023,-1549.404907
0.23903,0.176414,-1551.513428
0.23816,0.174306,-1551.080811
0.23816,0.174306,-1546.302002
0.235425,0.16741,-1550.631226
0.236525,0.170098,-1550.375977
0.234444,0.168754,-1546.902344
0.23564,0.172569,-1552.391846
0.23564,0.172569,-1547.863281
0.23682,0.176721,-1547.009766
0.23682,0.176721,-1548.337036
0.23682,0.176721,-1548.405884
0.236606,0.177541,-1554.647461
0.236606,0.177541,-1554.63208
0.235868,0.176572,-1551.676636
0.234336,0.173353,-1545.130859
0.229911,0.174989,-1547.29834
0.229911,0.174989,-1547.992798
0.229911,0.174989,-1542.797974
0.23071,0.177185,-1552.888184
0.229628,0.173339,-1548.927124
0.229628,0.173339,-1547.340088
0.229768,0.171777,-1546.467773
0.229768,0.171777,-1542.06665
0.229768,0.171777,-1549.432617
0.229768,0.171777,-1541.909912
0.231064,0.16829,-1544.875488
0.226831,0.168664,-1542.934204
0.223553,0.165767,-1551.372803
0.22196,0.166928,-1554.646851
0.22196,0.166928,-1533.44104
0.225393,0.166774,-1549.337158
0.225393,0.166774,-1547.538086
0.225393,0.166774,-1550.140137
0.224218,0.172388,-1558.12793
0.224218,0.172388,-1552.197632
0.224218,0.172388,-1566.915039
0.223921,0.175121,-1560.63623
0.223921,0.175121,-1547.004395
0.224392,0.17646,-1546.188477
0.224392,0.17646,-1547.660278
0.227548,0.172165,-1553.210205
0.227548,0.172165,-1550.488525
0.230419,0.170077,-1542.47998
0.228454,0.169741,-1563.277832
0.228454,0.169741,-1555.952393
0.228454,0.169741,-1542.047485
0.228454,0.169741,-1548.015259
0.228454,0.169741,-1557.677246
0.228454,0.169741,-1562.366211
0.227934,0.167699,-1542.790771
0.229951,0.163917,-1549.555542
0.229951,0.163917,-1551.139404
0.229951,0.163917,-1540.962158
0.229951,0.163917,-1556.263306
0.225507,0.165594,-1546.149658
0.223911,0.164241,-1540.236328
0.224691,0.164129,-1548.432739
0.224691,0.164129,-1540.323486
0.224691,0.164129,-1555.090088
0.224554,0.160302,-1547.909912
0.223366,0.163361,-1548.00293
0.223366,0.163361,-1557.115479
0.220099,0.155292,-1538.666626
0.220099,0.155292,-1528.396484
0.220654,0.154001,-1555.616089
0.220654,0.154001,-1548.476562
0.217899,0.150412,-1541.439697
0.218361,0.152569,-1551.335327
0.218361,0.152569,-1564.918091
0.218361,0.152569,-1543.16687
0.219903,0.15354,-1550.476074
0.217286,0.155232,-1540.456543
0.216609,0.153342,-1551.924316
0.216414,0.153519,-1568.81543
0.216414,0.153519,-1554.563599
0.216414,0.153519,-1560.936279
0.216414,0.153519,-1543.684692
0.216414,0.153519,-1553.044312
0.216414,0.153519,-1566.098633
0.216414,0.153519,-1551.826904
0.214504,0.15759,-1554.630737
0.216617,0.158368,-1564.927734
0.216082,0.159241,-1547.407593
0.216082,0.159241,-1561.883179
0.214505,0.155704,-1557.531006
0.211821,0.153889,-1569.346436
0.211671,0.153829,-1560.215332
0.211671,0.153829,-1559.367798
0.211991,0.153381,-1567.15979
0.210951,0.155575,-1569.001709
0.210917,0.156041,-1543.115112
0.208069,0.158744,-1549.938721
0.208069,0.158744,-1562.713013
0.208069,0.158744,-1566.255127
0.207956,0.159784,-1577.28418
0.207956,0.159784,-1565.121582
0.207956,0.159784,-1557.623779
0.20741,0.158711,-1562.185791
0.20741,0.158711,-1578.169434
0.20741,0.158711,-1552.667236
0.206724,0.158736,-1564.296875
0.206438,0.156596,-1583.053467
0.209813,0.155482,-1578.19165
0.208687,0.155334,-1558.460205
0.208733,0.152561,-1567.072266
0.209654,0.152243,-1557.315918
0.209348,0.144361,-1551.778809
0.209348,0.144361,-1558.944824
0.209348,0.144361,-1566.671875
0.209348,0.144361,-1553.647583
0.209348,0.144361,-1549.615479
0.208987,0.145999,-1578.246338
0.210535,0.147182,-1557.359619
0.210222,0.150434,-1553.684448
0.208363,0.148753,-1549.383179
0.207996,0.146499,-1566.7146
0.20799,0.139488,-1547.619995
0.20799,0.139488,-1555.866455
0.205434,0.140168,-1573.240967
0.205434,0.140168,-1580.502197
0.205434,0.140168,-1562.070557
0.205434,0.140168,-1571.890869
0.205718,0.13915,-1563.964966
0.205718,0.13915,-1580.055664
0.20482,0.14118,-1579.76123
0.20482,0.14118,-1582.505615
0.20482,0.14118,-1583.747559
0.203808,0.143492,-1562.134033
0.203021,0.138218,-1580.582031
0.203837,0.138496,-1579.56543
0.203837,0.138496,-1551.315552
0.204173,0.137916,-1578.856934
0.204173,0.137916,-1580.135986
0.206419,0.139166,-1579.353516
0.206419,0.139166,-1550.290039
0.206748,0.139404,-1588.408936
0.203687,0.142738,-1586.900146
0.204177,0.145187,-1560.26416
0.205525,0.150769,-1580.586914
0.205525,0.150769,-1566.010498
0.203345,0.156521,-1578.137451
0.205407,0.160482,-1587.519897
0.200407,0.16464,-1584.465088
0.197445,0.158268,-1587.714722
0.197445,0.158268,-1587.966675
0.197445,0.158268,-1578.883301
0.197281,0.159638,-1590.145752
0.197281,0.159638,-1585.662842
0.197281,0.159638,-1575.647217
0.194312,0.156502,-1609.099609
0.194312,0.156502,-1582.361084
0.192434,0.152786,-1574.137939
0.19661,0.152158,-1563.320557
0.194356,0.158093,-1602.661377
0.194356,0.158093,-1585.53125
0.194356,0.158093,-1577.561279
0.194356,0.158093,-1615.488892
0.192095,0.157609,-1615.880371
0.19091,0.154031,-1600.896484
0.190067,0.156611,-1609.478516
0.19013,0.15396,-1589.844849
0.189849,0.158436,-1593.369751
0.193108,0.157154,-1619.362061
0.193152,0.155678,-1565.921875
0.193152,0.155678,-1578.243164
0.193152,0.155678,-1601.060303
0.19251,0.155347,-1581.903809
0.189263,0.157933,-1589.260254
0.189263,0.157933,-1586.249512
0.192907,0.15577,-1589.856445
0.192907,0.15577,-1579.111572
0.192404,0.156832,-1603.14917
0.192572,0.156066,-1581.556152
0.192572,0.156066,-1612.609131
0.192572,0.156066,-1595.82666
0.192572,0.156066,-1596.127686
0.196051,0.162332,-1589.806274
0.195839,0.162386,-1576.020752
0.197105,0.161655,-1590.994385
0.197105,0.161655,-1608.373169
0.198883,0.161659,-1580.960938
0.198883,0.161659,-1585.179932
0.19796,0.158728,-1585.087524
0.19796,0.158728,-1572.755371
0.19796,0.158728,-1592.349121
0.199641,0.159436,-1584.09375
0.199641,0.159436,-1575.562256
0.199436,0.156446,-1589.235229
0.201794,0.156608,-1576.086914
0.201794,0.156608,-1573.872925
0.205399,0.158985,-1588.27832
0.203572,0.16513,-1572.705811
0.202522,0.166684,-1574.453613
0.202522,0.166684,-1568.904663
0.202522,0.166684,-1590.628662
0.202522,0.166684,-1573.805054
0.202522,0.166684,-1571.535889
0.203978,0.166975,-1582.855469
0.2052,0.166503,-1560.262695
0.202541,0.163121,-1556.10498
0.202541,0.163121,-1561.450073
0.202325,0.163221,-1576.280884
0.202325,0.163221,-1573.551636
0.200039,0.161915,-1582.489624
0.200039,0.161915,-1581.923584
0.200039,0.161915,-1576.036133
0.199774,0.169373,-1587.347168
0.199774,0.169373,-1575.077637
0.199774,0.169373,-1588.423706
0.196718,0.16367,-1587.633301
0.196804,0.162111,-1576.002197
0.198886,0.165875,-1593.037109
0.198886,0.165875,-1585.026611
0.198886,0.165875,-1599.097412
0.198886,0.165875,-1561.982422
0.201486,0.168074,-1582.877686
0.201486,0.168074,-1588.195312
0.199398,0.167561,-1578.840454
0.200296,0.16901,-1591.716064
0.201568,0.168724,-1589.427612
0.201568,0.168724,-1582.856934
0.203331,0.170899,-1575.109131
0.203331,0.170899,-1554.194824
0.203331,0.170899,-1591.632324
0.204976,0.172004,-1578.593994
0.207046,0.169684,-1578.603394
0.207046,0.169684,-1573.506348
0.207046,0.169684,-1563.540283
0.205528,0.16927,-1582.876465
0.205528,0.16927,-1567.208618
0.202605,0.17581,-1584.154907
0.202605,0.17581,-1581.233398
0.202605,0.17581,-1577.581787
0.200845,0.176239,-1574.431152
0.202019,0.178233,-1576.230225
0.203954,0.179479,-1590.733887
0.203954,0.179479,-1601.157715
0.203954,0.179479,-1592.016235
0.204777,0.176279,-1575.683105
0.209663,0.176025,-1569.869507
0.209663,0.176025,-1581.287231
0.209663,0.176025,-1565.062012
0.211431,0.175257,-1564.706299
0.212154,0.173205,-1566.707153
0.211411,0.174501,-1551.97644
0.211411,0.174501,-1558.302979
0.211511,0.178713,-1555.932861
0.211511,0.178713,-1573.563965
0.21232,0.184551,-1584.605469
0.21232,0.184551,-1560.63208
0.212812,0.188556,-1561.691406
0.212812,0.188556,-1573.532349
0.214743,0.190507,-1570.486694
0.214743,0.190507,-1572.80542
0.215246,0.188645,-1575.697998
0.215246,0.188645,-1569.782227
0.216015,0.191738,-1585.268311
0.211697,0.195104,-1560.901855
0.211697,0.195104,-1577.746338
0.209175,0.197109,-1581.486816
0.209175,0.197109,-1573.866211
0.209175,0.197109,-1578.783325
0.208129,0.194134,-1569.993896
0.208183,0.196458,-1590.228271
0.208183,0.196458,-1573.417236
0.209022,0.191074,-1584.11792
0.209022,0.191074,-1583.698242
0.206488,0.188366,-1568.769287
0.206488,0.188366,-1563.110962
0.202489,0.187219,-1591.163818
0.207543,0.186241,-1581.548096
0.207543,0.186241,-1589.455566
0.20925,0.183189,-1577.29834
0.209024,0.180504,-1570.054688
0.209024,0.180504,-1554.080566
0.204652,0.186704,-1584.693359
0.204755,0.186457,-1581.971191
0.204755,0.186457,-1581.531982
0.204755,0.186457,-1590.062256
0.204755,0.186457,-1562.465088
0.204755,0.186457,-1584.768311
0.204755,0.186457,-1570.585938
0.204755,0.186457,-1573.623413
0.205088,0.187015,-1591.623779
0.205088,0.187015,-1576.377563
0.205088,0.187015,-1583.135986
0.206175,0.186837,-1565.129517
0.206175,0.186837,-1583.943237
0.20712,0.193238,-1557.58374
0.208676,0.190811,-1594.094238
0.205729,0.195872,-1589.607056
0.200868,0.199201,-1580.266846
0.200995,0.20427,-1607.531494
0.200995,0.20427,-1595.533203
0.200995,0.20427,-1600.477173
0.198431,0.207329,-1617.543945
0.198763,0.20723,-1597.038818
0.198763,0.20723,-1594.074097
0.199077,0.207537,-1591.654541
0.199077,0.207537,-1596.266357
0.199077,0.207537,-1571.272461
0.200106,0.20899,-1605.790771
0.200491,0.209693,-1606.862793
0.200549,0.207342,-1604.273438
0.197231,0.20887,-1578.469238
0.198616,0.208427,-1600.881592
0.198702,0.206359,-1591.908569
0.198702,0.206359,-1595.896362
0.197137,0.208651,-1595.447632
0.197137,0.208651,-1589.531006
0.197137,0.208651,-1596.179443
0.196819,0.209889,-1596.355713
0.196819,0.209889,-1591.261963
0.196819,0.209889,-1609.920898
0.197699,0.21217,-1587.087769
0.197699,0.21217,-1601.074341
0.197295,0.212106,-1583.883301
0.197295,0.212106,-1598.165039
0.198374,0.211507,-1595.038574
0.198374,0.211507,-1601.518555
0.198996,0.208075,-1591.384766
0.199163,0.209596,-1601.013916
0.196259,0.209715,-1602.331055
0.196259,0.209715,-1610.781982
0.196259,0.209715,-1615.754761
0.196259,0.209715,-1603.364014
0.196259,0.209715,-1594.599609
0.194549,0.212365,-1617.561157
0.195495,0.217896,-1603.521729
0.194937,0.216519,-1591.288086
0.195942,0.216918,-1625.685059
0.198608,0.216691,-1603.312378
0.198608,0.216691,-1589.215698
0.198608,0.216691,-1587.668091
0.198608,0.216691,-1608.537842
0.199671,0.217578,-1615.997314
0.199671,0.217578,-1610.106567
0.199671,0.217578,-1609.690186
0.199671,0.217578,-1600.282104
0.196299,0.216374,-1619.547852
0.193212,0.209326,-1595.331787
0.190325,0.208776,-1617.526855
0.190325,0.208776,-1622.692627
0.190325,0.208776,-1620.989014
0.190846,0.207143,-1605.221069
0.193125,0.205826,-1603.5
0.190219,0.209525,-1615.654663
0.190219,0.209525,-1635.240967
0.190219,0.209525,-1608.003296
0.192361,0.20752,-1619.428833
0.192361,0.20752,-1607.763916
0.188286,0.20937,-1639.539307
0.187881,0.205835,-1624.033691
0.189116,0.206467,-1613.608154
0.189116,0.206467,-1598.425415
0.189915,0.209227,-1624.355713
0.189869,0.209413,-1588.723633
0.189869,0.209413,-1624.031982
0.187692,0.204196,-1624.152832
0.187692,0.204196,-1612.309692
0.187692,0.204196,-1602.953003
0.186952,0.204038,-1621.08374
0.186162,0.208301,-1627.783691
0.181727,0.209258,-1635.166016
0.18132,0.210896,-1643.280029
0.181543,0.212189,-1606.471436
0.183459,0.210949,-1647.700439
0.183629,0.214752,-1635.16333
0.186014,0.214899,-1620.956177
0.186014,0.214899,-1639.069092
0.18694,0.214885,-1622.808594
0.18694,0.214885,-1594.036865
0.186981,0.21987,-1628.882324
0.186731,0.218486,-1625.518311
0.186731,0.218486,-1643.962646
0.188651,0.222452,-1628.131836
0.188651,0.222452,-1626.517578
0.188651,0.222452,-1627.617554
0.188651,0.222452,-1614.964844
0.191526,0.222819,-1590.369995
0.189902,0.224746,-1616.638672
0.190318,0.219867,-1614.873291
0.190318,0.219867,-1642.62207
0.192605,0.217013,-1616.493652
0.195184,0.222198,-1617.952148
0.197356,0.221152,-1614.899292
0.197356,0.221152,-1607.160767
0.199527,0.219848,-1601.161499
0.19934,0.221814,-1576.22937
0.201216,0.222195,-1609.048584
0.201216,0.222195,-1583.021362
0.203806,0.221876,-1600.049194
0.207021,0.218382,-1601.229004
0.207021,0.218382,-1589.762451
0.207021,0.218382,-1594.872559
0.205084,0.217214,-1600.575928
0.205589,0.213222,-1591.553711
0.206432,0.219374,-1601.39502
0.205077,0.231579,-1607.220581
0.206191,0.230246,-1598.712524
0.205762,0.228534,-1589.726685
0.205762,0.228534,-1610.149902
0.205762,0.228534,-1587.108154
0.205762,0.228534,-1577.129272
0.206149,0.230047,-1597.783936
0.205523,0.225729,-1600.720459
0.208529,0.226838,-1593.013062
0.20755,0.227988,-1587.517944
0.205582,0.227575,-1597.973877
0.205582,0.227575,-1581.346924
0.205283,0.225322,-1601.860352
0.205283,0.225322,-1588.573242
0.203525,0.222508,-1601.37915
0.203525,0.222508,-1588.005615
0.203525,0.222508,-1608.453857
0.206176,0.221946,-1606.084229
0.206176,0.221946,-1590.236084
0.206821,0.224468,-1596.363892
0.206419,0.225312,-1600.101562
0.206419,0.225312,-1595.059204
0.20705,0.229813,-1606.518799
0.20705,0.229813,-1605.262085
0.20705,0.229813,-1604.274292
0.20705,0.229813,-1587.477051
0.20705,0.229813,-1570.724121
0.20705,0.229813,-1617.331909
0.206779,0.226803,-1591.577881
0.210367,0.224907,-1589.210205
0.211235,0.223897,-1608.379883
0.211235,0.223897,-1585.96167
0.211235,0.223897,-1595.066162
0.213995,0.227223,-1594.324951
0.213995,0.227223,-1571.938599
0.213995,0.227223,-1590.12915
0.212654,0.229301,-1591.214111
0.212654,0.229301,-1593.21167
0.213582,0.229552,-1585.046631
0.213704,0.230985,-1593.511719
0.213704,0.230985,-1590.880615
0.213887,0.229248,-1583.010986
0.213887,0.229248,-1589.880859
0.214059,0.226431,-1589.438965
0.216045,0.224891,-1595.956787
0.218216,0.225403,-1575.345215
0.22187,0.22409,-1571.889038
0.22187,0.22409,-1587.197632
0.221953,0.223925,-1584.197754
0.224288,0.223017,-1584.068359
0.224932,0.222316,-1577.764404
0.224273,0.223121,-1564.251343
0.224273,0.223121,-1571.699463
0.22432,0.220165,-1572.734375
0.22432,0.220165,-1562.257812
0.22432,0.220165,-1569.604614
0.22432,0.220165,-1578.265259
0.227726,0.219386,-1571.435059
0.227306,0.216823,-1575.123291
0.226208,0.219718,-1572.224609
0.225373,0.220538,-1581.391357
0.226721,0.219566,-1573.280762
0.226306,0.220989,-1574.55835
0.22795,0.222854,-1573.92627
0.22795,0.222854,-1579.202759
0.226399,0.222387,-1579.257568
0.227794,0.222169,-1565.289551
0.227794,0.222169,-1571.693604
0.22993,0.219636,-1566.450928
0.22993,0.219636,-1574.469971
0.227117,0.218942,-1575.491211
0.227117,0.218942,-1578.626709
0.227117,0.218942,-1576.449951
0.22691,0.221074,-1578.270752
0.22691,0.221074,-1575.858154
0.22691,0.221074,-1563.951416
0.224464,0.220464,-1570.576294
0.224464,0.220464,-1574.81958
0.224464,0.220464,-1562.85083
0.224464,0.220464,-1581.308838
0.22705,0.216461,-1567.557861
0.224674,0.216579,-1574.585571
0.226081,0.221751,-1582.011475
0.226081,0.221751,-1571.296875
0.225803,0.224992,-1563.459717
0.225803,0.224992,-1569.98877
0.223115,0.221636,-1574.434448
0.223115,0.221636,-1586.072998
0.220959,0.220449,-1572.921875
0.220959,0.220449,-1588.22583
0.220959,0.220449,-1579.069458
0.223372,0.212188,-1566.05896
0.221527,0.208939,-1575.409912
0.221527,0.208939,-1580.313721
0.221527,0.208939,-1561.615479
0.221233,0.208813,-1568.761963
0.221869,0.207168,-1572.144409
0.220556,0.206977,-1578.741943
0.220588,0.206685,-1573.133545
0.221414,0.206409,-1575.040405
0.221414,0.206409,-1567.952637
0.221125,0.207039,-1571.256836
0.221125,0.207039,-1564.587158
0.221125,0.207039,-1570.002686
0.221125,0.207039,-1568.061523
0.218994,0.204627,-1575.470825
0.222695,0.203393,-1575.50769
0.222695,0.203393,-1558.765991
0.222695,0.203393,-1561.937988
0.222695,0.203393,-1560.910645
0.222695,0.203393,-1563.964111
0.221523,0.200477,-1572.594971
0.224657,0.196838,-1577.879883
0.224657,0.196838,-1564.639648
0.225843,0.196008,-1548.925537
0.226615,0.191066,-1566.785034
0.22806,0.188545,-1561.247681
0.22806,0.188545,-1559.975586
0.225924,0.188662,-1552.375
0.221945,0.18754,-1559.427246
0.220415,0.187493,-1566.530273
0.219883,0.18448,-1569.416504
0.221682,0.178009,-1545.339722
0.221682,0.178009,-1546.391602
