idx,alpha,mu,omega,rho,loglike
0,0.04,0.34,0.0,0.14,-2695.399169921875
1,0.04,0.34,0.0,0.1448,-2707.78564453125
2,0.04,0.34,0.0,0.1496,-2705.4599609375
3,0.04,0.34,0.0,0.1544,-2664.583984375
4,0.04,0.34,0.0,0.1592,-2691.93359375
5,0.04,0.34,0.0,0.164,-2695.387939453125
6,0.04,0.34,0.0,0.1688,-2708.3603515625
7,0.04,0.34,0.0,0.1736,-2708.8818359375
8,0.04,0.34,0.0,0.1784,-2699.685302734375
9,0.04,0.34,0.0,0.1832,-2681.70849609375
10,0.04,0.34,0.0,0.188,-2655.783203125
11,0.04,0.34,0.0,0.1928,-2690.890625
12,0.04,0.34,0.0,0.1976,-2680.9814453125
13,0.04,0.34,0.0,0.2024,-2696.283447265625
14,0.04,0.34,0.0,0.2072,-2685.20361328125
15,0.04,0.34,0.0,0.212,-2694.685546875
16,0.04,0.34,0.0,0.2168,-2686.49951171875
17,0.04,0.34,0.0,0.2216,-2655.91796875
18,0.04,0.34,0.0,0.2264,-2710.283935546875
19,0.04,0.34,0.0,0.2312,-2673.00634765625
20,0.04,0.34,0.0,0.236,-2697.11279296875
21,0.04,0.34,0.0,0.2408,-2683.35791015625
22,0.04,0.34,0.0,0.2456,-2707.3671875
23,0.04,0.34,0.0,0.2504,-2695.01611328125
24,0.04,0.34,0.0,0.2552,-2696.2900390625
25,0.04,0.34,0.0,0.26,-2675.88427734375
26,0.04,0.34,0.0,0.2648,-2697.32373046875
27,0.04,0.34,0.0,0.2696,-2672.26513671875
28,0.04,0.34,0.0,0.2744,-2683.71728515625
29,0.04,0.34,0.0,0.2792,-2692.685302734375
30,0.04,0.34,0.0,0.284,-2681.33544921875
31,0.04,0.34,0.0,0.2888,-2704.71435546875
32,0.04,0.34,0.0,0.2936,-2671.211181640625
33,0.04,0.34,0.0,0.2984,-2664.30810546875
34,0.04,0.34,0.0,0.3032,-2696.86572265625
35,0.04,0.34,0.0,0.308,-2686.30859375
36,0.04,0.34,0.0,0.3128,-2694.17236328125
37,0.04,0.34,0.0,0.3176,-2684.086181640625
38,0.04,0.34,0.0,0.3224,-2694.498779296875
39,0.04,0.34,0.0,0.3272,-2689.4482421875
40,0.04,0.34,0.0,0.332,-2714.34814453125
41,0.04,0.34,0.0,0.3368,-2697.886962890625
42,0.04,0.34,0.0,0.3416,-2718.51806640625
43,0.04,0.34,0.0,0.3464,-2700.320556640625
44,0.04,0.34,0.0,0.3512,-2694.205810546875
45,0.04,0.34,0.0,0.356,-2707.017578125
46,0.04,0.34,0.0,0.3608,-2670.4716796875
47,0.04,0.34,0.0,0.3656,-2687.7451171875
48,0.04,0.34,0.0,0.3704,-2696.778564453125
49,0.04,0.34,0.0,0.3752,-2687.25244140625
50,0.04,0.34,0.0,0.38,-2711.2509765625
51,0.04,0.342,0.0,0.14,-2709.7109375
52,0.04,0.342,0.0,0.1448,-2690.9453125
53,0.04,0.342,0.0,0.1496,-2686.376953125
54,0.04,0.342,0.0,0.1544,-2707.165283203125
55,0.04,0.342,0.0,0.1592,-2659.088623046875
56,0.04,0.342,0.0,0.164,-2688.83447265625
57,0.04,0.342,0.0,0.1688,-2695.5439453125
58,0.04,0.342,0.0,0.1736,-2713.84619140625
59,0.04,0.342,0.0,0.1784,-2696.64892578125
60,0.04,0.342,0.0,0.1832,-2663.4560546875
61,0.04,0.342,0.0,0.188,-2685.55419921875
62,0.04,0.342,0.0,0.1928,-2694.043701171875
63,0.04,0.342,0.0,0.1976,-2709.61279296875
64,0.04,0.342,0.0,0.2024,-2663.96484375
65,0.04,0.342,0.0,0.2072,-2705.796142578125
66,0.04,0.342,0.0,0.212,-2661.554443359375
67,0.04,0.342,0.0,0.2168,-2659.810546875
68,0.04,0.342,0.0,0.2216,-2686.544189453125
69,0.04,0.342,0.0,0.2264,-2678.11376953125
70,0.04,0.342,0.0,0.2312,-2677.7900390625
71,0.04,0.342,0.0,0.236,-2688.65966796875
72,0.04,0.342,0.0,0.2408,-2681.220947265625
73,0.04,0.342,0.0,0.2456,-2677.675537109375
74,0.04,0.342,0.0,0.2504,-2652.57275390625
75,0.04,0.342,0.0,0.2552,-2690.410400390625
76,0.04,0.342,0.0,0.26,-2696.169921875
77,0.04,0.342,0.0,0.2648,-2685.681640625
78,0.04,0.342,0.0,0.2696,-2691.8291015625
79,0.04,0.342,0.0,0.2744,-2673.26416015625
80,0.04,0.342,0.0,0.2792,-2672.39208984375
81,0.04,0.342,0.0,0.284,-2686.252685546875
82,0.04,0.342,0.0,0.2888,-2667.41552734375
83,0.04,0.342,0.0,0.2936,-2653.0927734375
84,0.04,0.342,0.0,0.2984,-2672.078857421875
85,0.04,0.342,0.0,0.3032,-2651.53857421875
86,0.04,0.342,0.0,0.308,-2647.833740234375
87,0.04,0.342,0.0,0.3128,-2672.9580078125
88,0.04,0.342,0.0,0.3176,-2688.027099609375
89,0.04,0.342,0.0,0.3224,-2690.992919921875
90,0.04,0.342,0.0,0.3272,-2693.454345703125
91,0.04,0.342,0.0,0.332,-2676.12841796875
92,0.04,0.342,0.0,0.3368,-2646.267578125
93,0.04,0.342,0.0,0.3416,-2670.51513671875
94,0.04,0.342,0.0,0.3464,-2697.6474609375
95,0.04,0.342,0.0,0.3512,-2698.421142578125
96,0.04,0.342,0.0,0.356,-2674.07080078125
97,0.04,0.342,0.0,0.3608,-2682.281005859375
98,0.04,0.342,0.0,0.3656,-2702.95556640625
99,0.04,0.342,0.0,0.3704,-2715.96533203125
100,0.04,0.342,0.0,0.3752,-2696.92626953125
101,0.04,0.342,0.0,0.38,-2696.33935546875
102,0.04,0.344,0.0,0.14,-2699.132568359375
103,0.04,0.344,0.0,0.1448,-2696.28564453125
104,0.04,0.344,0.0,0.1496,-2699.4658203125
105,0.04,0.344,0.0,0.1544,-2684.31005859375
106,0.04,0.344,0.0,0.1592,-2678.794921875
107,0.04,0.344,0.0,0.164,-2681.6494140625
108,0.04,0.344,0.0,0.1688,-2696.4208984375
109,0.04,0.344,0.0,0.1736,-2693.75634765625
110,0.04,0.344,0.0,0.1784,-2685.314453125
111,0.04,0.344,0.0,0.1832,-2661.287841796875
112,0.04,0.344,0.0,0.188,-2641.5908203125
113,0.04,0.344,0.0,0.1928,-2677.931640625
114,0.04,0.344,0.0,0.1976,-2677.576171875
115,0.04,0.344,0.0,0.2024,-2675.989501953125
116,0.04,0.344,0.0,0.2072,-2699.1845703125
117,0.04,0.344,0.0,0.212,-2679.4482421875
118,0.04,0.344,0.0,0.2168,-2649.67822265625
119,0.04,0.344,0.0,0.2216,-2684.5234375
120,0.04,0.344,0.0,0.2264,-2676.2255859375
121,0.04,0.344,0.0,0.2312,-2690.141357421875
122,0.04,0.344,0.0,0.236,-2646.7685546875
123,0.04,0.344,0.0,0.2408,-2655.323974609375
124,0.04,0.344,0.0,0.2456,-2647.418701171875
125,0.04,0.344,0.0,0.2504,-2681.6416015625
126,0.04,0.344,0.0,0.2552,-2676.47509765625
127,0.04,0.344,0.0,0.26,-2665.96484375
128,0.04,0.344,0.0,0.2648,-2694.68798828125
129,0.04,0.344,0.0,0.2696,-2668.3251953125
130,0.04,0.344,0.0,0.2744,-2658.07861328125
131,0.04,0.344,0.0,0.2792,-2670.06494140625
132,0.04,0.344,0.0,0.284,-2679.2529296875
133,0.04,0.344,0.0,0.2888,-2655.67431640625
134,0.04,0.344,0.0,0.2936,-2665.00341796875
135,0.04,0.344,0.0,0.2984,-2692.625
136,0.04,0.344,0.0,0.3032,-2675.203125
137,0.04,0.344,0.0,0.308,-2636.294677734375
138,0.04,0.344,0.0,0.3128,-2661.0595703125
139,0.04,0.344,0.0,0.3176,-2665.073974609375
140,0.04,0.344,0.0,0.3224,-2676.8564453125
141,0.04,0.344,0.0,0.3272,-2658.48974609375
142,0.04,0.344,0.0,0.332,-2684.512939453125
143,0.04,0.344,0.0,0.3368,-2667.4033203125
144,0.04,0.344,0.0,0.3416,-2682.423828125
145,0.04,0.344,0.0,0.3464,-2658.203125
146,0.04,0.344,0.0,0.3512,-2685.9970703125
147,0.04,0.344,0.0,0.356,-2675.312255859375
148,0.04,0.344,0.0,0.3608,-2706.931640625
149,0.04,0.344,0.0,0.3656,-2693.2646484375
150,0.04,0.344,0.0,0.3704,-2680.06396484375
151,0.04,0.344,0.0,0.3752,-2706.708984375
152,0.04,0.344,0.0,0.38,-2697.249755859375
153,0.04,0.346,0.0,0.14,-2692.7041015625
154,0.04,0.346,0.0,0.1448,-2677.411376953125
155,0.04,0.346,0.0,0.1496,-2687.064697265625
156,0.04,0.346,0.0,0.1544,-2697.97607421875
157,0.04,0.346,0.0,0.1592,-2665.9111328125
158,0.04,0.346,0.0,0.164,-2672.51953125
159,0.04,0.346,0.0,0.1688,-2696.83740234375
160,0.04,0.346,0.0,0.1736,-2678.024169921875
161,0.04,0.346,0.0,0.1784,-2659.41943359375
162,0.04,0.346,0.0,0.1832,-2660.308837890625
163,0.04,0.346,0.0,0.188,-2662.113037109375
164,0.04,0.346,0.0,0.1928,-2692.307861328125
165,0.04,0.346,0.0,0.1976,-2690.3837890625
166,0.04,0.346,0.0,0.2024,-2680.66162109375
167,0.04,0.346,0.0,0.2072,-2651.2841796875
168,0.04,0.346,0.0,0.212,-2655.533203125
169,0.04,0.346,0.0,0.2168,-2658.31689453125
170,0.04,0.346,0.0,0.2216,-2642.3955078125
171,0.04,0.346,0.0,0.2264,-2677.756591796875
172,0.04,0.346,0.0,0.2312,-2692.251708984375
173,0.04,0.346,0.0,0.236,-2667.67236328125
174,0.04,0.346,0.0,0.2408,-2653.9091796875
175,0.04,0.346,0.0,0.2456,-2671.177734375
176,0.04,0.346,0.0,0.2504,-2658.434814453125
177,0.04,0.346,0.0,0.2552,-2651.88427734375
178,0.04,0.346,0.0,0.26,-2639.738037109375
179,0.04,0.346,0.0,0.2648,-2659.8388671875
180,0.04,0.346,0.0,0.2696,-2684.3427734375
181,0.04,0.346,0.0,0.2744,-2688.549560546875
182,0.04,0.346,0.0,0.2792,-2658.14697265625
183,0.04,0.346,0.0,0.284,-2667.852294921875
184,0.04,0.346,0.0,0.2888,-2647.953125
185,0.04,0.346,0.0,0.2936,-2652.64404296875
186,0.04,0.346,0.0,0.2984,-2660.457275390625
187,0.04,0.346,0.0,0.3032,-2664.71142578125
188,0.04,0.346,0.0,0.308,-2685.64892578125
189,0.04,0.346,0.0,0.3128,-2688.690185546875
190,0.04,0.346,0.0,0.3176,-2678.961669921875
191,0.04,0.346,0.0,0.3224,-2694.736328125
192,0.04,0.346,0.0,0.3272,-2682.8955078125
193,0.04,0.346,0.0,0.332,-2641.91064453125
194,0.04,0.346,0.0,0.3368,-2664.03271484375
195,0.04,0.346,0.0,0.3416,-2688.20947265625
196,0.04,0.346,0.0,0.3464,-2680.67236328125
197,0.04,0.346,0.0,0.3512,-2679.250244140625
198,0.04,0.346,0.0,0.356,-2680.76708984375
199,0.04,0.346,0.0,0.3608,-2711.060302734375
200,0.04,0.346,0.0,0.3656,-2671.167724609375
201,0.04,0.346,0.0,0.3704,-2692.238525390625
202,0.04,0.346,0.0,0.3752,-2654.11181640625
203,0.04,0.346,0.0,0.38,-2705.56103515625
204,0.04,0.348,0.0,0.14,-2664.504150390625
205,0.04,0.348,0.0,0.1448,-2652.005615234375
206,0.04,0.348,0.0,0.1496,-2665.16943359375
207,0.04,0.348,0.0,0.1544,-2671.185546875
208,0.04,0.348,0.0,0.1592,-2651.7548828125
209,0.04,0.348,0.0,0.164,-2674.09716796875
210,0.04,0.348,0.0,0.1688,-2680.15283203125
211,0.04,0.348,0.0,0.1736,-2691.146728515625
212,0.04,0.348,0.0,0.1784,-2652.384765625
213,0.04,0.348,0.0,0.1832,-2682.63037109375
214,0.04,0.348,0.0,0.188,-2657.00390625
215,0.04,0.348,0.0,0.1928,-2636.4580078125
216,0.04,0.348,0.0,0.1976,-2674.2138671875
217,0.04,0.348,0.0,0.2024,-2676.27001953125
218,0.04,0.348,0.0,0.2072,-2657.3671875
219,0.04,0.348,0.0,0.212,-2670.326904296875
220,0.04,0.348,0.0,0.2168,-2682.41552734375
221,0.04,0.348,0.0,0.2216,-2662.538330078125
222,0.04,0.348,0.0,0.2264,-2635.715087890625
223,0.04,0.348,0.0,0.2312,-2658.611572265625
224,0.04,0.348,0.0,0.236,-2679.87939453125
225,0.04,0.348,0.0,0.2408,-2683.53955078125
226,0.04,0.348,0.0,0.2456,-2653.45654296875
227,0.04,0.348,0.0,0.2504,-2634.7021484375
228,0.04,0.348,0.0,0.2552,-2666.328125
229,0.04,0.348,0.0,0.26,-2673.67529296875
230,0.04,0.348,0.0,0.2648,-2650.611328125
231,0.04,0.348,0.0,0.2696,-2660.7138671875
232,0.04,0.348,0.0,0.2744,-2672.0390625
233,0.04,0.348,0.0,0.2792,-2651.515625
234,0.04,0.348,0.0,0.284,-2649.18994140625
235,0.04,0.348,0.0,0.2888,-2669.271484375
236,0.04,0.348,0.0,0.2936,-2687.736328125
237,0.04,0.348,0.0,0.2984,-2680.9033203125
238,0.04,0.348,0.0,0.3032,-2676.606201171875
239,0.04,0.348,0.0,0.308,-2650.362060546875
240,0.04,0.348,0.0,0.3128,-2657.811767578125
241,0.04,0.348,0.0,0.3176,-2655.989990234375
242,0.04,0.348,0.0,0.3224,-2657.80029296875
243,0.04,0.348,0.0,0.3272,-2670.987060546875
244,0.04,0.348,0.0,0.332,-2645.0302734375
245,0.04,0.348,0.0,0.3368,-2688.50927734375
246,0.04,0.348,0.0,0.3416,-2673.336181640625
247,0.04,0.348,0.0,0.3464,-2673.03662109375
248,0.04,0.348,0.0,0.3512,-2669.0087890625
249,0.04,0.348,0.0,0.356,-2668.05908203125
250,0.04,0.348,0.0,0.3608,-2658.6298828125
251,0.04,0.348,0.0,0.3656,-2689.423828125
252,0.04,0.348,0.0,0.3704,-2682.6416015625
253,0.04,0.348,0.0,0.3752,-2690.30859375
254,0.04,0.348,0.0,0.38,-2669.734375
255,0.04,0.35,0.0,0.14,-2681.321044921875
256,0.04,0.35,0.0,0.1448,-2682.63330078125
257,0.04,0.35,0.0,0.1496,-2675.30029296875
258,0.04,0.35,0.0,0.1544,-2686.637451171875
259,0.04,0.35,0.0,0.1592,-2663.9306640625
260,0.04,0.35,0.0,0.164,-2690.46630859375
261,0.04,0.35,0.0,0.1688,-2667.80224609375
262,0.04,0.35,0.0,0.1736,-2672.358154296875
263,0.04,0.35,0.0,0.1784,-2662.513916015625
264,0.04,0.35,0.0,0.1832,-2654.59375
265,0.04,0.35,0.0,0.188,-2667.61376953125
266,0.04,0.35,0.0,0.1928,-2664.5546875
267,0.04,0.35,0.0,0.1976,-2645.349365234375
268,0.04,0.35,0.0,0.2024,-2676.243408203125
269,0.04,0.35,0.0,0.2072,-2665.9765625
270,0.04,0.35,0.0,0.212,-2652.78125
271,0.04,0.35,0.0,0.2168,-2668.186279296875
272,0.04,0.35,0.0,0.2216,-2649.75146484375
273,0.04,0.35,0.0,0.2264,-2666.963134765625
274,0.04,0.35,0.0,0.2312,-2629.3271484375
275,0.04,0.35,0.0,0.236,-2647.841064453125
276,0.04,0.35,0.0,0.2408,-2665.512939453125
277,0.04,0.35,0.0,0.2456,-2636.05615234375
278,0.04,0.35,0.0,0.2504,-2656.87451171875
279,0.04,0.35,0.0,0.2552,-2660.5673828125
280,0.04,0.35,0.0,0.26,-2655.55126953125
281,0.04,0.35,0.0,0.2648,-2646.429931640625
282,0.04,0.35,0.0,0.2696,-2638.133056640625
283,0.04,0.35,0.0,0.2744,-2669.206298828125
284,0.04,0.35,0.0,0.2792,-2669.166259765625
285,0.04,0.35,0.0,0.284,-2661.551513671875
286,0.04,0.35,0.0,0.2888,-2664.546875
287,0.04,0.35,0.0,0.2936,-2662.16259765625
288,0.04,0.35,0.0,0.2984,-2652.406494140625
289,0.04,0.35,0.0,0.3032,-2653.65234375
290,0.04,0.35,0.0,0.308,-2644.878173828125
291,0.04,0.35,0.0,0.3128,-2661.634765625
292,0.04,0.35,0.0,0.3176,-2662.99609375
293,0.04,0.35,0.0,0.3224,-2650.50048828125
294,0.04,0.35,0.0,0.3272,-2671.907958984375
295,0.04,0.35,0.0,0.332,-2658.72607421875
296,0.04,0.35,0.0,0.3368,-2656.42578125
297,0.04,0.35,0.0,0.3416,-2679.818603515625
298,0.04,0.35,0.0,0.3464,-2684.5361328125
299,0.04,0.35,0.0,0.3512,-2659.02587890625
300,0.04,0.35,0.0,0.356,-2680.43798828125
301,0.04,0.35,0.0,0.3608,-2667.041015625
302,0.04,0.35,0.0,0.3656,-2666.718505859375
303,0.04,0.35,0.0,0.3704,-2642.306884765625
304,0.04,0.35,0.0,0.3752,-2672.52294921875
305,0.04,0.35,0.0,0.38,-2658.27197265625
306,0.04,0.352,0.0,0.14,-2686.27587890625
307,0.04,0.352,0.0,0.1448,-2674.3701171875
308,0.04,0.352,0.0,0.1496,-2674.20068359375
309,0.04,0.352,0.0,0.1544,-2662.06298828125
310,0.04,0.352,0.0,0.1592,-2677.443115234375
311,0.04,0.352,0.0,0.164,-2650.518798828125
312,0.04,0.352,0.0,0.1688,-2674.818603515625
313,0.04,0.352,0.0,0.1736,-2648.537109375
314,0.04,0.352,0.0,0.1784,-2656.031494140625
315,0.04,0.352,0.0,0.1832,-2661.673583984375
316,0.04,0.352,0.0,0.188,-2654.85205078125
317,0.04,0.352,0.0,0.1928,-2640.751953125
318,0.04,0.352,0.0,0.1976,-2640.431640625
319,0.04,0.352,0.0,0.2024,-2649.56591796875
320,0.04,0.352,0.0,0.2072,-2642.97119140625
321,0.04,0.352,0.0,0.212,-2652.017578125
322,0.04,0.352,0.0,0.2168,-2654.7490234375
323,0.04,0.352,0.0,0.2216,-2661.29248046875
324,0.04,0.352,0.0,0.2264,-2656.177734375
325,0.04,0.352,0.0,0.2312,-2632.307373046875
326,0.04,0.352,0.0,0.236,-2633.5205078125
327,0.04,0.352,0.0,0.2408,-2651.756591796875
328,0.04,0.352,0.0,0.2456,-2641.73046875
329,0.04,0.352,0.0,0.2504,-2655.477783203125
330,0.04,0.352,0.0,0.2552,-2664.369873046875
331,0.04,0.352,0.0,0.26,-2659.646484375
332,0.04,0.352,0.0,0.2648,-2647.21142578125
333,0.04,0.352,0.0,0.2696,-2657.942138671875
334,0.04,0.352,0.0,0.2744,-2618.98779296875
335,0.04,0.352,0.0,0.2792,-2668.6083984375
336,0.04,0.352,0.0,0.284,-2661.42431640625
337,0.04,0.352,0.0,0.2888,-2648.26904296875
338,0.04,0.352,0.0,0.2936,-2644.63427734375
339,0.04,0.352,0.0,0.2984,-2668.2939453125
340,0.04,0.352,0.0,0.3032,-2648.603515625
341,0.04,0.352,0.0,0.308,-2668.15478515625
342,0.04,0.352,0.0,0.3128,-2645.84716796875
343,0.04,0.352,0.0,0.3176,-2661.37548828125
344,0.04,0.352,0.0,0.3224,-2652.107421875
345,0.04,0.352,0.0,0.3272,-2651.24267578125
346,0.04,0.352,0.0,0.332,-2657.42236328125
347,0.04,0.352,0.0,0.3368,-2681.68603515625
348,0.04,0.352,0.0,0.3416,-2664.29150390625
349,0.04,0.352,0.0,0.3464,-2659.835693359375
350,0.04,0.352,0.0,0.3512,-2677.36328125
351,0.04,0.352,0.0,0.356,-2677.9443359375
352,0.04,0.352,0.0,0.3608,-2659.143798828125
353,0.04,0.352,0.0,0.3656,-2644.3359375
354,0.04,0.352,0.0,0.3704,-2645.05810546875
355,0.04,0.352,0.0,0.3752,-2677.76220703125
356,0.04,0.352,0.0,0.38,-2679.728515625
357,0.04,0.354,0.0,0.14,-2663.08154296875
358,0.04,0.354,0.0,0.1448,-2681.70458984375
359,0.04,0.354,0.0,0.1496,-2658.67529296875
360,0.04,0.354,0.0,0.1544,-2659.8798828125
361,0.04,0.354,0.0,0.1592,-2658.103271484375
362,0.04,0.354,0.0,0.164,-2680.9716796875
363,0.04,0.354,0.0,0.1688,-2644.113525390625
364,0.04,0.354,0.0,0.1736,-2660.41015625
365,0.04,0.354,0.0,0.1784,-2640.813720703125
366,0.04,0.354,0.0,0.1832,-2662.3994140625
367,0.04,0.354,0.0,0.188,-2630.349609375
368,0.04,0.354,0.0,0.1928,-2659.00732421875
369,0.04,0.354,0.0,0.1976,-2635.37451171875
370,0.04,0.354,0.0,0.2024,-2646.83203125
371,0.04,0.354,0.0,0.2072,-2641.8876953125
372,0.04,0.354,0.0,0.212,-2650.073486328125
373,0.04,0.354,0.0,0.2168,-2647.30517578125
374,0.04,0.354,0.0,0.2216,-2651.315673828125
375,0.04,0.354,0.0,0.2264,-2646.298828125
376,0.04,0.354,0.0,0.2312,-2640.477294921875
377,0.04,0.354,0.0,0.236,-2653.614990234375
378,0.04,0.354,0.0,0.2408,-2649.138916015625
379,0.04,0.354,0.0,0.2456,-2648.9970703125
380,0.04,0.354,0.0,0.2504,-2642.50634765625
381,0.04,0.354,0.0,0.2552,-2656.4912109375
382,0.04,0.354,0.0,0.26,-2641.71728515625
383,0.04,0.354,0.0,0.2648,-2646.22412109375
384,0.04,0.354,0.0,0.2696,-2632.056640625
385,0.04,0.354,0.0,0.2744,-2666.199951171875
386,0.04,0.354,0.0,0.2792,-2645.8232421875
387,0.04,0.354,0.0,0.284,-2668.58251953125
388,0.04,0.354,0.0,0.2888,-2646.663330078125
389,0.04,0.354,0.0,0.2936,-2623.69384765625
390,0.04,0.354,0.0,0.2984,-2652.78271484375
391,0.04,0.354,0.0,0.3032,-2655.037109375
392,0.04,0.354,0.0,0.308,-2665.73046875
393,0.04,0.354,0.0,0.3128,-2675.18359375
394,0.04,0.354,0.0,0.3176,-2670.92138671875
395,0.04,0.354,0.0,0.3224,-2646.14013671875
396,0.04,0.354,0.0,0.3272,-2652.6044921875
397,0.04,0.354,0.0,0.332,-2650.48681640625
398,0.04,0.354,0.0,0.3368,-2652.697265625
399,0.04,0.354,0.0,0.3416,-2634.91259765625
400,0.04,0.354,0.0,0.3464,-2651.72705078125
401,0.04,0.354,0.0,0.3512,-2673.93017578125
402,0.04,0.354,0.0,0.356,-2647.98779296875
403,0.04,0.354,0.0,0.3608,-2667.515625
404,0.04,0.354,0.0,0.3656,-2659.64208984375
405,0.04,0.354,0.0,0.3704,-2673.857177734375
406,0.04,0.354,0.0,0.3752,-2663.999267578125
407,0.04,0.354,0.0,0.38,-2655.670166015625
408,0.04,0.356,0.0,0.14,-2679.48193359375
409,0.04,0.356,0.0,0.1448,-2654.2724609375
410,0.04,0.356,0.0,0.1496,-2681.28173828125
411,0.04,0.356,0.0,0.1544,-2679.707275390625
412,0.04,0.356,0.0,0.1592,-2658.403564453125
413,0.04,0.356,0.0,0.164,-2673.49658203125
414,0.04,0.356,0.0,0.1688,-2651.478515625
415,0.04,0.356,0.0,0.1736,-2647.62939453125
416,0.04,0.356,0.0,0.1784,-2645.165283203125
417,0.04,0.356,0.0,0.1832,-2652.140625
418,0.04,0.356,0.0,0.188,-2641.45654296875
419,0.04,0.356,0.0,0.1928,-2652.976318359375
420,0.04,0.356,0.0,0.1976,-2637.1611328125
421,0.04,0.356,0.0,0.2024,-2647.47216796875
422,0.04,0.356,0.0,0.2072,-2653.146728515625
423,0.04,0.356,0.0,0.212,-2643.90771484375
424,0.04,0.356,0.0,0.2168,-2652.7294921875
425,0.04,0.356,0.0,0.2216,-2626.67138671875
426,0.04,0.356,0.0,0.2264,-2652.15673828125
427,0.04,0.356,0.0,0.2312,-2645.77294921875
428,0.04,0.356,0.0,0.236,-2626.4111328125
429,0.04,0.356,0.0,0.2408,-2637.969970703125
430,0.04,0.356,0.0,0.2456,-2661.480712890625
431,0.04,0.356,0.0,0.2504,-2672.083984375
432,0.04,0.356,0.0,0.2552,-2654.45166015625
433,0.04,0.356,0.0,0.26,-2641.9404296875
434,0.04,0.356,0.0,0.2648,-2644.4404296875
435,0.04,0.356,0.0,0.2696,-2645.22412109375
436,0.04,0.356,0.0,0.2744,-2649.261962890625
437,0.04,0.356,0.0,0.2792,-2639.279296875
438,0.04,0.356,0.0,0.284,-2651.52978515625
439,0.04,0.356,0.0,0.2888,-2634.582763671875
440,0.04,0.356,0.0,0.2936,-2645.40869140625
441,0.04,0.356,0.0,0.2984,-2667.99658203125
442,0.04,0.356,0.0,0.3032,-2636.6181640625
443,0.04,0.356,0.0,0.308,-2657.5048828125
444,0.04,0.356,0.0,0.3128,-2665.310302734375
445,0.04,0.356,0.0,0.3176,-2661.1552734375
446,0.04,0.356,0.0,0.3224,-2653.02783203125
447,0.04,0.356,0.0,0.3272,-2672.84521484375
448,0.04,0.356,0.0,0.332,-2654.28466796875
449,0.04,0.356,0.0,0.3368,-2654.20263671875
450,0.04,0.356,0.0,0.3416,-2646.09521484375
451,0.04,0.356,0.0,0.3464,-2665.905517578125
452,0.04,0.356,0.0,0.3512,-2639.706298828125
453,0.04,0.356,0.0,0.356,-2672.1767578125
454,0.04,0.356,0.0,0.3608,-2677.97998046875
455,0.04,0.356,0.0,0.3656,-2676.218505859375
456,0.04,0.356,0.0,0.3704,-2666.994140625
457,0.04,0.356,0.0,0.3752,-2652.8759765625
458,0.04,0.356,0.0,0.38,-2690.54443359375
459,0.04,0.358,0.0,0.14,-2663.8193359375
460,0.04,0.358,0.0,0.1448,-2680.2001953125
461,0.04,0.358,0.0,0.1496,-2662.79248046875
462,0.04,0.358,0.0,0.1544,-2655.594482421875
463,0.04,0.358,0.0,0.1592,-2653.07080078125
464,0.04,0.358,0.0,0.164,-2640.20166015625
465,0.04,0.358,0.0,0.1688,-2651.912109375
466,0.04,0.358,0.0,0.1736,-2666.50146484375
467,0.04,0.358,0.0,0.1784,-2657.0673828125
468,0.04,0.358,0.0,0.1832,-2640.6416015625
469,0.04,0.358,0.0,0.188,-2651.19091796875
470,0.04,0.358,0.0,0.1928,-2640.180419921875
471,0.04,0.358,0.0,0.1976,-2659.39892578125
472,0.04,0.358,0.0,0.2024,-2651.41943359375
473,0.04,0.358,0.0,0.2072,-2649.361083984375
474,0.04,0.358,0.0,0.212,-2631.80908203125
475,0.04,0.358,0.0,0.2168,-2648.9775390625
476,0.04,0.358,0.0,0.2216,-2645.143798828125
477,0.04,0.358,0.0,0.2264,-2640.637451171875
478,0.04,0.358,0.0,0.2312,-2640.68798828125
479,0.04,0.358,0.0,0.236,-2639.04638671875
480,0.04,0.358,0.0,0.2408,-2642.748291015625
481,0.04,0.358,0.0,0.2456,-2625.15673828125
482,0.04,0.358,0.0,0.2504,-2635.1240234375
483,0.04,0.358,0.0,0.2552,-2636.77099609375
484,0.04,0.358,0.0,0.26,-2648.79052734375
485,0.04,0.358,0.0,0.2648,-2645.929443359375
486,0.04,0.358,0.0,0.2696,-2641.792724609375
487,0.04,0.358,0.0,0.2744,-2635.688232421875
488,0.04,0.358,0.0,0.2792,-2642.427001953125
489,0.04,0.358,0.0,0.284,-2647.311767578125
490,0.04,0.358,0.0,0.2888,-2631.021484375
491,0.04,0.358,0.0,0.2936,-2637.880859375
492,0.04,0.358,0.0,0.2984,-2636.646240234375
493,0.04,0.358,0.0,0.3032,-2672.06689453125
494,0.04,0.358,0.0,0.308,-2651.37451171875
495,0.04,0.358,0.0,0.3128,-2646.81591796875
496,0.04,0.358,0.0,0.3176,-2639.42724609375
497,0.04,0.358,0.0,0.3224,-2645.04296875
498,0.04,0.358,0.0,0.3272,-2633.698974609375
499,0.04,0.358,0.0,0.332,-2648.27978515625
500,0.04,0.358,0.0,0.3368,-2633.744140625
501,0.04,0.358,0.0,0.3416,-2650.76513671875
502,0.04,0.358,0.0,0.3464,-2663.583984375
503,0.04,0.358,0.0,0.3512,-2650.80615234375
504,0.04,0.358,0.0,0.356,-2660.51611328125
505,0.04,0.358,0.0,0.3608,-2661.64599609375
506,0.04,0.358,0.0,0.3656,-2656.88671875
507,0.04,0.358,0.0,0.3704,-2671.028564453125
508,0.04,0.358,0.0,0.3752,-2669.68896484375
509,0.04,0.358,0.0,0.38,-2658.057373046875
510,0.04,0.36,0.0,0.14,-2672.953369140625
511,0.04,0.36,0.0,0.1448,-2676.589111328125
512,0.04,0.36,0.0,0.1496,-2656.03125
513,0.04,0.36,0.0,0.1544,-2663.69775390625
514,0.04,0.36,0.0,0.1592,-2655.218994140625
515,0.04,0.36,0.0,0.164,-2669.173828125
516,0.04,0.36,0.0,0.1688,-2667.9765625
517,0.04,0.36,0.0,0.1736,-2655.5966796875
518,0.04,0.36,0.0,0.1784,-2652.1611328125
519,0.04,0.36,0.0,0.1832,-2649.676025390625
520,0.04,0.36,0.0,0.188,-2625.72900390625
521,0.04,0.36,0.0,0.1928,-2640.0732421875
522,0.04,0.36,0.0,0.1976,-2635.13623046875
523,0.04,0.36,0.0,0.2024,-2634.55859375
524,0.04,0.36,0.0,0.2072,-2648.86669921875
525,0.04,0.36,0.0,0.212,-2630.59033203125
526,0.04,0.36,0.0,0.2168,-2638.466796875
527,0.04,0.36,0.0,0.2216,-2631.44091796875
528,0.04,0.36,0.0,0.2264,-2624.80712890625
529,0.04,0.36,0.0,0.2312,-2645.74169921875
530,0.04,0.36,0.0,0.236,-2631.846435546875
531,0.04,0.36,0.0,0.2408,-2643.2861328125
532,0.04,0.36,0.0,0.2456,-2632.97119140625
533,0.04,0.36,0.0,0.2504,-2637.8994140625
534,0.04,0.36,0.0,0.2552,-2643.681640625
535,0.04,0.36,0.0,0.26,-2648.40185546875
536,0.04,0.36,0.0,0.2648,-2637.4111328125
537,0.04,0.36,0.0,0.2696,-2643.414794921875
538,0.04,0.36,0.0,0.2744,-2640.462158203125
539,0.04,0.36,0.0,0.2792,-2639.733154296875
540,0.04,0.36,0.0,0.284,-2635.19091796875
541,0.04,0.36,0.0,0.2888,-2635.038330078125
542,0.04,0.36,0.0,0.2936,-2622.592529296875
543,0.04,0.36,0.0,0.2984,-2628.203857421875
544,0.04,0.36,0.0,0.3032,-2627.870361328125
545,0.04,0.36,0.0,0.308,-2649.47314453125
546,0.04,0.36,0.0,0.3128,-2628.690185546875
547,0.04,0.36,0.0,0.3176,-2652.106201171875
548,0.04,0.36,0.0,0.3224,-2635.99267578125
549,0.04,0.36,0.0,0.3272,-2649.10693359375
550,0.04,0.36,0.0,0.332,-2640.764892578125
551,0.04,0.36,0.0,0.3368,-2640.5205078125
552,0.04,0.36,0.0,0.3416,-2636.045166015625
553,0.04,0.36,0.0,0.3464,-2662.32958984375
554,0.04,0.36,0.0,0.3512,-2651.19287109375
555,0.04,0.36,0.0,0.356,-2651.498291015625
556,0.04,0.36,0.0,0.3608,-2644.67626953125
557,0.04,0.36,0.0,0.3656,-2652.09033203125
558,0.04,0.36,0.0,0.3704,-2643.73974609375
559,0.04,0.36,0.0,0.3752,-2669.4453125
560,0.04,0.36,0.0,0.38,-2649.145751953125
561,0.04,0.362,0.0,0.14,-2649.4404296875
562,0.04,0.362,0.0,0.1448,-2643.55224609375
563,0.04,0.362,0.0,0.1496,-2654.802490234375
564,0.04,0.362,0.0,0.1544,-2654.126708984375
565,0.04,0.362,0.0,0.1592,-2654.8525390625
566,0.04,0.362,0.0,0.164,-2645.64306640625
567,0.04,0.362,0.0,0.1688,-2652.5419921875
568,0.04,0.362,0.0,0.1736,-2633.0771484375
569,0.04,0.362,0.0,0.1784,-2641.0078125
570,0.04,0.362,0.0,0.1832,-2632.178955078125
571,0.04,0.362,0.0,0.188,-2636.67578125
572,0.04,0.362,0.0,0.1928,-2643.21875
573,0.04,0.362,0.0,0.1976,-2629.08056640625
574,0.04,0.362,0.0,0.2024,-2632.24072265625
575,0.04,0.362,0.0,0.2072,-2640.4931640625
576,0.04,0.362,0.0,0.212,-2631.251220703125
577,0.04,0.362,0.0,0.2168,-2630.99609375
578,0.04,0.362,0.0,0.2216,-2634.183837890625
579,0.04,0.362,0.0,0.2264,-2632.75146484375
580,0.04,0.362,0.0,0.2312,-2633.658203125
581,0.04,0.362,0.0,0.236,-2637.11767578125
582,0.04,0.362,0.0,0.2408,-2629.000732421875
583,0.04,0.362,0.0,0.2456,-2627.06396484375
584,0.04,0.362,0.0,0.2504,-2632.380859375
585,0.04,0.362,0.0,0.2552,-2625.2158203125
586,0.04,0.362,0.0,0.26,-2620.57763671875
587,0.04,0.362,0.0,0.2648,-2628.742919921875
588,0.04,0.362,0.0,0.2696,-2648.953369140625
589,0.04,0.362,0.0,0.2744,-2636.043212890625
590,0.04,0.362,0.0,0.2792,-2622.975341796875
591,0.04,0.362,0.0,0.284,-2631.145263671875
592,0.04,0.362,0.0,0.2888,-2628.519287109375
593,0.04,0.362,0.0,0.2936,-2638.809814453125
594,0.04,0.362,0.0,0.2984,-2636.23291015625
595,0.04,0.362,0.0,0.3032,-2635.0927734375
596,0.04,0.362,0.0,0.308,-2641.26318359375
597,0.04,0.362,0.0,0.3128,-2642.55859375
598,0.04,0.362,0.0,0.3176,-2635.1337890625
599,0.04,0.362,0.0,0.3224,-2642.56982421875
600,0.04,0.362,0.0,0.3272,-2655.7880859375
601,0.04,0.362,0.0,0.332,-2639.853515625
602,0.04,0.362,0.0,0.3368,-2652.314208984375
603,0.04,0.362,0.0,0.3416,-2640.61474609375
604,0.04,0.362,0.0,0.3464,-2659.32861328125
605,0.04,0.362,0.0,0.3512,-2640.416259765625
606,0.04,0.362,0.0,0.356,-2657.30029296875
607,0.04,0.362,0.0,0.3608,-2665.150390625
608,0.04,0.362,0.0,0.3656,-2643.907470703125
609,0.04,0.362,0.0,0.3704,-2646.05615234375
610,0.04,0.362,0.0,0.3752,-2648.08154296875
611,0.04,0.362,0.0,0.38,-2643.5732421875
612,0.04,0.364,0.0,0.14,-2661.9013671875
613,0.04,0.364,0.0,0.1448,-2662.0966796875
614,0.04,0.364,0.0,0.1496,-2649.6787109375
615,0.04,0.364,0.0,0.1544,-2650.974609375
616,0.04,0.364,0.0,0.1592,-2648.069580078125
617,0.04,0.364,0.0,0.164,-2638.093017578125
618,0.04,0.364,0.0,0.1688,-2652.28662109375
619,0.04,0.364,0.0,0.1736,-2635.269287109375
620,0.04,0.364,0.0,0.1784,-2642.758056640625
621,0.04,0.364,0.0,0.1832,-2637.71728515625
622,0.04,0.364,0.0,0.188,-2635.6328125
623,0.04,0.364,0.0,0.1928,-2637.4072265625
624,0.04,0.364,0.0,0.1976,-2630.32177734375
625,0.04,0.364,0.0,0.2024,-2627.06884765625
626,0.04,0.364,0.0,0.2072,-2640.970458984375
627,0.04,0.364,0.0,0.212,-2629.54736328125
628,0.04,0.364,0.0,0.2168,-2640.204833984375
629,0.04,0.364,0.0,0.2216,-2627.7890625
630,0.04,0.364,0.0,0.2264,-2653.64208984375
631,0.04,0.364,0.0,0.2312,-2629.830322265625
632,0.04,0.364,0.0,0.236,-2639.4638671875
633,0.04,0.364,0.0,0.2408,-2635.0498046875
634,0.04,0.364,0.0,0.2456,-2628.80078125
635,0.04,0.364,0.0,0.2504,-2629.259521484375
636,0.04,0.364,0.0,0.2552,-2626.70166015625
637,0.04,0.364,0.0,0.26,-2635.5517578125
638,0.04,0.364,0.0,0.2648,-2626.19677734375
639,0.04,0.364,0.0,0.2696,-2633.37841796875
640,0.04,0.364,0.0,0.2744,-2632.071044921875
641,0.04,0.364,0.0,0.2792,-2636.021484375
642,0.04,0.364,0.0,0.284,-2639.47705078125
643,0.04,0.364,0.0,0.2888,-2633.74951171875
644,0.04,0.364,0.0,0.2936,-2639.981689453125
645,0.04,0.364,0.0,0.2984,-2632.25634765625
646,0.04,0.364,0.0,0.3032,-2631.662841796875
647,0.04,0.364,0.0,0.308,-2626.291015625
648,0.04,0.364,0.0,0.3128,-2636.91064453125
649,0.04,0.364,0.0,0.3176,-2640.1142578125
650,0.04,0.364,0.0,0.3224,-2641.45458984375
651,0.04,0.364,0.0,0.3272,-2649.23779296875
652,0.04,0.364,0.0,0.332,-2643.22265625
653,0.04,0.364,0.0,0.3368,-2653.78955078125
654,0.04,0.364,0.0,0.3416,-2634.6708984375
655,0.04,0.364,0.0,0.3464,-2642.05078125
656,0.04,0.364,0.0,0.3512,-2641.0380859375
657,0.04,0.364,0.0,0.356,-2642.885498046875
658,0.04,0.364,0.0,0.3608,-2656.23583984375
659,0.04,0.364,0.0,0.3656,-2652.82080078125
660,0.04,0.364,0.0,0.3704,-2651.473876953125
661,0.04,0.364,0.0,0.3752,-2651.45947265625
662,0.04,0.364,0.0,0.38,-2651.595703125
663,0.04,0.366,0.0,0.14,-2662.163330078125
664,0.04,0.366,0.0,0.1448,-2652.2060546875
665,0.04,0.366,0.0,0.1496,-2655.41357421875
666,0.04,0.366,0.0,0.1544,-2646.474609375
667,0.04,0.366,0.0,0.1592,-2640.56201171875
668,0.04,0.366,0.0,0.164,-2645.391357421875
669,0.04,0.366,0.0,0.1688,-2639.93798828125
670,0.04,0.366,0.0,0.1736,-2637.958984375
671,0.04,0.366,0.0,0.1784,-2633.37158203125
672,0.04,0.366,0.0,0.1832,-2641.880859375
673,0.04,0.366,0.0,0.188,-2636.9326171875
674,0.04,0.366,0.0,0.1928,-2630.691650390625
675,0.04,0.366,0.0,0.1976,-2631.429443359375
676,0.04,0.366,0.0,0.2024,-2632.27880859375
677,0.04,0.366,0.0,0.2072,-2636.688232421875
678,0.04,0.366,0.0,0.212,-2625.23095703125
679,0.04,0.366,0.0,0.2168,-2627.784912109375
680,0.04,0.366,0.0,0.2216,-2622.10693359375
681,0.04,0.366,0.0,0.2264,-2623.456298828125
682,0.04,0.366,0.0,0.2312,-2628.22265625
683,0.04,0.366,0.0,0.236,-2636.67724609375
684,0.04,0.366,0.0,0.2408,-2643.595458984375
685,0.04,0.366,0.0,0.2456,-2638.49267578125
686,0.04,0.366,0.0,0.2504,-2636.2548828125
687,0.04,0.366,0.0,0.2552,-2620.68896484375
688,0.04,0.366,0.0,0.26,-2621.7861328125
689,0.04,0.366,0.0,0.2648,-2622.685791015625
690,0.04,0.366,0.0,0.2696,-2629.98583984375
691,0.04,0.366,0.0,0.2744,-2624.46240234375
692,0.04,0.366,0.0,0.2792,-2629.396484375
693,0.04,0.366,0.0,0.284,-2636.572998046875
694,0.04,0.366,0.0,0.2888,-2628.49951171875
695,0.04,0.366,0.0,0.2936,-2633.763671875
696,0.04,0.366,0.0,0.2984,-2627.8994140625
697,0.04,0.366,0.0,0.3032,-2637.60107421875
698,0.04,0.366,0.0,0.308,-2634.21044921875
699,0.04,0.366,0.0,0.3128,-2632.9423828125
700,0.04,0.366,0.0,0.3176,-2631.8203125
701,0.04,0.366,0.0,0.3224,-2638.555419921875
702,0.04,0.366,0.0,0.3272,-2644.04833984375
703,0.04,0.366,0.0,0.332,-2645.14990234375
704,0.04,0.366,0.0,0.3368,-2637.37646484375
705,0.04,0.366,0.0,0.3416,-2644.5986328125
706,0.04,0.366,0.0,0.3464,-2654.97314453125
707,0.04,0.366,0.0,0.3512,-2658.285400390625
708,0.04,0.366,0.0,0.356,-2651.55078125
709,0.04,0.366,0.0,0.3608,-2640.1279296875
710,0.04,0.366,0.0,0.3656,-2647.238525390625
711,0.04,0.366,0.0,0.3704,-2646.646484375
712,0.04,0.366,0.0,0.3752,-2648.97216796875
713,0.04,0.366,0.0,0.38,-2658.3349609375
714,0.04,0.368,0.0,0.14,-2652.0107421875
715,0.04,0.368,0.0,0.1448,-2647.2646484375
716,0.04,0.368,0.0,0.1496,-2649.33447265625
717,0.04,0.368,0.0,0.1544,-2650.27734375
718,0.04,0.368,0.0,0.1592,-2638.7421875
719,0.04,0.368,0.0,0.164,-2643.678466796875
720,0.04,0.368,0.0,0.1688,-2645.02197265625
721,0.04,0.368,0.0,0.1736,-2639.686767578125
722,0.04,0.368,0.0,0.1784,-2645.060546875
723,0.04,0.368,0.0,0.1832,-2632.39453125
724,0.04,0.368,0.0,0.188,-2630.94384765625
725,0.04,0.368,0.0,0.1928,-2642.7783203125
726,0.04,0.368,0.0,0.1976,-2627.22119140625
727,0.04,0.368,0.0,0.2024,-2632.299072265625
728,0.04,0.368,0.0,0.2072,-2627.783935546875
729,0.04,0.368,0.0,0.212,-2632.078369140625
730,0.04,0.368,0.0,0.2168,-2626.900146484375
731,0.04,0.368,0.0,0.2216,-2623.02001953125
732,0.04,0.368,0.0,0.2264,-2626.246337890625
733,0.04,0.368,0.0,0.2312,-2626.35009765625
734,0.04,0.368,0.0,0.236,-2622.2109375
735,0.04,0.368,0.0,0.2408,-2631.189453125
736,0.04,0.368,0.0,0.2456,-2637.53662109375
737,0.04,0.368,0.0,0.2504,-2626.10693359375
738,0.04,0.368,0.0,0.2552,-2628.779296875
739,0.04,0.368,0.0,0.26,-2622.831298828125
740,0.04,0.368,0.0,0.2648,-2628.478271484375
741,0.04,0.368,0.0,0.2696,-2634.4267578125
742,0.04,0.368,0.0,0.2744,-2626.52685546875
743,0.04,0.368,0.0,0.2792,-2625.00830078125
744,0.04,0.368,0.0,0.284,-2632.406982421875
745,0.04,0.368,0.0,0.2888,-2625.95263671875
746,0.04,0.368,0.0,0.2936,-2626.841796875
747,0.04,0.368,0.0,0.2984,-2635.51171875
748,0.04,0.368,0.0,0.3032,-2631.929931640625
749,0.04,0.368,0.0,0.308,-2629.9052734375
750,0.04,0.368,0.0,0.3128,-2640.50244140625
751,0.04,0.368,0.0,0.3176,-2630.152099609375
752,0.04,0.368,0.0,0.3224,-2641.02880859375
753,0.04,0.368,0.0,0.3272,-2635.84912109375
754,0.04,0.368,0.0,0.332,-2642.758056640625
755,0.04,0.368,0.0,0.3368,-2633.5234375
756,0.04,0.368,0.0,0.3416,-2646.4345703125
757,0.04,0.368,0.0,0.3464,-2647.115478515625
758,0.04,0.368,0.0,0.3512,-2643.8359375
759,0.04,0.368,0.0,0.356,-2640.88623046875
760,0.04,0.368,0.0,0.3608,-2640.912109375
761,0.04,0.368,0.0,0.3656,-2655.90087890625
762,0.04,0.368,0.0,0.3704,-2644.194091796875
763,0.04,0.368,0.0,0.3752,-2648.707763671875
764,0.04,0.368,0.0,0.38,-2644.857177734375
765,0.04,0.37,0.0,0.14,-2648.5859375
766,0.04,0.37,0.0,0.1448,-2645.430419921875
767,0.04,0.37,0.0,0.1496,-2653.55224609375
768,0.04,0.37,0.0,0.1544,-2641.3828125
769,0.04,0.37,0.0,0.1592,-2639.9033203125
770,0.04,0.37,0.0,0.164,-2640.73291015625
771,0.04,0.37,0.0,0.1688,-2644.66943359375
772,0.04,0.37,0.0,0.1736,-2639.154296875
773,0.04,0.37,0.0,0.1784,-2635.3271484375
774,0.04,0.37,0.0,0.1832,-2636.77880859375
775,0.04,0.37,0.0,0.188,-2635.5009765625
776,0.04,0.37,0.0,0.1928,-2628.29150390625
777,0.04,0.37,0.0,0.1976,-2626.419189453125
778,0.04,0.37,0.0,0.2024,-2638.326171875
779,0.04,0.37,0.0,0.2072,-2627.128173828125
780,0.04,0.37,0.0,0.212,-2629.466796875
781,0.04,0.37,0.0,0.2168,-2637.990234375
782,0.04,0.37,0.0,0.2216,-2628.26708984375
783,0.04,0.37,0.0,0.2264,-2631.895263671875
784,0.04,0.37,0.0,0.2312,-2628.150390625
785,0.04,0.37,0.0,0.236,-2634.27587890625
786,0.04,0.37,0.0,0.2408,-2629.09619140625
787,0.04,0.37,0.0,0.2456,-2627.455078125
788,0.04,0.37,0.0,0.2504,-2625.923828125
789,0.04,0.37,0.0,0.2552,-2627.02685546875
790,0.04,0.37,0.0,0.26,-2632.3212890625
791,0.04,0.37,0.0,0.2648,-2623.94140625
792,0.04,0.37,0.0,0.2696,-2625.978515625
793,0.04,0.37,0.0,0.2744,-2624.47119140625
794,0.04,0.37,0.0,0.2792,-2626.421875
795,0.04,0.37,0.0,0.284,-2635.794921875
796,0.04,0.37,0.0,0.2888,-2627.491943359375
797,0.04,0.37,0.0,0.2936,-2629.558837890625
798,0.04,0.37,0.0,0.2984,-2631.7626953125
799,0.04,0.37,0.0,0.3032,-2631.69189453125
800,0.04,0.37,0.0,0.308,-2632.07177734375
801,0.04,0.37,0.0,0.3128,-2633.326416015625
802,0.04,0.37,0.0,0.3176,-2638.757080078125
803,0.04,0.37,0.0,0.3224,-2636.0107421875
804,0.04,0.37,0.0,0.3272,-2641.029296875
805,0.04,0.37,0.0,0.332,-2636.894775390625
806,0.04,0.37,0.0,0.3368,-2645.11865234375
807,0.04,0.37,0.0,0.3416,-2637.11669921875
808,0.04,0.37,0.0,0.3464,-2644.831787109375
809,0.04,0.37,0.0,0.3512,-2642.32373046875
810,0.04,0.37,0.0,0.356,-2643.75439453125
811,0.04,0.37,0.0,0.3608,-2639.369140625
812,0.04,0.37,0.0,0.3656,-2646.250732421875
813,0.04,0.37,0.0,0.3704,-2643.022705078125
814,0.04,0.37,0.0,0.3752,-2644.1943359375
815,0.04,0.37,0.0,0.38,-2645.7880859375
816,0.04,0.372,0.0,0.14,-2649.5107421875
817,0.04,0.372,0.0,0.1448,-2649.08837890625
818,0.04,0.372,0.0,0.1496,-2649.4140625
819,0.04,0.372,0.0,0.1544,-2643.536376953125
820,0.04,0.372,0.0,0.1592,-2640.3251953125
821,0.04,0.372,0.0,0.164,-2639.542236328125
822,0.04,0.372,0.0,0.1688,-2637.18408203125
823,0.04,0.372,0.0,0.1736,-2635.7900390625
824,0.04,0.372,0.0,0.1784,-2632.67041015625
825,0.04,0.372,0.0,0.1832,-2635.4873046875
826,0.04,0.372,0.0,0.188,-2631.931396484375
827,0.04,0.372,0.0,0.1928,-2631.577392578125
828,0.04,0.372,0.0,0.1976,-2631.31982421875
829,0.04,0.372,0.0,0.2024,-2626.0791015625
830,0.04,0.372,0.0,0.2072,-2629.736328125
831,0.04,0.372,0.0,0.212,-2625.69873046875
832,0.04,0.372,0.0,0.2168,-2627.5693359375
833,0.04,0.372,0.0,0.2216,-2627.9697265625
834,0.04,0.372,0.0,0.2264,-2625.76416015625
835,0.04,0.372,0.0,0.2312,-2626.37451171875
836,0.04,0.372,0.0,0.236,-2634.402099609375
837,0.04,0.372,0.0,0.2408,-2625.10205078125
838,0.04,0.372,0.0,0.2456,-2630.10205078125
839,0.04,0.372,0.0,0.2504,-2627.140625
840,0.04,0.372,0.0,0.2552,-2625.12939453125
841,0.04,0.372,0.0,0.26,-2624.025390625
842,0.04,0.372,0.0,0.2648,-2630.943359375
843,0.04,0.372,0.0,0.2696,-2633.131103515625
844,0.04,0.372,0.0,0.2744,-2627.231689453125
845,0.04,0.372,0.0,0.2792,-2624.234130859375
846,0.04,0.372,0.0,0.284,-2626.51025390625
847,0.04,0.372,0.0,0.2888,-2636.73291015625
848,0.04,0.372,0.0,0.2936,-2627.254150390625
849,0.04,0.372,0.0,0.2984,-2627.8349609375
850,0.04,0.372,0.0,0.3032,-2627.7529296875
851,0.04,0.372,0.0,0.308,-2632.22900390625
852,0.04,0.372,0.0,0.3128,-2630.63623046875
853,0.04,0.372,0.0,0.3176,-2633.802490234375
854,0.04,0.372,0.0,0.3224,-2631.509765625
855,0.04,0.372,0.0,0.3272,-2641.6640625
856,0.04,0.372,0.0,0.332,-2636.77197265625
857,0.04,0.372,0.0,0.3368,-2633.65283203125
858,0.04,0.372,0.0,0.3416,-2642.070556640625
859,0.04,0.372,0.0,0.3464,-2638.494140625
860,0.04,0.372,0.0,0.3512,-2640.015625
861,0.04,0.372,0.0,0.356,-2641.14453125
862,0.04,0.372,0.0,0.3608,-2645.42578125
863,0.04,0.372,0.0,0.3656,-2646.849609375
864,0.04,0.372,0.0,0.3704,-2643.650390625
865,0.04,0.372,0.0,0.3752,-2644.90673828125
866,0.04,0.372,0.0,0.38,-2649.145263671875
867,0.04,0.374,0.0,0.14,-2654.335205078125
868,0.04,0.374,0.0,0.1448,-2649.5166015625
869,0.04,0.374,0.0,0.1496,-2648.065185546875
870,0.04,0.374,0.0,0.1544,-2646.58837890625
871,0.04,0.374,0.0,0.1592,-2640.52099609375
872,0.04,0.374,0.0,0.164,-2638.64501953125
873,0.04,0.374,0.0,0.1688,-2639.302490234375
874,0.04,0.374,0.0,0.1736,-2635.60498046875
875,0.04,0.374,0.0,0.1784,-2633.071044921875
876,0.04,0.374,0.0,0.1832,-2632.22509765625
877,0.04,0.374,0.0,0.188,-2634.7890625
878,0.04,0.374,0.0,0.1928,-2631.376220703125
879,0.04,0.374,0.0,0.1976,-2629.5537109375
880,0.04,0.374,0.0,0.2024,-2628.61279296875
881,0.04,0.374,0.0,0.2072,-2627.825927734375
882,0.04,0.374,0.0,0.212,-2629.078125
883,0.04,0.374,0.0,0.2168,-2628.71435546875
884,0.04,0.374,0.0,0.2216,-2627.330078125
885,0.04,0.374,0.0,0.2264,-2625.93505859375
886,0.04,0.374,0.0,0.2312,-2632.97900390625
887,0.04,0.374,0.0,0.236,-2625.3193359375
888,0.04,0.374,0.0,0.2408,-2625.7294921875
889,0.04,0.374,0.0,0.2456,-2626.90380859375
890,0.04,0.374,0.0,0.2504,-2627.20166015625
891,0.04,0.374,0.0,0.2552,-2627.87060546875
892,0.04,0.374,0.0,0.26,-2626.093505859375
893,0.04,0.374,0.0,0.2648,-2626.1728515625
894,0.04,0.374,0.0,0.2696,-2630.59814453125
895,0.04,0.374,0.0,0.2744,-2625.886962890625
896,0.04,0.374,0.0,0.2792,-2628.8955078125
897,0.04,0.374,0.0,0.284,-2629.556640625
898,0.04,0.374,0.0,0.2888,-2631.98193359375
899,0.04,0.374,0.0,0.2936,-2629.07861328125
900,0.04,0.374,0.0,0.2984,-2630.178466796875
901,0.04,0.374,0.0,0.3032,-2629.98193359375
902,0.04,0.374,0.0,0.308,-2631.20751953125
903,0.04,0.374,0.0,0.3128,-2630.5732421875
904,0.04,0.374,0.0,0.3176,-2634.2568359375
905,0.04,0.374,0.0,0.3224,-2649.88427734375
906,0.04,0.374,0.0,0.3272,-2637.69873046875
907,0.04,0.374,0.0,0.332,-2641.188232421875
908,0.04,0.374,0.0,0.3368,-2640.00634765625
909,0.04,0.374,0.0,0.3416,-2637.0419921875
910,0.04,0.374,0.0,0.3464,-2643.6845703125
911,0.04,0.374,0.0,0.3512,-2639.81689453125
912,0.04,0.374,0.0,0.356,-2640.9658203125
913,0.04,0.374,0.0,0.3608,-2642.11767578125
914,0.04,0.374,0.0,0.3656,-2647.9189453125
915,0.04,0.374,0.0,0.3704,-2643.8583984375
916,0.04,0.374,0.0,0.3752,-2648.134521484375
917,0.04,0.374,0.0,0.38,-2647.5068359375
918,0.04,0.376,0.0,0.14,-2651.619384765625
919,0.04,0.376,0.0,0.1448,-2650.48046875
920,0.04,0.376,0.0,0.1496,-2646.106201171875
921,0.04,0.376,0.0,0.1544,-2644.55078125
922,0.04,0.376,0.0,0.1592,-2643.5791015625
923,0.04,0.376,0.0,0.164,-2640.72412109375
924,0.04,0.376,0.0,0.1688,-2639.0654296875
925,0.04,0.376,0.0,0.1736,-2637.48681640625
926,0.04,0.376,0.0,0.1784,-2634.458984375
927,0.04,0.376,0.0,0.1832,-2636.556884765625
928,0.04,0.376,0.0,0.188,-2633.740234375
929,0.04,0.376,0.0,0.1928,-2632.290771484375
930,0.04,0.376,0.0,0.1976,-2630.28759765625
931,0.04,0.376,0.0,0.2024,-2629.6171875
932,0.04,0.376,0.0,0.2072,-2629.2236328125
933,0.04,0.376,0.0,0.212,-2627.4912109375
934,0.04,0.376,0.0,0.2168,-2627.6162109375
935,0.04,0.376,0.0,0.2216,-2630.104736328125
936,0.04,0.376,0.0,0.2264,-2626.886962890625
937,0.04,0.376,0.0,0.2312,-2632.123046875
938,0.04,0.376,0.0,0.236,-2626.83837890625
939,0.04,0.376,0.0,0.2408,-2626.796630859375
940,0.04,0.376,0.0,0.2456,-2626.587890625
941,0.04,0.376,0.0,0.2504,-2625.574462890625
942,0.04,0.376,0.0,0.2552,-2624.17529296875
943,0.04,0.376,0.0,0.26,-2625.4599609375
944,0.04,0.376,0.0,0.2648,-2628.216064453125
945,0.04,0.376,0.0,0.2696,-2625.068359375
946,0.04,0.376,0.0,0.2744,-2628.2158203125
947,0.04,0.376,0.0,0.2792,-2626.92724609375
948,0.04,0.376,0.0,0.284,-2628.588623046875
949,0.04,0.376,0.0,0.2888,-2632.01025390625
950,0.04,0.376,0.0,0.2936,-2630.59912109375
951,0.04,0.376,0.0,0.2984,-2629.2724609375
952,0.04,0.376,0.0,0.3032,-2630.16796875
953,0.04,0.376,0.0,0.308,-2630.97216796875
954,0.04,0.376,0.0,0.3128,-2634.983642578125
955,0.04,0.376,0.0,0.3176,-2633.34423828125
956,0.04,0.376,0.0,0.3224,-2633.664306640625
957,0.04,0.376,0.0,0.3272,-2635.08984375
958,0.04,0.376,0.0,0.332,-2636.5712890625
959,0.04,0.376,0.0,0.3368,-2636.915771484375
960,0.04,0.376,0.0,0.3416,-2639.03515625
961,0.04,0.376,0.0,0.3464,-2645.22265625
962,0.04,0.376,0.0,0.3512,-2642.19677734375
963,0.04,0.376,0.0,0.356,-2640.37646484375
964,0.04,0.376,0.0,0.3608,-2642.4736328125
965,0.04,0.376,0.0,0.3656,-2643.879638671875
966,0.04,0.376,0.0,0.3704,-2647.3623046875
967,0.04,0.376,0.0,0.3752,-2646.20556640625
968,0.04,0.376,0.0,0.38,-2647.61376953125
969,0.04,0.378,0.0,0.14,-2654.49560546875
970,0.04,0.378,0.0,0.1448,-2649.942138671875
971,0.04,0.378,0.0,0.1496,-2647.100341796875
972,0.04,0.378,0.0,0.1544,-2648.084228515625
973,0.04,0.378,0.0,0.1592,-2644.4736328125
974,0.04,0.378,0.0,0.164,-2641.40234375
975,0.04,0.378,0.0,0.1688,-2637.8916015625
976,0.04,0.378,0.0,0.1736,-2641.140625
977,0.04,0.378,0.0,0.1784,-2634.22265625
978,0.04,0.378,0.0,0.1832,-2636.03515625
979,0.04,0.378,0.0,0.188,-2635.4931640625
980,0.04,0.378,0.0,0.1928,-2632.373779296875
981,0.04,0.378,0.0,0.1976,-2631.389892578125
982,0.04,0.378,0.0,0.2024,-2629.72021484375
983,0.04,0.378,0.0,0.2072,-2629.767333984375
984,0.04,0.378,0.0,0.212,-2627.925537109375
985,0.04,0.378,0.0,0.2168,-2628.34814453125
986,0.04,0.378,0.0,0.2216,-2630.33056640625
987,0.04,0.378,0.0,0.2264,-2626.56396484375
988,0.04,0.378,0.0,0.2312,-2626.418701171875
989,0.04,0.378,0.0,0.236,-2626.2822265625
990,0.04,0.378,0.0,0.2408,-2626.06689453125
991,0.04,0.378,0.0,0.2456,-2625.97802734375
992,0.04,0.378,0.0,0.2504,-2625.81103515625
993,0.04,0.378,0.0,0.2552,-2626.169921875
994,0.04,0.378,0.0,0.26,-2627.201171875
995,0.04,0.378,0.0,0.2648,-2626.330078125
996,0.04,0.378,0.0,0.2696,-2627.86572265625
997,0.04,0.378,0.0,0.2744,-2627.32470703125
998,0.04,0.378,0.0,0.2792,-2629.2216796875
999,0.04,0.378,0.0,0.284,-2630.0595703125
1000,0.04,0.378,0.0,0.2888,-2630.1435546875
1001,0.04,0.378,0.0,0.2936,-2630.43310546875
1002,0.04,0.378,0.0,0.2984,-2631.597412109375
1003,0.04,0.378,0.0,0.3032,-2632.91796875
1004,0.04,0.378,0.0,0.308,-2632.07666015625
1005,0.04,0.378,0.0,0.3128,-2631.55517578125
1006,0.04,0.378,0.0,0.3176,-2633.837890625
1007,0.04,0.378,0.0,0.3224,-2634.401611328125
1008,0.04,0.378,0.0,0.3272,-2634.483154296875
1009,0.04,0.378,0.0,0.332,-2636.943603515625
1010,0.04,0.378,0.0,0.3368,-2637.241943359375
1011,0.04,0.378,0.0,0.3416,-2638.2138671875
1012,0.04,0.378,0.0,0.3464,-2639.562255859375
1013,0.04,0.378,0.0,0.3512,-2641.6103515625
1014,0.04,0.378,0.0,0.356,-2642.96826171875
1015,0.04,0.378,0.0,0.3608,-2644.390625
1016,0.04,0.378,0.0,0.3656,-2644.58544921875
1017,0.04,0.378,0.0,0.3704,-2645.71533203125
1018,0.04,0.378,0.0,0.3752,-2646.18017578125
1019,0.04,0.378,0.0,0.38,-2649.453857421875
1020,0.04,0.38,0.0,0.14,-2652.5322265625
1021,0.04,0.38,0.0,0.1448,-2649.91064453125
1022,0.04,0.38,0.0,0.1496,-2646.4208984375
1023,0.04,0.38,0.0,0.1544,-2644.88134765625
1024,0.04,0.38,0.0,0.1592,-2641.48291015625
1025,0.04,0.38,0.0,0.164,-2640.73486328125
1026,0.04,0.38,0.0,0.1688,-2638.662109375
1027,0.04,0.38,0.0,0.1736,-2638.2587890625
1028,0.04,0.38,0.0,0.1784,-2635.1865234375
1029,0.04,0.38,0.0,0.1832,-2635.283447265625
1030,0.04,0.38,0.0,0.188,-2632.409912109375
1031,0.04,0.38,0.0,0.1928,-2632.431640625
1032,0.04,0.38,0.0,0.1976,-2630.362548828125
1033,0.04,0.38,0.0,0.2024,-2631.6337890625
1034,0.04,0.38,0.0,0.2072,-2629.175537109375
1035,0.04,0.38,0.0,0.212,-2632.67431640625
1036,0.04,0.38,0.0,0.2168,-2629.275146484375
1037,0.04,0.38,0.0,0.2216,-2627.2578125
1038,0.04,0.38,0.0,0.2264,-2627.85498046875
1039,0.04,0.38,0.0,0.2312,-2628.725341796875
1040,0.04,0.38,0.0,0.236,-2630.70703125
1041,0.04,0.38,0.0,0.2408,-2628.198974609375
1042,0.04,0.38,0.0,0.2456,-2627.67041015625
1043,0.04,0.38,0.0,0.2504,-2626.53369140625
1044,0.04,0.38,0.0,0.2552,-2627.573486328125
1045,0.04,0.38,0.0,0.26,-2627.38623046875
1046,0.04,0.38,0.0,0.2648,-2628.892822265625
1047,0.04,0.38,0.0,0.2696,-2628.8203125
1048,0.04,0.38,0.0,0.2744,-2629.41552734375
1049,0.04,0.38,0.0,0.2792,-2629.427490234375
1050,0.04,0.38,0.0,0.284,-2630.0625
1051,0.04,0.38,0.0,0.2888,-2630.377197265625
1052,0.04,0.38,0.0,0.2936,-2630.822509765625
1053,0.04,0.38,0.0,0.2984,-2632.2001953125
1054,0.04,0.38,0.0,0.3032,-2631.896240234375
1055,0.04,0.38,0.0,0.308,-2632.94140625
1056,0.04,0.38,0.0,0.3128,-2634.1962890625
1057,0.04,0.38,0.0,0.3176,-2633.812744140625
1058,0.04,0.38,0.0,0.3224,-2638.28955078125
1059,0.04,0.38,0.0,0.3272,-2636.0947265625
1060,0.04,0.38,0.0,0.332,-2636.2919921875
1061,0.04,0.38,0.0,0.3368,-2639.61962890625
1062,0.04,0.38,0.0,0.3416,-2639.49853515625
1063,0.04,0.38,0.0,0.3464,-2641.095947265625
1064,0.04,0.38,0.0,0.3512,-2641.55322265625
1065,0.04,0.38,0.0,0.356,-2644.4365234375
1066,0.04,0.38,0.0,0.3608,-2643.574462890625
1067,0.04,0.38,0.0,0.3656,-2645.06787109375
1068,0.04,0.38,0.0,0.3704,-2646.9580078125
1069,0.04,0.38,0.0,0.3752,-2648.2490234375
1070,0.04,0.38,0.0,0.38,-2649.50537109375
1071,0.04,0.382,0.0,0.14,-2653.974609375
1072,0.04,0.382,0.0,0.1448,-2650.922119140625
1073,0.04,0.382,0.0,0.1496,-2648.34033203125
1074,0.04,0.382,0.0,0.1544,-2647.528076171875
1075,0.04,0.382,0.0,0.1592,-2644.61376953125
1076,0.04,0.382,0.0,0.164,-2642.36865234375
1077,0.04,0.382,0.0,0.1688,-2639.84912109375
1078,0.04,0.382,0.0,0.1736,-2638.916259765625
1079,0.04,0.382,0.0,0.1784,-2637.1826171875
1080,0.04,0.382,0.0,0.1832,-2635.69873046875
1081,0.04,0.382,0.0,0.188,-2632.6044921875
1082,0.04,0.382,0.0,0.1928,-2632.990966796875
1083,0.04,0.382,0.0,0.1976,-2632.3740234375
1084,0.04,0.382,0.0,0.2024,-2631.32177734375
1085,0.04,0.382,0.0,0.2072,-2631.24755859375
1086,0.04,0.382,0.0,0.212,-2630.6416015625
1087,0.04,0.382,0.0,0.2168,-2630.5087890625
1088,0.04,0.382,0.0,0.2216,-2629.052734375
1089,0.04,0.382,0.0,0.2264,-2627.19384765625
1090,0.04,0.382,0.0,0.2312,-2628.00537109375
1091,0.04,0.382,0.0,0.236,-2627.61376953125
1092,0.04,0.382,0.0,0.2408,-2627.6669921875
1093,0.04,0.382,0.0,0.2456,-2628.500244140625
1094,0.04,0.382,0.0,0.2504,-2628.34716796875
1095,0.04,0.382,0.0,0.2552,-2627.172607421875
1096,0.04,0.382,0.0,0.26,-2629.242431640625
1097,0.04,0.382,0.0,0.2648,-2628.68408203125
1098,0.04,0.382,0.0,0.2696,-2628.378662109375
1099,0.04,0.382,0.0,0.2744,-2628.73876953125
1100,0.04,0.382,0.0,0.2792,-2630.4365234375
1101,0.04,0.382,0.0,0.284,-2630.984619140625
1102,0.04,0.382,0.0,0.2888,-2630.8837890625
1103,0.04,0.382,0.0,0.2936,-2632.492919921875
1104,0.04,0.382,0.0,0.2984,-2632.83544921875
1105,0.04,0.382,0.0,0.3032,-2632.583984375
1106,0.04,0.382,0.0,0.308,-2633.04833984375
1107,0.04,0.382,0.0,0.3128,-2633.45068359375
1108,0.04,0.382,0.0,0.3176,-2635.26513671875
1109,0.04,0.382,0.0,0.3224,-2637.447998046875
1110,0.04,0.382,0.0,0.3272,-2636.908203125
1111,0.04,0.382,0.0,0.332,-2638.064208984375
1112,0.04,0.382,0.0,0.3368,-2641.009765625
1113,0.04,0.382,0.0,0.3416,-2640.48291015625
1114,0.04,0.382,0.0,0.3464,-2642.08251953125
1115,0.04,0.382,0.0,0.3512,-2642.285888671875
1116,0.04,0.382,0.0,0.356,-2644.14892578125
1117,0.04,0.382,0.0,0.3608,-2646.031005859375
1118,0.04,0.382,0.0,0.3656,-2648.82861328125
1119,0.04,0.382,0.0,0.3704,-2647.42431640625
1120,0.04,0.382,0.0,0.3752,-2649.272705078125
1121,0.04,0.382,0.0,0.38,-2649.4833984375
1122,0.04,0.384,0.0,0.14,-2654.074951171875
1123,0.04,0.384,0.0,0.1448,-2649.154541015625
1124,0.04,0.384,0.0,0.1496,-2650.060546875
1125,0.04,0.384,0.0,0.1544,-2647.87646484375
1126,0.04,0.384,0.0,0.1592,-2647.329833984375
1127,0.04,0.384,0.0,0.164,-2644.2607421875
1128,0.04,0.384,0.0,0.1688,-2639.82177734375
1129,0.04,0.384,0.0,0.1736,-2639.768310546875
1130,0.04,0.384,0.0,0.1784,-2637.869384765625
1131,0.04,0.384,0.0,0.1832,-2635.9462890625
1132,0.04,0.384,0.0,0.188,-2634.12939453125
1133,0.04,0.384,0.0,0.1928,-2633.43408203125
1134,0.04,0.384,0.0,0.1976,-2634.03369140625
1135,0.04,0.384,0.0,0.2024,-2632.04833984375
1136,0.04,0.384,0.0,0.2072,-2629.64990234375
1137,0.04,0.384,0.0,0.212,-2630.9248046875
1138,0.04,0.384,0.0,0.2168,-2630.88916015625
1139,0.04,0.384,0.0,0.2216,-2630.16552734375
1140,0.04,0.384,0.0,0.2264,-2629.9765625
1141,0.04,0.384,0.0,0.2312,-2629.49560546875
1142,0.04,0.384,0.0,0.236,-2629.137939453125
1143,0.04,0.384,0.0,0.2408,-2629.3486328125
1144,0.04,0.384,0.0,0.2456,-2628.65966796875
1145,0.04,0.384,0.0,0.2504,-2628.76806640625
1146,0.04,0.384,0.0,0.2552,-2631.50927734375
1147,0.04,0.384,0.0,0.26,-2630.087646484375
1148,0.04,0.384,0.0,0.2648,-2629.642578125
1149,0.04,0.384,0.0,0.2696,-2629.3388671875
1150,0.04,0.384,0.0,0.2744,-2630.2041015625
1151,0.04,0.384,0.0,0.2792,-2629.91064453125
1152,0.04,0.384,0.0,0.284,-2631.19921875
1153,0.04,0.384,0.0,0.2888,-2632.087890625
1154,0.04,0.384,0.0,0.2936,-2631.56005859375
1155,0.04,0.384,0.0,0.2984,-2632.22412109375
1156,0.04,0.384,0.0,0.3032,-2633.587890625
1157,0.04,0.384,0.0,0.308,-2634.5302734375
1158,0.04,0.384,0.0,0.3128,-2634.729736328125
1159,0.04,0.384,0.0,0.3176,-2636.74462890625
1160,0.04,0.384,0.0,0.3224,-2636.00927734375
1161,0.04,0.384,0.0,0.3272,-2637.8984375
1162,0.04,0.384,0.0,0.332,-2637.90185546875
1163,0.04,0.384,0.0,0.3368,-2640.486572265625
1164,0.04,0.384,0.0,0.3416,-2640.0478515625
1165,0.04,0.384,0.0,0.3464,-2642.08935546875
1166,0.04,0.384,0.0,0.3512,-2643.19140625
1167,0.04,0.384,0.0,0.356,-2644.5009765625
1168,0.04,0.384,0.0,0.3608,-2643.689453125
1169,0.04,0.384,0.0,0.3656,-2648.10009765625
1170,0.04,0.384,0.0,0.3704,-2649.56396484375
1171,0.04,0.384,0.0,0.3752,-2648.889404296875
1172,0.04,0.384,0.0,0.38,-2650.09521484375
1173,0.04,0.386,0.0,0.14,-2654.196044921875
1174,0.04,0.386,0.0,0.1448,-2652.869140625
1175,0.04,0.386,0.0,0.1496,-2648.81494140625
1176,0.04,0.386,0.0,0.1544,-2647.810546875
1177,0.04,0.386,0.0,0.1592,-2643.288818359375
1178,0.04,0.386,0.0,0.164,-2644.24951171875
1179,0.04,0.386,0.0,0.1688,-2640.58740234375
1180,0.04,0.386,0.0,0.1736,-2639.655029296875
1181,0.04,0.386,0.0,0.1784,-2637.2509765625
1182,0.04,0.386,0.0,0.1832,-2637.206298828125
1183,0.04,0.386,0.0,0.188,-2634.304443359375
1184,0.04,0.386,0.0,0.1928,-2634.1923828125
1185,0.04,0.386,0.0,0.1976,-2633.69921875
1186,0.04,0.386,0.0,0.2024,-2633.091796875
1187,0.04,0.386,0.0,0.2072,-2632.304443359375
1188,0.04,0.386,0.0,0.212,-2630.93701171875
1189,0.04,0.386,0.0,0.2168,-2631.0107421875
1190,0.04,0.386,0.0,0.2216,-2628.087646484375
1191,0.04,0.386,0.0,0.2264,-2629.47119140625
1192,0.04,0.386,0.0,0.2312,-2629.2158203125
1193,0.04,0.386,0.0,0.236,-2628.7216796875
1194,0.04,0.386,0.0,0.2408,-2629.249755859375
1195,0.04,0.386,0.0,0.2456,-2628.893310546875
1196,0.04,0.386,0.0,0.2504,-2628.69287109375
1197,0.04,0.386,0.0,0.2552,-2630.108154296875
1198,0.04,0.386,0.0,0.26,-2629.1240234375
1199,0.04,0.386,0.0,0.2648,-2628.66357421875
1200,0.04,0.386,0.0,0.2696,-2629.464599609375
1201,0.04,0.386,0.0,0.2744,-2630.913818359375
1202,0.04,0.386,0.0,0.2792,-2630.885986328125
1203,0.04,0.386,0.0,0.284,-2629.55615234375
1204,0.04,0.386,0.0,0.2888,-2632.607421875
1205,0.04,0.386,0.0,0.2936,-2633.51318359375
1206,0.04,0.386,0.0,0.2984,-2634.974365234375
1207,0.04,0.386,0.0,0.3032,-2633.59716796875
1208,0.04,0.386,0.0,0.308,-2634.9208984375
1209,0.04,0.386,0.0,0.3128,-2635.23388671875
1210,0.04,0.386,0.0,0.3176,-2635.894287109375
1211,0.04,0.386,0.0,0.3224,-2636.863037109375
1212,0.04,0.386,0.0,0.3272,-2637.47998046875
1213,0.04,0.386,0.0,0.332,-2638.169677734375
1214,0.04,0.386,0.0,0.3368,-2641.06005859375
1215,0.04,0.386,0.0,0.3416,-2641.23388671875
1216,0.04,0.386,0.0,0.3464,-2641.1787109375
1217,0.04,0.386,0.0,0.3512,-2644.099609375
1218,0.04,0.386,0.0,0.356,-2645.70458984375
1219,0.04,0.386,0.0,0.3608,-2645.40185546875
1220,0.04,0.386,0.0,0.3656,-2647.345703125
1221,0.04,0.386,0.0,0.3704,-2647.697509765625
1222,0.04,0.386,0.0,0.3752,-2650.61767578125
1223,0.04,0.386,0.0,0.38,-2653.26953125
1224,0.04,0.388,0.0,0.14,-2655.75537109375
1225,0.04,0.388,0.0,0.1448,-2651.085205078125
1226,0.04,0.388,0.0,0.1496,-2651.60498046875
1227,0.04,0.388,0.0,0.1544,-2647.1943359375
1228,0.04,0.388,0.0,0.1592,-2647.29541015625
1229,0.04,0.388,0.0,0.164,-2643.962646484375
1230,0.04,0.388,0.0,0.1688,-2641.5517578125
1231,0.04,0.388,0.0,0.1736,-2638.770263671875
1232,0.04,0.388,0.0,0.1784,-2639.27392578125
1233,0.04,0.388,0.0,0.1832,-2636.82958984375
1234,0.04,0.388,0.0,0.188,-2636.1474609375
1235,0.04,0.388,0.0,0.1928,-2634.984130859375
1236,0.04,0.388,0.0,0.1976,-2633.873291015625
1237,0.04,0.388,0.0,0.2024,-2635.0849609375
1238,0.04,0.388,0.0,0.2072,-2632.399169921875
1239,0.04,0.388,0.0,0.212,-2631.3349609375
1240,0.04,0.388,0.0,0.2168,-2630.63037109375
1241,0.04,0.388,0.0,0.2216,-2629.680419921875
1242,0.04,0.388,0.0,0.2264,-2631.336181640625
1243,0.04,0.388,0.0,0.2312,-2630.00927734375
1244,0.04,0.388,0.0,0.236,-2629.46044921875
1245,0.04,0.388,0.0,0.2408,-2631.339599609375
1246,0.04,0.388,0.0,0.2456,-2628.41796875
1247,0.04,0.388,0.0,0.2504,-2630.1494140625
1248,0.04,0.388,0.0,0.2552,-2629.655517578125
1249,0.04,0.388,0.0,0.26,-2631.075927734375
1250,0.04,0.388,0.0,0.2648,-2630.70654296875
1251,0.04,0.388,0.0,0.2696,-2629.171142578125
1252,0.04,0.388,0.0,0.2744,-2631.41943359375
1253,0.04,0.388,0.0,0.2792,-2632.07763671875
1254,0.04,0.388,0.0,0.284,-2633.6923828125
1255,0.04,0.388,0.0,0.2888,-2632.6572265625
1256,0.04,0.388,0.0,0.2936,-2633.1650390625
1257,0.04,0.388,0.0,0.2984,-2635.00390625
1258,0.04,0.388,0.0,0.3032,-2635.5927734375
1259,0.04,0.388,0.0,0.308,-2635.158935546875
1260,0.04,0.388,0.0,0.3128,-2636.48974609375
1261,0.04,0.388,0.0,0.3176,-2637.66259765625
1262,0.04,0.388,0.0,0.3224,-2638.830078125
1263,0.04,0.388,0.0,0.3272,-2638.55517578125
1264,0.04,0.388,0.0,0.332,-2640.220458984375
1265,0.04,0.388,0.0,0.3368,-2643.161376953125
1266,0.04,0.388,0.0,0.3416,-2642.989990234375
1267,0.04,0.388,0.0,0.3464,-2643.41259765625
1268,0.04,0.388,0.0,0.3512,-2643.63525390625
1269,0.04,0.388,0.0,0.356,-2645.491455078125
1270,0.04,0.388,0.0,0.3608,-2647.93603515625
1271,0.04,0.388,0.0,0.3656,-2647.90625
1272,0.04,0.388,0.0,0.3704,-2649.90771484375
1273,0.04,0.388,0.0,0.3752,-2650.6513671875
1274,0.04,0.388,0.0,0.38,-2652.06982421875
1275,0.04,0.39,0.0,0.14,-2656.054443359375
1276,0.04,0.39,0.0,0.1448,-2653.984375
1277,0.04,0.39,0.0,0.1496,-2651.669921875
1278,0.04,0.39,0.0,0.1544,-2649.4072265625
1279,0.04,0.39,0.0,0.1592,-2647.3984375
1280,0.04,0.39,0.0,0.164,-2643.50146484375
1281,0.04,0.39,0.0,0.1688,-2642.468017578125
1282,0.04,0.39,0.0,0.1736,-2641.887451171875
1283,0.04,0.39,0.0,0.1784,-2640.25048828125
1284,0.04,0.39,0.0,0.1832,-2639.103759765625
1285,0.04,0.39,0.0,0.188,-2637.84423828125
1286,0.04,0.39,0.0,0.1928,-2636.50634765625
1287,0.04,0.39,0.0,0.1976,-2634.822021484375
1288,0.04,0.39,0.0,0.2024,-2633.7587890625
1289,0.04,0.39,0.0,0.2072,-2634.83740234375
1290,0.04,0.39,0.0,0.212,-2633.736328125
1291,0.04,0.39,0.0,0.2168,-2632.23388671875
1292,0.04,0.39,0.0,0.2216,-2631.858642578125
1293,0.04,0.39,0.0,0.2264,-2630.50830078125
1294,0.04,0.39,0.0,0.2312,-2630.520263671875
1295,0.04,0.39,0.0,0.236,-2630.787109375
1296,0.04,0.39,0.0,0.2408,-2631.245849609375
1297,0.04,0.39,0.0,0.2456,-2630.34423828125
1298,0.04,0.39,0.0,0.2504,-2629.52490234375
1299,0.04,0.39,0.0,0.2552,-2632.34326171875
1300,0.04,0.39,0.0,0.26,-2629.69482421875
1301,0.04,0.39,0.0,0.2648,-2630.843994140625
1302,0.04,0.39,0.0,0.2696,-2631.1064453125
1303,0.04,0.39,0.0,0.2744,-2632.2333984375
1304,0.04,0.39,0.0,0.2792,-2631.83203125
1305,0.04,0.39,0.0,0.284,-2634.302734375
1306,0.04,0.39,0.0,0.2888,-2633.4365234375
1307,0.04,0.39,0.0,0.2936,-2632.99365234375
1308,0.04,0.39,0.0,0.2984,-2634.783203125
1309,0.04,0.39,0.0,0.3032,-2635.163330078125
1310,0.04,0.39,0.0,0.308,-2635.789306640625
1311,0.04,0.39,0.0,0.3128,-2636.72412109375
1312,0.04,0.39,0.0,0.3176,-2637.704345703125
1313,0.04,0.39,0.0,0.3224,-2638.76416015625
1314,0.04,0.39,0.0,0.3272,-2639.09765625
1315,0.04,0.39,0.0,0.332,-2642.583251953125
1316,0.04,0.39,0.0,0.3368,-2642.521484375
1317,0.04,0.39,0.0,0.3416,-2643.02197265625
1318,0.04,0.39,0.0,0.3464,-2644.03125
1319,0.04,0.39,0.0,0.3512,-2645.20263671875
1320,0.04,0.39,0.0,0.356,-2646.864990234375
1321,0.04,0.39,0.0,0.3608,-2647.3271484375
1322,0.04,0.39,0.0,0.3656,-2647.60693359375
1323,0.04,0.39,0.0,0.3704,-2650.59814453125
1324,0.04,0.39,0.0,0.3752,-2650.61572265625
1325,0.04,0.39,0.0,0.38,-2653.558349609375
1326,0.04,0.392,0.0,0.14,-2656.016845703125
1327,0.04,0.392,0.0,0.1448,-2653.48046875
1328,0.04,0.392,0.0,0.1496,-2651.56787109375
1329,0.04,0.392,0.0,0.1544,-2649.290283203125
1330,0.04,0.392,0.0,0.1592,-2647.6904296875
1331,0.04,0.392,0.0,0.164,-2645.093994140625
1332,0.04,0.392,0.0,0.1688,-2643.23095703125
1333,0.04,0.392,0.0,0.1736,-2641.40234375
1334,0.04,0.392,0.0,0.1784,-2639.247314453125
1335,0.04,0.392,0.0,0.1832,-2638.7578125
1336,0.04,0.392,0.0,0.188,-2637.39111328125
1337,0.04,0.392,0.0,0.1928,-2636.7890625
1338,0.04,0.392,0.0,0.1976,-2634.96044921875
1339,0.04,0.392,0.0,0.2024,-2633.314208984375
1340,0.04,0.392,0.0,0.2072,-2634.60693359375
1341,0.04,0.392,0.0,0.212,-2634.4111328125
1342,0.04,0.392,0.0,0.2168,-2632.199951171875
1343,0.04,0.392,0.0,0.2216,-2633.2001953125
1344,0.04,0.392,0.0,0.2264,-2632.50244140625
1345,0.04,0.392,0.0,0.2312,-2632.2080078125
1346,0.04,0.392,0.0,0.236,-2632.9609375
1347,0.04,0.392,0.0,0.2408,-2632.18408203125
1348,0.04,0.392,0.0,0.2456,-2632.14208984375
1349,0.04,0.392,0.0,0.2504,-2631.82373046875
1350,0.04,0.392,0.0,0.2552,-2631.748046875
1351,0.04,0.392,0.0,0.26,-2631.86767578125
1352,0.04,0.392,0.0,0.2648,-2631.87451171875
1353,0.04,0.392,0.0,0.2696,-2632.06396484375
1354,0.04,0.392,0.0,0.2744,-2634.01416015625
1355,0.04,0.392,0.0,0.2792,-2633.24853515625
1356,0.04,0.392,0.0,0.284,-2635.622314453125
1357,0.04,0.392,0.0,0.2888,-2633.98974609375
1358,0.04,0.392,0.0,0.2936,-2634.3017578125
1359,0.04,0.392,0.0,0.2984,-2634.8466796875
1360,0.04,0.392,0.0,0.3032,-2637.2529296875
1361,0.04,0.392,0.0,0.308,-2637.359130859375
1362,0.04,0.392,0.0,0.3128,-2637.48876953125
1363,0.04,0.392,0.0,0.3176,-2639.447021484375
1364,0.04,0.392,0.0,0.3224,-2640.722412109375
1365,0.04,0.392,0.0,0.3272,-2642.13671875
1366,0.04,0.392,0.0,0.332,-2641.33740234375
1367,0.04,0.392,0.0,0.3368,-2642.89501953125
1368,0.04,0.392,0.0,0.3416,-2643.494873046875
1369,0.04,0.392,0.0,0.3464,-2644.9736328125
1370,0.04,0.392,0.0,0.3512,-2647.083251953125
1371,0.04,0.392,0.0,0.356,-2647.98291015625
1372,0.04,0.392,0.0,0.3608,-2647.35498046875
1373,0.04,0.392,0.0,0.3656,-2650.069091796875
1374,0.04,0.392,0.0,0.3704,-2649.55078125
1375,0.04,0.392,0.0,0.3752,-2652.119384765625
1376,0.04,0.392,0.0,0.38,-2654.047607421875
1377,0.04,0.394,0.0,0.14,-2657.854736328125
1378,0.04,0.394,0.0,0.1448,-2654.87548828125
1379,0.04,0.394,0.0,0.1496,-2652.376953125
1380,0.04,0.394,0.0,0.1544,-2649.5498046875
1381,0.04,0.394,0.0,0.1592,-2647.544677734375
1382,0.04,0.394,0.0,0.164,-2647.43994140625
1383,0.04,0.394,0.0,0.1688,-2643.472412109375
1384,0.04,0.394,0.0,0.1736,-2642.468994140625
1385,0.04,0.394,0.0,0.1784,-2640.60595703125
1386,0.04,0.394,0.0,0.1832,-2639.940673828125
1387,0.04,0.394,0.0,0.188,-2637.72216796875
1388,0.04,0.394,0.0,0.1928,-2638.90771484375
1389,0.04,0.394,0.0,0.1976,-2636.3251953125
1390,0.04,0.394,0.0,0.2024,-2634.49169921875
1391,0.04,0.394,0.0,0.2072,-2633.9287109375
1392,0.04,0.394,0.0,0.212,-2631.959228515625
1393,0.04,0.394,0.0,0.2168,-2633.52685546875
1394,0.04,0.394,0.0,0.2216,-2632.41943359375
1395,0.04,0.394,0.0,0.2264,-2631.796630859375
1396,0.04,0.394,0.0,0.2312,-2631.755859375
1397,0.04,0.394,0.0,0.236,-2632.55908203125
1398,0.04,0.394,0.0,0.2408,-2633.646728515625
1399,0.04,0.394,0.0,0.2456,-2632.6318359375
1400,0.04,0.394,0.0,0.2504,-2631.82080078125
1401,0.04,0.394,0.0,0.2552,-2633.323974609375
1402,0.04,0.394,0.0,0.26,-2632.78955078125
1403,0.04,0.394,0.0,0.2648,-2632.66064453125
1404,0.04,0.394,0.0,0.2696,-2633.474609375
1405,0.04,0.394,0.0,0.2744,-2633.99462890625
1406,0.04,0.394,0.0,0.2792,-2632.87939453125
1407,0.04,0.394,0.0,0.284,-2635.0576171875
1408,0.04,0.394,0.0,0.2888,-2634.287109375
1409,0.04,0.394,0.0,0.2936,-2635.148193359375
1410,0.04,0.394,0.0,0.2984,-2636.71142578125
1411,0.04,0.394,0.0,0.3032,-2637.84130859375
1412,0.04,0.394,0.0,0.308,-2637.94384765625
1413,0.04,0.394,0.0,0.3128,-2638.049072265625
1414,0.04,0.394,0.0,0.3176,-2640.66650390625
1415,0.04,0.394,0.0,0.3224,-2639.7626953125
1416,0.04,0.394,0.0,0.3272,-2643.544677734375
1417,0.04,0.394,0.0,0.332,-2642.577880859375
1418,0.04,0.394,0.0,0.3368,-2644.528076171875
1419,0.04,0.394,0.0,0.3416,-2645.50537109375
1420,0.04,0.394,0.0,0.3464,-2644.8232421875
1421,0.04,0.394,0.0,0.3512,-2646.39697265625
1422,0.04,0.394,0.0,0.356,-2648.07421875
1423,0.04,0.394,0.0,0.3608,-2648.424072265625
1424,0.04,0.394,0.0,0.3656,-2650.4208984375
1425,0.04,0.394,0.0,0.3704,-2652.01318359375
1426,0.04,0.394,0.0,0.3752,-2652.5263671875
1427,0.04,0.394,0.0,0.38,-2654.84130859375
1428,0.04,0.396,0.0,0.14,-2657.71630859375
1429,0.04,0.396,0.0,0.1448,-2655.16796875
1430,0.04,0.396,0.0,0.1496,-2653.32568359375
1431,0.04,0.396,0.0,0.1544,-2649.66796875
1432,0.04,0.396,0.0,0.1592,-2648.3798828125
1433,0.04,0.396,0.0,0.164,-2646.85595703125
1434,0.04,0.396,0.0,0.1688,-2642.9111328125
1435,0.04,0.396,0.0,0.1736,-2643.23388671875
1436,0.04,0.396,0.0,0.1784,-2643.059814453125
1437,0.04,0.396,0.0,0.1832,-2640.38623046875
1438,0.04,0.396,0.0,0.188,-2638.68505859375
1439,0.04,0.396,0.0,0.1928,-2638.463623046875
1440,0.04,0.396,0.0,0.1976,-2636.425537109375
1441,0.04,0.396,0.0,0.2024,-2636.56298828125
1442,0.04,0.396,0.0,0.2072,-2635.6875
1443,0.04,0.396,0.0,0.212,-2635.629150390625
1444,0.04,0.396,0.0,0.2168,-2635.092529296875
1445,0.04,0.396,0.0,0.2216,-2634.2177734375
1446,0.04,0.396,0.0,0.2264,-2633.41845703125
1447,0.04,0.396,0.0,0.2312,-2632.142333984375
1448,0.04,0.396,0.0,0.236,-2632.8984375
1449,0.04,0.396,0.0,0.2408,-2633.113525390625
1450,0.04,0.396,0.0,0.2456,-2632.3603515625
1451,0.04,0.396,0.0,0.2504,-2633.86083984375
1452,0.04,0.396,0.0,0.2552,-2633.664306640625
1453,0.04,0.396,0.0,0.26,-2632.29052734375
1454,0.04,0.396,0.0,0.2648,-2634.21875
1455,0.04,0.396,0.0,0.2696,-2635.5693359375
1456,0.04,0.396,0.0,0.2744,-2633.723876953125
1457,0.04,0.396,0.0,0.2792,-2634.6435546875
1458,0.04,0.396,0.0,0.284,-2636.785888671875
1459,0.04,0.396,0.0,0.2888,-2635.44873046875
1460,0.04,0.396,0.0,0.2936,-2636.388671875
1461,0.04,0.396,0.0,0.2984,-2636.4541015625
1462,0.04,0.396,0.0,0.3032,-2637.91064453125
1463,0.04,0.396,0.0,0.308,-2638.12890625
1464,0.04,0.396,0.0,0.3128,-2638.143310546875
1465,0.04,0.396,0.0,0.3176,-2639.76123046875
1466,0.04,0.396,0.0,0.3224,-2642.646484375
1467,0.04,0.396,0.0,0.3272,-2641.8994140625
1468,0.04,0.396,0.0,0.332,-2643.267578125
1469,0.04,0.396,0.0,0.3368,-2643.658203125
1470,0.04,0.396,0.0,0.3416,-2644.0791015625
1471,0.04,0.396,0.0,0.3464,-2646.16015625
1472,0.04,0.396,0.0,0.3512,-2648.100341796875
1473,0.04,0.396,0.0,0.356,-2649.96044921875
1474,0.04,0.396,0.0,0.3608,-2650.492919921875
1475,0.04,0.396,0.0,0.3656,-2651.0830078125
1476,0.04,0.396,0.0,0.3704,-2652.09619140625
1477,0.04,0.396,0.0,0.3752,-2653.79931640625
1478,0.04,0.396,0.0,0.38,-2654.624267578125
1479,0.04,0.398,0.0,0.14,-2658.0693359375
1480,0.04,0.398,0.0,0.1448,-2655.8154296875
1481,0.04,0.398,0.0,0.1496,-2653.903076171875
1482,0.04,0.398,0.0,0.1544,-2650.51220703125
1483,0.04,0.398,0.0,0.1592,-2649.03466796875
1484,0.04,0.398,0.0,0.164,-2647.20361328125
1485,0.04,0.398,0.0,0.1688,-2644.94189453125
1486,0.04,0.398,0.0,0.1736,-2644.63916015625
1487,0.04,0.398,0.0,0.1784,-2641.975830078125
1488,0.04,0.398,0.0,0.1832,-2640.78564453125
1489,0.04,0.398,0.0,0.188,-2640.04638671875
1490,0.04,0.398,0.0,0.1928,-2638.59423828125
1491,0.04,0.398,0.0,0.1976,-2638.53515625
1492,0.04,0.398,0.0,0.2024,-2636.0009765625
1493,0.04,0.398,0.0,0.2072,-2636.638671875
1494,0.04,0.398,0.0,0.212,-2636.59033203125
1495,0.04,0.398,0.0,0.2168,-2634.484130859375
1496,0.04,0.398,0.0,0.2216,-2633.49951171875
1497,0.04,0.398,0.0,0.2264,-2635.23974609375
1498,0.04,0.398,0.0,0.2312,-2634.07763671875
1499,0.04,0.398,0.0,0.236,-2634.18505859375
1500,0.04,0.398,0.0,0.2408,-2632.04248046875
1501,0.04,0.398,0.0,0.2456,-2634.626953125
1502,0.04,0.398,0.0,0.2504,-2633.45654296875
1503,0.04,0.398,0.0,0.2552,-2634.103271484375
1504,0.04,0.398,0.0,0.26,-2634.15673828125
1505,0.04,0.398,0.0,0.2648,-2634.00048828125
1506,0.04,0.398,0.0,0.2696,-2634.6064453125
1507,0.04,0.398,0.0,0.2744,-2634.80517578125
1508,0.04,0.398,0.0,0.2792,-2635.24169921875
1509,0.04,0.398,0.0,0.284,-2636.631103515625
1510,0.04,0.398,0.0,0.2888,-2636.56298828125
1511,0.04,0.398,0.0,0.2936,-2636.521728515625
1512,0.04,0.398,0.0,0.2984,-2638.134765625
1513,0.04,0.398,0.0,0.3032,-2639.130859375
1514,0.04,0.398,0.0,0.308,-2639.75537109375
1515,0.04,0.398,0.0,0.3128,-2640.27685546875
1516,0.04,0.398,0.0,0.3176,-2641.10302734375
1517,0.04,0.398,0.0,0.3224,-2642.72021484375
1518,0.04,0.398,0.0,0.3272,-2642.6181640625
1519,0.04,0.398,0.0,0.332,-2643.498046875
1520,0.04,0.398,0.0,0.3368,-2645.0732421875
1521,0.04,0.398,0.0,0.3416,-2645.61083984375
1522,0.04,0.398,0.0,0.3464,-2647.342529296875
1523,0.04,0.398,0.0,0.3512,-2648.600830078125
1524,0.04,0.398,0.0,0.356,-2649.291015625
1525,0.04,0.398,0.0,0.3608,-2652.333984375
1526,0.04,0.398,0.0,0.3656,-2653.191162109375
1527,0.04,0.398,0.0,0.3704,-2654.17138671875
1528,0.04,0.398,0.0,0.3752,-2654.609130859375
1529,0.04,0.398,0.0,0.38,-2655.387451171875
1530,0.04,0.4,0.0,0.14,-2660.1142578125
1531,0.04,0.4,0.0,0.1448,-2657.7705078125
1532,0.04,0.4,0.0,0.1496,-2653.70263671875
1533,0.04,0.4,0.0,0.1544,-2651.37548828125
1534,0.04,0.4,0.0,0.1592,-2650.698486328125
1535,0.04,0.4,0.0,0.164,-2646.72021484375
1536,0.04,0.4,0.0,0.1688,-2645.825927734375
1537,0.04,0.4,0.0,0.1736,-2644.8291015625
1538,0.04,0.4,0.0,0.1784,-2642.754150390625
1539,0.04,0.4,0.0,0.1832,-2642.1240234375
1540,0.04,0.4,0.0,0.188,-2639.610595703125
1541,0.04,0.4,0.0,0.1928,-2638.982421875
1542,0.04,0.4,0.0,0.1976,-2638.35546875
1543,0.04,0.4,0.0,0.2024,-2636.96875
1544,0.04,0.4,0.0,0.2072,-2636.45556640625
1545,0.04,0.4,0.0,0.212,-2635.30810546875
1546,0.04,0.4,0.0,0.2168,-2634.11083984375
1547,0.04,0.4,0.0,0.2216,-2635.1728515625
1548,0.04,0.4,0.0,0.2264,-2633.911865234375
1549,0.04,0.4,0.0,0.2312,-2635.97998046875
1550,0.04,0.4,0.0,0.236,-2635.265380859375
1551,0.04,0.4,0.0,0.2408,-2634.44287109375
1552,0.04,0.4,0.0,0.2456,-2635.115966796875
1553,0.04,0.4,0.0,0.2504,-2632.8017578125
1554,0.04,0.4,0.0,0.2552,-2635.55908203125
1555,0.04,0.4,0.0,0.26,-2635.193359375
1556,0.04,0.4,0.0,0.2648,-2634.788330078125
1557,0.04,0.4,0.0,0.2696,-2634.52783203125
1558,0.04,0.4,0.0,0.2744,-2636.13916015625
1559,0.04,0.4,0.0,0.2792,-2636.115966796875
1560,0.04,0.4,0.0,0.284,-2637.05810546875
1561,0.04,0.4,0.0,0.2888,-2637.796875
1562,0.04,0.4,0.0,0.2936,-2638.31982421875
1563,0.04,0.4,0.0,0.2984,-2638.7099609375
1564,0.04,0.4,0.0,0.3032,-2638.518310546875
1565,0.04,0.4,0.0,0.308,-2640.30712890625
1566,0.04,0.4,0.0,0.3128,-2641.53759765625
1567,0.04,0.4,0.0,0.3176,-2641.400146484375
1568,0.04,0.4,0.0,0.3224,-2643.07373046875
1569,0.04,0.4,0.0,0.3272,-2643.947021484375
1570,0.04,0.4,0.0,0.332,-2645.75390625
1571,0.04,0.4,0.0,0.3368,-2646.181640625
1572,0.04,0.4,0.0,0.3416,-2647.006591796875
1573,0.04,0.4,0.0,0.3464,-2648.0126953125
1574,0.04,0.4,0.0,0.3512,-2650.136474609375
1575,0.04,0.4,0.0,0.356,-2649.99365234375
1576,0.04,0.4,0.0,0.3608,-2651.008056640625
1577,0.04,0.4,0.0,0.3656,-2654.3642578125
1578,0.04,0.4,0.0,0.3704,-2654.065673828125
1579,0.04,0.4,0.0,0.3752,-2655.390625
1580,0.04,0.4,0.0,0.38,-2656.357177734375
1581,0.04,0.402,0.0,0.14,-2659.244140625
1582,0.04,0.402,0.0,0.1448,-2657.21728515625
1583,0.04,0.402,0.0,0.1496,-2654.5625
1584,0.04,0.402,0.0,0.1544,-2652.76318359375
1585,0.04,0.402,0.0,0.1592,-2649.841796875
1586,0.04,0.402,0.0,0.164,-2648.369873046875
1587,0.04,0.402,0.0,0.1688,-2646.534912109375
1588,0.04,0.402,0.0,0.1736,-2645.17578125
1589,0.04,0.402,0.0,0.1784,-2644.151123046875
1590,0.04,0.402,0.0,0.1832,-2644.16796875
1591,0.04,0.402,0.0,0.188,-2641.346923828125
1592,0.04,0.402,0.0,0.1928,-2639.758544921875
1593,0.04,0.402,0.0,0.1976,-2640.275146484375
1594,0.04,0.402,0.0,0.2024,-2637.36279296875
1595,0.04,0.402,0.0,0.2072,-2636.537109375
1596,0.04,0.402,0.0,0.212,-2636.376953125
1597,0.04,0.402,0.0,0.2168,-2636.08642578125
1598,0.04,0.402,0.0,0.2216,-2636.781982421875
1599,0.04,0.402,0.0,0.2264,-2636.12890625
1600,0.04,0.402,0.0,0.2312,-2636.574951171875
1601,0.04,0.402,0.0,0.236,-2635.2626953125
1602,0.04,0.402,0.0,0.2408,-2635.4892578125
1603,0.04,0.402,0.0,0.2456,-2636.512451171875
1604,0.04,0.402,0.0,0.2504,-2635.198974609375
1605,0.04,0.402,0.0,0.2552,-2636.373291015625
1606,0.04,0.402,0.0,0.26,-2637.052978515625
1607,0.04,0.402,0.0,0.2648,-2635.42333984375
1608,0.04,0.402,0.0,0.2696,-2635.478515625
1609,0.04,0.402,0.0,0.2744,-2636.71240234375
1610,0.04,0.402,0.0,0.2792,-2637.4423828125
1611,0.04,0.402,0.0,0.284,-2637.60546875
1612,0.04,0.402,0.0,0.2888,-2638.48583984375
1613,0.04,0.402,0.0,0.2936,-2637.967529296875
1614,0.04,0.402,0.0,0.2984,-2639.96484375
1615,0.04,0.402,0.0,0.3032,-2640.94970703125
1616,0.04,0.402,0.0,0.308,-2640.2890625
1617,0.04,0.402,0.0,0.3128,-2643.08935546875
1618,0.04,0.402,0.0,0.3176,-2641.99658203125
1619,0.04,0.402,0.0,0.3224,-2642.9873046875
1620,0.04,0.402,0.0,0.3272,-2644.650390625
1621,0.04,0.402,0.0,0.332,-2644.94482421875
1622,0.04,0.402,0.0,0.3368,-2646.056640625
1623,0.04,0.402,0.0,0.3416,-2648.791748046875
1624,0.04,0.402,0.0,0.3464,-2648.12841796875
1625,0.04,0.402,0.0,0.3512,-2651.834716796875
1626,0.04,0.402,0.0,0.356,-2650.9443359375
1627,0.04,0.402,0.0,0.3608,-2652.713623046875
1628,0.04,0.402,0.0,0.3656,-2654.1025390625
1629,0.04,0.402,0.0,0.3704,-2655.530029296875
1630,0.04,0.402,0.0,0.3752,-2655.762939453125
1631,0.04,0.402,0.0,0.38,-2657.576904296875
1632,0.04,0.404,0.0,0.14,-2661.568359375
1633,0.04,0.404,0.0,0.1448,-2658.158203125
1634,0.04,0.404,0.0,0.1496,-2656.34521484375
1635,0.04,0.404,0.0,0.1544,-2653.5439453125
1636,0.04,0.404,0.0,0.1592,-2652.247314453125
1637,0.04,0.404,0.0,0.164,-2647.6806640625
1638,0.04,0.404,0.0,0.1688,-2647.47119140625
1639,0.04,0.404,0.0,0.1736,-2647.1591796875
1640,0.04,0.404,0.0,0.1784,-2644.69921875
1641,0.04,0.404,0.0,0.1832,-2642.7431640625
1642,0.04,0.404,0.0,0.188,-2642.420166015625
1643,0.04,0.404,0.0,0.1928,-2640.77001953125
1644,0.04,0.404,0.0,0.1976,-2639.765869140625
1645,0.04,0.404,0.0,0.2024,-2638.85009765625
1646,0.04,0.404,0.0,0.2072,-2638.1904296875
1647,0.04,0.404,0.0,0.212,-2639.13330078125
1648,0.04,0.404,0.0,0.2168,-2639.003662109375
1649,0.04,0.404,0.0,0.2216,-2637.38720703125
1650,0.04,0.404,0.0,0.2264,-2637.36376953125
1651,0.04,0.404,0.0,0.2312,-2637.16552734375
1652,0.04,0.404,0.0,0.236,-2636.03125
1653,0.04,0.404,0.0,0.2408,-2636.34375
1654,0.04,0.404,0.0,0.2456,-2636.34765625
1655,0.04,0.404,0.0,0.2504,-2636.1533203125
1656,0.04,0.404,0.0,0.2552,-2636.35888671875
1657,0.04,0.404,0.0,0.26,-2636.09912109375
1658,0.04,0.404,0.0,0.2648,-2637.3486328125
1659,0.04,0.404,0.0,0.2696,-2637.17626953125
1660,0.04,0.404,0.0,0.2744,-2637.334228515625
1661,0.04,0.404,0.0,0.2792,-2637.440673828125
1662,0.04,0.404,0.0,0.284,-2637.867919921875
1663,0.04,0.404,0.0,0.2888,-2638.85009765625
1664,0.04,0.404,0.0,0.2936,-2639.4560546875
1665,0.04,0.404,0.0,0.2984,-2640.6689453125
1666,0.04,0.404,0.0,0.3032,-2641.189453125
1667,0.04,0.404,0.0,0.308,-2640.895751953125
1668,0.04,0.404,0.0,0.3128,-2641.63427734375
1669,0.04,0.404,0.0,0.3176,-2643.958984375
1670,0.04,0.404,0.0,0.3224,-2645.07861328125
1671,0.04,0.404,0.0,0.3272,-2645.26318359375
1672,0.04,0.404,0.0,0.332,-2646.614501953125
1673,0.04,0.404,0.0,0.3368,-2647.11865234375
1674,0.04,0.404,0.0,0.3416,-2650.06201171875
1675,0.04,0.404,0.0,0.3464,-2649.67041015625
1676,0.04,0.404,0.0,0.3512,-2652.291748046875
1677,0.04,0.404,0.0,0.356,-2651.3974609375
1678,0.04,0.404,0.0,0.3608,-2653.873046875
1679,0.04,0.404,0.0,0.3656,-2655.556396484375
1680,0.04,0.404,0.0,0.3704,-2656.01513671875
1681,0.04,0.404,0.0,0.3752,-2657.351806640625
1682,0.04,0.404,0.0,0.38,-2659.68798828125
1683,0.04,0.406,0.0,0.14,-2661.40966796875
1684,0.04,0.406,0.0,0.1448,-2659.096435546875
1685,0.04,0.406,0.0,0.1496,-2657.599609375
1686,0.04,0.406,0.0,0.1544,-2653.703857421875
1687,0.04,0.406,0.0,0.1592,-2652.212890625
1688,0.04,0.406,0.0,0.164,-2650.96533203125
1689,0.04,0.406,0.0,0.1688,-2648.272216796875
1690,0.04,0.406,0.0,0.1736,-2648.05908203125
1691,0.04,0.406,0.0,0.1784,-2646.31787109375
1692,0.04,0.406,0.0,0.1832,-2643.54296875
1693,0.04,0.406,0.0,0.188,-2641.859375
1694,0.04,0.406,0.0,0.1928,-2640.400390625
1695,0.04,0.406,0.0,0.1976,-2641.5654296875
1696,0.04,0.406,0.0,0.2024,-2640.54248046875
1697,0.04,0.406,0.0,0.2072,-2638.9111328125
1698,0.04,0.406,0.0,0.212,-2637.863037109375
1699,0.04,0.406,0.0,0.2168,-2639.8115234375
1700,0.04,0.406,0.0,0.2216,-2637.6650390625
1701,0.04,0.406,0.0,0.2264,-2637.921142578125
1702,0.04,0.406,0.0,0.2312,-2638.4404296875
1703,0.04,0.406,0.0,0.236,-2637.49951171875
1704,0.04,0.406,0.0,0.2408,-2637.705322265625
1705,0.04,0.406,0.0,0.2456,-2637.01318359375
1706,0.04,0.406,0.0,0.2504,-2636.76025390625
1707,0.04,0.406,0.0,0.2552,-2637.369384765625
1708,0.04,0.406,0.0,0.26,-2638.51513671875
1709,0.04,0.406,0.0,0.2648,-2637.86376953125
1710,0.04,0.406,0.0,0.2696,-2638.325927734375
1711,0.04,0.406,0.0,0.2744,-2638.47705078125
1712,0.04,0.406,0.0,0.2792,-2640.0439453125
1713,0.04,0.406,0.0,0.284,-2639.434814453125
1714,0.04,0.406,0.0,0.2888,-2640.14404296875
1715,0.04,0.406,0.0,0.2936,-2641.509521484375
1716,0.04,0.406,0.0,0.2984,-2641.982666015625
1717,0.04,0.406,0.0,0.3032,-2642.422119140625
1718,0.04,0.406,0.0,0.308,-2644.31591796875
1719,0.04,0.406,0.0,0.3128,-2643.61474609375
1720,0.04,0.406,0.0,0.3176,-2644.5849609375
1721,0.04,0.406,0.0,0.3224,-2644.72314453125
1722,0.04,0.406,0.0,0.3272,-2646.58056640625
1723,0.04,0.406,0.0,0.332,-2646.5478515625
1724,0.04,0.406,0.0,0.3368,-2648.6513671875
1725,0.04,0.406,0.0,0.3416,-2649.895751953125
1726,0.04,0.406,0.0,0.3464,-2650.816162109375
1727,0.04,0.406,0.0,0.3512,-2651.4404296875
1728,0.04,0.406,0.0,0.356,-2653.5732421875
1729,0.04,0.406,0.0,0.3608,-2656.277099609375
1730,0.04,0.406,0.0,0.3656,-2655.17822265625
1731,0.04,0.406,0.0,0.3704,-2657.50732421875
1732,0.04,0.406,0.0,0.3752,-2657.099853515625
1733,0.04,0.406,0.0,0.38,-2660.9423828125
1734,0.04,0.408,0.0,0.14,-2662.376708984375
1735,0.04,0.408,0.0,0.1448,-2661.187744140625
1736,0.04,0.408,0.0,0.1496,-2656.4384765625
1737,0.04,0.408,0.0,0.1544,-2654.86572265625
1738,0.04,0.408,0.0,0.1592,-2651.30029296875
1739,0.04,0.408,0.0,0.164,-2651.312255859375
1740,0.04,0.408,0.0,0.1688,-2649.5693359375
1741,0.04,0.408,0.0,0.1736,-2647.876953125
1742,0.04,0.408,0.0,0.1784,-2646.264404296875
1743,0.04,0.408,0.0,0.1832,-2645.9052734375
1744,0.04,0.408,0.0,0.188,-2645.4150390625
1745,0.04,0.408,0.0,0.1928,-2643.0791015625
1746,0.04,0.408,0.0,0.1976,-2642.660400390625
1747,0.04,0.408,0.0,0.2024,-2640.770751953125
1748,0.04,0.408,0.0,0.2072,-2640.158203125
1749,0.04,0.408,0.0,0.212,-2639.10693359375
1750,0.04,0.408,0.0,0.2168,-2639.34326171875
1751,0.04,0.408,0.0,0.2216,-2637.8662109375
1752,0.04,0.408,0.0,0.2264,-2638.498291015625
1753,0.04,0.408,0.0,0.2312,-2637.86328125
1754,0.04,0.408,0.0,0.236,-2637.358642578125
1755,0.04,0.408,0.0,0.2408,-2637.169677734375
1756,0.04,0.408,0.0,0.2456,-2637.54296875
1757,0.04,0.408,0.0,0.2504,-2637.21923828125
1758,0.04,0.408,0.0,0.2552,-2637.5234375
1759,0.04,0.408,0.0,0.26,-2637.755615234375
1760,0.04,0.408,0.0,0.2648,-2638.9384765625
1761,0.04,0.408,0.0,0.2696,-2638.423828125
1762,0.04,0.408,0.0,0.2744,-2638.81396484375
1763,0.04,0.408,0.0,0.2792,-2640.068603515625
1764,0.04,0.408,0.0,0.284,-2639.54931640625
1765,0.04,0.408,0.0,0.2888,-2641.15283203125
1766,0.04,0.408,0.0,0.2936,-2642.0712890625
1767,0.04,0.408,0.0,0.2984,-2642.075927734375
1768,0.04,0.408,0.0,0.3032,-2642.82275390625
1769,0.04,0.408,0.0,0.308,-2643.42529296875
1770,0.04,0.408,0.0,0.3128,-2645.60595703125
1771,0.04,0.408,0.0,0.3176,-2646.3603515625
1772,0.04,0.408,0.0,0.3224,-2646.516845703125
1773,0.04,0.408,0.0,0.3272,-2648.58056640625
1774,0.04,0.408,0.0,0.332,-2648.98486328125
1775,0.04,0.408,0.0,0.3368,-2649.4501953125
1776,0.04,0.408,0.0,0.3416,-2650.68017578125
1777,0.04,0.408,0.0,0.3464,-2651.47998046875
1778,0.04,0.408,0.0,0.3512,-2653.46728515625
1779,0.04,0.408,0.0,0.356,-2653.99609375
1780,0.04,0.408,0.0,0.3608,-2655.04443359375
1781,0.04,0.408,0.0,0.3656,-2656.301513671875
1782,0.04,0.408,0.0,0.3704,-2658.83837890625
1783,0.04,0.408,0.0,0.3752,-2659.77099609375
1784,0.04,0.408,0.0,0.38,-2659.9794921875
1785,0.04,0.41,0.0,0.14,-2662.76513671875
1786,0.04,0.41,0.0,0.1448,-2662.0302734375
1787,0.04,0.41,0.0,0.1496,-2657.66845703125
1788,0.04,0.41,0.0,0.1544,-2655.836669921875
1789,0.04,0.41,0.0,0.1592,-2653.1650390625
1790,0.04,0.41,0.0,0.164,-2654.2861328125
1791,0.04,0.41,0.0,0.1688,-2649.353759765625
1792,0.04,0.41,0.0,0.1736,-2648.28515625
1793,0.04,0.41,0.0,0.1784,-2647.221923828125
1794,0.04,0.41,0.0,0.1832,-2645.1357421875
1795,0.04,0.41,0.0,0.188,-2644.626220703125
1796,0.04,0.41,0.0,0.1928,-2643.704833984375
1797,0.04,0.41,0.0,0.1976,-2643.125732421875
1798,0.04,0.41,0.0,0.2024,-2641.28271484375
1799,0.04,0.41,0.0,0.2072,-2640.671875
1800,0.04,0.41,0.0,0.212,-2640.83837890625
1801,0.04,0.41,0.0,0.2168,-2640.15869140625
1802,0.04,0.41,0.0,0.2216,-2640.868896484375
1803,0.04,0.41,0.0,0.2264,-2638.72998046875
1804,0.04,0.41,0.0,0.2312,-2639.8828125
1805,0.04,0.41,0.0,0.236,-2639.447265625
1806,0.04,0.41,0.0,0.2408,-2639.99658203125
1807,0.04,0.41,0.0,0.2456,-2639.384765625
1808,0.04,0.41,0.0,0.2504,-2640.0654296875
1809,0.04,0.41,0.0,0.2552,-2639.671630859375
1810,0.04,0.41,0.0,0.26,-2638.1484375
1811,0.04,0.41,0.0,0.2648,-2639.0146484375
1812,0.04,0.41,0.0,0.2696,-2640.806640625
1813,0.04,0.41,0.0,0.2744,-2640.373046875
1814,0.04,0.41,0.0,0.2792,-2641.0615234375
1815,0.04,0.41,0.0,0.284,-2641.50244140625
1816,0.04,0.41,0.0,0.2888,-2641.0029296875
1817,0.04,0.41,0.0,0.2936,-2641.61181640625
1818,0.04,0.41,0.0,0.2984,-2643.64306640625
1819,0.04,0.41,0.0,0.3032,-2643.39111328125
1820,0.04,0.41,0.0,0.308,-2643.499755859375
1821,0.04,0.41,0.0,0.3128,-2645.574951171875
1822,0.04,0.41,0.0,0.3176,-2646.01220703125
1823,0.04,0.41,0.0,0.3224,-2648.28857421875
1824,0.04,0.41,0.0,0.3272,-2648.1279296875
1825,0.04,0.41,0.0,0.332,-2649.405029296875
1826,0.04,0.41,0.0,0.3368,-2651.36767578125
1827,0.04,0.41,0.0,0.3416,-2651.94482421875
1828,0.04,0.41,0.0,0.3464,-2653.29345703125
1829,0.04,0.41,0.0,0.3512,-2655.3681640625
1830,0.04,0.41,0.0,0.356,-2654.80517578125
1831,0.04,0.41,0.0,0.3608,-2656.845947265625
1832,0.04,0.41,0.0,0.3656,-2656.675048828125
1833,0.04,0.41,0.0,0.3704,-2659.748046875
1834,0.04,0.41,0.0,0.3752,-2660.08447265625
1835,0.04,0.41,0.0,0.38,-2660.923828125
1836,0.04,0.412,0.0,0.14,-2665.8798828125
1837,0.04,0.412,0.0,0.1448,-2661.878173828125
1838,0.04,0.412,0.0,0.1496,-2659.015380859375
1839,0.04,0.412,0.0,0.1544,-2655.601318359375
1840,0.04,0.412,0.0,0.1592,-2653.7666015625
1841,0.04,0.412,0.0,0.164,-2653.9677734375
1842,0.04,0.412,0.0,0.1688,-2651.486328125
1843,0.04,0.412,0.0,0.1736,-2650.135498046875
1844,0.04,0.412,0.0,0.1784,-2647.97998046875
1845,0.04,0.412,0.0,0.1832,-2647.01904296875
1846,0.04,0.412,0.0,0.188,-2645.2119140625
1847,0.04,0.412,0.0,0.1928,-2644.171142578125
1848,0.04,0.412,0.0,0.1976,-2643.4794921875
1849,0.04,0.412,0.0,0.2024,-2642.775634765625
1850,0.04,0.412,0.0,0.2072,-2642.19580078125
1851,0.04,0.412,0.0,0.212,-2642.208984375
1852,0.04,0.412,0.0,0.2168,-2641.6787109375
1853,0.04,0.412,0.0,0.2216,-2641.19140625
1854,0.04,0.412,0.0,0.2264,-2640.82275390625
1855,0.04,0.412,0.0,0.2312,-2639.87890625
1856,0.04,0.412,0.0,0.236,-2639.33056640625
1857,0.04,0.412,0.0,0.2408,-2639.51513671875
1858,0.04,0.412,0.0,0.2456,-2640.82568359375
1859,0.04,0.412,0.0,0.2504,-2639.578125
1860,0.04,0.412,0.0,0.2552,-2640.69140625
1861,0.04,0.412,0.0,0.26,-2640.150390625
1862,0.04,0.412,0.0,0.2648,-2640.7744140625
1863,0.04,0.412,0.0,0.2696,-2639.575927734375
1864,0.04,0.412,0.0,0.2744,-2641.506103515625
1865,0.04,0.412,0.0,0.2792,-2641.562255859375
1866,0.04,0.412,0.0,0.284,-2642.7275390625
1867,0.04,0.412,0.0,0.2888,-2642.8994140625
1868,0.04,0.412,0.0,0.2936,-2644.00634765625
1869,0.04,0.412,0.0,0.2984,-2644.825439453125
1870,0.04,0.412,0.0,0.3032,-2644.0947265625
1871,0.04,0.412,0.0,0.308,-2645.6953125
1872,0.04,0.412,0.0,0.3128,-2646.17431640625
1873,0.04,0.412,0.0,0.3176,-2648.475830078125
1874,0.04,0.412,0.0,0.3224,-2648.513671875
1875,0.04,0.412,0.0,0.3272,-2648.627197265625
1876,0.04,0.412,0.0,0.332,-2650.29345703125
1877,0.04,0.412,0.0,0.3368,-2650.86767578125
1878,0.04,0.412,0.0,0.3416,-2652.848388671875
1879,0.04,0.412,0.0,0.3464,-2653.558837890625
1880,0.04,0.412,0.0,0.3512,-2654.883056640625
1881,0.04,0.412,0.0,0.356,-2655.2548828125
1882,0.04,0.412,0.0,0.3608,-2659.42529296875
1883,0.04,0.412,0.0,0.3656,-2659.06298828125
1884,0.04,0.412,0.0,0.3704,-2660.7333984375
1885,0.04,0.412,0.0,0.3752,-2661.0419921875
1886,0.04,0.412,0.0,0.38,-2662.259765625
1887,0.04,0.414,0.0,0.14,-2665.46044921875
1888,0.04,0.414,0.0,0.1448,-2663.58984375
1889,0.04,0.414,0.0,0.1496,-2660.607666015625
1890,0.04,0.414,0.0,0.1544,-2659.49267578125
1891,0.04,0.414,0.0,0.1592,-2654.83837890625
1892,0.04,0.414,0.0,0.164,-2653.849853515625
1893,0.04,0.414,0.0,0.1688,-2652.276123046875
1894,0.04,0.414,0.0,0.1736,-2650.93115234375
1895,0.04,0.414,0.0,0.1784,-2649.253662109375
1896,0.04,0.414,0.0,0.1832,-2648.7744140625
1897,0.04,0.414,0.0,0.188,-2646.439208984375
1898,0.04,0.414,0.0,0.1928,-2645.71044921875
1899,0.04,0.414,0.0,0.1976,-2644.9658203125
1900,0.04,0.414,0.0,0.2024,-2644.131103515625
1901,0.04,0.414,0.0,0.2072,-2642.22705078125
1902,0.04,0.414,0.0,0.212,-2642.50390625
1903,0.04,0.414,0.0,0.2168,-2641.210693359375
1904,0.04,0.414,0.0,0.2216,-2642.8955078125
1905,0.04,0.414,0.0,0.2264,-2642.811279296875
1906,0.04,0.414,0.0,0.2312,-2640.619873046875
1907,0.04,0.414,0.0,0.236,-2640.572021484375
1908,0.04,0.414,0.0,0.2408,-2641.35205078125
1909,0.04,0.414,0.0,0.2456,-2639.532470703125
1910,0.04,0.414,0.0,0.2504,-2641.9091796875
1911,0.04,0.414,0.0,0.2552,-2640.6162109375
1912,0.04,0.414,0.0,0.26,-2641.5068359375
1913,0.04,0.414,0.0,0.2648,-2640.9658203125
1914,0.04,0.414,0.0,0.2696,-2640.510498046875
1915,0.04,0.414,0.0,0.2744,-2641.13916015625
1916,0.04,0.414,0.0,0.2792,-2642.392578125
1917,0.04,0.414,0.0,0.284,-2642.7890625
1918,0.04,0.414,0.0,0.2888,-2643.475341796875
1919,0.04,0.414,0.0,0.2936,-2644.6171875
1920,0.04,0.414,0.0,0.2984,-2644.467529296875
1921,0.04,0.414,0.0,0.3032,-2647.35302734375
1922,0.04,0.414,0.0,0.308,-2647.696533203125
1923,0.04,0.414,0.0,0.3128,-2646.560791015625
1924,0.04,0.414,0.0,0.3176,-2648.013671875
1925,0.04,0.414,0.0,0.3224,-2648.30859375
1926,0.04,0.414,0.0,0.3272,-2649.89794921875
1927,0.04,0.414,0.0,0.332,-2651.33642578125
1928,0.04,0.414,0.0,0.3368,-2653.11669921875
1929,0.04,0.414,0.0,0.3416,-2653.66796875
1930,0.04,0.414,0.0,0.3464,-2654.2294921875
1931,0.04,0.414,0.0,0.3512,-2656.162109375
1932,0.04,0.414,0.0,0.356,-2656.155517578125
1933,0.04,0.414,0.0,0.3608,-2658.087890625
1934,0.04,0.414,0.0,0.3656,-2660.205078125
1935,0.04,0.414,0.0,0.3704,-2659.1728515625
1936,0.04,0.414,0.0,0.3752,-2661.1630859375
1937,0.04,0.414,0.0,0.38,-2662.78076171875
1938,0.04,0.416,0.0,0.14,-2667.245361328125
1939,0.04,0.416,0.0,0.1448,-2665.159423828125
1940,0.04,0.416,0.0,0.1496,-2661.883544921875
1941,0.04,0.416,0.0,0.1544,-2658.077392578125
1942,0.04,0.416,0.0,0.1592,-2655.843505859375
1943,0.04,0.416,0.0,0.164,-2655.00341796875
1944,0.04,0.416,0.0,0.1688,-2653.86865234375
1945,0.04,0.416,0.0,0.1736,-2651.7861328125
1946,0.04,0.416,0.0,0.1784,-2649.444091796875
1947,0.04,0.416,0.0,0.1832,-2647.998046875
1948,0.04,0.416,0.0,0.188,-2648.318603515625
1949,0.04,0.416,0.0,0.1928,-2646.701171875
1950,0.04,0.416,0.0,0.1976,-2645.097412109375
1951,0.04,0.416,0.0,0.2024,-2642.9912109375
1952,0.04,0.416,0.0,0.2072,-2644.536865234375
1953,0.04,0.416,0.0,0.212,-2643.427001953125
1954,0.04,0.416,0.0,0.2168,-2642.53955078125
1955,0.04,0.416,0.0,0.2216,-2642.30322265625
1956,0.04,0.416,0.0,0.2264,-2642.99658203125
1957,0.04,0.416,0.0,0.2312,-2641.7021484375
1958,0.04,0.416,0.0,0.236,-2640.580078125
1959,0.04,0.416,0.0,0.2408,-2641.719482421875
1960,0.04,0.416,0.0,0.2456,-2640.9248046875
1961,0.04,0.416,0.0,0.2504,-2640.789306640625
1962,0.04,0.416,0.0,0.2552,-2643.287109375
1963,0.04,0.416,0.0,0.26,-2642.109375
1964,0.04,0.416,0.0,0.2648,-2642.258056640625
1965,0.04,0.416,0.0,0.2696,-2641.8076171875
1966,0.04,0.416,0.0,0.2744,-2644.3935546875
1967,0.04,0.416,0.0,0.2792,-2644.17431640625
1968,0.04,0.416,0.0,0.284,-2645.21533203125
1969,0.04,0.416,0.0,0.2888,-2644.59326171875
1970,0.04,0.416,0.0,0.2936,-2645.67138671875
1971,0.04,0.416,0.0,0.2984,-2646.5751953125
1972,0.04,0.416,0.0,0.3032,-2646.679443359375
1973,0.04,0.416,0.0,0.308,-2646.89404296875
1974,0.04,0.416,0.0,0.3128,-2646.45751953125
1975,0.04,0.416,0.0,0.3176,-2649.943603515625
1976,0.04,0.416,0.0,0.3224,-2650.59228515625
1977,0.04,0.416,0.0,0.3272,-2650.8671875
1978,0.04,0.416,0.0,0.332,-2650.635009765625
1979,0.04,0.416,0.0,0.3368,-2652.351806640625
1980,0.04,0.416,0.0,0.3416,-2653.957763671875
1981,0.04,0.416,0.0,0.3464,-2656.946044921875
1982,0.04,0.416,0.0,0.3512,-2657.62548828125
1983,0.04,0.416,0.0,0.356,-2658.35595703125
1984,0.04,0.416,0.0,0.3608,-2657.328125
1985,0.04,0.416,0.0,0.3656,-2660.7236328125
1986,0.04,0.416,0.0,0.3704,-2663.38818359375
1987,0.04,0.416,0.0,0.3752,-2663.5517578125
1988,0.04,0.416,0.0,0.38,-2665.22509765625
1989,0.04,0.418,0.0,0.14,-2668.5244140625
1990,0.04,0.418,0.0,0.1448,-2665.729248046875
1991,0.04,0.418,0.0,0.1496,-2661.74755859375
1992,0.04,0.418,0.0,0.1544,-2660.162109375
1993,0.04,0.418,0.0,0.1592,-2657.757080078125
1994,0.04,0.418,0.0,0.164,-2654.23388671875
1995,0.04,0.418,0.0,0.1688,-2652.900634765625
1996,0.04,0.418,0.0,0.1736,-2652.63427734375
1997,0.04,0.418,0.0,0.1784,-2651.220703125
1998,0.04,0.418,0.0,0.1832,-2650.186767578125
1999,0.04,0.418,0.0,0.188,-2648.146484375
2000,0.04,0.418,0.0,0.1928,-2646.9130859375
2001,0.04,0.418,0.0,0.1976,-2646.41015625
2002,0.04,0.418,0.0,0.2024,-2645.88623046875
2003,0.04,0.418,0.0,0.2072,-2643.747802734375
2004,0.04,0.418,0.0,0.212,-2645.4892578125
2005,0.04,0.418,0.0,0.2168,-2643.78662109375
2006,0.04,0.418,0.0,0.2216,-2643.633544921875
2007,0.04,0.418,0.0,0.2264,-2642.44287109375
2008,0.04,0.418,0.0,0.2312,-2644.22509765625
2009,0.04,0.418,0.0,0.236,-2641.88330078125
2010,0.04,0.418,0.0,0.2408,-2641.24462890625
2011,0.04,0.418,0.0,0.2456,-2641.423828125
2012,0.04,0.418,0.0,0.2504,-2641.995361328125
2013,0.04,0.418,0.0,0.2552,-2643.530029296875
2014,0.04,0.418,0.0,0.26,-2643.07421875
2015,0.04,0.418,0.0,0.2648,-2643.51806640625
2016,0.04,0.418,0.0,0.2696,-2642.63232421875
2017,0.04,0.418,0.0,0.2744,-2643.644287109375
2018,0.04,0.418,0.0,0.2792,-2644.87548828125
2019,0.04,0.418,0.0,0.284,-2646.78515625
2020,0.04,0.418,0.0,0.2888,-2645.111328125
2021,0.04,0.418,0.0,0.2936,-2644.800048828125
2022,0.04,0.418,0.0,0.2984,-2646.358642578125
2023,0.04,0.418,0.0,0.3032,-2648.042724609375
2024,0.04,0.418,0.0,0.308,-2647.48876953125
2025,0.04,0.418,0.0,0.3128,-2648.337646484375
2026,0.04,0.418,0.0,0.3176,-2648.11669921875
2027,0.04,0.418,0.0,0.3224,-2651.394287109375
2028,0.04,0.418,0.0,0.3272,-2653.697998046875
2029,0.04,0.418,0.0,0.332,-2653.896728515625
2030,0.04,0.418,0.0,0.3368,-2655.140625
2031,0.04,0.418,0.0,0.3416,-2654.644287109375
2032,0.04,0.418,0.0,0.3464,-2656.048828125
2033,0.04,0.418,0.0,0.3512,-2657.90185546875
2034,0.04,0.418,0.0,0.356,-2658.11962890625
2035,0.04,0.418,0.0,0.3608,-2659.94482421875
2036,0.04,0.418,0.0,0.3656,-2660.248046875
2037,0.04,0.418,0.0,0.3704,-2661.497314453125
2038,0.04,0.418,0.0,0.3752,-2664.8076171875
2039,0.04,0.418,0.0,0.38,-2665.424560546875
2040,0.04,0.42,0.0,0.14,-2669.15380859375
2041,0.04,0.42,0.0,0.1448,-2664.85205078125
2042,0.04,0.42,0.0,0.1496,-2663.336181640625
2043,0.04,0.42,0.0,0.1544,-2661.15283203125
2044,0.04,0.42,0.0,0.1592,-2658.314453125
2045,0.04,0.42,0.0,0.164,-2656.25537109375
2046,0.04,0.42,0.0,0.1688,-2655.353515625
2047,0.04,0.42,0.0,0.1736,-2653.21142578125
2048,0.04,0.42,0.0,0.1784,-2652.736572265625
2049,0.04,0.42,0.0,0.1832,-2650.181640625
2050,0.04,0.42,0.0,0.188,-2648.893310546875
2051,0.04,0.42,0.0,0.1928,-2647.677490234375
2052,0.04,0.42,0.0,0.1976,-2646.828125
2053,0.04,0.42,0.0,0.2024,-2646.849365234375
2054,0.04,0.42,0.0,0.2072,-2644.85107421875
2055,0.04,0.42,0.0,0.212,-2644.2392578125
2056,0.04,0.42,0.0,0.2168,-2643.67138671875
2057,0.04,0.42,0.0,0.2216,-2644.26171875
2058,0.04,0.42,0.0,0.2264,-2644.647705078125
2059,0.04,0.42,0.0,0.2312,-2643.4384765625
2060,0.04,0.42,0.0,0.236,-2642.90673828125
2061,0.04,0.42,0.0,0.2408,-2642.4365234375
2062,0.04,0.42,0.0,0.2456,-2643.66064453125
2063,0.04,0.42,0.0,0.2504,-2643.182373046875
2064,0.04,0.42,0.0,0.2552,-2643.031005859375
2065,0.04,0.42,0.0,0.26,-2643.85791015625
2066,0.04,0.42,0.0,0.2648,-2644.50830078125
2067,0.04,0.42,0.0,0.2696,-2644.31689453125
2068,0.04,0.42,0.0,0.2744,-2644.876953125
2069,0.04,0.42,0.0,0.2792,-2643.530517578125
2070,0.04,0.42,0.0,0.284,-2646.21875
2071,0.04,0.42,0.0,0.2888,-2645.889404296875
2072,0.04,0.42,0.0,0.2936,-2646.50830078125
2073,0.04,0.42,0.0,0.2984,-2648.740234375
2074,0.04,0.42,0.0,0.3032,-2648.37939453125
2075,0.04,0.42,0.0,0.308,-2648.35107421875
2076,0.04,0.42,0.0,0.3128,-2648.92724609375
2077,0.04,0.42,0.0,0.3176,-2651.11865234375
2078,0.04,0.42,0.0,0.3224,-2651.71875
2079,0.04,0.42,0.0,0.3272,-2652.966552734375
2080,0.04,0.42,0.0,0.332,-2652.8193359375
2081,0.04,0.42,0.0,0.3368,-2655.5078125
2082,0.04,0.42,0.0,0.3416,-2655.996337890625
2083,0.04,0.42,0.0,0.3464,-2658.02001953125
2084,0.04,0.42,0.0,0.3512,-2658.039306640625
2085,0.04,0.42,0.0,0.356,-2660.443603515625
2086,0.04,0.42,0.0,0.3608,-2660.23828125
2087,0.04,0.42,0.0,0.3656,-2663.17333984375
2088,0.04,0.42,0.0,0.3704,-2663.03662109375
2089,0.04,0.42,0.0,0.3752,-2665.39794921875
2090,0.04,0.42,0.0,0.38,-2666.189453125
2091,0.04,0.422,0.0,0.14,-2668.96240234375
2092,0.04,0.422,0.0,0.1448,-2666.2724609375
2093,0.04,0.422,0.0,0.1496,-2665.9296875
2094,0.04,0.422,0.0,0.1544,-2662.1328125
2095,0.04,0.422,0.0,0.1592,-2658.74951171875
2096,0.04,0.422,0.0,0.164,-2658.21142578125
2097,0.04,0.422,0.0,0.1688,-2655.68212890625
2098,0.04,0.422,0.0,0.1736,-2654.693359375
2099,0.04,0.422,0.0,0.1784,-2653.630615234375
2100,0.04,0.422,0.0,0.1832,-2651.419921875
2101,0.04,0.422,0.0,0.188,-2649.15380859375
2102,0.04,0.422,0.0,0.1928,-2648.759521484375
2103,0.04,0.422,0.0,0.1976,-2648.8486328125
2104,0.04,0.422,0.0,0.2024,-2647.08203125
2105,0.04,0.422,0.0,0.2072,-2646.379150390625
2106,0.04,0.422,0.0,0.212,-2647.06982421875
2107,0.04,0.422,0.0,0.2168,-2645.897216796875
2108,0.04,0.422,0.0,0.2216,-2644.666015625
2109,0.04,0.422,0.0,0.2264,-2644.585205078125
2110,0.04,0.422,0.0,0.2312,-2644.667724609375
2111,0.04,0.422,0.0,0.236,-2644.308349609375
2112,0.04,0.422,0.0,0.2408,-2644.0576171875
2113,0.04,0.422,0.0,0.2456,-2645.31787109375
2114,0.04,0.422,0.0,0.2504,-2645.21435546875
2115,0.04,0.422,0.0,0.2552,-2645.6435546875
2116,0.04,0.422,0.0,0.26,-2644.726806640625
2117,0.04,0.422,0.0,0.2648,-2643.80322265625
2118,0.04,0.422,0.0,0.2696,-2645.282958984375
2119,0.04,0.422,0.0,0.2744,-2646.66845703125
2120,0.04,0.422,0.0,0.2792,-2646.322265625
2121,0.04,0.422,0.0,0.284,-2647.310546875
2122,0.04,0.422,0.0,0.2888,-2647.05078125
2123,0.04,0.422,0.0,0.2936,-2648.23876953125
2124,0.04,0.422,0.0,0.2984,-2648.398681640625
2125,0.04,0.422,0.0,0.3032,-2649.64306640625
2126,0.04,0.422,0.0,0.308,-2651.48095703125
2127,0.04,0.422,0.0,0.3128,-2651.73583984375
2128,0.04,0.422,0.0,0.3176,-2650.9189453125
2129,0.04,0.422,0.0,0.3224,-2653.18310546875
2130,0.04,0.422,0.0,0.3272,-2653.555908203125
2131,0.04,0.422,0.0,0.332,-2653.7978515625
2132,0.04,0.422,0.0,0.3368,-2656.1953125
2133,0.04,0.422,0.0,0.3416,-2656.90673828125
2134,0.04,0.422,0.0,0.3464,-2658.04345703125
2135,0.04,0.422,0.0,0.3512,-2660.20849609375
2136,0.04,0.422,0.0,0.356,-2660.90576171875
2137,0.04,0.422,0.0,0.3608,-2662.607177734375
2138,0.04,0.422,0.0,0.3656,-2663.556396484375
2139,0.04,0.422,0.0,0.3704,-2665.017578125
2140,0.04,0.422,0.0,0.3752,-2664.5791015625
2141,0.04,0.422,0.0,0.38,-2666.37060546875
2142,0.04,0.424,0.0,0.14,-2670.1044921875
2143,0.04,0.424,0.0,0.1448,-2669.13232421875
2144,0.04,0.424,0.0,0.1496,-2666.696044921875
2145,0.04,0.424,0.0,0.1544,-2663.5126953125
2146,0.04,0.424,0.0,0.1592,-2660.04736328125
2147,0.04,0.424,0.0,0.164,-2658.297607421875
2148,0.04,0.424,0.0,0.1688,-2657.13818359375
2149,0.04,0.424,0.0,0.1736,-2655.443603515625
2150,0.04,0.424,0.0,0.1784,-2654.31982421875
2151,0.04,0.424,0.0,0.1832,-2650.916015625
2152,0.04,0.424,0.0,0.188,-2651.81005859375
2153,0.04,0.424,0.0,0.1928,-2650.7724609375
2154,0.04,0.424,0.0,0.1976,-2650.018798828125
2155,0.04,0.424,0.0,0.2024,-2648.44189453125
2156,0.04,0.424,0.0,0.2072,-2646.7587890625
2157,0.04,0.424,0.0,0.212,-2647.49365234375
2158,0.04,0.424,0.0,0.2168,-2647.53759765625
2159,0.04,0.424,0.0,0.2216,-2647.099853515625
2160,0.04,0.424,0.0,0.2264,-2646.0302734375
2161,0.04,0.424,0.0,0.2312,-2644.67041015625
2162,0.04,0.424,0.0,0.236,-2646.25634765625
2163,0.04,0.424,0.0,0.2408,-2644.7119140625
2164,0.04,0.424,0.0,0.2456,-2645.300048828125
2165,0.04,0.424,0.0,0.2504,-2645.4169921875
2166,0.04,0.424,0.0,0.2552,-2645.01220703125
2167,0.04,0.424,0.0,0.26,-2646.21728515625
2168,0.04,0.424,0.0,0.2648,-2645.12841796875
2169,0.04,0.424,0.0,0.2696,-2647.181640625
2170,0.04,0.424,0.0,0.2744,-2646.27783203125
2171,0.04,0.424,0.0,0.2792,-2647.73388671875
2172,0.04,0.424,0.0,0.284,-2648.09228515625
2173,0.04,0.424,0.0,0.2888,-2648.816650390625
2174,0.04,0.424,0.0,0.2936,-2648.79345703125
2175,0.04,0.424,0.0,0.2984,-2649.82861328125
2176,0.04,0.424,0.0,0.3032,-2649.978515625
2177,0.04,0.424,0.0,0.308,-2650.59619140625
2178,0.04,0.424,0.0,0.3128,-2653.64208984375
2179,0.04,0.424,0.0,0.3176,-2652.0400390625
2180,0.04,0.424,0.0,0.3224,-2654.593994140625
2181,0.04,0.424,0.0,0.3272,-2655.943603515625
2182,0.04,0.424,0.0,0.332,-2657.447509765625
2183,0.04,0.424,0.0,0.3368,-2656.45654296875
2184,0.04,0.424,0.0,0.3416,-2657.900390625
2185,0.04,0.424,0.0,0.3464,-2659.238525390625
2186,0.04,0.424,0.0,0.3512,-2659.861572265625
2187,0.04,0.424,0.0,0.356,-2662.353271484375
2188,0.04,0.424,0.0,0.3608,-2662.492431640625
2189,0.04,0.424,0.0,0.3656,-2665.19677734375
2190,0.04,0.424,0.0,0.3704,-2665.38525390625
2191,0.04,0.424,0.0,0.3752,-2665.87890625
2192,0.04,0.424,0.0,0.38,-2669.36083984375
2193,0.04,0.426,0.0,0.14,-2672.163330078125
2194,0.04,0.426,0.0,0.1448,-2667.78076171875
2195,0.04,0.426,0.0,0.1496,-2667.30908203125
2196,0.04,0.426,0.0,0.1544,-2663.290283203125
2197,0.04,0.426,0.0,0.1592,-2662.23828125
2198,0.04,0.426,0.0,0.164,-2659.11962890625
2199,0.04,0.426,0.0,0.1688,-2658.03662109375
2200,0.04,0.426,0.0,0.1736,-2657.361328125
2201,0.04,0.426,0.0,0.1784,-2653.552734375
2202,0.04,0.426,0.0,0.1832,-2652.52490234375
2203,0.04,0.426,0.0,0.188,-2652.7685546875
2204,0.04,0.426,0.0,0.1928,-2649.77197265625
2205,0.04,0.426,0.0,0.1976,-2649.780517578125
2206,0.04,0.426,0.0,0.2024,-2649.96875
2207,0.04,0.426,0.0,0.2072,-2648.549072265625
2208,0.04,0.426,0.0,0.212,-2648.57568359375
2209,0.04,0.426,0.0,0.2168,-2647.17578125
2210,0.04,0.426,0.0,0.2216,-2647.93994140625
2211,0.04,0.426,0.0,0.2264,-2648.2705078125
2212,0.04,0.426,0.0,0.2312,-2647.597900390625
2213,0.04,0.426,0.0,0.236,-2646.897705078125
2214,0.04,0.426,0.0,0.2408,-2646.093505859375
2215,0.04,0.426,0.0,0.2456,-2646.976318359375
2216,0.04,0.426,0.0,0.2504,-2643.789794921875
2217,0.04,0.426,0.0,0.2552,-2646.92578125
2218,0.04,0.426,0.0,0.26,-2646.656005859375
2219,0.04,0.426,0.0,0.2648,-2647.078125
2220,0.04,0.426,0.0,0.2696,-2648.431640625
2221,0.04,0.426,0.0,0.2744,-2648.5712890625
2222,0.04,0.426,0.0,0.2792,-2647.173095703125
2223,0.04,0.426,0.0,0.284,-2649.98193359375
2224,0.04,0.426,0.0,0.2888,-2648.45263671875
2225,0.04,0.426,0.0,0.2936,-2650.710693359375
2226,0.04,0.426,0.0,0.2984,-2651.15283203125
2227,0.04,0.426,0.0,0.3032,-2650.60400390625
2228,0.04,0.426,0.0,0.308,-2652.087890625
2229,0.04,0.426,0.0,0.3128,-2653.84716796875
2230,0.04,0.426,0.0,0.3176,-2654.9365234375
2231,0.04,0.426,0.0,0.3224,-2654.1083984375
2232,0.04,0.426,0.0,0.3272,-2655.322021484375
2233,0.04,0.426,0.0,0.332,-2656.99853515625
2234,0.04,0.426,0.0,0.3368,-2658.742431640625
2235,0.04,0.426,0.0,0.3416,-2659.8759765625
2236,0.04,0.426,0.0,0.3464,-2660.24658203125
2237,0.04,0.426,0.0,0.3512,-2661.59716796875
2238,0.04,0.426,0.0,0.356,-2662.046630859375
2239,0.04,0.426,0.0,0.3608,-2664.968994140625
2240,0.04,0.426,0.0,0.3656,-2666.1396484375
2241,0.04,0.426,0.0,0.3704,-2667.63623046875
2242,0.04,0.426,0.0,0.3752,-2666.919189453125
2243,0.04,0.426,0.0,0.38,-2668.423583984375
2244,0.04,0.428,0.0,0.14,-2671.544189453125
2245,0.04,0.428,0.0,0.1448,-2669.175048828125
2246,0.04,0.428,0.0,0.1496,-2665.46484375
2247,0.04,0.428,0.0,0.1544,-2665.48779296875
2248,0.04,0.428,0.0,0.1592,-2662.37060546875
2249,0.04,0.428,0.0,0.164,-2660.495361328125
2250,0.04,0.428,0.0,0.1688,-2659.6748046875
2251,0.04,0.428,0.0,0.1736,-2658.57177734375
2252,0.04,0.428,0.0,0.1784,-2655.2744140625
2253,0.04,0.428,0.0,0.1832,-2653.76708984375
2254,0.04,0.428,0.0,0.188,-2652.988525390625
2255,0.04,0.428,0.0,0.1928,-2651.9375
2256,0.04,0.428,0.0,0.1976,-2650.16259765625
2257,0.04,0.428,0.0,0.2024,-2649.79833984375
2258,0.04,0.428,0.0,0.2072,-2651.33642578125
2259,0.04,0.428,0.0,0.212,-2649.765625
2260,0.04,0.428,0.0,0.2168,-2649.2783203125
2261,0.04,0.428,0.0,0.2216,-2647.17529296875
2262,0.04,0.428,0.0,0.2264,-2647.406982421875
2263,0.04,0.428,0.0,0.2312,-2647.3994140625
2264,0.04,0.428,0.0,0.236,-2646.5986328125
2265,0.04,0.428,0.0,0.2408,-2646.8154296875
2266,0.04,0.428,0.0,0.2456,-2647.632568359375
2267,0.04,0.428,0.0,0.2504,-2646.63916015625
2268,0.04,0.428,0.0,0.2552,-2648.60302734375
2269,0.04,0.428,0.0,0.26,-2647.68212890625
2270,0.04,0.428,0.0,0.2648,-2646.8212890625
2271,0.04,0.428,0.0,0.2696,-2648.103759765625
2272,0.04,0.428,0.0,0.2744,-2649.31591796875
2273,0.04,0.428,0.0,0.2792,-2648.845703125
2274,0.04,0.428,0.0,0.284,-2649.720703125
2275,0.04,0.428,0.0,0.2888,-2650.7431640625
2276,0.04,0.428,0.0,0.2936,-2651.4560546875
2277,0.04,0.428,0.0,0.2984,-2651.4423828125
2278,0.04,0.428,0.0,0.3032,-2653.052978515625
2279,0.04,0.428,0.0,0.308,-2653.669189453125
2280,0.04,0.428,0.0,0.3128,-2654.041748046875
2281,0.04,0.428,0.0,0.3176,-2654.04638671875
2282,0.04,0.428,0.0,0.3224,-2655.904296875
2283,0.04,0.428,0.0,0.3272,-2657.2568359375
2284,0.04,0.428,0.0,0.332,-2657.775390625
2285,0.04,0.428,0.0,0.3368,-2658.89013671875
2286,0.04,0.428,0.0,0.3416,-2660.0751953125
2287,0.04,0.428,0.0,0.3464,-2660.162109375
2288,0.04,0.428,0.0,0.3512,-2662.8466796875
2289,0.04,0.428,0.0,0.356,-2663.22021484375
2290,0.04,0.428,0.0,0.3608,-2664.37744140625
2291,0.04,0.428,0.0,0.3656,-2667.03955078125
2292,0.04,0.428,0.0,0.3704,-2667.89404296875
2293,0.04,0.428,0.0,0.3752,-2668.802734375
2294,0.04,0.428,0.0,0.38,-2668.939453125
2295,0.04,0.43,0.0,0.14,-2672.91748046875
2296,0.04,0.43,0.0,0.1448,-2670.288818359375
2297,0.04,0.43,0.0,0.1496,-2666.9638671875
2298,0.04,0.43,0.0,0.1544,-2666.140380859375
2299,0.04,0.43,0.0,0.1592,-2662.85009765625
2300,0.04,0.43,0.0,0.164,-2661.9375
2301,0.04,0.43,0.0,0.1688,-2659.94482421875
2302,0.04,0.43,0.0,0.1736,-2658.609375
2303,0.04,0.43,0.0,0.1784,-2658.0439453125
2304,0.04,0.43,0.0,0.1832,-2655.99658203125
2305,0.04,0.43,0.0,0.188,-2654.136474609375
2306,0.04,0.43,0.0,0.1928,-2653.26318359375
2307,0.04,0.43,0.0,0.1976,-2652.993408203125
2308,0.04,0.43,0.0,0.2024,-2650.634765625
2309,0.04,0.43,0.0,0.2072,-2648.696044921875
2310,0.04,0.43,0.0,0.212,-2649.01806640625
2311,0.04,0.43,0.0,0.2168,-2650.1572265625
2312,0.04,0.43,0.0,0.2216,-2649.39208984375
2313,0.04,0.43,0.0,0.2264,-2648.701904296875
2314,0.04,0.43,0.0,0.2312,-2648.652587890625
2315,0.04,0.43,0.0,0.236,-2647.23486328125
2316,0.04,0.43,0.0,0.2408,-2647.885986328125
2317,0.04,0.43,0.0,0.2456,-2649.23583984375
2318,0.04,0.43,0.0,0.2504,-2647.78564453125
2319,0.04,0.43,0.0,0.2552,-2648.79345703125
2320,0.04,0.43,0.0,0.26,-2649.613525390625
2321,0.04,0.43,0.0,0.2648,-2648.6689453125
2322,0.04,0.43,0.0,0.2696,-2649.62255859375
2323,0.04,0.43,0.0,0.2744,-2649.6875
2324,0.04,0.43,0.0,0.2792,-2650.60205078125
2325,0.04,0.43,0.0,0.284,-2650.05078125
2326,0.04,0.43,0.0,0.2888,-2652.16748046875
2327,0.04,0.43,0.0,0.2936,-2652.14892578125
2328,0.04,0.43,0.0,0.2984,-2653.2041015625
2329,0.04,0.43,0.0,0.3032,-2653.837646484375
2330,0.04,0.43,0.0,0.308,-2654.093017578125
2331,0.04,0.43,0.0,0.3128,-2654.4814453125
2332,0.04,0.43,0.0,0.3176,-2656.9814453125
2333,0.04,0.43,0.0,0.3224,-2657.19287109375
2334,0.04,0.43,0.0,0.3272,-2659.5888671875
2335,0.04,0.43,0.0,0.332,-2659.2333984375
2336,0.04,0.43,0.0,0.3368,-2661.31787109375
2337,0.04,0.43,0.0,0.3416,-2661.1962890625
2338,0.04,0.43,0.0,0.3464,-2661.46875
2339,0.04,0.43,0.0,0.3512,-2663.578125
2340,0.04,0.43,0.0,0.356,-2663.311767578125
2341,0.04,0.43,0.0,0.3608,-2666.735107421875
2342,0.04,0.43,0.0,0.3656,-2666.701416015625
2343,0.04,0.43,0.0,0.3704,-2668.468505859375
2344,0.04,0.43,0.0,0.3752,-2668.9326171875
2345,0.04,0.43,0.0,0.38,-2671.37548828125
2346,0.04,0.432,0.0,0.14,-2674.191650390625
2347,0.04,0.432,0.0,0.1448,-2671.1064453125
2348,0.04,0.432,0.0,0.1496,-2669.37939453125
2349,0.04,0.432,0.0,0.1544,-2665.035888671875
2350,0.04,0.432,0.0,0.1592,-2664.280029296875
2351,0.04,0.432,0.0,0.164,-2662.65673828125
2352,0.04,0.432,0.0,0.1688,-2660.23193359375
2353,0.04,0.432,0.0,0.1736,-2659.10107421875
2354,0.04,0.432,0.0,0.1784,-2657.323486328125
2355,0.04,0.432,0.0,0.1832,-2655.99462890625
2356,0.04,0.432,0.0,0.188,-2654.463623046875
2357,0.04,0.432,0.0,0.1928,-2653.189453125
2358,0.04,0.432,0.0,0.1976,-2653.056884765625
2359,0.04,0.432,0.0,0.2024,-2652.7353515625
2360,0.04,0.432,0.0,0.2072,-2651.35400390625
2361,0.04,0.432,0.0,0.212,-2651.45361328125
2362,0.04,0.432,0.0,0.2168,-2650.6171875
2363,0.04,0.432,0.0,0.2216,-2648.22021484375
2364,0.04,0.432,0.0,0.2264,-2650.2412109375
2365,0.04,0.432,0.0,0.2312,-2649.6640625
2366,0.04,0.432,0.0,0.236,-2649.541259765625
2367,0.04,0.432,0.0,0.2408,-2650.41552734375
2368,0.04,0.432,0.0,0.2456,-2649.02294921875
2369,0.04,0.432,0.0,0.2504,-2650.433349609375
2370,0.04,0.432,0.0,0.2552,-2648.741943359375
2371,0.04,0.432,0.0,0.26,-2650.937255859375
2372,0.04,0.432,0.0,0.2648,-2651.41357421875
2373,0.04,0.432,0.0,0.2696,-2650.85302734375
2374,0.04,0.432,0.0,0.2744,-2649.68603515625
2375,0.04,0.432,0.0,0.2792,-2651.770263671875
2376,0.04,0.432,0.0,0.284,-2652.1708984375
2377,0.04,0.432,0.0,0.2888,-2652.75732421875
2378,0.04,0.432,0.0,0.2936,-2652.796875
2379,0.04,0.432,0.0,0.2984,-2653.487060546875
2380,0.04,0.432,0.0,0.3032,-2655.971435546875
2381,0.04,0.432,0.0,0.308,-2655.9990234375
2382,0.04,0.432,0.0,0.3128,-2654.708740234375
2383,0.04,0.432,0.0,0.3176,-2657.47216796875
2384,0.04,0.432,0.0,0.3224,-2657.43896484375
2385,0.04,0.432,0.0,0.3272,-2659.02392578125
2386,0.04,0.432,0.0,0.332,-2658.30078125
2387,0.04,0.432,0.0,0.3368,-2661.12939453125
2388,0.04,0.432,0.0,0.3416,-2662.036376953125
2389,0.04,0.432,0.0,0.3464,-2663.69140625
2390,0.04,0.432,0.0,0.3512,-2665.0966796875
2391,0.04,0.432,0.0,0.356,-2666.1806640625
2392,0.04,0.432,0.0,0.3608,-2666.237060546875
2393,0.04,0.432,0.0,0.3656,-2667.42919921875
2394,0.04,0.432,0.0,0.3704,-2669.84716796875
2395,0.04,0.432,0.0,0.3752,-2671.56005859375
2396,0.04,0.432,0.0,0.38,-2672.07373046875
2397,0.04,0.434,0.0,0.14,-2674.642333984375
2398,0.04,0.434,0.0,0.1448,-2674.38720703125
2399,0.04,0.434,0.0,0.1496,-2669.02197265625
2400,0.04,0.434,0.0,0.1544,-2667.6376953125
2401,0.04,0.434,0.0,0.1592,-2665.5693359375
2402,0.04,0.434,0.0,0.164,-2662.64599609375
2403,0.04,0.434,0.0,0.1688,-2660.76318359375
2404,0.04,0.434,0.0,0.1736,-2660.271484375
2405,0.04,0.434,0.0,0.1784,-2658.020751953125
2406,0.04,0.434,0.0,0.1832,-2656.419921875
2407,0.04,0.434,0.0,0.188,-2656.60888671875
2408,0.04,0.434,0.0,0.1928,-2655.51513671875
2409,0.04,0.434,0.0,0.1976,-2653.5810546875
2410,0.04,0.434,0.0,0.2024,-2653.20458984375
2411,0.04,0.434,0.0,0.2072,-2653.140625
2412,0.04,0.434,0.0,0.212,-2651.06787109375
2413,0.04,0.434,0.0,0.2168,-2650.9970703125
2414,0.04,0.434,0.0,0.2216,-2652.2939453125
2415,0.04,0.434,0.0,0.2264,-2652.037109375
2416,0.04,0.434,0.0,0.2312,-2650.759033203125
2417,0.04,0.434,0.0,0.236,-2651.23486328125
2418,0.04,0.434,0.0,0.2408,-2650.4091796875
2419,0.04,0.434,0.0,0.2456,-2650.576904296875
2420,0.04,0.434,0.0,0.2504,-2651.14990234375
2421,0.04,0.434,0.0,0.2552,-2650.8955078125
2422,0.04,0.434,0.0,0.26,-2651.68310546875
2423,0.04,0.434,0.0,0.2648,-2651.96826171875
2424,0.04,0.434,0.0,0.2696,-2651.398193359375
2425,0.04,0.434,0.0,0.2744,-2653.631591796875
2426,0.04,0.434,0.0,0.2792,-2651.80517578125
2427,0.04,0.434,0.0,0.284,-2652.56591796875
2428,0.04,0.434,0.0,0.2888,-2652.765380859375
2429,0.04,0.434,0.0,0.2936,-2653.94921875
2430,0.04,0.434,0.0,0.2984,-2655.1337890625
2431,0.04,0.434,0.0,0.3032,-2654.13671875
2432,0.04,0.434,0.0,0.308,-2655.79541015625
2433,0.04,0.434,0.0,0.3128,-2657.355712890625
2434,0.04,0.434,0.0,0.3176,-2656.690185546875
2435,0.04,0.434,0.0,0.3224,-2660.095703125
2436,0.04,0.434,0.0,0.3272,-2659.57080078125
2437,0.04,0.434,0.0,0.332,-2662.0947265625
2438,0.04,0.434,0.0,0.3368,-2662.506591796875
2439,0.04,0.434,0.0,0.3416,-2662.80810546875
2440,0.04,0.434,0.0,0.3464,-2664.08642578125
2441,0.04,0.434,0.0,0.3512,-2666.06982421875
2442,0.04,0.434,0.0,0.356,-2667.14697265625
2443,0.04,0.434,0.0,0.3608,-2667.30712890625
2444,0.04,0.434,0.0,0.3656,-2669.93115234375
2445,0.04,0.434,0.0,0.3704,-2670.54345703125
2446,0.04,0.434,0.0,0.3752,-2671.66015625
2447,0.04,0.434,0.0,0.38,-2672.437744140625
2448,0.04,0.436,0.0,0.14,-2675.65380859375
2449,0.04,0.436,0.0,0.1448,-2673.08740234375
2450,0.04,0.436,0.0,0.1496,-2669.537109375
2451,0.04,0.436,0.0,0.1544,-2667.52490234375
2452,0.04,0.436,0.0,0.1592,-2667.372314453125
2453,0.04,0.436,0.0,0.164,-2664.395263671875
2454,0.04,0.436,0.0,0.1688,-2662.354248046875
2455,0.04,0.436,0.0,0.1736,-2661.38671875
2456,0.04,0.436,0.0,0.1784,-2659.593994140625
2457,0.04,0.436,0.0,0.1832,-2658.530517578125
2458,0.04,0.436,0.0,0.188,-2656.83837890625
2459,0.04,0.436,0.0,0.1928,-2655.72998046875
2460,0.04,0.436,0.0,0.1976,-2653.18505859375
2461,0.04,0.436,0.0,0.2024,-2654.6240234375
2462,0.04,0.436,0.0,0.2072,-2653.612548828125
2463,0.04,0.436,0.0,0.212,-2652.997314453125
2464,0.04,0.436,0.0,0.2168,-2652.614990234375
2465,0.04,0.436,0.0,0.2216,-2652.25146484375
2466,0.04,0.436,0.0,0.2264,-2651.1318359375
2467,0.04,0.436,0.0,0.2312,-2651.384521484375
2468,0.04,0.436,0.0,0.236,-2651.001220703125
2469,0.04,0.436,0.0,0.2408,-2650.785888671875
2470,0.04,0.436,0.0,0.2456,-2651.98046875
2471,0.04,0.436,0.0,0.2504,-2652.7705078125
2472,0.04,0.436,0.0,0.2552,-2651.29296875
2473,0.04,0.436,0.0,0.26,-2652.4873046875
2474,0.04,0.436,0.0,0.2648,-2652.370849609375
2475,0.04,0.436,0.0,0.2696,-2651.2177734375
2476,0.04,0.436,0.0,0.2744,-2653.82080078125
2477,0.04,0.436,0.0,0.2792,-2653.2763671875
2478,0.04,0.436,0.0,0.284,-2653.954833984375
2479,0.04,0.436,0.0,0.2888,-2655.5458984375
2480,0.04,0.436,0.0,0.2936,-2655.47607421875
2481,0.04,0.436,0.0,0.2984,-2654.69287109375
2482,0.04,0.436,0.0,0.3032,-2657.92236328125
2483,0.04,0.436,0.0,0.308,-2657.814453125
2484,0.04,0.436,0.0,0.3128,-2657.16015625
2485,0.04,0.436,0.0,0.3176,-2659.43212890625
2486,0.04,0.436,0.0,0.3224,-2659.5576171875
2487,0.04,0.436,0.0,0.3272,-2660.83447265625
2488,0.04,0.436,0.0,0.332,-2662.930908203125
2489,0.04,0.436,0.0,0.3368,-2663.453857421875
2490,0.04,0.436,0.0,0.3416,-2664.8447265625
2491,0.04,0.436,0.0,0.3464,-2664.793701171875
2492,0.04,0.436,0.0,0.3512,-2665.896484375
2493,0.04,0.436,0.0,0.356,-2666.7490234375
2494,0.04,0.436,0.0,0.3608,-2668.29296875
2495,0.04,0.436,0.0,0.3656,-2670.416015625
2496,0.04,0.436,0.0,0.3704,-2670.549560546875
2497,0.04,0.436,0.0,0.3752,-2674.093994140625
2498,0.04,0.436,0.0,0.38,-2675.02587890625
2499,0.04,0.438,0.0,0.14,-2676.284912109375
2500,0.04,0.438,0.0,0.1448,-2673.8193359375
2501,0.04,0.438,0.0,0.1496,-2671.544921875
2502,0.04,0.438,0.0,0.1544,-2669.002197265625
2503,0.04,0.438,0.0,0.1592,-2666.983642578125
2504,0.04,0.438,0.0,0.164,-2665.31640625
2505,0.04,0.438,0.0,0.1688,-2663.18994140625
2506,0.04,0.438,0.0,0.1736,-2660.6630859375
2507,0.04,0.438,0.0,0.1784,-2662.111328125
2508,0.04,0.438,0.0,0.1832,-2659.53564453125
2509,0.04,0.438,0.0,0.188,-2658.224365234375
2510,0.04,0.438,0.0,0.1928,-2657.25634765625
2511,0.04,0.438,0.0,0.1976,-2655.685546875
2512,0.04,0.438,0.0,0.2024,-2655.524658203125
2513,0.04,0.438,0.0,0.2072,-2654.561767578125
2514,0.04,0.438,0.0,0.212,-2653.207275390625
2515,0.04,0.438,0.0,0.2168,-2653.76806640625
2516,0.04,0.438,0.0,0.2216,-2653.51513671875
2517,0.04,0.438,0.0,0.2264,-2652.804443359375
2518,0.04,0.438,0.0,0.2312,-2653.9560546875
2519,0.04,0.438,0.0,0.236,-2652.443359375
2520,0.04,0.438,0.0,0.2408,-2651.33740234375
2521,0.04,0.438,0.0,0.2456,-2652.697998046875
2522,0.04,0.438,0.0,0.2504,-2650.4384765625
2523,0.04,0.438,0.0,0.2552,-2651.58642578125
2524,0.04,0.438,0.0,0.26,-2652.18115234375
2525,0.04,0.438,0.0,0.2648,-2654.54638671875
2526,0.04,0.438,0.0,0.2696,-2653.41650390625
2527,0.04,0.438,0.0,0.2744,-2653.8935546875
2528,0.04,0.438,0.0,0.2792,-2655.29931640625
2529,0.04,0.438,0.0,0.284,-2655.0107421875
2530,0.04,0.438,0.0,0.2888,-2655.0849609375
2531,0.04,0.438,0.0,0.2936,-2657.040771484375
2532,0.04,0.438,0.0,0.2984,-2657.6220703125
2533,0.04,0.438,0.0,0.3032,-2657.27734375
2534,0.04,0.438,0.0,0.308,-2657.36181640625
2535,0.04,0.438,0.0,0.3128,-2658.98388671875
2536,0.04,0.438,0.0,0.3176,-2658.609130859375
2537,0.04,0.438,0.0,0.3224,-2663.4443359375
2538,0.04,0.438,0.0,0.3272,-2661.7021484375
2539,0.04,0.438,0.0,0.332,-2662.81396484375
2540,0.04,0.438,0.0,0.3368,-2663.88671875
2541,0.04,0.438,0.0,0.3416,-2664.8798828125
2542,0.04,0.438,0.0,0.3464,-2666.63134765625
2543,0.04,0.438,0.0,0.3512,-2667.921630859375
2544,0.04,0.438,0.0,0.356,-2669.452392578125
2545,0.04,0.438,0.0,0.3608,-2669.97412109375
2546,0.04,0.438,0.0,0.3656,-2671.96337890625
2547,0.04,0.438,0.0,0.3704,-2674.48681640625
2548,0.04,0.438,0.0,0.3752,-2673.4853515625
2549,0.04,0.438,0.0,0.38,-2674.58154296875
2550,0.04,0.44,0.0,0.14,-2676.593505859375
2551,0.04,0.44,0.0,0.1448,-2674.09814453125
2552,0.04,0.44,0.0,0.1496,-2670.48974609375
2553,0.04,0.44,0.0,0.1544,-2668.671875
2554,0.04,0.44,0.0,0.1592,-2668.1162109375
2555,0.04,0.44,0.0,0.164,-2667.58203125
2556,0.04,0.44,0.0,0.1688,-2664.27490234375
2557,0.04,0.44,0.0,0.1736,-2663.498046875
2558,0.04,0.44,0.0,0.1784,-2662.28076171875
2559,0.04,0.44,0.0,0.1832,-2660.12548828125
2560,0.04,0.44,0.0,0.188,-2659.1640625
2561,0.04,0.44,0.0,0.1928,-2657.970703125
2562,0.04,0.44,0.0,0.1976,-2656.053955078125
2563,0.04,0.44,0.0,0.2024,-2656.11767578125
2564,0.04,0.44,0.0,0.2072,-2654.62548828125
2565,0.04,0.44,0.0,0.212,-2655.688720703125
2566,0.04,0.44,0.0,0.2168,-2652.771240234375
2567,0.04,0.44,0.0,0.2216,-2653.935546875
2568,0.04,0.44,0.0,0.2264,-2653.857177734375
2569,0.04,0.44,0.0,0.2312,-2654.01806640625
2570,0.04,0.44,0.0,0.236,-2654.45068359375
2571,0.04,0.44,0.0,0.2408,-2653.86279296875
2572,0.04,0.44,0.0,0.2456,-2652.74951171875
2573,0.04,0.44,0.0,0.2504,-2653.75927734375
2574,0.04,0.44,0.0,0.2552,-2653.397705078125
2575,0.04,0.44,0.0,0.26,-2654.13427734375
2576,0.04,0.44,0.0,0.2648,-2655.07177734375
2577,0.04,0.44,0.0,0.2696,-2656.11767578125
2578,0.04,0.44,0.0,0.2744,-2655.341796875
2579,0.04,0.44,0.0,0.2792,-2653.912353515625
2580,0.04,0.44,0.0,0.284,-2654.927734375
2581,0.04,0.44,0.0,0.2888,-2655.6103515625
2582,0.04,0.44,0.0,0.2936,-2658.238525390625
2583,0.04,0.44,0.0,0.2984,-2659.5283203125
2584,0.04,0.44,0.0,0.3032,-2658.62841796875
2585,0.04,0.44,0.0,0.308,-2659.79736328125
2586,0.04,0.44,0.0,0.3128,-2660.909912109375
2587,0.04,0.44,0.0,0.3176,-2661.50927734375
2588,0.04,0.44,0.0,0.3224,-2661.8115234375
2589,0.04,0.44,0.0,0.3272,-2661.4716796875
2590,0.04,0.44,0.0,0.332,-2665.09228515625
2591,0.04,0.44,0.0,0.3368,-2665.093994140625
2592,0.04,0.44,0.0,0.3416,-2666.468994140625
2593,0.04,0.44,0.0,0.3464,-2666.83154296875
2594,0.04,0.44,0.0,0.3512,-2668.896484375
2595,0.04,0.44,0.0,0.356,-2670.0009765625
2596,0.04,0.44,0.0,0.3608,-2671.069580078125
2597,0.04,0.44,0.0,0.3656,-2672.98779296875
2598,0.04,0.44,0.0,0.3704,-2673.23681640625
2599,0.04,0.44,0.0,0.3752,-2674.259521484375
2600,0.04,0.44,0.0,0.38,-2677.39208984375
