mu,rho,ll
0.390485,0.260835,-2630.615967
0.39212,0.252652,-2629.700928
0.393992,0.256635,-2631.697266
0.393992,0.256635,-2631.971191
0.393992,0.256635,-2633.490234
0.395968,0.261499,-2632.57251
0.39585,0.262777,-2633.152344
0.394708,0.263408,-2633.354248
0.388682,0.274114,-2631.465332
0.385182,0.276873,-2630.685791
0.385182,0.276873,-2630.663086
0.385182,0.276873,-2630.841797
0.386878,0.27397,-2630.099609
0.38305,0.271176,-2628.385742
0.38131,0.265162,-2628.343994
0.38131,0.265162,-2627.144043
0.385512,0.265971,-2629.14917
0.385483,0.264071,-2628.679199
0.386727,0.259981,-2630.437988
0.384702,0.253504,-2629.423096
0.384702,0.253504,-2628.141602
0.384107,0.252946,-2628.5
0.382011,0.241705,-2628.355957
0.382011,0.241705,-2627.26709
0.380703,0.241129,-2626.578613
0.380368,0.24037,-2628.419678
0.380103,0.240232,-2627.551514
0.380103,0.240232,-2625.595703
0.380986,0.237741,-2627.638916
0.37931,0.237258,-2629.000732
0.37931,0.237258,-2625.973145
0.375361,0.238336,-2627.820312
0.375361,0.238336,-2627.322266
0.375827,0.234541,-2627.47998
0.375827,0.234541,-2624.757812
0.3758,0.233745,-2626.652344
0.3758,0.233745,-2624.052246
0.3758,0.233745,-2625.926514
0.374148,0.234068,-2626.016113
0.374148,0.234068,-2627.390381
0.374768,0.238261,-2626.459473
0.374577,0.242336,-2628.493164
0.373725,0.239046,-2626.869141
0.373725,0.239046,-2625.945312
0.372301,0.243932,-2624.7771
0.371122,0.243882,-2622.256592
0.373828,0.239035,-2625.760742
0.373828,0.239035,-2632.231934
0.373828,0.239035,-2623.782715
0.376347,0.236781,-2626.009521
0.375185,0.236944,-2626.616943
0.373559,0.243546,-2625.888672
0.371803,0.242833,-2627.098145
0.369622,0.24287,-2626.998535
0.368637,0.234761,-2624.604492
0.368637,0.234761,-2626.289551
0.372557,0.231636,-2624.71582
0.372557,0.231636,-2624.937012
0.372557,0.231636,-2626.060059
0.372557,0.231636,-2625.789795
0.372041,0.229453,-2626.891113
0.371691,0.221521,-2624.280273
0.371691,0.221521,-2626.170898
0.372373,0.221508,-2626.041748
0.37514,0.225972,-2626.733887
0.37514,0.225972,-2626.625
0.37514,0.225972,-2629.126953
0.37514,0.225972,-2625.16333
0.37514,0.225972,-2625.66333
0.375149,0.216956,-2627.431152
0.375188,0.212571,-2631.80957
0.376657,0.210753,-2629.917969
0.376657,0.210753,-2628.097168
0.371705,0.219842,-2625.922852
0.367309,0.222975,-2631.755127
0.367309,0.222975,-2626.553955
0.367324,0.222812,-2629.311035
0.37133,0.221337,-2624.29126
0.37133,0.221337,-2624.059082
0.37133,0.221337,-2625.541992
0.376301,0.220634,-2627.846191
0.376301,0.220634,-2627.97168
0.377427,0.225929,-2626.787354
0.382244,0.233325,-2627.175781
0.382244,0.233325,-2627.256104
0.380041,0.215992,-2627.976074
0.380041,0.215992,-2628.934082
0.380414,0.219245,-2628.90625
0.380414,0.219245,-2628.461426
0.380414,0.219245,-2627.287598
0.380414,0.219245,-2629.162842
0.385392,0.227653,-2628.60376
0.385392,0.227653,-2628.964844
0.385392,0.227653,-2630.304199
0.386779,0.221164,-2629.591309
0.387029,0.227084,-2631.031738
0.386307,0.228579,-2630.376953
0.386307,0.228579,-2630.239014
0.384638,0.227277,-2628.345459
0.384252,0.233997,-2628.119385
0.384252,0.233997,-2629.124023
0.383653,0.223447,-2628.871094
0.37884,0.223003,-2627.221191
0.377832,0.214637,-2629.535645
0.377832,0.214637,-2627.040527
0.373532,0.220316,-2627.314453
0.376903,0.22201,-2626.960449
0.375502,0.218752,-2625.390137
0.376234,0.207434,-2628.169678
0.376063,0.21542,-2626.282227
0.375744,0.221749,-2627.00415
0.375744,0.221749,-2626.676025
0.375744,0.221749,-2625.810547
0.378429,0.229595,-2626.634277
0.378429,0.229595,-2626.382568
0.378429,0.229595,-2628.036865
0.379107,0.224362,-2627.976562
0.382997,0.224368,-2629.72168
0.381928,0.218389,-2628.088379
0.382585,0.217545,-2628.466797
0.382243,0.214382,-2629.830322
0.384015,0.216347,-2630.813477
0.382708,0.216993,-2629.017334
0.380842,0.20696,-2628.38916
0.378952,0.202554,-2630.789551
0.38076,0.203601,-2629.98291
0.379872,0.212983,-2629.65332
0.379664,0.214287,-2628.480957
0.378451,0.220272,-2627.608398
0.376842,0.215629,-2629.08667
0.376842,0.215629,-2627.227783
0.376842,0.215629,-2629.26416
0.378498,0.213611,-2627.722168
0.382151,0.215524,-2628.880859
0.382151,0.215524,-2628.239258
0.383838,0.218365,-2629.758057
0.387354,0.215252,-2631.461426
0.386178,0.226226,-2629.954346
0.391339,0.221808,-2630.869629
0.392708,0.221171,-2631.481934
0.391873,0.21902,-2632.226562
0.39406,0.214521,-2634.838379
0.39406,0.214521,-2633.674316
0.394172,0.203663,-2634.709961
0.39403,0.206643,-2634.094727
0.39403,0.206643,-2635.217773
0.394253,0.212496,-2633.47998
0.394253,0.212496,-2633.897461
0.394111,0.208631,-2633.905273
0.390772,0.209044,-2632.584961
0.39116,0.212866,-2632.202148
0.39116,0.212866,-2632.780273
0.394227,0.211935,-2633.033203
0.39492,0.214762,-2634.5896
0.39492,0.214762,-2633.991699
0.394219,0.218463,-2632.771973
0.389969,0.216352,-2630.907227
0.389969,0.216352,-2632.941406
0.387226,0.211996,-2630.644531
0.388155,0.221682,-2631.289307
0.388155,0.221682,-2631.609619
0.391557,0.230927,-2631.218506
0.391557,0.230927,-2630.729492
0.388924,0.232923,-2630.566895
0.388924,0.232923,-2630.191895
0.39048,0.24642,-2630.279785
0.390243,0.246435,-2631.086182
0.388158,0.258913,-2630.077881
0.388868,0.259483,-2630.048828
0.387568,0.260386,-2631.192871
0.383295,0.250292,-2627.456055
0.38334,0.250219,-2627.764648
0.382508,0.249541,-2627.853271
0.381646,0.240764,-2627.768066
0.382368,0.237085,-2627.116699
0.381778,0.241454,-2628.010742
0.380971,0.243744,-2628.129395
0.380971,0.243744,-2626.934082
0.380971,0.243744,-2627.822754
0.383593,0.242518,-2627.094238
0.383593,0.242518,-2628.185547
0.383593,0.242518,-2627.891602
0.380421,0.257299,-2628.170898
0.378807,0.255906,-2627.459961
0.378807,0.255906,-2628.221191
0.377905,0.256191,-2627.209229
0.378871,0.249993,-2627.861084
0.378871,0.249993,-2626.633301
0.378871,0.249993,-2626.128662
0.378871,0.249993,-2626.193359
0.376668,0.24759,-2627.50708
0.378341,0.254961,-2626.143066
0.376639,0.25746,-2625.810059
0.376639,0.25746,-2624.58252
0.376923,0.256676,-2626.661133
0.374763,0.262236,-2625.243896
0.372962,0.257097,-2623.402832
0.376966,0.25779,-2627.097168
0.376966,0.25779,-2626.175293
0.376966,0.25779,-2625.620605
0.374619,0.253726,-2625.07666
0.374619,0.253726,-2626.048828
0.374619,0.253726,-2625.140869
0.369526,0.254773,-2624.351562
0.369526,0.254773,-2627.415039
0.367725,0.251955,-2623.541504
0.368463,0.247688,-2630.616211
0.369131,0.243855,-2625.417236
0.369131,0.243855,-2624.858887
0.369095,0.253124,-2630.010742
0.369095,0.253124,-2623.374268
0.369095,0.253124,-2633.61377
0.372845,0.25663,-2626.848633
0.372845,0.25663,-2624.611816
0.372845,0.25663,-2627.123779
0.374628,0.251706,-2625.072266
0.375512,0.249826,-2626.450684
0.370984,0.258899,-2625.597168
0.370984,0.258899,-2624.692383
0.370362,0.259339,-2625.099854
0.369282,0.252715,-2628.954102
0.369282,0.252715,-2625.442871
0.371535,0.265191,-2626.080078
0.371535,0.265191,-2623.806641
0.371034,0.257004,-2622.720215
0.371034,0.257004,-2628.347412
0.37179,0.263647,-2629.734375
0.37179,0.263647,-2629.528564
0.37179,0.263647,-2628.812744
0.369723,0.259927,-2628.410889
0.373918,0.267029,-2628.499512
0.373918,0.267029,-2624.691162
0.374001,0.262863,-2625.546143
0.37033,0.259934,-2624.695557
0.37033,0.259934,-2625.934082
0.37033,0.259934,-2624.847168
0.373518,0.257897,-2625.977051
0.373518,0.257897,-2625.965088
0.37313,0.257259,-2625.190186
0.371185,0.261487,-2630.211426
0.371185,0.261487,-2624.729004
0.371116,0.260657,-2625.303223
0.371116,0.260657,-2622.964355
0.369327,0.25755,-2628.233887
0.369327,0.25755,-2625.741211
0.370609,0.26942,-2624.677246
0.370609,0.26942,-2626.412354
0.370609,0.26942,-2625.981445
0.36591,0.280884,-2627.019043
0.367856,0.286086,-2624.329346
0.364203,0.289789,-2628.131836
0.364137,0.283149,-2632.174561
0.364137,0.283149,-2632.009033
0.364137,0.283149,-2623.81958
0.364137,0.283149,-2635.711914
0.364137,0.283149,-2631.838623
0.36315,0.282816,-2629.736572
0.366675,0.285937,-2632.635742
0.366675,0.285937,-2624.374756
0.366675,0.285937,-2628.887695
0.366675,0.285937,-2628.388428
0.367729,0.276916,-2624.29541
0.368794,0.272628,-2634.146729
0.367848,0.261558,-2629.635742
0.367848,0.261558,-2626.583984
0.372903,0.254308,-2628.560059
0.372903,0.254308,-2625.085938
0.370922,0.259284,-2624.442383
0.370922,0.259284,-2623.854248
0.365922,0.264739,-2627.640381
0.369838,0.262757,-2624.41626
0.371525,0.267312,-2629.003906
0.371525,0.267312,-2625.65332
0.37097,0.264617,-2624.182373
0.37097,0.264617,-2624.719727
0.37097,0.264617,-2622.700684
0.375268,0.263864,-2628.609375
0.373815,0.2693,-2625.659668
0.373815,0.2693,-2626.165527
0.370347,0.269381,-2631.544922
0.369994,0.272302,-2625.727783
0.369994,0.272302,-2629.577393
0.370222,0.27061,-2626.105225
0.367127,0.27051,-2629.140137
0.366836,0.259873,-2628.657959
0.363425,0.262847,-2630.464355
0.360201,0.261128,-2627.07666
0.360201,0.261128,-2646.815674
0.360712,0.259589,-2629.438477
0.361427,0.261428,-2632.943115
0.361427,0.261428,-2629.768555
0.361427,0.261428,-2624.700195
0.362096,0.266452,-2644.444824
0.365211,0.267359,-2626.598145
0.365211,0.267359,-2622.008057
0.365383,0.247603,-2621.667725
0.365074,0.250728,-2627.427734
0.365074,0.250728,-2628.108398
0.364419,0.245803,-2627.555908
0.364419,0.245803,-2629.249268
0.361933,0.242433,-2633.608398
0.364322,0.237363,-2622.73291
0.364322,0.237363,-2621.966797
0.368336,0.233543,-2625.69043
0.369537,0.227968,-2627.440674
0.371036,0.230844,-2627.905273
0.371036,0.230844,-2623.604004
0.371036,0.230844,-2625.61792
0.371036,0.230844,-2629.169434
0.371036,0.230844,-2625.739258
0.371036,0.230844,-2622.850098
0.368474,0.222964,-2624.819824
0.368474,0.222964,-2628.895508
0.370254,0.226191,-2627.606934
0.370254,0.226191,-2623.890625
0.369132,0.227022,-2628.40625
0.369132,0.227022,-2633.15625
0.366372,0.225912,-2624.214844
0.368423,0.224046,-2625.705566
0.367151,0.219609,-2623.902832
0.367151,0.219609,-2623.387939
0.367151,0.219609,-2638.460449
0.369125,0.216793,-2624.018555
0.36821,0.22079,-2627.053955
0.369712,0.223142,-2622.777832
0.369712,0.223142,-2630.681396
0.375886,0.222668,-2626.225342
0.376209,0.220992,-2627.063232
0.372516,0.226456,-2627.082764
0.368984,0.2266,-2629.369141
0.371412,0.21603,-2627.579102
0.371412,0.21603,-2627.579346
0.371412,0.21603,-2625.046387
0.372099,0.219135,-2625.092773
0.372099,0.219135,-2625.090576
0.372099,0.219135,-2626.176758
0.374025,0.222143,-2625.040039
0.377171,0.226515,-2625.677246
0.375093,0.224291,-2626.11377
0.375093,0.224291,-2624.677979
0.372576,0.231765,-2624.233887
0.372576,0.231765,-2624.657715
0.37279,0.225294,-2626.024414
0.369208,0.23499,-2632.018066
0.369208,0.23499,-2630.015137
0.367372,0.240425,-2628.21875
0.367372,0.240425,-2636.998047
0.367372,0.240425,-2624.656982
0.366885,0.24809,-2623.05127
0.366885,0.24809,-2622.96582
0.366885,0.24809,-2623.998047
0.366885,0.24809,-2622.869385
0.366929,0.258811,-2621.417969
0.366929,0.258811,-2625.742676
0.365422,0.271608,-2630.310547
0.365422,0.271608,-2626.222656
0.365422,0.271608,-2630.125488
0.364496,0.270395,-2621.80127
0.364496,0.270395,-2622.190918
0.36125,0.263578,-2622.126953
0.362884,0.262353,-2628.934082
0.362656,0.270147,-2638.849121
0.361941,0.272068,-2637.548584
0.361941,0.272068,-2637.404297
0.363474,0.271296,-2629.79126
0.363474,0.271296,-2630.623291
0.362501,0.264593,-2635.504639
0.362749,0.260199,-2634.471191
0.362749,0.260199,-2627.027344
0.365279,0.259844,-2626.871826
0.365279,0.259844,-2627.864746
0.365562,0.258969,-2622.333496
0.365562,0.258969,-2635.869385
0.365562,0.258969,-2623.528809
0.365562,0.258969,-2628.986328
0.365562,0.258969,-2629.286621
0.362015,0.244889,-2619.175293
0.364684,0.245633,-2627.989746
0.364684,0.245633,-2621.538574
0.364684,0.245633,-2629.014893
0.369469,0.241245,-2624.311768
0.369469,0.241245,-2624.161621
0.369469,0.241245,-2622.783691
0.369469,0.241245,-2624.560547
0.372224,0.244,-2623.323242
0.373748,0.238512,-2627.672852
0.373748,0.238512,-2624.944824
0.376088,0.238837,-2626.523438
0.378476,0.245092,-2627.981201
0.378476,0.245092,-2626.576416
0.383622,0.248071,-2627.317627
0.383801,0.246899,-2629.722168
0.383801,0.246899,-2629.160156
0.385831,0.246858,-2629.001953
0.385831,0.246858,-2629.338379
0.385831,0.246858,-2628.375488
0.387011,0.246974,-2628.979004
0.386032,0.23134,-2628.123047
0.38576,0.22608,-2628.190918
0.388227,0.238036,-2629.130859
0.389708,0.240034,-2629.637207
0.387463,0.246031,-2628.724365
0.389379,0.243767,-2629.546143
0.389379,0.243767,-2629.858887
0.39039,0.239143,-2630.749023
0.390353,0.233238,-2630.25708
0.385377,0.234318,-2628.308594
0.387013,0.237679,-2628.663574
0.388854,0.236193,-2630.309082
0.383794,0.24052,-2628.688965
0.382484,0.238316,-2628.845459
0.380234,0.233066,-2627.234863
0.380234,0.233066,-2626.69458
0.380234,0.233066,-2626.820801
0.380234,0.233066,-2626.986328
0.373992,0.242986,-2625.0979
0.374029,0.243268,-2626.54126
0.375164,0.239263,-2626.063721
0.373933,0.240953,-2625.330078
0.3763,0.239143,-2625.682129
0.3763,0.239143,-2624.63623
0.374591,0.230923,-2625.528809
0.374034,0.236146,-2624.44043
0.374865,0.241981,-2625.363525
0.374766,0.235503,-2626.040039
0.374766,0.235503,-2625.687988
0.374392,0.22408,-2626.23584
0.374392,0.22408,-2629.223633
0.376326,0.230688,-2627.341553
0.376321,0.229478,-2626.068359
0.378264,0.229398,-2627.663086
0.375126,0.233913,-2628.920654
0.375126,0.233913,-2628.554688
0.378597,0.225168,-2626.252441
0.383412,0.214168,-2628.582031
0.383412,0.214168,-2630.002441
0.383309,0.214376,-2628.837402
0.383309,0.214376,-2628.780273
0.383309,0.214376,-2630.51709
0.382903,0.207084,-2629.528809
0.382903,0.207084,-2630.22168
0.382903,0.207084,-2631.312012
0.379672,0.205436,-2630.64209
0.379672,0.205436,-2631.098145
0.379672,0.205436,-2629.781738
0.379003,0.214611,-2628.975586
0.381742,0.23227,-2627.26416
0.381742,0.23227,-2626.89502
0.38004,0.235602,-2627.480225
0.38004,0.235602,-2627.195068
0.382137,0.237221,-2627.745605
0.383328,0.23738,-2627.263184
0.383731,0.240108,-2629.412598
0.388497,0.237525,-2629.256348
0.388497,0.237525,-2629.901855
0.384814,0.234471,-2628.204102
0.384814,0.234471,-2628.869141
0.385429,0.226488,-2627.908691
0.384024,0.220338,-2629.489746
0.381143,0.22209,-2628.652832
0.381143,0.22209,-2627.234863
0.385673,0.221476,-2628.063477
0.385673,0.221476,-2629.909668
0.382429,0.218947,-2628.846191
0.382429,0.218947,-2629.308105
0.382429,0.218947,-2627.762695
0.383617,0.224876,-2627.662842
0.38602,0.229814,-2630.102539
0.387427,0.220372,-2629.180664
0.387427,0.220372,-2630.936768
0.385649,0.213586,-2631.000732
0.385041,0.216133,-2628.420898
0.385041,0.216133,-2629.882812
0.38591,0.21468,-2631.452637
0.383875,0.211466,-2629.291504
0.380888,0.216363,-2627.553711
0.379982,0.21357,-2629.081055
0.377996,0.218132,-2628.322754
0.378323,0.217966,-2626.748047
0.378323,0.217966,-2627.966553
0.382467,0.221667,-2627.581543
0.380921,0.227804,-2628.440918
0.381823,0.233383,-2629.00708
0.377158,0.235368,-2626.245605
0.381464,0.229586,-2627.442627
0.380412,0.221518,-2627.996826
0.381541,0.22131,-2628.791504
0.379715,0.218111,-2627.950928
0.377749,0.218635,-2628.267578
0.377749,0.218635,-2626.420898
0.377749,0.218635,-2627.296875
0.375624,0.217,-2627.398438
0.375624,0.217,-2627.976074
0.375624,0.217,-2627.768311
0.376888,0.216041,-2629.620117
0.376634,0.217294,-2627.765625
0.376634,0.217294,-2628.15918
0.376634,0.217294,-2627.733398
0.376634,0.217294,-2628.960449
0.376634,0.217294,-2627.061523
0.379349,0.224245,-2628.41333
0.381762,0.216024,-2628.347412
0.380497,0.220675,-2626.448242
0.375923,0.224256,-2628.477783
0.374388,0.240958,-2624.876221
0.374388,0.240958,-2624.541504
0.373279,0.242523,-2625.829346
0.37405,0.24054,-2624.095703
0.374615,0.2441,-2624.913574
0.374615,0.2441,-2626.225098
0.37587,0.236562,-2627.155273
0.373466,0.247028,-2626.671387
0.372784,0.24295,-2627.135498
0.372784,0.24295,-2627.687256
0.373212,0.237269,-2625.084229
0.373212,0.237269,-2623.168213
0.37035,0.236134,-2625.710449
0.37035,0.236134,-2624.54834
0.37035,0.236134,-2625.069824
0.372189,0.239144,-2624.780029
0.372189,0.239144,-2625.726562
0.374712,0.238043,-2625.942627
0.373853,0.238941,-2624.489258
0.373853,0.238941,-2625.964355
0.373853,0.238941,-2622.991699
0.369734,0.240629,-2623.331055
0.369734,0.240629,-2630.43457
0.369746,0.236815,-2624.240723
0.37295,0.226613,-2624.058594
0.369015,0.228798,-2627.550049
0.369015,0.228798,-2630.720947
0.37158,0.228393,-2630.822754
0.37219,0.238001,-2626.355957
0.37219,0.238001,-2625.077637
0.37219,0.238001,-2624.836182
0.369331,0.247958,-2632.65625
0.367611,0.240455,-2624.199951
0.371398,0.243045,-2623.962402
0.371398,0.243045,-2623.505859
0.371398,0.243045,-2623.512939
0.370929,0.244143,-2628.853516
0.370929,0.244143,-2624.858887
0.372279,0.245303,-2624.907471
0.372279,0.245303,-2624.470215
0.372279,0.245303,-2624.094971
0.372279,0.245303,-2624.491699
0.371193,0.253793,-2627.861084
0.368607,0.25816,-2625.19165
0.368607,0.25816,-2623.212402
0.368684,0.249811,-2629.834229
0.368684,0.249811,-2624.282227
0.368684,0.249811,-2624.067383
0.368684,0.249811,-2627.473877
0.368684,0.249811,-2625.113281
0.368163,0.257052,-2628.781006
0.368163,0.257052,-2625.529297
0.368163,0.257052,-2636.064453
0.368163,0.257052,-2630.612061
0.368732,0.25067,-2623.435791
0.368732,0.25067,-2625.439453
0.368732,0.25067,-2622.842773
0.368732,0.25067,-2626.786133
0.373141,0.253178,-2624.300537
0.374699,0.2489,-2628.362305
0.374699,0.2489,-2626.246826
0.371082,0.249237,-2625.321045
0.368736,0.25613,-2622.084961
0.366562,0.251524,-2630.008789
0.367901,0.257889,-2623.962891
0.367901,0.257889,-2624.93457
0.367901,0.257889,-2622.719727
0.364675,0.247415,-2639.552734
0.364675,0.247415,-2621.291016
0.368987,0.235274,-2628.805176
0.368558,0.236805,-2626.836182
0.369163,0.231387,-2627.609863
0.369163,0.231387,-2623.897949
0.369163,0.231387,-2626.643799
0.373286,0.222814,-2626.914795
0.372144,0.21793,-2625.99292
0.375219,0.21922,-2625.444336
0.377878,0.219284,-2627.020508
0.377878,0.219284,-2626.99292
0.376355,0.216109,-2628.603271
0.377321,0.220736,-2627.895264
0.377321,0.220736,-2627.624023
0.380052,0.216757,-2628.854492
0.377522,0.218387,-2628.616211
0.374897,0.221854,-2626.040039
0.382064,0.218873,-2629.367676
0.379283,0.217576,-2628.882324
0.379283,0.217576,-2627.728027
0.379973,0.222374,-2628.541992
0.381308,0.227012,-2627.280029
0.381546,0.228978,-2627.914062
0.383242,0.215805,-2629.694824
0.383242,0.215805,-2630.148193
0.384109,0.220688,-2629.534668
0.384212,0.226473,-2627.878418
0.384212,0.226473,-2627.580566
0.381457,0.221843,-2629.202637
0.381457,0.221843,-2628.913818
0.379265,0.221407,-2628.731445
0.379166,0.224137,-2627.956787
0.379166,0.224137,-2628.374512
0.377484,0.221729,-2628.876953
0.377484,0.221729,-2626.410156
0.379198,0.220268,-2628.670166
0.378295,0.226127,-2628.316406
0.378295,0.226127,-2627.775879
0.378295,0.226127,-2625.943115
0.378351,0.225418,-2627.713379
0.37909,0.227676,-2629.672852
0.379276,0.230665,-2625.764648
0.377546,0.219637,-2626.281494
0.376513,0.223597,-2626.813477
0.376513,0.223597,-2626.209229
0.377913,0.227741,-2629.325684
0.376613,0.229143,-2626.476074
0.376245,0.224705,-2626.85083
0.376245,0.224705,-2626.853271
0.376245,0.224705,-2628.23291
0.377739,0.226458,-2628.88623
0.377739,0.226458,-2627.126709
0.377621,0.22642,-2627.951172
0.377621,0.22642,-2627.265137
0.377621,0.22642,-2627.376465
0.377621,0.22642,-2627.368652
0.376376,0.216429,-2627.063477
0.376376,0.216429,-2626.386719
0.373871,0.217781,-2626.005859
0.378204,0.228169,-2627.310547
0.378204,0.228169,-2626.465332
0.378204,0.228169,-2624.964355
0.378204,0.228169,-2626.847168
0.381773,0.227344,-2627.720459
0.383628,0.223152,-2630.50293
0.384402,0.223788,-2630.154785
0.383011,0.232394,-2628.22876
0.38368,0.231165,-2629.901855
0.387665,0.232241,-2629.055664
0.389677,0.234366,-2630.776611
0.386772,0.236077,-2629.711914
0.386772,0.236077,-2628.743164
0.385951,0.222683,-2629.803467
0.385951,0.222683,-2630.356689
0.385951,0.222683,-2628.746582
0.382719,0.225688,-2628.19873
0.382719,0.225688,-2627.37207
0.383764,0.219321,-2629.653809
0.383764,0.219321,-2629.324219
0.382408,0.224738,-2628.607422
0.382408,0.224738,-2627.864746
0.381403,0.227885,-2627.891357
0.382112,0.227176,-2628.367676
0.382112,0.227176,-2627.319824
0.382112,0.227176,-2628.499512
0.38058,0.229643,-2627.110107
0.378405,0.234169,-2627.466064
0.378405,0.234169,-2625.840576
0.381638,0.228692,-2628.194336
0.386674,0.234895,-2628.854492
0.391626,0.239225,-2631.76709
0.390047,0.236872,-2630.123047
0.387934,0.224333,-2629.827881
0.389827,0.224628,-2630.919189
0.389827,0.224628,-2630.93042
0.390468,0.22737,-2631.136475
0.390468,0.22737,-2632.469727
0.39246,0.229854,-2632.119141
0.39246,0.229854,-2631.014404
0.393368,0.238091,-2632.188965
0.393368,0.238091,-2632.22876
0.391444,0.232656,-2630.889648
0.390546,0.218131,-2632.274902
0.390546,0.218131,-2632.302734
0.390546,0.218131,-2631.597656
0.389793,0.218037,-2631.727295
0.383054,0.220617,-2628.980469
0.382081,0.226555,-2627.171875
0.382081,0.226555,-2627.92749
0.383251,0.227875,-2628.009277
0.377584,0.233994,-2626.060791
0.377584,0.233994,-2624.792236
0.37657,0.239331,-2626.023438
0.37657,0.239331,-2627.791504
0.377264,0.246044,-2625.649414
0.377264,0.246044,-2626.261475
0.375462,0.245782,-2626.155762
0.375462,0.245782,-2627.967529
0.375462,0.245782,-2624.853271
0.370465,0.250576,-2625.053711
0.370465,0.250576,-2623.325928
0.370465,0.250576,-2627.636719
0.370465,0.250576,-2623.097656
0.370465,0.250576,-2629.057129
0.372028,0.238816,-2624.62207
0.372028,0.238816,-2629.799561
0.371225,0.248334,-2633.019043
0.371225,0.248334,-2627.14502
0.371225,0.248334,-2622.988281
0.369051,0.263832,-2628.604736
0.369051,0.263832,-2623.427002
0.369051,0.263832,-2630.731201
0.369051,0.263832,-2628.735107
0.372002,0.258154,-2628.95459
0.371845,0.262786,-2624.587402
0.375106,0.260211,-2624.848389
0.37384,0.249563,-2627.116211
0.378431,0.255045,-2628.267822
0.378431,0.255045,-2627.780762
0.377991,0.268376,-2627.63208
0.377991,0.268376,-2628.235352
0.38189,0.272478,-2628.432617
0.379156,0.270075,-2627.324951
0.375996,0.251159,-2626.708252
0.375915,0.258404,-2626.604736
0.375937,0.265735,-2627.197754
0.374316,0.267808,-2626.443359
0.374663,0.268199,-2625.609863
0.374663,0.268199,-2627.929688
0.374663,0.268199,-2628.702393
0.374663,0.268199,-2625.771484
0.374663,0.268199,-2626.817627
0.37297,0.264254,-2628.465332
0.370984,0.259644,-2625.705078
0.372939,0.260285,-2625.734863
0.374729,0.251232,-2625.847412
0.373002,0.248345,-2627.833496
0.366914,0.237227,-2626.71875
0.366914,0.237227,-2627.282227
0.36739,0.236166,-2628.516113
0.36739,0.236166,-2625.804932
0.36739,0.236166,-2629.549805
0.36739,0.236166,-2631.907471
0.369346,0.234189,-2623.332764
0.366437,0.235375,-2623.167725
0.366437,0.235375,-2628.707275
0.367946,0.235976,-2633.515137
0.367946,0.235976,-2631.358154
0.367946,0.235976,-2623.469482
0.367946,0.235976,-2636.350098
0.369283,0.240577,-2629.75708
0.365013,0.235786,-2626.972656
0.365013,0.235786,-2620.773438
0.36203,0.243229,-2624.625
0.36203,0.243229,-2634.165527
0.362363,0.232352,-2632.929199
0.361063,0.226371,-2630.016846
0.361063,0.226371,-2628.703369
0.361063,0.226371,-2628.101074
0.35897,0.231619,-2625.978027
0.35897,0.231619,-2627.293945
0.358513,0.224326,-2637.983398
0.358513,0.224326,-2633.366943
0.358973,0.21909,-2623.941406
0.358973,0.21909,-2630.914062
0.361222,0.212928,-2632.874512
0.365104,0.220181,-2629.05127
0.364667,0.227444,-2635.204834
0.364667,0.227444,-2621.945801
0.365616,0.231482,-2630.920898
0.367337,0.226482,-2629.863281
0.3681,0.219491,-2624.806641
0.370139,0.213629,-2638.303711
0.365708,0.21231,-2625.258789
0.368009,0.207048,-2637.044922
0.368009,0.207048,-2631.149658
0.367752,0.20778,-2629.0625
0.367752,0.20778,-2629.047607
0.367752,0.20778,-2624.305176
0.369705,0.206633,-2634.524658
0.369705,0.206633,-2628.082031
0.369705,0.206633,-2626.043945
0.372682,0.215881,-2630.861816
0.366692,0.213788,-2624.507812
0.366692,0.213788,-2626.171143
0.366692,0.213788,-2625.405273
0.366692,0.213788,-2627.249023
0.366692,0.213788,-2627.157715
0.362886,0.209691,-2623.054932
0.362886,0.209691,-2625.04541
0.362434,0.214588,-2638.978516
0.362434,0.214588,-2640.432373
0.362434,0.214588,-2638.928711
0.364505,0.205715,-2632.726807
0.364352,0.201189,-2626.637695
0.364352,0.201189,-2635.257812
0.363871,0.2025,-2629.196777
0.363871,0.2025,-2623.696045
0.363871,0.2025,-2633.602295
0.360995,0.200308,-2633.595947
0.360995,0.200308,-2627.079346
0.360995,0.200308,-2635.444092
0.360995,0.200308,-2634.140625
0.359998,0.20993,-2636.919434
0.359998,0.20993,-2642.537109
0.359381,0.206376,-2638.587402
0.359381,0.206376,-2641.07666
0.359381,0.206376,-2632.525879
0.359381,0.206376,-2634.027344
0.363801,0.208033,-2634.54248
0.364261,0.201322,-2628.8125
0.36331,0.199893,-2628.788818
0.36331,0.199893,-2634.502686
0.363665,0.201,-2642.860107
0.365112,0.198924,-2632.499756
0.365112,0.198924,-2633.338379
0.36814,0.18929,-2633.571533
0.367778,0.188592,-2636.497314
0.367778,0.188592,-2628.431641
0.367778,0.188592,-2636.487305
0.367778,0.188592,-2634.359375
0.367778,0.188592,-2632.030273
0.367778,0.188592,-2633.956299
0.370195,0.190839,-2630.436523
0.370195,0.190839,-2630.742432
0.372794,0.199258,-2627.924316
0.372794,0.199258,-2630.1875
0.372794,0.199258,-2634.532715
0.369018,0.195011,-2632.285156
0.369194,0.199454,-2628.80835
0.372313,0.20032,-2628.665283
0.374154,0.196452,-2628.385742
0.372927,0.199233,-2628.866699
0.373473,0.197774,-2628.402344
0.372741,0.20218,-2628.25
0.372741,0.20218,-2629.338379
0.372741,0.20218,-2628.231201
0.373792,0.20683,-2628.542969
0.375119,0.208909,-2628.861816
0.374787,0.212055,-2627.030762
0.372763,0.219042,-2624.44873
0.372763,0.219042,-2626.435791
0.372427,0.218355,-2625.758789
0.372427,0.218355,-2627.363525
0.370665,0.225493,-2632.006836
0.370665,0.225493,-2628.381836
0.370388,0.220758,-2624.408936
0.370388,0.220758,-2629.666016
0.370388,0.220758,-2624.317627
0.372304,0.227346,-2627.735352
0.372304,0.227346,-2624.573242
0.372304,0.227346,-2623.799805
0.372304,0.227346,-2623.969482
0.372304,0.227346,-2627.104492
0.372304,0.227346,-2625.4646
0.372352,0.231282,-2625.302002
0.372084,0.245572,-2627.265869
0.371928,0.237254,-2623.888184
0.373575,0.252209,-2624.428223
0.374888,0.257033,-2625.412598
0.378018,0.264733,-2627.424316
0.378018,0.264733,-2627.88916
0.378018,0.264733,-2626.265137
0.378018,0.264733,-2627.873291
0.378018,0.264733,-2627.129395
0.37574,0.262195,-2627.804932
0.37574,0.262195,-2625.813477
0.377407,0.263146,-2628.046875
0.377407,0.263146,-2626.279541
0.373704,0.269752,-2627.673828
0.373704,0.269752,-2632.318604
0.373704,0.269752,-2626.871582
0.371838,0.266467,-2629.865723
0.370757,0.262085,-2623.686523
0.370757,0.262085,-2624.187988
0.372521,0.263863,-2626.347656
0.37301,0.258722,-2625.270996
0.372793,0.266003,-2625.924561
0.37615,0.260092,-2624.990479
0.37615,0.260092,-2626.036621
0.376591,0.263864,-2627.471436
0.377427,0.263134,-2625.991943
0.379401,0.266451,-2626.507812
0.3793,0.270448,-2626.820312
0.378884,0.26981,-2628.760742
0.376973,0.266143,-2626.576904
0.371074,0.261355,-2624.460693
0.367879,0.260712,-2626.831787
0.369166,0.259894,-2623.316406
0.369166,0.259894,-2625.654297
0.369166,0.259894,-2624.829102
0.369166,0.259894,-2623.619873
0.369166,0.259894,-2628.532715
0.369166,0.259894,-2623.026367
0.368847,0.257389,-2623.95459
0.368383,0.262852,-2622.940918
0.371861,0.265609,-2628.405762
0.371861,0.265609,-2625.766113
0.371861,0.265609,-2629.342773
0.373172,0.265588,-2624.203613
0.372505,0.265527,-2625.919434
0.372505,0.265527,-2632.944092
0.375111,0.256168,-2626.486328
0.375321,0.251723,-2625.443359
0.375321,0.251723,-2626.369629
0.375321,0.251723,-2625.866211
0.374351,0.252093,-2624.998535
0.374351,0.252093,-2625.245117
0.374653,0.247576,-2625.685059
0.374653,0.247576,-2624.798828
0.376112,0.257228,-2625.677979
0.38014,0.253767,-2628.377441
0.38014,0.253767,-2627.840332
0.37836,0.246506,-2626.220459
0.379172,0.245933,-2627.730957
0.379172,0.245933,-2626.740723
0.379172,0.245933,-2626.807617
0.381634,0.242764,-2627.234131
0.383838,0.236572,-2627.876953
0.384569,0.235332,-2628.945312
0.384569,0.235332,-2629.196533
0.383378,0.240663,-2628.423828
0.38547,0.237081,-2629.324707
0.386954,0.243301,-2628.400391
0.386833,0.241725,-2629.705078
0.382138,0.236521,-2628.65625
0.381703,0.241926,-2627.371582
0.380212,0.24,-2628.181641
0.379331,0.234838,-2628.003418
0.379417,0.228831,-2626.247803
0.379411,0.228437,-2627.982422
0.379411,0.228437,-2626.973145
0.379411,0.228437,-2627.972656
0.379411,0.228437,-2627.222412
0.382033,0.221122,-2628.436035
0.378733,0.225715,-2629.040527
0.378792,0.225056,-2628.584717
0.378792,0.225056,-2626.551025
0.379312,0.223303,-2626.759277
0.379312,0.223303,-2625.30957
0.379312,0.223303,-2626.871582
0.378793,0.217666,-2626.78833
0.377599,0.228704,-2627.035156
0.377599,0.228704,-2626.359131
0.378954,0.232908,-2626.570801
0.378954,0.232908,-2627.671143
0.378954,0.232908,-2625.97998
0.379572,0.249565,-2627.609863
0.379144,0.25365,-2627.96167
0.379144,0.25365,-2625.425293
0.377836,0.242182,-2626.649658
0.379078,0.24777,-2626.44751
0.374243,0.248009,-2630.530273
0.375193,0.257344,-2625.139648
0.378253,0.246268,-2626.536133
0.378749,0.240481,-2626.672363
0.373694,0.242318,-2627.471436
0.371451,0.241468,-2628.379395
0.371451,0.241468,-2624.101074
0.37133,0.225929,-2624.211914
0.37133,0.225929,-2625.531738
0.37133,0.225929,-2625.451416
0.372298,0.232272,-2625.233398
0.371402,0.234918,-2623.400635
0.371356,0.240908,-2623.911865
0.371356,0.240908,-2624.047607
0.371356,0.240908,-2625.124023
0.37209,0.2289,-2623.852295
0.372611,0.226355,-2625.407227
0.379987,0.229078,-2628.290039
0.380869,0.229222,-2626.810547
0.37649,0.229511,-2626.136475
0.37649,0.229511,-2626.61084
0.37649,0.229511,-2626.271973
0.37649,0.229511,-2626.689941
0.37649,0.229511,-2625.562988
0.37649,0.229511,-2628.349121
0.376741,0.22866,-2627.073975
0.378705,0.232037,-2626.4021
0.37864,0.223375,-2628.675293
0.37864,0.223375,-2626.239746
0.376362,0.220072,-2626.842773
0.372974,0.216759,-2624.964111
0.375431,0.230954,-2625.833008
0.375431,0.230954,-2627.689453
0.3762,0.230104,-2625.563232
0.3762,0.230104,-2625.897217
0.3762,0.230104,-2626.742676
0.3762,0.230104,-2626.89502
0.374131,0.234878,-2624.758789
0.372804,0.246668,-2627.718018
0.377702,0.247105,-2626.341797
0.380425,0.248572,-2629.047852
0.380425,0.248572,-2627.270508
0.377393,0.251962,-2625.775635
0.380487,0.255314,-2625.96582
0.383037,0.252685,-2628.470703
0.383307,0.25596,-2627.298584
0.380875,0.262732,-2627.423584
0.380113,0.259477,-2626.537109
0.383285,0.255562,-2628.177734
0.383839,0.257879,-2629.429688
0.383839,0.257879,-2628.311768
0.381709,0.254274,-2627.978516
0.382322,0.259252,-2628.638916
0.383315,0.253911,-2626.941406
0.383315,0.253911,-2628.33252
0.379507,0.267306,-2627.115234
0.378403,0.263356,-2626.592041
0.379919,0.277545,-2628.060547
0.379919,0.277545,-2629.42627
0.379919,0.277545,-2628.498047
0.379919,0.277545,-2628.060059
0.380049,0.280835,-2629.736816
0.380014,0.274712,-2629.541016
0.381271,0.265491,-2630.242188
0.378688,0.25662,-2629.075928
0.378688,0.25662,-2626.03833
0.378688,0.25662,-2626.13501
0.385655,0.265512,-2629.436523
0.385226,0.260674,-2629.630615
0.385152,0.257484,-2630.102051
0.385152,0.257484,-2629.685547
0.383487,0.256006,-2628.63916
0.383487,0.256006,-2627.463867
0.385246,0.255894,-2627.177979
0.385246,0.255894,-2628.122314
0.386184,0.249987,-2628.244141
0.384439,0.242489,-2628.376465
0.385875,0.233502,-2628.293213
0.386195,0.245928,-2629.659668
0.388747,0.241958,-2630.249268
0.388237,0.243476,-2629.416016
0.389481,0.253391,-2629.538086
0.39023,0.254105,-2629.099609
0.385731,0.236931,-2629.114258
0.385731,0.236931,-2628.47998
0.386937,0.231568,-2629.331055
0.386937,0.231568,-2629.078613
0.386937,0.231568,-2629.238525
0.391588,0.245871,-2631.070312
0.390024,0.238258,-2630.489258
0.387489,0.234096,-2629.281006
0.387489,0.234096,-2629.889404
0.386671,0.233808,-2629.450439
0.389595,0.239823,-2630.913818
0.38964,0.233257,-2630.862061
0.388516,0.237556,-2629.894531
0.389818,0.241742,-2631.458008
0.386983,0.259404,-2629.019043
0.386983,0.259404,-2628.226074
0.385962,0.265191,-2629.254883
0.385681,0.274157,-2630.012207
0.378343,0.269355,-2627.757812
0.380851,0.273837,-2628.37207
0.377329,0.274766,-2627.261963
0.375245,0.277945,-2626.772949
0.375245,0.277945,-2626.490723
0.375245,0.277945,-2626.666504
0.375245,0.277945,-2628.088867
0.374525,0.280097,-2626.98584
0.374187,0.290456,-2630.518555
0.374187,0.290456,-2627.472656
0.378145,0.286698,-2628.240967
0.383211,0.284451,-2631.124512
0.380582,0.27075,-2630.445557
0.379063,0.273258,-2627.916016
0.380942,0.274429,-2629.96582
0.381044,0.269605,-2630.449707
0.382643,0.273631,-2628.529297
0.385091,0.261388,-2630.35376
0.380896,0.258476,-2627.015137
0.38201,0.255381,-2628.496582
0.378885,0.256619,-2627.262207
0.377716,0.25027,-2628.114258
0.377716,0.25027,-2626.634033
0.380271,0.252232,-2626.808594
0.381625,0.25604,-2627.180176
0.38089,0.257371,-2627.494629
0.377574,0.253351,-2627.51416
0.377457,0.246627,-2624.912598
0.378061,0.259434,-2627.216797
0.378847,0.263985,-2626.034668
0.378847,0.263985,-2628.178955
0.382126,0.272813,-2628.914551
0.382224,0.284723,-2630.553711
0.388843,0.273139,-2631.120117
0.388974,0.267244,-2631.810547
0.389193,0.266634,-2630.769531
0.38569,0.266675,-2630.209473
0.389531,0.257531,-2631.145752
0.387642,0.26282,-2630.153809
0.387642,0.26282,-2629.814453
0.387535,0.254983,-2629.879883
0.387535,0.254983,-2630.216309
0.388705,0.257181,-2628.787109
0.389735,0.250503,-2629.655518
0.391289,0.246494,-2631.096191
0.389824,0.251998,-2630.65918
0.389824,0.251998,-2630.73291
0.386687,0.256602,-2629.783936
0.386687,0.256602,-2629.321777
0.386687,0.256602,-2629.986328
0.386043,0.249395,-2627.728516
0.386393,0.243399,-2629.415039
0.386974,0.246174,-2629.347168
0.386974,0.246174,-2628.989258
0.383912,0.251213,-2629.244629
0.382008,0.247133,-2626.23999
0.382008,0.247133,-2627.931396
0.380583,0.248601,-2628.273926
0.380583,0.248601,-2626.120117
0.379107,0.248326,-2627.033691
0.379107,0.248326,-2627.903809
0.379107,0.248326,-2626.285645
0.380971,0.245722,-2626.748535
0.379147,0.24252,-2629.90332
0.37828,0.241678,-2626.086426
0.376955,0.247033,-2627.389404
0.376955,0.247033,-2626.489014
0.37771,0.253976,-2627.052979
0.377763,0.258283,-2626.741211
0.377549,0.248817,-2627.698486
0.377549,0.248817,-2626.050049
0.380462,0.250409,-2626.719238
0.382308,0.247179,-2628.271729
0.379349,0.249451,-2627.498535
0.379349,0.249451,-2626.525391
0.379349,0.249451,-2626.779785
0.373826,0.255683,-2629.970703
0.376202,0.262131,-2626.45874
0.378143,0.257863,-2628.161133
0.378434,0.262459,-2626.990479
0.376565,0.257372,-2625.926514
0.376565,0.257372,-2626.996582
0.376565,0.257372,-2627.713867
0.376565,0.257372,-2627.36377
0.375602,0.2558,-2624.655273
0.373674,0.256187,-2625.480469
0.374982,0.252662,-2624.326172
0.374982,0.252662,-2625.429688
0.375171,0.245844,-2626.784668
0.370425,0.242994,-2625.839355
0.367442,0.242982,-2627.465332
0.364844,0.248923,-2628.363037
0.366016,0.24127,-2623.477051
0.366016,0.24127,-2624.939941
0.366016,0.24127,-2623.816895
0.366016,0.24127,-2628.78418
0.366016,0.24127,-2619.624512
0.364212,0.250125,-2636.712402
0.365138,0.247606,-2634.379883
0.365138,0.247606,-2626.454346
0.366996,0.245126,-2620.778076
0.364425,0.245544,-2631.779297
0.366571,0.252135,-2632.926514
0.366571,0.252135,-2626.486816
0.362354,0.243261,-2625.594482
0.363324,0.251872,-2625.928467
0.365218,0.248772,-2620.580566
0.365218,0.248772,-2632.145752
0.364556,0.24874,-2624.322021
0.365454,0.256932,-2621.450684
0.368041,0.262381,-2632.364014
0.369599,0.263617,-2625.235107
0.370569,0.264146,-2625.401855
0.36997,0.269831,-2626.179932
0.36997,0.269831,-2629.999268
0.36716,0.270348,-2625.834229
0.365012,0.272199,-2629.403076
0.366995,0.269749,-2624.502441
0.366995,0.269749,-2628.788574
0.368876,0.279362,-2624.885254
0.370874,0.285875,-2625.991455
0.37017,0.285196,-2628.848633
0.37017,0.285196,-2625.269287
0.371333,0.282887,-2632.206543
0.368676,0.290208,-2626.932617
0.36747,0.288113,-2625.816162
0.365917,0.301982,-2630.681885
0.365917,0.301982,-2625.224121
0.36576,0.309896,-2634.074219
0.36576,0.309896,-2628.25293
0.367895,0.320979,-2633.597168
0.364986,0.31889,-2628.322021
0.366741,0.322083,-2635.184082
0.366741,0.322083,-2627.241699
0.366741,0.322083,-2628.991699
0.366741,0.322083,-2631.688477
0.364344,0.318693,-2635.083496
0.364678,0.325864,-2643.459473
0.367224,0.332464,-2637.02832
0.367224,0.332464,-2638.815918
0.369781,0.335254,-2645.577637
0.369781,0.335254,-2633.097656
0.369781,0.335254,-2636.494141
0.366801,0.336307,-2633.467285
0.366801,0.336307,-2632.407227
0.367098,0.336299,-2631.885742
0.370466,0.336113,-2641.113281
0.371877,0.334183,-2638.46875
0.36958,0.338078,-2635.109619
0.366126,0.337672,-2634.120117
0.367038,0.329326,-2641.37085
0.367038,0.329326,-2640.550293
0.367038,0.329326,-2636.603027
0.36457,0.331612,-2631.565674
0.364355,0.334742,-2634.15332
0.366268,0.331894,-2636.041016
0.366268,0.331894,-2638.320801
0.370209,0.325545,-2634.392578
0.370209,0.325545,-2632.269043
0.368814,0.327696,-2630.775391
0.368814,0.327696,-2632.111328
0.366892,0.31496,-2631.980469
0.364862,0.315202,-2637.586426
0.36541,0.314467,-2632.788086
0.36541,0.314467,-2642.603516
0.36541,0.314467,-2638.11377
0.365335,0.313011,-2640.490723
0.365335,0.313011,-2635.274902
0.363187,0.320277,-2634.938721
0.363187,0.320277,-2629.188965
0.366859,0.318568,-2629.939941
0.361857,0.315647,-2627.092529
0.361857,0.315647,-2630.654785
0.361857,0.315647,-2641.679199
0.361857,0.315647,-2633.253418
0.36783,0.311493,-2636.771484
0.368282,0.317259,-2631.707031
0.368282,0.317259,-2628.498047
0.36769,0.314458,-2630.020508
0.367133,0.311454,-2629.672607
0.367133,0.311454,-2628.206787
0.36905,0.307423,-2628.998535
0.36905,0.307423,-2634.63501
0.36905,0.307423,-2629.913086
0.36905,0.307423,-2630.283936
0.36905,0.307423,-2630.202148
0.36905,0.307423,-2631.140137
0.36905,0.307423,-2627.903809
0.36905,0.307423,-2629.997559
0.36905,0.307423,-2632.362305
0.363291,0.303994,-2625.146484
0.363291,0.303994,-2628.278809
0.363291,0.303994,-2627.040283
0.363291,0.303994,-2625.44043
0.363291,0.303994,-2639.590332
0.363291,0.303994,-2630.751953
0.363291,0.303994,-2625.541992
0.363291,0.303994,-2641.597656
0.36497,0.304717,-2628.112061
0.36497,0.304717,-2631.347168
0.36683,0.308602,-2635.217285
0.367907,0.306345,-2633.419678
0.367907,0.306345,-2633.025635
0.366796,0.31257,-2636.623047
0.366796,0.31257,-2635.598633
0.367699,0.304367,-2627.029053
0.375772,0.301572,-2634.223145
0.375772,0.301572,-2631.552734
0.375772,0.301572,-2634.253662
0.373331,0.296823,-2627.391113
0.373331,0.296823,-2627.629883
0.373331,0.296823,-2628.343994
0.373331,0.296823,-2628.855469
0.373331,0.296823,-2628.672852
0.373331,0.296823,-2631.193848
0.375265,0.296802,-2629.788086
0.375265,0.296802,-2629.406738
0.378943,0.299048,-2632.569824
0.379469,0.292377,-2631.553223
0.379469,0.292377,-2629.357666
0.373488,0.302146,-2628.604492
0.371519,0.298331,-2629.647949
0.371519,0.298331,-2631.195312
0.373503,0.303168,-2635.618652
0.372578,0.308655,-2629.821045
0.372578,0.308655,-2629.769043
0.370007,0.303928,-2631.367432
0.370007,0.303928,-2632.690918
0.370007,0.303928,-2630.423828
0.370108,0.301324,-2628.483398
0.370108,0.301324,-2627.907227
0.372529,0.303026,-2627.899414
0.373954,0.310893,-2633.739746
0.372603,0.318178,-2630.925293
0.372603,0.318178,-2633.740723
0.374452,0.324831,-2633.900391
0.370694,0.321219,-2634.07959
0.36966,0.324377,-2631.793457
0.3674,0.322476,-2638.84082
0.370113,0.312009,-2629.17334
0.370113,0.312009,-2631.35498
0.370113,0.312009,-2634.24707
0.372179,0.306813,-2629.666992
0.370553,0.303324,-2631.108887
0.369661,0.301444,-2629.859619
0.369661,0.301444,-2627.058105
0.369661,0.301444,-2627.995361
0.372106,0.299593,-2628.626465
0.372925,0.294264,-2629.771973
0.372925,0.294264,-2633.070801
0.372737,0.292842,-2627.953613
0.373854,0.297448,-2627.617676
0.369961,0.295706,-2630.542969
0.372025,0.293206,-2628.621826
0.374004,0.296795,-2631.666992
0.374004,0.296795,-2628.390869
0.374004,0.296795,-2629.452393
0.374004,0.296795,-2632.269531
0.374316,0.290085,-2628.578613
0.376698,0.296389,-2629.758301
0.376698,0.296389,-2630.06665
0.376698,0.296389,-2631.068359
0.375419,0.299777,-2629.304199
0.375419,0.299777,-2629.728027
0.375419,0.299777,-2628.898438
0.376413,0.290237,-2629.194092
0.377191,0.277763,-2629.274658
0.379428,0.265277,-2626.591797
0.378586,0.269273,-2627.937256
0.378586,0.269273,-2627.551758
0.378975,0.273544,-2629.241699
0.378975,0.273544,-2626.827881
0.378975,0.273544,-2627.897949
0.38165,0.275694,-2629.092529
0.382196,0.273324,-2629.868164
0.382196,0.273324,-2627.792969
0.38182,0.272222,-2629.380127
0.377756,0.273558,-2631.493408
0.376199,0.274259,-2627.391113
0.381602,0.281845,-2630.689453
0.379593,0.285458,-2630.099121
0.378504,0.292329,-2628.387695
0.378504,0.292329,-2629.191406
0.378504,0.292329,-2628.86084
0.378504,0.292329,-2629.719482
0.376347,0.301679,-2633.77832
0.376347,0.301679,-2632.308105
0.373394,0.297197,-2627.483643
0.373394,0.297197,-2629.03125
0.380482,0.292336,-2630.526367
0.380482,0.292336,-2630.240723
0.375243,0.301142,-2630.334473
0.375243,0.301142,-2628.718506
0.375243,0.301142,-2629.657227
0.376435,0.291253,-2629.223145
0.376435,0.291253,-2627.907715
0.377792,0.281285,-2628.68457
0.378165,0.279862,-2627.945312
0.383271,0.273448,-2629.678711
0.382117,0.281029,-2629.058105
0.378641,0.273401,-2628.26001
0.378641,0.273401,-2626.74707
0.378641,0.273401,-2628.005371
0.379893,0.283419,-2629.210449
0.380091,0.286518,-2630.776367
0.382475,0.28428,-2629.064453
0.382475,0.28428,-2629.973633
0.383852,0.281102,-2630.191895
0.383852,0.281102,-2628.858887
0.383852,0.281102,-2631.841553
0.383852,0.281102,-2629.309082
0.382834,0.281839,-2630.650146
0.382834,0.281839,-2629.562012
0.381767,0.281349,-2629.574951
0.381767,0.281349,-2628.711426
0.382136,0.284274,-2629.574219
0.38613,0.27519,-2630.599121
0.382704,0.280994,-2628.854492
0.382593,0.274965,-2629.285156
0.384614,0.278794,-2631.031006
0.382107,0.281719,-2629.891113
0.382107,0.281719,-2629.634277
0.384708,0.282529,-2630.521729
0.384708,0.282529,-2630.524902
0.381172,0.287689,-2630.609863
0.382535,0.292936,-2630.355469
0.382535,0.292936,-2630.345703
0.381106,0.293583,-2631.506836
0.382624,0.294312,-2632.019043
0.382624,0.294312,-2631.350586
0.382624,0.294312,-2631.012207
0.382624,0.294312,-2630.414551
0.381676,0.289668,-2632.146973
0.381676,0.289668,-2629.8479
0.378994,0.300001,-2630.71875
0.382527,0.295288,-2631.281006
0.377865,0.294922,-2629.799316
0.377865,0.294922,-2629.953125
0.379787,0.29949,-2632.002441
0.379787,0.29949,-2633.661133
0.379481,0.299625,-2631.843018
0.379353,0.29947,-2631.553223
0.379353,0.29947,-2630.532471
0.378123,0.304122,-2632.169922
0.378341,0.295719,-2630.267822
0.379944,0.293795,-2630.650391
0.378688,0.287183,-2629.941895
0.380808,0.291354,-2631.345703
0.376326,0.29457,-2629.894531
0.374813,0.287325,-2628.56543
0.372588,0.274263,-2631.247803
0.372588,0.274263,-2626.107422
0.370054,0.278352,-2624.857422
0.370054,0.278352,-2624.963867
0.370054,0.278352,-2627.44873
0.373873,0.273406,-2629.507568
0.374326,0.272561,-2626.108643
0.372481,0.279855,-2626.27002
0.372481,0.279855,-2626.279297
0.372481,0.279855,-2630.192627
0.372481,0.279855,-2627.938965
0.372481,0.279855,-2625.641602
0.372143,0.290522,-2629.032959
0.376148,0.28359,-2627.860352
0.377344,0.288343,-2628.92749
0.377344,0.288343,-2630.235352
0.374402,0.284778,-2626.74707
0.375994,0.275274,-2626.966309
0.375994,0.275274,-2628.015137
0.375994,0.275274,-2625.94873
0.377252,0.28074,-2628.275391
0.374272,0.280819,-2628.908691
0.374272,0.280819,-2636.031494
0.374272,0.280819,-2628.118408
0.379217,0.286802,-2631.098145
0.37817,0.285856,-2628.496094
0.379412,0.283151,-2628.882812
0.380552,0.281793,-2629.999512
0.380552,0.281793,-2629.153564
0.380552,0.281793,-2629.05542
0.378774,0.268935,-2628.059082
0.378144,0.266684,-2628.120605
0.378144,0.266684,-2625.983643
0.376234,0.264962,-2625.15625
0.376819,0.271947,-2626.288086
0.376819,0.271947,-2625.621094
0.376819,0.271947,-2628.287842
0.376819,0.271947,-2627.833496
0.377062,0.260747,-2626.522949
0.374183,0.25513,-2625.198975
0.373377,0.256664,-2625.650879
0.373377,0.256664,-2624.441895
0.373435,0.252915,-2627.281006
0.376687,0.259752,-2624.171875
0.376687,0.259752,-2625.061035
0.374913,0.25756,-2625.285645
0.376887,0.246782,-2626.679443
0.376887,0.246782,-2625.33667
0.376887,0.246782,-2627.751953
0.375784,0.252442,-2627.528076
0.37182,0.258072,-2629.696777
0.37182,0.258072,-2626.759766
0.371294,0.257964,-2628.277344
0.371294,0.257964,-2629.372314
0.374538,0.253478,-2624.374268
0.371972,0.251561,-2623.94873
0.372462,0.26027,-2624.810303
0.373126,0.250676,-2625.612549
0.373493,0.245859,-2624.96875
0.373493,0.245859,-2627.361816
0.373493,0.245859,-2625.714355
0.373493,0.245859,-2623.462402
0.377266,0.239006,-2625.445801
0.376705,0.233704,-2626.279541
0.37844,0.233716,-2625.608154
0.378324,0.23361,-2627.559082
0.378324,0.23361,-2626.275391
0.377784,0.235819,-2626.580078
0.375571,0.241091,-2625.134766
0.375571,0.241091,-2626.242188
0.374047,0.24782,-2627.649658
0.374047,0.24782,-2626.619141
0.372238,0.25137,-2625.513184
0.372238,0.25137,-2624.185059
0.373946,0.256144,-2626.688965
0.376185,0.256963,-2625.587891
0.376185,0.256963,-2625.533691
0.376185,0.256963,-2624.58667
0.372784,0.255843,-2628.206055
0.372784,0.255843,-2625.049316
0.373463,0.257607,-2625.521484
0.373463,0.257607,-2625.36499
0.373463,0.257607,-2626.271973
0.3728,0.260376,-2624.098633
0.3728,0.260376,-2624.94165
0.373138,0.253792,-2624.802979
0.376392,0.246669,-2624.49292
0.372865,0.245174,-2624.074707
0.3677,0.248453,-2630.111572
0.3677,0.248453,-2629.464844
0.367854,0.252604,-2624.300293
0.367599,0.250465,-2631.258057
0.367599,0.250465,-2627.084229
0.367646,0.253808,-2622.244141
0.367646,0.253808,-2626.404785
0.367646,0.253808,-2626.591553
0.367646,0.253808,-2630.919922
0.367646,0.253808,-2625.665039
0.365251,0.260916,-2622.522705
0.365251,0.260916,-2627.52124
0.36259,0.259783,-2632.024902
0.36259,0.259783,-2626.231445
0.361804,0.253751,-2635.962891
0.361804,0.253751,-2636.591309
0.361804,0.253751,-2632.683594
0.36286,0.246988,-2640.727539
0.36286,0.246988,-2629.041748
0.363758,0.249542,-2632.256348
0.363758,0.249542,-2635.835938
0.363758,0.249542,-2633.088379
0.365214,0.246277,-2634.66748
0.365214,0.246277,-2632.443359
0.365214,0.246277,-2627.011475
0.365214,0.246277,-2633.0625
0.36452,0.236604,-2622.586426
0.365336,0.241676,-2633.643555
0.368139,0.238581,-2628.765137
0.368139,0.238581,-2627.075684
0.368139,0.238581,-2624.044434
0.368139,0.238581,-2623.906494
0.371505,0.24035,-2623.990479
0.372935,0.237974,-2624.391602
0.370873,0.240299,-2632.189209
0.370873,0.240299,-2627.099609
0.370873,0.240299,-2627.039795
0.370873,0.240299,-2623.068848
0.369474,0.231873,-2623.350098
0.369474,0.231873,-2628.115723
0.369474,0.231873,-2626.32666
0.369474,0.231873,-2624.718262
0.369474,0.231873,-2629.739258
0.369474,0.231873,-2626.806885
0.366569,0.223883,-2624.594727
0.368043,0.236638,-2627.002197
0.368043,0.236638,-2625.522705
0.368043,0.236638,-2630.398438
0.368043,0.236638,-2622.26123
0.36807,0.237945,-2629.869385
0.369857,0.246849,-2624.500977
0.369308,0.235146,-2633.66626
0.370768,0.236944,-2630.93457
0.370768,0.236944,-2623.369141
0.370768,0.236944,-2629.984375
0.368565,0.230218,-2631.466064
0.368565,0.230218,-2624.449219
0.368565,0.230218,-2624.248779
0.367742,0.226435,-2624.916992
0.372771,0.213912,-2626.123535
0.372771,0.213912,-2626.360596
0.372771,0.213912,-2625.685059
0.372771,0.213912,-2627.750977
0.372771,0.213912,-2631.088379
0.372771,0.213912,-2626.202393
0.372771,0.213912,-2631.989258
0.372771,0.213912,-2625.693604
0.371086,0.217562,-2626.887451
0.371086,0.217562,-2630.811523
0.371114,0.21396,-2627.0
0.371114,0.21396,-2629.57666
0.371114,0.21396,-2628.534668
0.374571,0.213659,-2626.527344
0.374571,0.213659,-2627.880859
0.374571,0.213659,-2627.135254
0.374571,0.213659,-2626.92627
0.376899,0.214555,-2629.59668
0.372746,0.227134,-2625.153076
0.374136,0.227177,-2626.896973
0.374136,0.227177,-2628.833008
0.374136,0.227177,-2627.369141
0.371817,0.222779,-2627.188721
0.371817,0.222779,-2625.758301
0.370763,0.225723,-2627.646973
0.37076,0.234528,-2625.617676
0.368256,0.236384,-2626.67041
0.367842,0.237137,-2632.433594
0.370463,0.230848,-2630.256836
0.370463,0.230848,-2623.962891
0.370463,0.230848,-2624.141602
0.373599,0.23502,-2623.721436
0.370633,0.231803,-2623.973633
0.370633,0.231803,-2623.449951
0.370633,0.231803,-2626.399414
0.374388,0.243282,-2625.290527
0.375663,0.244023,-2626.627441
0.375663,0.244023,-2625.918457
0.376002,0.248046,-2628.283936
0.37855,0.25935,-2626.718506
0.37651,0.260639,-2626.466064
0.37651,0.260639,-2625.824463
0.372827,0.259007,-2626.661133
0.372827,0.259007,-2625.063477
0.372827,0.259007,-2629.312012
0.374122,0.256543,-2625.699951
0.374122,0.256543,-2625.411133
0.374122,0.256543,-2624.49707
0.373909,0.245381,-2624.505859
0.374138,0.244873,-2625.321045
0.375138,0.2413,-2624.974121
0.372992,0.237985,-2624.10791
0.369964,0.2465,-2626.88623
0.366274,0.257052,-2631.378418
0.366274,0.257052,-2629.005859
0.364371,0.25845,-2621.07959
0.366549,0.263353,-2633.580566
0.365086,0.256632,-2627.453613
0.367453,0.25053,-2633.502441
0.367765,0.262381,-2623.147949
0.370756,0.257406,-2624.491943
0.370756,0.257406,-2628.935059
0.37322,0.259148,-2628.270508
0.374769,0.263536,-2626.427979
0.372308,0.251311,-2623.794922
0.372184,0.24818,-2623.609619
0.367981,0.242745,-2627.572754
0.367981,0.242745,-2625.333984
0.367981,0.242745,-2627.873535
0.365001,0.245814,-2630.055176
0.365001,0.245814,-2630.725586
0.365001,0.245814,-2639.292725
0.365001,0.245814,-2623.112549
0.366168,0.242808,-2622.911377
0.368082,0.247315,-2625.424316
0.373773,0.247483,-2626.676758
0.370776,0.254932,-2626.995117
0.370528,0.256772,-2625.173584
0.370528,0.256772,-2627.597656
0.370528,0.256772,-2622.785156
0.372083,0.255675,-2625.419189
0.372083,0.255675,-2624.669434
0.369945,0.258377,-2624.025391
0.369945,0.258377,-2624.012939
0.369945,0.258377,-2622.993408
0.369945,0.258377,-2627.087402
0.369908,0.264767,-2625.686523
0.37004,0.257482,-2627.538086
0.37004,0.257482,-2624.050049
0.366949,0.258244,-2625.814209
0.36755,0.244568,-2628.554688
0.36755,0.244568,-2621.20166
0.36755,0.244568,-2628.187012
0.366821,0.235644,-2624.385742
0.366821,0.235644,-2630.28125
0.367058,0.241973,-2623.799561
0.367058,0.241973,-2637.724121
0.367058,0.241973,-2626.50293
0.365826,0.24991,-2621.39502
0.36489,0.255826,-2623.742432
0.36489,0.255826,-2630.552246
0.366975,0.238377,-2630.984375
0.365903,0.233925,-2633.977539
0.366832,0.238953,-2622.364258
0.3703,0.243682,-2626.687012
0.370957,0.2469,-2629.583496
0.370856,0.237702,-2624.124512
0.367475,0.24906,-2626.698975
0.367475,0.24906,-2619.789062
0.367475,0.24906,-2626.585938
0.367475,0.24906,-2622.884521
0.367475,0.24906,-2623.473145
0.367475,0.24906,-2633.769043
0.367475,0.24906,-2632.59668
0.365694,0.251244,-2630.648926
0.367606,0.257163,-2631.751221
0.367606,0.257163,-2630.523926
0.367606,0.257163,-2631.353027
0.364962,0.259052,-2622.150879
0.364962,0.259052,-2626.637939
0.364962,0.259052,-2632.658936
0.364962,0.259052,-2632.056641
0.364962,0.259052,-2623.364014
0.364962,0.259052,-2625.842285
0.364962,0.259052,-2629.108398
0.363031,0.259624,-2626.926758
0.363031,0.259624,-2625.660156
0.365954,0.266894,-2638.321289
0.365954,0.266894,-2633.074463
0.367017,0.261748,-2623.342529
0.367926,0.262672,-2631.044434
0.367926,0.262672,-2629.06543
0.368583,0.260127,-2623.270996
0.368583,0.260127,-2634.117188
0.368583,0.260127,-2624.999023
0.368583,0.260127,-2627.291992
0.368583,0.260127,-2625.074219
0.368583,0.260127,-2626.82373
0.368037,0.261306,-2622.734375
0.367062,0.259628,-2621.871582
0.364974,0.261077,-2625.623291
0.361653,0.264516,-2632.153809
0.361653,0.264516,-2647.694824
0.361653,0.264516,-2632.782715
0.361697,0.258773,-2638.817139
0.361697,0.258773,-2621.050049
0.361697,0.258773,-2634.381836
0.361162,0.251633,-2645.128906
0.361162,0.251633,-2625.925781
0.361797,0.248783,-2635.881836
0.361797,0.248783,-2626.259033
0.363932,0.250041,-2620.771484
0.363932,0.250041,-2623.37207
0.368076,0.24645,-2631.422119
0.368076,0.24645,-2623.662598
0.368076,0.24645,-2626.832764
0.368076,0.24645,-2625.122559
0.368286,0.247131,-2623.611084
0.369256,0.247983,-2624.044922
0.369256,0.247983,-2623.203857
0.369256,0.247983,-2625.890625
0.369256,0.247983,-2629.477539
0.373663,0.251708,-2624.17334
0.369762,0.258075,-2627.913574
0.368569,0.255204,-2622.859863
0.368569,0.255204,-2624.233154
0.368569,0.255204,-2627.560547
0.369523,0.249249,-2623.030762
0.369973,0.249035,-2625.340088
0.369973,0.249035,-2628.60083
0.370628,0.246651,-2623.210938
0.370628,0.246651,-2625.581299
0.369872,0.252744,-2625.326904
0.372003,0.251343,-2623.858154
0.372003,0.251343,-2624.050293
0.375632,0.248672,-2624.676758
0.378098,0.248202,-2626.936523
0.374608,0.249877,-2624.898926
0.374608,0.249877,-2625.070801
0.374608,0.249877,-2626.16333
0.369708,0.250661,-2626.263672
0.369708,0.250661,-2626.325439
0.370991,0.251839,-2631.150146
0.368962,0.249541,-2624.034912
0.364799,0.241149,-2623.307129
0.364799,0.241149,-2628.130371
0.364799,0.241149,-2623.205566
0.368113,0.237019,-2629.52124
0.364366,0.234331,-2625.665527
0.364366,0.234331,-2624.05957
0.364366,0.234331,-2622.153809
0.364366,0.234331,-2625.542969
0.365775,0.218832,-2627.171631
0.364723,0.214171,-2628.174805
0.367793,0.214166,-2625.729492
0.367793,0.214166,-2622.645508
0.367793,0.214166,-2631.39917
0.369951,0.219097,-2625.807373
0.373232,0.2189,-2624.679688
0.372158,0.222558,-2628.312988
0.374192,0.225731,-2626.230469
0.373078,0.246649,-2624.64209
0.373078,0.246649,-2624.74707
0.377139,0.242675,-2626.731689
0.377139,0.242675,-2626.541016
0.37698,0.246769,-2626.554932
0.379942,0.241419,-2626.749023
0.377746,0.243301,-2626.001465
0.377626,0.246327,-2626.588135
0.377626,0.246327,-2625.722656
0.382122,0.253275,-2629.522705
0.382321,0.250416,-2628.189941
0.381013,0.257191,-2627.258789
0.381013,0.257191,-2627.392578
0.379963,0.25957,-2626.975098
0.380882,0.256913,-2625.874023
0.380882,0.256913,-2627.98584
0.380882,0.256913,-2627.285645
0.380882,0.256913,-2626.408447
0.37874,0.266008,-2628.241211
0.378592,0.266141,-2627.029785
0.378592,0.266141,-2626.712402
0.380343,0.274338,-2629.475098
0.380343,0.274338,-2628.228027
0.380528,0.271759,-2628.577637
0.381036,0.266434,-2627.809326
0.381036,0.266434,-2627.694824
0.382131,0.274966,-2629.497559
0.382131,0.274966,-2629.53418
0.382131,0.274966,-2628.663818
0.38164,0.279694,-2630.051758
0.381778,0.268607,-2628.131104
0.381778,0.268607,-2628.980469
0.378433,0.27068,-2628.407715
0.378433,0.27068,-2627.442139
0.37402,0.269928,-2626.571777
0.37402,0.269928,-2625.851074
0.372851,0.268627,-2624.773682
0.377146,0.269531,-2627.300537
0.377146,0.269531,-2626.879883
0.376891,0.269802,-2629.439209
0.376891,0.269802,-2626.532959
0.382492,0.273157,-2628.968262
0.38158,0.275811,-2627.893066
0.382275,0.276603,-2629.944336
0.379927,0.274558,-2627.906006
0.383702,0.276126,-2630.358887
0.384973,0.275193,-2630.230957
0.383953,0.27164,-2629.518555
0.386603,0.26419,-2630.614502
0.388292,0.265488,-2631.223145
0.388292,0.265488,-2630.780762
0.388292,0.265488,-2631.689453
0.388319,0.272731,-2630.730469
0.383584,0.278126,-2630.206543
0.386509,0.278055,-2629.787109
0.384588,0.278434,-2629.146484
0.384588,0.278434,-2628.469727
0.387247,0.282558,-2629.900146
0.386988,0.281907,-2631.327881
0.388922,0.286658,-2632.206543
0.388922,0.286658,-2632.578125
0.390173,0.279888,-2632.19873
0.388867,0.276705,-2630.870605
0.385598,0.277806,-2629.816162
0.385598,0.277806,-2631.710449
0.384878,0.276538,-2628.616455
0.386485,0.271274,-2629.674805
0.388527,0.26547,-2628.135254
0.389047,0.272047,-2631.681396
0.390295,0.269218,-2630.990234
0.388941,0.267643,-2631.169922
0.385427,0.25565,-2628.687256
0.385427,0.25565,-2628.23877
0.385427,0.25565,-2629.147461
0.382966,0.254311,-2628.05957
0.386625,0.257528,-2630.229492
0.389553,0.252914,-2630.922363
0.390405,0.260166,-2631.32251
0.389392,0.256552,-2630.105957
0.389392,0.256552,-2629.763916
0.389392,0.256552,-2630.6875
0.388898,0.259076,-2630.454102
0.385409,0.26118,-2629.703125
0.384092,0.261964,-2629.010742
0.38609,0.256422,-2628.074463
0.38609,0.256422,-2629.200684
0.38609,0.256422,-2628.814453
0.386128,0.256516,-2629.029297
0.386128,0.256516,-2628.426758
0.385101,0.257296,-2628.911621
0.387223,0.263137,-2630.363281
0.387245,0.260386,-2628.698242
0.384385,0.26628,-2628.658203
0.384944,0.260178,-2630.490234
0.382053,0.25041,-2627.90332
0.382053,0.25041,-2628.361816
0.379007,0.248265,-2628.22998
0.379007,0.248265,-2625.441406
0.379448,0.244871,-2625.944092
0.379448,0.244871,-2628.049316
0.374785,0.266453,-2625.258789
0.373977,0.267417,-2628.438721
0.373977,0.267417,-2625.311523
0.369923,0.271081,-2624.558838
0.368654,0.26498,-2632.03833
0.367434,0.266986,-2626.391113
0.367924,0.270792,-2631.111328
0.367924,0.270792,-2630.250977
0.367924,0.270792,-2626.204834
0.367924,0.270792,-2629.844727
0.367349,0.264206,-2631.116699
0.370242,0.263513,-2625.472656
0.370242,0.263513,-2626.647949
0.366503,0.265849,-2625.377441
0.365268,0.263915,-2622.841309
0.364733,0.261356,-2633.020996
0.363797,0.26739,-2630.970459
0.366206,0.265834,-2633.59668
0.370257,0.256121,-2628.584961
0.371398,0.254645,-2623.442139
0.371398,0.254645,-2624.741211
0.369995,0.246011,-2625.182373
0.368857,0.246165,-2622.300781
0.363895,0.249067,-2634.435303
0.363097,0.245928,-2627.850342
0.36266,0.243255,-2635.861328
0.363664,0.248235,-2628.984863
0.363664,0.248235,-2621.463867
0.363664,0.248235,-2622.435547
0.363664,0.248235,-2624.024658
0.363664,0.248235,-2627.69043
0.361823,0.238659,-2626.758789
0.361823,0.238659,-2623.405762
0.360214,0.237661,-2645.492188
0.360214,0.237661,-2623.525391
0.356432,0.23756,-2630.580811
0.358519,0.231427,-2631.547852
0.354498,0.24254,-2635.884033
0.352661,0.247851,-2639.732666
0.352125,0.25941,-2641.441895
0.353752,0.259637,-2641.643555
0.353752,0.259637,-2628.36499
0.353752,0.259637,-2618.819092
0.35329,0.250642,-2647.799805
0.35329,0.250642,-2652.281006
0.35329,0.250642,-2625.70459
0.35329,0.250642,-2634.234375
0.35329,0.250642,-2644.697754
0.353405,0.252058,-2638.336914
0.355335,0.252672,-2655.637207
0.355698,0.262215,-2628.32373
0.355698,0.262215,-2642.687012
0.355115,0.259733,-2643.732666
0.351372,0.260685,-2659.628906
0.351372,0.260685,-2655.66748
0.351372,0.260685,-2632.55249
0.351372,0.260685,-2665.047852
0.352772,0.265081,-2650.297607
0.352772,0.265081,-2657.222656
0.354165,0.260843,-2651.928467
0.354165,0.260843,-2633.976562
0.354165,0.260843,-2651.966553
0.348451,0.264726,-2639.399902
0.348451,0.264726,-2637.424316
0.348451,0.264726,-2636.978027
0.348083,0.2671,-2646.47583
0.348801,0.264933,-2665.307617
0.347363,0.267734,-2642.88623
0.347363,0.267734,-2668.601074
0.346551,0.263859,-2656.748779
0.346551,0.263859,-2643.280518
0.34192,0.26925,-2645.056152
0.343425,0.266397,-2672.599609
0.343425,0.266397,-2652.569824
0.345466,0.260215,-2650.563477
0.345466,0.260215,-2661.915039
0.34636,0.266983,-2661.905762
0.34636,0.266983,-2661.346924
0.34636,0.266983,-2644.939209
0.345544,0.273509,-2664.493652
0.341246,0.266528,-2666.890625
0.341246,0.266528,-2662.121582
0.341246,0.266528,-2674.553223
0.341246,0.266528,-2657.083984
0.34629,0.259507,-2661.434082
0.349519,0.256825,-2662.989014
0.349519,0.256825,-2652.812988
0.350382,0.262675,-2630.174072
0.355127,0.263378,-2648.448486
0.356838,0.268693,-2631.363525
0.3572,0.27222,-2647.095703
0.357876,0.283372,-2636.152832
0.357876,0.283372,-2625.625977
0.357876,0.283372,-2623.556396
0.357876,0.283372,-2639.645752
0.36066,0.288993,-2623.80835
0.36066,0.288993,-2628.986816
0.361822,0.283905,-2636.164062
0.362841,0.279453,-2629.95874
0.362841,0.279453,-2630.635742
0.362841,0.279453,-2652.973145
0.362841,0.279453,-2633.388428
0.361323,0.275217,-2625.829102
0.358017,0.277048,-2628.513672
0.358017,0.277048,-2644.038574
0.358017,0.277048,-2627.640625
0.361333,0.290635,-2640.345947
0.361333,0.290635,-2626.238037
0.363831,0.300962,-2634.983154
0.363526,0.303553,-2639.120361
0.363388,0.309376,-2636.186035
0.364649,0.310233,-2630.709717
0.366838,0.306255,-2630.295654
0.366838,0.306255,-2634.037109
0.366838,0.306255,-2629.195557
0.366838,0.306255,-2632.118164
0.368101,0.309372,-2630.407227
0.371328,0.309612,-2630.401367
0.371328,0.309612,-2631.475098
0.367447,0.312792,-2629.705078
0.370124,0.309412,-2631.976807
0.370124,0.309412,-2631.650879
0.375365,0.310252,-2632.76001
0.375365,0.310252,-2637.6875
0.375365,0.310252,-2631.87793
0.375056,0.310097,-2630.431641
0.375056,0.310097,-2632.916016
0.375056,0.310097,-2630.977051
0.375056,0.310097,-2630.839355
0.375056,0.310097,-2631.927734
0.375056,0.310097,-2631.894531
0.375056,0.310097,-2633.101074
0.375554,0.298867,-2629.984375
0.37637,0.299939,-2632.730713
0.372789,0.299433,-2629.559814
0.372789,0.299433,-2627.914062
0.374239,0.300193,-2629.319824
0.375109,0.288924,-2631.88623
0.375109,0.288924,-2628.823242
0.37479,0.28324,-2626.675049
0.37479,0.28324,-2626.256348
0.37479,0.28324,-2626.934082
0.372921,0.281423,-2625.181396
0.372004,0.287171,-2628.748047
0.372004,0.287171,-2629.662354
0.372004,0.287171,-2630.032959
0.372004,0.287171,-2630.557617
0.370192,0.280741,-2625.762695
0.370192,0.280741,-2629.748047
0.370192,0.280741,-2627.024902
0.370192,0.280741,-2626.969971
0.365523,0.287165,-2631.09082
0.365523,0.287165,-2634.770508
0.363873,0.282733,-2632.477783
0.359931,0.282915,-2621.075195
0.357821,0.280661,-2619.743408
0.35546,0.28419,-2643.687012
0.35546,0.28419,-2639.36084
0.353822,0.288124,-2642.130371
0.353822,0.288124,-2635.45166
0.353822,0.288124,-2655.282227
0.353822,0.288124,-2647.320557
0.353822,0.288124,-2652.330566
0.353822,0.288124,-2646.250977
0.354458,0.283711,-2638.887207
0.353346,0.287863,-2638.492676
0.353346,0.287863,-2661.29541
0.348531,0.293891,-2656.86084
0.346473,0.294896,-2643.383789
0.34409,0.301404,-2672.662109
0.344494,0.300576,-2672.145752
0.341513,0.297032,-2675.372314
0.339596,0.288342,-2703.815918
0.342206,0.287798,-2690.891602
0.344125,0.292275,-2681.9104
0.344909,0.289316,-2663.549072
0.344909,0.289316,-2660.485352
0.34506,0.289867,-2649.169922
0.345504,0.297287,-2666.137695
0.345504,0.297287,-2671.864014
0.345955,0.307207,-2662.767578
0.345955,0.307207,-2662.82959
0.345955,0.307207,-2654.722656
0.343696,0.30139,-2677.980957
0.343696,0.30139,-2675.136719
0.343235,0.292843,-2657.905762
0.343235,0.292843,-2652.377686
0.343235,0.292843,-2651.595215
0.340923,0.292545,-2645.509277
0.340923,0.292545,-2642.102051
0.342823,0.298533,-2661.431152
0.342823,0.298533,-2681.023926
0.342823,0.298533,-2654.192383
0.342823,0.298533,-2655.386719
0.343272,0.296795,-2654.884033
0.343272,0.296795,-2634.691406
0.342998,0.293095,-2667.983887
0.342998,0.293095,-2674.489014
0.342998,0.293095,-2667.297852
0.342998,0.293095,-2671.898682
0.347255,0.300891,-2675.490967
0.347255,0.300891,-2687.361084
0.347255,0.300891,-2632.115723
0.349363,0.303263,-2662.814209
0.349363,0.303263,-2662.725586
0.349363,0.303263,-2653.55835
0.349363,0.303263,-2650.31665
0.351698,0.297688,-2655.738281
0.354902,0.297645,-2630.001465
0.352705,0.305778,-2654.526855
0.353517,0.302157,-2645.810791
0.354016,0.297172,-2640.503418
0.352278,0.291169,-2652.195312
0.352278,0.291169,-2637.256836
0.354598,0.29622,-2662.756836
0.354598,0.29622,-2651.922607
0.354598,0.29622,-2645.929199
0.354598,0.29622,-2649.581055
0.354884,0.288118,-2657.487793
0.354884,0.288118,-2632.362549
0.354884,0.288118,-2642.519531
0.354884,0.288118,-2633.987793
0.355443,0.290784,-2645.143799
0.355443,0.290784,-2642.999268
0.348457,0.287417,-2660.348145
0.34701,0.288039,-2653.478027
0.348933,0.29548,-2667.293945
0.348933,0.29548,-2664.831543
0.349695,0.284403,-2662.832764
0.349695,0.284403,-2640.586914
0.349695,0.284403,-2651.261719
0.349695,0.284403,-2644.443604
0.349695,0.284403,-2662.075439
0.349695,0.284403,-2645.206055
0.353128,0.27849,-2640.719238
0.353128,0.27849,-2635.706543
0.353128,0.27849,-2655.859863
0.353128,0.27849,-2636.019531
0.349112,0.274461,-2652.444336
0.349112,0.274461,-2657.048096
0.349112,0.274461,-2658.45459
0.346308,0.288249,-2642.994629
0.346308,0.288249,-2676.426758
0.346308,0.288249,-2668.876221
0.347108,0.289856,-2643.002441
0.347108,0.289856,-2658.661377
0.354244,0.28802,-2642.781738
0.354244,0.28802,-2636.64209
0.354244,0.28802,-2645.432373
0.354244,0.28802,-2650.560059
0.355662,0.288033,-2644.12793
0.355662,0.288033,-2639.059326
0.355662,0.288033,-2657.839355
0.354208,0.286682,-2627.948486
0.354208,0.286682,-2651.178223
0.354208,0.286682,-2647.11792
0.354299,0.294217,-2624.419922
0.354299,0.294217,-2639.644775
0.354471,0.291362,-2635.425781
0.349984,0.284187,-2660.244629
0.349984,0.284187,-2648.886963
0.349708,0.276551,-2651.006836
0.349708,0.276551,-2632.592773
0.349708,0.276551,-2642.629883
0.354367,0.270552,-2639.058105
0.354367,0.270552,-2642.074463
0.354367,0.270552,-2633.696289
0.354367,0.270552,-2647.672852
0.358305,0.270648,-2645.8125
0.357672,0.274244,-2643.351318
0.359148,0.277395,-2622.365723
0.359148,0.277395,-2633.067871
0.359148,0.277395,-2645.962402
0.359185,0.27211,-2640.619141
0.362314,0.268772,-2645.91748
0.362147,0.262832,-2630.191406
0.362147,0.262832,-2636.235352
0.362147,0.262832,-2621.368164
0.362147,0.262832,-2625.966553
0.362147,0.262832,-2622.430176
0.362147,0.262832,-2625.001465
0.362147,0.262832,-2621.077881
0.361514,0.267688,-2633.385986
0.358642,0.267925,-2637.583008
0.362675,0.270676,-2621.990723
0.362675,0.270676,-2640.04248
0.362675,0.270676,-2624.80249
0.364044,0.276365,-2631.706543
0.364044,0.276365,-2635.71875
0.36678,0.271714,-2626.573486
0.368593,0.267533,-2631.313965
0.368539,0.259026,-2625.268799
0.368539,0.259026,-2632.021973
0.368539,0.259026,-2625.974121
0.367297,0.258314,-2626.239746
0.367732,0.245212,-2627.261719
0.370193,0.250467,-2626.633545
0.370193,0.250467,-2622.998047
0.370193,0.250467,-2623.55957
0.370193,0.250467,-2625.158203
0.370193,0.250467,-2623.733887
0.371916,0.242947,-2626.400879
0.371916,0.242947,-2623.168701
0.371916,0.242947,-2626.765137
0.379762,0.237398,-2627.060547
0.379762,0.237398,-2627.938232
0.379762,0.237398,-2625.610352
0.382532,0.245957,-2628.662354
0.381711,0.234762,-2627.390137
0.377915,0.238428,-2627.245117
0.381762,0.243157,-2626.904297
0.379244,0.241733,-2626.58252
0.379244,0.241733,-2627.673584
0.381928,0.232647,-2626.618164
0.382922,0.23177,-2628.492188
0.385332,0.240411,-2628.393066
0.385709,0.241299,-2630.357422
0.386095,0.23777,-2628.866211
0.385242,0.240706,-2628.803955
0.385242,0.240706,-2629.158936
0.383306,0.244194,-2627.571289
0.380905,0.243573,-2627.146973
0.381819,0.251259,-2627.006348
0.381458,0.257321,-2628.435059
0.381911,0.27021,-2628.670898
0.381911,0.27021,-2629.914795
0.381911,0.27021,-2628.96875
0.381911,0.27021,-2628.739014
0.38097,0.265895,-2628.28418
0.3869,0.264049,-2630.095215
0.386353,0.262333,-2629.269775
0.385417,0.259882,-2627.560059
0.384967,0.257117,-2629.098633
0.384967,0.257117,-2628.440674
0.380574,0.264724,-2627.626221
0.37646,0.263625,-2627.878174
0.377067,0.263341,-2625.098145
0.378069,0.260428,-2627.654785
0.375538,0.271732,-2627.785156
0.379975,0.265965,-2627.203369
0.379075,0.262911,-2628.773926
0.379075,0.262911,-2627.310059
0.379075,0.262911,-2625.44751
0.380643,0.258375,-2628.135742
0.380643,0.258375,-2626.2854
0.375153,0.260905,-2627.078125
0.374067,0.261391,-2625.788574
0.372387,0.274177,-2628.79834
0.373226,0.271049,-2629.230957
0.374048,0.273504,-2627.4729
0.374048,0.273504,-2626.706543
0.377953,0.26921,-2627.629395
0.381192,0.270905,-2629.277344
0.381192,0.270905,-2628.826416
0.381192,0.270905,-2628.335449
0.381192,0.270905,-2628.010742
0.378409,0.278685,-2628.466797
0.378409,0.278685,-2629.46167
0.378409,0.278685,-2628.307129
0.379861,0.274714,-2629.006836
0.379861,0.274714,-2627.814941
0.379751,0.267653,-2626.395508
0.379751,0.267653,-2627.511475
0.379751,0.267653,-2626.463379
0.380553,0.26545,-2627.525879
0.380553,0.26545,-2626.135254
0.380553,0.26545,-2628.358154
0.382974,0.273915,-2628.96582
0.382287,0.272478,-2628.588623
0.382287,0.272478,-2627.875977
0.382287,0.272478,-2628.480225
0.382131,0.26972,-2629.316406
0.385962,0.268272,-2629.911621
0.385822,0.254616,-2629.178467
0.385327,0.266046,-2629.117676
0.385327,0.266046,-2629.381348
0.382222,0.262271,-2628.101074
0.380976,0.268264,-2627.646729
0.380976,0.268264,-2629.03125
0.377752,0.279113,-2626.938477
0.373745,0.28162,-2626.800537
0.373947,0.280672,-2626.461914
0.373185,0.286268,-2626.259033
0.373743,0.278667,-2629.157715
0.373743,0.278667,-2631.266113
0.373947,0.284233,-2626.161377
0.370338,0.283631,-2628.378418
0.370338,0.283631,-2624.567627
0.370338,0.283631,-2630.810791
0.370338,0.283631,-2627.685059
0.370338,0.283631,-2628.882324
0.370338,0.283631,-2625.344971
0.370338,0.283631,-2628.896484
0.372085,0.28098,-2630.711914
0.373187,0.276695,-2627.092529
0.373187,0.276695,-2625.052734
0.373187,0.276695,-2627.417969
0.373187,0.276695,-2624.974121
0.371564,0.265849,-2625.867188
0.369562,0.264395,-2626.97998
0.371276,0.269871,-2622.752441
0.373443,0.266257,-2625.15918
0.373443,0.266257,-2624.924316
0.373443,0.266257,-2627.296387
0.374918,0.269528,-2626.151367
0.374918,0.269528,-2628.021973
0.375922,0.274449,-2627.47876
0.375557,0.268129,-2627.776855
0.373019,0.264399,-2624.142822
0.374052,0.260789,-2624.01001
0.375441,0.263779,-2626.858398
0.375441,0.263779,-2624.990723
0.376916,0.261911,-2625.577637
0.370669,0.273439,-2624.792969
0.370669,0.273439,-2626.147461
0.370669,0.273439,-2626.996338
0.37279,0.268692,-2625.370117
0.370006,0.261188,-2624.510254
0.370006,0.261188,-2634.194824
0.370006,0.261188,-2627.628662
0.370399,0.259954,-2622.894043
0.370399,0.259954,-2629.936768
0.370822,0.262609,-2629.779053
0.370822,0.262609,-2628.415039
0.366523,0.255523,-2630.538574
0.363856,0.258475,-2627.32959
0.363856,0.258475,-2632.300781
0.365954,0.263915,-2626.352051
0.36687,0.257818,-2628.79834
0.36687,0.257818,-2624.918457
0.36687,0.257818,-2625.848145
0.36687,0.257818,-2629.970947
0.368156,0.262963,-2625.127441
0.369992,0.264213,-2624.071289
0.373841,0.265682,-2625.218994
0.371061,0.266367,-2626.602051
0.371307,0.263339,-2625.610352
0.371307,0.263339,-2624.178711
0.372453,0.26525,-2625.44043
0.374615,0.265079,-2627.761719
0.377826,0.271304,-2628.02002
0.377948,0.260051,-2626.321777
0.372175,0.255927,-2624.116699
0.372788,0.246072,-2625.993164
0.371478,0.247846,-2624.029541
0.371022,0.246933,-2628.099609
0.371022,0.246933,-2625.257812
0.368505,0.232367,-2626.605957
0.367688,0.228218,-2633.498779
0.369514,0.236201,-2623.37915
0.370922,0.241241,-2624.00293
0.369195,0.247912,-2623.400391
0.373096,0.247997,-2624.125488
0.373096,0.247997,-2625.876465
0.374347,0.24601,-2622.988037
0.370005,0.233819,-2628.628174
0.370257,0.236508,-2628.239258
0.372899,0.23692,-2626.87793
0.377147,0.234238,-2628.682129
0.377148,0.226143,-2628.116699
0.378626,0.222444,-2628.013184
0.378626,0.222444,-2626.908447
0.379277,0.22159,-2629.05542
0.382953,0.218614,-2629.249512
0.382107,0.216418,-2629.520996
0.381131,0.210936,-2629.542725
0.381028,0.210256,-2630.888916
0.378238,0.215862,-2628.490234
0.380333,0.210989,-2628.844971
0.380333,0.210989,-2628.302246
0.380333,0.210989,-2627.618652
0.378713,0.220767,-2627.69043
0.3781,0.2205,-2627.300537
0.379092,0.219647,-2628.828613
0.377546,0.215571,-2627.10376
0.377745,0.211649,-2627.976318
0.374067,0.213341,-2628.387695
0.373433,0.213678,-2626.37085
0.370863,0.211348,-2627.013916
0.370863,0.211348,-2630.88623
0.370863,0.211348,-2628.634033
0.370338,0.211174,-2625.918945
0.370338,0.211174,-2628.853271
0.369162,0.200372,-2628.882812
0.369162,0.200372,-2633.841309
0.369162,0.200372,-2626.646484
0.369162,0.200372,-2630.728027
0.373141,0.192942,-2629.358154
0.369926,0.199676,-2627.491699
0.370219,0.189844,-2628.369385
0.368989,0.200476,-2625.908691
0.36884,0.208601,-2635.955566
0.36884,0.208601,-2626.82373
0.36884,0.208601,-2628.883301
0.36884,0.208601,-2626.503418
0.36884,0.208601,-2631.319824
0.36884,0.208601,-2636.946045
0.36884,0.208601,-2628.358398
0.368009,0.21369,-2624.69873
0.364243,0.207849,-2634.658447
0.364243,0.207849,-2628.583008
0.364243,0.207849,-2627.641846
0.364265,0.209566,-2634.832275
0.361808,0.213269,-2635.544922
0.361808,0.213269,-2636.377197
0.361808,0.213269,-2621.022461
0.361808,0.213269,-2628.553223
0.361808,0.213269,-2625.859863
0.361808,0.213269,-2629.418945
0.361808,0.213269,-2623.595703
0.361808,0.213269,-2634.229248
0.363277,0.218576,-2631.33252
0.367276,0.220824,-2629.79541
0.367276,0.220824,-2631.438965
0.367087,0.225396,-2629.476807
0.367087,0.225396,-2622.035645
0.367087,0.225396,-2629.713623
0.367161,0.232798,-2626.467285
0.366973,0.226343,-2625.776367
0.364226,0.233406,-2635.193115
0.362609,0.232469,-2629.922607
0.366584,0.237827,-2635.937744
0.366584,0.237827,-2629.255859
0.366535,0.241933,-2623.892334
0.366231,0.241624,-2635.833496
0.366019,0.246938,-2626.12793
0.366019,0.246938,-2627.331055
0.362701,0.256814,-2635.728027
0.362701,0.256814,-2632.642578
0.364324,0.255562,-2627.893555
0.364324,0.255562,-2624.03125
0.363994,0.25129,-2624.859375
0.364389,0.255566,-2624.902832
0.361747,0.248674,-2623.173096
0.362307,0.249116,-2633.347168
0.362307,0.249116,-2633.792236
0.364574,0.233703,-2637.563232
0.364574,0.233703,-2628.290771
0.364574,0.233703,-2627.75
0.361581,0.23585,-2630.612793
0.361581,0.23585,-2635.378418
0.362655,0.241662,-2631.547852
0.362655,0.241662,-2621.718018
0.362655,0.241662,-2624.111084
0.362395,0.235238,-2632.812744
0.364177,0.228215,-2628.907471
0.368271,0.229949,-2623.095459
0.371102,0.227967,-2628.816406
0.371543,0.228397,-2624.211182
0.368031,0.227231,-2624.694336
0.368031,0.227231,-2625.57959
0.368031,0.227231,-2632.688965
0.368031,0.227231,-2630.750977
0.368284,0.227813,-2623.186523
0.366966,0.220645,-2630.744385
0.364538,0.223282,-2626.41333
0.369672,0.212554,-2629.450195
0.368456,0.20999,-2632.732178
0.368456,0.20999,-2626.304199
0.368456,0.20999,-2630.333496
0.368456,0.20999,-2628.340332
0.368456,0.20999,-2626.637695
0.369551,0.205109,-2627.264404
0.369551,0.205109,-2626.842041
0.369551,0.205109,-2628.926514
0.371623,0.202362,-2626.441895
0.371623,0.202362,-2633.687988
0.371623,0.202362,-2634.022949
0.371623,0.202362,-2626.832275
0.371623,0.202362,-2628.2771
0.374215,0.206097,-2627.38916
0.37733,0.207966,-2630.209961
0.377073,0.201312,-2630.96167
0.379521,0.198215,-2631.183838
0.376194,0.19524,-2630.05835
0.378423,0.193911,-2632.258789
0.376938,0.206715,-2628.374023
0.376677,0.199776,-2630.880859
0.373462,0.201259,-2631.368164
0.373462,0.201259,-2628.280762
0.373462,0.201259,-2628.068359
0.376055,0.203403,-2628.805664
0.376055,0.203403,-2628.733398
0.373192,0.212354,-2625.450195
0.372288,0.208602,-2627.820068
0.368893,0.210697,-2627.0
0.368893,0.210697,-2630.521484
0.368116,0.22024,-2625.19873
0.368116,0.22024,-2628.283691
0.364432,0.225657,-2626.718506
0.366439,0.222449,-2633.459229
0.36549,0.226953,-2622.192383
0.36549,0.226953,-2623.080566
0.365964,0.217294,-2634.196289
0.367386,0.220913,-2628.902832
0.367386,0.220913,-2622.157227
0.367386,0.220913,-2635.231201
0.367958,0.220972,-2628.322754
0.367958,0.220972,-2625.342285
0.366818,0.213215,-2623.441406
0.366818,0.213215,-2625.214844
0.370307,0.210867,-2625.658936
0.368396,0.203327,-2627.450928
0.368732,0.202237,-2628.151855
0.367574,0.202466,-2632.165039
0.368858,0.201042,-2636.105957
0.36995,0.200835,-2631.197754
0.373892,0.207072,-2629.821045
0.373892,0.207072,-2628.655518
0.368752,0.20452,-2628.371582
0.368752,0.20452,-2627.784668
0.368249,0.20328,-2628.601074
0.365106,0.209262,-2633.518066
0.364246,0.209331,-2625.168701
0.364246,0.209331,-2631.793213
0.364246,0.209331,-2628.928711
0.364344,0.208367,-2627.456299
0.364344,0.208367,-2634.82959
0.365747,0.216378,-2622.498535
0.367885,0.233151,-2623.239014
0.367885,0.233151,-2624.320312
0.36876,0.234358,-2623.549072
0.367346,0.23266,-2628.934814
0.372023,0.237615,-2630.943848
0.372023,0.237615,-2629.454102
0.376434,0.23662,-2626.640137
0.379001,0.230982,-2628.297607
0.380204,0.227284,-2627.887695
0.378155,0.233661,-2626.013916
0.378155,0.233661,-2627.507568
0.378155,0.233661,-2625.589844
0.380028,0.23533,-2628.348633
0.381614,0.223775,-2629.373047
0.379652,0.22393,-2626.991455
0.377238,0.228661,-2626.536377
0.377784,0.227361,-2627.692383
0.379349,0.228514,-2626.313232
0.379349,0.228514,-2626.645752
0.37993,0.232776,-2628.974854
0.381569,0.235489,-2627.848389
0.381569,0.235489,-2627.621094
0.380738,0.247566,-2628.702393
0.380738,0.247566,-2627.226318
0.374943,0.257054,-2625.105225
0.378431,0.249879,-2625.308105
0.378431,0.249879,-2625.671631
0.380647,0.246201,-2626.280762
0.380302,0.241457,-2626.45752
0.37868,0.240791,-2628.343018
0.374185,0.244154,-2624.842041
0.369821,0.251409,-2627.787109
0.366102,0.261833,-2622.392578
0.366102,0.261833,-2629.300049
0.368814,0.253314,-2624.51416
0.372692,0.252287,-2625.715576
0.370562,0.257328,-2625.143555
0.370562,0.257328,-2623.541504
0.370562,0.257328,-2625.523438
0.370562,0.257328,-2629.266357
0.37311,0.252958,-2627.875
0.373102,0.254198,-2623.882324
0.370709,0.257581,-2625.281494
0.371148,0.251978,-2623.029053
0.371148,0.251978,-2625.149658
0.371148,0.251978,-2624.013672
0.36828,0.253349,-2627.012695
0.372804,0.254642,-2626.344238
0.371272,0.255786,-2624.680176
0.371272,0.255786,-2626.680176
0.369803,0.253972,-2623.977539
0.369803,0.253972,-2622.560059
0.372043,0.249345,-2625.76001
0.374106,0.255829,-2626.25293
0.37371,0.254353,-2624.587646
0.37371,0.254353,-2625.749512
0.37371,0.254353,-2624.454834
0.373369,0.257369,-2625.612793
0.373369,0.257369,-2624.532715
0.371216,0.25675,-2633.388184
0.371452,0.252097,-2628.507324
0.371452,0.252097,-2624.287598
0.374917,0.256892,-2624.714844
0.371131,0.257991,-2626.458496
0.3725,0.259891,-2625.51709
0.371253,0.265477,-2624.692627
0.371253,0.265477,-2625.154785
0.371253,0.265477,-2630.376465
0.371253,0.265477,-2627.231689
0.368993,0.275597,-2626.617188
0.368809,0.275025,-2625.590088
0.373059,0.27952,-2625.725586
0.373059,0.27952,-2627.827393
0.373059,0.27952,-2626.355469
0.371515,0.278023,-2626.536133
0.368652,0.272669,-2631.521484
0.371798,0.26633,-2625.169189
0.371704,0.26912,-2626.635986
0.370431,0.272703,-2627.095215
0.370431,0.272703,-2626.546875
0.370028,0.280131,-2627.228027
0.370028,0.280131,-2626.706543
0.370028,0.280131,-2626.568359
0.369174,0.281451,-2628.814941
0.367163,0.286183,-2623.882324
0.367163,0.286183,-2626.67041
0.367163,0.286183,-2633.282959
0.367163,0.286183,-2625.724854
0.367163,0.286183,-2628.655029
0.367163,0.286183,-2627.626221
0.367163,0.286183,-2625.351562
0.365231,0.280073,-2626.944824
0.365231,0.280073,-2644.802734
0.366116,0.282275,-2631.497803
0.362762,0.285526,-2633.27002
0.360895,0.289517,-2622.278809
0.360895,0.289517,-2627.716309
0.360895,0.289517,-2622.99707
0.36026,0.281244,-2637.390137
0.36026,0.281244,-2631.125
0.36026,0.281244,-2623.248535
0.36026,0.281244,-2635.046875
0.359341,0.284788,-2638.134766
0.358867,0.282125,-2624.824219
0.358001,0.291052,-2633.295898
0.36377,0.302784,-2637.628174
0.36377,0.302784,-2639.044922
0.36377,0.302784,-2628.212891
0.36377,0.302784,-2635.962891
0.367661,0.302505,-2629.673584
0.369294,0.301925,-2626.072266
0.369294,0.301925,-2630.593018
0.371688,0.293822,-2627.197998
0.376454,0.274497,-2626.305664
0.376454,0.274497,-2629.100098
0.37626,0.267257,-2627.408203
0.37626,0.267257,-2625.4646
0.378894,0.263394,-2626.177734
0.379421,0.268373,-2628.242188
0.379421,0.268373,-2627.498535
0.377133,0.26922,-2626.236328
0.377133,0.26922,-2626.160889
0.374784,0.268357,-2628.480713
0.379579,0.261084,-2626.046875
0.379579,0.261084,-2625.664062
0.379579,0.261084,-2627.534668
0.379579,0.261084,-2626.938965
0.379098,0.254388,-2627.974854
0.379098,0.254388,-2627.004883
0.374834,0.263297,-2626.804688
0.374859,0.260515,-2625.166992
0.374397,0.249195,-2626.24707
0.374397,0.249195,-2625.761475
0.374397,0.249195,-2625.902344
0.372122,0.249188,-2624.777344
0.370933,0.255543,-2625.206543
0.370084,0.250225,-2622.77832
0.370084,0.250225,-2625.090332
0.364989,0.252714,-2630.338379
0.364063,0.242416,-2630.776123
0.362032,0.252315,-2627.922852
0.362032,0.252315,-2629.132568
0.362032,0.252315,-2627.110352
0.359596,0.244589,-2635.353516
0.359596,0.244589,-2623.453369
0.359596,0.244589,-2632.669434
0.359596,0.244589,-2636.201416
0.359596,0.244589,-2627.270996
0.356981,0.249383,-2646.591309
0.355226,0.243482,-2635.861572
0.357625,0.24772,-2637.911133
0.357625,0.24772,-2636.561523
0.353705,0.242306,-2647.782959
0.35394,0.244785,-2641.827393
0.355365,0.244362,-2651.892578
0.358682,0.240032,-2640.665527
0.362075,0.240617,-2641.473877
0.363929,0.251522,-2641.24707
0.360972,0.250672,-2635.720703
0.358322,0.254963,-2647.802734
0.35834,0.248986,-2644.57666
0.35834,0.248986,-2619.087402
0.35834,0.248986,-2628.195068
0.358964,0.243336,-2627.614258
0.35848,0.235229,-2621.397461
0.360909,0.232529,-2637.46875
0.360909,0.232529,-2629.872559
0.360724,0.240387,-2639.235352
0.360724,0.240387,-2631.84082
0.361589,0.243017,-2638.758545
0.359561,0.23883,-2631.818115
0.356471,0.236357,-2634.978271
0.359252,0.236516,-2635.763184
0.357174,0.233148,-2641.27124
0.357174,0.233148,-2633.57959
0.357174,0.233148,-2627.849365
0.360415,0.23772,-2639.345215
0.360415,0.23772,-2645.759033
0.36118,0.238255,-2638.299316
0.360548,0.23341,-2638.137939
0.356312,0.235722,-2635.617188
0.351556,0.237304,-2638.373535
0.350195,0.22272,-2651.522217
0.351441,0.223211,-2649.94165
0.354741,0.223564,-2639.119629
0.359283,0.222893,-2652.018555
0.360677,0.218434,-2634.022461
0.360677,0.218434,-2631.322266
0.362885,0.225046,-2630.629883
0.362885,0.225046,-2629.293945
0.362362,0.235011,-2628.010986
0.362362,0.235011,-2620.776123
0.362362,0.235011,-2640.327637
0.362362,0.235011,-2627.896973
0.36324,0.23965,-2628.55542
0.360771,0.236688,-2630.322021
0.357929,0.234622,-2633.630371
0.357929,0.234622,-2649.436035
0.357929,0.234622,-2632.158203
0.357469,0.23108,-2629.848633
0.357469,0.23108,-2641.873535
0.359728,0.22697,-2622.314453
0.359728,0.22697,-2633.513672
0.359728,0.22697,-2644.337891
0.359728,0.22697,-2635.656738
0.359728,0.22697,-2632.614258
0.359519,0.232813,-2637.960938
0.359519,0.232813,-2637.697754
0.359519,0.232813,-2625.299561
0.359519,0.232813,-2635.378418
0.359519,0.232813,-2625.0625
0.359519,0.232813,-2632.921143
0.358518,0.233897,-2641.434082
0.363342,0.227598,-2640.372803
0.363342,0.227598,-2627.615723
0.367024,0.217492,-2624.495605
0.367024,0.217492,-2638.176758
0.365334,0.219835,-2626.938965
0.365334,0.219835,-2626.815674
0.365334,0.219835,-2629.94751
0.369955,0.217185,-2624.320801
0.370829,0.210816,-2626.960938
0.372384,0.20639,-2626.058105
0.372384,0.20639,-2627.598145
0.373767,0.194071,-2630.38208
0.373767,0.194071,-2629.128906
0.374108,0.200058,-2629.463379
0.374108,0.200058,-2629.064941
0.374108,0.200058,-2628.90918
0.374108,0.200058,-2629.236816
0.374108,0.200058,-2630.85498
0.373385,0.218036,-2625.813721
0.373385,0.218036,-2625.703857
0.373385,0.218036,-2627.621826
0.373385,0.218036,-2631.897949
0.372216,0.219156,-2626.71875
0.372216,0.219156,-2626.101562
0.372874,0.221637,-2625.527832
0.373716,0.214679,-2626.015381
0.375575,0.222389,-2625.8396
0.373927,0.218606,-2626.192383
0.373927,0.218606,-2628.227051
0.371587,0.208741,-2626.176758
0.36831,0.196565,-2628.429443
0.36831,0.196565,-2628.84668
0.36831,0.196565,-2627.348633
0.368897,0.194437,-2627.743408
0.368621,0.205011,-2637.227539
0.36944,0.211087,-2624.689209
0.368254,0.216171,-2628.921875
0.368254,0.216171,-2623.836426
0.368405,0.22252,-2623.752197
0.366958,0.221927,-2622.539795
0.364958,0.219819,-2627.437012
0.367301,0.225506,-2629.406738
0.367301,0.225506,-2623.926514
0.365413,0.219777,-2623.468506
0.365413,0.219777,-2633.157471
0.365413,0.219777,-2629.70752
0.365413,0.219777,-2622.052246
0.367715,0.219473,-2632.741211
0.367715,0.219473,-2627.020996
0.367715,0.219473,-2627.546875
0.367715,0.219473,-2625.102295
0.363516,0.225078,-2631.899658
0.365019,0.221891,-2632.335449
0.365019,0.221891,-2633.223145
0.365019,0.221891,-2627.88501
0.365827,0.217372,-2621.752686
0.362946,0.213507,-2634.26123
0.362946,0.213507,-2635.096191
0.362416,0.19706,-2629.928955
0.361483,0.201028,-2637.865723
0.361483,0.201028,-2633.931641
0.361483,0.201028,-2641.513916
0.361483,0.201028,-2642.297852
0.359988,0.20432,-2630.29126
0.359988,0.20432,-2623.166016
0.359988,0.20432,-2641.066895
0.36227,0.206999,-2632.688965
0.3608,0.202922,-2642.815186
0.3608,0.202922,-2636.362061
0.3608,0.202922,-2627.961914
0.360609,0.207526,-2632.228271
0.360609,0.207526,-2635.597168
0.361373,0.20456,-2637.331299
0.361373,0.20456,-2634.273926
0.361373,0.20456,-2643.084473
0.361373,0.20456,-2646.113281
0.360783,0.202611,-2633.124756
0.360783,0.202611,-2632.989746
0.360327,0.20233,-2633.550293
0.360327,0.20233,-2630.442383
0.361764,0.199934,-2623.780762
0.361764,0.199934,-2631.28418
0.361764,0.199934,-2631.560547
0.360042,0.189488,-2640.04248
0.360042,0.189488,-2638.52832
0.359554,0.185246,-2638.485352
0.359554,0.185246,-2628.712402
0.360829,0.182601,-2630.793701
0.360829,0.182601,-2642.126465
0.360404,0.173031,-2644.890137
0.360404,0.173031,-2637.875732
0.360404,0.173031,-2650.079834
0.361814,0.176163,-2644.319824
0.361814,0.176163,-2633.572266
0.361814,0.176163,-2629.61377
0.361814,0.176163,-2630.866455
0.361814,0.176163,-2634.933105
0.361814,0.176163,-2637.164062
0.363875,0.182556,-2637.014648
0.363875,0.182556,-2633.795898
0.362831,0.186222,-2648.042969
0.361785,0.181281,-2637.1875
0.362769,0.176908,-2642.185791
0.361795,0.174362,-2645.588867
0.363069,0.171877,-2642.417236
0.364213,0.170047,-2638.78418
0.364213,0.170047,-2633.478516
0.363667,0.166698,-2638.185791
0.365226,0.166423,-2634.041504
0.365226,0.166423,-2642.770996
0.363228,0.176544,-2648.344238
0.363228,0.176544,-2647.597412
0.363228,0.176544,-2644.312012
0.3649,0.180984,-2645.109863
0.367132,0.175264,-2634.830322
0.36533,0.184213,-2634.205078
0.367615,0.187048,-2637.212646
0.365734,0.18411,-2631.51709
0.36498,0.182628,-2639.143799
0.365489,0.188404,-2627.185547
0.365489,0.188404,-2635.350342
0.365489,0.188404,-2627.244629
0.365489,0.188404,-2642.384521
0.363556,0.186065,-2641.937988
0.363556,0.186065,-2629.817627
0.363801,0.17973,-2635.125732
0.360779,0.174491,-2634.071777
0.360779,0.174491,-2643.827393
0.355432,0.178316,-2641.466553
0.356723,0.158877,-2641.978516
0.359261,0.160838,-2647.55127
0.359261,0.160838,-2658.256836
0.361964,0.161412,-2651.155518
0.362801,0.169462,-2641.384277
0.362812,0.16733,-2641.322754
0.363341,0.1695,-2647.274902
0.363341,0.1695,-2649.897217
0.362084,0.173568,-2641.561279
0.362084,0.173568,-2642.299561
0.36489,0.171652,-2636.712891
0.363082,0.184927,-2632.645996
0.366028,0.182014,-2639.308105
0.36608,0.179348,-2638.392334
0.36608,0.179348,-2633.315186
0.366654,0.196015,-2638.179443
0.367155,0.194109,-2626.464844
0.365283,0.190059,-2630.406982
0.365283,0.190059,-2640.736816
0.365283,0.190059,-2636.107178
0.364955,0.194636,-2635.758789
0.364955,0.194636,-2628.73877
0.369662,0.19231,-2629.568604
0.367442,0.201487,-2629.240723
0.367442,0.201487,-2628.150391
0.368633,0.208996,-2629.949951
0.368633,0.208996,-2625.536865
0.368633,0.208996,-2625.172363
0.368633,0.208996,-2625.513428
0.369647,0.21186,-2627.510742
0.369465,0.212858,-2632.312256
0.369465,0.212858,-2626.981201
0.369465,0.212858,-2625.957764
0.372203,0.21802,-2630.694336
0.370766,0.22535,-2624.833008
0.370831,0.231046,-2625.326172
0.371505,0.225382,-2627.464355
0.371079,0.223972,-2625.4021
0.372208,0.227531,-2624.565918
0.372208,0.227531,-2625.533936
0.372208,0.227531,-2625.011963
0.372208,0.227531,-2625.744629
0.374596,0.225317,-2626.124023
0.375886,0.22298,-2626.123047
0.375886,0.22298,-2626.332764
0.377611,0.22078,-2629.455566
0.376588,0.224623,-2626.723145
0.3751,0.218293,-2629.740234
0.374953,0.219737,-2629.658691
0.374953,0.219737,-2627.262939
0.374953,0.219737,-2625.978027
0.374953,0.219737,-2628.29834
0.374124,0.212361,-2627.835938
0.370388,0.213962,-2625.039551
0.36629,0.2137,-2628.7771
0.366396,0.225117,-2627.615234
0.366396,0.225117,-2631.664062
0.366396,0.225117,-2624.118164
0.366396,0.225117,-2625.391846
0.366396,0.225117,-2626.577393
0.366396,0.225117,-2626.487793
0.366396,0.225117,-2631.703125
0.366396,0.225117,-2622.64209
0.368219,0.219252,-2630.297607
0.370695,0.226133,-2625.231934
0.370695,0.226133,-2624.134766
0.370695,0.226133,-2625.45459
0.370695,0.226133,-2623.155273
0.370695,0.226133,-2626.202637
0.370695,0.226133,-2628.843994
0.370695,0.226133,-2624.078613
0.370413,0.216258,-2625.711182
0.373222,0.215398,-2631.689453
0.371613,0.220734,-2626.785645
0.369608,0.222312,-2629.880859
0.367581,0.229537,-2636.185547
0.37358,0.222044,-2625.10376
0.373383,0.222402,-2630.001953
0.371678,0.218236,-2628.608154
0.373018,0.21412,-2625.172852
0.371201,0.218064,-2629.083496
0.371201,0.218064,-2628.914062
0.373155,0.218003,-2629.640869
0.3727,0.211696,-2624.938477
0.370691,0.215534,-2627.513672
0.370474,0.211005,-2629.880371
0.366093,0.215448,-2623.625977
0.367415,0.216795,-2624.34668
0.367415,0.216795,-2638.687256
0.367415,0.216795,-2630.279053
0.365748,0.21548,-2626.788086
0.366213,0.212519,-2639.984863
0.366213,0.212519,-2630.618164
0.36771,0.201434,-2630.847656
0.366703,0.2018,-2623.743164
0.370311,0.205599,-2630.071045
0.370311,0.205599,-2625.706543
0.370311,0.205599,-2627.299805
0.371512,0.211736,-2627.305664
0.371512,0.211736,-2630.147949
0.373623,0.209947,-2626.554199
0.371832,0.209336,-2625.296387
0.370338,0.221543,-2627.384033
0.370338,0.221543,-2626.272461
0.370338,0.221543,-2624.991943
0.368369,0.215872,-2624.947998
0.36771,0.229246,-2622.444824
0.368128,0.222178,-2624.169922
0.365938,0.223343,-2640.403809
0.368393,0.219229,-2625.511719
0.368393,0.219229,-2631.001465
0.368393,0.219229,-2631.011719
0.368393,0.219229,-2630.316406
0.369745,0.235202,-2628.730225
0.369745,0.235202,-2623.787598
0.372752,0.238982,-2622.980469
0.371969,0.238109,-2624.568848
0.371969,0.238109,-2627.284912
0.370672,0.237385,-2623.237549
0.372753,0.244783,-2624.583496
0.374954,0.238595,-2628.039062
0.374954,0.238595,-2626.40625
0.373463,0.242195,-2625.943604
0.373463,0.242195,-2626.596191
0.373463,0.242195,-2624.090332
0.373463,0.242195,-2629.125
0.373463,0.242195,-2625.108643
0.37431,0.245458,-2625.457031
0.374627,0.252806,-2625.041748
0.369236,0.24843,-2625.725342
0.369236,0.24843,-2624.074463
0.369236,0.24843,-2623.257812
0.369236,0.24843,-2625.195312
0.369236,0.24843,-2625.785156
0.369236,0.24843,-2622.991699
0.370088,0.256421,-2622.568604
0.376138,0.263661,-2627.758545
0.376138,0.263661,-2625.742676
0.376913,0.256363,-2627.718506
0.377604,0.262932,-2627.62915
0.377604,0.262932,-2627.211426
0.3785,0.270113,-2628.110107
0.379577,0.2776,-2629.276367
0.379577,0.2776,-2629.347656
0.379577,0.2776,-2627.729004
0.37702,0.280031,-2626.699219
0.37702,0.280031,-2626.765137
0.374901,0.272192,-2626.855469
0.378085,0.276456,-2627.747559
0.378843,0.276994,-2627.737305
0.379917,0.275802,-2628.10791
0.378621,0.278467,-2627.339355
0.375739,0.286966,-2627.731934
0.375739,0.286966,-2627.358398
0.375739,0.286966,-2628.148438
0.378792,0.272282,-2629.105713
0.378792,0.272282,-2625.604492
0.382939,0.26941,-2631.666016
0.377855,0.269549,-2628.524414
0.377855,0.269549,-2625.765869
0.374314,0.269683,-2626.981689
0.374361,0.274821,-2628.113525
0.372494,0.265562,-2623.190918
0.372494,0.265562,-2624.985352
0.372494,0.265562,-2629.79248
0.372494,0.265562,-2630.030029
0.373223,0.274995,-2627.028809
0.373223,0.274995,-2625.559082
0.370717,0.275002,-2625.787109
0.370717,0.275002,-2624.326904
0.372434,0.276769,-2627.258301
0.370072,0.277885,-2625.365967
0.370072,0.277885,-2623.121582
0.370072,0.277885,-2629.483398
0.370072,0.277885,-2628.682129
0.370072,0.277885,-2637.347656
0.371079,0.275416,-2625.789062
0.371079,0.275416,-2626.76123
0.372543,0.28326,-2625.856445
0.372543,0.28326,-2626.419434
0.374998,0.280062,-2626.798828
0.372557,0.263741,-2623.863037
0.373236,0.258868,-2626.039551
0.37401,0.265694,-2625.208252
0.371467,0.261573,-2628.369629
0.371467,0.261573,-2627.851074
0.372925,0.262388,-2625.198975
0.372925,0.262388,-2624.526611
0.372925,0.262388,-2625.781738
0.374665,0.259351,-2627.5
0.374665,0.259351,-2624.832764
0.375212,0.262304,-2626.525879
0.380379,0.261368,-2627.422363
0.380379,0.261368,-2625.688965
0.381398,0.262302,-2628.833984
0.383694,0.263182,-2627.916016
0.385139,0.276082,-2630.180908
0.384834,0.278705,-2631.404785
0.377636,0.277239,-2628.99292
0.378867,0.279576,-2627.750488
0.374323,0.279046,-2629.974121
0.374834,0.280219,-2626.326172
0.373463,0.286372,-2630.060059
0.37311,0.298458,-2628.390625
0.371384,0.301469,-2626.899414
0.376945,0.292791,-2631.396973
0.374722,0.296321,-2630.081055
0.374722,0.296321,-2628.703613
0.373597,0.294311,-2629.31543
0.372253,0.288279,-2626.732422
0.372253,0.288279,-2626.212891
0.371465,0.282487,-2632.10498
0.371465,0.282487,-2627.100586
0.372251,0.274979,-2625.866455
0.371056,0.272425,-2624.910645
0.372182,0.28062,-2626.359131
0.372182,0.28062,-2625.636719
0.371285,0.27342,-2626.275879
0.371285,0.27342,-2623.58252
0.368775,0.269819,-2624.182617
0.367203,0.262896,-2628.459473
0.369707,0.258751,-2630.871094
0.369707,0.258751,-2630.959473
0.369931,0.250939,-2629.030518
0.371783,0.253486,-2624.548828
0.372952,0.24875,-2623.425049
0.368515,0.236243,-2623.317383
0.36772,0.242005,-2621.959717
0.36772,0.242005,-2629.905518
0.36253,0.238687,-2627.123535
0.36253,0.238687,-2622.317871
0.359374,0.236128,-2640.049805
0.359374,0.236128,-2636.50293
0.359374,0.236128,-2624.125488
0.359374,0.236128,-2632.090332
0.359374,0.236128,-2625.337891
0.359374,0.236128,-2623.677002
0.357718,0.235594,-2633.911621
0.357718,0.235594,-2629.98291
0.357718,0.235594,-2632.650879
0.356401,0.243531,-2620.112793
0.360643,0.245057,-2640.864746
0.360643,0.245057,-2634.15625
0.360643,0.245057,-2638.368652
0.360883,0.249137,-2629.336914
0.362649,0.25493,-2641.094971
0.362988,0.251182,-2635.5896
0.361241,0.250874,-2626.170654
0.361241,0.250874,-2628.261719
0.361731,0.248845,-2640.493652
0.362859,0.247228,-2631.128906
0.362859,0.247228,-2631.064453
0.362859,0.247228,-2639.42041
0.362859,0.247228,-2626.822266
0.362859,0.247228,-2623.806641
0.362859,0.247228,-2637.167969
0.362859,0.247228,-2637.977783
0.360856,0.247631,-2626.633301
0.356617,0.244874,-2645.605957
0.354763,0.248688,-2642.414307
0.354763,0.248688,-2643.353516
0.354763,0.248688,-2629.091797
0.354763,0.248688,-2648.784668
0.354763,0.248688,-2643.069092
0.354763,0.248688,-2631.740723
0.353592,0.255891,-2659.677002
0.357128,0.255805,-2619.440674
0.357128,0.255805,-2632.356934
0.36163,0.251453,-2623.696777
0.36163,0.251453,-2629.560303
0.364837,0.241639,-2622.272705
0.364837,0.241639,-2623.144287
0.364837,0.241639,-2621.422852
0.365825,0.242845,-2623.095215
0.361936,0.244896,-2622.718994
0.363254,0.248911,-2649.520508
0.362208,0.253974,-2627.061035
0.362208,0.253974,-2628.485352
0.362208,0.253974,-2621.851318
0.362208,0.253974,-2624.958008
0.365391,0.251769,-2622.814453
0.36625,0.249786,-2629.79541
0.36625,0.249786,-2634.711426
0.36625,0.249786,-2632.688477
0.36625,0.249786,-2623.570312
0.369864,0.242411,-2624.696289
0.369864,0.242411,-2623.637695
0.368973,0.25659,-2631.581055
0.368973,0.25659,-2622.603027
0.368889,0.262413,-2627.668945
0.368889,0.262413,-2624.073242
0.371158,0.258682,-2624.109375
0.371158,0.258682,-2625.036133
0.371903,0.251432,-2624.290039
0.372537,0.253087,-2627.870361
0.376698,0.253941,-2627.280762
0.376698,0.253941,-2625.650879
0.376698,0.253941,-2626.193848
0.379127,0.253141,-2626.97998
0.37857,0.242158,-2626.441895
0.378035,0.236838,-2627.036377
0.376782,0.237892,-2627.035645
0.376016,0.235405,-2625.822266
0.376016,0.235405,-2625.069824
0.373526,0.239652,-2624.586426
0.378176,0.241587,-2628.398438
0.377182,0.238023,-2625.894287
0.375858,0.244503,-2627.030273
0.371763,0.241487,-2624.098145
0.372517,0.24288,-2625.510742
0.372526,0.23191,-2625.418945
0.376803,0.223647,-2625.467773
0.378764,0.232067,-2627.835938
0.372859,0.233318,-2626.943359
0.372936,0.226703,-2627.794922
0.376376,0.221153,-2627.383057
0.375312,0.230307,-2626.767334
0.375312,0.230307,-2624.472168
0.375621,0.236438,-2626.515381
0.375621,0.236438,-2626.402344
0.375621,0.236438,-2626.539551
0.375621,0.236438,-2625.0625
0.380812,0.241843,-2626.552002
0.380397,0.243507,-2627.046387
0.380397,0.243507,-2627.763184
0.380397,0.243507,-2626.651855
0.380397,0.243507,-2627.360352
0.380397,0.243507,-2626.928711
0.380325,0.240047,-2626.118164
0.376949,0.230377,-2624.992676
0.376949,0.230377,-2627.494873
0.378385,0.225022,-2625.903564
0.378385,0.225022,-2626.395264
0.378385,0.225022,-2626.877686
0.378385,0.225022,-2627.249512
0.378385,0.225022,-2627.666992
0.377293,0.223192,-2627.307129
0.376288,0.233292,-2624.82959
0.37319,0.239846,-2624.500244
0.370103,0.23463,-2630.04248
0.370103,0.23463,-2623.412842
0.370103,0.23463,-2624.256104
0.374857,0.240236,-2628.763672
0.37788,0.241691,-2627.938477
0.37788,0.241691,-2626.68457
0.376249,0.245576,-2627.524902
0.376249,0.245576,-2625.300049
0.379309,0.250536,-2626.348633
0.380312,0.250192,-2627.925049
0.380312,0.250192,-2627.305664
0.380312,0.250192,-2626.935059
0.37906,0.254134,-2626.061768
0.376354,0.244586,-2625.033447
0.376354,0.244586,-2625.833252
0.376354,0.244586,-2625.35083
0.376928,0.236728,-2625.390137
0.376928,0.236728,-2626.144775
0.374119,0.236817,-2625.658203
0.371136,0.228387,-2630.321289
0.371136,0.228387,-2627.467529
0.371111,0.230196,-2627.854736
0.371111,0.230196,-2624.246826
0.370291,0.229625,-2625.558594
0.370291,0.229625,-2624.69751
0.370291,0.229625,-2625.372803
0.369478,0.236289,-2629.202148
0.369478,0.236289,-2628.408447
0.369478,0.236289,-2631.350586
0.369478,0.236289,-2624.305176
0.372476,0.240376,-2624.110352
0.374481,0.240165,-2625.847412
0.374481,0.240165,-2627.234619
0.374481,0.240165,-2625.339844
0.375546,0.238939,-2627.320068
0.380238,0.234795,-2626.312012
0.380238,0.234795,-2625.337891
0.382184,0.234181,-2629.550293
0.382195,0.229489,-2629.574707
0.382195,0.229489,-2629.40625
0.385719,0.231596,-2630.049561
0.385719,0.231596,-2628.388916
0.385719,0.231596,-2628.29834
0.387378,0.232568,-2629.711182
0.387378,0.232568,-2630.181641
0.387378,0.232568,-2629.506348
0.383444,0.225961,-2629.47168
0.383444,0.225961,-2628.865234
0.382577,0.222924,-2628.091797
0.381521,0.223888,-2629.659668
0.381521,0.223888,-2627.87207
0.380395,0.23474,-2627.457031
0.382621,0.234083,-2627.834961
0.382621,0.234083,-2628.593262
0.37897,0.2294,-2627.53833
0.37897,0.2294,-2626.739502
0.37897,0.2294,-2626.634033
0.380659,0.226824,-2627.520264
0.380659,0.226824,-2626.942627
0.380659,0.226824,-2628.38501
0.380659,0.226824,-2629.5625
0.382656,0.234314,-2628.078125
0.383405,0.23629,-2628.506348
0.383405,0.23629,-2628.300049
0.381325,0.241249,-2627.528564
0.377947,0.237596,-2628.174072
0.377402,0.240418,-2626.249756
0.3803,0.232571,-2627.973145
0.379707,0.229383,-2627.854492
0.379016,0.223745,-2628.480469
0.380315,0.226714,-2629.401367
0.381447,0.226973,-2627.681396
0.380474,0.221703,-2629.053223
0.377978,0.224081,-2627.351074
0.377978,0.224081,-2627.640625
0.377978,0.224081,-2627.229492
0.377978,0.224081,-2626.335449
0.378073,0.219286,-2628.062012
0.378073,0.219286,-2629.623291
0.377327,0.215021,-2627.994141
0.37684,0.22248,-2627.485352
0.37684,0.22248,-2626.643066
0.378666,0.212855,-2628.860352
0.381073,0.216115,-2628.195801
0.378505,0.219236,-2625.896484
0.37433,0.217377,-2627.525391
0.37433,0.217377,-2626.92627
0.37433,0.217377,-2627.032715
0.372137,0.223286,-2626.67334
0.36851,0.219738,-2624.962158
0.36851,0.219738,-2628.185547
0.36851,0.219738,-2623.859375
0.3693,0.218291,-2632.60498
0.3693,0.218291,-2629.389893
0.3693,0.218291,-2633.039551
0.369289,0.218282,-2626.020508
0.366076,0.213339,-2624.36084
0.366076,0.213339,-2626.134766
0.366076,0.213339,-2623.526855
0.366076,0.213339,-2623.242188
0.361923,0.215073,-2632.687988
0.366897,0.212556,-2627.97168
0.365047,0.206963,-2633.076172
0.365047,0.206963,-2633.680908
0.366401,0.200453,-2633.194336
0.366401,0.200453,-2633.575684
0.366401,0.200453,-2628.439453
0.366401,0.200453,-2629.666504
0.362731,0.201837,-2629.005859
0.362731,0.201837,-2627.0354
0.362731,0.201837,-2633.036133
0.362731,0.201837,-2638.52832
0.362731,0.201837,-2630.75
0.362731,0.201837,-2629.905518
0.366916,0.198801,-2635.472656
0.368751,0.20586,-2626.156982
0.370879,0.210305,-2627.114746
0.368223,0.205707,-2626.402344
0.36297,0.210402,-2627.631592
0.36297,0.210402,-2630.852539
0.365207,0.202418,-2638.5
0.365207,0.202418,-2624.551025
0.364673,0.19293,-2624.581543
0.3622,0.19195,-2625.324219
0.361155,0.184357,-2644.322998
0.366299,0.181658,-2632.645996
0.366299,0.181658,-2637.930664
0.366299,0.181658,-2641.893555
0.364621,0.180661,-2646.224121
0.364987,0.177617,-2635.860352
0.363101,0.186093,-2637.286377
0.364487,0.191093,-2632.69043
0.364487,0.191093,-2629.263916
0.370996,0.191095,-2632.953613
0.370996,0.191095,-2629.867432
0.370996,0.191095,-2631.660156
0.373939,0.192497,-2629.654297
0.373274,0.198531,-2632.655762
0.373274,0.198531,-2629.927002
0.371652,0.203735,-2627.765625
0.373933,0.201065,-2630.688232
0.372915,0.20326,-2629.016113
0.372915,0.20326,-2627.993164
0.369531,0.205572,-2633.462402
0.369612,0.196183,-2631.169922
0.369612,0.196183,-2627.792969
0.369612,0.196183,-2630.41626
0.373693,0.184415,-2630.948975
0.373746,0.177455,-2634.001465
0.371263,0.186461,-2630.765137
0.37184,0.192957,-2629.918701
0.372548,0.190027,-2630.815918
0.372548,0.190027,-2631.818359
0.371399,0.193291,-2629.715088
0.371399,0.193291,-2633.326416
0.371399,0.193291,-2635.694336
0.371399,0.193291,-2627.991455
0.373336,0.203044,-2627.491211
0.373336,0.203044,-2627.22583
0.373453,0.200604,-2628.886719
0.376404,0.200557,-2632.369873
0.375925,0.205967,-2628.341553
0.375925,0.205967,-2626.42041
0.375925,0.205967,-2628.742188
0.37407,0.207964,-2627.563965
0.378619,0.21095,-2627.327148
0.378619,0.21095,-2629.569824
0.378178,0.209921,-2628.168701
0.382379,0.212007,-2629.351562
0.382379,0.212007,-2629.092285
0.382379,0.212007,-2629.231445
0.382799,0.212052,-2629.563965
0.380237,0.208649,-2627.888428
0.380237,0.208649,-2629.254639
0.382771,0.215868,-2629.095459
0.382771,0.215868,-2629.626953
0.385315,0.218837,-2630.172363
0.385631,0.224752,-2628.847656
0.383383,0.222968,-2629.930176
0.380076,0.220154,-2626.776367
0.380076,0.220154,-2628.336182
0.377251,0.225925,-2627.375977
0.377251,0.225925,-2628.111084
0.376751,0.225301,-2626.974121
0.377466,0.222905,-2628.112061
0.37959,0.221549,-2629.343262
0.378251,0.224679,-2626.62793
0.377994,0.224186,-2627.948242
0.378812,0.224643,-2627.414795
0.378812,0.224643,-2625.316895
0.375208,0.218294,-2627.778564
0.375684,0.223296,-2627.433838
0.374883,0.224684,-2628.458008
0.374883,0.224684,-2625.307861
0.37608,0.226961,-2626.760742
0.37608,0.226961,-2626.001953
0.37608,0.226961,-2626.282471
0.378906,0.221814,-2626.921631
0.381161,0.226718,-2630.631348
0.381161,0.226718,-2627.114014
0.381855,0.223939,-2627.669922
0.3806,0.226033,-2627.242188
0.3806,0.226033,-2627.498535
0.375942,0.231129,-2627.346924
0.375942,0.231129,-2626.929932
0.375942,0.231129,-2625.353516
0.37413,0.226975,-2624.035889
0.37413,0.226975,-2627.230957
0.374065,0.240799,-2629.854004
0.371218,0.242309,-2624.555176
0.371218,0.242309,-2624.263672
0.376339,0.25233,-2625.268555
0.376339,0.25233,-2624.782715
0.376339,0.25233,-2625.892334
0.376892,0.250553,-2625.742188
0.376892,0.250553,-2625.344727
0.376892,0.250553,-2627.418457
0.375786,0.248398,-2626.014404
0.376643,0.24748,-2624.901855
0.381108,0.249755,-2627.716797
0.381108,0.249755,-2627.509277
0.383576,0.250989,-2627.039307
0.383576,0.250989,-2629.001465
0.378007,0.246765,-2627.382324
0.378546,0.245854,-2625.790039
0.380822,0.245547,-2627.459473
0.380822,0.245547,-2626.62793
0.377014,0.254373,-2624.146729
0.374357,0.256557,-2625.262451
0.374357,0.256557,-2624.535156
0.374357,0.256557,-2623.394775
0.373422,0.260389,-2625.898682
0.373422,0.260389,-2625.208496
0.373422,0.260389,-2625.100098
0.373422,0.260389,-2624.210938
0.373422,0.260389,-2626.738281
0.371134,0.261095,-2625.314453
0.372491,0.258667,-2627.25293
0.3706,0.269747,-2626.4375
0.372937,0.267842,-2624.739014
0.374065,0.27039,-2626.529053
0.374065,0.27039,-2626.225586
0.376011,0.269593,-2627.342041
0.380598,0.271742,-2629.530273
0.382009,0.267089,-2628.378906
0.382171,0.268558,-2628.281738
0.379743,0.286894,-2629.784424
0.380693,0.282463,-2629.593994
0.380839,0.282701,-2629.445312
0.380839,0.282701,-2628.712891
0.375982,0.275073,-2628.437256
0.375875,0.27124,-2627.747314
0.375875,0.27124,-2626.669922
0.375875,0.27124,-2625.426025
0.378927,0.272543,-2627.999512
0.380584,0.28159,-2628.334473
0.380584,0.28159,-2628.986572
0.380326,0.278275,-2629.493164
0.380326,0.278275,-2628.726318
0.380326,0.278275,-2629.203125
0.380929,0.284281,-2631.18042
0.379223,0.298225,-2630.352051
0.379223,0.298225,-2631.72168
0.377563,0.289737,-2629.087891
0.378831,0.287873,-2630.689941
0.377007,0.292141,-2628.855957
0.377007,0.292141,-2629.578613
0.37593,0.291278,-2628.104004
0.377555,0.281882,-2628.448975
0.378092,0.285999,-2629.940918
0.378437,0.292525,-2630.764648
0.378437,0.292525,-2629.232666
0.378437,0.292525,-2629.093018
0.378437,0.292525,-2629.397461
0.377381,0.282667,-2629.094238
0.377381,0.282667,-2628.385254
0.375573,0.282643,-2628.413574
0.375573,0.282643,-2628.081055
0.376155,0.271387,-2627.568848
0.376155,0.271387,-2627.722656
0.380467,0.274314,-2627.064453
0.37893,0.261025,-2626.157715
0.37893,0.261025,-2626.332031
0.377581,0.253461,-2625.880615
0.375369,0.24444,-2624.174316
0.375369,0.24444,-2624.624756
0.373328,0.242801,-2624.916504
0.367498,0.242432,-2622.481934
0.367171,0.250403,-2623.136719
0.367931,0.26011,-2628.605957
0.368152,0.252499,-2629.359863
0.367029,0.250653,-2624.049805
0.36761,0.254121,-2628.728027
0.36761,0.254121,-2622.037598
0.36896,0.255112,-2629.635254
0.374349,0.261387,-2629.091064
0.374349,0.261387,-2624.993652
0.374349,0.261387,-2627.616211
0.374349,0.261387,-2625.768799
0.371084,0.258807,-2625.744873
0.36903,0.258786,-2622.907715
0.36903,0.258786,-2626.610596
0.367848,0.259731,-2622.602539
0.367611,0.254728,-2624.262207
0.365861,0.248456,-2624.91748
0.365861,0.248456,-2628.338379
0.363982,0.253821,-2630.11377
0.359346,0.259304,-2624.900391
0.359346,0.259304,-2657.542969
0.359286,0.266751,-2627.783447
0.360479,0.268548,-2641.038574
0.360479,0.268548,-2626.892578
0.364685,0.270251,-2625.34668
0.364685,0.270251,-2633.057617
0.364685,0.270251,-2640.791992
0.36679,0.268356,-2629.255859
0.36679,0.268356,-2625.425537
0.36679,0.268356,-2622.504883
0.371031,0.262882,-2628.479492
0.368389,0.270994,-2623.446045
0.367055,0.269397,-2623.399902
0.367055,0.269397,-2625.986816
0.36563,0.272406,-2623.531738
0.36768,0.270173,-2625.395996
0.371005,0.277122,-2626.251465
0.371005,0.277122,-2625.074219
0.371005,0.277122,-2625.473633
0.368773,0.270503,-2631.227051
0.368773,0.270503,-2625.015137
0.368773,0.270503,-2628.421387
0.36758,0.270919,-2626.972168
0.36758,0.270919,-2628.176758
0.363444,0.264803,-2620.852051
0.3611,0.266823,-2629.651123
0.3611,0.266823,-2637.718262
0.364468,0.271252,-2627.262207
0.364468,0.271252,-2624.552246
0.364232,0.270539,-2620.449707
0.363135,0.266758,-2631.344727
0.361623,0.265783,-2622.386719
0.364681,0.266796,-2638.079102
0.362475,0.257333,-2635.345703
0.362475,0.257333,-2631.399414
0.362475,0.257333,-2626.900146
0.365177,0.256917,-2629.866211
0.363281,0.252846,-2630.138428
0.36586,0.254416,-2626.730713
0.36586,0.254416,-2627.341797
0.362517,0.25507,-2632.424561
0.362517,0.25507,-2622.876465
0.362517,0.25507,-2629.755371
0.364263,0.257663,-2629.297119
0.362549,0.261618,-2634.678223
0.362549,0.261618,-2630.534668
0.362549,0.261618,-2630.247559
0.361688,0.261437,-2625.484131
0.361688,0.261437,-2629.420898
0.362176,0.262037,-2623.197998
0.36028,0.259715,-2630.320801
0.359941,0.258188,-2629.883545
0.359941,0.258188,-2627.503174
0.359941,0.258188,-2644.801758
0.360086,0.265622,-2635.407959
0.360086,0.265622,-2635.285156
0.358602,0.263426,-2642.493164
0.358602,0.263426,-2627.512695
0.358602,0.263426,-2637.131348
0.362416,0.260045,-2626.314453
0.362416,0.260045,-2621.237305
0.368004,0.262993,-2622.542725
0.368004,0.262993,-2623.223145
0.368004,0.262993,-2626.340088
0.370902,0.264698,-2625.037354
0.365847,0.256803,-2629.26416
0.366739,0.258595,-2622.568604
0.366739,0.258595,-2622.294922
0.366739,0.258595,-2624.378174
0.368991,0.259255,-2622.515137
0.368991,0.259255,-2623.88208
0.368107,0.256272,-2623.126953
0.369383,0.26879,-2623.062744
0.367211,0.255946,-2623.930664
0.367211,0.255946,-2622.792969
0.367211,0.255946,-2623.714355
0.367211,0.255946,-2625.082275
0.363282,0.260613,-2627.130371
0.363834,0.260307,-2628.016113
0.36732,0.256552,-2624.955322
0.36732,0.256552,-2622.166992
0.364373,0.255725,-2629.754883
0.364373,0.255725,-2637.816895
0.362199,0.261414,-2631.813721
0.366629,0.265396,-2631.215088
0.366629,0.265396,-2622.356689
0.366629,0.265396,-2630.043701
0.363024,0.273774,-2626.02002
0.3652,0.266617,-2626.541504
0.3652,0.266617,-2629.369385
0.3652,0.266617,-2630.989746
0.368384,0.264942,-2632.753662
0.370296,0.271785,-2625.963379
0.370296,0.271785,-2629.615723
0.369282,0.277583,-2627.675781
0.374837,0.27082,-2627.026367
0.377771,0.276609,-2629.655518
0.377771,0.276609,-2626.776123
0.377771,0.276609,-2628.261719
0.377771,0.276609,-2626.291504
0.374815,0.274464,-2629.019531
0.374846,0.272202,-2626.195801
0.374846,0.272202,-2626.67627
0.374869,0.258583,-2627.0979
0.374869,0.258583,-2625.228271
0.373058,0.248136,-2623.114258
0.376126,0.24961,-2625.978027
0.374364,0.240967,-2626.182373
0.374364,0.240967,-2625.348145
0.373775,0.237047,-2626.525635
0.373775,0.237047,-2627.699707
0.373298,0.244678,-2624.509766
0.373298,0.244678,-2627.227051
0.369985,0.245887,-2625.677734
0.369985,0.245887,-2624.45166
0.370857,0.244744,-2623.588867
0.373727,0.243195,-2625.172852
0.373727,0.243195,-2625.751953
0.373727,0.243195,-2625.559814
0.37334,0.244303,-2624.289551
0.376264,0.248687,-2626.849365
0.376264,0.248687,-2625.566895
0.375651,0.247844,-2626.255371
0.378962,0.256272,-2626.815186
0.37922,0.256526,-2626.114502
0.375974,0.256133,-2627.401611
0.375974,0.256133,-2626.180664
0.375974,0.256133,-2625.971191
0.375974,0.256133,-2627.117676
0.375974,0.256133,-2626.473389
0.373961,0.260561,-2627.618652
0.373961,0.260561,-2623.454834
0.374654,0.262391,-2626.032715
0.374654,0.262391,-2627.781982
0.374654,0.262391,-2626.381104
0.374334,0.254798,-2627.218262
0.372395,0.247257,-2624.215088
0.372968,0.249554,-2624.870117
0.372968,0.249554,-2626.587158
0.37827,0.246351,-2625.371582
0.379844,0.253491,-2627.689697
0.379844,0.253491,-2626.873779
0.383332,0.243828,-2627.432129
0.383406,0.243608,-2626.273926
0.383406,0.243608,-2627.488281
0.380493,0.248553,-2629.15332
0.38203,0.251625,-2627.571777
0.377078,0.250166,-2625.615234
0.378745,0.248152,-2628.730957
0.379679,0.248265,-2625.651367
0.379679,0.248265,-2626.161133
0.379679,0.248265,-2625.938477
0.378562,0.254467,-2626.76709
0.378201,0.257887,-2627.736572
0.378201,0.257887,-2628.338623
0.378201,0.257887,-2626.466797
0.378201,0.257887,-2626.869629
0.376765,0.254633,-2626.553467
0.374694,0.252999,-2627.573975
0.374694,0.252999,-2624.9104
0.372609,0.251767,-2627.067871
0.372609,0.251767,-2624.869141
0.374388,0.246816,-2625.635254
0.374388,0.246816,-2626.258545
0.374388,0.246816,-2625.776855
0.376961,0.2504,-2626.608154
0.378954,0.247717,-2626.399414
0.377081,0.248393,-2626.473389
0.375533,0.239584,-2626.293945
0.372919,0.246723,-2624.001221
0.375575,0.248688,-2625.545898
0.372065,0.254587,-2623.992676
0.372065,0.254587,-2625.80249
0.372065,0.254587,-2626.099365
0.369609,0.257353,-2625.892578
0.369609,0.257353,-2625.959961
0.366286,0.261397,-2627.393066
0.366286,0.261397,-2625.404297
0.366286,0.261397,-2633.250488
0.368589,0.259243,-2625.55957
0.368589,0.259243,-2630.450195
0.368589,0.259243,-2623.17334
0.368589,0.259243,-2624.883301
0.369412,0.261065,-2631.29834
0.369412,0.261065,-2623.6521
0.369412,0.261065,-2627.914795
0.369412,0.261065,-2628.793457
0.367322,0.252615,-2628.547363
0.367322,0.252615,-2627.336182
0.367322,0.252615,-2622.943604
0.367322,0.252615,-2631.336914
0.37489,0.243798,-2624.543945
0.37489,0.243798,-2626.148438
0.375944,0.232614,-2627.624756
0.37325,0.242015,-2624.209717
0.373574,0.242822,-2624.337646
0.373574,0.242822,-2625.300293
0.375762,0.232981,-2626.010742
0.375762,0.232981,-2626.564941
0.375762,0.232981,-2625.924805
0.373175,0.230799,-2624.858154
0.373175,0.230799,-2625.721191
0.373643,0.239156,-2625.743896
0.373643,0.239156,-2623.922363
0.373643,0.239156,-2625.588379
0.373527,0.242325,-2624.52002
0.373329,0.254289,-2625.50708
0.379663,0.253916,-2628.355469
0.374014,0.250922,-2624.588379
0.374014,0.250922,-2626.207764
0.375272,0.248543,-2625.431396
0.370788,0.258438,-2631.251465
0.36968,0.252082,-2625.706055
0.372726,0.255549,-2626.355713
0.372726,0.255549,-2624.432617
0.372726,0.255549,-2624.65332
0.372726,0.255549,-2627.655762
0.372726,0.255549,-2625.936523
0.372131,0.254636,-2627.839844
0.371414,0.254144,-2627.703125
0.376495,0.257595,-2625.038818
0.374322,0.253276,-2625.283203
0.373983,0.254187,-2627.883301
0.373228,0.268211,-2624.550781
0.373228,0.268211,-2623.898926
0.373228,0.268211,-2625.113281
0.375183,0.266419,-2627.437012
0.373115,0.276236,-2628.250488
0.374414,0.270292,-2627.449707
0.372474,0.261785,-2627.959229
0.376079,0.269212,-2625.764648
0.376079,0.269212,-2626.562256
0.374576,0.257388,-2625.410645
0.3718,0.254274,-2624.059082
0.371742,0.252465,-2623.561035
0.371262,0.25684,-2624.681641
0.367387,0.262835,-2622.645752
0.367387,0.262835,-2626.491699
0.367387,0.262835,-2623.314453
0.367387,0.262835,-2629.021973
0.367387,0.262835,-2628.315918
0.365473,0.25813,-2626.074707
0.365473,0.25813,-2622.086426
0.365473,0.25813,-2627.910156
0.365473,0.25813,-2635.334961
0.365473,0.25813,-2632.375
0.365473,0.25813,-2628.611816
0.365473,0.25813,-2623.993652
0.365473,0.25813,-2622.855469
0.367261,0.252563,-2621.305664
0.367261,0.252563,-2625.266602
0.36343,0.253994,-2632.103271
0.36343,0.253994,-2632.598633
0.36517,0.252748,-2633.461426
0.36517,0.252748,-2621.817871
0.365631,0.25348,-2621.848633
0.365631,0.25348,-2629.270508
0.365631,0.25348,-2628.669678
0.365927,0.24776,-2635.022949
0.365927,0.24776,-2620.786865
0.364835,0.23821,-2635.829102
0.367761,0.242616,-2623.646973
0.367761,0.242616,-2629.035645
0.367761,0.242616,-2625.067383
0.367761,0.242616,-2624.636719
0.367761,0.242616,-2622.973389
0.367761,0.242616,-2632.449463
0.367761,0.242616,-2627.976318
0.367761,0.242616,-2631.220703
0.369662,0.235877,-2625.430908
0.369662,0.235877,-2625.346191
0.370494,0.22784,-2629.947998
0.37024,0.231372,-2625.310547
0.37024,0.231372,-2623.124023
0.37024,0.231372,-2625.000977
0.368794,0.224169,-2628.959473
0.368794,0.224169,-2625.35498
0.367838,0.231438,-2630.501465
0.367838,0.231438,-2622.018555
0.367838,0.231438,-2629.361572
0.367838,0.231438,-2634.862305
0.36842,0.226512,-2623.083496
0.36842,0.226512,-2623.653809
0.367583,0.224215,-2623.251465
0.367583,0.224215,-2624.852051
0.368073,0.23151,-2621.869629
0.368073,0.23151,-2627.852783
0.368073,0.23151,-2629.088867
0.368073,0.23151,-2626.21582
0.368073,0.23151,-2626.175293
0.368073,0.23151,-2627.0979
0.368073,0.23151,-2630.348633
0.368073,0.23151,-2626.632812
0.365449,0.230635,-2625.948242
0.363202,0.241917,-2634.454834
0.363202,0.241917,-2624.460693
0.361515,0.24333,-2621.045166
0.359764,0.242558,-2629.408691
0.355902,0.247387,-2631.140137
0.355902,0.247387,-2639.978516
0.355902,0.247387,-2629.864258
0.35932,0.255041,-2631.430176
0.35932,0.255041,-2629.216309
0.358215,0.241849,-2628.799805
0.358215,0.241849,-2641.856445
0.362291,0.239359,-2636.043457
0.363935,0.249676,-2628.708008
0.363935,0.249676,-2636.744629
0.362668,0.23993,-2636.421875
0.362668,0.23993,-2620.995605
0.362668,0.23993,-2625.394043
0.362668,0.23993,-2626.33374
0.362668,0.23993,-2636.56543
0.362668,0.23993,-2626.342285
0.362668,0.23993,-2630.678467
0.360977,0.248853,-2625.935547
0.364907,0.23273,-2628.202637
0.361909,0.230391,-2620.349121
0.361909,0.230391,-2640.744141
0.360806,0.224234,-2636.079102
0.358768,0.220053,-2629.57373
0.358768,0.220053,-2628.732178
0.359365,0.201459,-2630.454102
0.359365,0.201459,-2645.326416
0.360355,0.210788,-2632.044434
0.360355,0.210788,-2641.29248
0.358768,0.20774,-2628.102539
0.358768,0.20774,-2626.249023
0.358768,0.20774,-2632.494873
0.361278,0.217123,-2641.491211
0.361278,0.217123,-2643.80542
0.361278,0.217123,-2629.444336
0.361278,0.217123,-2627.424561
0.362365,0.22137,-2637.0896
0.360298,0.215575,-2638.533691
0.359657,0.219668,-2636.956299
0.359657,0.219668,-2628.060547
0.366242,0.217354,-2629.834961
0.366062,0.218078,-2627.949219
0.366062,0.218078,-2630.441895
0.366062,0.218078,-2633.099609
0.365572,0.220091,-2628.861816
0.36812,0.226303,-2633.989746
0.364629,0.226243,-2623.250488
0.368768,0.213429,-2627.129395
0.366726,0.207471,-2627.163086
0.371476,0.206162,-2626.834961
0.371476,0.206162,-2626.552734
0.375109,0.207202,-2630.229248
0.374838,0.21452,-2626.890625
0.379705,0.215989,-2627.022461
0.377588,0.226264,-2627.990723
0.378292,0.221358,-2628.260986
0.37425,0.229715,-2627.373047
0.37425,0.229715,-2625.14624
0.376585,0.214784,-2627.768066
0.3738,0.209166,-2626.119141
0.375958,0.2047,-2629.157227
0.375958,0.2047,-2628.717773
0.372094,0.210029,-2626.613037
0.372094,0.210029,-2627.322266
0.372284,0.207454,-2628.980713
0.374766,0.205476,-2630.657715
0.374731,0.197468,-2628.424316
0.374731,0.197468,-2631.830566
0.378428,0.196544,-2631.856445
0.379444,0.194469,-2630.831055
0.37926,0.193774,-2632.707275
0.378315,0.185866,-2634.937256
0.378169,0.182571,-2633.665527
0.377662,0.186659,-2633.509766
0.378229,0.191467,-2631.122559
0.376111,0.190671,-2632.331543
0.376111,0.190671,-2630.412598
0.378472,0.19612,-2631.994141
0.377104,0.199364,-2630.688965
0.377541,0.200066,-2629.697754
0.376062,0.197922,-2632.096436
0.376062,0.197922,-2630.30127
0.376062,0.197922,-2630.418945
0.378534,0.193707,-2630.245605
0.381006,0.198951,-2631.381592
0.384536,0.204556,-2631.049805
0.387362,0.205074,-2631.758789
0.386011,0.211582,-2631.439453
0.385338,0.211972,-2630.644775
0.383258,0.210797,-2629.503418
0.384492,0.22119,-2629.520996
0.384064,0.22525,-2629.472168
0.382342,0.215608,-2630.266846
0.381519,0.216596,-2629.055176
0.381519,0.216596,-2629.385742
0.382466,0.213699,-2631.031006
0.382466,0.213699,-2628.282715
0.379608,0.217927,-2628.230713
0.376631,0.225826,-2627.067139
0.376616,0.233676,-2627.225586
0.376493,0.245261,-2625.756348
0.377668,0.236421,-2627.52832
0.375932,0.244015,-2624.983643
0.376056,0.248092,-2626.618408
0.376056,0.248092,-2624.730469
0.376056,0.248092,-2625.74707
0.378,0.251174,-2627.654541
0.378,0.251174,-2626.864746
0.377326,0.259873,-2626.84082
0.377326,0.259873,-2626.01123
0.378091,0.261102,-2628.305664
0.381125,0.26618,-2628.402832
0.381125,0.26618,-2628.176025
0.377084,0.268546,-2628.145264
0.375791,0.285574,-2628.808594
0.374933,0.289166,-2630.236572
0.374933,0.289166,-2632.935303
0.375554,0.292092,-2628.362305
0.376727,0.286428,-2628.897461
0.37536,0.280671,-2628.621094
0.381243,0.282112,-2629.026855
0.381243,0.282112,-2629.668213
0.384491,0.287574,-2631.492676
0.384491,0.287574,-2631.329834
0.387105,0.28353,-2632.678711
0.386099,0.277189,-2631.570312
0.382034,0.283369,-2630.897949
0.382034,0.283369,-2630.783691
0.382034,0.283369,-2630.913086
0.379922,0.285489,-2629.528809
0.374728,0.289868,-2628.097412
0.372907,0.292713,-2629.474609
0.372907,0.292713,-2628.714844
0.370737,0.291009,-2626.498291
0.373129,0.290037,-2628.231445
0.373148,0.28972,-2631.515869
0.373148,0.28972,-2629.628662
0.373148,0.28972,-2627.30127
0.372791,0.287308,-2627.464355
0.372791,0.287308,-2626.496094
0.372791,0.287308,-2627.121582
0.372791,0.287308,-2631.470215
0.368676,0.279269,-2625.306641
0.369548,0.281781,-2629.068848
0.369548,0.281781,-2633.781006
0.369548,0.281781,-2626.284912
0.369548,0.281781,-2626.503662
0.368092,0.278119,-2627.587891
0.368092,0.278119,-2624.783447
0.370358,0.274307,-2625.638672
0.372907,0.284288,-2626.171387
0.372907,0.284288,-2628.231689
0.372907,0.284288,-2625.93457
0.37392,0.275692,-2628.175049
0.37392,0.275692,-2625.468506
0.380658,0.275538,-2630.481689
0.380199,0.272154,-2628.037598
0.376027,0.271986,-2627.554199
0.376027,0.271986,-2626.817383
0.372192,0.268767,-2628.106934
0.373129,0.265922,-2625.827881
0.373129,0.265922,-2625.796875
0.375583,0.267252,-2625.960449
0.375295,0.268292,-2627.802734
0.380189,0.268256,-2628.017578
0.380189,0.268256,-2628.171387
0.380189,0.268256,-2628.70459
0.377654,0.276583,-2628.182373
0.3736,0.279203,-2628.095947
0.372243,0.283286,-2625.467285
0.372243,0.283286,-2626.834229
0.372243,0.283286,-2628.007324
0.372243,0.283286,-2631.176025
0.373196,0.27368,-2629.355469
0.373196,0.27368,-2627.707031
0.373196,0.27368,-2628.276123
0.373196,0.27368,-2626.105469
0.373196,0.27368,-2626.062012
0.368798,0.273996,-2624.035645
0.368798,0.273996,-2625.140381
0.369548,0.274066,-2624.681152
0.369548,0.274066,-2624.836426
0.369548,0.274066,-2627.155762
0.369548,0.274066,-2625.388672
0.369548,0.274066,-2631.473145
0.369548,0.274066,-2624.074219
0.369548,0.274066,-2631.519531
0.37052,0.273127,-2635.752441
0.371399,0.2656,-2624.34668
0.371399,0.2656,-2625.998047
0.368594,0.273106,-2627.425781
0.36701,0.287429,-2632.68042
0.370977,0.285535,-2633.303711
0.370977,0.285535,-2625.550537
0.372376,0.284538,-2628.345215
0.371475,0.282664,-2629.034668
0.371475,0.282664,-2625.353516
0.369215,0.272468,-2625.070801
0.369215,0.272468,-2628.875244
0.369215,0.272468,-2629.897705
0.369215,0.272468,-2621.980957
0.368578,0.281324,-2624.924316
0.37589,0.28668,-2627.779785
0.3771,0.286446,-2627.507812
0.374721,0.278757,-2627.22168
0.37576,0.278484,-2627.805176
0.373726,0.268201,-2626.055176
0.373542,0.266581,-2627.527832
0.375977,0.25874,-2626.303223
0.377275,0.258391,-2627.315186
0.377275,0.258391,-2625.738037
0.375585,0.252544,-2626.391113
0.375585,0.252544,-2626.6875
0.377814,0.257825,-2625.679199
0.377814,0.257825,-2625.495605
0.380554,0.253731,-2624.938965
0.379159,0.252284,-2627.539795
0.379159,0.252284,-2626.932861
0.378256,0.255357,-2627.42627
0.378435,0.256126,-2627.091797
0.382271,0.257998,-2628.518555
0.382271,0.257998,-2629.544922
0.383593,0.25176,-2626.566406
0.380736,0.245669,-2627.195801
0.380736,0.245669,-2628.800781
0.383616,0.255511,-2629.251465
0.386247,0.253126,-2628.657715
0.386247,0.253126,-2628.423828
0.384324,0.255003,-2627.369385
0.384324,0.255003,-2628.944824
0.382312,0.251343,-2628.510254
0.382312,0.251343,-2628.194336
0.382312,0.251343,-2627.733398
0.382312,0.251343,-2626.15332
0.38308,0.248596,-2627.75293
0.379854,0.25112,-2626.665527
0.379854,0.25112,-2626.467773
0.379854,0.25112,-2626.824951
0.379854,0.25112,-2625.989258
0.381874,0.25503,-2628.921387
0.381874,0.25503,-2627.962891
0.385956,0.236967,-2629.102539
0.385897,0.23326,-2629.39209
0.385897,0.23326,-2629.375488
0.385855,0.233488,-2628.5896
0.383558,0.229992,-2629.235107
0.384257,0.23491,-2628.178711
0.385567,0.242934,-2629.276611
0.384855,0.233836,-2629.663086
0.386086,0.225597,-2629.869629
0.386086,0.225597,-2629.773926
0.384242,0.219148,-2629.42627
0.385332,0.21409,-2631.069824
0.383645,0.21644,-2630.391602
0.379441,0.218677,-2628.259033
0.379441,0.218677,-2628.40918
0.37869,0.226567,-2627.854492
0.377086,0.226935,-2625.69043
0.378358,0.236195,-2626.71167
0.376991,0.229285,-2626.14624
0.372395,0.228844,-2623.826172
0.373908,0.225878,-2630.882324
0.375355,0.225278,-2626.683105
0.375355,0.225278,-2628.167969
0.378506,0.223917,-2626.500488
0.375813,0.228887,-2627.821289
0.375813,0.23098,-2626.5896
0.375813,0.23098,-2625.802002
0.372736,0.231803,-2626.046387
0.372736,0.231803,-2624.28833
0.368772,0.234897,-2624.747559
0.370259,0.238107,-2622.915039
0.372474,0.233588,-2624.667969
0.372474,0.233588,-2623.946533
0.368182,0.238159,-2626.387695
0.368182,0.238159,-2623.721191
0.372645,0.236535,-2625.575195
0.372645,0.236535,-2623.7771
0.378994,0.230803,-2626.833252
0.380717,0.232745,-2627.890137
0.383929,0.219597,-2629.074707
0.383929,0.219597,-2629.722168
0.385807,0.216219,-2629.725098
0.385308,0.211042,-2630.946533
0.385308,0.211042,-2631.08374
0.385308,0.211042,-2629.788086
0.382936,0.219652,-2629.180664
0.382936,0.219652,-2629.007812
0.382936,0.219652,-2629.126221
0.38108,0.220892,-2629.433105
0.38108,0.220892,-2627.697266
0.377438,0.219655,-2626.695312
0.377308,0.233229,-2627.135254
0.378075,0.226582,-2627.824219
0.375954,0.221441,-2626.86084
0.37483,0.221593,-2626.425537
0.37483,0.221593,-2627.571289
0.374504,0.221489,-2628.485107
0.374504,0.221489,-2628.03125
0.373122,0.221216,-2625.989258
0.37235,0.225785,-2626.942871
0.37318,0.230408,-2623.804199
0.37318,0.230408,-2624.818604
0.37318,0.230408,-2626.396973
0.374048,0.226854,-2626.420898
0.374048,0.226854,-2626.011719
0.374048,0.226854,-2627.308838
0.372974,0.232528,-2625.930664
0.375253,0.236968,-2624.751953
0.375253,0.236968,-2625.415771
0.376191,0.230965,-2624.845703
0.372076,0.23318,-2628.097656
0.367342,0.229892,-2632.745117
0.363226,0.219915,-2626.689453
0.363401,0.217253,-2627.670898
0.365073,0.217665,-2633.691406
0.37139,0.230184,-2625.12793
0.372348,0.235369,-2632.294189
0.372348,0.235369,-2625.257568
0.369392,0.238315,-2624.51416
0.371349,0.236143,-2624.148926
0.369533,0.233167,-2636.140869
0.371882,0.232013,-2625.065674
0.371882,0.232013,-2623.847656
0.371882,0.232013,-2624.82666
0.371882,0.232013,-2624.765625
0.372975,0.229896,-2624.641602
0.372746,0.229007,-2624.724609
0.376286,0.23907,-2626.885986
0.378003,0.23005,-2626.697021
0.374543,0.228898,-2626.715332
0.374543,0.228898,-2626.031006
0.374924,0.21973,-2627.203857
0.377262,0.223258,-2626.313965
0.377262,0.223258,-2627.48584
0.377262,0.223258,-2625.706543
0.377262,0.223258,-2627.166504
0.375137,0.226193,-2626.736572
0.374186,0.224049,-2626.727539
0.374186,0.224049,-2626.793457
0.37406,0.228376,-2625.62793
0.375879,0.23887,-2625.108887
0.375879,0.23887,-2625.455322
0.375363,0.23528,-2625.401855
0.375363,0.23528,-2625.648926
0.376606,0.245819,-2625.550537
0.375628,0.239353,-2624.717285
0.375242,0.241118,-2624.578613
0.372623,0.23844,-2626.81958
0.373743,0.230538,-2625.393555
0.373743,0.230538,-2626.327393
0.373743,0.230538,-2625.873047
0.373743,0.230538,-2625.799316
0.376852,0.223621,-2628.334717
0.375822,0.221201,-2627.618408
0.373143,0.213973,-2626.560547
0.373143,0.213973,-2625.733887
0.372041,0.226679,-2625.699219
0.371876,0.230894,-2627.791504
0.371876,0.230894,-2625.914551
0.371876,0.230894,-2623.861084
0.373772,0.236029,-2624.490234
0.370627,0.242359,-2626.978271
0.370627,0.242359,-2623.705078
0.367675,0.232725,-2624.51709
0.367675,0.232725,-2630.137207
0.369892,0.235974,-2625.317383
0.366948,0.241975,-2629.212402
0.364638,0.230269,-2626.129639
0.363538,0.234081,-2630.988525
0.363538,0.234081,-2629.736328
0.366518,0.228322,-2637.703613
0.366197,0.221323,-2628.958984
0.366197,0.221323,-2627.472656
0.366197,0.221323,-2622.932861
0.370265,0.228193,-2624.183105
0.365052,0.226663,-2625.597168
0.362708,0.211871,-2633.293945
0.362708,0.211871,-2625.436035
0.356317,0.215337,-2628.263672
0.356317,0.215337,-2648.053711
0.356317,0.215337,-2647.0896
0.360349,0.202734,-2651.528809
0.360349,0.202734,-2626.645752
0.357545,0.19994,-2630.315186
0.354735,0.198266,-2630.989258
0.352771,0.201956,-2656.854004
0.352771,0.201956,-2639.693848
0.352771,0.201956,-2643.833496
0.352745,0.198205,-2641.129395
0.352745,0.198205,-2644.191406
0.355244,0.200332,-2653.59668
0.355835,0.196826,-2640.829834
0.35669,0.198239,-2631.147705
0.35669,0.198239,-2648.20874
0.35669,0.198239,-2644.401611
0.35524,0.199687,-2628.639648
0.353353,0.212426,-2653.233398
0.355192,0.224972,-2646.711914
0.355192,0.224972,-2631.263916
0.35599,0.221965,-2639.391846
0.359949,0.227183,-2628.350586
0.361879,0.223591,-2627.705566
0.359821,0.219746,-2631.925293
0.359821,0.219746,-2631.591064
0.359892,0.223945,-2634.599121
0.359892,0.223945,-2629.126953
0.359892,0.223945,-2634.354492
0.359892,0.223945,-2632.26709
0.363102,0.234038,-2637.625244
0.363102,0.234038,-2626.98877
0.359683,0.234959,-2628.435547
0.359683,0.234959,-2632.224609
0.361707,0.240668,-2621.147949
0.358515,0.251756,-2631.523682
0.358515,0.251756,-2629.002441
0.358515,0.251756,-2626.722168
0.361256,0.247538,-2622.712402
0.358999,0.234794,-2620.548096
0.358999,0.234794,-2637.205566
0.355706,0.235481,-2630.702148
0.355706,0.235481,-2622.687256
0.355706,0.235481,-2636.746094
0.355706,0.235481,-2633.842285
0.356739,0.236686,-2636.840332
0.358969,0.235392,-2638.028809
0.35904,0.229272,-2626.066895
0.360772,0.234851,-2630.21875
0.360772,0.234851,-2627.051025
0.357806,0.240711,-2645.18042
0.359753,0.236047,-2619.811035
0.358448,0.239963,-2619.947021
0.358448,0.239963,-2623.779053
0.356135,0.254499,-2632.700439
0.355886,0.260593,-2629.716309
0.355888,0.257346,-2641.888184
0.355888,0.257346,-2652.768066
0.355888,0.257346,-2640.414551
0.357823,0.257557,-2637.295898
0.357823,0.257557,-2637.523438
0.355326,0.261609,-2634.088379
0.355326,0.261609,-2642.995117
0.358686,0.263696,-2624.253906
0.361587,0.256375,-2634.292236
0.35978,0.2589,-2624.32373
0.35978,0.2589,-2630.328613
0.35373,0.257899,-2638.889893
0.35373,0.257899,-2629.57959
0.35373,0.257899,-2639.914062
0.35373,0.257899,-2650.300293
0.353332,0.266727,-2665.473877
0.353332,0.266727,-2643.32959
0.353332,0.266727,-2644.057129
0.352509,0.276773,-2642.581543
0.353209,0.271138,-2650.976074
0.34922,0.260657,-2628.607178
0.34922,0.260657,-2669.57959
0.350793,0.273353,-2648.019043
0.350793,0.273353,-2635.146973
0.349403,0.27426,-2671.216309
0.349403,0.27426,-2653.533691
0.349685,0.270894,-2654.35083
0.353813,0.278723,-2633.937012
0.353813,0.278723,-2638.277588
0.353813,0.278723,-2651.241211
0.356297,0.274151,-2642.086914
0.356297,0.274151,-2644.200684
0.356063,0.265081,-2619.121582
0.353445,0.262472,-2635.632812
0.353495,0.268569,-2645.014648
0.353495,0.268569,-2636.396973
0.353495,0.268569,-2653.136719
0.356979,0.26964,-2655.260986
0.356979,0.26964,-2631.495117
0.356979,0.26964,-2624.2229
0.358737,0.260831,-2631.618652
0.358737,0.260831,-2630.193848
0.358737,0.260831,-2629.507324
0.35717,0.260709,-2630.249268
0.35717,0.260709,-2648.080322
0.35717,0.260709,-2634.221436
0.35717,0.260709,-2632.501953
0.362278,0.253839,-2641.379883
0.361503,0.255541,-2631.45752
0.361503,0.255541,-2641.957275
0.363771,0.243254,-2642.340332
0.363771,0.243254,-2621.356934
0.363771,0.243254,-2635.759766
0.363661,0.234062,-2622.863525
0.363661,0.234062,-2626.321777
0.36214,0.229432,-2628.591309
0.36214,0.229432,-2625.571533
0.36214,0.229432,-2630.17627
0.36214,0.229432,-2626.805908
0.367304,0.21554,-2622.493164
0.371146,0.212224,-2636.164795
0.369815,0.219594,-2626.192383
0.369815,0.219594,-2624.544922
0.369815,0.219594,-2628.689941
0.369815,0.219594,-2624.199707
0.369815,0.219594,-2626.915527
0.376669,0.224326,-2626.754395
0.375002,0.225068,-2626.135254
0.375002,0.225068,-2626.419434
0.37041,0.229449,-2622.984375
0.374166,0.223677,-2626.741699
0.374166,0.223677,-2625.571289
0.374166,0.223677,-2626.905762
0.374166,0.223677,-2626.924072
0.374166,0.223677,-2626.776855
0.375765,0.232763,-2625.650879
0.373419,0.230848,-2626.217285
0.374149,0.246084,-2624.981934
0.374334,0.258552,-2627.250488
0.373624,0.264879,-2625.394043
0.374861,0.264157,-2627.285156
0.37648,0.265605,-2625.791992
0.37648,0.265605,-2628.631836
0.379617,0.261911,-2627.939209
0.379617,0.261911,-2627.226562
0.379617,0.261911,-2625.872559
0.379617,0.261911,-2627.476074
0.377007,0.263045,-2627.823242
0.377007,0.263045,-2626.678223
0.377007,0.263045,-2627.038574
0.377583,0.265768,-2629.783203
0.377583,0.265768,-2626.867676
0.376152,0.264087,-2627.612549
0.376152,0.264087,-2626.345947
0.375903,0.263995,-2625.478027
0.375903,0.263995,-2625.637695
0.375903,0.263995,-2627.003662
0.375903,0.263995,-2625.423828
0.376216,0.255545,-2627.370117
0.377946,0.254156,-2626.92627
0.377946,0.254156,-2624.720215
0.376138,0.263032,-2627.632324
0.374711,0.261889,-2625.168457
0.3713,0.264896,-2624.318604
0.3713,0.264896,-2625.148926
0.3713,0.264896,-2630.776367
0.369598,0.255055,-2623.551514
0.367318,0.260629,-2624.755859
0.367948,0.264875,-2635.836426
0.367895,0.26961,-2623.77002
0.367895,0.26961,-2624.865723
0.367895,0.26961,-2628.123535
0.366287,0.265993,-2628.140381
0.366339,0.26867,-2622.73877
0.367402,0.275593,-2633.54834
0.364985,0.272768,-2623.280518
0.365524,0.272265,-2629.445312
0.36797,0.266342,-2625.563232
0.366957,0.270006,-2624.408691
0.366957,0.270006,-2628.446777
0.369135,0.275052,-2635.578857
0.371041,0.267813,-2628.776611
0.371041,0.267813,-2624.484375
0.372458,0.260415,-2628.288818
0.373791,0.253432,-2626.388428
0.37291,0.251779,-2625.36377
0.369968,0.254148,-2624.660645
0.369968,0.254148,-2625.834961
0.369733,0.245844,-2627.490723
0.371901,0.235778,-2625.929199
0.371635,0.233426,-2623.804688
0.372793,0.237706,-2625.527832
0.371967,0.24321,-2625.712402
0.371967,0.24321,-2630.143555
0.371967,0.24321,-2623.878906
0.370522,0.246361,-2625.19043
0.370522,0.246361,-2623.593018
0.365922,0.241694,-2625.135742
0.364128,0.243095,-2633.125977
0.366377,0.240002,-2634.369629
0.366377,0.240002,-2630.469238
0.367116,0.235171,-2626.647461
0.370334,0.238873,-2624.778564
0.370334,0.238873,-2622.68042
0.369984,0.236106,-2622.785156
0.369984,0.236106,-2629.085938
0.36983,0.251374,-2623.005371
0.36983,0.251374,-2625.829102
0.371978,0.246929,-2623.858398
0.371978,0.246929,-2624.167236
0.371978,0.246929,-2624.825684
0.373376,0.241766,-2626.821289
0.3707,0.239235,-2626.825684
0.3707,0.239235,-2622.755371
0.372089,0.233005,-2627.530762
0.373998,0.230191,-2624.509521
0.373998,0.230191,-2625.680664
0.373998,0.230191,-2625.040527
0.373998,0.230191,-2624.54541
0.373998,0.230191,-2623.925781
0.376186,0.237155,-2627.699219
0.376186,0.237155,-2625.730225
0.376186,0.237155,-2626.952393
0.377368,0.239585,-2628.10791
0.377581,0.239914,-2626.897949
0.376456,0.247758,-2626.061035
0.375231,0.234116,-2623.834961
0.376421,0.231999,-2626.517822
0.376421,0.231999,-2627.270508
0.379408,0.232635,-2628.091309
0.381025,0.238809,-2627.810059
0.380446,0.237036,-2627.469238
0.382676,0.244844,-2627.47168
0.382676,0.244844,-2628.233398
0.3853,0.244675,-2628.039551
0.385612,0.247669,-2629.411133
0.387706,0.251592,-2629.936523
0.386485,0.260824,-2629.914551
0.38529,0.266143,-2629.807129
0.383104,0.271647,-2629.978027
0.383104,0.271647,-2629.470947
0.383104,0.271647,-2628.379639
0.385373,0.267936,-2629.754395
0.384434,0.268917,-2628.54834
0.384434,0.268917,-2629.343262
0.384434,0.268917,-2629.12793
0.384305,0.265584,-2630.476074
0.381253,0.267627,-2628.241211
0.379714,0.269727,-2627.961914
0.377123,0.268905,-2626.845215
0.374068,0.270276,-2625.137451
0.373794,0.268707,-2631.574951
0.375368,0.276457,-2627.834717
0.373486,0.278378,-2626.798828
0.373486,0.278378,-2626.033447
0.373486,0.278378,-2626.200195
0.373805,0.277553,-2627.504395
0.373805,0.277553,-2627.1521
0.373805,0.277553,-2624.581055
0.371194,0.28214,-2626.013672
0.371194,0.28214,-2626.774902
0.371194,0.28214,-2627.598633
0.371569,0.291601,-2630.538818
0.371569,0.291601,-2630.962402
0.371569,0.291601,-2628.740723
0.371569,0.291601,-2629.954102
0.372094,0.291487,-2626.625
0.372094,0.291487,-2630.6875
0.37238,0.282144,-2628.824219
0.37631,0.28245,-2627.509521
0.376629,0.280382,-2632.405273
0.376629,0.280382,-2629.063965
0.379308,0.283352,-2629.640625
0.379308,0.283352,-2629.112549
0.382068,0.287298,-2629.741211
0.382068,0.287298,-2631.037598
0.384866,0.284597,-2631.24292
0.381543,0.278091,-2629.940918
0.380776,0.272296,-2628.652344
0.380868,0.263504,-2628.63623
0.380428,0.270243,-2628.322998
0.378421,0.271512,-2627.513672
0.378421,0.271512,-2627.322754
0.383162,0.271885,-2629.647949
0.383162,0.271885,-2628.531982
0.38377,0.257071,-2628.335205
0.383604,0.262081,-2627.530762
0.384189,0.251712,-2628.975098
0.384189,0.251712,-2628.752441
0.388877,0.254114,-2628.921631
0.388877,0.254114,-2630.995117
0.388877,0.254114,-2630.530273
0.388877,0.254114,-2629.817871
0.388877,0.254114,-2629.790039
0.38971,0.248143,-2630.282471
0.390174,0.253575,-2630.744141
0.387576,0.259019,-2630.252441
0.390635,0.26076,-2631.445312
0.390608,0.25558,-2630.723145
0.390395,0.252979,-2630.824219
0.388422,0.250874,-2629.765381
0.385936,0.249964,-2629.183105
0.385936,0.249964,-2629.839355
0.385936,0.249964,-2629.713623
0.38598,0.242559,-2630.676758
0.388822,0.23947,-2630.22583
0.386951,0.248875,-2630.544922
0.390405,0.248667,-2631.123047
0.390405,0.248667,-2630.634766
0.386859,0.248911,-2627.910156
0.386859,0.248911,-2627.783203
0.384532,0.245504,-2628.32373
0.384532,0.245504,-2627.671387
0.379891,0.248349,-2626.858643
0.376932,0.239563,-2626.930664
0.372917,0.23169,-2627.846924
0.373191,0.232666,-2626.527344
0.376449,0.23272,-2626.719727
0.376299,0.236321,-2626.285156
0.374868,0.235637,-2626.44873
0.371181,0.235231,-2625.435303
0.371457,0.229406,-2626.186523
0.371457,0.229406,-2625.182129
0.371457,0.229406,-2626.125
0.371457,0.229406,-2624.528076
0.371457,0.229406,-2623.680664
0.371575,0.231316,-2627.310547
0.371575,0.231316,-2626.800293
0.366469,0.228151,-2625.213379
0.370102,0.234021,-2625.186035
0.36955,0.234195,-2627.214844
0.370013,0.22748,-2632.421631
0.372452,0.228082,-2633.766113
0.372452,0.228082,-2625.967529
0.372452,0.228082,-2623.902344
0.372452,0.228082,-2626.751953
0.372452,0.228082,-2626.86084
0.372452,0.228082,-2625.088623
0.372452,0.228082,-2623.147461
0.372452,0.228082,-2626.632812
0.371535,0.221849,-2626.077393
0.371535,0.221849,-2624.967773
0.369639,0.217783,-2626.87085
0.369639,0.217783,-2628.339355
0.369639,0.217783,-2624.630859
0.371373,0.213732,-2624.649414
0.369533,0.20584,-2629.131348
0.369533,0.20584,-2626.697754
0.370064,0.20088,-2627.002441
0.37158,0.198146,-2629.441895
0.37158,0.198146,-2635.244385
0.375155,0.202519,-2627.425049
0.376693,0.203237,-2630.532227
0.379686,0.209633,-2628.787598
0.376089,0.215208,-2628.310059
0.376089,0.215208,-2626.617188
0.375618,0.219928,-2625.678711
0.371426,0.225016,-2625.834717
0.371426,0.225016,-2623.835205
0.371426,0.225016,-2623.864746
0.371426,0.225016,-2628.697266
0.371212,0.221908,-2624.633057
0.371212,0.221908,-2631.929199
0.372308,0.221805,-2623.678223
0.372308,0.221805,-2623.365234
0.36898,0.214314,-2624.526611
0.36898,0.214314,-2625.873047
0.364662,0.207521,-2622.423828
0.363888,0.211234,-2634.37793
0.365943,0.216632,-2635.610596
0.365943,0.216632,-2631.570312
0.365943,0.216632,-2626.924316
0.365943,0.216632,-2631.904297
0.362363,0.215894,-2633.861816
0.367703,0.212772,-2629.386475
0.371533,0.211949,-2627.605469
0.371533,0.211949,-2625.161865
0.369957,0.225604,-2625.462891
0.369957,0.225604,-2625.675781
0.369957,0.225604,-2628.483398
0.370535,0.233407,-2628.413086
0.370535,0.233407,-2623.443848
0.370535,0.233407,-2630.000977
0.370535,0.233407,-2623.772217
0.365166,0.224724,-2636.595215
0.368078,0.220362,-2631.424805
0.371514,0.224007,-2625.959961
0.369598,0.230659,-2622.908691
0.372421,0.23431,-2630.111328
0.370343,0.235659,-2627.001953
0.368415,0.246506,-2624.446777
0.367841,0.241964,-2622.743408
0.369717,0.250186,-2628.929688
0.366296,0.248437,-2623.141113
0.369856,0.249349,-2626.849121
0.369599,0.249266,-2630.712402
0.368566,0.250233,-2623.022461
0.368095,0.256777,-2627.357178
0.366849,0.250985,-2627.265137
0.366849,0.250985,-2624.395996
0.365693,0.248539,-2633.757324
0.369187,0.251067,-2622.256104
0.367688,0.246264,-2623.911133
0.367688,0.246264,-2627.552246
0.367688,0.246264,-2627.863281
0.367688,0.246264,-2630.338867
0.367688,0.246264,-2634.658447
0.363175,0.235762,-2624.668701
0.363175,0.235762,-2624.414551
0.362159,0.235797,-2624.303711
0.365776,0.242767,-2633.124023
0.365776,0.242767,-2625.147461
0.365776,0.242767,-2623.950928
0.365776,0.242767,-2621.9104
0.365964,0.246597,-2626.403564
0.372043,0.247465,-2623.910645
0.372043,0.247465,-2628.148682
0.372043,0.247465,-2626.774658
0.373181,0.250287,-2627.405273
0.373412,0.240888,-2627.721191
0.373283,0.239883,-2625.043945
0.373283,0.239883,-2627.308594
0.373283,0.239883,-2625.664307
0.373283,0.239883,-2624.246582
0.372104,0.255812,-2625.280762
0.372104,0.255812,-2628.071777
0.372104,0.255812,-2626.99585
0.372104,0.255812,-2625.315918
0.372296,0.256232,-2626.128418
0.372296,0.256232,-2627.884766
0.369708,0.250037,-2627.632812
0.369708,0.250037,-2625.978516
0.369708,0.250037,-2622.501953
0.369708,0.250037,-2622.815918
0.368717,0.253554,-2629.467285
0.364218,0.240568,-2627.958984
0.368127,0.234822,-2628.59375
0.366354,0.239469,-2629.76001
0.366421,0.236608,-2628.832275
0.363682,0.243487,-2636.905762
0.363682,0.243487,-2629.321289
0.363682,0.243487,-2630.056396
0.362939,0.245901,-2644.024658
0.362939,0.245901,-2625.80127
0.362939,0.245901,-2630.71582
0.362939,0.245901,-2636.881836
0.361678,0.254633,-2627.035156
0.362211,0.251841,-2630.53125
0.363029,0.266766,-2636.753418
0.365877,0.259413,-2622.090088
0.365877,0.259413,-2620.725586
0.365877,0.259413,-2625.833984
0.364537,0.262706,-2625.375732
0.36781,0.256513,-2628.358398
0.36781,0.256513,-2623.244141
0.367838,0.252712,-2627.158447
0.367838,0.252712,-2626.405029
0.370351,0.256781,-2624.287354
0.370351,0.256781,-2626.644043
0.371181,0.243873,-2625.248535
0.371181,0.243873,-2625.552734
0.371181,0.243873,-2626.84082
0.372785,0.235407,-2624.300781
0.37214,0.234196,-2623.951172
0.37214,0.234196,-2625.209473
0.370607,0.228767,-2623.736816
0.370607,0.228767,-2624.271973
0.372064,0.227931,-2627.489258
0.372064,0.227931,-2623.387207
0.373619,0.230345,-2624.964844
0.3701,0.220772,-2627.260254
0.371432,0.226725,-2627.797607
0.370627,0.23366,-2628.18335
0.369092,0.236798,-2622.697266
0.368147,0.253514,-2628.999023
0.368147,0.253514,-2626.112061
0.368147,0.253514,-2624.526123
0.368147,0.253514,-2633.193604
0.368147,0.253514,-2626.822021
0.368511,0.249336,-2624.96582
0.367652,0.246078,-2625.164062
0.367652,0.246078,-2626.293945
0.367985,0.242147,-2622.833496
0.368532,0.242306,-2628.893066
0.368532,0.242306,-2625.505371
0.364949,0.237834,-2623.486816
0.364876,0.235064,-2627.501221
0.364876,0.235064,-2623.727295
0.364611,0.242941,-2636.812988
0.364611,0.242941,-2634.668213
0.364611,0.242941,-2622.044434
0.362624,0.246334,-2621.722656
0.362624,0.246334,-2624.770508
0.36701,0.244805,-2623.441162
0.36701,0.244805,-2625.749512
0.366674,0.243122,-2627.188721
0.369033,0.241311,-2623.709961
0.369033,0.241311,-2623.534424
0.369654,0.245233,-2627.06665
0.372522,0.24709,-2624.809326
0.37406,0.247115,-2626.453857
0.377305,0.242884,-2626.960938
0.379158,0.240967,-2626.006836
0.379158,0.240967,-2626.534912
0.379158,0.240967,-2625.756836
0.382328,0.23858,-2628.869873
0.382328,0.23858,-2627.363281
0.379394,0.232565,-2627.42041
0.376314,0.240558,-2625.657471
0.376314,0.240558,-2627.015625
0.376572,0.24128,-2625.324707
0.375209,0.2459,-2625.346191
0.376589,0.254157,-2625.32959
0.376589,0.254157,-2626.373535
0.376116,0.254554,-2626.856445
0.374572,0.245902,-2631.136475
0.376069,0.242383,-2625.216797
0.374015,0.238446,-2624.186768
0.374079,0.229611,-2624.93457
0.37762,0.226594,-2627.031738
0.37762,0.226594,-2627.219238
0.377502,0.221912,-2625.897949
0.377502,0.221912,-2627.325928
0.374298,0.223904,-2625.999023
0.373026,0.216269,-2628.681641
0.373026,0.216269,-2627.379883
0.373026,0.216269,-2626.945312
0.373026,0.216269,-2626.121338
0.370665,0.212393,-2624.770996
0.370665,0.212393,-2625.930908
0.372439,0.212556,-2626.997314
0.374552,0.210859,-2626.210693
0.374552,0.210859,-2626.558105
0.374552,0.210859,-2626.30127
0.374992,0.212165,-2626.85791
0.374992,0.212165,-2627.198486
0.376831,0.21671,-2626.661621
0.376831,0.21671,-2627.79541
0.378337,0.209811,-2628.761475
0.376982,0.208228,-2628.453125
0.374395,0.216732,-2626.256348
0.376745,0.213496,-2628.129395
0.376648,0.206338,-2628.612793
0.376648,0.206338,-2627.811035
0.376648,0.206338,-2628.902832
0.376648,0.206338,-2628.724365
0.378214,0.216377,-2627.170166
0.379857,0.214578,-2629.404053
0.376652,0.215413,-2628.925293
0.374804,0.219057,-2627.247314
0.37757,0.225696,-2628.083008
0.377195,0.224291,-2627.953125
0.379224,0.226096,-2627.488281
0.379224,0.226096,-2628.370117
0.379224,0.226096,-2626.366699
0.379508,0.228618,-2627.357422
0.379564,0.225189,-2628.628906
0.379564,0.225189,-2628.490967
0.379564,0.225189,-2626.998047
0.377058,0.217799,-2627.814453
0.374448,0.224366,-2626.362793
0.377079,0.222969,-2629.93457
0.379584,0.224638,-2627.873535
0.376947,0.222771,-2626.62793
0.377238,0.221299,-2626.693359
0.377092,0.232258,-2626.148438
0.38074,0.232368,-2630.172852
0.381098,0.230641,-2627.26709
0.379618,0.229369,-2629.500977
0.379618,0.229369,-2627.517334
0.379618,0.229369,-2626.275879
0.380791,0.228549,-2627.366943
0.379783,0.228276,-2628.229004
0.37888,0.245216,-2627.705078
0.379816,0.243363,-2627.330566
0.379816,0.243363,-2627.592773
0.379816,0.243363,-2626.320312
0.379816,0.243363,-2627.557617
0.379617,0.238343,-2628.121582
0.379617,0.238343,-2626.973877
0.378363,0.23988,-2626.215332
0.380382,0.236226,-2627.641602
0.380885,0.242274,-2627.12207
0.379115,0.244734,-2626.149658
0.379115,0.244734,-2626.425781
0.382548,0.243076,-2628.331543
0.382548,0.243076,-2627.571777
0.382548,0.243076,-2628.107178
0.386067,0.239628,-2628.820312
0.387391,0.244162,-2629.603516
0.389175,0.232846,-2629.612549
0.388461,0.241793,-2629.203613
0.389684,0.243153,-2630.387695
0.389684,0.243153,-2629.160645
0.391426,0.248929,-2631.354248
0.391408,0.249509,-2630.201416
0.392462,0.245452,-2631.314941
0.392462,0.245452,-2630.943115
0.390575,0.243835,-2631.335449
0.390582,0.253038,-2631.335449
0.389445,0.253639,-2630.790771
0.393166,0.259371,-2632.738281
0.391791,0.250326,-2631.515625
0.393489,0.247789,-2632.072754
0.393489,0.247789,-2630.811523
0.393489,0.247789,-2632.016113
0.391928,0.232514,-2632.090576
0.393824,0.241929,-2631.135498
0.393811,0.238206,-2631.998047
0.393811,0.238206,-2631.971191
0.393811,0.238206,-2632.077393
0.394536,0.23932,-2632.825684
0.391435,0.231069,-2631.659668
0.390366,0.233168,-2630.17627
0.388055,0.227287,-2631.35791
0.388055,0.227287,-2630.157227
0.386417,0.236214,-2629.006348
0.386417,0.236214,-2629.578613
0.386417,0.236214,-2629.824219
0.381758,0.242315,-2627.181152
0.380257,0.245837,-2628.075928
0.380257,0.245837,-2626.374268
0.37949,0.250162,-2627.584473
0.380737,0.246554,-2627.934082
0.382632,0.244165,-2627.790527
0.378192,0.236686,-2626.062988
0.378466,0.233347,-2626.66333
0.378466,0.233347,-2627.402344
0.377587,0.241483,-2627.158691
0.374988,0.240263,-2624.052734
0.37736,0.238015,-2625.116699
0.377122,0.227619,-2625.963135
0.375343,0.22529,-2627.026855
0.370721,0.226267,-2622.791748
0.369547,0.222395,-2625.365723
0.369547,0.222395,-2627.955322
0.373954,0.21568,-2625.06543
0.373954,0.21568,-2626.718262
0.375837,0.210657,-2627.757324
0.374139,0.213973,-2626.000732
0.37413,0.208976,-2627.750244
0.373218,0.208448,-2628.069824
0.370027,0.213366,-2630.785645
0.366856,0.215051,-2629.709473
0.366856,0.215051,-2626.820557
0.366311,0.21072,-2626.485352
0.365427,0.208741,-2625.86084
0.365427,0.208741,-2628.488281
0.365427,0.208741,-2634.688965
0.362341,0.202086,-2624.476807
0.363789,0.204678,-2627.662109
0.36482,0.21271,-2627.225586
0.367042,0.210103,-2631.904297
0.367042,0.210103,-2624.744385
0.364022,0.207766,-2626.49707
0.364022,0.207766,-2625.7854
0.364395,0.205672,-2636.162109
0.365988,0.200718,-2633.792969
0.365988,0.200718,-2639.585449
0.371109,0.20832,-2633.164062
0.369496,0.20635,-2628.684082
0.369496,0.20635,-2627.243408
0.369496,0.20635,-2628.032715
0.370521,0.20663,-2627.092529
0.370222,0.218568,-2624.041504
0.370222,0.218568,-2625.348633
0.369612,0.217968,-2623.532715
0.369612,0.217968,-2625.56543
0.370791,0.226079,-2629.063477
0.370791,0.226079,-2623.608154
0.366917,0.229719,-2622.822021
0.366917,0.229719,-2628.41748
0.366917,0.229719,-2632.129395
0.372956,0.222539,-2629.413574
0.372091,0.231768,-2628.925049
0.371455,0.241204,-2631.336426
0.371455,0.241204,-2622.395996
0.372166,0.238418,-2626.712158
0.372166,0.238418,-2623.970215
0.37611,0.243953,-2626.242676
0.373953,0.242755,-2625.352539
0.373953,0.242755,-2627.076172
0.373962,0.240464,-2624.377441
0.373962,0.240464,-2624.075439
0.370706,0.242095,-2624.360352
0.370706,0.242095,-2630.920898
0.370706,0.242095,-2627.611084
0.370706,0.242095,-2627.155273
0.370473,0.234833,-2628.091797
0.371908,0.227848,-2628.715088
0.372924,0.222967,-2625.171387
0.36916,0.23617,-2627.311035
0.36916,0.23617,-2625.452637
0.36916,0.23617,-2624.900391
0.367982,0.230808,-2626.796143
0.368575,0.232554,-2629.62793
0.368026,0.230168,-2628.501465
0.368026,0.230168,-2622.510742
0.365029,0.242087,-2621.692871
0.365029,0.242087,-2627.500977
0.365029,0.242087,-2624.267822
0.364507,0.245468,-2628.645264
0.364507,0.245468,-2638.293457
0.364151,0.256515,-2631.067871
0.364151,0.256515,-2621.041992
0.364786,0.254146,-2622.281738
0.367205,0.254137,-2628.198486
0.370479,0.247365,-2636.000488
0.370479,0.247365,-2624.039551
0.371521,0.250522,-2630.782227
0.371521,0.250522,-2624.789551
0.368804,0.239728,-2626.195557
0.369558,0.258703,-2624.964111
0.371356,0.264931,-2625.817871
0.373007,0.270534,-2634.440918
0.373007,0.270534,-2630.117188
0.373007,0.270534,-2625.827881
0.373007,0.270534,-2631.700195
0.372609,0.276477,-2625.820312
0.372609,0.276477,-2627.314453
0.374817,0.278611,-2626.436035
0.374817,0.278611,-2627.715332
0.372374,0.284335,-2627.166016
0.372374,0.284335,-2630.126465
0.372374,0.284335,-2625.389648
0.372374,0.284335,-2625.421875
0.373868,0.284574,-2627.94751
0.373868,0.284574,-2627.366211
0.37573,0.287448,-2628.054688
0.377357,0.279178,-2629.05127
0.380441,0.279912,-2628.565674
0.386721,0.270484,-2630.436523
0.386721,0.270484,-2630.541016
0.39107,0.267754,-2631.494141
0.391081,0.274044,-2632.347656
0.391081,0.274044,-2633.795654
0.391081,0.274044,-2632.867188
0.391081,0.274044,-2631.796875
0.391081,0.274044,-2631.514404
0.391293,0.279567,-2632.271973
0.390728,0.282453,-2632.343506
0.3898,0.274425,-2631.288086
0.390568,0.274266,-2631.98877
0.388157,0.273537,-2631.76709
0.38373,0.279036,-2630.84375
0.387048,0.284972,-2631.473145
0.387444,0.288111,-2632.482666
0.387444,0.288111,-2632.936035
0.387444,0.288111,-2632.589355
0.387512,0.2852,-2631.12085
0.387512,0.2852,-2631.321777
0.389361,0.293493,-2633.850586
0.397033,0.298503,-2637.203613
0.397033,0.298503,-2636.788574
0.40025,0.291392,-2637.815918
0.397208,0.297028,-2637.549805
0.397612,0.287467,-2635.976562
0.397612,0.287467,-2636.523926
0.397127,0.285495,-2633.901123
0.397511,0.267318,-2634.660645
0.395929,0.28497,-2634.737305
0.395626,0.288072,-2634.959473
0.392315,0.286518,-2633.246094
0.392315,0.286518,-2634.41333
0.389595,0.29374,-2634.02832
0.392269,0.297157,-2634.09375
0.390275,0.303433,-2635.545654
0.386461,0.30347,-2634.248779
0.386461,0.30347,-2634.285645
0.388689,0.295427,-2634.452148
0.388689,0.295427,-2632.94043
0.386065,0.293143,-2632.897705
0.386065,0.293143,-2632.973877
0.386065,0.293143,-2630.912598
0.386065,0.293143,-2632.394531
0.387873,0.290076,-2632.26416
0.385729,0.285659,-2631.530029
0.385729,0.285659,-2630.112305
0.385729,0.285659,-2631.280273
0.382923,0.2866,-2631.459961
0.382923,0.2866,-2629.97168
0.383046,0.286745,-2631.461426
0.385858,0.284256,-2630.230225
0.385858,0.284256,-2631.328369
0.389643,0.285198,-2633.102051
0.389643,0.285198,-2632.334473
0.390018,0.294013,-2633.730469
0.390241,0.289171,-2634.104004
0.390241,0.289171,-2634.75293
0.390239,0.272275,-2631.013672
0.390239,0.272275,-2632.00293
0.390239,0.272275,-2630.56543
0.388354,0.270147,-2631.339844
0.387843,0.273284,-2631.869873
0.383648,0.276304,-2629.57373
0.383648,0.276304,-2629.089111
0.383648,0.276304,-2627.513916
0.38456,0.27567,-2629.379883
0.381678,0.269936,-2630.140625
0.381678,0.269936,-2628.973633
0.381678,0.269936,-2629.941162
0.381678,0.269936,-2629.00708
0.379871,0.279614,-2627.794434
0.37648,0.283143,-2629.198242
0.37648,0.283143,-2628.233398
0.37648,0.283143,-2626.699707
0.376992,0.289108,-2627.623047
0.374425,0.284198,-2628.373779
0.374425,0.284198,-2629.9729
0.374425,0.284198,-2627.885742
0.379378,0.279339,-2629.813477
0.382697,0.28401,-2630.026123
0.378685,0.28635,-2628.845459
0.379485,0.29449,-2630.11377
0.378122,0.297072,-2629.282471
0.379629,0.286837,-2628.415039
0.375985,0.288004,-2630.073486
0.382284,0.290907,-2630.849365
0.382284,0.290907,-2630.906738
0.380774,0.280771,-2628.748047
0.379325,0.273253,-2627.188232
0.379325,0.273253,-2628.527832
0.373465,0.274381,-2625.675049
0.37321,0.27496,-2628.242432
0.376286,0.261934,-2625.128906
0.377514,0.264511,-2626.035645
0.377514,0.264511,-2627.299805
0.377514,0.264511,-2626.056641
0.377442,0.262908,-2627.285645
0.377442,0.262908,-2626.707031
0.377442,0.262908,-2627.097656
0.375412,0.260799,-2626.124512
0.375412,0.260799,-2626.372314
0.369794,0.267224,-2623.100586
0.369794,0.267224,-2623.901367
0.36693,0.26873,-2627.607422
0.365384,0.256246,-2625.296387
0.370213,0.253949,-2623.332031
0.37199,0.252606,-2624.58374
0.375174,0.25012,-2625.830811
0.375386,0.258022,-2625.191406
0.372248,0.255642,-2623.885254
0.367947,0.263505,-2622.230469
0.367947,0.263505,-2628.335449
0.367947,0.263505,-2628.324707
0.362897,0.264884,-2637.693359
0.362897,0.264884,-2628.899414
0.362897,0.264884,-2622.64209
0.364535,0.268802,-2620.421875
0.364535,0.268802,-2625.053955
0.365275,0.266593,-2625.32251
0.364801,0.265333,-2622.502441
0.370459,0.267888,-2629.42627
0.373782,0.263199,-2625.945801
0.371763,0.25528,-2623.717773
0.373972,0.256073,-2625.003174
0.373972,0.256073,-2624.954834
0.373972,0.256073,-2625.504395
0.373972,0.256073,-2628.743164
0.378347,0.256255,-2626.751953
0.381119,0.272165,-2629.83252
0.37953,0.276466,-2630.114258
0.378409,0.271481,-2627.910889
0.378409,0.271481,-2627.354004
0.37424,0.269684,-2625.02124
0.37424,0.269684,-2628.545898
0.37424,0.269684,-2626.055176
0.375138,0.266183,-2626.318115
0.376651,0.269199,-2626.837402
0.380265,0.266194,-2627.125488
0.380265,0.266194,-2628.339355
0.378231,0.26231,-2627.429443
0.375394,0.264207,-2625.585449
0.375928,0.268025,-2625.57959
0.374237,0.266523,-2625.888916
0.370911,0.263433,-2627.985352
0.370911,0.263433,-2624.805176
0.375627,0.266491,-2627.416992
0.376636,0.271859,-2627.171387
0.376636,0.271859,-2627.816895
0.378567,0.272866,-2627.439941
0.377927,0.268493,-2627.151855
0.378296,0.268817,-2628.37793
0.376743,0.284664,-2629.244141
0.379289,0.285811,-2628.69751
0.379745,0.288068,-2628.787109
0.379049,0.292347,-2630.418457
0.375982,0.29374,-2629.672607
0.375982,0.29374,-2628.875732
0.377504,0.286689,-2629.473877
0.377504,0.286689,-2628.68457
0.378193,0.279315,-2629.473633
0.378193,0.279315,-2628.094727
0.378193,0.279315,-2628.706787
0.378193,0.279315,-2628.032959
0.377637,0.278497,-2626.544922
0.37492,0.282415,-2628.919434
0.37492,0.282415,-2628.612061
0.37492,0.282415,-2628.25
0.375391,0.285054,-2628.174316
0.375391,0.285054,-2626.042969
0.372609,0.27597,-2625.171631
0.373735,0.27617,-2626.065186
0.3726,0.263788,-2625.871826
0.3726,0.263788,-2626.879883
0.375845,0.268189,-2626.558594
0.375845,0.268189,-2625.482178
0.375845,0.268189,-2626.305176
0.374566,0.277362,-2626.741211
0.374566,0.277362,-2626.855713
0.374566,0.277362,-2628.797607
0.373803,0.273833,-2626.060059
0.373803,0.273833,-2625.790771
0.371202,0.278763,-2626.352539
0.371202,0.278763,-2625.960449
0.371202,0.278763,-2627.359863
0.371782,0.280604,-2627.525391
0.371649,0.280911,-2625.411133
0.371649,0.280911,-2626.20166
0.371649,0.280911,-2626.285645
0.371649,0.280911,-2626.670654
0.373361,0.273976,-2627.447266
0.37301,0.280232,-2627.477051
0.372395,0.2736,-2625.862305
0.372395,0.2736,-2624.838135
0.372395,0.2736,-2629.718018
0.372395,0.2736,-2624.814941
0.372395,0.2736,-2625.297607
0.375116,0.272184,-2626.098633
0.375116,0.272184,-2625.971191
0.373313,0.274485,-2629.871582
0.370504,0.270821,-2624.791016
0.370504,0.270821,-2625.649414
0.372373,0.271391,-2629.30835
0.372373,0.271391,-2624.609863
0.369355,0.282458,-2633.469238
0.369355,0.282458,-2626.946045
0.369355,0.282458,-2628.035156
0.368771,0.287293,-2624.697754
0.373031,0.29891,-2628.723633
0.373031,0.29891,-2627.980469
0.374168,0.295477,-2629.306641
0.374168,0.295477,-2628.818115
0.37395,0.291331,-2627.20459
0.37395,0.291331,-2628.33252
0.37395,0.291331,-2627.312012
0.371401,0.29292,-2628.962891
0.371401,0.29292,-2630.342041
0.373027,0.287526,-2627.04541
0.369626,0.284624,-2636.897461
0.369626,0.284624,-2627.468994
0.369626,0.284624,-2626.484619
0.369626,0.284624,-2629.731201
0.369626,0.284624,-2632.162842
0.368856,0.282985,-2625.073486
0.368856,0.282985,-2625.626709
0.368856,0.282985,-2630.399414
0.368856,0.282985,-2628.208008
0.369482,0.285796,-2625.312988
0.369482,0.285796,-2625.70459
0.369062,0.282475,-2631.964355
0.371647,0.280812,-2628.131836
0.373056,0.275559,-2625.344727
0.370993,0.274834,-2623.858398
0.370993,0.274834,-2627.98877
0.369865,0.27409,-2630.520996
0.371105,0.274996,-2630.839355
0.372656,0.27334,-2628.677002
0.372651,0.275448,-2629.815918
0.374859,0.268405,-2626.230713
0.374859,0.268405,-2625.057617
0.376451,0.262838,-2625.750977
0.376451,0.262838,-2626.252686
0.375898,0.26628,-2627.503662
0.376434,0.265535,-2627.000488
0.378521,0.264959,-2627.529053
0.378521,0.264959,-2627.265625
0.378446,0.261694,-2626.588867
0.381,0.249343,-2628.036865
0.381,0.249343,-2628.04126
0.377169,0.246035,-2625.034424
0.377169,0.246035,-2626.034668
0.374055,0.245983,-2626.810059
0.374703,0.252192,-2625.303223
0.374703,0.252192,-2624.701904
0.374703,0.252192,-2624.714355
0.374703,0.252192,-2625.438232
0.373797,0.24941,-2624.665283
0.374305,0.24357,-2627.175781
0.373844,0.242736,-2624.790039
0.376059,0.228969,-2626.751221
0.376059,0.228969,-2627.39917
0.375974,0.234464,-2625.8479
0.375974,0.234464,-2627.245117
0.371027,0.23449,-2628.148438
0.372379,0.229081,-2627.39917
0.371984,0.235402,-2625.743896
0.371984,0.235402,-2623.747559
0.371579,0.249648,-2624.248535
0.369738,0.253262,-2623.57666
0.369738,0.253262,-2626.373535
0.367229,0.254962,-2622.822998
0.367229,0.254962,-2631.500488
0.367652,0.248156,-2621.817383
0.367652,0.248156,-2632.275146
0.367768,0.249548,-2624.335449
0.367768,0.249548,-2623.31543
0.367768,0.249548,-2628.525146
0.367768,0.249548,-2625.226562
0.367768,0.249548,-2631.253906
0.36859,0.249009,-2625.44873
0.36859,0.249009,-2624.178711
0.36859,0.249009,-2627.380859
0.36859,0.249009,-2623.253418
0.372009,0.251416,-2623.30957
0.372009,0.251416,-2625.913818
0.372009,0.251416,-2624.740723
0.372009,0.251416,-2628.36377
0.372009,0.251416,-2624.454834
0.372009,0.251416,-2627.213867
0.372009,0.251416,-2623.083252
0.375049,0.253435,-2625.647705
0.375049,0.253435,-2625.262695
0.375471,0.250818,-2623.686523
0.375471,0.250818,-2626.879639
0.375471,0.250818,-2624.998047
0.375537,0.244218,-2624.320801
0.375537,0.244218,-2626.542969
0.370546,0.241129,-2628.528809
0.371157,0.236982,-2623.891602
0.371157,0.236982,-2624.553223
0.371157,0.236982,-2623.256348
0.371157,0.236982,-2627.571533
0.369656,0.237433,-2624.699951
0.367802,0.24185,-2628.92041
0.367802,0.24185,-2626.227051
0.371483,0.238855,-2627.000977
0.371483,0.238855,-2627.562256
0.371224,0.245801,-2629.841309
0.372561,0.23968,-2629.177734
0.372561,0.23968,-2625.046387
0.376998,0.236971,-2623.797852
0.376998,0.236971,-2625.779053
0.376998,0.236971,-2626.931885
0.376998,0.236971,-2624.33252
0.376998,0.236971,-2625.62793
0.376998,0.236971,-2626.436035
0.376479,0.23916,-2626.632324
0.376479,0.23916,-2624.911133
0.376479,0.23916,-2625.302246
0.372314,0.247159,-2626.730469
0.372314,0.247159,-2624.424316
0.368879,0.251503,-2625.663818
0.368513,0.255892,-2626.324951
0.372246,0.247469,-2625.217529
0.372246,0.247469,-2625.926758
0.372123,0.244506,-2625.543457
0.372123,0.244506,-2625.314941
0.372123,0.244506,-2624.161133
0.372123,0.244506,-2623.712402
0.371544,0.235253,-2624.113281
0.371544,0.235253,-2628.547363
0.371941,0.246522,-2624.031982
0.371941,0.246522,-2625.115479
0.371941,0.246522,-2623.686035
0.370933,0.241694,-2628.294434
0.370933,0.241694,-2628.838379
0.37308,0.23598,-2624.665039
0.37308,0.23598,-2626.249512
0.369865,0.223314,-2625.414307
0.367295,0.231539,-2622.789307
0.365499,0.234741,-2620.681152
0.363551,0.232737,-2632.070068
0.363989,0.228154,-2635.219727
0.363989,0.228154,-2634.61084
0.363989,0.228154,-2624.426514
0.363989,0.228154,-2626.969727
0.370015,0.230763,-2623.841797
0.367248,0.231871,-2626.913086
0.367248,0.231871,-2632.927246
0.364268,0.237375,-2621.944336
0.367884,0.2321,-2624.193848
0.367735,0.232134,-2622.966797
0.366096,0.229889,-2623.899414
0.365916,0.233983,-2628.949463
0.367048,0.241529,-2629.94043
0.372046,0.24346,-2626.434082
0.371058,0.234347,-2632.00708
0.371058,0.234347,-2626.187012
0.372271,0.233309,-2624.132568
0.370068,0.231697,-2624.83252
0.372937,0.229736,-2626.557373
0.372937,0.229736,-2624.581055
0.373785,0.225247,-2625.985107
0.376692,0.228449,-2626.412109
0.377618,0.229328,-2627.712158
0.376182,0.227507,-2626.455566
0.376182,0.227507,-2627.339355
0.376182,0.227507,-2626.650879
0.376182,0.227507,-2627.05835
0.372762,0.212182,-2628.181152
0.371744,0.211611,-2632.803223
0.373297,0.213873,-2627.128418
0.373297,0.213873,-2626.166504
0.374594,0.20865,-2628.019043
0.374344,0.206964,-2626.456543
0.37192,0.201713,-2628.767578
0.370702,0.192108,-2630.422852
0.370702,0.192108,-2629.614258
0.369736,0.193698,-2628.036621
0.371472,0.189594,-2629.023926
0.371472,0.189594,-2632.93457
0.371472,0.189594,-2629.625488
0.370505,0.181272,-2631.697266
0.370505,0.181272,-2636.619141
0.370505,0.181272,-2631.546875
0.370505,0.181272,-2633.494141
0.370129,0.185989,-2634.330566
0.370129,0.185989,-2633.178955
0.372604,0.194543,-2629.198975
0.371377,0.197067,-2628.946533
0.365827,0.191081,-2633.234619
0.371873,0.183119,-2633.172607
0.374689,0.185299,-2635.569824
0.375823,0.179547,-2635.225098
0.375823,0.179547,-2633.78418
0.376862,0.18471,-2633.153076
0.377514,0.185814,-2633.135742
0.377514,0.185814,-2632.554688
0.375006,0.180814,-2632.493896
0.37625,0.182862,-2633.55957
0.37625,0.182862,-2637.977539
0.37625,0.182862,-2633.511719
0.374859,0.177561,-2633.501465
0.374859,0.177561,-2637.544434
0.374859,0.177561,-2635.603516
0.378092,0.184439,-2632.992188
0.378092,0.184439,-2635.15625
0.378634,0.181504,-2633.865723
0.373721,0.181391,-2632.147949
0.373721,0.181391,-2635.104004
0.373721,0.181391,-2633.395264
0.373721,0.181391,-2632.248047
0.373721,0.181391,-2633.280029
0.374572,0.173685,-2637.226318
0.374572,0.173685,-2635.928711
0.374572,0.173685,-2636.105713
0.375931,0.168194,-2636.883789
0.380115,0.173621,-2637.36084
0.377329,0.178634,-2636.331543
0.37566,0.191993,-2630.672852
0.37566,0.191993,-2633.304932
0.374965,0.192677,-2631.510986
0.37418,0.199517,-2630.893066
0.377283,0.197493,-2629.653564
0.375268,0.204461,-2628.727051
0.375268,0.204461,-2626.87085
0.377056,0.204714,-2627.447754
0.37391,0.201669,-2631.063965
0.37391,0.201669,-2629.008789
0.37391,0.201669,-2629.834961
0.37695,0.19782,-2629.845703
0.379511,0.21085,-2628.554199
0.378725,0.207368,-2629.760986
0.376627,0.20689,-2630.063232
0.376995,0.203347,-2628.722656
0.376995,0.203347,-2630.667725
0.376995,0.203347,-2629.250488
0.379455,0.212995,-2629.854004
0.379455,0.212995,-2628.548828
0.380485,0.213796,-2626.974121
0.384006,0.216723,-2629.557617
0.384006,0.216723,-2629.412598
0.384006,0.216723,-2629.844727
0.383784,0.219475,-2629.866211
0.383736,0.21107,-2628.533447
0.387073,0.208991,-2631.098389
0.385683,0.215104,-2630.827637
0.387218,0.214946,-2631.392822
0.389244,0.223043,-2630.762695
0.389708,0.220877,-2631.949951
0.389708,0.220877,-2630.575195
0.389708,0.220877,-2629.794922
0.389708,0.220877,-2630.73584
0.389708,0.220877,-2631.00293
0.391201,0.211276,-2632.84375
0.387589,0.215527,-2629.957764
0.383734,0.212715,-2630.433105
0.383734,0.212715,-2630.541016
0.38539,0.221057,-2629.457031
0.38539,0.221057,-2629.114258
0.383452,0.217367,-2630.11377
0.38403,0.225262,-2629.02002
0.383846,0.223785,-2628.818359
0.385494,0.231197,-2628.990234
0.385494,0.231197,-2629.792969
0.385494,0.231197,-2628.848145
0.385494,0.231197,-2629.865479
0.384749,0.236992,-2629.796143
0.383887,0.236224,-2627.409424
0.381337,0.234821,-2627.827637
0.383122,0.226759,-2627.843506
0.379713,0.217102,-2628.140625
0.379713,0.217102,-2627.874756
0.383779,0.207054,-2629.697998
0.383779,0.207054,-2630.037354
0.383924,0.21561,-2629.770264
0.381259,0.21608,-2628.649414
0.380026,0.216278,-2629.119141
0.378389,0.218277,-2628.145996
0.372499,0.222117,-2624.929443
0.372351,0.222529,-2629.088867
0.372056,0.225253,-2628.558594
0.375172,0.23255,-2626.020752
0.375172,0.23255,-2625.163574
0.375172,0.23255,-2626.108398
0.373209,0.240441,-2625.10376
0.374721,0.24485,-2628.01416
0.374793,0.246505,-2625.227539
0.372446,0.243982,-2625.189453
0.372446,0.243982,-2624.771973
0.372446,0.243982,-2623.669678
0.372446,0.243982,-2626.098877
0.372446,0.243982,-2628.501221
0.374698,0.24595,-2625.526855
0.376847,0.255145,-2626.530762
0.376847,0.255145,-2625.816406
0.37794,0.252093,-2627.261719
0.377426,0.257357,-2628.416016
0.379222,0.256467,-2628.921631
0.376068,0.257549,-2625.329102
0.376068,0.257549,-2631.335449
0.377562,0.257887,-2625.775879
0.378049,0.253236,-2625.761719
0.378049,0.253236,-2628.61084
0.377563,0.248645,-2627.042236
0.377563,0.248645,-2625.760254
0.372342,0.249342,-2627.289307
0.372342,0.249342,-2626.517578
0.371547,0.246922,-2624.606689
0.371547,0.246922,-2627.33374
0.371381,0.244078,-2622.558105
0.371381,0.244078,-2624.993896
0.375587,0.244891,-2628.543701
0.378769,0.258995,-2626.491699
0.376868,0.265111,-2627.794434
0.376283,0.27526,-2626.614258
0.377741,0.285151,-2628.439453
0.377741,0.285151,-2628.76123
0.377741,0.285151,-2628.274414
0.377741,0.285151,-2628.67749
0.377612,0.282586,-2628.287109
0.377883,0.285813,-2629.525635
0.375317,0.288197,-2629.57373
0.374767,0.287721,-2628.022461
0.374767,0.287721,-2627.645996
0.37741,0.288624,-2629.453125
0.37741,0.288624,-2626.869385
0.374918,0.276687,-2628.136475
0.374918,0.276687,-2626.896729
0.374918,0.276687,-2627.226562
0.374918,0.276687,-2629.330566
0.376032,0.280878,-2626.815186
0.376032,0.280878,-2628.196289
0.376744,0.283786,-2628.31543
0.377423,0.273193,-2627.297363
0.377423,0.273193,-2626.222656
0.377423,0.273193,-2625.411621
0.377612,0.269565,-2626.943359
0.379124,0.266739,-2627.626709
0.378604,0.263817,-2625.884766
0.37828,0.270276,-2625.76709
0.37828,0.270276,-2627.005371
0.376718,0.269473,-2627.985107
0.374905,0.274756,-2625.259277
0.371808,0.272598,-2624.981934
0.371808,0.272598,-2623.883057
0.371808,0.272598,-2625.293701
0.371575,0.279922,-2625.997559
0.371575,0.279922,-2626.83252
0.371575,0.279922,-2625.996582
0.371575,0.279922,-2631.233643
0.370557,0.283082,-2632.057373
0.370334,0.281763,-2625.671387
0.371225,0.277294,-2627.786621
0.371225,0.277294,-2624.373047
0.371225,0.277294,-2626.305664
0.370282,0.273792,-2625.106934
0.370282,0.273792,-2624.108398
0.368541,0.276056,-2627.097656
0.368541,0.276056,-2625.87793
0.367844,0.272788,-2624.546875
0.367844,0.272788,-2624.829102
0.369825,0.273602,-2629.333008
0.366342,0.272329,-2629.855469
0.366342,0.272329,-2625.109375
0.367032,0.273272,-2627.224609
0.365133,0.275988,-2627.960449
0.36368,0.273123,-2638.958984
0.363614,0.277521,-2636.889893
0.363589,0.266293,-2637.112793
0.367263,0.253987,-2625.549316
0.367263,0.253987,-2624.688965
0.367263,0.253987,-2623.92041
0.36714,0.249423,-2630.026123
0.36714,0.249423,-2622.380859
0.366359,0.250942,-2622.186035
0.366359,0.250942,-2621.372559
0.363818,0.259043,-2636.664551
0.363818,0.259043,-2631.098633
0.36487,0.253476,-2625.086182
0.36487,0.253476,-2628.4375
0.36487,0.253476,-2630.731934
0.36487,0.253476,-2630.962891
0.361568,0.243579,-2626.722656
0.364386,0.242795,-2620.468262
0.364386,0.242795,-2626.497803
0.368258,0.241069,-2632.950928
0.368258,0.241069,-2624.668213
0.364158,0.234936,-2629.534668
0.364158,0.234936,-2625.312988
0.364158,0.234936,-2631.71582
0.359569,0.236119,-2629.174805
0.359569,0.236119,-2645.348145
0.354971,0.237848,-2637.775391
0.354971,0.237848,-2651.339355
0.354971,0.237848,-2641.006348
0.354971,0.237848,-2656.452148
0.354971,0.237848,-2652.283691
0.354971,0.237848,-2643.906738
0.354971,0.237848,-2645.069092
0.356917,0.234471,-2627.083984
0.358159,0.222641,-2647.365234
0.358123,0.227511,-2627.817871
0.358123,0.227511,-2627.475586
0.356767,0.223444,-2646.681641
0.356767,0.223444,-2637.67041
0.35903,0.217614,-2627.52002
0.356662,0.218655,-2634.395752
0.356662,0.218655,-2625.7854
0.356662,0.218655,-2643.080566
0.354024,0.221369,-2646.955566
0.353724,0.219316,-2626.296875
0.353724,0.219316,-2640.761719
0.353724,0.219316,-2653.24292
0.358137,0.215747,-2634.820801
0.359651,0.213773,-2634.279297
0.36269,0.211192,-2627.859375
0.36269,0.211192,-2634.375244
0.358184,0.204247,-2630.807129
0.358184,0.204247,-2646.792969
0.360221,0.202643,-2624.321045
0.359898,0.197486,-2644.573242
0.359898,0.197486,-2623.602051
0.359898,0.197486,-2631.461426
0.359898,0.197486,-2638.966797
0.359898,0.197486,-2625.095703
0.359351,0.192826,-2638.658936
0.359351,0.192826,-2644.560547
0.359351,0.192826,-2640.911621
0.359351,0.192826,-2636.704102
0.365576,0.183577,-2636.581055
0.365576,0.183577,-2639.652344
0.369832,0.186996,-2629.938965
0.365099,0.19278,-2631.564697
0.369497,0.190226,-2634.101074
0.368593,0.201854,-2625.912842
0.368914,0.206876,-2625.675049
0.368914,0.206876,-2625.650391
0.370836,0.216804,-2627.158936
0.372504,0.208402,-2632.507324
0.372504,0.208402,-2628.068359
0.369891,0.214417,-2626.754395
0.369891,0.214417,-2624.163086
0.369891,0.214417,-2629.089844
0.368199,0.21315,-2627.354736
0.368217,0.208622,-2635.291504
0.370121,0.212844,-2628.959473
0.370305,0.216412,-2624.740479
0.370305,0.216412,-2625.602051
0.371329,0.210649,-2629.341064
0.371329,0.210649,-2630.029785
0.371329,0.210649,-2628.999512
0.368985,0.219469,-2624.592773
0.370884,0.226352,-2624.197754
0.368879,0.226269,-2625.985352
0.368879,0.226269,-2624.540527
0.368879,0.226269,-2627.141846
0.368879,0.226269,-2622.466309
0.368879,0.226269,-2628.726074
0.368879,0.226269,-2628.653809
0.364992,0.220788,-2626.474365
0.364992,0.220788,-2630.335449
0.362649,0.229077,-2624.03125
0.367335,0.226716,-2622.73584
0.367295,0.224172,-2629.725586
0.367295,0.224172,-2622.118896
0.369731,0.225733,-2624.644531
0.369731,0.225733,-2624.244141
0.370418,0.218014,-2628.206543
0.37249,0.220219,-2626.074951
0.372264,0.225449,-2628.063721
0.372264,0.225449,-2625.325684
0.364638,0.23319,-2628.230469
0.360188,0.240595,-2636.857666
0.360188,0.240595,-2621.959473
0.363405,0.251022,-2634.463623
0.368894,0.249421,-2636.326172
0.368894,0.249421,-2624.513184
0.368894,0.249421,-2622.049561
0.369019,0.254618,-2624.949219
0.369019,0.254618,-2625.61084
0.36531,0.259492,-2621.286133
0.36531,0.259492,-2624.80249
0.36531,0.259492,-2631.872314
0.36531,0.259492,-2627.11377
0.36531,0.259492,-2627.671387
0.36531,0.259492,-2626.142578
0.36531,0.259492,-2622.598633
0.36531,0.259492,-2630.106689
0.361178,0.259908,-2633.540283
0.358914,0.258057,-2637.48291
0.358914,0.258057,-2627.900391
0.357239,0.257933,-2642.137695
0.357239,0.257933,-2641.683594
0.357239,0.257933,-2646.686279
0.357239,0.257933,-2628.098877
0.355768,0.257044,-2626.981934
0.354805,0.265187,-2631.22583
0.354805,0.265187,-2644.46582
0.359237,0.263815,-2642.657227
0.355621,0.271617,-2639.901611
0.355846,0.279557,-2626.471191
0.355846,0.279557,-2634.106201
0.355846,0.279557,-2638.711426
0.355846,0.279557,-2629.719482
0.364374,0.275928,-2640.425781
0.364374,0.275928,-2633.431152
0.364374,0.275928,-2626.191895
0.364374,0.275928,-2628.434082
0.364374,0.275928,-2624.527588
0.364374,0.275928,-2628.248291
0.36281,0.278324,-2631.220703
0.359291,0.280623,-2639.464111
0.359291,0.280623,-2636.94873
0.359291,0.280623,-2631.789551
0.359291,0.280623,-2625.45166
0.363798,0.273534,-2635.991699
0.367378,0.276023,-2631.421387
0.370455,0.277028,-2629.533691
0.370455,0.277028,-2626.430664
0.370455,0.277028,-2633.380371
0.370455,0.277028,-2626.897461
0.375501,0.273876,-2626.668213
0.374457,0.269346,-2626.648926
0.374457,0.269346,-2625.582764
0.374457,0.269346,-2627.693848
0.375831,0.268674,-2628.044922
0.375831,0.268674,-2626.168945
0.37428,0.267748,-2630.366943
0.375272,0.269225,-2624.685059
0.375272,0.269225,-2625.85791
0.375272,0.269225,-2627.122559
0.375272,0.269225,-2627.405273
0.375277,0.277618,-2626.59375
0.375277,0.277618,-2626.802246
0.375277,0.277618,-2626.489746
0.375277,0.277618,-2626.494385
0.380519,0.275982,-2629.030273
0.376485,0.27845,-2626.176025
0.374584,0.276964,-2627.979248
0.374584,0.276964,-2627.665527
0.374584,0.276964,-2628.530273
0.373189,0.277303,-2625.977783
0.375515,0.288239,-2629.669922
0.375515,0.288239,-2627.604248
0.3737,0.285429,-2628.975586
0.3737,0.285429,-2629.208496
0.376334,0.287525,-2629.301758
0.376507,0.29262,-2628.981934
0.376507,0.29262,-2629.861816
0.375017,0.29346,-2628.319336
0.375017,0.29346,-2627.88623
0.375017,0.29346,-2629.689453
0.380211,0.297397,-2630.919189
0.381153,0.28767,-2630.179199
0.37686,0.283232,-2631.063965
0.371566,0.289401,-2628.164062
0.371566,0.289401,-2629.219238
0.371579,0.285545,-2628.207275
0.370996,0.281807,-2625.930664
0.369291,0.285583,-2625.562988
0.369291,0.285583,-2626.261719
0.369291,0.285583,-2627.366211
0.369291,0.285583,-2626.931152
0.369291,0.285583,-2628.302246
0.369291,0.285583,-2627.941406
0.369291,0.285583,-2628.524414
0.369941,0.280735,-2628.03418
0.369905,0.290929,-2632.926025
0.372574,0.287794,-2627.95459
0.372574,0.287794,-2627.628906
0.37291,0.295373,-2630.150391
0.37291,0.295373,-2627.81958
0.373531,0.29943,-2629.828125
0.373844,0.292994,-2628.603271
0.373844,0.292994,-2628.571289
0.373844,0.292994,-2628.557861
0.374556,0.287432,-2627.760742
0.37332,0.297152,-2628.223633
0.371835,0.300614,-2629.773926
0.371835,0.300614,-2630.22168
0.369608,0.306069,-2630.0625
0.370747,0.300368,-2630.491211
0.372123,0.31229,-2628.581787
0.372123,0.31229,-2630.962646
0.372123,0.31229,-2629.908691
0.375261,0.310216,-2631.595215
0.37128,0.317023,-2631.612305
0.37128,0.317023,-2632.028076
0.366806,0.317292,-2630.683594
0.366806,0.317292,-2637.910645
0.366806,0.317292,-2629.53833
0.366806,0.317292,-2632.950684
0.364587,0.311809,-2641.163574
0.36226,0.308945,-2641.447266
0.36226,0.308945,-2626.966309
0.36226,0.308945,-2633.963135
0.359589,0.30118,-2636.149902
0.359589,0.30118,-2629.801025
0.359589,0.30118,-2640.327881
0.359589,0.30118,-2633.512939
0.359589,0.30118,-2633.929688
0.359589,0.30118,-2635.671875
0.358516,0.300613,-2642.063965
0.358315,0.30889,-2634.625244
0.35931,0.311408,-2631.60083
0.35931,0.311408,-2640.214355
0.357629,0.308,-2648.202393
0.357629,0.308,-2625.889648
0.357629,0.308,-2625.558105
0.355183,0.302064,-2657.549316
0.355183,0.302064,-2625.689941
0.355183,0.302064,-2629.510742
0.357189,0.298754,-2631.708984
0.357189,0.298754,-2630.168945
0.355346,0.29768,-2639.693115
0.355346,0.29768,-2637.867676
0.355595,0.306622,-2641.131348
0.354519,0.307772,-2648.517822
0.35593,0.31116,-2635.020508
0.35593,0.31116,-2642.410889
0.353207,0.303084,-2643.121826
0.352521,0.301401,-2648.328857
0.352521,0.301401,-2640.06958
0.352521,0.301401,-2636.77124
0.350945,0.306176,-2662.782959
0.350945,0.306176,-2660.336182
0.350945,0.306176,-2658.318848
0.351643,0.325086,-2655.78833
0.351643,0.325086,-2641.961426
0.351507,0.325057,-2660.807861
0.351507,0.325057,-2655.923096
0.348542,0.33067,-2630.95459
0.35183,0.318752,-2658.609375
0.353827,0.316666,-2668.153564
0.350893,0.31119,-2653.299805
0.350893,0.31119,-2658.086914
0.350893,0.31119,-2660.203613
0.350893,0.31119,-2661.485596
0.350893,0.31119,-2652.225586
0.350893,0.31119,-2653.408691
0.35416,0.318579,-2658.932373
0.353502,0.316487,-2640.758789
0.353502,0.316487,-2646.583496
0.354337,0.31143,-2641.262207
0.354337,0.31143,-2640.75708
0.354337,0.31143,-2630.082275
0.361217,0.311368,-2651.453125
0.363205,0.310992,-2631.530518
0.363205,0.310992,-2633.634766
0.364096,0.313298,-2637.902344
0.363711,0.311207,-2640.589111
0.363711,0.311207,-2632.341309
0.366606,0.314171,-2636.641113
0.366606,0.314171,-2637.94043
0.366606,0.314171,-2636.838379
0.366606,0.314171,-2628.552979
0.366606,0.314171,-2634.811279
0.366606,0.314171,-2634.083496
0.366606,0.314171,-2636.5625
0.365021,0.317011,-2631.061035
0.360971,0.324276,-2641.785645
0.360971,0.324276,-2629.391602
0.36159,0.328086,-2646.701172
0.36446,0.325774,-2641.061768
0.36487,0.323666,-2640.550537
0.36487,0.323666,-2641.168213
0.36487,0.323666,-2635.293701
0.367337,0.316156,-2641.280273
0.367337,0.316156,-2634.753662
0.367337,0.316156,-2628.585449
0.367337,0.316156,-2641.598145
0.368079,0.31607,-2628.96875
0.368079,0.31607,-2632.543457
0.367937,0.320511,-2635.078125
0.366093,0.327838,-2632.392334
0.366093,0.327838,-2629.438965
0.366182,0.32652,-2630.449951
0.368648,0.336019,-2634.305176
0.368648,0.336019,-2632.767578
0.368648,0.336019,-2636.046387
0.368625,0.33493,-2633.847168
0.368625,0.33493,-2634.399414
0.368625,0.33493,-2634.008301
0.368625,0.33493,-2635.995361
0.368625,0.33493,-2642.458496
0.367894,0.339233,-2642.373047
0.36371,0.335765,-2633.504395
0.364422,0.336525,-2640.95752
0.361583,0.327915,-2647.215088
0.361583,0.327915,-2638.257812
0.361583,0.327915,-2635.49707
0.362305,0.325014,-2644.894287
0.362305,0.325014,-2639.486816
0.365125,0.335152,-2635.270996
0.365125,0.335152,-2635.88916
0.366221,0.333248,-2642.481934
0.366221,0.333248,-2642.166016
0.366221,0.333248,-2635.59375
0.366221,0.333248,-2638.948242
0.366221,0.333248,-2635.873779
0.362889,0.337831,-2642.548584
0.362889,0.337831,-2635.129883
0.362889,0.337831,-2642.583496
0.362887,0.345755,-2632.996094
0.366171,0.334718,-2639.013184
0.367746,0.332516,-2634.202393
0.370219,0.326425,-2637.413574
0.374696,0.320853,-2633.768555
0.369624,0.310032,-2628.272217
0.367535,0.313296,-2633.576904
0.367535,0.313296,-2629.708984
0.367631,0.31737,-2629.038574
0.367631,0.31737,-2628.9104
0.367631,0.31737,-2630.980957
0.367631,0.31737,-2631.064697
0.370707,0.316239,-2631.714844
0.370707,0.316239,-2636.669189
0.370707,0.316239,-2630.441406
0.370821,0.324889,-2632.116699
0.370821,0.324889,-2635.429199
0.367971,0.324096,-2633.411133
0.370729,0.312766,-2630.881104
0.370729,0.312766,-2630.229248
0.370929,0.310173,-2628.498779
0.37162,0.312152,-2628.579102
0.37162,0.312152,-2629.911865
0.372962,0.312601,-2631.150391
0.373889,0.315606,-2630.325439
0.373889,0.315606,-2632.949951
0.372642,0.30557,-2632.190918
0.372642,0.30557,-2627.692871
0.372642,0.30557,-2630.799072
0.372642,0.30557,-2628.776367
0.372642,0.30557,-2634.146973
0.372601,0.314203,-2631.095215
0.372601,0.314203,-2636.380859
0.372601,0.314203,-2629.447754
0.372601,0.314203,-2633.308105
0.372601,0.314203,-2632.709961
0.372085,0.309192,-2631.857178
0.374916,0.305047,-2630.17334
0.370766,0.313618,-2629.65625
0.371375,0.322961,-2633.560547
0.371375,0.322961,-2632.693848
0.372137,0.326476,-2633.314453
0.371004,0.324598,-2632.263916
0.371004,0.324598,-2632.756592
0.372153,0.322456,-2632.928223
0.372613,0.316617,-2632.334717
0.372257,0.325071,-2637.115723
0.371016,0.332841,-2635.622559
0.371016,0.332841,-2639.469971
0.375124,0.338331,-2639.953613
0.375124,0.338331,-2640.886719
0.374545,0.338257,-2638.428955
0.374545,0.338257,-2637.222656
0.375892,0.335459,-2636.889404
0.375169,0.337658,-2637.015381
0.375169,0.337658,-2639.975098
0.375169,0.337658,-2638.804688
0.377279,0.334083,-2636.727051
0.376248,0.336835,-2636.081543
0.376248,0.336835,-2638.727051
0.373672,0.330738,-2634.089844
0.373672,0.330738,-2634.175537
0.372589,0.336009,-2634.845215
0.372589,0.336009,-2635.57959
0.372589,0.336009,-2636.093994
0.372589,0.336009,-2634.794922
0.372006,0.329734,-2634.657959
0.369512,0.332379,-2636.919922
0.369512,0.332379,-2635.519531
0.369512,0.332379,-2632.276367
0.369512,0.332379,-2632.836426
0.369512,0.332379,-2632.995117
0.368585,0.330609,-2637.311035
0.36757,0.320935,-2630.459229
0.365026,0.318288,-2635.956055
0.360488,0.323044,-2637.707031
0.360488,0.323044,-2636.458008
0.360488,0.323044,-2652.039551
0.365231,0.334086,-2643.778564
0.365231,0.334086,-2636.291748
0.365231,0.334086,-2640.137695
0.365231,0.334086,-2644.308594
0.365231,0.334086,-2631.771973
0.366218,0.33248,-2638.645508
0.365246,0.329935,-2635.740967
0.370062,0.335685,-2634.600098
0.375297,0.339282,-2637.038086
0.375297,0.339282,-2639.915527
0.375297,0.339282,-2636.013184
0.375145,0.344226,-2638.651123
0.375145,0.344226,-2639.512207
0.375147,0.351212,-2640.592285
0.374466,0.354246,-2639.818115
0.374466,0.354246,-2642.450195
0.377813,0.351272,-2641.555176
0.377813,0.351272,-2640.299316
0.373949,0.35837,-2640.030518
0.379027,0.363959,-2643.029785
0.375864,0.355299,-2640.918945
0.375808,0.349875,-2640.274902
0.377194,0.353798,-2641.891602
0.377194,0.353798,-2641.073975
0.375946,0.360904,-2643.297119
0.375946,0.360904,-2644.321289
0.378099,0.364599,-2644.992676
0.37958,0.358309,-2642.599854
0.383316,0.352631,-2644.236816
0.383361,0.353553,-2644.289795
0.387211,0.349718,-2643.61499
0.384879,0.348526,-2642.966309
0.385172,0.350385,-2642.383545
0.385172,0.350385,-2643.11084
0.381858,0.345613,-2640.928711
0.381858,0.345613,-2639.620117
0.381858,0.345613,-2640.719238
0.385625,0.345382,-2640.958008
0.385625,0.345382,-2642.721191
0.385625,0.345382,-2641.314453
0.385625,0.345382,-2642.159424
0.387989,0.341122,-2642.629883
0.388279,0.332544,-2640.210205
0.387335,0.330688,-2638.633301
0.387335,0.330688,-2638.645996
0.385773,0.334238,-2639.771484
0.387045,0.327303,-2637.688477
0.383264,0.33284,-2638.611816
0.383264,0.33284,-2639.787109
0.383264,0.33284,-2638.5979
0.379494,0.345364,-2637.917969
0.379494,0.345364,-2640.917969
0.379494,0.345364,-2638.39624
0.376776,0.344804,-2640.387695
0.377128,0.335338,-2638.983887
0.377128,0.335338,-2637.394043
0.378632,0.327311,-2636.969238
0.376723,0.319579,-2632.845947
0.374941,0.327316,-2636.172119
0.373865,0.324952,-2635.100098
0.378679,0.327971,-2635.959473
0.378679,0.327971,-2634.708984
0.378679,0.327971,-2634.987061
0.37293,0.327384,-2634.726074
0.37293,0.327384,-2635.390625
0.373148,0.333173,-2634.385742
0.373148,0.333173,-2636.203857
0.372775,0.340263,-2637.35376
0.374905,0.331436,-2634.643555
0.372864,0.325854,-2633.280273
0.372944,0.323133,-2631.696777
0.372944,0.323133,-2633.769043
0.373943,0.324857,-2632.733887
0.373943,0.324857,-2633.027344
0.375169,0.310167,-2631.424561
0.375811,0.305252,-2631.232422
0.375811,0.305252,-2635.899414
0.377662,0.304629,-2631.185059
0.375504,0.305575,-2629.404297
0.371922,0.30693,-2628.631348
0.375242,0.306877,-2631.065186
0.377729,0.308393,-2632.446289
0.373931,0.299069,-2629.839355
0.370824,0.298459,-2629.910156
0.370824,0.298459,-2627.973145
0.374378,0.305352,-2630.398926
0.37355,0.308131,-2632.582275
0.37355,0.308131,-2630.675781
0.36984,0.306335,-2628.929199
0.36984,0.306335,-2629.733398
0.370281,0.310166,-2628.728027
0.370281,0.310166,-2629.512939
0.371401,0.321268,-2633.462891
0.37022,0.329227,-2633.491211
0.37022,0.329227,-2633.186035
0.373554,0.324456,-2634.765625
0.373712,0.324685,-2634.912354
0.373712,0.324685,-2633.143066
0.373712,0.324685,-2635.422119
0.373712,0.324685,-2632.588867
0.373712,0.324685,-2633.780518
0.373712,0.324685,-2635.427002
0.374416,0.333985,-2633.682617
0.375369,0.326997,-2635.750977
0.375369,0.326997,-2636.682617
0.375369,0.326997,-2633.21875
0.375369,0.326997,-2634.025391
0.375369,0.326997,-2633.51709
0.374811,0.322362,-2633.212891
0.377826,0.315866,-2634.231689
0.380383,0.315861,-2635.599609
0.375281,0.323525,-2632.775391
0.375281,0.323525,-2632.141602
0.375281,0.323525,-2633.518555
0.374228,0.316502,-2630.121094
0.377519,0.311768,-2631.052734
0.379078,0.309953,-2631.708008
0.378398,0.308876,-2632.884766
0.376255,0.309062,-2632.151855
0.376255,0.309062,-2631.787109
0.375109,0.313776,-2631.261719
0.374222,0.307856,-2629.404785
0.375084,0.316169,-2632.937256
0.375084,0.316169,-2632.604004
0.375084,0.316169,-2632.445068
0.375084,0.316169,-2634.104492
0.371915,0.31279,-2632.254883
0.371401,0.313137,-2635.405273
0.371401,0.313137,-2630.842529
0.37049,0.30163,-2634.336914
0.37049,0.30163,-2628.661133
0.37049,0.30163,-2630.749512
0.373463,0.306551,-2630.400635
0.373031,0.308137,-2636.066162
0.373031,0.308137,-2632.235596
0.374013,0.30808,-2629.524414
0.374013,0.30808,-2631.384521
0.374013,0.30808,-2638.865723
0.373217,0.292064,-2628.12793
0.376017,0.281685,-2627.678223
0.376017,0.281685,-2627.931396
0.373599,0.284725,-2627.39917
0.373599,0.284725,-2626.470703
0.373599,0.284725,-2626.897705
0.371428,0.279635,-2628.34082
0.371428,0.279635,-2631.960449
0.371428,0.279635,-2626.266357
0.371428,0.279635,-2626.874512
0.372296,0.268496,-2625.92041
0.372296,0.268496,-2628.612793
0.37066,0.274753,-2625.302246
0.368487,0.271057,-2625.283936
0.368487,0.271057,-2625.909668
0.368487,0.271057,-2624.99585
0.367286,0.262072,-2629.039307
0.367286,0.262072,-2623.448975
0.366048,0.248346,-2628.789062
0.366048,0.248346,-2623.882324
0.368059,0.251176,-2621.500977
0.368924,0.246855,-2632.34668
0.370285,0.248408,-2629.411865
0.36889,0.247685,-2624.555176
0.370627,0.245147,-2623.692139
0.373309,0.237064,-2626.620605
0.374101,0.225338,-2626.701416
0.374101,0.225338,-2624.601807
0.374101,0.225338,-2625.725586
0.37894,0.221857,-2626.226074
0.377135,0.215155,-2629.553223
0.377873,0.216094,-2628.275879
0.377872,0.216453,-2629.278809
0.377872,0.216453,-2629.269043
0.377872,0.216453,-2628.050293
0.374185,0.219998,-2625.779053
0.373568,0.219284,-2626.981689
0.373568,0.219284,-2626.395508
0.373568,0.219284,-2625.468262
0.373513,0.228854,-2626.797852
0.375562,0.230525,-2626.164551
0.375562,0.230525,-2625.545166
0.377139,0.240923,-2626.795166
0.377139,0.240923,-2625.255371
0.377931,0.24017,-2627.351807
0.377931,0.24017,-2627.348633
0.377481,0.251014,-2626.398682
0.374989,0.247909,-2624.223145
0.377669,0.252524,-2624.577393
0.372381,0.256205,-2624.001465
0.372381,0.256205,-2624.998291
0.373605,0.260584,-2626.175293
0.373605,0.260584,-2625.858643
0.373605,0.260584,-2623.098145
0.373689,0.257317,-2623.804199
0.373689,0.257317,-2625.657959
0.370286,0.254867,-2624.069824
0.370286,0.254867,-2625.658447
0.370286,0.254867,-2628.659668
0.370286,0.254867,-2626.617676
0.370286,0.254867,-2624.890381
0.36858,0.259502,-2633.969238
0.36858,0.259502,-2623.435059
0.36858,0.259502,-2625.94043
0.36858,0.259502,-2624.57373
0.369372,0.262622,-2626.213379
0.369372,0.262622,-2625.320557
0.369372,0.262622,-2625.236816
0.374686,0.249434,-2631.60498
0.372652,0.240833,-2629.84082
0.372865,0.235885,-2628.137695
0.372865,0.235885,-2627.154297
0.372865,0.235885,-2625.986328
0.372865,0.235885,-2626.191895
0.372865,0.235885,-2626.338379
0.372865,0.235885,-2626.382812
0.372865,0.235885,-2625.276855
0.372865,0.235885,-2631.391357
0.370867,0.238663,-2626.465332
0.370867,0.238663,-2627.153076
0.370867,0.238663,-2625.150879
0.370867,0.238663,-2625.991211
0.371666,0.235097,-2625.484131
0.371666,0.235097,-2627.334961
0.371666,0.235097,-2623.141113
0.369936,0.234441,-2623.793457
0.370336,0.236164,-2625.812744
0.370336,0.236164,-2626.089844
0.368126,0.238779,-2630.253662
0.368126,0.238779,-2628.219727
0.368126,0.238779,-2626.870605
0.368126,0.238779,-2622.932617
0.366414,0.240507,-2627.858398
0.366414,0.240507,-2622.231934
0.367415,0.237683,-2629.915039
0.367415,0.237683,-2628.647461
0.367415,0.237683,-2625.857422
0.367415,0.237683,-2628.129639
0.367415,0.237683,-2622.810059
0.368479,0.23913,-2625.537109
0.368479,0.23913,-2622.075684
0.369224,0.243916,-2631.302734
0.369224,0.243916,-2633.861816
0.36657,0.241526,-2622.17041
0.36657,0.241526,-2621.339355
0.36657,0.241526,-2629.771729
0.36657,0.241526,-2632.974854
0.36657,0.241526,-2625.643799
0.368076,0.236458,-2628.20459
0.363877,0.24322,-2620.886719
0.3592,0.23969,-2634.273438
0.358063,0.234329,-2636.76416
0.358063,0.234329,-2623.039551
0.357237,0.23351,-2639.468994
0.357237,0.23351,-2642.224121
0.357237,0.23351,-2621.446289
0.358734,0.218394,-2626.55957
0.358734,0.218394,-2633.943359
0.358734,0.218394,-2637.62793
0.358734,0.218394,-2625.899414
0.358734,0.218394,-2640.805664
0.359198,0.21955,-2638.303955
0.359198,0.21955,-2626.998535
0.360487,0.216034,-2637.095703
0.360487,0.216034,-2645.352783
0.360487,0.216034,-2637.109863
0.360487,0.216034,-2630.081787
0.359646,0.216698,-2633.501465
0.358202,0.218108,-2629.288574
0.358202,0.218108,-2640.735352
0.358202,0.218108,-2629.484863
0.358202,0.218108,-2631.063477
0.359538,0.219076,-2635.709473
0.359538,0.219076,-2628.124512
0.361379,0.227855,-2626.656494
0.361379,0.227855,-2626.000488
0.35865,0.232536,-2632.001465
0.354923,0.239995,-2633.187256
0.358172,0.247012,-2653.463623
0.358172,0.247012,-2631.498779
0.359267,0.250743,-2638.358398
0.359267,0.250743,-2624.216309
0.359651,0.251685,-2637.439453
0.362569,0.250753,-2645.344238
0.362569,0.250753,-2626.415039
0.36438,0.25498,-2634.618652
0.365762,0.254957,-2624.526855
0.365451,0.260393,-2635.130859
0.367573,0.262979,-2630.166016
0.367573,0.262979,-2626.81543
0.36621,0.259767,-2628.273438
0.365834,0.261183,-2637.388672
0.365834,0.261183,-2626.58252
0.365834,0.261183,-2626.51001
0.365147,0.265234,-2623.109375
0.365147,0.265234,-2620.784668
0.365147,0.265234,-2622.014648
0.363786,0.264807,-2622.962402
0.360826,0.264612,-2626.805176
0.360826,0.264612,-2629.334473
0.362921,0.268106,-2627.595215
0.366826,0.280282,-2629.442139
0.365219,0.271552,-2628.707031
0.365219,0.271552,-2632.746582
0.365219,0.271552,-2635.329346
0.365219,0.271552,-2631.806152
0.36618,0.26997,-2621.561768
0.363501,0.26577,-2630.218506
0.363501,0.26577,-2634.424316
0.363501,0.26577,-2628.70166
0.363636,0.27167,-2624.685059
0.363636,0.27167,-2624.49292
0.364043,0.274336,-2629.442871
0.363899,0.267828,-2623.378418
0.363899,0.267828,-2629.053223
0.361069,0.272796,-2636.934814
0.3634,0.283514,-2628.169922
0.3634,0.283514,-2626.767578
0.3634,0.283514,-2630.903809
0.3634,0.283514,-2627.98291
0.362875,0.275083,-2622.836182
0.368468,0.283961,-2625.410889
0.368468,0.283961,-2628.939941
0.371726,0.286745,-2626.294922
0.369798,0.283825,-2632.045898
0.369798,0.283825,-2626.094727
0.364003,0.277703,-2627.683594
0.364003,0.277703,-2621.95874
0.364003,0.277703,-2625.736816
0.368119,0.282179,-2630.153564
0.369303,0.282608,-2627.956055
0.369303,0.282608,-2624.730957
0.369303,0.282608,-2627.925293
0.369028,0.285753,-2624.970215
0.374188,0.27603,-2629.077881
0.374188,0.27603,-2626.100342
0.374188,0.27603,-2625.205078
0.374188,0.27603,-2627.415039
0.371446,0.277518,-2630.482666
0.366921,0.275316,-2628.759033
0.366921,0.275316,-2623.210693
0.366921,0.275316,-2624.614258
0.36855,0.269957,-2628.171143
0.37274,0.270825,-2624.552979
0.372419,0.265761,-2623.824219
0.372846,0.271464,-2626.810791
0.372851,0.268366,-2625.292969
0.372851,0.268366,-2623.984131
0.37558,0.266521,-2627.293457
0.377421,0.272668,-2626.349854
0.377421,0.272668,-2626.741699
0.377421,0.272668,-2627.515869
0.377421,0.272668,-2626.991699
0.374147,0.268607,-2626.426514
0.374147,0.268607,-2629.342529
0.372166,0.268846,-2625.885254
0.372166,0.268846,-2626.85791
0.372826,0.27034,-2633.388672
0.374851,0.260706,-2624.772461
0.373523,0.268118,-2627.31665
0.370853,0.259745,-2627.177734
0.370853,0.259745,-2628.986816
0.371308,0.274785,-2625.835938
0.36386,0.268555,-2634.40332
0.359577,0.271906,-2624.662598
0.359577,0.271906,-2631.336914
0.358117,0.272374,-2644.450684
0.358117,0.272374,-2631.104492
0.358117,0.272374,-2629.976562
0.360083,0.273189,-2643.445068
0.360083,0.273189,-2636.486816
0.359442,0.28239,-2628.240234
0.360254,0.279155,-2644.526367
0.360254,0.279155,-2630.382324
0.360254,0.279155,-2630.753906
0.357163,0.283531,-2640.345215
0.358137,0.290886,-2649.023682
0.357764,0.299836,-2632.765137
0.357764,0.299836,-2656.138672
0.357764,0.299836,-2624.938965
0.357764,0.299836,-2643.149902
0.357764,0.299836,-2642.786377
0.357764,0.299836,-2634.604004
0.357764,0.299836,-2639.457275
0.357764,0.299836,-2621.870605
0.364104,0.300767,-2639.29834
0.364104,0.300767,-2632.29541
0.362638,0.301914,-2635.914307
0.361736,0.300134,-2636.438965
0.362311,0.298477,-2637.125488
0.362311,0.298477,-2630.738281
0.363808,0.295578,-2634.381836
0.360431,0.305724,-2633.813965
0.362557,0.291571,-2628.080078
0.362014,0.294563,-2635.671387
0.362014,0.294563,-2637.112305
0.362014,0.294563,-2639.823975
0.362014,0.294563,-2628.581055
0.364005,0.283848,-2635.738037
0.36143,0.283953,-2640.770996
0.360917,0.275811,-2629.869873
0.360917,0.275811,-2631.02002
0.361124,0.280221,-2625.253418
0.361124,0.280221,-2627.473633
0.360887,0.279214,-2632.471436
0.359951,0.276859,-2621.236816
0.35672,0.277045,-2637.147461
0.357684,0.284944,-2635.102051
0.357684,0.284944,-2633.603027
0.35879,0.288057,-2627.442627
0.359138,0.287003,-2654.541992
0.359138,0.287003,-2636.052979
0.359138,0.287003,-2640.674072
0.359138,0.287003,-2636.777832
0.360724,0.284665,-2630.343262
0.356213,0.292638,-2640.155273
0.358659,0.29877,-2650.050781
0.354619,0.29334,-2642.551025
0.357464,0.28172,-2628.238037
0.357707,0.283867,-2643.155273
0.357707,0.283867,-2651.341064
0.357214,0.272937,-2631.873047
0.357214,0.272937,-2623.93457
0.357214,0.272937,-2638.626465
0.357287,0.269677,-2644.749756
0.357287,0.269677,-2623.09082
0.357287,0.269677,-2634.752197
0.354615,0.269748,-2638.046143
0.354615,0.269748,-2634.065186
0.357321,0.269206,-2634.647949
0.357321,0.269206,-2630.587646
0.364585,0.267507,-2622.167969
0.364585,0.267507,-2628.464844
0.364585,0.267507,-2639.643066
0.364585,0.267507,-2629.489014
0.364585,0.267507,-2639.338379
0.365423,0.271497,-2628.419922
0.368804,0.268899,-2623.397949
0.368804,0.268899,-2633.089844
0.368804,0.268899,-2622.65918
0.368804,0.268899,-2623.799316
0.370773,0.267392,-2623.499512
0.372902,0.264503,-2624.773438
0.372902,0.264503,-2624.568359
0.375673,0.266809,-2625.657715
0.375673,0.266809,-2626.385742
0.378036,0.269146,-2627.598633
0.375252,0.252702,-2628.408203
0.372017,0.253534,-2624.196045
0.372017,0.253534,-2625.165771
0.372017,0.253534,-2626.881348
0.375456,0.246339,-2628.726074
0.375456,0.246339,-2624.254395
0.37807,0.253858,-2625.382324
0.37807,0.253858,-2628.657227
0.381416,0.258892,-2628.043945
0.381416,0.258892,-2626.69873
0.381416,0.258892,-2628.433105
0.381987,0.25234,-2627.116211
0.381037,0.254037,-2628.839844
0.38086,0.257569,-2628.361816
0.380639,0.26068,-2627.78833
0.380639,0.26068,-2626.415527
0.380639,0.26068,-2626.867188
0.378877,0.270916,-2628.948242
0.375288,0.272474,-2628.178467
0.377834,0.280235,-2627.834473
0.377834,0.280235,-2628.063965
0.379026,0.28822,-2629.885742
0.3785,0.301266,-2631.783203
0.376459,0.293535,-2628.997559
0.381496,0.287503,-2631.518066
0.380975,0.280383,-2630.240234
0.376675,0.274422,-2626.708008
0.377007,0.274681,-2627.239746
0.379009,0.261833,-2627.357178
0.375656,0.266481,-2627.328125
0.375656,0.266481,-2626.68457
0.373768,0.262621,-2625.846191
0.369116,0.261275,-2626.769043
0.369552,0.252817,-2624.29248
0.370667,0.258019,-2623.068604
0.375469,0.262791,-2627.606689
0.377812,0.26886,-2625.907715
0.376673,0.261152,-2625.233887
0.376673,0.261152,-2625.390869
0.37201,0.265648,-2625.713867
0.37201,0.265648,-2628.511719
0.374088,0.268345,-2631.168945
0.374088,0.268345,-2626.052734
0.376858,0.263173,-2625.768555
0.378105,0.265126,-2628.413818
0.378105,0.265126,-2626.444824
0.378105,0.265126,-2626.101562
0.377555,0.254276,-2626.086426
0.377555,0.254276,-2628.163574
0.376243,0.248577,-2626.507568
0.375564,0.251026,-2627.144287
0.375137,0.259702,-2625.442139
0.37306,0.267698,-2626.940186
0.37306,0.267698,-2626.783691
0.37306,0.267698,-2625.696533
0.37696,0.260741,-2626.435059
0.376423,0.254938,-2626.381348
0.376423,0.254938,-2627.481201
0.379882,0.252565,-2627.545166
0.375457,0.250564,-2628.147949
0.375457,0.250564,-2625.829346
0.373848,0.256163,-2626.139648
0.373904,0.249039,-2626.834229
0.373904,0.249039,-2625.139404
0.371857,0.248915,-2625.925781
0.366608,0.247449,-2623.428223
0.37011,0.241728,-2631.725586
0.37011,0.241728,-2625.85498
0.373468,0.251058,-2624.50708
0.374828,0.247511,-2625.27002
0.374828,0.247511,-2624.911133
0.373698,0.249385,-2624.123047
0.373698,0.249385,-2628.591309
0.376082,0.24759,-2625.571289
0.376082,0.24759,-2625.132324
0.376082,0.24759,-2625.76123
0.372155,0.249633,-2623.855957
0.3774,0.242846,-2627.057129
0.379291,0.238795,-2627.363281
0.380259,0.248025,-2626.380859
0.380259,0.248025,-2625.638428
0.376641,0.250726,-2625.319824
0.374754,0.248905,-2625.77417
0.374968,0.233234,-2624.688965
0.373347,0.237679,-2627.422363
0.373342,0.235178,-2624.176514
0.373683,0.24035,-2626.345947
0.373683,0.24035,-2625.973145
0.379208,0.230499,-2627.67334
0.376886,0.235583,-2626.405762
0.380194,0.240012,-2627.808105
0.381132,0.228232,-2629.231934
0.382271,0.234708,-2627.095703
0.380043,0.244778,-2628.349121
0.380043,0.244778,-2627.554199
0.374766,0.250979,-2624.793213
0.373025,0.246734,-2624.431641
0.373327,0.244779,-2627.846191
0.37354,0.24491,-2624.386719
0.375734,0.235244,-2625.889404
0.375622,0.230455,-2626.006348
0.375622,0.230455,-2627.232178
0.375648,0.226686,-2628.815918
0.37443,0.217639,-2626.946289
0.37443,0.217639,-2627.626465
0.37443,0.217639,-2626.11084
0.37443,0.217639,-2626.862549
0.37443,0.217639,-2626.4104
0.378386,0.212739,-2629.030273
0.378386,0.212739,-2628.05542
0.378672,0.222966,-2628.114258
0.378672,0.222966,-2626.517334
0.378563,0.230195,-2625.973633
0.378256,0.236599,-2626.784668
0.377742,0.235559,-2625.385254
0.377742,0.235559,-2626.299316
0.373751,0.225455,-2627.226562
0.375273,0.231871,-2625.669922
0.375273,0.231871,-2625.69043
0.375273,0.231871,-2625.476074
0.37694,0.23727,-2625.963379
0.378272,0.241951,-2626.558105
0.37564,0.240751,-2626.305176
0.37564,0.240751,-2626.185547
0.378583,0.242912,-2628.237793
0.380809,0.247366,-2627.084961
0.382062,0.254854,-2626.405762
0.382062,0.254854,-2627.764648
0.382232,0.259696,-2628.966309
0.38495,0.269679,-2628.900391
0.383861,0.273362,-2629.332275
0.380175,0.25966,-2628.277832
0.381066,0.260252,-2628.422852
0.378493,0.272916,-2627.845703
0.377783,0.291069,-2630.115234
0.375437,0.302904,-2630.39624
0.375437,0.302904,-2628.713623
0.375417,0.295921,-2628.695068
0.373114,0.296432,-2627.090576
0.373114,0.296432,-2628.970459
0.373114,0.296432,-2629.07666
0.373114,0.296432,-2629.186035
0.375748,0.295566,-2630.199463
0.375962,0.294679,-2629.405762
0.376713,0.297931,-2629.847168
0.376713,0.297931,-2631.291992
0.380784,0.299566,-2631.629883
0.380784,0.299566,-2631.753174
0.384571,0.297846,-2632.810059
0.380631,0.291066,-2630.864502
0.385368,0.287592,-2630.727295
0.38171,0.288346,-2631.47998
0.382733,0.284343,-2630.402344
0.379734,0.284165,-2630.42334
0.379734,0.284165,-2630.271973
0.380082,0.281229,-2629.107666
0.378102,0.282241,-2628.949463
0.375471,0.283887,-2628.598145
0.373569,0.286706,-2627.727539
0.373569,0.286706,-2628.333252
0.373676,0.281734,-2630.081299
0.370987,0.2754,-2626.273438
0.366893,0.281003,-2630.277832
0.366893,0.281003,-2624.055664
0.368174,0.280887,-2625.994873
0.368174,0.280887,-2624.849609
0.373429,0.280692,-2629.996338
0.37074,0.282217,-2625.788818
0.372783,0.283772,-2626.194336
0.374577,0.282194,-2628.255859
0.374577,0.282194,-2626.383789
0.374577,0.282194,-2628.252441
0.374577,0.282194,-2628.211426
0.375742,0.285284,-2628.113281
0.37557,0.281452,-2628.864258
0.37557,0.281452,-2626.356689
0.377378,0.276029,-2628.300293
0.372454,0.282493,-2625.560547
0.371082,0.269834,-2625.006836
0.371082,0.269834,-2631.998535
0.376639,0.2693,-2626.019043
0.377114,0.269113,-2625.756348
0.377114,0.269113,-2627.831299
0.374539,0.260403,-2625.015869
0.374539,0.260403,-2626.398926
0.374812,0.257722,-2625.919922
0.375835,0.265124,-2626.179199
0.376482,0.270192,-2628.122559
0.378082,0.273466,-2628.753418
0.379293,0.270213,-2627.529785
0.379293,0.270213,-2626.914307
0.377357,0.271207,-2627.17627
0.37316,0.271238,-2626.799316
0.37316,0.271238,-2631.729736
0.37316,0.271238,-2625.088135
0.37316,0.271238,-2627.911621
0.37316,0.271238,-2627.266602
0.371296,0.274296,-2625.281738
0.370005,0.27677,-2627.48877
0.370005,0.27677,-2624.403564
0.371606,0.280212,-2629.320312
0.371606,0.280212,-2628.08252
0.368748,0.271381,-2625.669678
0.368748,0.271381,-2625.170898
0.364815,0.273425,-2626.77832
0.364815,0.273425,-2630.270996
0.365385,0.26447,-2641.18457
0.365385,0.26447,-2629.713867
0.366725,0.26456,-2630.551758
0.366725,0.26456,-2627.141357
0.366725,0.26456,-2623.438721
0.364301,0.262342,-2624.696045
0.366358,0.26439,-2626.71167
0.36623,0.26531,-2625.169678
0.36623,0.26531,-2636.571045
0.36623,0.26531,-2624.810547
0.36623,0.26531,-2633.054443
0.364552,0.271004,-2639.628174
0.364552,0.271004,-2625.314453
0.364552,0.271004,-2624.997559
0.364552,0.271004,-2635.634521
0.364552,0.271004,-2625.998535
0.364552,0.271004,-2637.919678
0.364552,0.271004,-2629.831787
0.364552,0.271004,-2629.721191
0.364437,0.274246,-2631.254883
0.364962,0.27674,-2629.00293
0.363993,0.278934,-2637.083008
0.367523,0.283593,-2627.57666
0.367523,0.283593,-2625.23584
0.367393,0.283458,-2626.897217
0.367393,0.283458,-2627.750488
0.368781,0.28494,-2625.630371
0.369833,0.293294,-2628.102783
0.369833,0.293294,-2627.650391
0.369833,0.293294,-2628.16333
0.369833,0.293294,-2633.373535
0.368964,0.290388,-2625.56958
0.368746,0.288539,-2628.691406
0.367155,0.283659,-2631.154297
0.364534,0.28158,-2629.237793
0.364534,0.28158,-2633.813477
0.3666,0.278932,-2626.534668
0.368788,0.272488,-2626.662109
0.367382,0.271436,-2623.395508
0.365335,0.283138,-2623.397949
0.362262,0.278971,-2632.369873
0.362262,0.278971,-2631.109375
0.362262,0.278971,-2638.242676
0.366243,0.275971,-2627.959961
0.367042,0.268646,-2626.840088
0.368694,0.273297,-2624.158691
0.367367,0.276553,-2629.094727
0.367367,0.276553,-2630.356445
0.367367,0.276553,-2633.186523
0.367367,0.276553,-2629.219727
0.367367,0.276553,-2630.293945
0.367367,0.276553,-2634.814453
0.371125,0.274207,-2627.665771
0.373155,0.28076,-2625.799072
0.373155,0.28076,-2625.459473
0.374399,0.270383,-2627.794434
0.374821,0.259082,-2629.408936
0.378196,0.256928,-2627.775391
0.378196,0.256928,-2625.975586
0.382572,0.249121,-2628.789551
0.382572,0.249121,-2626.568848
0.380101,0.252999,-2627.548584
0.378614,0.254717,-2625.610107
0.380262,0.254858,-2627.868164
0.380262,0.254858,-2627.265869
0.380262,0.254858,-2627.193359
0.384385,0.258445,-2629.989258
0.384552,0.258822,-2628.669434
0.382152,0.258467,-2626.280518
0.382152,0.258467,-2627.71875
0.381171,0.257769,-2629.442139
0.384532,0.256608,-2627.983398
0.380749,0.258314,-2628.209961
0.3805,0.253984,-2627.355225
0.3805,0.253984,-2628.709717
0.3805,0.253984,-2629.285645
0.376677,0.249656,-2626.154297
0.37848,0.247141,-2627.672852
0.37848,0.247141,-2626.292236
0.37848,0.247141,-2627.197754
0.37848,0.247141,-2627.283936
0.379905,0.24712,-2627.545898
0.375918,0.24254,-2626.912598
0.379621,0.233585,-2627.096191
0.380576,0.226647,-2627.862061
0.378171,0.21457,-2627.1875
0.378171,0.21457,-2627.490967
0.378171,0.21457,-2628.148682
0.378171,0.21457,-2629.525391
0.376976,0.225337,-2626.485352
0.38023,0.22279,-2628.319336
0.379092,0.22206,-2629.938477
0.37908,0.22028,-2628.262695
0.38027,0.216632,-2628.283691
0.382552,0.215782,-2629.438965
0.382552,0.215782,-2630.250977
0.380236,0.211729,-2628.623291
0.382967,0.220557,-2629.268555
0.383098,0.228764,-2628.369873
0.383098,0.228764,-2628.295166
0.385925,0.234343,-2629.836182
0.382665,0.23499,-2629.267578
0.383003,0.23716,-2629.373535
0.382593,0.243766,-2627.54541
0.382221,0.251235,-2627.275879
0.379384,0.262156,-2626.395752
0.378586,0.26186,-2626.815918
0.378586,0.26186,-2627.686035
0.378586,0.26186,-2627.398438
0.380652,0.254377,-2627.785645
0.376502,0.261597,-2627.417969
0.377138,0.267457,-2626.218262
0.377409,0.273855,-2627.226562
0.377021,0.268287,-2628.494385
0.377021,0.268287,-2626.787109
0.375809,0.272819,-2627.7146
0.374889,0.272915,-2628.009033
0.374455,0.26672,-2626.512207
0.370153,0.266973,-2624.883301
0.368851,0.260476,-2628.265625
0.369008,0.260301,-2625.184082
0.369008,0.260301,-2622.996826
0.369008,0.260301,-2627.571533
0.367389,0.262289,-2627.477783
0.367389,0.262289,-2630.677734
0.366017,0.259025,-2621.506348
0.367341,0.248215,-2624.643066
0.367341,0.248215,-2622.736084
0.364917,0.246853,-2626.740234
0.364917,0.246853,-2625.062744
0.364917,0.246853,-2633.404297
0.3651,0.247056,-2627.443115
0.3651,0.247056,-2627.439453
0.363571,0.245576,-2619.938721
0.364803,0.230406,-2619.965576
0.367584,0.233487,-2623.885742
0.367584,0.233487,-2629.023438
0.367584,0.233487,-2624.550537
0.367584,0.233487,-2631.241699
0.367584,0.233487,-2628.12085
0.36883,0.241815,-2623.032715
0.36883,0.241815,-2624.452148
0.364998,0.249556,-2623.822754
0.364998,0.249556,-2625.47876
0.364998,0.249556,-2634.551758
0.368066,0.247881,-2633.17749
0.368066,0.247881,-2625.950684
0.368274,0.236634,-2625.990723
0.368274,0.236634,-2624.241943
0.368274,0.236634,-2621.408203
0.366437,0.229601,-2625.950684
0.369276,0.227125,-2625.464355
0.369276,0.227125,-2624.864746
0.369276,0.227125,-2623.458496
0.369276,0.227125,-2634.984863
0.372893,0.223577,-2625.155029
0.37266,0.223498,-2625.494629
0.373223,0.221149,-2630.405762
0.373223,0.221149,-2624.9104
0.374331,0.214944,-2625.902832
0.374938,0.217248,-2626.026855
0.37561,0.228398,-2626.387207
0.37561,0.228398,-2625.940186
0.37561,0.228398,-2626.379395
0.37561,0.228398,-2625.683105
0.37561,0.228398,-2624.910889
0.372518,0.233981,-2626.273926
0.37255,0.232743,-2627.094971
0.369272,0.241257,-2628.911133
0.368394,0.241706,-2632.38916
0.368394,0.241706,-2627.921387
0.367344,0.241336,-2622.923828
0.367344,0.241336,-2622.352051
0.367344,0.241336,-2622.807373
0.367344,0.241336,-2625.403076
0.365925,0.23845,-2629.802734
0.369267,0.239811,-2624.337646
0.369267,0.239811,-2628.252686
0.372283,0.234605,-2624.299316
0.372283,0.234605,-2630.159424
0.372283,0.234605,-2627.692383
0.372283,0.234605,-2624.523438
0.370638,0.237366,-2624.806885
0.374296,0.236097,-2625.808838
0.378174,0.239757,-2626.159668
0.378174,0.239757,-2626.194336
0.378549,0.24265,-2626.272949
0.381601,0.246169,-2627.70752
0.381601,0.246169,-2626.927002
0.379744,0.237765,-2628.065918
0.379744,0.237765,-2627.594238
0.379512,0.229225,-2626.440918
0.379535,0.227842,-2628.576172
0.37558,0.225308,-2625.588379
0.374015,0.240124,-2626.959473
0.374015,0.240124,-2625.422363
0.374015,0.240124,-2624.077881
0.373971,0.232452,-2624.922363
0.373971,0.232452,-2624.598877
0.373971,0.232452,-2628.187988
0.37331,0.231493,-2624.652588
0.370966,0.219905,-2625.719238
0.370966,0.219905,-2626.40625
0.370966,0.219905,-2632.034668
0.370966,0.219905,-2626.349365
0.373226,0.228123,-2626.204834
0.375285,0.223421,-2625.926758
0.374796,0.225743,-2626.296387
0.3715,0.224615,-2624.026367
0.371113,0.226892,-2624.744385
0.371113,0.226892,-2624.474854
0.373209,0.233637,-2624.485352
0.373683,0.239344,-2626.093506
0.369389,0.250215,-2629.607178
0.37031,0.262667,-2626.15918
0.37031,0.262667,-2622.920898
0.371263,0.2616,-2630.674561
0.373842,0.262413,-2625.597656
0.373842,0.262413,-2624.651367
0.373189,0.262157,-2623.475098
0.372362,0.2637,-2624.05127
0.370807,0.265631,-2627.099121
0.370807,0.265631,-2625.409912
0.37184,0.26464,-2625.494629
0.366924,0.256523,-2623.722412
0.367088,0.258418,-2632.983398
0.368662,0.241761,-2623.911133
0.368662,0.241761,-2622.377441
0.368662,0.241761,-2633.550049
0.368662,0.241761,-2625.385254
0.368662,0.241761,-2624.11084
0.368662,0.241761,-2624.126465
0.368768,0.248415,-2630.998535
0.371368,0.249931,-2623.148926
0.372334,0.24931,-2623.736816
0.377765,0.255041,-2625.590088
0.378425,0.253756,-2626.516357
0.381146,0.257947,-2627.40918
0.381146,0.257947,-2628.143799
0.380889,0.256711,-2627.232422
0.385492,0.25503,-2629.329102
0.381299,0.257003,-2628.509766
0.381299,0.257003,-2627.752441
0.381299,0.257003,-2628.000977
0.381299,0.257003,-2627.404053
0.380052,0.260549,-2628.269531
0.376886,0.267649,-2626.975586
0.375031,0.257397,-2625.900635
0.375185,0.263777,-2625.79248
0.375185,0.263777,-2627.437012
0.373026,0.261543,-2624.793945
0.374538,0.263712,-2624.598389
0.37387,0.257402,-2624.965332
0.37387,0.257402,-2625.144287
0.37387,0.257402,-2626.195801
0.374964,0.256336,-2625.51709
0.374964,0.256336,-2625.784668
0.3721,0.26331,-2625.280273
0.3721,0.26331,-2626.591309
0.370881,0.257597,-2628.405762
0.372915,0.245885,-2624.890869
0.372633,0.248526,-2629.731934
0.373291,0.249768,-2627.713379
0.374691,0.239545,-2624.196777
0.374691,0.239545,-2625.792969
0.377512,0.240055,-2625.285645
0.374567,0.242693,-2626.591309
0.373938,0.242803,-2626.111816
0.374473,0.250381,-2625.025879
0.373819,0.252628,-2625.044678
0.376071,0.251144,-2628.327148
0.376071,0.251144,-2627.511719
0.376071,0.251144,-2625.299316
0.378865,0.25107,-2625.399902
0.378194,0.249332,-2625.695068
0.378194,0.249332,-2627.441162
0.3791,0.257347,-2626.208984
0.3791,0.257347,-2627.089844
0.3791,0.257347,-2626.529297
0.3791,0.257347,-2627.101807
0.379274,0.248012,-2626.417725
0.378896,0.252064,-2625.252441
0.378629,0.250868,-2626.251465
0.381208,0.255214,-2628.336914
0.381208,0.255214,-2627.302246
0.381645,0.253291,-2626.477295
0.380538,0.247952,-2626.46582
0.381398,0.255323,-2627.026367
0.38402,0.255425,-2628.083252
0.38402,0.255425,-2629.363281
0.384315,0.252182,-2628.20459
0.384315,0.252182,-2627.617676
0.385957,0.258054,-2629.198242
0.385957,0.258054,-2629.025635
0.38053,0.245464,-2627.695312
0.37964,0.246099,-2624.960938
0.376033,0.246992,-2625.74707
0.37624,0.25474,-2626.290771
0.37491,0.246844,-2626.474854
0.370367,0.242459,-2623.246094
0.373014,0.238148,-2624.382812
0.378398,0.242009,-2627.312988
0.381164,0.239784,-2627.107422
0.379916,0.236244,-2627.066406
0.379625,0.238685,-2628.330811
0.382828,0.235941,-2628.126465
0.383311,0.23741,-2628.618652
0.383311,0.23741,-2628.38623
0.38255,0.238521,-2628.955078
0.384191,0.236777,-2628.563965
0.381363,0.233257,-2630.168945
0.381363,0.233257,-2628.045898
0.381363,0.233257,-2628.464111
0.380137,0.234975,-2626.482178
0.380137,0.234975,-2627.277832
0.37699,0.246328,-2627.967773
0.374565,0.25455,-2624.791504
0.374565,0.25455,-2624.571045
0.369479,0.244184,-2626.155762
0.368004,0.246026,-2621.935547
0.368004,0.246026,-2625.210449
0.369831,0.241025,-2627.166016
0.364093,0.246539,-2626.560059
0.364696,0.249304,-2633.722656
0.364696,0.249304,-2635.387695
0.365338,0.243546,-2625.62793
0.365338,0.243546,-2625.191406
0.36724,0.240584,-2628.203125
0.368488,0.241587,-2630.506348
0.368488,0.241587,-2633.375732
0.368488,0.241587,-2623.766602
0.36907,0.249036,-2630.288086
0.36907,0.249036,-2625.152344
0.372487,0.246302,-2625.675293
0.367203,0.250659,-2625.535889
0.367203,0.250659,-2622.091064
0.367203,0.250659,-2623.915527
0.367203,0.250659,-2621.92041
0.367203,0.250659,-2627.12207
0.367203,0.250659,-2622.876465
0.368547,0.250945,-2622.802734
0.368547,0.250945,-2623.72583
0.370961,0.246603,-2625.501465
0.37641,0.250792,-2625.014648
0.374105,0.252951,-2624.712891
0.373939,0.25185,-2624.821289
0.373939,0.25185,-2625.454102
0.377247,0.254224,-2625.252197
0.377807,0.247241,-2625.808594
0.380269,0.252394,-2627.595459
0.378657,0.25852,-2627.054688
0.378657,0.25852,-2627.959961
0.378657,0.25852,-2626.062256
0.37914,0.258294,-2626.718994
0.381133,0.255295,-2628.13623
0.381133,0.255295,-2628.021484
0.378473,0.255283,-2626.55957
0.378473,0.255283,-2625.623291
0.378109,0.254552,-2629.303223
0.380514,0.247762,-2626.869629
0.380514,0.247762,-2626.891602
0.380514,0.247762,-2625.595215
0.380514,0.247762,-2627.266602
0.3808,0.254851,-2626.798828
0.3808,0.254851,-2626.791992
0.3808,0.254851,-2626.199219
0.382164,0.254922,-2628.196289
0.3776,0.255568,-2626.9104
0.376328,0.256319,-2626.876465
0.376328,0.256319,-2626.308105
0.378065,0.247771,-2626.090088
0.378255,0.24355,-2626.805908
0.375988,0.244184,-2626.199463
0.375988,0.244184,-2627.797363
0.378433,0.249856,-2628.357422
0.372041,0.257923,-2627.246094
0.372041,0.257923,-2628.947266
0.369197,0.271089,-2627.302979
0.369197,0.271089,-2633.384277
0.370974,0.274401,-2626.928223
0.367928,0.265118,-2623.199219
0.367928,0.265118,-2624.304932
0.363983,0.264425,-2623.333008
0.363983,0.264425,-2627.679443
0.364867,0.279509,-2622.809082
0.361099,0.275355,-2640.550293
0.361552,0.276051,-2640.660156
0.366025,0.284364,-2631.84082
0.366025,0.284364,-2629.774414
0.366025,0.284364,-2627.228516
0.366273,0.286763,-2623.93042
0.366933,0.281907,-2630.227051
0.366642,0.27183,-2625.247559
0.367983,0.270633,-2627.672363
0.366648,0.276545,-2630.982422
0.366648,0.276545,-2624.828125
0.365804,0.27193,-2624.291992
0.365804,0.27193,-2623.306152
0.365804,0.27193,-2625.054199
0.364199,0.275108,-2630.517578
0.367797,0.272293,-2627.27002
0.367797,0.272293,-2624.484863
0.367797,0.272293,-2624.947021
0.367797,0.272293,-2630.901367
0.367797,0.272293,-2633.992188
0.367977,0.277222,-2627.472656
0.367977,0.277222,-2630.839844
0.365731,0.271788,-2623.698242
0.36665,0.269885,-2623.147461
0.367354,0.261535,-2624.270996
0.368703,0.25504,-2626.460449
0.372399,0.254419,-2624.40625
0.369208,0.245068,-2625.272217
0.368178,0.244812,-2631.769531
0.369651,0.24391,-2626.645508
0.366227,0.233581,-2631.29834
0.373611,0.237462,-2625.420654
0.373611,0.237462,-2625.343262
0.3733,0.252272,-2625.316895
0.371832,0.260391,-2624.153564
0.372764,0.260741,-2626.106934
0.375547,0.257834,-2625.271973
0.375547,0.257834,-2626.731201
0.375547,0.257834,-2625.971191
0.375547,0.257834,-2624.685059
0.376242,0.257742,-2626.083252
0.375582,0.25484,-2624.764648
0.375582,0.25484,-2625.918213
0.375582,0.25484,-2626.109375
0.37725,0.248713,-2626.056396
0.37725,0.248713,-2626.005127
0.376444,0.249259,-2626.26416
0.379832,0.251965,-2626.721191
0.379832,0.251965,-2626.970703
0.380419,0.250699,-2628.976807
0.381408,0.243855,-2628.291016
0.381408,0.243855,-2627.294434
0.378279,0.239382,-2626.592773
0.375329,0.244005,-2626.03833
0.378976,0.243832,-2625.9375
0.379107,0.249919,-2628.464355
0.379377,0.246144,-2628.322754
0.379377,0.246144,-2625.607422
0.377757,0.247373,-2626.166504
0.377757,0.247373,-2626.075684
0.377757,0.247373,-2625.525879
0.377385,0.242823,-2627.601562
0.375253,0.249515,-2623.557373
0.375253,0.249515,-2625.498291
0.376562,0.261606,-2626.793945
0.376562,0.261606,-2626.435059
0.376562,0.261606,-2627.958984
0.37734,0.251568,-2626.218018
0.37734,0.251568,-2627.033936
0.37734,0.251568,-2625.804932
0.37734,0.251568,-2626.37207
0.37734,0.251568,-2626.550293
0.379133,0.254816,-2628.675293
0.379133,0.254816,-2627.00708
0.379025,0.248997,-2626.432861
0.375605,0.239916,-2626.875977
0.380991,0.243053,-2627.792725
0.378483,0.243835,-2626.891602
0.379219,0.244789,-2627.543457
0.377621,0.244675,-2627.486816
0.379674,0.247506,-2626.949707
0.37847,0.244825,-2626.156738
0.3799,0.240813,-2627.271973
0.378275,0.241759,-2626.314941
0.378669,0.231327,-2626.431396
0.374885,0.238727,-2625.941406
0.374885,0.238727,-2626.953613
0.374885,0.238727,-2626.064941
0.374885,0.238727,-2624.023193
0.374885,0.238727,-2625.322266
0.376624,0.237737,-2625.67334
0.378632,0.235152,-2627.318359
0.380422,0.223234,-2628.184082
0.380618,0.217466,-2628.877686
0.381902,0.223292,-2628.490234
0.380005,0.223806,-2627.212891
0.380846,0.229628,-2627.757324
0.38261,0.231686,-2627.551025
0.381854,0.235548,-2628.152344
0.382858,0.231264,-2628.865234
0.379984,0.236978,-2627.271973
0.376163,0.246573,-2624.955322
0.376163,0.246573,-2625.724609
0.379504,0.252132,-2626.627686
0.377964,0.253799,-2624.86377
0.378595,0.251088,-2627.955078
0.378595,0.251088,-2626.525879
0.382669,0.243869,-2627.668701
0.381659,0.254323,-2627.57666
0.380957,0.262295,-2628.425293
0.380957,0.262295,-2628.604248
0.382254,0.255563,-2627.908203
0.382534,0.251998,-2628.383789
0.380424,0.2511,-2628.72168
0.384791,0.259197,-2630.395996
0.384791,0.259197,-2628.755371
0.384157,0.264789,-2628.925293
0.384007,0.268516,-2628.697266
0.389908,0.270185,-2631.028809
0.388913,0.265777,-2631.037109
0.388913,0.265777,-2630.812988
0.388913,0.265777,-2630.234863
0.388913,0.265777,-2632.32373
0.388913,0.265777,-2629.939209
0.388003,0.272226,-2630.096924
0.388634,0.267454,-2631.381104
0.388634,0.267454,-2629.972168
0.386324,0.282293,-2630.5354
0.383728,0.277622,-2629.690674
0.384837,0.27297,-2629.254883
0.385706,0.287556,-2630.645508
0.385696,0.286896,-2632.278076
0.386487,0.286598,-2630.662842
0.385414,0.288342,-2631.166992
0.385414,0.288342,-2631.033203
0.384318,0.282782,-2630.481201
0.384318,0.282782,-2630.8479
0.379806,0.281136,-2630.4104
0.381014,0.285583,-2629.603027
0.381014,0.285583,-2629.728027
0.378882,0.278626,-2628.171387
0.376657,0.274424,-2629.287354
0.377543,0.268577,-2626.571045
0.377543,0.268577,-2628.662109
0.377543,0.268577,-2628.41748
0.377543,0.268577,-2629.285156
0.377684,0.271822,-2627.088135
0.377465,0.272643,-2626.842285
0.376195,0.268588,-2627.213867
0.376195,0.268588,-2625.974365
0.376195,0.268588,-2625.386475
0.376323,0.269076,-2624.586182
0.376323,0.269076,-2626.32959
0.378751,0.267423,-2627.329102
0.378057,0.272997,-2627.828613
0.378352,0.276282,-2627.525391
0.378352,0.276282,-2626.970215
0.378352,0.276282,-2627.535156
0.378352,0.276282,-2625.583008
0.38219,0.26844,-2628.262939
0.38219,0.26844,-2628.642578
0.378752,0.274087,-2628.057373
0.378752,0.274087,-2628.22168
0.381666,0.273402,-2629.376709
0.377708,0.271238,-2627.543701
0.377708,0.271238,-2629.892334
0.377708,0.271238,-2627.89624
0.376382,0.268679,-2629.604736
0.376382,0.268679,-2625.853027
0.376382,0.268679,-2626.928223
0.380903,0.268235,-2627.734863
0.379546,0.267999,-2627.744141
0.379546,0.267999,-2626.821289
0.381967,0.26651,-2627.260254
0.381967,0.26651,-2628.15918
0.381967,0.26651,-2628.375244
0.379282,0.257911,-2627.846191
0.378956,0.263263,-2628.385742
0.378956,0.263263,-2627.532715
0.375931,0.26394,-2625.163574
0.375931,0.26394,-2625.699463
0.372765,0.279353,-2627.122803
0.372794,0.279856,-2627.983643
0.368736,0.270464,-2629.589844
0.368736,0.270464,-2622.81543
0.368736,0.270464,-2624.493164
0.369274,0.268267,-2628.089111
0.369274,0.268267,-2627.078369
0.366292,0.279515,-2627.129395
0.364758,0.282118,-2624.672852
0.364341,0.281695,-2622.450684
0.364341,0.281695,-2633.044434
0.364724,0.280719,-2628.841797
0.364724,0.280719,-2628.520752
0.364724,0.280719,-2629.32251
0.366603,0.279266,-2630.504639
0.367206,0.278903,-2630.258301
0.368998,0.274799,-2635.965332
0.368998,0.274799,-2624.128174
0.370694,0.275146,-2624.602051
0.370694,0.275146,-2625.921631
0.369505,0.274269,-2628.684814
0.368149,0.269161,-2624.558594
0.368149,0.269161,-2622.77124
0.368149,0.269161,-2626.105957
0.370482,0.264716,-2624.963379
0.370482,0.264716,-2623.719238
0.369179,0.26817,-2624.540771
0.369179,0.26817,-2626.349609
0.369179,0.26817,-2637.324951
0.369152,0.266282,-2630.590576
0.369152,0.266282,-2624.201416
0.369152,0.266282,-2624.78418
0.372943,0.274395,-2624.215576
0.371023,0.278477,-2630.831299
0.371023,0.278477,-2628.819336
0.369485,0.273524,-2624.646484
0.365721,0.273346,-2622.899658
0.365721,0.273346,-2621.794678
0.366892,0.277431,-2633.848389
0.366892,0.277431,-2635.175537
0.3688,0.280193,-2625.32959
0.3688,0.280193,-2626.985596
0.370201,0.29014,-2629.050293
0.369626,0.291613,-2627.794922
0.369367,0.28655,-2633.509766
0.369367,0.28655,-2628.845215
0.369897,0.275355,-2629.522949
0.369897,0.275355,-2624.246338
0.369897,0.275355,-2626.180664
0.369897,0.275355,-2628.814697
0.369897,0.275355,-2624.569092
0.369897,0.275355,-2630.189941
0.369897,0.275355,-2630.099609
0.369897,0.275355,-2629.22876
0.369897,0.275355,-2625.97876
0.368992,0.284364,-2626.780762
0.368992,0.284364,-2626.673828
0.367977,0.281398,-2631.525391
0.368239,0.281527,-2629.367188
0.373008,0.278143,-2629.448242
0.371752,0.270729,-2629.992676
0.371752,0.270729,-2626.866455
0.368246,0.267982,-2627.801514
0.368246,0.267982,-2629.817871
0.371555,0.271687,-2625.286133
0.371555,0.271687,-2631.672852
0.371555,0.271687,-2629.788818
0.371555,0.271687,-2629.039062
0.375785,0.27319,-2628.722168
0.381449,0.28455,-2631.384277
0.380343,0.282317,-2631.150146
0.376046,0.285304,-2626.608887
0.376046,0.285304,-2629.32373
0.371439,0.282874,-2629.049316
0.37214,0.288926,-2625.477539
0.37214,0.288926,-2629.619385
0.37214,0.288926,-2629.937012
0.37214,0.288926,-2628.066895
0.375942,0.288567,-2627.796875
0.375075,0.288444,-2629.367188
0.375888,0.284819,-2629.146484
0.375194,0.287965,-2627.791504
0.370071,0.295974,-2626.508301
0.371237,0.3005,-2628.203125
0.373002,0.301063,-2628.13501
0.373002,0.301063,-2630.052246
0.373002,0.301063,-2629.65332
0.37389,0.314802,-2633.14209
0.37389,0.314802,-2632.054688
0.37389,0.314802,-2632.167725
0.375434,0.309255,-2633.291992
0.36957,0.311086,-2634.075684
0.36957,0.311086,-2628.864746
0.371763,0.306309,-2629.881592
0.370824,0.306208,-2638.661377
0.370548,0.300541,-2628.947998
0.368185,0.301764,-2633.244873
0.370579,0.295121,-2633.94043
0.370579,0.295121,-2629.740723
0.370579,0.295121,-2626.514404
0.370579,0.295121,-2633.185059
0.370579,0.295121,-2628.6604
0.369766,0.300423,-2630.65332
0.369766,0.300423,-2625.632324
0.369766,0.300423,-2625.669434
0.373417,0.301897,-2631.269531
0.375867,0.294382,-2627.619629
0.375867,0.294382,-2629.506836
0.379042,0.286846,-2629.259277
0.377789,0.285013,-2628.096436
0.377789,0.285013,-2627.696289
0.377789,0.285013,-2629.086426
0.37837,0.282656,-2628.785645
0.37837,0.282656,-2629.589355
0.380707,0.278344,-2627.519775
0.377983,0.274155,-2628.931152
0.377035,0.280278,-2628.91748
0.374789,0.283296,-2628.001465
0.374126,0.281446,-2626.60498
0.372037,0.284661,-2625.728516
0.372037,0.284661,-2626.728516
0.371153,0.281076,-2626.030762
0.371153,0.281076,-2628.076904
0.371153,0.281076,-2626.759277
0.366886,0.277368,-2627.630127
0.36991,0.274577,-2624.847168
0.36991,0.274577,-2627.912842
0.36991,0.274577,-2625.733887
0.370551,0.280504,-2634.05542
0.370551,0.280504,-2624.727051
0.374812,0.280194,-2627.00293
0.379537,0.281238,-2628.197754
0.37674,0.285469,-2629.505859
0.37674,0.285469,-2627.466553
0.37674,0.285469,-2629.618164
0.377167,0.288653,-2628.441895
0.377167,0.288653,-2628.497559
0.377338,0.289167,-2627.635742
0.378349,0.287272,-2632.250732
0.378349,0.287272,-2630.870117
0.377938,0.275503,-2626.938965
0.379079,0.266888,-2628.75415
0.377304,0.267277,-2628.133545
0.377304,0.267277,-2627.5625
0.377304,0.267277,-2627.383545
0.377304,0.267277,-2626.123779
0.377304,0.267277,-2625.892578
0.377304,0.267277,-2626.703125
0.377304,0.267277,-2625.734863
0.378195,0.270187,-2627.958984
0.378195,0.270187,-2627.660645
0.37795,0.270143,-2628.195801
0.383262,0.275368,-2630.39502
0.377525,0.284435,-2628.249268
0.377525,0.284435,-2628.85376
0.377525,0.284435,-2626.197754
0.378549,0.280798,-2627.039551
0.380899,0.279249,-2629.271973
0.378412,0.277167,-2628.5625
0.378718,0.288913,-2629.005371
0.378988,0.280486,-2629.762695
0.377594,0.285236,-2629.67041
0.379944,0.273751,-2626.824219
0.379944,0.273751,-2627.637695
0.378173,0.269472,-2628.374756
0.380948,0.263829,-2627.40918
0.380948,0.263829,-2627.477051
0.385852,0.261275,-2627.833252
0.385736,0.277129,-2630.474121
0.382829,0.282728,-2630.339355
0.382355,0.279528,-2630.6875
0.382355,0.279528,-2630.064453
0.381621,0.275661,-2629.144531
0.381621,0.275661,-2629.158691
0.383122,0.266856,-2629.477051
0.385178,0.26803,-2629.366211
0.385178,0.26803,-2629.560547
0.385178,0.26803,-2629.26709
0.385918,0.256062,-2629.73291
0.385918,0.256062,-2629.164551
0.380586,0.254832,-2627.208984
0.378739,0.253894,-2625.623779
0.376808,0.245831,-2626.742188
0.376808,0.245831,-2626.480469
0.380563,0.244858,-2627.318115
0.377212,0.247053,-2625.435791
0.379025,0.250676,-2626.674805
0.379412,0.2463,-2626.501953
0.379412,0.2463,-2626.35083
0.383228,0.239506,-2628.959961
0.38581,0.236865,-2629.771973
0.38581,0.236865,-2628.429443
0.384606,0.235499,-2629.765869
0.384472,0.22006,-2628.693604
0.382755,0.220839,-2630.025391
0.382755,0.220839,-2628.616943
0.378876,0.220212,-2627.020996
0.378101,0.229772,-2628.63501
0.377239,0.226137,-2627.300781
0.379797,0.229276,-2628.663574
0.379217,0.22442,-2628.353516
0.379217,0.22442,-2628.036133
0.376774,0.227409,-2626.723633
0.376774,0.227409,-2625.799805
0.375069,0.22927,-2626.400391
0.375069,0.22927,-2626.237305
0.379099,0.22892,-2626.479492
0.379782,0.224727,-2627.401855
0.376511,0.22209,-2626.714844
0.376511,0.22209,-2626.088623
0.376511,0.22209,-2626.932861
0.376511,0.22209,-2625.270508
0.376511,0.22209,-2628.043457
0.372436,0.219681,-2625.715088
0.372724,0.232352,-2623.831055
0.371559,0.231771,-2624.219971
0.370476,0.234459,-2624.749512
0.368465,0.221809,-2628.767578
0.368465,0.221809,-2623.605469
0.368465,0.221809,-2623.355469
0.366438,0.23181,-2623.390625
0.368914,0.234838,-2627.425781
0.368914,0.234838,-2625.708984
0.370909,0.238659,-2623.844238
0.370909,0.238659,-2629.774414
0.370909,0.238659,-2626.282959
0.370909,0.238659,-2622.025879
0.370909,0.238659,-2624.846191
0.369828,0.245683,-2625.53418
0.369828,0.245683,-2623.481934
0.369828,0.245683,-2628.582275
0.367492,0.244795,-2624.116211
0.367492,0.244795,-2624.405273
0.370097,0.244053,-2625.682617
0.367922,0.244052,-2621.442871
0.367922,0.244052,-2630.584961
0.371814,0.249829,-2628.004883
0.369301,0.245308,-2625.243896
0.369301,0.245308,-2626.327637
0.369301,0.245308,-2624.737793
0.367492,0.223748,-2623.678711
0.367492,0.223748,-2627.026367
0.367492,0.223748,-2636.200195
0.367492,0.223748,-2625.878418
0.367492,0.223748,-2629.347168
0.367492,0.223748,-2623.80835
0.368806,0.233031,-2624.931641
0.367426,0.239272,-2629.148682
0.369214,0.232207,-2623.349121
0.369214,0.232207,-2628.538818
0.369214,0.232207,-2625.016602
0.370268,0.224048,-2624.291016
0.370268,0.224048,-2624.335449
0.367906,0.221333,-2623.293701
0.36761,0.219389,-2635.197754
0.372434,0.222206,-2628.64209
0.372582,0.241662,-2629.645264
0.373623,0.251444,-2624.770508
0.376472,0.251677,-2625.746826
0.374069,0.253421,-2624.764404
0.372746,0.249957,-2626.217285
0.372746,0.249957,-2625.193604
0.372746,0.249957,-2624.117676
0.372746,0.249957,-2623.215576
0.372746,0.249957,-2622.918945
0.367989,0.252128,-2627.513916
0.371053,0.25231,-2626.844238
0.371053,0.25231,-2624.775146
0.370116,0.247042,-2626.825684
0.371999,0.243265,-2623.962402
0.371999,0.243265,-2624.750732
0.371999,0.243265,-2623.749756
0.370549,0.241944,-2624.765869
0.370549,0.241944,-2623.459473
0.370549,0.241944,-2624.682373
0.370498,0.237688,-2622.773193
0.370498,0.237688,-2625.717529
0.370498,0.237688,-2623.559326
0.370498,0.237688,-2623.774902
0.367845,0.237864,-2623.186035
0.368447,0.234941,-2621.37793
0.367326,0.24115,-2631.160156
0.367326,0.24115,-2622.384766
0.367326,0.24115,-2635.242432
0.36815,0.240844,-2625.538574
0.367334,0.238645,-2627.777344
0.366785,0.23289,-2631.576172
0.366785,0.23289,-2630.891113
0.371975,0.237078,-2629.000488
0.369581,0.236049,-2623.165527
0.369188,0.234936,-2625.730225
0.370048,0.231028,-2622.96875
0.370048,0.231028,-2627.586914
0.370048,0.231028,-2628.725098
0.370048,0.231028,-2636.764648
0.371471,0.234338,-2623.847168
0.369044,0.228721,-2624.330566
0.36627,0.228442,-2626.201172
0.36627,0.228442,-2625.860107
0.367432,0.240728,-2622.078613
0.370406,0.235166,-2628.013184
0.370786,0.232621,-2622.473145
0.370786,0.232621,-2623.210449
0.370786,0.232621,-2629.014648
0.370786,0.232621,-2627.438477
0.374,0.228567,-2630.87207
0.374,0.228567,-2627.150879
0.375349,0.222585,-2625.380859
0.37852,0.220367,-2626.7229
0.376609,0.223459,-2626.609131
0.376609,0.223459,-2627.02002
0.376609,0.223459,-2626.602539
0.376609,0.223459,-2625.629395
0.37595,0.228586,-2624.077148
0.375241,0.224344,-2626.837891
0.376045,0.227593,-2629.332764
0.377953,0.22252,-2627.446045
0.377953,0.22252,-2627.601562
0.373,0.220962,-2625.829102
0.37559,0.226858,-2625.487793
0.37559,0.226858,-2626.19873
0.374901,0.227155,-2626.149902
0.376234,0.22807,-2626.502197
0.376234,0.22807,-2629.459473
0.376515,0.234882,-2625.09668
0.376826,0.232428,-2626.181641
0.376826,0.232428,-2626.356201
0.376826,0.232428,-2626.432129
0.37812,0.234285,-2627.927002
0.377967,0.239439,-2625.304688
0.375611,0.247436,-2624.746094
0.380357,0.245984,-2626.575684
0.378478,0.248666,-2626.229248
0.377066,0.250144,-2627.117432
0.380423,0.247103,-2625.885742
0.380433,0.24025,-2626.330811
0.380433,0.24025,-2626.952881
0.381422,0.246374,-2627.633789
0.382407,0.248013,-2629.35083
0.384871,0.249285,-2628.78125
0.384769,0.240528,-2628.320801
0.3829,0.238327,-2628.558105
0.381924,0.237152,-2627.501221
0.381924,0.237152,-2627.321289
0.381609,0.238323,-2628.477539
0.3793,0.239374,-2626.819824
0.375533,0.242724,-2626.84668
0.375851,0.239184,-2626.813721
0.373959,0.242336,-2624.155762
0.378119,0.237047,-2626.243652
0.378472,0.233766,-2626.439941
0.380175,0.248348,-2627.092285
0.378547,0.245465,-2626.390137
0.37908,0.245258,-2628.194824
0.37601,0.247398,-2626.866211
0.370873,0.253036,-2625.415527
0.370873,0.253036,-2627.372314
0.37367,0.253794,-2625.008789
0.373777,0.259966,-2624.142578
0.374288,0.256323,-2623.893555
0.374288,0.256323,-2626.994629
0.374524,0.253422,-2626.521973
0.377097,0.257021,-2624.955322
0.377135,0.26453,-2625.559082
0.375613,0.270426,-2626.186035
0.373425,0.253421,-2624.897461
0.37378,0.250015,-2623.191406
0.376463,0.242926,-2626.025391
0.376463,0.242926,-2625.539551
0.378267,0.245045,-2625.503662
0.376198,0.247959,-2625.973145
0.372392,0.242028,-2624.133789
0.372392,0.242028,-2626.757324
0.372392,0.242028,-2623.800293
0.372392,0.242028,-2623.56958
0.374715,0.238952,-2627.958008
0.378819,0.23957,-2625.092285
0.378819,0.23957,-2627.702393
0.379703,0.237796,-2626.430664
0.382196,0.230456,-2628.748535
0.384989,0.245201,-2628.322754
0.383172,0.254512,-2628.20752
0.379667,0.256927,-2629.904297
0.379974,0.251198,-2628.060059
0.379974,0.251198,-2626.719727
0.379974,0.251198,-2626.486328
0.378646,0.24501,-2626.985107
0.378646,0.24501,-2626.899902
0.377672,0.249051,-2626.156982
0.377672,0.249051,-2626.431885
0.377777,0.243868,-2626.445068
0.377777,0.243868,-2626.181641
0.376302,0.239428,-2627.881348
0.376302,0.239428,-2626.032715
0.376302,0.239428,-2626.045898
0.376302,0.239428,-2625.431885
0.376302,0.239428,-2626.193359
0.376302,0.239428,-2625.834961
0.376302,0.239428,-2626.09082
0.376302,0.239428,-2624.736816
0.378131,0.247391,-2626.832031
0.378131,0.247391,-2625.735352
0.378131,0.247391,-2625.601562
0.376377,0.242749,-2625.554688
0.37786,0.242987,-2625.553711
0.37786,0.242987,-2625.563477
0.37786,0.242987,-2624.911133
0.377296,0.249725,-2626.343506
0.373133,0.237849,-2625.374512
0.373133,0.237849,-2625.285156
0.373133,0.237849,-2625.111328
0.372766,0.236871,-2625.915039
0.372766,0.236871,-2624.485352
0.372766,0.236871,-2628.431885
0.377175,0.239311,-2625.80835
0.378605,0.237357,-2627.416992
0.378488,0.234844,-2626.772949
0.378488,0.234844,-2625.396484
0.378488,0.234844,-2626.255859
0.375224,0.229262,-2628.241943
0.375224,0.229262,-2628.138428
0.379646,0.233416,-2626.484863
0.376806,0.2252,-2626.653809
0.376806,0.2252,-2627.437012
0.376965,0.217314,-2627.07959
0.376965,0.217314,-2627.610352
0.374634,0.214264,-2626.087158
0.374634,0.214264,-2626.637207
0.374634,0.214264,-2627.549316
0.374634,0.214264,-2627.128906
0.374634,0.214264,-2626.171143
0.374634,0.214264,-2627.985352
0.376799,0.22851,-2629.19043
0.375935,0.230178,-2626.515381
0.375935,0.230178,-2626.28418
0.380871,0.222174,-2628.160645
0.378716,0.237568,-2625.459961
0.385429,0.237255,-2628.989502
0.385429,0.237255,-2627.875488
0.385748,0.241729,-2628.371094
0.384344,0.239686,-2627.933838
0.383833,0.245311,-2628.491699
0.383833,0.245311,-2629.318359
0.38475,0.254686,-2631.555908
0.383036,0.257586,-2629.378906
0.381589,0.252326,-2627.541016
0.381589,0.252326,-2627.342285
0.381378,0.238767,-2628.234863
0.381378,0.238767,-2628.471191
0.380684,0.239314,-2627.130859
0.382661,0.234905,-2627.09082
0.38019,0.240349,-2627.785645
0.38019,0.240349,-2627.290527
0.38019,0.240349,-2627.982178
0.38019,0.240349,-2626.253174
0.38019,0.240349,-2625.613281
0.378132,0.242737,-2625.916992
0.377097,0.242869,-2626.389648
0.377097,0.242869,-2624.727539
0.377097,0.242869,-2625.186523
0.379272,0.237447,-2627.322266
0.380545,0.223303,-2627.68335
0.381013,0.226539,-2628.942871
0.383476,0.227687,-2628.562012
0.381072,0.223422,-2627.965088
0.379755,0.221696,-2627.762207
0.381177,0.233333,-2627.481445
0.381339,0.233677,-2627.282227
0.383473,0.233682,-2627.601562
0.384304,0.227066,-2628.963623
0.38531,0.22892,-2629.636719
0.386509,0.223268,-2629.741211
0.389278,0.219442,-2630.789062
0.389278,0.219442,-2631.365234
0.388815,0.214778,-2631.570801
0.391725,0.225239,-2631.886719
0.393347,0.225655,-2630.637207
0.392071,0.222482,-2632.939941
0.38947,0.221241,-2631.617188
0.385153,0.220007,-2629.608887
0.383337,0.214281,-2628.375488
0.387379,0.21184,-2631.842773
0.387379,0.21184,-2630.192627
0.386404,0.210122,-2631.786377
0.388236,0.217141,-2631.515137
0.386845,0.224441,-2629.965088
0.386845,0.224441,-2629.239258
0.381336,0.225416,-2627.392578
0.381339,0.228339,-2629.131348
0.379916,0.221934,-2627.36499
0.379916,0.221934,-2627.714355
0.379318,0.223623,-2628.204102
0.379318,0.223623,-2628.117432
0.379318,0.223623,-2627.470215
0.379318,0.223623,-2628.005371
0.378027,0.224407,-2628.058105
0.381962,0.219703,-2628.11377
0.379405,0.219443,-2627.325684
0.377881,0.222268,-2629.047852
0.379977,0.231482,-2626.624023
0.382446,0.238489,-2627.557373
0.382446,0.238489,-2627.861572
0.382363,0.2346,-2628.685059
0.38222,0.233942,-2627.811768
0.384063,0.240356,-2627.873779
0.384063,0.240356,-2627.400391
0.384131,0.24232,-2628.462402
0.386028,0.240678,-2629.234863
0.386028,0.240678,-2627.533203
0.386597,0.242381,-2629.178711
0.383775,0.24507,-2629.554443
0.383775,0.24507,-2627.991211
0.381259,0.253455,-2626.81958
0.380894,0.247448,-2625.884521
0.378765,0.259228,-2627.520264
0.373748,0.263142,-2626.095703
0.373748,0.263142,-2624.820801
0.37592,0.266126,-2628.258545
0.376979,0.266539,-2626.929443
0.377689,0.269449,-2627.643066
0.377689,0.269449,-2629.294678
0.377689,0.269449,-2627.567139
0.376239,0.271638,-2628.133789
0.376239,0.271638,-2627.091797
0.376239,0.271638,-2628.713867
0.377006,0.275749,-2628.933105
0.376472,0.271425,-2626.774658
0.376472,0.271425,-2627.462158
0.371921,0.26667,-2624.685547
0.372805,0.263663,-2625.154297
0.373046,0.261561,-2628.864258
0.374567,0.264271,-2627.515869
0.373716,0.266333,-2629.824951
0.373716,0.266333,-2625.797363
0.371981,0.2659,-2625.089844
0.371981,0.2659,-2624.275635
0.373363,0.264967,-2625.936035
0.373363,0.264967,-2628.599854
0.36701,0.260009,-2627.881348
0.36701,0.260009,-2621.297363
0.368504,0.266926,-2624.49707
0.368504,0.266926,-2630.138428
0.368504,0.266926,-2629.1604
0.368504,0.266926,-2623.647461
0.368718,0.264986,-2623.254639
0.368718,0.264986,-2625.627686
0.368718,0.264986,-2634.110352
0.372823,0.25891,-2624.97876
0.372823,0.25891,-2624.75415
0.372823,0.25891,-2625.663086
0.367617,0.25499,-2627.751465
0.367734,0.261924,-2632.105957
0.367734,0.261924,-2628.485352
0.367734,0.261924,-2622.695068
0.367734,0.261924,-2630.08252
0.367435,0.271564,-2625.844238
0.368718,0.273196,-2626.273438
0.366002,0.278792,-2625.779297
0.364252,0.27691,-2634.232422
0.367638,0.277148,-2624.910156
0.367638,0.277148,-2623.475098
0.367638,0.277148,-2627.49707
0.366239,0.282898,-2630.748779
0.366239,0.282898,-2626.086426
0.366713,0.273105,-2632.38916
0.366713,0.273105,-2628.763672
0.366713,0.273105,-2624.768555
0.366713,0.273105,-2624.673584
0.367175,0.275977,-2637.48584
0.365859,0.267879,-2632.087891
0.365859,0.267879,-2627.441406
0.36577,0.272698,-2623.666748
0.362863,0.274857,-2624.874512
0.365264,0.266056,-2630.997314
0.367195,0.269168,-2623.364746
0.367195,0.269168,-2628.355957
0.367195,0.269168,-2625.513916
0.367195,0.269168,-2627.248291
0.367195,0.269168,-2635.922607
0.367195,0.269168,-2630.922363
0.367195,0.269168,-2623.837891
0.36999,0.270898,-2626.771973
0.36999,0.270898,-2627.176758
0.371032,0.269938,-2626.408447
0.369434,0.265734,-2625.655762
0.369434,0.265734,-2622.981934
0.369434,0.265734,-2625.89917
0.369885,0.258043,-2623.112061
0.370907,0.253219,-2624.401855
0.370907,0.253219,-2624.36792
0.368813,0.254759,-2631.026855
0.368813,0.254759,-2623.023682
0.367537,0.251413,-2625.808838
0.364742,0.23993,-2630.412354
0.364742,0.23993,-2630.705566
0.361772,0.234243,-2626.660645
0.359151,0.23825,-2625.881836
0.359151,0.23825,-2622.958496
0.361027,0.23629,-2628.723633
0.361466,0.235541,-2624.063965
0.361466,0.235541,-2627.985596
0.361466,0.235541,-2628.202148
0.361466,0.235541,-2643.16333
0.363551,0.222171,-2635.546387
0.363551,0.222171,-2622.379395
0.365881,0.2251,-2641.78418
0.364156,0.215785,-2628.190918
0.362669,0.217245,-2630.139648
0.362669,0.217245,-2630.05835
0.362738,0.223115,-2626.966797
0.3634,0.225997,-2630.768555
0.3634,0.225997,-2631.96167
0.363717,0.221648,-2626.814453
0.359953,0.217633,-2625.576904
0.357371,0.210414,-2638.972412
0.359318,0.215213,-2629.620605
0.362667,0.208798,-2639.634033
0.362667,0.208798,-2633.699707
0.362667,0.208798,-2633.267578
0.362667,0.208798,-2631.681641
0.356772,0.209689,-2638.647949
0.356772,0.209689,-2645.530029
0.360171,0.206683,-2629.855957
0.360171,0.206683,-2638.299805
0.359013,0.199816,-2650.460449
0.359013,0.199816,-2634.92627
0.356409,0.19395,-2641.435059
0.354917,0.196128,-2645.196777
0.354917,0.196128,-2659.757324
0.355983,0.195228,-2636.02124
0.357678,0.194718,-2629.909912
0.36027,0.200963,-2635.215332
0.36027,0.200963,-2640.007812
0.36027,0.200963,-2647.122803
0.36027,0.200963,-2649.232422
0.36027,0.200963,-2636.527588
0.36027,0.200963,-2629.658691
0.36027,0.200963,-2631.372559
0.358829,0.204676,-2624.554199
0.358829,0.204676,-2648.683105
0.358829,0.204676,-2640.456543
0.359331,0.211259,-2628.653809
0.359331,0.211259,-2622.022705
0.359331,0.211259,-2627.318848
0.359331,0.211259,-2631.080811
0.360706,0.211226,-2639.01416
0.360706,0.211226,-2628.774902
0.360706,0.211226,-2640.791748
0.360706,0.211226,-2639.443359
0.35889,0.225072,-2632.80542
0.35889,0.225072,-2640.341309
0.3609,0.233953,-2639.400879
0.3609,0.233953,-2631.810547
0.358219,0.229396,-2641.222168
0.358219,0.229396,-2629.568848
0.358219,0.229396,-2640.296631
0.358219,0.229396,-2639.510254
0.358219,0.229396,-2640.088379
0.35967,0.232438,-2624.556641
0.35776,0.232249,-2629.117432
0.35776,0.232249,-2627.200195
0.358419,0.237879,-2638.438232
0.358419,0.237879,-2629.657959
0.358419,0.237879,-2643.520996
0.358632,0.249964,-2634.217285
0.356995,0.247608,-2627.950684
0.356995,0.247608,-2635.085449
0.356995,0.247608,-2619.382324
0.356995,0.247608,-2630.919189
0.357782,0.246144,-2630.992188
0.357782,0.246144,-2635.810791
0.360333,0.255618,-2645.11499
0.360333,0.255618,-2633.153076
0.360333,0.255618,-2624.26123
0.35725,0.257943,-2637.55127
0.35725,0.257943,-2634.416992
0.35725,0.257943,-2626.450684
0.35725,0.257943,-2640.919922
0.35725,0.257943,-2635.971191
0.357489,0.269451,-2627.329102
0.357489,0.269451,-2632.616211
0.356535,0.266308,-2625.908691
0.356535,0.266308,-2641.753662
0.356535,0.266308,-2631.306152
0.357357,0.274111,-2628.580811
0.357357,0.274111,-2630.478516
0.357357,0.274111,-2625.731445
0.358743,0.258154,-2631.202637
0.358743,0.258154,-2640.203613
0.361074,0.253497,-2628.590088
0.363415,0.260358,-2621.46875
0.365409,0.262043,-2629.293945
0.363746,0.259674,-2625.544434
0.365803,0.264498,-2631.496582
0.369139,0.253174,-2622.049316
0.368403,0.254076,-2622.654297
0.367785,0.241877,-2625.237305
0.368937,0.236018,-2625.016602
0.368029,0.237999,-2623.027344
0.369188,0.228831,-2622.697754
0.369188,0.228831,-2622.518799
0.369188,0.228831,-2623.253662
0.369188,0.228831,-2630.024902
0.369188,0.228831,-2632.925537
0.369188,0.228831,-2624.33667
0.370852,0.229235,-2623.032715
0.370852,0.229235,-2626.156006
0.36923,0.231989,-2623.008301
0.36923,0.231989,-2623.825684
0.369669,0.223862,-2627.251465
0.370271,0.220405,-2626.947266
0.374154,0.223079,-2627.189941
0.368527,0.217382,-2623.807129
0.368158,0.219676,-2634.827637
0.367983,0.221444,-2622.157715
0.373383,0.229199,-2627.361328
0.369399,0.230195,-2625.265381
0.369399,0.230195,-2627.053223
0.369399,0.230195,-2634.864258
0.369399,0.230195,-2622.732178
0.36764,0.226967,-2625.739014
0.366345,0.230886,-2636.010254
0.362784,0.24336,-2623.375244
0.362784,0.24336,-2648.816162
0.362191,0.2433,-2631.594727
0.362191,0.2433,-2624.471191
0.362191,0.2433,-2638.483154
0.362191,0.2433,-2624.255371
0.362191,0.2433,-2628.349121
0.36236,0.241021,-2639.37207
0.362362,0.249344,-2621.084473
0.360918,0.26008,-2623.645996
0.363749,0.259825,-2629.082275
0.365857,0.246307,-2627.946777
0.365857,0.246307,-2624.769531
0.367383,0.248275,-2627.607178
0.367383,0.248275,-2622.740234
0.370723,0.253875,-2629.69043
0.370723,0.253875,-2623.106445
0.366095,0.252887,-2628.688232
0.366095,0.252887,-2628.583496
0.366095,0.252887,-2627.391602
0.366095,0.252887,-2623.211914
0.373414,0.256871,-2625.135986
0.371022,0.249505,-2626.480469
0.373618,0.251573,-2626.533936
0.37658,0.255543,-2626.552246
0.378983,0.253891,-2627.925781
0.378983,0.253891,-2628.06543
0.37713,0.25482,-2627.11084
0.376263,0.260831,-2629.521484
0.377816,0.263258,-2626.057129
0.379193,0.262045,-2627.849854
0.379262,0.270592,-2627.375
0.381955,0.269544,-2627.075195
0.38321,0.271659,-2629.143066
0.38321,0.271659,-2630.15332
0.38321,0.271659,-2629.031982
0.380543,0.264099,-2629.515381
0.381082,0.256485,-2627.204102
0.379124,0.248753,-2626.296387
0.377903,0.255917,-2626.89917
0.377903,0.255917,-2626.112061
0.378989,0.257189,-2627.087891
0.376182,0.258809,-2624.610352
0.376374,0.265634,-2625.749512
0.376374,0.265634,-2625.459473
0.376374,0.265634,-2625.338867
0.372596,0.263454,-2629.282715
0.372596,0.263454,-2625.519531
0.377045,0.256983,-2626.002441
0.377045,0.256983,-2625.89502
0.375327,0.266392,-2626.856934
0.374731,0.26769,-2627.003174
0.374731,0.26769,-2626.665039
0.371656,0.267533,-2623.458984
0.368448,0.261481,-2623.639893
0.369909,0.265793,-2630.466309
0.374505,0.262881,-2627.427734
0.37279,0.263324,-2625.55835
0.377971,0.259787,-2628.14624
0.377971,0.259787,-2626.890625
0.376975,0.251071,-2626.208496
0.378872,0.257919,-2629.362305
0.380357,0.251465,-2627.371826
0.378295,0.246327,-2626.20459
0.378295,0.246327,-2625.976074
0.375809,0.24824,-2624.884277
0.37179,0.245526,-2623.735596
0.37179,0.245526,-2624.791992
0.371314,0.240628,-2626.065918
0.371314,0.240628,-2625.760498
0.372875,0.24535,-2626.675293
0.36998,0.237586,-2624.800781
0.36998,0.237586,-2624.047607
0.368138,0.24322,-2622.660156
0.368423,0.233707,-2623.388916
0.366616,0.23165,-2626.313965
0.366616,0.23165,-2623.37207
0.366616,0.23165,-2621.469238
0.366616,0.23165,-2630.347168
0.365428,0.22881,-2622.503906
0.365428,0.22881,-2624.983887
0.365847,0.221159,-2641.366211
0.366586,0.223856,-2621.064941
0.366586,0.223856,-2635.642578
0.367385,0.230192,-2621.615479
0.367385,0.230192,-2627.504883
0.367684,0.22818,-2631.094727
0.369551,0.227547,-2626.885986
0.372505,0.221039,-2626.442139
0.372505,0.221039,-2624.669434
0.371115,0.222558,-2625.504395
0.371115,0.222558,-2625.05957
0.372898,0.219306,-2627.702148
0.372898,0.219306,-2625.893066
0.372898,0.219306,-2624.681152
0.372898,0.219306,-2626.35791
0.372898,0.219306,-2628.328369
0.37708,0.22461,-2629.031738
0.377334,0.219325,-2626.934082
0.375279,0.214634,-2627.438477
0.375279,0.214634,-2627.402344
0.38234,0.21668,-2628.222168
0.38234,0.21668,-2628.702637
0.382717,0.220302,-2629.962402
0.384584,0.220875,-2628.879883
0.384584,0.220875,-2630.474854
0.384497,0.22161,-2630.208252
0.384497,0.22161,-2628.863281
0.381491,0.220866,-2628.949707
0.379647,0.220774,-2628.680176
0.379647,0.220774,-2628.048584
0.379647,0.220774,-2628.513184
0.375121,0.215841,-2627.234375
0.374841,0.213393,-2627.125977
0.374737,0.208988,-2627.709473
0.375926,0.216967,-2627.043213
0.377019,0.211344,-2627.366455
0.377019,0.211344,-2627.881836
0.376029,0.216397,-2627.979492
0.376029,0.216397,-2628.010254
0.376029,0.216397,-2626.120605
0.371838,0.216564,-2627.813232
0.370277,0.224827,-2623.75293
0.370277,0.224827,-2622.812012
0.370183,0.222335,-2625.850586
0.370785,0.223488,-2634.288086
0.370785,0.223488,-2630.529297
0.368054,0.223246,-2629.357666
0.36865,0.223646,-2630.012207
0.368747,0.213898,-2631.731445
0.367376,0.211945,-2625.503906
0.367376,0.211945,-2627.894287
0.367376,0.211945,-2625.854492
0.367376,0.211945,-2626.832031
0.367376,0.211945,-2624.179932
0.366189,0.214344,-2628.151855
0.367538,0.231283,-2623.959961
0.364129,0.223912,-2624.474121
0.363401,0.215258,-2621.941895
0.359884,0.215715,-2634.062744
0.358193,0.222567,-2635.244385
0.358193,0.222567,-2643.851074
0.360931,0.21427,-2635.256348
0.360931,0.21427,-2643.843262
0.360931,0.21427,-2631.458008
0.360931,0.21427,-2621.61377
0.366706,0.217575,-2634.863281
0.367475,0.219589,-2626.613281
0.367475,0.219589,-2625.88501
0.367475,0.219589,-2627.283691
0.370592,0.21989,-2626.529053
0.368994,0.22667,-2623.847168
0.368994,0.22667,-2625.762695
0.368994,0.22667,-2631.295654
0.366242,0.235775,-2624.664795
0.366242,0.235775,-2626.360352
0.367139,0.230898,-2623.550293
0.367068,0.239342,-2630.179688
0.36685,0.238332,-2629.027344
0.36685,0.238332,-2621.723389
0.36685,0.238332,-2624.541992
0.366836,0.241454,-2621.674805
0.365636,0.238772,-2622.986084
0.365813,0.240923,-2630.226562
0.363365,0.245694,-2627.881104
0.364425,0.24247,-2626.755615
0.363135,0.234082,-2632.549072
0.363135,0.234082,-2631.722656
0.363135,0.234082,-2622.008301
0.363135,0.234082,-2630.052734
0.364407,0.221354,-2631.788574
0.363393,0.226446,-2626.907471
0.363393,0.226446,-2633.942871
0.363393,0.226446,-2623.144043
0.36492,0.239354,-2627.330078
0.36492,0.239354,-2634.780762
0.368554,0.24194,-2625.854248
0.370609,0.236387,-2626.215332
0.370104,0.242913,-2627.07959
0.370419,0.238876,-2625.870361
0.370419,0.238876,-2626.08252
0.371262,0.238509,-2625.916016
0.371262,0.238509,-2624.574951
0.373207,0.219626,-2626.198486
0.373207,0.219626,-2626.935059
0.37652,0.219867,-2627.749512
0.375688,0.216495,-2626.921387
0.375688,0.216495,-2627.012451
0.37419,0.21115,-2627.394531
0.37245,0.217743,-2625.826172
0.37245,0.217743,-2625.573975
0.37245,0.217743,-2625.761719
0.37245,0.217743,-2627.285645
0.37245,0.217743,-2626.293213
0.369674,0.222702,-2623.337891
0.368919,0.222886,-2628.090332
0.365609,0.230326,-2622.147949
0.370378,0.235671,-2629.097168
0.366942,0.232677,-2621.753662
0.366942,0.232677,-2622.431885
0.370291,0.23525,-2627.711182
0.370291,0.23525,-2623.436035
0.369817,0.234896,-2622.40918
0.369817,0.234896,-2625.058105
0.369817,0.234896,-2623.813721
0.370507,0.231652,-2624.593262
0.372755,0.23324,-2625.124512
0.372755,0.23324,-2624.217773
0.370446,0.230538,-2625.747314
0.369641,0.24355,-2628.022949
0.369641,0.24355,-2629.008789
0.369641,0.24355,-2622.575928
0.369641,0.24355,-2623.538086
0.369641,0.24355,-2623.310547
0.370732,0.249353,-2624.40625
0.37361,0.242978,-2625.151367
0.37361,0.242978,-2626.449951
0.37361,0.242978,-2627.276367
0.373681,0.247332,-2625.351318
0.374543,0.24946,-2625.678223
0.374543,0.24946,-2623.763428
0.374543,0.24946,-2627.543945
0.376308,0.249511,-2626.081787
0.376308,0.249511,-2625.386719
0.375744,0.250533,-2627.331055
0.373858,0.262046,-2625.846191
0.376358,0.263153,-2625.548096
0.375918,0.259679,-2625.892578
0.375013,0.255316,-2626.210205
0.38052,0.254292,-2627.006348
0.38052,0.254292,-2627.91333
0.37726,0.258625,-2626.816162
0.380885,0.255166,-2627.981934
0.382231,0.256565,-2628.408936
0.382231,0.256565,-2629.091309
0.382097,0.254818,-2628.789062
0.380386,0.253316,-2627.789551
0.384163,0.249145,-2627.895508
0.382243,0.246748,-2628.216309
0.382243,0.246748,-2628.006836
0.385496,0.24677,-2628.79834
0.388944,0.233886,-2628.70459
0.387701,0.239854,-2629.659668
0.387701,0.239854,-2629.798828
0.385867,0.232302,-2628.010498
0.385867,0.232302,-2630.244141
0.385867,0.232302,-2629.765137
0.381275,0.236248,-2628.033203
0.381275,0.236248,-2628.432617
0.375701,0.236993,-2626.0979
0.375701,0.236993,-2624.250732
0.375652,0.239116,-2625.914062
0.370879,0.246535,-2622.845215
0.373164,0.23146,-2627.522705
0.371543,0.233956,-2623.363525
0.370841,0.231416,-2630.0979
0.370841,0.231416,-2623.937988
0.371915,0.230515,-2625.436279
0.373909,0.23753,-2624.90625
0.373909,0.23753,-2627.008789
0.373909,0.23753,-2624.147217
0.374977,0.236371,-2627.668945
0.374977,0.236371,-2625.122559
0.374977,0.236371,-2625.35498
0.374605,0.235521,-2624.549316
0.370936,0.249845,-2624.185547
0.373212,0.256779,-2627.242188
0.374542,0.254133,-2625.576172
0.368632,0.25628,-2622.304199
0.368632,0.25628,-2626.917969
0.368632,0.25628,-2626.322021
0.370614,0.248038,-2622.366699
0.373506,0.240321,-2624.865479
0.3744,0.239755,-2625.293701
0.3744,0.239755,-2623.647949
0.378051,0.230844,-2626.490967
0.380027,0.23199,-2628.02002
0.380378,0.232248,-2628.222168
0.380378,0.232248,-2627.368652
0.380679,0.22388,-2627.933594
0.377664,0.22374,-2626.899902
0.374016,0.221371,-2627.674316
0.375977,0.225878,-2627.101562
0.375977,0.225878,-2627.385254
0.37375,0.230176,-2627.681396
0.37375,0.230176,-2624.872559
0.371716,0.232884,-2623.743896
0.376343,0.233801,-2626.745361
0.3719,0.235899,-2623.637695
0.369761,0.23276,-2624.713379
0.369761,0.23276,-2624.902344
0.371391,0.236076,-2626.20166
0.371391,0.236076,-2624.151855
0.371391,0.236076,-2623.930176
0.368536,0.233985,-2629.857666
0.367148,0.234564,-2627.153076
0.367148,0.234564,-2628.45166
0.36713,0.239806,-2621.612793
0.367061,0.234842,-2633.714355
0.364574,0.232457,-2628.225586
0.360909,0.222178,-2630.185791
0.361346,0.225151,-2633.870361
0.360775,0.225539,-2620.339355
0.358453,0.215811,-2638.732422
0.358453,0.215811,-2636.518555
0.358453,0.215811,-2621.549316
0.358453,0.215811,-2622.772461
0.358453,0.215811,-2619.47998
0.357072,0.221171,-2643.073242
0.358401,0.226071,-2633.74292
0.355306,0.224394,-2645.591797
0.355306,0.224394,-2652.43335
0.355306,0.224394,-2646.08252
0.35477,0.228619,-2638.116943
0.35477,0.228619,-2639.539062
0.356937,0.209283,-2636.456543
0.356937,0.209283,-2629.427979
0.356937,0.209283,-2634.275879
0.356937,0.209283,-2630.018066
0.356937,0.209283,-2637.975098
0.356937,0.209283,-2637.467041
0.354617,0.21623,-2640.906006
0.358473,0.216611,-2634.540527
0.360472,0.213232,-2632.884766
0.360472,0.213232,-2640.111816
0.359384,0.213983,-2632.152832
0.361178,0.21221,-2629.630371
0.359003,0.215287,-2635.244629
0.359003,0.215287,-2629.533203
0.359003,0.215287,-2627.164551
0.359358,0.21467,-2630.930176
0.359358,0.21467,-2632.045654
0.359358,0.21467,-2636.166504
0.359358,0.21467,-2645.06958
0.361021,0.222979,-2631.850586
0.362573,0.217895,-2636.269531
0.362201,0.19969,-2633.067871
0.36236,0.20444,-2626.907715
0.36236,0.20444,-2637.683594
0.361447,0.205882,-2642.773438
0.36415,0.197251,-2632.793945
0.365527,0.204588,-2635.504883
0.365527,0.204588,-2625.461182
0.364293,0.211785,-2624.697021
0.361857,0.21054,-2637.312012
0.362625,0.217455,-2641.164307
0.362816,0.231483,-2632.129395
0.362816,0.231483,-2640.023438
0.36644,0.231891,-2624.872559
0.36644,0.231891,-2623.147461
0.36644,0.231891,-2623.363037
0.368205,0.230712,-2624.040039
0.370456,0.235889,-2623.938721
0.364349,0.239825,-2626.018311
0.364173,0.235048,-2621.948242
0.364173,0.235048,-2630.364746
0.364173,0.235048,-2624.808105
0.364173,0.235048,-2619.592041
0.368664,0.224607,-2627.150146
0.366364,0.211259,-2623.549316
0.363897,0.215681,-2633.560547
0.363897,0.215681,-2639.068848
0.36584,0.202346,-2628.041992
0.36584,0.202346,-2639.212402
0.365519,0.199453,-2630.92041
0.365519,0.199453,-2640.836426
0.366033,0.199737,-2641.504395
0.366033,0.199737,-2641.966797
0.367764,0.196867,-2629.842285
0.371262,0.189029,-2630.874512
0.367624,0.196621,-2632.189453
0.367624,0.196621,-2626.350586
0.367624,0.196621,-2635.283691
0.368069,0.196059,-2627.469727
0.368069,0.196059,-2631.799316
0.368069,0.196059,-2630.746582
0.367406,0.194986,-2633.045166
0.36517,0.18821,-2632.315674
0.365656,0.176717,-2639.278564
0.365894,0.190108,-2630.299805
0.365599,0.180881,-2631.12207
0.365599,0.180881,-2631.855469
0.365599,0.180881,-2641.087646
0.365599,0.180881,-2630.880615
0.365599,0.180881,-2634.601074
0.36612,0.187431,-2639.859863
0.365675,0.191877,-2630.041748
0.36396,0.192575,-2630.386719
0.368398,0.189526,-2630.455566
0.368398,0.189526,-2638.901855
0.368398,0.189526,-2628.447754
0.368195,0.184499,-2632.443115
0.368195,0.184499,-2633.106445
0.369288,0.187246,-2634.837646
0.366379,0.187532,-2628.115723
0.366379,0.187532,-2629.70166
0.364108,0.18457,-2640.646729
0.364972,0.186771,-2632.611084
0.365079,0.199843,-2636.367676
0.365079,0.199843,-2634.186523
0.365079,0.199843,-2630.834473
0.369268,0.202175,-2630.21875
0.368009,0.18859,-2629.356934
0.365964,0.194929,-2640.709961
0.372313,0.18752,-2631.491699
0.373185,0.191566,-2630.507812
0.373185,0.191566,-2630.154297
0.373185,0.191566,-2630.961914
0.373185,0.191566,-2629.535645
0.37699,0.191084,-2631.602539
0.375183,0.18603,-2632.522461
0.375183,0.18603,-2633.728516
0.373696,0.181527,-2634.331299
0.373292,0.183534,-2634.126465
0.372194,0.183658,-2632.53418
0.372194,0.183658,-2630.95752
0.376053,0.191278,-2630.783203
0.374424,0.188549,-2631.401367
0.374424,0.188549,-2631.627441
0.374424,0.188549,-2632.008057
0.375228,0.191648,-2634.255371
0.372871,0.186735,-2630.66748
0.374056,0.188441,-2632.841797
0.373645,0.176515,-2633.710693
0.373645,0.176515,-2633.366455
0.372139,0.178612,-2634.20752
0.367881,0.177369,-2630.427246
0.369534,0.172575,-2635.606689
0.367067,0.172599,-2632.188965
0.369294,0.176324,-2632.282227
0.369294,0.176324,-2639.803223
0.370675,0.175464,-2641.82373
0.369857,0.181244,-2638.356201
0.369857,0.181244,-2633.45752
0.369857,0.181244,-2631.702637
0.369857,0.181244,-2635.075439
0.36919,0.180573,-2631.354492
0.369458,0.180933,-2637.609863
0.367808,0.173388,-2633.709473
0.367808,0.173388,-2639.987549
0.366788,0.170171,-2640.233398
0.369778,0.169759,-2638.227295
0.372252,0.172486,-2635.106689
0.371346,0.170136,-2646.426025
0.371346,0.170136,-2635.955078
0.371346,0.170136,-2635.412598
0.371346,0.170136,-2634.047363
0.375869,0.165242,-2641.909668
0.375869,0.165242,-2638.641357
0.373726,0.164208,-2637.558594
0.373726,0.164208,-2637.823242
0.373726,0.164208,-2639.849121
0.371586,0.165978,-2636.617676
0.372958,0.16617,-2637.337891
0.372958,0.16617,-2643.095459
0.374045,0.165884,-2638.605469
0.375766,0.165517,-2638.884277
0.3747,0.165636,-2639.120605
0.3747,0.165636,-2643.316895
0.3747,0.165636,-2638.899902
0.376746,0.159918,-2642.510498
0.377123,0.157417,-2642.321289
0.37686,0.165914,-2642.705078
0.37686,0.165914,-2639.286621
0.37686,0.165914,-2639.080566
0.374683,0.165679,-2643.500977
0.3739,0.183598,-2633.205078
0.3739,0.183598,-2634.724609
0.375814,0.184041,-2633.782715
0.374396,0.190572,-2633.458008
0.374396,0.190572,-2633.610352
0.372409,0.202293,-2628.693848
0.377529,0.20508,-2628.214111
0.375969,0.215806,-2627.259277
0.375969,0.215806,-2627.418213
0.374529,0.199119,-2628.989746
0.374529,0.199119,-2630.920654
0.374529,0.199119,-2629.639648
0.37448,0.206137,-2627.720215
0.373368,0.213879,-2626.121582
0.376261,0.224702,-2628.130615
0.377106,0.21648,-2629.309082
0.377106,0.21648,-2627.625
0.376367,0.215394,-2626.808105
0.379175,0.21344,-2627.856445
0.377825,0.21731,-2627.181152
0.377825,0.21731,-2629.954102
0.375894,0.217698,-2627.630859
0.375894,0.217698,-2627.291504
0.372559,0.22093,-2629.792725
0.370057,0.22676,-2627.145508
0.370057,0.22676,-2627.446533
0.371707,0.226228,-2628.926758
0.371707,0.226228,-2625.768311
0.371707,0.226228,-2624.438477
0.371707,0.226228,-2627.327148
0.371707,0.226228,-2624.800293
0.37046,0.218546,-2629.378662
0.37046,0.218546,-2629.808594
0.37046,0.218546,-2629.600098
0.374329,0.228125,-2629.240234
0.374325,0.232055,-2628.264404
0.374286,0.231847,-2625.168701
0.376869,0.24038,-2626.27002
0.374539,0.242695,-2625.605957
0.374539,0.242695,-2626.732666
0.374539,0.242695,-2625.137207
0.374875,0.241002,-2624.719727
0.375167,0.237616,-2625.565186
0.374901,0.244155,-2628.208252
0.374901,0.244155,-2623.804199
0.374901,0.244155,-2624.765869
0.374901,0.244155,-2624.888184
0.374901,0.244155,-2626.115723
0.374901,0.244155,-2623.820801
0.374901,0.244155,-2627.109619
0.374901,0.244155,-2623.774414
0.374901,0.244155,-2624.854004
0.374901,0.244155,-2626.283203
0.374901,0.244155,-2625.322754
0.378965,0.246697,-2627.424805
0.378993,0.248163,-2626.386719
0.374257,0.2389,-2625.495117
0.376289,0.235116,-2628.942383
0.376289,0.235116,-2626.415039
0.376289,0.235116,-2626.66748
0.378861,0.237307,-2627.913086
0.380642,0.22391,-2628.272705
0.379545,0.210304,-2628.087891
0.379545,0.210304,-2630.022217
0.379545,0.210304,-2629.944824
0.379545,0.210304,-2628.921387
0.379545,0.210304,-2628.870117
0.378063,0.214484,-2630.148926
0.378903,0.22199,-2628.19043
0.379369,0.213383,-2628.853516
0.37699,0.217681,-2627.518066
0.37699,0.217681,-2628.70166
0.37919,0.223401,-2627.093262
0.373874,0.222199,-2626.84082
0.37878,0.215273,-2627.440186
0.375463,0.21354,-2627.027344
0.375463,0.21354,-2628.303955
0.377612,0.211288,-2628.824707
0.37368,0.212547,-2626.212891
0.379441,0.213566,-2627.935547
0.378706,0.220213,-2627.5979
0.379867,0.223764,-2627.595215
0.379867,0.223764,-2628.359863
0.376059,0.222106,-2628.760254
0.379178,0.215677,-2627.945801
0.381069,0.217686,-2629.49707
0.380541,0.225819,-2626.574707
0.374787,0.233232,-2627.186035
0.373489,0.242157,-2625.507812
0.373489,0.242157,-2625.46167
0.373934,0.244592,-2624.795166
0.370719,0.248073,-2623.009521
0.365594,0.246881,-2624.186279
0.365594,0.246881,-2624.108398
0.365594,0.246881,-2625.89502
0.363901,0.240534,-2622.087891
0.363901,0.240534,-2627.213379
0.363901,0.240534,-2621.680664
0.363901,0.240534,-2619.574707
0.363901,0.240534,-2630.947266
0.363901,0.240534,-2631.09375
0.363901,0.240534,-2629.302979
0.363895,0.241656,-2627.147461
0.369065,0.242443,-2625.860352
0.369065,0.242443,-2632.222168
0.369065,0.242443,-2626.932617
0.368081,0.232686,-2624.661133
0.365986,0.226592,-2632.868652
0.365986,0.226592,-2627.893799
0.369313,0.229665,-2625.333496
0.3702,0.231027,-2631.34375
0.3702,0.231027,-2626.091797
0.364756,0.220855,-2625.357178
0.364756,0.220855,-2628.268066
0.368958,0.216739,-2624.020508
0.372677,0.209041,-2627.733887
0.372677,0.209041,-2627.901367
0.372677,0.209041,-2631.88623
0.372677,0.209041,-2626.708252
0.372677,0.209041,-2628.601807
0.372677,0.209041,-2631.150879
0.376792,0.206571,-2628.318848
0.379114,0.206225,-2629.413574
0.37755,0.213056,-2628.06665
0.37514,0.216384,-2626.441406
0.37514,0.216384,-2627.103027
0.37514,0.216384,-2626.748291
0.375908,0.219165,-2627.873047
0.376954,0.221071,-2626.272949
0.377807,0.218909,-2626.429688
0.375942,0.22373,-2625.794434
0.375942,0.22373,-2626.246826
0.373952,0.216679,-2626.719238
0.37304,0.218766,-2626.925537
0.37304,0.218766,-2626.534668
0.373919,0.213212,-2632.253662
0.373919,0.213212,-2626.711426
0.37018,0.205567,-2627.118652
0.369692,0.201088,-2627.57666
0.369692,0.201088,-2635.217285
0.374652,0.204422,-2628.754883
0.375472,0.202553,-2629.434082
0.375472,0.202553,-2628.421387
0.375472,0.202553,-2628.788574
0.377113,0.209284,-2628.050781
0.375685,0.201293,-2630.554932
0.377456,0.215491,-2628.00415
0.377456,0.215491,-2626.489502
0.377456,0.215491,-2626.904297
0.375417,0.221156,-2627.028809
0.379647,0.226195,-2627.741455
0.379647,0.226195,-2627.533203
0.382418,0.231748,-2628.606445
0.382418,0.231748,-2627.476074
0.380177,0.228491,-2627.878174
0.380177,0.228491,-2627.07959
0.383068,0.22171,-2628.81958
0.384268,0.219866,-2629.652832
0.384798,0.223812,-2630.150391
0.384928,0.219823,-2629.554688
0.384852,0.223838,-2630.271484
0.38684,0.23549,-2629.415039
0.386676,0.2445,-2629.166992
0.388109,0.253247,-2628.408447
0.391992,0.250404,-2630.917725
0.391992,0.250404,-2630.575684
0.391918,0.235811,-2632.439941
0.391452,0.233542,-2631.979492
0.39211,0.231802,-2631.876221
0.39018,0.227458,-2631.627441
0.393449,0.230288,-2632.891602
0.393449,0.230288,-2632.755859
0.391312,0.240043,-2631.9104
0.392206,0.237855,-2631.185791
0.393844,0.242487,-2632.305176
0.390168,0.242179,-2630.262451
0.390168,0.242179,-2631.319092
0.392894,0.237178,-2631.603027
0.395148,0.239983,-2632.386963
0.397844,0.247896,-2632.734863
0.397098,0.252957,-2633.30542
0.395069,0.25236,-2632.523193
0.395069,0.25236,-2632.66748
0.396393,0.244714,-2633.156494
0.393677,0.246065,-2632.134766
0.392483,0.232541,-2631.795898
0.392483,0.232541,-2631.398926
0.387898,0.223372,-2629.712402
0.387614,0.220456,-2631.730957
0.387614,0.220456,-2629.285156
0.387614,0.220456,-2630.446289
0.387614,0.220456,-2630.385742
0.387614,0.220456,-2630.612305
0.388234,0.224961,-2630.324707
0.388234,0.224961,-2630.609131
0.388234,0.224961,-2630.067139
0.385164,0.232057,-2630.663574
0.389914,0.235346,-2630.616943
0.389914,0.235346,-2629.668457
0.389914,0.235346,-2630.728516
0.388697,0.232558,-2632.186523
0.389515,0.242095,-2630.662109
0.389356,0.247385,-2629.950928
0.389889,0.24533,-2629.156738
0.391291,0.251552,-2630.92749
0.393999,0.244921,-2631.725586
0.393839,0.251524,-2631.847168
0.395092,0.251173,-2631.395996
0.395092,0.251173,-2633.111816
0.39511,0.249419,-2632.258789
0.392033,0.24504,-2630.162598
0.392673,0.247463,-2631.870605
0.390475,0.24426,-2631.230469
0.388171,0.239859,-2628.307129
0.39024,0.240727,-2630.920654
0.389522,0.234463,-2631.348633
0.387771,0.235456,-2630.205078
0.385743,0.238157,-2629.425293
0.388126,0.233671,-2630.006836
0.388126,0.233671,-2629.487305
0.388126,0.233671,-2630.474365
0.393326,0.242078,-2631.072266
0.394183,0.241879,-2632.22168
0.388851,0.248898,-2630.179199
0.390553,0.25541,-2632.214111
0.390553,0.25541,-2629.7146
0.389883,0.263166,-2630.677734
0.39126,0.268161,-2631.709961
0.393162,0.266494,-2632.923584
0.393162,0.266494,-2631.67041
0.393162,0.266494,-2631.844727
0.394485,0.268282,-2632.934326
0.39305,0.260681,-2631.865234
0.394172,0.256034,-2631.88501
0.394172,0.256034,-2631.638428
0.394172,0.256034,-2632.178711
0.394172,0.256034,-2631.569092
0.394172,0.256034,-2630.770508
0.393572,0.261196,-2632.182617
0.392818,0.257479,-2631.437012
0.392818,0.257479,-2633.247803
0.394682,0.262187,-2631.730469
0.395626,0.26687,-2632.960449
0.393293,0.267211,-2632.955322
0.392508,0.264869,-2632.074463
0.392999,0.269104,-2632.64502
0.394587,0.257537,-2632.810059
0.395694,0.251968,-2633.03125
0.394354,0.248217,-2633.117188
0.394354,0.248217,-2632.033691
0.393429,0.248843,-2630.535156
0.389715,0.247173,-2631.146973
0.39131,0.250416,-2631.879883
0.39131,0.250416,-2630.619141
0.387709,0.254489,-2630.758301
0.387709,0.254489,-2628.181396
0.387904,0.256541,-2630.363281
0.386748,0.266528,-2629.328613
0.386748,0.266528,-2629.867676
0.386555,0.268632,-2630.093018
0.383562,0.269771,-2629.360596
0.38037,0.278315,-2629.218262
0.38037,0.278315,-2629.022461
0.38037,0.278315,-2626.522461
0.38037,0.278315,-2628.128906
0.380037,0.286812,-2629.741699
0.380037,0.286812,-2628.128906
0.379228,0.283043,-2630.66626
0.379228,0.283043,-2628.376465
0.373539,0.275256,-2628.123047
0.373539,0.275256,-2627.417725
0.36868,0.271926,-2624.837646
0.36868,0.271926,-2623.980957
0.36868,0.271926,-2625.365967
0.373375,0.273341,-2627.086914
0.373375,0.273341,-2626.192383
0.373375,0.273341,-2626.45874
0.372626,0.269592,-2626.244629
0.370084,0.266496,-2623.348877
0.371702,0.273618,-2628.53418
0.371702,0.273618,-2626.095215
0.374587,0.266644,-2627.76001
0.375702,0.268191,-2626.641846
0.379539,0.268233,-2628.068359
0.38152,0.276375,-2629.220703
0.380706,0.285373,-2630.106689
0.382759,0.27593,-2630.537598
0.382759,0.27593,-2630.432861
0.380041,0.280492,-2627.678955
0.380041,0.280492,-2629.762207
0.378268,0.278819,-2627.62915
0.378268,0.278819,-2629.220215
0.378268,0.278819,-2626.410156
0.374263,0.270914,-2626.797852
0.374272,0.274763,-2625.319336
0.371831,0.27384,-2627.547363
0.371831,0.27384,-2628.472168
0.371643,0.255828,-2625.647949
0.371643,0.255828,-2623.518066
0.370893,0.242755,-2626.471924
0.370893,0.242755,-2626.337158
0.368068,0.247396,-2626.125977
0.371649,0.240887,-2624.657959
0.371649,0.240887,-2624.938965
0.373362,0.241622,-2628.605469
0.369954,0.255304,-2623.197021
0.370478,0.261574,-2626.420654
0.370478,0.261574,-2625.284912
0.370122,0.259993,-2624.150146
0.370122,0.259993,-2625.618164
0.371113,0.263031,-2625.46875
0.370772,0.271719,-2623.762939
0.370772,0.271719,-2625.068848
0.368795,0.282766,-2625.616943
0.36856,0.288295,-2626.188965
0.371108,0.283363,-2632.118164
0.370819,0.275432,-2626.60791
0.370819,0.275432,-2630.285645
0.373485,0.28298,-2628.755615
0.37277,0.29069,-2626.549561
0.37277,0.29069,-2627.021973
0.37277,0.29069,-2627.559326
0.37277,0.29069,-2627.254395
0.37277,0.29069,-2626.7229
0.375239,0.283393,-2627.099121
0.375239,0.283393,-2626.589355
0.373784,0.279181,-2628.045898
0.373784,0.279181,-2626.870117
0.374261,0.273799,-2625.863037
0.371058,0.27256,-2625.968262
0.371058,0.27256,-2628.265137
0.371058,0.27256,-2628.078857
0.371058,0.27256,-2624.28125
0.372595,0.276777,-2626.408203
0.372595,0.276777,-2626.295166
0.373097,0.276213,-2628.519043
0.373097,0.276213,-2625.015625
0.373097,0.276213,-2629.289795
0.373097,0.276213,-2626.970215
0.373097,0.276213,-2625.241699
0.373097,0.276213,-2627.042725
0.374775,0.279229,-2628.383301
0.374775,0.279229,-2627.992432
0.374775,0.279229,-2627.390381
0.374775,0.279229,-2625.290771
0.374141,0.284221,-2626.6875
0.371139,0.279915,-2626.323486
0.371139,0.279915,-2627.93457
0.367417,0.290603,-2630.831055
0.367417,0.290603,-2633.574219
0.367417,0.290603,-2626.041992
0.367387,0.291211,-2625.797852
0.371287,0.291104,-2629.129395
0.371287,0.291104,-2626.277344
0.371287,0.291104,-2626.536621
0.370423,0.29376,-2629.089844
0.368222,0.300794,-2631.668457
0.368222,0.300794,-2628.957764
0.368004,0.302725,-2627.695557
0.368004,0.302725,-2633.750488
0.369193,0.295316,-2631.585449
0.367979,0.290312,-2630.895996
0.367979,0.290312,-2636.148926
0.364506,0.280931,-2629.80542
0.364506,0.280931,-2623.09375
0.36761,0.282166,-2640.971191
0.36761,0.282166,-2623.514893
0.368079,0.277349,-2635.728516
0.370324,0.272848,-2626.26416
0.370324,0.272848,-2624.228027
0.373436,0.274861,-2625.038086
0.373284,0.266891,-2625.221436
0.372919,0.264335,-2626.506348
0.372919,0.264335,-2626.790039
0.372919,0.264335,-2625.2854
0.373973,0.262041,-2628.861572
0.372323,0.263247,-2625.438965
0.370308,0.272095,-2624.416016
0.371715,0.2729,-2626.880859
0.371715,0.2729,-2628.025879
0.371715,0.2729,-2628.309082
0.371715,0.2729,-2626.983398
0.37324,0.274996,-2632.405762
0.37324,0.274996,-2627.178467
0.37324,0.274996,-2627.554932
0.373064,0.280024,-2626.980713
0.373064,0.280024,-2625.489014
0.37215,0.274271,-2626.159912
0.373234,0.273809,-2627.403809
0.374587,0.27786,-2627.552734
0.374587,0.27786,-2626.686035
0.376093,0.275767,-2628.677246
0.37743,0.27333,-2627.562744
0.377589,0.280344,-2628.448486
0.377589,0.280344,-2627.975586
0.381119,0.268065,-2628.00415
0.379475,0.26638,-2627.95874
0.378609,0.262186,-2627.168457
0.380009,0.260409,-2627.951904
0.380009,0.260409,-2627.807617
0.380009,0.260409,-2626.954102
0.376695,0.256926,-2627.606201
0.374678,0.258997,-2625.437012
0.375354,0.258642,-2627.826172
0.374167,0.260383,-2627.749268
0.373955,0.265,-2626.998291
0.37412,0.267033,-2627.399658
0.376333,0.260935,-2626.669434
0.376333,0.260935,-2628.123779
0.372099,0.252599,-2622.58252
0.372099,0.252599,-2624.936768
0.372099,0.252599,-2623.003906
0.371976,0.245579,-2624.768311
0.371008,0.243621,-2624.801514
0.371008,0.243621,-2625.652832
0.36962,0.23296,-2627.654785
0.370329,0.236079,-2627.500488
0.370712,0.23452,-2631.147949
0.371221,0.231026,-2627.185059
0.371221,0.231026,-2626.112793
0.370724,0.235817,-2630.706299
0.370724,0.235817,-2625.281982
0.370307,0.241619,-2622.77124
0.372647,0.236655,-2625.631592
0.373955,0.224362,-2626.845703
0.377272,0.223299,-2627.467285
0.374703,0.231976,-2625.223633
0.37538,0.240558,-2627.140625
0.37538,0.240558,-2626.822266
0.37538,0.240558,-2624.697754
0.37538,0.240558,-2624.375488
0.37538,0.240558,-2625.108643
0.37538,0.240558,-2625.621582
0.37538,0.240558,-2626.864258
0.37705,0.232997,-2624.397949
0.376536,0.241535,-2625.485107
0.373773,0.231637,-2625.121094
0.373773,0.231637,-2624.928711
0.373773,0.231637,-2626.823242
0.373773,0.231637,-2625.635742
0.374456,0.227906,-2626.973145
0.374456,0.227906,-2626.727539
0.376824,0.225178,-2626.500244
0.379463,0.224558,-2627.444824
0.379463,0.224558,-2627.635498
0.37833,0.22344,-2628.29541
0.376552,0.218993,-2630.04248
0.378639,0.226998,-2626.314697
0.378639,0.226998,-2626.196045
0.378639,0.226998,-2628.145508
0.378639,0.226998,-2625.820068
0.378639,0.226998,-2627.713867
0.377037,0.223781,-2626.216797
0.377037,0.223781,-2626.268799
0.379087,0.223558,-2630.168945
0.377436,0.222291,-2628.118164
0.377436,0.222291,-2627.406738
0.37593,0.231882,-2625.796387
0.376374,0.234408,-2627.269043
0.376374,0.234408,-2626.074219
0.379196,0.228676,-2628.428711
0.381096,0.228728,-2627.796875
0.38166,0.226789,-2628.817383
0.383493,0.23088,-2629.346436
0.385027,0.237654,-2629.127197
0.382823,0.235015,-2627.013428
0.382823,0.235015,-2627.749512
0.382823,0.235015,-2626.839844
0.379362,0.235548,-2626.315674
0.379362,0.235548,-2627.154297
0.379362,0.235548,-2625.480713
0.374767,0.243217,-2623.684082
0.374767,0.243217,-2626.466797
0.370836,0.24319,-2623.590332
0.370836,0.24319,-2626.048584
0.366983,0.239818,-2628.77002
0.366983,0.239818,-2621.693359
0.369347,0.24231,-2623.737793
0.369347,0.24231,-2622.94751
0.368386,0.244145,-2627.750732
0.368226,0.240402,-2626.060059
0.368226,0.240402,-2629.958496
0.366966,0.254067,-2624.747559
0.368261,0.260835,-2627.154297
0.368261,0.260835,-2624.703125
0.368261,0.260835,-2624.171875
0.368261,0.260835,-2623.280273
0.368544,0.266211,-2625.928223
0.368544,0.266211,-2627.554688
0.368544,0.266211,-2634.996582
0.368544,0.266211,-2629.081055
0.37046,0.271767,-2627.092529
0.373376,0.25889,-2629.210449
0.375432,0.250375,-2631.38623
0.374977,0.253405,-2624.408691
0.374977,0.253405,-2631.702637
0.371534,0.247418,-2624.691406
0.374226,0.246558,-2625.232178
0.376111,0.247029,-2625.391602
0.376111,0.247029,-2626.749023
0.372714,0.242878,-2626.00293
0.370044,0.24126,-2628.516602
0.370999,0.239041,-2631.449707
0.370999,0.239041,-2625.890869
0.370999,0.239041,-2624.272949
0.370999,0.239041,-2624.815186
0.370999,0.239041,-2623.778809
0.372446,0.239998,-2624.644531
0.375273,0.241509,-2626.530762
0.371355,0.234008,-2624.142822
0.371224,0.22871,-2628.083984
0.371224,0.22871,-2625.13916
0.371224,0.22871,-2627.679443
0.371224,0.22871,-2627.279785
0.367039,0.227515,-2631.42627
0.368308,0.228237,-2626.453125
0.372107,0.221554,-2628.791992
0.373327,0.231319,-2624.84082
0.373327,0.231319,-2627.206543
0.373327,0.231319,-2626.7146
0.374317,0.228428,-2625.768555
0.374617,0.232722,-2625.251953
0.374617,0.232722,-2624.847656
0.372831,0.244454,-2628.192383
0.373815,0.239312,-2627.973145
0.373815,0.239312,-2623.914551
0.3745,0.235409,-2625.189209
0.3745,0.235409,-2625.518555
0.3745,0.235409,-2626.602051
0.373539,0.232639,-2625.835205
0.372126,0.23138,-2627.113525
0.370522,0.231242,-2625.743652
0.367618,0.229138,-2625.65918
0.359815,0.225416,-2624.980469
0.360741,0.225051,-2640.437256
0.360741,0.225051,-2635.994629
0.361999,0.220948,-2629.887695
0.361999,0.220948,-2633.728516
0.360695,0.223586,-2639.424316
0.360695,0.223586,-2643.408203
0.361462,0.220127,-2633.247559
0.361614,0.206066,-2628.120117
0.361412,0.209991,-2635.186035
0.360409,0.207838,-2645.371338
0.364704,0.205075,-2628.914062
0.364704,0.205075,-2628.732666
0.364704,0.205075,-2631.898193
0.363471,0.20467,-2622.589355
0.361522,0.2027,-2626.42041
0.364545,0.201763,-2624.928223
0.364545,0.201763,-2627.649902
0.364545,0.201763,-2633.010254
0.364545,0.201763,-2632.384766
0.366398,0.190845,-2636.384521
0.366125,0.204478,-2634.42334
0.366125,0.204478,-2625.557861
0.366125,0.204478,-2626.109863
0.363627,0.198615,-2631.43457
0.36046,0.202415,-2639.180664
0.36046,0.202415,-2635.002441
0.36046,0.202415,-2645.36377
0.36046,0.202415,-2633.418457
0.36046,0.202415,-2632.868164
0.36046,0.202415,-2639.422852
0.36046,0.202415,-2640.518555
0.361051,0.205762,-2642.181152
0.36478,0.202806,-2632.464111
0.363397,0.203795,-2630.606689
0.364048,0.202209,-2637.919922
0.365067,0.202996,-2625.918701
0.367927,0.207499,-2625.729248
0.372,0.205085,-2627.296875
0.371022,0.21159,-2625.400391
0.371022,0.21159,-2625.176758
0.370889,0.209061,-2625.940674
0.368709,0.206549,-2631.04541
0.368709,0.206549,-2625.474609
0.369059,0.208392,-2626.212646
0.369059,0.208392,-2627.267578
0.369059,0.208392,-2632.344971
0.369059,0.208392,-2623.739258
0.363474,0.204294,-2627.606934
0.363474,0.204294,-2633.44458
0.361012,0.205158,-2627.283203
0.363401,0.201049,-2625.79126
0.363401,0.201049,-2636.555908
0.363401,0.201049,-2631.024658
0.363401,0.201049,-2632.047363
0.362571,0.205768,-2627.313232
0.36366,0.204852,-2634.5625
0.365955,0.203421,-2629.515137
0.365063,0.21924,-2623.729736
0.365063,0.21924,-2626.527344
0.365063,0.21924,-2623.150635
0.365251,0.224174,-2629.225098
0.371441,0.216064,-2627.896484
0.371441,0.216064,-2626.165771
0.371441,0.216064,-2623.855469
0.37181,0.214602,-2629.958496
0.373083,0.217567,-2630.429932
0.373083,0.217567,-2626.97168
0.373083,0.217567,-2626.681641
0.373083,0.217567,-2626.382324
0.373083,0.217567,-2626.424805
0.374084,0.21189,-2626.512939
0.374084,0.21189,-2628.02002
0.374084,0.21189,-2626.855957
0.374084,0.21189,-2626.853027
0.374084,0.21189,-2628.283203
0.374084,0.21189,-2628.512207
0.374084,0.21189,-2627.199219
0.374084,0.21189,-2628.749023
0.374084,0.21189,-2626.165527
0.37596,0.21499,-2626.742676
0.37596,0.21499,-2627.851074
0.37596,0.21499,-2626.95459
0.37487,0.215179,-2629.65918
0.374423,0.219403,-2624.83252
0.37664,0.214523,-2629.242188
0.376411,0.21829,-2629.849365
0.376411,0.21829,-2627.795898
0.380219,0.217582,-2629.282715
0.380219,0.217582,-2629.592529
0.37694,0.210689,-2627.127197
0.375136,0.213692,-2627.313477
0.378311,0.21594,-2629.328125
0.378311,0.21594,-2628.343262
0.378311,0.21594,-2628.305908
0.377386,0.230054,-2625.910645
0.382047,0.236683,-2625.868652
0.383013,0.246861,-2628.620117
0.379117,0.252733,-2626.63208
0.379117,0.252733,-2626.92041
0.379216,0.260053,-2626.259277
0.374466,0.269666,-2628.832275
0.371652,0.264355,-2628.445068
0.371652,0.264355,-2624.706055
0.374713,0.262612,-2626.006836
0.374713,0.262612,-2625.929932
0.375406,0.262362,-2625.799805
0.37621,0.258806,-2626.777832
0.37621,0.258806,-2627.115723
0.377704,0.268597,-2627.601318
0.379736,0.274303,-2627.772461
0.37814,0.281882,-2629.78125
0.382003,0.275033,-2629.983398
0.38532,0.277176,-2630.328613
0.385254,0.281788,-2630.706299
0.386395,0.269587,-2629.748291
0.387757,0.266942,-2630.621094
0.3856,0.269728,-2630.102051
0.3856,0.269728,-2629.878662
0.389039,0.262589,-2629.265137
0.389039,0.262589,-2630.195312
0.389039,0.262589,-2630.513672
0.389039,0.262589,-2630.218262
0.38638,0.260056,-2629.936523
0.384773,0.261068,-2628.990234
0.383707,0.262083,-2628.143555
0.381786,0.263903,-2628.386719
0.381786,0.263903,-2628.106934
0.380982,0.263869,-2628.18042
0.382443,0.269629,-2630.120117
0.384812,0.280938,-2630.199219
0.38419,0.282288,-2630.580078
0.38419,0.282288,-2631.922363
0.382891,0.281527,-2629.256348
0.383062,0.283908,-2630.176758
0.383233,0.282675,-2630.425537
0.383157,0.289675,-2631.287354
0.38491,0.281906,-2629.442383
0.386047,0.291698,-2632.757568
0.385063,0.29737,-2631.479736
0.3838,0.294337,-2634.380859
0.3838,0.294337,-2630.830566
0.3838,0.294337,-2630.886719
0.378436,0.300545,-2632.214355
0.378436,0.300545,-2630.151367
0.378436,0.300545,-2630.290771
0.377537,0.292634,-2631.10498
0.378743,0.290354,-2629.651123
0.382925,0.291606,-2630.489258
0.383872,0.291303,-2631.488281
0.38303,0.298655,-2633.227295
0.383949,0.294712,-2633.745605
0.383903,0.292962,-2631.509277
0.383903,0.292962,-2632.028076
0.383903,0.292962,-2630.544434
0.383903,0.292962,-2630.453369
0.382712,0.298974,-2632.336914
0.382508,0.290467,-2631.714355
0.377896,0.292094,-2629.504639
0.377896,0.292094,-2628.635254
0.380066,0.29412,-2630.341309
0.380066,0.29412,-2629.619629
0.383377,0.31257,-2632.558838
0.380344,0.306272,-2633.791016
0.376191,0.299691,-2631.551758
0.376341,0.294576,-2629.021484
0.376341,0.294576,-2630.248047
0.376215,0.291025,-2630.219238
0.378164,0.287187,-2628.625
0.37737,0.289201,-2628.61792
0.376769,0.300653,-2629.959473
0.376769,0.300653,-2633.613281
0.376769,0.300653,-2629.775879
0.373252,0.291515,-2627.386719
0.376666,0.288093,-2629.11377
0.377824,0.285848,-2630.837891
0.377824,0.285848,-2631.824707
0.378032,0.284245,-2629.524658
0.378032,0.284245,-2628.943359
0.371327,0.287107,-2625.94458
0.371327,0.287107,-2630.25708
0.371031,0.286994,-2629.575684
0.371031,0.286994,-2632.144531
0.369937,0.278295,-2627.402832
0.370084,0.277806,-2627.499268
0.372245,0.279525,-2627.796875
0.373773,0.285947,-2628.420898
0.373773,0.285947,-2626.389648
0.376212,0.281674,-2627.053223
0.376212,0.281674,-2628.405029
0.377477,0.267995,-2626.744141
0.373704,0.27031,-2624.970703
0.372921,0.266995,-2624.974121
0.372921,0.266995,-2628.368652
0.372921,0.266995,-2625.673828
0.370406,0.274671,-2626.778809
0.366045,0.270761,-2626.025391
0.366045,0.270761,-2628.407715
0.366045,0.270761,-2631.206055
0.366045,0.270761,-2623.373535
0.365115,0.274221,-2628.858398
0.369278,0.265149,-2623.602051
0.366875,0.260309,-2623.280029
0.36415,0.257735,-2630.751465
0.36415,0.257735,-2623.820557
0.362965,0.262905,-2630.794434
0.362965,0.262905,-2622.959961
0.362965,0.262905,-2630.270508
0.361577,0.254385,-2635.685303
0.361577,0.254385,-2627.510498
0.363506,0.244993,-2634.792969
0.363506,0.244993,-2624.924316
0.361733,0.237184,-2630.73291
0.361733,0.237184,-2640.719238
0.361733,0.237184,-2633.267822
0.361733,0.237184,-2628.023926
0.362595,0.228487,-2636.110352
0.362433,0.223247,-2630.879395
0.356813,0.224794,-2619.99707
0.356813,0.224794,-2624.104492
0.355463,0.226687,-2631.438965
0.354548,0.229847,-2637.555908
0.354548,0.229847,-2647.847412
0.361119,0.223275,-2620.280273
0.361119,0.223275,-2633.216309
0.36395,0.219516,-2631.283691
0.36091,0.221293,-2637.681641
0.36091,0.221293,-2636.641602
0.36091,0.221293,-2630.671143
0.361613,0.213901,-2631.364014
0.361613,0.213901,-2627.314453
0.361613,0.213901,-2625.634766
0.361613,0.213901,-2636.734863
0.364067,0.209941,-2638.92041
0.364067,0.209941,-2631.019531
0.363933,0.213875,-2629.064697
0.363933,0.213875,-2631.285156
0.366164,0.220316,-2625.064697
0.367023,0.223277,-2629.909668
0.365053,0.223206,-2623.115723
0.365053,0.223206,-2622.736572
0.365053,0.223206,-2628.625
0.365053,0.223206,-2638.453613
0.362015,0.218594,-2636.285156
0.361764,0.217772,-2629.137695
0.359748,0.212812,-2626.101074
0.359748,0.212812,-2638.751465
0.359748,0.212812,-2633.379883
0.359034,0.211007,-2640.458496
0.358781,0.214263,-2634.688477
0.359504,0.21439,-2635.89502
0.361842,0.221997,-2634.214355
0.36792,0.218592,-2623.883301
0.367261,0.224491,-2628.193604
0.365745,0.228077,-2624.044922
0.365622,0.232804,-2626.644043
0.365622,0.232804,-2624.162598
0.365622,0.232804,-2629.326416
0.369218,0.232009,-2629.108398
0.374585,0.223225,-2626.161377
0.374585,0.223225,-2625.619141
0.374585,0.223225,-2625.507812
0.375591,0.23053,-2624.702148
0.375307,0.221345,-2625.224365
0.373492,0.220562,-2625.335938
0.373492,0.220562,-2625.601074
0.37504,0.225266,-2625.269775
0.37504,0.225266,-2628.182129
0.37504,0.225266,-2629.851318
0.37504,0.225266,-2626.297363
0.375256,0.219214,-2629.628906
0.375256,0.219214,-2627.509766
0.375256,0.219214,-2625.947998
0.370829,0.22166,-2626.294922
0.370829,0.22166,-2624.044434
0.370829,0.22166,-2631.038574
0.366844,0.222423,-2623.484375
0.367761,0.227803,-2633.87207
0.366621,0.228584,-2628.100098
0.367123,0.218349,-2624.310059
0.367123,0.218349,-2625.372559
0.369822,0.213306,-2625.403809
0.369023,0.216041,-2632.561279
0.369023,0.216041,-2632.773682
0.369023,0.216041,-2629.611816
0.36716,0.210201,-2629.312744
0.36716,0.210201,-2633.648193
0.36716,0.210201,-2626.280762
0.368463,0.20322,-2625.018799
0.366615,0.201865,-2625.752441
0.366615,0.201865,-2626.907227
0.36271,0.199935,-2643.150879
0.363737,0.206541,-2624.697998
0.363737,0.206541,-2631.200195
0.363737,0.206541,-2627.266113
0.364321,0.204591,-2635.001709
0.366448,0.213543,-2631.85083
0.366448,0.213543,-2630.530762
0.366448,0.213543,-2624.10791
0.366448,0.213543,-2627.549316
0.363539,0.216074,-2625.95874
0.363539,0.216074,-2622.809814
0.359234,0.216307,-2625.256348
0.357273,0.214114,-2631.233398
0.357273,0.214114,-2630.476074
0.357418,0.221846,-2643.308594
0.357418,0.221846,-2635.076172
0.357418,0.221846,-2635.797119
0.36137,0.219521,-2621.746338
0.36137,0.219521,-2623.979492
0.363894,0.21337,-2641.052246
0.363046,0.222337,-2638.791016
0.363046,0.222337,-2635.709473
0.362806,0.233128,-2623.529297
0.362806,0.233128,-2629.641113
0.362255,0.242394,-2639.699951
0.362255,0.242394,-2626.030762
0.360585,0.249902,-2625.323242
0.360466,0.255978,-2631.498535
0.360466,0.255978,-2635.397949
0.360466,0.255978,-2618.387939
0.361696,0.253488,-2627.524902
0.362206,0.253528,-2621.663086
0.362779,0.251768,-2643.368652
0.362779,0.251768,-2631.166016
0.362779,0.251768,-2638.433105
0.362927,0.250502,-2631.445801
0.362927,0.250502,-2630.424316
0.363752,0.243849,-2622.570557
0.365104,0.23399,-2621.600342
0.367156,0.229438,-2624.219482
0.369809,0.219428,-2628.710205
0.369809,0.219428,-2625.821533
0.369809,0.219428,-2628.036621
0.369196,0.218076,-2625.936768
0.368479,0.221053,-2626.656738
0.368597,0.217137,-2628.939941
0.36997,0.218761,-2624.246826
0.36997,0.218761,-2627.637207
0.367882,0.2231,-2625.390137
0.367882,0.2231,-2624.888184
0.365134,0.219097,-2626.065918
0.365134,0.219097,-2630.054199
0.365134,0.219097,-2628.564209
0.36406,0.22241,-2629.987793
0.36363,0.213118,-2632.031738
0.36363,0.213118,-2628.082764
0.364654,0.208377,-2632.164551
0.364654,0.208377,-2632.081543
0.365287,0.202687,-2627.391113
0.365287,0.202687,-2634.555664
0.365287,0.202687,-2635.550293
0.365287,0.202687,-2633.197998
0.365287,0.202687,-2630.717285
0.365287,0.202687,-2627.891113
0.365287,0.202687,-2625.223145
0.365287,0.202687,-2630.066895
0.367436,0.209833,-2625.380371
0.367436,0.209833,-2626.094727
0.365446,0.21475,-2624.643799
0.365446,0.21475,-2629.15918
0.371043,0.220055,-2625.718018
0.372217,0.221357,-2626.165039
0.375238,0.219548,-2626.955566
0.375238,0.219548,-2628.940918
0.375238,0.219548,-2625.800293
0.37362,0.22025,-2628.91626
0.370078,0.226876,-2626.835449
0.369205,0.220982,-2625.086426
0.369205,0.220982,-2623.862549
0.369189,0.209803,-2626.092529
0.369189,0.209803,-2626.345703
0.371497,0.213879,-2625.941895
0.371497,0.213879,-2625.932129
0.370848,0.208816,-2630.025879
0.370848,0.208816,-2625.740234
0.370848,0.208816,-2625.7229
0.370503,0.211867,-2626.722168
0.369718,0.216074,-2625.612793
0.369718,0.216074,-2624.836182
0.369718,0.216074,-2627.6521
0.369365,0.223275,-2626.289062
0.367362,0.226429,-2637.63916
0.367362,0.226429,-2629.402344
0.367362,0.226429,-2621.212402
0.368403,0.226647,-2624.22998
0.364961,0.230042,-2627.147949
0.364961,0.230042,-2627.898682
0.364961,0.230042,-2634.760254
0.364961,0.230042,-2626.086914
0.364961,0.230042,-2629.46875
0.364961,0.230042,-2621.87915
0.366279,0.232927,-2623.414062
0.366279,0.232927,-2632.276367
0.366279,0.232927,-2624.505371
0.363405,0.238668,-2622.302979
0.362832,0.235267,-2625.95166
0.361997,0.224272,-2627.266846
0.361997,0.224272,-2636.07959
0.361997,0.224272,-2624.101807
0.361997,0.224272,-2626.495361
0.361997,0.224272,-2634.92749
0.361997,0.224272,-2622.601562
0.361997,0.224272,-2636.329102
0.361997,0.224272,-2631.939941
0.361997,0.224272,-2633.161377
0.361997,0.224272,-2621.002197
0.363843,0.219911,-2622.129395
0.363843,0.219911,-2628.301758
0.363843,0.219911,-2634.200439
0.363006,0.219485,-2627.756592
0.367651,0.225397,-2628.27832
0.368584,0.22096,-2634.092041
0.370325,0.214552,-2627.818359
0.37179,0.217304,-2625.36377
0.37179,0.217304,-2627.714355
0.372427,0.210296,-2629.446289
0.372427,0.210296,-2626.025879
0.372427,0.210296,-2629.969727
0.374883,0.209872,-2627.274902
0.37787,0.208663,-2630.148438
0.374302,0.206352,-2628.163086
0.374683,0.206599,-2628.471191
0.374683,0.206599,-2627.676025
0.374683,0.206599,-2629.134766
0.374683,0.206599,-2626.78418
0.373752,0.211785,-2628.584229
0.373752,0.211785,-2627.78125
0.371911,0.22201,-2625.897705
0.370906,0.211896,-2625.507324
0.370906,0.211896,-2626.52417
0.367852,0.213197,-2623.761719
0.367852,0.213197,-2638.226562
0.367852,0.213197,-2630.32959
0.367852,0.213197,-2626.53125
0.368363,0.209966,-2626.632812
0.368363,0.209966,-2634.779785
0.369541,0.208388,-2625.777588
0.365743,0.211049,-2630.121094
0.365743,0.211049,-2630.073975
0.365743,0.211049,-2622.743652
0.365038,0.207077,-2624.19873
0.364681,0.206247,-2623.625
0.365227,0.20424,-2632.562744
0.366286,0.207774,-2623.672119
0.366281,0.211029,-2637.398682
0.367948,0.218208,-2624.618652
0.371554,0.211331,-2625.205322
0.371554,0.211331,-2625.157227
0.369642,0.219269,-2630.141602
0.369642,0.219269,-2624.588867
0.370559,0.218727,-2626.131104
0.370559,0.218727,-2626.755859
0.370559,0.218727,-2626.246582
0.374035,0.223908,-2630.03418
0.372027,0.223721,-2627.926758
0.374146,0.222036,-2624.446777
0.375008,0.224035,-2626.744385
0.376296,0.228521,-2627.060059
0.376296,0.228521,-2625.322754
0.376296,0.228521,-2626.242188
0.376296,0.228521,-2626.252441
0.37849,0.234122,-2627.189941
0.380196,0.234499,-2627.731934
0.380883,0.246977,-2627.308594
0.383576,0.259498,-2628.80957
0.381903,0.253772,-2628.42041
0.378936,0.259507,-2627.179688
0.37588,0.261285,-2626.873779
0.374964,0.256343,-2629.531738
0.376559,0.258603,-2626.833008
0.373815,0.258917,-2625.699707
0.373815,0.258917,-2624.404297
0.373815,0.258917,-2625.859863
0.373815,0.258917,-2625.245117
0.374783,0.259851,-2624.42627
0.3761,0.259298,-2626.159668
0.37572,0.253575,-2629.405273
0.374232,0.254118,-2626.212158
0.37836,0.266292,-2626.872559
0.376295,0.265274,-2627.903564
0.371844,0.263025,-2624.371094
0.371589,0.262981,-2627.033203
0.372323,0.265775,-2625.40918
0.372378,0.262438,-2627.391113
0.372378,0.262438,-2625.782227
0.376188,0.261572,-2625.760254
0.371892,0.265531,-2627.523926
0.371145,0.268393,-2623.541992
0.369594,0.26923,-2627.765869
0.37021,0.286829,-2626.588867
0.367167,0.28237,-2634.483887
0.367167,0.28237,-2625.110352
0.367167,0.28237,-2631.702637
0.367167,0.28237,-2629.027832
0.365017,0.289792,-2630.399902
0.365046,0.29046,-2626.595215
0.365046,0.29046,-2631.350342
0.365046,0.29046,-2627.23877
0.362934,0.281851,-2628.880859
0.367652,0.287295,-2632.208984
0.367652,0.287295,-2624.585693
0.369458,0.289524,-2628.037109
0.369458,0.289524,-2626.549316
0.369099,0.289776,-2626.079346
0.369099,0.289776,-2625.523682
0.365597,0.28998,-2629.948975
0.366976,0.282025,-2626.212646
0.366976,0.282025,-2630.098145
0.370242,0.286577,-2626.177246
0.370659,0.295639,-2629.155518
0.370659,0.295639,-2628.438721
0.371388,0.298499,-2630.240723
0.371388,0.298499,-2629.168457
0.371388,0.298499,-2628.696777
0.373734,0.290274,-2630.764893
0.373734,0.290274,-2626.625488
0.373734,0.290274,-2627.697754
0.373742,0.287829,-2629.255615
0.373742,0.287829,-2627.85791
0.378556,0.279628,-2626.825684
0.378556,0.279628,-2629.430176
0.374978,0.281619,-2625.859619
0.371319,0.289658,-2627.827637
0.372541,0.292348,-2627.369141
0.373172,0.289779,-2627.046387
0.373172,0.289779,-2628.525391
0.369613,0.298181,-2626.973633
0.368918,0.295829,-2627.109131
0.368918,0.295829,-2625.780273
0.368918,0.295829,-2626.651123
0.368918,0.295829,-2636.013672
0.372559,0.301374,-2629.750732
0.37425,0.303626,-2632.080566
0.370969,0.306574,-2628.73584
0.369125,0.305907,-2626.975098
0.369125,0.305907,-2630.751465
0.371244,0.293623,-2629.934082
0.373813,0.293779,-2627.909668
0.372394,0.2903,-2626.70752
0.372234,0.287383,-2629.2146
0.372234,0.287383,-2627.184814
0.369196,0.278676,-2626.098633
0.369196,0.278676,-2624.257324
0.369196,0.278676,-2625.433838
0.369196,0.278676,-2623.846924
0.369196,0.278676,-2626.434814
0.367952,0.275567,-2624.745117
0.367952,0.275567,-2623.96582
0.367952,0.275567,-2623.228027
0.367952,0.275567,-2628.595215
0.371609,0.279763,-2625.828613
0.371412,0.287466,-2628.15332
0.371412,0.287466,-2628.444336
0.371298,0.282702,-2626.800781
0.374005,0.302517,-2629.567139
0.374005,0.302517,-2631.31543
0.37386,0.302947,-2630.539795
0.37506,0.297035,-2630.223633
0.373161,0.295948,-2630.426758
0.371883,0.305043,-2631.049072
0.372913,0.30677,-2632.209717
0.36895,0.300923,-2634.370361
0.371217,0.303246,-2631.13623
0.372285,0.300479,-2629.987793
0.372285,0.300479,-2629.169434
0.372285,0.300479,-2628.243652
0.372285,0.300479,-2628.031494
0.373229,0.304826,-2633.640137
0.373229,0.304826,-2632.392822
0.373229,0.304826,-2632.396484
0.371282,0.304777,-2636.365479
0.366271,0.301305,-2627.479736
0.36562,0.305608,-2634.361572
0.36562,0.305608,-2641.254883
0.366164,0.299112,-2627.922119
0.366164,0.299112,-2626.694824
0.364468,0.295877,-2628.668945
0.368628,0.304367,-2634.311035
0.368628,0.304367,-2627.064453
0.368628,0.304367,-2629.382324
0.369229,0.301316,-2627.178955
0.369229,0.301316,-2638.978027
0.364517,0.290145,-2632.766357
0.364517,0.290145,-2622.252197
0.3675,0.286918,-2623.768066
0.369371,0.283888,-2630.708496
0.37273,0.278949,-2625.929688
0.371954,0.289328,-2628.162598
0.373963,0.297179,-2630.097168
0.373337,0.299341,-2629.061768
0.37418,0.294857,-2630.686279
0.375169,0.296366,-2629.802979
0.375169,0.296366,-2628.606934
0.376922,0.295267,-2628.040771
0.377131,0.295203,-2629.30835
0.377131,0.295203,-2629.339844
0.377131,0.295203,-2628.888184
0.377131,0.295203,-2630.380371
0.377131,0.295203,-2628.338135
0.372745,0.300975,-2630.946289
0.372745,0.300975,-2631.526367
0.37511,0.297505,-2629.680664
0.373305,0.296897,-2629.148926
0.371215,0.301181,-2627.902344
0.372239,0.30653,-2630.903564
0.372239,0.30653,-2629.805908
0.371692,0.301881,-2629.059082
0.371692,0.301881,-2628.345459
0.371692,0.301881,-2628.659424
0.373626,0.29782,-2629.048096
0.373626,0.29782,-2628.216797
0.370022,0.313302,-2629.812988
0.371737,0.30464,-2633.27832
0.374287,0.316198,-2633.77002
0.37477,0.309124,-2631.483154
0.377107,0.297924,-2631.056641
0.381398,0.29407,-2631.095947
0.381398,0.29407,-2630.128662
0.382202,0.296084,-2631.154053
0.382202,0.296084,-2631.81958
0.385194,0.288671,-2630.975098
0.385194,0.288671,-2633.003906
0.387338,0.287752,-2633.263672
0.384507,0.286524,-2632.102783
0.382686,0.292313,-2631.122803
0.382992,0.289957,-2630.111328
0.380727,0.286574,-2628.968018
0.380727,0.286574,-2631.050781
0.380279,0.285958,-2628.817383
0.380279,0.285958,-2629.828613
0.380279,0.285958,-2628.578369
0.380279,0.285958,-2629.847168
0.380279,0.285958,-2629.598633
0.380279,0.285958,-2629.73584
0.380279,0.285958,-2628.003418
0.380705,0.28402,-2630.332031
0.381121,0.284845,-2628.873535
0.380024,0.283656,-2630.121094
0.381542,0.274225,-2628.225098
0.386008,0.257485,-2630.823486
0.385726,0.252196,-2628.677734
0.38501,0.248666,-2629.194336
0.382105,0.249412,-2627.894531
0.380325,0.252842,-2626.211914
0.380325,0.252842,-2626.048096
0.380901,0.261459,-2626.862793
0.378731,0.263062,-2626.862793
0.381445,0.271976,-2627.961914
0.382233,0.266089,-2627.339844
0.382233,0.266089,-2628.513672
0.379557,0.265445,-2626.896729
0.379557,0.265445,-2627.776367
0.379557,0.265445,-2627.76709
0.382787,0.255403,-2628.444092
0.385215,0.264236,-2629.674805
0.382676,0.258533,-2628.270508
0.385875,0.25085,-2629.189453
0.385875,0.25085,-2628.984375
0.385644,0.24926,-2628.784912
0.385664,0.253469,-2629.343262
0.386184,0.246371,-2628.513184
0.384375,0.245233,-2628.434082
0.384637,0.243073,-2627.895508
0.384637,0.243073,-2628.539551
0.381216,0.239207,-2627.210693
0.37784,0.24118,-2627.101074
0.37784,0.24118,-2626.54541
0.372637,0.233433,-2624.959961
0.375854,0.225761,-2625.80127
0.379149,0.229891,-2626.532959
0.379156,0.232689,-2627.592285
0.377413,0.233343,-2626.758789
0.377413,0.233343,-2627.001709
0.377413,0.233343,-2625.421631
0.377413,0.233343,-2626.193359
0.375452,0.238926,-2626.30127
0.374531,0.242731,-2625.376709
0.37842,0.240097,-2626.395752
0.376659,0.234782,-2627.426025
0.372051,0.232062,-2624.558594
0.371437,0.227739,-2624.4375
0.374778,0.224099,-2625.57666
0.371846,0.229282,-2625.015625
0.369256,0.228901,-2628.864746
0.365335,0.229711,-2625.533936
0.367389,0.243343,-2629.905029
0.371789,0.237696,-2626.393311
0.372046,0.24245,-2625.890381
0.372046,0.24245,-2626.553711
0.37146,0.244589,-2625.620361
0.373664,0.253406,-2625.030273
0.372201,0.245199,-2625.056885
0.372121,0.256104,-2623.367676
0.36721,0.251304,-2623.810791
0.36721,0.251304,-2622.319824
0.371357,0.261436,-2627.215332
0.371165,0.260317,-2628.379639
0.370479,0.252271,-2627.731445
0.370479,0.252271,-2626.405273
0.370251,0.239802,-2629.55249
0.369737,0.246309,-2628.697998
0.369737,0.246309,-2627.077393
0.368545,0.241979,-2629.038574
0.368545,0.241979,-2621.60083
0.368545,0.241979,-2622.428223
0.373008,0.230446,-2625.29248
0.37494,0.218287,-2626.577637
0.37494,0.218287,-2626.78418
0.37494,0.218287,-2626.522461
0.369755,0.214445,-2624.281006
0.370569,0.21853,-2628.079102
0.370569,0.21853,-2626.719238
0.372339,0.219492,-2626.526855
0.372339,0.219492,-2625.22998
0.372339,0.219492,-2624.739746
0.372339,0.219492,-2628.448975
0.372339,0.219492,-2624.380371
0.372682,0.220658,-2629.348145
0.373169,0.222282,-2626.650635
0.373169,0.222282,-2625.780518
0.373169,0.222282,-2624.621338
0.37587,0.216484,-2627.708252
0.37587,0.216484,-2626.131836
0.37587,0.216484,-2628.844727
0.379211,0.220014,-2627.375488
0.374687,0.220468,-2627.650635
0.374687,0.220468,-2625.639648
0.374687,0.220468,-2626.496826
0.375716,0.225466,-2627.668945
0.375716,0.225466,-2629.395996
0.376783,0.217047,-2627.802734
0.376783,0.217047,-2627.401611
0.375858,0.218858,-2626.373047
0.375858,0.218858,-2626.071777
0.375858,0.218858,-2627.102295
0.3783,0.220105,-2629.062012
0.376403,0.223013,-2626.848633
0.37559,0.225681,-2625.999512
0.373817,0.225215,-2626.155762
0.373817,0.225215,-2625.349609
0.373817,0.225215,-2625.72998
0.371484,0.224647,-2624.65625
0.371484,0.224647,-2625.530273
0.373977,0.225848,-2627.019531
0.372463,0.2347,-2624.320312
0.372463,0.2347,-2623.699219
0.368853,0.245193,-2623.539062
0.368853,0.245193,-2623.318359
0.369955,0.251285,-2622.469238
0.370631,0.253047,-2624.357422
0.370699,0.25864,-2624.786865
0.370699,0.25864,-2626.345215
0.370699,0.25864,-2623.411377
0.370222,0.256169,-2622.943359
0.36631,0.270603,-2624.424805
0.36631,0.270603,-2628.019775
0.369676,0.270387,-2624.838135
0.370807,0.266169,-2628.335938
0.370807,0.266169,-2626.978271
0.370807,0.266169,-2625.211914
0.370807,0.266169,-2629.91626
0.370807,0.266169,-2625.631836
0.370807,0.266169,-2633.834717
0.370807,0.266169,-2625.380859
0.370817,0.255978,-2626.398926
0.370817,0.255978,-2623.480713
0.371841,0.260712,-2628.23291
0.371869,0.263567,-2627.475098
0.371869,0.263567,-2623.935791
0.371869,0.263567,-2633.215576
0.371507,0.264673,-2626.231934
0.370571,0.265792,-2625.637207
0.370571,0.265792,-2625.418213
0.370571,0.265792,-2629.108887
0.370571,0.265792,-2628.705811
0.370571,0.265792,-2622.872559
0.36782,0.280625,-2623.725586
0.36782,0.280625,-2625.303223
0.36782,0.280625,-2624.897217
0.36907,0.287001,-2626.390869
0.370999,0.288277,-2627.952148
0.370597,0.2883,-2627.974854
0.369871,0.288214,-2633.546387
0.369871,0.288214,-2625.770752
0.369871,0.288214,-2625.753418
0.369871,0.288214,-2628.92041
0.368441,0.288979,-2625.929199
0.365206,0.289651,-2625.864258
0.365206,0.289651,-2631.438232
0.365206,0.289651,-2624.904785
0.364482,0.296569,-2629.166504
0.364482,0.296569,-2627.715576
0.362076,0.296512,-2643.061279
0.362337,0.301791,-2632.685791
0.358168,0.304696,-2640.834229
0.357057,0.306216,-2641.747559
0.35524,0.302689,-2653.672363
0.35524,0.302689,-2646.367676
0.35524,0.302689,-2630.394531
0.356025,0.304506,-2637.676758
0.356025,0.304506,-2652.278809
0.360385,0.3049,-2644.001465
0.362787,0.298245,-2630.477783
0.364546,0.29904,-2638.48999
0.364546,0.29904,-2634.75
0.364546,0.29904,-2633.753418
0.364546,0.29904,-2625.604492
0.364546,0.29904,-2636.55957
0.365657,0.292371,-2630.252686
0.365657,0.292371,-2637.480713
0.365657,0.292371,-2627.461182
0.363119,0.297805,-2635.105957
0.363119,0.297805,-2633.260986
0.363119,0.297805,-2632.448242
0.364353,0.296543,-2642.605225
0.364353,0.296543,-2629.794678
0.364353,0.296543,-2630.185059
0.365691,0.292792,-2627.342285
0.365691,0.292792,-2636.48584
0.365691,0.292792,-2629.597412
0.365691,0.292792,-2625.873047
0.365691,0.292792,-2632.73291
0.365691,0.292792,-2628.065186
0.365691,0.292792,-2631.230957
0.365691,0.292792,-2633.936035
0.365691,0.292792,-2640.955566
0.367902,0.28864,-2632.507812
0.367902,0.28864,-2626.5
0.367902,0.28864,-2627.775879
0.367902,0.28864,-2629.236816
0.369837,0.279646,-2626.833008
0.369837,0.279646,-2625.191895
0.370427,0.280155,-2626.55249
0.366763,0.27604,-2629.408691
0.366763,0.27604,-2631.313965
0.365963,0.262884,-2627.085449
0.364372,0.274592,-2628.808594
0.363628,0.283016,-2634.712646
0.359922,0.282131,-2634.722656
0.358744,0.282142,-2629.71875
0.358744,0.282142,-2635.219971
0.358744,0.282142,-2628.643066
0.358744,0.282142,-2635.275391
0.358918,0.290859,-2630.472168
0.358918,0.290859,-2650.892822
0.36063,0.285815,-2623.914795
0.36063,0.285815,-2629.821777
0.363812,0.295706,-2636.288574
0.368326,0.289364,-2627.102051
0.369048,0.296415,-2626.632812
0.369048,0.296415,-2633.24707
0.369048,0.296415,-2627.366455
0.369048,0.296415,-2627.490234
0.365756,0.290376,-2627.321777
0.365756,0.290376,-2625.148682
0.365756,0.290376,-2640.450684
0.36914,0.300767,-2629.792236
0.373301,0.312723,-2629.812744
0.373301,0.312723,-2635.811279
0.373301,0.312723,-2631.313965
0.376148,0.312498,-2632.209717
0.376148,0.312498,-2632.526855
0.376148,0.312498,-2631.594238
0.377233,0.317132,-2632.801025
0.377233,0.317132,-2632.881836
0.377233,0.317132,-2632.44873
0.377233,0.317132,-2633.488281
0.379033,0.312133,-2633.741211
0.379033,0.312133,-2632.868652
0.379033,0.312133,-2633.845703
0.379033,0.312133,-2633.131348
0.379033,0.312133,-2633.990723
0.375278,0.310492,-2632.590088
0.375337,0.309935,-2634.189697
0.375337,0.309935,-2631.087891
0.373079,0.326735,-2631.457031
0.376287,0.327519,-2636.565918
0.376287,0.327519,-2634.079834
0.376287,0.327519,-2634.762695
0.375924,0.322831,-2634.849609
0.378237,0.321692,-2634.608398
0.378237,0.321692,-2633.202881
0.378237,0.321692,-2633.608398
0.377043,0.324825,-2633.870117
0.37635,0.329451,-2635.588379
0.373587,0.330299,-2632.820312
0.373587,0.330299,-2634.378418
0.373587,0.330299,-2635.356689
0.375413,0.320136,-2634.101074
0.37521,0.309092,-2631.274414
0.37991,0.299956,-2631.566406
0.375397,0.297629,-2630.186523
0.376452,0.296768,-2630.77417
0.377918,0.291286,-2631.285889
0.377918,0.291286,-2628.881348
0.372979,0.285536,-2629.286133
0.373655,0.285895,-2628.486816
0.373655,0.285895,-2627.260254
0.378355,0.289136,-2629.79126
0.377847,0.272881,-2628.443604
0.376802,0.269607,-2626.049805
0.380959,0.265604,-2629.450928
0.38262,0.264013,-2629.628906
0.380181,0.263193,-2628.55957
0.380181,0.263193,-2627.351074
0.382186,0.258596,-2628.304199
0.382186,0.258596,-2627.716309
0.383299,0.265035,-2628.953613
0.382609,0.26564,-2629.404297
0.382567,0.275777,-2628.911133
0.381464,0.278377,-2628.48584
0.382707,0.271839,-2629.561279
0.388149,0.270364,-2631.567871
0.383058,0.275197,-2629.640869
0.381468,0.262779,-2628.343018
0.381468,0.262779,-2627.875
0.382438,0.264298,-2628.022217
0.38451,0.268269,-2628.902344
0.385828,0.264418,-2628.022949
0.390238,0.253908,-2630.854004
0.389479,0.25133,-2629.736084
0.390493,0.248922,-2631.010254
0.390493,0.248922,-2629.79541
0.388875,0.250097,-2629.204834
0.384403,0.246718,-2628.796387
0.383689,0.246494,-2628.930176
0.383689,0.246494,-2627.913818
0.38308,0.24939,-2626.803955
0.380349,0.251336,-2627.787598
0.380349,0.251336,-2626.314453
0.380349,0.251336,-2627.109863
0.380349,0.251336,-2626.879883
0.380349,0.251336,-2627.624512
0.380407,0.252147,-2627.580322
0.380407,0.252147,-2627.944092
0.381851,0.258436,-2628.525635
0.3845,0.249828,-2628.618164
0.382312,0.250063,-2627.885498
0.382444,0.257691,-2628.131104
0.381317,0.263096,-2628.55542
0.381317,0.263096,-2626.518066
0.380668,0.260087,-2626.995605
0.380668,0.260087,-2628.636475
0.381616,0.255457,-2628.578369
0.381085,0.245309,-2628.026367
0.380374,0.240836,-2627.526367
0.378142,0.243117,-2627.030762
0.378142,0.243117,-2625.952881
0.380465,0.250796,-2627.300537
0.379114,0.252386,-2625.066406
0.378232,0.259538,-2626.370605
0.379518,0.260695,-2626.943115
0.379518,0.260695,-2627.97876
0.376929,0.248502,-2626.603027
0.377145,0.243009,-2625.626465
0.377145,0.243009,-2625.863281
0.377145,0.243009,-2626.919922
0.381067,0.233867,-2627.518066
0.38048,0.238472,-2627.546875
0.381035,0.23891,-2628.088379
0.379865,0.242346,-2628.02832
0.3784,0.23739,-2625.759766
0.38012,0.238901,-2626.617676
0.380913,0.238527,-2627.145752
0.383717,0.240556,-2629.253418
0.381974,0.242865,-2626.603027
0.379163,0.239218,-2625.777588
0.379163,0.239218,-2627.008545
0.381116,0.231493,-2627.519043
0.379205,0.233996,-2625.05542
0.379205,0.233996,-2626.288086
0.379205,0.233996,-2627.552246
0.376591,0.233345,-2625.541504
0.376866,0.231844,-2627.680176
0.377126,0.235367,-2625.583984
0.376502,0.232621,-2625.467773
0.373739,0.228581,-2624.820557
0.373739,0.228581,-2626.077148
0.368238,0.238711,-2625.052734
0.368238,0.238711,-2626.618896
0.371754,0.243398,-2629.030273
0.371754,0.243398,-2624.260742
0.371754,0.243398,-2627.994629
0.371754,0.243398,-2626.029785
0.368702,0.252075,-2625.342773
0.368311,0.26521,-2622.518555
0.368274,0.265145,-2629.929443
0.37174,0.261366,-2625.527344
0.37174,0.261366,-2625.434814
0.37174,0.261366,-2626.016602
0.37174,0.261366,-2625.395996
0.372081,0.261553,-2626.51001
0.372802,0.262325,-2623.913086
0.375117,0.2656,-2626.505615
0.377244,0.260699,-2627.230957
0.374845,0.269134,-2624.894531
0.374845,0.269134,-2625.817627
0.375114,0.269519,-2628.546875
0.381112,0.264092,-2628.222656
0.383947,0.262,-2627.421631
0.383947,0.262,-2628.894043
0.383947,0.262,-2631.136963
0.382645,0.260982,-2628.726562
0.382645,0.260982,-2628.345703
0.384021,0.261265,-2629.346191
0.383837,0.269899,-2629.280273
0.383837,0.269899,-2629.222412
0.381092,0.266672,-2627.813232
0.380038,0.259981,-2628.777344
0.377644,0.248099,-2627.199219
0.376412,0.246702,-2626.832764
0.376412,0.246702,-2626.310547
0.377531,0.252342,-2625.14502
0.376059,0.255001,-2626.662598
0.37383,0.258801,-2626.592285
0.373966,0.260079,-2626.01709
0.373966,0.260079,-2624.832031
0.373902,0.270832,-2628.69165
0.369452,0.266048,-2622.528076
0.369452,0.266048,-2626.081787
0.369241,0.269451,-2624.013428
0.369241,0.269451,-2626.054932
0.369241,0.269451,-2627.356934
0.367791,0.267224,-2630.723633
0.368243,0.272629,-2632.370117
0.37404,0.27479,-2629.140137
0.37404,0.27479,-2629.997803
0.37404,0.27479,-2627.984619
0.37404,0.27479,-2625.486572
0.375106,0.265546,-2625.465332
0.370665,0.272483,-2625.971191
0.370665,0.272483,-2624.107666
0.367827,0.271705,-2627.251709
0.367827,0.271705,-2622.08374
0.367827,0.271705,-2628.910645
0.367672,0.274454,-2621.899902
0.367672,0.274454,-2626.971924
0.364653,0.279284,-2624.858643
0.365401,0.290441,-2626.8125
0.366635,0.29159,-2628.304199
0.366635,0.29159,-2627.704346
0.366635,0.29159,-2634.367188
0.366853,0.284888,-2627.241211
0.367665,0.292272,-2636.794189
0.368826,0.297152,-2632.587891
0.367957,0.295428,-2625.750244
0.367957,0.295428,-2627.831055
0.367957,0.295428,-2627.687988
0.372785,0.301786,-2628.395996
0.370017,0.308406,-2630.008789
0.371447,0.309367,-2630.705566
0.368783,0.307375,-2627.870361
0.372635,0.311418,-2630.068359
0.372635,0.311418,-2630.204102
0.372635,0.311418,-2631.483643
0.369071,0.315458,-2634.67334
0.367797,0.306074,-2630.098633
0.366975,0.295737,-2632.319336
0.366975,0.295737,-2625.985352
0.366975,0.295737,-2629.180664
0.366975,0.295737,-2626.54541
0.36295,0.286857,-2622.025146
0.364137,0.292629,-2633.766113
0.364137,0.292629,-2624.804688
0.364137,0.292629,-2628.402344
0.367256,0.301315,-2628.61377
0.368988,0.304622,-2631.796875
0.368988,0.304622,-2626.223145
0.368988,0.304622,-2630.315918
0.370663,0.307667,-2629.359619
0.370663,0.307667,-2630.497803
0.373597,0.314917,-2632.308594
0.373597,0.314917,-2635.261963
0.372903,0.312309,-2629.354004
0.370738,0.311052,-2630.385742
0.370738,0.311052,-2630.876465
0.374297,0.321688,-2633.856445
0.374501,0.3228,-2633.428223
0.375016,0.318756,-2631.61499
0.375815,0.32375,-2632.342773
0.375815,0.32375,-2637.125977
0.373641,0.320704,-2636.096191
0.373641,0.320704,-2633.36084
0.369387,0.31899,-2629.216797
0.369368,0.317993,-2630.853027
0.369551,0.313305,-2636.485107
0.369551,0.313305,-2633.308594
0.369551,0.313305,-2632.47998
0.374963,0.311894,-2634.144531
0.379678,0.317522,-2632.889404
0.378305,0.304152,-2630.522461
0.378305,0.304152,-2631.76709
0.372515,0.307892,-2630.683594
0.37383,0.308556,-2631.505127
0.370461,0.313872,-2628.896973
0.37408,0.30949,-2634.970703
0.377202,0.303668,-2631.24707
0.378295,0.299295,-2631.501221
0.378053,0.296764,-2630.927734
0.375486,0.29566,-2629.915039
0.375486,0.29566,-2630.327393
0.377264,0.297258,-2630.695068
0.37846,0.302957,-2630.851318
0.37846,0.302957,-2631.381348
0.37846,0.302957,-2631.125977
0.37685,0.307432,-2630.940186
0.37685,0.307432,-2631.11377
0.37351,0.303153,-2629.455566
0.37351,0.303153,-2631.314453
0.375185,0.291844,-2629.655273
0.373221,0.298387,-2628.643555
0.373221,0.298387,-2628.991943
0.373221,0.298387,-2634.240479
0.372635,0.287556,-2627.079346
0.372635,0.287556,-2628.281738
0.371884,0.298878,-2628.159668
0.372649,0.300143,-2628.229248
0.375711,0.317053,-2633.583252
0.377979,0.317863,-2633.412109
0.376628,0.309388,-2634.0
0.376705,0.306548,-2631.083984
0.376705,0.306548,-2631.470215
0.375559,0.302771,-2629.500488
0.372231,0.296685,-2630.206055
0.372231,0.296685,-2628.765381
0.375581,0.303335,-2629.873535
0.375581,0.303335,-2629.472168
0.373232,0.303601,-2633.042969
0.373232,0.303601,-2629.02002
0.376176,0.305949,-2632.182617
0.372033,0.305085,-2634.127197
0.370116,0.303503,-2635.265137
0.371106,0.304681,-2628.798828
0.373774,0.30417,-2629.726562
0.369149,0.306283,-2628.494629
0.369149,0.306283,-2631.704102
0.369796,0.306354,-2631.572266
0.369796,0.306354,-2627.458008
0.369796,0.306354,-2630.555664
0.37026,0.3085,-2634.053223
0.372117,0.301741,-2629.586182
0.375101,0.302207,-2632.546631
0.375101,0.302207,-2630.140625
0.375036,0.293418,-2628.952637
0.373698,0.292785,-2628.821777
0.37328,0.294695,-2629.57959
0.374883,0.293989,-2630.29248
0.368294,0.287667,-2632.607422
0.368294,0.287667,-2626.316406
0.368294,0.287667,-2625.818115
0.369443,0.300706,-2630.361816
0.371048,0.298,-2629.422363
0.371048,0.298,-2627.878418
0.3685,0.3018,-2628.992188
0.36832,0.291276,-2633.503418
0.367875,0.286982,-2627.031738
0.367875,0.286982,-2627.95874
0.369532,0.290284,-2626.428223
0.369532,0.290284,-2624.561523
0.369198,0.293419,-2629.541016
0.369198,0.293419,-2629.324707
0.36857,0.296301,-2626.572754
0.36857,0.296301,-2630.418701
0.36857,0.296301,-2632.369629
0.36857,0.296301,-2628.381348
0.367868,0.301528,-2634.341797
0.366734,0.297931,-2629.022949
0.366734,0.297931,-2627.257324
0.361847,0.31014,-2642.310547
0.361268,0.310974,-2636.831299
0.360858,0.311497,-2638.64624
0.361382,0.306606,-2637.009277
0.357124,0.304089,-2629.194824
0.358611,0.309258,-2637.327637
0.358611,0.309258,-2637.375977
0.35525,0.309913,-2641.462891
0.35756,0.309037,-2644.797852
0.361748,0.315028,-2641.335205
0.361748,0.315028,-2637.188721
0.361748,0.315028,-2641.518555
0.366048,0.31029,-2637.989746
0.366048,0.31029,-2632.429199
0.366048,0.31029,-2641.786133
0.36376,0.308145,-2629.126221
0.36376,0.308145,-2641.140625
0.361748,0.30813,-2626.978027
0.360441,0.302988,-2639.06543
0.358533,0.315557,-2652.705566
0.360598,0.310967,-2624.411865
0.359248,0.306947,-2623.965332
0.359882,0.304212,-2636.791992
0.361242,0.297237,-2627.090332
0.362634,0.295726,-2630.481689
0.362634,0.295726,-2631.103516
0.362047,0.296678,-2624.480225
0.363795,0.301709,-2636.089844
0.361117,0.303702,-2642.552246
0.361117,0.303702,-2638.777344
0.361695,0.305613,-2641.280762
0.361523,0.301596,-2630.503906
0.361523,0.301596,-2633.355713
0.361401,0.299422,-2640.303467
0.363411,0.291832,-2630.14624
0.363411,0.291832,-2641.873047
0.363411,0.291832,-2629.793213
0.363411,0.291832,-2623.771973
0.363411,0.291832,-2639.531982
0.363411,0.291832,-2635.546387
0.363411,0.291832,-2624.843506
0.359875,0.28614,-2630.068359
0.359875,0.28614,-2635.996582
0.359875,0.28614,-2627.226807
0.364866,0.276545,-2626.206299
0.364866,0.276545,-2632.857422
0.364866,0.276545,-2628.367188
0.364866,0.276545,-2634.899902
0.364866,0.276545,-2624.411377
0.365796,0.273997,-2629.757812
0.365796,0.273997,-2630.53125
0.364836,0.282005,-2640.113525
0.367087,0.276295,-2625.618652
0.370468,0.266586,-2624.909668
0.368675,0.263422,-2626.54248
0.368675,0.263422,-2626.949707
0.368675,0.263422,-2623.637695
