idx,alpha,mu,omega,rho,loglike
0,0.05,0.3,0.0,0.08,-1979.1417236328125
1,0.05,0.3,0.0,0.0824,-1968.490234375
2,0.05,0.3,0.0,0.0848,-1980.876953125
3,0.05,0.3,0.0,0.0872,-1988.89111328125
4,0.05,0.3,0.0,0.0896,-1984.9324951171875
5,0.05,0.3,0.0,0.092,-1979.41748046875
6,0.05,0.3,0.0,0.0944,-1992.362060546875
7,0.05,0.3,0.0,0.0968,-2001.2733154296875
8,0.05,0.3,0.0,0.0992,-1997.0205078125
9,0.05,0.3,0.0,0.1016,-1977.8631591796875
10,0.05,0.3,0.0,0.104,-1977.41845703125
11,0.05,0.3,0.0,0.1064,-1974.131103515625
12,0.05,0.3,0.0,0.1088,-1977.0418701171875
13,0.05,0.3,0.0,0.1112,-1951.635498046875
14,0.05,0.3,0.0,0.1136,-1949.9091796875
15,0.05,0.3,0.0,0.116,-1960.502685546875
16,0.05,0.3,0.0,0.1184,-1973.144287109375
17,0.05,0.3,0.0,0.1208,-1969.520263671875
18,0.05,0.3,0.0,0.1232,-1977.450927734375
19,0.05,0.3,0.0,0.1256,-1970.023681640625
20,0.05,0.3,0.0,0.128,-1988.6324462890625
21,0.05,0.3,0.0,0.1304,-1950.4635009765625
22,0.05,0.3,0.0,0.1328,-1968.152587890625
23,0.05,0.3,0.0,0.1352,-1955.9853515625
24,0.05,0.3,0.0,0.1376,-1980.742919921875
25,0.05,0.3,0.0,0.14,-1982.8092041015625
26,0.05,0.3,0.0,0.1424,-1982.604248046875
27,0.05,0.3,0.0,0.1448,-1987.973876953125
28,0.05,0.3,0.0,0.1472,-1972.99169921875
29,0.05,0.3,0.0,0.1496,-1970.43994140625
30,0.05,0.3,0.0,0.152,-1964.763916015625
31,0.05,0.3,0.0,0.1544,-1970.0989990234375
32,0.05,0.3,0.0,0.1568,-1985.5126953125
33,0.05,0.3,0.0,0.1592,-1975.67529296875
34,0.05,0.3,0.0,0.1616,-1971.3060302734375
35,0.05,0.3,0.0,0.164,-1971.28076171875
36,0.05,0.3,0.0,0.1664,-1980.3074951171875
37,0.05,0.3,0.0,0.1688,-1961.547119140625
38,0.05,0.3,0.0,0.1712,-1977.203857421875
39,0.05,0.3,0.0,0.1736,-1972.2205810546875
40,0.05,0.3,0.0,0.176,-1980.337158203125
41,0.05,0.3,0.0,0.1784,-1970.063232421875
42,0.05,0.3,0.0,0.1808,-1974.19580078125
43,0.05,0.3,0.0,0.1832,-2005.124755859375
44,0.05,0.3,0.0,0.1856,-1979.9534912109375
45,0.05,0.3,0.0,0.188,-1968.047119140625
46,0.05,0.3,0.0,0.1904,-1989.0240478515625
47,0.05,0.3,0.0,0.1928,-1978.833251953125
48,0.05,0.3,0.0,0.1952,-1960.69287109375
49,0.05,0.3,0.0,0.1976,-1983.055419921875
50,0.05,0.3,0.0,0.2,-1975.72705078125
51,0.05,0.302,0.0,0.08,-1967.990478515625
52,0.05,0.302,0.0,0.0824,-1971.5260009765625
53,0.05,0.302,0.0,0.0848,-1987.32373046875
54,0.05,0.302,0.0,0.0872,-1966.8631591796875
55,0.05,0.302,0.0,0.0896,-1970.085205078125
56,0.05,0.302,0.0,0.092,-1996.3017578125
57,0.05,0.302,0.0,0.0944,-1989.6829833984375
58,0.05,0.302,0.0,0.0968,-1977.261474609375
59,0.05,0.302,0.0,0.0992,-1990.271240234375
60,0.05,0.302,0.0,0.1016,-1969.9150390625
61,0.05,0.302,0.0,0.104,-1978.6397705078125
62,0.05,0.302,0.0,0.1064,-1977.7550048828125
63,0.05,0.302,0.0,0.1088,-1949.90234375
64,0.05,0.302,0.0,0.1112,-1991.21826171875
65,0.05,0.302,0.0,0.1136,-1980.058837890625
66,0.05,0.302,0.0,0.116,-1953.636474609375
67,0.05,0.302,0.0,0.1184,-1940.434814453125
68,0.05,0.302,0.0,0.1208,-1966.1273193359375
69,0.05,0.302,0.0,0.1232,-1974.169921875
70,0.05,0.302,0.0,0.1256,-1960.48583984375
71,0.05,0.302,0.0,0.128,-1956.8446044921875
72,0.05,0.302,0.0,0.1304,-1971.3516845703125
73,0.05,0.302,0.0,0.1328,-1952.624267578125
74,0.05,0.302,0.0,0.1352,-1945.6068115234375
75,0.05,0.302,0.0,0.1376,-1968.406982421875
76,0.05,0.302,0.0,0.14,-1971.807373046875
77,0.05,0.302,0.0,0.1424,-1966.447265625
78,0.05,0.302,0.0,0.1448,-1968.402587890625
79,0.05,0.302,0.0,0.1472,-1936.372314453125
80,0.05,0.302,0.0,0.1496,-1961.0777587890625
81,0.05,0.302,0.0,0.152,-1952.15087890625
82,0.05,0.302,0.0,0.1544,-1968.150390625
83,0.05,0.302,0.0,0.1568,-1973.647216796875
84,0.05,0.302,0.0,0.1592,-1962.778076171875
85,0.05,0.302,0.0,0.1616,-1991.4676513671875
86,0.05,0.302,0.0,0.164,-1958.4287109375
87,0.05,0.302,0.0,0.1664,-1948.945068359375
88,0.05,0.302,0.0,0.1688,-1965.5328369140625
89,0.05,0.302,0.0,0.1712,-1981.234619140625
90,0.05,0.302,0.0,0.1736,-1962.8782958984375
91,0.05,0.302,0.0,0.176,-1968.34619140625
92,0.05,0.302,0.0,0.1784,-1959.08447265625
93,0.05,0.302,0.0,0.1808,-1973.676513671875
94,0.05,0.302,0.0,0.1832,-1978.7423095703125
95,0.05,0.302,0.0,0.1856,-1981.881591796875
96,0.05,0.302,0.0,0.188,-1965.007080078125
97,0.05,0.302,0.0,0.1904,-1984.064208984375
98,0.05,0.302,0.0,0.1928,-1983.965576171875
99,0.05,0.302,0.0,0.1952,-1985.9691162109375
100,0.05,0.302,0.0,0.1976,-1976.2677001953125
101,0.05,0.302,0.0,0.2,-1960.90966796875
102,0.05,0.304,0.0,0.08,-1986.0667724609375
103,0.05,0.304,0.0,0.0824,-1995.02734375
104,0.05,0.304,0.0,0.0848,-1969.8812255859375
105,0.05,0.304,0.0,0.0872,-1954.334228515625
106,0.05,0.304,0.0,0.0896,-1986.1591796875
107,0.05,0.304,0.0,0.092,-1966.07080078125
108,0.05,0.304,0.0,0.0944,-1991.281005859375
109,0.05,0.304,0.0,0.0968,-1973.96728515625
110,0.05,0.304,0.0,0.0992,-1974.3389892578125
111,0.05,0.304,0.0,0.1016,-1980.2557373046875
112,0.05,0.304,0.0,0.104,-1967.7271728515625
113,0.05,0.304,0.0,0.1064,-1964.78515625
114,0.05,0.304,0.0,0.1088,-1978.794189453125
115,0.05,0.304,0.0,0.1112,-1953.2333984375
116,0.05,0.304,0.0,0.1136,-1972.1822509765625
117,0.05,0.304,0.0,0.116,-1964.915283203125
118,0.05,0.304,0.0,0.1184,-1950.3526611328125
119,0.05,0.304,0.0,0.1208,-1964.644775390625
120,0.05,0.304,0.0,0.1232,-1955.6510009765625
121,0.05,0.304,0.0,0.1256,-1959.529541015625
122,0.05,0.304,0.0,0.128,-1955.05322265625
123,0.05,0.304,0.0,0.1304,-1974.1317138671875
124,0.05,0.304,0.0,0.1328,-1956.1656494140625
125,0.05,0.304,0.0,0.1352,-1968.53662109375
126,0.05,0.304,0.0,0.1376,-1949.5113525390625
127,0.05,0.304,0.0,0.14,-1964.93505859375
128,0.05,0.304,0.0,0.1424,-1944.207275390625
129,0.05,0.304,0.0,0.1448,-1950.7763671875
130,0.05,0.304,0.0,0.1472,-1958.4151611328125
131,0.05,0.304,0.0,0.1496,-1975.7098388671875
132,0.05,0.304,0.0,0.152,-1965.489013671875
133,0.05,0.304,0.0,0.1544,-1940.1651611328125
134,0.05,0.304,0.0,0.1568,-1988.126953125
135,0.05,0.304,0.0,0.1592,-1945.447998046875
136,0.05,0.304,0.0,0.1616,-1931.208984375
137,0.05,0.304,0.0,0.164,-1942.391845703125
138,0.05,0.304,0.0,0.1664,-1977.55712890625
139,0.05,0.304,0.0,0.1688,-1982.78271484375
140,0.05,0.304,0.0,0.1712,-1977.6123046875
141,0.05,0.304,0.0,0.1736,-1958.2587890625
142,0.05,0.304,0.0,0.176,-1978.18212890625
143,0.05,0.304,0.0,0.1784,-1979.689453125
144,0.05,0.304,0.0,0.1808,-1962.0439453125
145,0.05,0.304,0.0,0.1832,-1982.593994140625
146,0.05,0.304,0.0,0.1856,-1962.408935546875
147,0.05,0.304,0.0,0.188,-1978.236083984375
148,0.05,0.304,0.0,0.1904,-1969.08349609375
149,0.05,0.304,0.0,0.1928,-1980.1256103515625
150,0.05,0.304,0.0,0.1952,-1978.862060546875
151,0.05,0.304,0.0,0.1976,-1963.5787353515625
152,0.05,0.304,0.0,0.2,-1947.0413818359375
153,0.05,0.306,0.0,0.08,-1974.1527099609375
154,0.05,0.306,0.0,0.0824,-1978.103271484375
155,0.05,0.306,0.0,0.0848,-1974.4481201171875
156,0.05,0.306,0.0,0.0872,-1973.522705078125
157,0.05,0.306,0.0,0.0896,-1980.4033203125
158,0.05,0.306,0.0,0.092,-1983.3511962890625
159,0.05,0.306,0.0,0.0944,-1969.2840576171875
160,0.05,0.306,0.0,0.0968,-1953.3572998046875
161,0.05,0.306,0.0,0.0992,-1948.861328125
162,0.05,0.306,0.0,0.1016,-1980.3277587890625
163,0.05,0.306,0.0,0.104,-1951.063720703125
164,0.05,0.306,0.0,0.1064,-1956.047119140625
165,0.05,0.306,0.0,0.1088,-1966.5986328125
166,0.05,0.306,0.0,0.1112,-1953.7830810546875
167,0.05,0.306,0.0,0.1136,-1958.10302734375
168,0.05,0.306,0.0,0.116,-1961.2374267578125
169,0.05,0.306,0.0,0.1184,-1956.094970703125
170,0.05,0.306,0.0,0.1208,-1967.97900390625
171,0.05,0.306,0.0,0.1232,-1966.658935546875
172,0.05,0.306,0.0,0.1256,-1942.109130859375
173,0.05,0.306,0.0,0.128,-1922.1673583984375
174,0.05,0.306,0.0,0.1304,-1965.213134765625
175,0.05,0.306,0.0,0.1328,-1946.4521484375
176,0.05,0.306,0.0,0.1352,-1951.7918701171875
177,0.05,0.306,0.0,0.1376,-1939.3330078125
178,0.05,0.306,0.0,0.14,-1959.6748046875
179,0.05,0.306,0.0,0.1424,-1946.430908203125
180,0.05,0.306,0.0,0.1448,-1976.630859375
181,0.05,0.306,0.0,0.1472,-1954.5068359375
182,0.05,0.306,0.0,0.1496,-1938.1263427734375
183,0.05,0.306,0.0,0.152,-1958.2294921875
184,0.05,0.306,0.0,0.1544,-1949.82470703125
185,0.05,0.306,0.0,0.1568,-1944.5538330078125
186,0.05,0.306,0.0,0.1592,-1973.37646484375
187,0.05,0.306,0.0,0.1616,-1961.472900390625
188,0.05,0.306,0.0,0.164,-1944.1416015625
189,0.05,0.306,0.0,0.1664,-1949.554443359375
190,0.05,0.306,0.0,0.1688,-1972.625244140625
191,0.05,0.306,0.0,0.1712,-1954.3665771484375
192,0.05,0.306,0.0,0.1736,-1975.7783203125
193,0.05,0.306,0.0,0.176,-1966.2447509765625
194,0.05,0.306,0.0,0.1784,-1955.25732421875
195,0.05,0.306,0.0,0.1808,-1962.2694091796875
196,0.05,0.306,0.0,0.1832,-1953.8663330078125
197,0.05,0.306,0.0,0.1856,-1969.30615234375
198,0.05,0.306,0.0,0.188,-1952.609619140625
199,0.05,0.306,0.0,0.1904,-1969.7337646484375
200,0.05,0.306,0.0,0.1928,-1967.298828125
201,0.05,0.306,0.0,0.1952,-1961.55224609375
202,0.05,0.306,0.0,0.1976,-1985.306396484375
203,0.05,0.306,0.0,0.2,-1979.3475341796875
204,0.05,0.308,0.0,0.08,-1977.73876953125
205,0.05,0.308,0.0,0.0824,-1963.8101806640625
206,0.05,0.308,0.0,0.0848,-1964.239501953125
207,0.05,0.308,0.0,0.0872,-1971.8197021484375
208,0.05,0.308,0.0,0.0896,-1960.521484375
209,0.05,0.308,0.0,0.092,-1964.3099365234375
210,0.05,0.308,0.0,0.0944,-1966.62841796875
211,0.05,0.308,0.0,0.0968,-1955.303466796875
212,0.05,0.308,0.0,0.0992,-1967.895751953125
213,0.05,0.308,0.0,0.1016,-1939.2081298828125
214,0.05,0.308,0.0,0.104,-1950.3359375
215,0.05,0.308,0.0,0.1064,-1954.5550537109375
216,0.05,0.308,0.0,0.1088,-1958.435791015625
217,0.05,0.308,0.0,0.1112,-1954.977294921875
218,0.05,0.308,0.0,0.1136,-1949.593017578125
219,0.05,0.308,0.0,0.116,-1951.39111328125
220,0.05,0.308,0.0,0.1184,-1948.7325439453125
221,0.05,0.308,0.0,0.1208,-1967.732177734375
222,0.05,0.308,0.0,0.1232,-1966.3758544921875
223,0.05,0.308,0.0,0.1256,-1940.004150390625
224,0.05,0.308,0.0,0.128,-1955.1181640625
225,0.05,0.308,0.0,0.1304,-1953.513671875
226,0.05,0.308,0.0,0.1328,-1958.946044921875
227,0.05,0.308,0.0,0.1352,-1946.828369140625
228,0.05,0.308,0.0,0.1376,-1963.21728515625
229,0.05,0.308,0.0,0.14,-1958.2249755859375
230,0.05,0.308,0.0,0.1424,-1960.649658203125
231,0.05,0.308,0.0,0.1448,-1956.00390625
232,0.05,0.308,0.0,0.1472,-1948.671142578125
233,0.05,0.308,0.0,0.1496,-1953.290283203125
234,0.05,0.308,0.0,0.152,-1957.27978515625
235,0.05,0.308,0.0,0.1544,-1958.521484375
236,0.05,0.308,0.0,0.1568,-1948.7672119140625
237,0.05,0.308,0.0,0.1592,-1961.5140380859375
238,0.05,0.308,0.0,0.1616,-1960.064697265625
239,0.05,0.308,0.0,0.164,-1949.6488037109375
240,0.05,0.308,0.0,0.1664,-1962.766357421875
241,0.05,0.308,0.0,0.1688,-1943.2232666015625
242,0.05,0.308,0.0,0.1712,-1961.957763671875
243,0.05,0.308,0.0,0.1736,-1968.052734375
244,0.05,0.308,0.0,0.176,-1967.3209228515625
245,0.05,0.308,0.0,0.1784,-1953.6461181640625
246,0.05,0.308,0.0,0.1808,-1931.80712890625
247,0.05,0.308,0.0,0.1832,-1977.798095703125
248,0.05,0.308,0.0,0.1856,-1950.0540771484375
249,0.05,0.308,0.0,0.188,-1973.076171875
250,0.05,0.308,0.0,0.1904,-1938.214111328125
251,0.05,0.308,0.0,0.1928,-1957.654296875
252,0.05,0.308,0.0,0.1952,-1972.1693115234375
253,0.05,0.308,0.0,0.1976,-1961.8592529296875
254,0.05,0.308,0.0,0.2,-1969.3809814453125
255,0.05,0.31,0.0,0.08,-1950.4488525390625
256,0.05,0.31,0.0,0.0824,-1965.48291015625
257,0.05,0.31,0.0,0.0848,-1974.857666015625
258,0.05,0.31,0.0,0.0872,-1959.27001953125
259,0.05,0.31,0.0,0.0896,-1968.928466796875
260,0.05,0.31,0.0,0.092,-1942.052490234375
261,0.05,0.31,0.0,0.0944,-1953.041259765625
262,0.05,0.31,0.0,0.0968,-1957.4200439453125
263,0.05,0.31,0.0,0.0992,-1950.7183837890625
264,0.05,0.31,0.0,0.1016,-1958.6126708984375
265,0.05,0.31,0.0,0.104,-1948.8514404296875
266,0.05,0.31,0.0,0.1064,-1934.78759765625
267,0.05,0.31,0.0,0.1088,-1945.742431640625
268,0.05,0.31,0.0,0.1112,-1916.0308837890625
269,0.05,0.31,0.0,0.1136,-1946.226318359375
270,0.05,0.31,0.0,0.116,-1942.71484375
271,0.05,0.31,0.0,0.1184,-1946.24609375
272,0.05,0.31,0.0,0.1208,-1943.196044921875
273,0.05,0.31,0.0,0.1232,-1948.1968994140625
274,0.05,0.31,0.0,0.1256,-1960.305908203125
275,0.05,0.31,0.0,0.128,-1942.972900390625
276,0.05,0.31,0.0,0.1304,-1938.0426025390625
277,0.05,0.31,0.0,0.1328,-1963.145751953125
278,0.05,0.31,0.0,0.1352,-1941.09814453125
279,0.05,0.31,0.0,0.1376,-1944.5609130859375
280,0.05,0.31,0.0,0.14,-1930.552734375
281,0.05,0.31,0.0,0.1424,-1941.107666015625
282,0.05,0.31,0.0,0.1448,-1940.8656005859375
283,0.05,0.31,0.0,0.1472,-1956.17333984375
284,0.05,0.31,0.0,0.1496,-1924.859130859375
285,0.05,0.31,0.0,0.152,-1950.449951171875
286,0.05,0.31,0.0,0.1544,-1959.2752685546875
287,0.05,0.31,0.0,0.1568,-1959.9261474609375
288,0.05,0.31,0.0,0.1592,-1943.0360107421875
289,0.05,0.31,0.0,0.1616,-1959.036376953125
290,0.05,0.31,0.0,0.164,-1949.6748046875
291,0.05,0.31,0.0,0.1664,-1965.607421875
292,0.05,0.31,0.0,0.1688,-1944.4984130859375
293,0.05,0.31,0.0,0.1712,-1956.775390625
294,0.05,0.31,0.0,0.1736,-1934.760009765625
295,0.05,0.31,0.0,0.176,-1963.299072265625
296,0.05,0.31,0.0,0.1784,-1953.143798828125
297,0.05,0.31,0.0,0.1808,-1950.8662109375
298,0.05,0.31,0.0,0.1832,-1949.7593994140625
299,0.05,0.31,0.0,0.1856,-1937.9202880859375
300,0.05,0.31,0.0,0.188,-1942.32470703125
301,0.05,0.31,0.0,0.1904,-1954.518798828125
302,0.05,0.31,0.0,0.1928,-1967.3599853515625
303,0.05,0.31,0.0,0.1952,-1969.1259765625
304,0.05,0.31,0.0,0.1976,-1962.03857421875
305,0.05,0.31,0.0,0.2,-1974.7159423828125
306,0.05,0.312,0.0,0.08,-1937.4486083984375
307,0.05,0.312,0.0,0.0824,-1954.114990234375
308,0.05,0.312,0.0,0.0848,-1957.7982177734375
309,0.05,0.312,0.0,0.0872,-1963.068359375
310,0.05,0.312,0.0,0.0896,-1945.8343505859375
311,0.05,0.312,0.0,0.092,-1939.64892578125
312,0.05,0.312,0.0,0.0944,-1950.51318359375
313,0.05,0.312,0.0,0.0968,-1929.207275390625
314,0.05,0.312,0.0,0.0992,-1939.258056640625
315,0.05,0.312,0.0,0.1016,-1961.366943359375
316,0.05,0.312,0.0,0.104,-1955.240234375
317,0.05,0.312,0.0,0.1064,-1951.876953125
318,0.05,0.312,0.0,0.1088,-1953.95263671875
319,0.05,0.312,0.0,0.1112,-1928.43603515625
320,0.05,0.312,0.0,0.1136,-1940.0753173828125
321,0.05,0.312,0.0,0.116,-1951.0772705078125
322,0.05,0.312,0.0,0.1184,-1948.284423828125
323,0.05,0.312,0.0,0.1208,-1921.633056640625
324,0.05,0.312,0.0,0.1232,-1933.230224609375
325,0.05,0.312,0.0,0.1256,-1955.1612548828125
326,0.05,0.312,0.0,0.128,-1950.81689453125
327,0.05,0.312,0.0,0.1304,-1949.330078125
328,0.05,0.312,0.0,0.1328,-1923.0478515625
329,0.05,0.312,0.0,0.1352,-1949.2626953125
330,0.05,0.312,0.0,0.1376,-1946.21337890625
331,0.05,0.312,0.0,0.14,-1921.6829833984375
332,0.05,0.312,0.0,0.1424,-1936.8736572265625
333,0.05,0.312,0.0,0.1448,-1949.4803466796875
334,0.05,0.312,0.0,0.1472,-1917.7275390625
335,0.05,0.312,0.0,0.1496,-1933.522216796875
336,0.05,0.312,0.0,0.152,-1942.080322265625
337,0.05,0.312,0.0,0.1544,-1946.57568359375
338,0.05,0.312,0.0,0.1568,-1925.0596923828125
339,0.05,0.312,0.0,0.1592,-1930.4697265625
340,0.05,0.312,0.0,0.1616,-1923.1962890625
341,0.05,0.312,0.0,0.164,-1948.6131591796875
342,0.05,0.312,0.0,0.1664,-1945.675048828125
343,0.05,0.312,0.0,0.1688,-1943.70556640625
344,0.05,0.312,0.0,0.1712,-1955.1534423828125
345,0.05,0.312,0.0,0.1736,-1960.778076171875
346,0.05,0.312,0.0,0.176,-1950.3792724609375
347,0.05,0.312,0.0,0.1784,-1944.7772216796875
348,0.05,0.312,0.0,0.1808,-1955.6434326171875
349,0.05,0.312,0.0,0.1832,-1948.2716064453125
350,0.05,0.312,0.0,0.1856,-1950.79541015625
351,0.05,0.312,0.0,0.188,-1955.77734375
352,0.05,0.312,0.0,0.1904,-1925.836669921875
353,0.05,0.312,0.0,0.1928,-1960.662109375
354,0.05,0.312,0.0,0.1952,-1951.9619140625
355,0.05,0.312,0.0,0.1976,-1949.7841796875
356,0.05,0.312,0.0,0.2,-1970.428955078125
357,0.05,0.314,0.0,0.08,-1941.7662353515625
358,0.05,0.314,0.0,0.0824,-1939.4921875
359,0.05,0.314,0.0,0.0848,-1961.466796875
360,0.05,0.314,0.0,0.0872,-1939.656494140625
361,0.05,0.314,0.0,0.0896,-1962.4512939453125
362,0.05,0.314,0.0,0.092,-1952.0870361328125
363,0.05,0.314,0.0,0.0944,-1954.637939453125
364,0.05,0.314,0.0,0.0968,-1953.37255859375
365,0.05,0.314,0.0,0.0992,-1941.697509765625
366,0.05,0.314,0.0,0.1016,-1951.290771484375
367,0.05,0.314,0.0,0.104,-1934.3212890625
368,0.05,0.314,0.0,0.1064,-1924.02880859375
369,0.05,0.314,0.0,0.1088,-1950.1510009765625
370,0.05,0.314,0.0,0.1112,-1936.4453125
371,0.05,0.314,0.0,0.1136,-1932.31689453125
372,0.05,0.314,0.0,0.116,-1945.81787109375
373,0.05,0.314,0.0,0.1184,-1942.9473876953125
374,0.05,0.314,0.0,0.1208,-1933.94287109375
375,0.05,0.314,0.0,0.1232,-1943.997802734375
376,0.05,0.314,0.0,0.1256,-1945.726806640625
377,0.05,0.314,0.0,0.128,-1931.857666015625
378,0.05,0.314,0.0,0.1304,-1935.9931640625
379,0.05,0.314,0.0,0.1328,-1955.37646484375
380,0.05,0.314,0.0,0.1352,-1937.79443359375
381,0.05,0.314,0.0,0.1376,-1929.3973388671875
382,0.05,0.314,0.0,0.14,-1928.6951904296875
383,0.05,0.314,0.0,0.1424,-1938.7071533203125
384,0.05,0.314,0.0,0.1448,-1940.302734375
385,0.05,0.314,0.0,0.1472,-1925.778076171875
386,0.05,0.314,0.0,0.1496,-1947.475830078125
387,0.05,0.314,0.0,0.152,-1947.099365234375
388,0.05,0.314,0.0,0.1544,-1939.593994140625
389,0.05,0.314,0.0,0.1568,-1943.299072265625
390,0.05,0.314,0.0,0.1592,-1938.178955078125
391,0.05,0.314,0.0,0.1616,-1948.4832763671875
392,0.05,0.314,0.0,0.164,-1939.397705078125
393,0.05,0.314,0.0,0.1664,-1936.69873046875
394,0.05,0.314,0.0,0.1688,-1951.5628662109375
395,0.05,0.314,0.0,0.1712,-1954.1280517578125
396,0.05,0.314,0.0,0.1736,-1935.634521484375
397,0.05,0.314,0.0,0.176,-1943.1597900390625
398,0.05,0.314,0.0,0.1784,-1958.5755615234375
399,0.05,0.314,0.0,0.1808,-1940.635986328125
400,0.05,0.314,0.0,0.1832,-1951.52490234375
401,0.05,0.314,0.0,0.1856,-1953.0198974609375
402,0.05,0.314,0.0,0.188,-1950.9329833984375
403,0.05,0.314,0.0,0.1904,-1941.3084716796875
404,0.05,0.314,0.0,0.1928,-1954.1121826171875
405,0.05,0.314,0.0,0.1952,-1951.127685546875
406,0.05,0.314,0.0,0.1976,-1931.3314208984375
407,0.05,0.314,0.0,0.2,-1956.781005859375
408,0.05,0.316,0.0,0.08,-1952.2327880859375
409,0.05,0.316,0.0,0.0824,-1933.3563232421875
410,0.05,0.316,0.0,0.0848,-1945.9755859375
411,0.05,0.316,0.0,0.0872,-1937.8472900390625
412,0.05,0.316,0.0,0.0896,-1942.2095947265625
413,0.05,0.316,0.0,0.092,-1949.1463623046875
414,0.05,0.316,0.0,0.0944,-1939.4776611328125
415,0.05,0.316,0.0,0.0968,-1936.288818359375
416,0.05,0.316,0.0,0.0992,-1939.72119140625
417,0.05,0.316,0.0,0.1016,-1932.8115234375
418,0.05,0.316,0.0,0.104,-1934.8072509765625
419,0.05,0.316,0.0,0.1064,-1933.072998046875
420,0.05,0.316,0.0,0.1088,-1931.0389404296875
421,0.05,0.316,0.0,0.1112,-1952.468994140625
422,0.05,0.316,0.0,0.1136,-1922.145751953125
423,0.05,0.316,0.0,0.116,-1941.49560546875
424,0.05,0.316,0.0,0.1184,-1944.4378662109375
425,0.05,0.316,0.0,0.1208,-1937.207763671875
426,0.05,0.316,0.0,0.1232,-1917.106689453125
427,0.05,0.316,0.0,0.1256,-1926.8245849609375
428,0.05,0.316,0.0,0.128,-1944.553466796875
429,0.05,0.316,0.0,0.1304,-1939.1370849609375
430,0.05,0.316,0.0,0.1328,-1933.3936767578125
431,0.05,0.316,0.0,0.1352,-1928.3990478515625
432,0.05,0.316,0.0,0.1376,-1909.9560546875
433,0.05,0.316,0.0,0.14,-1910.955810546875
434,0.05,0.316,0.0,0.1424,-1923.758056640625
435,0.05,0.316,0.0,0.1448,-1946.30908203125
436,0.05,0.316,0.0,0.1472,-1944.1593017578125
437,0.05,0.316,0.0,0.1496,-1918.8876953125
438,0.05,0.316,0.0,0.152,-1940.36376953125
439,0.05,0.316,0.0,0.1544,-1939.58984375
440,0.05,0.316,0.0,0.1568,-1947.16796875
441,0.05,0.316,0.0,0.1592,-1921.57958984375
442,0.05,0.316,0.0,0.1616,-1937.8714599609375
443,0.05,0.316,0.0,0.164,-1936.4739990234375
444,0.05,0.316,0.0,0.1664,-1934.8663330078125
445,0.05,0.316,0.0,0.1688,-1941.24462890625
446,0.05,0.316,0.0,0.1712,-1936.1170654296875
447,0.05,0.316,0.0,0.1736,-1930.97998046875
448,0.05,0.316,0.0,0.176,-1959.2386474609375
449,0.05,0.316,0.0,0.1784,-1907.7828369140625
450,0.05,0.316,0.0,0.1808,-1954.15234375
451,0.05,0.316,0.0,0.1832,-1959.069580078125
452,0.05,0.316,0.0,0.1856,-1947.165771484375
453,0.05,0.316,0.0,0.188,-1937.9395751953125
454,0.05,0.316,0.0,0.1904,-1941.3857421875
455,0.05,0.316,0.0,0.1928,-1950.4012451171875
456,0.05,0.316,0.0,0.1952,-1937.98095703125
457,0.05,0.316,0.0,0.1976,-1965.40625
458,0.05,0.316,0.0,0.2,-1936.35546875
459,0.05,0.318,0.0,0.08,-1940.56005859375
460,0.05,0.318,0.0,0.0824,-1953.14892578125
461,0.05,0.318,0.0,0.0848,-1931.1192626953125
462,0.05,0.318,0.0,0.0872,-1945.4591064453125
463,0.05,0.318,0.0,0.0896,-1949.96484375
464,0.05,0.318,0.0,0.092,-1929.0443115234375
465,0.05,0.318,0.0,0.0944,-1941.337890625
466,0.05,0.318,0.0,0.0968,-1944.939453125
467,0.05,0.318,0.0,0.0992,-1945.7598876953125
468,0.05,0.318,0.0,0.1016,-1924.328369140625
469,0.05,0.318,0.0,0.104,-1935.780029296875
470,0.05,0.318,0.0,0.1064,-1920.385498046875
471,0.05,0.318,0.0,0.1088,-1929.6304931640625
472,0.05,0.318,0.0,0.1112,-1924.076416015625
473,0.05,0.318,0.0,0.1136,-1931.803466796875
474,0.05,0.318,0.0,0.116,-1916.4913330078125
475,0.05,0.318,0.0,0.1184,-1929.159912109375
476,0.05,0.318,0.0,0.1208,-1927.126953125
477,0.05,0.318,0.0,0.1232,-1924.642333984375
478,0.05,0.318,0.0,0.1256,-1926.83349609375
479,0.05,0.318,0.0,0.128,-1936.967529296875
480,0.05,0.318,0.0,0.1304,-1949.557373046875
481,0.05,0.318,0.0,0.1328,-1918.353271484375
482,0.05,0.318,0.0,0.1352,-1935.18505859375
483,0.05,0.318,0.0,0.1376,-1930.224609375
484,0.05,0.318,0.0,0.14,-1925.2452392578125
485,0.05,0.318,0.0,0.1424,-1926.3914794921875
486,0.05,0.318,0.0,0.1448,-1917.887939453125
487,0.05,0.318,0.0,0.1472,-1938.66552734375
488,0.05,0.318,0.0,0.1496,-1926.48291015625
489,0.05,0.318,0.0,0.152,-1926.640869140625
490,0.05,0.318,0.0,0.1544,-1934.78271484375
491,0.05,0.318,0.0,0.1568,-1934.1497802734375
492,0.05,0.318,0.0,0.1592,-1914.0128173828125
493,0.05,0.318,0.0,0.1616,-1928.4964599609375
494,0.05,0.318,0.0,0.164,-1944.16943359375
495,0.05,0.318,0.0,0.1664,-1940.3734130859375
496,0.05,0.318,0.0,0.1688,-1935.546142578125
497,0.05,0.318,0.0,0.1712,-1923.9996337890625
498,0.05,0.318,0.0,0.1736,-1938.168701171875
499,0.05,0.318,0.0,0.176,-1942.738525390625
500,0.05,0.318,0.0,0.1784,-1949.053955078125
501,0.05,0.318,0.0,0.1808,-1945.370361328125
502,0.05,0.318,0.0,0.1832,-1921.0006103515625
503,0.05,0.318,0.0,0.1856,-1928.747314453125
504,0.05,0.318,0.0,0.188,-1942.07177734375
505,0.05,0.318,0.0,0.1904,-1947.30712890625
506,0.05,0.318,0.0,0.1928,-1933.484130859375
507,0.05,0.318,0.0,0.1952,-1939.6309814453125
508,0.05,0.318,0.0,0.1976,-1936.297607421875
509,0.05,0.318,0.0,0.2,-1931.1298828125
510,0.05,0.32,0.0,0.08,-1936.0341796875
511,0.05,0.32,0.0,0.0824,-1933.3511962890625
512,0.05,0.32,0.0,0.0848,-1934.1865234375
513,0.05,0.32,0.0,0.0872,-1946.068115234375
514,0.05,0.32,0.0,0.0896,-1959.2327880859375
515,0.05,0.32,0.0,0.092,-1930.646240234375
516,0.05,0.32,0.0,0.0944,-1945.078125
517,0.05,0.32,0.0,0.0968,-1936.4459228515625
518,0.05,0.32,0.0,0.0992,-1928.46337890625
519,0.05,0.32,0.0,0.1016,-1939.8408203125
520,0.05,0.32,0.0,0.104,-1937.3927001953125
521,0.05,0.32,0.0,0.1064,-1930.20849609375
522,0.05,0.32,0.0,0.1088,-1942.9189453125
523,0.05,0.32,0.0,0.1112,-1939.0372314453125
524,0.05,0.32,0.0,0.1136,-1924.6201171875
525,0.05,0.32,0.0,0.116,-1925.172607421875
526,0.05,0.32,0.0,0.1184,-1940.123046875
527,0.05,0.32,0.0,0.1208,-1913.5482177734375
528,0.05,0.32,0.0,0.1232,-1917.805419921875
529,0.05,0.32,0.0,0.1256,-1919.2149658203125
530,0.05,0.32,0.0,0.128,-1927.502197265625
531,0.05,0.32,0.0,0.1304,-1946.82080078125
532,0.05,0.32,0.0,0.1328,-1942.9267578125
533,0.05,0.32,0.0,0.1352,-1920.1844482421875
534,0.05,0.32,0.0,0.1376,-1919.6004638671875
535,0.05,0.32,0.0,0.14,-1924.7840576171875
536,0.05,0.32,0.0,0.1424,-1943.090087890625
537,0.05,0.32,0.0,0.1448,-1923.22900390625
538,0.05,0.32,0.0,0.1472,-1912.076171875
539,0.05,0.32,0.0,0.1496,-1937.580322265625
540,0.05,0.32,0.0,0.152,-1927.62255859375
541,0.05,0.32,0.0,0.1544,-1941.6951904296875
542,0.05,0.32,0.0,0.1568,-1934.40478515625
543,0.05,0.32,0.0,0.1592,-1936.4945068359375
544,0.05,0.32,0.0,0.1616,-1919.888671875
545,0.05,0.32,0.0,0.164,-1920.736083984375
546,0.05,0.32,0.0,0.1664,-1924.8765869140625
547,0.05,0.32,0.0,0.1688,-1922.143798828125
548,0.05,0.32,0.0,0.1712,-1943.35888671875
549,0.05,0.32,0.0,0.1736,-1925.1787109375
550,0.05,0.32,0.0,0.176,-1931.201416015625
551,0.05,0.32,0.0,0.1784,-1930.343505859375
552,0.05,0.32,0.0,0.1808,-1924.640625
553,0.05,0.32,0.0,0.1832,-1925.7303466796875
554,0.05,0.32,0.0,0.1856,-1920.5931396484375
555,0.05,0.32,0.0,0.188,-1933.8582763671875
556,0.05,0.32,0.0,0.1904,-1945.6826171875
557,0.05,0.32,0.0,0.1928,-1928.0830078125
558,0.05,0.32,0.0,0.1952,-1949.606689453125
559,0.05,0.32,0.0,0.1976,-1938.1143798828125
560,0.05,0.32,0.0,0.2,-1944.45556640625
561,0.05,0.322,0.0,0.08,-1949.841552734375
562,0.05,0.322,0.0,0.0824,-1957.800537109375
563,0.05,0.322,0.0,0.0848,-1931.020263671875
564,0.05,0.322,0.0,0.0872,-1946.713134765625
565,0.05,0.322,0.0,0.0896,-1927.4013671875
566,0.05,0.322,0.0,0.092,-1928.453125
567,0.05,0.322,0.0,0.0944,-1949.9423828125
568,0.05,0.322,0.0,0.0968,-1926.674072265625
569,0.05,0.322,0.0,0.0992,-1941.6422119140625
570,0.05,0.322,0.0,0.1016,-1931.081298828125
571,0.05,0.322,0.0,0.104,-1933.49658203125
572,0.05,0.322,0.0,0.1064,-1928.406005859375
573,0.05,0.322,0.0,0.1088,-1935.8250732421875
574,0.05,0.322,0.0,0.1112,-1928.521728515625
575,0.05,0.322,0.0,0.1136,-1941.972412109375
576,0.05,0.322,0.0,0.116,-1926.3720703125
577,0.05,0.322,0.0,0.1184,-1919.25146484375
578,0.05,0.322,0.0,0.1208,-1933.93310546875
579,0.05,0.322,0.0,0.1232,-1921.7528076171875
580,0.05,0.322,0.0,0.1256,-1927.7322998046875
581,0.05,0.322,0.0,0.128,-1920.3626708984375
582,0.05,0.322,0.0,0.1304,-1938.236572265625
583,0.05,0.322,0.0,0.1328,-1918.94384765625
584,0.05,0.322,0.0,0.1352,-1919.4154052734375
585,0.05,0.322,0.0,0.1376,-1928.5316162109375
586,0.05,0.322,0.0,0.14,-1931.896728515625
587,0.05,0.322,0.0,0.1424,-1922.516845703125
588,0.05,0.322,0.0,0.1448,-1912.12646484375
589,0.05,0.322,0.0,0.1472,-1924.8634033203125
590,0.05,0.322,0.0,0.1496,-1919.9002685546875
591,0.05,0.322,0.0,0.152,-1926.3218994140625
592,0.05,0.322,0.0,0.1544,-1928.2498779296875
593,0.05,0.322,0.0,0.1568,-1929.926025390625
594,0.05,0.322,0.0,0.1592,-1926.358154296875
595,0.05,0.322,0.0,0.1616,-1915.39306640625
596,0.05,0.322,0.0,0.164,-1914.330078125
597,0.05,0.322,0.0,0.1664,-1933.432373046875
598,0.05,0.322,0.0,0.1688,-1928.917236328125
599,0.05,0.322,0.0,0.1712,-1931.804931640625
600,0.05,0.322,0.0,0.1736,-1926.2127685546875
601,0.05,0.322,0.0,0.176,-1919.4287109375
602,0.05,0.322,0.0,0.1784,-1916.1781005859375
603,0.05,0.322,0.0,0.1808,-1929.773681640625
604,0.05,0.322,0.0,0.1832,-1923.0462646484375
605,0.05,0.322,0.0,0.1856,-1918.10693359375
606,0.05,0.322,0.0,0.188,-1940.428955078125
607,0.05,0.322,0.0,0.1904,-1932.604736328125
608,0.05,0.322,0.0,0.1928,-1931.2391357421875
609,0.05,0.322,0.0,0.1952,-1925.6341552734375
610,0.05,0.322,0.0,0.1976,-1938.2086181640625
611,0.05,0.322,0.0,0.2,-1933.9248046875
612,0.05,0.324,0.0,0.08,-1933.21826171875
613,0.05,0.324,0.0,0.0824,-1934.865966796875
614,0.05,0.324,0.0,0.0848,-1938.12451171875
615,0.05,0.324,0.0,0.0872,-1934.4189453125
616,0.05,0.324,0.0,0.0896,-1934.116943359375
617,0.05,0.324,0.0,0.092,-1942.234375
618,0.05,0.324,0.0,0.0944,-1917.873291015625
619,0.05,0.324,0.0,0.0968,-1930.0322265625
620,0.05,0.324,0.0,0.0992,-1935.240234375
621,0.05,0.324,0.0,0.1016,-1923.427978515625
622,0.05,0.324,0.0,0.104,-1929.101806640625
623,0.05,0.324,0.0,0.1064,-1933.378173828125
624,0.05,0.324,0.0,0.1088,-1927.0447998046875
625,0.05,0.324,0.0,0.1112,-1922.78271484375
626,0.05,0.324,0.0,0.1136,-1922.825439453125
627,0.05,0.324,0.0,0.116,-1929.50732421875
628,0.05,0.324,0.0,0.1184,-1922.5301513671875
629,0.05,0.324,0.0,0.1208,-1925.8094482421875
630,0.05,0.324,0.0,0.1232,-1916.1077880859375
631,0.05,0.324,0.0,0.1256,-1924.57421875
632,0.05,0.324,0.0,0.128,-1926.4996337890625
633,0.05,0.324,0.0,0.1304,-1920.094970703125
634,0.05,0.324,0.0,0.1328,-1919.673095703125
635,0.05,0.324,0.0,0.1352,-1927.72607421875
636,0.05,0.324,0.0,0.1376,-1922.908203125
637,0.05,0.324,0.0,0.14,-1932.1724853515625
638,0.05,0.324,0.0,0.1424,-1927.2666015625
639,0.05,0.324,0.0,0.1448,-1917.8126220703125
640,0.05,0.324,0.0,0.1472,-1921.7706298828125
641,0.05,0.324,0.0,0.1496,-1929.0234375
642,0.05,0.324,0.0,0.152,-1926.365234375
643,0.05,0.324,0.0,0.1544,-1920.457275390625
644,0.05,0.324,0.0,0.1568,-1921.40625
645,0.05,0.324,0.0,0.1592,-1919.83740234375
646,0.05,0.324,0.0,0.1616,-1926.3876953125
647,0.05,0.324,0.0,0.164,-1929.094970703125
648,0.05,0.324,0.0,0.1664,-1936.0750732421875
649,0.05,0.324,0.0,0.1688,-1932.44873046875
650,0.05,0.324,0.0,0.1712,-1925.2655029296875
651,0.05,0.324,0.0,0.1736,-1942.5220947265625
652,0.05,0.324,0.0,0.176,-1928.255615234375
653,0.05,0.324,0.0,0.1784,-1935.044921875
654,0.05,0.324,0.0,0.1808,-1920.48681640625
655,0.05,0.324,0.0,0.1832,-1926.7110595703125
656,0.05,0.324,0.0,0.1856,-1938.934814453125
657,0.05,0.324,0.0,0.188,-1931.141845703125
658,0.05,0.324,0.0,0.1904,-1926.8154296875
659,0.05,0.324,0.0,0.1928,-1926.5167236328125
660,0.05,0.324,0.0,0.1952,-1921.560546875
661,0.05,0.324,0.0,0.1976,-1939.594970703125
662,0.05,0.324,0.0,0.2,-1938.365234375
663,0.05,0.326,0.0,0.08,-1945.25732421875
664,0.05,0.326,0.0,0.0824,-1926.3638916015625
665,0.05,0.326,0.0,0.0848,-1933.459228515625
666,0.05,0.326,0.0,0.0872,-1931.4798583984375
667,0.05,0.326,0.0,0.0896,-1936.14892578125
668,0.05,0.326,0.0,0.092,-1921.81787109375
669,0.05,0.326,0.0,0.0944,-1915.9156494140625
670,0.05,0.326,0.0,0.0968,-1920.5721435546875
671,0.05,0.326,0.0,0.0992,-1927.4072265625
672,0.05,0.326,0.0,0.1016,-1928.1373291015625
673,0.05,0.326,0.0,0.104,-1916.5169677734375
674,0.05,0.326,0.0,0.1064,-1924.83837890625
675,0.05,0.326,0.0,0.1088,-1903.1669921875
676,0.05,0.326,0.0,0.1112,-1925.130615234375
677,0.05,0.326,0.0,0.1136,-1915.4312744140625
678,0.05,0.326,0.0,0.116,-1923.79150390625
679,0.05,0.326,0.0,0.1184,-1920.720458984375
680,0.05,0.326,0.0,0.1208,-1905.3017578125
681,0.05,0.326,0.0,0.1232,-1923.681640625
682,0.05,0.326,0.0,0.1256,-1923.7003173828125
683,0.05,0.326,0.0,0.128,-1919.971923828125
684,0.05,0.326,0.0,0.1304,-1916.3076171875
685,0.05,0.326,0.0,0.1328,-1918.2769775390625
686,0.05,0.326,0.0,0.1352,-1913.346923828125
687,0.05,0.326,0.0,0.1376,-1898.88671875
688,0.05,0.326,0.0,0.14,-1907.2298583984375
689,0.05,0.326,0.0,0.1424,-1913.863525390625
690,0.05,0.326,0.0,0.1448,-1929.8609619140625
691,0.05,0.326,0.0,0.1472,-1926.4073486328125
692,0.05,0.326,0.0,0.1496,-1926.251953125
693,0.05,0.326,0.0,0.152,-1911.84521484375
694,0.05,0.326,0.0,0.1544,-1902.2425537109375
695,0.05,0.326,0.0,0.1568,-1913.406494140625
696,0.05,0.326,0.0,0.1592,-1915.466552734375
697,0.05,0.326,0.0,0.1616,-1913.86962890625
698,0.05,0.326,0.0,0.164,-1935.161865234375
699,0.05,0.326,0.0,0.1664,-1922.2216796875
700,0.05,0.326,0.0,0.1688,-1923.545654296875
701,0.05,0.326,0.0,0.1712,-1912.34228515625
702,0.05,0.326,0.0,0.1736,-1936.84814453125
703,0.05,0.326,0.0,0.176,-1926.03173828125
704,0.05,0.326,0.0,0.1784,-1924.6478271484375
705,0.05,0.326,0.0,0.1808,-1941.58056640625
706,0.05,0.326,0.0,0.1832,-1922.8206787109375
707,0.05,0.326,0.0,0.1856,-1910.15625
708,0.05,0.326,0.0,0.188,-1913.80859375
709,0.05,0.326,0.0,0.1904,-1929.53857421875
710,0.05,0.326,0.0,0.1928,-1935.94091796875
711,0.05,0.326,0.0,0.1952,-1936.67431640625
712,0.05,0.326,0.0,0.1976,-1932.84326171875
713,0.05,0.326,0.0,0.2,-1936.70361328125
714,0.05,0.328,0.0,0.08,-1941.3837890625
715,0.05,0.328,0.0,0.0824,-1916.5821533203125
716,0.05,0.328,0.0,0.0848,-1934.2076416015625
717,0.05,0.328,0.0,0.0872,-1935.380615234375
718,0.05,0.328,0.0,0.0896,-1927.873779296875
719,0.05,0.328,0.0,0.092,-1926.6396484375
720,0.05,0.328,0.0,0.0944,-1926.947998046875
721,0.05,0.328,0.0,0.0968,-1931.458251953125
722,0.05,0.328,0.0,0.0992,-1927.184814453125
723,0.05,0.328,0.0,0.1016,-1931.419677734375
724,0.05,0.328,0.0,0.104,-1915.4818115234375
725,0.05,0.328,0.0,0.1064,-1930.304443359375
726,0.05,0.328,0.0,0.1088,-1918.735107421875
727,0.05,0.328,0.0,0.1112,-1912.204345703125
728,0.05,0.328,0.0,0.1136,-1916.64208984375
729,0.05,0.328,0.0,0.116,-1926.44189453125
730,0.05,0.328,0.0,0.1184,-1928.787841796875
731,0.05,0.328,0.0,0.1208,-1906.00390625
732,0.05,0.328,0.0,0.1232,-1928.8486328125
733,0.05,0.328,0.0,0.1256,-1934.359375
734,0.05,0.328,0.0,0.128,-1912.701171875
735,0.05,0.328,0.0,0.1304,-1913.074951171875
736,0.05,0.328,0.0,0.1328,-1907.5556640625
737,0.05,0.328,0.0,0.1352,-1926.4593505859375
738,0.05,0.328,0.0,0.1376,-1916.27001953125
739,0.05,0.328,0.0,0.14,-1917.2056884765625
740,0.05,0.328,0.0,0.1424,-1911.654052734375
741,0.05,0.328,0.0,0.1448,-1919.603759765625
742,0.05,0.328,0.0,0.1472,-1928.5283203125
743,0.05,0.328,0.0,0.1496,-1908.4410400390625
744,0.05,0.328,0.0,0.152,-1903.3353271484375
745,0.05,0.328,0.0,0.1544,-1905.561767578125
746,0.05,0.328,0.0,0.1568,-1925.048828125
747,0.05,0.328,0.0,0.1592,-1923.5147705078125
748,0.05,0.328,0.0,0.1616,-1928.53369140625
749,0.05,0.328,0.0,0.164,-1914.435302734375
750,0.05,0.328,0.0,0.1664,-1914.12841796875
751,0.05,0.328,0.0,0.1688,-1918.3189697265625
752,0.05,0.328,0.0,0.1712,-1931.455078125
753,0.05,0.328,0.0,0.1736,-1923.068603515625
754,0.05,0.328,0.0,0.176,-1921.028076171875
755,0.05,0.328,0.0,0.1784,-1931.9949951171875
756,0.05,0.328,0.0,0.1808,-1931.193603515625
757,0.05,0.328,0.0,0.1832,-1919.199951171875
758,0.05,0.328,0.0,0.1856,-1934.9365234375
759,0.05,0.328,0.0,0.188,-1923.562744140625
760,0.05,0.328,0.0,0.1904,-1926.93505859375
761,0.05,0.328,0.0,0.1928,-1932.537109375
762,0.05,0.328,0.0,0.1952,-1940.419189453125
763,0.05,0.328,0.0,0.1976,-1924.3134765625
764,0.05,0.328,0.0,0.2,-1933.104248046875
765,0.05,0.33,0.0,0.08,-1923.716064453125
766,0.05,0.33,0.0,0.0824,-1928.3717041015625
767,0.05,0.33,0.0,0.0848,-1933.629150390625
768,0.05,0.33,0.0,0.0872,-1929.24609375
769,0.05,0.33,0.0,0.0896,-1925.8463134765625
770,0.05,0.33,0.0,0.092,-1922.883544921875
771,0.05,0.33,0.0,0.0944,-1919.0272216796875
772,0.05,0.33,0.0,0.0968,-1921.43603515625
773,0.05,0.33,0.0,0.0992,-1931.58251953125
774,0.05,0.33,0.0,0.1016,-1917.07763671875
775,0.05,0.33,0.0,0.104,-1919.756103515625
776,0.05,0.33,0.0,0.1064,-1925.8387451171875
777,0.05,0.33,0.0,0.1088,-1918.343994140625
778,0.05,0.33,0.0,0.1112,-1922.23046875
779,0.05,0.33,0.0,0.1136,-1911.466064453125
780,0.05,0.33,0.0,0.116,-1898.77294921875
781,0.05,0.33,0.0,0.1184,-1920.9444580078125
782,0.05,0.33,0.0,0.1208,-1895.35693359375
783,0.05,0.33,0.0,0.1232,-1911.9990234375
784,0.05,0.33,0.0,0.1256,-1918.559814453125
785,0.05,0.33,0.0,0.128,-1921.022216796875
786,0.05,0.33,0.0,0.1304,-1912.661376953125
787,0.05,0.33,0.0,0.1328,-1909.9056396484375
788,0.05,0.33,0.0,0.1352,-1916.333251953125
789,0.05,0.33,0.0,0.1376,-1909.3800048828125
790,0.05,0.33,0.0,0.14,-1913.972900390625
791,0.05,0.33,0.0,0.1424,-1922.5604248046875
792,0.05,0.33,0.0,0.1448,-1917.3255615234375
793,0.05,0.33,0.0,0.1472,-1918.900390625
794,0.05,0.33,0.0,0.1496,-1916.65087890625
795,0.05,0.33,0.0,0.152,-1909.3427734375
796,0.05,0.33,0.0,0.1544,-1894.864013671875
797,0.05,0.33,0.0,0.1568,-1918.283203125
798,0.05,0.33,0.0,0.1592,-1927.720703125
799,0.05,0.33,0.0,0.1616,-1915.5587158203125
800,0.05,0.33,0.0,0.164,-1911.828125
801,0.05,0.33,0.0,0.1664,-1922.067138671875
802,0.05,0.33,0.0,0.1688,-1905.3017578125
803,0.05,0.33,0.0,0.1712,-1919.328857421875
804,0.05,0.33,0.0,0.1736,-1929.154052734375
805,0.05,0.33,0.0,0.176,-1914.1756591796875
806,0.05,0.33,0.0,0.1784,-1915.1181640625
807,0.05,0.33,0.0,0.1808,-1923.4560546875
808,0.05,0.33,0.0,0.1832,-1919.7593994140625
809,0.05,0.33,0.0,0.1856,-1923.240234375
810,0.05,0.33,0.0,0.188,-1924.093994140625
811,0.05,0.33,0.0,0.1904,-1916.2099609375
812,0.05,0.33,0.0,0.1928,-1939.7037353515625
813,0.05,0.33,0.0,0.1952,-1930.284912109375
814,0.05,0.33,0.0,0.1976,-1917.2470703125
815,0.05,0.33,0.0,0.2,-1932.925537109375
816,0.05,0.332,0.0,0.08,-1925.752197265625
817,0.05,0.332,0.0,0.0824,-1921.189208984375
818,0.05,0.332,0.0,0.0848,-1935.5396728515625
819,0.05,0.332,0.0,0.0872,-1936.978515625
820,0.05,0.332,0.0,0.0896,-1917.5006103515625
821,0.05,0.332,0.0,0.092,-1906.0482177734375
822,0.05,0.332,0.0,0.0944,-1913.8544921875
823,0.05,0.332,0.0,0.0968,-1906.73828125
824,0.05,0.332,0.0,0.0992,-1920.3489990234375
825,0.05,0.332,0.0,0.1016,-1933.7095947265625
826,0.05,0.332,0.0,0.104,-1910.4498291015625
827,0.05,0.332,0.0,0.1064,-1913.772216796875
828,0.05,0.332,0.0,0.1088,-1909.772216796875
829,0.05,0.332,0.0,0.1112,-1903.52880859375
830,0.05,0.332,0.0,0.1136,-1920.9505615234375
831,0.05,0.332,0.0,0.116,-1904.75732421875
832,0.05,0.332,0.0,0.1184,-1915.80029296875
833,0.05,0.332,0.0,0.1208,-1906.9547119140625
834,0.05,0.332,0.0,0.1232,-1912.424072265625
835,0.05,0.332,0.0,0.1256,-1909.053955078125
836,0.05,0.332,0.0,0.128,-1907.1915283203125
837,0.05,0.332,0.0,0.1304,-1909.66357421875
838,0.05,0.332,0.0,0.1328,-1912.872802734375
839,0.05,0.332,0.0,0.1352,-1915.82763671875
840,0.05,0.332,0.0,0.1376,-1914.6466064453125
841,0.05,0.332,0.0,0.14,-1904.307373046875
842,0.05,0.332,0.0,0.1424,-1907.1072998046875
843,0.05,0.332,0.0,0.1448,-1900.86181640625
844,0.05,0.332,0.0,0.1472,-1916.718017578125
845,0.05,0.332,0.0,0.1496,-1906.8807373046875
846,0.05,0.332,0.0,0.152,-1912.7435302734375
847,0.05,0.332,0.0,0.1544,-1906.5703125
848,0.05,0.332,0.0,0.1568,-1900.732421875
849,0.05,0.332,0.0,0.1592,-1930.4769287109375
850,0.05,0.332,0.0,0.1616,-1910.133056640625
851,0.05,0.332,0.0,0.164,-1915.3736572265625
852,0.05,0.332,0.0,0.1664,-1913.75341796875
853,0.05,0.332,0.0,0.1688,-1916.45068359375
854,0.05,0.332,0.0,0.1712,-1910.5546875
855,0.05,0.332,0.0,0.1736,-1914.039306640625
856,0.05,0.332,0.0,0.176,-1911.1092529296875
857,0.05,0.332,0.0,0.1784,-1919.39404296875
858,0.05,0.332,0.0,0.1808,-1912.720458984375
859,0.05,0.332,0.0,0.1832,-1911.33544921875
860,0.05,0.332,0.0,0.1856,-1928.76123046875
861,0.05,0.332,0.0,0.188,-1933.200439453125
862,0.05,0.332,0.0,0.1904,-1929.68359375
863,0.05,0.332,0.0,0.1928,-1924.8270263671875
864,0.05,0.332,0.0,0.1952,-1929.6273193359375
865,0.05,0.332,0.0,0.1976,-1910.3115234375
866,0.05,0.332,0.0,0.2,-1923.525146484375
867,0.05,0.334,0.0,0.08,-1924.001708984375
868,0.05,0.334,0.0,0.0824,-1924.6929931640625
869,0.05,0.334,0.0,0.0848,-1925.037841796875
870,0.05,0.334,0.0,0.0872,-1930.6029052734375
871,0.05,0.334,0.0,0.0896,-1916.1405029296875
872,0.05,0.334,0.0,0.092,-1909.2882080078125
873,0.05,0.334,0.0,0.0944,-1911.393798828125
874,0.05,0.334,0.0,0.0968,-1915.825439453125
875,0.05,0.334,0.0,0.0992,-1910.058349609375
876,0.05,0.334,0.0,0.1016,-1914.126220703125
877,0.05,0.334,0.0,0.104,-1918.131103515625
878,0.05,0.334,0.0,0.1064,-1917.22265625
879,0.05,0.334,0.0,0.1088,-1915.8304443359375
880,0.05,0.334,0.0,0.1112,-1911.54052734375
881,0.05,0.334,0.0,0.1136,-1906.8909912109375
882,0.05,0.334,0.0,0.116,-1895.01806640625
883,0.05,0.334,0.0,0.1184,-1906.50390625
884,0.05,0.334,0.0,0.1208,-1905.06494140625
885,0.05,0.334,0.0,0.1232,-1912.8873291015625
886,0.05,0.334,0.0,0.1256,-1893.5491943359375
887,0.05,0.334,0.0,0.128,-1905.162109375
888,0.05,0.334,0.0,0.1304,-1916.994384765625
889,0.05,0.334,0.0,0.1328,-1914.8466796875
890,0.05,0.334,0.0,0.1352,-1916.533935546875
891,0.05,0.334,0.0,0.1376,-1908.706787109375
892,0.05,0.334,0.0,0.14,-1905.1334228515625
893,0.05,0.334,0.0,0.1424,-1898.75
894,0.05,0.334,0.0,0.1448,-1908.24755859375
895,0.05,0.334,0.0,0.1472,-1909.0748291015625
896,0.05,0.334,0.0,0.1496,-1910.5198974609375
897,0.05,0.334,0.0,0.152,-1913.44189453125
898,0.05,0.334,0.0,0.1544,-1915.3533935546875
899,0.05,0.334,0.0,0.1568,-1916.825439453125
900,0.05,0.334,0.0,0.1592,-1912.04296875
901,0.05,0.334,0.0,0.1616,-1907.8438720703125
902,0.05,0.334,0.0,0.164,-1914.741455078125
903,0.05,0.334,0.0,0.1664,-1916.31103515625
904,0.05,0.334,0.0,0.1688,-1913.6005859375
905,0.05,0.334,0.0,0.1712,-1925.79052734375
906,0.05,0.334,0.0,0.1736,-1919.285400390625
907,0.05,0.334,0.0,0.176,-1913.104248046875
908,0.05,0.334,0.0,0.1784,-1916.34619140625
909,0.05,0.334,0.0,0.1808,-1913.82275390625
910,0.05,0.334,0.0,0.1832,-1920.36669921875
911,0.05,0.334,0.0,0.1856,-1929.2056884765625
912,0.05,0.334,0.0,0.188,-1926.968994140625
913,0.05,0.334,0.0,0.1904,-1934.221923828125
914,0.05,0.334,0.0,0.1928,-1913.97119140625
915,0.05,0.334,0.0,0.1952,-1909.973876953125
916,0.05,0.334,0.0,0.1976,-1927.9873046875
917,0.05,0.334,0.0,0.2,-1929.3525390625
918,0.05,0.336,0.0,0.08,-1926.4248046875
919,0.05,0.336,0.0,0.0824,-1927.190185546875
920,0.05,0.336,0.0,0.0848,-1913.91845703125
921,0.05,0.336,0.0,0.0872,-1916.708984375
922,0.05,0.336,0.0,0.0896,-1929.511962890625
923,0.05,0.336,0.0,0.092,-1916.44287109375
924,0.05,0.336,0.0,0.0944,-1926.29833984375
925,0.05,0.336,0.0,0.0968,-1906.2613525390625
926,0.05,0.336,0.0,0.0992,-1912.5341796875
927,0.05,0.336,0.0,0.1016,-1911.135498046875
928,0.05,0.336,0.0,0.104,-1917.7003173828125
929,0.05,0.336,0.0,0.1064,-1909.59033203125
930,0.05,0.336,0.0,0.1088,-1907.999755859375
931,0.05,0.336,0.0,0.1112,-1908.3994140625
932,0.05,0.336,0.0,0.1136,-1910.540771484375
933,0.05,0.336,0.0,0.116,-1906.7138671875
934,0.05,0.336,0.0,0.1184,-1914.687255859375
935,0.05,0.336,0.0,0.1208,-1917.07958984375
936,0.05,0.336,0.0,0.1232,-1899.3804931640625
937,0.05,0.336,0.0,0.1256,-1903.4884033203125
938,0.05,0.336,0.0,0.128,-1909.6741943359375
939,0.05,0.336,0.0,0.1304,-1915.5841064453125
940,0.05,0.336,0.0,0.1328,-1906.935791015625
941,0.05,0.336,0.0,0.1352,-1911.88720703125
942,0.05,0.336,0.0,0.1376,-1901.8870849609375
943,0.05,0.336,0.0,0.14,-1915.10302734375
944,0.05,0.336,0.0,0.1424,-1903.9263916015625
945,0.05,0.336,0.0,0.1448,-1919.09228515625
946,0.05,0.336,0.0,0.1472,-1905.84228515625
947,0.05,0.336,0.0,0.1496,-1905.1571044921875
948,0.05,0.336,0.0,0.152,-1906.39208984375
949,0.05,0.336,0.0,0.1544,-1912.48046875
950,0.05,0.336,0.0,0.1568,-1911.3162841796875
951,0.05,0.336,0.0,0.1592,-1911.283447265625
952,0.05,0.336,0.0,0.1616,-1917.02001953125
953,0.05,0.336,0.0,0.164,-1909.508544921875
954,0.05,0.336,0.0,0.1664,-1907.409423828125
955,0.05,0.336,0.0,0.1688,-1913.2847900390625
956,0.05,0.336,0.0,0.1712,-1910.8427734375
957,0.05,0.336,0.0,0.1736,-1914.3365478515625
958,0.05,0.336,0.0,0.176,-1924.9114990234375
959,0.05,0.336,0.0,0.1784,-1916.902587890625
960,0.05,0.336,0.0,0.1808,-1915.8577880859375
961,0.05,0.336,0.0,0.1832,-1914.0494384765625
962,0.05,0.336,0.0,0.1856,-1917.278564453125
963,0.05,0.336,0.0,0.188,-1923.361328125
964,0.05,0.336,0.0,0.1904,-1924.7421875
965,0.05,0.336,0.0,0.1928,-1925.361572265625
966,0.05,0.336,0.0,0.1952,-1926.447021484375
967,0.05,0.336,0.0,0.1976,-1919.0552978515625
968,0.05,0.336,0.0,0.2,-1932.93017578125
969,0.05,0.338,0.0,0.08,-1923.2703857421875
970,0.05,0.338,0.0,0.0824,-1929.1224365234375
971,0.05,0.338,0.0,0.0848,-1919.014892578125
972,0.05,0.338,0.0,0.0872,-1919.943115234375
973,0.05,0.338,0.0,0.0896,-1917.102783203125
974,0.05,0.338,0.0,0.092,-1915.8902587890625
975,0.05,0.338,0.0,0.0944,-1920.674072265625
976,0.05,0.338,0.0,0.0968,-1905.7510986328125
977,0.05,0.338,0.0,0.0992,-1918.0224609375
978,0.05,0.338,0.0,0.1016,-1913.4525146484375
979,0.05,0.338,0.0,0.104,-1915.33203125
980,0.05,0.338,0.0,0.1064,-1914.515380859375
981,0.05,0.338,0.0,0.1088,-1913.1805419921875
982,0.05,0.338,0.0,0.1112,-1903.709228515625
983,0.05,0.338,0.0,0.1136,-1905.48046875
984,0.05,0.338,0.0,0.116,-1905.309326171875
985,0.05,0.338,0.0,0.1184,-1910.14111328125
986,0.05,0.338,0.0,0.1208,-1901.5196533203125
987,0.05,0.338,0.0,0.1232,-1907.72802734375
988,0.05,0.338,0.0,0.1256,-1906.184326171875
989,0.05,0.338,0.0,0.128,-1909.4892578125
990,0.05,0.338,0.0,0.1304,-1916.257568359375
991,0.05,0.338,0.0,0.1328,-1913.1123046875
992,0.05,0.338,0.0,0.1352,-1908.711181640625
993,0.05,0.338,0.0,0.1376,-1913.5927734375
994,0.05,0.338,0.0,0.14,-1911.296875
995,0.05,0.338,0.0,0.1424,-1911.0648193359375
996,0.05,0.338,0.0,0.1448,-1905.48291015625
997,0.05,0.338,0.0,0.1472,-1908.519775390625
998,0.05,0.338,0.0,0.1496,-1912.3602294921875
999,0.05,0.338,0.0,0.152,-1901.675537109375
1000,0.05,0.338,0.0,0.1544,-1913.705078125
1001,0.05,0.338,0.0,0.1568,-1909.236083984375
1002,0.05,0.338,0.0,0.1592,-1907.285888671875
1003,0.05,0.338,0.0,0.1616,-1913.757080078125
1004,0.05,0.338,0.0,0.164,-1916.923095703125
1005,0.05,0.338,0.0,0.1664,-1902.2156982421875
1006,0.05,0.338,0.0,0.1688,-1910.7802734375
1007,0.05,0.338,0.0,0.1712,-1916.803955078125
1008,0.05,0.338,0.0,0.1736,-1918.0062255859375
1009,0.05,0.338,0.0,0.176,-1912.490234375
1010,0.05,0.338,0.0,0.1784,-1915.305908203125
1011,0.05,0.338,0.0,0.1808,-1917.676025390625
1012,0.05,0.338,0.0,0.1832,-1913.112548828125
1013,0.05,0.338,0.0,0.1856,-1917.760986328125
1014,0.05,0.338,0.0,0.188,-1925.6025390625
1015,0.05,0.338,0.0,0.1904,-1921.927001953125
1016,0.05,0.338,0.0,0.1928,-1921.681640625
1017,0.05,0.338,0.0,0.1952,-1910.385009765625
1018,0.05,0.338,0.0,0.1976,-1925.26416015625
1019,0.05,0.338,0.0,0.2,-1925.538330078125
1020,0.05,0.34,0.0,0.08,-1928.25927734375
1021,0.05,0.34,0.0,0.0824,-1920.962646484375
1022,0.05,0.34,0.0,0.0848,-1918.159423828125
1023,0.05,0.34,0.0,0.0872,-1917.683837890625
1024,0.05,0.34,0.0,0.0896,-1909.686279296875
1025,0.05,0.34,0.0,0.092,-1915.31884765625
1026,0.05,0.34,0.0,0.0944,-1908.98974609375
1027,0.05,0.34,0.0,0.0968,-1915.8466796875
1028,0.05,0.34,0.0,0.0992,-1908.6077880859375
1029,0.05,0.34,0.0,0.1016,-1904.539794921875
1030,0.05,0.34,0.0,0.104,-1906.1990966796875
1031,0.05,0.34,0.0,0.1064,-1905.4091796875
1032,0.05,0.34,0.0,0.1088,-1909.57470703125
1033,0.05,0.34,0.0,0.1112,-1901.845947265625
1034,0.05,0.34,0.0,0.1136,-1901.941650390625
1035,0.05,0.34,0.0,0.116,-1903.4471435546875
1036,0.05,0.34,0.0,0.1184,-1901.07666015625
1037,0.05,0.34,0.0,0.1208,-1899.4580078125
1038,0.05,0.34,0.0,0.1232,-1915.50927734375
1039,0.05,0.34,0.0,0.1256,-1901.385986328125
1040,0.05,0.34,0.0,0.128,-1907.2501220703125
1041,0.05,0.34,0.0,0.1304,-1907.110107421875
1042,0.05,0.34,0.0,0.1328,-1906.9810791015625
1043,0.05,0.34,0.0,0.1352,-1908.7156982421875
1044,0.05,0.34,0.0,0.1376,-1915.9742431640625
1045,0.05,0.34,0.0,0.14,-1901.075927734375
1046,0.05,0.34,0.0,0.1424,-1899.5985107421875
1047,0.05,0.34,0.0,0.1448,-1904.681640625
1048,0.05,0.34,0.0,0.1472,-1899.1513671875
1049,0.05,0.34,0.0,0.1496,-1904.08984375
1050,0.05,0.34,0.0,0.152,-1905.913330078125
1051,0.05,0.34,0.0,0.1544,-1903.981689453125
1052,0.05,0.34,0.0,0.1568,-1905.6827392578125
1053,0.05,0.34,0.0,0.1592,-1907.7791748046875
1054,0.05,0.34,0.0,0.1616,-1905.6435546875
1055,0.05,0.34,0.0,0.164,-1905.162841796875
1056,0.05,0.34,0.0,0.1664,-1904.935302734375
1057,0.05,0.34,0.0,0.1688,-1906.02490234375
1058,0.05,0.34,0.0,0.1712,-1906.08935546875
1059,0.05,0.34,0.0,0.1736,-1905.6612548828125
1060,0.05,0.34,0.0,0.176,-1912.360595703125
1061,0.05,0.34,0.0,0.1784,-1911.133544921875
1062,0.05,0.34,0.0,0.1808,-1907.669677734375
1063,0.05,0.34,0.0,0.1832,-1909.544189453125
1064,0.05,0.34,0.0,0.1856,-1921.489990234375
1065,0.05,0.34,0.0,0.188,-1909.0330810546875
1066,0.05,0.34,0.0,0.1904,-1920.22119140625
1067,0.05,0.34,0.0,0.1928,-1914.9068603515625
1068,0.05,0.34,0.0,0.1952,-1916.81982421875
1069,0.05,0.34,0.0,0.1976,-1916.474853515625
1070,0.05,0.34,0.0,0.2,-1915.568359375
1071,0.05,0.342,0.0,0.08,-1923.36669921875
1072,0.05,0.342,0.0,0.0824,-1926.6572265625
1073,0.05,0.342,0.0,0.0848,-1914.0986328125
1074,0.05,0.342,0.0,0.0872,-1917.325927734375
1075,0.05,0.342,0.0,0.0896,-1914.116943359375
1076,0.05,0.342,0.0,0.092,-1913.1669921875
1077,0.05,0.342,0.0,0.0944,-1908.76416015625
1078,0.05,0.342,0.0,0.0968,-1915.4053955078125
1079,0.05,0.342,0.0,0.0992,-1903.8492431640625
1080,0.05,0.342,0.0,0.1016,-1911.2689208984375
1081,0.05,0.342,0.0,0.104,-1909.785888671875
1082,0.05,0.342,0.0,0.1064,-1909.67236328125
1083,0.05,0.342,0.0,0.1088,-1904.8380126953125
1084,0.05,0.342,0.0,0.1112,-1908.7037353515625
1085,0.05,0.342,0.0,0.1136,-1906.20703125
1086,0.05,0.342,0.0,0.116,-1900.1497802734375
1087,0.05,0.342,0.0,0.1184,-1906.442626953125
1088,0.05,0.342,0.0,0.1208,-1905.8671875
1089,0.05,0.342,0.0,0.1232,-1900.872802734375
1090,0.05,0.342,0.0,0.1256,-1899.279296875
1091,0.05,0.342,0.0,0.128,-1907.545166015625
1092,0.05,0.342,0.0,0.1304,-1902.814453125
1093,0.05,0.342,0.0,0.1328,-1905.710693359375
1094,0.05,0.342,0.0,0.1352,-1898.193603515625
1095,0.05,0.342,0.0,0.1376,-1901.09033203125
1096,0.05,0.342,0.0,0.14,-1904.37109375
1097,0.05,0.342,0.0,0.1424,-1910.467529296875
1098,0.05,0.342,0.0,0.1448,-1903.0335693359375
1099,0.05,0.342,0.0,0.1472,-1911.0208740234375
1100,0.05,0.342,0.0,0.1496,-1900.4747314453125
1101,0.05,0.342,0.0,0.152,-1908.484375
1102,0.05,0.342,0.0,0.1544,-1903.127685546875
1103,0.05,0.342,0.0,0.1568,-1913.506591796875
1104,0.05,0.342,0.0,0.1592,-1914.2725830078125
1105,0.05,0.342,0.0,0.1616,-1905.495361328125
1106,0.05,0.342,0.0,0.164,-1903.150390625
1107,0.05,0.342,0.0,0.1664,-1909.2708740234375
1108,0.05,0.342,0.0,0.1688,-1910.9007568359375
1109,0.05,0.342,0.0,0.1712,-1905.9920654296875
1110,0.05,0.342,0.0,0.1736,-1918.94482421875
1111,0.05,0.342,0.0,0.176,-1915.5048828125
1112,0.05,0.342,0.0,0.1784,-1906.8494873046875
1113,0.05,0.342,0.0,0.1808,-1911.743408203125
1114,0.05,0.342,0.0,0.1832,-1911.512451171875
1115,0.05,0.342,0.0,0.1856,-1907.8880615234375
1116,0.05,0.342,0.0,0.188,-1920.226318359375
1117,0.05,0.342,0.0,0.1904,-1918.578857421875
1118,0.05,0.342,0.0,0.1928,-1915.8228759765625
1119,0.05,0.342,0.0,0.1952,-1919.6658935546875
1120,0.05,0.342,0.0,0.1976,-1917.010009765625
1121,0.05,0.342,0.0,0.2,-1924.1678466796875
1122,0.05,0.344,0.0,0.08,-1919.94580078125
1123,0.05,0.344,0.0,0.0824,-1915.20654296875
1124,0.05,0.344,0.0,0.0848,-1917.369873046875
1125,0.05,0.344,0.0,0.0872,-1920.670166015625
1126,0.05,0.344,0.0,0.0896,-1920.193115234375
1127,0.05,0.344,0.0,0.092,-1911.955810546875
1128,0.05,0.344,0.0,0.0944,-1915.93701171875
1129,0.05,0.344,0.0,0.0968,-1907.0758056640625
1130,0.05,0.344,0.0,0.0992,-1912.380615234375
1131,0.05,0.344,0.0,0.1016,-1907.1396484375
1132,0.05,0.344,0.0,0.104,-1908.7928466796875
1133,0.05,0.344,0.0,0.1064,-1909.433837890625
1134,0.05,0.344,0.0,0.1088,-1901.93896484375
1135,0.05,0.344,0.0,0.1112,-1909.8623046875
1136,0.05,0.344,0.0,0.1136,-1909.99169921875
1137,0.05,0.344,0.0,0.116,-1906.718017578125
1138,0.05,0.344,0.0,0.1184,-1905.122314453125
1139,0.05,0.344,0.0,0.1208,-1903.376708984375
1140,0.05,0.344,0.0,0.1232,-1906.57080078125
1141,0.05,0.344,0.0,0.1256,-1899.0869140625
1142,0.05,0.344,0.0,0.128,-1904.3153076171875
1143,0.05,0.344,0.0,0.1304,-1907.282470703125
1144,0.05,0.344,0.0,0.1328,-1903.663818359375
1145,0.05,0.344,0.0,0.1352,-1911.377197265625
1146,0.05,0.344,0.0,0.1376,-1902.718505859375
1147,0.05,0.344,0.0,0.14,-1902.3609619140625
1148,0.05,0.344,0.0,0.1424,-1899.405517578125
1149,0.05,0.344,0.0,0.1448,-1906.32568359375
1150,0.05,0.344,0.0,0.1472,-1903.903076171875
1151,0.05,0.344,0.0,0.1496,-1900.241455078125
1152,0.05,0.344,0.0,0.152,-1904.78759765625
1153,0.05,0.344,0.0,0.1544,-1908.22216796875
1154,0.05,0.344,0.0,0.1568,-1901.47265625
1155,0.05,0.344,0.0,0.1592,-1907.268310546875
1156,0.05,0.344,0.0,0.1616,-1909.7957763671875
1157,0.05,0.344,0.0,0.164,-1904.627197265625
1158,0.05,0.344,0.0,0.1664,-1904.6627197265625
1159,0.05,0.344,0.0,0.1688,-1908.9837646484375
1160,0.05,0.344,0.0,0.1712,-1905.851318359375
1161,0.05,0.344,0.0,0.1736,-1909.7276611328125
1162,0.05,0.344,0.0,0.176,-1908.0819091796875
1163,0.05,0.344,0.0,0.1784,-1908.6102294921875
1164,0.05,0.344,0.0,0.1808,-1913.2977294921875
1165,0.05,0.344,0.0,0.1832,-1911.7158203125
1166,0.05,0.344,0.0,0.1856,-1917.9171142578125
1167,0.05,0.344,0.0,0.188,-1909.9560546875
1168,0.05,0.344,0.0,0.1904,-1911.7412109375
1169,0.05,0.344,0.0,0.1928,-1914.1522216796875
1170,0.05,0.344,0.0,0.1952,-1916.764404296875
1171,0.05,0.344,0.0,0.1976,-1914.2589111328125
1172,0.05,0.344,0.0,0.2,-1916.884521484375
1173,0.05,0.346,0.0,0.08,-1918.2208251953125
1174,0.05,0.346,0.0,0.0824,-1921.493408203125
1175,0.05,0.346,0.0,0.0848,-1916.7418212890625
1176,0.05,0.346,0.0,0.0872,-1919.410888671875
1177,0.05,0.346,0.0,0.0896,-1913.3369140625
1178,0.05,0.346,0.0,0.092,-1915.4451904296875
1179,0.05,0.346,0.0,0.0944,-1909.2489013671875
1180,0.05,0.346,0.0,0.0968,-1910.4451904296875
1181,0.05,0.346,0.0,0.0992,-1914.5302734375
1182,0.05,0.346,0.0,0.1016,-1906.0
1183,0.05,0.346,0.0,0.104,-1906.155517578125
1184,0.05,0.346,0.0,0.1064,-1905.7657470703125
1185,0.05,0.346,0.0,0.1088,-1907.947265625
1186,0.05,0.346,0.0,0.1112,-1901.7843017578125
1187,0.05,0.346,0.0,0.1136,-1904.8436279296875
1188,0.05,0.346,0.0,0.116,-1907.0584716796875
1189,0.05,0.346,0.0,0.1184,-1901.134765625
1190,0.05,0.346,0.0,0.1208,-1901.8248291015625
1191,0.05,0.346,0.0,0.1232,-1906.62158203125
1192,0.05,0.346,0.0,0.1256,-1905.002197265625
1193,0.05,0.346,0.0,0.128,-1905.493896484375
1194,0.05,0.346,0.0,0.1304,-1905.61181640625
1195,0.05,0.346,0.0,0.1328,-1905.9716796875
1196,0.05,0.346,0.0,0.1352,-1898.4979248046875
1197,0.05,0.346,0.0,0.1376,-1901.050537109375
1198,0.05,0.346,0.0,0.14,-1900.472900390625
1199,0.05,0.346,0.0,0.1424,-1903.6812744140625
1200,0.05,0.346,0.0,0.1448,-1902.380615234375
1201,0.05,0.346,0.0,0.1472,-1905.1390380859375
1202,0.05,0.346,0.0,0.1496,-1901.18505859375
1203,0.05,0.346,0.0,0.152,-1907.44921875
1204,0.05,0.346,0.0,0.1544,-1906.6478271484375
1205,0.05,0.346,0.0,0.1568,-1902.997802734375
1206,0.05,0.346,0.0,0.1592,-1907.0611572265625
1207,0.05,0.346,0.0,0.1616,-1907.876953125
1208,0.05,0.346,0.0,0.164,-1907.945556640625
1209,0.05,0.346,0.0,0.1664,-1911.52392578125
1210,0.05,0.346,0.0,0.1688,-1905.623779296875
1211,0.05,0.346,0.0,0.1712,-1907.25390625
1212,0.05,0.346,0.0,0.1736,-1909.730224609375
1213,0.05,0.346,0.0,0.176,-1908.35546875
1214,0.05,0.346,0.0,0.1784,-1911.9796142578125
1215,0.05,0.346,0.0,0.1808,-1912.967529296875
1216,0.05,0.346,0.0,0.1832,-1909.83935546875
1217,0.05,0.346,0.0,0.1856,-1911.576171875
1218,0.05,0.346,0.0,0.188,-1913.85400390625
1219,0.05,0.346,0.0,0.1904,-1912.4686279296875
1220,0.05,0.346,0.0,0.1928,-1915.1619873046875
1221,0.05,0.346,0.0,0.1952,-1917.32080078125
1222,0.05,0.346,0.0,0.1976,-1919.867919921875
1223,0.05,0.346,0.0,0.2,-1916.633056640625
1224,0.05,0.348,0.0,0.08,-1919.331787109375
1225,0.05,0.348,0.0,0.0824,-1916.5380859375
1226,0.05,0.348,0.0,0.0848,-1920.169189453125
1227,0.05,0.348,0.0,0.0872,-1917.6611328125
1228,0.05,0.348,0.0,0.0896,-1915.674560546875
1229,0.05,0.348,0.0,0.092,-1913.6214599609375
1230,0.05,0.348,0.0,0.0944,-1908.90185546875
1231,0.05,0.348,0.0,0.0968,-1910.206787109375
1232,0.05,0.348,0.0,0.0992,-1908.20849609375
1233,0.05,0.348,0.0,0.1016,-1906.5748291015625
1234,0.05,0.348,0.0,0.104,-1906.573486328125
1235,0.05,0.348,0.0,0.1064,-1907.765625
1236,0.05,0.348,0.0,0.1088,-1904.482666015625
1237,0.05,0.348,0.0,0.1112,-1903.145263671875
1238,0.05,0.348,0.0,0.1136,-1902.2109375
1239,0.05,0.348,0.0,0.116,-1903.533935546875
1240,0.05,0.348,0.0,0.1184,-1900.827392578125
1241,0.05,0.348,0.0,0.1208,-1903.18994140625
1242,0.05,0.348,0.0,0.1232,-1902.8466796875
1243,0.05,0.348,0.0,0.1256,-1907.4708251953125
1244,0.05,0.348,0.0,0.128,-1902.5947265625
1245,0.05,0.348,0.0,0.1304,-1901.7587890625
1246,0.05,0.348,0.0,0.1328,-1901.1971435546875
1247,0.05,0.348,0.0,0.1352,-1906.56884765625
1248,0.05,0.348,0.0,0.1376,-1903.053466796875
1249,0.05,0.348,0.0,0.14,-1903.3624267578125
1250,0.05,0.348,0.0,0.1424,-1901.247314453125
1251,0.05,0.348,0.0,0.1448,-1901.6495361328125
1252,0.05,0.348,0.0,0.1472,-1904.14794921875
1253,0.05,0.348,0.0,0.1496,-1905.4498291015625
1254,0.05,0.348,0.0,0.152,-1905.1961669921875
1255,0.05,0.348,0.0,0.1544,-1907.5150146484375
1256,0.05,0.348,0.0,0.1568,-1903.497802734375
1257,0.05,0.348,0.0,0.1592,-1905.69091796875
1258,0.05,0.348,0.0,0.1616,-1907.45703125
1259,0.05,0.348,0.0,0.164,-1904.980712890625
1260,0.05,0.348,0.0,0.1664,-1907.7864990234375
1261,0.05,0.348,0.0,0.1688,-1912.228759765625
1262,0.05,0.348,0.0,0.1712,-1911.147705078125
1263,0.05,0.348,0.0,0.1736,-1906.103759765625
1264,0.05,0.348,0.0,0.176,-1912.2093505859375
1265,0.05,0.348,0.0,0.1784,-1908.8912353515625
1266,0.05,0.348,0.0,0.1808,-1909.9495849609375
1267,0.05,0.348,0.0,0.1832,-1913.0977783203125
1268,0.05,0.348,0.0,0.1856,-1914.9803466796875
1269,0.05,0.348,0.0,0.188,-1916.748291015625
1270,0.05,0.348,0.0,0.1904,-1917.9119873046875
1271,0.05,0.348,0.0,0.1928,-1914.903564453125
1272,0.05,0.348,0.0,0.1952,-1924.2506103515625
1273,0.05,0.348,0.0,0.1976,-1919.58447265625
1274,0.05,0.348,0.0,0.2,-1917.9888916015625
1275,0.05,0.35,0.0,0.08,-1917.95361328125
1276,0.05,0.35,0.0,0.0824,-1917.030029296875
1277,0.05,0.35,0.0,0.0848,-1917.889404296875
1278,0.05,0.35,0.0,0.0872,-1913.31298828125
1279,0.05,0.35,0.0,0.0896,-1913.94873046875
1280,0.05,0.35,0.0,0.092,-1914.4580078125
1281,0.05,0.35,0.0,0.0944,-1914.4547119140625
1282,0.05,0.35,0.0,0.0968,-1911.6806640625
1283,0.05,0.35,0.0,0.0992,-1910.3924560546875
1284,0.05,0.35,0.0,0.1016,-1907.615478515625
1285,0.05,0.35,0.0,0.104,-1906.86962890625
1286,0.05,0.35,0.0,0.1064,-1905.67626953125
1287,0.05,0.35,0.0,0.1088,-1905.9486083984375
1288,0.05,0.35,0.0,0.1112,-1906.240478515625
1289,0.05,0.35,0.0,0.1136,-1905.83740234375
1290,0.05,0.35,0.0,0.116,-1903.763916015625
1291,0.05,0.35,0.0,0.1184,-1901.079345703125
1292,0.05,0.35,0.0,0.1208,-1903.47607421875
1293,0.05,0.35,0.0,0.1232,-1901.563232421875
1294,0.05,0.35,0.0,0.1256,-1906.82177734375
1295,0.05,0.35,0.0,0.128,-1901.8682861328125
1296,0.05,0.35,0.0,0.1304,-1903.879150390625
1297,0.05,0.35,0.0,0.1328,-1903.732421875
1298,0.05,0.35,0.0,0.1352,-1900.6370849609375
1299,0.05,0.35,0.0,0.1376,-1901.6395263671875
1300,0.05,0.35,0.0,0.14,-1911.23486328125
1301,0.05,0.35,0.0,0.1424,-1907.40380859375
1302,0.05,0.35,0.0,0.1448,-1902.387939453125
1303,0.05,0.35,0.0,0.1472,-1902.9188232421875
1304,0.05,0.35,0.0,0.1496,-1903.3848876953125
1305,0.05,0.35,0.0,0.152,-1904.4346923828125
1306,0.05,0.35,0.0,0.1544,-1902.9227294921875
1307,0.05,0.35,0.0,0.1568,-1905.59912109375
1308,0.05,0.35,0.0,0.1592,-1903.6297607421875
1309,0.05,0.35,0.0,0.1616,-1908.01220703125
1310,0.05,0.35,0.0,0.164,-1909.779052734375
1311,0.05,0.35,0.0,0.1664,-1905.9434814453125
1312,0.05,0.35,0.0,0.1688,-1908.5323486328125
1313,0.05,0.35,0.0,0.1712,-1908.560546875
1314,0.05,0.35,0.0,0.1736,-1909.102294921875
1315,0.05,0.35,0.0,0.176,-1907.91357421875
1316,0.05,0.35,0.0,0.1784,-1909.981689453125
1317,0.05,0.35,0.0,0.1808,-1913.56689453125
1318,0.05,0.35,0.0,0.1832,-1911.747802734375
1319,0.05,0.35,0.0,0.1856,-1911.516845703125
1320,0.05,0.35,0.0,0.188,-1914.9326171875
1321,0.05,0.35,0.0,0.1904,-1916.4310302734375
1322,0.05,0.35,0.0,0.1928,-1914.6337890625
1323,0.05,0.35,0.0,0.1952,-1917.134033203125
1324,0.05,0.35,0.0,0.1976,-1918.110595703125
1325,0.05,0.35,0.0,0.2,-1919.27685546875
1326,0.05,0.352,0.0,0.08,-1919.840087890625
1327,0.05,0.352,0.0,0.0824,-1919.674560546875
1328,0.05,0.352,0.0,0.0848,-1916.499755859375
1329,0.05,0.352,0.0,0.0872,-1915.026123046875
1330,0.05,0.352,0.0,0.0896,-1914.14306640625
1331,0.05,0.352,0.0,0.092,-1913.30517578125
1332,0.05,0.352,0.0,0.0944,-1910.46142578125
1333,0.05,0.352,0.0,0.0968,-1909.734619140625
1334,0.05,0.352,0.0,0.0992,-1909.531005859375
1335,0.05,0.352,0.0,0.1016,-1909.069091796875
1336,0.05,0.352,0.0,0.104,-1909.673583984375
1337,0.05,0.352,0.0,0.1064,-1907.0709228515625
1338,0.05,0.352,0.0,0.1088,-1905.947021484375
1339,0.05,0.352,0.0,0.1112,-1909.8890380859375
1340,0.05,0.352,0.0,0.1136,-1906.5203857421875
1341,0.05,0.352,0.0,0.116,-1903.2249755859375
1342,0.05,0.352,0.0,0.1184,-1904.6494140625
1343,0.05,0.352,0.0,0.1208,-1904.757568359375
1344,0.05,0.352,0.0,0.1232,-1903.785400390625
1345,0.05,0.352,0.0,0.1256,-1904.49462890625
1346,0.05,0.352,0.0,0.128,-1902.829833984375
1347,0.05,0.352,0.0,0.1304,-1904.064697265625
1348,0.05,0.352,0.0,0.1328,-1903.33544921875
1349,0.05,0.352,0.0,0.1352,-1902.071044921875
1350,0.05,0.352,0.0,0.1376,-1905.815673828125
1351,0.05,0.352,0.0,0.14,-1901.90283203125
1352,0.05,0.352,0.0,0.1424,-1905.3641357421875
1353,0.05,0.352,0.0,0.1448,-1903.272216796875
1354,0.05,0.352,0.0,0.1472,-1903.4139404296875
1355,0.05,0.352,0.0,0.1496,-1906.47705078125
1356,0.05,0.352,0.0,0.152,-1905.909912109375
1357,0.05,0.352,0.0,0.1544,-1906.9022216796875
1358,0.05,0.352,0.0,0.1568,-1905.913818359375
1359,0.05,0.352,0.0,0.1592,-1907.53564453125
1360,0.05,0.352,0.0,0.1616,-1906.31201171875
1361,0.05,0.352,0.0,0.164,-1908.353271484375
1362,0.05,0.352,0.0,0.1664,-1907.752197265625
1363,0.05,0.352,0.0,0.1688,-1907.927001953125
1364,0.05,0.352,0.0,0.1712,-1905.998046875
1365,0.05,0.352,0.0,0.1736,-1910.7205810546875
1366,0.05,0.352,0.0,0.176,-1909.498779296875
1367,0.05,0.352,0.0,0.1784,-1912.5574951171875
1368,0.05,0.352,0.0,0.1808,-1911.708984375
1369,0.05,0.352,0.0,0.1832,-1913.795166015625
1370,0.05,0.352,0.0,0.1856,-1915.0577392578125
1371,0.05,0.352,0.0,0.188,-1913.97119140625
1372,0.05,0.352,0.0,0.1904,-1915.1575927734375
1373,0.05,0.352,0.0,0.1928,-1915.7484130859375
1374,0.05,0.352,0.0,0.1952,-1916.233154296875
1375,0.05,0.352,0.0,0.1976,-1918.7239990234375
1376,0.05,0.352,0.0,0.2,-1919.399169921875
1377,0.05,0.354,0.0,0.08,-1920.737060546875
1378,0.05,0.354,0.0,0.0824,-1920.271728515625
1379,0.05,0.354,0.0,0.0848,-1917.965087890625
1380,0.05,0.354,0.0,0.0872,-1916.53173828125
1381,0.05,0.354,0.0,0.0896,-1915.3486328125
1382,0.05,0.354,0.0,0.092,-1914.484130859375
1383,0.05,0.354,0.0,0.0944,-1911.645263671875
1384,0.05,0.354,0.0,0.0968,-1909.4930419921875
1385,0.05,0.354,0.0,0.0992,-1908.6943359375
1386,0.05,0.354,0.0,0.1016,-1909.377685546875
1387,0.05,0.354,0.0,0.104,-1907.6240234375
1388,0.05,0.354,0.0,0.1064,-1909.56640625
1389,0.05,0.354,0.0,0.1088,-1906.843017578125
1390,0.05,0.354,0.0,0.1112,-1905.451416015625
1391,0.05,0.354,0.0,0.1136,-1907.0645751953125
1392,0.05,0.354,0.0,0.116,-1906.21484375
1393,0.05,0.354,0.0,0.1184,-1905.863037109375
1394,0.05,0.354,0.0,0.1208,-1904.6605224609375
1395,0.05,0.354,0.0,0.1232,-1904.88134765625
1396,0.05,0.354,0.0,0.1256,-1904.5859375
1397,0.05,0.354,0.0,0.128,-1904.615234375
1398,0.05,0.354,0.0,0.1304,-1903.5650634765625
1399,0.05,0.354,0.0,0.1328,-1904.38916015625
1400,0.05,0.354,0.0,0.1352,-1904.20068359375
1401,0.05,0.354,0.0,0.1376,-1903.8333740234375
1402,0.05,0.354,0.0,0.14,-1902.88916015625
1403,0.05,0.354,0.0,0.1424,-1904.858154296875
1404,0.05,0.354,0.0,0.1448,-1904.531005859375
1405,0.05,0.354,0.0,0.1472,-1906.1197509765625
1406,0.05,0.354,0.0,0.1496,-1903.763427734375
1407,0.05,0.354,0.0,0.152,-1905.487548828125
1408,0.05,0.354,0.0,0.1544,-1907.4031982421875
1409,0.05,0.354,0.0,0.1568,-1905.46240234375
1410,0.05,0.354,0.0,0.1592,-1908.1103515625
1411,0.05,0.354,0.0,0.1616,-1907.100341796875
1412,0.05,0.354,0.0,0.164,-1907.2811279296875
1413,0.05,0.354,0.0,0.1664,-1908.2120361328125
1414,0.05,0.354,0.0,0.1688,-1907.708984375
1415,0.05,0.354,0.0,0.1712,-1909.095703125
1416,0.05,0.354,0.0,0.1736,-1910.929443359375
1417,0.05,0.354,0.0,0.176,-1910.97802734375
1418,0.05,0.354,0.0,0.1784,-1911.071533203125
1419,0.05,0.354,0.0,0.1808,-1914.229736328125
1420,0.05,0.354,0.0,0.1832,-1912.0
1421,0.05,0.354,0.0,0.1856,-1916.1502685546875
1422,0.05,0.354,0.0,0.188,-1914.123291015625
1423,0.05,0.354,0.0,0.1904,-1915.51318359375
1424,0.05,0.354,0.0,0.1928,-1916.7515869140625
1425,0.05,0.354,0.0,0.1952,-1916.29296875
1426,0.05,0.354,0.0,0.1976,-1918.07373046875
1427,0.05,0.354,0.0,0.2,-1920.1025390625
1428,0.05,0.356,0.0,0.08,-1922.515625
1429,0.05,0.356,0.0,0.0824,-1921.454833984375
1430,0.05,0.356,0.0,0.0848,-1918.724609375
1431,0.05,0.356,0.0,0.0872,-1915.5274658203125
1432,0.05,0.356,0.0,0.0896,-1916.158935546875
1433,0.05,0.356,0.0,0.092,-1914.140380859375
1434,0.05,0.356,0.0,0.0944,-1912.314697265625
1435,0.05,0.356,0.0,0.0968,-1911.8223876953125
1436,0.05,0.356,0.0,0.0992,-1909.1982421875
1437,0.05,0.356,0.0,0.1016,-1908.003173828125
1438,0.05,0.356,0.0,0.104,-1909.8302001953125
1439,0.05,0.356,0.0,0.1064,-1908.49755859375
1440,0.05,0.356,0.0,0.1088,-1908.172119140625
1441,0.05,0.356,0.0,0.1112,-1906.201171875
1442,0.05,0.356,0.0,0.1136,-1908.030517578125
1443,0.05,0.356,0.0,0.116,-1906.812255859375
1444,0.05,0.356,0.0,0.1184,-1903.554443359375
1445,0.05,0.356,0.0,0.1208,-1904.82470703125
1446,0.05,0.356,0.0,0.1232,-1903.43798828125
1447,0.05,0.356,0.0,0.1256,-1903.919921875
1448,0.05,0.356,0.0,0.128,-1902.652587890625
1449,0.05,0.356,0.0,0.1304,-1904.197265625
1450,0.05,0.356,0.0,0.1328,-1903.48388671875
1451,0.05,0.356,0.0,0.1352,-1904.1204833984375
1452,0.05,0.356,0.0,0.1376,-1904.245361328125
1453,0.05,0.356,0.0,0.14,-1904.80517578125
1454,0.05,0.356,0.0,0.1424,-1904.5123291015625
1455,0.05,0.356,0.0,0.1448,-1905.9931640625
1456,0.05,0.356,0.0,0.1472,-1904.7330322265625
1457,0.05,0.356,0.0,0.1496,-1904.11279296875
1458,0.05,0.356,0.0,0.152,-1908.442138671875
1459,0.05,0.356,0.0,0.1544,-1906.794921875
1460,0.05,0.356,0.0,0.1568,-1907.174560546875
1461,0.05,0.356,0.0,0.1592,-1908.913818359375
1462,0.05,0.356,0.0,0.1616,-1907.80078125
1463,0.05,0.356,0.0,0.164,-1909.412841796875
1464,0.05,0.356,0.0,0.1664,-1908.879150390625
1465,0.05,0.356,0.0,0.1688,-1910.033203125
1466,0.05,0.356,0.0,0.1712,-1911.39794921875
1467,0.05,0.356,0.0,0.1736,-1911.597900390625
1468,0.05,0.356,0.0,0.176,-1911.8828125
1469,0.05,0.356,0.0,0.1784,-1913.177978515625
1470,0.05,0.356,0.0,0.1808,-1913.43212890625
1471,0.05,0.356,0.0,0.1832,-1913.4716796875
1472,0.05,0.356,0.0,0.1856,-1914.1241455078125
1473,0.05,0.356,0.0,0.188,-1914.9737548828125
1474,0.05,0.356,0.0,0.1904,-1916.82470703125
1475,0.05,0.356,0.0,0.1928,-1918.93359375
1476,0.05,0.356,0.0,0.1952,-1917.521484375
1477,0.05,0.356,0.0,0.1976,-1918.7548828125
1478,0.05,0.356,0.0,0.2,-1920.639404296875
1479,0.05,0.358,0.0,0.08,-1921.6571044921875
1480,0.05,0.358,0.0,0.0824,-1923.517822265625
1481,0.05,0.358,0.0,0.0848,-1918.385986328125
1482,0.05,0.358,0.0,0.0872,-1917.695556640625
1483,0.05,0.358,0.0,0.0896,-1914.931884765625
1484,0.05,0.358,0.0,0.092,-1916.05908203125
1485,0.05,0.358,0.0,0.0944,-1914.20556640625
1486,0.05,0.358,0.0,0.0968,-1912.5899658203125
1487,0.05,0.358,0.0,0.0992,-1912.1514892578125
1488,0.05,0.358,0.0,0.1016,-1910.994384765625
1489,0.05,0.358,0.0,0.104,-1911.0233154296875
1490,0.05,0.358,0.0,0.1064,-1909.142333984375
1491,0.05,0.358,0.0,0.1088,-1907.91552734375
1492,0.05,0.358,0.0,0.1112,-1908.2391357421875
1493,0.05,0.358,0.0,0.1136,-1906.71142578125
1494,0.05,0.358,0.0,0.116,-1906.86865234375
1495,0.05,0.358,0.0,0.1184,-1905.672607421875
1496,0.05,0.358,0.0,0.1208,-1906.5494384765625
1497,0.05,0.358,0.0,0.1232,-1906.00341796875
1498,0.05,0.358,0.0,0.1256,-1905.869384765625
1499,0.05,0.358,0.0,0.128,-1903.713134765625
1500,0.05,0.358,0.0,0.1304,-1905.061767578125
1501,0.05,0.358,0.0,0.1328,-1903.97900390625
1502,0.05,0.358,0.0,0.1352,-1906.483642578125
1503,0.05,0.358,0.0,0.1376,-1903.899658203125
1504,0.05,0.358,0.0,0.14,-1904.7373046875
1505,0.05,0.358,0.0,0.1424,-1903.5885009765625
1506,0.05,0.358,0.0,0.1448,-1906.9896240234375
1507,0.05,0.358,0.0,0.1472,-1906.4346923828125
1508,0.05,0.358,0.0,0.1496,-1907.7374267578125
1509,0.05,0.358,0.0,0.152,-1904.441162109375
1510,0.05,0.358,0.0,0.1544,-1907.72216796875
1511,0.05,0.358,0.0,0.1568,-1907.3076171875
1512,0.05,0.358,0.0,0.1592,-1908.0447998046875
1513,0.05,0.358,0.0,0.1616,-1907.3955078125
1514,0.05,0.358,0.0,0.164,-1909.1820068359375
1515,0.05,0.358,0.0,0.1664,-1908.55078125
1516,0.05,0.358,0.0,0.1688,-1908.369140625
1517,0.05,0.358,0.0,0.1712,-1910.81396484375
1518,0.05,0.358,0.0,0.1736,-1912.4912109375
1519,0.05,0.358,0.0,0.176,-1911.758544921875
1520,0.05,0.358,0.0,0.1784,-1913.1583251953125
1521,0.05,0.358,0.0,0.1808,-1915.255859375
1522,0.05,0.358,0.0,0.1832,-1915.8251953125
1523,0.05,0.358,0.0,0.1856,-1915.2744140625
1524,0.05,0.358,0.0,0.188,-1917.005859375
1525,0.05,0.358,0.0,0.1904,-1914.38525390625
1526,0.05,0.358,0.0,0.1928,-1919.1885986328125
1527,0.05,0.358,0.0,0.1952,-1919.7235107421875
1528,0.05,0.358,0.0,0.1976,-1922.3153076171875
1529,0.05,0.358,0.0,0.2,-1919.36474609375
1530,0.05,0.36,0.0,0.08,-1923.442626953125
1531,0.05,0.36,0.0,0.0824,-1921.1734619140625
1532,0.05,0.36,0.0,0.0848,-1921.3701171875
1533,0.05,0.36,0.0,0.0872,-1919.17529296875
1534,0.05,0.36,0.0,0.0896,-1917.25927734375
1535,0.05,0.36,0.0,0.092,-1916.28759765625
1536,0.05,0.36,0.0,0.0944,-1913.538818359375
1537,0.05,0.36,0.0,0.0968,-1915.031494140625
1538,0.05,0.36,0.0,0.0992,-1910.850341796875
1539,0.05,0.36,0.0,0.1016,-1911.18017578125
1540,0.05,0.36,0.0,0.104,-1911.6151123046875
1541,0.05,0.36,0.0,0.1064,-1908.533203125
1542,0.05,0.36,0.0,0.1088,-1907.8404541015625
1543,0.05,0.36,0.0,0.1112,-1907.874755859375
1544,0.05,0.36,0.0,0.1136,-1907.6507568359375
1545,0.05,0.36,0.0,0.116,-1907.906982421875
1546,0.05,0.36,0.0,0.1184,-1906.8135986328125
1547,0.05,0.36,0.0,0.1208,-1905.9114990234375
1548,0.05,0.36,0.0,0.1232,-1906.69580078125
1549,0.05,0.36,0.0,0.1256,-1905.994140625
1550,0.05,0.36,0.0,0.128,-1905.349365234375
1551,0.05,0.36,0.0,0.1304,-1907.03515625
1552,0.05,0.36,0.0,0.1328,-1906.10498046875
1553,0.05,0.36,0.0,0.1352,-1904.9384765625
1554,0.05,0.36,0.0,0.1376,-1906.3150634765625
1555,0.05,0.36,0.0,0.14,-1904.737060546875
1556,0.05,0.36,0.0,0.1424,-1906.7625732421875
1557,0.05,0.36,0.0,0.1448,-1907.05126953125
1558,0.05,0.36,0.0,0.1472,-1906.7763671875
1559,0.05,0.36,0.0,0.1496,-1905.38134765625
1560,0.05,0.36,0.0,0.152,-1907.611328125
1561,0.05,0.36,0.0,0.1544,-1908.329345703125
1562,0.05,0.36,0.0,0.1568,-1907.66552734375
1563,0.05,0.36,0.0,0.1592,-1909.968505859375
1564,0.05,0.36,0.0,0.1616,-1908.3948974609375
1565,0.05,0.36,0.0,0.164,-1910.6817626953125
1566,0.05,0.36,0.0,0.1664,-1910.642578125
1567,0.05,0.36,0.0,0.1688,-1911.484619140625
1568,0.05,0.36,0.0,0.1712,-1912.05908203125
1569,0.05,0.36,0.0,0.1736,-1912.43115234375
1570,0.05,0.36,0.0,0.176,-1913.31982421875
1571,0.05,0.36,0.0,0.1784,-1914.2967529296875
1572,0.05,0.36,0.0,0.1808,-1914.9962158203125
1573,0.05,0.36,0.0,0.1832,-1915.5557861328125
1574,0.05,0.36,0.0,0.1856,-1915.48681640625
1575,0.05,0.36,0.0,0.188,-1916.3555908203125
1576,0.05,0.36,0.0,0.1904,-1916.2843017578125
1577,0.05,0.36,0.0,0.1928,-1919.418701171875
1578,0.05,0.36,0.0,0.1952,-1919.80419921875
1579,0.05,0.36,0.0,0.1976,-1921.23779296875
1580,0.05,0.36,0.0,0.2,-1922.040771484375
1581,0.05,0.362,0.0,0.08,-1923.4281005859375
1582,0.05,0.362,0.0,0.0824,-1920.58251953125
1583,0.05,0.362,0.0,0.0848,-1921.10693359375
1584,0.05,0.362,0.0,0.0872,-1920.676025390625
1585,0.05,0.362,0.0,0.0896,-1916.8756103515625
1586,0.05,0.362,0.0,0.092,-1916.5631103515625
1587,0.05,0.362,0.0,0.0944,-1915.10107421875
1588,0.05,0.362,0.0,0.0968,-1913.9718017578125
1589,0.05,0.362,0.0,0.0992,-1914.393798828125
1590,0.05,0.362,0.0,0.1016,-1913.2021484375
1591,0.05,0.362,0.0,0.104,-1910.93994140625
1592,0.05,0.362,0.0,0.1064,-1911.26806640625
1593,0.05,0.362,0.0,0.1088,-1909.7169189453125
1594,0.05,0.362,0.0,0.1112,-1908.010498046875
1595,0.05,0.362,0.0,0.1136,-1908.25048828125
1596,0.05,0.362,0.0,0.116,-1909.201904296875
1597,0.05,0.362,0.0,0.1184,-1906.2371826171875
1598,0.05,0.362,0.0,0.1208,-1908.02392578125
1599,0.05,0.362,0.0,0.1232,-1906.5936279296875
1600,0.05,0.362,0.0,0.1256,-1906.242919921875
1601,0.05,0.362,0.0,0.128,-1905.698486328125
1602,0.05,0.362,0.0,0.1304,-1905.361083984375
1603,0.05,0.362,0.0,0.1328,-1904.8436279296875
1604,0.05,0.362,0.0,0.1352,-1907.4718017578125
1605,0.05,0.362,0.0,0.1376,-1905.886962890625
1606,0.05,0.362,0.0,0.14,-1906.66064453125
1607,0.05,0.362,0.0,0.1424,-1907.594970703125
1608,0.05,0.362,0.0,0.1448,-1907.3515625
1609,0.05,0.362,0.0,0.1472,-1907.36181640625
1610,0.05,0.362,0.0,0.1496,-1906.507080078125
1611,0.05,0.362,0.0,0.152,-1908.7777099609375
1612,0.05,0.362,0.0,0.1544,-1908.1402587890625
1613,0.05,0.362,0.0,0.1568,-1910.211181640625
1614,0.05,0.362,0.0,0.1592,-1910.536865234375
1615,0.05,0.362,0.0,0.1616,-1909.493896484375
1616,0.05,0.362,0.0,0.164,-1910.9453125
1617,0.05,0.362,0.0,0.1664,-1909.716552734375
1618,0.05,0.362,0.0,0.1688,-1911.127197265625
1619,0.05,0.362,0.0,0.1712,-1912.6929931640625
1620,0.05,0.362,0.0,0.1736,-1912.2935791015625
1621,0.05,0.362,0.0,0.176,-1914.904541015625
1622,0.05,0.362,0.0,0.1784,-1915.224609375
1623,0.05,0.362,0.0,0.1808,-1914.20849609375
1624,0.05,0.362,0.0,0.1832,-1915.264404296875
1625,0.05,0.362,0.0,0.1856,-1916.090087890625
1626,0.05,0.362,0.0,0.188,-1916.5184326171875
1627,0.05,0.362,0.0,0.1904,-1918.948486328125
1628,0.05,0.362,0.0,0.1928,-1919.99169921875
1629,0.05,0.362,0.0,0.1952,-1919.71142578125
1630,0.05,0.362,0.0,0.1976,-1921.31005859375
1631,0.05,0.362,0.0,0.2,-1921.822509765625
1632,0.05,0.364,0.0,0.08,-1923.984619140625
1633,0.05,0.364,0.0,0.0824,-1924.23974609375
1634,0.05,0.364,0.0,0.0848,-1922.235595703125
1635,0.05,0.364,0.0,0.0872,-1918.410400390625
1636,0.05,0.364,0.0,0.0896,-1918.9283447265625
1637,0.05,0.364,0.0,0.092,-1915.563720703125
1638,0.05,0.364,0.0,0.0944,-1914.4022216796875
1639,0.05,0.364,0.0,0.0968,-1914.9788818359375
1640,0.05,0.364,0.0,0.0992,-1912.8275146484375
1641,0.05,0.364,0.0,0.1016,-1912.8702392578125
1642,0.05,0.364,0.0,0.104,-1911.4263916015625
1643,0.05,0.364,0.0,0.1064,-1912.5711669921875
1644,0.05,0.364,0.0,0.1088,-1910.0189208984375
1645,0.05,0.364,0.0,0.1112,-1908.9803466796875
1646,0.05,0.364,0.0,0.1136,-1910.6890869140625
1647,0.05,0.364,0.0,0.116,-1907.98486328125
1648,0.05,0.364,0.0,0.1184,-1908.341552734375
1649,0.05,0.364,0.0,0.1208,-1907.39697265625
1650,0.05,0.364,0.0,0.1232,-1908.42138671875
1651,0.05,0.364,0.0,0.1256,-1906.4208984375
1652,0.05,0.364,0.0,0.128,-1908.722900390625
1653,0.05,0.364,0.0,0.1304,-1906.0606689453125
1654,0.05,0.364,0.0,0.1328,-1906.1630859375
1655,0.05,0.364,0.0,0.1352,-1906.70361328125
1656,0.05,0.364,0.0,0.1376,-1906.7015380859375
1657,0.05,0.364,0.0,0.14,-1908.0009765625
1658,0.05,0.364,0.0,0.1424,-1906.1181640625
1659,0.05,0.364,0.0,0.1448,-1907.7098388671875
1660,0.05,0.364,0.0,0.1472,-1908.396240234375
1661,0.05,0.364,0.0,0.1496,-1909.17041015625
1662,0.05,0.364,0.0,0.152,-1908.36767578125
1663,0.05,0.364,0.0,0.1544,-1910.5203857421875
1664,0.05,0.364,0.0,0.1568,-1911.173095703125
1665,0.05,0.364,0.0,0.1592,-1909.58984375
1666,0.05,0.364,0.0,0.1616,-1909.9482421875
1667,0.05,0.364,0.0,0.164,-1910.699462890625
1668,0.05,0.364,0.0,0.1664,-1912.1461181640625
1669,0.05,0.364,0.0,0.1688,-1912.01220703125
1670,0.05,0.364,0.0,0.1712,-1912.741943359375
1671,0.05,0.364,0.0,0.1736,-1913.773193359375
1672,0.05,0.364,0.0,0.176,-1913.623046875
1673,0.05,0.364,0.0,0.1784,-1914.4290771484375
1674,0.05,0.364,0.0,0.1808,-1917.2900390625
1675,0.05,0.364,0.0,0.1832,-1917.8763427734375
1676,0.05,0.364,0.0,0.1856,-1916.799560546875
1677,0.05,0.364,0.0,0.188,-1917.941162109375
1678,0.05,0.364,0.0,0.1904,-1918.719482421875
1679,0.05,0.364,0.0,0.1928,-1920.608642578125
1680,0.05,0.364,0.0,0.1952,-1921.5029296875
1681,0.05,0.364,0.0,0.1976,-1922.7596435546875
1682,0.05,0.364,0.0,0.2,-1924.5789794921875
1683,0.05,0.366,0.0,0.08,-1927.242431640625
1684,0.05,0.366,0.0,0.0824,-1924.35546875
1685,0.05,0.366,0.0,0.0848,-1921.883056640625
1686,0.05,0.366,0.0,0.0872,-1920.392822265625
1687,0.05,0.366,0.0,0.0896,-1917.093017578125
1688,0.05,0.366,0.0,0.092,-1918.62158203125
1689,0.05,0.366,0.0,0.0944,-1914.910400390625
1690,0.05,0.366,0.0,0.0968,-1914.592041015625
1691,0.05,0.366,0.0,0.0992,-1912.77978515625
1692,0.05,0.366,0.0,0.1016,-1911.843505859375
1693,0.05,0.366,0.0,0.104,-1910.691162109375
1694,0.05,0.366,0.0,0.1064,-1912.264404296875
1695,0.05,0.366,0.0,0.1088,-1911.0732421875
1696,0.05,0.366,0.0,0.1112,-1909.82421875
1697,0.05,0.366,0.0,0.1136,-1909.8427734375
1698,0.05,0.366,0.0,0.116,-1909.8055419921875
1699,0.05,0.366,0.0,0.1184,-1909.0830078125
1700,0.05,0.366,0.0,0.1208,-1908.390380859375
1701,0.05,0.366,0.0,0.1232,-1907.8485107421875
1702,0.05,0.366,0.0,0.1256,-1909.2596435546875
1703,0.05,0.366,0.0,0.128,-1908.109375
1704,0.05,0.366,0.0,0.1304,-1906.97607421875
1705,0.05,0.366,0.0,0.1328,-1908.42041015625
1706,0.05,0.366,0.0,0.1352,-1907.8067626953125
1707,0.05,0.366,0.0,0.1376,-1907.9776611328125
1708,0.05,0.366,0.0,0.14,-1908.587890625
1709,0.05,0.366,0.0,0.1424,-1908.518798828125
1710,0.05,0.366,0.0,0.1448,-1908.660400390625
1711,0.05,0.366,0.0,0.1472,-1908.974365234375
1712,0.05,0.366,0.0,0.1496,-1909.105712890625
1713,0.05,0.366,0.0,0.152,-1909.6954345703125
1714,0.05,0.366,0.0,0.1544,-1909.3572998046875
1715,0.05,0.366,0.0,0.1568,-1909.972412109375
1716,0.05,0.366,0.0,0.1592,-1911.147216796875
1717,0.05,0.366,0.0,0.1616,-1910.653076171875
1718,0.05,0.366,0.0,0.164,-1912.3333740234375
1719,0.05,0.366,0.0,0.1664,-1912.719970703125
1720,0.05,0.366,0.0,0.1688,-1912.163818359375
1721,0.05,0.366,0.0,0.1712,-1914.2568359375
1722,0.05,0.366,0.0,0.1736,-1914.52392578125
1723,0.05,0.366,0.0,0.176,-1915.35986328125
1724,0.05,0.366,0.0,0.1784,-1916.73046875
1725,0.05,0.366,0.0,0.1808,-1916.9697265625
1726,0.05,0.366,0.0,0.1832,-1917.638427734375
1727,0.05,0.366,0.0,0.1856,-1918.660888671875
1728,0.05,0.366,0.0,0.188,-1918.28466796875
1729,0.05,0.366,0.0,0.1904,-1920.600341796875
1730,0.05,0.366,0.0,0.1928,-1921.8956298828125
1731,0.05,0.366,0.0,0.1952,-1921.2109375
1732,0.05,0.366,0.0,0.1976,-1923.267822265625
1733,0.05,0.366,0.0,0.2,-1923.8123779296875
1734,0.05,0.368,0.0,0.08,-1926.322265625
1735,0.05,0.368,0.0,0.0824,-1922.4688720703125
1736,0.05,0.368,0.0,0.0848,-1921.73828125
1737,0.05,0.368,0.0,0.0872,-1920.94677734375
1738,0.05,0.368,0.0,0.0896,-1920.691162109375
1739,0.05,0.368,0.0,0.092,-1918.5228271484375
1740,0.05,0.368,0.0,0.0944,-1916.349853515625
1741,0.05,0.368,0.0,0.0968,-1916.3453369140625
1742,0.05,0.368,0.0,0.0992,-1915.623779296875
1743,0.05,0.368,0.0,0.1016,-1913.74072265625
1744,0.05,0.368,0.0,0.104,-1912.0369873046875
1745,0.05,0.368,0.0,0.1064,-1912.0887451171875
1746,0.05,0.368,0.0,0.1088,-1910.83935546875
1747,0.05,0.368,0.0,0.1112,-1912.130859375
1748,0.05,0.368,0.0,0.1136,-1911.66064453125
1749,0.05,0.368,0.0,0.116,-1907.9072265625
1750,0.05,0.368,0.0,0.1184,-1909.730224609375
1751,0.05,0.368,0.0,0.1208,-1911.46435546875
1752,0.05,0.368,0.0,0.1232,-1908.44580078125
1753,0.05,0.368,0.0,0.1256,-1906.6075439453125
1754,0.05,0.368,0.0,0.128,-1908.8837890625
1755,0.05,0.368,0.0,0.1304,-1908.9996337890625
1756,0.05,0.368,0.0,0.1328,-1908.20166015625
1757,0.05,0.368,0.0,0.1352,-1909.7576904296875
1758,0.05,0.368,0.0,0.1376,-1908.4456787109375
1759,0.05,0.368,0.0,0.14,-1908.31298828125
1760,0.05,0.368,0.0,0.1424,-1908.77685546875
1761,0.05,0.368,0.0,0.1448,-1910.074462890625
1762,0.05,0.368,0.0,0.1472,-1909.847412109375
1763,0.05,0.368,0.0,0.1496,-1910.2579345703125
1764,0.05,0.368,0.0,0.152,-1909.601806640625
1765,0.05,0.368,0.0,0.1544,-1911.244873046875
1766,0.05,0.368,0.0,0.1568,-1912.340576171875
1767,0.05,0.368,0.0,0.1592,-1910.9765625
1768,0.05,0.368,0.0,0.1616,-1913.09130859375
1769,0.05,0.368,0.0,0.164,-1912.1463623046875
1770,0.05,0.368,0.0,0.1664,-1912.2564697265625
1771,0.05,0.368,0.0,0.1688,-1913.7828369140625
1772,0.05,0.368,0.0,0.1712,-1914.40185546875
1773,0.05,0.368,0.0,0.1736,-1916.5072021484375
1774,0.05,0.368,0.0,0.176,-1916.4884033203125
1775,0.05,0.368,0.0,0.1784,-1917.351806640625
1776,0.05,0.368,0.0,0.1808,-1917.558349609375
1777,0.05,0.368,0.0,0.1832,-1919.239501953125
1778,0.05,0.368,0.0,0.1856,-1919.45654296875
1779,0.05,0.368,0.0,0.188,-1921.1571044921875
1780,0.05,0.368,0.0,0.1904,-1920.360107421875
1781,0.05,0.368,0.0,0.1928,-1921.2371826171875
1782,0.05,0.368,0.0,0.1952,-1923.29833984375
1783,0.05,0.368,0.0,0.1976,-1924.123046875
1784,0.05,0.368,0.0,0.2,-1926.4771728515625
1785,0.05,0.37,0.0,0.08,-1928.35888671875
1786,0.05,0.37,0.0,0.0824,-1925.8779296875
1787,0.05,0.37,0.0,0.0848,-1922.8609619140625
1788,0.05,0.37,0.0,0.0872,-1921.1451416015625
1789,0.05,0.37,0.0,0.0896,-1921.21533203125
1790,0.05,0.37,0.0,0.092,-1918.5032958984375
1791,0.05,0.37,0.0,0.0944,-1917.463134765625
1792,0.05,0.37,0.0,0.0968,-1916.9161376953125
1793,0.05,0.37,0.0,0.0992,-1915.6944580078125
1794,0.05,0.37,0.0,0.1016,-1915.1904296875
1795,0.05,0.37,0.0,0.104,-1913.40625
1796,0.05,0.37,0.0,0.1064,-1912.431396484375
1797,0.05,0.37,0.0,0.1088,-1912.2882080078125
1798,0.05,0.37,0.0,0.1112,-1911.532958984375
1799,0.05,0.37,0.0,0.1136,-1911.3662109375
1800,0.05,0.37,0.0,0.116,-1910.3868408203125
1801,0.05,0.37,0.0,0.1184,-1910.2139892578125
1802,0.05,0.37,0.0,0.1208,-1910.57666015625
1803,0.05,0.37,0.0,0.1232,-1910.396484375
1804,0.05,0.37,0.0,0.1256,-1910.7421875
1805,0.05,0.37,0.0,0.128,-1910.2811279296875
1806,0.05,0.37,0.0,0.1304,-1908.1422119140625
1807,0.05,0.37,0.0,0.1328,-1908.320556640625
1808,0.05,0.37,0.0,0.1352,-1909.0078125
1809,0.05,0.37,0.0,0.1376,-1910.85107421875
1810,0.05,0.37,0.0,0.14,-1908.9013671875
1811,0.05,0.37,0.0,0.1424,-1911.088134765625
1812,0.05,0.37,0.0,0.1448,-1909.1380615234375
1813,0.05,0.37,0.0,0.1472,-1911.2919921875
1814,0.05,0.37,0.0,0.1496,-1909.94775390625
1815,0.05,0.37,0.0,0.152,-1909.404052734375
1816,0.05,0.37,0.0,0.1544,-1911.0357666015625
1817,0.05,0.37,0.0,0.1568,-1912.03466796875
1818,0.05,0.37,0.0,0.1592,-1912.64404296875
1819,0.05,0.37,0.0,0.1616,-1913.610595703125
1820,0.05,0.37,0.0,0.164,-1914.2713623046875
1821,0.05,0.37,0.0,0.1664,-1913.984130859375
1822,0.05,0.37,0.0,0.1688,-1914.4224853515625
1823,0.05,0.37,0.0,0.1712,-1916.9842529296875
1824,0.05,0.37,0.0,0.1736,-1917.0069580078125
1825,0.05,0.37,0.0,0.176,-1916.8193359375
1826,0.05,0.37,0.0,0.1784,-1918.463134765625
1827,0.05,0.37,0.0,0.1808,-1918.998046875
1828,0.05,0.37,0.0,0.1832,-1918.5599365234375
1829,0.05,0.37,0.0,0.1856,-1918.99462890625
1830,0.05,0.37,0.0,0.188,-1919.6806640625
1831,0.05,0.37,0.0,0.1904,-1921.26123046875
1832,0.05,0.37,0.0,0.1928,-1922.825927734375
1833,0.05,0.37,0.0,0.1952,-1924.1346435546875
1834,0.05,0.37,0.0,0.1976,-1924.33251953125
1835,0.05,0.37,0.0,0.2,-1925.6904296875
1836,0.05,0.372,0.0,0.08,-1928.377197265625
1837,0.05,0.372,0.0,0.0824,-1926.3284912109375
1838,0.05,0.372,0.0,0.0848,-1923.076904296875
1839,0.05,0.372,0.0,0.0872,-1920.6240234375
1840,0.05,0.372,0.0,0.0896,-1920.3951416015625
1841,0.05,0.372,0.0,0.092,-1918.94921875
1842,0.05,0.372,0.0,0.0944,-1918.965576171875
1843,0.05,0.372,0.0,0.0968,-1916.549560546875
1844,0.05,0.372,0.0,0.0992,-1916.948486328125
1845,0.05,0.372,0.0,0.1016,-1915.180908203125
1846,0.05,0.372,0.0,0.104,-1915.2398681640625
1847,0.05,0.372,0.0,0.1064,-1915.1634521484375
1848,0.05,0.372,0.0,0.1088,-1912.562255859375
1849,0.05,0.372,0.0,0.1112,-1912.073974609375
1850,0.05,0.372,0.0,0.1136,-1911.47265625
1851,0.05,0.372,0.0,0.116,-1912.75439453125
1852,0.05,0.372,0.0,0.1184,-1911.565185546875
1853,0.05,0.372,0.0,0.1208,-1910.025634765625
1854,0.05,0.372,0.0,0.1232,-1911.06298828125
1855,0.05,0.372,0.0,0.1256,-1910.1834716796875
1856,0.05,0.372,0.0,0.128,-1910.1956787109375
1857,0.05,0.372,0.0,0.1304,-1911.0927734375
1858,0.05,0.372,0.0,0.1328,-1910.312744140625
1859,0.05,0.372,0.0,0.1352,-1909.8853759765625
1860,0.05,0.372,0.0,0.1376,-1910.4049072265625
1861,0.05,0.372,0.0,0.14,-1909.8282470703125
1862,0.05,0.372,0.0,0.1424,-1911.92626953125
1863,0.05,0.372,0.0,0.1448,-1910.025146484375
1864,0.05,0.372,0.0,0.1472,-1910.920166015625
1865,0.05,0.372,0.0,0.1496,-1910.42138671875
1866,0.05,0.372,0.0,0.152,-1910.9122314453125
1867,0.05,0.372,0.0,0.1544,-1912.751220703125
1868,0.05,0.372,0.0,0.1568,-1912.8353271484375
1869,0.05,0.372,0.0,0.1592,-1913.318603515625
1870,0.05,0.372,0.0,0.1616,-1913.468017578125
1871,0.05,0.372,0.0,0.164,-1914.870361328125
1872,0.05,0.372,0.0,0.1664,-1915.528564453125
1873,0.05,0.372,0.0,0.1688,-1914.894287109375
1874,0.05,0.372,0.0,0.1712,-1916.461181640625
1875,0.05,0.372,0.0,0.1736,-1916.18359375
1876,0.05,0.372,0.0,0.176,-1918.069580078125
1877,0.05,0.372,0.0,0.1784,-1919.0411376953125
1878,0.05,0.372,0.0,0.1808,-1919.2666015625
1879,0.05,0.372,0.0,0.1832,-1919.94677734375
1880,0.05,0.372,0.0,0.1856,-1921.5009765625
1881,0.05,0.372,0.0,0.188,-1921.31103515625
1882,0.05,0.372,0.0,0.1904,-1921.8265380859375
1883,0.05,0.372,0.0,0.1928,-1923.06103515625
1884,0.05,0.372,0.0,0.1952,-1924.61376953125
1885,0.05,0.372,0.0,0.1976,-1924.8988037109375
1886,0.05,0.372,0.0,0.2,-1926.9130859375
1887,0.05,0.374,0.0,0.08,-1929.0411376953125
1888,0.05,0.374,0.0,0.0824,-1926.20703125
1889,0.05,0.374,0.0,0.0848,-1923.0615234375
1890,0.05,0.374,0.0,0.0872,-1923.35595703125
1891,0.05,0.374,0.0,0.0896,-1922.65576171875
1892,0.05,0.374,0.0,0.092,-1919.8619384765625
1893,0.05,0.374,0.0,0.0944,-1918.1552734375
1894,0.05,0.374,0.0,0.0968,-1917.58251953125
1895,0.05,0.374,0.0,0.0992,-1916.859375
1896,0.05,0.374,0.0,0.1016,-1917.4090576171875
1897,0.05,0.374,0.0,0.104,-1914.69775390625
1898,0.05,0.374,0.0,0.1064,-1914.8505859375
1899,0.05,0.374,0.0,0.1088,-1914.048583984375
1900,0.05,0.374,0.0,0.1112,-1915.197265625
1901,0.05,0.374,0.0,0.1136,-1913.35205078125
1902,0.05,0.374,0.0,0.116,-1912.1856689453125
1903,0.05,0.374,0.0,0.1184,-1911.215087890625
1904,0.05,0.374,0.0,0.1208,-1911.6251220703125
1905,0.05,0.374,0.0,0.1232,-1911.630126953125
1906,0.05,0.374,0.0,0.1256,-1910.474365234375
1907,0.05,0.374,0.0,0.128,-1911.979248046875
1908,0.05,0.374,0.0,0.1304,-1911.5068359375
1909,0.05,0.374,0.0,0.1328,-1910.6920166015625
1910,0.05,0.374,0.0,0.1352,-1912.1732177734375
1911,0.05,0.374,0.0,0.1376,-1911.03564453125
1912,0.05,0.374,0.0,0.14,-1911.4462890625
1913,0.05,0.374,0.0,0.1424,-1913.4788818359375
1914,0.05,0.374,0.0,0.1448,-1911.354248046875
1915,0.05,0.374,0.0,0.1472,-1911.9415283203125
1916,0.05,0.374,0.0,0.1496,-1912.3798828125
1917,0.05,0.374,0.0,0.152,-1913.480224609375
1918,0.05,0.374,0.0,0.1544,-1913.871826171875
1919,0.05,0.374,0.0,0.1568,-1913.052490234375
1920,0.05,0.374,0.0,0.1592,-1914.08544921875
1921,0.05,0.374,0.0,0.1616,-1915.652099609375
1922,0.05,0.374,0.0,0.164,-1914.762939453125
1923,0.05,0.374,0.0,0.1664,-1915.432373046875
1924,0.05,0.374,0.0,0.1688,-1914.900390625
1925,0.05,0.374,0.0,0.1712,-1916.05224609375
1926,0.05,0.374,0.0,0.1736,-1918.886962890625
1927,0.05,0.374,0.0,0.176,-1919.0140380859375
1928,0.05,0.374,0.0,0.1784,-1919.4158935546875
1929,0.05,0.374,0.0,0.1808,-1918.5556640625
1930,0.05,0.374,0.0,0.1832,-1922.2939453125
1931,0.05,0.374,0.0,0.1856,-1922.871826171875
1932,0.05,0.374,0.0,0.188,-1922.965576171875
1933,0.05,0.374,0.0,0.1904,-1924.219970703125
1934,0.05,0.374,0.0,0.1928,-1923.465576171875
1935,0.05,0.374,0.0,0.1952,-1925.931640625
1936,0.05,0.374,0.0,0.1976,-1927.03369140625
1937,0.05,0.374,0.0,0.2,-1929.135009765625
1938,0.05,0.376,0.0,0.08,-1927.7540283203125
1939,0.05,0.376,0.0,0.0824,-1927.2725830078125
1940,0.05,0.376,0.0,0.0848,-1924.6651611328125
1941,0.05,0.376,0.0,0.0872,-1924.002685546875
1942,0.05,0.376,0.0,0.0896,-1922.3681640625
1943,0.05,0.376,0.0,0.092,-1920.7193603515625
1944,0.05,0.376,0.0,0.0944,-1919.406494140625
1945,0.05,0.376,0.0,0.0968,-1920.1912841796875
1946,0.05,0.376,0.0,0.0992,-1916.8507080078125
1947,0.05,0.376,0.0,0.1016,-1916.43701171875
1948,0.05,0.376,0.0,0.104,-1916.8701171875
1949,0.05,0.376,0.0,0.1064,-1915.99462890625
1950,0.05,0.376,0.0,0.1088,-1914.7156982421875
1951,0.05,0.376,0.0,0.1112,-1914.8519287109375
1952,0.05,0.376,0.0,0.1136,-1913.537353515625
1953,0.05,0.376,0.0,0.116,-1912.31591796875
1954,0.05,0.376,0.0,0.1184,-1912.5693359375
1955,0.05,0.376,0.0,0.1208,-1912.944091796875
1956,0.05,0.376,0.0,0.1232,-1911.6217041015625
1957,0.05,0.376,0.0,0.1256,-1911.621826171875
1958,0.05,0.376,0.0,0.128,-1911.5751953125
1959,0.05,0.376,0.0,0.1304,-1912.627197265625
1960,0.05,0.376,0.0,0.1328,-1911.1611328125
1961,0.05,0.376,0.0,0.1352,-1911.3111572265625
1962,0.05,0.376,0.0,0.1376,-1911.37939453125
1963,0.05,0.376,0.0,0.14,-1912.303955078125
1964,0.05,0.376,0.0,0.1424,-1913.555908203125
1965,0.05,0.376,0.0,0.1448,-1912.56787109375
1966,0.05,0.376,0.0,0.1472,-1911.436767578125
1967,0.05,0.376,0.0,0.1496,-1912.943359375
1968,0.05,0.376,0.0,0.152,-1914.058349609375
1969,0.05,0.376,0.0,0.1544,-1913.9112548828125
1970,0.05,0.376,0.0,0.1568,-1913.835205078125
1971,0.05,0.376,0.0,0.1592,-1915.245849609375
1972,0.05,0.376,0.0,0.1616,-1916.602294921875
1973,0.05,0.376,0.0,0.164,-1916.0501708984375
1974,0.05,0.376,0.0,0.1664,-1916.667236328125
1975,0.05,0.376,0.0,0.1688,-1917.509521484375
1976,0.05,0.376,0.0,0.1712,-1916.60595703125
1977,0.05,0.376,0.0,0.1736,-1917.818115234375
1978,0.05,0.376,0.0,0.176,-1920.373046875
1979,0.05,0.376,0.0,0.1784,-1920.956787109375
1980,0.05,0.376,0.0,0.1808,-1919.748046875
1981,0.05,0.376,0.0,0.1832,-1922.0191650390625
1982,0.05,0.376,0.0,0.1856,-1922.6400146484375
1983,0.05,0.376,0.0,0.188,-1922.68701171875
1984,0.05,0.376,0.0,0.1904,-1923.680908203125
1985,0.05,0.376,0.0,0.1928,-1924.6246337890625
1986,0.05,0.376,0.0,0.1952,-1925.996826171875
1987,0.05,0.376,0.0,0.1976,-1926.081298828125
1988,0.05,0.376,0.0,0.2,-1927.762451171875
1989,0.05,0.378,0.0,0.08,-1930.2822265625
1990,0.05,0.378,0.0,0.0824,-1928.2568359375
1991,0.05,0.378,0.0,0.0848,-1925.537109375
1992,0.05,0.378,0.0,0.0872,-1925.548095703125
1993,0.05,0.378,0.0,0.0896,-1923.983642578125
1994,0.05,0.378,0.0,0.092,-1921.502197265625
1995,0.05,0.378,0.0,0.0944,-1920.746337890625
1996,0.05,0.378,0.0,0.0968,-1918.8446044921875
1997,0.05,0.378,0.0,0.0992,-1918.110107421875
1998,0.05,0.378,0.0,0.1016,-1918.470947265625
1999,0.05,0.378,0.0,0.104,-1916.669189453125
2000,0.05,0.378,0.0,0.1064,-1916.1705322265625
2001,0.05,0.378,0.0,0.1088,-1915.5914306640625
2002,0.05,0.378,0.0,0.1112,-1914.652587890625
2003,0.05,0.378,0.0,0.1136,-1913.592041015625
2004,0.05,0.378,0.0,0.116,-1914.353515625
2005,0.05,0.378,0.0,0.1184,-1913.139404296875
2006,0.05,0.378,0.0,0.1208,-1913.636474609375
2007,0.05,0.378,0.0,0.1232,-1912.659912109375
2008,0.05,0.378,0.0,0.1256,-1912.5377197265625
2009,0.05,0.378,0.0,0.128,-1911.966796875
2010,0.05,0.378,0.0,0.1304,-1913.942138671875
2011,0.05,0.378,0.0,0.1328,-1911.0672607421875
2012,0.05,0.378,0.0,0.1352,-1912.3857421875
2013,0.05,0.378,0.0,0.1376,-1913.424072265625
2014,0.05,0.378,0.0,0.14,-1912.741943359375
2015,0.05,0.378,0.0,0.1424,-1913.0447998046875
2016,0.05,0.378,0.0,0.1448,-1913.47412109375
2017,0.05,0.378,0.0,0.1472,-1914.07080078125
2018,0.05,0.378,0.0,0.1496,-1915.58203125
2019,0.05,0.378,0.0,0.152,-1914.389404296875
2020,0.05,0.378,0.0,0.1544,-1915.1844482421875
2021,0.05,0.378,0.0,0.1568,-1915.480712890625
2022,0.05,0.378,0.0,0.1592,-1915.7412109375
2023,0.05,0.378,0.0,0.1616,-1914.781494140625
2024,0.05,0.378,0.0,0.164,-1917.2559814453125
2025,0.05,0.378,0.0,0.1664,-1917.42578125
2026,0.05,0.378,0.0,0.1688,-1918.885498046875
2027,0.05,0.378,0.0,0.1712,-1919.499267578125
2028,0.05,0.378,0.0,0.1736,-1918.4315185546875
2029,0.05,0.378,0.0,0.176,-1921.5848388671875
2030,0.05,0.378,0.0,0.1784,-1919.746337890625
2031,0.05,0.378,0.0,0.1808,-1921.83251953125
2032,0.05,0.378,0.0,0.1832,-1923.2286376953125
2033,0.05,0.378,0.0,0.1856,-1922.6741943359375
2034,0.05,0.378,0.0,0.188,-1923.8701171875
2035,0.05,0.378,0.0,0.1904,-1926.088623046875
2036,0.05,0.378,0.0,0.1928,-1927.1131591796875
2037,0.05,0.378,0.0,0.1952,-1927.8819580078125
2038,0.05,0.378,0.0,0.1976,-1929.30517578125
2039,0.05,0.378,0.0,0.2,-1928.169921875
2040,0.05,0.38,0.0,0.08,-1930.6572265625
2041,0.05,0.38,0.0,0.0824,-1930.527587890625
2042,0.05,0.38,0.0,0.0848,-1926.84228515625
2043,0.05,0.38,0.0,0.0872,-1925.215087890625
2044,0.05,0.38,0.0,0.0896,-1923.671142578125
2045,0.05,0.38,0.0,0.092,-1923.1552734375
2046,0.05,0.38,0.0,0.0944,-1921.304931640625
2047,0.05,0.38,0.0,0.0968,-1918.7900390625
2048,0.05,0.38,0.0,0.0992,-1918.65966796875
2049,0.05,0.38,0.0,0.1016,-1918.624267578125
2050,0.05,0.38,0.0,0.104,-1916.22412109375
2051,0.05,0.38,0.0,0.1064,-1916.0205078125
2052,0.05,0.38,0.0,0.1088,-1915.78759765625
2053,0.05,0.38,0.0,0.1112,-1915.0521240234375
2054,0.05,0.38,0.0,0.1136,-1914.92333984375
2055,0.05,0.38,0.0,0.116,-1915.54541015625
2056,0.05,0.38,0.0,0.1184,-1913.3768310546875
2057,0.05,0.38,0.0,0.1208,-1913.7119140625
2058,0.05,0.38,0.0,0.1232,-1914.2054443359375
2059,0.05,0.38,0.0,0.1256,-1914.406005859375
2060,0.05,0.38,0.0,0.128,-1913.240478515625
2061,0.05,0.38,0.0,0.1304,-1913.4930419921875
2062,0.05,0.38,0.0,0.1328,-1914.5498046875
2063,0.05,0.38,0.0,0.1352,-1913.1488037109375
2064,0.05,0.38,0.0,0.1376,-1913.023681640625
2065,0.05,0.38,0.0,0.14,-1914.130615234375
2066,0.05,0.38,0.0,0.1424,-1915.4892578125
2067,0.05,0.38,0.0,0.1448,-1914.2109375
2068,0.05,0.38,0.0,0.1472,-1916.169189453125
2069,0.05,0.38,0.0,0.1496,-1913.681396484375
2070,0.05,0.38,0.0,0.152,-1915.3685302734375
2071,0.05,0.38,0.0,0.1544,-1916.0107421875
2072,0.05,0.38,0.0,0.1568,-1916.64453125
2073,0.05,0.38,0.0,0.1592,-1916.7244873046875
2074,0.05,0.38,0.0,0.1616,-1918.2254638671875
2075,0.05,0.38,0.0,0.164,-1917.419921875
2076,0.05,0.38,0.0,0.1664,-1919.136962890625
2077,0.05,0.38,0.0,0.1688,-1918.32373046875
2078,0.05,0.38,0.0,0.1712,-1922.334716796875
2079,0.05,0.38,0.0,0.1736,-1919.9638671875
2080,0.05,0.38,0.0,0.176,-1921.9853515625
2081,0.05,0.38,0.0,0.1784,-1922.614013671875
2082,0.05,0.38,0.0,0.1808,-1922.812744140625
2083,0.05,0.38,0.0,0.1832,-1924.58447265625
2084,0.05,0.38,0.0,0.1856,-1925.1207275390625
2085,0.05,0.38,0.0,0.188,-1925.3375244140625
2086,0.05,0.38,0.0,0.1904,-1925.9530029296875
2087,0.05,0.38,0.0,0.1928,-1927.628173828125
2088,0.05,0.38,0.0,0.1952,-1928.559326171875
2089,0.05,0.38,0.0,0.1976,-1929.423583984375
2090,0.05,0.38,0.0,0.2,-1929.59619140625
2091,0.05,0.382,0.0,0.08,-1932.2476806640625
2092,0.05,0.382,0.0,0.0824,-1928.9146728515625
2093,0.05,0.382,0.0,0.0848,-1927.62255859375
2094,0.05,0.382,0.0,0.0872,-1925.202392578125
2095,0.05,0.382,0.0,0.0896,-1924.6358642578125
2096,0.05,0.382,0.0,0.092,-1923.2236328125
2097,0.05,0.382,0.0,0.0944,-1921.308837890625
2098,0.05,0.382,0.0,0.0968,-1919.994873046875
2099,0.05,0.382,0.0,0.0992,-1920.2396240234375
2100,0.05,0.382,0.0,0.1016,-1919.414306640625
2101,0.05,0.382,0.0,0.104,-1919.379638671875
2102,0.05,0.382,0.0,0.1064,-1917.598876953125
2103,0.05,0.382,0.0,0.1088,-1917.681640625
2104,0.05,0.382,0.0,0.1112,-1916.0313720703125
2105,0.05,0.382,0.0,0.1136,-1915.24560546875
2106,0.05,0.382,0.0,0.116,-1915.256103515625
2107,0.05,0.382,0.0,0.1184,-1916.3936767578125
2108,0.05,0.382,0.0,0.1208,-1915.0301513671875
2109,0.05,0.382,0.0,0.1232,-1916.639404296875
2110,0.05,0.382,0.0,0.1256,-1914.91748046875
2111,0.05,0.382,0.0,0.128,-1914.333251953125
2112,0.05,0.382,0.0,0.1304,-1913.767333984375
2113,0.05,0.382,0.0,0.1328,-1914.389892578125
2114,0.05,0.382,0.0,0.1352,-1914.4053955078125
2115,0.05,0.382,0.0,0.1376,-1914.2093505859375
2116,0.05,0.382,0.0,0.14,-1913.897705078125
2117,0.05,0.382,0.0,0.1424,-1915.0364990234375
2118,0.05,0.382,0.0,0.1448,-1913.6507568359375
2119,0.05,0.382,0.0,0.1472,-1916.4085693359375
2120,0.05,0.382,0.0,0.1496,-1916.8509521484375
2121,0.05,0.382,0.0,0.152,-1915.221923828125
2122,0.05,0.382,0.0,0.1544,-1916.4942626953125
2123,0.05,0.382,0.0,0.1568,-1917.2342529296875
2124,0.05,0.382,0.0,0.1592,-1918.3463134765625
2125,0.05,0.382,0.0,0.1616,-1917.222900390625
2126,0.05,0.382,0.0,0.164,-1919.06591796875
2127,0.05,0.382,0.0,0.1664,-1918.89013671875
2128,0.05,0.382,0.0,0.1688,-1920.3759765625
2129,0.05,0.382,0.0,0.1712,-1921.42138671875
2130,0.05,0.382,0.0,0.1736,-1922.1898193359375
2131,0.05,0.382,0.0,0.176,-1921.2589111328125
2132,0.05,0.382,0.0,0.1784,-1923.0887451171875
2133,0.05,0.382,0.0,0.1808,-1922.802490234375
2134,0.05,0.382,0.0,0.1832,-1925.5574951171875
2135,0.05,0.382,0.0,0.1856,-1925.621337890625
2136,0.05,0.382,0.0,0.188,-1924.864501953125
2137,0.05,0.382,0.0,0.1904,-1927.8770751953125
2138,0.05,0.382,0.0,0.1928,-1928.0916748046875
2139,0.05,0.382,0.0,0.1952,-1928.41162109375
2140,0.05,0.382,0.0,0.1976,-1930.11669921875
2141,0.05,0.382,0.0,0.2,-1930.247314453125
2142,0.05,0.384,0.0,0.08,-1932.841064453125
2143,0.05,0.384,0.0,0.0824,-1929.2423095703125
2144,0.05,0.384,0.0,0.0848,-1929.72314453125
2145,0.05,0.384,0.0,0.0872,-1927.534423828125
2146,0.05,0.384,0.0,0.0896,-1926.199462890625
2147,0.05,0.384,0.0,0.092,-1923.8167724609375
2148,0.05,0.384,0.0,0.0944,-1924.0208740234375
2149,0.05,0.384,0.0,0.0968,-1923.3486328125
2150,0.05,0.384,0.0,0.0992,-1921.1109619140625
2151,0.05,0.384,0.0,0.1016,-1920.0687255859375
2152,0.05,0.384,0.0,0.104,-1919.4334716796875
2153,0.05,0.384,0.0,0.1064,-1920.2677001953125
2154,0.05,0.384,0.0,0.1088,-1917.14306640625
2155,0.05,0.384,0.0,0.1112,-1917.05615234375
2156,0.05,0.384,0.0,0.1136,-1915.2314453125
2157,0.05,0.384,0.0,0.116,-1914.554931640625
2158,0.05,0.384,0.0,0.1184,-1916.82763671875
2159,0.05,0.384,0.0,0.1208,-1917.296142578125
2160,0.05,0.384,0.0,0.1232,-1914.8427734375
2161,0.05,0.384,0.0,0.1256,-1915.174560546875
2162,0.05,0.384,0.0,0.128,-1915.7576904296875
2163,0.05,0.384,0.0,0.1304,-1912.9093017578125
2164,0.05,0.384,0.0,0.1328,-1916.192138671875
2165,0.05,0.384,0.0,0.1352,-1916.0595703125
2166,0.05,0.384,0.0,0.1376,-1916.2430419921875
2167,0.05,0.384,0.0,0.14,-1916.6162109375
2168,0.05,0.384,0.0,0.1424,-1915.482177734375
2169,0.05,0.384,0.0,0.1448,-1917.0576171875
2170,0.05,0.384,0.0,0.1472,-1917.408935546875
2171,0.05,0.384,0.0,0.1496,-1916.131103515625
2172,0.05,0.384,0.0,0.152,-1918.012451171875
2173,0.05,0.384,0.0,0.1544,-1918.39111328125
2174,0.05,0.384,0.0,0.1568,-1918.695068359375
2175,0.05,0.384,0.0,0.1592,-1919.343994140625
2176,0.05,0.384,0.0,0.1616,-1919.1905517578125
2177,0.05,0.384,0.0,0.164,-1919.1240234375
2178,0.05,0.384,0.0,0.1664,-1920.4776611328125
2179,0.05,0.384,0.0,0.1688,-1922.350341796875
2180,0.05,0.384,0.0,0.1712,-1921.27001953125
2181,0.05,0.384,0.0,0.1736,-1921.7490234375
2182,0.05,0.384,0.0,0.176,-1921.8531494140625
2183,0.05,0.384,0.0,0.1784,-1924.6329345703125
2184,0.05,0.384,0.0,0.1808,-1924.618408203125
2185,0.05,0.384,0.0,0.1832,-1924.739501953125
2186,0.05,0.384,0.0,0.1856,-1926.726806640625
2187,0.05,0.384,0.0,0.188,-1926.653076171875
2188,0.05,0.384,0.0,0.1904,-1926.99560546875
2189,0.05,0.384,0.0,0.1928,-1930.884765625
2190,0.05,0.384,0.0,0.1952,-1929.0343017578125
2191,0.05,0.384,0.0,0.1976,-1930.5455322265625
2192,0.05,0.384,0.0,0.2,-1933.168212890625
2193,0.05,0.386,0.0,0.08,-1932.875732421875
2194,0.05,0.386,0.0,0.0824,-1932.0166015625
2195,0.05,0.386,0.0,0.0848,-1929.037353515625
2196,0.05,0.386,0.0,0.0872,-1928.341552734375
2197,0.05,0.386,0.0,0.0896,-1928.992919921875
2198,0.05,0.386,0.0,0.092,-1924.018310546875
2199,0.05,0.386,0.0,0.0944,-1924.952880859375
2200,0.05,0.386,0.0,0.0968,-1923.2283935546875
2201,0.05,0.386,0.0,0.0992,-1921.7919921875
2202,0.05,0.386,0.0,0.1016,-1922.516357421875
2203,0.05,0.386,0.0,0.104,-1920.892822265625
2204,0.05,0.386,0.0,0.1064,-1919.560302734375
2205,0.05,0.386,0.0,0.1088,-1919.1484375
2206,0.05,0.386,0.0,0.1112,-1918.443603515625
2207,0.05,0.386,0.0,0.1136,-1918.209228515625
2208,0.05,0.386,0.0,0.116,-1918.498291015625
2209,0.05,0.386,0.0,0.1184,-1917.0718994140625
2210,0.05,0.386,0.0,0.1208,-1917.39306640625
2211,0.05,0.386,0.0,0.1232,-1916.7923583984375
2212,0.05,0.386,0.0,0.1256,-1917.6141357421875
2213,0.05,0.386,0.0,0.128,-1916.984130859375
2214,0.05,0.386,0.0,0.1304,-1916.511474609375
2215,0.05,0.386,0.0,0.1328,-1916.8822021484375
2216,0.05,0.386,0.0,0.1352,-1916.385986328125
2217,0.05,0.386,0.0,0.1376,-1916.8172607421875
2218,0.05,0.386,0.0,0.14,-1913.78125
2219,0.05,0.386,0.0,0.1424,-1917.5732421875
2220,0.05,0.386,0.0,0.1448,-1915.72314453125
2221,0.05,0.386,0.0,0.1472,-1916.06787109375
2222,0.05,0.386,0.0,0.1496,-1917.4329833984375
2223,0.05,0.386,0.0,0.152,-1918.1705322265625
2224,0.05,0.386,0.0,0.1544,-1919.7156982421875
2225,0.05,0.386,0.0,0.1568,-1918.6634521484375
2226,0.05,0.386,0.0,0.1592,-1919.1982421875
2227,0.05,0.386,0.0,0.1616,-1919.526611328125
2228,0.05,0.386,0.0,0.164,-1921.630615234375
2229,0.05,0.386,0.0,0.1664,-1919.188232421875
2230,0.05,0.386,0.0,0.1688,-1921.443115234375
2231,0.05,0.386,0.0,0.1712,-1923.662353515625
2232,0.05,0.386,0.0,0.1736,-1922.3099365234375
2233,0.05,0.386,0.0,0.176,-1924.5413818359375
2234,0.05,0.386,0.0,0.1784,-1924.3583984375
2235,0.05,0.386,0.0,0.1808,-1925.0675048828125
2236,0.05,0.386,0.0,0.1832,-1927.024658203125
2237,0.05,0.386,0.0,0.1856,-1927.3250732421875
2238,0.05,0.386,0.0,0.188,-1927.461669921875
2239,0.05,0.386,0.0,0.1904,-1928.82373046875
2240,0.05,0.386,0.0,0.1928,-1930.827392578125
2241,0.05,0.386,0.0,0.1952,-1931.537353515625
2242,0.05,0.386,0.0,0.1976,-1932.2386474609375
2243,0.05,0.386,0.0,0.2,-1932.92919921875
2244,0.05,0.388,0.0,0.08,-1933.2802734375
2245,0.05,0.388,0.0,0.0824,-1931.7568359375
2246,0.05,0.388,0.0,0.0848,-1930.747802734375
2247,0.05,0.388,0.0,0.0872,-1930.4322509765625
2248,0.05,0.388,0.0,0.0896,-1926.4488525390625
2249,0.05,0.388,0.0,0.092,-1926.388427734375
2250,0.05,0.388,0.0,0.0944,-1924.3970947265625
2251,0.05,0.388,0.0,0.0968,-1924.134765625
2252,0.05,0.388,0.0,0.0992,-1923.5509033203125
2253,0.05,0.388,0.0,0.1016,-1922.3101806640625
2254,0.05,0.388,0.0,0.104,-1921.342041015625
2255,0.05,0.388,0.0,0.1064,-1921.7022705078125
2256,0.05,0.388,0.0,0.1088,-1919.12841796875
2257,0.05,0.388,0.0,0.1112,-1919.648193359375
2258,0.05,0.388,0.0,0.1136,-1919.8212890625
2259,0.05,0.388,0.0,0.116,-1918.8436279296875
2260,0.05,0.388,0.0,0.1184,-1917.6865234375
2261,0.05,0.388,0.0,0.1208,-1917.5208740234375
2262,0.05,0.388,0.0,0.1232,-1917.48681640625
2263,0.05,0.388,0.0,0.1256,-1917.7723388671875
2264,0.05,0.388,0.0,0.128,-1917.61474609375
2265,0.05,0.388,0.0,0.1304,-1917.7254638671875
2266,0.05,0.388,0.0,0.1328,-1918.9735107421875
2267,0.05,0.388,0.0,0.1352,-1918.383056640625
2268,0.05,0.388,0.0,0.1376,-1917.9647216796875
2269,0.05,0.388,0.0,0.14,-1916.36669921875
2270,0.05,0.388,0.0,0.1424,-1918.6937255859375
2271,0.05,0.388,0.0,0.1448,-1917.83154296875
2272,0.05,0.388,0.0,0.1472,-1919.4759521484375
2273,0.05,0.388,0.0,0.1496,-1918.69775390625
2274,0.05,0.388,0.0,0.152,-1918.8818359375
2275,0.05,0.388,0.0,0.1544,-1918.06005859375
2276,0.05,0.388,0.0,0.1568,-1919.3447265625
2277,0.05,0.388,0.0,0.1592,-1921.1002197265625
2278,0.05,0.388,0.0,0.1616,-1922.1845703125
2279,0.05,0.388,0.0,0.164,-1920.88134765625
2280,0.05,0.388,0.0,0.1664,-1920.99365234375
2281,0.05,0.388,0.0,0.1688,-1923.311767578125
2282,0.05,0.388,0.0,0.1712,-1923.1435546875
2283,0.05,0.388,0.0,0.1736,-1924.9393310546875
2284,0.05,0.388,0.0,0.176,-1925.435302734375
2285,0.05,0.388,0.0,0.1784,-1926.227294921875
2286,0.05,0.388,0.0,0.1808,-1926.9625244140625
2287,0.05,0.388,0.0,0.1832,-1927.876220703125
2288,0.05,0.388,0.0,0.1856,-1926.5947265625
2289,0.05,0.388,0.0,0.188,-1928.6270751953125
2290,0.05,0.388,0.0,0.1904,-1929.171875
2291,0.05,0.388,0.0,0.1928,-1930.294921875
2292,0.05,0.388,0.0,0.1952,-1929.991943359375
2293,0.05,0.388,0.0,0.1976,-1932.66796875
2294,0.05,0.388,0.0,0.2,-1935.07958984375
2295,0.05,0.39,0.0,0.08,-1934.47900390625
2296,0.05,0.39,0.0,0.0824,-1932.8529052734375
2297,0.05,0.39,0.0,0.0848,-1931.74365234375
2298,0.05,0.39,0.0,0.0872,-1930.777099609375
2299,0.05,0.39,0.0,0.0896,-1928.274169921875
2300,0.05,0.39,0.0,0.092,-1927.339111328125
2301,0.05,0.39,0.0,0.0944,-1925.743408203125
2302,0.05,0.39,0.0,0.0968,-1925.486572265625
2303,0.05,0.39,0.0,0.0992,-1924.45849609375
2304,0.05,0.39,0.0,0.1016,-1921.7662353515625
2305,0.05,0.39,0.0,0.104,-1921.9180908203125
2306,0.05,0.39,0.0,0.1064,-1922.30126953125
2307,0.05,0.39,0.0,0.1088,-1920.0584716796875
2308,0.05,0.39,0.0,0.1112,-1920.669189453125
2309,0.05,0.39,0.0,0.1136,-1919.293701171875
2310,0.05,0.39,0.0,0.116,-1918.994384765625
2311,0.05,0.39,0.0,0.1184,-1919.6646728515625
2312,0.05,0.39,0.0,0.1208,-1919.84130859375
2313,0.05,0.39,0.0,0.1232,-1918.426513671875
2314,0.05,0.39,0.0,0.1256,-1917.674560546875
2315,0.05,0.39,0.0,0.128,-1917.928466796875
2316,0.05,0.39,0.0,0.1304,-1917.0361328125
2317,0.05,0.39,0.0,0.1328,-1918.5244140625
2318,0.05,0.39,0.0,0.1352,-1919.02587890625
2319,0.05,0.39,0.0,0.1376,-1918.3201904296875
2320,0.05,0.39,0.0,0.14,-1920.3992919921875
2321,0.05,0.39,0.0,0.1424,-1918.614501953125
2322,0.05,0.39,0.0,0.1448,-1918.3443603515625
2323,0.05,0.39,0.0,0.1472,-1919.3349609375
2324,0.05,0.39,0.0,0.1496,-1918.8994140625
2325,0.05,0.39,0.0,0.152,-1919.713623046875
2326,0.05,0.39,0.0,0.1544,-1918.9654541015625
2327,0.05,0.39,0.0,0.1568,-1922.9312744140625
2328,0.05,0.39,0.0,0.1592,-1923.26513671875
2329,0.05,0.39,0.0,0.1616,-1922.349609375
2330,0.05,0.39,0.0,0.164,-1923.379638671875
2331,0.05,0.39,0.0,0.1664,-1923.082275390625
2332,0.05,0.39,0.0,0.1688,-1924.2342529296875
2333,0.05,0.39,0.0,0.1712,-1924.810302734375
2334,0.05,0.39,0.0,0.1736,-1925.57763671875
2335,0.05,0.39,0.0,0.176,-1925.2606201171875
2336,0.05,0.39,0.0,0.1784,-1925.2415771484375
2337,0.05,0.39,0.0,0.1808,-1928.557861328125
2338,0.05,0.39,0.0,0.1832,-1927.602783203125
2339,0.05,0.39,0.0,0.1856,-1928.5682373046875
2340,0.05,0.39,0.0,0.188,-1930.484619140625
2341,0.05,0.39,0.0,0.1904,-1929.4896240234375
2342,0.05,0.39,0.0,0.1928,-1931.259765625
2343,0.05,0.39,0.0,0.1952,-1933.177978515625
2344,0.05,0.39,0.0,0.1976,-1934.3662109375
2345,0.05,0.39,0.0,0.2,-1935.0263671875
2346,0.05,0.392,0.0,0.08,-1935.1617431640625
2347,0.05,0.392,0.0,0.0824,-1933.20166015625
2348,0.05,0.392,0.0,0.0848,-1933.313720703125
2349,0.05,0.392,0.0,0.0872,-1930.378662109375
2350,0.05,0.392,0.0,0.0896,-1928.162109375
2351,0.05,0.392,0.0,0.092,-1928.4697265625
2352,0.05,0.392,0.0,0.0944,-1927.2635498046875
2353,0.05,0.392,0.0,0.0968,-1924.70263671875
2354,0.05,0.392,0.0,0.0992,-1923.988037109375
2355,0.05,0.392,0.0,0.1016,-1923.89990234375
2356,0.05,0.392,0.0,0.104,-1923.5494384765625
2357,0.05,0.392,0.0,0.1064,-1922.4375
2358,0.05,0.392,0.0,0.1088,-1922.356201171875
2359,0.05,0.392,0.0,0.1112,-1919.945556640625
2360,0.05,0.392,0.0,0.1136,-1920.8404541015625
2361,0.05,0.392,0.0,0.116,-1920.885498046875
2362,0.05,0.392,0.0,0.1184,-1919.3287353515625
2363,0.05,0.392,0.0,0.1208,-1919.559326171875
2364,0.05,0.392,0.0,0.1232,-1920.1754150390625
2365,0.05,0.392,0.0,0.1256,-1917.26611328125
2366,0.05,0.392,0.0,0.128,-1920.0220947265625
2367,0.05,0.392,0.0,0.1304,-1919.18310546875
2368,0.05,0.392,0.0,0.1328,-1919.60107421875
2369,0.05,0.392,0.0,0.1352,-1918.266357421875
2370,0.05,0.392,0.0,0.1376,-1919.3358154296875
2371,0.05,0.392,0.0,0.14,-1919.1927490234375
2372,0.05,0.392,0.0,0.1424,-1920.529296875
2373,0.05,0.392,0.0,0.1448,-1920.3040771484375
2374,0.05,0.392,0.0,0.1472,-1920.697998046875
2375,0.05,0.392,0.0,0.1496,-1919.5672607421875
2376,0.05,0.392,0.0,0.152,-1918.027587890625
2377,0.05,0.392,0.0,0.1544,-1921.0633544921875
2378,0.05,0.392,0.0,0.1568,-1922.859375
2379,0.05,0.392,0.0,0.1592,-1922.7158203125
2380,0.05,0.392,0.0,0.1616,-1922.705810546875
2381,0.05,0.392,0.0,0.164,-1924.25634765625
2382,0.05,0.392,0.0,0.1664,-1923.508544921875
2383,0.05,0.392,0.0,0.1688,-1926.503173828125
2384,0.05,0.392,0.0,0.1712,-1926.8697509765625
2385,0.05,0.392,0.0,0.1736,-1924.5791015625
2386,0.05,0.392,0.0,0.176,-1926.6064453125
2387,0.05,0.392,0.0,0.1784,-1927.5880126953125
2388,0.05,0.392,0.0,0.1808,-1928.162841796875
2389,0.05,0.392,0.0,0.1832,-1929.4530029296875
2390,0.05,0.392,0.0,0.1856,-1929.0941162109375
2391,0.05,0.392,0.0,0.188,-1931.2872314453125
2392,0.05,0.392,0.0,0.1904,-1931.577880859375
2393,0.05,0.392,0.0,0.1928,-1932.3299560546875
2394,0.05,0.392,0.0,0.1952,-1933.052001953125
2395,0.05,0.392,0.0,0.1976,-1933.4591064453125
2396,0.05,0.392,0.0,0.2,-1936.591064453125
2397,0.05,0.394,0.0,0.08,-1937.460693359375
2398,0.05,0.394,0.0,0.0824,-1935.888916015625
2399,0.05,0.394,0.0,0.0848,-1932.250732421875
2400,0.05,0.394,0.0,0.0872,-1932.046142578125
2401,0.05,0.394,0.0,0.0896,-1930.054931640625
2402,0.05,0.394,0.0,0.092,-1928.3507080078125
2403,0.05,0.394,0.0,0.0944,-1928.48095703125
2404,0.05,0.394,0.0,0.0968,-1927.099365234375
2405,0.05,0.394,0.0,0.0992,-1926.452880859375
2406,0.05,0.394,0.0,0.1016,-1925.6644287109375
2407,0.05,0.394,0.0,0.104,-1924.577392578125
2408,0.05,0.394,0.0,0.1064,-1923.2520751953125
2409,0.05,0.394,0.0,0.1088,-1922.684326171875
2410,0.05,0.394,0.0,0.1112,-1921.727783203125
2411,0.05,0.394,0.0,0.1136,-1922.08935546875
2412,0.05,0.394,0.0,0.116,-1922.1533203125
2413,0.05,0.394,0.0,0.1184,-1920.698486328125
2414,0.05,0.394,0.0,0.1208,-1920.03466796875
2415,0.05,0.394,0.0,0.1232,-1920.97998046875
2416,0.05,0.394,0.0,0.1256,-1919.896484375
2417,0.05,0.394,0.0,0.128,-1920.1416015625
2418,0.05,0.394,0.0,0.1304,-1921.321044921875
2419,0.05,0.394,0.0,0.1328,-1921.128173828125
2420,0.05,0.394,0.0,0.1352,-1918.786376953125
2421,0.05,0.394,0.0,0.1376,-1920.45947265625
2422,0.05,0.394,0.0,0.14,-1920.770263671875
2423,0.05,0.394,0.0,0.1424,-1920.3006591796875
2424,0.05,0.394,0.0,0.1448,-1920.573486328125
2425,0.05,0.394,0.0,0.1472,-1920.953857421875
2426,0.05,0.394,0.0,0.1496,-1920.67578125
2427,0.05,0.394,0.0,0.152,-1921.543212890625
2428,0.05,0.394,0.0,0.1544,-1921.37744140625
2429,0.05,0.394,0.0,0.1568,-1922.23291015625
2430,0.05,0.394,0.0,0.1592,-1924.2413330078125
2431,0.05,0.394,0.0,0.1616,-1923.3505859375
2432,0.05,0.394,0.0,0.164,-1925.30322265625
2433,0.05,0.394,0.0,0.1664,-1922.99609375
2434,0.05,0.394,0.0,0.1688,-1924.0496826171875
2435,0.05,0.394,0.0,0.1712,-1926.69775390625
2436,0.05,0.394,0.0,0.1736,-1925.542236328125
2437,0.05,0.394,0.0,0.176,-1927.771728515625
2438,0.05,0.394,0.0,0.1784,-1929.00146484375
2439,0.05,0.394,0.0,0.1808,-1929.73681640625
2440,0.05,0.394,0.0,0.1832,-1931.404052734375
2441,0.05,0.394,0.0,0.1856,-1931.4591064453125
2442,0.05,0.394,0.0,0.188,-1930.8887939453125
2443,0.05,0.394,0.0,0.1904,-1933.955078125
2444,0.05,0.394,0.0,0.1928,-1934.19580078125
2445,0.05,0.394,0.0,0.1952,-1934.165283203125
2446,0.05,0.394,0.0,0.1976,-1935.12841796875
2447,0.05,0.394,0.0,0.2,-1936.53271484375
2448,0.05,0.396,0.0,0.08,-1938.600341796875
2449,0.05,0.396,0.0,0.0824,-1935.2720947265625
2450,0.05,0.396,0.0,0.0848,-1934.437744140625
2451,0.05,0.396,0.0,0.0872,-1934.2799072265625
2452,0.05,0.396,0.0,0.0896,-1931.240478515625
2453,0.05,0.396,0.0,0.092,-1930.413330078125
2454,0.05,0.396,0.0,0.0944,-1929.736572265625
2455,0.05,0.396,0.0,0.0968,-1928.384765625
2456,0.05,0.396,0.0,0.0992,-1925.5081787109375
2457,0.05,0.396,0.0,0.1016,-1925.2113037109375
2458,0.05,0.396,0.0,0.104,-1926.044921875
2459,0.05,0.396,0.0,0.1064,-1923.6484375
2460,0.05,0.396,0.0,0.1088,-1924.890380859375
2461,0.05,0.396,0.0,0.1112,-1922.6907958984375
2462,0.05,0.396,0.0,0.1136,-1922.425048828125
2463,0.05,0.396,0.0,0.116,-1922.467041015625
2464,0.05,0.396,0.0,0.1184,-1920.873046875
2465,0.05,0.396,0.0,0.1208,-1922.209228515625
2466,0.05,0.396,0.0,0.1232,-1921.179443359375
2467,0.05,0.396,0.0,0.1256,-1920.940185546875
2468,0.05,0.396,0.0,0.128,-1922.1702880859375
2469,0.05,0.396,0.0,0.1304,-1920.803955078125
2470,0.05,0.396,0.0,0.1328,-1922.218017578125
2471,0.05,0.396,0.0,0.1352,-1922.627685546875
2472,0.05,0.396,0.0,0.1376,-1920.704833984375
2473,0.05,0.396,0.0,0.14,-1920.648193359375
2474,0.05,0.396,0.0,0.1424,-1921.506103515625
2475,0.05,0.396,0.0,0.1448,-1920.9461669921875
2476,0.05,0.396,0.0,0.1472,-1921.4271240234375
2477,0.05,0.396,0.0,0.1496,-1922.1993408203125
2478,0.05,0.396,0.0,0.152,-1922.405517578125
2479,0.05,0.396,0.0,0.1544,-1922.857666015625
2480,0.05,0.396,0.0,0.1568,-1922.6624755859375
2481,0.05,0.396,0.0,0.1592,-1924.0985107421875
2482,0.05,0.396,0.0,0.1616,-1922.81201171875
2483,0.05,0.396,0.0,0.164,-1925.62255859375
2484,0.05,0.396,0.0,0.1664,-1925.25390625
2485,0.05,0.396,0.0,0.1688,-1926.689208984375
2486,0.05,0.396,0.0,0.1712,-1927.125244140625
2487,0.05,0.396,0.0,0.1736,-1928.17333984375
2488,0.05,0.396,0.0,0.176,-1928.6346435546875
2489,0.05,0.396,0.0,0.1784,-1930.113525390625
2490,0.05,0.396,0.0,0.1808,-1929.1640625
2491,0.05,0.396,0.0,0.1832,-1930.697265625
2492,0.05,0.396,0.0,0.1856,-1932.615966796875
2493,0.05,0.396,0.0,0.188,-1932.296875
2494,0.05,0.396,0.0,0.1904,-1934.254150390625
2495,0.05,0.396,0.0,0.1928,-1932.715087890625
2496,0.05,0.396,0.0,0.1952,-1934.003173828125
2497,0.05,0.396,0.0,0.1976,-1936.0743408203125
2498,0.05,0.396,0.0,0.2,-1937.56005859375
2499,0.05,0.398,0.0,0.08,-1937.5113525390625
2500,0.05,0.398,0.0,0.0824,-1936.8988037109375
2501,0.05,0.398,0.0,0.0848,-1935.302978515625
2502,0.05,0.398,0.0,0.0872,-1934.140625
2503,0.05,0.398,0.0,0.0896,-1932.365966796875
2504,0.05,0.398,0.0,0.092,-1930.6976318359375
2505,0.05,0.398,0.0,0.0944,-1930.59521484375
2506,0.05,0.398,0.0,0.0968,-1929.4495849609375
2507,0.05,0.398,0.0,0.0992,-1928.913330078125
2508,0.05,0.398,0.0,0.1016,-1926.3863525390625
2509,0.05,0.398,0.0,0.104,-1925.7545166015625
2510,0.05,0.398,0.0,0.1064,-1925.0302734375
2511,0.05,0.398,0.0,0.1088,-1924.778076171875
2512,0.05,0.398,0.0,0.1112,-1924.813720703125
2513,0.05,0.398,0.0,0.1136,-1922.929443359375
2514,0.05,0.398,0.0,0.116,-1922.556884765625
2515,0.05,0.398,0.0,0.1184,-1922.824951171875
2516,0.05,0.398,0.0,0.1208,-1921.17431640625
2517,0.05,0.398,0.0,0.1232,-1922.5792236328125
2518,0.05,0.398,0.0,0.1256,-1922.0439453125
2519,0.05,0.398,0.0,0.128,-1922.1875
2520,0.05,0.398,0.0,0.1304,-1921.00927734375
2521,0.05,0.398,0.0,0.1328,-1921.3271484375
2522,0.05,0.398,0.0,0.1352,-1920.5328369140625
2523,0.05,0.398,0.0,0.1376,-1921.006103515625
2524,0.05,0.398,0.0,0.14,-1923.1002197265625
2525,0.05,0.398,0.0,0.1424,-1921.827392578125
2526,0.05,0.398,0.0,0.1448,-1921.8057861328125
2527,0.05,0.398,0.0,0.1472,-1923.1566162109375
2528,0.05,0.398,0.0,0.1496,-1922.896484375
2529,0.05,0.398,0.0,0.152,-1924.517578125
2530,0.05,0.398,0.0,0.1544,-1924.8701171875
2531,0.05,0.398,0.0,0.1568,-1924.0224609375
2532,0.05,0.398,0.0,0.1592,-1923.783935546875
2533,0.05,0.398,0.0,0.1616,-1926.267578125
2534,0.05,0.398,0.0,0.164,-1926.6925048828125
2535,0.05,0.398,0.0,0.1664,-1926.79931640625
2536,0.05,0.398,0.0,0.1688,-1928.1790771484375
2537,0.05,0.398,0.0,0.1712,-1928.2637939453125
2538,0.05,0.398,0.0,0.1736,-1930.6201171875
2539,0.05,0.398,0.0,0.176,-1928.91015625
2540,0.05,0.398,0.0,0.1784,-1930.171630859375
2541,0.05,0.398,0.0,0.1808,-1930.545166015625
2542,0.05,0.398,0.0,0.1832,-1932.3721923828125
2543,0.05,0.398,0.0,0.1856,-1933.3076171875
2544,0.05,0.398,0.0,0.188,-1933.635009765625
2545,0.05,0.398,0.0,0.1904,-1936.2647705078125
2546,0.05,0.398,0.0,0.1928,-1935.43212890625
2547,0.05,0.398,0.0,0.1952,-1938.1614990234375
2548,0.05,0.398,0.0,0.1976,-1937.106201171875
2549,0.05,0.398,0.0,0.2,-1939.582763671875
2550,0.05,0.4,0.0,0.08,-1938.497314453125
2551,0.05,0.4,0.0,0.0824,-1937.8953857421875
2552,0.05,0.4,0.0,0.0848,-1935.34326171875
2553,0.05,0.4,0.0,0.0872,-1935.93994140625
2554,0.05,0.4,0.0,0.0896,-1931.9951171875
2555,0.05,0.4,0.0,0.092,-1931.984619140625
2556,0.05,0.4,0.0,0.0944,-1930.777587890625
2557,0.05,0.4,0.0,0.0968,-1927.711181640625
2558,0.05,0.4,0.0,0.0992,-1929.542236328125
2559,0.05,0.4,0.0,0.1016,-1927.005859375
2560,0.05,0.4,0.0,0.104,-1927.16162109375
2561,0.05,0.4,0.0,0.1064,-1926.65966796875
2562,0.05,0.4,0.0,0.1088,-1926.042724609375
2563,0.05,0.4,0.0,0.1112,-1925.120361328125
2564,0.05,0.4,0.0,0.1136,-1924.62841796875
2565,0.05,0.4,0.0,0.116,-1923.955078125
2566,0.05,0.4,0.0,0.1184,-1922.22412109375
2567,0.05,0.4,0.0,0.1208,-1921.219970703125
2568,0.05,0.4,0.0,0.1232,-1922.3818359375
2569,0.05,0.4,0.0,0.1256,-1922.5771484375
2570,0.05,0.4,0.0,0.128,-1923.3857421875
2571,0.05,0.4,0.0,0.1304,-1924.5443115234375
2572,0.05,0.4,0.0,0.1328,-1923.468994140625
2573,0.05,0.4,0.0,0.1352,-1923.444580078125
2574,0.05,0.4,0.0,0.1376,-1921.659423828125
2575,0.05,0.4,0.0,0.14,-1922.955078125
2576,0.05,0.4,0.0,0.1424,-1924.01953125
2577,0.05,0.4,0.0,0.1448,-1924.483154296875
2578,0.05,0.4,0.0,0.1472,-1922.8515625
2579,0.05,0.4,0.0,0.1496,-1923.450439453125
2580,0.05,0.4,0.0,0.152,-1923.6575927734375
2581,0.05,0.4,0.0,0.1544,-1925.149169921875
2582,0.05,0.4,0.0,0.1568,-1925.3248291015625
2583,0.05,0.4,0.0,0.1592,-1925.096923828125
2584,0.05,0.4,0.0,0.1616,-1927.5836181640625
2585,0.05,0.4,0.0,0.164,-1927.46044921875
2586,0.05,0.4,0.0,0.1664,-1925.567626953125
2587,0.05,0.4,0.0,0.1688,-1929.4798583984375
2588,0.05,0.4,0.0,0.1712,-1928.5162353515625
2589,0.05,0.4,0.0,0.1736,-1929.385009765625
2590,0.05,0.4,0.0,0.176,-1930.5355224609375
2591,0.05,0.4,0.0,0.1784,-1931.455810546875
2592,0.05,0.4,0.0,0.1808,-1931.0380859375
2593,0.05,0.4,0.0,0.1832,-1932.979248046875
2594,0.05,0.4,0.0,0.1856,-1935.23046875
2595,0.05,0.4,0.0,0.188,-1934.5679931640625
2596,0.05,0.4,0.0,0.1904,-1935.7398681640625
2597,0.05,0.4,0.0,0.1928,-1937.0751953125
2598,0.05,0.4,0.0,0.1952,-1937.195068359375
2599,0.05,0.4,0.0,0.1976,-1939.683349609375
2600,0.05,0.4,0.0,0.2,-1939.063232421875
