mu,rho,ll
0.35,0.14,-1902.831299
0.350459,0.138204,-1901.67749
0.349248,0.141124,-1903.936401
0.346544,0.141942,-1904.197876
0.346161,0.14024,-1900.641724
0.345735,0.140373,-1901.342529
0.346838,0.141887,-1898.950439
0.347321,0.14519,-1902.671631
0.347321,0.14519,-1902.00293
0.347321,0.14519,-1902.280273
0.347321,0.14519,-1901.458374
0.347321,0.14519,-1903.2052
0.349889,0.145173,-1902.045654
0.349889,0.145173,-1903.03772
0.345655,0.145457,-1903.72998
0.348404,0.144192,-1900.994019
0.342254,0.148615,-1902.447998
0.342254,0.148615,-1900.133789
0.342254,0.148615,-1903.637451
0.342254,0.148615,-1903.647339
0.349508,0.142736,-1902.782959
0.349989,0.140036,-1902.678955
0.349989,0.140036,-1902.628906
0.352032,0.139411,-1903.755005
0.354423,0.143314,-1904.673706
0.353457,0.138516,-1903.445679
0.353681,0.138972,-1903.113281
0.353681,0.138972,-1904.381592
0.351928,0.138009,-1904.767456
0.353723,0.141593,-1904.256104
0.354204,0.141591,-1904.210815
0.356674,0.14268,-1905.046631
0.356674,0.14268,-1904.557861
0.356674,0.14268,-1905.20166
0.352741,0.14667,-1905.485352
0.355502,0.140304,-1903.623291
0.355502,0.140304,-1904.074463
0.357947,0.137659,-1904.847534
0.356468,0.135339,-1904.831299
0.356468,0.135339,-1903.92334
0.356468,0.135339,-1903.887939
0.356453,0.134855,-1904.011108
0.355047,0.132843,-1904.834595
0.355047,0.132843,-1904.387085
0.355047,0.132843,-1902.844238
0.355005,0.126449,-1905.264893
0.351194,0.128264,-1904.157227
0.351194,0.128264,-1902.154419
0.349544,0.126656,-1902.939331
0.350903,0.126252,-1902.138428
0.351334,0.127252,-1903.476196
0.348807,0.123578,-1903.030273
0.346369,0.124171,-1900.959473
0.344916,0.127044,-1902.131348
0.344916,0.127044,-1900.247314
0.345793,0.125777,-1902.022461
0.345793,0.125777,-1901.440308
0.345793,0.125777,-1903.359131
0.345793,0.125777,-1901.477539
0.345793,0.125777,-1901.585205
0.345793,0.125777,-1901.108276
0.34652,0.130581,-1901.095215
0.34652,0.130581,-1900.543579
0.346603,0.127252,-1899.772095
0.343513,0.133338,-1904.665039
0.343512,0.131884,-1898.850098
0.34543,0.132065,-1901.391724
0.34543,0.132065,-1900.732178
0.343503,0.129109,-1901.81311
0.345421,0.130061,-1900.562012
0.347399,0.128222,-1901.233154
0.349462,0.126169,-1902.658447
0.352759,0.128584,-1902.630371
0.350339,0.129914,-1905.531982
0.349713,0.127893,-1907.013428
0.350857,0.124701,-1904.167725
0.353961,0.123669,-1904.719849
0.357184,0.124176,-1903.995728
0.357184,0.124176,-1904.641113
0.357184,0.124176,-1904.692993
0.355738,0.12377,-1905.019043
0.354763,0.126404,-1904.012939
0.353847,0.127077,-1902.725708
0.35121,0.124815,-1902.138184
0.350821,0.118286,-1902.845703
0.348919,0.121962,-1901.210449
0.347631,0.123114,-1902.98645
0.345284,0.124804,-1902.830444
0.342695,0.124862,-1905.2146
0.344831,0.125346,-1901.234863
0.344831,0.125346,-1899.916992
0.344831,0.125346,-1899.574463
0.344831,0.125346,-1905.085693
0.345323,0.124314,-1903.686157
0.344105,0.126705,-1900.634277
0.344105,0.126705,-1899.558594
0.343957,0.128027,-1901.875732
0.344555,0.125543,-1901.010254
0.344555,0.125543,-1900.217651
0.346927,0.124496,-1899.998413
0.346927,0.124496,-1905.271973
0.346927,0.124496,-1900.872559
0.344429,0.123169,-1905.93689
0.343917,0.126454,-1900.864258
0.34015,0.130013,-1900.967529
0.346384,0.130078,-1902.181885
0.343682,0.123316,-1902.378662
0.340189,0.118706,-1904.33313
0.336594,0.118842,-1907.248535
0.336594,0.118842,-1908.159912
0.344841,0.120115,-1905.425415
0.344595,0.123764,-1901.028931
0.346015,0.12324,-1904.344604
0.346015,0.12324,-1902.226929
0.349278,0.124516,-1904.205811
0.347144,0.123923,-1903.451416
0.347144,0.123923,-1901.42627
0.347144,0.123923,-1900.902588
0.347144,0.123923,-1903.431396
0.351299,0.12359,-1904.280273
0.351898,0.123055,-1903.529663
0.351898,0.123055,-1901.361084
0.351898,0.123055,-1902.924561
0.351109,0.121861,-1902.719238
0.351109,0.121861,-1902.292114
0.351109,0.121861,-1901.756592
0.351894,0.121331,-1903.482178
0.351894,0.121331,-1903.335571
0.353275,0.130484,-1903.212158
0.353275,0.130484,-1904.049805
0.348933,0.130542,-1900.01062
0.349116,0.134667,-1901.628662
0.343718,0.133314,-1899.445312
0.343905,0.134985,-1898.654785
0.343682,0.135239,-1900.595703
0.344416,0.132291,-1906.92334
0.347137,0.132799,-1901.91748
0.349063,0.132789,-1902.685913
0.341413,0.128254,-1900.817383
0.33834,0.126908,-1903.439453
0.33834,0.126908,-1903.396729
0.33834,0.126908,-1902.809814
0.33834,0.126908,-1901.335693
0.33834,0.126908,-1908.285889
0.339208,0.12428,-1902.923584
0.342904,0.122758,-1898.144043
0.342904,0.122758,-1904.752319
0.342904,0.122758,-1901.458252
0.339356,0.122988,-1902.922119
0.340672,0.122095,-1907.922852
0.342612,0.12511,-1905.664062
0.342612,0.12511,-1903.21582
0.342612,0.12511,-1898.871826
0.340192,0.129328,-1900.793701
0.340192,0.129328,-1900.783447
0.339464,0.125237,-1903.330933
0.345249,0.127698,-1902.676147
0.348777,0.125209,-1902.465576
0.348777,0.125209,-1901.701782
0.349952,0.126214,-1903.448975
0.353843,0.128464,-1903.267334
0.354381,0.131765,-1903.951904
0.350499,0.132114,-1903.359131
0.352222,0.134264,-1904.362793
0.353459,0.136054,-1903.851562
0.353459,0.136054,-1903.383545
0.353459,0.136054,-1903.837402
0.353459,0.136054,-1901.035767
0.353459,0.136054,-1902.132568
0.353459,0.136054,-1902.750977
0.355096,0.133825,-1902.619141
0.355096,0.133825,-1903.986694
0.353661,0.137686,-1903.373779
0.355166,0.136931,-1904.441895
0.354255,0.140066,-1903.860352
0.354847,0.138394,-1905.03418
0.35811,0.139815,-1906.546143
0.359707,0.139498,-1904.319092
0.360214,0.144479,-1905.180664
0.364974,0.146063,-1907.885498
0.364881,0.146513,-1907.875488
0.363267,0.142805,-1906.675415
0.365526,0.140707,-1906.267822
0.366577,0.141198,-1908.521973
0.367359,0.140979,-1907.2229
0.367359,0.140979,-1907.400146
0.367359,0.140979,-1908.767334
0.367359,0.140979,-1907.765625
0.369625,0.141468,-1909.269287
0.365817,0.147229,-1908.938599
0.358756,0.15002,-1906.951416
0.358756,0.15002,-1907.009766
0.358536,0.150202,-1905.988037
0.358536,0.150202,-1905.591797
0.35692,0.154571,-1905.937378
0.35692,0.154571,-1907.377808
0.354468,0.151506,-1904.220703
0.357019,0.146435,-1905.996704
0.357019,0.146435,-1904.241699
0.355743,0.153006,-1904.509888
0.35457,0.155813,-1905.238159
0.353922,0.150889,-1905.270142
0.350882,0.155288,-1904.402344
0.350882,0.155288,-1903.440674
0.347804,0.156674,-1903.039307
0.347804,0.156674,-1901.25769
0.351421,0.15742,-1904.519287
0.349971,0.155043,-1906.760498
0.346741,0.155854,-1903.265137
0.348303,0.157517,-1905.449341
0.345744,0.163852,-1904.218018
0.343835,0.169808,-1904.046875
0.342135,0.171105,-1908.870605
0.343581,0.170394,-1904.733643
0.345067,0.174732,-1910.695068
0.345067,0.174732,-1908.610596
0.343453,0.170749,-1909.923828
0.343453,0.170749,-1908.734131
0.346153,0.172397,-1908.321289
0.346153,0.172397,-1906.076294
0.344741,0.167814,-1907.334229
0.344741,0.167814,-1909.401245
0.344741,0.167814,-1908.088379
0.34714,0.16602,-1905.233887
0.347216,0.167074,-1908.262939
0.347216,0.167074,-1905.159912
0.347983,0.160834,-1903.510376
0.347369,0.160916,-1903.440308
0.350259,0.162185,-1904.974854
0.347284,0.162739,-1907.907227
0.344247,0.158222,-1905.654297
0.346451,0.158713,-1901.909302
0.346451,0.158713,-1905.499756
0.345387,0.162495,-1908.978882
0.345387,0.162495,-1903.649414
0.345387,0.162495,-1905.825928
0.345387,0.162495,-1903.976807
0.345387,0.162495,-1905.633057
0.345387,0.162495,-1903.246216
0.345387,0.162495,-1907.026123
0.347299,0.155324,-1904.912476
0.347299,0.155324,-1901.59082
0.347299,0.155324,-1902.966675
0.340867,0.154518,-1907.659912
0.340867,0.154518,-1903.140625
0.342143,0.152714,-1901.829834
0.340974,0.152936,-1902.573242
0.340974,0.152936,-1905.941772
0.341932,0.155984,-1904.727783
0.342082,0.155694,-1907.150146
0.342082,0.155694,-1901.786255
0.344182,0.161726,-1904.672119
0.340816,0.165885,-1903.838379
0.339237,0.163492,-1909.185425
0.339237,0.163492,-1906.802002
0.339759,0.158625,-1904.349609
0.339759,0.158625,-1914.534668
0.334508,0.157733,-1907.891846
0.337355,0.161057,-1900.360352
0.335945,0.161899,-1905.47583
0.334386,0.160342,-1904.526611
0.334386,0.160342,-1908.771484
0.334386,0.160342,-1902.096802
0.338187,0.161454,-1900.092285
0.338187,0.161454,-1912.296753
0.338187,0.161454,-1907.611816
0.340168,0.159711,-1906.414062
0.337796,0.161106,-1902.886841
0.337796,0.161106,-1903.582764
0.34082,0.161808,-1905.064209
0.34278,0.166891,-1905.202881
0.341826,0.165975,-1908.179443
0.340892,0.166485,-1913.048828
0.340892,0.166485,-1904.096802
0.340892,0.166485,-1910.771484
0.340892,0.166485,-1905.912354
0.344411,0.170365,-1905.106689
0.348249,0.167768,-1906.034424
0.346008,0.167138,-1905.251953
0.347169,0.170851,-1907.94458
0.348774,0.172919,-1908.476196
0.349252,0.17332,-1911.669556
0.35007,0.171264,-1908.140381
0.348696,0.172156,-1908.419434
0.348448,0.173826,-1907.710205
0.349432,0.17576,-1909.630859
0.35227,0.176355,-1911.117676
0.35227,0.176355,-1910.977295
0.35227,0.176355,-1909.807129
0.352782,0.172822,-1908.847656
0.352661,0.168347,-1908.741211
0.346701,0.168436,-1905.354736
0.346701,0.168436,-1907.245605
0.343601,0.17039,-1911.841309
0.343743,0.17237,-1909.229492
0.341687,0.168384,-1903.516357
0.340317,0.156799,-1904.708984
0.338204,0.158381,-1905.701416
0.338204,0.158381,-1904.746826
0.338204,0.158381,-1910.29541
0.338204,0.158381,-1911.268677
0.336553,0.158805,-1899.815918
0.338729,0.159521,-1900.924438
0.33783,0.159563,-1905.484375
0.338822,0.157033,-1902.255371
0.338822,0.157033,-1909.052612
0.336468,0.16056,-1905.916992
0.336468,0.16056,-1905.687744
0.336468,0.16056,-1908.754272
0.34085,0.15875,-1906.311035
0.338381,0.156207,-1905.036865
0.337471,0.148289,-1906.706787
0.33783,0.142266,-1910.209961
0.336764,0.147128,-1913.552734
0.334107,0.148318,-1913.039307
0.328545,0.146883,-1902.026367
0.332238,0.1465,-1908.374268
0.331311,0.147473,-1909.549683
0.331311,0.147473,-1898.547607
0.335197,0.146521,-1905.324585
0.335197,0.146521,-1909.893555
0.335197,0.146521,-1910.750977
0.335247,0.144384,-1913.257812
0.335247,0.144384,-1901.780273
0.335247,0.144384,-1905.467285
0.335188,0.14383,-1911.198975
0.335379,0.147189,-1903.832642
0.334482,0.150982,-1911.304932
0.338472,0.14745,-1900.916504
0.338472,0.14745,-1910.849731
0.342936,0.143699,-1900.725708
0.340831,0.141188,-1901.913574
0.340831,0.141188,-1897.877686
0.343213,0.142289,-1903.870239
0.343213,0.142289,-1900.606445
0.343213,0.142289,-1900.832275
0.344285,0.144652,-1898.968506
0.344285,0.144652,-1900.421021
0.349612,0.141491,-1903.265625
0.346541,0.143747,-1902.658203
0.346541,0.143747,-1904.375244
0.347194,0.14408,-1900.806641
0.34428,0.145333,-1900.789917
0.34644,0.144673,-1906.536499
0.346567,0.146331,-1900.885376
0.346567,0.146331,-1899.339233
0.343097,0.148966,-1902.585693
0.343097,0.148966,-1899.443359
0.343097,0.148966,-1900.231323
0.343097,0.148966,-1905.478027
0.341044,0.148275,-1901.848145
0.338522,0.146259,-1902.233765
0.338522,0.146259,-1899.563599
0.338522,0.146259,-1904.707886
0.342094,0.146246,-1900.828979
0.342094,0.146246,-1905.734619
0.341767,0.144292,-1902.567139
0.341767,0.144292,-1905.185791
0.341767,0.144292,-1904.245728
0.341767,0.144292,-1904.897827
0.341767,0.144292,-1899.617676
0.343157,0.14508,-1902.185181
0.341173,0.144878,-1901.864502
0.342557,0.145116,-1899.558228
0.34241,0.145489,-1905.351074
0.34241,0.145489,-1902.628662
0.34241,0.145489,-1904.250488
0.34241,0.145489,-1901.749512
0.343896,0.143031,-1901.068115
0.344046,0.144445,-1902.202393
0.344841,0.139476,-1905.018799
0.342289,0.140777,-1899.030273
0.342289,0.140777,-1902.667236
0.343279,0.141637,-1902.407349
0.343279,0.141637,-1899.458374
0.342525,0.14478,-1902.452393
0.342525,0.14478,-1898.659424
0.342525,0.14478,-1900.808838
0.341607,0.14638,-1903.44165
0.343911,0.147582,-1904.879395
0.34108,0.149584,-1899.415283
0.337697,0.152778,-1908.45752
0.337697,0.152778,-1907.859009
0.337697,0.152778,-1903.625488
0.338055,0.15449,-1912.260254
0.340677,0.156233,-1900.466797
0.338626,0.159178,-1907.852051
0.337183,0.160255,-1907.93457
0.337183,0.160255,-1905.337402
0.337183,0.160255,-1912.403076
0.337183,0.160255,-1904.108643
0.337183,0.160255,-1902.104126
0.337183,0.160255,-1909.222168
0.334013,0.161849,-1910.912231
0.334094,0.163025,-1910.562988
0.334094,0.163025,-1903.125
0.333993,0.162091,-1912.380371
0.333141,0.165541,-1909.183228
0.333141,0.165541,-1911.315796
0.333141,0.165541,-1910.428589
0.333141,0.165541,-1915.817871
0.333141,0.165541,-1904.832031
0.333141,0.165541,-1904.525757
0.334267,0.164385,-1912.114014
0.334633,0.162651,-1908.200562
0.332921,0.164782,-1909.426025
0.334941,0.167543,-1911.367188
0.340413,0.166462,-1910.678467
0.344933,0.168907,-1909.529785
0.344933,0.168907,-1907.274658
0.344575,0.171003,-1909.058228
0.345192,0.170948,-1905.248535
0.344447,0.174949,-1911.585815
0.346995,0.173107,-1907.742676
0.346995,0.173107,-1906.645508
0.342296,0.171888,-1908.689209
0.345523,0.171916,-1914.1604
0.343681,0.173131,-1905.631836
0.343681,0.173131,-1907.441406
0.344818,0.169904,-1907.230347
0.344818,0.169904,-1905.79248
0.344818,0.169904,-1904.343506
0.345263,0.169687,-1905.95752
0.345263,0.169687,-1904.983643
0.344839,0.168604,-1904.289185
0.348097,0.167915,-1904.272583
0.349645,0.171484,-1907.155029
0.353737,0.175475,-1911.048462
0.353737,0.175475,-1909.065918
0.353737,0.175475,-1909.370605
0.353737,0.175475,-1909.865234
0.355476,0.176037,-1911.892212
0.359803,0.177005,-1913.042725
0.358544,0.173611,-1910.619141
0.357043,0.174415,-1910.743896
0.356288,0.179462,-1912.016846
0.356288,0.179462,-1912.438721
0.361002,0.179374,-1912.592896
0.358362,0.176741,-1913.478516
0.358362,0.176741,-1910.93457
0.361303,0.175295,-1913.43042
0.361303,0.175295,-1914.030151
0.362074,0.172203,-1912.341675
0.362074,0.172203,-1913.083984
0.36357,0.170163,-1912.233887
0.36127,0.166384,-1911.671631
0.362919,0.164304,-1910.781494
0.362919,0.164304,-1910.423584
0.361512,0.162875,-1910.109619
0.363485,0.161987,-1908.834717
0.361542,0.165586,-1910.554688
0.36083,0.159274,-1907.608398
0.362416,0.160155,-1909.49292
0.360871,0.166446,-1910.284668
0.360871,0.166446,-1910.705078
0.358198,0.16532,-1908.954346
0.360393,0.161999,-1908.726807
0.360393,0.161999,-1909.028564
0.360126,0.159134,-1909.706543
0.362492,0.155392,-1908.250488
0.36249,0.156503,-1909.203857
0.359972,0.156349,-1907.237427
0.35963,0.156278,-1907.524902
0.358164,0.157645,-1906.612793
0.360147,0.155596,-1908.72168
0.360835,0.152439,-1907.281616
0.362425,0.148073,-1907.929565
0.361809,0.15212,-1908.516968
0.359041,0.153992,-1906.295654
0.364445,0.151208,-1908.372559
0.364083,0.152964,-1907.689575
0.361139,0.150541,-1907.861328
0.361139,0.150541,-1907.480713
0.364248,0.153739,-1907.933716
0.367042,0.152108,-1909.974609
0.365525,0.150975,-1910.204834
0.363878,0.148113,-1908.649536
0.363795,0.150397,-1908.043335
0.360832,0.151776,-1908.923584
0.359588,0.150975,-1906.665771
0.359588,0.150975,-1905.990112
0.357206,0.149092,-1905.504395
0.353987,0.14927,-1905.449219
0.355169,0.151941,-1903.974365
0.35757,0.150684,-1907.001465
0.360061,0.152862,-1906.841431
0.359764,0.154579,-1907.323364
0.359764,0.154579,-1906.816895
0.356291,0.153383,-1908.61438
0.356291,0.153383,-1906.607178
0.357146,0.149509,-1905.179565
0.355713,0.14739,-1904.178223
0.355713,0.14739,-1903.953369
0.355713,0.14739,-1906.159424
0.355713,0.14739,-1904.66333
0.355764,0.141929,-1903.963501
0.355764,0.141929,-1904.185425
0.355764,0.141929,-1904.508057
0.35574,0.137497,-1904.476562
0.355144,0.133553,-1904.150635
0.355144,0.133553,-1905.477295
0.356166,0.133267,-1903.606934
0.356166,0.133267,-1903.966431
0.356166,0.133267,-1905.440918
0.356667,0.127965,-1904.075439
0.356667,0.127965,-1904.364624
0.353834,0.130698,-1904.620972
0.356831,0.136588,-1903.898926
0.358215,0.134305,-1905.016113
0.358781,0.138704,-1904.868408
0.361433,0.140328,-1905.370361
0.362226,0.141101,-1907.381836
0.362226,0.141101,-1906.771606
0.361836,0.1415,-1906.088623
0.361737,0.145524,-1907.057861
0.362477,0.146522,-1907.163818
0.362477,0.146522,-1907.509277
0.360117,0.146241,-1905.250977
0.358767,0.1473,-1906.363037
0.358767,0.1473,-1905.65564
0.355326,0.148802,-1904.108154
0.355555,0.147298,-1905.102783
0.35353,0.14661,-1904.179443
0.35353,0.14661,-1904.189209
0.350498,0.144968,-1901.703247
0.353362,0.140898,-1903.332031
0.351924,0.13652,-1903.22168
0.351653,0.138387,-1903.120605
0.350083,0.137805,-1902.560791
0.350083,0.137805,-1900.837646
0.349145,0.14166,-1901.599121
0.349925,0.142562,-1903.399902
0.349094,0.144953,-1902.404419
0.349094,0.144953,-1903.212402
0.352634,0.147292,-1903.531494
0.352634,0.147292,-1902.872314
0.351799,0.151111,-1903.5271
0.347763,0.152367,-1904.62915
0.347763,0.152367,-1902.618042
0.347204,0.150585,-1905.489502
0.34407,0.150666,-1905.923584
0.344149,0.155046,-1900.972168
0.344493,0.14924,-1900.632324
0.345079,0.147801,-1900.546631
0.342973,0.147764,-1907.790283
0.340114,0.142361,-1901.892578
0.340114,0.142361,-1901.636719
0.343971,0.137709,-1899.121338
0.343971,0.137709,-1900.4552
0.343971,0.137709,-1902.598511
0.343971,0.137709,-1901.44751
0.345646,0.142216,-1902.217285
0.34883,0.14187,-1905.539551
0.351297,0.136691,-1902.210205
0.351564,0.134792,-1903.387573
0.352644,0.136635,-1903.407715
0.356076,0.137046,-1903.143555
0.35869,0.134592,-1905.447998
0.35869,0.134592,-1904.52417
0.358535,0.134561,-1904.52771
0.358535,0.134561,-1904.664917
0.354915,0.132412,-1904.211182
0.356924,0.132325,-1902.723022
0.358924,0.128096,-1905.918091
0.356347,0.128565,-1906.707764
0.355147,0.12594,-1904.527344
0.358016,0.123983,-1904.71106
0.361507,0.121067,-1906.724121
0.364382,0.120771,-1908.526489
0.363046,0.121928,-1907.042358
0.364531,0.126737,-1908.875122
0.36244,0.124163,-1908.025635
0.36244,0.124163,-1906.047729
0.36244,0.124163,-1904.765381
0.36244,0.124163,-1906.852905
0.364667,0.121267,-1908.329468
0.362784,0.117185,-1907.03186
0.364374,0.117269,-1907.071899
0.359827,0.120545,-1906.691406
0.358825,0.121362,-1907.106934
0.358003,0.12131,-1904.936523
0.357104,0.120808,-1905.928711
0.358334,0.120921,-1905.551025
0.358334,0.120921,-1903.936157
0.356784,0.123434,-1905.099854
0.356784,0.123434,-1903.779053
0.360167,0.119787,-1905.648682
0.360167,0.119787,-1907.325439
0.360167,0.119787,-1906.222412
0.361822,0.123531,-1906.575562
0.36076,0.122373,-1904.717041
0.36076,0.122373,-1905.877197
0.363081,0.122394,-1906.204956
0.361437,0.119199,-1905.848389
0.361267,0.12131,-1907.228516
0.360056,0.121563,-1906.645996
0.360056,0.121563,-1904.925903
0.358859,0.125223,-1904.901001
0.359685,0.132972,-1907.271484
0.357855,0.134323,-1904.219849
0.358526,0.136496,-1905.205078
0.358416,0.130395,-1903.710693
0.356281,0.129658,-1907.112915
0.357149,0.127691,-1903.447754
0.355166,0.12872,-1903.783569
0.35475,0.124349,-1904.083252
0.354996,0.12425,-1906.029053
0.354375,0.130751,-1904.776367
0.354375,0.130751,-1902.865967
0.356634,0.132649,-1904.084961
0.355694,0.137092,-1903.690186
0.359118,0.137788,-1903.53125
0.357112,0.137483,-1904.737183
0.355503,0.133899,-1903.102173
0.355503,0.133899,-1903.320557
0.35544,0.138451,-1905.576538
0.354361,0.137708,-1903.897461
0.352891,0.138291,-1903.351318
0.351218,0.139033,-1901.995972
0.350184,0.136321,-1903.585815
0.350521,0.136867,-1902.460693
0.348063,0.136104,-1902.912964
0.346186,0.140348,-1903.215576
0.34481,0.138701,-1902.285278
0.34481,0.138701,-1899.693359
0.34481,0.138701,-1901.835327
0.340465,0.137105,-1903.910156
0.3456,0.136223,-1900.376099
0.34393,0.128313,-1898.866699
0.344628,0.123377,-1904.85791
0.345674,0.12074,-1902.31897
0.343973,0.12129,-1900.508789
0.348431,0.12261,-1902.911133
0.344811,0.123797,-1901.396973
0.345238,0.127394,-1901.991699
0.344729,0.125794,-1905.832031
0.343998,0.12385,-1900.708252
0.34088,0.126794,-1899.614746
0.343231,0.127153,-1899.018555
0.348153,0.128731,-1902.197876
0.350063,0.133366,-1901.210938
0.350858,0.139353,-1904.438721
0.351054,0.139702,-1902.163086
0.352293,0.134865,-1902.52124
0.35359,0.130661,-1903.845825
0.35359,0.130661,-1901.447876
0.358035,0.128745,-1906.221069
0.359088,0.128674,-1904.584961
0.355616,0.127676,-1903.199829
0.355616,0.127676,-1904.419189
0.357521,0.130324,-1903.266113
0.360629,0.129696,-1905.503418
0.360629,0.129696,-1907.049805
0.360403,0.125614,-1905.838135
0.360403,0.125614,-1905.216553
0.361532,0.124331,-1904.895752
0.361532,0.124331,-1905.944214
0.364748,0.126402,-1907.499268
0.366848,0.124089,-1906.168701
0.366848,0.124089,-1909.003296
0.368986,0.119575,-1910.945435
0.368803,0.117754,-1909.639648
0.368603,0.115321,-1909.548218
0.368603,0.115321,-1910.827759
0.368603,0.115321,-1909.114014
0.368603,0.115321,-1909.93457
0.371809,0.116063,-1910.409912
0.371809,0.116063,-1911.05249
0.369068,0.11841,-1909.980713
0.369448,0.12056,-1908.866821
0.368118,0.118164,-1909.136475
0.368118,0.118164,-1909.034302
0.368118,0.118164,-1908.586426
0.364444,0.114045,-1908.457764
0.364499,0.108211,-1910.581787
0.361147,0.10985,-1908.041382
0.361147,0.10985,-1907.77832
0.358013,0.112922,-1905.343262
0.357933,0.116808,-1906.186035
0.354552,0.114896,-1905.371338
0.354552,0.114896,-1903.612427
0.352661,0.113099,-1904.28772
0.352661,0.113099,-1905.797852
0.352661,0.113099,-1904.337036
0.353621,0.118358,-1903.572754
0.353621,0.118358,-1904.30835
0.356626,0.120218,-1905.466553
0.358961,0.117944,-1905.774902
0.360385,0.117337,-1905.931519
0.357373,0.114318,-1907.127197
0.357373,0.114318,-1905.585693
0.357373,0.114318,-1906.227905
0.357476,0.117454,-1906.230957
0.357476,0.117454,-1905.623291
0.357476,0.117454,-1905.903076
0.357476,0.117454,-1906.422607
0.359272,0.120284,-1905.21582
0.357804,0.11785,-1905.701904
0.354826,0.119521,-1903.760986
0.351987,0.120611,-1902.264282
0.351359,0.119381,-1904.512939
0.354049,0.120093,-1904.89917
0.352262,0.121806,-1905.845703
0.353403,0.119266,-1904.731201
0.353403,0.119266,-1902.956543
0.35047,0.117998,-1902.989014
0.35047,0.117998,-1903.935791
0.35047,0.117998,-1904.198486
0.352744,0.113332,-1905.035034
0.351743,0.113482,-1904.46106
0.348237,0.116283,-1904.13623
0.348983,0.117926,-1901.251953
0.348983,0.117926,-1904.359985
0.348883,0.117313,-1902.668213
0.345115,0.119878,-1899.712402
0.348871,0.125832,-1901.989624
0.348467,0.125836,-1900.707031
0.350051,0.126786,-1902.264648
0.349417,0.128169,-1902.659912
0.349417,0.128169,-1901.560791
0.352768,0.129568,-1903.209229
0.350104,0.130014,-1901.939087
0.349003,0.127345,-1902.030273
0.349003,0.127345,-1902.893555
0.349003,0.127345,-1903.309692
0.346194,0.127918,-1905.593018
0.346194,0.127918,-1902.79187
0.346194,0.127918,-1901.736572
0.348835,0.131835,-1901.773926
0.348835,0.131835,-1901.196411
0.349795,0.132323,-1900.516602
0.351742,0.130158,-1904.020142
0.358116,0.131886,-1904.67041
0.358116,0.131886,-1904.030518
0.359829,0.133926,-1905.938965
0.36326,0.134449,-1906.680664
0.368203,0.134603,-1908.803467
0.369275,0.141577,-1909.822754
0.372745,0.142372,-1909.680786
0.375376,0.145284,-1910.860596
0.375376,0.145284,-1910.732788
0.375376,0.145284,-1911.947144
0.375376,0.145284,-1912.560059
0.375376,0.145284,-1911.118652
0.373647,0.14467,-1911.732056
0.373647,0.14467,-1912.090942
0.373647,0.14467,-1911.678223
0.377658,0.145845,-1912.043823
0.377243,0.144455,-1912.286377
0.377243,0.144455,-1913.724731
0.372433,0.141783,-1910.464722
0.371307,0.136481,-1910.723633
0.369932,0.136061,-1909.753662
0.371709,0.131566,-1909.125122
0.370419,0.132739,-1909.64209
0.370099,0.134789,-1910.149536
0.375164,0.140684,-1910.052002
0.375164,0.140684,-1910.778564
0.375164,0.140684,-1912.219116
0.375164,0.140684,-1912.06665
0.375164,0.140684,-1911.810791
0.375164,0.140684,-1910.877075
0.378331,0.140428,-1911.92688
0.378331,0.140428,-1912.911621
0.374743,0.138663,-1909.584595
0.374743,0.138663,-1913.017334
0.374743,0.138663,-1911.273804
0.376086,0.13439,-1911.164307
0.37385,0.133047,-1912.026855
0.37385,0.133047,-1911.28186
0.369558,0.129293,-1908.393188
0.364559,0.135426,-1906.823853
0.364267,0.136976,-1907.461914
0.361592,0.13767,-1906.21106
0.361592,0.13767,-1905.299316
0.360359,0.144987,-1906.511475
0.365008,0.143729,-1907.5354
0.363435,0.144377,-1907.638672
0.363435,0.144377,-1907.088623
0.362313,0.14762,-1907.560059
0.359683,0.149017,-1907.141602
0.359683,0.149017,-1905.378906
0.359946,0.152538,-1908.355469
0.359946,0.152538,-1907.873535
0.359313,0.155409,-1907.00708
0.358607,0.153386,-1907.463867
0.355355,0.155029,-1905.038574
0.355077,0.155745,-1905.985718
0.350776,0.157505,-1905.795044
0.352441,0.158142,-1906.77832
0.352091,0.158312,-1905.467773
0.352091,0.158312,-1905.80481
0.34926,0.156333,-1904.155273
0.352621,0.158107,-1904.224243
0.352621,0.158107,-1905.572632
0.350955,0.159466,-1905.235352
0.35359,0.164163,-1905.822754
0.356468,0.161201,-1907.787598
0.355364,0.161379,-1907.198608
0.355364,0.161379,-1908.807983
0.355364,0.161379,-1906.07605
0.360631,0.161332,-1909.172241
0.359775,0.157064,-1908.765747
0.359314,0.155043,-1907.891113
0.359768,0.155477,-1907.907959
0.361628,0.152682,-1908.822632
0.360238,0.151184,-1907.257812
0.360238,0.151184,-1907.395752
0.360238,0.151184,-1907.202759
0.363,0.151927,-1908.106689
0.363225,0.153434,-1909.790161
0.363225,0.153434,-1907.124268
0.363225,0.153434,-1908.711548
0.363225,0.153434,-1906.983154
0.363225,0.153434,-1908.741455
0.363225,0.153434,-1907.24646
0.359549,0.154281,-1906.650146
0.359549,0.154281,-1907.17981
0.360282,0.158167,-1907.286377
0.360282,0.158167,-1908.315063
0.360282,0.158167,-1909.513184
0.361998,0.15984,-1908.232544
0.356588,0.158742,-1906.004883
0.35771,0.157412,-1907.711914
0.355619,0.15596,-1906.786987
0.355619,0.15596,-1905.470459
0.355619,0.15596,-1906.386719
0.354888,0.157096,-1906.568115
0.354888,0.157096,-1906.029541
0.354613,0.154505,-1906.310059
0.354613,0.154505,-1905.228394
0.354994,0.150559,-1904.698364
0.355569,0.158356,-1906.376953
0.353084,0.154561,-1905.435181
0.355061,0.157762,-1904.957031
0.355061,0.157762,-1905.454712
0.356022,0.159467,-1907.70166
0.357012,0.159761,-1908.428955
0.355046,0.162331,-1906.44873
0.35717,0.158584,-1908.258057
0.35717,0.158584,-1906.496582
0.356949,0.16031,-1907.206299
0.357221,0.166512,-1907.912231
0.360554,0.169912,-1910.886719
0.361431,0.167811,-1911.174927
0.358229,0.169632,-1909.29834
0.355784,0.170151,-1910.380127
0.357959,0.165205,-1908.883667
0.354984,0.16438,-1907.607666
0.352472,0.162298,-1907.634766
0.352472,0.162298,-1907.233154
0.354018,0.159398,-1908.220215
0.354018,0.159398,-1905.629028
0.349066,0.159205,-1903.716187
0.349066,0.159205,-1903.447388
0.349066,0.159205,-1903.936157
0.34447,0.158025,-1907.280518
0.348634,0.154712,-1903.768555
0.350385,0.155365,-1905.124634
0.350385,0.155365,-1905.245117
0.349933,0.157762,-1903.825073
0.34981,0.155407,-1905.601807
0.348481,0.156688,-1902.512695
0.348481,0.156688,-1904.500244
0.348542,0.154622,-1903.618286
0.348454,0.153516,-1903.199219
0.344257,0.154781,-1902.152222
0.344257,0.154781,-1901.602539
0.345495,0.156637,-1901.991211
0.341743,0.157768,-1902.807373
0.340813,0.162348,-1908.189819
0.336795,0.158541,-1911.569214
0.341192,0.150679,-1907.838867
0.339791,0.150544,-1898.422852
0.337552,0.155084,-1907.595703
0.333374,0.154889,-1908.004272
0.333374,0.154889,-1911.765991
0.334784,0.151287,-1914.194824
0.334784,0.151287,-1907.022461
0.339954,0.15446,-1907.285156
0.339954,0.15446,-1902.943237
0.339954,0.15446,-1902.022705
0.339954,0.15446,-1906.029785
0.339954,0.15446,-1901.786011
0.339954,0.15446,-1907.10144
0.339954,0.15446,-1906.895874
0.339954,0.15446,-1904.380371
0.339954,0.15446,-1903.829224
0.339954,0.15446,-1906.707397
0.339954,0.15446,-1901.562378
0.341307,0.155782,-1913.235718
0.342108,0.152857,-1905.78125
0.335158,0.152056,-1910.141479
0.335158,0.152056,-1906.502075
0.335158,0.152056,-1905.148682
0.337517,0.149484,-1904.619385
0.337517,0.149484,-1903.167969
0.337517,0.149484,-1910.113403
0.337517,0.149484,-1904.415894
0.337567,0.149934,-1908.412842
0.337406,0.149206,-1897.083496
0.342336,0.149341,-1907.355225
0.342336,0.149341,-1899.186157
0.340985,0.15248,-1903.748779
0.340985,0.15248,-1906.117188
0.341717,0.147527,-1900.597656
0.344575,0.155937,-1902.633301
0.344575,0.155937,-1905.864014
0.344575,0.155937,-1901.53125
0.341854,0.159213,-1901.645386
0.346004,0.159074,-1902.134766
0.346004,0.159074,-1908.559204
0.346004,0.159074,-1907.544434
0.347022,0.155264,-1905.310303
0.347889,0.157285,-1905.142578
0.347889,0.157285,-1903.747559
0.347889,0.157285,-1904.19458
0.348912,0.155675,-1902.794678
0.346513,0.153893,-1900.6073
0.346513,0.153893,-1904.068115
0.351492,0.15597,-1904.639648
0.351492,0.15597,-1904.83252
0.351492,0.15597,-1904.05127
0.351838,0.160925,-1905.51123
0.348296,0.158849,-1904.897949
0.348296,0.158849,-1906.703125
0.348293,0.155093,-1904.575562
0.348293,0.155093,-1903.584839
0.350338,0.157989,-1904.955444
0.349054,0.162186,-1905.429688
0.349054,0.162186,-1905.307617
0.349054,0.162186,-1905.115479
0.349883,0.162074,-1908.163086
0.351779,0.161872,-1907.532959
0.352381,0.161015,-1905.494629
0.352381,0.161015,-1905.483398
0.350354,0.163142,-1907.616699
0.350942,0.163467,-1906.314087
0.352468,0.164635,-1909.213379
0.352468,0.164635,-1907.039062
0.352468,0.164635,-1907.001465
0.352468,0.164635,-1908.083984
0.352468,0.164635,-1907.76416
0.349093,0.166163,-1909.397339
0.353093,0.166267,-1908.451904
0.35397,0.165895,-1907.757446
0.3558,0.167771,-1908.134155
0.354281,0.164537,-1909.133057
0.357948,0.167596,-1909.361084
0.357864,0.161642,-1909.516235
0.361142,0.159537,-1908.333008
0.358341,0.155575,-1908.880615
0.358341,0.155575,-1906.748901
0.358341,0.155575,-1906.37915
0.358341,0.155575,-1906.861206
0.360964,0.15675,-1908.623657
0.362353,0.156517,-1909.361816
0.365609,0.153843,-1909.146729
0.365945,0.150887,-1908.71814
0.365945,0.150887,-1909.731445
0.364679,0.14966,-1907.507568
0.362143,0.147451,-1906.555176
0.360427,0.142309,-1906.667725
0.360427,0.142309,-1904.605713
0.36004,0.137444,-1905.60498
0.36004,0.137444,-1905.672607
0.357482,0.140113,-1905.795288
0.352951,0.141833,-1903.564941
0.348629,0.142327,-1904.610107
0.350145,0.14545,-1904.120483
0.347526,0.147349,-1901.487549
0.347526,0.147349,-1901.485596
0.345487,0.146182,-1901.900879
0.348772,0.1437,-1902.179077
0.348772,0.1437,-1902.015625
0.348772,0.1437,-1901.685303
0.353594,0.140984,-1903.301758
0.353594,0.140984,-1901.292969
0.353125,0.139172,-1902.754395
0.348886,0.137346,-1901.580444
0.349109,0.141455,-1900.67688
0.351379,0.144779,-1902.960083
0.349257,0.147975,-1902.159058
0.348741,0.148766,-1905.87793
0.347879,0.151761,-1902.921387
0.345167,0.15261,-1901.181396
0.343508,0.15,-1905.4104
0.343508,0.15,-1906.782227
0.343508,0.15,-1904.010498
0.341579,0.153357,-1910.833496
0.343874,0.156103,-1905.753052
0.340387,0.148903,-1901.053345
0.340387,0.148903,-1898.944458
0.340387,0.148903,-1906.596436
0.340387,0.148903,-1900.199951
0.345029,0.150678,-1903.529785
0.354064,0.15157,-1905.854858
0.354064,0.15157,-1904.774414
0.355889,0.151537,-1905.294922
0.353302,0.152923,-1908.474487
0.352582,0.158204,-1904.212402
0.352582,0.158204,-1903.876953
0.351386,0.158803,-1907.316895
0.351386,0.158803,-1905.806519
0.354062,0.154579,-1904.872437
0.355147,0.154639,-1906.140259
0.353671,0.152627,-1905.25708
0.355553,0.155521,-1903.905151
0.353951,0.148657,-1905.076904
0.355771,0.144142,-1904.893311
0.355026,0.142706,-1904.218872
0.355026,0.142706,-1901.87439
0.355026,0.142706,-1904.434814
0.355026,0.142706,-1904.56543
0.353054,0.141666,-1902.705566
0.352823,0.137241,-1904.498047
0.352068,0.136064,-1904.85376
0.353061,0.133738,-1903.055176
0.349346,0.130543,-1902.788818
0.350556,0.131089,-1901.272217
0.350556,0.131089,-1901.126953
0.350556,0.131089,-1903.084106
0.350556,0.131089,-1902.202759
0.350556,0.131089,-1903.035645
0.350556,0.131089,-1901.284668
0.350556,0.131089,-1901.350342
0.350556,0.131089,-1902.907471
0.350556,0.131089,-1903.121338
0.350556,0.131089,-1902.220947
0.349494,0.132332,-1905.472656
0.34089,0.132185,-1898.099854
0.338425,0.134867,-1899.999756
0.339285,0.136766,-1904.880005
0.336773,0.138695,-1911.096802
0.337888,0.130228,-1901.132812
0.342264,0.130766,-1904.289795
0.345292,0.130476,-1898.926514
0.344119,0.129737,-1898.729492
0.342839,0.129133,-1905.872559
0.341364,0.127462,-1906.245361
0.343709,0.124758,-1900.076294
0.343709,0.124758,-1901.44458
0.341325,0.118447,-1899.861084
0.341325,0.118447,-1903.7771
0.341325,0.118447,-1905.376831
0.341325,0.118447,-1899.903076
0.341325,0.118447,-1898.416992
0.340865,0.124218,-1904.513916
0.340865,0.124218,-1905.303711
0.340479,0.12393,-1898.793579
0.340215,0.123985,-1900.738403
0.337296,0.123427,-1905.494751
0.338236,0.124397,-1898.279297
0.338236,0.124397,-1903.173096
0.337547,0.127252,-1898.368042
0.337547,0.127252,-1902.361084
0.337547,0.127252,-1907.505615
0.337547,0.127252,-1901.429321
0.341432,0.125746,-1904.388428
0.33828,0.125476,-1901.236084
0.341326,0.12946,-1907.858276
0.341326,0.12946,-1896.84314
0.341326,0.12946,-1905.102905
0.341423,0.129412,-1901.348389
0.341423,0.129412,-1909.012451
0.341423,0.129412,-1897.637573
0.341783,0.131107,-1899.11853
0.341783,0.131107,-1900.227783
0.347699,0.130323,-1902.88916
0.343523,0.125589,-1899.578125
0.345451,0.126449,-1902.18103
0.345739,0.126413,-1900.443604
0.345739,0.126413,-1900.388184
0.345739,0.126413,-1902.541504
0.344738,0.123328,-1903.988281
0.341922,0.123306,-1900.096436
0.341922,0.123306,-1901.377686
0.341922,0.123306,-1902.490601
0.341922,0.123306,-1901.612305
0.343293,0.117727,-1900.386963
0.343293,0.117727,-1901.796387
0.343293,0.117727,-1901.573975
0.342403,0.118867,-1903.709717
0.342256,0.118158,-1900.809937
0.343817,0.110988,-1903.158447
0.35039,0.112898,-1904.008301
0.350912,0.110454,-1904.748291
0.350501,0.112326,-1904.084839
0.351107,0.113424,-1903.562134
0.349995,0.108403,-1905.838623
0.34838,0.105628,-1903.977051
0.34838,0.105628,-1905.707153
0.352199,0.106981,-1907.180664
0.353652,0.113432,-1904.998047
0.355228,0.109863,-1905.606812
0.355228,0.109863,-1907.738403
0.355228,0.109863,-1905.579102
0.355228,0.109863,-1908.330078
0.353815,0.110126,-1905.610107
0.357256,0.110461,-1906.932007
0.357291,0.109868,-1908.28833
0.363172,0.117863,-1907.373169
0.361605,0.116958,-1908.039795
0.359348,0.115529,-1907.411743
0.359763,0.11854,-1906.166992
0.359763,0.11854,-1905.084351
0.359763,0.11854,-1907.362549
0.359763,0.11854,-1905.139648
0.359763,0.11854,-1905.602905
0.359301,0.119825,-1905.898193
0.36045,0.125244,-1905.771362
0.359512,0.120833,-1907.226318
0.359512,0.120833,-1904.87207
0.359512,0.120833,-1905.595947
0.356648,0.1186,-1904.415405
0.356648,0.1186,-1905.011597
0.354068,0.120892,-1905.175537
0.354068,0.120892,-1902.808594
0.354068,0.120892,-1904.160522
0.351379,0.121258,-1902.581055
0.347952,0.117961,-1900.918701
0.346626,0.120428,-1902.30835
0.346626,0.120428,-1900.220581
0.349471,0.123004,-1901.491577
0.349471,0.123004,-1902.168579
0.349471,0.123004,-1903.457153
0.350097,0.118219,-1902.11731
0.350097,0.118219,-1906.378174
0.3507,0.116617,-1903.802246
0.3507,0.116617,-1903.014648
0.349142,0.114988,-1904.763672
0.35133,0.114657,-1903.09375
0.35133,0.114657,-1904.597168
0.348323,0.118354,-1904.152588
0.344438,0.119626,-1902.726685
0.344438,0.119626,-1902.8396
0.345793,0.121407,-1901.905396
0.345793,0.121407,-1900.644531
0.34736,0.127555,-1901.290405
0.34736,0.127555,-1901.703247
0.346989,0.126348,-1900.802856
0.349877,0.12897,-1900.221436
0.349877,0.12897,-1902.758911
0.351672,0.125599,-1903.811035
0.351049,0.125182,-1903.150269
0.351049,0.125182,-1901.791382
0.349246,0.12333,-1901.942505
0.350508,0.125043,-1903.570923
0.350508,0.125043,-1903.123657
0.350508,0.125043,-1903.561523
0.352665,0.123515,-1903.663452
0.352665,0.123515,-1903.4646
0.352665,0.123515,-1905.779053
0.352842,0.120889,-1904.510498
0.354272,0.126176,-1903.078369
0.353392,0.128905,-1902.444336
0.353392,0.128905,-1902.281982
0.354061,0.132354,-1904.453613
0.354061,0.132354,-1904.601807
0.351238,0.130077,-1901.015869
0.351238,0.130077,-1902.944702
0.351238,0.130077,-1902.614502
0.351238,0.130077,-1902.766113
0.350315,0.130543,-1902.567871
0.349405,0.128207,-1901.922852
0.349405,0.128207,-1902.259766
0.352004,0.127223,-1902.907471
0.352004,0.127223,-1902.487793
0.351541,0.128834,-1901.472412
0.351541,0.128834,-1902.09375
0.34861,0.138062,-1902.41272
0.34861,0.138062,-1904.927002
0.34861,0.138062,-1903.061401
0.348411,0.137921,-1903.411865
0.346939,0.138681,-1904.355225
0.346939,0.138681,-1899.938354
0.348326,0.136801,-1900.863647
0.348326,0.136801,-1901.754761
0.348326,0.136801,-1902.012939
0.348326,0.136801,-1902.306152
0.348326,0.136801,-1901.267944
0.350657,0.139773,-1902.133667
0.351882,0.141801,-1903.109863
0.350051,0.141021,-1902.566284
0.350051,0.141021,-1901.491211
0.348566,0.136924,-1900.234863
0.348566,0.136924,-1904.021973
0.348566,0.136924,-1902.188232
0.351186,0.135506,-1903.126221
0.351186,0.135506,-1902.807373
0.351186,0.135506,-1901.185913
0.351186,0.135506,-1900.436523
0.353203,0.130379,-1902.703003
0.353466,0.127078,-1903.716553
0.353466,0.127078,-1904.121582
0.359084,0.130921,-1904.658691
0.359084,0.130921,-1904.484131
0.363326,0.132437,-1905.74646
0.363326,0.132437,-1906.369629
0.362467,0.135967,-1906.845947
0.359403,0.13656,-1905.107178
0.362538,0.141354,-1906.742188
0.359261,0.14366,-1905.997314
0.356838,0.148641,-1905.808472
0.356039,0.150279,-1908.085083
0.352925,0.151926,-1904.571655
0.353208,0.15425,-1903.997314
0.353757,0.1549,-1905.790283
0.357033,0.157825,-1905.93335
0.357033,0.157825,-1907.625732
0.357033,0.157825,-1906.48877
0.358126,0.158477,-1907.222656
0.357924,0.158872,-1907.402344
0.357924,0.158872,-1907.72229
0.355253,0.155623,-1906.077148
0.354699,0.155922,-1905.640381
0.352336,0.155759,-1905.890137
0.352336,0.155759,-1904.753906
0.352336,0.155759,-1904.932617
0.352123,0.152897,-1905.015259
0.349691,0.151484,-1902.867432
0.350337,0.149027,-1903.396362
0.350337,0.149027,-1903.791138
0.350337,0.149027,-1903.887451
0.349237,0.146755,-1901.331787
0.350918,0.152387,-1904.062622
0.352761,0.146869,-1904.409912
0.350168,0.144742,-1903.477783
0.35022,0.145466,-1901.529419
0.35022,0.145466,-1903.46814
0.349506,0.138621,-1903.437622
0.351206,0.138951,-1903.112305
0.351206,0.138951,-1904.782471
0.351206,0.138951,-1903.513184
0.347839,0.141474,-1903.249878
0.348603,0.142943,-1903.459839
0.348213,0.142613,-1900.988159
0.342179,0.140849,-1898.89502
0.342179,0.140849,-1897.512451
0.342179,0.140849,-1906.273438
0.342179,0.140849,-1899.778564
0.342179,0.140849,-1902.174561
0.343503,0.138737,-1899.985596
0.343261,0.137187,-1901.341064
0.343261,0.137187,-1901.520752
0.343261,0.137187,-1902.014526
0.343259,0.134393,-1898.536865
0.343259,0.134393,-1898.525635
0.342219,0.134337,-1899.372559
0.345524,0.13568,-1902.85083
0.345198,0.135903,-1901.003906
0.347573,0.130667,-1900.957642
0.347573,0.130667,-1903.727051
0.346504,0.133318,-1902.735962
0.349577,0.133025,-1900.07251
0.349577,0.133025,-1901.800781
0.350121,0.13659,-1903.628174
0.346868,0.139809,-1900.54541
0.347208,0.138109,-1899.41748
0.342564,0.135509,-1902.498291
0.343412,0.134165,-1904.410889
0.341148,0.134356,-1900.521729
0.341148,0.134356,-1906.770142
0.341148,0.134356,-1903.746826
0.341148,0.134356,-1903.101074
0.340208,0.135511,-1902.446411
0.34285,0.135479,-1902.53125
0.34285,0.135479,-1899.94873
0.34285,0.135479,-1903.666016
0.343233,0.131851,-1906.377197
0.342406,0.127663,-1898.892578
0.342406,0.127663,-1900.700195
0.345271,0.129373,-1903.494141
0.345271,0.129373,-1899.901245
0.349818,0.134862,-1903.229004
0.349818,0.134862,-1901.528076
0.347711,0.13494,-1901.720215
0.350207,0.132237,-1902.506592
0.350207,0.132237,-1902.443359
0.352104,0.132581,-1903.836914
0.350239,0.134044,-1902.925415
0.350556,0.133971,-1902.36499
0.352334,0.13196,-1901.693726
0.352334,0.13196,-1903.772461
0.35484,0.134091,-1903.375854
0.353934,0.137686,-1902.662231
0.353934,0.137686,-1903.148438
0.356762,0.139413,-1905.209717
0.356762,0.139413,-1904.32251
0.356588,0.142431,-1903.921753
0.351006,0.147787,-1902.922729
0.351006,0.147787,-1903.440796
0.34932,0.153129,-1904.580566
0.35152,0.15468,-1904.163086
0.35152,0.15468,-1905.302734
0.35152,0.15468,-1904.356689
0.351417,0.152578,-1903.975952
0.353638,0.152593,-1903.750854
0.352116,0.157053,-1905.308105
0.353455,0.153815,-1904.638916
0.352108,0.158148,-1906.706177
0.35132,0.157662,-1904.469727
0.35132,0.157662,-1904.589722
0.35132,0.157662,-1905.699463
0.35132,0.157662,-1903.658569
0.35132,0.157662,-1906.20752
0.35132,0.157662,-1906.514893
0.354874,0.161873,-1906.418701
0.355053,0.164041,-1908.271973
0.354433,0.164898,-1907.384766
0.356047,0.166064,-1907.527344
0.354902,0.166732,-1908.859009
0.352017,0.171039,-1908.437012
0.350752,0.170375,-1908.893311
0.348945,0.172272,-1907.637207
0.347303,0.170814,-1905.81958
0.347303,0.170814,-1908.234253
0.346706,0.166652,-1905.156006
0.346094,0.174707,-1908.286255
0.346094,0.174707,-1909.582764
0.348292,0.174172,-1906.717041
0.348292,0.174172,-1908.63855
0.348292,0.174172,-1910.606812
0.348292,0.174172,-1909.713623
0.345792,0.177049,-1908.090088
0.349066,0.180538,-1909.372437
0.349066,0.180538,-1910.490234
0.349066,0.180538,-1910.644531
0.350233,0.182847,-1910.614502
0.350467,0.183331,-1911.278809
0.351541,0.179898,-1911.887939
0.351541,0.179898,-1909.118286
0.351541,0.179898,-1909.42041
0.351541,0.179898,-1910.861084
0.348164,0.178837,-1912.949707
0.351032,0.181837,-1912.127686
0.350956,0.18054,-1910.067383
0.350956,0.18054,-1911.120605
0.34953,0.180142,-1909.901001
0.34953,0.180142,-1910.847412
0.350489,0.175392,-1911.350586
0.350489,0.175392,-1908.178833
0.34847,0.176489,-1908.614624
0.34847,0.176489,-1911.631348
0.34847,0.176489,-1912.14917
0.351227,0.174349,-1909.278687
0.348928,0.168333,-1905.218262
0.348928,0.168333,-1907.757935
0.348928,0.168333,-1905.030762
0.349834,0.168185,-1905.694336
0.348163,0.166187,-1905.745361
0.348163,0.166187,-1904.675659
0.344628,0.165937,-1902.878174
0.342557,0.168057,-1909.748291
0.342557,0.168057,-1904.519043
0.342841,0.171549,-1908.312988
0.343996,0.170366,-1906.668579
0.34063,0.167099,-1902.740967
0.34063,0.167099,-1905.095215
0.34063,0.167099,-1904.56665
0.34063,0.167099,-1910.956421
0.341807,0.162177,-1907.261841
0.339349,0.161259,-1909.579102
0.339349,0.161259,-1903.166016
0.339349,0.161259,-1902.800293
0.337715,0.167381,-1910.945435
0.342319,0.165791,-1908.352539
0.341939,0.159365,-1904.36792
0.341939,0.159365,-1907.06543
0.344306,0.162243,-1908.890015
0.344306,0.162243,-1906.402222
0.344306,0.162243,-1902.214355
0.344969,0.159644,-1906.287842
0.342851,0.157646,-1905.058594
0.342851,0.157646,-1901.849365
0.343637,0.159516,-1905.842163
0.343637,0.159516,-1910.189819
0.343637,0.159516,-1908.014648
0.347346,0.162139,-1904.034302
0.347346,0.162139,-1905.336914
0.346019,0.165996,-1905.603027
0.346516,0.169538,-1908.936279
0.345817,0.171374,-1907.023682
0.34527,0.174536,-1910.263794
0.34527,0.174536,-1905.870361
0.34527,0.174536,-1911.386841
0.345739,0.176812,-1910.119995
0.345533,0.171352,-1910.630615
0.345533,0.171352,-1910.307373
0.345533,0.171352,-1908.379639
0.342619,0.167736,-1905.733887
0.340021,0.162287,-1904.734131
0.341207,0.154443,-1907.164307
0.342606,0.155435,-1904.599976
0.347275,0.15319,-1902.991821
0.347275,0.15319,-1901.488403
0.347275,0.15319,-1904.83252
0.347275,0.15319,-1902.126953
0.342777,0.15128,-1904.695679
0.343557,0.145372,-1903.924194
0.343557,0.145372,-1901.502563
0.34222,0.144466,-1906.596436
0.34721,0.146006,-1901.851074
0.34721,0.146006,-1906.438477
0.34721,0.146006,-1900.918945
0.34721,0.146006,-1901.859375
0.34721,0.146006,-1901.00769
0.348766,0.149424,-1902.674561
0.348766,0.149424,-1901.766235
0.348766,0.149424,-1901.559082
0.348766,0.149424,-1902.250366
0.34886,0.151967,-1902.261475
0.34886,0.151967,-1903.187012
0.349189,0.155025,-1904.635498
0.349189,0.155025,-1904.38208
0.349189,0.155025,-1906.31665
0.351303,0.156872,-1906.600342
0.351303,0.156872,-1907.086182
0.347807,0.15449,-1903.581543
0.350321,0.149433,-1903.853271
0.350321,0.149433,-1902.598267
0.347905,0.144969,-1904.103149
0.348257,0.144502,-1904.888306
0.345998,0.143875,-1900.307373
0.345998,0.143875,-1900.447266
0.345998,0.143875,-1899.807007
0.345998,0.143875,-1900.154175
0.348582,0.145993,-1899.862305
0.348889,0.146566,-1902.863647
0.353658,0.149044,-1904.511353
0.353658,0.149044,-1905.332764
0.352474,0.144737,-1904.850708
0.3539,0.145825,-1904.041504
0.3539,0.145825,-1902.311035
0.355614,0.144942,-1905.271729
0.35261,0.145374,-1905.662598
0.35261,0.145374,-1903.575806
0.353652,0.145576,-1906.313232
0.354334,0.143192,-1903.841064
0.354138,0.143377,-1904.726807
0.35149,0.13781,-1904.242432
0.35149,0.13781,-1903.428223
0.35149,0.13781,-1902.965576
0.354604,0.13251,-1903.831055
0.355698,0.134619,-1904.515015
0.359463,0.134684,-1906.482422
0.359463,0.134684,-1905.228271
0.359122,0.128477,-1904.486816
0.364522,0.124136,-1907.415039
0.364579,0.122513,-1907.449951
0.365307,0.122981,-1908.589111
0.36527,0.121239,-1908.365356
0.364851,0.122051,-1908.589111
0.364793,0.120925,-1907.532959
0.364793,0.120925,-1908.552002
0.360705,0.117411,-1908.041748
0.362563,0.116911,-1908.728516
0.362563,0.116911,-1909.011963
0.360946,0.119803,-1907.213867
0.361542,0.12336,-1906.674927
0.360753,0.122947,-1907.098022
0.361408,0.129432,-1907.628906
0.361408,0.129432,-1906.509399
0.361168,0.131212,-1906.913086
0.362506,0.132618,-1906.758423
0.362506,0.132618,-1906.897461
0.362492,0.12545,-1905.996704
0.35844,0.124515,-1904.168579
0.359394,0.127613,-1906.084473
0.357376,0.128072,-1903.367065
0.357376,0.128072,-1904.328369
0.355902,0.133244,-1904.912598
0.353209,0.136517,-1903.005127
0.353209,0.136517,-1903.875977
0.352784,0.136356,-1903.221436
0.352855,0.136127,-1903.581299
0.352855,0.136127,-1902.563843
0.349791,0.134085,-1901.415771
0.349791,0.134085,-1906.341675
0.351449,0.135101,-1901.780029
0.352359,0.13439,-1903.058594
0.352359,0.13439,-1903.651245
0.352666,0.1329,-1902.28833
0.352945,0.133455,-1902.984375
0.350879,0.137289,-1903.579102
0.349357,0.136308,-1903.311279
0.349357,0.136308,-1901.980957
0.347539,0.137676,-1904.655762
0.346432,0.140474,-1902.351196
0.345782,0.14068,-1901.920898
0.34917,0.143024,-1901.713379
0.352018,0.142046,-1903.199951
0.353047,0.140241,-1902.346802
0.351826,0.14537,-1902.947998
0.351826,0.14537,-1903.247681
0.351826,0.14537,-1902.820312
0.352681,0.145283,-1903.539917
0.352681,0.145283,-1904.983643
0.352681,0.145283,-1902.542114
0.352681,0.145283,-1904.331543
0.353441,0.142574,-1904.0
0.353265,0.143718,-1902.299316
0.347641,0.14212,-1900.051025
0.348463,0.141253,-1902.008301
0.348463,0.141253,-1901.17688
0.348463,0.141253,-1900.880615
0.34715,0.142481,-1900.814941
0.350314,0.13975,-1903.085693
0.350314,0.13975,-1901.543579
0.344133,0.136779,-1906.265381
0.344133,0.136779,-1899.087036
0.344133,0.136779,-1901.474609
0.344133,0.136779,-1908.028564
0.344133,0.136779,-1900.473389
0.344133,0.136779,-1902.917969
0.348349,0.139081,-1901.562256
0.348349,0.139081,-1903.821777
0.353242,0.137661,-1902.569458
0.353242,0.137661,-1903.722656
0.353008,0.13347,-1903.093872
0.349406,0.134925,-1902.606201
0.349406,0.134925,-1900.800903
0.349406,0.134925,-1901.321777
0.349406,0.134925,-1901.080444
0.346188,0.137274,-1904.835815
0.346188,0.137274,-1900.016113
0.342966,0.135687,-1901.045166
0.346954,0.140323,-1898.936768
0.343254,0.138171,-1901.616821
0.343898,0.138219,-1908.288574
0.343898,0.138219,-1903.070557
0.344976,0.138547,-1903.119263
0.347321,0.137279,-1904.169434
0.347321,0.137279,-1899.179443
0.343461,0.139734,-1902.231323
0.343461,0.139734,-1898.592529
0.343461,0.139734,-1901.395996
0.33836,0.136835,-1901.28772
0.33836,0.136835,-1897.131104
0.340945,0.135283,-1901.70166
0.340216,0.137982,-1905.50708
0.340994,0.13384,-1898.535645
0.342539,0.133829,-1903.81897
0.339264,0.135362,-1900.844971
0.342635,0.135232,-1903.260864
0.341035,0.132401,-1897.817139
0.341035,0.132401,-1899.935547
0.341035,0.132401,-1901.238892
0.343967,0.130309,-1903.178833
0.345266,0.124979,-1900.412842
0.345266,0.124979,-1901.408203
0.340728,0.121944,-1902.039307
0.340728,0.121944,-1902.854248
0.340728,0.121944,-1903.765137
0.341888,0.11414,-1901.260986
0.340081,0.112149,-1902.061035
0.342587,0.111779,-1902.56665
0.342542,0.112295,-1903.563721
0.342542,0.112295,-1902.398804
0.342542,0.112295,-1900.894531
0.342542,0.112295,-1908.091309
0.341066,0.109277,-1900.632446
0.341066,0.109277,-1900.501465
0.341066,0.109277,-1903.025635
0.342848,0.105204,-1903.102539
0.342848,0.105204,-1902.728882
0.347389,0.107756,-1902.960449
0.345478,0.1055,-1904.230591
0.345478,0.1055,-1906.692505
0.341065,0.11148,-1907.232056
0.339435,0.11694,-1901.239624
0.337809,0.12014,-1898.324341
0.337809,0.12014,-1897.541382
0.337809,0.12014,-1911.360596
0.337809,0.12014,-1909.806885
0.337809,0.12014,-1899.960083
0.337809,0.12014,-1902.221558
0.339525,0.120421,-1910.675537
0.341588,0.123487,-1903.603394
0.340768,0.124414,-1907.110352
0.340768,0.124414,-1900.73877
0.340768,0.124414,-1901.808228
0.340768,0.124414,-1897.738037
0.340768,0.124414,-1907.157227
0.340768,0.124414,-1903.566406
0.342111,0.124045,-1903.640625
0.342111,0.124045,-1901.469604
0.342111,0.124045,-1904.754395
0.345123,0.123139,-1899.036865
0.345123,0.123139,-1906.619263
0.345123,0.123139,-1900.430908
0.347477,0.126747,-1905.261963
0.341637,0.128934,-1902.793457
0.343452,0.125313,-1897.783936
0.34248,0.12681,-1900.14978
0.338264,0.131283,-1901.507202
0.338264,0.131283,-1908.075195
0.335332,0.128339,-1900.590088
0.333744,0.131021,-1912.514771
0.336263,0.131025,-1898.127686
0.336263,0.131025,-1901.399292
0.336263,0.131025,-1911.023926
0.340663,0.1312,-1908.918579
0.340617,0.135681,-1900.72998
0.340617,0.135681,-1897.813477
0.340617,0.135681,-1904.919922
0.343247,0.140375,-1899.136719
0.343247,0.140375,-1899.960205
0.339707,0.139849,-1898.175781
0.339707,0.139849,-1903.609741
0.344085,0.133433,-1901.973633
0.344085,0.133433,-1900.328979
0.343579,0.128242,-1899.68457
0.346732,0.132019,-1906.619141
0.346732,0.132019,-1901.445068
0.346732,0.132019,-1899.975098
0.346732,0.132019,-1901.672974
0.349654,0.137615,-1906.355347
0.35265,0.137812,-1903.026611
0.352591,0.141372,-1903.239258
0.347762,0.13805,-1902.615112
0.347762,0.13805,-1905.758057
0.347762,0.13805,-1903.656616
0.346397,0.138365,-1900.934814
0.346565,0.141427,-1904.463379
0.346565,0.141427,-1903.68103
0.347856,0.139752,-1900.928589
0.350924,0.13608,-1902.893311
0.350924,0.13608,-1903.111084
0.350924,0.13608,-1901.710449
0.351221,0.135204,-1901.456543
0.350566,0.140794,-1906.28125
0.35027,0.139933,-1902.707153
0.347369,0.140389,-1899.993408
0.347369,0.140389,-1901.925537
0.351416,0.140611,-1901.626221
0.353313,0.140059,-1903.636475
0.351084,0.139326,-1902.688721
0.351084,0.139326,-1902.984375
0.352717,0.140145,-1904.030518
0.348436,0.141452,-1903.030762
0.348436,0.141452,-1900.59021
0.34523,0.144279,-1901.322021
0.343713,0.145774,-1901.750244
0.346446,0.137344,-1909.990234
0.346446,0.137344,-1903.746582
0.346446,0.137344,-1902.023315
0.346724,0.137839,-1900.095459
0.344782,0.139545,-1901.739014
0.344782,0.139545,-1901.312866
0.342902,0.141721,-1900.21228
0.344652,0.13439,-1901.012939
0.344652,0.13439,-1901.517578
0.347955,0.13164,-1902.016357
0.347955,0.13164,-1900.769775
0.3475,0.130059,-1900.933228
0.347251,0.131123,-1901.609131
0.347927,0.131526,-1905.828613
0.34989,0.132673,-1902.147949
0.351533,0.134556,-1904.185669
0.353734,0.136383,-1903.530273
0.35118,0.133523,-1902.209717
0.350648,0.137397,-1902.530029
0.349944,0.131672,-1902.626465
0.349944,0.131672,-1901.991211
0.349944,0.131672,-1902.591431
0.346786,0.132282,-1900.84729
0.346786,0.132282,-1899.743408
0.344912,0.130295,-1901.133179
0.342809,0.133559,-1899.815186
0.342809,0.133559,-1910.522095
0.342809,0.133559,-1903.944458
0.345624,0.13676,-1900.545288
0.347108,0.13677,-1901.242432
0.347108,0.13677,-1901.749756
0.349968,0.139588,-1903.498291
0.350873,0.137844,-1902.435303
0.350873,0.137844,-1902.84375
0.350873,0.137844,-1902.411011
0.347428,0.138922,-1900.24646
0.34674,0.140675,-1901.127319
0.341662,0.140194,-1900.219727
0.341662,0.140194,-1899.572754
0.341662,0.140194,-1903.127197
0.341662,0.140194,-1900.637207
0.341662,0.140194,-1901.121948
0.341662,0.140194,-1905.577881
0.341662,0.140194,-1906.197021
0.341434,0.139709,-1905.65918
0.341434,0.139709,-1898.584229
0.343149,0.139125,-1901.837646
0.343149,0.139125,-1904.184326
0.343567,0.141529,-1905.026123
0.343567,0.141529,-1900.381348
0.343567,0.141529,-1902.234253
0.345132,0.139873,-1900.325073
0.343884,0.134488,-1904.449585
0.343884,0.134488,-1898.863281
0.342501,0.13159,-1900.175781
0.34252,0.135912,-1906.992188
0.34252,0.135912,-1897.227417
0.348298,0.140903,-1904.710938
0.348298,0.140903,-1901.880981
0.348298,0.140903,-1905.166504
0.348298,0.140903,-1900.526611
0.346317,0.139585,-1901.212891
0.346317,0.139585,-1904.311401
0.346317,0.139585,-1900.838257
0.342876,0.138604,-1903.080322
0.338664,0.141166,-1901.525879
0.338664,0.141166,-1901.31958
0.338664,0.141166,-1913.538452
0.335862,0.140818,-1902.122437
0.335862,0.140818,-1901.752441
0.337187,0.141264,-1900.759277
0.333819,0.141059,-1900.105469
0.333819,0.141059,-1908.97876
0.333819,0.141059,-1909.681641
0.334177,0.140494,-1908.949951
0.337502,0.140461,-1911.39624
0.337502,0.140461,-1909.708252
0.332672,0.140236,-1894.980713
0.333101,0.141027,-1908.453125
0.333541,0.13802,-1913.739502
0.336536,0.134764,-1910.650635
0.335651,0.129462,-1902.337524
0.335651,0.129462,-1910.343384
0.335875,0.132415,-1906.784668
0.335875,0.132415,-1910.787476
0.335875,0.132415,-1909.697754
0.335708,0.136843,-1897.113647
0.335708,0.136843,-1899.35083
0.33391,0.140288,-1896.723877
0.33391,0.140288,-1913.658447
0.33391,0.140288,-1900.979004
0.33391,0.140288,-1901.757935
0.333293,0.140547,-1912.923828
0.334443,0.141673,-1907.637695
0.333368,0.135204,-1911.913208
0.334173,0.132005,-1901.382935
0.334445,0.132848,-1907.724609
0.334445,0.132848,-1901.743408
0.335902,0.13039,-1895.859131
0.330688,0.133593,-1905.182617
0.330688,0.133593,-1908.858643
0.330688,0.133593,-1898.260742
0.330688,0.133593,-1904.598145
0.327282,0.13243,-1911.900391
0.326609,0.131329,-1920.581665
0.326342,0.126895,-1918.227539
0.329427,0.128325,-1903.581787
0.326635,0.129577,-1908.992188
0.326488,0.130785,-1910.207275
0.325794,0.132059,-1898.047485
0.325679,0.135663,-1910.476196
0.325679,0.135663,-1914.532349
0.325679,0.135663,-1919.550049
0.325679,0.135663,-1897.855713
0.331081,0.141509,-1902.446289
0.331306,0.136436,-1911.49585
0.333109,0.13819,-1896.265381
0.331911,0.134333,-1908.338379
0.333512,0.136721,-1911.977417
0.333512,0.136721,-1897.801147
0.333594,0.135746,-1912.25354
0.333594,0.135746,-1911.566528
0.333594,0.135746,-1903.25293
0.333594,0.135746,-1908.402832
0.333164,0.135206,-1905.759644
0.333164,0.135206,-1900.908325
0.333693,0.136599,-1905.865723
0.336532,0.132294,-1912.428711
0.334832,0.13452,-1904.420654
0.333649,0.140286,-1898.154663
0.333381,0.139478,-1903.128296
0.335964,0.133642,-1905.629395
0.33493,0.138233,-1895.589844
0.33493,0.138233,-1902.868408
0.334407,0.136959,-1911.44165
0.334407,0.136959,-1906.06543
0.334431,0.134407,-1909.462402
0.334431,0.134407,-1904.807129
0.334718,0.132982,-1904.653564
0.334718,0.132982,-1909.039917
0.334718,0.132982,-1904.635254
0.334718,0.132982,-1904.197754
0.334718,0.132982,-1898.328125
0.333814,0.131971,-1895.333618
0.337292,0.1316,-1910.418701
0.339401,0.126448,-1903.366699
0.339149,0.131362,-1906.47583
0.339149,0.131362,-1907.887451
0.339644,0.130978,-1903.977295
0.341102,0.130439,-1906.020508
0.341102,0.130439,-1897.592773
0.34424,0.134363,-1902.233521
0.34424,0.134363,-1901.78125
0.343033,0.132891,-1903.038574
0.343033,0.132891,-1898.415283
0.343033,0.132891,-1900.302246
0.339273,0.131217,-1906.458496
0.338588,0.131372,-1897.201172
0.338588,0.131372,-1906.124023
0.338588,0.131372,-1907.115234
0.338899,0.130257,-1899.60083
0.338899,0.130257,-1906.639893
0.34343,0.135103,-1905.532715
0.34343,0.135103,-1900.899414
0.34343,0.135103,-1904.263916
0.342029,0.133711,-1904.864624
0.342029,0.133711,-1899.208618
0.342725,0.129412,-1908.644531
0.344041,0.127756,-1901.116943
0.347108,0.121562,-1899.327393
0.347108,0.121562,-1901.318848
0.34988,0.120232,-1905.88147
0.34988,0.120232,-1902.57312
0.348463,0.119949,-1903.990723
0.348463,0.119949,-1906.338623
0.346523,0.127652,-1899.684204
0.346708,0.126379,-1903.756104
0.346964,0.129479,-1901.108887
0.346964,0.129479,-1900.352417
0.346043,0.122055,-1903.039062
0.344958,0.123002,-1902.234863
0.344689,0.118728,-1899.944336
0.342415,0.120395,-1908.320801
0.34619,0.125911,-1901.339966
0.347909,0.131356,-1903.8125
0.347909,0.131356,-1903.09314
0.347909,0.131356,-1901.487915
0.34719,0.129423,-1901.855835
0.348686,0.130931,-1904.537842
0.350922,0.130689,-1901.296875
0.351166,0.130332,-1902.343628
0.351166,0.130332,-1903.678101
0.350938,0.12984,-1902.896729
0.355692,0.129014,-1903.778442
0.355692,0.129014,-1903.318359
0.353738,0.132434,-1904.354492
0.352998,0.13245,-1903.970215
0.352998,0.13245,-1902.419067
0.352998,0.13245,-1903.048096
0.356404,0.127242,-1903.865234
0.354224,0.136,-1904.763428
0.353341,0.132197,-1903.56311
0.353052,0.13186,-1901.747803
0.351285,0.130865,-1902.628906
0.351285,0.130865,-1903.874023
0.353693,0.129591,-1903.250977
0.353693,0.129591,-1902.785889
0.35914,0.126918,-1905.56543
0.35914,0.126918,-1905.745239
0.357534,0.127557,-1903.561523
0.357293,0.129218,-1905.239624
0.357293,0.129218,-1904.783691
0.357531,0.129076,-1905.397461
0.357775,0.12437,-1904.647217
0.359452,0.125135,-1905.595337
0.359452,0.125135,-1906.571045
0.359452,0.125135,-1905.831909
0.36229,0.12579,-1906.644775
0.361785,0.125776,-1906.105713
0.360757,0.124158,-1905.549805
0.355931,0.125225,-1905.107178
0.355931,0.125225,-1904.516846
0.35744,0.122693,-1905.099243
0.35744,0.122693,-1903.990845
0.35744,0.122693,-1903.269287
0.35744,0.122693,-1905.010986
0.354364,0.128084,-1903.818359
0.354364,0.128084,-1903.13916
0.354364,0.128084,-1903.717285
0.35329,0.127648,-1902.755615
0.350469,0.128624,-1902.538818
0.350469,0.128624,-1903.262695
0.35111,0.124605,-1902.44751
0.35111,0.124605,-1903.257812
0.355429,0.130426,-1904.934326
0.355429,0.130426,-1903.35083
0.355431,0.130791,-1904.574585
0.357064,0.130706,-1904.064209
0.355999,0.128852,-1903.772705
0.353568,0.127037,-1903.322388
0.352293,0.126379,-1902.752563
0.352293,0.126379,-1902.881104
0.352293,0.126379,-1902.868774
0.352293,0.126379,-1903.143066
0.352293,0.126379,-1902.476807
0.349046,0.129252,-1903.44165
0.347532,0.131215,-1901.168335
0.347532,0.131215,-1899.923584
0.34542,0.131252,-1898.987549
0.34641,0.129744,-1904.037842
0.342951,0.128624,-1899.679932
0.344555,0.128704,-1902.805176
0.344555,0.128704,-1899.888428
0.344555,0.128704,-1907.889648
0.344555,0.128704,-1907.486572
0.341211,0.127591,-1900.841797
0.341211,0.127591,-1898.818115
0.341211,0.127591,-1904.010986
0.342361,0.126126,-1905.733643
0.345538,0.128065,-1903.793457
0.344566,0.13008,-1900.378052
0.347347,0.131301,-1903.538086
0.346143,0.131837,-1905.708496
0.346143,0.131837,-1900.899536
0.346143,0.131837,-1902.166504
0.346143,0.131837,-1900.139893
0.348062,0.132318,-1902.003662
0.346154,0.135198,-1902.646973
0.346154,0.135198,-1899.69873
0.342121,0.136453,-1903.447266
0.344999,0.131232,-1901.368652
0.34081,0.127999,-1903.654907
0.34378,0.129359,-1900.996338
0.34378,0.129359,-1901.221069
0.34378,0.129359,-1904.365112
0.34443,0.129288,-1903.528809
0.34443,0.129288,-1904.701294
0.34443,0.129288,-1900.399658
0.34443,0.129288,-1899.878906
0.345524,0.130661,-1902.13208
0.344157,0.132302,-1902.525879
0.341662,0.131862,-1902.943115
0.341662,0.131862,-1905.604126
0.341644,0.129878,-1902.036499
0.341644,0.129878,-1899.21875
0.341644,0.129878,-1898.608154
0.34506,0.132903,-1906.418823
0.34506,0.132903,-1901.210693
0.34785,0.134218,-1901.280273
0.34785,0.134218,-1900.969482
0.34578,0.136944,-1901.760986
0.34578,0.136944,-1906.266846
0.34578,0.136944,-1902.849121
0.34696,0.136092,-1900.950195
0.34696,0.136092,-1905.508057
0.350072,0.137361,-1901.862427
0.349368,0.134592,-1901.622559
0.351146,0.133083,-1902.883545
0.351146,0.133083,-1902.213623
0.347272,0.132492,-1901.552246
0.347272,0.132492,-1901.062988
0.347272,0.132492,-1900.82959
0.343821,0.131295,-1899.032227
0.345766,0.131951,-1898.365479
0.345766,0.131951,-1900.77771
0.345766,0.131951,-1901.01123
0.345766,0.131951,-1899.609863
0.345766,0.131951,-1899.980469
0.345766,0.131951,-1901.946289
0.345766,0.131951,-1900.908447
0.345766,0.131951,-1903.113403
0.345766,0.131951,-1904.717529
0.351765,0.130765,-1903.156006
0.351765,0.130765,-1902.463013
0.352531,0.129401,-1902.989868
0.353595,0.132219,-1901.070801
0.354023,0.132793,-1904.571899
0.352967,0.13283,-1903.331055
0.348323,0.128246,-1904.763672
0.347655,0.129565,-1904.618652
0.349844,0.134662,-1900.928955
0.347922,0.133181,-1902.388428
0.347922,0.133181,-1901.150757
0.349611,0.132178,-1901.573486
0.349494,0.134439,-1901.023071
0.351123,0.138436,-1902.637451
0.348597,0.137856,-1900.558105
0.346455,0.13323,-1902.336426
0.351061,0.132367,-1902.644775
0.349049,0.133302,-1903.311157
0.354594,0.132535,-1901.932251
0.354594,0.132535,-1903.339722
0.353687,0.132148,-1903.888306
0.353974,0.134136,-1903.32312
0.357116,0.128382,-1903.253662
0.35777,0.126831,-1904.938965
0.355478,0.12539,-1904.175171
0.352267,0.122487,-1903.350586
0.352267,0.122487,-1904.921631
0.351078,0.120564,-1903.150146
0.348941,0.124664,-1901.539795
0.353545,0.126587,-1902.132935
0.355255,0.13288,-1903.833618
0.355255,0.13288,-1903.542725
0.355255,0.13288,-1902.549316
0.353903,0.130323,-1903.10498
0.353903,0.130323,-1902.103149
0.353903,0.130323,-1902.01709
0.352267,0.131727,-1902.051514
0.353372,0.131513,-1902.814697
0.351652,0.132256,-1902.320557
0.354255,0.133995,-1903.905518
0.357426,0.132427,-1904.215332
0.359426,0.134505,-1903.833496
0.359457,0.137604,-1906.938843
0.355626,0.137033,-1903.771729
0.355626,0.137033,-1903.723877
0.354926,0.138975,-1905.428101
0.355899,0.139882,-1903.549561
0.353081,0.136044,-1903.116577
0.35183,0.134235,-1902.517578
0.35183,0.134235,-1901.379517
0.356069,0.133578,-1902.655762
0.356069,0.133578,-1904.184814
0.356122,0.134498,-1903.415894
0.352649,0.135141,-1903.708252
0.353575,0.135628,-1903.451904
0.353346,0.1368,-1902.806641
0.35514,0.143256,-1904.373047
0.355531,0.14176,-1904.311279
0.355531,0.14176,-1903.695068
0.356667,0.147576,-1905.158447
0.356667,0.147576,-1906.414795
0.356667,0.147576,-1905.343994
0.356667,0.147576,-1904.378296
0.356667,0.147576,-1904.148315
0.356667,0.147576,-1905.236084
0.356667,0.147576,-1905.489502
0.356667,0.147576,-1904.381836
0.358561,0.149795,-1905.21106
0.358561,0.149795,-1905.730591
0.358561,0.149795,-1906.2229
0.358561,0.149795,-1905.593994
0.358874,0.150914,-1905.86377
0.360843,0.148189,-1906.105591
0.362948,0.14874,-1907.189453
0.362948,0.14874,-1906.994873
0.362948,0.14874,-1907.688477
0.362776,0.147763,-1908.726074
0.362776,0.147763,-1905.932495
0.361761,0.147274,-1906.675781
0.361761,0.147274,-1905.519897
0.358417,0.145779,-1905.370361
0.356863,0.148409,-1907.132568
0.356863,0.148409,-1905.52478
0.360593,0.147241,-1906.13855
0.361012,0.147411,-1907.690552
0.365592,0.14917,-1908.662842
0.36157,0.151281,-1907.024658
0.361044,0.15099,-1906.918213
0.360743,0.148577,-1907.041748
0.360743,0.148577,-1905.394287
0.35897,0.149586,-1907.862549
0.35897,0.149586,-1906.311768
0.35897,0.149586,-1906.47168
0.353879,0.145993,-1904.08374
0.349303,0.148618,-1904.517456
0.346389,0.144328,-1900.483643
0.346389,0.144328,-1901.800049
0.346813,0.148504,-1900.192139
0.347849,0.150115,-1904.322998
0.347849,0.150115,-1903.000488
0.347849,0.150115,-1908.845581
0.347849,0.150115,-1900.630981
0.35113,0.152691,-1904.814209
0.351091,0.150483,-1903.604248
0.350752,0.148169,-1903.771973
0.35142,0.143193,-1904.233887
0.34974,0.14235,-1901.258667
0.34974,0.14235,-1903.453491
0.34974,0.14235,-1904.131348
0.348304,0.143345,-1902.802246
0.348304,0.143345,-1900.89563
0.346806,0.143533,-1901.705078
0.346289,0.138613,-1903.585938
0.344494,0.139134,-1905.192871
0.345882,0.135009,-1901.435669
0.345882,0.135009,-1901.24646
0.347054,0.131835,-1903.330322
0.351495,0.127091,-1903.34314
0.353303,0.128174,-1902.727173
0.350382,0.131595,-1902.47644
0.350382,0.131595,-1903.447388
0.346626,0.12942,-1902.269043
0.346824,0.123735,-1903.741211
0.346824,0.123735,-1900.119263
0.346824,0.123735,-1899.84375
0.346824,0.123735,-1903.056641
0.346824,0.123735,-1900.246094
0.351204,0.1231,-1904.733887
0.349537,0.125333,-1902.53418
0.349537,0.125333,-1902.859009
0.349537,0.125333,-1902.484863
0.349537,0.125333,-1900.767212
0.349537,0.125333,-1904.161621
0.347112,0.125441,-1903.542725
0.349019,0.129195,-1900.511475
0.349019,0.129195,-1906.071777
0.348493,0.133265,-1902.641113
0.347103,0.135629,-1902.738281
0.347103,0.135629,-1899.800049
0.347249,0.136719,-1900.112793
0.347249,0.136719,-1900.855347
0.347249,0.136719,-1904.667969
0.347249,0.136719,-1901.639526
0.339574,0.135048,-1902.483643
0.336831,0.134672,-1905.934937
0.335453,0.137799,-1905.772339
0.333523,0.135448,-1909.994873
0.333523,0.135448,-1908.972412
0.333523,0.135448,-1907.095947
0.333523,0.135448,-1908.465088
0.33255,0.133287,-1914.037231
0.330307,0.13388,-1907.999512
0.331038,0.141531,-1906.486084
0.331038,0.141531,-1898.883057
0.33328,0.141743,-1897.048096
0.332222,0.140338,-1893.730347
0.332222,0.140338,-1904.138428
0.332222,0.140338,-1899.217529
0.333831,0.138381,-1904.740356
0.335034,0.137696,-1905.159058
0.335643,0.139871,-1903.378906
0.338089,0.136026,-1913.220947
0.338089,0.136026,-1894.291748
0.338519,0.132685,-1905.78186
0.342004,0.132949,-1897.287842
0.342004,0.132949,-1904.022827
0.342004,0.132949,-1900.520508
0.342004,0.132949,-1902.344971
0.340574,0.13664,-1900.828613
0.340574,0.13664,-1901.796021
0.340574,0.13664,-1903.265991
0.340574,0.13664,-1905.336304
0.340574,0.13664,-1898.968262
0.339385,0.131853,-1904.111572
0.337068,0.136954,-1901.127075
0.337068,0.136954,-1900.411011
0.337068,0.136954,-1900.019775
0.339336,0.139648,-1904.847656
0.339336,0.139648,-1902.739502
0.339336,0.139648,-1906.491577
0.338955,0.141861,-1908.289062
0.336924,0.143006,-1896.421021
0.336148,0.143518,-1911.203125
0.335344,0.143993,-1896.612915
0.334471,0.150551,-1910.554688
0.338812,0.147697,-1905.7146
0.339609,0.147303,-1913.413818
0.339702,0.144182,-1904.158325
0.339702,0.144182,-1905.432617
0.339133,0.15187,-1909.250366
0.339133,0.15187,-1901.990967
0.339133,0.15187,-1904.838135
0.336416,0.151508,-1903.068115
0.336416,0.151508,-1912.935669
0.336057,0.152224,-1904.679443
0.337413,0.152398,-1901.957642
0.336284,0.151911,-1898.685913
0.338925,0.154396,-1907.383057
0.333863,0.153494,-1907.064575
0.333863,0.153494,-1912.997192
0.333473,0.156827,-1899.077759
0.333473,0.156827,-1908.973755
0.33206,0.155994,-1910.71814
0.336254,0.158805,-1911.76416
0.336254,0.158805,-1901.788086
0.337549,0.155612,-1903.452393
0.337549,0.155612,-1906.236816
0.337549,0.155612,-1905.443848
0.337549,0.155612,-1904.49939
0.337549,0.155612,-1907.021851
0.340891,0.158452,-1904.884277
0.339984,0.153756,-1899.437866
0.339984,0.153756,-1903.890137
0.338192,0.158745,-1906.882202
0.339752,0.155083,-1904.397217
0.339752,0.155083,-1906.805786
0.339752,0.155083,-1899.861084
0.339752,0.155083,-1903.933228
0.338473,0.150921,-1907.876099
0.336614,0.15283,-1906.470703
0.341413,0.155703,-1903.338867
0.341413,0.155703,-1901.425171
0.334359,0.154716,-1900.869873
0.334359,0.154716,-1910.845825
0.334359,0.154716,-1913.390015
0.33296,0.156485,-1914.087402
0.332357,0.150341,-1909.314087
0.333137,0.153082,-1905.793091
0.333137,0.153082,-1914.773926
0.333137,0.153082,-1900.598633
0.334261,0.146894,-1907.311646
0.337366,0.148078,-1902.124512
0.33249,0.145814,-1895.521973
0.332479,0.147817,-1910.66687
0.332479,0.147817,-1905.072388
0.332479,0.147817,-1904.648926
0.332479,0.147817,-1904.385498
0.334136,0.146968,-1911.221191
0.334136,0.146968,-1916.346924
0.334136,0.146968,-1904.716797
0.334136,0.146968,-1906.621094
0.332056,0.155016,-1896.943115
0.336641,0.153052,-1900.948608
0.336641,0.153052,-1907.95459
0.336641,0.153052,-1904.305908
0.336641,0.153052,-1908.649414
0.336641,0.153052,-1909.084229
0.341503,0.152772,-1909.14856
0.3439,0.150459,-1903.63623
0.3439,0.150459,-1902.683594
0.3439,0.150459,-1901.534668
0.34621,0.142151,-1901.751465
0.342502,0.141429,-1900.801758
0.3427,0.140318,-1899.894287
0.3427,0.140318,-1903.782104
0.3427,0.140318,-1897.589355
0.3427,0.140318,-1904.527222
0.3427,0.140318,-1904.807373
0.339263,0.148541,-1900.245605
0.339263,0.148541,-1900.562012
0.339263,0.148541,-1907.88562
0.339263,0.148541,-1902.266113
0.337277,0.149703,-1898.994873
0.339698,0.150939,-1908.011719
0.339698,0.150939,-1901.471802
0.341603,0.153829,-1910.235596
0.338367,0.158256,-1903.250244
0.337955,0.160823,-1913.264526
0.340725,0.163726,-1915.00647
0.340725,0.163726,-1910.505249
0.343172,0.159208,-1904.078857
0.345671,0.161792,-1903.099854
0.348945,0.161142,-1904.214355
0.35025,0.166095,-1906.969482
0.35025,0.166095,-1906.544067
0.351235,0.163492,-1906.366577
0.352974,0.164261,-1907.439453
0.350429,0.16784,-1906.292236
0.350429,0.16784,-1909.407227
0.350429,0.16784,-1906.378174
0.350883,0.166763,-1905.571655
0.351318,0.165007,-1907.533691
0.350619,0.160877,-1905.577637
0.349493,0.15875,-1904.688965
0.345693,0.162498,-1905.534424
0.344997,0.157796,-1905.658691
0.34334,0.157093,-1902.983398
0.347221,0.159451,-1903.719604
0.349036,0.156296,-1902.489258
0.351552,0.160202,-1906.314331
0.351552,0.160202,-1905.861938
0.351552,0.160202,-1904.39624
0.351552,0.160202,-1905.675537
0.351552,0.160202,-1906.195557
0.348757,0.160589,-1905.331909
0.353269,0.160974,-1905.983521
0.35293,0.162653,-1907.645752
0.355985,0.161751,-1906.507935
0.355985,0.161751,-1907.110352
0.355985,0.161751,-1906.533447
0.355985,0.161751,-1907.197998
0.355985,0.161751,-1906.255615
0.354158,0.164709,-1907.641357
0.35174,0.161796,-1906.132324
0.35174,0.161796,-1904.814453
0.35174,0.161796,-1906.720703
0.354028,0.160459,-1907.917236
0.354358,0.158148,-1907.11084
0.354358,0.158148,-1905.901855
0.35093,0.155391,-1906.732666
0.35093,0.155391,-1905.373535
0.348357,0.152086,-1903.505493
0.348525,0.15176,-1901.589844
0.348525,0.15176,-1903.692871
0.349464,0.148151,-1903.026611
0.348269,0.145216,-1901.184204
0.348269,0.145216,-1901.564941
0.348269,0.145216,-1902.964355
0.347847,0.147484,-1906.726318
0.344925,0.149771,-1902.743164
0.344026,0.151271,-1905.32251
0.344829,0.147473,-1902.038818
0.344201,0.14642,-1901.395874
0.344201,0.14642,-1903.744873
0.341166,0.146704,-1902.893921
0.345305,0.148367,-1902.314087
0.340884,0.146507,-1905.112183
0.339363,0.152703,-1903.723145
0.339363,0.152703,-1907.381592
0.34396,0.151677,-1907.501221
0.34516,0.149162,-1901.230469
0.341837,0.148736,-1905.147217
0.341478,0.150842,-1910.615479
0.342721,0.154146,-1901.482178
0.34759,0.155116,-1909.283569
0.346357,0.151844,-1900.818604
0.350232,0.155135,-1903.262329
0.351094,0.151498,-1906.264893
0.349976,0.151175,-1904.543213
0.349976,0.151175,-1902.963501
0.351439,0.149451,-1903.92749
0.345479,0.146102,-1905.141235
0.351121,0.148096,-1902.636963
0.3519,0.148761,-1905.681885
0.352548,0.153239,-1907.101318
0.35147,0.152126,-1902.572754
0.35147,0.152126,-1905.836792
0.350037,0.152877,-1904.842529
0.350037,0.152877,-1904.640137
0.350037,0.152877,-1903.986938
0.350037,0.152877,-1904.868286
0.350037,0.152877,-1902.447632
0.349634,0.153749,-1901.321289
0.347819,0.153375,-1904.398315
0.347819,0.153375,-1902.03772
0.347819,0.153375,-1902.877197
0.347819,0.153375,-1905.767212
0.348525,0.150163,-1903.949219
0.348555,0.151778,-1902.945557
0.342,0.149773,-1901.026001
0.346306,0.142246,-1904.472656
0.347414,0.134159,-1903.373047
0.345393,0.132604,-1899.930542
0.345252,0.137818,-1901.158325
0.344227,0.137528,-1903.208252
0.343987,0.139108,-1905.320312
0.347149,0.139682,-1902.808838
0.348039,0.141445,-1902.328613
0.348039,0.141445,-1901.653076
0.347461,0.1367,-1899.598145
0.344754,0.13911,-1900.743164
0.344837,0.137346,-1907.74585
0.340581,0.136559,-1901.790161
0.339211,0.136425,-1901.995972
0.339211,0.136425,-1906.472534
0.339211,0.136425,-1900.525635
0.336769,0.137839,-1901.756104
0.338788,0.136834,-1906.324097
0.343033,0.139363,-1903.817383
0.343033,0.139363,-1903.641113
0.346576,0.139485,-1899.643066
0.346576,0.139485,-1901.33667
0.346576,0.139485,-1902.349854
0.346576,0.139485,-1907.175781
0.346576,0.139485,-1904.521973
0.348979,0.140263,-1902.764893
0.347476,0.135894,-1900.770508
0.347476,0.135894,-1900.558838
0.347476,0.135894,-1901.640381
0.346516,0.137392,-1899.446655
0.345276,0.136046,-1901.664673
0.345276,0.136046,-1899.899048
0.348612,0.131541,-1901.003418
0.354501,0.132487,-1904.246826
0.354207,0.137136,-1904.001465
0.35516,0.137997,-1901.634521
0.35516,0.137997,-1903.762451
0.35516,0.137997,-1902.66687
0.35516,0.137997,-1902.924805
0.353484,0.13925,-1902.564331
0.353484,0.13925,-1905.039795
0.353484,0.13925,-1904.024658
0.349184,0.137265,-1902.271484
0.353165,0.13596,-1903.301514
0.353165,0.13596,-1902.966797
0.350813,0.134548,-1904.641235
0.348486,0.131818,-1900.246826
0.350534,0.132154,-1901.561768
0.349974,0.129992,-1901.686279
0.349974,0.129992,-1901.079712
0.34904,0.134773,-1901.075195
0.350438,0.131638,-1901.733398
0.350438,0.131638,-1902.162598
0.350438,0.131638,-1902.012939
0.350438,0.131638,-1901.790771
0.350438,0.131638,-1901.742676
0.352116,0.136519,-1903.012939
0.352723,0.136406,-1902.662354
0.349407,0.136331,-1902.208496
0.349407,0.136331,-1902.538086
0.350519,0.139095,-1902.236084
0.350785,0.136518,-1902.869629
0.350785,0.136518,-1903.33728
0.352233,0.131169,-1902.760376
0.34892,0.126818,-1902.113281
0.34892,0.126818,-1902.420898
0.34892,0.126818,-1899.643066
0.344963,0.128638,-1901.050659
0.344963,0.128638,-1903.018433
0.346861,0.124813,-1902.827148
0.346861,0.124813,-1899.817383
0.348288,0.120799,-1902.174438
0.342532,0.123852,-1899.807373
0.345108,0.123578,-1902.86377
0.34114,0.125847,-1902.290405
0.339628,0.125206,-1902.966064
0.338382,0.126718,-1908.000732
0.338288,0.120408,-1909.583496
0.338288,0.120408,-1898.750122
0.338802,0.121909,-1900.363281
0.33958,0.126507,-1902.260742
0.33958,0.126507,-1904.57959
0.33958,0.126507,-1897.636108
0.336831,0.123057,-1909.613281
0.33656,0.125832,-1904.093872
0.33598,0.119839,-1901.828613
0.33598,0.119839,-1905.024536
0.33598,0.119839,-1904.157837
0.33598,0.119839,-1903.137085
0.33598,0.119839,-1905.503418
0.336356,0.120521,-1918.048218
0.337106,0.114128,-1911.239502
0.337106,0.114128,-1897.639404
0.337106,0.114128,-1905.981812
0.335085,0.111827,-1909.545654
0.334435,0.11272,-1902.149048
0.33706,0.109792,-1907.235107
0.338674,0.106811,-1915.855469
0.338674,0.106811,-1912.171387
0.337286,0.10548,-1905.442627
0.341806,0.105691,-1913.637451
0.341806,0.105691,-1905.386108
0.339701,0.103617,-1909.743286
0.339671,0.095817,-1907.981079
0.340077,0.097766,-1910.191528
0.338596,0.099883,-1906.905884
0.338596,0.099883,-1911.030273
0.338596,0.099883,-1912.901733
0.338596,0.099883,-1910.981812
0.339473,0.098698,-1913.75769
0.339473,0.098698,-1904.079834
0.339146,0.097268,-1911.089844
0.339146,0.097268,-1913.963867
0.339146,0.097268,-1912.148193
0.339096,0.10104,-1914.380615
0.343433,0.104084,-1904.157471
0.343433,0.104084,-1909.953247
0.34334,0.102296,-1903.012451
0.343525,0.099349,-1905.875732
0.342434,0.091007,-1910.056152
0.339493,0.089946,-1909.15686
0.339493,0.089946,-1911.588867
0.339493,0.089946,-1912.211304
0.339493,0.089946,-1918.374268
0.339191,0.087238,-1918.334961
0.339774,0.086631,-1915.19458
0.340647,0.085924,-1917.872803
0.340647,0.085924,-1911.966431
0.340647,0.085924,-1918.636719
0.340647,0.085924,-1912.352783
0.341483,0.085963,-1913.174072
0.341483,0.085963,-1922.320557
0.341483,0.085963,-1912.551025
0.342416,0.086062,-1917.259766
0.34161,0.087736,-1921.119507
0.343186,0.089465,-1911.853271
0.342253,0.087515,-1912.350098
0.341512,0.090472,-1910.545654
0.341512,0.090472,-1908.10376
0.33881,0.08923,-1914.761841
0.343245,0.08653,-1912.125977
0.342023,0.085166,-1912.997803
0.342023,0.085166,-1914.812744
0.342336,0.088597,-1909.47876
0.342336,0.088597,-1913.524048
0.342336,0.088597,-1911.854248
0.342448,0.0917,-1909.9729
0.342448,0.0917,-1908.755859
0.342448,0.0917,-1911.303223
0.342642,0.091024,-1911.387451
0.341266,0.092216,-1909.369873
0.343714,0.094709,-1906.907227
0.344515,0.093915,-1911.76123
0.344515,0.093915,-1908.035278
0.344515,0.093915,-1911.508057
0.345632,0.094599,-1913.647949
0.350354,0.10282,-1910.078979
0.350645,0.102289,-1907.446533
0.351029,0.10724,-1907.575928
0.356152,0.112279,-1907.391602
0.356609,0.113942,-1905.962402
0.356609,0.113942,-1905.597534
0.356609,0.113942,-1905.594482
0.357562,0.117903,-1907.391602
0.357562,0.117903,-1904.88269
0.357208,0.11555,-1906.513062
0.357236,0.120475,-1906.181396
0.35131,0.128168,-1903.661255
0.348388,0.127843,-1900.992432
0.348388,0.127843,-1901.394531
0.346872,0.128228,-1903.399902
0.344844,0.127037,-1900.315796
0.344148,0.132824,-1899.506104
0.34405,0.133106,-1900.383911
0.346245,0.134924,-1900.414673
0.342406,0.134244,-1901.526733
0.339278,0.13627,-1902.400146
0.336449,0.135344,-1906.070435
0.338066,0.1345,-1914.275391
0.339809,0.134041,-1902.075684
0.339809,0.134041,-1901.693237
0.340488,0.129591,-1910.757568
0.345947,0.127986,-1900.495972
0.342993,0.128691,-1902.464478
0.343888,0.126923,-1898.978516
0.343888,0.126923,-1904.182739
0.343888,0.126923,-1900.359375
0.345202,0.127524,-1900.528564
0.345202,0.127524,-1900.285156
0.345202,0.127524,-1900.89624
0.344648,0.130251,-1904.448486
0.338368,0.121482,-1907.013672
0.338368,0.121482,-1908.94043
0.338368,0.121482,-1897.133423
0.340649,0.121064,-1900.027832
0.339531,0.124056,-1906.48291
0.345036,0.126357,-1899.62915
0.345036,0.126357,-1899.716309
0.34401,0.125462,-1903.75
0.34401,0.125462,-1901.553345
0.34401,0.125462,-1902.172729
0.34401,0.125462,-1901.12085
0.34401,0.125462,-1903.093018
0.342781,0.128511,-1902.083008
0.345842,0.130824,-1900.345337
0.346139,0.129631,-1901.698242
0.341377,0.129478,-1900.22876
0.341377,0.129478,-1898.303345
0.343381,0.129281,-1898.262695
0.343381,0.129281,-1903.14502
0.343381,0.129281,-1901.04248
0.336482,0.133886,-1901.405151
0.336482,0.133886,-1913.078003
0.336482,0.133886,-1905.392334
0.334956,0.132318,-1900.572876
0.334956,0.132318,-1903.781006
0.335997,0.131528,-1900.264038
0.337853,0.132432,-1910.124146
0.337853,0.132432,-1916.093994
0.337853,0.132432,-1908.330078
0.338624,0.135029,-1902.244141
0.339569,0.134723,-1896.621338
0.339569,0.134723,-1900.259766
0.339569,0.134723,-1903.737793
0.33913,0.133777,-1901.371094
0.343174,0.13518,-1903.256104
0.343174,0.13518,-1902.27356
0.348555,0.132644,-1900.01709
0.348555,0.132644,-1902.968994
0.348555,0.132644,-1902.408447
0.346129,0.132395,-1898.994385
0.347071,0.125816,-1903.324707
0.346915,0.121842,-1902.106934
0.346915,0.121842,-1900.728638
0.346769,0.124035,-1902.141113
0.346769,0.124035,-1900.151611
0.346769,0.124035,-1906.610718
0.345186,0.123009,-1899.691895
0.345186,0.123009,-1904.856201
0.345186,0.123009,-1904.458984
0.345186,0.123009,-1904.397461
0.345186,0.123009,-1901.373535
0.345186,0.123009,-1902.136963
0.345186,0.123009,-1901.749512
0.34215,0.121252,-1904.206543
0.34215,0.121252,-1900.417603
0.342772,0.115736,-1905.401855
0.348024,0.112011,-1908.271729
0.349452,0.117212,-1904.302246
0.350397,0.11669,-1902.846436
0.349022,0.115466,-1903.481201
0.349022,0.115466,-1903.943359
0.350358,0.114696,-1905.050293
0.35491,0.119367,-1903.639893
0.352554,0.120932,-1903.628296
0.352554,0.120932,-1904.013184
0.352554,0.120932,-1902.704834
0.352554,0.120932,-1903.403076
0.352554,0.120932,-1904.345947
0.353972,0.116614,-1904.645752
0.353972,0.116614,-1903.712891
0.352849,0.114146,-1905.484009
0.352849,0.114146,-1905.410767
0.352849,0.114146,-1905.755859
0.352667,0.114899,-1903.361694
0.351624,0.114326,-1904.919189
0.351177,0.118876,-1903.927368
0.353782,0.124371,-1904.508789
0.351315,0.127709,-1905.299072
0.350681,0.126136,-1903.093506
0.3469,0.126168,-1899.639526
0.3469,0.126168,-1905.928711
0.3469,0.126168,-1903.825684
0.347394,0.126129,-1901.649902
0.347394,0.126129,-1901.224609
0.350032,0.129018,-1901.589844
0.350482,0.131826,-1901.759521
0.350482,0.131826,-1902.600098
0.350482,0.131826,-1902.36084
0.350493,0.131818,-1903.993286
0.349216,0.134573,-1904.682373
0.350573,0.135646,-1901.626709
0.350573,0.135646,-1900.835083
0.350573,0.135646,-1903.109619
0.350573,0.135646,-1902.475098
0.350573,0.135646,-1902.704834
0.350573,0.135646,-1902.907227
0.350573,0.135646,-1902.513794
0.352758,0.133877,-1902.096802
0.351774,0.135875,-1903.194824
0.351042,0.136599,-1905.970703
0.353354,0.139284,-1903.817261
0.35204,0.136761,-1903.82251
0.349351,0.134901,-1901.356812
0.349351,0.134901,-1903.915039
0.349351,0.134901,-1901.547119
0.349351,0.134901,-1902.136719
0.348355,0.135022,-1901.672363
0.350884,0.134637,-1902.536377
0.349805,0.133583,-1901.334595
0.349805,0.133583,-1902.229736
0.350782,0.133657,-1902.749756
0.352784,0.129268,-1901.704712
0.352989,0.128273,-1903.638916
0.352989,0.128273,-1902.811523
0.355876,0.131172,-1904.465332
0.350818,0.129665,-1902.06311
0.349531,0.131127,-1903.266602
0.348469,0.130177,-1901.518799
0.347513,0.132298,-1901.502563
0.344485,0.130145,-1899.798584
0.348059,0.125734,-1901.312378
0.347013,0.122497,-1904.509766
0.347925,0.120974,-1901.323364
0.348389,0.120242,-1902.149536
0.348389,0.120242,-1902.901855
0.350652,0.120984,-1902.953369
0.350652,0.120984,-1903.36499
0.350652,0.120984,-1903.17749
0.352942,0.124288,-1902.917236
0.352942,0.124288,-1903.088379
0.352942,0.124288,-1901.995239
0.352942,0.124288,-1903.437134
0.352942,0.124288,-1902.933105
0.349566,0.125497,-1903.686035
0.347267,0.129488,-1902.744873
0.347067,0.135884,-1901.661499
0.349762,0.136684,-1902.995728
0.349762,0.136684,-1901.3302
0.345184,0.136778,-1904.294678
0.340182,0.142,-1905.45813
0.33866,0.141244,-1902.529907
0.338643,0.141558,-1902.519165
0.339047,0.142696,-1905.498535
0.339047,0.142696,-1897.156006
0.340161,0.142941,-1902.161377
0.339532,0.13599,-1905.873047
0.339532,0.13599,-1902.334839
0.342406,0.136566,-1901.554565
0.342406,0.136566,-1903.577759
0.340788,0.13859,-1900.534668
0.340788,0.13859,-1903.094971
0.340788,0.13859,-1899.018799
0.340788,0.13859,-1901.008057
0.339217,0.134687,-1898.445068
0.339217,0.134687,-1905.883301
0.339598,0.135507,-1901.741577
0.342862,0.14072,-1906.584595
0.342976,0.141726,-1900.602783
0.342977,0.143069,-1899.754639
0.342977,0.143069,-1902.974976
0.342977,0.143069,-1901.166504
0.344962,0.13643,-1906.395264
0.344492,0.137869,-1900.977783
0.346321,0.134639,-1901.916016
0.34591,0.136929,-1900.514038
0.351293,0.135876,-1903.69043
0.356371,0.130545,-1904.193848
0.358051,0.124706,-1906.440918
0.355951,0.12633,-1905.126587
0.353058,0.128719,-1902.535156
0.353589,0.12289,-1902.907471
0.353589,0.12289,-1902.130615
0.351515,0.125689,-1903.293213
0.352453,0.1212,-1904.249512
0.35131,0.118883,-1904.355469
0.354237,0.120971,-1904.275146
0.353992,0.122453,-1903.746582
0.351754,0.123393,-1902.030762
0.351754,0.123393,-1903.854492
0.352339,0.122744,-1906.440918
0.352339,0.122744,-1902.454224
0.354127,0.122204,-1905.830322
0.352564,0.125012,-1904.209839
0.352564,0.125012,-1904.244629
0.352528,0.121263,-1904.646729
0.354447,0.117121,-1904.643311
0.353406,0.114182,-1904.83667
0.353406,0.114182,-1905.577393
0.353586,0.110909,-1905.305176
0.353586,0.110909,-1906.352051
0.353656,0.109458,-1907.43396
0.353656,0.109458,-1905.522217
0.353455,0.110364,-1906.306885
0.353455,0.110364,-1904.397095
0.353634,0.110024,-1907.686401
0.353634,0.110024,-1906.406982
0.353634,0.110024,-1906.488892
0.352666,0.108675,-1906.861206
0.352666,0.108675,-1905.348877
0.352666,0.108675,-1904.508179
0.351786,0.109695,-1905.950439
0.351786,0.109695,-1905.276855
0.350945,0.111076,-1905.523926
0.350889,0.109378,-1906.006348
0.347759,0.114793,-1903.932373
0.350632,0.118951,-1904.830811
0.350632,0.118951,-1904.160767
0.353108,0.118689,-1904.331421
0.353108,0.118689,-1903.237793
0.352239,0.115427,-1903.973877
0.352239,0.115427,-1904.630127
0.349176,0.116606,-1902.58252
0.348842,0.116223,-1903.22998
0.344458,0.119541,-1902.786621
0.344458,0.119541,-1902.044678
0.341694,0.116995,-1900.675781
0.341694,0.116995,-1905.687256
0.341785,0.119077,-1911.495483
0.341785,0.119077,-1902.296997
0.341785,0.119077,-1901.082275
0.344351,0.118958,-1905.721802
0.344351,0.118958,-1902.940674
0.344351,0.118958,-1898.643555
0.34598,0.121568,-1900.533325
0.346924,0.11764,-1901.901611
0.345335,0.118235,-1901.453369
0.345335,0.118235,-1902.437256
0.341912,0.119479,-1903.747681
0.341912,0.119479,-1905.632935
0.341912,0.119479,-1904.449951
0.341912,0.119479,-1907.442627
0.345896,0.119456,-1906.911621
0.348016,0.124437,-1904.492188
0.349835,0.121302,-1903.534424
0.35093,0.120347,-1901.013672
0.348506,0.125991,-1905.050415
0.351013,0.123375,-1904.715576
0.349721,0.125814,-1903.208984
0.349721,0.125814,-1901.830078
0.353498,0.122948,-1903.43042
0.353816,0.1215,-1902.851807
0.351063,0.1217,-1903.519043
0.351063,0.1217,-1904.710205
0.351063,0.1217,-1903.544434
0.351063,0.1217,-1902.881104
0.351063,0.1217,-1903.579468
0.351977,0.121977,-1902.000488
0.350415,0.124113,-1902.537109
0.350415,0.124113,-1901.795898
0.351821,0.123595,-1902.843872
0.350513,0.126336,-1903.532715
0.352894,0.131606,-1905.400146
0.354567,0.135693,-1904.727539
0.354567,0.135693,-1903.317261
0.354567,0.135693,-1903.477051
0.354354,0.129726,-1905.605225
0.354354,0.129726,-1903.302246
0.355511,0.132627,-1903.271606
0.355484,0.130669,-1905.766357
0.355233,0.131304,-1903.859009
0.355233,0.131304,-1904.637695
0.355233,0.131304,-1903.037476
0.355233,0.131304,-1903.531616
0.356101,0.135679,-1904.67041
0.356101,0.135679,-1903.977539
0.353852,0.1383,-1902.882568
0.351337,0.136326,-1902.663574
0.35133,0.139854,-1903.828369
0.350891,0.14409,-1902.374512
0.351004,0.141574,-1903.764648
0.347696,0.145584,-1903.087402
0.34748,0.14464,-1901.075684
0.349938,0.147904,-1902.158691
0.349474,0.148446,-1903.064209
0.34911,0.153627,-1904.26001
0.34911,0.153627,-1905.45874
0.34911,0.153627,-1901.645996
0.344334,0.145264,-1904.262085
0.344334,0.145264,-1904.552246
0.344335,0.146228,-1898.438965
0.343582,0.142845,-1902.66626
0.343725,0.139426,-1902.581421
0.343725,0.139426,-1902.921509
0.343725,0.139426,-1904.918213
0.343725,0.139426,-1902.348511
0.343725,0.139426,-1899.854004
0.346667,0.143753,-1904.408081
0.345046,0.140589,-1900.904175
0.345046,0.140589,-1902.648193
0.345046,0.140589,-1902.151001
0.346836,0.141715,-1902.6521
0.348857,0.145354,-1902.409912
0.346013,0.144589,-1900.285156
0.346013,0.144589,-1900.549805
0.346559,0.14863,-1908.229492
0.3469,0.150699,-1902.785645
0.347588,0.147728,-1902.508301
0.347588,0.147728,-1901.541748
0.351972,0.151163,-1904.391113
0.351087,0.150554,-1903.922974
0.347315,0.151437,-1903.602539
0.348038,0.154009,-1902.148193
0.348038,0.154009,-1902.498779
0.348038,0.154009,-1904.074219
0.351069,0.148768,-1904.06543
0.345484,0.151226,-1901.998047
0.344123,0.152965,-1903.582275
0.344123,0.152965,-1902.079834
0.344123,0.152965,-1901.432129
0.342378,0.149012,-1906.185059
0.342378,0.149012,-1901.276123
0.343889,0.149302,-1906.101074
0.341558,0.149964,-1899.58667
0.341558,0.149964,-1898.272461
0.34327,0.156499,-1904.570435
0.343915,0.153803,-1904.9646
0.343915,0.153803,-1903.353027
0.346351,0.15546,-1903.092285
0.346351,0.15546,-1902.338135
0.346351,0.15546,-1904.304077
0.343129,0.1567,-1906.981201
0.343129,0.1567,-1901.031738
0.343129,0.1567,-1904.89624
0.344495,0.152669,-1900.484863
0.344495,0.152669,-1902.118774
0.344495,0.152669,-1902.973877
0.344396,0.154584,-1902.456055
0.345108,0.160355,-1905.074585
0.343245,0.159785,-1904.841064
0.343245,0.159785,-1907.376221
0.344731,0.159947,-1904.787476
0.346154,0.160956,-1906.707275
0.346154,0.160956,-1904.146362
0.34838,0.159443,-1906.111206
0.350593,0.159522,-1904.509888
0.350593,0.159522,-1904.513062
0.350593,0.159522,-1903.681152
0.350593,0.159522,-1905.474121
0.352559,0.160217,-1907.739502
0.352548,0.160132,-1905.844116
0.351367,0.159473,-1906.301025
0.351367,0.159473,-1905.771851
0.351367,0.159473,-1905.82959
0.348539,0.163481,-1908.127563
0.34726,0.164568,-1904.379272
0.347528,0.16743,-1908.135986
0.345158,0.166501,-1905.668091
0.345158,0.166501,-1905.501953
0.348523,0.164682,-1905.113525
0.342672,0.169495,-1904.912109
0.342184,0.168023,-1909.562256
0.342184,0.168023,-1907.963257
0.342184,0.168023,-1907.596069
0.341507,0.167072,-1905.390015
0.341507,0.167072,-1904.128906
0.343426,0.166816,-1904.09729
0.340946,0.161864,-1905.118652
0.342553,0.161526,-1903.513428
0.342553,0.161526,-1902.300049
0.342553,0.161526,-1905.188965
0.343491,0.16289,-1907.065186
0.343491,0.16289,-1906.754395
0.343491,0.16289,-1903.612915
0.349138,0.162022,-1904.360474
0.349138,0.162022,-1906.536865
0.347433,0.162618,-1903.928711
0.347433,0.162618,-1906.038818
0.351864,0.154214,-1903.512817
0.351864,0.154214,-1905.136841
0.352432,0.155269,-1906.913574
0.35063,0.15567,-1904.41626
0.348705,0.154539,-1905.069336
0.34906,0.152544,-1903.376709
0.34906,0.152544,-1904.68042
0.348743,0.150887,-1903.438232
0.346444,0.152449,-1905.589355
0.346392,0.154817,-1902.162598
0.346392,0.154817,-1906.030762
0.346392,0.154817,-1905.278564
0.343976,0.15801,-1903.864502
0.345109,0.157491,-1906.492798
0.345109,0.157491,-1902.347656
0.345313,0.154112,-1907.617676
0.3423,0.154959,-1902.915161
0.340346,0.148727,-1906.210693
0.340346,0.148727,-1907.165894
0.340346,0.148727,-1900.909058
0.343008,0.151066,-1899.822632
0.343008,0.151066,-1905.344971
0.343008,0.151066,-1901.145264
0.343061,0.148045,-1903.29541
0.344024,0.149657,-1900.437378
0.344329,0.149859,-1901.758301
0.347463,0.152236,-1902.562378
0.347463,0.152236,-1906.741455
0.347463,0.152236,-1906.78125
0.349927,0.150424,-1903.631836
0.349927,0.150424,-1902.149414
0.348922,0.149507,-1902.84668
0.350036,0.146249,-1903.501465
0.348136,0.139575,-1902.435547
0.345335,0.138964,-1901.027588
0.345335,0.138964,-1900.14563
0.344323,0.143579,-1904.637451
0.349593,0.145747,-1902.696289
0.349593,0.145747,-1901.826904
0.351314,0.144657,-1903.341919
0.352968,0.147267,-1904.185059
0.352968,0.147267,-1905.23999
0.354469,0.147132,-1903.38269
0.354469,0.147132,-1905.542236
0.357192,0.146444,-1904.529053
0.357192,0.146444,-1905.393311
0.352652,0.149712,-1904.115356
0.352652,0.149712,-1905.046387
0.352652,0.149712,-1903.473145
0.352629,0.148788,-1903.57019
0.354385,0.148418,-1905.206543
0.352102,0.144945,-1903.353027
0.354158,0.144039,-1903.727295
0.356413,0.14254,-1904.673584
0.353591,0.141468,-1904.156616
0.353729,0.141669,-1903.750977
0.358697,0.140653,-1906.106689
0.358697,0.140653,-1904.297119
0.360289,0.139105,-1905.915161
0.36015,0.141358,-1905.468506
0.35964,0.139932,-1906.057373
0.356132,0.139392,-1904.780518
0.356132,0.139392,-1904.282959
0.354562,0.141945,-1904.65564
0.354218,0.144896,-1906.516724
0.354218,0.144896,-1903.672607
0.353989,0.143691,-1904.560303
0.349376,0.14527,-1904.491821
0.349411,0.142603,-1904.811523
0.349411,0.142603,-1903.987061
0.355458,0.14201,-1904.582031
0.351017,0.142105,-1901.798462
0.355378,0.136872,-1904.305908
0.351723,0.136371,-1903.569458
0.350105,0.130788,-1901.807495
0.350105,0.130788,-1902.164917
0.350105,0.130788,-1899.659546
0.350105,0.130788,-1903.05835
0.351858,0.129868,-1904.118896
0.351858,0.129868,-1902.961426
0.353984,0.126561,-1905.614258
0.350223,0.126553,-1900.863281
0.347215,0.126466,-1903.288452
0.345197,0.120742,-1902.402832
0.345197,0.120742,-1903.266846
0.345197,0.120742,-1901.171875
0.348256,0.122532,-1904.809326
0.346276,0.123098,-1900.519287
0.345859,0.124492,-1901.027588
0.34792,0.118949,-1901.616577
0.34792,0.118949,-1899.825073
0.35512,0.122125,-1904.36792
0.354637,0.126952,-1903.891724
0.355421,0.126059,-1904.760498
0.351634,0.125248,-1902.293213
0.347747,0.127262,-1905.075317
0.346384,0.127753,-1900.556885
0.345247,0.124422,-1904.336914
0.345247,0.124422,-1903.903442
0.345247,0.124422,-1901.504272
0.341547,0.126045,-1900.73291
0.342918,0.126619,-1899.883911
0.342033,0.127545,-1903.498779
0.338689,0.129686,-1899.662354
0.340278,0.127624,-1906.446777
0.341186,0.132112,-1899.476807
0.341186,0.132112,-1901.162964
0.341186,0.132112,-1903.398926
0.341186,0.132112,-1903.075806
0.341854,0.135088,-1910.091309
0.341854,0.135088,-1898.645264
0.341854,0.135088,-1897.428711
0.340872,0.137754,-1897.38623
0.338512,0.136899,-1906.737671
0.337359,0.13812,-1898.067627
0.336782,0.135733,-1903.555298
0.339054,0.136235,-1909.080078
0.339054,0.136235,-1898.2146
0.338932,0.136807,-1904.559814
0.337714,0.133267,-1903.197754
0.337157,0.131067,-1913.025513
0.337157,0.131067,-1901.579346
0.336691,0.132692,-1900.807373
0.340416,0.130258,-1901.001953
0.340416,0.130258,-1900.894287
0.340416,0.130258,-1906.331543
0.337788,0.131652,-1908.770386
0.337788,0.131652,-1895.28064
0.337181,0.132529,-1899.246704
0.334086,0.132099,-1902.260986
0.334086,0.132099,-1907.905151
0.334086,0.132099,-1914.394775
0.333822,0.135706,-1911.413818
0.33179,0.13614,-1908.340576
0.33179,0.13614,-1910.431885
0.33179,0.13614,-1900.833618
0.334406,0.136502,-1901.639893
0.334406,0.136502,-1907.227539
0.332565,0.131799,-1914.742188
0.332565,0.131799,-1906.779297
0.331054,0.13328,-1901.567139
0.330235,0.13413,-1918.469482
0.332705,0.134086,-1905.601318
0.333976,0.129899,-1918.883423
0.333976,0.129899,-1904.904785
0.331377,0.131008,-1903.953369
0.331377,0.131008,-1907.182373
0.331377,0.131008,-1903.760742
0.332578,0.129339,-1908.892944
0.331169,0.133571,-1904.707642
0.332066,0.132443,-1907.11499
0.331087,0.132893,-1916.581299
0.329583,0.134699,-1911.642822
0.331931,0.133593,-1917.231079
0.331931,0.133593,-1903.855713
0.330456,0.135871,-1907.094238
0.327672,0.13239,-1910.14624
0.327672,0.13239,-1915.897583
0.328554,0.129533,-1920.24585
0.332628,0.121118,-1910.525635
0.33368,0.124723,-1907.495605
0.33368,0.124723,-1915.142578
0.330657,0.124119,-1900.627441
0.32829,0.126016,-1918.586182
0.32829,0.126016,-1914.011475
0.32829,0.126016,-1915.319702
0.32829,0.126016,-1912.62793
0.32829,0.126016,-1901.623901
0.325417,0.122943,-1907.496826
0.322202,0.125525,-1907.785767
0.322202,0.125525,-1915.241211
0.322202,0.125525,-1927.79248
0.320379,0.124983,-1917.917236
0.324756,0.124782,-1913.19165
0.324756,0.124782,-1917.166992
0.324756,0.124782,-1910.70166
0.325151,0.124051,-1921.761475
0.318912,0.12438,-1911.678711
0.31728,0.121431,-1923.094727
0.31728,0.121431,-1934.469238
0.318176,0.121429,-1919.463135
0.318176,0.121429,-1931.305176
0.318176,0.121429,-1915.780518
0.324593,0.11795,-1936.341797
0.326842,0.119655,-1918.440308
0.327587,0.125456,-1926.664917
0.327587,0.125456,-1916.217529
0.327587,0.125456,-1909.689453
0.327587,0.125456,-1906.087402
0.327587,0.125456,-1920.3927
0.324873,0.123508,-1923.59668
0.324886,0.122772,-1918.297852
0.324886,0.122772,-1907.280884
0.324886,0.122772,-1911.599487
0.323291,0.121494,-1903.709229
0.323291,0.121494,-1914.073364
0.322961,0.115047,-1927.207031
0.322961,0.115047,-1929.194214
0.328474,0.113826,-1922.164917
0.328474,0.113826,-1913.783569
0.327695,0.114295,-1915.296143
0.327695,0.114295,-1914.190552
0.327081,0.107166,-1915.967529
0.325758,0.1022,-1925.966064
0.325758,0.1022,-1923.585205
0.325758,0.1022,-1931.150391
0.324636,0.101453,-1916.063965
0.318192,0.09932,-1916.033447
0.318192,0.09932,-1916.026001
0.318864,0.096959,-1923.94165
0.313816,0.097494,-1927.746582
0.31311,0.094644,-1945.605713
0.312011,0.094599,-1936.799316
0.312011,0.094599,-1945.566406
0.307463,0.096605,-1943.089111
0.307463,0.096605,-1951.276123
0.307463,0.096605,-1943.486084
0.304601,0.100599,-1952.708008
0.302447,0.101676,-1945.666504
0.302447,0.101676,-1961.8479
0.302447,0.101676,-1964.626221
0.30482,0.102315,-1974.312012
0.307493,0.101568,-1971.151611
0.308737,0.10092,-1960.639893
0.309949,0.100703,-1955.218994
0.309379,0.102626,-1936.324341
0.309837,0.108865,-1942.630859
0.311777,0.111351,-1915.873291
0.311777,0.111351,-1931.0896
0.312783,0.121247,-1934.781128
0.312783,0.121247,-1922.184082
0.315188,0.1178,-1929.885498
0.315188,0.1178,-1934.83667
0.315188,0.1178,-1928.529785
0.315188,0.1178,-1916.46582
0.312478,0.114811,-1948.531494
0.311221,0.111932,-1935.205811
0.313489,0.109806,-1931.787354
0.311789,0.109352,-1949.883057
0.310977,0.111823,-1934.497437
0.310977,0.111823,-1946.348022
0.314249,0.108906,-1944.779541
0.316916,0.106831,-1937.104736
0.316916,0.106831,-1921.539795
0.316916,0.106831,-1935.670898
0.316916,0.106831,-1936.156494
0.316663,0.108753,-1944.872803
0.319828,0.110353,-1916.348999
0.320333,0.10948,-1912.343262
0.322656,0.108624,-1905.793701
0.327271,0.111186,-1925.718506
0.327271,0.111186,-1921.870483
0.327849,0.111431,-1919.778809
0.327849,0.111431,-1921.467041
0.327849,0.111431,-1915.22998
0.327849,0.111431,-1899.812866
0.327849,0.111431,-1908.197388
0.326279,0.113703,-1918.575195
0.326279,0.113703,-1909.781006
0.326279,0.113703,-1912.707397
0.326279,0.113703,-1909.368164
0.330301,0.115213,-1918.910034
0.330301,0.115213,-1908.552734
0.330301,0.115213,-1910.390869
0.333034,0.108365,-1912.986084
0.336267,0.108799,-1901.787598
0.336267,0.108799,-1904.510376
0.335443,0.110028,-1909.227051
0.334151,0.110981,-1901.832031
0.337438,0.106852,-1907.554199
0.333818,0.107644,-1903.506836
0.336673,0.104451,-1908.528198
0.336673,0.104451,-1903.14624
0.333532,0.103261,-1906.662354
0.333333,0.100546,-1900.015381
0.332979,0.097995,-1912.206177
0.329435,0.102237,-1917.141357
0.329115,0.106517,-1905.058105
0.330738,0.10605,-1920.668457
0.325323,0.104857,-1913.332275
0.323157,0.107562,-1909.131714
0.323126,0.107736,-1917.062622
0.322809,0.109608,-1914.003662
0.322093,0.111142,-1914.721191
0.322093,0.111142,-1918.11792
0.322093,0.111142,-1918.722534
0.322093,0.111142,-1900.80188
0.318885,0.109646,-1929.827637
0.321519,0.113006,-1933.320679
0.326593,0.11583,-1907.08313
0.326593,0.11583,-1920.621338
0.329898,0.114706,-1915.330322
0.329898,0.114706,-1903.689087
0.329898,0.114706,-1911.794922
0.33188,0.114846,-1910.374268
0.334119,0.112244,-1912.430664
0.334886,0.113275,-1898.419189
0.334965,0.110422,-1907.344116
0.335785,0.111182,-1905.83252
0.338946,0.112827,-1906.582275
0.338946,0.112827,-1904.080811
0.339328,0.111696,-1904.335205
0.339328,0.111696,-1903.807861
0.337535,0.11093,-1910.940186
0.337069,0.111017,-1911.140625
0.336966,0.114304,-1903.339111
0.337321,0.115194,-1901.108765
0.331344,0.110027,-1917.398682
0.331344,0.110027,-1901.741943
0.331062,0.115023,-1903.445068
0.332721,0.118059,-1918.290039
0.338146,0.115466,-1904.603882
0.338146,0.115466,-1899.437256
0.333687,0.109701,-1902.933594
0.333687,0.109701,-1906.265259
0.3344,0.10863,-1908.006348
0.3344,0.10863,-1919.466553
0.32954,0.111175,-1910.584229
0.32954,0.111175,-1910.201904
0.32954,0.111175,-1912.340698
0.334707,0.114081,-1910.626587
0.334707,0.114081,-1905.255981
0.330124,0.114975,-1895.540527
0.334582,0.113388,-1912.047607
0.334582,0.113388,-1902.552368
0.33791,0.117687,-1902.334717
0.344266,0.121519,-1899.372314
0.344823,0.119749,-1905.039917
0.341949,0.120525,-1901.906006
0.335677,0.123237,-1903.193848
0.335677,0.123237,-1900.625732
0.340279,0.116956,-1912.292236
0.338313,0.116738,-1904.712036
0.338313,0.116738,-1904.387695
0.339793,0.115771,-1911.492188
0.338849,0.116103,-1904.342041
0.338849,0.116103,-1899.585327
0.339546,0.113976,-1907.426392
0.340181,0.114955,-1906.473022
0.340181,0.114955,-1902.139893
0.340181,0.114955,-1899.680176
0.343242,0.114829,-1902.920898
0.343242,0.114829,-1902.661011
0.339257,0.11342,-1906.046265
0.339257,0.11342,-1905.979858
0.339257,0.11342,-1900.820312
0.339257,0.11342,-1902.161133
0.336268,0.107968,-1909.092773
0.336268,0.107968,-1910.675171
0.334364,0.107404,-1907.03833
0.333324,0.104987,-1906.675903
0.333181,0.106938,-1915.623657
0.342575,0.110533,-1913.489014
0.340838,0.108318,-1911.673828
0.340838,0.108318,-1901.001465
0.340838,0.108318,-1902.809814
0.341473,0.110867,-1909.216553
0.341669,0.116867,-1903.28186
0.340822,0.111399,-1901.079834
0.338304,0.113662,-1906.396729
0.338304,0.113662,-1904.012695
0.338304,0.113662,-1906.089111
0.337661,0.116509,-1905.356934
0.335258,0.112455,-1903.084961
0.333849,0.116897,-1911.743896
0.333849,0.116897,-1914.5177
0.333077,0.11867,-1912.756836
0.333873,0.124569,-1902.286621
0.333617,0.131198,-1894.29834
0.333617,0.131198,-1916.78186
0.333617,0.131198,-1909.282715
0.333617,0.131198,-1902.483643
0.332897,0.134339,-1911.560425
0.335758,0.13189,-1917.46228
0.336718,0.131043,-1903.513916
0.336718,0.131043,-1901.775146
0.336718,0.131043,-1909.86792
0.336468,0.131007,-1902.427368
0.336468,0.131007,-1903.583984
0.336468,0.131007,-1898.96814
0.332874,0.129136,-1915.828613
0.332874,0.129136,-1910.112305
0.332874,0.129136,-1902.259033
0.329391,0.129351,-1909.776489
0.329391,0.129351,-1906.386963
0.332359,0.131562,-1900.920898
0.333942,0.126994,-1908.984619
0.332266,0.122758,-1909.01001
0.33338,0.126891,-1903.498657
0.335902,0.131755,-1899.475586
0.335902,0.131755,-1910.144775
0.333649,0.132535,-1910.038818
0.333649,0.132535,-1907.953613
0.333649,0.132535,-1900.236328
0.333964,0.131272,-1896.872437
0.333964,0.131272,-1902.777588
0.33665,0.128087,-1909.939331
0.337271,0.124887,-1900.699707
0.341853,0.127142,-1906.245117
0.342015,0.126132,-1901.096924
0.338749,0.125972,-1905.271484
0.33982,0.12583,-1900.336914
0.338268,0.129476,-1898.638794
0.338268,0.129476,-1897.416748
0.339326,0.134445,-1904.355469
0.341068,0.136783,-1900.170898
0.340432,0.136159,-1897.668579
0.340882,0.135957,-1906.612061
0.339309,0.133082,-1904.589355
0.339422,0.130425,-1904.704346
0.339422,0.130425,-1895.803223
0.338791,0.132989,-1899.204712
0.338791,0.132989,-1905.879761
0.341505,0.133639,-1905.830078
0.342526,0.133218,-1902.62854
0.342526,0.133218,-1900.132812
0.342526,0.133218,-1898.924805
0.344673,0.1376,-1906.754639
0.344673,0.1376,-1901.292114
0.348983,0.140644,-1901.061768
0.348983,0.140644,-1902.078857
0.351413,0.138,-1904.801025
0.348802,0.135782,-1903.039551
0.346738,0.135017,-1902.158691
0.346738,0.135017,-1899.890503
0.346738,0.135017,-1899.263672
0.346738,0.135017,-1901.138062
0.344675,0.133112,-1902.884644
0.345679,0.134991,-1900.493164
0.346639,0.136139,-1901.568848
0.346639,0.136139,-1899.951172
0.344712,0.13671,-1899.803467
0.344712,0.13671,-1903.751953
0.344712,0.13671,-1902.270264
0.344712,0.13671,-1899.130859
0.344712,0.13671,-1899.168701
0.344959,0.13683,-1903.026367
0.344959,0.13683,-1907.069824
0.344959,0.13683,-1901.533447
0.345337,0.138188,-1900.324097
0.345783,0.138421,-1900.202637
0.345783,0.138421,-1901.962769
0.350622,0.14086,-1903.349365
0.347869,0.141804,-1902.042725
0.345754,0.145251,-1904.354492
0.344189,0.143204,-1900.100586
0.346896,0.14228,-1900.177979
0.346896,0.14228,-1899.791382
0.348325,0.143838,-1901.358643
0.34713,0.143448,-1901.931763
0.34713,0.143448,-1901.652954
0.34713,0.143448,-1901.508301
0.342028,0.146043,-1902.686401
0.341891,0.147481,-1898.487427
0.338443,0.14773,-1903.640381
0.338443,0.14773,-1899.237061
0.338406,0.145783,-1902.953857
0.33214,0.144496,-1906.593262
0.33214,0.144496,-1916.151123
0.329275,0.147114,-1902.21875
0.328784,0.138656,-1912.496582
0.330996,0.138748,-1912.517822
0.328293,0.140468,-1913.342041
0.328293,0.140468,-1922.430908
0.328293,0.140468,-1917.031128
0.331928,0.137423,-1901.142334
0.331928,0.137423,-1905.290283
0.32697,0.140466,-1898.808838
0.329698,0.138914,-1908.728516
0.329698,0.138914,-1908.33374
0.330864,0.147335,-1912.795532
0.330864,0.147335,-1929.014282
0.330864,0.147335,-1914.421143
0.330864,0.147335,-1913.441406
0.330864,0.147335,-1918.591919
0.330864,0.147335,-1918.775391
0.32686,0.147049,-1906.201904
0.328671,0.148234,-1905.921265
0.331771,0.145883,-1900.947754
0.329688,0.14756,-1905.854126
0.329688,0.14756,-1909.637451
0.332033,0.151576,-1910.473267
0.33474,0.150788,-1908.71167
0.33664,0.15445,-1905.875244
0.33664,0.15445,-1904.670776
0.338608,0.149143,-1898.518921
0.33864,0.15003,-1905.764404
0.339068,0.145073,-1904.926758
0.335347,0.144135,-1908.512573
0.334893,0.138899,-1904.426392
0.334893,0.138899,-1908.536377
0.334238,0.138567,-1903.501221
0.334238,0.138567,-1904.247314
0.336489,0.137202,-1909.260864
0.336489,0.137202,-1894.518799
0.337699,0.135671,-1906.1073
0.339199,0.136593,-1904.702515
0.338438,0.136598,-1907.054688
0.338438,0.136598,-1909.126465
0.343033,0.140586,-1904.557251
0.343033,0.140586,-1900.717651
0.344384,0.139856,-1905.459961
0.343552,0.143057,-1900.895752
0.343552,0.143057,-1900.302002
0.344709,0.144694,-1900.846069
0.344709,0.144694,-1900.730591
0.344873,0.144902,-1899.832886
0.341831,0.149008,-1901.32373
0.344155,0.149868,-1900.584473
0.344155,0.149868,-1907.054688
0.342347,0.15363,-1901.786133
0.342347,0.15363,-1905.625122
0.342347,0.15363,-1903.885254
0.342533,0.151465,-1903.411377
0.342533,0.151465,-1903.772705
0.342533,0.151465,-1901.499512
0.34509,0.148798,-1902.581299
0.34509,0.148798,-1900.53186
0.345194,0.145817,-1903.514404
0.345281,0.14169,-1901.430908
0.345281,0.14169,-1903.630127
0.344603,0.140482,-1903.12854
0.344526,0.142886,-1908.444336
0.343063,0.145165,-1906.624512
0.343063,0.145165,-1901.883911
0.342598,0.14265,-1902.689453
0.342598,0.14265,-1903.847656
0.342061,0.137748,-1902.144165
0.338949,0.139688,-1897.5271
0.340051,0.138642,-1906.892822
0.340051,0.138642,-1897.635254
0.342886,0.134399,-1903.204224
0.342886,0.134399,-1902.896851
0.347856,0.129068,-1901.442383
0.347856,0.129068,-1904.124023
0.35016,0.129147,-1903.440063
0.348334,0.128468,-1901.790039
0.351267,0.128063,-1904.22876
0.356878,0.122824,-1905.55896
0.356878,0.122824,-1904.769043
0.359777,0.121327,-1905.405029
0.359777,0.121327,-1905.571045
0.35458,0.122041,-1907.106812
0.353165,0.125718,-1903.931641
0.349753,0.116198,-1904.030151
0.349753,0.116198,-1902.125
0.349352,0.118762,-1903.634033
0.349352,0.118762,-1901.531982
0.349352,0.118762,-1903.311157
0.349352,0.118762,-1902.787109
0.349039,0.119221,-1904.541992
0.347966,0.124035,-1903.031982
0.351293,0.127204,-1902.842041
0.351293,0.127204,-1902.574219
0.353661,0.129125,-1905.466553
0.35793,0.12788,-1904.613159
0.35793,0.12788,-1905.44397
0.352004,0.126604,-1903.214355
0.352004,0.126604,-1902.125488
0.35462,0.12874,-1903.450073
0.35462,0.12874,-1905.467285
0.357806,0.128148,-1902.923218
0.357806,0.128148,-1904.59082
0.355563,0.127978,-1903.689697
0.355563,0.127978,-1904.370605
0.355904,0.128441,-1904.67334
0.355904,0.128441,-1902.966797
0.356153,0.126122,-1903.896729
0.357745,0.123984,-1905.986816
0.352468,0.124542,-1902.375
0.352468,0.124542,-1903.624878
0.356786,0.122369,-1904.020752
0.35243,0.118728,-1904.714844
0.35243,0.118728,-1904.086426
0.353916,0.119118,-1904.105225
0.354366,0.122999,-1904.772949
0.354366,0.122999,-1903.978516
0.35793,0.120351,-1904.485107
0.357765,0.112354,-1905.43042
0.359509,0.111877,-1908.601685
0.36141,0.108501,-1907.771484
0.36141,0.108501,-1907.828369
0.362163,0.107255,-1909.390869
0.360779,0.10624,-1909.213257
0.362914,0.10713,-1908.753662
0.362914,0.10713,-1909.049683
0.366269,0.105305,-1911.158569
0.367869,0.105222,-1913.121826
0.369027,0.105388,-1911.734863
0.367099,0.105198,-1911.897705
0.369542,0.107702,-1912.221191
0.367464,0.105993,-1911.672852
0.365625,0.110346,-1910.494385
0.365637,0.108879,-1910.845215
0.365637,0.108879,-1909.381104
0.361622,0.109321,-1909.021362
0.363635,0.110762,-1909.668457
0.359902,0.110425,-1907.935303
0.359063,0.112238,-1906.373413
0.359063,0.112238,-1908.48291
0.358442,0.114372,-1907.854004
0.358442,0.114372,-1905.677246
0.355586,0.116585,-1904.859497
0.353834,0.116624,-1906.142822
0.353917,0.118054,-1904.498779
0.353917,0.118054,-1904.014893
0.353917,0.118054,-1904.043701
0.348154,0.115241,-1904.082886
0.348154,0.115241,-1900.850098
0.351031,0.110804,-1905.757324
0.351031,0.110804,-1905.112671
0.346851,0.115208,-1901.986572
0.342862,0.116112,-1906.231689
0.340055,0.116926,-1907.514526
0.336985,0.117208,-1909.214355
0.336985,0.117208,-1901.050903
0.340215,0.11767,-1910.601074
0.340215,0.11767,-1907.018677
0.341955,0.121796,-1906.89209
0.341955,0.121796,-1899.268555
0.341813,0.122223,-1904.625244
0.348241,0.125748,-1903.053711
0.344394,0.126801,-1902.782227
0.342987,0.126746,-1901.271973
0.342987,0.126746,-1902.15625
0.345074,0.129627,-1901.697632
0.343877,0.132367,-1904.777588
0.343877,0.132367,-1900.7771
0.342128,0.134506,-1900.542969
0.340541,0.135057,-1899.616455
0.340541,0.135057,-1900.373657
0.343722,0.132703,-1907.248535
0.340279,0.134565,-1900.463257
0.340279,0.134565,-1898.590088
0.340279,0.134565,-1906.537964
0.341481,0.133345,-1904.803467
0.345496,0.132281,-1906.745361
0.348236,0.136631,-1901.982178
0.348236,0.136631,-1900.290039
0.349338,0.139909,-1902.706421
0.349338,0.139909,-1903.35376
0.349255,0.140522,-1902.329834
0.351498,0.134459,-1902.167114
0.35012,0.134851,-1904.696533
0.352288,0.137517,-1902.213379
0.356668,0.134579,-1905.117065
0.356668,0.134579,-1903.703125
0.356668,0.134579,-1904.007812
0.349872,0.132915,-1901.375
0.3479,0.130209,-1899.766113
0.3479,0.130209,-1900.672729
0.3479,0.130209,-1901.288574
0.3479,0.130209,-1899.65271
0.350897,0.127391,-1902.270996
0.347623,0.129007,-1903.54895
0.350659,0.125287,-1903.552856
0.347045,0.128856,-1902.137207
0.347768,0.127495,-1900.399292
0.347768,0.127495,-1900.328491
0.347768,0.127495,-1901.214478
0.347768,0.127495,-1903.348999
0.347768,0.127495,-1900.904297
0.349966,0.129313,-1903.668823
0.350354,0.130723,-1901.246094
0.35104,0.131074,-1903.034668
0.349332,0.128442,-1901.016968
0.349332,0.128442,-1902.560547
0.349332,0.128442,-1902.029541
0.349332,0.128442,-1900.825439
0.350337,0.128399,-1901.566406
0.350337,0.128399,-1901.771606
0.350337,0.128399,-1901.751709
0.350494,0.130452,-1902.173462
0.351221,0.131633,-1904.007812
0.350775,0.130248,-1903.020752
0.352011,0.133275,-1902.432373
0.352011,0.133275,-1901.770264
0.352011,0.133275,-1903.001099
0.352371,0.137545,-1902.218018
0.348153,0.139012,-1901.856445
0.348153,0.139012,-1900.452271
0.345625,0.136214,-1906.38855
0.345625,0.136214,-1901.591064
0.342851,0.135781,-1897.910645
0.342114,0.135247,-1902.177246
0.342114,0.135247,-1901.553589
0.340995,0.136707,-1896.546265
0.341267,0.136396,-1904.07373
0.341267,0.136396,-1898.710205
0.344992,0.135499,-1900.114258
0.348251,0.135179,-1900.437378
0.348251,0.135179,-1899.67041
0.348251,0.135179,-1900.964844
0.348251,0.135179,-1902.009033
0.348251,0.135179,-1903.8479
0.346517,0.137915,-1901.368408
0.350975,0.139177,-1901.781738
0.349104,0.134289,-1903.942993
0.349104,0.134289,-1901.837891
0.35137,0.136003,-1903.918945
0.353131,0.140486,-1903.316162
0.354824,0.136371,-1904.372559
0.354313,0.136987,-1903.680176
0.357209,0.136729,-1904.045166
0.357209,0.136729,-1904.536621
0.357209,0.136729,-1903.665894
0.357209,0.136729,-1904.154297
0.358823,0.136844,-1905.247192
0.358823,0.136844,-1905.294556
0.358823,0.136844,-1905.077148
0.357494,0.136388,-1905.32959
0.357494,0.136388,-1904.834473
0.357494,0.136388,-1902.862061
0.360418,0.138681,-1905.187622
0.359306,0.140257,-1904.332031
0.357807,0.145859,-1904.9729
0.357807,0.145859,-1904.341431
0.354944,0.148452,-1906.203369
0.354944,0.148452,-1903.575195
0.354944,0.148452,-1905.593506
0.357616,0.148164,-1905.713379
0.359325,0.148668,-1905.976807
0.361659,0.147348,-1907.316406
0.361659,0.147348,-1906.060059
0.354822,0.150083,-1906.650146
0.353243,0.157872,-1905.333984
0.353243,0.157872,-1906.174683
0.351703,0.159491,-1906.613281
0.351703,0.159491,-1904.747559
0.349595,0.158535,-1904.180054
0.348665,0.160206,-1908.260376
0.352962,0.162213,-1906.4198
0.352962,0.162213,-1905.682007
0.35495,0.159528,-1906.428101
0.35495,0.159528,-1905.89563
0.358273,0.15746,-1907.645996
0.353931,0.156269,-1904.825806
0.351477,0.154962,-1904.558838
0.349492,0.152151,-1904.087158
0.349492,0.152151,-1903.472412
0.347168,0.147817,-1900.521973
0.347168,0.147817,-1903.164185
0.347168,0.147817,-1903.953125
0.345055,0.144018,-1900.986084
0.342496,0.143787,-1903.226562
0.342496,0.143787,-1905.876099
0.342496,0.143787,-1905.766113
0.342496,0.143787,-1903.355713
0.342496,0.143787,-1903.247314
0.341546,0.1383,-1897.510986
0.341546,0.1383,-1898.966064
0.341546,0.1383,-1904.8125
0.341866,0.135202,-1905.703857
0.341866,0.135202,-1902.614624
0.344345,0.132134,-1898.938721
0.344345,0.132134,-1900.707397
0.344345,0.132134,-1900.742065
0.343382,0.133537,-1901.498779
0.343382,0.133537,-1900.652222
0.342092,0.136856,-1900.31543
0.342092,0.136856,-1898.332397
0.342092,0.136856,-1903.518311
0.343092,0.137982,-1901.63916
0.343092,0.137982,-1906.197021
0.343092,0.137982,-1902.700439
0.343092,0.137982,-1899.692261
0.343092,0.137982,-1903.508667
0.343092,0.137982,-1901.384155
0.342875,0.134863,-1908.497437
0.342875,0.134863,-1901.136597
0.342875,0.134863,-1902.710571
0.342875,0.134863,-1903.690186
0.344488,0.133732,-1900.788086
0.346406,0.130729,-1904.619629
0.343315,0.128453,-1900.261475
0.346905,0.128477,-1901.450195
0.350618,0.133056,-1902.390991
0.350618,0.133056,-1901.160645
0.350618,0.133056,-1901.657104
0.349881,0.13337,-1900.999756
0.349881,0.13337,-1900.977661
0.346616,0.1329,-1902.074097
0.346616,0.1329,-1899.736816
0.349185,0.134041,-1904.615723
0.349185,0.134041,-1901.877808
0.349185,0.134041,-1903.585083
0.349185,0.134041,-1902.432007
0.35358,0.131244,-1904.543945
0.35358,0.131244,-1901.746582
0.355373,0.132061,-1904.570801
0.353934,0.131426,-1903.213379
0.355107,0.137875,-1904.526855
0.356367,0.137399,-1903.908691
0.356482,0.138871,-1904.695068
0.356482,0.138871,-1903.602783
0.356482,0.138871,-1903.858887
0.357851,0.141631,-1904.959473
0.358216,0.144138,-1904.173096
0.358216,0.144138,-1905.139282
0.363262,0.143305,-1907.155029
0.367811,0.144583,-1907.774292
0.367663,0.145068,-1909.348999
0.367663,0.145068,-1909.177734
0.370096,0.145922,-1910.357422
0.36952,0.141935,-1908.046387
0.36973,0.139286,-1910.224121
0.36808,0.136316,-1907.926025
0.366761,0.13568,-1908.617676
0.364995,0.135168,-1908.608521
0.364995,0.135168,-1908.162354
0.364995,0.135168,-1907.428833
0.364995,0.135168,-1907.13208
0.363188,0.132739,-1907.248779
0.362336,0.135597,-1905.325317
0.360091,0.135315,-1905.766846
0.357239,0.131957,-1903.350098
0.357797,0.127194,-1903.732666
0.357797,0.127194,-1902.770752
0.354844,0.127122,-1904.655273
0.348846,0.131923,-1903.527954
0.348846,0.131923,-1902.329956
0.348846,0.131923,-1901.109131
0.351616,0.135536,-1901.822632
0.350461,0.141746,-1903.975586
0.350461,0.141746,-1902.972778
0.35118,0.143168,-1905.170166
0.353098,0.143572,-1905.299316
0.353098,0.143572,-1902.142212
0.354724,0.139343,-1904.234131
0.353386,0.137076,-1903.744385
0.350526,0.129765,-1903.331787
0.348053,0.128241,-1900.028931
0.348053,0.128241,-1903.104004
0.349018,0.125992,-1902.976685
0.351333,0.125055,-1902.52832
0.351707,0.129746,-1903.343994
0.353298,0.130198,-1902.134277
0.352196,0.128961,-1903.046387
0.351125,0.131344,-1903.739014
0.351125,0.131344,-1902.454346
0.351125,0.131344,-1902.417725
0.352713,0.129789,-1902.551758
0.352713,0.129789,-1904.641357
0.352713,0.129789,-1902.990234
0.353551,0.128857,-1903.695312
0.353551,0.128857,-1902.633667
0.353551,0.128857,-1903.331299
0.353551,0.128857,-1902.948242
0.353975,0.128827,-1902.965088
0.353271,0.128769,-1903.275269
0.353271,0.128769,-1901.781006
0.353271,0.128769,-1903.162231
0.353271,0.128769,-1903.030029
0.353271,0.128769,-1902.97229
0.35258,0.127493,-1903.374634
0.348185,0.133643,-1899.631958
0.345859,0.135532,-1902.418213
0.345859,0.135532,-1900.302124
0.344873,0.137126,-1904.062988
0.342408,0.14215,-1899.104248
0.338207,0.142062,-1902.028809
0.337904,0.139166,-1901.0896
0.337904,0.139166,-1911.040039
0.339636,0.14001,-1902.04834
0.339191,0.140401,-1901.432861
0.337901,0.136576,-1910.091919
0.33311,0.134463,-1893.996216
0.335194,0.133471,-1897.935547
0.335557,0.142662,-1902.062622
0.335557,0.142662,-1904.057861
0.333049,0.149362,-1900.987061
0.333049,0.149362,-1909.299561
0.333049,0.149362,-1902.068726
0.333049,0.149362,-1909.853516
0.333049,0.149362,-1896.826416
0.333049,0.149362,-1904.827881
0.33564,0.151412,-1907.040894
0.33564,0.151412,-1901.022949
0.336602,0.154129,-1914.014771
0.333314,0.153163,-1908.232666
0.333314,0.153163,-1894.863525
0.333314,0.153163,-1908.02478
0.335033,0.154798,-1910.198975
0.338518,0.154568,-1905.442993
0.338518,0.154568,-1899.057739
0.341744,0.157285,-1906.060303
0.34185,0.156785,-1910.553955
0.343334,0.153675,-1901.651978
0.343334,0.153675,-1903.84375
0.33843,0.151853,-1900.92627
0.33843,0.151853,-1902.039673
0.33843,0.151853,-1908.720337
0.33843,0.151853,-1905.963135
0.336934,0.150219,-1901.411133
0.336934,0.150219,-1906.836182
0.340225,0.149862,-1904.922485
0.344509,0.154658,-1903.348877
0.344509,0.154658,-1905.474121
0.344509,0.154658,-1900.602539
0.34599,0.154322,-1902.491455
0.34599,0.154322,-1902.113281
0.34599,0.154322,-1904.276733
0.344926,0.160877,-1903.121948
0.344926,0.160877,-1907.75293
0.344926,0.160877,-1904.709717
0.344926,0.160877,-1901.843994
0.341623,0.161471,-1906.250488
0.345323,0.160899,-1902.634033
0.345323,0.160899,-1904.094238
0.347304,0.157507,-1905.400635
0.348527,0.1593,-1905.175415
0.350129,0.157783,-1905.465698
0.351713,0.157577,-1905.290039
0.348593,0.151153,-1902.515137
0.346493,0.149843,-1904.995117
0.346493,0.149843,-1902.963867
0.345975,0.15392,-1904.003052
0.345975,0.15392,-1908.087891
0.345975,0.15392,-1903.49939
0.343423,0.161964,-1901.748779
0.343242,0.156854,-1905.831299
0.343242,0.156854,-1907.670654
0.342947,0.153563,-1904.143677
0.342016,0.155756,-1902.168579
0.341622,0.149443,-1903.226318
0.342019,0.15166,-1900.354736
0.342019,0.15166,-1901.970093
0.343718,0.155788,-1903.962158
0.343718,0.155788,-1903.596924
0.345696,0.153945,-1902.21875
0.345696,0.153945,-1903.918457
0.346279,0.152555,-1906.222412
0.341726,0.148313,-1899.45752
0.341726,0.148313,-1906.083618
0.341726,0.148313,-1906.810425
0.341726,0.148313,-1899.634766
0.337582,0.149216,-1905.487915
0.337582,0.149216,-1901.896729
0.335611,0.147797,-1901.609375
0.335611,0.147797,-1909.834961
0.331612,0.145768,-1915.695679
0.332105,0.151414,-1913.734741
0.333934,0.146673,-1906.689941
0.334744,0.144812,-1895.849976
0.337516,0.147537,-1904.786987
0.338945,0.146723,-1902.833862
0.340696,0.141978,-1907.348267
0.34763,0.140631,-1904.589355
0.346616,0.141493,-1904.868652
0.348987,0.142473,-1905.152588
0.34987,0.145196,-1903.514893
0.34987,0.145196,-1902.955688
0.349467,0.150029,-1902.331421
0.35062,0.148353,-1901.538818
0.349337,0.14994,-1903.410889
0.349616,0.148449,-1902.176758
0.349616,0.148449,-1903.326172
0.349845,0.145466,-1905.259521
0.349845,0.145466,-1901.97998
0.351592,0.146769,-1904.06958
0.351656,0.148811,-1902.489136
0.353394,0.152015,-1904.422607
0.353394,0.152015,-1904.076904
0.357412,0.151966,-1906.44043
0.357412,0.151966,-1905.997803
0.356644,0.152562,-1906.531982
0.354291,0.155723,-1905.210693
0.354291,0.155723,-1905.797119
0.347914,0.149981,-1902.503906
0.351096,0.14914,-1905.050171
0.348798,0.14847,-1902.514648
0.345168,0.155198,-1904.595215
0.345275,0.153899,-1903.694824
0.34711,0.155469,-1905.527588
0.348884,0.155145,-1907.527344
0.34792,0.158167,-1904.864746
0.34792,0.158167,-1905.075928
0.34792,0.158167,-1903.518066
0.347422,0.159056,-1905.996338
0.347264,0.15981,-1905.333618
0.347264,0.15981,-1902.530029
0.347264,0.15981,-1903.594482
0.347264,0.15981,-1903.521729
0.348522,0.163854,-1905.806396
0.348522,0.163854,-1905.056396
0.348522,0.163854,-1905.406738
0.348522,0.163854,-1905.114502
0.348522,0.163854,-1906.795654
0.348522,0.163854,-1905.786621
0.348522,0.163854,-1902.514404
0.348522,0.163854,-1906.362549
0.348522,0.163854,-1910.091431
0.348522,0.163854,-1905.171021
0.348459,0.165768,-1905.032227
0.34437,0.161396,-1905.322144
0.34437,0.161396,-1903.939453
0.343072,0.158543,-1907.272949
0.343072,0.158543,-1903.348877
0.343072,0.158543,-1901.626953
0.342312,0.157319,-1903.117432
0.342507,0.158094,-1902.759521
0.342507,0.158094,-1901.29126
0.344088,0.159051,-1907.41333
0.344088,0.159051,-1908.48877
0.344088,0.159051,-1904.312988
0.344088,0.159051,-1903.84375
0.344088,0.159051,-1901.53418
0.346576,0.159676,-1907.976807
0.346104,0.160468,-1905.457153
0.346104,0.160468,-1903.371094
0.346104,0.160468,-1905.899414
0.347927,0.158674,-1905.021851
0.347794,0.160169,-1903.653809
0.347794,0.160169,-1904.304688
0.347794,0.160169,-1908.309692
0.348104,0.162481,-1907.494141
0.352344,0.161324,-1905.287598
0.352344,0.161324,-1905.324463
0.351139,0.159411,-1905.925171
0.351561,0.158904,-1905.153564
0.352478,0.162942,-1906.609497
0.355875,0.165396,-1908.341675
0.356615,0.161523,-1907.814941
0.354867,0.166445,-1907.668701
0.353785,0.166814,-1911.054199
0.349902,0.167142,-1906.366089
0.352885,0.165787,-1906.990967
0.352223,0.169428,-1908.250244
0.357671,0.171066,-1909.577271
0.356379,0.169907,-1911.550537
0.355938,0.167198,-1909.462769
0.359362,0.16827,-1910.887207
0.360535,0.166734,-1910.368408
0.360535,0.166734,-1910.206665
0.360437,0.165923,-1910.016357
0.360437,0.165923,-1908.544556
0.360437,0.165923,-1910.672119
0.360437,0.165923,-1911.040894
0.354255,0.172002,-1908.000732
0.355749,0.169173,-1908.245117
0.352007,0.169462,-1906.990967
0.352007,0.169462,-1907.427612
0.350473,0.173097,-1908.419434
0.351656,0.176524,-1912.594971
0.351616,0.180022,-1912.113525
0.350643,0.17582,-1908.83252
0.350987,0.172741,-1908.965454
0.349741,0.171515,-1909.479126
0.349741,0.171515,-1906.139282
0.349741,0.171515,-1906.639526
0.348269,0.170887,-1906.757202
0.349864,0.169774,-1907.56604
0.349864,0.169774,-1908.408447
0.350697,0.168604,-1907.476318
0.350697,0.168604,-1907.072021
0.350697,0.168604,-1907.14978
0.347553,0.169392,-1905.473511
0.347553,0.169392,-1909.920654
0.347553,0.169392,-1906.833496
0.347553,0.169392,-1907.591431
0.347553,0.169392,-1906.477051
0.346755,0.167476,-1911.479492
0.346755,0.167476,-1906.87439
0.34963,0.167619,-1907.954102
0.35148,0.167717,-1909.790161
0.35148,0.167717,-1907.163818
0.351893,0.169785,-1907.825317
0.352248,0.170932,-1909.774414
0.352248,0.170932,-1908.474365
0.346845,0.168583,-1907.66626
0.34325,0.165466,-1905.156494
0.346412,0.161124,-1905.417358
0.346412,0.161124,-1902.518311
0.346412,0.161124,-1903.310059
0.345815,0.159451,-1903.861572
0.346559,0.160067,-1904.0979
0.346474,0.162593,-1908.468506
0.346474,0.162593,-1904.134033
0.345316,0.16026,-1902.490234
0.345316,0.16026,-1902.104492
0.345377,0.161352,-1905.681641
0.348843,0.158969,-1905.446655
0.3475,0.159185,-1903.073486
0.347102,0.1573,-1906.205811
0.344454,0.16,-1904.862305
0.342229,0.158095,-1902.195312
0.342229,0.158095,-1904.046143
0.339985,0.156585,-1910.652954
0.338004,0.159071,-1909.102539
0.338004,0.159071,-1905.018188
0.338004,0.159071,-1909.364014
0.336763,0.15763,-1909.880859
0.336763,0.15763,-1902.238159
0.336763,0.15763,-1911.510742
0.336763,0.15763,-1901.3479
0.336763,0.15763,-1910.578003
0.336763,0.15763,-1908.861206
0.336763,0.15763,-1911.551392
0.335786,0.160334,-1907.771484
0.335797,0.160342,-1898.828369
0.335797,0.160342,-1907.005127
0.335797,0.160342,-1902.2948
0.335797,0.160342,-1904.484619
0.339052,0.161215,-1904.973877
0.339052,0.161215,-1906.412842
0.339052,0.161215,-1907.924072
0.339052,0.161215,-1903.54126
0.343725,0.162819,-1903.671143
0.346976,0.164095,-1905.438599
0.348747,0.165008,-1904.375732
0.348747,0.165008,-1904.946167
0.348747,0.165008,-1906.380371
0.347674,0.167393,-1907.487549
0.348004,0.168906,-1907.39917
0.355736,0.166413,-1907.610107
0.353439,0.165054,-1910.01709
0.350167,0.16428,-1905.107666
0.352408,0.164259,-1906.566895
0.352408,0.164259,-1906.389648
0.352408,0.164259,-1907.48999
0.352408,0.164259,-1906.317139
0.353953,0.162895,-1908.010132
0.355213,0.158609,-1907.773193
0.357204,0.155182,-1906.669556
0.358904,0.157347,-1907.229004
0.359605,0.154997,-1906.194702
0.359605,0.154997,-1908.11145
0.359605,0.154997,-1907.853638
0.360235,0.158721,-1907.76709
0.358994,0.162455,-1908.091431
0.355968,0.159604,-1908.80127
0.353699,0.161396,-1907.142212
0.353699,0.161396,-1907.945435
0.353699,0.161396,-1905.723389
0.350358,0.162945,-1904.860962
0.352615,0.167854,-1907.622559
0.351044,0.166229,-1906.685547
0.351044,0.166229,-1907.66333
0.353045,0.165076,-1907.396973
0.351925,0.163432,-1905.773438
0.351925,0.163432,-1904.624023
0.350813,0.161831,-1904.895752
0.350813,0.161831,-1904.493164
0.350519,0.163981,-1905.26709
0.351237,0.166596,-1906.446899
0.351237,0.166596,-1907.612427
0.351237,0.166596,-1905.983887
0.351103,0.169417,-1906.824463
0.354058,0.168036,-1908.858398
0.352067,0.170446,-1907.498291
0.350097,0.170743,-1909.406982
0.350097,0.170743,-1907.07251
0.350512,0.166146,-1908.237549
0.350512,0.166146,-1905.634155
0.352888,0.166453,-1906.880615
0.352888,0.166453,-1909.768311
0.351874,0.169003,-1907.011597
0.351874,0.169003,-1907.599121
0.353873,0.167934,-1907.963989
0.34863,0.170281,-1908.953369
0.34863,0.170281,-1907.573975
0.346667,0.172067,-1908.603638
0.353333,0.174123,-1909.112549
0.34961,0.175055,-1910.288696
0.350501,0.173231,-1910.549683
0.35273,0.173973,-1909.496338
0.353501,0.170973,-1909.147461
0.353501,0.170973,-1909.122681
0.351907,0.172665,-1910.679688
0.350118,0.168417,-1906.883667
0.350118,0.168417,-1906.789062
0.350118,0.168417,-1907.141846
0.350118,0.168417,-1905.602051
0.350118,0.168417,-1907.136475
0.350899,0.169474,-1908.772705
0.351839,0.168127,-1907.567383
0.351839,0.168127,-1907.425171
0.35079,0.162997,-1905.842163
0.35079,0.162997,-1904.01001
0.35251,0.159606,-1904.586426
0.35251,0.159606,-1905.625244
0.352541,0.157939,-1907.298096
0.355515,0.157628,-1906.708984
0.355181,0.156626,-1905.680908
0.355181,0.156626,-1904.056274
0.354217,0.157488,-1907.089355
0.353711,0.154944,-1904.540527
0.353711,0.154944,-1904.104248
0.350803,0.158532,-1904.648682
0.350803,0.158532,-1907.061035
0.350803,0.158532,-1906.974854
0.352727,0.156307,-1905.299194
0.34755,0.157812,-1904.715698
0.346229,0.151333,-1900.059204
0.346229,0.151333,-1902.243652
0.344499,0.153612,-1903.767822
0.344422,0.148802,-1906.255371
0.343205,0.154032,-1904.987427
0.343205,0.154032,-1905.386108
0.343918,0.153846,-1902.786743
0.343918,0.153846,-1906.209961
0.345101,0.159183,-1904.147339
0.345101,0.159183,-1906.748535
0.341942,0.157382,-1907.281738
0.343698,0.160321,-1912.247437
0.343698,0.160321,-1909.77771
0.344148,0.16201,-1903.542114
0.346065,0.160478,-1904.96521
0.346065,0.160478,-1904.969238
0.346297,0.15951,-1906.636475
0.346297,0.15951,-1902.114502
0.348772,0.159113,-1903.802246
0.341554,0.167369,-1907.197021
0.344693,0.166799,-1904.367432
0.344693,0.166799,-1903.629639
0.345323,0.167291,-1905.225342
0.343828,0.166031,-1902.880493
0.343828,0.166031,-1904.911133
0.343828,0.166031,-1902.743164
0.343828,0.166031,-1908.722656
0.343828,0.166031,-1909.056519
0.343828,0.166031,-1905.412842
0.343828,0.166031,-1904.071411
0.344923,0.16325,-1903.326538
0.347712,0.164772,-1909.625732
0.34826,0.160567,-1907.521362
0.349925,0.163652,-1907.937378
0.352147,0.163961,-1906.261597
0.350957,0.159178,-1906.46521
0.348353,0.159039,-1906.953125
0.348353,0.159039,-1906.958984
0.34556,0.161744,-1906.804443
0.340389,0.160295,-1902.71875
0.340389,0.160295,-1904.236816
0.340389,0.160295,-1904.804077
0.34093,0.161396,-1906.214478
0.342144,0.160387,-1900.98877
0.34395,0.156796,-1907.973877
0.34395,0.156796,-1906.626953
0.34395,0.156796,-1902.15332
0.343272,0.155591,-1900.190796
0.343934,0.149898,-1903.728516
0.342806,0.146786,-1900.253418
0.342806,0.146786,-1904.63208
0.344342,0.144808,-1903.061157
0.344342,0.144808,-1903.403809
0.344342,0.144808,-1899.907227
0.347538,0.14739,-1902.129883
0.347429,0.154074,-1902.108398
0.347429,0.154074,-1902.398926
0.348148,0.157212,-1902.891113
0.349352,0.150995,-1905.641968
0.347648,0.150616,-1904.506592
0.347648,0.150616,-1901.852661
0.34628,0.148372,-1902.39502
0.346737,0.146295,-1905.171387
0.34685,0.14135,-1902.885742
0.345114,0.138648,-1904.298096
0.347151,0.141598,-1904.710938
0.347151,0.141598,-1903.863281
0.344041,0.135784,-1909.310181
0.344041,0.135784,-1903.054443
0.344732,0.137388,-1903.54834
0.345534,0.136591,-1900.431641
0.348216,0.134457,-1902.034912
0.344142,0.132639,-1906.576782
0.344142,0.132639,-1900.731934
0.344142,0.132639,-1903.248535
0.344142,0.132639,-1899.726074
0.34467,0.134382,-1901.417358
0.346275,0.129899,-1903.824341
0.347189,0.136304,-1902.038574
0.347189,0.136304,-1906.788574
0.348076,0.133445,-1902.197021
0.345601,0.133279,-1899.987671
0.343579,0.128652,-1897.537109
0.34529,0.127693,-1905.152588
0.343904,0.126832,-1899.828613
0.343904,0.126832,-1904.767334
0.343173,0.131941,-1902.089111
0.343634,0.131253,-1901.394165
0.342105,0.135367,-1904.87207
0.339313,0.136877,-1904.127441
0.342769,0.133509,-1907.633667
0.3421,0.137126,-1902.518799
0.3421,0.137126,-1901.310791
0.3421,0.137126,-1901.814941
0.3421,0.137126,-1900.559082
0.338467,0.140322,-1904.352051
0.341311,0.140646,-1899.399414
0.342267,0.142077,-1899.157715
0.341597,0.138192,-1897.643311
0.338964,0.141038,-1899.018799
0.338281,0.142179,-1905.31958
0.33933,0.139882,-1905.726074
0.33933,0.139882,-1903.289551
0.33933,0.139882,-1906.375
0.340368,0.135493,-1903.102539
0.34118,0.135757,-1910.276123
0.34118,0.135757,-1904.319092
0.341451,0.131485,-1902.097046
0.341451,0.131485,-1907.835205
0.341084,0.135421,-1899.37085
0.341996,0.133835,-1898.642578
0.341264,0.136985,-1902.58667
0.341847,0.134508,-1904.99939
0.338773,0.129943,-1904.529907
0.338773,0.129943,-1903.261597
0.338773,0.129943,-1905.151611
0.338773,0.129943,-1901.618408
0.338773,0.129943,-1902.221191
0.338773,0.129943,-1898.567505
0.34236,0.129872,-1901.50647
0.342441,0.126645,-1904.592651
0.346009,0.126022,-1902.424561
0.345139,0.121314,-1901.051758
0.348003,0.12402,-1901.156128
0.348003,0.12402,-1901.946777
0.349064,0.123254,-1902.036987
0.349093,0.12025,-1903.595947
0.345777,0.119241,-1899.753418
0.347054,0.11876,-1901.681885
0.351251,0.121786,-1901.840698
0.352107,0.122719,-1904.474487
0.351473,0.121422,-1902.935547
0.351383,0.120404,-1903.683838
0.349928,0.123549,-1902.526611
0.357638,0.125721,-1905.31189
0.357638,0.125721,-1906.07312
0.357638,0.125721,-1904.654663
0.359002,0.129081,-1905.069946
0.359002,0.129081,-1904.344238
0.356693,0.128334,-1903.970215
0.354388,0.128644,-1903.204712
0.355379,0.127653,-1903.541992
0.355379,0.127653,-1903.885376
0.351325,0.127151,-1901.168701
0.350647,0.129688,-1903.118408
0.351131,0.136181,-1901.442627
0.351131,0.136181,-1900.320679
0.351131,0.136181,-1905.89856
0.350842,0.131697,-1904.219238
0.351387,0.134936,-1904.685913
0.352768,0.134374,-1904.750366
0.356027,0.128914,-1903.583984
0.356027,0.128914,-1904.340088
0.353658,0.131455,-1903.897949
0.354243,0.130328,-1903.37207
0.354243,0.130328,-1902.668579
0.354243,0.130328,-1904.035156
0.352747,0.129104,-1902.551147
0.352218,0.130175,-1903.589844
0.349718,0.13192,-1901.180664
0.3499,0.132249,-1901.90625
0.3499,0.132249,-1902.271606
0.348482,0.129606,-1902.895142
0.348378,0.132944,-1901.763916
0.348378,0.132944,-1901.386841
0.349752,0.131867,-1901.625244
0.349187,0.131623,-1902.958008
0.347091,0.131683,-1903.328857
0.347091,0.131683,-1900.975586
0.349942,0.126992,-1905.013916
0.35072,0.125678,-1900.982544
0.351248,0.127615,-1904.207031
0.358199,0.126327,-1904.796631
0.356213,0.126318,-1904.866089
0.354233,0.121012,-1903.559814
0.354233,0.121012,-1903.152832
0.354233,0.121012,-1904.234619
0.354233,0.121012,-1905.052979
0.355086,0.120031,-1904.254028
0.355086,0.120031,-1905.587036
0.357215,0.11602,-1904.554565
0.357215,0.11602,-1905.441162
0.35777,0.11556,-1907.027588
0.360084,0.116814,-1906.629395
0.361524,0.122667,-1907.387939
0.361738,0.123941,-1905.86499
0.361167,0.127095,-1905.856201
0.364605,0.123376,-1907.93042
0.364947,0.126553,-1907.935669
0.362942,0.125183,-1907.302612
0.360353,0.127518,-1905.660767
0.36306,0.1278,-1906.481934
0.36306,0.1278,-1907.759155
0.36306,0.1278,-1906.935059
0.358048,0.127493,-1905.981079
0.358048,0.127493,-1904.715332
0.362135,0.129863,-1905.9021
0.363162,0.128957,-1907.382324
0.358419,0.127892,-1905.164551
0.358529,0.125065,-1905.614868
0.359175,0.128652,-1906.285278
0.35539,0.12756,-1903.583496
0.35332,0.129559,-1901.870361
0.357122,0.1292,-1904.894165
0.357122,0.1292,-1904.004272
0.355945,0.13221,-1903.067017
0.357595,0.136256,-1905.217041
0.355814,0.136076,-1904.51709
0.356161,0.137402,-1904.14624
0.356626,0.140196,-1904.807739
0.357229,0.13944,-1904.389771
0.355179,0.139265,-1903.023193
0.355179,0.139265,-1903.959717
0.355179,0.139265,-1904.275879
0.354729,0.139012,-1905.591309
0.354729,0.139012,-1904.054932
0.351534,0.14146,-1904.287109
0.352641,0.14287,-1904.720947
0.352641,0.14287,-1902.815674
0.353264,0.145616,-1902.357544
0.353264,0.145616,-1903.818359
0.353264,0.145616,-1903.741089
0.353264,0.145616,-1904.775024
0.357609,0.147572,-1904.890625
0.357609,0.147572,-1906.10498
0.357609,0.147572,-1904.674561
0.358835,0.145076,-1905.58374
0.360205,0.144774,-1905.333008
0.360205,0.144774,-1905.24646
0.360205,0.144774,-1905.423706
0.360205,0.144774,-1906.331421
0.35998,0.148924,-1906.951904
0.357531,0.148315,-1905.314209
0.357531,0.148315,-1905.221313
0.355477,0.146097,-1905.541016
0.356987,0.146797,-1903.221436
0.357394,0.146169,-1907.02002
0.35505,0.149653,-1905.572754
0.353028,0.148138,-1903.514404
0.351155,0.149,-1904.540039
0.348276,0.144838,-1903.495972
0.344683,0.144744,-1905.542725
0.345306,0.14545,-1900.534912
0.345643,0.144046,-1902.386353
0.344874,0.143366,-1902.087769
0.345147,0.141255,-1900.214355
0.345147,0.141255,-1903.059692
0.345147,0.141255,-1899.68457
0.345147,0.141255,-1900.865234
0.344134,0.140091,-1903.824707
0.344134,0.140091,-1899.255859
0.345674,0.137621,-1903.534424
0.349134,0.137416,-1903.389648
0.348972,0.132258,-1901.720947
0.348972,0.132258,-1899.729614
0.348972,0.132258,-1900.974854
0.348888,0.132619,-1901.952637
0.348597,0.133369,-1901.418579
0.346508,0.135534,-1901.559692
0.347899,0.136457,-1904.676025
0.347899,0.136457,-1903.906982
0.351364,0.140634,-1903.116943
0.351364,0.140634,-1903.762451
0.350501,0.138726,-1902.637085
0.349216,0.137451,-1904.147583
0.350859,0.137659,-1901.421143
0.350711,0.13826,-1902.335449
0.350711,0.13826,-1901.095215
0.352271,0.141614,-1903.269653
0.352271,0.141614,-1903.457764
0.352271,0.141614,-1902.597168
0.352802,0.139731,-1903.837891
0.352802,0.139731,-1901.987061
0.353979,0.140382,-1903.789307
0.353979,0.140382,-1902.414673
0.353979,0.140382,-1902.182617
0.352589,0.133404,-1903.531616
0.350263,0.132335,-1900.4552
0.350263,0.132335,-1902.277832
0.351322,0.12937,-1901.439941
0.352143,0.128778,-1901.572021
0.351785,0.1332,-1902.286865
0.349014,0.138042,-1900.098633
0.352854,0.138905,-1907.624756
0.354025,0.141751,-1903.897461
0.354523,0.144552,-1905.84436
0.352636,0.144958,-1902.686401
0.352636,0.144958,-1903.777954
0.352636,0.144958,-1902.939819
0.352636,0.144958,-1903.747314
0.352636,0.144958,-1902.175659
0.352747,0.141618,-1902.169312
0.352747,0.141618,-1902.783936
0.35341,0.142334,-1904.43335
0.35263,0.140229,-1904.041992
0.356476,0.138781,-1905.10376
0.360713,0.140884,-1905.465576
0.358856,0.146571,-1905.586182
0.358856,0.146571,-1905.35791
0.355449,0.143861,-1905.012695
0.357034,0.144318,-1904.625732
0.357034,0.144318,-1903.3125
0.357034,0.144318,-1904.566406
0.355717,0.142193,-1904.369873
0.356744,0.138533,-1903.32605
0.355582,0.137013,-1903.397461
0.35774,0.133281,-1903.292969
0.357039,0.136354,-1904.803223
0.356201,0.13332,-1905.023438
0.355249,0.133034,-1904.342773
0.355249,0.133034,-1903.122559
0.356007,0.135092,-1905.50293
0.355525,0.137748,-1904.487305
0.355525,0.137748,-1903.404297
0.355525,0.137748,-1904.51709
0.352612,0.129476,-1901.787109
0.352612,0.129476,-1902.939087
0.353718,0.12966,-1902.99707
0.351953,0.133574,-1902.429443
0.351953,0.133574,-1900.422607
0.351953,0.133574,-1902.61438
0.348499,0.132737,-1901.483887
0.348499,0.132737,-1902.104492
0.345751,0.131561,-1902.675537
0.346304,0.130352,-1904.9729
0.346304,0.130352,-1899.960083
0.346825,0.13256,-1906.319336
0.346193,0.133653,-1899.360596
0.348357,0.130767,-1903.215576
0.348357,0.130767,-1901.258179
0.348981,0.128114,-1902.913574
0.345086,0.131729,-1901.576172
0.345086,0.131729,-1906.039307
0.345086,0.131729,-1900.097046
0.349029,0.129754,-1902.413818
0.347479,0.123569,-1902.745117
0.347479,0.123569,-1900.894165
0.350631,0.123581,-1903.463501
0.350631,0.123581,-1904.064453
0.349195,0.124086,-1903.890381
0.349195,0.124086,-1904.126709
0.345781,0.124566,-1903.970459
0.345781,0.124566,-1901.308838
0.350324,0.125234,-1903.454468
0.349822,0.122264,-1903.583862
0.349822,0.122264,-1903.507812
0.349822,0.122264,-1900.69873
0.349822,0.122264,-1903.517212
0.349695,0.124312,-1901.66687
0.349695,0.124312,-1903.629883
0.351756,0.13114,-1905.167969
0.346353,0.131698,-1901.711182
0.346793,0.128911,-1900.748413
0.346331,0.125197,-1902.11084
0.346633,0.129046,-1903.800903
0.346633,0.129046,-1901.511475
0.35155,0.126953,-1904.138794
0.35155,0.126953,-1902.616333
0.35155,0.126953,-1902.83252
0.353517,0.132246,-1902.503784
0.352832,0.131873,-1906.088989
0.355828,0.136471,-1904.194946
0.35337,0.138405,-1902.489868
0.35133,0.141115,-1905.674561
0.346455,0.144852,-1901.688477
0.346455,0.144852,-1902.105835
0.346455,0.144852,-1903.26001
0.346455,0.144852,-1900.580078
0.347303,0.144623,-1901.325195
0.345772,0.147537,-1904.119995
0.345772,0.147537,-1903.251709
0.344587,0.148959,-1903.208984
0.344587,0.148959,-1903.218018
0.344587,0.148959,-1902.809326
0.34571,0.149511,-1903.389893
0.34571,0.149511,-1901.449463
0.343579,0.143673,-1905.081543
0.343579,0.143673,-1898.825195
0.343579,0.143673,-1899.949097
0.343573,0.145927,-1902.109131
0.343862,0.149529,-1908.123657
0.343526,0.147944,-1906.523682
0.343526,0.147944,-1903.787231
0.343526,0.147944,-1900.879761
0.343526,0.147944,-1902.896484
0.343526,0.147944,-1904.747437
0.3466,0.146271,-1902.381348
0.3466,0.146271,-1900.435303
0.345607,0.151215,-1905.376465
0.346169,0.148883,-1906.40918
0.346169,0.148883,-1902.035156
0.343755,0.148036,-1902.134888
0.346143,0.148532,-1902.682373
0.34745,0.146529,-1901.840332
0.34745,0.146529,-1901.862061
0.349855,0.146958,-1905.010254
0.348087,0.146208,-1900.998291
0.348087,0.146208,-1902.875977
0.348087,0.146208,-1900.71936
0.348171,0.14933,-1906.062012
0.347162,0.152159,-1902.368896
0.347162,0.152159,-1903.534424
0.349622,0.15378,-1903.375244
0.347775,0.156022,-1902.093994
0.346791,0.156489,-1905.012329
0.343438,0.156809,-1900.76062
0.339082,0.158163,-1901.726562
0.339082,0.158163,-1907.369995
0.33548,0.159017,-1912.908203
0.33548,0.159017,-1910.43811
0.334713,0.159244,-1908.54248
0.334713,0.159244,-1906.349731
0.334713,0.159244,-1903.024048
0.336396,0.156957,-1912.59375
0.336396,0.156957,-1907.848877
0.336624,0.156027,-1918.988159
0.335221,0.149146,-1905.922119
0.33463,0.153081,-1907.186035
0.335002,0.152485,-1901.523315
0.340078,0.152937,-1908.019531
0.337007,0.155997,-1901.885254
0.337345,0.155234,-1906.701172
0.335525,0.153672,-1914.430908
0.333956,0.152655,-1901.934204
0.334587,0.150106,-1903.922119
0.338457,0.148036,-1902.789062
0.337957,0.146135,-1905.526855
0.337957,0.146135,-1908.37085
0.342469,0.146987,-1901.822754
0.345651,0.148784,-1903.087646
0.345651,0.148784,-1902.787598
0.340548,0.145283,-1904.548828
0.340548,0.145283,-1901.228027
0.338647,0.143372,-1902.481689
0.341358,0.142775,-1906.454102
0.340111,0.147474,-1899.624268
0.34103,0.150023,-1901.403687
0.338638,0.143919,-1909.47876
0.331907,0.141957,-1905.466797
0.332147,0.141616,-1909.332031
0.332147,0.141616,-1901.72229
0.332147,0.141616,-1907.661255
0.332147,0.141616,-1910.050049
0.332147,0.141616,-1898.905029
0.332147,0.141616,-1908.198364
0.332419,0.142664,-1907.838135
0.33561,0.132671,-1903.278564
0.337062,0.137445,-1908.018311
0.337062,0.137445,-1898.794922
0.337062,0.137445,-1904.813477
0.333832,0.136839,-1905.026367
0.333832,0.136839,-1903.986938
0.335834,0.133205,-1901.424194
0.337901,0.135855,-1907.881104
0.335473,0.135542,-1904.62146
0.334031,0.131403,-1903.795654
0.334031,0.131403,-1906.799194
0.333455,0.133322,-1906.113159
0.334912,0.130388,-1899.07373
0.337868,0.129151,-1899.344604
0.339755,0.13374,-1906.66394
0.339755,0.13374,-1904.730347
0.337711,0.130924,-1903.188843
0.337711,0.130924,-1903.564453
0.337134,0.13516,-1905.770996
0.337134,0.13516,-1901.028809
0.337134,0.13516,-1906.27771
0.333934,0.137442,-1904.327515
0.336514,0.134444,-1909.723633
0.336514,0.134444,-1902.087036
0.337339,0.13392,-1898.914551
0.336584,0.133222,-1907.049683
0.336584,0.133222,-1903.994385
0.3361,0.131264,-1901.544922
0.3361,0.131264,-1905.176636
0.3361,0.131264,-1905.25647
0.330657,0.128809,-1914.535278
0.330657,0.128809,-1908.72876
0.328293,0.132007,-1917.40271
0.327254,0.131994,-1911.301636
0.330433,0.128075,-1907.777588
0.332816,0.130243,-1920.15332
0.335805,0.132115,-1901.668213
0.333678,0.130359,-1905.188354
0.336233,0.129214,-1898.216797
0.336233,0.129214,-1910.072266
0.336233,0.129214,-1904.79834
0.33963,0.123953,-1900.101929
0.338601,0.123839,-1898.407227
0.336882,0.123927,-1904.44104
0.338406,0.124722,-1903.611328
0.338406,0.124722,-1900.584717
0.339833,0.125674,-1906.376953
0.346689,0.124761,-1904.420654
0.344453,0.123455,-1900.670776
0.347008,0.122828,-1907.393555
0.346203,0.119745,-1901.513428
0.346203,0.119745,-1903.817871
0.346203,0.119745,-1904.630127
0.3462,0.116135,-1900.569336
0.3462,0.116135,-1907.801514
0.3462,0.116135,-1903.27002
0.350665,0.117432,-1905.685547
0.354673,0.116875,-1904.302734
0.356435,0.115771,-1905.686646
0.356435,0.115771,-1906.574707
0.355298,0.119097,-1905.690796
0.355298,0.119097,-1905.962891
0.354072,0.118547,-1904.26709
0.354072,0.118547,-1904.298462
0.349793,0.121178,-1904.70166
0.349793,0.121178,-1900.717896
0.349793,0.121178,-1903.316406
0.349793,0.121178,-1902.198486
0.349793,0.121178,-1902.013672
0.349793,0.121178,-1903.286133
0.34833,0.119821,-1901.314209
0.350204,0.119363,-1901.293091
0.351797,0.122445,-1902.967773
0.355674,0.123687,-1905.906738
0.349798,0.128835,-1903.066895
0.348282,0.122451,-1904.863159
0.347528,0.118958,-1899.976562
0.347528,0.118958,-1904.65979
0.347528,0.118958,-1904.887939
0.347656,0.121356,-1903.880859
0.347656,0.121356,-1900.81311
0.347563,0.124804,-1903.519531
0.349073,0.122667,-1901.964111
0.346702,0.123435,-1901.049683
0.349901,0.120817,-1901.1427
0.346186,0.122611,-1901.067383
0.342972,0.125676,-1899.707275
0.339737,0.127659,-1898.31897
0.339737,0.127659,-1907.199829
0.340376,0.129298,-1906.456909
0.339006,0.128943,-1905.557861
0.341847,0.125176,-1899.102661
0.343213,0.12559,-1905.102783
0.347069,0.11757,-1905.929199
0.345987,0.112134,-1903.924683
0.346995,0.116338,-1903.243774
0.345469,0.114833,-1906.926392
0.345469,0.114833,-1903.443848
0.345111,0.114984,-1908.098389
0.349704,0.117429,-1905.834839
0.349704,0.117429,-1903.591797
0.350973,0.121318,-1902.69812
0.350973,0.121318,-1903.654297
0.35253,0.127348,-1902.325073
0.35253,0.127348,-1902.480957
0.35192,0.127095,-1901.999268
0.35192,0.127095,-1901.973022
0.35192,0.127095,-1902.11792
0.35192,0.127095,-1902.990967
0.353545,0.127844,-1903.811035
0.353761,0.126198,-1902.4729
0.34828,0.122871,-1903.44165
0.350106,0.119742,-1903.861084
0.350106,0.119742,-1903.581787
0.350106,0.119742,-1903.768799
0.350448,0.119451,-1902.479614
0.350448,0.119451,-1903.15625
0.352691,0.121149,-1903.43042
0.349294,0.121236,-1903.486816
0.350639,0.115629,-1905.790771
0.350797,0.113925,-1903.967285
0.353407,0.110293,-1907.092651
0.354327,0.115373,-1905.996338
0.354327,0.115373,-1904.064453
0.353612,0.11364,-1905.296997
0.353612,0.11364,-1904.620483
0.353612,0.11364,-1905.289795
0.352364,0.121103,-1904.085938
0.352364,0.121103,-1903.431885
0.352364,0.121103,-1902.811279
0.353442,0.125371,-1903.640137
0.351536,0.121865,-1902.403564
0.350525,0.122461,-1900.959229
0.349553,0.125186,-1905.049316
0.350229,0.125218,-1902.370728
0.350229,0.125218,-1902.776978
0.351534,0.123629,-1902.998657
0.351534,0.123629,-1903.657959
0.350545,0.125703,-1902.402588
0.345965,0.129491,-1900.651733
0.345965,0.129491,-1903.41687
0.34972,0.128372,-1901.988037
0.34972,0.128372,-1901.10022
0.350433,0.136755,-1904.436523
0.352399,0.129211,-1903.80542
0.352399,0.129211,-1900.980957
0.351462,0.133579,-1902.171753
0.351462,0.133579,-1906.032593
0.351462,0.133579,-1901.885986
0.349549,0.138511,-1903.839722
0.348062,0.137525,-1904.829224
0.349407,0.140225,-1901.385742
0.348567,0.139082,-1903.312134
0.34569,0.137826,-1899.10791
0.347949,0.139514,-1904.818115
0.347949,0.139514,-1902.81958
0.349144,0.139233,-1901.045654
0.349144,0.139233,-1902.568604
0.349144,0.139233,-1902.206787
0.349144,0.139233,-1900.682617
0.349144,0.139233,-1901.731445
0.350094,0.138551,-1902.076416
0.350094,0.138551,-1901.921509
0.350094,0.138551,-1899.959229
0.350094,0.138551,-1904.522827
0.350094,0.138551,-1900.85791
0.350094,0.138551,-1903.708618
0.349071,0.138601,-1901.113892
0.349071,0.138601,-1904.033936
0.345284,0.134078,-1901.166992
0.345284,0.134078,-1902.237061
0.344691,0.141229,-1902.150513
0.344691,0.141229,-1900.553955
0.344691,0.141229,-1901.966797
0.345975,0.146192,-1904.300293
0.345762,0.149632,-1900.758545
0.340079,0.149788,-1900.37439
0.339133,0.150994,-1906.748291
0.340196,0.149777,-1900.937866
0.340196,0.149777,-1900.427002
0.338772,0.155281,-1908.443604
0.338772,0.155281,-1909.750977
0.338772,0.155281,-1899.347656
0.338772,0.155281,-1909.574829
0.340987,0.158353,-1901.919067
0.34161,0.154291,-1902.451904
0.34161,0.154291,-1909.14209
0.343943,0.150703,-1902.737671
0.343265,0.151581,-1901.550049
0.343952,0.145526,-1900.721191
0.339039,0.148658,-1902.071533
0.339039,0.148658,-1899.761597
0.340638,0.149097,-1899.253418
0.340638,0.149097,-1899.782227
0.342942,0.147931,-1902.940674
0.338671,0.143949,-1907.425903
0.338172,0.145426,-1905.20874
0.338172,0.145426,-1904.311768
0.338939,0.147307,-1904.481934
0.338939,0.147307,-1907.748047
0.340552,0.147038,-1900.73584
0.340439,0.146967,-1908.019043
0.340439,0.146967,-1902.832031
0.340439,0.146967,-1899.71228
0.340439,0.146967,-1905.544922
0.34098,0.147875,-1904.414185
0.342111,0.144933,-1900.299561
0.342111,0.144933,-1899.513306
0.342111,0.144933,-1898.787476
0.342111,0.144933,-1903.924072
0.342111,0.144933,-1903.754639
0.336878,0.146176,-1899.924194
0.336878,0.146176,-1904.771484
0.336878,0.146176,-1903.100342
0.336878,0.146176,-1901.856201
0.333655,0.145895,-1908.802002
0.333655,0.145895,-1906.678101
0.333655,0.145895,-1906.079346
0.334912,0.151232,-1911.050781
0.33099,0.147526,-1904.753662
0.331279,0.147287,-1917.387207
0.331804,0.142992,-1911.934082
0.331804,0.142992,-1902.488647
0.331431,0.141485,-1910.476196
0.331431,0.141485,-1903.922363
0.336653,0.141141,-1912.80835
0.340096,0.139741,-1903.224365
0.340096,0.139741,-1896.976807
0.340225,0.137235,-1899.697998
0.340225,0.137235,-1906.935059
0.340225,0.137235,-1904.597778
0.34073,0.138293,-1902.772461
0.343182,0.134218,-1900.951172
0.343182,0.134218,-1899.343506
0.341872,0.134257,-1907.650024
0.339699,0.130244,-1899.876953
0.339699,0.130244,-1902.610596
0.341604,0.128745,-1903.870972
0.341604,0.128745,-1901.954224
0.343566,0.1283,-1907.174805
0.344297,0.13665,-1898.955566
0.339866,0.134928,-1898.720215
0.33626,0.138853,-1904.52478
0.33626,0.138853,-1898.928711
0.33418,0.138326,-1902.5625
0.33418,0.138326,-1905.1427
0.335426,0.141434,-1908.504639
0.337339,0.136437,-1904.238525
0.337339,0.136437,-1902.209351
0.337339,0.136437,-1902.736084
0.333855,0.137381,-1906.969971
0.335685,0.137324,-1902.449707
0.335685,0.137324,-1902.030762
0.332497,0.139801,-1900.585815
0.332109,0.137765,-1905.501953
0.330635,0.140916,-1911.062012
0.332289,0.145732,-1911.726562
0.331889,0.137884,-1896.790771
0.334321,0.137364,-1917.698608
0.334321,0.137364,-1904.544434
0.33737,0.137891,-1897.545898
0.335056,0.137672,-1902.043213
0.335056,0.137672,-1906.200928
0.338834,0.140554,-1905.025635
0.337277,0.140768,-1898.004639
0.339117,0.14236,-1897.851196
0.339117,0.14236,-1905.049561
0.339117,0.14236,-1901.141602
0.33343,0.145443,-1894.051025
0.334721,0.150101,-1907.273071
0.331795,0.149044,-1904.293335
0.323661,0.148036,-1909.500122
0.323661,0.148036,-1923.883301
0.321888,0.146769,-1913.284546
0.323169,0.145542,-1919.356934
0.323169,0.145542,-1925.296265
0.327512,0.1489,-1920.802002
0.327512,0.1489,-1907.464355
0.327512,0.1489,-1909.526001
0.327512,0.1489,-1918.080933
0.327186,0.144375,-1900.240601
0.32878,0.145824,-1914.880371
0.32878,0.145824,-1911.49939
0.333479,0.147027,-1904.211548
0.333519,0.144111,-1898.617188
0.334744,0.142725,-1904.782593
0.334744,0.142725,-1912.847412
0.334744,0.142725,-1909.585327
0.334744,0.142725,-1906.000244
0.336185,0.143137,-1910.625
0.335273,0.136027,-1905.533691
0.335273,0.136027,-1902.849854
0.33667,0.136742,-1903.47644
0.332323,0.133756,-1908.027588
0.332323,0.133756,-1896.357178
0.332323,0.133756,-1902.428101
0.331783,0.127361,-1908.077881
0.331207,0.125651,-1909.741699
0.331343,0.123014,-1909.337646
0.331343,0.123014,-1911.126221
0.332071,0.126469,-1912.487671
0.332296,0.125168,-1907.427734
0.332296,0.125168,-1901.114746
0.332296,0.125168,-1916.145508
0.331736,0.125247,-1909.115356
0.333622,0.126823,-1912.928345
0.333622,0.126823,-1898.184937
0.333622,0.126823,-1905.216919
0.33328,0.130142,-1909.840332
0.333977,0.12716,-1915.424805
0.333977,0.12716,-1902.645752
0.34051,0.128634,-1905.199219
0.342853,0.123939,-1906.459595
0.343565,0.124788,-1900.174072
0.341678,0.121974,-1906.738159
0.341678,0.121974,-1904.610107
0.341825,0.122538,-1904.257324
0.344676,0.125743,-1905.577515
0.342135,0.132409,-1903.674683
0.342967,0.132319,-1902.923584
0.342967,0.132319,-1900.193604
0.342967,0.132319,-1900.238159
0.341551,0.132918,-1901.986328
0.339625,0.133828,-1899.401978
0.339625,0.133828,-1907.626831
0.339625,0.133828,-1902.456299
0.339625,0.133828,-1899.605469
0.339625,0.133828,-1896.56897
0.343708,0.12915,-1900.273438
0.343708,0.12915,-1898.417725
0.343708,0.12915,-1901.681152
0.343708,0.12915,-1901.643433
0.343071,0.122702,-1907.768066
0.345455,0.120865,-1901.261963
0.345455,0.120865,-1902.869995
0.344775,0.117599,-1902.157959
0.342642,0.11947,-1902.038086
0.342642,0.11947,-1904.004639
0.343038,0.119846,-1902.236572
0.342535,0.117727,-1901.109253
0.342535,0.117727,-1900.316406
0.343621,0.118911,-1904.054565
0.345332,0.124397,-1902.154419
0.346941,0.122494,-1902.064453
0.346941,0.122494,-1901.570435
0.346941,0.122494,-1902.053223
0.343978,0.121961,-1903.2323
0.339115,0.122956,-1909.790771
0.339195,0.121477,-1905.156006
0.340843,0.122438,-1909.870605
0.340843,0.122438,-1912.025757
0.342239,0.123514,-1902.622437
0.342239,0.123514,-1901.042603
0.342239,0.123514,-1899.509399
0.34625,0.123543,-1905.981812
0.34625,0.123543,-1902.215576
0.342428,0.121262,-1903.944702
0.344588,0.120964,-1905.803101
0.344588,0.120964,-1903.292236
0.347054,0.119785,-1903.661865
0.347365,0.117029,-1903.004639
0.347365,0.117029,-1901.914673
0.346875,0.116292,-1903.212646
0.346008,0.117887,-1900.970459
0.348283,0.118517,-1901.633545
0.348283,0.118517,-1904.505615
0.34897,0.115031,-1903.933594
0.34897,0.115031,-1905.287354
0.352375,0.117673,-1904.826172
0.352375,0.117673,-1904.400513
0.351626,0.119294,-1903.970703
0.349483,0.118066,-1904.410034
0.349244,0.116209,-1902.169312
0.346288,0.120362,-1900.898438
0.346288,0.120362,-1903.088745
0.346288,0.120362,-1901.723145
0.345741,0.119969,-1905.601318
0.345741,0.119969,-1900.711182
0.348125,0.127344,-1902.412354
0.348125,0.127344,-1900.858398
0.349154,0.122198,-1901.533447
0.349154,0.122198,-1901.94165
0.349154,0.122198,-1904.482056
0.349154,0.122198,-1903.517334
0.347799,0.120407,-1901.873901
0.352902,0.121684,-1904.957397
0.35092,0.125416,-1902.214844
0.35092,0.125416,-1902.92334
0.35092,0.125416,-1902.972656
0.352397,0.124821,-1903.339233
0.350324,0.121564,-1901.851929
0.349759,0.117801,-1904.437866
0.349759,0.117801,-1902.341553
0.351178,0.120679,-1906.177246
0.351178,0.120679,-1904.126953
0.351757,0.122901,-1901.919922
0.351757,0.122901,-1901.599854
0.351757,0.122901,-1903.328735
0.351757,0.122901,-1902.549683
0.351757,0.122901,-1902.60498
0.351757,0.122901,-1900.960938
0.348857,0.121792,-1903.460205
0.345754,0.11831,-1904.400879
0.347807,0.118671,-1903.404541
0.349561,0.118967,-1901.921143
0.345563,0.110871,-1901.341064
0.345563,0.110871,-1902.506348
0.345563,0.110871,-1904.521973
0.34731,0.109679,-1903.960449
0.346237,0.105712,-1904.520996
0.340263,0.110934,-1903.402832
0.340263,0.110934,-1902.065918
0.340263,0.110934,-1902.880127
0.343227,0.108403,-1905.190674
0.340869,0.107086,-1906.532715
0.342764,0.106348,-1901.273804
0.342764,0.106348,-1902.361084
0.34221,0.104618,-1903.227417
0.341665,0.104801,-1904.865845
0.336889,0.100192,-1905.038208
0.340469,0.098231,-1914.773682
0.339612,0.097488,-1909.476685
0.339612,0.097488,-1907.76001
0.339967,0.0941,-1910.175781
0.338749,0.095961,-1912.409424
0.341819,0.090889,-1916.882568
0.341819,0.090889,-1909.373291
0.341618,0.089042,-1911.961914
0.341618,0.089042,-1919.113281
0.341618,0.089042,-1918.065552
0.341618,0.089042,-1911.796143
0.338549,0.089015,-1909.217773
0.340734,0.089114,-1912.42395
0.340734,0.089114,-1909.743164
0.340734,0.089114,-1908.153564
0.340734,0.089114,-1908.684937
0.337104,0.090486,-1913.209717
0.339046,0.088128,-1917.174316
0.339046,0.088128,-1916.02124
0.335852,0.09312,-1909.384277
0.335852,0.09312,-1922.66626
0.335852,0.09312,-1914.787354
0.335852,0.09312,-1907.995972
0.335852,0.09312,-1916.307617
0.335852,0.09312,-1910.918579
0.335852,0.09312,-1908.583496
0.334208,0.094555,-1907.003906
0.334418,0.097341,-1903.007935
0.334418,0.097341,-1911.162598
0.337218,0.09538,-1904.927734
0.337218,0.09538,-1907.711792
0.337218,0.09538,-1908.659668
0.337484,0.098144,-1914.902832
0.337484,0.098144,-1910.248901
0.336897,0.102088,-1909.763428
0.331077,0.104517,-1910.660278
0.328155,0.102368,-1918.42395
0.328155,0.102368,-1913.639771
0.331039,0.103784,-1918.726196
0.331147,0.10036,-1906.424927
0.332552,0.100448,-1915.171509
0.332552,0.100448,-1916.512207
0.332552,0.100448,-1913.819946
0.332552,0.100448,-1917.147461
0.332552,0.100448,-1912.530029
0.332552,0.100448,-1908.188232
0.335598,0.106848,-1908.056641
0.334254,0.106054,-1910.183228
0.334254,0.106054,-1912.911133
0.334086,0.109353,-1910.904785
0.334086,0.109353,-1904.162842
0.338578,0.106392,-1908.942627
0.335913,0.102396,-1906.44751
0.335913,0.102396,-1909.481323
0.335665,0.10359,-1906.153809
0.335665,0.10359,-1905.915771
0.335665,0.10359,-1906.45166
0.334736,0.104356,-1909.726562
0.334736,0.104356,-1919.465332
0.334736,0.104356,-1904.866699
0.334221,0.106289,-1908.778931
0.334221,0.106289,-1918.202881
0.324965,0.105545,-1915.512207
0.323619,0.103675,-1924.380249
0.323619,0.103675,-1917.824707
0.321836,0.101312,-1925.581055
0.321836,0.101312,-1926.758301
0.321836,0.101312,-1917.197021
0.319615,0.100066,-1935.34021
0.322375,0.102161,-1929.718384
0.326497,0.099855,-1925.283691
0.326497,0.099855,-1925.864502
0.326497,0.099855,-1918.486328
0.326497,0.099855,-1924.359741
0.327735,0.101094,-1912.207275
0.327735,0.101094,-1907.465576
0.327735,0.101094,-1921.280029
0.327735,0.101094,-1909.139404
0.332132,0.10031,-1919.346436
0.332132,0.10031,-1917.20105
0.332132,0.10031,-1906.058105
0.332132,0.10031,-1916.125366
0.332132,0.10031,-1907.845825
0.334568,0.100901,-1914.823242
0.334568,0.100901,-1908.441284
0.334568,0.100901,-1916.663452
0.334568,0.100901,-1917.994019
0.334568,0.100901,-1911.699341
0.334568,0.100901,-1909.52832
0.334568,0.100901,-1910.651245
0.334568,0.100901,-1904.841431
0.333255,0.107805,-1904.364746
0.333255,0.107805,-1911.044678
0.333255,0.107805,-1909.44165
0.332225,0.105574,-1910.997559
0.332225,0.105574,-1910.197754
0.333883,0.109806,-1915.056641
0.330093,0.111908,-1912.5625
0.331241,0.112604,-1911.145142
0.3307,0.109394,-1919.764282
0.3307,0.109394,-1908.740967
0.3307,0.109394,-1913.655029
0.3307,0.109394,-1909.650879
0.327305,0.111467,-1911.993408
0.327305,0.111467,-1910.00354
0.326592,0.108427,-1909.089355
0.323658,0.106081,-1922.957153
0.324638,0.105929,-1925.887939
0.324638,0.105929,-1919.88916
0.323847,0.106057,-1905.833008
0.323847,0.106057,-1909.828369
0.325516,0.106913,-1920.919189
0.325516,0.106913,-1920.252686
0.325516,0.106913,-1911.589844
0.325516,0.106913,-1906.460205
0.325516,0.106913,-1927.312134
0.325516,0.106913,-1908.88501
0.325516,0.106913,-1919.205322
0.325516,0.106913,-1917.41333
0.325516,0.106913,-1920.011841
0.328278,0.102818,-1914.085449
0.329304,0.105009,-1917.997559
0.329304,0.105009,-1903.373779
0.329304,0.105009,-1932.037354
0.329304,0.105009,-1909.723633
0.329304,0.105009,-1912.3396
0.332629,0.110749,-1916.621826
0.332629,0.110749,-1909.786865
0.332534,0.108363,-1904.49292
0.332534,0.108363,-1913.666748
0.334577,0.10945,-1912.847412
0.334577,0.10945,-1897.490723
0.334577,0.10945,-1909.899902
0.33233,0.111082,-1909.87439
0.335929,0.114539,-1906.963379
0.335929,0.114539,-1900.050537
0.33543,0.115131,-1907.525879
0.334257,0.115447,-1911.176758
0.331494,0.115159,-1907.436646
0.334438,0.117061,-1908.452393
0.332358,0.117358,-1913.89856
0.332358,0.117358,-1908.346069
0.332358,0.117358,-1910.397217
0.337604,0.117124,-1904.487793
0.337604,0.117124,-1906.486816
0.339752,0.115985,-1910.660034
0.34038,0.119993,-1904.297607
0.340668,0.122508,-1903.354126
0.340668,0.122508,-1901.50769
0.340668,0.122508,-1902.779541
0.340668,0.122508,-1910.999512
0.340668,0.122508,-1905.134033
0.340668,0.122508,-1903.823975
0.338738,0.119563,-1904.50415
0.338738,0.119563,-1905.958252
0.34225,0.118408,-1903.171387
0.34225,0.118408,-1904.768188
0.34225,0.118408,-1900.65625
0.337012,0.11591,-1900.25
0.335426,0.123069,-1913.540771
0.335426,0.123069,-1903.138306
0.335817,0.12249,-1907.262329
0.336238,0.120036,-1899.394775
0.336238,0.120036,-1901.817383
0.336238,0.120036,-1904.259766
0.337739,0.120804,-1902.797852
0.338699,0.12332,-1904.890869
0.338699,0.12332,-1909.006592
0.34168,0.124944,-1899.144043
0.34168,0.124944,-1904.970581
0.34168,0.124944,-1901.931885
0.337877,0.124271,-1899.738159
0.337877,0.124271,-1904.528076
0.339717,0.123684,-1898.920898
0.339569,0.130761,-1900.742676
0.339569,0.130761,-1895.796387
0.339569,0.130761,-1902.494141
0.342914,0.130086,-1902.786743
0.342914,0.130086,-1902.793945
0.342914,0.130086,-1903.876465
0.341447,0.129779,-1901.899658
0.341447,0.129779,-1899.552124
0.337855,0.132078,-1896.612427
0.338818,0.133573,-1900.77002
0.338818,0.133573,-1902.596191
0.340787,0.13265,-1897.769775
0.340739,0.131326,-1902.46521
0.341201,0.131768,-1900.996582
0.341201,0.131768,-1898.794067
0.345919,0.138351,-1900.998657
0.345919,0.138351,-1901.212158
0.34908,0.137613,-1902.380859
0.350471,0.143534,-1902.515625
0.349871,0.142134,-1901.385986
0.346301,0.141874,-1902.128418
0.346048,0.137079,-1900.165161
0.346048,0.137079,-1900.285522
0.343096,0.137405,-1899.337158
0.344543,0.141308,-1913.158569
0.343965,0.137918,-1900.338379
0.347835,0.135439,-1903.507935
0.347835,0.135439,-1904.019043
0.348473,0.13531,-1901.450562
0.348473,0.13531,-1901.169067
0.348178,0.132592,-1901.263306
0.348178,0.132592,-1900.772949
0.34769,0.133601,-1900.29248
0.344375,0.129686,-1899.892944
0.344757,0.127669,-1902.870605
0.344757,0.127669,-1898.765869
0.346214,0.125256,-1902.887207
0.346214,0.125256,-1899.804688
0.346885,0.12216,-1900.700195
0.346885,0.12216,-1900.90625
0.344988,0.12085,-1902.682861
0.346519,0.120574,-1902.927734
0.346519,0.120574,-1903.513306
0.346897,0.118628,-1905.398438
0.346897,0.118628,-1903.179321
0.345625,0.117945,-1901.741089
0.345896,0.116158,-1909.583252
0.345896,0.116158,-1902.628662
0.345896,0.116158,-1900.091553
0.345896,0.116158,-1902.905762
0.345896,0.116158,-1900.231201
0.345047,0.11943,-1900.028564
0.345047,0.11943,-1902.034912
0.345552,0.118136,-1900.886475
0.348155,0.118464,-1902.704956
0.348155,0.118464,-1904.53833
0.347674,0.120045,-1907.338379
0.347674,0.120045,-1904.973511
0.3479,0.123553,-1900.303955
0.348113,0.123893,-1902.356934
0.348113,0.123893,-1902.191772
0.34723,0.12753,-1901.690796
0.34723,0.12753,-1902.639893
0.344801,0.126554,-1899.259766
0.344801,0.126554,-1900.519043
0.349219,0.122155,-1904.11438
0.349172,0.117132,-1903.80249
0.351083,0.115206,-1905.452881
0.351083,0.115206,-1903.765625
0.353655,0.119675,-1904.381714
0.353655,0.119675,-1904.219238
0.353051,0.119127,-1904.855957
0.356138,0.119232,-1905.461426
0.354038,0.123322,-1903.921021
0.354038,0.123322,-1904.356445
0.351284,0.122609,-1904.724854
0.348076,0.123273,-1905.76416
0.349576,0.12046,-1901.468018
0.348981,0.122994,-1902.522217
0.345568,0.126169,-1902.284668
0.345568,0.126169,-1902.794678
0.345568,0.126169,-1903.275391
0.343403,0.125599,-1904.630127
0.345363,0.122503,-1901.786621
0.347143,0.120767,-1902.699707
0.348412,0.118812,-1904.707031
0.349558,0.118856,-1903.175293
0.350544,0.122635,-1904.717773
0.350544,0.122635,-1902.620239
0.350544,0.122635,-1903.66626
0.353288,0.125821,-1903.257812
0.353288,0.125821,-1903.75293
0.350136,0.129653,-1902.774658
0.350136,0.129653,-1901.700195
0.350136,0.129653,-1903.61377
0.347929,0.129755,-1903.659546
0.348248,0.127625,-1901.824707
0.347749,0.121585,-1903.573486
0.345071,0.118339,-1902.069702
0.342018,0.121679,-1899.342773
0.342018,0.121679,-1900.216309
0.339262,0.12494,-1907.280762
0.339262,0.12494,-1903.913208
0.339262,0.12494,-1906.773071
0.339262,0.12494,-1900.481201
0.339262,0.12494,-1907.586304
0.339184,0.12039,-1901.0896
0.342078,0.123335,-1904.29126
0.342078,0.123335,-1909.398926
0.342078,0.123335,-1902.163086
0.342078,0.123335,-1901.52002
0.342078,0.123335,-1898.822388
0.340318,0.123193,-1903.024414
0.344188,0.12543,-1899.801025
0.346143,0.124979,-1901.01416
0.346143,0.124979,-1900.948486
0.346582,0.126732,-1904.109131
0.3451,0.123049,-1901.706787
0.345183,0.125137,-1900.615479
0.346401,0.127191,-1902.530273
0.34411,0.124658,-1900.073608
0.34411,0.124658,-1899.220337
0.346175,0.124865,-1903.089844
0.346175,0.124865,-1903.695312
0.346437,0.124655,-1901.114746
0.349242,0.126683,-1903.097046
0.340151,0.127599,-1901.185913
0.338695,0.126752,-1897.595947
0.338695,0.126752,-1906.770752
0.339163,0.126124,-1900.817505
0.339163,0.126124,-1899.264648
0.340559,0.122787,-1898.453491
0.337178,0.11937,-1899.77124
0.337178,0.11937,-1904.809814
0.337178,0.11937,-1908.439209
0.333932,0.114507,-1906.593994
0.337675,0.114808,-1911.136475
0.336484,0.115347,-1904.343872
0.3348,0.115366,-1908.953369
0.3348,0.115366,-1902.744751
0.3348,0.115366,-1912.699219
0.3348,0.115366,-1907.917847
0.3348,0.115366,-1906.718262
0.3348,0.115366,-1904.507568
0.3348,0.115366,-1896.798096
0.3348,0.115366,-1902.75647
0.335468,0.117065,-1905.91626
0.335468,0.117065,-1896.947754
0.337334,0.115552,-1902.93811
0.337334,0.115552,-1912.090576
0.337334,0.115552,-1898.119873
0.337334,0.115552,-1903.706055
0.337334,0.115552,-1909.133301
0.337334,0.115552,-1905.460938
0.337334,0.115552,-1912.84668
0.338395,0.116487,-1908.530273
0.343911,0.120163,-1899.428955
0.343911,0.120163,-1900.482544
0.343596,0.117507,-1911.488281
0.343596,0.117507,-1904.986816
0.343596,0.117507,-1901.714355
0.346852,0.119246,-1903.39856
0.347682,0.117603,-1904.286499
0.347682,0.117603,-1906.276123
0.347682,0.117603,-1904.237671
0.346315,0.116559,-1904.282593
0.350055,0.121212,-1902.109375
0.350055,0.121212,-1902.639648
0.346772,0.122459,-1901.431396
0.34777,0.11778,-1906.171875
0.350211,0.118508,-1902.800049
0.350211,0.118508,-1903.774536
0.350211,0.118508,-1904.56189
0.352446,0.116933,-1902.691895
0.358769,0.112066,-1907.789795
0.356623,0.114935,-1906.528564
0.356623,0.114935,-1906.043945
0.356193,0.11673,-1906.140869
0.356193,0.11673,-1905.69751
0.351663,0.12336,-1903.804932
0.349662,0.122492,-1904.424805
0.349662,0.122492,-1902.669922
0.350395,0.123618,-1901.825195
0.349346,0.121932,-1903.518921
0.347733,0.122216,-1904.521729
0.344151,0.121126,-1900.322876
0.344151,0.121126,-1901.699707
0.344151,0.121126,-1903.808472
0.343592,0.124063,-1901.141113
0.343592,0.124063,-1901.137939
0.343592,0.124063,-1904.124023
0.343592,0.124063,-1901.141724
0.341804,0.121814,-1898.600464
0.341804,0.121814,-1899.851929
0.341804,0.121814,-1900.39209
0.341804,0.121814,-1904.237305
0.340603,0.117856,-1899.716553
0.343977,0.116054,-1910.883911
0.343349,0.120938,-1900.290527
0.343615,0.114456,-1901.702759
0.343615,0.114456,-1902.065552
0.346223,0.120298,-1902.85376
0.346223,0.120298,-1900.132324
0.349274,0.117949,-1900.904297
0.349838,0.119094,-1904.193848
0.346951,0.122855,-1903.283813
0.347986,0.123755,-1901.941406
0.350631,0.125076,-1903.429443
0.350868,0.127152,-1904.85437
0.349995,0.127549,-1902.98999
0.356273,0.123926,-1905.544434
0.356273,0.123926,-1903.952881
0.356273,0.123926,-1903.4729
0.355677,0.1197,-1904.075317
0.354426,0.118485,-1905.873291
0.354426,0.118485,-1904.440186
0.354426,0.118485,-1904.248779
0.35191,0.113353,-1904.711914
0.35191,0.113353,-1903.97998
0.35191,0.113353,-1905.694458
0.354763,0.110423,-1904.262939
0.352461,0.108118,-1906.005005
0.348635,0.10728,-1906.351807
0.350995,0.110598,-1904.26123
0.353365,0.112364,-1906.179199
0.351349,0.117375,-1902.542725
0.353005,0.114369,-1903.441895
0.353005,0.114369,-1905.406738
0.350814,0.120911,-1903.525269
0.352619,0.120756,-1904.60144
0.352619,0.120756,-1903.018311
0.352619,0.120756,-1903.291016
0.351729,0.1247,-1902.493286
0.353625,0.126064,-1903.356323
0.353625,0.126064,-1904.580811
0.351646,0.126052,-1904.693726
0.351646,0.126052,-1903.512207
0.347976,0.126235,-1901.800049
0.349602,0.125493,-1905.447388
0.349602,0.125493,-1903.810059
0.349602,0.125493,-1902.695557
0.3484,0.122862,-1901.33374
0.3484,0.122862,-1902.85791
0.349303,0.124156,-1902.975952
0.352461,0.124344,-1903.329102
0.356573,0.12412,-1904.325439
0.356573,0.12412,-1903.90979
0.356573,0.12412,-1904.445557
0.356858,0.120111,-1904.075684
0.355394,0.12346,-1903.871582
0.356189,0.127402,-1904.696777
0.35915,0.119645,-1905.186035
0.359025,0.123506,-1904.588989
0.357295,0.119244,-1905.169067
0.357295,0.119244,-1905.573608
0.354839,0.123949,-1904.415771
0.354452,0.122328,-1904.704712
0.34958,0.11824,-1903.060791
0.352611,0.115061,-1907.221802
0.35296,0.111715,-1905.695068
0.35296,0.111715,-1904.079834
0.35296,0.111715,-1903.189697
0.353268,0.113603,-1905.865479
0.353268,0.113603,-1903.765503
0.353268,0.113603,-1905.412964
0.353268,0.113603,-1905.290649
0.353268,0.113603,-1905.512695
0.353268,0.113603,-1905.441162
0.35401,0.11718,-1904.557861
0.351223,0.119537,-1906.252441
0.351223,0.119537,-1902.346436
0.351223,0.119537,-1901.757812
0.349521,0.118381,-1903.123047
0.349521,0.118381,-1905.516357
0.349521,0.118381,-1901.623535
0.349521,0.118381,-1903.847168
0.349521,0.118381,-1901.796875
0.349521,0.118381,-1904.047241
0.348792,0.121094,-1901.789551
0.348792,0.121094,-1904.062256
0.348792,0.121094,-1902.761841
0.345022,0.122164,-1900.149902
0.345022,0.122164,-1900.246338
0.345022,0.122164,-1901.938965
0.344792,0.125865,-1900.047852
0.343072,0.124901,-1899.665039
0.340515,0.12698,-1901.053345
0.340515,0.12698,-1905.015015
0.340515,0.12698,-1896.012207
0.340515,0.12698,-1905.686035
0.340569,0.118598,-1905.434082
0.339928,0.115872,-1906.717773
0.34486,0.115181,-1906.536133
0.343789,0.114191,-1903.871582
0.343789,0.114191,-1905.44812
0.343789,0.114191,-1903.497681
0.343789,0.114191,-1902.402954
0.344841,0.117876,-1903.777344
0.342743,0.119537,-1902.586426
0.342959,0.11938,-1904.529297
0.342122,0.120435,-1904.884521
0.342122,0.120435,-1901.562988
0.341388,0.119877,-1899.274658
0.341388,0.119877,-1902.561157
0.34247,0.117333,-1903.608887
0.34247,0.117333,-1906.761475
0.342789,0.118486,-1904.977539
0.341737,0.120468,-1901.090576
0.341737,0.120468,-1899.066895
0.341737,0.120468,-1898.259766
0.341695,0.119554,-1904.610229
0.340118,0.118771,-1904.831299
0.337003,0.115233,-1909.78833
0.337003,0.115233,-1901.939819
0.337003,0.115233,-1905.774658
0.339052,0.116359,-1909.798096
0.341548,0.118741,-1901.508057
0.34052,0.119879,-1907.601318
0.34052,0.119879,-1904.258545
0.34052,0.119879,-1900.523926
0.339814,0.12086,-1900.832886
0.339814,0.12086,-1916.140259
0.339814,0.12086,-1899.004517
0.339814,0.12086,-1909.779297
0.342904,0.118591,-1903.725342
0.342598,0.120214,-1899.021973
0.342598,0.120214,-1900.778442
0.345855,0.120184,-1900.931519
0.35026,0.124209,-1904.075439
0.348778,0.128379,-1902.84375
0.348778,0.128379,-1901.010864
0.346746,0.12507,-1901.695312
0.349955,0.123874,-1903.820312
0.346206,0.12296,-1902.945435
0.349667,0.122951,-1903.091797
0.351247,0.125112,-1902.750732
0.35088,0.128097,-1903.399658
0.355829,0.129847,-1903.404297
0.35658,0.130541,-1905.501465
0.358847,0.129445,-1906.168945
0.359852,0.124202,-1905.736816
0.356407,0.123348,-1904.784912
0.35686,0.128383,-1904.821411
0.35686,0.128383,-1903.889282
0.359682,0.136159,-1906.563477
0.361584,0.135413,-1906.869385
0.358107,0.132394,-1904.511353
0.35751,0.132349,-1905.606567
0.362191,0.137464,-1905.456421
0.364906,0.137958,-1907.315186
0.364175,0.139787,-1907.930664
0.361032,0.1372,-1906.189941
0.362619,0.140327,-1906.870605
0.363803,0.135647,-1905.779541
0.358979,0.130716,-1904.581055
0.355798,0.131491,-1904.661377
0.352845,0.1331,-1902.874634
0.351603,0.133908,-1902.76062
0.349338,0.13282,-1901.633911
0.349338,0.13282,-1901.786743
0.349338,0.13282,-1903.213623
0.354102,0.138264,-1902.54541
0.349495,0.13342,-1902.448975
0.349597,0.131178,-1902.737183
0.34913,0.131653,-1902.747192
0.350501,0.134552,-1900.608154
0.350501,0.134552,-1902.614014
0.347257,0.138793,-1901.354492
0.343862,0.137693,-1900.980225
0.344446,0.13883,-1906.322388
0.346111,0.140306,-1900.479492
0.346111,0.140306,-1902.222778
0.343654,0.139424,-1900.334717
0.343541,0.14061,-1901.630005
0.343541,0.14061,-1904.259644
0.346376,0.131162,-1902.808838
0.346376,0.131162,-1900.942627
0.348126,0.128057,-1903.508545
0.347298,0.131917,-1902.278809
0.351139,0.131973,-1902.540771
0.353074,0.134658,-1904.469482
0.353495,0.129674,-1903.663086
0.353131,0.124507,-1902.872437
0.353131,0.124507,-1901.660034
0.351053,0.127002,-1903.187012
0.354991,0.125964,-1903.867432
0.352626,0.126526,-1905.38501
0.352626,0.126526,-1901.525269
0.352626,0.126526,-1903.377441
0.356392,0.130007,-1903.966553
0.356392,0.130007,-1904.862793
0.358908,0.130124,-1904.526611
0.358813,0.139325,-1905.205933
0.35667,0.136252,-1905.346069
0.35667,0.136252,-1905.439331
0.357556,0.137655,-1903.415527
0.357556,0.137655,-1903.741455
0.357949,0.143049,-1905.787842
0.356682,0.140742,-1903.526855
0.357811,0.137299,-1904.58252
0.357249,0.134907,-1904.393921
0.357249,0.134907,-1904.021973
0.357249,0.134907,-1904.397949
0.354896,0.139102,-1904.895874
0.35912,0.139214,-1904.426636
0.357512,0.140286,-1904.281128
0.35678,0.141218,-1903.578735
0.358323,0.140877,-1905.202393
0.356241,0.141314,-1904.008179
0.356784,0.140118,-1904.445923
0.355026,0.142224,-1904.783203
0.347857,0.143078,-1902.425293
0.347857,0.143078,-1901.350342
0.350881,0.142079,-1901.270264
0.353863,0.145206,-1903.174316
0.352026,0.146795,-1904.915405
0.352026,0.146795,-1902.905762
0.352026,0.146795,-1903.903687
0.354504,0.14815,-1903.813599
0.354504,0.14815,-1905.303711
0.354504,0.14815,-1904.430908
0.354504,0.14815,-1902.861328
0.351963,0.148312,-1904.220947
0.351839,0.14925,-1903.690308
0.352176,0.148447,-1904.762207
0.352176,0.148447,-1903.960693
0.352931,0.147816,-1903.39624
0.35198,0.146711,-1902.841797
0.35198,0.146711,-1903.473145
0.350029,0.145518,-1904.51001
0.350029,0.145518,-1902.907593
0.350029,0.145518,-1902.427856
0.350029,0.145518,-1904.398926
0.346261,0.144865,-1901.478394
0.352415,0.144198,-1904.402954
0.352415,0.144198,-1903.651611
0.352415,0.144198,-1904.22998
0.351883,0.143042,-1902.879883
0.348378,0.139493,-1900.534302
0.348378,0.139493,-1900.243042
0.348393,0.139783,-1906.377563
0.346265,0.145142,-1902.800293
0.342926,0.146339,-1900.794678
0.345449,0.149222,-1903.19458
0.346133,0.151053,-1907.185669
0.346133,0.151053,-1900.678589
0.348676,0.149383,-1900.830078
0.348046,0.15022,-1902.64917
0.348963,0.152737,-1906.127197
0.3503,0.153376,-1906.022583
0.3503,0.153376,-1903.717529
0.3503,0.153376,-1901.870361
0.351065,0.149011,-1903.11084
0.351065,0.149011,-1904.48584
0.349897,0.14876,-1904.289062
0.349897,0.14876,-1903.668945
0.349533,0.150552,-1904.340576
0.34834,0.150307,-1903.133179
0.34834,0.150307,-1902.147705
0.34834,0.150307,-1903.249512
0.34834,0.150307,-1901.428589
0.34834,0.150307,-1901.936768
0.351513,0.143476,-1904.203979
0.351513,0.143476,-1903.807007
0.348609,0.142547,-1901.077271
0.348876,0.140661,-1903.448486
0.348876,0.140661,-1903.950439
0.346199,0.141614,-1900.702393
0.346199,0.141614,-1901.121094
0.346199,0.141614,-1901.790771
0.349767,0.138942,-1902.538086
0.349767,0.138942,-1903.10144
0.35233,0.135351,-1904.018555
0.358398,0.139347,-1905.480103
0.353436,0.134936,-1903.817383
0.353178,0.134371,-1904.752686
0.352789,0.129068,-1902.867676
0.348671,0.130604,-1902.342529
0.347021,0.130771,-1899.040039
0.347855,0.132874,-1903.640015
0.34788,0.135178,-1899.374023
0.347315,0.133818,-1904.625
0.34628,0.130482,-1904.485229
0.34628,0.130482,-1899.4823
0.34628,0.130482,-1900.325195
0.34628,0.130482,-1899.492065
0.34628,0.130482,-1901.245605
0.349542,0.129171,-1904.36084
0.351714,0.126487,-1901.493652
0.352176,0.127475,-1903.002441
0.352176,0.127475,-1901.749634
0.350729,0.128222,-1903.507935
0.350729,0.128222,-1901.630371
0.350729,0.128222,-1903.345093
0.350729,0.128222,-1901.973145
0.353893,0.130255,-1907.922852
0.352112,0.128371,-1903.320312
0.352112,0.128371,-1902.870361
0.349674,0.132644,-1902.448853
0.352633,0.134726,-1904.088379
0.353266,0.13153,-1902.784546
0.353266,0.13153,-1902.772095
0.353266,0.13153,-1902.414307
0.349965,0.129263,-1904.981689
0.348934,0.129278,-1900.730225
0.351124,0.135928,-1902.825439
0.351124,0.135928,-1902.978027
0.348546,0.132319,-1902.414917
0.348546,0.132319,-1902.210205
0.346104,0.132486,-1902.953125
0.345179,0.135409,-1900.46582
0.345179,0.135409,-1902.638672
0.344001,0.135782,-1904.594482
0.345006,0.135106,-1899.990112
0.348317,0.136643,-1903.299683
0.346864,0.139707,-1899.796997
0.345485,0.135752,-1900.760742
0.344616,0.138029,-1901.671143
0.344616,0.138029,-1901.601807
0.344616,0.138029,-1902.883301
0.344837,0.14123,-1901.778442
0.346408,0.145028,-1901.035767
0.345713,0.145046,-1899.854492
0.345713,0.145046,-1904.021484
0.347533,0.140669,-1902.30542
0.346606,0.137058,-1903.216187
0.346606,0.137058,-1899.759766
0.346606,0.137058,-1898.908691
0.346606,0.137058,-1903.963623
0.346606,0.137058,-1900.884399
0.345214,0.13911,-1899.431396
0.343838,0.137394,-1902.449707
0.346578,0.137892,-1900.374023
0.349947,0.131614,-1903.607422
0.348089,0.130129,-1903.740479
0.348089,0.130129,-1904.420898
0.351095,0.127921,-1903.503906
0.351095,0.127921,-1903.336548
0.351095,0.127921,-1900.615723
0.35613,0.126373,-1902.603149
0.35613,0.126373,-1904.439209
0.352201,0.126913,-1902.894775
0.353542,0.122617,-1904.791992
0.350967,0.123682,-1903.510132
0.351578,0.125344,-1904.493164
0.351116,0.127606,-1902.188843
0.355162,0.12559,-1906.394287
0.352664,0.129813,-1902.75415
0.351915,0.131696,-1903.325806
0.347138,0.129212,-1900.762451
0.347138,0.129212,-1904.716675
0.346508,0.130724,-1905.239624
0.3458,0.131469,-1904.85083
0.346405,0.133015,-1901.219482
0.346405,0.133015,-1899.023315
0.346405,0.133015,-1900.609375
0.346405,0.133015,-1902.056396
0.347748,0.13585,-1902.962524
0.351998,0.1363,-1901.547485
0.351998,0.1363,-1903.950439
0.353589,0.13516,-1903.890381
0.349544,0.139104,-1903.617188
0.349544,0.139104,-1902.185303
0.350679,0.135888,-1902.182251
0.35193,0.135122,-1903.847534
0.353396,0.131142,-1904.356934
0.353396,0.131142,-1902.85376
0.348022,0.132383,-1902.374268
0.348911,0.129269,-1900.64502
0.352811,0.130539,-1902.72229
0.352811,0.130539,-1902.515503
0.353375,0.129422,-1902.423584
0.352068,0.130112,-1903.910645
0.352068,0.130112,-1903.750488
0.350825,0.132935,-1903.871094
0.352116,0.135889,-1903.239258
0.350636,0.13432,-1903.839111
0.352233,0.144817,-1904.134766
0.351289,0.140946,-1903.634399
0.351289,0.140946,-1903.115723
0.351289,0.140946,-1902.516846
0.351289,0.140946,-1904.340454
0.348587,0.136816,-1901.401611
0.348587,0.136816,-1905.217285
0.348587,0.136816,-1903.404419
0.345836,0.138602,-1902.894531
0.349922,0.137104,-1902.435913
0.349237,0.138711,-1903.283691
0.346533,0.135722,-1900.980347
0.348209,0.132559,-1900.727539
0.348209,0.132559,-1901.480713
0.344077,0.13362,-1902.397217
0.344077,0.13362,-1899.088989
0.348174,0.134767,-1902.637207
0.348174,0.134767,-1904.223877
0.34874,0.140115,-1901.295166
0.348672,0.143393,-1902.450439
0.348672,0.143393,-1907.921875
0.348672,0.143393,-1903.262207
0.348,0.145622,-1902.012695
0.348643,0.149912,-1904.805298
0.348643,0.149912,-1900.516235
0.345937,0.146758,-1900.178833
0.345937,0.146758,-1902.515869
0.344985,0.149419,-1901.980713
0.345248,0.142647,-1905.056274
0.345248,0.142647,-1903.673584
0.345883,0.140027,-1900.39624
0.345986,0.137345,-1903.323975
0.343244,0.141417,-1901.3396
0.343244,0.141417,-1911.720825
0.343244,0.141417,-1907.360474
0.343244,0.141417,-1901.469238
0.348206,0.136759,-1904.406738
0.34464,0.138025,-1899.442017
0.34464,0.138025,-1901.497559
0.34464,0.138025,-1901.33374
0.34464,0.138025,-1903.335205
0.348009,0.137709,-1902.465942
0.349038,0.134383,-1900.955078
0.353748,0.139121,-1902.907471
0.353748,0.139121,-1903.238525
0.353731,0.139385,-1902.860596
0.353731,0.139385,-1902.667969
0.353731,0.139385,-1902.742554
0.353988,0.137377,-1903.157104
0.354478,0.139033,-1905.509766
0.356875,0.137489,-1904.05603
0.353245,0.133796,-1902.191895
0.354418,0.129078,-1903.503784
0.354418,0.129078,-1903.925659
0.354418,0.129078,-1902.945068
0.358318,0.13194,-1904.713867
0.358318,0.13194,-1905.350464
0.358318,0.13194,-1905.227783
0.357443,0.136452,-1904.788452
0.352992,0.139096,-1902.989746
0.354596,0.139545,-1903.024414
0.354596,0.139545,-1902.983887
0.354596,0.139545,-1903.296265
0.35728,0.134725,-1903.164307
0.35728,0.134725,-1905.970215
0.355206,0.136933,-1903.210693
0.356251,0.133062,-1904.823486
0.353496,0.136683,-1904.355225
0.353276,0.137092,-1903.544678
0.352611,0.134813,-1901.737793
0.352113,0.131812,-1902.890869
0.350541,0.134108,-1903.321045
0.346273,0.135018,-1901.719604
0.346313,0.129679,-1904.199951
0.346775,0.131766,-1903.401123
0.346699,0.12996,-1902.126709
0.347417,0.126364,-1901.874756
0.348745,0.123878,-1902.670898
0.348745,0.123878,-1902.352295
0.350376,0.125887,-1903.476562
0.352547,0.121111,-1904.629761
0.352547,0.121111,-1906.082764
0.351801,0.11778,-1905.548096
0.351801,0.11778,-1902.461426
0.347616,0.11686,-1903.080688
0.346581,0.116605,-1902.901489
0.346581,0.116605,-1903.22229
0.346625,0.117817,-1905.387451
0.346625,0.117817,-1900.614502
0.343583,0.122608,-1902.053101
0.343583,0.122608,-1900.84436
0.343583,0.122608,-1900.557617
0.343583,0.122608,-1900.082764
0.342764,0.126056,-1906.271729
0.341862,0.126672,-1906.494141
0.341862,0.126672,-1899.733643
0.341862,0.126672,-1904.612061
0.335513,0.129318,-1904.410522
0.335513,0.129318,-1915.630737
0.335513,0.129318,-1897.51709
0.335513,0.129318,-1902.582275
0.334443,0.129816,-1896.12915
0.331065,0.130151,-1908.498901
0.333875,0.130228,-1908.040405
0.333875,0.130228,-1909.02478
0.335095,0.134143,-1903.797607
0.335095,0.134143,-1901.460571
0.333891,0.138733,-1905.989014
0.335101,0.132564,-1910.286987
0.334504,0.136445,-1898.118408
0.334504,0.136445,-1900.455811
0.336513,0.130998,-1911.546753
0.336513,0.130998,-1898.788574
0.336384,0.128321,-1908.669922
0.336384,0.128321,-1910.408447
0.336384,0.128321,-1908.281616
0.339496,0.129665,-1901.209961
0.339496,0.129665,-1898.435059
0.341219,0.127974,-1901.283447
0.341885,0.131494,-1900.672241
0.341885,0.131494,-1899.9646
0.346541,0.132544,-1903.06604
0.346541,0.132544,-1900.028564
0.346541,0.132544,-1900.527832
0.346541,0.132544,-1900.844238
0.346541,0.132544,-1900.054688
0.346541,0.132544,-1903.396729
0.346541,0.132544,-1900.685547
0.346758,0.130733,-1898.827393
0.346758,0.130733,-1900.596191
0.346758,0.130733,-1900.502319
0.345205,0.130446,-1899.252808
0.347324,0.134464,-1905.488281
0.347324,0.134464,-1900.507324
0.350556,0.133949,-1901.71228
0.350556,0.133949,-1901.488037
0.350556,0.133949,-1902.237549
0.353115,0.133845,-1903.510132
0.3499,0.135095,-1902.922974
0.35134,0.135638,-1903.946899
0.353935,0.132591,-1902.828613
0.353935,0.132591,-1903.187134
0.35368,0.137761,-1903.271484
0.35368,0.137761,-1903.035889
0.35368,0.137761,-1902.556885
0.353882,0.138789,-1903.478271
0.353865,0.131718,-1904.637451
0.353848,0.13266,-1904.918213
0.353848,0.13266,-1902.712158
0.353848,0.13266,-1902.769897
0.353979,0.126042,-1903.760254
0.353979,0.126042,-1903.937256
0.354283,0.126664,-1902.401611
0.353452,0.127156,-1904.148926
0.352757,0.126621,-1904.188599
0.352757,0.126621,-1903.440186
0.352757,0.126621,-1901.961182
0.351539,0.126128,-1901.774902
0.349469,0.124996,-1901.361572
0.349469,0.124996,-1902.081177
0.349353,0.129558,-1899.872803
0.347831,0.130703,-1900.788574
0.351457,0.13224,-1903.219971
0.351457,0.13224,-1902.927246
0.351457,0.13224,-1902.378174
0.351457,0.13224,-1903.697998
0.351457,0.13224,-1901.864014
0.351457,0.13224,-1903.394043
0.353016,0.133194,-1904.498779
0.353604,0.13498,-1904.870728
0.354981,0.131049,-1904.255615
0.354981,0.131049,-1901.473633
0.356175,0.133444,-1905.474854
0.356917,0.130265,-1904.418213
0.356078,0.130759,-1904.393921
0.356078,0.130759,-1903.645264
0.355755,0.131708,-1905.606079
0.357532,0.130523,-1904.393799
0.357532,0.130523,-1902.473999
0.355946,0.13137,-1903.614502
0.356349,0.132441,-1904.909912
0.356402,0.127238,-1904.077026
0.355131,0.128811,-1903.001099
0.355131,0.128811,-1903.762207
0.356279,0.127969,-1905.196045
0.358314,0.130568,-1905.938843
0.35638,0.129753,-1905.994873
0.35515,0.126498,-1903.518433
0.35515,0.126498,-1903.980225
0.35515,0.126498,-1904.874634
0.355563,0.130557,-1904.998047
0.355563,0.130557,-1904.021729
0.353709,0.13056,-1904.580566
0.353709,0.13056,-1902.842773
0.353003,0.13271,-1903.546143
0.352433,0.132578,-1904.217773
0.350179,0.130368,-1902.030273
0.350179,0.130368,-1902.196167
0.350179,0.130368,-1902.141479
0.352191,0.129234,-1901.761963
0.350874,0.133044,-1901.835571
0.350874,0.133044,-1901.864014
0.350874,0.133044,-1902.313843
0.350874,0.133044,-1902.299561
0.354349,0.126936,-1903.829834
0.354349,0.126936,-1903.369263
0.355739,0.125686,-1904.600708
0.35626,0.120171,-1905.40564
0.354767,0.119649,-1904.536377
0.35223,0.120163,-1903.287231
0.347586,0.11247,-1902.864502
0.348949,0.113677,-1903.651855
0.346701,0.117917,-1901.892334
0.346701,0.117917,-1904.777344
0.346701,0.117917,-1903.15625
0.346726,0.11944,-1901.076538
0.342518,0.120232,-1904.919189
0.342518,0.120232,-1900.568848
0.345854,0.118976,-1900.62207
0.347208,0.118363,-1904.844849
0.344866,0.119505,-1900.549927
0.340782,0.121796,-1898.800903
0.340782,0.121796,-1904.921631
0.340782,0.121796,-1906.034912
0.344084,0.115127,-1904.878296
0.344084,0.115127,-1904.205933
0.344084,0.115127,-1901.031494
0.344084,0.115127,-1902.139282
0.346069,0.112534,-1903.272217
0.346069,0.112534,-1906.103027
0.348,0.110742,-1905.816528
0.347559,0.113563,-1903.622314
0.34751,0.115237,-1903.083618
0.34751,0.115237,-1906.435303
0.34751,0.115237,-1903.256348
0.343722,0.115313,-1904.164551
0.343722,0.115313,-1902.609131
0.343722,0.115313,-1899.815552
0.346646,0.111193,-1902.454102
0.346646,0.111193,-1901.330078
0.347765,0.111493,-1905.253174
0.344643,0.110968,-1902.557007
0.344643,0.110968,-1906.021606
0.344885,0.109277,-1904.641113
0.344885,0.109277,-1902.582764
0.344885,0.109277,-1903.822632
0.348946,0.110162,-1902.977295
0.348946,0.110162,-1905.465576
0.348946,0.110162,-1906.421143
0.34889,0.115516,-1901.900391
0.34889,0.115516,-1903.68689
0.350213,0.11354,-1903.147217
0.350213,0.11354,-1903.581299
0.350213,0.11354,-1902.315918
0.350093,0.110883,-1907.659302
0.350093,0.110883,-1903.536621
0.350093,0.110883,-1904.715088
0.350093,0.110883,-1905.307129
0.349947,0.109496,-1906.578003
0.349947,0.109496,-1905.083984
0.350912,0.112213,-1903.990234
0.350912,0.112213,-1905.001587
0.349312,0.121924,-1905.913818
0.351733,0.121745,-1905.723633
0.351733,0.121745,-1902.735352
0.351733,0.121745,-1904.640747
0.349565,0.117613,-1901.057739
0.351535,0.113262,-1904.870117
0.352519,0.1145,-1905.050171
0.352519,0.1145,-1906.382568
0.352519,0.1145,-1905.684082
0.352474,0.110831,-1904.723633
0.355224,0.110059,-1905.4021
0.358237,0.113364,-1907.434937
0.358237,0.113364,-1906.861084
0.358237,0.113364,-1905.930176
0.356746,0.111592,-1906.61499
0.356962,0.111668,-1906.571289
0.356914,0.10887,-1908.634277
0.358288,0.107527,-1908.915894
0.358288,0.107527,-1907.943604
0.355953,0.117489,-1906.141724
0.354401,0.118003,-1905.954346
0.353863,0.119602,-1903.469116
0.353863,0.119602,-1904.290405
0.353634,0.121188,-1903.73877
0.353634,0.121188,-1902.458008
0.356478,0.125217,-1904.200684
0.359842,0.122991,-1904.666504
0.361672,0.126683,-1905.887939
0.362971,0.122502,-1906.807739
0.367598,0.119484,-1909.097168
0.367598,0.119484,-1909.582031
0.364566,0.119827,-1907.25647
0.364566,0.119827,-1908.048462
0.360536,0.121137,-1905.290039
0.360536,0.121137,-1906.496094
0.366258,0.119893,-1907.621704
0.368157,0.118606,-1909.27002
0.364508,0.121585,-1907.316528
0.366793,0.126079,-1908.609619
0.364572,0.1298,-1908.125732
0.361866,0.126952,-1906.502319
0.364338,0.129654,-1907.308838
0.363747,0.130547,-1907.798584
0.365691,0.133157,-1908.110962
0.365691,0.133157,-1907.32605
0.365985,0.132219,-1907.347656
0.365985,0.132219,-1908.118896
0.363103,0.131292,-1906.150635
0.363103,0.131292,-1906.224854
0.359041,0.127514,-1906.108765
0.359111,0.127701,-1904.734619
0.361966,0.124943,-1905.625366
0.360546,0.127538,-1906.539062
0.362405,0.13119,-1905.98291
0.362988,0.133095,-1906.10376
0.358221,0.133111,-1905.663208
0.35921,0.132439,-1905.405518
0.35921,0.132439,-1904.004395
0.353007,0.134692,-1902.891113
0.349202,0.136654,-1904.688354
0.349409,0.13569,-1902.24231
0.356066,0.134877,-1903.645752
0.350751,0.136282,-1901.276245
0.350751,0.136282,-1904.643311
0.350751,0.136282,-1901.744141
0.350751,0.136282,-1900.995239
0.350086,0.133206,-1901.307861
0.352327,0.135418,-1904.431885
0.354863,0.133936,-1903.080322
0.353705,0.136419,-1902.729492
0.353705,0.136419,-1904.139648
0.353705,0.136419,-1902.491455
0.353705,0.136419,-1902.795044
0.353705,0.136419,-1902.720581
0.351224,0.138498,-1901.251465
0.355266,0.142526,-1906.492188
0.355266,0.142526,-1904.3396
0.358272,0.136369,-1904.815918
0.357178,0.134009,-1904.500732
0.355304,0.133654,-1905.30542
0.355304,0.133654,-1904.165161
0.355899,0.1318,-1904.283936
0.357106,0.131508,-1906.272461
0.354782,0.127494,-1903.798828
0.350949,0.129105,-1900.960815
0.348654,0.127286,-1905.138672
0.349894,0.127263,-1905.129639
0.349894,0.127263,-1902.056763
0.348817,0.125829,-1901.327515
0.346783,0.129491,-1905.633667
0.346725,0.130436,-1900.388916
0.346725,0.130436,-1900.380615
0.351376,0.127004,-1902.535889
0.351608,0.125838,-1901.328369
0.355205,0.123737,-1903.081787
0.355205,0.123737,-1904.147949
0.355205,0.123737,-1904.585327
0.351402,0.124689,-1902.262695
0.351402,0.124689,-1901.777832
0.351402,0.124689,-1901.960938
0.348845,0.127473,-1903.200195
0.350802,0.132375,-1902.193359
0.350802,0.132375,-1904.502319
0.350802,0.132375,-1901.319092
0.350802,0.132375,-1901.02124
0.350802,0.132375,-1903.356201
0.350534,0.130339,-1902.547852
0.353412,0.130041,-1902.907593
0.353412,0.130041,-1901.558105
0.353412,0.130041,-1904.27417
0.3538,0.13197,-1902.487671
0.351103,0.136167,-1902.06543
0.351103,0.136167,-1902.334229
0.351103,0.136167,-1902.885742
0.349125,0.133392,-1902.835815
0.349125,0.133392,-1904.091309
0.354061,0.131837,-1903.490356
0.352301,0.132785,-1906.820435
0.351414,0.135784,-1901.997681
0.349716,0.131895,-1902.179932
0.348208,0.133615,-1901.117676
0.348208,0.133615,-1901.680664
0.348305,0.135279,-1902.761475
0.348305,0.135279,-1902.28894
0.350403,0.133077,-1901.139893
0.352854,0.135281,-1903.146729
0.352854,0.135281,-1903.327148
0.352854,0.135281,-1902.719238
0.3549,0.13243,-1904.618774
0.3549,0.13243,-1902.949463
0.355036,0.130443,-1903.7677
0.353733,0.129274,-1903.685303
0.356859,0.12826,-1904.963135
0.357205,0.127573,-1906.104248
0.357205,0.127573,-1905.427002
0.357205,0.127573,-1904.439209
0.357205,0.127573,-1904.72876
0.357205,0.127573,-1903.857178
0.357708,0.125744,-1904.202026
0.357708,0.125744,-1903.060791
0.361187,0.125649,-1905.896729
0.361187,0.125649,-1905.50769
0.359455,0.128734,-1904.207275
0.357543,0.132596,-1904.432373
0.357566,0.127571,-1905.811768
0.356984,0.12153,-1904.771484
0.356984,0.12153,-1903.338867
0.352263,0.122796,-1904.195312
0.352263,0.122796,-1902.839111
0.35223,0.125749,-1903.530518
0.347811,0.129215,-1903.017334
0.347811,0.129215,-1900.706787
0.347811,0.129215,-1900.238892
0.34624,0.131161,-1898.05957
0.343785,0.129956,-1904.949219
0.345168,0.128758,-1900.397095
0.345082,0.126134,-1902.376099
0.345082,0.126134,-1903.65332
0.342842,0.129079,-1901.721069
0.344522,0.13107,-1902.657227
0.344522,0.13107,-1902.411133
0.346064,0.131818,-1899.26001
0.348455,0.135338,-1900.481689
0.349662,0.137863,-1900.843872
0.349662,0.137863,-1904.219604
0.349662,0.137863,-1902.338013
0.349662,0.137863,-1901.515503
0.349662,0.137863,-1902.201172
0.349662,0.137863,-1902.247559
0.349615,0.134228,-1901.63501
0.345214,0.133061,-1902.987061
0.345214,0.133061,-1906.139771
0.342249,0.130345,-1899.554565
0.342249,0.130345,-1899.033203
0.342249,0.130345,-1902.439209
0.342249,0.130345,-1899.905762
0.342249,0.130345,-1899.281616
0.346007,0.132992,-1902.69043
0.346007,0.132992,-1906.08667
0.346753,0.132006,-1906.983398
0.347866,0.126523,-1902.280518
0.347866,0.126523,-1901.524902
0.34582,0.127198,-1903.143677
0.34582,0.127198,-1900.187256
0.345166,0.130448,-1902.583252
0.345166,0.130448,-1900.332031
0.345166,0.130448,-1902.984009
0.349799,0.130068,-1901.739014
0.353045,0.136309,-1903.832153
0.353045,0.136309,-1903.872681
0.35746,0.137447,-1904.731201
0.353503,0.145448,-1903.851562
0.348767,0.146585,-1904.608398
0.348767,0.146585,-1906.461304
0.344877,0.144944,-1904.812744
0.342951,0.14081,-1899.307251
0.340245,0.143145,-1902.275879
0.343066,0.147192,-1905.821533
0.3457,0.147201,-1903.856934
0.342162,0.14975,-1902.818115
0.342162,0.14975,-1904.842529
0.342162,0.14975,-1908.107422
0.344166,0.149823,-1900.219971
0.344166,0.149823,-1900.480835
0.345657,0.150641,-1901.625
0.348429,0.146086,-1904.612061
0.348429,0.146086,-1902.031372
0.346689,0.145214,-1900.876709
0.346907,0.149843,-1903.552002
0.346907,0.149843,-1904.166504
0.351037,0.151279,-1905.411865
0.351037,0.151279,-1903.39917
0.351681,0.151871,-1903.571045
0.349123,0.153283,-1905.179443
0.349123,0.153283,-1902.229492
0.349123,0.153283,-1905.272339
0.348865,0.152755,-1902.180054
0.351088,0.149035,-1900.883301
0.350931,0.1463,-1903.376709
0.348297,0.146518,-1901.285767
0.348297,0.146518,-1900.956543
0.348129,0.151828,-1905.211914
0.351856,0.155578,-1904.376953
0.346878,0.155589,-1901.114746
0.346878,0.155589,-1908.16394
0.34933,0.150709,-1903.992188
0.34933,0.150709,-1903.294189
0.345952,0.144115,-1902.687988
0.345952,0.144115,-1902.353027
0.345952,0.144115,-1902.804688
0.343601,0.145895,-1901.492432
0.343601,0.145895,-1897.739746
0.343601,0.145895,-1902.684082
0.343601,0.145895,-1902.108398
0.343042,0.144843,-1908.264404
0.343042,0.144843,-1898.340088
0.343042,0.144843,-1906.040039
0.343042,0.144843,-1902.29248
0.343042,0.144843,-1901.144409
0.347545,0.147438,-1901.565796
0.347545,0.147438,-1901.734497
0.353783,0.149083,-1903.957886
0.350635,0.145835,-1904.287109
0.350635,0.145835,-1902.751221
0.350182,0.145601,-1902.807617
0.348253,0.147527,-1901.859863
0.345478,0.147462,-1901.191406
0.343571,0.148895,-1901.798096
0.348829,0.150139,-1902.9375
0.34853,0.148848,-1903.138428
0.345965,0.146825,-1900.969482
0.346239,0.145072,-1904.126587
0.346239,0.145072,-1903.031616
0.346239,0.145072,-1903.141479
0.346695,0.144086,-1900.625244
0.346695,0.144086,-1901.640015
0.346695,0.144086,-1903.51355
0.347368,0.143481,-1902.918823
0.347368,0.143481,-1901.341553
0.347346,0.143416,-1901.898071
0.347346,0.143416,-1900.743896
0.352373,0.148489,-1904.74231
0.351083,0.145101,-1905.518799
0.353312,0.142057,-1903.448486
0.353167,0.142157,-1904.173096
0.354002,0.147661,-1904.060059
0.353532,0.145879,-1904.983887
0.351491,0.144382,-1902.627075
0.351903,0.141734,-1902.219727
0.35093,0.143412,-1903.760986
0.35052,0.14186,-1902.033936
0.34766,0.143243,-1901.867188
0.350823,0.145332,-1903.15625
0.352286,0.14172,-1904.658447
0.347487,0.139538,-1904.099609
0.347487,0.139538,-1901.847168
0.348105,0.135087,-1901.404053
0.348105,0.135087,-1900.241333
0.346822,0.13776,-1903.123047
0.346822,0.13776,-1900.551392
0.348874,0.138933,-1901.994751
0.354423,0.131247,-1904.60144
0.352705,0.137311,-1903.478027
0.354638,0.141828,-1903.821777
0.353682,0.142254,-1903.011353
0.353405,0.145668,-1903.595459
0.352793,0.14499,-1903.894531
0.349761,0.145479,-1904.105835
0.352752,0.145121,-1904.506958
0.352752,0.145121,-1904.33728
0.351545,0.146507,-1904.349121
0.351299,0.145549,-1905.519775
0.348037,0.14474,-1900.583252
0.350414,0.147817,-1906.059204
0.35166,0.150393,-1904.988525
0.35166,0.150393,-1902.286621
0.352046,0.152499,-1904.525757
0.352046,0.152499,-1904.500488
0.350221,0.149187,-1904.445557
0.349195,0.144854,-1902.724854
0.350567,0.145367,-1903.730469
0.351862,0.148298,-1903.671509
0.35179,0.145126,-1904.800049
0.353865,0.148669,-1903.880371
0.351698,0.146607,-1902.758667
0.351168,0.150835,-1904.350708
0.349867,0.151407,-1905.040405
0.349867,0.151407,-1903.054199
0.35099,0.148903,-1906.004761
0.356138,0.145769,-1904.279663
0.355481,0.145899,-1904.451538
0.35641,0.153222,-1905.437866
0.358921,0.155001,-1906.918823
0.358921,0.155001,-1906.659424
0.35782,0.156821,-1908.611938
0.35782,0.156821,-1905.810303
0.361193,0.158045,-1907.365112
0.362936,0.159121,-1908.869141
0.362936,0.159121,-1910.789673
0.362936,0.159121,-1909.285889
0.365044,0.158677,-1909.279663
0.367943,0.157639,-1909.924072
0.368166,0.16181,-1911.49292
0.368166,0.16181,-1911.957764
0.367892,0.163633,-1911.964844
0.364482,0.161631,-1910.81311
0.366558,0.163209,-1911.723633
0.362699,0.162482,-1908.31958
0.362699,0.162482,-1910.165039
0.362699,0.162482,-1909.79126
0.363696,0.158642,-1910.256714
0.364461,0.158743,-1909.615845
0.363995,0.160165,-1909.775269
0.365915,0.157591,-1909.984497
0.364937,0.158125,-1908.905884
0.364514,0.162068,-1910.820557
0.363043,0.160686,-1911.034668
0.363043,0.160686,-1910.365479
0.364586,0.158684,-1909.390381
0.363019,0.159485,-1909.200684
0.363019,0.159485,-1909.739746
0.361196,0.159838,-1908.928833
0.361196,0.159838,-1909.388672
0.361196,0.159838,-1908.884399
0.364439,0.160029,-1909.767822
0.36551,0.161132,-1910.285156
0.363184,0.162615,-1911.07251
0.364175,0.164902,-1911.148682
0.362405,0.160438,-1910.344971
0.362405,0.160438,-1908.659668
0.363172,0.155477,-1908.855957
0.363172,0.155477,-1909.068604
0.36297,0.160781,-1909.056641
0.361037,0.160759,-1909.745972
0.359143,0.15832,-1908.061523
0.356978,0.161142,-1908.537109
0.356978,0.161142,-1907.891357
0.356978,0.161142,-1906.09082
0.355727,0.157406,-1907.18335
0.355727,0.157406,-1907.015015
0.357381,0.15426,-1905.981934
0.357381,0.15426,-1907.825684
0.357381,0.15426,-1906.669434
0.359416,0.152119,-1905.858887
0.360832,0.150395,-1907.182251
0.362658,0.153708,-1908.559814
0.364099,0.150075,-1908.182251
0.360639,0.15042,-1908.0896
0.360175,0.150556,-1907.016602
0.364235,0.150335,-1907.557129
0.368081,0.147715,-1908.568115
0.366618,0.146095,-1909.375854
0.366618,0.146095,-1907.482788
0.362295,0.145766,-1908.063232
0.363553,0.14913,-1908.300781
0.363201,0.148287,-1907.25415
0.366244,0.148097,-1907.538208
0.364373,0.147676,-1907.844482
0.361738,0.14245,-1906.819092
0.357379,0.138982,-1906.539062
0.357379,0.138982,-1903.938965
0.360102,0.134055,-1906.026611
0.361589,0.138985,-1906.626221
0.35938,0.140511,-1906.361084
0.35938,0.140511,-1905.185669
0.35962,0.143647,-1906.423096
0.355997,0.135468,-1904.723999
0.35299,0.138809,-1903.084229
0.349965,0.136191,-1905.624512
0.351731,0.133468,-1903.421021
0.352162,0.133684,-1902.504883
0.355137,0.131347,-1905.835815
0.355137,0.131347,-1903.93335
0.355137,0.131347,-1904.178711
0.355137,0.131347,-1904.390381
0.35547,0.129923,-1904.817871
0.355673,0.126057,-1903.085449
0.351045,0.126436,-1902.000732
0.351045,0.126436,-1901.404419
0.355581,0.123726,-1902.541016
0.354188,0.123374,-1903.869141
0.349282,0.123252,-1900.964111
0.350432,0.120537,-1905.808594
0.350727,0.124186,-1903.668213
0.350727,0.124186,-1903.371704
0.350179,0.126873,-1902.394653
0.346673,0.125742,-1900.838623
0.346673,0.125742,-1900.743652
0.346673,0.125742,-1901.851685
0.346673,0.125742,-1900.82959
0.348354,0.127796,-1905.311523
0.348354,0.127796,-1901.519287
0.348354,0.127796,-1903.276611
0.34882,0.127641,-1901.515381
0.348233,0.128379,-1900.984375
0.348233,0.128379,-1900.126709
0.346704,0.125435,-1900.05249
0.346704,0.125435,-1901.301514
0.344669,0.124725,-1902.571411
0.346296,0.120538,-1901.944824
0.348181,0.119755,-1902.330444
0.350211,0.11277,-1904.687744
0.348226,0.115083,-1903.013916
0.348226,0.115083,-1901.389404
0.348226,0.115083,-1902.172363
0.346827,0.119937,-1904.143311
0.347574,0.120044,-1905.091919
0.347293,0.116698,-1906.824951
0.348993,0.118632,-1903.164917
0.348993,0.118632,-1902.963379
0.349314,0.124365,-1901.739014
0.351394,0.12222,-1902.643555
0.348757,0.118641,-1903.521729
0.348757,0.118641,-1902.927612
0.346179,0.122814,-1904.773926
0.346179,0.122814,-1901.312012
0.347471,0.121063,-1901.358765
0.347471,0.121063,-1903.214844
0.347631,0.122665,-1901.010254
0.348149,0.122179,-1900.200439
0.348149,0.122179,-1900.282104
0.346892,0.117759,-1902.919678
0.348537,0.123335,-1901.273438
0.348537,0.123335,-1902.765259
0.343282,0.121431,-1902.837402
0.34282,0.122431,-1903.47583
0.344322,0.125131,-1899.320801
0.346216,0.124293,-1901.640381
0.345401,0.123495,-1902.561523
0.342622,0.127168,-1899.378906
0.345275,0.133463,-1901.169189
0.344608,0.137531,-1900.002075
0.347639,0.135753,-1901.080566
0.347639,0.135753,-1902.592529
0.347639,0.135753,-1901.39917
0.345694,0.138261,-1902.709717
0.345694,0.138261,-1903.583374
0.346507,0.133493,-1904.476074
0.346507,0.133493,-1903.357666
0.346507,0.133493,-1900.218018
0.349389,0.135636,-1904.355835
0.348251,0.13886,-1900.094727
0.349408,0.138112,-1902.057007
0.349408,0.138112,-1904.082275
0.350958,0.137687,-1902.604492
0.347681,0.135386,-1900.668823
0.347681,0.135386,-1901.571777
0.347681,0.135386,-1903.313721
0.3473,0.133812,-1902.287964
0.3473,0.133812,-1901.552246
0.347656,0.135576,-1904.418823
0.347656,0.135576,-1902.586914
0.349489,0.134199,-1901.876465
0.349489,0.134199,-1902.083984
0.346452,0.129867,-1900.575928
0.346857,0.128932,-1901.455078
0.346857,0.128932,-1902.161743
0.344603,0.125093,-1904.221558
0.344603,0.125093,-1897.961304
0.344603,0.125093,-1900.40625
0.344603,0.125093,-1905.237793
0.344603,0.125093,-1900.525146
0.344435,0.124248,-1903.866699
0.345469,0.125984,-1900.099854
0.345532,0.129217,-1900.329346
0.345532,0.129217,-1900.952393
0.345532,0.129217,-1901.879883
0.345532,0.129217,-1899.871094
0.345532,0.129217,-1907.848877
0.344634,0.12571,-1900.863281
0.346594,0.127267,-1905.012939
0.345459,0.129105,-1902.67627
0.345459,0.129105,-1901.862427
0.345459,0.129105,-1901.614868
0.345459,0.129105,-1900.653442
0.345575,0.128112,-1905.462402
0.349248,0.12716,-1901.758545
0.348138,0.124357,-1900.525146
0.344466,0.123312,-1900.129028
0.347707,0.117354,-1903.902832
0.3471,0.118159,-1903.885742
0.351965,0.120113,-1906.170898
0.351965,0.120113,-1903.607056
0.351909,0.122549,-1903.228516
0.351909,0.122549,-1901.628418
0.356178,0.122216,-1903.884521
0.356178,0.122216,-1903.715088
0.35175,0.123803,-1903.823853
0.347981,0.119922,-1901.943115
0.345763,0.121796,-1903.082153
0.345162,0.124853,-1904.136475
0.347,0.124298,-1906.050171
0.347,0.124298,-1901.295166
0.345825,0.124893,-1904.828003
0.345825,0.124893,-1902.081543
0.350318,0.122295,-1903.309204
0.350318,0.122295,-1904.654297
0.350635,0.124772,-1904.202637
0.349346,0.12427,-1901.644775
0.349346,0.12427,-1902.582397
0.350899,0.126927,-1903.121094
0.350899,0.126927,-1901.834961
0.349094,0.125203,-1902.588501
0.349094,0.125203,-1901.536987
0.344684,0.125564,-1899.963135
0.344684,0.125564,-1901.951904
0.344684,0.125564,-1899.905029
0.344855,0.12079,-1899.652588
0.352037,0.120209,-1902.155518
0.353126,0.124835,-1903.124268
0.351984,0.126983,-1900.885742
0.353585,0.125321,-1904.102539
0.353585,0.125321,-1902.052979
0.353585,0.125321,-1902.884277
0.353585,0.125321,-1903.152588
0.353585,0.125321,-1903.324707
0.353585,0.125321,-1904.043701
0.355614,0.118288,-1905.985962
0.355028,0.112751,-1904.83667
0.355028,0.112751,-1904.373779
0.355028,0.112751,-1905.559937
0.355028,0.112751,-1906.346069
0.355028,0.112751,-1905.835449
0.355368,0.112437,-1905.596558
0.355368,0.112437,-1905.331055
0.358689,0.116719,-1906.222778
0.356291,0.113382,-1906.922607
0.356,0.114468,-1906.236206
0.355196,0.111136,-1905.743164
0.356587,0.113889,-1906.164185
0.360765,0.115503,-1906.729004
0.36098,0.11222,-1907.947998
0.3633,0.11347,-1908.205322
0.3633,0.11347,-1909.054443
0.360948,0.110663,-1907.751343
0.359206,0.11036,-1905.683594
0.359206,0.11036,-1907.172119
0.36058,0.107305,-1908.846191
0.36159,0.112872,-1907.843262
0.36159,0.112872,-1909.381592
0.360587,0.112816,-1907.686523
0.360587,0.112816,-1907.833008
0.360587,0.112816,-1906.970947
0.358391,0.111,-1907.457764
0.358391,0.111,-1908.105103
0.358391,0.111,-1907.600464
0.359328,0.111876,-1907.936768
0.362369,0.112415,-1909.720825
0.360541,0.11008,-1907.981445
0.360541,0.11008,-1907.730103
0.360541,0.11008,-1907.287598
0.359032,0.11144,-1909.556396
0.360027,0.107936,-1908.017578
0.360027,0.107936,-1908.162476
0.360314,0.109051,-1908.353394
0.360314,0.109051,-1907.505859
0.360314,0.109051,-1908.067261
0.360314,0.109051,-1907.5354
0.360314,0.109051,-1907.717773
0.36281,0.110693,-1907.709351
0.364365,0.114355,-1908.709473
0.362401,0.119272,-1907.486084
0.362401,0.119272,-1906.996826
0.360117,0.122141,-1905.639893
0.360117,0.122141,-1907.02771
0.364054,0.122334,-1908.301514
0.360857,0.1267,-1906.728638
0.357225,0.125672,-1903.91687
0.358248,0.125794,-1905.079346
0.358248,0.125794,-1906.277222
0.353974,0.125297,-1903.082397
0.353974,0.125297,-1902.892456
0.353974,0.125297,-1903.168213
0.353182,0.117622,-1903.188721
0.354938,0.120274,-1904.515137
0.351944,0.122626,-1903.399658
0.35074,0.124415,-1902.664185
0.35074,0.124415,-1903.018311
0.345188,0.123934,-1902.435791
0.345188,0.123934,-1901.996826
0.347326,0.121036,-1901.113037
0.347326,0.121036,-1903.228516
0.343589,0.117027,-1902.458252
0.344066,0.121358,-1902.167603
0.344066,0.121358,-1900.056152
0.341568,0.123798,-1896.76001
0.341568,0.123798,-1906.250488
0.341568,0.123798,-1902.590332
0.341568,0.123798,-1898.455566
0.341568,0.123798,-1900.151611
0.338291,0.12207,-1898.757202
0.338291,0.12207,-1900.977783
0.338291,0.12207,-1901.958374
0.337045,0.115792,-1902.317871
0.338276,0.11476,-1904.600464
0.337513,0.114662,-1902.852295
0.339304,0.117367,-1899.715454
0.335782,0.116117,-1899.068115
0.336494,0.116287,-1906.774658
0.336494,0.116287,-1900.68335
0.336494,0.116287,-1904.267944
0.336494,0.116287,-1905.41626
0.336494,0.116287,-1916.425659
0.333544,0.114221,-1909.801758
0.333544,0.114221,-1900.68103
0.336443,0.111874,-1911.912354
0.337782,0.116593,-1905.157471
0.33475,0.120454,-1897.924072
0.333838,0.126167,-1907.133667
0.333838,0.126167,-1909.614624
0.333838,0.126167,-1909.954224
0.333838,0.126167,-1905.511597
0.332489,0.12543,-1910.13501
0.333718,0.123127,-1915.054932
0.337015,0.124529,-1905.495605
0.337015,0.124529,-1897.404053
0.337015,0.124529,-1904.827881
0.334917,0.122723,-1907.319092
0.335858,0.119722,-1906.447021
0.338342,0.117212,-1904.138184
0.338342,0.117212,-1908.594482
0.336146,0.120341,-1895.372559
0.336146,0.120341,-1907.778564
0.337383,0.121219,-1901.508301
0.337383,0.121219,-1905.920288
0.337383,0.121219,-1906.921875
0.334624,0.118317,-1900.961182
0.334624,0.118317,-1898.929199
0.332696,0.115093,-1913.471191
0.332696,0.115093,-1909.419312
0.332696,0.115093,-1911.438232
0.333376,0.117661,-1903.843506
0.32846,0.119491,-1905.132812
0.329137,0.120271,-1920.708008
0.329137,0.120271,-1911.496216
0.331952,0.126035,-1912.574341
0.331952,0.126035,-1915.951416
0.328777,0.129085,-1913.262451
0.328777,0.129085,-1899.272705
0.328777,0.129085,-1907.537598
0.324385,0.129962,-1919.349609
0.324385,0.129962,-1926.084839
0.324385,0.129962,-1908.305176
0.323512,0.132301,-1924.955688
0.323155,0.129752,-1908.677246
0.323155,0.129752,-1901.825317
0.323915,0.135674,-1914.604736
0.326737,0.137816,-1912.526245
0.326737,0.137816,-1920.325928
0.322738,0.144338,-1908.285522
0.322738,0.144338,-1933.286133
0.327443,0.145642,-1920.520996
0.327443,0.145642,-1909.364502
0.327443,0.145642,-1912.977783
0.324183,0.143517,-1906.633545
0.324183,0.143517,-1908.409424
0.326593,0.144105,-1914.245483
0.3283,0.148491,-1900.866211
0.328808,0.145396,-1922.845703
0.328808,0.145396,-1902.851318
0.328808,0.145396,-1901.696777
0.328367,0.147398,-1895.419678
0.331342,0.145799,-1913.971924
0.331342,0.145799,-1920.041626
0.331342,0.145799,-1899.984253
0.330478,0.152843,-1906.136963
0.329427,0.151917,-1906.793457
0.329427,0.151917,-1912.778809
0.328844,0.151523,-1911.818359
0.328844,0.151523,-1922.857422
0.328844,0.151523,-1895.780151
0.330269,0.151066,-1909.569458
0.330269,0.151066,-1922.337891
0.330269,0.151066,-1908.839844
0.33136,0.148679,-1907.087646
0.33136,0.148679,-1924.507568
0.32921,0.148821,-1903.433838
0.332261,0.150514,-1909.030029
0.332261,0.150514,-1912.562256
0.33201,0.144586,-1908.06604
0.334069,0.14223,-1906.073364
0.33659,0.142485,-1900.111328
0.33659,0.142485,-1902.890625
0.331239,0.140424,-1900.172363
0.331239,0.140424,-1907.355103
0.333484,0.13674,-1899.115967
0.334303,0.136222,-1907.835449
0.334303,0.136222,-1909.288086
0.33745,0.136301,-1904.121582
0.33745,0.136301,-1906.592041
0.335915,0.136903,-1897.481567
0.332063,0.136866,-1906.686035
0.332063,0.136866,-1904.922119
0.332063,0.136866,-1905.388916
0.332666,0.134375,-1901.746948
0.332666,0.134375,-1916.12915
0.334857,0.132079,-1911.392334
0.33566,0.138007,-1904.506348
0.341414,0.134253,-1903.71167
0.341414,0.134253,-1907.67334
0.341414,0.134253,-1897.422363
0.341414,0.134253,-1905.593262
0.341414,0.134253,-1902.258911
0.341414,0.134253,-1898.867676
0.345735,0.13664,-1901.698486
0.346758,0.134472,-1900.538086
0.346758,0.134472,-1900.080688
0.350277,0.13453,-1901.342529
0.349111,0.136826,-1902.654297
0.349111,0.136826,-1903.095459
0.349111,0.136826,-1901.501709
0.349111,0.136826,-1902.278198
0.349111,0.136826,-1901.404297
0.350965,0.141805,-1903.547729
0.350965,0.141805,-1904.94043
0.35029,0.141853,-1904.745605
0.354303,0.140082,-1905.150391
0.354303,0.140082,-1903.395508
0.352789,0.140553,-1904.332764
0.352211,0.139761,-1903.197388
0.352211,0.139761,-1905.3125
0.351124,0.138755,-1903.005127
0.353622,0.141994,-1903.112793
0.353738,0.147088,-1903.508545
0.353738,0.147088,-1902.976318
0.353669,0.152851,-1905.372803
0.352486,0.154822,-1903.555176
0.352486,0.154822,-1903.580933
0.352486,0.154822,-1904.966553
0.352486,0.154822,-1904.046631
0.353417,0.155405,-1904.648315
0.353417,0.155405,-1905.016113
0.353173,0.151172,-1903.536621
0.353173,0.151172,-1905.049561
0.35654,0.151152,-1907.740845
0.355389,0.151468,-1905.519043
0.355389,0.151468,-1905.077881
0.355389,0.151468,-1905.13208
0.357615,0.147001,-1904.508301
0.355207,0.144549,-1904.702393
0.353847,0.143726,-1904.026123
0.353847,0.143726,-1903.989014
0.35144,0.145235,-1903.891846
0.35144,0.145235,-1903.644775
0.356111,0.146106,-1902.809814
0.356111,0.146106,-1903.192261
0.355763,0.145665,-1904.907104
0.356463,0.146335,-1904.939087
0.356463,0.146335,-1904.55249
0.356463,0.146335,-1904.921265
0.356463,0.146335,-1903.894775
0.357762,0.145007,-1905.377808
0.356251,0.139462,-1904.3302
0.355752,0.140489,-1904.910767
0.355752,0.140489,-1903.877197
0.355752,0.140489,-1903.147705
0.358806,0.140105,-1905.64209
0.358806,0.140105,-1905.621826
0.358806,0.140105,-1905.357178
0.358553,0.138596,-1904.766357
0.357538,0.142691,-1905.928589
0.359637,0.146068,-1906.458252
0.357823,0.142423,-1904.908325
0.357823,0.142423,-1904.620361
0.359806,0.140699,-1904.89209
0.359806,0.140699,-1906.129639
0.359559,0.139626,-1906.452637
0.356977,0.136548,-1906.049683
0.353581,0.132378,-1903.429199
0.353581,0.132378,-1905.245361
0.353581,0.132378,-1903.897461
0.353581,0.132378,-1903.01062
0.353581,0.132378,-1902.891602
0.352312,0.130027,-1904.5802
0.348419,0.129757,-1903.112305
0.34665,0.127794,-1901.297852
0.34665,0.127794,-1901.095947
0.34632,0.123259,-1900.687744
0.34632,0.123259,-1903.671387
0.34425,0.12442,-1902.634399
0.344076,0.117755,-1905.264404
0.348713,0.11869,-1905.167358
0.348713,0.11869,-1901.761108
0.348713,0.11869,-1902.798096
0.34823,0.121124,-1900.144897
0.34823,0.121124,-1901.285645
0.34823,0.121124,-1902.409546
0.34823,0.121124,-1901.728394
0.344712,0.126561,-1900.641846
0.344712,0.126561,-1901.329834
0.346055,0.125709,-1901.559204
0.343598,0.12708,-1903.003662
0.340896,0.129908,-1898.663818
0.341561,0.126855,-1904.070801
0.340207,0.125661,-1905.363281
0.341495,0.128581,-1908.536133
0.342704,0.129788,-1899.714111
0.342704,0.129788,-1899.694458
0.342173,0.129032,-1904.60376
0.342173,0.129032,-1899.293335
0.337704,0.13032,-1903.511597
0.339174,0.131646,-1905.749023
0.339174,0.131646,-1898.244751
0.339174,0.131646,-1896.225952
0.336592,0.128254,-1902.615112
0.336576,0.129024,-1897.770752
0.340003,0.133242,-1906.114624
0.338344,0.131954,-1898.819092
0.338344,0.131954,-1901.512207
0.339613,0.137017,-1897.894531
0.339613,0.137017,-1905.987305
0.347906,0.138919,-1904.03772
0.347688,0.142843,-1900.326904
0.347688,0.142843,-1901.290771
0.347688,0.142843,-1902.276001
0.347688,0.142843,-1902.231445
0.347688,0.142843,-1900.871338
0.342551,0.143175,-1900.05835
0.346535,0.144358,-1901.285034
0.347365,0.14744,-1902.032959
0.348114,0.148798,-1901.879395
0.343473,0.149001,-1903.750732
0.343473,0.149001,-1906.668213
0.342761,0.150623,-1901.893677
0.342556,0.151563,-1901.365234
0.344133,0.155357,-1903.698242
0.344133,0.155357,-1902.147705
0.341036,0.154094,-1907.607544
0.341036,0.154094,-1903.655518
0.343807,0.159298,-1902.035889
0.343807,0.159298,-1901.856323
0.345778,0.162637,-1902.398315
0.342459,0.158487,-1906.03833
0.344749,0.155241,-1904.465088
0.349297,0.154385,-1905.331543
0.349297,0.154385,-1905.10498
0.351115,0.157724,-1904.287109
0.35132,0.160462,-1904.568848
0.350056,0.161237,-1905.45752
0.350133,0.161363,-1906.951294
0.350133,0.161363,-1907.027344
0.350133,0.161363,-1906.035522
0.350133,0.161363,-1904.755249
0.350133,0.161363,-1905.620361
0.344939,0.158703,-1902.335449
0.341012,0.165482,-1901.706055
0.33948,0.16497,-1904.766724
0.338069,0.163131,-1912.091309
0.338069,0.163131,-1904.217285
0.336818,0.160383,-1903.369995
0.336818,0.160383,-1908.505127
0.336818,0.160383,-1901.786133
0.339123,0.163778,-1912.387451
0.340608,0.157332,-1901.624634
0.339602,0.159546,-1902.890381
0.343375,0.158275,-1904.225342
0.34663,0.153118,-1905.409668
0.34929,0.149302,-1903.750244
0.348604,0.151249,-1903.760742
0.348604,0.151249,-1902.583862
0.345085,0.152617,-1905.922607
0.350198,0.15216,-1906.52063
0.350808,0.152608,-1904.562988
0.350808,0.152608,-1903.28479
0.350426,0.153063,-1903.585449
0.351831,0.154327,-1902.880859
0.351831,0.154327,-1904.866211
0.353041,0.156838,-1903.511475
0.353041,0.156838,-1905.504272
0.353041,0.156838,-1904.36084
0.354382,0.156162,-1906.017822
0.354879,0.151556,-1906.117676
0.352926,0.151935,-1904.239502
0.352926,0.151935,-1903.744141
0.350182,0.151199,-1904.116699
0.350356,0.149725,-1903.052002
0.350356,0.149725,-1903.82373
0.350356,0.149725,-1903.065674
0.354025,0.150241,-1904.199707
0.356829,0.144471,-1905.443359
0.356829,0.144471,-1904.168701
0.356829,0.144471,-1904.011108
0.354362,0.149833,-1905.397217
0.351183,0.153293,-1903.303833
0.351183,0.153293,-1902.500977
0.344361,0.156909,-1901.162354
0.34442,0.15841,-1905.872925
0.344243,0.156932,-1908.710205
0.343002,0.155268,-1908.366211
0.341038,0.15441,-1899.200806
0.341038,0.15441,-1904.869751
0.338888,0.155517,-1899.703735
0.335237,0.160094,-1905.779907
0.338634,0.158593,-1903.744507
0.338634,0.158593,-1902.504272
0.338634,0.158593,-1914.419189
0.340095,0.162165,-1906.712402
0.342046,0.162116,-1906.211182
0.343134,0.160623,-1904.627441
0.342831,0.162239,-1902.585205
0.342208,0.165862,-1907.060547
0.344302,0.168237,-1908.371826
0.346735,0.166567,-1904.478516
0.34649,0.164134,-1905.851562
0.345963,0.164914,-1904.368774
0.343399,0.168697,-1909.291016
0.343399,0.168697,-1906.180298
0.343399,0.168697,-1909.523193
0.337646,0.168436,-1904.906006
0.337998,0.167354,-1910.205811
0.338221,0.168728,-1908.184082
0.338221,0.168728,-1905.295898
0.338221,0.168728,-1906.244141
0.339975,0.172371,-1909.877808
0.342148,0.170782,-1906.345825
0.342148,0.170782,-1907.729614
0.342148,0.170782,-1905.65918
0.344699,0.167605,-1904.02002
0.342843,0.169404,-1908.441162
0.344508,0.168187,-1910.818237
0.339995,0.169002,-1908.114014
0.343596,0.171161,-1904.030396
0.338326,0.170407,-1905.997314
0.333682,0.17105,-1902.697632
0.332255,0.170056,-1908.335693
0.331191,0.167784,-1913.877808
0.328806,0.1722,-1904.101318
0.326225,0.174473,-1928.608398
0.326225,0.174473,-1914.234741
0.326225,0.174473,-1921.445435
0.326225,0.174473,-1925.751343
0.326225,0.174473,-1933.962036
0.326225,0.174473,-1926.434692
0.326225,0.174473,-1922.478394
0.330512,0.172239,-1915.400391
0.332319,0.172919,-1911.358887
0.330206,0.174577,-1920.573975
0.330206,0.174577,-1906.497314
0.330206,0.174577,-1908.657715
0.328932,0.17811,-1922.319092
0.328932,0.17811,-1915.081665
0.328932,0.17811,-1917.098755
0.329752,0.176072,-1914.496338
0.334901,0.173954,-1902.386108
0.339516,0.177438,-1910.361328
0.339516,0.177438,-1904.965942
0.343122,0.174684,-1909.65332
0.343646,0.171055,-1908.563232
0.343646,0.171055,-1909.745728
0.343646,0.171055,-1906.081055
0.342682,0.171124,-1910.977783
0.342682,0.171124,-1907.137085
0.342324,0.173389,-1909.959717
0.342324,0.173389,-1911.086304
0.340304,0.171633,-1905.449707
0.33852,0.176469,-1916.338135
0.333453,0.180341,-1908.325439
0.333453,0.180341,-1911.718262
0.331593,0.185513,-1916.649658
0.335509,0.190391,-1917.20459
0.331088,0.187978,-1912.570801
0.334337,0.185146,-1922.942139
0.334337,0.185146,-1915.623779
0.334337,0.185146,-1921.588867
0.334337,0.185146,-1918.707275
0.33397,0.183174,-1909.702881
0.331941,0.184035,-1916.859863
0.331941,0.184035,-1920.477539
0.331941,0.184035,-1913.362793
0.331941,0.184035,-1915.880615
0.331941,0.184035,-1912.522461
0.331941,0.184035,-1919.637695
0.334533,0.186645,-1923.864746
0.334533,0.186645,-1919.193115
0.334533,0.186645,-1919.293335
0.334533,0.186645,-1910.758789
0.334497,0.185398,-1912.611084
0.332226,0.184584,-1919.684082
0.333422,0.183978,-1909.404419
0.333422,0.183978,-1919.873535
0.333422,0.183978,-1914.588867
0.333422,0.183978,-1922.716797
0.3317,0.179526,-1909.247803
0.3317,0.179526,-1900.755493
0.332299,0.178253,-1912.197266
0.332299,0.178253,-1901.471191
0.337276,0.176296,-1912.322266
0.34031,0.17824,-1907.765137
0.34249,0.174958,-1910.192383
0.34249,0.174958,-1906.793945
0.342239,0.176873,-1906.19458
0.344458,0.182397,-1914.000488
0.344458,0.182397,-1907.91687
0.344003,0.181322,-1907.743164
0.340292,0.182337,-1919.076416
0.341,0.180515,-1909.962158
0.34192,0.182173,-1913.401855
0.34192,0.182173,-1913.164795
0.34192,0.182173,-1910.954834
0.34192,0.182173,-1907.98291
0.344463,0.182692,-1913.458862
0.341589,0.183218,-1911.834106
0.342965,0.185791,-1910.11084
0.343408,0.18328,-1916.086426
0.344963,0.186692,-1912.129639
0.344033,0.183536,-1909.611572
0.344033,0.183536,-1918.836914
0.344578,0.174035,-1909.785156
0.344578,0.174035,-1912.228027
0.343566,0.168137,-1907.347168
0.343566,0.168137,-1903.807983
0.343566,0.168137,-1904.089478
0.346288,0.168207,-1907.220703
0.346288,0.168207,-1905.562744
0.350655,0.169653,-1909.213501
0.349592,0.169866,-1907.81958
0.350129,0.167911,-1908.686768
0.350491,0.166041,-1906.386108
0.350953,0.168784,-1907.237061
0.344773,0.167435,-1910.002441
0.342878,0.169401,-1912.592041
0.342548,0.167299,-1904.713379
0.342548,0.167299,-1904.963135
0.345212,0.166235,-1905.775024
0.344899,0.169076,-1904.623169
0.344899,0.169076,-1909.347168
0.345384,0.167112,-1910.621826
0.344535,0.171453,-1907.011963
0.344535,0.171453,-1907.704712
0.342255,0.172512,-1905.090942
0.341179,0.169208,-1906.25061
0.340986,0.172381,-1911.378418
0.342174,0.174169,-1910.671265
0.342174,0.174169,-1910.76001
0.347154,0.174051,-1910.580811
0.346885,0.175679,-1906.066895
0.346885,0.175679,-1907.844727
0.346821,0.172402,-1907.260498
0.346821,0.172402,-1909.360596
0.349783,0.165577,-1906.868408
0.349783,0.165577,-1906.855225
0.352434,0.162988,-1906.912598
0.348873,0.162307,-1904.540039
0.348873,0.162307,-1905.627563
0.348873,0.162307,-1906.967407
0.348032,0.168902,-1907.086182
0.34324,0.164313,-1904.73938
0.34324,0.164313,-1906.276367
0.34324,0.164313,-1902.997437
0.34324,0.164313,-1905.246338
0.34324,0.164313,-1905.201904
0.343894,0.168397,-1905.598389
0.343153,0.16212,-1901.544189
0.341308,0.161444,-1906.251343
0.341308,0.161444,-1902.715576
0.344094,0.159765,-1904.122314
0.344094,0.159765,-1901.927246
0.345127,0.156859,-1905.750244
0.345127,0.156859,-1901.768066
0.345127,0.156859,-1903.561157
0.345127,0.156859,-1902.387451
0.346007,0.160846,-1907.148315
0.346739,0.156586,-1906.312256
0.345004,0.159389,-1899.999146
0.34297,0.16431,-1907.847656
0.346059,0.161132,-1903.125366
0.348283,0.158305,-1905.979736
0.348136,0.154731,-1903.050293
0.348136,0.154731,-1903.467529
0.348136,0.154731,-1903.459961
0.350393,0.153289,-1903.980713
0.35456,0.156152,-1904.20752
0.35456,0.156152,-1906.349243
0.357167,0.158251,-1906.968018
0.357167,0.158251,-1907.515137
0.357167,0.158251,-1907.695801
0.355967,0.157696,-1907.130371
0.355834,0.15687,-1907.531982
0.354326,0.159089,-1906.167725
0.352596,0.162571,-1906.276855
0.348669,0.162906,-1905.440796
0.346788,0.164476,-1906.906006
0.346155,0.161898,-1904.797729
0.346155,0.161898,-1902.937988
0.348529,0.160258,-1907.7854
0.353989,0.160112,-1905.481445
0.356631,0.159093,-1907.090942
0.350347,0.157279,-1903.931152
0.350347,0.157279,-1906.371094
0.350347,0.157279,-1905.637207
0.34688,0.160384,-1904.241211
0.34688,0.160384,-1904.161621
0.346599,0.156025,-1904.38623
0.34702,0.155513,-1902.388672
0.34702,0.155513,-1902.45166
0.34702,0.155513,-1902.660645
0.347317,0.158692,-1904.044434
0.347606,0.160251,-1904.000488
0.350947,0.153785,-1906.370361
0.350947,0.153785,-1904.710327
0.349382,0.154984,-1904.197998
0.345816,0.151314,-1902.752686
0.345816,0.151314,-1901.909912
0.348781,0.147398,-1902.904297
0.348781,0.147398,-1900.976318
0.348781,0.147398,-1906.693604
0.34631,0.148999,-1901.342285
0.34631,0.148999,-1902.250732
0.347281,0.151783,-1902.289307
0.347281,0.151783,-1902.173218
0.347281,0.151783,-1905.876709
0.346481,0.15149,-1903.559326
0.345991,0.152302,-1907.645996
0.345629,0.14907,-1904.365723
0.345224,0.145047,-1902.780396
0.345229,0.146947,-1906.401367
0.346995,0.145788,-1902.271851
0.347253,0.144914,-1902.499512
0.347253,0.144914,-1901.830811
0.348484,0.14553,-1903.571533
0.346804,0.149521,-1905.070679
0.348424,0.148474,-1902.778442
0.348593,0.147384,-1902.507324
0.347922,0.149709,-1906.142822
0.347922,0.149709,-1901.938477
0.347922,0.149709,-1904.614258
0.346641,0.1505,-1903.523804
0.347565,0.150678,-1902.24707
0.3505,0.152909,-1904.334229
0.3505,0.152909,-1901.698975
0.3505,0.152909,-1904.247437
0.3505,0.152909,-1903.235107
0.350823,0.152601,-1906.919312
0.350843,0.155864,-1904.354492
0.350843,0.155864,-1905.141968
0.350843,0.155864,-1902.992188
0.35053,0.152737,-1904.761841
0.35053,0.152737,-1902.356689
0.35053,0.152737,-1903.239624
0.35053,0.152737,-1903.560791
0.352643,0.146846,-1903.861084
0.35382,0.147542,-1903.546631
0.352897,0.149043,-1904.475464
0.352897,0.149043,-1904.532959
0.352897,0.149043,-1905.14917
0.34897,0.143065,-1902.698486
0.34897,0.143065,-1900.128662
0.349334,0.13889,-1907.521484
0.349334,0.13889,-1901.866821
0.349334,0.13889,-1901.590088
0.349354,0.141948,-1905.213379
0.349354,0.141948,-1901.105225
0.347867,0.143003,-1902.019653
0.345459,0.14587,-1901.110107
0.345459,0.14587,-1903.461182
0.345459,0.14587,-1903.640259
0.342428,0.141767,-1902.496826
0.340418,0.142309,-1900.090576
0.340418,0.142309,-1904.001953
0.339078,0.14657,-1901.698975
0.339078,0.14657,-1903.758911
0.339078,0.14657,-1902.067139
0.33948,0.147,-1902.045532
0.33948,0.147,-1907.322021
0.338132,0.146184,-1899.552002
0.334685,0.145639,-1903.455322
0.33541,0.147263,-1902.515015
0.33541,0.147263,-1904.215088
0.33541,0.147263,-1913.607422
0.33541,0.147263,-1899.512451
0.33541,0.147263,-1896.171021
0.334534,0.148665,-1912.064209
0.334534,0.148665,-1900.22998
0.334534,0.148665,-1902.331421
0.335593,0.14694,-1907.421509
0.33509,0.149318,-1901.971436
0.333509,0.146977,-1900.163574
0.333509,0.146977,-1910.208252
0.33279,0.149165,-1910.597534
0.33279,0.149165,-1902.108887
0.33279,0.149165,-1902.207886
0.328095,0.147855,-1906.318848
0.329148,0.145109,-1911.193604
0.331702,0.152067,-1908.7146
0.331702,0.152067,-1904.109253
0.331794,0.151738,-1907.110107
0.331794,0.151738,-1905.204102
0.328622,0.146863,-1914.231934
0.334617,0.143871,-1897.706787
0.334617,0.143871,-1902.51123
0.333298,0.15052,-1909.985474
0.333298,0.15052,-1909.042725
0.333652,0.151386,-1901.32373
0.333652,0.151386,-1909.739868
0.333652,0.151386,-1912.488037
0.335171,0.154119,-1913.998657
0.336019,0.151159,-1905.886963
0.336019,0.151159,-1911.188843
0.335838,0.154391,-1900.630737
0.335838,0.154391,-1909.641968
0.335838,0.154391,-1906.063965
0.334375,0.1526,-1910.147461
0.334375,0.1526,-1907.101929
0.34099,0.155049,-1900.484619
0.341308,0.152878,-1901.490967
0.341308,0.152878,-1901.828857
0.341308,0.152878,-1901.608643
0.341308,0.152878,-1899.449951
0.341308,0.152878,-1906.070435
0.341308,0.152878,-1903.298584
0.33929,0.152691,-1902.911499
0.33929,0.152691,-1903.068481
0.33929,0.152691,-1898.047607
0.33929,0.152691,-1898.788452
0.33929,0.152691,-1905.30542
0.336621,0.148031,-1907.062988
0.336621,0.148031,-1903.318359
0.336621,0.148031,-1905.188477
0.339261,0.147159,-1900.775879
0.340923,0.151531,-1905.439453
0.339576,0.15228,-1903.393555
0.339576,0.15228,-1914.080811
0.338489,0.156939,-1898.001221
0.338489,0.156939,-1906.089233
0.339605,0.162774,-1906.918945
0.340826,0.159369,-1905.074707
0.340826,0.159369,-1908.699097
0.341493,0.16142,-1904.789795
0.335873,0.160395,-1900.141113
0.336977,0.158084,-1913.877808
0.338774,0.155336,-1908.472656
0.338774,0.155336,-1902.249878
0.338774,0.155336,-1903.164551
0.337115,0.150027,-1908.520508
0.336316,0.150069,-1903.22876
0.336316,0.150069,-1905.486328
0.339989,0.153909,-1909.274658
0.3392,0.154571,-1898.69751
0.33652,0.156098,-1907.467651
0.33652,0.156098,-1901.891357
0.33652,0.156098,-1911.236572
0.33652,0.156098,-1910.257812
0.338599,0.151375,-1910.818359
0.338599,0.151375,-1905.023193
0.338599,0.151375,-1900.917725
0.338628,0.146087,-1909.633423
0.338628,0.146087,-1904.1698
0.338628,0.146087,-1906.302979
0.341641,0.146538,-1905.841309
0.336696,0.14471,-1899.917725
0.336696,0.14471,-1904.713379
0.336696,0.14471,-1897.911377
0.336696,0.14471,-1901.924561
0.336696,0.14471,-1905.947754
0.336696,0.14471,-1906.171631
0.336893,0.149906,-1901.199341
0.336893,0.149906,-1901.351929
0.336893,0.149906,-1897.717407
0.336893,0.149906,-1904.22583
0.340143,0.14544,-1899.146606
0.340143,0.14544,-1903.641113
0.340143,0.14544,-1905.2146
0.340143,0.14544,-1904.204834
0.340143,0.14544,-1901.239624
0.340143,0.14544,-1903.826416
0.340143,0.14544,-1902.289429
0.341518,0.142805,-1898.584961
0.337278,0.142649,-1902.892334
0.337278,0.142649,-1904.812866
0.337278,0.142649,-1903.219971
0.33713,0.137799,-1909.0448
0.33713,0.137799,-1904.19104
0.33713,0.137799,-1904.580933
0.337529,0.129475,-1899.47644
0.336776,0.130016,-1907.500488
0.337671,0.125955,-1901.875732
0.340121,0.12393,-1902.400757
0.33746,0.122617,-1896.19458
0.33746,0.122617,-1906.37793
0.33746,0.122617,-1900.623779
0.340815,0.12616,-1902.397461
0.340825,0.132117,-1903.670654
0.340825,0.132117,-1900.220825
0.340825,0.132117,-1901.120117
0.340475,0.139217,-1904.121216
0.340475,0.139217,-1907.480713
0.338263,0.14502,-1902.244141
0.336339,0.143968,-1907.091309
0.333598,0.141582,-1895.146118
0.333598,0.141582,-1905.624756
0.333899,0.139119,-1920.834351
0.333899,0.139119,-1911.677612
0.333899,0.139119,-1913.424316
0.333899,0.139119,-1900.610596
0.333899,0.139119,-1903.708496
0.333899,0.139119,-1910.955078
0.337209,0.139545,-1907.367188
0.337808,0.136904,-1900.778687
0.341273,0.142542,-1904.668945
0.341273,0.142542,-1908.421143
0.342362,0.143574,-1906.032959
0.339429,0.14317,-1898.570435
0.342143,0.146234,-1903.776489
0.342143,0.146234,-1904.62561
0.339427,0.140738,-1900.468506
0.339427,0.140738,-1897.802124
0.339427,0.140738,-1906.921753
0.336474,0.140126,-1900.436646
0.340483,0.138853,-1901.495728
0.339921,0.147066,-1907.237793
0.339921,0.147066,-1898.769287
0.339921,0.147066,-1898.999023
0.339921,0.147066,-1902.649658
0.339287,0.143369,-1907.571533
0.339287,0.143369,-1901.472168
0.336519,0.147386,-1902.101562
0.336519,0.147386,-1898.081787
0.334149,0.144056,-1913.20874
0.334149,0.144056,-1911.627441
0.334149,0.144056,-1909.650635
0.334459,0.147896,-1914.893066
0.334459,0.147896,-1911.609741
0.334459,0.147896,-1911.142822
0.331561,0.154364,-1905.00708
0.332126,0.153167,-1917.564453
0.332126,0.153167,-1911.572266
0.332126,0.153167,-1910.210449
0.332126,0.153167,-1912.995605
0.334077,0.153359,-1908.808716
0.335892,0.147788,-1903.890869
0.339669,0.149758,-1910.921875
0.339669,0.149758,-1902.549316
0.34071,0.148706,-1909.528809
0.34071,0.148706,-1898.291016
0.34071,0.148706,-1904.315308
0.34071,0.148706,-1898.144287
0.338949,0.149758,-1904.099731
0.338949,0.149758,-1900.937622
0.338949,0.149758,-1897.321655
0.338949,0.149758,-1906.319336
0.344137,0.149146,-1910.292969
0.344137,0.149146,-1900.998657
0.344137,0.149146,-1900.96875
0.344137,0.149146,-1901.261963
0.344137,0.149146,-1900.4729
0.339069,0.150943,-1904.831665
0.339069,0.150943,-1897.485596
0.338416,0.14818,-1906.835083
0.338416,0.14818,-1908.837769
0.338416,0.14818,-1903.049805
0.341839,0.150738,-1899.608887
0.344523,0.146985,-1901.614502
0.348653,0.145642,-1902.53418
0.346984,0.141959,-1901.850342
0.346984,0.141959,-1900.356934
0.349041,0.14553,-1904.063965
0.349041,0.14553,-1904.773682
0.344548,0.143871,-1902.381592
0.344548,0.143871,-1901.380615
0.344239,0.143136,-1903.958862
0.344239,0.143136,-1899.675293
0.350147,0.138445,-1905.804688
0.349439,0.14096,-1904.281738
0.34707,0.14393,-1901.629395
0.349469,0.140055,-1905.907471
0.349469,0.140055,-1904.275757
0.349469,0.140055,-1901.456299
0.350537,0.141725,-1905.77478
0.351504,0.144065,-1904.084351
0.349721,0.141736,-1903.235352
0.352299,0.138445,-1901.945312
0.352299,0.138445,-1902.947998
0.355803,0.135159,-1902.811523
0.35599,0.136513,-1904.878906
0.35599,0.136513,-1904.24292
0.354974,0.131874,-1906.20166
0.356243,0.128632,-1904.074707
0.354707,0.126783,-1904.704346
0.356753,0.126625,-1905.111328
0.356753,0.126625,-1903.753906
0.356753,0.126625,-1903.375732
0.356164,0.125854,-1905.026733
0.356164,0.125854,-1904.524902
0.356164,0.125854,-1902.758911
0.356164,0.125854,-1902.711426
0.356232,0.126549,-1904.622803
0.356232,0.126549,-1904.422363
0.356232,0.126549,-1903.128662
0.352047,0.125525,-1902.735596
0.348738,0.128811,-1899.509521
0.352003,0.125767,-1902.135742
0.347869,0.125487,-1904.593994
0.343865,0.122924,-1902.374268
0.345041,0.122083,-1906.955322
0.347165,0.126135,-1902.573364
0.352075,0.128469,-1899.74646
0.352154,0.129497,-1902.615479
0.351902,0.131914,-1902.823853
0.348967,0.130159,-1903.239136
0.348967,0.130159,-1902.38623
0.34676,0.129695,-1900.320312
0.34676,0.129695,-1902.448364
0.347086,0.130907,-1902.425781
0.34509,0.124738,-1899.658813
0.34204,0.120351,-1904.08374
0.346301,0.118677,-1901.693604
0.34647,0.113217,-1906.306885
0.347471,0.112943,-1905.675415
0.347492,0.114018,-1903.993896
0.348857,0.116481,-1903.605103
0.34845,0.118476,-1903.731201
0.350097,0.116753,-1903.234253
0.350475,0.119575,-1904.603638
0.351108,0.1166,-1903.463379
0.35319,0.120271,-1903.130371
0.354115,0.12078,-1904.89563
0.354115,0.12078,-1904.402832
0.351524,0.126656,-1905.773682
0.351524,0.126656,-1902.870605
0.351915,0.126464,-1903.238037
0.351915,0.126464,-1902.859497
0.352318,0.123584,-1904.022461
0.351676,0.118919,-1904.292236
0.356567,0.117451,-1904.924072
0.356567,0.117451,-1905.578857
0.356313,0.11552,-1906.840088
0.355532,0.118515,-1905.028076
0.355588,0.116422,-1906.349121
0.355588,0.116422,-1906.320923
0.354308,0.115349,-1904.791382
0.352295,0.117798,-1905.256958
0.349308,0.119862,-1902.74707
0.349308,0.119862,-1903.557617
0.349308,0.119862,-1902.192139
0.350102,0.11811,-1902.77002
0.350354,0.11757,-1903.455688
0.350354,0.11757,-1903.515137
0.350354,0.11757,-1904.92627
0.350731,0.124292,-1903.713623
0.349679,0.121612,-1905.901123
0.349124,0.125716,-1902.226685
0.347372,0.121055,-1900.772095
0.347111,0.124801,-1904.245483
0.347111,0.124801,-1904.285889
0.347111,0.124801,-1901.647461
0.346155,0.124864,-1900.08374
0.346902,0.125984,-1902.222412
0.346902,0.125984,-1900.283813
0.346902,0.125984,-1899.341553
0.347162,0.129136,-1900.584717
0.348708,0.1228,-1902.464722
0.348708,0.1228,-1901.546387
0.347921,0.123367,-1901.699951
0.349407,0.120823,-1900.533447
0.349407,0.120823,-1902.006714
0.352565,0.124241,-1902.937378
0.352565,0.124241,-1901.138428
0.349264,0.124675,-1903.477905
0.350076,0.126655,-1902.081909
0.350076,0.126655,-1901.984131
0.350076,0.126655,-1900.727905
0.350076,0.126655,-1904.594482
0.349138,0.11948,-1905.094116
0.349751,0.122425,-1903.20105
0.354202,0.121054,-1905.907837
0.353648,0.124839,-1903.244995
0.354039,0.128183,-1903.566284
0.354039,0.128183,-1904.673096
0.354039,0.128183,-1903.465332
0.353157,0.130289,-1904.118164
0.353157,0.130289,-1903.658325
0.35191,0.131402,-1902.015869
0.354309,0.123893,-1905.341064
0.351199,0.123277,-1903.381958
0.351199,0.123277,-1901.874512
0.349326,0.125597,-1902.157104
0.347208,0.121705,-1900.658936
0.349252,0.11724,-1902.806519
0.349252,0.11724,-1903.537842
0.35117,0.113175,-1903.822998
0.350617,0.114593,-1906.020874
0.346096,0.116602,-1905.594727
0.346983,0.119398,-1904.507812
0.346983,0.119398,-1902.023926
0.349984,0.125189,-1904.280518
0.349474,0.120705,-1900.367188
0.349474,0.120705,-1901.770508
0.350933,0.124908,-1902.268066
0.352135,0.123332,-1901.967773
0.352135,0.123332,-1902.204712
0.357083,0.121629,-1904.734497
0.357166,0.125302,-1904.513916
0.357166,0.125302,-1903.99292
0.357166,0.125302,-1904.171875
0.354709,0.125657,-1904.067627
0.351818,0.12074,-1901.967529
0.351564,0.124617,-1902.55249
0.352382,0.122358,-1903.741211
0.352382,0.122358,-1902.015381
0.352382,0.122358,-1903.276367
0.349079,0.123118,-1900.54126
0.352862,0.123212,-1902.491943
0.350013,0.130287,-1901.522339
0.347519,0.127924,-1902.529297
0.347519,0.127924,-1904.630493
0.347519,0.127924,-1900.879395
0.347519,0.127924,-1900.333984
0.347519,0.127924,-1906.537476
0.348769,0.128149,-1902.445068
0.348769,0.128149,-1903.789673
0.348769,0.128149,-1903.916992
0.348769,0.128149,-1903.528076
0.348769,0.128149,-1905.617432
0.346178,0.126885,-1899.681885
0.347609,0.130662,-1902.730957
0.349345,0.128304,-1901.823975
0.346307,0.135066,-1900.675415
0.346307,0.135066,-1901.186523
0.342254,0.140191,-1901.900513
0.343146,0.140695,-1901.612671
0.3452,0.133591,-1904.208374
0.3452,0.133591,-1900.018799
0.348636,0.135959,-1901.879639
0.350226,0.13385,-1901.96814
0.350042,0.134617,-1903.098877
0.350042,0.134617,-1900.793457
0.350042,0.134617,-1902.89502
0.348233,0.128094,-1901.604004
0.346726,0.129242,-1901.780396
0.346726,0.129242,-1901.402344
0.340644,0.1311,-1905.881104
0.339192,0.129842,-1901.592651
0.341808,0.127228,-1901.743896
0.340528,0.124635,-1905.130371
0.340528,0.124635,-1897.358887
0.344716,0.128413,-1900.770508
0.344716,0.128413,-1900.34375
0.345359,0.126849,-1901.374512
0.344533,0.127001,-1905.703247
0.345288,0.126177,-1899.287109
0.347327,0.123189,-1901.482544
0.351495,0.120232,-1905.471802
0.351495,0.120232,-1902.726685
0.349327,0.124162,-1902.229858
0.349327,0.124162,-1900.773315
0.349327,0.124162,-1901.80957
0.350444,0.125138,-1902.149292
0.350444,0.125138,-1903.850342
0.345239,0.127915,-1902.352051
0.345239,0.127915,-1901.559326
0.346773,0.130614,-1901.673706
0.346773,0.130614,-1901.009277
0.347761,0.12647,-1902.588623
0.347761,0.12647,-1903.389771
0.347761,0.12647,-1902.743896
0.348143,0.126626,-1901.932739
0.348143,0.126626,-1900.972778
0.345977,0.127129,-1900.2854
0.348416,0.126023,-1903.928833
0.348416,0.126023,-1902.572754
0.348416,0.126023,-1901.748291
0.348416,0.126023,-1900.734253
0.346713,0.129056,-1903.98999
0.348723,0.128009,-1902.876221
0.350471,0.130506,-1901.953613
0.349744,0.130001,-1901.898315
0.349841,0.128039,-1901.526978
0.349841,0.128039,-1902.913086
0.350327,0.131381,-1902.452881
0.350504,0.132806,-1902.5896
0.350966,0.134466,-1902.952759
0.350966,0.134466,-1902.370728
0.350966,0.134466,-1902.535156
0.350966,0.134466,-1902.873535
0.351199,0.136176,-1902.363037
0.351199,0.136176,-1903.605225
0.354127,0.134287,-1903.868652
0.352363,0.137143,-1902.801758
0.353283,0.135304,-1903.990479
0.353283,0.135304,-1904.929932
0.353283,0.135304,-1901.989746
0.350967,0.135511,-1901.434814
0.349375,0.137161,-1900.518799
0.3456,0.134511,-1903.25708
0.3456,0.134511,-1901.165894
0.3456,0.134511,-1901.386719
0.345603,0.132895,-1901.462524
0.344036,0.136069,-1904.767212
0.345386,0.132627,-1905.358887
0.346251,0.133583,-1902.315674
0.346251,0.133583,-1900.706055
0.347763,0.134892,-1900.068604
0.347763,0.134892,-1901.995728
0.344285,0.135038,-1900.779541
0.343309,0.13208,-1903.622437
0.347129,0.134654,-1901.627686
0.345153,0.133909,-1902.792847
0.343512,0.12943,-1899.019531
0.342706,0.126844,-1904.22168
0.342706,0.126844,-1899.96875
0.344395,0.12796,-1904.981445
0.344395,0.12796,-1899.990234
0.342285,0.127451,-1903.722412
0.339912,0.13043,-1898.994141
0.344322,0.12948,-1900.640625
0.34514,0.132165,-1903.179443
0.347567,0.134828,-1902.775635
0.348395,0.133922,-1901.06604
0.348395,0.133922,-1902.849854
0.348395,0.133922,-1903.156738
0.348395,0.133922,-1900.428467
0.348395,0.133922,-1903.210449
0.348395,0.133922,-1901.354736
0.348395,0.133922,-1902.159546
0.348395,0.133922,-1901.125244
0.347247,0.136341,-1899.594482
0.347796,0.134299,-1902.71228
0.350228,0.137783,-1902.828613
0.34587,0.141054,-1904.708252
0.346893,0.138891,-1900.681519
0.345679,0.135278,-1898.335083
0.342458,0.134706,-1904.145508
0.342458,0.134706,-1908.807617
0.345019,0.131099,-1903.155762
0.342426,0.133769,-1900.191528
0.342426,0.133769,-1902.435181
0.342026,0.135603,-1903.81665
0.337455,0.136355,-1903.54187
0.337455,0.136355,-1908.309814
0.337455,0.136355,-1902.267578
0.338004,0.137274,-1902.466797
0.337551,0.135716,-1899.022095
0.337551,0.135716,-1907.778564
0.339051,0.138015,-1911.986938
0.333544,0.13907,-1910.393066
0.334852,0.139441,-1912.130127
0.334852,0.139441,-1906.125488
0.338076,0.141238,-1905.010742
0.33879,0.139206,-1907.210815
0.340335,0.139349,-1903.521973
0.340335,0.139349,-1898.893066
0.341895,0.144629,-1901.215088
0.339445,0.138832,-1898.07373
0.341509,0.134938,-1906.493896
0.341509,0.134938,-1901.814697
0.3431,0.129923,-1900.175049
0.344487,0.123177,-1900.406494
0.346454,0.125875,-1905.668213
0.349687,0.126564,-1902.391235
0.349687,0.126564,-1901.68457
0.350598,0.124641,-1902.757324
0.347523,0.126309,-1900.352173
0.349293,0.128119,-1900.551025
0.349293,0.128119,-1906.750488
0.35164,0.123217,-1902.001465
0.352206,0.125075,-1904.342163
0.352206,0.125075,-1901.656006
0.352206,0.125075,-1903.588257
0.351966,0.129237,-1902.76001
0.353098,0.129803,-1903.269531
0.352997,0.134794,-1903.870728
0.351168,0.135949,-1903.129028
0.351168,0.135949,-1903.114502
0.354056,0.135327,-1903.039307
0.356288,0.13288,-1904.407715
0.358563,0.132906,-1905.45752
0.357462,0.130914,-1904.895386
0.357462,0.130914,-1904.165039
0.356852,0.136189,-1904.645508
0.356852,0.136189,-1905.640625
0.358567,0.134101,-1905.278809
0.35615,0.137468,-1904.446289
0.355502,0.141112,-1905.157471
0.355555,0.143647,-1905.16333
0.353134,0.14275,-1903.674438
0.356635,0.144285,-1905.235107
0.356635,0.144285,-1903.780518
0.357297,0.14139,-1905.094482
0.356724,0.139541,-1904.571045
0.351627,0.137508,-1902.878418
0.351151,0.134762,-1904.151001
0.352174,0.126281,-1903.264404
0.352174,0.126281,-1902.334229
0.352174,0.126281,-1901.971191
0.352174,0.126281,-1902.933472
0.347043,0.125862,-1902.326904
0.347043,0.125862,-1901.521606
0.347604,0.122754,-1903.177246
0.347292,0.126642,-1901.106079
0.347292,0.126642,-1901.506836
0.347292,0.126642,-1901.665161
0.347292,0.126642,-1899.949951
0.351223,0.126072,-1906.063721
0.348054,0.125184,-1901.577148
0.348985,0.122289,-1901.127319
0.345064,0.121638,-1904.01123
0.345064,0.121638,-1900.254883
0.346179,0.127403,-1901.481934
0.345056,0.123778,-1906.937622
0.346216,0.127435,-1903.857178
0.346216,0.127435,-1902.032227
0.346433,0.127248,-1903.31543
0.348151,0.131444,-1902.374268
0.351571,0.136127,-1901.731689
0.355339,0.138248,-1904.258179
0.355339,0.138248,-1903.201172
0.356481,0.137063,-1904.308594
0.357597,0.137615,-1904.527222
0.357361,0.136684,-1904.541382
0.354166,0.136943,-1903.638916
0.355927,0.137099,-1904.119873
0.353431,0.131693,-1903.494507
0.351553,0.130423,-1902.107178
0.347855,0.134801,-1901.229492
0.347855,0.134801,-1902.164307
0.346361,0.133033,-1901.203125
0.34592,0.132912,-1900.667358
0.34592,0.132912,-1899.590332
0.347554,0.130684,-1905.781006
0.347554,0.130684,-1899.808105
0.347554,0.130684,-1902.365479
0.347554,0.130684,-1901.624146
0.347988,0.129834,-1903.375732
0.347988,0.129834,-1902.869019
0.345175,0.129104,-1899.197998
0.342822,0.12781,-1900.827515
0.343392,0.132648,-1903.310547
0.343539,0.128485,-1899.858154
0.343697,0.132527,-1901.779907
0.343697,0.132527,-1900.588257
0.343697,0.132527,-1903.363525
0.345364,0.134696,-1900.123535
0.345364,0.134696,-1904.2146
0.347972,0.128569,-1901.22644
0.347972,0.128569,-1901.582275
0.347052,0.129208,-1902.671875
0.347052,0.129208,-1901.762207
0.34941,0.131181,-1904.699341
0.34941,0.131181,-1901.761719
0.348347,0.123226,-1903.129639
0.350894,0.121638,-1903.307373
0.34862,0.127181,-1902.968018
0.34862,0.127181,-1903.123291
0.346048,0.130002,-1901.098999
0.346048,0.130002,-1902.540527
0.346048,0.130002,-1901.407837
0.342095,0.129351,-1898.410156
0.345483,0.129774,-1900.083252
0.345483,0.129774,-1901.376343
0.345483,0.129774,-1900.037842
0.345838,0.130926,-1898.815186
0.350765,0.131616,-1905.982666
0.348745,0.134557,-1903.792236
0.348745,0.134557,-1901.738037
0.349757,0.132678,-1901.757568
0.35343,0.133168,-1903.770264
0.347345,0.130882,-1903.58313
0.347368,0.12781,-1900.735596
0.347368,0.12781,-1900.47522
0.349268,0.129091,-1906.726318
0.349268,0.129091,-1902.70813
0.349952,0.125675,-1902.415283
0.348698,0.121876,-1903.489258
0.349321,0.117365,-1902.686401
0.349321,0.117365,-1904.909424
0.351401,0.117135,-1903.999512
0.353586,0.118229,-1905.095337
0.353586,0.118229,-1903.694214
0.356555,0.120275,-1906.606934
0.356555,0.120275,-1904.551147
0.356922,0.123357,-1905.524902
0.35524,0.126268,-1906.393066
0.35524,0.126268,-1902.847412
0.350719,0.125371,-1902.194336
0.352339,0.1281,-1904.788574
0.347835,0.130641,-1899.914551
0.347835,0.130641,-1901.615723
0.351357,0.132648,-1903.973511
0.351715,0.131808,-1904.189941
0.351715,0.131808,-1903.132568
0.346315,0.136092,-1905.442139
0.346315,0.136092,-1899.97583
0.346315,0.136092,-1899.999023
0.350074,0.137617,-1903.529053
0.350074,0.137617,-1903.446045
0.350074,0.137617,-1902.649414
0.351792,0.137551,-1903.023315
0.351792,0.137551,-1902.48291
0.348796,0.139385,-1900.846436
0.345989,0.138979,-1902.018066
0.345989,0.138979,-1899.968262
0.344227,0.135254,-1900.501221
0.340314,0.13594,-1899.443848
0.340314,0.13594,-1902.118286
0.345243,0.139991,-1901.849854
0.345243,0.139991,-1902.320068
0.345243,0.139991,-1905.019043
0.345243,0.139991,-1900.845581
0.345243,0.139991,-1901.125244
0.345114,0.140383,-1904.237549
0.345114,0.140383,-1899.630371
0.344973,0.145172,-1901.282471
0.344973,0.145172,-1899.667969
0.345061,0.146574,-1903.447388
0.349238,0.147841,-1904.923706
0.349238,0.147841,-1901.502197
0.349238,0.147841,-1903.867676
0.345843,0.146531,-1901.355713
0.345843,0.146531,-1901.469849
0.345843,0.146531,-1902.34375
0.345843,0.146531,-1902.168579
0.343873,0.145312,-1902.563354
0.343873,0.145312,-1900.547119
0.343873,0.145312,-1899.798828
0.343873,0.145312,-1905.314453
0.343873,0.145312,-1905.635132
0.345819,0.145898,-1900.43396
0.342005,0.142004,-1905.664062
0.342005,0.142004,-1898.298828
0.346852,0.142495,-1902.28479
0.348482,0.135244,-1901.545898
0.349247,0.135217,-1901.285156
0.348508,0.132854,-1902.362061
0.348508,0.132854,-1902.670288
0.349151,0.135622,-1903.348267
0.347423,0.141214,-1901.619629
0.347423,0.141214,-1901.413574
0.347423,0.141214,-1902.550049
0.350075,0.143298,-1902.218018
0.349862,0.140848,-1903.515747
0.349862,0.140848,-1902.361938
0.349862,0.140848,-1902.499146
0.34987,0.137803,-1902.591553
0.347559,0.135726,-1901.339844
0.349986,0.133431,-1901.291504
0.347722,0.135395,-1901.717285
0.351223,0.135835,-1905.828979
0.351299,0.133168,-1902.604736
0.34929,0.128251,-1904.228394
0.350786,0.127913,-1901.648315
0.348763,0.127723,-1902.994629
0.347524,0.129349,-1901.967529
0.347524,0.129349,-1900.608765
0.347524,0.129349,-1899.378906
0.346639,0.133044,-1899.064331
0.347341,0.135341,-1906.961182
0.346141,0.131511,-1902.529785
0.346141,0.131511,-1902.857178
0.347838,0.126738,-1901.669678
0.348656,0.122113,-1901.408936
0.348656,0.122113,-1900.85144
0.347838,0.117008,-1904.360596
0.345346,0.114189,-1904.890625
0.346184,0.117513,-1902.450806
0.347837,0.116047,-1901.871582
0.353243,0.119792,-1902.901245
0.353243,0.119792,-1904.772217
0.353989,0.122674,-1904.307251
0.357604,0.12284,-1905.728516
0.354967,0.118999,-1905.039307
0.352927,0.112994,-1905.698242
0.352927,0.112994,-1903.594238
0.358559,0.11514,-1908.259277
0.354,0.112362,-1906.172119
0.354659,0.107105,-1907.496948
0.355364,0.108265,-1906.354492
0.349782,0.111721,-1905.296631
0.349782,0.111721,-1903.038086
0.349782,0.111721,-1904.194092
0.349782,0.111721,-1902.315918
0.351894,0.11424,-1905.128052
0.351995,0.116366,-1904.85498
0.351995,0.116366,-1904.324707
0.345534,0.119634,-1904.085327
0.345534,0.119634,-1901.478882
0.342599,0.120501,-1908.677734
0.342026,0.123497,-1904.389038
0.342026,0.123497,-1900.949463
0.342026,0.123497,-1902.165161
0.342026,0.123497,-1899.63208
0.342026,0.123497,-1898.379883
0.342472,0.119513,-1904.922852
0.342472,0.119513,-1898.873413
0.342472,0.119513,-1907.117065
0.346145,0.119805,-1902.606934
0.346145,0.119805,-1904.206543
0.346145,0.119805,-1901.69873
0.346145,0.119805,-1902.369141
0.346145,0.119805,-1903.667236
0.346145,0.119805,-1902.604248
0.347542,0.122302,-1901.918579
0.347542,0.122302,-1900.075928
0.347542,0.122302,-1902.376709
0.347542,0.122302,-1904.515381
0.348637,0.125958,-1901.39856
0.348637,0.125958,-1901.134277
0.347554,0.122026,-1900.448975
0.347554,0.122026,-1901.415894
0.344358,0.117191,-1900.568726
0.349383,0.119874,-1902.025146
0.34944,0.127855,-1904.218018
0.349443,0.131641,-1902.784424
0.351738,0.132678,-1903.728394
0.353146,0.132208,-1902.897217
0.353146,0.132208,-1902.827026
0.353146,0.132208,-1902.655884
0.353146,0.132208,-1903.436646
0.35562,0.131976,-1903.598022
0.353995,0.13129,-1901.970581
0.354834,0.137523,-1902.550049
0.358619,0.141783,-1904.910889
0.358619,0.141783,-1906.169678
0.361194,0.145323,-1907.031128
0.35982,0.142224,-1905.296875
0.35982,0.142224,-1905.49585
0.360099,0.142618,-1906.814941
0.358208,0.144467,-1905.490356
0.353527,0.146106,-1901.870605
0.351785,0.141905,-1901.687744
0.351785,0.141905,-1902.830322
0.351785,0.141905,-1902.322144
0.355289,0.138206,-1904.6875
0.353369,0.134102,-1903.032593
0.354388,0.136937,-1904.10437
0.353637,0.13978,-1903.374512
0.353085,0.138154,-1902.743042
0.351475,0.136997,-1902.720215
0.350638,0.13978,-1902.036865
0.350638,0.13978,-1901.728027
0.351369,0.138811,-1902.454224
0.350224,0.143074,-1901.273926
0.350224,0.143074,-1903.844238
0.350224,0.143074,-1901.786377
0.350224,0.143074,-1901.995239
0.347934,0.148986,-1902.216919
0.347934,0.148986,-1905.728027
0.347864,0.147356,-1904.854736
0.345961,0.148654,-1900.488525
0.345937,0.147203,-1905.712402
0.345937,0.147203,-1900.604004
0.345937,0.147203,-1904.470947
0.345937,0.147203,-1901.601196
0.346523,0.149419,-1901.750244
0.34621,0.14865,-1900.621826
0.341952,0.143764,-1902.315918
0.348255,0.143812,-1906.404663
0.348255,0.143812,-1902.915039
0.347859,0.14235,-1904.857178
0.347859,0.14235,-1901.69458
0.34497,0.144547,-1899.657959
0.346298,0.138304,-1900.520386
0.346298,0.138304,-1901.873413
0.346298,0.138304,-1900.205811
0.346298,0.138304,-1900.458984
0.346298,0.138304,-1903.446899
0.347706,0.138626,-1902.415527
0.350482,0.133903,-1903.366455
0.353304,0.131529,-1902.899658
0.351496,0.131529,-1902.824951
0.347194,0.125816,-1901.295654
0.347531,0.128648,-1900.549194
0.347531,0.128648,-1901.297852
0.346842,0.130751,-1902.078979
0.351576,0.138268,-1901.815552
0.346686,0.137674,-1903.614746
0.346686,0.137674,-1900.908447
0.346686,0.137674,-1900.715454
0.346686,0.137674,-1906.415894
0.346686,0.137674,-1901.375122
0.346686,0.137674,-1900.370728
0.350608,0.141104,-1902.423584
0.350608,0.141104,-1903.600586
0.348811,0.144342,-1901.000244
0.348811,0.144342,-1902.815918
0.348811,0.144342,-1900.840088
0.349238,0.144557,-1902.191406
0.349238,0.144557,-1901.968506
0.348635,0.149032,-1905.587891
0.354543,0.146717,-1904.508179
0.356502,0.146454,-1906.440674
0.355637,0.142778,-1904.900757
0.355397,0.139962,-1902.810791
0.353569,0.142366,-1903.39856
0.350005,0.141903,-1902.316895
0.350005,0.141903,-1904.529541
0.350005,0.141903,-1902.929443
0.345992,0.138014,-1900.177979
0.350572,0.135081,-1903.052246
0.350238,0.134076,-1901.286865
0.350238,0.134076,-1901.87439
0.350238,0.134076,-1902.057373
0.351631,0.131444,-1902.633057
0.34718,0.131871,-1906.38208
0.34611,0.133756,-1902.816406
0.34372,0.133954,-1899.019775
0.341052,0.134258,-1899.604736
0.341052,0.134258,-1900.191406
0.344281,0.134698,-1898.417603
0.344872,0.134639,-1904.302246
0.345464,0.134484,-1900.222168
0.345464,0.134484,-1900.283691
0.345464,0.134484,-1900.944336
0.345464,0.134484,-1901.573975
0.343811,0.136823,-1904.753174
0.343921,0.142228,-1903.060913
0.343921,0.142228,-1901.225464
0.343921,0.142228,-1899.339355
0.343921,0.142228,-1901.866699
0.343921,0.142228,-1903.06958
0.347628,0.139949,-1901.061768
0.350459,0.139595,-1903.588379
0.355205,0.135993,-1902.595581
0.355205,0.135993,-1902.291504
0.355205,0.135993,-1903.500244
0.355205,0.135993,-1905.754395
0.355205,0.135993,-1904.102539
0.351962,0.132063,-1903.570923
0.351752,0.135796,-1902.917603
0.351752,0.135796,-1903.39917
0.348586,0.133849,-1902.905518
0.348586,0.133849,-1900.247681
0.347486,0.137887,-1900.907227
0.350463,0.136098,-1904.495361
0.350463,0.136098,-1903.236572
0.349998,0.138632,-1902.180908
0.346485,0.138017,-1902.740234
0.342313,0.140772,-1900.719971
0.339627,0.144678,-1900.996826
0.339627,0.144678,-1902.250977
0.33673,0.149096,-1905.206299
0.340976,0.149413,-1901.276245
0.340976,0.149413,-1907.230469
0.334458,0.141754,-1909.241943
0.334458,0.141754,-1912.276611
0.33613,0.141375,-1906.53772
0.332843,0.142468,-1900.186035
0.334548,0.143495,-1906.588867
0.334548,0.143495,-1902.269043
0.337242,0.133465,-1896.755737
0.337242,0.133465,-1902.559814
0.337016,0.131867,-1906.577881
0.337234,0.130236,-1911.173584
0.340766,0.130313,-1899.019043
0.340766,0.130313,-1896.98645
0.338753,0.132629,-1896.749512
0.338753,0.132629,-1902.381104
0.339826,0.132857,-1896.585449
0.336415,0.131944,-1905.885498
0.33872,0.132532,-1901.739136
0.33872,0.132532,-1905.429321
0.339075,0.134344,-1904.978394
0.341027,0.134052,-1896.970947
0.341027,0.134052,-1902.480469
0.333848,0.136189,-1895.944092
0.333417,0.133744,-1907.554443
0.33321,0.137441,-1916.782349
0.330703,0.138322,-1910.828125
0.330703,0.138322,-1905.377319
0.330025,0.142072,-1911.090332
0.329499,0.145286,-1917.380981
0.326488,0.149674,-1910.358032
0.328858,0.14666,-1913.719238
0.328858,0.14666,-1909.842163
0.330435,0.147108,-1916.803101
0.330435,0.147108,-1896.800903
0.330435,0.147108,-1915.707764
0.330435,0.147108,-1918.33667
0.330435,0.147108,-1913.350342
0.329824,0.142297,-1907.16626
0.329824,0.142297,-1915.89502
0.329824,0.142297,-1900.593994
0.329824,0.142297,-1905.668579
0.329824,0.142297,-1906.960205
0.328722,0.142978,-1913.167725
0.329623,0.141849,-1909.371094
0.333883,0.140142,-1905.516357
0.335501,0.144219,-1902.392212
0.337634,0.140608,-1907.975586
0.337634,0.140608,-1903.492188
0.337634,0.140608,-1905.015259
0.339954,0.140878,-1907.609375
0.339954,0.140878,-1901.770264
0.339954,0.140878,-1898.637817
0.339954,0.140878,-1898.299316
0.336243,0.140789,-1897.386353
0.336243,0.140789,-1902.791748
0.335589,0.14184,-1899.770996
0.333172,0.142294,-1904.55127
0.333319,0.144457,-1902.159424
0.333319,0.144457,-1902.265625
0.333319,0.144457,-1907.824463
0.333319,0.144457,-1900.880981
0.334416,0.146971,-1898.374512
0.334416,0.146971,-1902.262939
0.334416,0.146971,-1900.105835
0.334416,0.146971,-1907.384033
0.334416,0.146971,-1909.042603
0.336061,0.142781,-1914.725952
0.336061,0.142781,-1894.386719
0.33737,0.141064,-1907.970947
0.336559,0.144949,-1914.035645
0.336559,0.144949,-1903.815308
0.336559,0.144949,-1912.642822
0.336559,0.144949,-1898.120605
0.338026,0.146854,-1901.561279
0.339678,0.148106,-1910.03772
0.339678,0.148106,-1903.094727
0.339678,0.148106,-1898.604492
0.339212,0.146888,-1907.155518
0.339751,0.150903,-1903.09082
0.339658,0.149914,-1899.170044
0.34484,0.152518,-1902.562988
0.34484,0.152518,-1907.037964
0.34484,0.152518,-1905.345947
0.34512,0.150265,-1899.848877
0.34512,0.150265,-1906.478882
0.346448,0.150579,-1904.29126
0.346448,0.150579,-1905.783936
0.345926,0.153456,-1901.785278
0.345926,0.153456,-1905.848022
0.345926,0.153456,-1901.026978
0.344737,0.151829,-1902.626953
0.344737,0.151829,-1904.376465
0.346533,0.150569,-1902.243652
0.347485,0.154873,-1902.990967
0.344186,0.154545,-1903.832153
0.342838,0.156071,-1900.541504
0.342838,0.156071,-1906.97583
0.343019,0.157677,-1907.847046
0.346598,0.157509,-1903.857178
0.346598,0.157509,-1901.671631
0.341329,0.156524,-1908.24939
0.339702,0.153715,-1907.617554
0.343156,0.153382,-1904.579712
0.345026,0.155343,-1903.515137
0.346762,0.153355,-1902.626343
0.344795,0.152144,-1904.938965
0.343744,0.150951,-1909.199219
0.343744,0.150951,-1903.930908
0.340474,0.152644,-1904.375
0.340474,0.152644,-1906.814087
0.340474,0.152644,-1906.234375
0.339129,0.156023,-1903.745972
0.342284,0.155934,-1904.172485
0.34028,0.150002,-1905.124512
0.340661,0.150684,-1906.133911
0.340661,0.150684,-1902.699951
0.343752,0.146401,-1902.339355
0.34767,0.146775,-1901.006348
0.34767,0.146775,-1901.109619
0.34516,0.149346,-1900.599731
0.34516,0.149346,-1901.848511
0.34516,0.149346,-1903.105347
0.341357,0.150734,-1902.264648
0.341229,0.151075,-1900.249634
0.343236,0.155539,-1903.55188
0.345879,0.1545,-1901.46582
0.345879,0.1545,-1905.965576
0.345652,0.153984,-1901.619141
0.346176,0.157639,-1904.709473
0.342887,0.159372,-1903.265381
0.343098,0.160281,-1905.319336
0.343098,0.160281,-1908.966064
0.343098,0.160281,-1909.828369
0.343098,0.160281,-1902.147339
0.343098,0.160281,-1908.2146
0.343098,0.160281,-1903.589355
0.34638,0.157032,-1906.902588
0.344731,0.159417,-1902.864502
0.344172,0.151559,-1902.104126
0.341918,0.153173,-1903.864136
0.341848,0.152942,-1903.207153
0.344129,0.150568,-1904.887207
0.346076,0.152954,-1902.115967
0.347072,0.153621,-1902.705688
0.347072,0.153621,-1903.145752
0.347072,0.153621,-1901.834473
0.347072,0.153621,-1903.19873
0.347072,0.153621,-1902.474243
0.347072,0.153621,-1906.07666
0.346286,0.153931,-1900.919678
0.346286,0.153931,-1905.106445
0.348164,0.155825,-1904.769653
0.350002,0.148155,-1902.789795
0.350058,0.150045,-1902.771729
0.346268,0.150036,-1902.733643
0.34813,0.150617,-1903.812134
0.34813,0.150617,-1903.871216
0.34813,0.150617,-1903.342285
0.34813,0.150617,-1902.784302
0.347447,0.14939,-1900.618408
0.347447,0.14939,-1901.777344
0.347447,0.14939,-1903.784912
0.34905,0.150555,-1902.219116
0.351351,0.152573,-1904.519775
0.351351,0.152573,-1904.629761
0.351351,0.152573,-1903.206787
0.350211,0.153355,-1903.048706
0.353132,0.149551,-1905.148926
0.350633,0.150892,-1903.145264
0.350633,0.150892,-1903.594727
0.350444,0.145839,-1904.668213
0.351674,0.146762,-1903.785645
0.351674,0.146762,-1905.072998
0.350615,0.14471,-1902.377441
0.350615,0.14471,-1902.402344
0.350615,0.14471,-1903.517944
0.348187,0.144854,-1900.955322
0.351037,0.141826,-1902.578979
0.351037,0.141826,-1903.947998
0.348705,0.146202,-1903.925415
0.348705,0.146202,-1901.329468
0.34925,0.144168,-1902.536865
0.34985,0.142412,-1902.349609
0.354566,0.140038,-1902.00708
0.351127,0.142684,-1901.950195
0.350237,0.144236,-1901.997437
0.350237,0.144236,-1903.843506
0.350237,0.144236,-1901.496704
0.346676,0.141912,-1900.174316
0.348117,0.143662,-1903.692871
0.350451,0.145206,-1901.376709
0.350054,0.143539,-1902.574463
0.350054,0.143539,-1901.115845
0.351842,0.142612,-1902.572388
0.353206,0.140005,-1904.283203
0.353206,0.140005,-1903.868652
0.353437,0.136154,-1904.261963
0.353437,0.136154,-1903.00647
0.353437,0.136154,-1901.598145
0.353437,0.136154,-1903.277588
0.352161,0.137974,-1901.571411
0.351685,0.140298,-1903.390869
0.351685,0.140298,-1902.536621
0.350506,0.137074,-1902.432861
0.346615,0.139303,-1901.449707
0.346615,0.139303,-1903.048584
0.346615,0.139303,-1901.508789
0.346615,0.139303,-1900.252686
0.352537,0.142251,-1903.368164
0.352881,0.14238,-1902.709839
0.359651,0.142457,-1905.167847
0.359087,0.143185,-1905.601318
0.355759,0.14539,-1905.928589
0.350993,0.149677,-1904.378052
0.350993,0.149677,-1902.874023
0.352769,0.148643,-1905.203003
0.352977,0.149353,-1904.193359
0.351342,0.148857,-1903.825439
0.351342,0.148857,-1902.164795
0.351342,0.148857,-1904.288818
0.351342,0.148857,-1902.896729
0.349241,0.152707,-1902.772339
0.349241,0.152707,-1903.050293
0.349745,0.151543,-1904.529907
0.35269,0.153892,-1904.106689
0.353238,0.155689,-1906.895996
0.355106,0.152965,-1906.313965
0.351522,0.153516,-1904.991211
0.351293,0.152972,-1903.494385
0.347914,0.153102,-1903.931519
0.348086,0.152201,-1904.171387
0.349793,0.15233,-1905.241821
0.349793,0.15233,-1903.39978
0.35277,0.15461,-1905.727783
0.352709,0.156234,-1904.073608
0.352709,0.156234,-1905.438477
0.356328,0.15244,-1904.943726
0.354257,0.156718,-1906.168945
0.354257,0.156718,-1905.945557
0.35199,0.159258,-1905.450684
0.352558,0.162518,-1907.713379
0.352558,0.162518,-1906.999268
0.352558,0.162518,-1905.584717
0.354741,0.160652,-1906.905518
0.352191,0.162712,-1907.373169
0.350384,0.161086,-1904.704468
0.351169,0.16352,-1904.755615
0.349009,0.163491,-1906.867065
0.350648,0.162533,-1908.318359
0.350648,0.162533,-1906.055054
0.350396,0.165829,-1908.887451
0.350396,0.165829,-1906.449463
0.350396,0.165829,-1906.65918
0.34917,0.162435,-1908.934448
0.34917,0.162435,-1908.080322
0.34917,0.162435,-1905.732422
0.34917,0.162435,-1904.927612
0.345042,0.16278,-1903.703735
0.345126,0.161668,-1904.271118
0.344615,0.164382,-1906.376953
0.347421,0.162998,-1906.079834
0.348395,0.160122,-1906.058105
0.348395,0.160122,-1905.178467
0.348713,0.162192,-1905.411377
0.348713,0.162192,-1905.558105
0.348713,0.162192,-1905.332764
0.348713,0.162192,-1904.762207
0.350622,0.160673,-1906.284668
0.349723,0.159332,-1905.808716
0.351601,0.156828,-1905.568604
0.351601,0.156828,-1906.498779
0.351991,0.157526,-1904.881714
0.352034,0.153262,-1904.774536
0.352034,0.153262,-1903.463135
0.352034,0.153262,-1905.293213
0.351007,0.147395,-1902.855957
0.351007,0.147395,-1902.118774
0.351007,0.147395,-1903.903442
0.346748,0.148678,-1902.703369
0.346748,0.148678,-1901.442261
0.346748,0.148678,-1900.74939
0.346584,0.145921,-1902.805908
0.346584,0.145921,-1901.513062
0.346584,0.145921,-1902.575684
0.345438,0.148258,-1901.522705
0.346419,0.151113,-1900.720581
0.347203,0.152755,-1903.686279
0.347203,0.152755,-1901.712402
0.34964,0.154155,-1903.756958
0.347797,0.154363,-1903.653809
0.349466,0.14788,-1901.756958
0.352583,0.144743,-1903.730225
0.352583,0.144743,-1904.072998
0.352583,0.144743,-1904.361084
0.351629,0.148005,-1903.381836
0.351629,0.148005,-1905.581787
0.351629,0.148005,-1903.507568
0.356596,0.146908,-1905.416016
0.350325,0.147756,-1902.479126
0.348513,0.146556,-1903.180786
0.351436,0.148262,-1904.334717
0.35335,0.148321,-1903.392334
0.35335,0.148321,-1904.464478
0.355647,0.147052,-1905.0271
0.354421,0.142896,-1903.953857
0.356383,0.145707,-1906.28833
0.356383,0.145707,-1904.916016
0.355496,0.146401,-1904.489746
0.355496,0.146401,-1906.338623
0.353015,0.145296,-1904.218262
0.35447,0.141101,-1903.074219
0.353058,0.145608,-1905.52124
0.353058,0.145608,-1902.82666
0.352719,0.147514,-1904.117432
0.349171,0.14571,-1905.078003
0.349171,0.14571,-1902.594727
0.349171,0.14571,-1902.586792
0.349171,0.14571,-1903.780884
0.349171,0.14571,-1902.916748
0.348782,0.143197,-1902.684326
0.348782,0.143197,-1903.370605
0.348011,0.145041,-1902.42627
0.347565,0.141916,-1905.399048
0.346428,0.143481,-1900.330322
0.346428,0.143481,-1901.227661
0.346965,0.146536,-1904.220093
0.34545,0.137244,-1899.71936
0.34545,0.137244,-1900.923096
0.347151,0.134509,-1899.95166
0.347151,0.134509,-1905.087402
0.347151,0.134509,-1900.62793
0.347151,0.134509,-1903.701172
0.347529,0.130917,-1899.746338
0.348197,0.13384,-1901.173706
0.348197,0.13384,-1901.208984
0.352084,0.138492,-1903.448608
0.352084,0.138492,-1901.989746
0.351266,0.137337,-1903.250732
0.351266,0.137337,-1903.338135
0.35297,0.133171,-1901.09375
0.358152,0.132216,-1906.071167
0.35908,0.13166,-1905.043701
0.35908,0.13166,-1905.947021
0.359809,0.133537,-1904.702271
0.359809,0.133537,-1904.541504
0.359686,0.134266,-1904.294922
0.361155,0.134237,-1908.291504
0.36139,0.131899,-1906.583008
0.36139,0.131899,-1907.045654
0.363313,0.130298,-1907.34375
0.363313,0.130298,-1906.701416
0.363313,0.130298,-1906.130981
0.363313,0.130298,-1906.560303
0.363313,0.130298,-1907.405762
0.362548,0.13419,-1906.57605
0.361513,0.132455,-1906.646973
0.361513,0.132455,-1906.857422
0.364107,0.131746,-1906.438965
0.364107,0.131746,-1906.48877
0.364107,0.131746,-1908.783447
0.364107,0.131746,-1907.369141
0.361384,0.132928,-1905.491821
0.361384,0.132928,-1905.755249
0.360157,0.127601,-1905.436035
0.361639,0.128099,-1905.605835
0.360738,0.130398,-1905.134521
0.362136,0.129409,-1905.515259
0.360448,0.12839,-1906.317383
0.360448,0.12839,-1904.947998
0.360448,0.12839,-1904.642822
0.360448,0.12839,-1904.746704
0.360785,0.133736,-1905.893799
0.362021,0.131576,-1906.412354
0.362021,0.131576,-1905.990234
0.358318,0.132411,-1903.559814
0.36103,0.124598,-1904.942383
0.359588,0.122918,-1904.926758
0.35614,0.125414,-1904.188721
0.35614,0.125414,-1904.685303
0.355666,0.12526,-1903.617676
0.355666,0.12526,-1903.694824
0.354191,0.128347,-1903.129395
0.354191,0.128347,-1903.587158
0.354191,0.128347,-1902.375977
0.356668,0.126206,-1903.783691
0.354809,0.123723,-1904.280029
0.354513,0.127591,-1903.698242
0.354513,0.127591,-1903.279785
0.356665,0.126409,-1905.262451
0.352963,0.130417,-1905.756348
0.35597,0.126329,-1903.360596
0.353099,0.129697,-1905.253784
0.35292,0.132851,-1903.096313
0.35292,0.132851,-1902.281982
0.35292,0.132851,-1901.989014
0.350935,0.133503,-1902.730713
0.350906,0.130487,-1903.619141
0.350906,0.130487,-1902.312988
0.352429,0.135523,-1903.236328
0.34904,0.139745,-1904.015625
0.34904,0.139745,-1905.365479
0.349797,0.144685,-1905.227173
0.349797,0.144685,-1903.08667
0.349129,0.148208,-1900.236694
0.350294,0.147149,-1903.64856
0.347925,0.149678,-1901.90625
0.346908,0.148589,-1902.297119
0.342614,0.145026,-1903.089355
0.340479,0.14204,-1900.852295
0.340537,0.148869,-1900.428223
0.340537,0.148869,-1901.888306
0.340537,0.148869,-1906.437866
0.344978,0.150913,-1903.944946
0.344978,0.150913,-1900.531982
0.344912,0.151463,-1902.112549
0.346509,0.150766,-1904.47644
0.346509,0.150766,-1902.714844
0.343453,0.147996,-1898.659912
0.343453,0.147996,-1902.94751
0.343453,0.147996,-1902.891235
0.343453,0.147996,-1906.994873
0.344083,0.150967,-1901.815063
0.341045,0.147135,-1904.042969
0.340395,0.153502,-1906.184204
0.33678,0.156488,-1907.023804
0.33678,0.156488,-1906.990845
0.33678,0.156488,-1903.599854
0.340439,0.157311,-1908.380615
0.342063,0.153756,-1906.860596
0.342063,0.153756,-1901.009888
0.342063,0.153756,-1901.366089
0.342036,0.152198,-1899.946289
0.342036,0.152198,-1903.423096
0.341592,0.149708,-1905.01001
0.344394,0.149094,-1902.46106
0.345358,0.15307,-1904.509888
0.33941,0.154375,-1906.463623
0.341462,0.153528,-1905.644531
0.341897,0.159654,-1903.858276
0.341897,0.159654,-1906.228394
0.345882,0.15448,-1903.692627
0.345882,0.15448,-1901.51001
0.346136,0.156323,-1903.019775
0.346136,0.156323,-1904.921631
0.344383,0.158164,-1909.26123
0.34374,0.160037,-1905.243286
0.34374,0.160037,-1901.81665
0.34374,0.160037,-1901.496826
0.342586,0.15515,-1906.021606
0.339472,0.158809,-1907.394043
0.339472,0.158809,-1904.040527
0.338526,0.160854,-1903.990845
0.337092,0.164641,-1907.70752
0.33455,0.164812,-1910.603271
0.337716,0.164298,-1907.883057
0.337716,0.164298,-1902.352295
0.334413,0.164245,-1913.853638
0.334413,0.164245,-1907.819214
0.334413,0.164245,-1913.796143
0.334413,0.164245,-1909.719971
0.334413,0.164245,-1909.867065
0.333821,0.162043,-1903.929077
0.332306,0.165677,-1918.38623
0.332306,0.165677,-1915.706299
0.328626,0.164582,-1920.33374
0.328626,0.164582,-1909.855469
0.330158,0.167723,-1910.659424
0.330696,0.167804,-1916.282349
0.330696,0.167804,-1901.421509
0.330696,0.167804,-1921.264893
0.330991,0.164017,-1902.383057
0.331825,0.1653,-1904.026367
0.330571,0.165205,-1919.529053
0.330571,0.165205,-1906.016846
0.330571,0.165205,-1907.257568
0.33404,0.163847,-1903.680664
0.338808,0.167597,-1903.476807
0.338184,0.168947,-1903.393799
0.338184,0.168947,-1900.489502
0.338184,0.168947,-1901.907715
0.339292,0.16471,-1909.250488
0.335255,0.166442,-1905.303833
0.337729,0.166979,-1904.988037
0.340195,0.165705,-1908.684814
0.341578,0.163869,-1901.550537
0.345447,0.16797,-1905.155396
0.342296,0.164704,-1909.439331
0.340701,0.167822,-1905.30835
0.338263,0.173107,-1905.623779
0.339634,0.173657,-1912.008667
0.339634,0.173657,-1915.277954
0.339634,0.173657,-1910.155518
0.344899,0.17671,-1910.578979
0.344899,0.17671,-1908.79834
0.344899,0.17671,-1906.595215
0.344899,0.17671,-1908.42627
0.345575,0.177743,-1908.217529
0.348097,0.178139,-1911.098267
0.348097,0.178139,-1910.04834
0.348097,0.178139,-1908.457031
0.346297,0.179076,-1908.599854
0.346297,0.179076,-1907.842163
0.343883,0.175441,-1907.160645
0.348579,0.176583,-1910.20813
0.350962,0.174423,-1910.36377
0.348871,0.175407,-1908.629883
0.348871,0.175407,-1909.379395
0.348871,0.175407,-1909.142212
0.349027,0.168147,-1908.640381
0.348983,0.163241,-1904.809814
0.348236,0.165632,-1905.481323
0.349241,0.167939,-1906.286133
0.349241,0.167939,-1906.221069
0.351929,0.168879,-1908.253418
0.351929,0.168879,-1907.151367
0.353713,0.168719,-1909.876221
0.346399,0.170294,-1906.798584
0.34755,0.168932,-1906.111816
0.348626,0.167915,-1906.378662
0.348626,0.167915,-1904.408447
0.348626,0.167915,-1906.953735
0.34749,0.170617,-1907.705688
0.350916,0.174521,-1909.493652
0.347559,0.167861,-1909.464722
0.347559,0.167861,-1905.902832
0.349488,0.170393,-1906.11792
0.353672,0.172633,-1912.284912
0.353967,0.173598,-1908.48291
0.353516,0.172443,-1908.507568
0.353245,0.172377,-1909.10791
0.353245,0.172377,-1909.676147
0.353549,0.173101,-1909.976196
0.353549,0.173101,-1908.806641
0.353549,0.173101,-1908.893799
0.354758,0.177961,-1910.958008
0.354758,0.177961,-1913.272949
0.35123,0.176612,-1910.396729
0.349666,0.176199,-1910.30835
0.348252,0.181187,-1911.478394
0.348069,0.17724,-1907.748291
0.346684,0.173838,-1910.050903
0.346684,0.173838,-1907.911621
0.34448,0.177093,-1906.745483
0.346021,0.177911,-1909.508545
0.345485,0.178886,-1911.889771
0.345485,0.178886,-1909.941162
0.345485,0.178886,-1911.186768
0.346178,0.177254,-1909.646973
0.348735,0.176478,-1910.990845
0.350679,0.178503,-1910.188599
0.352283,0.178484,-1910.817871
0.352317,0.186545,-1913.915039
0.352317,0.186545,-1912.577515
0.354859,0.184517,-1912.300293
0.355109,0.18503,-1914.099487
0.35621,0.183103,-1914.492065
0.35621,0.183103,-1913.934326
0.354155,0.181515,-1912.742798
0.352201,0.181616,-1913.031738
0.352201,0.181616,-1910.849121
0.352201,0.181616,-1910.948853
0.352201,0.181616,-1913.275879
0.352201,0.181616,-1912.138428
0.34522,0.181338,-1909.583252
0.34522,0.181338,-1910.62793
0.347504,0.184231,-1911.713257
0.347765,0.182285,-1911.629028
0.346657,0.181158,-1910.342773
0.349289,0.183232,-1909.747314
0.349289,0.183232,-1910.06665
0.343868,0.183,-1912.129272
0.339545,0.183277,-1912.539429
0.341794,0.179902,-1911.479248
0.345736,0.177055,-1913.014038
0.347462,0.180094,-1909.845825
0.347027,0.17331,-1910.415039
0.350102,0.173748,-1909.891724
0.346932,0.173402,-1906.143799
0.346997,0.173536,-1907.290771
0.346676,0.172605,-1912.468262
0.343257,0.170091,-1910.145386
0.34358,0.167826,-1906.672607
0.34358,0.167826,-1906.621704
0.342072,0.169799,-1909.96875
0.34175,0.173034,-1908.403076
0.345912,0.171778,-1909.49292
0.345912,0.171778,-1904.597168
0.345912,0.171778,-1906.852295
0.346124,0.17061,-1911.717773
0.351057,0.16561,-1906.122803
0.348942,0.163691,-1907.148926
0.349435,0.161272,-1905.531128
0.349832,0.164347,-1907.161011
0.349832,0.164347,-1905.123047
0.349832,0.164347,-1905.876465
0.349832,0.164347,-1905.832275
0.349832,0.164347,-1905.541992
0.351769,0.165583,-1908.105225
0.351769,0.165583,-1909.706177
0.351769,0.165583,-1908.051636
0.351366,0.16941,-1906.891968
0.353172,0.16673,-1906.977417
0.355578,0.170725,-1909.677734
0.35313,0.172022,-1909.784302
0.349563,0.170315,-1908.410645
0.34967,0.171398,-1909.67981
0.34967,0.171398,-1907.846558
0.348743,0.173372,-1908.689697
0.346681,0.174295,-1907.355469
0.346681,0.174295,-1908.333374
0.346681,0.174295,-1907.352539
0.348904,0.173889,-1908.809204
0.347893,0.172903,-1908.643677
0.347893,0.172903,-1909.273193
0.347893,0.172903,-1908.09375
0.347893,0.172903,-1907.872314
0.348676,0.173793,-1908.460083
0.348676,0.173793,-1908.698975
0.348784,0.173192,-1913.464844
0.349866,0.169073,-1907.163086
0.351568,0.17248,-1908.390747
0.351568,0.17248,-1907.334473
0.351568,0.17248,-1910.583008
0.353957,0.17004,-1908.526855
0.353957,0.17004,-1910.628784
0.352116,0.160839,-1904.805542
0.352116,0.160839,-1903.825562
0.346884,0.163159,-1903.101562
0.34852,0.158932,-1906.566284
0.349521,0.157933,-1905.106689
0.346523,0.159874,-1903.893921
0.347721,0.16697,-1905.439209
0.347721,0.16697,-1906.430176
0.347721,0.16697,-1907.601807
0.347721,0.16697,-1906.314575
0.347301,0.168557,-1906.591919
0.347301,0.168557,-1905.515259
0.346397,0.171845,-1907.879272
0.346397,0.171845,-1907.870972
0.339441,0.174224,-1910.406494
0.339622,0.172536,-1910.293945
0.34073,0.170483,-1904.587524
0.338126,0.17057,-1907.19043
0.338812,0.171493,-1904.67041
0.338812,0.171493,-1901.213501
0.34193,0.166259,-1902.394531
0.34193,0.166259,-1908.095581
0.34193,0.166259,-1905.826904
0.338812,0.165888,-1910.90979
0.337127,0.165851,-1907.267578
0.337816,0.168104,-1908.015625
0.337816,0.168104,-1901.738037
0.337816,0.168104,-1909.251831
0.335225,0.167944,-1906.469238
0.340353,0.16382,-1910.230835
0.340294,0.160646,-1901.266846
0.343786,0.161565,-1905.589966
0.343786,0.161565,-1907.162476
0.34522,0.166961,-1903.522461
0.347145,0.165188,-1906.225342
0.347145,0.165188,-1904.971924
0.347145,0.165188,-1905.087158
0.347145,0.165188,-1904.031982
0.347659,0.165055,-1904.787598
0.348945,0.167249,-1906.391235
0.348819,0.171845,-1906.275879
0.348819,0.171845,-1906.69458
0.348819,0.171845,-1912.038086
0.347416,0.175055,-1908.054077
0.346916,0.176339,-1906.068115
0.346916,0.176339,-1909.562866
0.347664,0.173834,-1909.755859
0.347664,0.173834,-1907.901855
0.347391,0.16936,-1908.503418
0.347391,0.16936,-1906.632202
0.351792,0.164608,-1906.562378
0.351792,0.164608,-1907.448364
0.348912,0.164348,-1904.612671
0.346451,0.162486,-1905.37207
0.351564,0.159285,-1905.796875
0.35372,0.159513,-1907.130493
0.35372,0.159513,-1906.77356
0.35087,0.158924,-1906.837036
0.35087,0.158924,-1903.658081
0.352455,0.159473,-1905.490479
0.352455,0.159473,-1905.457031
0.351114,0.162994,-1904.099854
0.351114,0.162994,-1905.63916
0.351114,0.162994,-1904.417236
0.351114,0.162994,-1905.966064
0.352608,0.166229,-1908.930054
0.352608,0.166229,-1909.095947
0.352608,0.166229,-1908.058716
0.351804,0.167773,-1908.468628
0.352867,0.161473,-1905.985474
0.350558,0.159201,-1903.019531
0.350558,0.159201,-1906.473633
0.348553,0.159608,-1905.75061
0.348553,0.159608,-1903.362061
0.348553,0.159608,-1910.494385
0.348553,0.159608,-1907.497437
0.352257,0.160052,-1904.615723
0.349915,0.164014,-1907.436279
0.349915,0.164014,-1909.271484
0.350935,0.163536,-1908.618042
0.349381,0.163389,-1905.477051
0.350381,0.160791,-1905.118652
0.348123,0.169234,-1906.573975
0.348123,0.169234,-1905.833252
0.348691,0.165028,-1909.005127
0.348691,0.165028,-1907.392578
0.352607,0.159833,-1909.294434
0.352511,0.160598,-1905.654297
0.350977,0.160357,-1905.203125
0.347517,0.158293,-1904.739868
0.346466,0.163508,-1905.535767
0.346466,0.163508,-1904.210449
0.346466,0.163508,-1905.326416
0.346665,0.165349,-1906.228882
0.346712,0.165555,-1905.551514
0.346712,0.165555,-1906.810791
0.34524,0.168119,-1907.051147
0.34524,0.168119,-1904.744507
0.344944,0.167988,-1909.659912
0.346058,0.169434,-1905.16626
0.346058,0.169434,-1906.586304
0.346058,0.169434,-1904.91748
0.346058,0.169434,-1905.168457
0.346058,0.169434,-1907.139648
0.34652,0.173357,-1908.032227
0.34827,0.174082,-1908.112793
0.34827,0.174082,-1909.804199
0.344255,0.175409,-1915.394531
0.344255,0.175409,-1909.684082
0.347469,0.172785,-1909.669434
0.347469,0.172785,-1907.972656
0.344975,0.166907,-1905.823486
0.344975,0.166907,-1903.549805
0.351313,0.166569,-1908.318237
0.351313,0.166569,-1907.580322
0.350654,0.167198,-1905.566406
0.347955,0.165589,-1904.356567
0.347404,0.165167,-1909.691406
0.34892,0.164776,-1905.016357
0.351061,0.163852,-1906.585449
0.357553,0.164488,-1909.181274
0.358306,0.166301,-1908.900391
0.358909,0.161763,-1910.447266
0.358909,0.161763,-1906.703125
0.358909,0.161763,-1910.331177
0.358909,0.161763,-1908.166748
0.358909,0.161763,-1908.281006
0.357278,0.159041,-1909.200806
0.35678,0.155918,-1905.256104
0.357298,0.159394,-1907.189819
0.356459,0.15767,-1906.565308
0.353622,0.152431,-1905.378906
0.350703,0.153412,-1903.204834
0.350703,0.153412,-1904.410034
0.35039,0.154063,-1907.981689
0.35039,0.154063,-1904.86377
0.348746,0.148097,-1901.144897
0.34706,0.151522,-1902.368164
0.346779,0.151607,-1903.107422
0.346779,0.151607,-1901.574707
0.342526,0.145366,-1905.505859
0.342526,0.145366,-1902.587891
0.341604,0.146401,-1902.449219
0.339809,0.144473,-1901.453369
0.339809,0.144473,-1905.868896
0.343619,0.142027,-1898.338867
0.343187,0.145546,-1903.553833
0.336915,0.143954,-1896.103882
0.334271,0.138108,-1899.387207
0.340633,0.1355,-1904.896851
0.340633,0.1355,-1897.503906
0.340464,0.138194,-1899.588379
0.340311,0.141293,-1897.601318
0.342772,0.140498,-1902.48877
0.341843,0.139326,-1898.972534
0.340295,0.136654,-1905.268921
0.340295,0.136654,-1901.494751
0.340295,0.136654,-1909.695068
0.340295,0.136654,-1900.570679
0.340295,0.136654,-1903.80481
0.344618,0.138376,-1905.015991
0.345175,0.14135,-1900.962402
0.345175,0.14135,-1904.094971
0.345175,0.14135,-1899.466675
0.347149,0.138107,-1901.865479
0.347149,0.138107,-1901.492188
0.344722,0.135687,-1907.975098
0.344722,0.135687,-1903.254028
0.347332,0.135072,-1901.276978
0.347332,0.135072,-1900.282227
0.347332,0.135072,-1899.785889
0.347332,0.135072,-1900.605713
0.347332,0.135072,-1900.503662
0.347332,0.135072,-1904.105957
0.347332,0.135072,-1901.494385
0.347332,0.135072,-1899.993286
0.34633,0.133916,-1902.84082
0.347412,0.131437,-1905.021729
0.346626,0.133008,-1902.184082
0.348129,0.134391,-1900.747681
0.348129,0.134391,-1901.748169
0.345907,0.134822,-1900.281738
0.345907,0.134822,-1902.481201
0.345907,0.134822,-1906.1698
0.345907,0.134822,-1901.133545
0.345546,0.131709,-1899.645996
0.345546,0.131709,-1900.340088
0.349898,0.131945,-1901.857422
0.348842,0.133022,-1903.271484
0.348817,0.130755,-1903.685059
0.347379,0.135959,-1901.551758
0.353954,0.136685,-1904.259277
0.353954,0.136685,-1903.958252
0.354083,0.134441,-1903.293701
0.35332,0.127297,-1902.675537
0.356067,0.119786,-1903.606934
0.359348,0.118581,-1906.821533
0.359348,0.118581,-1905.130371
0.359838,0.11904,-1905.189209
0.363353,0.123769,-1906.30188
0.362523,0.126493,-1906.629639
0.359259,0.126765,-1907.346436
0.359259,0.126765,-1906.836914
0.362419,0.128944,-1906.244873
0.361125,0.130501,-1907.285645
0.358894,0.138949,-1905.211792
0.358221,0.133472,-1904.255859
0.356635,0.135559,-1904.672607
0.351105,0.135218,-1903.818604
0.350485,0.132887,-1903.27417
0.346134,0.130173,-1899.143311
0.345918,0.130071,-1900.66748
0.347215,0.133814,-1902.117676
0.345143,0.139332,-1899.374146
0.345143,0.139332,-1904.637207
0.345143,0.139332,-1901.302002
0.345143,0.139332,-1905.336914
0.345143,0.139332,-1904.92627
0.345143,0.139332,-1898.888916
0.345143,0.139332,-1900.461914
0.345143,0.139332,-1903.073975
0.345143,0.139332,-1907.18335
0.345143,0.139332,-1900.043945
0.345143,0.139332,-1900.746338
0.345143,0.139332,-1900.224609
0.34491,0.136681,-1900.041504
0.344123,0.141106,-1907.523193
0.34581,0.141766,-1900.295166
0.345158,0.141757,-1899.461426
0.345158,0.141757,-1902.755371
0.345822,0.141898,-1901.861572
0.347517,0.140698,-1902.658447
0.347517,0.140698,-1904.261597
0.352937,0.138134,-1903.507568
0.356783,0.1404,-1904.074951
0.357954,0.130672,-1905.626465
0.357954,0.130672,-1903.48584
0.358658,0.130052,-1904.602051
0.357647,0.134648,-1903.842773
0.35569,0.126819,-1904.605225
0.353009,0.125387,-1902.230591
0.353009,0.125387,-1903.787354
0.353195,0.122223,-1903.217041
0.355028,0.123339,-1904.226074
0.352741,0.121078,-1902.295532
0.349444,0.120951,-1901.414062
0.349444,0.120951,-1902.959229
0.349444,0.120951,-1903.059692
0.344867,0.120713,-1901.261963
0.344867,0.120713,-1900.81543
0.346503,0.122317,-1900.864258
0.345486,0.125875,-1900.257935
0.342328,0.127739,-1900.02002
0.340565,0.126277,-1905.424316
0.340726,0.125784,-1898.666016
0.340726,0.125784,-1905.027466
0.340726,0.125784,-1903.568848
0.339009,0.120428,-1904.952393
0.34112,0.122634,-1903.553467
0.34042,0.121184,-1903.518311
0.34042,0.121184,-1905.764404
0.335266,0.117293,-1907.240356
0.335266,0.117293,-1910.081543
0.335266,0.117293,-1905.89624
0.335266,0.117293,-1905.781006
0.336614,0.115928,-1904.414062
0.338567,0.119081,-1908.606445
0.338739,0.117238,-1902.089478
0.338739,0.117238,-1903.921143
0.337667,0.119425,-1908.445312
0.337667,0.119425,-1914.304443
0.337667,0.119425,-1899.348145
0.337667,0.119425,-1910.795898
0.336146,0.120798,-1897.865234
0.336146,0.120798,-1902.733643
0.336557,0.123856,-1896.596313
0.337069,0.127749,-1909.184814
0.337069,0.127749,-1901.673828
0.339244,0.125485,-1907.905396
0.339244,0.125485,-1901.973999
0.339244,0.125485,-1904.152344
0.342172,0.127091,-1906.211182
0.342172,0.127091,-1900.676758
0.342172,0.127091,-1902.838623
0.344308,0.130392,-1903.120605
0.342286,0.12964,-1898.40625
0.340038,0.132544,-1908.649902
0.342409,0.135034,-1903.859619
0.342409,0.135034,-1907.237915
0.342409,0.135034,-1904.484131
0.34774,0.131236,-1907.807739
0.34774,0.131236,-1900.637817
0.349518,0.125022,-1902.298828
0.349518,0.125022,-1903.544922
0.344774,0.125242,-1904.675171
0.344774,0.125242,-1902.099609
0.344774,0.125242,-1903.547363
0.344774,0.125242,-1904.447266
0.349731,0.127555,-1904.009277
0.346831,0.130597,-1900.843262
0.345259,0.131491,-1903.063477
0.345259,0.131491,-1902.38562
0.345259,0.131491,-1903.295654
0.349551,0.126918,-1902.93042
0.345237,0.127825,-1900.870239
0.345237,0.127825,-1902.106934
0.350258,0.133312,-1902.010498
0.349396,0.135566,-1901.010376
0.354539,0.136531,-1902.43335
0.353283,0.137924,-1903.983154
0.351786,0.136819,-1906.293823
0.350011,0.135882,-1902.879639
0.350011,0.135882,-1901.480591
0.348443,0.131475,-1901.393066
0.348443,0.131475,-1901.200684
0.348443,0.131475,-1903.148315
0.348443,0.131475,-1899.773926
0.347389,0.127721,-1903.427979
0.350354,0.130193,-1902.004395
0.350354,0.130193,-1903.501831
0.350354,0.130193,-1900.65686
0.348403,0.128988,-1900.807129
0.34789,0.128527,-1902.551758
0.34789,0.128527,-1902.697876
0.34789,0.128527,-1901.197876
0.34789,0.128527,-1905.035889
0.34789,0.128527,-1900.103516
0.342958,0.134446,-1899.296875
0.342958,0.134446,-1898.437988
0.342958,0.134446,-1898.265503
0.342297,0.133217,-1900.323975
0.342297,0.133217,-1903.019409
0.342305,0.13426,-1900.355103
0.342305,0.13426,-1903.175049
0.343952,0.13265,-1899.589478
0.34207,0.133784,-1898.872559
0.34207,0.133784,-1901.635742
0.34207,0.133784,-1903.212646
0.34207,0.133784,-1905.061401
0.345667,0.131408,-1903.280029
0.344872,0.131689,-1897.963501
0.344872,0.131689,-1902.489502
0.33899,0.130926,-1900.794678
0.345286,0.130037,-1901.366943
0.345286,0.130037,-1898.986328
0.345286,0.130037,-1899.853516
0.349667,0.127151,-1900.717407
0.347891,0.129274,-1901.984619
0.351024,0.130462,-1905.337891
0.351024,0.130462,-1902.671021
0.351208,0.129908,-1903.702393
0.351208,0.129908,-1902.803833
0.351208,0.129908,-1901.483398
0.355075,0.127383,-1902.833008
0.355075,0.127383,-1903.026855
0.354583,0.128815,-1902.512085
0.354583,0.128815,-1903.13623
0.354615,0.130102,-1903.756104
0.354615,0.130102,-1903.889648
0.354615,0.130102,-1903.394043
0.354615,0.130102,-1902.564575
0.354615,0.130102,-1902.477417
0.354189,0.130765,-1902.854004
0.354079,0.126328,-1901.983765
0.354079,0.126328,-1903.362061
0.356283,0.125905,-1904.116455
0.355533,0.127204,-1904.526245
0.350974,0.126995,-1902.55542
0.347978,0.129737,-1900.829102
0.350014,0.130874,-1902.685303
0.350014,0.130874,-1903.607666
0.353075,0.133397,-1902.966309
0.352776,0.130849,-1903.723389
0.348557,0.129079,-1901.311035
0.344532,0.125341,-1900.955322
0.347761,0.125059,-1902.021362
0.347761,0.125059,-1900.468384
0.346481,0.124612,-1905.200806
0.346863,0.126308,-1901.247803
0.346863,0.126308,-1899.971924
0.346863,0.126308,-1900.421143
0.348886,0.125028,-1903.275757
0.349241,0.12169,-1903.053467
0.349241,0.12169,-1900.249756
0.352736,0.123609,-1903.444214
0.352736,0.123609,-1902.574219
0.352869,0.127133,-1901.326172
0.355017,0.126013,-1903.544922
0.35554,0.127577,-1903.805542
0.358568,0.1314,-1906.186768
0.355549,0.131154,-1904.968018
0.35122,0.127012,-1903.090698
0.35122,0.127012,-1903.843018
0.349744,0.12909,-1901.409546
0.349744,0.12909,-1901.203369
0.349744,0.12909,-1902.178345
0.347902,0.126119,-1902.203857
0.346114,0.131056,-1900.02124
0.346067,0.132931,-1902.85144
0.346067,0.132931,-1900.736328
0.346067,0.132931,-1902.270264
0.346067,0.132931,-1898.919434
0.346067,0.132931,-1898.803955
0.346067,0.132931,-1899.456543
0.34595,0.133041,-1902.355347
0.34595,0.133041,-1900.958008
0.34538,0.132984,-1901.205078
0.347853,0.127233,-1904.711914
0.348374,0.130293,-1902.360962
0.344896,0.131393,-1900.675537
0.344896,0.131393,-1903.924438
0.344896,0.131393,-1901.082764
0.344896,0.131393,-1897.924316
0.347542,0.12933,-1903.047119
0.347542,0.12933,-1900.373901
0.348512,0.130179,-1901.580811
0.348512,0.130179,-1903.706787
0.348512,0.130179,-1899.095215
0.348812,0.124599,-1903.568726
0.348812,0.124599,-1902.373535
0.348812,0.124599,-1900.738281
0.346554,0.130821,-1899.160645
0.342669,0.129302,-1901.362793
0.342669,0.129302,-1903.609619
0.343908,0.134293,-1899.005127
0.343908,0.134293,-1906.22937
0.343908,0.134293,-1899.709229
0.343908,0.134293,-1899.545288
0.341079,0.135983,-1899.622192
0.343626,0.133722,-1903.644897
0.343626,0.133722,-1903.20752
0.339111,0.135847,-1904.87915
0.339111,0.135847,-1901.330444
0.339111,0.135847,-1900.500488
0.338282,0.137423,-1905.875122
0.339625,0.138582,-1899.611328
0.33763,0.139745,-1899.119873
0.341001,0.136952,-1905.769531
0.341001,0.136952,-1896.96228
0.342126,0.138193,-1897.614136
0.342126,0.138193,-1898.504761
0.342126,0.138193,-1900.055176
0.342126,0.138193,-1898.767822
0.342231,0.139228,-1898.94751
0.338359,0.141559,-1905.07605
0.335174,0.139922,-1898.8396
0.335174,0.139922,-1908.686768
0.335174,0.139922,-1902.937988
0.335174,0.139922,-1906.541748
0.338171,0.135986,-1901.151855
0.341233,0.136789,-1898.057495
0.340872,0.141079,-1904.309814
0.343379,0.140759,-1902.558594
0.343379,0.140759,-1901.922852
0.343379,0.140759,-1898.197266
0.347284,0.141459,-1904.395386
0.347162,0.140463,-1902.901855
0.347162,0.140463,-1904.548828
0.347162,0.140463,-1904.625488
0.346583,0.138135,-1899.350586
0.3475,0.133631,-1901.72583
0.345678,0.132898,-1904.010254
0.344729,0.132723,-1900.838867
0.344908,0.128956,-1900.210693
0.347107,0.12873,-1904.52063
0.346079,0.132606,-1903.375366
0.346105,0.128499,-1901.397705
0.346105,0.128499,-1901.859131
0.345312,0.12758,-1901.761353
0.345312,0.12758,-1901.969849
0.347037,0.13019,-1901.878906
0.347037,0.13019,-1901.224854
0.345861,0.133784,-1899.878662
0.343849,0.138096,-1903.073486
0.343849,0.138096,-1898.242432
0.343849,0.138096,-1901.571777
0.341063,0.138107,-1902.683472
0.341063,0.138107,-1898.62793
0.341063,0.138107,-1901.252197
0.338559,0.137234,-1903.369141
0.337483,0.137849,-1910.832275
0.337138,0.13613,-1905.999756
0.334563,0.131642,-1901.839844
0.334493,0.129241,-1905.963013
0.33179,0.12759,-1910.869629
0.333506,0.127053,-1908.082031
0.333506,0.127053,-1906.274414
0.334284,0.128442,-1903.368652
0.330943,0.132581,-1903.482544
0.330943,0.132581,-1905.478271
0.330943,0.132581,-1909.686279
0.330943,0.132581,-1910.440063
0.335099,0.135779,-1909.622559
0.335099,0.135779,-1904.616211
0.335099,0.135779,-1907.685913
0.331965,0.131273,-1906.956787
0.330404,0.125289,-1909.207397
0.327879,0.121625,-1919.660522
0.325063,0.120776,-1916.911011
0.325063,0.120776,-1916.159668
0.325063,0.120776,-1920.908081
0.325063,0.120776,-1911.126343
0.321682,0.121906,-1917.797729
0.321682,0.121906,-1918.043457
0.320423,0.122144,-1914.578125
0.320423,0.122144,-1920.067871
0.320423,0.122144,-1917.984131
0.320712,0.122584,-1930.21875
0.32183,0.118377,-1922.445801
0.321794,0.117544,-1927.265137
0.321794,0.117544,-1927.330322
0.321794,0.117544,-1919.286133
0.328278,0.114372,-1909.991089
0.333005,0.110103,-1912.4104
0.333005,0.110103,-1912.125732
0.333005,0.110103,-1910.564697
0.333005,0.110103,-1910.378174
0.335119,0.111362,-1916.859131
0.33164,0.11224,-1912.109863
0.33164,0.11224,-1908.05542
0.33164,0.11224,-1920.83606
0.333525,0.116563,-1913.885498
0.334416,0.123431,-1905.921265
0.328989,0.122979,-1916.471924
0.328989,0.122979,-1913.708008
0.328989,0.122979,-1916.262451
0.329616,0.12226,-1915.196777
0.328784,0.125877,-1899.492432
0.330444,0.125736,-1905.535522
0.33232,0.125022,-1903.0354
0.329904,0.121943,-1901.405762
0.329083,0.116798,-1914.648926
0.329083,0.116798,-1905.157227
0.329083,0.116798,-1915.096436
0.329083,0.116798,-1914.9104
0.324818,0.112564,-1912.629028
0.324818,0.112564,-1908.486694
0.323219,0.106315,-1915.99585
0.323219,0.106315,-1921.666748
0.321101,0.109449,-1915.156616
0.321101,0.109449,-1928.902344
0.31929,0.10418,-1933.814697
0.318093,0.103873,-1931.516968
0.320352,0.106755,-1918.241455
0.320352,0.106755,-1928.065186
0.31809,0.110529,-1931.440063
0.31809,0.110529,-1939.717773
0.31809,0.110529,-1910.591675
0.317561,0.105513,-1935.901611
0.317561,0.105513,-1921.348877
0.317561,0.105513,-1922.985107
0.317561,0.105513,-1924.258545
0.317561,0.105513,-1928.233887
0.317561,0.105513,-1936.837402
0.320091,0.099804,-1937.169312
0.320091,0.099804,-1907.428833
0.320091,0.099804,-1927.974365
0.322386,0.100055,-1913.76709
0.316731,0.100991,-1924.692627
0.320751,0.100217,-1938.873657
0.320751,0.100217,-1930.945679
0.320751,0.100217,-1917.765991
0.323215,0.098596,-1929.215576
0.323215,0.098596,-1919.943604
0.323215,0.098596,-1935.27124
0.323215,0.098596,-1927.641113
0.326299,0.098352,-1931.31665
0.328208,0.093968,-1922.561768
0.332629,0.096814,-1910.312988
0.329251,0.101522,-1906.991455
0.329251,0.101522,-1919.751221
0.329251,0.101522,-1901.885986
0.332994,0.10198,-1920.674927
0.332994,0.10198,-1906.316895
0.335398,0.100416,-1921.739746
0.335398,0.100416,-1908.994141
0.339493,0.09883,-1904.874268
0.339493,0.09883,-1902.255127
0.339493,0.09883,-1912.578857
0.339493,0.09883,-1907.979248
0.339493,0.09883,-1914.654053
0.339987,0.101646,-1906.814941
0.340509,0.096125,-1908.228027
0.340509,0.096125,-1915.501953
0.340149,0.09054,-1912.39502
0.340149,0.09054,-1915.811768
0.33952,0.092122,-1911.411255
0.340134,0.088442,-1919.708984
0.340682,0.088033,-1909.379761
0.339021,0.088379,-1913.403564
0.339318,0.089101,-1914.206787
0.339318,0.089101,-1912.606934
0.337147,0.089813,-1918.386963
0.337147,0.089813,-1910.901855
0.337147,0.089813,-1909.696289
0.337147,0.089813,-1908.946533
0.332194,0.089164,-1909.163208
0.332194,0.089164,-1916.201782
0.332194,0.089164,-1912.105591
0.332194,0.089164,-1928.164551
0.332194,0.089164,-1928.800903
0.332194,0.089164,-1921.163818
0.333796,0.08431,-1928.391846
0.333796,0.08431,-1927.897217
0.333796,0.08431,-1919.390625
0.333796,0.08431,-1925.273438
0.333903,0.083141,-1919.304321
0.333903,0.083141,-1926.254395
0.335342,0.083823,-1916.278809
0.336196,0.087125,-1923.938354
0.335674,0.093526,-1909.109131
0.341436,0.093834,-1906.118164
0.339908,0.093213,-1916.469482
0.343184,0.098373,-1905.525757
0.343184,0.098373,-1911.25
0.348483,0.104589,-1905.582886
0.348483,0.104589,-1906.348633
0.348385,0.107746,-1909.46582
0.348385,0.107746,-1904.291016
0.348385,0.107746,-1906.166504
0.349978,0.109144,-1905.395996
0.348474,0.114068,-1905.840088
0.348474,0.114068,-1902.593262
0.349521,0.115158,-1904.218018
0.350499,0.116919,-1904.156128
0.35006,0.115819,-1903.411133
0.346221,0.113294,-1903.297363
0.346221,0.113294,-1906.401611
0.348523,0.111929,-1905.130127
0.343657,0.11,-1902.383057
0.343657,0.11,-1906.571777
0.343657,0.11,-1904.534424
0.343657,0.11,-1910.289551
0.345533,0.107719,-1909.207153
0.345533,0.107719,-1904.45813
0.345533,0.107719,-1904.741333
0.345533,0.107719,-1905.285522
0.346928,0.107893,-1904.150391
0.34616,0.11069,-1903.604736
0.343763,0.105712,-1903.777832
0.343763,0.105712,-1907.796631
0.346313,0.106781,-1909.042725
0.346728,0.111144,-1906.932861
0.347336,0.110794,-1903.013916
0.347336,0.110794,-1906.733154
0.345671,0.1086,-1906.465942
0.345634,0.111775,-1907.469727
0.346869,0.11125,-1909.508057
0.346869,0.11125,-1903.536255
0.346869,0.11125,-1905.24707
0.346916,0.107997,-1905.141968
0.346802,0.110242,-1903.989258
0.346802,0.110242,-1903.667969
0.350442,0.10712,-1907.727417
0.348734,0.106925,-1908.892944
0.348734,0.106925,-1904.643311
0.348734,0.106925,-1908.398926
0.351941,0.107221,-1905.427002
0.351351,0.109943,-1905.985718
0.356696,0.112855,-1906.157471
0.355983,0.110255,-1907.503906
0.355787,0.109802,-1907.230713
0.355787,0.109802,-1905.208862
0.355787,0.109802,-1908.325562
0.355787,0.109802,-1906.3479
0.355787,0.109802,-1905.836426
0.356358,0.105393,-1908.634155
0.358172,0.109699,-1907.828857
0.356239,0.109755,-1906.158936
0.355034,0.109058,-1906.197998
0.355034,0.109058,-1906.737305
0.355034,0.109058,-1907.779053
0.353512,0.111782,-1905.192505
0.352791,0.113435,-1904.480957
0.352791,0.113435,-1904.123047
0.354481,0.113679,-1905.184082
0.352971,0.110932,-1905.569214
0.352971,0.110932,-1905.713135
0.350365,0.108566,-1904.599121
0.351833,0.107185,-1906.965698
0.351954,0.107206,-1907.399902
0.352124,0.107262,-1907.523682
0.352124,0.107262,-1907.239014
0.349513,0.110797,-1904.236328
0.349513,0.110797,-1903.53833
0.349513,0.110797,-1902.913208
0.352927,0.109309,-1906.611572
0.351097,0.110622,-1908.837646
0.354803,0.10651,-1907.491089
0.353478,0.105981,-1907.746948
0.355015,0.105357,-1909.586914
0.354061,0.105176,-1907.374756
0.354061,0.105176,-1907.049561
0.35291,0.108189,-1907.126099
0.35291,0.108189,-1905.372925
0.35291,0.108189,-1906.889282
0.35291,0.108189,-1905.805908
0.350619,0.11291,-1904.507812
0.348909,0.111886,-1902.354126
0.34782,0.10739,-1904.740356
0.34782,0.10739,-1903.547119
0.34782,0.10739,-1908.613647
0.34782,0.10739,-1906.45874
0.341781,0.108592,-1901.037354
0.342002,0.111797,-1902.316528
0.343575,0.113991,-1908.490967
0.345346,0.113616,-1902.386353
0.346208,0.112362,-1903.363647
0.34905,0.112924,-1908.501099
0.34884,0.107055,-1907.052124
0.34884,0.107055,-1904.4646
0.34884,0.107055,-1904.069092
0.34884,0.107055,-1904.649414
0.345606,0.112982,-1906.987915
0.346138,0.116272,-1900.676392
0.352481,0.114931,-1904.286133
0.353129,0.112216,-1904.332031
0.353129,0.112216,-1903.756592
0.353129,0.112216,-1906.540649
0.353129,0.112216,-1904.543823
0.35187,0.111288,-1905.228882
0.347089,0.112171,-1902.751953
0.347089,0.112171,-1903.679199
0.347089,0.112171,-1906.00061
0.347089,0.112171,-1903.794434
0.347089,0.112171,-1903.280884
0.345661,0.109741,-1902.373169
0.346456,0.107287,-1904.019165
0.346456,0.107287,-1905.00354
0.346456,0.107287,-1904.741943
0.345835,0.109753,-1904.195923
0.344452,0.110273,-1904.627808
0.344452,0.110273,-1902.212158
0.345428,0.116327,-1904.384521
0.345428,0.116327,-1903.620117
0.345428,0.116327,-1907.325439
0.345428,0.116327,-1899.469727
0.345775,0.116637,-1901.460938
0.345775,0.116637,-1899.806152
0.348904,0.115058,-1901.071289
0.348904,0.115058,-1901.834106
0.349858,0.115819,-1903.512085
0.352758,0.118105,-1903.508545
0.357354,0.118299,-1905.14502
0.356213,0.112768,-1906.116455
0.356213,0.112768,-1904.96106
0.356213,0.112768,-1903.974854
0.353927,0.111713,-1905.404053
0.356529,0.113335,-1906.261475
0.356872,0.113623,-1906.430908
0.356872,0.113623,-1905.69751
0.360447,0.11657,-1907.101929
0.359451,0.121673,-1905.389526
0.359451,0.121673,-1905.718262
0.360807,0.120254,-1906.597412
0.360027,0.125633,-1907.451294
0.354438,0.122646,-1905.748413
0.353647,0.122332,-1903.639648
0.353647,0.122332,-1902.66626
0.353647,0.122332,-1903.999146
0.352454,0.123546,-1904.307861
0.351171,0.1228,-1904.612061
0.354798,0.127208,-1904.510864
0.354798,0.127208,-1903.185547
0.354798,0.127208,-1902.069824
0.354798,0.127208,-1903.757812
0.354798,0.127208,-1903.932739
0.353715,0.125773,-1902.7229
0.347936,0.126374,-1900.448975
0.346479,0.123755,-1906.092163
0.345043,0.125514,-1901.470947
0.348294,0.125534,-1902.342041
0.348294,0.125534,-1903.902954
0.348294,0.125534,-1900.746094
0.351439,0.120357,-1902.229736
0.354248,0.118508,-1904.917114
0.354248,0.118508,-1904.023438
0.353735,0.118373,-1904.272217
0.353735,0.118373,-1903.379639
0.353735,0.118373,-1904.235596
0.35143,0.118354,-1903.765381
0.349589,0.115281,-1903.055786
0.347529,0.121575,-1903.532349
0.347529,0.121575,-1901.306519
0.347529,0.121575,-1901.089355
0.347175,0.121094,-1901.511963
0.347175,0.121094,-1902.909424
0.348625,0.121337,-1906.36377
0.3475,0.129891,-1901.572998
0.346332,0.129655,-1899.978027
0.346106,0.125924,-1901.269531
0.349419,0.125252,-1900.821777
0.348572,0.127392,-1902.684814
0.351573,0.127857,-1903.477783
0.351573,0.127857,-1901.750366
0.351573,0.127857,-1901.149536
0.35102,0.126432,-1900.896362
0.35102,0.126432,-1902.962646
0.354841,0.129688,-1904.167236
0.351717,0.127588,-1902.593262
0.345939,0.130545,-1902.370605
0.345939,0.130545,-1900.947998
0.346231,0.12455,-1905.819702
0.344923,0.126048,-1900.938721
0.343582,0.123494,-1899.664307
0.344468,0.123185,-1904.788818
0.344468,0.123185,-1901.215454
0.351344,0.126866,-1903.731567
0.350209,0.123079,-1902.841187
0.354119,0.122236,-1905.431396
0.354119,0.122236,-1904.370239
0.354119,0.122236,-1903.5
0.354119,0.122236,-1902.936523
0.354119,0.122236,-1904.233398
0.354119,0.122236,-1904.461914
0.354119,0.122236,-1903.223145
0.355569,0.122507,-1905.584229
0.355569,0.122507,-1904.34314
0.353317,0.122256,-1902.576172
0.353908,0.125443,-1903.664673
0.356949,0.120792,-1905.889282
0.35652,0.120529,-1905.333862
0.35652,0.120529,-1904.863525
0.355061,0.121045,-1903.9021
0.357194,0.118341,-1906.112549
0.359354,0.120697,-1906.15979
0.359033,0.119823,-1906.91333
0.359033,0.119823,-1905.555176
0.357746,0.123089,-1905.90979
0.357746,0.123089,-1903.613159
0.360626,0.124498,-1905.720947
0.360626,0.124498,-1905.58667
0.360181,0.123936,-1906.505127
0.359087,0.121984,-1906.418457
0.358593,0.1246,-1905.19812
0.361318,0.12487,-1905.630737
0.361318,0.12487,-1905.960083
0.36256,0.128323,-1906.353638
0.36256,0.128323,-1905.484375
0.36256,0.128323,-1905.707275
0.361142,0.129906,-1907.075684
0.361142,0.129906,-1905.794922
0.367232,0.133688,-1907.497192
0.364225,0.13645,-1907.75293
0.358903,0.136463,-1905.319092
0.356522,0.134527,-1904.55481
0.35512,0.131987,-1904.12915
0.358393,0.136295,-1905.71167
0.358331,0.13689,-1904.151978
0.357726,0.138521,-1904.226074
0.35488,0.136653,-1902.425293
0.353011,0.135133,-1902.929688
0.353487,0.138861,-1902.035034
0.351538,0.132705,-1904.064209
0.351885,0.132261,-1902.512695
0.351885,0.132261,-1904.242188
0.348327,0.134217,-1902.03833
0.349179,0.13248,-1901.711304
0.349536,0.138813,-1901.516113
0.353894,0.147335,-1904.46582
0.354441,0.146265,-1903.975342
0.355979,0.152858,-1904.18811
0.355863,0.152421,-1905.204712
0.355863,0.152421,-1904.14917
0.355863,0.152421,-1905.917236
0.356414,0.15645,-1907.014404
0.358513,0.15665,-1907.296753
0.358099,0.154614,-1906.384033
0.358099,0.154614,-1907.568115
0.359569,0.153487,-1907.496948
0.359569,0.153487,-1906.444214
0.357183,0.152793,-1905.382812
0.357183,0.152793,-1906.802368
0.352042,0.152574,-1902.484375
0.35239,0.150965,-1904.345947
0.35239,0.150965,-1903.58667
0.349277,0.150635,-1905.04541
0.349277,0.150635,-1904.259766
0.349277,0.150635,-1903.964111
0.349277,0.150635,-1904.875122
0.35297,0.148888,-1905.725098
0.348855,0.149377,-1901.773315
0.348855,0.149377,-1901.643555
0.348855,0.149377,-1902.058228
0.352524,0.144083,-1903.477295
0.352524,0.144083,-1903.609009
0.350465,0.141627,-1903.031006
0.350465,0.141627,-1902.68335
0.350017,0.14046,-1900.616699
0.350017,0.14046,-1901.459473
0.350017,0.14046,-1900.616699
0.355427,0.144854,-1904.507202
0.357419,0.145504,-1906.428711
0.357419,0.145504,-1905.909424
0.357109,0.143141,-1904.461914
0.356968,0.147994,-1905.857666
0.356912,0.150203,-1906.159424
0.356693,0.149514,-1904.342163
0.356693,0.149514,-1905.938965
0.353458,0.14673,-1904.177734
0.35133,0.147422,-1903.750244
0.351924,0.154739,-1904.634766
0.348991,0.148134,-1901.856689
0.348991,0.148134,-1900.286133
0.348991,0.148134,-1903.035034
0.348146,0.144461,-1901.708496
0.348146,0.144461,-1901.544678
0.348146,0.144461,-1900.835693
0.345238,0.148554,-1901.923584
0.346291,0.147992,-1899.4552
0.346108,0.149084,-1901.075439
0.346108,0.149084,-1903.012451
0.346108,0.149084,-1906.577881
0.343688,0.149622,-1903.949463
0.346869,0.150673,-1906.722168
0.349024,0.149249,-1906.258179
0.351901,0.146129,-1903.553955
0.351901,0.146129,-1903.11145
0.354724,0.144375,-1904.344727
0.357355,0.143671,-1904.615967
0.358091,0.145805,-1905.174561
0.358942,0.142063,-1904.658081
0.360115,0.143697,-1907.413086
0.358973,0.136967,-1905.425903
0.358925,0.138195,-1906.278564
0.358925,0.138195,-1905.306396
0.358925,0.138195,-1906.246216
0.358211,0.13487,-1905.069824
0.358211,0.13487,-1903.978271
0.356219,0.130439,-1904.378418
0.350377,0.129203,-1904.252319
0.350377,0.129203,-1902.20752
0.34966,0.128667,-1902.637939
0.34966,0.128667,-1902.59082
0.34966,0.128667,-1899.551758
0.348413,0.129214,-1902.422852
0.34858,0.127833,-1901.768066
0.352298,0.12516,-1903.360107
0.350988,0.129134,-1902.088257
0.351002,0.13217,-1902.807983
0.351002,0.13217,-1902.58252
0.351002,0.13217,-1903.799927
0.34896,0.128836,-1901.261719
0.350748,0.130873,-1903.769165
0.350748,0.130873,-1901.571777
0.351453,0.133218,-1904.551025
0.351453,0.133218,-1902.788574
0.351453,0.133218,-1901.804932
0.349992,0.131121,-1900.991455
0.349682,0.128489,-1904.079956
0.350853,0.131715,-1902.913208
0.347266,0.130222,-1902.950439
0.341579,0.131397,-1904.095947
0.343941,0.136118,-1899.577393
0.338565,0.138414,-1904.329224
0.339253,0.1404,-1899.941895
0.339545,0.142063,-1904.276855
0.341497,0.14036,-1905.879883
0.341497,0.14036,-1899.425537
0.340645,0.144634,-1900.824951
0.340645,0.144634,-1903.562012
0.342359,0.145518,-1901.679443
0.342359,0.145518,-1903.794189
0.342359,0.145518,-1901.53894
0.342967,0.14781,-1903.804199
0.343772,0.148574,-1899.498779
0.343772,0.148574,-1902.303345
0.343772,0.148574,-1900.609375
0.346949,0.148906,-1906.779175
0.350232,0.155527,-1906.754639
0.349208,0.158507,-1908.13147
0.345968,0.157521,-1905.588379
0.345968,0.157521,-1901.905884
0.343894,0.156648,-1906.807861
0.343128,0.156456,-1901.157104
0.343128,0.156456,-1902.72644
0.344452,0.161809,-1903.289307
0.343098,0.159241,-1904.031738
0.343098,0.159241,-1907.386475
0.346927,0.15758,-1905.186279
0.348622,0.154697,-1904.217041
0.348134,0.154226,-1904.638916
0.348134,0.154226,-1904.309326
0.348134,0.154226,-1901.937866
0.348134,0.154226,-1902.966553
0.348134,0.154226,-1903.63562
0.348652,0.152695,-1902.603516
0.348652,0.152695,-1902.41272
0.344564,0.150839,-1901.874268
0.349007,0.153982,-1903.748291
0.350459,0.150503,-1904.239746
0.348551,0.149031,-1906.932861
0.348508,0.14996,-1902.934814
0.348508,0.14996,-1905.617676
0.349201,0.145709,-1902.586182
0.349201,0.145709,-1902.790039
0.35015,0.148673,-1904.989258
0.34795,0.151502,-1902.918945
0.342921,0.150249,-1899.903076
0.342921,0.150249,-1899.889648
0.342921,0.150249,-1906.850708
0.342921,0.150249,-1900.200684
0.347866,0.151449,-1901.707397
0.347866,0.151449,-1904.458252
0.347866,0.151449,-1901.838013
0.347866,0.151449,-1902.144775
0.347866,0.151449,-1904.050049
0.343559,0.153454,-1901.820068
0.338965,0.155856,-1903.474854
0.336338,0.15273,-1909.332764
0.336338,0.15273,-1902.745361
0.336338,0.15273,-1912.401733
0.336338,0.15273,-1898.699707
0.336338,0.15273,-1909.458374
0.333163,0.156414,-1912.643188
0.333163,0.156414,-1905.712158
0.33274,0.153306,-1917.532227
0.33274,0.153306,-1918.150879
0.332707,0.153645,-1902.87561
0.332707,0.153645,-1906.956543
0.331325,0.153693,-1905.859741
0.331325,0.153693,-1908.04541
0.331595,0.158729,-1910.070679
0.331595,0.158729,-1915.327881
0.331769,0.156425,-1910.638794
0.329652,0.153882,-1902.616455
0.332805,0.152103,-1909.172729
0.329674,0.147838,-1909.342773
0.328534,0.147093,-1903.268555
0.333822,0.148506,-1896.645752
0.334245,0.14986,-1900.428955
0.329271,0.146287,-1917.13208
0.32965,0.145176,-1909.812012
0.327606,0.144862,-1904.851807
0.330132,0.14215,-1916.028442
0.333397,0.139941,-1910.175781
0.333397,0.139941,-1909.792358
0.333397,0.139941,-1914.837524
0.336553,0.134843,-1904.293335
0.336553,0.134843,-1905.997559
0.340784,0.134535,-1898.995483
0.343519,0.132498,-1900.810059
0.34238,0.130355,-1900.978638
0.346322,0.132636,-1899.820068
0.346322,0.132636,-1903.670898
0.345572,0.131639,-1902.639771
0.343711,0.131707,-1903.751709
0.343711,0.131707,-1899.491821
0.343711,0.131707,-1902.026855
0.348039,0.125485,-1903.248779
0.345979,0.123288,-1902.768921
0.348357,0.12491,-1902.267578
0.348357,0.12491,-1902.7229
0.347057,0.128232,-1901.804443
0.346125,0.129795,-1904.613281
0.346125,0.129795,-1906.227539
0.348979,0.128116,-1905.469238
0.348979,0.128116,-1901.670654
0.348979,0.128116,-1902.915039
0.347618,0.129061,-1901.068115
0.347618,0.129061,-1903.243408
0.344756,0.125989,-1902.186768
0.347123,0.124865,-1901.921875
0.343467,0.127375,-1906.336914
0.343703,0.126221,-1901.545166
0.343722,0.124541,-1903.970581
0.343722,0.124541,-1900.598511
0.345645,0.123491,-1899.51355
0.345645,0.123491,-1904.477905
0.345174,0.126792,-1898.598877
0.345174,0.126792,-1900.769897
0.347224,0.128886,-1903.319946
0.342245,0.128877,-1898.315186
0.342245,0.128877,-1903.654785
0.342965,0.130094,-1903.220581
0.342965,0.130094,-1900.854248
0.342965,0.130094,-1899.219727
0.345106,0.128173,-1900.210693
0.345106,0.128173,-1899.167358
0.345106,0.128173,-1903.735718
0.345106,0.128173,-1903.234375
0.345106,0.128173,-1904.662842
0.342439,0.12929,-1900.583496
0.342439,0.12929,-1904.726074
0.342439,0.12929,-1902.481934
0.344261,0.123968,-1899.893555
0.344261,0.123968,-1902.949707
0.343947,0.125366,-1899.817139
0.347671,0.128193,-1900.711304
0.347671,0.128193,-1899.88269
0.347671,0.128193,-1903.197632
0.347671,0.128193,-1903.677856
0.347671,0.128193,-1904.74939
0.347671,0.128193,-1901.33667
0.347697,0.124601,-1901.418213
0.347697,0.124601,-1900.359009
0.344197,0.128121,-1902.09375
0.344948,0.126912,-1899.920898
0.344948,0.126912,-1899.447144
0.343438,0.131491,-1903.517212
0.343438,0.131491,-1901.338257
0.343438,0.131491,-1903.583252
0.344604,0.12337,-1899.903564
0.340845,0.128281,-1897.082275
0.340845,0.128281,-1903.013428
0.339216,0.13178,-1898.528442
0.341096,0.129309,-1900.791504
0.342047,0.128016,-1906.076172
0.342047,0.128016,-1899.637939
0.344469,0.12886,-1901.734985
0.341646,0.130483,-1902.239258
0.341646,0.130483,-1900.199951
0.341646,0.130483,-1900.797363
0.340542,0.127772,-1907.941895
0.341867,0.12473,-1904.715576
0.341867,0.12473,-1903.302002
0.341867,0.12473,-1904.657715
0.341614,0.123528,-1901.30542
0.337814,0.127178,-1905.004395
0.337814,0.127178,-1895.314087
0.337814,0.127178,-1907.560791
0.337814,0.127178,-1903.518799
0.336279,0.12849,-1910.090088
0.336279,0.12849,-1900.139893
0.338312,0.128345,-1902.014648
0.338312,0.128345,-1904.12085
0.340348,0.130259,-1901.584717
0.339641,0.133134,-1898.426025
0.339979,0.134682,-1897.299805
0.341005,0.135104,-1903.181641
0.338857,0.135298,-1899.051758
0.338857,0.135298,-1908.213989
0.337687,0.137202,-1910.572266
0.337687,0.137202,-1897.770508
0.335918,0.141314,-1895.087769
0.333376,0.140906,-1908.618652
0.333376,0.140906,-1910.246094
0.332756,0.142869,-1899.760254
0.332756,0.142869,-1905.467163
0.332756,0.142869,-1908.132812
0.33702,0.142743,-1906.923828
0.339934,0.147459,-1908.689331
0.338013,0.149796,-1907.385986
0.338013,0.149796,-1900.053711
0.338013,0.149796,-1902.282837
0.338013,0.149796,-1908.385498
0.340012,0.153826,-1902.44458
0.341969,0.155126,-1900.39856
0.342134,0.150786,-1901.883789
0.335718,0.152085,-1899.131348
0.337321,0.152189,-1906.150146
0.341734,0.15139,-1901.937378
0.341734,0.15139,-1904.976074
0.340028,0.15776,-1909.171143
0.342599,0.15642,-1908.738525
0.344036,0.158996,-1902.447754
0.344036,0.158996,-1903.254639
0.344036,0.158996,-1902.424072
0.339006,0.160017,-1904.475098
0.336603,0.157222,-1901.078369
0.332328,0.157459,-1910.748047
0.327699,0.157012,-1906.243164
0.328147,0.158542,-1911.417236
0.326231,0.159041,-1903.510986
0.326231,0.159041,-1912.023438
0.328513,0.154559,-1917.403442
0.328513,0.154559,-1912.486328
0.328513,0.154559,-1907.272461
0.327445,0.159822,-1915.600098
0.327445,0.159822,-1911.31958
0.328825,0.163072,-1911.589478
0.323757,0.161515,-1922.36084
0.324524,0.158893,-1917.866821
0.324524,0.158893,-1916.068115
0.324524,0.158893,-1923.745483
0.327874,0.153242,-1920.620361
0.327874,0.153242,-1911.852783
0.327888,0.153142,-1918.806152
0.327888,0.153142,-1921.287964
0.329454,0.155651,-1902.406128
0.332066,0.155864,-1908.178467
0.332066,0.155864,-1906.236694
0.328302,0.157616,-1917.255981
0.328302,0.157616,-1912.948608
0.327807,0.158864,-1912.739136
0.326568,0.159821,-1906.028809
0.326568,0.159821,-1926.579712
0.325812,0.158801,-1919.908813
0.329998,0.157192,-1916.057129
0.332087,0.161106,-1901.599731
0.329019,0.161623,-1911.737549
0.329019,0.161623,-1918.563721
0.329019,0.161623,-1906.526855
0.328029,0.156737,-1910.191895
0.327432,0.154595,-1911.940918
0.327432,0.154595,-1911.772461
0.326245,0.154394,-1917.55249
0.327607,0.149413,-1903.873535
0.32684,0.148038,-1914.503418
0.32684,0.148038,-1916.402954
0.32684,0.148038,-1921.266357
0.32684,0.148038,-1922.099854
0.32684,0.148038,-1915.820068
0.32684,0.148038,-1904.238281
0.324034,0.152223,-1931.204102
0.324034,0.152223,-1918.665283
0.323832,0.150971,-1919.440063
0.321826,0.149594,-1915.684082
0.323172,0.143537,-1924.588135
0.323172,0.143537,-1901.926025
0.323172,0.143537,-1913.317139
0.322507,0.143455,-1920.874756
0.322507,0.143455,-1918.480957
0.322507,0.143455,-1918.342285
0.322507,0.143455,-1905.021973
0.325341,0.14222,-1915.286499
0.325341,0.14222,-1917.390381
0.325341,0.14222,-1917.770508
0.324221,0.140988,-1916.864502
0.32331,0.14302,-1921.546509
0.32331,0.14302,-1923.330566
0.323829,0.147484,-1926.964111
0.325101,0.146244,-1915.729248
0.327089,0.151236,-1914.075439
0.327089,0.151236,-1921.842163
0.323952,0.151367,-1923.916504
0.320829,0.154102,-1922.556152
0.320829,0.154102,-1929.700439
0.320829,0.154102,-1916.55957
0.321649,0.157168,-1921.945068
0.320211,0.161846,-1907.447388
0.320211,0.161846,-1922.379639
0.322314,0.167437,-1930.822754
0.326127,0.168384,-1932.31665
0.327401,0.17356,-1915.579346
0.326244,0.175317,-1920.383667
0.328182,0.173352,-1917.435303
0.329016,0.168318,-1914.605225
0.332594,0.167299,-1914.124146
0.331044,0.166669,-1923.470581
0.330162,0.161113,-1914.921387
0.330521,0.158887,-1917.384888
0.331741,0.159057,-1909.720581
0.331741,0.159057,-1903.82019
0.331459,0.157331,-1913.469482
0.331459,0.157331,-1909.567383
0.331459,0.157331,-1915.400146
0.326327,0.155446,-1906.030884
0.331761,0.15816,-1918.322998
0.331761,0.15816,-1911.086426
0.330983,0.159161,-1916.95166
0.330983,0.159161,-1921.641113
0.336537,0.156892,-1907.620483
0.336537,0.156892,-1909.25
0.333815,0.161004,-1913.204834
0.339463,0.161986,-1902.140381
0.344619,0.160703,-1908.110596
0.344619,0.160703,-1903.731689
0.349362,0.16125,-1907.687744
0.348085,0.162778,-1905.657227
0.346376,0.159938,-1906.786865
0.34368,0.161462,-1910.768311
0.343885,0.159237,-1907.539551
0.34409,0.157508,-1903.757568
0.344287,0.156671,-1908.134033
0.34233,0.156783,-1901.248169
0.347941,0.157959,-1912.44104
0.347941,0.157959,-1905.589111
0.348869,0.157803,-1905.02417
0.348508,0.154279,-1905.410034
0.348508,0.154279,-1903.178467
0.348488,0.151618,-1904.864502
0.345667,0.152214,-1902.060425
0.345667,0.152214,-1902.680908
0.34639,0.152603,-1901.730225
0.350404,0.152458,-1904.740723
0.350404,0.152458,-1904.606445
0.350404,0.152458,-1903.359009
0.348468,0.154335,-1903.262695
0.348538,0.153566,-1904.972168
0.348939,0.151119,-1904.287109
0.347295,0.147798,-1904.762451
0.347295,0.147798,-1901.883667
0.345554,0.14776,-1904.71875
0.345554,0.14776,-1900.852905
0.347517,0.148112,-1901.114502
0.350712,0.148962,-1903.370361
0.34916,0.150417,-1902.522461
0.34916,0.150417,-1902.332764
0.348296,0.149379,-1903.33313
0.346937,0.154089,-1904.052979
0.34551,0.157815,-1903.706177
0.34551,0.157815,-1904.157227
0.349662,0.156343,-1905.677246
0.349662,0.156343,-1904.96875
0.349662,0.156343,-1904.422974
0.346898,0.155963,-1902.062988
0.348129,0.153536,-1903.43457
0.348129,0.153536,-1902.820312
0.348129,0.153536,-1904.125488
0.352489,0.157357,-1906.226929
0.353699,0.154239,-1904.474854
0.353699,0.154239,-1905.272461
0.354578,0.151988,-1903.542969
0.358741,0.147311,-1905.064453
0.358741,0.147311,-1906.784668
0.360135,0.144306,-1906.075439
0.360911,0.145354,-1906.7229
0.360911,0.145354,-1905.982178
0.359011,0.143282,-1906.267334
0.355277,0.143121,-1904.368042
0.355523,0.137711,-1903.57251
0.355489,0.137536,-1904.535645
0.35714,0.133089,-1904.20166
0.353154,0.133076,-1904.456787
0.353154,0.133076,-1901.861328
0.35333,0.130901,-1902.323242
0.35333,0.130901,-1902.79541
0.35333,0.130901,-1902.637329
0.35333,0.130901,-1902.90564
0.35333,0.130901,-1903.494141
0.358972,0.129393,-1905.018555
0.358972,0.129393,-1904.916748
0.355895,0.132285,-1905.09729
0.353798,0.130005,-1903.949341
0.350789,0.131359,-1905.092163
0.348083,0.137414,-1902.870605
0.348478,0.143041,-1901.703369
0.346215,0.143754,-1902.977051
0.348468,0.14002,-1900.470337
0.348468,0.14002,-1903.339355
0.346854,0.141147,-1899.967529
0.346854,0.141147,-1901.885376
0.347904,0.138095,-1902.205566
0.347904,0.138095,-1901.488159
0.347904,0.138095,-1901.950317
0.349742,0.139637,-1902.009155
0.349742,0.139637,-1902.22522
0.349742,0.139637,-1901.892578
0.349742,0.139637,-1902.640869
0.349742,0.139637,-1900.828613
0.350347,0.140606,-1903.072998
0.350347,0.140606,-1900.758789
0.350837,0.140169,-1902.771362
0.350837,0.140169,-1902.990234
0.3501,0.139234,-1902.706787
0.3501,0.139234,-1901.219849
0.3501,0.139234,-1902.221436
0.352022,0.140584,-1902.465942
0.352022,0.140584,-1902.510132
0.353605,0.140376,-1904.724854
0.355091,0.141564,-1904.181274
0.355091,0.141564,-1903.151611
0.351047,0.139487,-1905.094604
0.348593,0.142887,-1901.351196
0.348585,0.137078,-1904.906738
0.345866,0.141725,-1905.370728
0.345866,0.141725,-1903.542725
0.34264,0.142539,-1900.065063
0.344032,0.140714,-1904.307251
0.344032,0.140714,-1900.511597
0.344032,0.140714,-1901.066895
0.344032,0.140714,-1900.212158
0.343781,0.140061,-1905.297852
0.345694,0.138702,-1903.928223
0.34919,0.138424,-1900.228882
0.348419,0.133927,-1899.171631
0.347452,0.134888,-1901.854614
0.347452,0.134888,-1900.547119
0.347452,0.134888,-1899.826538
0.347452,0.134888,-1900.592407
0.347452,0.134888,-1900.979492
0.349496,0.131647,-1901.635132
0.349496,0.131647,-1899.710693
0.349496,0.131647,-1903.447266
0.348399,0.130875,-1902.412598
0.348399,0.130875,-1902.57666
0.346425,0.130314,-1901.046631
