idx,alpha,mu,omega,rho,loglike
0,0.05,0.01,0.0,0.0,-inf
1,0.05,0.01,0.0,0.01,-inf
2,0.05,0.01,0.0,0.02,-inf
3,0.05,0.01,0.0,0.03,-inf
4,0.05,0.01,0.0,0.04,-inf
5,0.05,0.01,0.0,0.05,-inf
6,0.05,0.01,0.0,0.06,-inf
7,0.05,0.01,0.0,0.07,-inf
8,0.05,0.01,0.0,0.08,-inf
9,0.05,0.01,0.0,0.09,-inf
10,0.05,0.01,0.0,0.1,-inf
11,0.05,0.01,0.0,0.11,-inf
12,0.05,0.01,0.0,0.12,-inf
13,0.05,0.01,0.0,0.13,-inf
14,0.05,0.01,0.0,0.14,-inf
15,0.05,0.01,0.0,0.15,-inf
16,0.05,0.01,0.0,0.16,-inf
17,0.05,0.01,0.0,0.17,-inf
18,0.05,0.01,0.0,0.18,-inf
19,0.05,0.01,0.0,0.19,-inf
20,0.05,0.01,0.0,0.2,-inf
21,0.05,0.01,0.0,0.21,-inf
22,0.05,0.01,0.0,0.22,-inf
23,0.05,0.01,0.0,0.23,-inf
24,0.05,0.01,0.0,0.24,-inf
25,0.05,0.01,0.0,0.25,-inf
26,0.05,0.01,0.0,0.26,-inf
27,0.05,0.01,0.0,0.27,-inf
28,0.05,0.01,0.0,0.28,-inf
29,0.05,0.01,0.0,0.29,-inf
30,0.05,0.01,0.0,0.3,-inf
31,0.05,0.01,0.0,0.31,-inf
32,0.05,0.01,0.0,0.32,-inf
33,0.05,0.01,0.0,0.33,-inf
34,0.05,0.01,0.0,0.34,-inf
35,0.05,0.01,0.0,0.35,-inf
36,0.05,0.01,0.0,0.36,-inf
37,0.05,0.01,0.0,0.37,-inf
38,0.05,0.01,0.0,0.38,-inf
39,0.05,0.01,0.0,0.39,-inf
40,0.05,0.01,0.0,0.4,-inf
41,0.05,0.01,0.0,0.41,-inf
42,0.05,0.01,0.0,0.42,-inf
43,0.05,0.01,0.0,0.43,-inf
44,0.05,0.01,0.0,0.44,-inf
45,0.05,0.01,0.0,0.45,-inf
46,0.05,0.01,0.0,0.46,-inf
47,0.05,0.01,0.0,0.47,-inf
48,0.05,0.01,0.0,0.48,-inf
49,0.05,0.01,0.0,0.49,-inf
50,0.05,0.01,0.0,0.5,-inf
51,0.05,0.01,0.0,0.51,-inf
52,0.05,0.01,0.0,0.52,-inf
53,0.05,0.01,0.0,0.53,-inf
54,0.05,0.01,0.0,0.54,-inf
55,0.05,0.01,0.0,0.55,-inf
56,0.05,0.01,0.0,0.56,-inf
57,0.05,0.01,0.0,0.57,-inf
58,0.05,0.01,0.0,0.58,-inf
59,0.05,0.01,0.0,0.59,-inf
60,0.05,0.01,0.0,0.6,-inf
61,0.05,0.01,0.0,0.61,-inf
62,0.05,0.01,0.0,0.62,-inf
63,0.05,0.01,0.0,0.63,-inf
64,0.05,0.01,0.0,0.64,-inf
65,0.05,0.01,0.0,0.65,-inf
66,0.05,0.01,0.0,0.66,-inf
67,0.05,0.01,0.0,0.67,-inf
68,0.05,0.01,0.0,0.68,-inf
69,0.05,0.01,0.0,0.69,-inf
70,0.05,0.01,0.0,0.7,-inf
71,0.05,0.01,0.0,0.71,-inf
72,0.05,0.01,0.0,0.72,-inf
73,0.05,0.01,0.0,0.73,-inf
74,0.05,0.01,0.0,0.74,-inf
75,0.05,0.01,0.0,0.75,-inf
76,0.05,0.02,0.0,0.0,-inf
77,0.05,0.02,0.0,0.01,-inf
78,0.05,0.02,0.0,0.02,-inf
79,0.05,0.02,0.0,0.03,-inf
80,0.05,0.02,0.0,0.04,-inf
81,0.05,0.02,0.0,0.05,-inf
82,0.05,0.02,0.0,0.06,-inf
83,0.05,0.02,0.0,0.07,-inf
84,0.05,0.02,0.0,0.08,-inf
85,0.05,0.02,0.0,0.09,-inf
86,0.05,0.02,0.0,0.1,-inf
87,0.05,0.02,0.0,0.11,-inf
88,0.05,0.02,0.0,0.12,-inf
89,0.05,0.02,0.0,0.13,-inf
90,0.05,0.02,0.0,0.14,-inf
91,0.05,0.02,0.0,0.15,-inf
92,0.05,0.02,0.0,0.16,-inf
93,0.05,0.02,0.0,0.17,-inf
94,0.05,0.02,0.0,0.18,-inf
95,0.05,0.02,0.0,0.19,-inf
96,0.05,0.02,0.0,0.2,-inf
97,0.05,0.02,0.0,0.21,-inf
98,0.05,0.02,0.0,0.22,-inf
99,0.05,0.02,0.0,0.23,-inf
100,0.05,0.02,0.0,0.24,-inf
101,0.05,0.02,0.0,0.25,-inf
102,0.05,0.02,0.0,0.26,-inf
103,0.05,0.02,0.0,0.27,-inf
104,0.05,0.02,0.0,0.28,-inf
105,0.05,0.02,0.0,0.29,-inf
106,0.05,0.02,0.0,0.3,-inf
107,0.05,0.02,0.0,0.31,-inf
108,0.05,0.02,0.0,0.32,-inf
109,0.05,0.02,0.0,0.33,-inf
110,0.05,0.02,0.0,0.34,-inf
111,0.05,0.02,0.0,0.35,-inf
112,0.05,0.02,0.0,0.36,-inf
113,0.05,0.02,0.0,0.37,-inf
114,0.05,0.02,0.0,0.38,-inf
115,0.05,0.02,0.0,0.39,-inf
116,0.05,0.02,0.0,0.4,-inf
117,0.05,0.02,0.0,0.41,-inf
118,0.05,0.02,0.0,0.42,-inf
119,0.05,0.02,0.0,0.43,-inf
120,0.05,0.02,0.0,0.44,-inf
121,0.05,0.02,0.0,0.45,-inf
122,0.05,0.02,0.0,0.46,-inf
123,0.05,0.02,0.0,0.47,-inf
124,0.05,0.02,0.0,0.48,-inf
125,0.05,0.02,0.0,0.49,-inf
126,0.05,0.02,0.0,0.5,-inf
127,0.05,0.02,0.0,0.51,-inf
128,0.05,0.02,0.0,0.52,-inf
129,0.05,0.02,0.0,0.53,-inf
130,0.05,0.02,0.0,0.54,-inf
131,0.05,0.02,0.0,0.55,-inf
132,0.05,0.02,0.0,0.56,-inf
133,0.05,0.02,0.0,0.57,-inf
134,0.05,0.02,0.0,0.58,-inf
135,0.05,0.02,0.0,0.59,-inf
136,0.05,0.02,0.0,0.6,-inf
137,0.05,0.02,0.0,0.61,-inf
138,0.05,0.02,0.0,0.62,-inf
139,0.05,0.02,0.0,0.63,-inf
140,0.05,0.02,0.0,0.64,-inf
141,0.05,0.02,0.0,0.65,-inf
142,0.05,0.02,0.0,0.66,-inf
143,0.05,0.02,0.0,0.67,-inf
144,0.05,0.02,0.0,0.68,-inf
145,0.05,0.02,0.0,0.69,-inf
146,0.05,0.02,0.0,0.7,-inf
147,0.05,0.02,0.0,0.71,-inf
148,0.05,0.02,0.0,0.72,-inf
149,0.05,0.02,0.0,0.73,-inf
150,0.05,0.02,0.0,0.74,-inf
151,0.05,0.02,0.0,0.75,-inf
152,0.05,0.03,0.0,0.0,-inf
153,0.05,0.03,0.0,0.01,-inf
154,0.05,0.03,0.0,0.02,-inf
155,0.05,0.03,0.0,0.03,-inf
156,0.05,0.03,0.0,0.04,-inf
157,0.05,0.03,0.0,0.05,-inf
158,0.05,0.03,0.0,0.06,-inf
159,0.05,0.03,0.0,0.07,-inf
160,0.05,0.03,0.0,0.08,-inf
161,0.05,0.03,0.0,0.09,-inf
162,0.05,0.03,0.0,0.1,-inf
163,0.05,0.03,0.0,0.11,-inf
164,0.05,0.03,0.0,0.12,-inf
165,0.05,0.03,0.0,0.13,-inf
166,0.05,0.03,0.0,0.14,-inf
167,0.05,0.03,0.0,0.15,-inf
168,0.05,0.03,0.0,0.16,-inf
169,0.05,0.03,0.0,0.17,-inf
170,0.05,0.03,0.0,0.18,-inf
171,0.05,0.03,0.0,0.19,-inf
172,0.05,0.03,0.0,0.2,-inf
173,0.05,0.03,0.0,0.21,-inf
174,0.05,0.03,0.0,0.22,-inf
175,0.05,0.03,0.0,0.23,-inf
176,0.05,0.03,0.0,0.24,-inf
177,0.05,0.03,0.0,0.25,-inf
178,0.05,0.03,0.0,0.26,-inf
179,0.05,0.03,0.0,0.27,-inf
180,0.05,0.03,0.0,0.28,-inf
181,0.05,0.03,0.0,0.29,-inf
182,0.05,0.03,0.0,0.3,-inf
183,0.05,0.03,0.0,0.31,-inf
184,0.05,0.03,0.0,0.32,-inf
185,0.05,0.03,0.0,0.33,-inf
186,0.05,0.03,0.0,0.34,-inf
187,0.05,0.03,0.0,0.35,-inf
188,0.05,0.03,0.0,0.36,-inf
189,0.05,0.03,0.0,0.37,-inf
190,0.05,0.03,0.0,0.38,-inf
191,0.05,0.03,0.0,0.39,-inf
192,0.05,0.03,0.0,0.4,-inf
193,0.05,0.03,0.0,0.41,-inf
194,0.05,0.03,0.0,0.42,-inf
195,0.05,0.03,0.0,0.43,-inf
196,0.05,0.03,0.0,0.44,-inf
197,0.05,0.03,0.0,0.45,-inf
198,0.05,0.03,0.0,0.46,-inf
199,0.05,0.03,0.0,0.47,-inf
200,0.05,0.03,0.0,0.48,-inf
201,0.05,0.03,0.0,0.49,-inf
202,0.05,0.03,0.0,0.5,-inf
203,0.05,0.03,0.0,0.51,-inf
204,0.05,0.03,0.0,0.52,-inf
205,0.05,0.03,0.0,0.53,-inf
206,0.05,0.03,0.0,0.54,-inf
207,0.05,0.03,0.0,0.55,-inf
208,0.05,0.03,0.0,0.56,-inf
209,0.05,0.03,0.0,0.57,-inf
210,0.05,0.03,0.0,0.58,-inf
211,0.05,0.03,0.0,0.59,-inf
212,0.05,0.03,0.0,0.6,-inf
213,0.05,0.03,0.0,0.61,-inf
214,0.05,0.03,0.0,0.62,-inf
215,0.05,0.03,0.0,0.63,-inf
216,0.05,0.03,0.0,0.64,-inf
217,0.05,0.03,0.0,0.65,-inf
218,0.05,0.03,0.0,0.66,-inf
219,0.05,0.03,0.0,0.67,-inf
220,0.05,0.03,0.0,0.68,-inf
221,0.05,0.03,0.0,0.69,-inf
222,0.05,0.03,0.0,0.7,-inf
223,0.05,0.03,0.0,0.71,-inf
224,0.05,0.03,0.0,0.72,-inf
225,0.05,0.03,0.0,0.73,-inf
226,0.05,0.03,0.0,0.74,-inf
227,0.05,0.03,0.0,0.75,-inf
228,0.05,0.04,0.0,0.0,-inf
229,0.05,0.04,0.0,0.01,-inf
230,0.05,0.04,0.0,0.02,-inf
231,0.05,0.04,0.0,0.03,-inf
232,0.05,0.04,0.0,0.04,-inf
233,0.05,0.04,0.0,0.05,-inf
234,0.05,0.04,0.0,0.06,-inf
235,0.05,0.04,0.0,0.07,-inf
236,0.05,0.04,0.0,0.08,-inf
237,0.05,0.04,0.0,0.09,-inf
238,0.05,0.04,0.0,0.1,-inf
239,0.05,0.04,0.0,0.11,-inf
240,0.05,0.04,0.0,0.12,-inf
241,0.05,0.04,0.0,0.13,-inf
242,0.05,0.04,0.0,0.14,-inf
243,0.05,0.04,0.0,0.15,-inf
244,0.05,0.04,0.0,0.16,-inf
245,0.05,0.04,0.0,0.17,-inf
246,0.05,0.04,0.0,0.18,-inf
247,0.05,0.04,0.0,0.19,-inf
248,0.05,0.04,0.0,0.2,-inf
249,0.05,0.04,0.0,0.21,-inf
250,0.05,0.04,0.0,0.22,-inf
251,0.05,0.04,0.0,0.23,-inf
252,0.05,0.04,0.0,0.24,-inf
253,0.05,0.04,0.0,0.25,-inf
254,0.05,0.04,0.0,0.26,-inf
255,0.05,0.04,0.0,0.27,-inf
256,0.05,0.04,0.0,0.28,-inf
257,0.05,0.04,0.0,0.29,-inf
258,0.05,0.04,0.0,0.3,-inf
259,0.05,0.04,0.0,0.31,-inf
260,0.05,0.04,0.0,0.32,-inf
261,0.05,0.04,0.0,0.33,-inf
262,0.05,0.04,0.0,0.34,-inf
263,0.05,0.04,0.0,0.35,-inf
264,0.05,0.04,0.0,0.36,-inf
265,0.05,0.04,0.0,0.37,-inf
266,0.05,0.04,0.0,0.38,-inf
267,0.05,0.04,0.0,0.39,-inf
268,0.05,0.04,0.0,0.4,-inf
269,0.05,0.04,0.0,0.41,-inf
270,0.05,0.04,0.0,0.42,-inf
271,0.05,0.04,0.0,0.43,-inf
272,0.05,0.04,0.0,0.44,-inf
273,0.05,0.04,0.0,0.45,-inf
274,0.05,0.04,0.0,0.46,-inf
275,0.05,0.04,0.0,0.47,-inf
276,0.05,0.04,0.0,0.48,-inf
277,0.05,0.04,0.0,0.49,-inf
278,0.05,0.04,0.0,0.5,-inf
279,0.05,0.04,0.0,0.51,-inf
280,0.05,0.04,0.0,0.52,-inf
281,0.05,0.04,0.0,0.53,-inf
282,0.05,0.04,0.0,0.54,-inf
283,0.05,0.04,0.0,0.55,-inf
284,0.05,0.04,0.0,0.56,-inf
285,0.05,0.04,0.0,0.57,-inf
286,0.05,0.04,0.0,0.58,-inf
287,0.05,0.04,0.0,0.59,-inf
288,0.05,0.04,0.0,0.6,-inf
289,0.05,0.04,0.0,0.61,-inf
290,0.05,0.04,0.0,0.62,-inf
291,0.05,0.04,0.0,0.63,-inf
292,0.05,0.04,0.0,0.64,-inf
293,0.05,0.04,0.0,0.65,-inf
294,0.05,0.04,0.0,0.66,-inf
295,0.05,0.04,0.0,0.67,-inf
296,0.05,0.04,0.0,0.68,-inf
297,0.05,0.04,0.0,0.69,-inf
298,0.05,0.04,0.0,0.7,-inf
299,0.05,0.04,0.0,0.71,-inf
300,0.05,0.04,0.0,0.72,-inf
301,0.05,0.04,0.0,0.73,-inf
302,0.05,0.04,0.0,0.74,-inf
303,0.05,0.04,0.0,0.75,-inf
304,0.05,0.05,0.0,0.0,-inf
305,0.05,0.05,0.0,0.01,-inf
306,0.05,0.05,0.0,0.02,-inf
307,0.05,0.05,0.0,0.03,-inf
308,0.05,0.05,0.0,0.04,-inf
309,0.05,0.05,0.0,0.05,-inf
310,0.05,0.05,0.0,0.06,-inf
311,0.05,0.05,0.0,0.07,-inf
312,0.05,0.05,0.0,0.08,-inf
313,0.05,0.05,0.0,0.09,-inf
314,0.05,0.05,0.0,0.1,-inf
315,0.05,0.05,0.0,0.11,-inf
316,0.05,0.05,0.0,0.12,-inf
317,0.05,0.05,0.0,0.13,-inf
318,0.05,0.05,0.0,0.14,-inf
319,0.05,0.05,0.0,0.15,-inf
320,0.05,0.05,0.0,0.16,-inf
321,0.05,0.05,0.0,0.17,-inf
322,0.05,0.05,0.0,0.18,-inf
323,0.05,0.05,0.0,0.19,-inf
324,0.05,0.05,0.0,0.2,-inf
325,0.05,0.05,0.0,0.21,-inf
326,0.05,0.05,0.0,0.22,-inf
327,0.05,0.05,0.0,0.23,-inf
328,0.05,0.05,0.0,0.24,-inf
329,0.05,0.05,0.0,0.25,-inf
330,0.05,0.05,0.0,0.26,-inf
331,0.05,0.05,0.0,0.27,-inf
332,0.05,0.05,0.0,0.28,-inf
333,0.05,0.05,0.0,0.29,-inf
334,0.05,0.05,0.0,0.3,-inf
335,0.05,0.05,0.0,0.31,-inf
336,0.05,0.05,0.0,0.32,-inf
337,0.05,0.05,0.0,0.33,-inf
338,0.05,0.05,0.0,0.34,-inf
339,0.05,0.05,0.0,0.35,-inf
340,0.05,0.05,0.0,0.36,-inf
341,0.05,0.05,0.0,0.37,-inf
342,0.05,0.05,0.0,0.38,-inf
343,0.05,0.05,0.0,0.39,-inf
344,0.05,0.05,0.0,0.4,-inf
345,0.05,0.05,0.0,0.41,-inf
346,0.05,0.05,0.0,0.42,-inf
347,0.05,0.05,0.0,0.43,-inf
348,0.05,0.05,0.0,0.44,-inf
349,0.05,0.05,0.0,0.45,-inf
350,0.05,0.05,0.0,0.46,-inf
351,0.05,0.05,0.0,0.47,-inf
352,0.05,0.05,0.0,0.48,-inf
353,0.05,0.05,0.0,0.49,-inf
354,0.05,0.05,0.0,0.5,-inf
355,0.05,0.05,0.0,0.51,-inf
356,0.05,0.05,0.0,0.52,-inf
357,0.05,0.05,0.0,0.53,-inf
358,0.05,0.05,0.0,0.54,-inf
359,0.05,0.05,0.0,0.55,-inf
360,0.05,0.05,0.0,0.56,-inf
361,0.05,0.05,0.0,0.57,-inf
362,0.05,0.05,0.0,0.58,-inf
363,0.05,0.05,0.0,0.59,-inf
364,0.05,0.05,0.0,0.6,-inf
365,0.05,0.05,0.0,0.61,-inf
366,0.05,0.05,0.0,0.62,-inf
367,0.05,0.05,0.0,0.63,-inf
368,0.05,0.05,0.0,0.64,-inf
369,0.05,0.05,0.0,0.65,-inf
370,0.05,0.05,0.0,0.66,-inf
371,0.05,0.05,0.0,0.67,-inf
372,0.05,0.05,0.0,0.68,-inf
373,0.05,0.05,0.0,0.69,-inf
374,0.05,0.05,0.0,0.7,-inf
375,0.05,0.05,0.0,0.71,-inf
376,0.05,0.05,0.0,0.72,-inf
377,0.05,0.05,0.0,0.73,-inf
378,0.05,0.05,0.0,0.74,-inf
379,0.05,0.05,0.0,0.75,-inf
380,0.05,0.06,0.0,0.0,-inf
381,0.05,0.06,0.0,0.01,-inf
382,0.05,0.06,0.0,0.02,-inf
383,0.05,0.06,0.0,0.03,-inf
384,0.05,0.06,0.0,0.04,-inf
385,0.05,0.06,0.0,0.05,-inf
386,0.05,0.06,0.0,0.06,-inf
387,0.05,0.06,0.0,0.07,-inf
388,0.05,0.06,0.0,0.08,-inf
389,0.05,0.06,0.0,0.09,-inf
390,0.05,0.06,0.0,0.1,-inf
391,0.05,0.06,0.0,0.11,-inf
392,0.05,0.06,0.0,0.12,-inf
393,0.05,0.06,0.0,0.13,-inf
394,0.05,0.06,0.0,0.14,-inf
395,0.05,0.06,0.0,0.15,-inf
396,0.05,0.06,0.0,0.16,-inf
397,0.05,0.06,0.0,0.17,-inf
398,0.05,0.06,0.0,0.18,-inf
399,0.05,0.06,0.0,0.19,-inf
400,0.05,0.06,0.0,0.2,-inf
401,0.05,0.06,0.0,0.21,-inf
402,0.05,0.06,0.0,0.22,-inf
403,0.05,0.06,0.0,0.23,-inf
404,0.05,0.06,0.0,0.24,-inf
405,0.05,0.06,0.0,0.25,-inf
406,0.05,0.06,0.0,0.26,-inf
407,0.05,0.06,0.0,0.27,-inf
408,0.05,0.06,0.0,0.28,-inf
409,0.05,0.06,0.0,0.29,-inf
410,0.05,0.06,0.0,0.3,-inf
411,0.05,0.06,0.0,0.31,-inf
412,0.05,0.06,0.0,0.32,-inf
413,0.05,0.06,0.0,0.33,-inf
414,0.05,0.06,0.0,0.34,-inf
415,0.05,0.06,0.0,0.35,-inf
416,0.05,0.06,0.0,0.36,-inf
417,0.05,0.06,0.0,0.37,-inf
418,0.05,0.06,0.0,0.38,-inf
419,0.05,0.06,0.0,0.39,-inf
420,0.05,0.06,0.0,0.4,-inf
421,0.05,0.06,0.0,0.41,-inf
422,0.05,0.06,0.0,0.42,-inf
423,0.05,0.06,0.0,0.43,-inf
424,0.05,0.06,0.0,0.44,-inf
425,0.05,0.06,0.0,0.45,-inf
426,0.05,0.06,0.0,0.46,-inf
427,0.05,0.06,0.0,0.47,-inf
428,0.05,0.06,0.0,0.48,-inf
429,0.05,0.06,0.0,0.49,-inf
430,0.05,0.06,0.0,0.5,-inf
431,0.05,0.06,0.0,0.51,-inf
432,0.05,0.06,0.0,0.52,-inf
433,0.05,0.06,0.0,0.53,-inf
434,0.05,0.06,0.0,0.54,-inf
435,0.05,0.06,0.0,0.55,-inf
436,0.05,0.06,0.0,0.56,-inf
437,0.05,0.06,0.0,0.57,-inf
438,0.05,0.06,0.0,0.58,-inf
439,0.05,0.06,0.0,0.59,-inf
440,0.05,0.06,0.0,0.6,-inf
441,0.05,0.06,0.0,0.61,-inf
442,0.05,0.06,0.0,0.62,-inf
443,0.05,0.06,0.0,0.63,-inf
444,0.05,0.06,0.0,0.64,-inf
445,0.05,0.06,0.0,0.65,-inf
446,0.05,0.06,0.0,0.66,-inf
447,0.05,0.06,0.0,0.67,-inf
448,0.05,0.06,0.0,0.68,-inf
449,0.05,0.06,0.0,0.69,-inf
450,0.05,0.06,0.0,0.7,-inf
451,0.05,0.06,0.0,0.71,-inf
452,0.05,0.06,0.0,0.72,-inf
453,0.05,0.06,0.0,0.73,-inf
454,0.05,0.06,0.0,0.74,-inf
455,0.05,0.06,0.0,0.75,-inf
456,0.05,0.07,0.0,0.0,-inf
457,0.05,0.07,0.0,0.01,-inf
458,0.05,0.07,0.0,0.02,-inf
459,0.05,0.07,0.0,0.03,-inf
460,0.05,0.07,0.0,0.04,-inf
461,0.05,0.07,0.0,0.05,-inf
462,0.05,0.07,0.0,0.06,-inf
463,0.05,0.07,0.0,0.07,-inf
464,0.05,0.07,0.0,0.08,-inf
465,0.05,0.07,0.0,0.09,-inf
466,0.05,0.07,0.0,0.1,-inf
467,0.05,0.07,0.0,0.11,-inf
468,0.05,0.07,0.0,0.12,-inf
469,0.05,0.07,0.0,0.13,-inf
470,0.05,0.07,0.0,0.14,-inf
471,0.05,0.07,0.0,0.15,-inf
472,0.05,0.07,0.0,0.16,-inf
473,0.05,0.07,0.0,0.17,-inf
474,0.05,0.07,0.0,0.18,-inf
475,0.05,0.07,0.0,0.19,-inf
476,0.05,0.07,0.0,0.2,-inf
477,0.05,0.07,0.0,0.21,-inf
478,0.05,0.07,0.0,0.22,-inf
479,0.05,0.07,0.0,0.23,-inf
480,0.05,0.07,0.0,0.24,-inf
481,0.05,0.07,0.0,0.25,-inf
482,0.05,0.07,0.0,0.26,-inf
483,0.05,0.07,0.0,0.27,-inf
484,0.05,0.07,0.0,0.28,-inf
485,0.05,0.07,0.0,0.29,-inf
486,0.05,0.07,0.0,0.3,-inf
487,0.05,0.07,0.0,0.31,-inf
488,0.05,0.07,0.0,0.32,-inf
489,0.05,0.07,0.0,0.33,-inf
490,0.05,0.07,0.0,0.34,-inf
491,0.05,0.07,0.0,0.35,-inf
492,0.05,0.07,0.0,0.36,-inf
493,0.05,0.07,0.0,0.37,-inf
494,0.05,0.07,0.0,0.38,-inf
495,0.05,0.07,0.0,0.39,-inf
496,0.05,0.07,0.0,0.4,-inf
497,0.05,0.07,0.0,0.41,-inf
498,0.05,0.07,0.0,0.42,-inf
499,0.05,0.07,0.0,0.43,-inf
500,0.05,0.07,0.0,0.44,-inf
501,0.05,0.07,0.0,0.45,-inf
502,0.05,0.07,0.0,0.46,-inf
503,0.05,0.07,0.0,0.47,-inf
504,0.05,0.07,0.0,0.48,-inf
505,0.05,0.07,0.0,0.49,-inf
506,0.05,0.07,0.0,0.5,-inf
507,0.05,0.07,0.0,0.51,-inf
508,0.05,0.07,0.0,0.52,-inf
509,0.05,0.07,0.0,0.53,-inf
510,0.05,0.07,0.0,0.54,-inf
511,0.05,0.07,0.0,0.55,-inf
512,0.05,0.07,0.0,0.56,-inf
513,0.05,0.07,0.0,0.57,-inf
514,0.05,0.07,0.0,0.58,-inf
515,0.05,0.07,0.0,0.59,-inf
516,0.05,0.07,0.0,0.6,-inf
517,0.05,0.07,0.0,0.61,-inf
518,0.05,0.07,0.0,0.62,-inf
519,0.05,0.07,0.0,0.63,-inf
520,0.05,0.07,0.0,0.64,-inf
521,0.05,0.07,0.0,0.65,-inf
522,0.05,0.07,0.0,0.66,-inf
523,0.05,0.07,0.0,0.67,-inf
524,0.05,0.07,0.0,0.68,-inf
525,0.05,0.07,0.0,0.69,-inf
526,0.05,0.07,0.0,0.7,-inf
527,0.05,0.07,0.0,0.71,-inf
528,0.05,0.07,0.0,0.72,-inf
529,0.05,0.07,0.0,0.73,-inf
530,0.05,0.07,0.0,0.74,-inf
531,0.05,0.07,0.0,0.75,-inf
532,0.05,0.08,0.0,0.0,-inf
533,0.05,0.08,0.0,0.01,-inf
534,0.05,0.08,0.0,0.02,-inf
535,0.05,0.08,0.0,0.03,-inf
536,0.05,0.08,0.0,0.04,-inf
537,0.05,0.08,0.0,0.05,-inf
538,0.05,0.08,0.0,0.06,-inf
539,0.05,0.08,0.0,0.07,-inf
540,0.05,0.08,0.0,0.08,-inf
541,0.05,0.08,0.0,0.09,-inf
542,0.05,0.08,0.0,0.1,-inf
543,0.05,0.08,0.0,0.11,-inf
544,0.05,0.08,0.0,0.12,-inf
545,0.05,0.08,0.0,0.13,-inf
546,0.05,0.08,0.0,0.14,-inf
547,0.05,0.08,0.0,0.15,-inf
548,0.05,0.08,0.0,0.16,-inf
549,0.05,0.08,0.0,0.17,-inf
550,0.05,0.08,0.0,0.18,-inf
551,0.05,0.08,0.0,0.19,-inf
552,0.05,0.08,0.0,0.2,-inf
553,0.05,0.08,0.0,0.21,-inf
554,0.05,0.08,0.0,0.22,-inf
555,0.05,0.08,0.0,0.23,-inf
556,0.05,0.08,0.0,0.24,-inf
557,0.05,0.08,0.0,0.25,-inf
558,0.05,0.08,0.0,0.26,-inf
559,0.05,0.08,0.0,0.27,-inf
560,0.05,0.08,0.0,0.28,-inf
561,0.05,0.08,0.0,0.29,-inf
562,0.05,0.08,0.0,0.3,-inf
563,0.05,0.08,0.0,0.31,-inf
564,0.05,0.08,0.0,0.32,-inf
565,0.05,0.08,0.0,0.33,-inf
566,0.05,0.08,0.0,0.34,-inf
567,0.05,0.08,0.0,0.35,-inf
568,0.05,0.08,0.0,0.36,-inf
569,0.05,0.08,0.0,0.37,-inf
570,0.05,0.08,0.0,0.38,-inf
571,0.05,0.08,0.0,0.39,-inf
572,0.05,0.08,0.0,0.4,-inf
573,0.05,0.08,0.0,0.41,-inf
574,0.05,0.08,0.0,0.42,-inf
575,0.05,0.08,0.0,0.43,-inf
576,0.05,0.08,0.0,0.44,-inf
577,0.05,0.08,0.0,0.45,-inf
578,0.05,0.08,0.0,0.46,-inf
579,0.05,0.08,0.0,0.47,-inf
580,0.05,0.08,0.0,0.48,-inf
581,0.05,0.08,0.0,0.49,-inf
582,0.05,0.08,0.0,0.5,-inf
583,0.05,0.08,0.0,0.51,-inf
584,0.05,0.08,0.0,0.52,-inf
585,0.05,0.08,0.0,0.53,-inf
586,0.05,0.08,0.0,0.54,-inf
587,0.05,0.08,0.0,0.55,-inf
588,0.05,0.08,0.0,0.56,-inf
589,0.05,0.08,0.0,0.57,-inf
590,0.05,0.08,0.0,0.58,-inf
591,0.05,0.08,0.0,0.59,-inf
592,0.05,0.08,0.0,0.6,-inf
593,0.05,0.08,0.0,0.61,-inf
594,0.05,0.08,0.0,0.62,-inf
595,0.05,0.08,0.0,0.63,-inf
596,0.05,0.08,0.0,0.64,-inf
597,0.05,0.08,0.0,0.65,-inf
598,0.05,0.08,0.0,0.66,-inf
599,0.05,0.08,0.0,0.67,-inf
600,0.05,0.08,0.0,0.68,-inf
601,0.05,0.08,0.0,0.69,-inf
602,0.05,0.08,0.0,0.7,-inf
603,0.05,0.08,0.0,0.71,-inf
604,0.05,0.08,0.0,0.72,-inf
605,0.05,0.08,0.0,0.73,-inf
606,0.05,0.08,0.0,0.74,-inf
607,0.05,0.08,0.0,0.75,-inf
608,0.05,0.09,0.0,0.0,-inf
609,0.05,0.09,0.0,0.01,-inf
610,0.05,0.09,0.0,0.02,-inf
611,0.05,0.09,0.0,0.03,-inf
612,0.05,0.09,0.0,0.04,-inf
613,0.05,0.09,0.0,0.05,-inf
614,0.05,0.09,0.0,0.06,-inf
615,0.05,0.09,0.0,0.07,-inf
616,0.05,0.09,0.0,0.08,-inf
617,0.05,0.09,0.0,0.09,-inf
618,0.05,0.09,0.0,0.1,-inf
619,0.05,0.09,0.0,0.11,-inf
620,0.05,0.09,0.0,0.12,-inf
621,0.05,0.09,0.0,0.13,-inf
622,0.05,0.09,0.0,0.14,-inf
623,0.05,0.09,0.0,0.15,-inf
624,0.05,0.09,0.0,0.16,-inf
625,0.05,0.09,0.0,0.17,-inf
626,0.05,0.09,0.0,0.18,-inf
627,0.05,0.09,0.0,0.19,-inf
628,0.05,0.09,0.0,0.2,-inf
629,0.05,0.09,0.0,0.21,-inf
630,0.05,0.09,0.0,0.22,-inf
631,0.05,0.09,0.0,0.23,-inf
632,0.05,0.09,0.0,0.24,-inf
633,0.05,0.09,0.0,0.25,-inf
634,0.05,0.09,0.0,0.26,-inf
635,0.05,0.09,0.0,0.27,-inf
636,0.05,0.09,0.0,0.28,-inf
637,0.05,0.09,0.0,0.29,-inf
638,0.05,0.09,0.0,0.3,-inf
639,0.05,0.09,0.0,0.31,-inf
640,0.05,0.09,0.0,0.32,-inf
641,0.05,0.09,0.0,0.33,-inf
642,0.05,0.09,0.0,0.34,-inf
643,0.05,0.09,0.0,0.35,-inf
644,0.05,0.09,0.0,0.36,-inf
645,0.05,0.09,0.0,0.37,-inf
646,0.05,0.09,0.0,0.38,-inf
647,0.05,0.09,0.0,0.39,-inf
648,0.05,0.09,0.0,0.4,-inf
649,0.05,0.09,0.0,0.41,-inf
650,0.05,0.09,0.0,0.42,-inf
651,0.05,0.09,0.0,0.43,-inf
652,0.05,0.09,0.0,0.44,-inf
653,0.05,0.09,0.0,0.45,-inf
654,0.05,0.09,0.0,0.46,-inf
655,0.05,0.09,0.0,0.47,-inf
656,0.05,0.09,0.0,0.48,-inf
657,0.05,0.09,0.0,0.49,-inf
658,0.05,0.09,0.0,0.5,-inf
659,0.05,0.09,0.0,0.51,-inf
660,0.05,0.09,0.0,0.52,-inf
661,0.05,0.09,0.0,0.53,-inf
662,0.05,0.09,0.0,0.54,-inf
663,0.05,0.09,0.0,0.55,-inf
664,0.05,0.09,0.0,0.56,-inf
665,0.05,0.09,0.0,0.57,-inf
666,0.05,0.09,0.0,0.58,-inf
667,0.05,0.09,0.0,0.59,-inf
668,0.05,0.09,0.0,0.6,-inf
669,0.05,0.09,0.0,0.61,-inf
670,0.05,0.09,0.0,0.62,-inf
671,0.05,0.09,0.0,0.63,-inf
672,0.05,0.09,0.0,0.64,-inf
673,0.05,0.09,0.0,0.65,-inf
674,0.05,0.09,0.0,0.66,-inf
675,0.05,0.09,0.0,0.67,-inf
676,0.05,0.09,0.0,0.68,-inf
677,0.05,0.09,0.0,0.69,-inf
678,0.05,0.09,0.0,0.7,-inf
679,0.05,0.09,0.0,0.71,-inf
680,0.05,0.09,0.0,0.72,-inf
681,0.05,0.09,0.0,0.73,-inf
682,0.05,0.09,0.0,0.74,-inf
683,0.05,0.09,0.0,0.75,-inf
684,0.05,0.1,0.0,0.0,-inf
685,0.05,0.1,0.0,0.01,-inf
686,0.05,0.1,0.0,0.02,-inf
687,0.05,0.1,0.0,0.03,-inf
688,0.05,0.1,0.0,0.04,-inf
689,0.05,0.1,0.0,0.05,-inf
690,0.05,0.1,0.0,0.06,-inf
691,0.05,0.1,0.0,0.07,-inf
692,0.05,0.1,0.0,0.08,-inf
693,0.05,0.1,0.0,0.09,-inf
694,0.05,0.1,0.0,0.1,-inf
695,0.05,0.1,0.0,0.11,-inf
696,0.05,0.1,0.0,0.12,-inf
697,0.05,0.1,0.0,0.13,-inf
698,0.05,0.1,0.0,0.14,-inf
699,0.05,0.1,0.0,0.15,-inf
700,0.05,0.1,0.0,0.16,-inf
701,0.05,0.1,0.0,0.17,-inf
702,0.05,0.1,0.0,0.18,-inf
703,0.05,0.1,0.0,0.19,-inf
704,0.05,0.1,0.0,0.2,-inf
705,0.05,0.1,0.0,0.21,-inf
706,0.05,0.1,0.0,0.22,-inf
707,0.05,0.1,0.0,0.23,-inf
708,0.05,0.1,0.0,0.24,-inf
709,0.05,0.1,0.0,0.25,-inf
710,0.05,0.1,0.0,0.26,-inf
711,0.05,0.1,0.0,0.27,-inf
712,0.05,0.1,0.0,0.28,-inf
713,0.05,0.1,0.0,0.29,-inf
714,0.05,0.1,0.0,0.3,-inf
715,0.05,0.1,0.0,0.31,-inf
716,0.05,0.1,0.0,0.32,-inf
717,0.05,0.1,0.0,0.33,-inf
718,0.05,0.1,0.0,0.34,-inf
719,0.05,0.1,0.0,0.35,-inf
720,0.05,0.1,0.0,0.36,-inf
721,0.05,0.1,0.0,0.37,-inf
722,0.05,0.1,0.0,0.38,-inf
723,0.05,0.1,0.0,0.39,-inf
724,0.05,0.1,0.0,0.4,-inf
725,0.05,0.1,0.0,0.41,-inf
726,0.05,0.1,0.0,0.42,-inf
727,0.05,0.1,0.0,0.43,-inf
728,0.05,0.1,0.0,0.44,-inf
729,0.05,0.1,0.0,0.45,-inf
730,0.05,0.1,0.0,0.46,-inf
731,0.05,0.1,0.0,0.47,-inf
732,0.05,0.1,0.0,0.48,-inf
733,0.05,0.1,0.0,0.49,-inf
734,0.05,0.1,0.0,0.5,-inf
735,0.05,0.1,0.0,0.51,-inf
736,0.05,0.1,0.0,0.52,-inf
737,0.05,0.1,0.0,0.53,-inf
738,0.05,0.1,0.0,0.54,-inf
739,0.05,0.1,0.0,0.55,-inf
740,0.05,0.1,0.0,0.56,-inf
741,0.05,0.1,0.0,0.57,-inf
742,0.05,0.1,0.0,0.58,-inf
743,0.05,0.1,0.0,0.59,-inf
744,0.05,0.1,0.0,0.6,-inf
745,0.05,0.1,0.0,0.61,-inf
746,0.05,0.1,0.0,0.62,-inf
747,0.05,0.1,0.0,0.63,-inf
748,0.05,0.1,0.0,0.64,-inf
749,0.05,0.1,0.0,0.65,-inf
750,0.05,0.1,0.0,0.66,-inf
751,0.05,0.1,0.0,0.67,-inf
752,0.05,0.1,0.0,0.68,-inf
753,0.05,0.1,0.0,0.69,-inf
754,0.05,0.1,0.0,0.7,-inf
755,0.05,0.1,0.0,0.71,-inf
756,0.05,0.1,0.0,0.72,-inf
757,0.05,0.1,0.0,0.73,-inf
758,0.05,0.1,0.0,0.74,-inf
759,0.05,0.1,0.0,0.75,-inf
760,0.05,0.11,0.0,0.0,-inf
761,0.05,0.11,0.0,0.01,-inf
762,0.05,0.11,0.0,0.02,-inf
763,0.05,0.11,0.0,0.03,-inf
764,0.05,0.11,0.0,0.04,-inf
765,0.05,0.11,0.0,0.05,-inf
766,0.05,0.11,0.0,0.06,-inf
767,0.05,0.11,0.0,0.07,-inf
768,0.05,0.11,0.0,0.08,-inf
769,0.05,0.11,0.0,0.09,-inf
770,0.05,0.11,0.0,0.1,-inf
771,0.05,0.11,0.0,0.11,-inf
772,0.05,0.11,0.0,0.12,-inf
773,0.05,0.11,0.0,0.13,-inf
774,0.05,0.11,0.0,0.14,-inf
775,0.05,0.11,0.0,0.15,-inf
776,0.05,0.11,0.0,0.16,-inf
777,0.05,0.11,0.0,0.17,-inf
778,0.05,0.11,0.0,0.18,-inf
779,0.05,0.11,0.0,0.19,-inf
780,0.05,0.11,0.0,0.2,-inf
781,0.05,0.11,0.0,0.21,-inf
782,0.05,0.11,0.0,0.22,-inf
783,0.05,0.11,0.0,0.23,-inf
784,0.05,0.11,0.0,0.24,-inf
785,0.05,0.11,0.0,0.25,-inf
786,0.05,0.11,0.0,0.26,-inf
787,0.05,0.11,0.0,0.27,-inf
788,0.05,0.11,0.0,0.28,-inf
789,0.05,0.11,0.0,0.29,-inf
790,0.05,0.11,0.0,0.3,-inf
791,0.05,0.11,0.0,0.31,-inf
792,0.05,0.11,0.0,0.32,-inf
793,0.05,0.11,0.0,0.33,-inf
794,0.05,0.11,0.0,0.34,-inf
795,0.05,0.11,0.0,0.35,-inf
796,0.05,0.11,0.0,0.36,-inf
797,0.05,0.11,0.0,0.37,-inf
798,0.05,0.11,0.0,0.38,-inf
799,0.05,0.11,0.0,0.39,-inf
800,0.05,0.11,0.0,0.4,-inf
801,0.05,0.11,0.0,0.41,-inf
802,0.05,0.11,0.0,0.42,-inf
803,0.05,0.11,0.0,0.43,-inf
804,0.05,0.11,0.0,0.44,-inf
805,0.05,0.11,0.0,0.45,-inf
806,0.05,0.11,0.0,0.46,-inf
807,0.05,0.11,0.0,0.47,-inf
808,0.05,0.11,0.0,0.48,-inf
809,0.05,0.11,0.0,0.49,-inf
810,0.05,0.11,0.0,0.5,-inf
811,0.05,0.11,0.0,0.51,-inf
812,0.05,0.11,0.0,0.52,-inf
813,0.05,0.11,0.0,0.53,-inf
814,0.05,0.11,0.0,0.54,-inf
815,0.05,0.11,0.0,0.55,-inf
816,0.05,0.11,0.0,0.56,-inf
817,0.05,0.11,0.0,0.57,-inf
818,0.05,0.11,0.0,0.58,-inf
819,0.05,0.11,0.0,0.59,-inf
820,0.05,0.11,0.0,0.6,-inf
821,0.05,0.11,0.0,0.61,-inf
822,0.05,0.11,0.0,0.62,-inf
823,0.05,0.11,0.0,0.63,-inf
824,0.05,0.11,0.0,0.64,-inf
825,0.05,0.11,0.0,0.65,-inf
826,0.05,0.11,0.0,0.66,-inf
827,0.05,0.11,0.0,0.67,-inf
828,0.05,0.11,0.0,0.68,-inf
829,0.05,0.11,0.0,0.69,-inf
830,0.05,0.11,0.0,0.7,-inf
831,0.05,0.11,0.0,0.71,-inf
832,0.05,0.11,0.0,0.72,-inf
833,0.05,0.11,0.0,0.73,-inf
834,0.05,0.11,0.0,0.74,-inf
835,0.05,0.11,0.0,0.75,-inf
836,0.05,0.12,0.0,0.0,-inf
837,0.05,0.12,0.0,0.01,-inf
838,0.05,0.12,0.0,0.02,-inf
839,0.05,0.12,0.0,0.03,-inf
840,0.05,0.12,0.0,0.04,-inf
841,0.05,0.12,0.0,0.05,-inf
842,0.05,0.12,0.0,0.06,-inf
843,0.05,0.12,0.0,0.07,-inf
844,0.05,0.12,0.0,0.08,-inf
845,0.05,0.12,0.0,0.09,-inf
846,0.05,0.12,0.0,0.1,-inf
847,0.05,0.12,0.0,0.11,-inf
848,0.05,0.12,0.0,0.12,-inf
849,0.05,0.12,0.0,0.13,-inf
850,0.05,0.12,0.0,0.14,-inf
851,0.05,0.12,0.0,0.15,-inf
852,0.05,0.12,0.0,0.16,-inf
853,0.05,0.12,0.0,0.17,-inf
854,0.05,0.12,0.0,0.18,-inf
855,0.05,0.12,0.0,0.19,-inf
856,0.05,0.12,0.0,0.2,-inf
857,0.05,0.12,0.0,0.21,-inf
858,0.05,0.12,0.0,0.22,-inf
859,0.05,0.12,0.0,0.23,-inf
860,0.05,0.12,0.0,0.24,-inf
861,0.05,0.12,0.0,0.25,-inf
862,0.05,0.12,0.0,0.26,-inf
863,0.05,0.12,0.0,0.27,-inf
864,0.05,0.12,0.0,0.28,-inf
865,0.05,0.12,0.0,0.29,-inf
866,0.05,0.12,0.0,0.3,-inf
867,0.05,0.12,0.0,0.31,-inf
868,0.05,0.12,0.0,0.32,-inf
869,0.05,0.12,0.0,0.33,-inf
870,0.05,0.12,0.0,0.34,-inf
871,0.05,0.12,0.0,0.35,-inf
872,0.05,0.12,0.0,0.36,-inf
873,0.05,0.12,0.0,0.37,-inf
874,0.05,0.12,0.0,0.38,-inf
875,0.05,0.12,0.0,0.39,-inf
876,0.05,0.12,0.0,0.4,-inf
877,0.05,0.12,0.0,0.41,-inf
878,0.05,0.12,0.0,0.42,-inf
879,0.05,0.12,0.0,0.43,-inf
880,0.05,0.12,0.0,0.44,-inf
881,0.05,0.12,0.0,0.45,-inf
882,0.05,0.12,0.0,0.46,-inf
883,0.05,0.12,0.0,0.47,-inf
884,0.05,0.12,0.0,0.48,-inf
885,0.05,0.12,0.0,0.49,-inf
886,0.05,0.12,0.0,0.5,-inf
887,0.05,0.12,0.0,0.51,-inf
888,0.05,0.12,0.0,0.52,-inf
889,0.05,0.12,0.0,0.53,-inf
890,0.05,0.12,0.0,0.54,-inf
891,0.05,0.12,0.0,0.55,-inf
892,0.05,0.12,0.0,0.56,-inf
893,0.05,0.12,0.0,0.57,-inf
894,0.05,0.12,0.0,0.58,-inf
895,0.05,0.12,0.0,0.59,-inf
896,0.05,0.12,0.0,0.6,-inf
897,0.05,0.12,0.0,0.61,-inf
898,0.05,0.12,0.0,0.62,-inf
899,0.05,0.12,0.0,0.63,-inf
900,0.05,0.12,0.0,0.64,-inf
901,0.05,0.12,0.0,0.65,-inf
902,0.05,0.12,0.0,0.66,-inf
903,0.05,0.12,0.0,0.67,-inf
904,0.05,0.12,0.0,0.68,-inf
905,0.05,0.12,0.0,0.69,-inf
906,0.05,0.12,0.0,0.7,-inf
907,0.05,0.12,0.0,0.71,-inf
908,0.05,0.12,0.0,0.72,-inf
909,0.05,0.12,0.0,0.73,-inf
910,0.05,0.12,0.0,0.74,-inf
911,0.05,0.12,0.0,0.75,-inf
912,0.05,0.13,0.0,0.0,-inf
913,0.05,0.13,0.0,0.01,-inf
914,0.05,0.13,0.0,0.02,-inf
915,0.05,0.13,0.0,0.03,-inf
916,0.05,0.13,0.0,0.04,-inf
917,0.05,0.13,0.0,0.05,-inf
918,0.05,0.13,0.0,0.06,-inf
919,0.05,0.13,0.0,0.07,-inf
920,0.05,0.13,0.0,0.08,-inf
921,0.05,0.13,0.0,0.09,-inf
922,0.05,0.13,0.0,0.1,-inf
923,0.05,0.13,0.0,0.11,-inf
924,0.05,0.13,0.0,0.12,-inf
925,0.05,0.13,0.0,0.13,-inf
926,0.05,0.13,0.0,0.14,-inf
927,0.05,0.13,0.0,0.15,-inf
928,0.05,0.13,0.0,0.16,-inf
929,0.05,0.13,0.0,0.17,-inf
930,0.05,0.13,0.0,0.18,-inf
931,0.05,0.13,0.0,0.19,-inf
932,0.05,0.13,0.0,0.2,-inf
933,0.05,0.13,0.0,0.21,-inf
934,0.05,0.13,0.0,0.22,-inf
935,0.05,0.13,0.0,0.23,-inf
936,0.05,0.13,0.0,0.24,-inf
937,0.05,0.13,0.0,0.25,-inf
938,0.05,0.13,0.0,0.26,-inf
939,0.05,0.13,0.0,0.27,-inf
940,0.05,0.13,0.0,0.28,-inf
941,0.05,0.13,0.0,0.29,-inf
942,0.05,0.13,0.0,0.3,-inf
943,0.05,0.13,0.0,0.31,-inf
944,0.05,0.13,0.0,0.32,-inf
945,0.05,0.13,0.0,0.33,-inf
946,0.05,0.13,0.0,0.34,-inf
947,0.05,0.13,0.0,0.35,-inf
948,0.05,0.13,0.0,0.36,-inf
949,0.05,0.13,0.0,0.37,-inf
950,0.05,0.13,0.0,0.38,-inf
951,0.05,0.13,0.0,0.39,-inf
952,0.05,0.13,0.0,0.4,-inf
953,0.05,0.13,0.0,0.41,-inf
954,0.05,0.13,0.0,0.42,-inf
955,0.05,0.13,0.0,0.43,-inf
956,0.05,0.13,0.0,0.44,-inf
957,0.05,0.13,0.0,0.45,-inf
958,0.05,0.13,0.0,0.46,-inf
959,0.05,0.13,0.0,0.47,-inf
960,0.05,0.13,0.0,0.48,-inf
961,0.05,0.13,0.0,0.49,-inf
962,0.05,0.13,0.0,0.5,-inf
963,0.05,0.13,0.0,0.51,-inf
964,0.05,0.13,0.0,0.52,-inf
965,0.05,0.13,0.0,0.53,-inf
966,0.05,0.13,0.0,0.54,-inf
967,0.05,0.13,0.0,0.55,-inf
968,0.05,0.13,0.0,0.56,-inf
969,0.05,0.13,0.0,0.57,-inf
970,0.05,0.13,0.0,0.58,-inf
971,0.05,0.13,0.0,0.59,-inf
972,0.05,0.13,0.0,0.6,-inf
973,0.05,0.13,0.0,0.61,-inf
974,0.05,0.13,0.0,0.62,-inf
975,0.05,0.13,0.0,0.63,-inf
976,0.05,0.13,0.0,0.64,-inf
977,0.05,0.13,0.0,0.65,-inf
978,0.05,0.13,0.0,0.66,-inf
979,0.05,0.13,0.0,0.67,-inf
980,0.05,0.13,0.0,0.68,-inf
981,0.05,0.13,0.0,0.69,-inf
982,0.05,0.13,0.0,0.7,-inf
983,0.05,0.13,0.0,0.71,-inf
984,0.05,0.13,0.0,0.72,-inf
985,0.05,0.13,0.0,0.73,-inf
986,0.05,0.13,0.0,0.74,-inf
987,0.05,0.13,0.0,0.75,-inf
988,0.05,0.14,0.0,0.0,-inf
989,0.05,0.14,0.0,0.01,-inf
990,0.05,0.14,0.0,0.02,-inf
991,0.05,0.14,0.0,0.03,-inf
992,0.05,0.14,0.0,0.04,-inf
993,0.05,0.14,0.0,0.05,-inf
994,0.05,0.14,0.0,0.06,-inf
995,0.05,0.14,0.0,0.07,-inf
996,0.05,0.14,0.0,0.08,-inf
997,0.05,0.14,0.0,0.09,-inf
998,0.05,0.14,0.0,0.1,-inf
999,0.05,0.14,0.0,0.11,-inf
1000,0.05,0.14,0.0,0.12,-inf
1001,0.05,0.14,0.0,0.13,-inf
1002,0.05,0.14,0.0,0.14,-inf
1003,0.05,0.14,0.0,0.15,-inf
1004,0.05,0.14,0.0,0.16,-inf
1005,0.05,0.14,0.0,0.17,-inf
1006,0.05,0.14,0.0,0.18,-inf
1007,0.05,0.14,0.0,0.19,-inf
1008,0.05,0.14,0.0,0.2,-inf
1009,0.05,0.14,0.0,0.21,-inf
1010,0.05,0.14,0.0,0.22,-inf
1011,0.05,0.14,0.0,0.23,-inf
1012,0.05,0.14,0.0,0.24,-inf
1013,0.05,0.14,0.0,0.25,-inf
1014,0.05,0.14,0.0,0.26,-inf
1015,0.05,0.14,0.0,0.27,-inf
1016,0.05,0.14,0.0,0.28,-inf
1017,0.05,0.14,0.0,0.29,-inf
1018,0.05,0.14,0.0,0.3,-inf
1019,0.05,0.14,0.0,0.31,-inf
1020,0.05,0.14,0.0,0.32,-inf
1021,0.05,0.14,0.0,0.33,-inf
1022,0.05,0.14,0.0,0.34,-inf
1023,0.05,0.14,0.0,0.35,-inf
1024,0.05,0.14,0.0,0.36,-inf
1025,0.05,0.14,0.0,0.37,-inf
1026,0.05,0.14,0.0,0.38,-inf
1027,0.05,0.14,0.0,0.39,-inf
1028,0.05,0.14,0.0,0.4,-inf
1029,0.05,0.14,0.0,0.41,-inf
1030,0.05,0.14,0.0,0.42,-inf
1031,0.05,0.14,0.0,0.43,-inf
1032,0.05,0.14,0.0,0.44,-inf
1033,0.05,0.14,0.0,0.45,-inf
1034,0.05,0.14,0.0,0.46,-inf
1035,0.05,0.14,0.0,0.47,-inf
1036,0.05,0.14,0.0,0.48,-inf
1037,0.05,0.14,0.0,0.49,-inf
1038,0.05,0.14,0.0,0.5,-inf
1039,0.05,0.14,0.0,0.51,-inf
1040,0.05,0.14,0.0,0.52,-inf
1041,0.05,0.14,0.0,0.53,-inf
1042,0.05,0.14,0.0,0.54,-inf
1043,0.05,0.14,0.0,0.55,-inf
1044,0.05,0.14,0.0,0.56,-inf
1045,0.05,0.14,0.0,0.57,-inf
1046,0.05,0.14,0.0,0.58,-inf
1047,0.05,0.14,0.0,0.59,-inf
1048,0.05,0.14,0.0,0.6,-inf
1049,0.05,0.14,0.0,0.61,-inf
1050,0.05,0.14,0.0,0.62,-inf
1051,0.05,0.14,0.0,0.63,-inf
1052,0.05,0.14,0.0,0.64,-inf
1053,0.05,0.14,0.0,0.65,-inf
1054,0.05,0.14,0.0,0.66,-inf
1055,0.05,0.14,0.0,0.67,-inf
1056,0.05,0.14,0.0,0.68,-inf
1057,0.05,0.14,0.0,0.69,-inf
1058,0.05,0.14,0.0,0.7,-inf
1059,0.05,0.14,0.0,0.71,-inf
1060,0.05,0.14,0.0,0.72,-inf
1061,0.05,0.14,0.0,0.73,-inf
1062,0.05,0.14,0.0,0.74,-inf
1063,0.05,0.14,0.0,0.75,-inf
1064,0.05,0.15,0.0,0.0,-10586.14453125
1065,0.05,0.15,0.0,0.01,-inf
1066,0.05,0.15,0.0,0.02,-inf
1067,0.05,0.15,0.0,0.03,-9002.8349609375
1068,0.05,0.15,0.0,0.04,-inf
1069,0.05,0.15,0.0,0.05,-inf
1070,0.05,0.15,0.0,0.06,-inf
1071,0.05,0.15,0.0,0.07,-inf
1072,0.05,0.15,0.0,0.08,-inf
1073,0.05,0.15,0.0,0.09,-inf
1074,0.05,0.15,0.0,0.1,-9259.7236328125
1075,0.05,0.15,0.0,0.11,-inf
1076,0.05,0.15,0.0,0.12,-inf
1077,0.05,0.15,0.0,0.13,-inf
1078,0.05,0.15,0.0,0.14,-inf
1079,0.05,0.15,0.0,0.15,-inf
1080,0.05,0.15,0.0,0.16,-inf
1081,0.05,0.15,0.0,0.17,-inf
1082,0.05,0.15,0.0,0.18,-inf
1083,0.05,0.15,0.0,0.19,-inf
1084,0.05,0.15,0.0,0.2,-inf
1085,0.05,0.15,0.0,0.21,-inf
1086,0.05,0.15,0.0,0.22,-inf
1087,0.05,0.15,0.0,0.23,-inf
1088,0.05,0.15,0.0,0.24,-inf
1089,0.05,0.15,0.0,0.25,-inf
1090,0.05,0.15,0.0,0.26,-inf
1091,0.05,0.15,0.0,0.27,-inf
1092,0.05,0.15,0.0,0.28,-inf
1093,0.05,0.15,0.0,0.29,-inf
1094,0.05,0.15,0.0,0.3,-9215.3984375
1095,0.05,0.15,0.0,0.31,-inf
1096,0.05,0.15,0.0,0.32,-inf
1097,0.05,0.15,0.0,0.33,-inf
1098,0.05,0.15,0.0,0.34,-inf
1099,0.05,0.15,0.0,0.35,-inf
1100,0.05,0.15,0.0,0.36,-9444.1396484375
1101,0.05,0.15,0.0,0.37,-inf
1102,0.05,0.15,0.0,0.38,-inf
1103,0.05,0.15,0.0,0.39,-inf
1104,0.05,0.15,0.0,0.4,-inf
1105,0.05,0.15,0.0,0.41,-8522.9775390625
1106,0.05,0.15,0.0,0.42,-inf
1107,0.05,0.15,0.0,0.43,-inf
1108,0.05,0.15,0.0,0.44,-inf
1109,0.05,0.15,0.0,0.45,-inf
1110,0.05,0.15,0.0,0.46,-inf
1111,0.05,0.15,0.0,0.47,-inf
1112,0.05,0.15,0.0,0.48,-9325.1376953125
1113,0.05,0.15,0.0,0.49,-inf
1114,0.05,0.15,0.0,0.5,-inf
1115,0.05,0.15,0.0,0.51,-inf
1116,0.05,0.15,0.0,0.52,-inf
1117,0.05,0.15,0.0,0.53,-inf
1118,0.05,0.15,0.0,0.54,-inf
1119,0.05,0.15,0.0,0.55,-8978.626953125
1120,0.05,0.15,0.0,0.56,-inf
1121,0.05,0.15,0.0,0.57,-inf
1122,0.05,0.15,0.0,0.58,-inf
1123,0.05,0.15,0.0,0.59,-inf
1124,0.05,0.15,0.0,0.6,-inf
1125,0.05,0.15,0.0,0.61,-inf
1126,0.05,0.15,0.0,0.62,-inf
1127,0.05,0.15,0.0,0.63,-9074.3017578125
1128,0.05,0.15,0.0,0.64,-inf
1129,0.05,0.15,0.0,0.65,-inf
1130,0.05,0.15,0.0,0.66,-inf
1131,0.05,0.15,0.0,0.67,-inf
1132,0.05,0.15,0.0,0.68,-inf
1133,0.05,0.15,0.0,0.69,-inf
1134,0.05,0.15,0.0,0.7,-inf
1135,0.05,0.15,0.0,0.71,-inf
1136,0.05,0.15,0.0,0.72,-inf
1137,0.05,0.15,0.0,0.73,-inf
1138,0.05,0.15,0.0,0.74,-inf
1139,0.05,0.15,0.0,0.75,-inf
1140,0.05,0.16,0.0,0.0,-inf
1141,0.05,0.16,0.0,0.01,-9457.9111328125
1142,0.05,0.16,0.0,0.02,-inf
1143,0.05,0.16,0.0,0.03,-inf
1144,0.05,0.16,0.0,0.04,-inf
1145,0.05,0.16,0.0,0.05,-inf
1146,0.05,0.16,0.0,0.06,-inf
1147,0.05,0.16,0.0,0.07,-9250.8115234375
1148,0.05,0.16,0.0,0.08,-9024.3203125
1149,0.05,0.16,0.0,0.09,-8840.11328125
1150,0.05,0.16,0.0,0.1,-9005.6962890625
1151,0.05,0.16,0.0,0.11,-9042.7001953125
1152,0.05,0.16,0.0,0.12,-9136.998046875
1153,0.05,0.16,0.0,0.13,-9240.21484375
1154,0.05,0.16,0.0,0.14,-inf
1155,0.05,0.16,0.0,0.15,-9277.89453125
1156,0.05,0.16,0.0,0.16,-9118.056640625
1157,0.05,0.16,0.0,0.17,-9304.4443359375
1158,0.05,0.16,0.0,0.18,-9139.25
1159,0.05,0.16,0.0,0.19,-8459.794921875
1160,0.05,0.16,0.0,0.2,-8256.326171875
1161,0.05,0.16,0.0,0.21,-8469.2890625
1162,0.05,0.16,0.0,0.22,-9131.66796875
1163,0.05,0.16,0.0,0.23,-8588.603515625
1164,0.05,0.16,0.0,0.24,-9299.8798828125
1165,0.05,0.16,0.0,0.25,-9225.5400390625
1166,0.05,0.16,0.0,0.26,-inf
1167,0.05,0.16,0.0,0.27,-9212.8525390625
1168,0.05,0.16,0.0,0.28,-9201.33984375
1169,0.05,0.16,0.0,0.29,-9057.814453125
1170,0.05,0.16,0.0,0.3,-9031.7890625
1171,0.05,0.16,0.0,0.31,-9281.4404296875
1172,0.05,0.16,0.0,0.32,-8840.9658203125
1173,0.05,0.16,0.0,0.33,-9084.5966796875
1174,0.05,0.16,0.0,0.34,-inf
1175,0.05,0.16,0.0,0.35,-8869.892578125
1176,0.05,0.16,0.0,0.36,-9137.255859375
1177,0.05,0.16,0.0,0.37,-8846.609375
1178,0.05,0.16,0.0,0.38,-9087.6435546875
1179,0.05,0.16,0.0,0.39,-8174.67041015625
1180,0.05,0.16,0.0,0.4,-8579.5546875
1181,0.05,0.16,0.0,0.41,-9137.2607421875
1182,0.05,0.16,0.0,0.42,-inf
1183,0.05,0.16,0.0,0.43,-9108.9521484375
1184,0.05,0.16,0.0,0.44,-9363.87890625
1185,0.05,0.16,0.0,0.45,-inf
1186,0.05,0.16,0.0,0.46,-inf
1187,0.05,0.16,0.0,0.47,-9365.044921875
1188,0.05,0.16,0.0,0.48,-9146.96484375
1189,0.05,0.16,0.0,0.49,-9269.8896484375
1190,0.05,0.16,0.0,0.5,-9343.0029296875
1191,0.05,0.16,0.0,0.51,-9382.86328125
1192,0.05,0.16,0.0,0.52,-9273.166015625
1193,0.05,0.16,0.0,0.53,-9254.857421875
1194,0.05,0.16,0.0,0.54,-inf
1195,0.05,0.16,0.0,0.55,-9261.8955078125
1196,0.05,0.16,0.0,0.56,-8840.240234375
1197,0.05,0.16,0.0,0.57,-8867.9375
1198,0.05,0.16,0.0,0.58,-inf
1199,0.05,0.16,0.0,0.59,-9382.6689453125
1200,0.05,0.16,0.0,0.6,-9104.251953125
1201,0.05,0.16,0.0,0.61,-9484.525390625
1202,0.05,0.16,0.0,0.62,-9228.830078125
1203,0.05,0.16,0.0,0.63,-9458.921875
1204,0.05,0.16,0.0,0.64,-8802.0703125
1205,0.05,0.16,0.0,0.65,-9366.294921875
1206,0.05,0.16,0.0,0.66,-9382.16796875
1207,0.05,0.16,0.0,0.67,-9064.4365234375
1208,0.05,0.16,0.0,0.68,-8706.0078125
1209,0.05,0.16,0.0,0.69,-9096.7265625
1210,0.05,0.16,0.0,0.7,-9515.1552734375
1211,0.05,0.16,0.0,0.71,-9151.421875
1212,0.05,0.16,0.0,0.72,-8827.666015625
1213,0.05,0.16,0.0,0.73,-9295.2392578125
1214,0.05,0.16,0.0,0.74,-9271.1953125
1215,0.05,0.16,0.0,0.75,-9486.0712890625
1216,0.05,0.17,0.0,0.0,-9815.771484375
1217,0.05,0.17,0.0,0.01,-8490.4482421875
1218,0.05,0.17,0.0,0.02,-8567.744140625
1219,0.05,0.17,0.0,0.03,-8220.37890625
1220,0.05,0.17,0.0,0.04,-8260.056640625
1221,0.05,0.17,0.0,0.05,-7931.99169921875
1222,0.05,0.17,0.0,0.06,-8281.623046875
1223,0.05,0.17,0.0,0.07,-8376.720703125
1224,0.05,0.17,0.0,0.08,-7820.94140625
1225,0.05,0.17,0.0,0.09,-8219.10546875
1226,0.05,0.17,0.0,0.1,-7737.40576171875
1227,0.05,0.17,0.0,0.11,-8570.77734375
1228,0.05,0.17,0.0,0.12,-8252.021484375
1229,0.05,0.17,0.0,0.13,-8184.04150390625
1230,0.05,0.17,0.0,0.14,-8286.658203125
1231,0.05,0.17,0.0,0.15,-8373.0732421875
1232,0.05,0.17,0.0,0.16,-8290.6259765625
1233,0.05,0.17,0.0,0.17,-7920.75
1234,0.05,0.17,0.0,0.18,-8089.2568359375
1235,0.05,0.17,0.0,0.19,-8866.3359375
1236,0.05,0.17,0.0,0.2,-8554.8935546875
1237,0.05,0.17,0.0,0.21,-8263.9775390625
1238,0.05,0.17,0.0,0.22,-7831.56201171875
1239,0.05,0.17,0.0,0.23,-8515.9267578125
1240,0.05,0.17,0.0,0.24,-8007.6787109375
1241,0.05,0.17,0.0,0.25,-8643.033203125
1242,0.05,0.17,0.0,0.26,-8452.86328125
1243,0.05,0.17,0.0,0.27,-8533.7626953125
1244,0.05,0.17,0.0,0.28,-8307.919921875
1245,0.05,0.17,0.0,0.29,-8571.7470703125
1246,0.05,0.17,0.0,0.3,-7602.7978515625
1247,0.05,0.17,0.0,0.31,-8564.5400390625
1248,0.05,0.17,0.0,0.32,-8680.69921875
1249,0.05,0.17,0.0,0.33,-8769.6923828125
1250,0.05,0.17,0.0,0.34,-8624.0458984375
1251,0.05,0.17,0.0,0.35,-8138.83837890625
1252,0.05,0.17,0.0,0.36,-8558.9033203125
1253,0.05,0.17,0.0,0.37,-8195.896484375
1254,0.05,0.17,0.0,0.38,-8245.634765625
1255,0.05,0.17,0.0,0.39,-8549.7568359375
1256,0.05,0.17,0.0,0.4,-8365.5419921875
1257,0.05,0.17,0.0,0.41,-8307.36328125
1258,0.05,0.17,0.0,0.42,-8056.904296875
1259,0.05,0.17,0.0,0.43,-8606.72265625
1260,0.05,0.17,0.0,0.44,-8187.275390625
1261,0.05,0.17,0.0,0.45,-8417.2431640625
1262,0.05,0.17,0.0,0.46,-8120.58251953125
1263,0.05,0.17,0.0,0.47,-8320.6767578125
1264,0.05,0.17,0.0,0.48,-8094.939453125
1265,0.05,0.17,0.0,0.49,-8005.21630859375
1266,0.05,0.17,0.0,0.5,-8528.0537109375
1267,0.05,0.17,0.0,0.51,-8526.4345703125
1268,0.05,0.17,0.0,0.52,-8540.5
1269,0.05,0.17,0.0,0.53,-8554.19921875
1270,0.05,0.17,0.0,0.54,-8545.5849609375
1271,0.05,0.17,0.0,0.55,-8335.3427734375
1272,0.05,0.17,0.0,0.56,-8333.990234375
1273,0.05,0.17,0.0,0.57,-8235.64453125
1274,0.05,0.17,0.0,0.58,-8912.2783203125
1275,0.05,0.17,0.0,0.59,-8385.6767578125
1276,0.05,0.17,0.0,0.6,-8587.517578125
1277,0.05,0.17,0.0,0.61,-8713.7646484375
1278,0.05,0.17,0.0,0.62,-8431.14453125
1279,0.05,0.17,0.0,0.63,-8041.9326171875
1280,0.05,0.17,0.0,0.64,-8388.609375
1281,0.05,0.17,0.0,0.65,-8478.5263671875
1282,0.05,0.17,0.0,0.66,-8282.984375
1283,0.05,0.17,0.0,0.67,-8572.9765625
1284,0.05,0.17,0.0,0.68,-8470.04296875
1285,0.05,0.17,0.0,0.69,-8188.9560546875
1286,0.05,0.17,0.0,0.7,-8398.4765625
1287,0.05,0.17,0.0,0.71,-8501.92578125
1288,0.05,0.17,0.0,0.72,-8428.376953125
1289,0.05,0.17,0.0,0.73,-8585.8583984375
1290,0.05,0.17,0.0,0.74,-8601.8564453125
1291,0.05,0.17,0.0,0.75,-8441.46875
1292,0.05,0.18,0.0,0.0,-9432.8046875
1293,0.05,0.18,0.0,0.01,-7814.8330078125
1294,0.05,0.18,0.0,0.02,-7696.60595703125
1295,0.05,0.18,0.0,0.03,-7863.21875
1296,0.05,0.18,0.0,0.04,-7614.0654296875
1297,0.05,0.18,0.0,0.05,-7666.3984375
1298,0.05,0.18,0.0,0.06,-7437.375
1299,0.05,0.18,0.0,0.07,-7593.423828125
1300,0.05,0.18,0.0,0.08,-7833.64306640625
1301,0.05,0.18,0.0,0.09,-7839.65234375
1302,0.05,0.18,0.0,0.1,-7595.798828125
1303,0.05,0.18,0.0,0.11,-7769.88623046875
1304,0.05,0.18,0.0,0.12,-7456.55615234375
1305,0.05,0.18,0.0,0.13,-7955.76513671875
1306,0.05,0.18,0.0,0.14,-7673.3134765625
1307,0.05,0.18,0.0,0.15,-8002.84326171875
1308,0.05,0.18,0.0,0.16,-7617.482421875
1309,0.05,0.18,0.0,0.17,-7889.61669921875
1310,0.05,0.18,0.0,0.18,-6903.09765625
1311,0.05,0.18,0.0,0.19,-8251.984375
1312,0.05,0.18,0.0,0.2,-7737.833984375
1313,0.05,0.18,0.0,0.21,-7759.5546875
1314,0.05,0.18,0.0,0.22,-8017.9619140625
1315,0.05,0.18,0.0,0.23,-7752.5517578125
1316,0.05,0.18,0.0,0.24,-7910.8583984375
1317,0.05,0.18,0.0,0.25,-7975.43310546875
1318,0.05,0.18,0.0,0.26,-7679.86083984375
1319,0.05,0.18,0.0,0.27,-7864.556640625
1320,0.05,0.18,0.0,0.28,-8054.8046875
1321,0.05,0.18,0.0,0.29,-8119.7685546875
1322,0.05,0.18,0.0,0.3,-7686.59130859375
1323,0.05,0.18,0.0,0.31,-7966.15771484375
1324,0.05,0.18,0.0,0.32,-8132.76708984375
1325,0.05,0.18,0.0,0.33,-8004.0283203125
1326,0.05,0.18,0.0,0.34,-7832.7255859375
1327,0.05,0.18,0.0,0.35,-8041.6064453125
1328,0.05,0.18,0.0,0.36,-7828.16162109375
1329,0.05,0.18,0.0,0.37,-7917.12548828125
1330,0.05,0.18,0.0,0.38,-7499.0615234375
1331,0.05,0.18,0.0,0.39,-7998.125
1332,0.05,0.18,0.0,0.4,-7945.01953125
1333,0.05,0.18,0.0,0.41,-7870.8798828125
1334,0.05,0.18,0.0,0.42,-7845.53662109375
1335,0.05,0.18,0.0,0.43,-7295.919921875
1336,0.05,0.18,0.0,0.44,-8171.3310546875
1337,0.05,0.18,0.0,0.45,-7609.13916015625
1338,0.05,0.18,0.0,0.46,-8078.2392578125
1339,0.05,0.18,0.0,0.47,-7601.927734375
1340,0.05,0.18,0.0,0.48,-7697.33154296875
1341,0.05,0.18,0.0,0.49,-7945.0517578125
1342,0.05,0.18,0.0,0.5,-7849.75048828125
1343,0.05,0.18,0.0,0.51,-7855.6103515625
1344,0.05,0.18,0.0,0.52,-7996.39208984375
1345,0.05,0.18,0.0,0.53,-7724.4365234375
1346,0.05,0.18,0.0,0.54,-8190.65869140625
1347,0.05,0.18,0.0,0.55,-8284.3330078125
1348,0.05,0.18,0.0,0.56,-8005.7021484375
1349,0.05,0.18,0.0,0.57,-8310.4287109375
1350,0.05,0.18,0.0,0.58,-7963.7353515625
1351,0.05,0.18,0.0,0.59,-8143.00830078125
1352,0.05,0.18,0.0,0.6,-7467.51611328125
1353,0.05,0.18,0.0,0.61,-7912.474609375
1354,0.05,0.18,0.0,0.62,-7865.07080078125
1355,0.05,0.18,0.0,0.63,-8046.455078125
1356,0.05,0.18,0.0,0.64,-7907.07275390625
1357,0.05,0.18,0.0,0.65,-8395.25
1358,0.05,0.18,0.0,0.66,-7650.98876953125
1359,0.05,0.18,0.0,0.67,-8113.365234375
1360,0.05,0.18,0.0,0.68,-7715.5859375
1361,0.05,0.18,0.0,0.69,-7886.96337890625
1362,0.05,0.18,0.0,0.7,-7966.64697265625
1363,0.05,0.18,0.0,0.71,-8071.28955078125
1364,0.05,0.18,0.0,0.72,-7828.27978515625
1365,0.05,0.18,0.0,0.73,-7990.400390625
1366,0.05,0.18,0.0,0.74,-7561.5029296875
1367,0.05,0.18,0.0,0.75,-8217.9599609375
1368,0.05,0.19,0.0,0.0,-8509.2978515625
1369,0.05,0.19,0.0,0.01,-7213.26953125
1370,0.05,0.19,0.0,0.02,-7114.95361328125
1371,0.05,0.19,0.0,0.03,-7496.3681640625
1372,0.05,0.19,0.0,0.04,-7569.974609375
1373,0.05,0.19,0.0,0.05,-6863.7783203125
1374,0.05,0.19,0.0,0.06,-7373.9296875
1375,0.05,0.19,0.0,0.07,-7480.4423828125
1376,0.05,0.19,0.0,0.08,-7194.26025390625
1377,0.05,0.19,0.0,0.09,-7318.86328125
1378,0.05,0.19,0.0,0.1,-7350.9423828125
1379,0.05,0.19,0.0,0.11,-7037.51953125
1380,0.05,0.19,0.0,0.12,-7665.28466796875
1381,0.05,0.19,0.0,0.13,-6847.66455078125
1382,0.05,0.19,0.0,0.14,-7364.67529296875
1383,0.05,0.19,0.0,0.15,-7254.9951171875
1384,0.05,0.19,0.0,0.16,-6888.77783203125
1385,0.05,0.19,0.0,0.17,-7476.013671875
1386,0.05,0.19,0.0,0.18,-6788.35205078125
1387,0.05,0.19,0.0,0.19,-6803.1494140625
1388,0.05,0.19,0.0,0.2,-7534.681640625
1389,0.05,0.19,0.0,0.21,-7361.8193359375
1390,0.05,0.19,0.0,0.22,-7450.37060546875
1391,0.05,0.19,0.0,0.23,-7539.6015625
1392,0.05,0.19,0.0,0.24,-7179.35107421875
1393,0.05,0.19,0.0,0.25,-7266.9443359375
1394,0.05,0.19,0.0,0.26,-6921.18017578125
1395,0.05,0.19,0.0,0.27,-7022.47509765625
1396,0.05,0.19,0.0,0.28,-7428.4599609375
1397,0.05,0.19,0.0,0.29,-7231.7646484375
1398,0.05,0.19,0.0,0.3,-7353.79541015625
1399,0.05,0.19,0.0,0.31,-7033.9677734375
1400,0.05,0.19,0.0,0.32,-6804.9208984375
1401,0.05,0.19,0.0,0.33,-7444.8076171875
1402,0.05,0.19,0.0,0.34,-7368.10546875
1403,0.05,0.19,0.0,0.35,-7439.84375
1404,0.05,0.19,0.0,0.36,-7263.58203125
1405,0.05,0.19,0.0,0.37,-7533.53662109375
1406,0.05,0.19,0.0,0.38,-7302.1416015625
1407,0.05,0.19,0.0,0.39,-7036.3486328125
1408,0.05,0.19,0.0,0.4,-7564.9765625
1409,0.05,0.19,0.0,0.41,-7359.951171875
1410,0.05,0.19,0.0,0.42,-6973.93115234375
1411,0.05,0.19,0.0,0.43,-7057.09033203125
1412,0.05,0.19,0.0,0.44,-7434.53173828125
1413,0.05,0.19,0.0,0.45,-7097.48193359375
1414,0.05,0.19,0.0,0.46,-7293.30908203125
1415,0.05,0.19,0.0,0.47,-7598.52197265625
1416,0.05,0.19,0.0,0.48,-7493.1884765625
1417,0.05,0.19,0.0,0.49,-6902.60986328125
1418,0.05,0.19,0.0,0.5,-7543.72265625
1419,0.05,0.19,0.0,0.51,-7420.50390625
1420,0.05,0.19,0.0,0.52,-7300.90234375
1421,0.05,0.19,0.0,0.53,-7174.8017578125
1422,0.05,0.19,0.0,0.54,-7268.7392578125
1423,0.05,0.19,0.0,0.55,-7354.19140625
1424,0.05,0.19,0.0,0.56,-7337.3544921875
1425,0.05,0.19,0.0,0.57,-7591.5693359375
1426,0.05,0.19,0.0,0.58,-7418.5986328125
1427,0.05,0.19,0.0,0.59,-6986.9033203125
1428,0.05,0.19,0.0,0.6,-7130.54833984375
1429,0.05,0.19,0.0,0.61,-7062.4111328125
1430,0.05,0.19,0.0,0.62,-7261.05615234375
1431,0.05,0.19,0.0,0.63,-7393.7822265625
1432,0.05,0.19,0.0,0.64,-6938.32275390625
1433,0.05,0.19,0.0,0.65,-7468.4794921875
1434,0.05,0.19,0.0,0.66,-7123.9912109375
1435,0.05,0.19,0.0,0.67,-7421.966796875
1436,0.05,0.19,0.0,0.68,-7123.38330078125
1437,0.05,0.19,0.0,0.69,-7418.5390625
1438,0.05,0.19,0.0,0.7,-7439.919921875
1439,0.05,0.19,0.0,0.71,-7491.86181640625
1440,0.05,0.19,0.0,0.72,-7460.27734375
1441,0.05,0.19,0.0,0.73,-7260.7578125
1442,0.05,0.19,0.0,0.74,-7548.013671875
1443,0.05,0.19,0.0,0.75,-6930.04638671875
1444,0.05,0.2,0.0,0.0,-8281.4443359375
1445,0.05,0.2,0.0,0.01,-6961.474609375
1446,0.05,0.2,0.0,0.02,-7053.71533203125
1447,0.05,0.2,0.0,0.03,-6895.79736328125
1448,0.05,0.2,0.0,0.04,-6898.1494140625
1449,0.05,0.2,0.0,0.05,-6682.07666015625
1450,0.05,0.2,0.0,0.06,-6945.1552734375
1451,0.05,0.2,0.0,0.07,-6646.51953125
1452,0.05,0.2,0.0,0.08,-6757.8935546875
1453,0.05,0.2,0.0,0.09,-6950.5947265625
1454,0.05,0.2,0.0,0.1,-6782.45556640625
1455,0.05,0.2,0.0,0.11,-6520.7978515625
1456,0.05,0.2,0.0,0.12,-6777.57080078125
1457,0.05,0.2,0.0,0.13,-6793.7939453125
1458,0.05,0.2,0.0,0.14,-6658.31884765625
1459,0.05,0.2,0.0,0.15,-6796.33642578125
1460,0.05,0.2,0.0,0.16,-6703.61474609375
1461,0.05,0.2,0.0,0.17,-6586.359375
1462,0.05,0.2,0.0,0.18,-6689.92138671875
1463,0.05,0.2,0.0,0.19,-6596.76953125
1464,0.05,0.2,0.0,0.2,-6522.19970703125
1465,0.05,0.2,0.0,0.21,-6891.7529296875
1466,0.05,0.2,0.0,0.22,-6849.72802734375
1467,0.05,0.2,0.0,0.23,-6837.6455078125
1468,0.05,0.2,0.0,0.24,-6637.12451171875
1469,0.05,0.2,0.0,0.25,-6473.58544921875
1470,0.05,0.2,0.0,0.26,-6815.86181640625
1471,0.05,0.2,0.0,0.27,-6453.25341796875
1472,0.05,0.2,0.0,0.28,-6190.625
1473,0.05,0.2,0.0,0.29,-7085.6572265625
1474,0.05,0.2,0.0,0.3,-6770.23828125
1475,0.05,0.2,0.0,0.31,-6439.3681640625
1476,0.05,0.2,0.0,0.32,-6765.83203125
1477,0.05,0.2,0.0,0.33,-6586.0439453125
1478,0.05,0.2,0.0,0.34,-6899.44482421875
1479,0.05,0.2,0.0,0.35,-6719.1142578125
1480,0.05,0.2,0.0,0.36,-6677.85498046875
1481,0.05,0.2,0.0,0.37,-6587.9033203125
1482,0.05,0.2,0.0,0.38,-6701.1025390625
1483,0.05,0.2,0.0,0.39,-6948.18408203125
1484,0.05,0.2,0.0,0.4,-6866.45166015625
1485,0.05,0.2,0.0,0.41,-6776.76416015625
1486,0.05,0.2,0.0,0.42,-6812.38037109375
1487,0.05,0.2,0.0,0.43,-7030.6171875
1488,0.05,0.2,0.0,0.44,-6881.0634765625
1489,0.05,0.2,0.0,0.45,-6897.4521484375
1490,0.05,0.2,0.0,0.46,-6729.6826171875
1491,0.05,0.2,0.0,0.47,-6818.037109375
1492,0.05,0.2,0.0,0.48,-6588.244140625
1493,0.05,0.2,0.0,0.49,-6872.93359375
1494,0.05,0.2,0.0,0.5,-7034.09228515625
1495,0.05,0.2,0.0,0.51,-7103.763671875
1496,0.05,0.2,0.0,0.52,-6597.63623046875
1497,0.05,0.2,0.0,0.53,-6800.544921875
1498,0.05,0.2,0.0,0.54,-7028.45751953125
1499,0.05,0.2,0.0,0.55,-6705.40234375
1500,0.05,0.2,0.0,0.56,-6976.09521484375
1501,0.05,0.2,0.0,0.57,-7027.66259765625
1502,0.05,0.2,0.0,0.58,-6767.46240234375
1503,0.05,0.2,0.0,0.59,-6806.73876953125
1504,0.05,0.2,0.0,0.6,-6717.2890625
1505,0.05,0.2,0.0,0.61,-6801.78076171875
1506,0.05,0.2,0.0,0.62,-6747.7734375
1507,0.05,0.2,0.0,0.63,-7039.4306640625
1508,0.05,0.2,0.0,0.64,-6647.55322265625
1509,0.05,0.2,0.0,0.65,-7167.076171875
1510,0.05,0.2,0.0,0.66,-6504.96826171875
1511,0.05,0.2,0.0,0.67,-7111.2900390625
1512,0.05,0.2,0.0,0.68,-6991.67919921875
1513,0.05,0.2,0.0,0.69,-7010.26708984375
1514,0.05,0.2,0.0,0.7,-6996.5576171875
1515,0.05,0.2,0.0,0.71,-7077.19091796875
1516,0.05,0.2,0.0,0.72,-6984.22607421875
1517,0.05,0.2,0.0,0.73,-6964.45166015625
1518,0.05,0.2,0.0,0.74,-7215.1669921875
1519,0.05,0.2,0.0,0.75,-6891.86279296875
1520,0.05,0.21,0.0,0.0,-7896.916015625
1521,0.05,0.21,0.0,0.01,-5987.39306640625
1522,0.05,0.21,0.0,0.02,-6415.9765625
1523,0.05,0.21,0.0,0.03,-6460.646484375
1524,0.05,0.21,0.0,0.04,-6151.56396484375
1525,0.05,0.21,0.0,0.05,-5950.1279296875
1526,0.05,0.21,0.0,0.06,-6435.2373046875
1527,0.05,0.21,0.0,0.07,-6235.01318359375
1528,0.05,0.21,0.0,0.08,-5946.9130859375
1529,0.05,0.21,0.0,0.09,-6135.45068359375
1530,0.05,0.21,0.0,0.1,-6277.6884765625
1531,0.05,0.21,0.0,0.11,-5978.06396484375
1532,0.05,0.21,0.0,0.12,-6330.1162109375
1533,0.05,0.21,0.0,0.13,-6498.33056640625
1534,0.05,0.21,0.0,0.14,-6235.19970703125
1535,0.05,0.21,0.0,0.15,-6240.88818359375
1536,0.05,0.21,0.0,0.16,-6537.783203125
1537,0.05,0.21,0.0,0.17,-6413.6826171875
1538,0.05,0.21,0.0,0.18,-5782.892578125
1539,0.05,0.21,0.0,0.19,-6023.6630859375
1540,0.05,0.21,0.0,0.2,-6159.58056640625
1541,0.05,0.21,0.0,0.21,-6022.60546875
1542,0.05,0.21,0.0,0.22,-6261.16162109375
1543,0.05,0.21,0.0,0.23,-6379.345703125
1544,0.05,0.21,0.0,0.24,-6055.34814453125
1545,0.05,0.21,0.0,0.25,-5754.931640625
1546,0.05,0.21,0.0,0.26,-5647.5078125
1547,0.05,0.21,0.0,0.27,-6295.61767578125
1548,0.05,0.21,0.0,0.28,-6100.8193359375
1549,0.05,0.21,0.0,0.29,-6395.52978515625
1550,0.05,0.21,0.0,0.3,-6048.7431640625
1551,0.05,0.21,0.0,0.31,-6521.47412109375
1552,0.05,0.21,0.0,0.32,-6474.18115234375
1553,0.05,0.21,0.0,0.33,-6256.7939453125
1554,0.05,0.21,0.0,0.34,-6549.37548828125
1555,0.05,0.21,0.0,0.35,-6368.912109375
1556,0.05,0.21,0.0,0.36,-6490.09033203125
1557,0.05,0.21,0.0,0.37,-6460.08740234375
1558,0.05,0.21,0.0,0.38,-6209.00537109375
1559,0.05,0.21,0.0,0.39,-6568.125
1560,0.05,0.21,0.0,0.4,-6322.30224609375
1561,0.05,0.21,0.0,0.41,-6422.58837890625
1562,0.05,0.21,0.0,0.42,-6408.21337890625
1563,0.05,0.21,0.0,0.43,-6362.75634765625
1564,0.05,0.21,0.0,0.44,-6198.0029296875
1565,0.05,0.21,0.0,0.45,-6238.6298828125
1566,0.05,0.21,0.0,0.46,-5733.0341796875
1567,0.05,0.21,0.0,0.47,-6227.767578125
1568,0.05,0.21,0.0,0.48,-6339.2998046875
1569,0.05,0.21,0.0,0.49,-6350.6611328125
1570,0.05,0.21,0.0,0.5,-6340.09619140625
1571,0.05,0.21,0.0,0.51,-6288.92626953125
1572,0.05,0.21,0.0,0.52,-6518.57666015625
1573,0.05,0.21,0.0,0.53,-6283.794921875
1574,0.05,0.21,0.0,0.54,-6212.9140625
1575,0.05,0.21,0.0,0.55,-6454.322265625
1576,0.05,0.21,0.0,0.56,-6160.6572265625
1577,0.05,0.21,0.0,0.57,-6533.82470703125
1578,0.05,0.21,0.0,0.58,-5950.9326171875
1579,0.05,0.21,0.0,0.59,-6616.44873046875
1580,0.05,0.21,0.0,0.6,-6127.26904296875
1581,0.05,0.21,0.0,0.61,-6518.6494140625
1582,0.05,0.21,0.0,0.62,-6573.029296875
1583,0.05,0.21,0.0,0.63,-6227.07275390625
1584,0.05,0.21,0.0,0.64,-6505.794921875
1585,0.05,0.21,0.0,0.65,-6239.1669921875
1586,0.05,0.21,0.0,0.66,-6645.04833984375
1587,0.05,0.21,0.0,0.67,-6565.70068359375
1588,0.05,0.21,0.0,0.68,-6395.076171875
1589,0.05,0.21,0.0,0.69,-6827.134765625
1590,0.05,0.21,0.0,0.7,-6309.73828125
1591,0.05,0.21,0.0,0.71,-6527.38037109375
1592,0.05,0.21,0.0,0.72,-6613.80029296875
1593,0.05,0.21,0.0,0.73,-6247.0048828125
1594,0.05,0.21,0.0,0.74,-6045.2978515625
1595,0.05,0.21,0.0,0.75,-6642.4873046875
1596,0.05,0.22,0.0,0.0,-7788.2080078125
1597,0.05,0.22,0.0,0.01,-6075.25
1598,0.05,0.22,0.0,0.02,-5819.3955078125
1599,0.05,0.22,0.0,0.03,-5716.09033203125
1600,0.05,0.22,0.0,0.04,-5646.20654296875
1601,0.05,0.22,0.0,0.05,-5572.97021484375
1602,0.05,0.22,0.0,0.06,-6016.28369140625
1603,0.05,0.22,0.0,0.07,-5938.9521484375
1604,0.05,0.22,0.0,0.08,-5536.7763671875
1605,0.05,0.22,0.0,0.09,-5912.984375
1606,0.05,0.22,0.0,0.1,-5426.37939453125
1607,0.05,0.22,0.0,0.11,-6013.9765625
1608,0.05,0.22,0.0,0.12,-5932.1142578125
1609,0.05,0.22,0.0,0.13,-5689.9365234375
1610,0.05,0.22,0.0,0.14,-5456.39794921875
1611,0.05,0.22,0.0,0.15,-5870.37939453125
1612,0.05,0.22,0.0,0.16,-5468.72900390625
1613,0.05,0.22,0.0,0.17,-5983.65673828125
1614,0.05,0.22,0.0,0.18,-5628.2412109375
1615,0.05,0.22,0.0,0.19,-5989.26611328125
1616,0.05,0.22,0.0,0.2,-6002.27734375
1617,0.05,0.22,0.0,0.21,-5851.35888671875
1618,0.05,0.22,0.0,0.22,-5554.6748046875
1619,0.05,0.22,0.0,0.23,-6110.88720703125
1620,0.05,0.22,0.0,0.24,-6093.83984375
1621,0.05,0.22,0.0,0.25,-5936.55224609375
1622,0.05,0.22,0.0,0.26,-5900.90234375
1623,0.05,0.22,0.0,0.27,-5880.9794921875
1624,0.05,0.22,0.0,0.28,-5954.22509765625
1625,0.05,0.22,0.0,0.29,-6029.5205078125
1626,0.05,0.22,0.0,0.3,-6015.13720703125
1627,0.05,0.22,0.0,0.31,-6089.92822265625
1628,0.05,0.22,0.0,0.32,-5663.8681640625
1629,0.05,0.22,0.0,0.33,-5812.92724609375
1630,0.05,0.22,0.0,0.34,-5700.63671875
1631,0.05,0.22,0.0,0.35,-5743.88330078125
1632,0.05,0.22,0.0,0.36,-5816.15380859375
1633,0.05,0.22,0.0,0.37,-5537.2978515625
1634,0.05,0.22,0.0,0.38,-6091.126953125
1635,0.05,0.22,0.0,0.39,-5448.87353515625
1636,0.05,0.22,0.0,0.4,-6067.6064453125
1637,0.05,0.22,0.0,0.41,-6022.0546875
1638,0.05,0.22,0.0,0.42,-5979.6279296875
1639,0.05,0.22,0.0,0.43,-5363.1552734375
1640,0.05,0.22,0.0,0.44,-6137.46728515625
1641,0.05,0.22,0.0,0.45,-5859.6162109375
1642,0.05,0.22,0.0,0.46,-5838.732421875
1643,0.05,0.22,0.0,0.47,-5976.93505859375
1644,0.05,0.22,0.0,0.48,-6251.115234375
1645,0.05,0.22,0.0,0.49,-5804.025390625
1646,0.05,0.22,0.0,0.5,-5833.88134765625
1647,0.05,0.22,0.0,0.51,-5500.6328125
1648,0.05,0.22,0.0,0.52,-6173.44970703125
1649,0.05,0.22,0.0,0.53,-6003.15380859375
1650,0.05,0.22,0.0,0.54,-6183.8369140625
1651,0.05,0.22,0.0,0.55,-5892.1318359375
1652,0.05,0.22,0.0,0.56,-5963.10986328125
1653,0.05,0.22,0.0,0.57,-6091.1474609375
1654,0.05,0.22,0.0,0.58,-5630.36376953125
1655,0.05,0.22,0.0,0.59,-6237.84765625
1656,0.05,0.22,0.0,0.6,-6155.79931640625
1657,0.05,0.22,0.0,0.61,-5990.7158203125
1658,0.05,0.22,0.0,0.62,-5957.501953125
1659,0.05,0.22,0.0,0.63,-5921.5400390625
1660,0.05,0.22,0.0,0.64,-5705.88232421875
1661,0.05,0.22,0.0,0.65,-6130.3896484375
1662,0.05,0.22,0.0,0.66,-6029.3544921875
1663,0.05,0.22,0.0,0.67,-6056.64794921875
1664,0.05,0.22,0.0,0.68,-6110.33544921875
1665,0.05,0.22,0.0,0.69,-6035.10498046875
1666,0.05,0.22,0.0,0.7,-6095.9765625
1667,0.05,0.22,0.0,0.71,-5857.22412109375
1668,0.05,0.22,0.0,0.72,-6273.60107421875
1669,0.05,0.22,0.0,0.73,-6143.5185546875
1670,0.05,0.22,0.0,0.74,-5900.89208984375
1671,0.05,0.22,0.0,0.75,-5913.34326171875
1672,0.05,0.23,0.0,0.0,-7058.583984375
1673,0.05,0.23,0.0,0.01,-5603.853515625
1674,0.05,0.23,0.0,0.02,-5645.67333984375
1675,0.05,0.23,0.0,0.03,-5498.11572265625
1676,0.05,0.23,0.0,0.04,-5245.83154296875
1677,0.05,0.23,0.0,0.05,-5115.1513671875
1678,0.05,0.23,0.0,0.06,-5597.82421875
1679,0.05,0.23,0.0,0.07,-5562.48486328125
1680,0.05,0.23,0.0,0.08,-5484.02294921875
1681,0.05,0.23,0.0,0.09,-5579.5625
1682,0.05,0.23,0.0,0.1,-5177.97119140625
1683,0.05,0.23,0.0,0.11,-5539.89453125
1684,0.05,0.23,0.0,0.12,-5425.9765625
1685,0.05,0.23,0.0,0.13,-5273.78662109375
1686,0.05,0.23,0.0,0.14,-5127.58984375
1687,0.05,0.23,0.0,0.15,-5495.0078125
1688,0.05,0.23,0.0,0.16,-5495.8818359375
1689,0.05,0.23,0.0,0.17,-5587.0302734375
1690,0.05,0.23,0.0,0.18,-5658.71142578125
1691,0.05,0.23,0.0,0.19,-5049.07177734375
1692,0.05,0.23,0.0,0.2,-5585.58447265625
1693,0.05,0.23,0.0,0.21,-5699.7255859375
1694,0.05,0.23,0.0,0.22,-5438.240234375
1695,0.05,0.23,0.0,0.23,-5589.28515625
1696,0.05,0.23,0.0,0.24,-5278.37646484375
1697,0.05,0.23,0.0,0.25,-5685.70361328125
1698,0.05,0.23,0.0,0.26,-5003.35986328125
1699,0.05,0.23,0.0,0.27,-5451.6435546875
1700,0.05,0.23,0.0,0.28,-5452.02099609375
1701,0.05,0.23,0.0,0.29,-5289.97021484375
1702,0.05,0.23,0.0,0.3,-5336.66552734375
1703,0.05,0.23,0.0,0.31,-5490.11083984375
1704,0.05,0.23,0.0,0.32,-5622.73193359375
1705,0.05,0.23,0.0,0.33,-5457.66064453125
1706,0.05,0.23,0.0,0.34,-5245.8173828125
1707,0.05,0.23,0.0,0.35,-5377.3310546875
1708,0.05,0.23,0.0,0.36,-5346.833984375
1709,0.05,0.23,0.0,0.37,-5544.22119140625
1710,0.05,0.23,0.0,0.38,-5622.06298828125
1711,0.05,0.23,0.0,0.39,-5346.587890625
1712,0.05,0.23,0.0,0.4,-5503.3740234375
1713,0.05,0.23,0.0,0.41,-5506.9267578125
1714,0.05,0.23,0.0,0.42,-5832.89013671875
1715,0.05,0.23,0.0,0.43,-5261.25634765625
1716,0.05,0.23,0.0,0.44,-5622.34375
1717,0.05,0.23,0.0,0.45,-5736.03515625
1718,0.05,0.23,0.0,0.46,-5594.12451171875
1719,0.05,0.23,0.0,0.47,-5162.9453125
1720,0.05,0.23,0.0,0.48,-5459.583984375
1721,0.05,0.23,0.0,0.49,-5726.11865234375
1722,0.05,0.23,0.0,0.5,-5693.3212890625
1723,0.05,0.23,0.0,0.51,-4905.8046875
1724,0.05,0.23,0.0,0.52,-5764.99951171875
1725,0.05,0.23,0.0,0.53,-5778.6708984375
1726,0.05,0.23,0.0,0.54,-5723.9892578125
1727,0.05,0.23,0.0,0.55,-5512.0556640625
1728,0.05,0.23,0.0,0.56,-5591.7705078125
1729,0.05,0.23,0.0,0.57,-5565.716796875
1730,0.05,0.23,0.0,0.58,-5640.5517578125
1731,0.05,0.23,0.0,0.59,-5757.83544921875
1732,0.05,0.23,0.0,0.6,-5622.146484375
1733,0.05,0.23,0.0,0.61,-5721.82421875
1734,0.05,0.23,0.0,0.62,-5498.43310546875
1735,0.05,0.23,0.0,0.63,-5632.35107421875
1736,0.05,0.23,0.0,0.64,-5784.87451171875
1737,0.05,0.23,0.0,0.65,-5783.89404296875
1738,0.05,0.23,0.0,0.66,-5519.8193359375
1739,0.05,0.23,0.0,0.67,-5447.38134765625
1740,0.05,0.23,0.0,0.68,-5755.99462890625
1741,0.05,0.23,0.0,0.69,-5675.2333984375
1742,0.05,0.23,0.0,0.7,-5430.185546875
1743,0.05,0.23,0.0,0.71,-5579.05322265625
1744,0.05,0.23,0.0,0.72,-5953.412109375
1745,0.05,0.23,0.0,0.73,-5597.1318359375
1746,0.05,0.23,0.0,0.74,-5689.07373046875
1747,0.05,0.23,0.0,0.75,-5594.673828125
1748,0.05,0.24,0.0,0.0,-6832.029296875
1749,0.05,0.24,0.0,0.01,-5101.59130859375
1750,0.05,0.24,0.0,0.02,-5239.3095703125
1751,0.05,0.24,0.0,0.03,-5146.91357421875
1752,0.05,0.24,0.0,0.04,-5107.7568359375
1753,0.05,0.24,0.0,0.05,-5222.5712890625
1754,0.05,0.24,0.0,0.06,-5146.43017578125
1755,0.05,0.24,0.0,0.07,-5003.38525390625
1756,0.05,0.24,0.0,0.08,-4946.69921875
1757,0.05,0.24,0.0,0.09,-4972.98779296875
1758,0.05,0.24,0.0,0.1,-5038.71826171875
1759,0.05,0.24,0.0,0.11,-4687.36328125
1760,0.05,0.24,0.0,0.12,-4958.55126953125
1761,0.05,0.24,0.0,0.13,-5127.740234375
1762,0.05,0.24,0.0,0.14,-4756.21337890625
1763,0.05,0.24,0.0,0.15,-4442.1728515625
1764,0.05,0.24,0.0,0.16,-5267.20068359375
1765,0.05,0.24,0.0,0.17,-4951.236328125
1766,0.05,0.24,0.0,0.18,-4965.91845703125
1767,0.05,0.24,0.0,0.19,-5022.49560546875
1768,0.05,0.24,0.0,0.2,-4968.181640625
1769,0.05,0.24,0.0,0.21,-5047.32763671875
1770,0.05,0.24,0.0,0.22,-5160.5361328125
1771,0.05,0.24,0.0,0.23,-5287.54833984375
1772,0.05,0.24,0.0,0.24,-4997.95703125
1773,0.05,0.24,0.0,0.25,-5005.986328125
1774,0.05,0.24,0.0,0.26,-5126.849609375
1775,0.05,0.24,0.0,0.27,-5390.8095703125
1776,0.05,0.24,0.0,0.28,-5154.20751953125
1777,0.05,0.24,0.0,0.29,-5028.84326171875
1778,0.05,0.24,0.0,0.3,-5136.67822265625
1779,0.05,0.24,0.0,0.31,-5264.61474609375
1780,0.05,0.24,0.0,0.32,-5022.7900390625
1781,0.05,0.24,0.0,0.33,-5311.9072265625
1782,0.05,0.24,0.0,0.34,-4811.7802734375
1783,0.05,0.24,0.0,0.35,-5103.17333984375
1784,0.05,0.24,0.0,0.36,-5041.509765625
1785,0.05,0.24,0.0,0.37,-4935.61962890625
1786,0.05,0.24,0.0,0.38,-5272.16015625
1787,0.05,0.24,0.0,0.39,-5354.732421875
1788,0.05,0.24,0.0,0.4,-4970.15576171875
1789,0.05,0.24,0.0,0.41,-4910.39990234375
1790,0.05,0.24,0.0,0.42,-5140.1396484375
1791,0.05,0.24,0.0,0.43,-5375.6162109375
1792,0.05,0.24,0.0,0.44,-5376.27099609375
1793,0.05,0.24,0.0,0.45,-4900.0966796875
1794,0.05,0.24,0.0,0.46,-5092.31787109375
1795,0.05,0.24,0.0,0.47,-5055.8720703125
1796,0.05,0.24,0.0,0.48,-5027.77197265625
1797,0.05,0.24,0.0,0.49,-5305.44384765625
1798,0.05,0.24,0.0,0.5,-4878.619140625
1799,0.05,0.24,0.0,0.51,-5175.8349609375
1800,0.05,0.24,0.0,0.52,-4970.10888671875
1801,0.05,0.24,0.0,0.53,-5334.7431640625
1802,0.05,0.24,0.0,0.54,-5058.2783203125
1803,0.05,0.24,0.0,0.55,-5195.69287109375
1804,0.05,0.24,0.0,0.56,-5006.86767578125
1805,0.05,0.24,0.0,0.57,-5010.42626953125
1806,0.05,0.24,0.0,0.58,-5101.97412109375
1807,0.05,0.24,0.0,0.59,-4968.43408203125
1808,0.05,0.24,0.0,0.6,-4822.62158203125
1809,0.05,0.24,0.0,0.61,-5279.24169921875
1810,0.05,0.24,0.0,0.62,-5212.16943359375
1811,0.05,0.24,0.0,0.63,-5339.8115234375
1812,0.05,0.24,0.0,0.64,-5253.24609375
1813,0.05,0.24,0.0,0.65,-5150.7763671875
1814,0.05,0.24,0.0,0.66,-5321.50634765625
1815,0.05,0.24,0.0,0.67,-4999.7734375
1816,0.05,0.24,0.0,0.68,-5414.27294921875
1817,0.05,0.24,0.0,0.69,-5277.12548828125
1818,0.05,0.24,0.0,0.7,-4860.21826171875
1819,0.05,0.24,0.0,0.71,-5265.7666015625
1820,0.05,0.24,0.0,0.72,-5444.490234375
1821,0.05,0.24,0.0,0.73,-5498.318359375
1822,0.05,0.24,0.0,0.74,-5083.05078125
1823,0.05,0.24,0.0,0.75,-5253.3388671875
1824,0.05,0.25,0.0,0.0,-6442.4150390625
1825,0.05,0.25,0.0,0.01,-4942.017578125
1826,0.05,0.25,0.0,0.02,-4971.3720703125
1827,0.05,0.25,0.0,0.03,-4918.8173828125
1828,0.05,0.25,0.0,0.04,-4830.73046875
1829,0.05,0.25,0.0,0.05,-4884.0234375
1830,0.05,0.25,0.0,0.06,-4641.7646484375
1831,0.05,0.25,0.0,0.07,-4577.13134765625
1832,0.05,0.25,0.0,0.08,-4812.1357421875
1833,0.05,0.25,0.0,0.09,-4562.583984375
1834,0.05,0.25,0.0,0.1,-4730.74951171875
1835,0.05,0.25,0.0,0.11,-4654.60546875
1836,0.05,0.25,0.0,0.12,-4724.2783203125
1837,0.05,0.25,0.0,0.13,-4528.89404296875
1838,0.05,0.25,0.0,0.14,-4800.8466796875
1839,0.05,0.25,0.0,0.15,-4458.89208984375
1840,0.05,0.25,0.0,0.16,-4778.08154296875
1841,0.05,0.25,0.0,0.17,-4797.8330078125
1842,0.05,0.25,0.0,0.18,-5024.68798828125
1843,0.05,0.25,0.0,0.19,-4750.87060546875
1844,0.05,0.25,0.0,0.2,-4647.53271484375
1845,0.05,0.25,0.0,0.21,-4652.38525390625
1846,0.05,0.25,0.0,0.22,-4548.0048828125
1847,0.05,0.25,0.0,0.23,-4714.50244140625
1848,0.05,0.25,0.0,0.24,-4659.54248046875
1849,0.05,0.25,0.0,0.25,-4593.09326171875
1850,0.05,0.25,0.0,0.26,-4565.11474609375
1851,0.05,0.25,0.0,0.27,-4845.978515625
1852,0.05,0.25,0.0,0.28,-4761.20703125
1853,0.05,0.25,0.0,0.29,-4754.96240234375
1854,0.05,0.25,0.0,0.3,-4797.748046875
1855,0.05,0.25,0.0,0.31,-5043.57958984375
1856,0.05,0.25,0.0,0.32,-4560.0703125
1857,0.05,0.25,0.0,0.33,-4680.8115234375
1858,0.05,0.25,0.0,0.34,-4427.9658203125
1859,0.05,0.25,0.0,0.35,-4426.119140625
1860,0.05,0.25,0.0,0.36,-4626.005859375
1861,0.05,0.25,0.0,0.37,-4815.4580078125
1862,0.05,0.25,0.0,0.38,-4764.92041015625
1863,0.05,0.25,0.0,0.39,-4864.30859375
1864,0.05,0.25,0.0,0.4,-4937.00537109375
1865,0.05,0.25,0.0,0.41,-4874.24462890625
1866,0.05,0.25,0.0,0.42,-4895.8466796875
1867,0.05,0.25,0.0,0.43,-4982.99560546875
1868,0.05,0.25,0.0,0.44,-4965.3134765625
1869,0.05,0.25,0.0,0.45,-4725.39208984375
1870,0.05,0.25,0.0,0.46,-4818.5146484375
1871,0.05,0.25,0.0,0.47,-4886.43212890625
1872,0.05,0.25,0.0,0.48,-4828.37451171875
1873,0.05,0.25,0.0,0.49,-4756.34716796875
1874,0.05,0.25,0.0,0.5,-4691.13330078125
1875,0.05,0.25,0.0,0.51,-4977.1669921875
1876,0.05,0.25,0.0,0.52,-4997.310546875
1877,0.05,0.25,0.0,0.53,-4879.353515625
1878,0.05,0.25,0.0,0.54,-5038.220703125
1879,0.05,0.25,0.0,0.55,-4836.0263671875
1880,0.05,0.25,0.0,0.56,-5107.64111328125
1881,0.05,0.25,0.0,0.57,-4944.05615234375
1882,0.05,0.25,0.0,0.58,-4987.8740234375
1883,0.05,0.25,0.0,0.59,-4998.7587890625
1884,0.05,0.25,0.0,0.6,-5078.86083984375
1885,0.05,0.25,0.0,0.61,-4981.62841796875
1886,0.05,0.25,0.0,0.62,-4833.0234375
1887,0.05,0.25,0.0,0.63,-4626.62548828125
1888,0.05,0.25,0.0,0.64,-4247.91162109375
1889,0.05,0.25,0.0,0.65,-4899.88232421875
1890,0.05,0.25,0.0,0.66,-5106.58740234375
1891,0.05,0.25,0.0,0.67,-4940.3583984375
1892,0.05,0.25,0.0,0.68,-4799.58544921875
1893,0.05,0.25,0.0,0.69,-4722.77490234375
1894,0.05,0.25,0.0,0.7,-4908.5888671875
1895,0.05,0.25,0.0,0.71,-5164.296875
1896,0.05,0.25,0.0,0.72,-5070.529296875
1897,0.05,0.25,0.0,0.73,-4858.224609375
1898,0.05,0.25,0.0,0.74,-4883.48388671875
1899,0.05,0.25,0.0,0.75,-4981.26318359375
1900,0.05,0.26,0.0,0.0,-6161.2314453125
1901,0.05,0.26,0.0,0.01,-4806.64892578125
1902,0.05,0.26,0.0,0.02,-4509.36865234375
1903,0.05,0.26,0.0,0.03,-4183.21728515625
1904,0.05,0.26,0.0,0.04,-4551.3203125
1905,0.05,0.26,0.0,0.05,-4302.91064453125
1906,0.05,0.26,0.0,0.06,-4428.5947265625
1907,0.05,0.26,0.0,0.07,-4623.9990234375
1908,0.05,0.26,0.0,0.08,-4195.48486328125
1909,0.05,0.26,0.0,0.09,-4372.67041015625
1910,0.05,0.26,0.0,0.1,-4327.337890625
1911,0.05,0.26,0.0,0.11,-4526.279296875
1912,0.05,0.26,0.0,0.12,-4521.5498046875
1913,0.05,0.26,0.0,0.13,-4229.79931640625
1914,0.05,0.26,0.0,0.14,-4039.070068359375
1915,0.05,0.26,0.0,0.15,-4326.544921875
1916,0.05,0.26,0.0,0.16,-4413.02734375
1917,0.05,0.26,0.0,0.17,-4433.49755859375
1918,0.05,0.26,0.0,0.18,-4166.609375
1919,0.05,0.26,0.0,0.19,-4477.509765625
1920,0.05,0.26,0.0,0.2,-4367.61669921875
1921,0.05,0.26,0.0,0.21,-4446.28515625
1922,0.05,0.26,0.0,0.22,-4532.45361328125
1923,0.05,0.26,0.0,0.23,-4385.17919921875
1924,0.05,0.26,0.0,0.24,-4448.50634765625
1925,0.05,0.26,0.0,0.25,-4341.498046875
1926,0.05,0.26,0.0,0.26,-4296.6455078125
1927,0.05,0.26,0.0,0.27,-4500.73388671875
1928,0.05,0.26,0.0,0.28,-4283.77587890625
1929,0.05,0.26,0.0,0.29,-3731.250732421875
1930,0.05,0.26,0.0,0.3,-4509.326171875
1931,0.05,0.26,0.0,0.31,-4363.47314453125
1932,0.05,0.26,0.0,0.32,-4212.5185546875
1933,0.05,0.26,0.0,0.33,-3962.033203125
1934,0.05,0.26,0.0,0.34,-4293.49267578125
1935,0.05,0.26,0.0,0.35,-3919.443359375
1936,0.05,0.26,0.0,0.36,-4366.16650390625
1937,0.05,0.26,0.0,0.37,-4490.9658203125
1938,0.05,0.26,0.0,0.38,-4463.72607421875
1939,0.05,0.26,0.0,0.39,-4334.6904296875
1940,0.05,0.26,0.0,0.4,-4423.46826171875
1941,0.05,0.26,0.0,0.41,-4402.908203125
1942,0.05,0.26,0.0,0.42,-4327.8203125
1943,0.05,0.26,0.0,0.43,-3891.74267578125
1944,0.05,0.26,0.0,0.44,-4678.6025390625
1945,0.05,0.26,0.0,0.45,-4617.3525390625
1946,0.05,0.26,0.0,0.46,-4285.115234375
1947,0.05,0.26,0.0,0.47,-4387.75146484375
1948,0.05,0.26,0.0,0.48,-4658.6396484375
1949,0.05,0.26,0.0,0.49,-4475.5361328125
1950,0.05,0.26,0.0,0.5,-4473.96142578125
1951,0.05,0.26,0.0,0.51,-4370.0517578125
1952,0.05,0.26,0.0,0.52,-4120.5380859375
1953,0.05,0.26,0.0,0.53,-4454.36279296875
1954,0.05,0.26,0.0,0.54,-4413.3642578125
1955,0.05,0.26,0.0,0.55,-4477.8095703125
1956,0.05,0.26,0.0,0.56,-4230.6748046875
1957,0.05,0.26,0.0,0.57,-4522.85498046875
1958,0.05,0.26,0.0,0.58,-4502.25341796875
1959,0.05,0.26,0.0,0.59,-4486.1240234375
1960,0.05,0.26,0.0,0.6,-4598.56396484375
1961,0.05,0.26,0.0,0.61,-4373.86474609375
1962,0.05,0.26,0.0,0.62,-4096.798828125
1963,0.05,0.26,0.0,0.63,-4700.16943359375
1964,0.05,0.26,0.0,0.64,-4532.5205078125
1965,0.05,0.26,0.0,0.65,-4615.74609375
1966,0.05,0.26,0.0,0.66,-4677.572265625
1967,0.05,0.26,0.0,0.67,-4478.9306640625
1968,0.05,0.26,0.0,0.68,-4559.6845703125
1969,0.05,0.26,0.0,0.69,-4492.0546875
1970,0.05,0.26,0.0,0.7,-4750.86181640625
1971,0.05,0.26,0.0,0.71,-4568.7861328125
1972,0.05,0.26,0.0,0.72,-4474.7236328125
1973,0.05,0.26,0.0,0.73,-4147.95751953125
1974,0.05,0.26,0.0,0.74,-4583.70654296875
1975,0.05,0.26,0.0,0.75,-4085.084716796875
1976,0.05,0.27,0.0,0.0,-5880.84033203125
1977,0.05,0.27,0.0,0.01,-3806.314697265625
1978,0.05,0.27,0.0,0.02,-4163.37744140625
1979,0.05,0.27,0.0,0.03,-4030.767822265625
1980,0.05,0.27,0.0,0.04,-4270.3515625
1981,0.05,0.27,0.0,0.05,-3802.87646484375
1982,0.05,0.27,0.0,0.06,-4092.821044921875
1983,0.05,0.27,0.0,0.07,-4151.7138671875
1984,0.05,0.27,0.0,0.08,-3795.712890625
1985,0.05,0.27,0.0,0.09,-4176.6787109375
1986,0.05,0.27,0.0,0.1,-4098.771484375
1987,0.05,0.27,0.0,0.11,-3898.67578125
1988,0.05,0.27,0.0,0.12,-3677.873046875
1989,0.05,0.27,0.0,0.13,-3828.69921875
1990,0.05,0.27,0.0,0.14,-4304.6142578125
1991,0.05,0.27,0.0,0.15,-4203.7177734375
1992,0.05,0.27,0.0,0.16,-4234.72119140625
1993,0.05,0.27,0.0,0.17,-4089.4521484375
1994,0.05,0.27,0.0,0.18,-4213.5927734375
1995,0.05,0.27,0.0,0.19,-4130.130859375
1996,0.05,0.27,0.0,0.2,-3808.77685546875
1997,0.05,0.27,0.0,0.21,-3967.20068359375
1998,0.05,0.27,0.0,0.22,-3825.39501953125
1999,0.05,0.27,0.0,0.23,-4205.31884765625
2000,0.05,0.27,0.0,0.24,-3950.8701171875
2001,0.05,0.27,0.0,0.25,-3854.098388671875
2002,0.05,0.27,0.0,0.26,-4054.00341796875
2003,0.05,0.27,0.0,0.27,-4073.82958984375
2004,0.05,0.27,0.0,0.28,-3982.4404296875
2005,0.05,0.27,0.0,0.29,-4110.20458984375
2006,0.05,0.27,0.0,0.3,-4323.3779296875
2007,0.05,0.27,0.0,0.31,-4274.88720703125
2008,0.05,0.27,0.0,0.32,-4295.6162109375
2009,0.05,0.27,0.0,0.33,-3923.162109375
2010,0.05,0.27,0.0,0.34,-4024.18994140625
2011,0.05,0.27,0.0,0.35,-4085.214599609375
2012,0.05,0.27,0.0,0.36,-3653.14111328125
2013,0.05,0.27,0.0,0.37,-4048.05029296875
2014,0.05,0.27,0.0,0.38,-4233.9638671875
2015,0.05,0.27,0.0,0.39,-4032.72802734375
2016,0.05,0.27,0.0,0.4,-3866.49365234375
2017,0.05,0.27,0.0,0.41,-3937.5771484375
2018,0.05,0.27,0.0,0.42,-4013.138916015625
2019,0.05,0.27,0.0,0.43,-4232.359375
2020,0.05,0.27,0.0,0.44,-4427.51025390625
2021,0.05,0.27,0.0,0.45,-4253.0888671875
2022,0.05,0.27,0.0,0.46,-4147.513671875
2023,0.05,0.27,0.0,0.47,-3881.860107421875
2024,0.05,0.27,0.0,0.48,-4208.61572265625
2025,0.05,0.27,0.0,0.49,-3906.201416015625
2026,0.05,0.27,0.0,0.5,-3920.67724609375
2027,0.05,0.27,0.0,0.51,-4282.1748046875
2028,0.05,0.27,0.0,0.52,-4087.85302734375
2029,0.05,0.27,0.0,0.53,-4233.1689453125
2030,0.05,0.27,0.0,0.54,-4232.2158203125
2031,0.05,0.27,0.0,0.55,-4230.25439453125
2032,0.05,0.27,0.0,0.56,-4024.42822265625
2033,0.05,0.27,0.0,0.57,-4240.07666015625
2034,0.05,0.27,0.0,0.58,-4410.3955078125
2035,0.05,0.27,0.0,0.59,-4264.501953125
2036,0.05,0.27,0.0,0.6,-4246.90966796875
2037,0.05,0.27,0.0,0.61,-4226.5830078125
2038,0.05,0.27,0.0,0.62,-4272.11279296875
2039,0.05,0.27,0.0,0.63,-4385.13427734375
2040,0.05,0.27,0.0,0.64,-4101.26171875
2041,0.05,0.27,0.0,0.65,-4280.7939453125
2042,0.05,0.27,0.0,0.66,-4161.5263671875
2043,0.05,0.27,0.0,0.67,-4118.0283203125
2044,0.05,0.27,0.0,0.68,-4077.86083984375
2045,0.05,0.27,0.0,0.69,-4455.6142578125
2046,0.05,0.27,0.0,0.7,-4233.1328125
2047,0.05,0.27,0.0,0.71,-4428.5556640625
2048,0.05,0.27,0.0,0.72,-4181.7666015625
2049,0.05,0.27,0.0,0.73,-4037.398193359375
2050,0.05,0.27,0.0,0.74,-4277.521484375
2051,0.05,0.27,0.0,0.75,-4116.265625
2052,0.05,0.28,0.0,0.0,-5421.60888671875
2053,0.05,0.28,0.0,0.01,-3984.37255859375
2054,0.05,0.28,0.0,0.02,-3985.064453125
2055,0.05,0.28,0.0,0.03,-3741.939453125
2056,0.05,0.28,0.0,0.04,-4005.57666015625
2057,0.05,0.28,0.0,0.05,-3850.002197265625
2058,0.05,0.28,0.0,0.06,-3823.52099609375
2059,0.05,0.28,0.0,0.07,-3770.591796875
2060,0.05,0.28,0.0,0.08,-3685.6357421875
2061,0.05,0.28,0.0,0.09,-3823.95166015625
2062,0.05,0.28,0.0,0.1,-3745.484375
2063,0.05,0.28,0.0,0.11,-3625.59619140625
2064,0.05,0.28,0.0,0.12,-3605.349609375
2065,0.05,0.28,0.0,0.13,-3775.123046875
2066,0.05,0.28,0.0,0.14,-3703.06640625
2067,0.05,0.28,0.0,0.15,-3662.6474609375
2068,0.05,0.28,0.0,0.16,-3294.841796875
2069,0.05,0.28,0.0,0.17,-3745.34619140625
2070,0.05,0.28,0.0,0.18,-3856.510498046875
2071,0.05,0.28,0.0,0.19,-3733.13427734375
2072,0.05,0.28,0.0,0.2,-3433.4306640625
2073,0.05,0.28,0.0,0.21,-3901.78466796875
2074,0.05,0.28,0.0,0.22,-3891.28271484375
2075,0.05,0.28,0.0,0.23,-3587.25390625
2076,0.05,0.28,0.0,0.24,-3774.85107421875
2077,0.05,0.28,0.0,0.25,-3736.4765625
2078,0.05,0.28,0.0,0.26,-3562.01708984375
2079,0.05,0.28,0.0,0.27,-3808.509765625
2080,0.05,0.28,0.0,0.28,-3707.9365234375
2081,0.05,0.28,0.0,0.29,-3923.64013671875
2082,0.05,0.28,0.0,0.3,-3681.155517578125
2083,0.05,0.28,0.0,0.31,-3945.46728515625
2084,0.05,0.28,0.0,0.32,-3699.2666015625
2085,0.05,0.28,0.0,0.33,-3718.53564453125
2086,0.05,0.28,0.0,0.34,-3723.146484375
2087,0.05,0.28,0.0,0.35,-3869.7548828125
2088,0.05,0.28,0.0,0.36,-3827.3505859375
2089,0.05,0.28,0.0,0.37,-3952.776123046875
2090,0.05,0.28,0.0,0.38,-3710.987060546875
2091,0.05,0.28,0.0,0.39,-3708.127685546875
2092,0.05,0.28,0.0,0.4,-3817.46875
2093,0.05,0.28,0.0,0.41,-3878.802734375
2094,0.05,0.28,0.0,0.42,-3645.4091796875
2095,0.05,0.28,0.0,0.43,-3550.25
2096,0.05,0.28,0.0,0.44,-3968.333740234375
2097,0.05,0.28,0.0,0.45,-3925.382080078125
2098,0.05,0.28,0.0,0.46,-3778.599365234375
2099,0.05,0.28,0.0,0.47,-3782.72314453125
2100,0.05,0.28,0.0,0.48,-3811.47998046875
2101,0.05,0.28,0.0,0.49,-3757.27587890625
2102,0.05,0.28,0.0,0.5,-3642.50439453125
2103,0.05,0.28,0.0,0.51,-3596.720458984375
2104,0.05,0.28,0.0,0.52,-3854.64208984375
2105,0.05,0.28,0.0,0.53,-3763.247314453125
2106,0.05,0.28,0.0,0.54,-3811.105224609375
2107,0.05,0.28,0.0,0.55,-4026.64990234375
2108,0.05,0.28,0.0,0.56,-3842.085693359375
2109,0.05,0.28,0.0,0.57,-3823.19970703125
2110,0.05,0.28,0.0,0.58,-3864.73828125
2111,0.05,0.28,0.0,0.59,-3753.731201171875
2112,0.05,0.28,0.0,0.6,-4037.111572265625
2113,0.05,0.28,0.0,0.61,-3857.314453125
2114,0.05,0.28,0.0,0.62,-4071.87060546875
2115,0.05,0.28,0.0,0.63,-4042.27001953125
2116,0.05,0.28,0.0,0.64,-3688.26904296875
2117,0.05,0.28,0.0,0.65,-4151.0244140625
2118,0.05,0.28,0.0,0.66,-3694.7265625
2119,0.05,0.28,0.0,0.67,-3959.743408203125
2120,0.05,0.28,0.0,0.68,-3825.954345703125
2121,0.05,0.28,0.0,0.69,-4121.81201171875
2122,0.05,0.28,0.0,0.7,-3845.369384765625
2123,0.05,0.28,0.0,0.71,-3786.3818359375
2124,0.05,0.28,0.0,0.72,-4037.758544921875
2125,0.05,0.28,0.0,0.73,-3587.422119140625
2126,0.05,0.28,0.0,0.74,-4243.4462890625
2127,0.05,0.28,0.0,0.75,-4068.00927734375
2128,0.05,0.29,0.0,0.0,-5171.74169921875
2129,0.05,0.29,0.0,0.01,-3642.89013671875
2130,0.05,0.29,0.0,0.02,-3602.20458984375
2131,0.05,0.29,0.0,0.03,-3559.55078125
2132,0.05,0.29,0.0,0.04,-3571.1171875
2133,0.05,0.29,0.0,0.05,-3259.8095703125
2134,0.05,0.29,0.0,0.06,-3313.70947265625
2135,0.05,0.29,0.0,0.07,-3535.197265625
2136,0.05,0.29,0.0,0.08,-3392.66259765625
2137,0.05,0.29,0.0,0.09,-3467.17626953125
2138,0.05,0.29,0.0,0.1,-2776.240234375
2139,0.05,0.29,0.0,0.11,-3574.229248046875
2140,0.05,0.29,0.0,0.12,-3220.185546875
2141,0.05,0.29,0.0,0.13,-3342.89208984375
2142,0.05,0.29,0.0,0.14,-3434.05029296875
2143,0.05,0.29,0.0,0.15,-3432.51953125
2144,0.05,0.29,0.0,0.16,-3061.645263671875
2145,0.05,0.29,0.0,0.17,-3619.23779296875
2146,0.05,0.29,0.0,0.18,-3475.0576171875
2147,0.05,0.29,0.0,0.19,-3540.5546875
2148,0.05,0.29,0.0,0.2,-3444.390625
2149,0.05,0.29,0.0,0.21,-3454.9326171875
2150,0.05,0.29,0.0,0.22,-3511.986328125
2151,0.05,0.29,0.0,0.23,-3537.56201171875
2152,0.05,0.29,0.0,0.24,-3528.15673828125
2153,0.05,0.29,0.0,0.25,-3561.6337890625
2154,0.05,0.29,0.0,0.26,-3335.77294921875
2155,0.05,0.29,0.0,0.27,-3631.18310546875
2156,0.05,0.29,0.0,0.28,-3489.35986328125
2157,0.05,0.29,0.0,0.29,-3063.35205078125
2158,0.05,0.29,0.0,0.3,-3405.22509765625
2159,0.05,0.29,0.0,0.31,-3511.03369140625
2160,0.05,0.29,0.0,0.32,-3665.140380859375
2161,0.05,0.29,0.0,0.33,-3331.213623046875
2162,0.05,0.29,0.0,0.34,-3669.665771484375
2163,0.05,0.29,0.0,0.35,-3326.06494140625
2164,0.05,0.29,0.0,0.36,-3445.00634765625
2165,0.05,0.29,0.0,0.37,-3407.536865234375
2166,0.05,0.29,0.0,0.38,-3684.011474609375
2167,0.05,0.29,0.0,0.39,-3117.76904296875
2168,0.05,0.29,0.0,0.4,-3634.114501953125
2169,0.05,0.29,0.0,0.41,-3483.296142578125
2170,0.05,0.29,0.0,0.42,-3416.958251953125
2171,0.05,0.29,0.0,0.43,-3419.172607421875
2172,0.05,0.29,0.0,0.44,-3449.895751953125
2173,0.05,0.29,0.0,0.45,-3343.23291015625
2174,0.05,0.29,0.0,0.46,-3580.6181640625
2175,0.05,0.29,0.0,0.47,-3775.1923828125
2176,0.05,0.29,0.0,0.48,-3412.5234375
2177,0.05,0.29,0.0,0.49,-3531.223876953125
2178,0.05,0.29,0.0,0.5,-3599.348876953125
2179,0.05,0.29,0.0,0.51,-3727.25439453125
2180,0.05,0.29,0.0,0.52,-3615.694580078125
2181,0.05,0.29,0.0,0.53,-3369.85009765625
2182,0.05,0.29,0.0,0.54,-3613.3837890625
2183,0.05,0.29,0.0,0.55,-3590.1953125
2184,0.05,0.29,0.0,0.56,-3380.138916015625
2185,0.05,0.29,0.0,0.57,-3300.77734375
2186,0.05,0.29,0.0,0.58,-3520.692626953125
2187,0.05,0.29,0.0,0.59,-3516.52783203125
2188,0.05,0.29,0.0,0.6,-3422.74755859375
2189,0.05,0.29,0.0,0.61,-3778.935791015625
2190,0.05,0.29,0.0,0.62,-3609.29150390625
2191,0.05,0.29,0.0,0.63,-3606.044921875
2192,0.05,0.29,0.0,0.64,-3503.07861328125
2193,0.05,0.29,0.0,0.65,-3724.46484375
2194,0.05,0.29,0.0,0.66,-3600.001220703125
2195,0.05,0.29,0.0,0.67,-3749.127197265625
2196,0.05,0.29,0.0,0.68,-3503.240478515625
2197,0.05,0.29,0.0,0.69,-3529.41796875
2198,0.05,0.29,0.0,0.7,-3711.18701171875
2199,0.05,0.29,0.0,0.71,-3802.11328125
2200,0.05,0.29,0.0,0.72,-3749.81201171875
2201,0.05,0.29,0.0,0.73,-3707.57958984375
2202,0.05,0.29,0.0,0.74,-3536.90625
2203,0.05,0.29,0.0,0.75,-3608.12451171875
2204,0.05,0.3,0.0,0.0,-4747.4833984375
2205,0.05,0.3,0.0,0.01,-3378.55859375
2206,0.05,0.3,0.0,0.02,-3204.198486328125
2207,0.05,0.3,0.0,0.03,-3196.80908203125
2208,0.05,0.3,0.0,0.04,-3109.833984375
2209,0.05,0.3,0.0,0.05,-3378.466064453125
2210,0.05,0.3,0.0,0.06,-3363.4169921875
2211,0.05,0.3,0.0,0.07,-3195.998046875
2212,0.05,0.3,0.0,0.08,-3211.05712890625
2213,0.05,0.3,0.0,0.09,-3306.2353515625
2214,0.05,0.3,0.0,0.1,-2934.290771484375
2215,0.05,0.3,0.0,0.11,-3075.6787109375
2216,0.05,0.3,0.0,0.12,-3073.22314453125
2217,0.05,0.3,0.0,0.13,-3359.01513671875
2218,0.05,0.3,0.0,0.14,-3052.5771484375
2219,0.05,0.3,0.0,0.15,-3016.1474609375
2220,0.05,0.3,0.0,0.16,-3041.8291015625
2221,0.05,0.3,0.0,0.17,-3178.4580078125
2222,0.05,0.3,0.0,0.18,-2924.375732421875
2223,0.05,0.3,0.0,0.19,-3109.462890625
2224,0.05,0.3,0.0,0.2,-2910.040771484375
2225,0.05,0.3,0.0,0.21,-3164.28955078125
2226,0.05,0.3,0.0,0.22,-3281.9033203125
2227,0.05,0.3,0.0,0.23,-2920.349609375
2228,0.05,0.3,0.0,0.24,-3131.230712890625
2229,0.05,0.3,0.0,0.25,-3261.323486328125
2230,0.05,0.3,0.0,0.26,-3123.84130859375
2231,0.05,0.3,0.0,0.27,-2985.6123046875
2232,0.05,0.3,0.0,0.28,-2940.076171875
2233,0.05,0.3,0.0,0.29,-3127.240966796875
2234,0.05,0.3,0.0,0.3,-3250.65087890625
2235,0.05,0.3,0.0,0.31,-2993.662841796875
2236,0.05,0.3,0.0,0.32,-3100.84228515625
2237,0.05,0.3,0.0,0.33,-3245.98193359375
2238,0.05,0.3,0.0,0.34,-3234.64453125
2239,0.05,0.3,0.0,0.35,-3221.72216796875
2240,0.05,0.3,0.0,0.36,-3196.591064453125
2241,0.05,0.3,0.0,0.37,-3139.00732421875
2242,0.05,0.3,0.0,0.38,-3388.791748046875
2243,0.05,0.3,0.0,0.39,-3261.340087890625
2244,0.05,0.3,0.0,0.4,-3033.79931640625
2245,0.05,0.3,0.0,0.41,-3259.90087890625
2246,0.05,0.3,0.0,0.42,-3263.532470703125
2247,0.05,0.3,0.0,0.43,-3182.576171875
2248,0.05,0.3,0.0,0.44,-3435.96923828125
2249,0.05,0.3,0.0,0.45,-3289.247314453125
2250,0.05,0.3,0.0,0.46,-3283.435546875
2251,0.05,0.3,0.0,0.47,-3172.1123046875
2252,0.05,0.3,0.0,0.48,-3312.971923828125
2253,0.05,0.3,0.0,0.49,-3348.36376953125
2254,0.05,0.3,0.0,0.5,-3346.99462890625
2255,0.05,0.3,0.0,0.51,-3281.862060546875
2256,0.05,0.3,0.0,0.52,-3361.9521484375
2257,0.05,0.3,0.0,0.53,-3389.7060546875
2258,0.05,0.3,0.0,0.54,-3116.845458984375
2259,0.05,0.3,0.0,0.55,-3147.200927734375
2260,0.05,0.3,0.0,0.56,-3473.088134765625
2261,0.05,0.3,0.0,0.57,-3294.11083984375
2262,0.05,0.3,0.0,0.58,-3256.072265625
2263,0.05,0.3,0.0,0.59,-3208.691650390625
2264,0.05,0.3,0.0,0.6,-3444.22314453125
2265,0.05,0.3,0.0,0.61,-3409.884033203125
2266,0.05,0.3,0.0,0.62,-3412.65966796875
2267,0.05,0.3,0.0,0.63,-3369.8330078125
2268,0.05,0.3,0.0,0.64,-3408.87841796875
2269,0.05,0.3,0.0,0.65,-3127.9697265625
2270,0.05,0.3,0.0,0.66,-3349.262939453125
2271,0.05,0.3,0.0,0.67,-3488.00439453125
2272,0.05,0.3,0.0,0.68,-3379.422607421875
2273,0.05,0.3,0.0,0.69,-3320.43896484375
2274,0.05,0.3,0.0,0.7,-3393.57373046875
2275,0.05,0.3,0.0,0.71,-3524.0078125
2276,0.05,0.3,0.0,0.72,-3349.48291015625
2277,0.05,0.3,0.0,0.73,-3409.708251953125
2278,0.05,0.3,0.0,0.74,-3378.060791015625
2279,0.05,0.3,0.0,0.75,-3513.33251953125
2280,0.05,0.31,0.0,0.0,-4712.52294921875
2281,0.05,0.31,0.0,0.01,-2877.66943359375
2282,0.05,0.31,0.0,0.02,-2967.755859375
2283,0.05,0.31,0.0,0.03,-2858.609375
2284,0.05,0.31,0.0,0.04,-2931.640869140625
2285,0.05,0.31,0.0,0.05,-2860.74072265625
2286,0.05,0.31,0.0,0.06,-3067.6845703125
2287,0.05,0.31,0.0,0.07,-2823.7451171875
2288,0.05,0.31,0.0,0.08,-2863.01611328125
2289,0.05,0.31,0.0,0.09,-2955.67822265625
2290,0.05,0.31,0.0,0.1,-2914.12255859375
2291,0.05,0.31,0.0,0.11,-3021.322265625
2292,0.05,0.31,0.0,0.12,-3032.98095703125
2293,0.05,0.31,0.0,0.13,-2890.221923828125
2294,0.05,0.31,0.0,0.14,-2848.7412109375
2295,0.05,0.31,0.0,0.15,-3029.01025390625
2296,0.05,0.31,0.0,0.16,-3109.770263671875
2297,0.05,0.31,0.0,0.17,-2871.67236328125
2298,0.05,0.31,0.0,0.18,-2910.5732421875
2299,0.05,0.31,0.0,0.19,-2872.64990234375
2300,0.05,0.31,0.0,0.2,-2743.513916015625
2301,0.05,0.31,0.0,0.21,-2929.4462890625
2302,0.05,0.31,0.0,0.22,-2811.023193359375
2303,0.05,0.31,0.0,0.23,-3071.433837890625
2304,0.05,0.31,0.0,0.24,-3071.394775390625
2305,0.05,0.31,0.0,0.25,-2661.584228515625
2306,0.05,0.31,0.0,0.26,-2952.198974609375
2307,0.05,0.31,0.0,0.27,-2918.98583984375
2308,0.05,0.31,0.0,0.28,-2922.346923828125
2309,0.05,0.31,0.0,0.29,-3102.75390625
2310,0.05,0.31,0.0,0.3,-2917.03173828125
2311,0.05,0.31,0.0,0.31,-2999.82421875
2312,0.05,0.31,0.0,0.32,-2959.572265625
2313,0.05,0.31,0.0,0.33,-2926.5556640625
2314,0.05,0.31,0.0,0.34,-2980.791748046875
2315,0.05,0.31,0.0,0.35,-3000.89697265625
2316,0.05,0.31,0.0,0.36,-2893.0107421875
2317,0.05,0.31,0.0,0.37,-2924.20458984375
2318,0.05,0.31,0.0,0.38,-2946.2021484375
2319,0.05,0.31,0.0,0.39,-2797.128662109375
2320,0.05,0.31,0.0,0.4,-3121.60595703125
2321,0.05,0.31,0.0,0.41,-2976.35546875
2322,0.05,0.31,0.0,0.42,-3140.165771484375
2323,0.05,0.31,0.0,0.43,-3065.66064453125
2324,0.05,0.31,0.0,0.44,-3080.47509765625
2325,0.05,0.31,0.0,0.45,-3037.365234375
2326,0.05,0.31,0.0,0.46,-2936.6923828125
2327,0.05,0.31,0.0,0.47,-2945.90380859375
2328,0.05,0.31,0.0,0.48,-2944.9111328125
2329,0.05,0.31,0.0,0.49,-3039.50732421875
2330,0.05,0.31,0.0,0.5,-3053.557861328125
2331,0.05,0.31,0.0,0.51,-3024.07275390625
2332,0.05,0.31,0.0,0.52,-3011.968505859375
2333,0.05,0.31,0.0,0.53,-3084.388671875
2334,0.05,0.31,0.0,0.54,-3086.992919921875
2335,0.05,0.31,0.0,0.55,-3036.0390625
2336,0.05,0.31,0.0,0.56,-3048.400390625
2337,0.05,0.31,0.0,0.57,-3135.1015625
2338,0.05,0.31,0.0,0.58,-3295.31884765625
2339,0.05,0.31,0.0,0.59,-3043.140869140625
2340,0.05,0.31,0.0,0.6,-3040.02783203125
2341,0.05,0.31,0.0,0.61,-3129.340576171875
2342,0.05,0.31,0.0,0.62,-3127.4658203125
2343,0.05,0.31,0.0,0.63,-3039.396728515625
2344,0.05,0.31,0.0,0.64,-3000.718017578125
2345,0.05,0.31,0.0,0.65,-3115.8857421875
2346,0.05,0.31,0.0,0.66,-3028.48388671875
2347,0.05,0.31,0.0,0.67,-2991.849853515625
2348,0.05,0.31,0.0,0.68,-3240.03564453125
2349,0.05,0.31,0.0,0.69,-3231.0771484375
2350,0.05,0.31,0.0,0.7,-3234.512939453125
2351,0.05,0.31,0.0,0.71,-3217.16552734375
2352,0.05,0.31,0.0,0.72,-3164.77490234375
2353,0.05,0.31,0.0,0.73,-2950.801025390625
2354,0.05,0.31,0.0,0.74,-3105.974853515625
2355,0.05,0.31,0.0,0.75,-3197.1904296875
2356,0.05,0.32,0.0,0.0,-4367.1318359375
2357,0.05,0.32,0.0,0.01,-2695.087646484375
2358,0.05,0.32,0.0,0.02,-2774.093017578125
2359,0.05,0.32,0.0,0.03,-2640.130859375
2360,0.05,0.32,0.0,0.04,-2906.65771484375
2361,0.05,0.32,0.0,0.05,-2735.761474609375
2362,0.05,0.32,0.0,0.06,-2770.223388671875
2363,0.05,0.32,0.0,0.07,-2718.79443359375
2364,0.05,0.32,0.0,0.08,-2573.5693359375
2365,0.05,0.32,0.0,0.09,-2716.08056640625
2366,0.05,0.32,0.0,0.1,-2330.9111328125
2367,0.05,0.32,0.0,0.11,-2732.152587890625
2368,0.05,0.32,0.0,0.12,-2626.259033203125
2369,0.05,0.32,0.0,0.13,-2465.145751953125
2370,0.05,0.32,0.0,0.14,-2786.10498046875
2371,0.05,0.32,0.0,0.15,-2543.54736328125
2372,0.05,0.32,0.0,0.16,-2769.412109375
2373,0.05,0.32,0.0,0.17,-2664.786376953125
2374,0.05,0.32,0.0,0.18,-2755.6845703125
2375,0.05,0.32,0.0,0.19,-2730.44140625
2376,0.05,0.32,0.0,0.2,-2491.721923828125
2377,0.05,0.32,0.0,0.21,-2637.461669921875
2378,0.05,0.32,0.0,0.22,-2700.48681640625
2379,0.05,0.32,0.0,0.23,-2696.001953125
2380,0.05,0.32,0.0,0.24,-2585.581298828125
2381,0.05,0.32,0.0,0.25,-2605.1875
2382,0.05,0.32,0.0,0.26,-2652.67578125
2383,0.05,0.32,0.0,0.27,-2777.741455078125
2384,0.05,0.32,0.0,0.28,-2667.3447265625
2385,0.05,0.32,0.0,0.29,-2832.42724609375
2386,0.05,0.32,0.0,0.3,-2790.421875
2387,0.05,0.32,0.0,0.31,-2622.3291015625
2388,0.05,0.32,0.0,0.32,-2737.42041015625
2389,0.05,0.32,0.0,0.33,-2762.609375
2390,0.05,0.32,0.0,0.34,-2730.90771484375
2391,0.05,0.32,0.0,0.35,-2741.819091796875
2392,0.05,0.32,0.0,0.36,-2785.03564453125
2393,0.05,0.32,0.0,0.37,-2744.7841796875
2394,0.05,0.32,0.0,0.38,-2609.682861328125
2395,0.05,0.32,0.0,0.39,-2747.85009765625
2396,0.05,0.32,0.0,0.4,-2788.1279296875
2397,0.05,0.32,0.0,0.41,-2811.180419921875
2398,0.05,0.32,0.0,0.42,-2639.01318359375
2399,0.05,0.32,0.0,0.43,-2895.327392578125
2400,0.05,0.32,0.0,0.44,-2794.929931640625
2401,0.05,0.32,0.0,0.45,-2773.381103515625
2402,0.05,0.32,0.0,0.46,-2542.080322265625
2403,0.05,0.32,0.0,0.47,-2774.2841796875
2404,0.05,0.32,0.0,0.48,-2780.43896484375
2405,0.05,0.32,0.0,0.49,-2785.1328125
2406,0.05,0.32,0.0,0.5,-2816.337158203125
2407,0.05,0.32,0.0,0.51,-2780.98583984375
2408,0.05,0.32,0.0,0.52,-2691.1201171875
2409,0.05,0.32,0.0,0.53,-2867.312744140625
2410,0.05,0.32,0.0,0.54,-2808.3212890625
2411,0.05,0.32,0.0,0.55,-2642.895263671875
2412,0.05,0.32,0.0,0.56,-2903.9716796875
2413,0.05,0.32,0.0,0.57,-2960.406005859375
2414,0.05,0.32,0.0,0.58,-2861.607421875
2415,0.05,0.32,0.0,0.59,-2858.5419921875
2416,0.05,0.32,0.0,0.6,-2982.513671875
2417,0.05,0.32,0.0,0.61,-2704.9892578125
2418,0.05,0.32,0.0,0.62,-2690.45361328125
2419,0.05,0.32,0.0,0.63,-2849.60400390625
2420,0.05,0.32,0.0,0.64,-2714.81884765625
2421,0.05,0.32,0.0,0.65,-2840.4765625
2422,0.05,0.32,0.0,0.66,-2641.4150390625
2423,0.05,0.32,0.0,0.67,-2949.7431640625
2424,0.05,0.32,0.0,0.68,-2797.6845703125
2425,0.05,0.32,0.0,0.69,-2859.31689453125
2426,0.05,0.32,0.0,0.7,-2889.23583984375
2427,0.05,0.32,0.0,0.71,-2730.010498046875
2428,0.05,0.32,0.0,0.72,-2967.43212890625
2429,0.05,0.32,0.0,0.73,-2725.46484375
2430,0.05,0.32,0.0,0.74,-2956.6953125
2431,0.05,0.32,0.0,0.75,-2913.50537109375
2432,0.05,0.33,0.0,0.0,-4204.75
2433,0.05,0.33,0.0,0.01,-2535.8662109375
2434,0.05,0.33,0.0,0.02,-2366.921630859375
2435,0.05,0.33,0.0,0.03,-2492.79833984375
2436,0.05,0.33,0.0,0.04,-2386.26806640625
2437,0.05,0.33,0.0,0.05,-2523.8642578125
2438,0.05,0.33,0.0,0.06,-2483.3720703125
2439,0.05,0.33,0.0,0.07,-2301.78466796875
2440,0.05,0.33,0.0,0.08,-2430.346923828125
2441,0.05,0.33,0.0,0.09,-2595.359130859375
2442,0.05,0.33,0.0,0.1,-2290.6279296875
2443,0.05,0.33,0.0,0.11,-2304.064208984375
2444,0.05,0.33,0.0,0.12,-2256.38134765625
2445,0.05,0.33,0.0,0.13,-2562.06787109375
2446,0.05,0.33,0.0,0.14,-2474.02490234375
2447,0.05,0.33,0.0,0.15,-2385.4150390625
2448,0.05,0.33,0.0,0.16,-2281.50537109375
2449,0.05,0.33,0.0,0.17,-2497.315185546875
2450,0.05,0.33,0.0,0.18,-2526.71337890625
2451,0.05,0.33,0.0,0.19,-2599.22900390625
2452,0.05,0.33,0.0,0.2,-2417.10986328125
2453,0.05,0.33,0.0,0.21,-2371.7216796875
2454,0.05,0.33,0.0,0.22,-2466.138671875
2455,0.05,0.33,0.0,0.23,-2283.01904296875
2456,0.05,0.33,0.0,0.24,-2493.693115234375
2457,0.05,0.33,0.0,0.25,-2500.5244140625
2458,0.05,0.33,0.0,0.26,-2242.0498046875
2459,0.05,0.33,0.0,0.27,-2455.0078125
2460,0.05,0.33,0.0,0.28,-2538.3642578125
2461,0.05,0.33,0.0,0.29,-2342.357666015625
2462,0.05,0.33,0.0,0.3,-2618.88525390625
2463,0.05,0.33,0.0,0.31,-2542.9140625
2464,0.05,0.33,0.0,0.32,-2358.240478515625
2465,0.05,0.33,0.0,0.33,-2448.60009765625
2466,0.05,0.33,0.0,0.34,-2469.197509765625
2467,0.05,0.33,0.0,0.35,-2522.8017578125
2468,0.05,0.33,0.0,0.36,-2553.1708984375
2469,0.05,0.33,0.0,0.37,-2440.85107421875
2470,0.05,0.33,0.0,0.38,-2672.359375
2471,0.05,0.33,0.0,0.39,-2496.843505859375
2472,0.05,0.33,0.0,0.4,-2556.627197265625
2473,0.05,0.33,0.0,0.41,-2568.48974609375
2474,0.05,0.33,0.0,0.42,-2463.938232421875
2475,0.05,0.33,0.0,0.43,-2494.126953125
2476,0.05,0.33,0.0,0.44,-2443.432861328125
2477,0.05,0.33,0.0,0.45,-2568.052734375
2478,0.05,0.33,0.0,0.46,-2489.01806640625
2479,0.05,0.33,0.0,0.47,-2491.894775390625
2480,0.05,0.33,0.0,0.48,-2543.888671875
2481,0.05,0.33,0.0,0.49,-2590.52099609375
2482,0.05,0.33,0.0,0.5,-2485.646240234375
2483,0.05,0.33,0.0,0.51,-2578.24169921875
2484,0.05,0.33,0.0,0.52,-2644.017333984375
2485,0.05,0.33,0.0,0.53,-2672.462158203125
2486,0.05,0.33,0.0,0.54,-2707.95654296875
2487,0.05,0.33,0.0,0.55,-2455.40478515625
2488,0.05,0.33,0.0,0.56,-2487.617431640625
2489,0.05,0.33,0.0,0.57,-2693.95751953125
2490,0.05,0.33,0.0,0.58,-2731.48388671875
2491,0.05,0.33,0.0,0.59,-2626.19189453125
2492,0.05,0.33,0.0,0.6,-2606.12451171875
2493,0.05,0.33,0.0,0.61,-2495.199951171875
2494,0.05,0.33,0.0,0.62,-2728.65673828125
2495,0.05,0.33,0.0,0.63,-2694.821044921875
2496,0.05,0.33,0.0,0.64,-2607.860107421875
2497,0.05,0.33,0.0,0.65,-2686.537109375
2498,0.05,0.33,0.0,0.66,-2705.0546875
2499,0.05,0.33,0.0,0.67,-2458.76806640625
2500,0.05,0.33,0.0,0.68,-2620.76025390625
2501,0.05,0.33,0.0,0.69,-2688.86669921875
2502,0.05,0.33,0.0,0.7,-2780.636962890625
2503,0.05,0.33,0.0,0.71,-2804.317626953125
2504,0.05,0.33,0.0,0.72,-2749.54150390625
2505,0.05,0.33,0.0,0.73,-2743.503173828125
2506,0.05,0.33,0.0,0.74,-2770.56396484375
2507,0.05,0.33,0.0,0.75,-2738.60400390625
2508,0.05,0.34,0.0,0.0,-4018.361572265625
2509,0.05,0.34,0.0,0.01,-2404.228759765625
2510,0.05,0.34,0.0,0.02,-2419.8046875
2511,0.05,0.34,0.0,0.03,-2325.44091796875
2512,0.05,0.34,0.0,0.04,-2334.516357421875
2513,0.05,0.34,0.0,0.05,-2239.38427734375
2514,0.05,0.34,0.0,0.06,-2383.401611328125
2515,0.05,0.34,0.0,0.07,-2327.5849609375
2516,0.05,0.34,0.0,0.08,-2375.149169921875
2517,0.05,0.34,0.0,0.09,-2180.660888671875
2518,0.05,0.34,0.0,0.1,-2228.0908203125
2519,0.05,0.34,0.0,0.11,-2287.796630859375
2520,0.05,0.34,0.0,0.12,-2371.666748046875
2521,0.05,0.34,0.0,0.13,-2420.9189453125
2522,0.05,0.34,0.0,0.14,-2318.86865234375
2523,0.05,0.34,0.0,0.15,-2287.7255859375
2524,0.05,0.34,0.0,0.16,-2219.348388671875
2525,0.05,0.34,0.0,0.17,-2402.67724609375
2526,0.05,0.34,0.0,0.18,-2320.458251953125
2527,0.05,0.34,0.0,0.19,-2297.46044921875
2528,0.05,0.34,0.0,0.2,-2344.252197265625
2529,0.05,0.34,0.0,0.21,-2194.812255859375
2530,0.05,0.34,0.0,0.22,-2274.09716796875
2531,0.05,0.34,0.0,0.23,-2415.7177734375
2532,0.05,0.34,0.0,0.24,-2310.830810546875
2533,0.05,0.34,0.0,0.25,-2240.92724609375
2534,0.05,0.34,0.0,0.26,-2409.220458984375
2535,0.05,0.34,0.0,0.27,-2466.999755859375
2536,0.05,0.34,0.0,0.28,-2207.50146484375
2537,0.05,0.34,0.0,0.29,-2423.526611328125
2538,0.05,0.34,0.0,0.3,-2214.746337890625
2539,0.05,0.34,0.0,0.31,-2388.07373046875
2540,0.05,0.34,0.0,0.32,-2290.15478515625
2541,0.05,0.34,0.0,0.33,-2395.460205078125
2542,0.05,0.34,0.0,0.34,-2436.35791015625
2543,0.05,0.34,0.0,0.35,-2250.033935546875
2544,0.05,0.34,0.0,0.36,-2358.16650390625
2545,0.05,0.34,0.0,0.37,-2483.7158203125
2546,0.05,0.34,0.0,0.38,-2312.904541015625
2547,0.05,0.34,0.0,0.39,-2212.6298828125
2548,0.05,0.34,0.0,0.4,-2402.637939453125
2549,0.05,0.34,0.0,0.41,-2244.677490234375
2550,0.05,0.34,0.0,0.42,-2427.5595703125
2551,0.05,0.34,0.0,0.43,-2455.69482421875
2552,0.05,0.34,0.0,0.44,-2415.75341796875
2553,0.05,0.34,0.0,0.45,-2529.60693359375
2554,0.05,0.34,0.0,0.46,-2389.33447265625
2555,0.05,0.34,0.0,0.47,-2477.2841796875
2556,0.05,0.34,0.0,0.48,-2475.27880859375
2557,0.05,0.34,0.0,0.49,-2268.262939453125
2558,0.05,0.34,0.0,0.5,-2606.67138671875
2559,0.05,0.34,0.0,0.51,-2432.82373046875
2560,0.05,0.34,0.0,0.52,-2337.647705078125
2561,0.05,0.34,0.0,0.53,-2482.915283203125
2562,0.05,0.34,0.0,0.54,-2526.95458984375
2563,0.05,0.34,0.0,0.55,-2566.99951171875
2564,0.05,0.34,0.0,0.56,-2355.436767578125
2565,0.05,0.34,0.0,0.57,-2495.183837890625
2566,0.05,0.34,0.0,0.58,-2480.443359375
2567,0.05,0.34,0.0,0.59,-2324.8486328125
2568,0.05,0.34,0.0,0.6,-2566.573974609375
2569,0.05,0.34,0.0,0.61,-2590.469482421875
2570,0.05,0.34,0.0,0.62,-2521.41015625
2571,0.05,0.34,0.0,0.63,-2579.803955078125
2572,0.05,0.34,0.0,0.64,-2496.09130859375
2573,0.05,0.34,0.0,0.65,-2531.3857421875
2574,0.05,0.34,0.0,0.66,-2368.3828125
2575,0.05,0.34,0.0,0.67,-2324.876953125
2576,0.05,0.34,0.0,0.68,-2339.96728515625
2577,0.05,0.34,0.0,0.69,-2585.71875
2578,0.05,0.34,0.0,0.7,-2438.868408203125
2579,0.05,0.34,0.0,0.71,-2321.130859375
2580,0.05,0.34,0.0,0.72,-2623.98046875
2581,0.05,0.34,0.0,0.73,-2598.10791015625
2582,0.05,0.34,0.0,0.74,-2579.168212890625
2583,0.05,0.34,0.0,0.75,-2505.29736328125
2584,0.05,0.35,0.0,0.0,-3870.7861328125
2585,0.05,0.35,0.0,0.01,-2270.447265625
2586,0.05,0.35,0.0,0.02,-2118.3916015625
2587,0.05,0.35,0.0,0.03,-2223.54931640625
2588,0.05,0.35,0.0,0.04,-2120.243408203125
2589,0.05,0.35,0.0,0.05,-2039.076904296875
2590,0.05,0.35,0.0,0.06,-2114.562744140625
2591,0.05,0.35,0.0,0.07,-2132.3515625
2592,0.05,0.35,0.0,0.08,-2254.6689453125
2593,0.05,0.35,0.0,0.09,-2054.484619140625
2594,0.05,0.35,0.0,0.1,-2201.1162109375
2595,0.05,0.35,0.0,0.11,-2182.33837890625
2596,0.05,0.35,0.0,0.12,-2096.803466796875
2597,0.05,0.35,0.0,0.13,-2134.65673828125
2598,0.05,0.35,0.0,0.14,-2312.9541015625
2599,0.05,0.35,0.0,0.15,-1987.287841796875
2600,0.05,0.35,0.0,0.16,-2159.07958984375
2601,0.05,0.35,0.0,0.17,-2125.27783203125
2602,0.05,0.35,0.0,0.18,-2242.27001953125
2603,0.05,0.35,0.0,0.19,-1999.152099609375
2604,0.05,0.35,0.0,0.2,-2184.9189453125
2605,0.05,0.35,0.0,0.21,-2236.39599609375
2606,0.05,0.35,0.0,0.22,-2203.021484375
2607,0.05,0.35,0.0,0.23,-2147.18115234375
2608,0.05,0.35,0.0,0.24,-2237.38720703125
2609,0.05,0.35,0.0,0.25,-2147.23193359375
2610,0.05,0.35,0.0,0.26,-2129.892333984375
2611,0.05,0.35,0.0,0.27,-2031.265869140625
2612,0.05,0.35,0.0,0.28,-2272.427490234375
2613,0.05,0.35,0.0,0.29,-2139.590576171875
2614,0.05,0.35,0.0,0.3,-2236.93408203125
2615,0.05,0.35,0.0,0.31,-2071.87646484375
2616,0.05,0.35,0.0,0.32,-2176.765380859375
2617,0.05,0.35,0.0,0.33,-2100.309814453125
2618,0.05,0.35,0.0,0.34,-2143.759765625
2619,0.05,0.35,0.0,0.35,-2125.8037109375
2620,0.05,0.35,0.0,0.36,-2111.8046875
2621,0.05,0.35,0.0,0.37,-2161.56396484375
2622,0.05,0.35,0.0,0.38,-2216.525146484375
2623,0.05,0.35,0.0,0.39,-2127.65673828125
2624,0.05,0.35,0.0,0.4,-2291.68505859375
2625,0.05,0.35,0.0,0.41,-2315.24365234375
2626,0.05,0.35,0.0,0.42,-2190.3525390625
2627,0.05,0.35,0.0,0.43,-2238.4912109375
2628,0.05,0.35,0.0,0.44,-2274.4287109375
2629,0.05,0.35,0.0,0.45,-2290.542724609375
2630,0.05,0.35,0.0,0.46,-2306.408935546875
2631,0.05,0.35,0.0,0.47,-2256.369140625
2632,0.05,0.35,0.0,0.48,-2305.18896484375
2633,0.05,0.35,0.0,0.49,-2228.4453125
2634,0.05,0.35,0.0,0.5,-2257.610107421875
2635,0.05,0.35,0.0,0.51,-2263.34912109375
2636,0.05,0.35,0.0,0.52,-2360.306640625
2637,0.05,0.35,0.0,0.53,-2276.47998046875
2638,0.05,0.35,0.0,0.54,-2309.778076171875
2639,0.05,0.35,0.0,0.55,-2170.35009765625
2640,0.05,0.35,0.0,0.56,-2328.16259765625
2641,0.05,0.35,0.0,0.57,-2326.1396484375
2642,0.05,0.35,0.0,0.58,-2338.746826171875
2643,0.05,0.35,0.0,0.59,-2311.232666015625
2644,0.05,0.35,0.0,0.6,-2317.4091796875
2645,0.05,0.35,0.0,0.61,-2319.31787109375
2646,0.05,0.35,0.0,0.62,-2330.0712890625
2647,0.05,0.35,0.0,0.63,-2438.949951171875
2648,0.05,0.35,0.0,0.64,-2244.39013671875
2649,0.05,0.35,0.0,0.65,-2292.423095703125
2650,0.05,0.35,0.0,0.66,-2382.9521484375
2651,0.05,0.35,0.0,0.67,-2484.6318359375
2652,0.05,0.35,0.0,0.68,-2363.0234375
2653,0.05,0.35,0.0,0.69,-2412.649169921875
2654,0.05,0.35,0.0,0.7,-2322.937744140625
2655,0.05,0.35,0.0,0.71,-2380.7958984375
2656,0.05,0.35,0.0,0.72,-2345.24462890625
2657,0.05,0.35,0.0,0.73,-2335.5234375
2658,0.05,0.35,0.0,0.74,-2398.797607421875
2659,0.05,0.35,0.0,0.75,-2354.03564453125
2660,0.05,0.36,0.0,0.0,-3914.842041015625
2661,0.05,0.36,0.0,0.01,-2248.8515625
2662,0.05,0.36,0.0,0.02,-2038.2762451171875
2663,0.05,0.36,0.0,0.03,-2071.0283203125
2664,0.05,0.36,0.0,0.04,-2022.918212890625
2665,0.05,0.36,0.0,0.05,-2054.45947265625
2666,0.05,0.36,0.0,0.06,-1962.7078857421875
2667,0.05,0.36,0.0,0.07,-2079.977783203125
2668,0.05,0.36,0.0,0.08,-2061.26416015625
2669,0.05,0.36,0.0,0.09,-2083.885498046875
2670,0.05,0.36,0.0,0.1,-1991.708740234375
2671,0.05,0.36,0.0,0.11,-1978.368408203125
2672,0.05,0.36,0.0,0.12,-2022.1220703125
2673,0.05,0.36,0.0,0.13,-1938.566162109375
2674,0.05,0.36,0.0,0.14,-1974.6630859375
2675,0.05,0.36,0.0,0.15,-2041.09033203125
2676,0.05,0.36,0.0,0.16,-2004.554931640625
2677,0.05,0.36,0.0,0.17,-2100.525390625
2678,0.05,0.36,0.0,0.18,-1935.97900390625
2679,0.05,0.36,0.0,0.19,-1996.99658203125
2680,0.05,0.36,0.0,0.2,-2003.391845703125
2681,0.05,0.36,0.0,0.21,-1836.083740234375
2682,0.05,0.36,0.0,0.22,-1944.199462890625
2683,0.05,0.36,0.0,0.23,-1968.618896484375
2684,0.05,0.36,0.0,0.24,-2010.679443359375
2685,0.05,0.36,0.0,0.25,-2035.1787109375
2686,0.05,0.36,0.0,0.26,-1940.240966796875
2687,0.05,0.36,0.0,0.27,-2107.1201171875
2688,0.05,0.36,0.0,0.28,-2059.82763671875
2689,0.05,0.36,0.0,0.29,-1984.34814453125
2690,0.05,0.36,0.0,0.3,-2131.71630859375
2691,0.05,0.36,0.0,0.31,-1993.154541015625
2692,0.05,0.36,0.0,0.32,-2077.558837890625
2693,0.05,0.36,0.0,0.33,-2096.2763671875
2694,0.05,0.36,0.0,0.34,-2063.9169921875
2695,0.05,0.36,0.0,0.35,-2065.37353515625
2696,0.05,0.36,0.0,0.36,-2047.177001953125
2697,0.05,0.36,0.0,0.37,-2157.7744140625
2698,0.05,0.36,0.0,0.38,-2019.792724609375
2699,0.05,0.36,0.0,0.39,-2032.2913818359375
2700,0.05,0.36,0.0,0.4,-2142.08935546875
2701,0.05,0.36,0.0,0.41,-2083.854736328125
2702,0.05,0.36,0.0,0.42,-2187.19970703125
2703,0.05,0.36,0.0,0.43,-2066.138671875
2704,0.05,0.36,0.0,0.44,-2189.8564453125
2705,0.05,0.36,0.0,0.45,-2188.611328125
2706,0.05,0.36,0.0,0.46,-2127.804931640625
2707,0.05,0.36,0.0,0.47,-1998.4158935546875
2708,0.05,0.36,0.0,0.48,-2031.20654296875
2709,0.05,0.36,0.0,0.49,-2093.8681640625
2710,0.05,0.36,0.0,0.5,-2161.438232421875
2711,0.05,0.36,0.0,0.51,-2034.795654296875
2712,0.05,0.36,0.0,0.52,-2210.7421875
2713,0.05,0.36,0.0,0.53,-2190.70068359375
2714,0.05,0.36,0.0,0.54,-2040.17578125
2715,0.05,0.36,0.0,0.55,-2158.053955078125
2716,0.05,0.36,0.0,0.56,-2137.10791015625
2717,0.05,0.36,0.0,0.57,-2193.52880859375
2718,0.05,0.36,0.0,0.58,-2249.94091796875
2719,0.05,0.36,0.0,0.59,-2170.45166015625
2720,0.05,0.36,0.0,0.6,-2281.522705078125
2721,0.05,0.36,0.0,0.61,-2286.845703125
2722,0.05,0.36,0.0,0.62,-2249.130615234375
2723,0.05,0.36,0.0,0.63,-2184.038818359375
2724,0.05,0.36,0.0,0.64,-2167.9697265625
2725,0.05,0.36,0.0,0.65,-2265.890625
2726,0.05,0.36,0.0,0.66,-2273.79052734375
2727,0.05,0.36,0.0,0.67,-2201.005615234375
2728,0.05,0.36,0.0,0.68,-2337.80322265625
2729,0.05,0.36,0.0,0.69,-2201.34423828125
2730,0.05,0.36,0.0,0.7,-2134.154541015625
2731,0.05,0.36,0.0,0.71,-2244.537841796875
2732,0.05,0.36,0.0,0.72,-2178.00341796875
2733,0.05,0.36,0.0,0.73,-2171.50244140625
2734,0.05,0.36,0.0,0.74,-2299.16259765625
2735,0.05,0.36,0.0,0.75,-2334.2783203125
2736,0.05,0.37,0.0,0.0,-3626.99267578125
2737,0.05,0.37,0.0,0.01,-2029.5867919921875
2738,0.05,0.37,0.0,0.02,-1901.275146484375
2739,0.05,0.37,0.0,0.03,-1925.430908203125
2740,0.05,0.37,0.0,0.04,-1941.557373046875
2741,0.05,0.37,0.0,0.05,-1955.90283203125
2742,0.05,0.37,0.0,0.06,-1991.534423828125
2743,0.05,0.37,0.0,0.07,-1907.466064453125
2744,0.05,0.37,0.0,0.08,-1862.963623046875
2745,0.05,0.37,0.0,0.09,-1951.1134033203125
2746,0.05,0.37,0.0,0.1,-1924.4385986328125
2747,0.05,0.37,0.0,0.11,-1923.485107421875
2748,0.05,0.37,0.0,0.12,-1875.094970703125
2749,0.05,0.37,0.0,0.13,-1890.089599609375
2750,0.05,0.37,0.0,0.14,-1902.9212646484375
2751,0.05,0.37,0.0,0.15,-1930.846923828125
2752,0.05,0.37,0.0,0.16,-2002.793212890625
2753,0.05,0.37,0.0,0.17,-1967.96728515625
2754,0.05,0.37,0.0,0.18,-1905.4482421875
2755,0.05,0.37,0.0,0.19,-1842.216064453125
2756,0.05,0.37,0.0,0.2,-1868.341552734375
2757,0.05,0.37,0.0,0.21,-1971.1407470703125
2758,0.05,0.37,0.0,0.22,-1968.286376953125
2759,0.05,0.37,0.0,0.23,-2008.62744140625
2760,0.05,0.37,0.0,0.24,-1976.533203125
2761,0.05,0.37,0.0,0.25,-2001.34814453125
2762,0.05,0.37,0.0,0.26,-2029.220458984375
2763,0.05,0.37,0.0,0.27,-1952.4493408203125
2764,0.05,0.37,0.0,0.28,-1907.2137451171875
2765,0.05,0.37,0.0,0.29,-1923.314208984375
2766,0.05,0.37,0.0,0.3,-1879.478759765625
2767,0.05,0.37,0.0,0.31,-1863.347412109375
2768,0.05,0.37,0.0,0.32,-1964.86279296875
2769,0.05,0.37,0.0,0.33,-1956.427734375
2770,0.05,0.37,0.0,0.34,-1972.2415771484375
2771,0.05,0.37,0.0,0.35,-1956.259521484375
2772,0.05,0.37,0.0,0.36,-1896.740966796875
2773,0.05,0.37,0.0,0.37,-2024.4755859375
2774,0.05,0.37,0.0,0.38,-2024.332275390625
2775,0.05,0.37,0.0,0.39,-1972.6121826171875
2776,0.05,0.37,0.0,0.4,-1955.952392578125
2777,0.05,0.37,0.0,0.41,-1945.0859375
2778,0.05,0.37,0.0,0.42,-2065.6767578125
2779,0.05,0.37,0.0,0.43,-2022.7191162109375
2780,0.05,0.37,0.0,0.44,-1980.389404296875
2781,0.05,0.37,0.0,0.45,-2073.712890625
2782,0.05,0.37,0.0,0.46,-1911.892822265625
2783,0.05,0.37,0.0,0.47,-2007.9619140625
2784,0.05,0.37,0.0,0.48,-2074.964599609375
2785,0.05,0.37,0.0,0.49,-2017.081298828125
2786,0.05,0.37,0.0,0.5,-1999.928466796875
2787,0.05,0.37,0.0,0.51,-2014.3251953125
2788,0.05,0.37,0.0,0.52,-1959.4384765625
2789,0.05,0.37,0.0,0.53,-2081.617919921875
2790,0.05,0.37,0.0,0.54,-2108.296630859375
2791,0.05,0.37,0.0,0.55,-2028.8673095703125
2792,0.05,0.37,0.0,0.56,-2116.5078125
2793,0.05,0.37,0.0,0.57,-2118.547119140625
2794,0.05,0.37,0.0,0.58,-1988.3372802734375
2795,0.05,0.37,0.0,0.59,-2130.246337890625
2796,0.05,0.37,0.0,0.6,-2124.763427734375
2797,0.05,0.37,0.0,0.61,-2094.15234375
2798,0.05,0.37,0.0,0.62,-2107.75390625
2799,0.05,0.37,0.0,0.63,-2126.4814453125
2800,0.05,0.37,0.0,0.64,-2099.6396484375
2801,0.05,0.37,0.0,0.65,-2099.427734375
2802,0.05,0.37,0.0,0.66,-2090.184326171875
2803,0.05,0.37,0.0,0.67,-2042.018798828125
2804,0.05,0.37,0.0,0.68,-2078.982177734375
2805,0.05,0.37,0.0,0.69,-2201.658935546875
2806,0.05,0.37,0.0,0.7,-2146.37744140625
2807,0.05,0.37,0.0,0.71,-2185.843994140625
2808,0.05,0.37,0.0,0.72,-2107.52294921875
2809,0.05,0.37,0.0,0.73,-2212.32666015625
2810,0.05,0.37,0.0,0.74,-2154.260498046875
2811,0.05,0.37,0.0,0.75,-2115.19482421875
2812,0.05,0.38,0.0,0.0,-4005.4287109375
2813,0.05,0.38,0.0,0.01,-2001.544921875
2814,0.05,0.38,0.0,0.02,-1868.5321044921875
2815,0.05,0.38,0.0,0.03,-1911.7445068359375
2816,0.05,0.38,0.0,0.04,-1884.331298828125
2817,0.05,0.38,0.0,0.05,-1792.572509765625
2818,0.05,0.38,0.0,0.06,-1770.849365234375
2819,0.05,0.38,0.0,0.07,-1922.8587646484375
2820,0.05,0.38,0.0,0.08,-1814.390380859375
2821,0.05,0.38,0.0,0.09,-1837.607666015625
2822,0.05,0.38,0.0,0.1,-1822.3389892578125
2823,0.05,0.38,0.0,0.11,-1831.48046875
2824,0.05,0.38,0.0,0.12,-1855.549560546875
2825,0.05,0.38,0.0,0.13,-1807.6195068359375
2826,0.05,0.38,0.0,0.14,-1794.969970703125
2827,0.05,0.38,0.0,0.15,-1842.559326171875
2828,0.05,0.38,0.0,0.16,-1898.392822265625
2829,0.05,0.38,0.0,0.17,-1793.708251953125
2830,0.05,0.38,0.0,0.18,-1860.146728515625
2831,0.05,0.38,0.0,0.19,-1815.8983154296875
2832,0.05,0.38,0.0,0.2,-1782.283935546875
2833,0.05,0.38,0.0,0.21,-1821.960693359375
2834,0.05,0.38,0.0,0.22,-1849.03369140625
2835,0.05,0.38,0.0,0.23,-1852.212890625
2836,0.05,0.38,0.0,0.24,-1863.52099609375
2837,0.05,0.38,0.0,0.25,-1887.4310302734375
2838,0.05,0.38,0.0,0.26,-1831.126953125
2839,0.05,0.38,0.0,0.27,-1838.787109375
2840,0.05,0.38,0.0,0.28,-1873.09912109375
2841,0.05,0.38,0.0,0.29,-1852.75634765625
2842,0.05,0.38,0.0,0.3,-1879.9493408203125
2843,0.05,0.38,0.0,0.31,-1833.169921875
2844,0.05,0.38,0.0,0.32,-1885.8466796875
2845,0.05,0.38,0.0,0.33,-1870.9119873046875
2846,0.05,0.38,0.0,0.34,-1857.550537109375
2847,0.05,0.38,0.0,0.35,-1860.759765625
2848,0.05,0.38,0.0,0.36,-1859.1348876953125
2849,0.05,0.38,0.0,0.37,-1942.6611328125
2850,0.05,0.38,0.0,0.38,-1904.7177734375
2851,0.05,0.38,0.0,0.39,-1947.729736328125
2852,0.05,0.38,0.0,0.4,-1964.5731201171875
2853,0.05,0.38,0.0,0.41,-1956.489990234375
2854,0.05,0.38,0.0,0.42,-1895.958984375
2855,0.05,0.38,0.0,0.43,-1941.5380859375
2856,0.05,0.38,0.0,0.44,-1926.2816162109375
2857,0.05,0.38,0.0,0.45,-1954.2822265625
2858,0.05,0.38,0.0,0.46,-1995.6590576171875
2859,0.05,0.38,0.0,0.47,-1923.16162109375
2860,0.05,0.38,0.0,0.48,-1956.204345703125
2861,0.05,0.38,0.0,0.49,-1966.357421875
2862,0.05,0.38,0.0,0.5,-2007.291259765625
2863,0.05,0.38,0.0,0.51,-1936.924072265625
2864,0.05,0.38,0.0,0.52,-2007.62109375
2865,0.05,0.38,0.0,0.53,-1966.931884765625
2866,0.05,0.38,0.0,0.54,-1937.9124755859375
2867,0.05,0.38,0.0,0.55,-1922.95703125
2868,0.05,0.38,0.0,0.56,-2020.2060546875
2869,0.05,0.38,0.0,0.57,-2030.7943115234375
2870,0.05,0.38,0.0,0.58,-2018.8037109375
2871,0.05,0.38,0.0,0.59,-1957.0001220703125
2872,0.05,0.38,0.0,0.6,-1977.551025390625
2873,0.05,0.38,0.0,0.61,-2085.6455078125
2874,0.05,0.38,0.0,0.62,-2035.737060546875
2875,0.05,0.38,0.0,0.63,-1993.32568359375
2876,0.05,0.38,0.0,0.64,-2035.94140625
2877,0.05,0.38,0.0,0.65,-2006.3441162109375
2878,0.05,0.38,0.0,0.66,-2035.443359375
2879,0.05,0.38,0.0,0.67,-2056.529296875
2880,0.05,0.38,0.0,0.68,-2021.5943603515625
2881,0.05,0.38,0.0,0.69,-2042.9991455078125
2882,0.05,0.38,0.0,0.7,-2059.724365234375
2883,0.05,0.38,0.0,0.71,-2041.112060546875
2884,0.05,0.38,0.0,0.72,-1992.793212890625
2885,0.05,0.38,0.0,0.73,-2038.04345703125
2886,0.05,0.38,0.0,0.74,-2076.4169921875
2887,0.05,0.38,0.0,0.75,-2062.994140625
2888,0.05,0.39,0.0,0.0,-3567.055419921875
2889,0.05,0.39,0.0,0.01,-1877.895751953125
2890,0.05,0.39,0.0,0.02,-1874.491455078125
2891,0.05,0.39,0.0,0.03,-1744.23974609375
2892,0.05,0.39,0.0,0.04,-1759.800537109375
2893,0.05,0.39,0.0,0.05,-1751.815673828125
2894,0.05,0.39,0.0,0.06,-1770.0784912109375
2895,0.05,0.39,0.0,0.07,-1748.67431640625
2896,0.05,0.39,0.0,0.08,-1734.6552734375
2897,0.05,0.39,0.0,0.09,-1721.7735595703125
2898,0.05,0.39,0.0,0.1,-1743.060302734375
2899,0.05,0.39,0.0,0.11,-1774.451171875
2900,0.05,0.39,0.0,0.12,-1786.4599609375
2901,0.05,0.39,0.0,0.13,-1760.338623046875
2902,0.05,0.39,0.0,0.14,-1794.015380859375
2903,0.05,0.39,0.0,0.15,-1708.6690673828125
2904,0.05,0.39,0.0,0.16,-1762.3658447265625
2905,0.05,0.39,0.0,0.17,-1774.8480224609375
2906,0.05,0.39,0.0,0.18,-1744.018798828125
2907,0.05,0.39,0.0,0.19,-1812.6558837890625
2908,0.05,0.39,0.0,0.2,-1770.7667236328125
2909,0.05,0.39,0.0,0.21,-1797.931396484375
2910,0.05,0.39,0.0,0.22,-1785.77734375
2911,0.05,0.39,0.0,0.23,-1788.527099609375
2912,0.05,0.39,0.0,0.24,-1789.0223388671875
2913,0.05,0.39,0.0,0.25,-1790.9317626953125
2914,0.05,0.39,0.0,0.26,-1757.241455078125
2915,0.05,0.39,0.0,0.27,-1793.7911376953125
2916,0.05,0.39,0.0,0.28,-1807.027099609375
2917,0.05,0.39,0.0,0.29,-1784.8564453125
2918,0.05,0.39,0.0,0.3,-1822.0419921875
2919,0.05,0.39,0.0,0.31,-1811.729248046875
2920,0.05,0.39,0.0,0.32,-1836.541259765625
2921,0.05,0.39,0.0,0.33,-1863.7529296875
2922,0.05,0.39,0.0,0.34,-1825.0439453125
2923,0.05,0.39,0.0,0.35,-1813.8511962890625
2924,0.05,0.39,0.0,0.36,-1819.56005859375
2925,0.05,0.39,0.0,0.37,-1848.364013671875
2926,0.05,0.39,0.0,0.38,-1856.84375
2927,0.05,0.39,0.0,0.39,-1806.31640625
2928,0.05,0.39,0.0,0.4,-1853.611083984375
2929,0.05,0.39,0.0,0.41,-1871.0140380859375
2930,0.05,0.39,0.0,0.42,-1832.465087890625
2931,0.05,0.39,0.0,0.43,-1883.703369140625
2932,0.05,0.39,0.0,0.44,-1863.9339599609375
2933,0.05,0.39,0.0,0.45,-1954.373779296875
2934,0.05,0.39,0.0,0.46,-1924.101806640625
2935,0.05,0.39,0.0,0.47,-1948.6849365234375
2936,0.05,0.39,0.0,0.48,-1904.9700927734375
2937,0.05,0.39,0.0,0.49,-1911.809326171875
2938,0.05,0.39,0.0,0.5,-1884.64111328125
2939,0.05,0.39,0.0,0.51,-1918.301025390625
2940,0.05,0.39,0.0,0.52,-1904.4871826171875
2941,0.05,0.39,0.0,0.53,-1953.8134765625
2942,0.05,0.39,0.0,0.54,-1923.89404296875
2943,0.05,0.39,0.0,0.55,-1936.6693115234375
2944,0.05,0.39,0.0,0.56,-1939.829833984375
2945,0.05,0.39,0.0,0.57,-1888.990966796875
2946,0.05,0.39,0.0,0.58,-1966.10546875
2947,0.05,0.39,0.0,0.59,-1920.942626953125
2948,0.05,0.39,0.0,0.6,-1940.48583984375
2949,0.05,0.39,0.0,0.61,-1967.7901611328125
2950,0.05,0.39,0.0,0.62,-1983.6710205078125
2951,0.05,0.39,0.0,0.63,-1979.5531005859375
2952,0.05,0.39,0.0,0.64,-1976.3603515625
2953,0.05,0.39,0.0,0.65,-1940.95166015625
2954,0.05,0.39,0.0,0.66,-1977.85498046875
2955,0.05,0.39,0.0,0.67,-1976.288330078125
2956,0.05,0.39,0.0,0.68,-2019.0377197265625
2957,0.05,0.39,0.0,0.69,-1920.672607421875
2958,0.05,0.39,0.0,0.7,-1972.131103515625
2959,0.05,0.39,0.0,0.71,-1963.5107421875
2960,0.05,0.39,0.0,0.72,-1977.76611328125
2961,0.05,0.39,0.0,0.73,-1985.9541015625
2962,0.05,0.39,0.0,0.74,-2038.8914794921875
2963,0.05,0.39,0.0,0.75,-2039.44677734375
2964,0.05,0.4,0.0,0.0,-3556.712890625
2965,0.05,0.4,0.0,0.01,-1843.306396484375
2966,0.05,0.4,0.0,0.02,-1759.254150390625
2967,0.05,0.4,0.0,0.03,-1744.445068359375
2968,0.05,0.4,0.0,0.04,-1717.178466796875
2969,0.05,0.4,0.0,0.05,-1752.155517578125
2970,0.05,0.4,0.0,0.06,-1718.45849609375
2971,0.05,0.4,0.0,0.07,-1748.894775390625
2972,0.05,0.4,0.0,0.08,-1755.1533203125
2973,0.05,0.4,0.0,0.09,-1704.6739501953125
2974,0.05,0.4,0.0,0.1,-1652.80029296875
2975,0.05,0.4,0.0,0.11,-1729.240478515625
2976,0.05,0.4,0.0,0.12,-1728.8546142578125
2977,0.05,0.4,0.0,0.13,-1730.792724609375
2978,0.05,0.4,0.0,0.14,-1718.1365966796875
2979,0.05,0.4,0.0,0.15,-1700.525390625
2980,0.05,0.4,0.0,0.16,-1740.744873046875
2981,0.05,0.4,0.0,0.17,-1667.735107421875
2982,0.05,0.4,0.0,0.18,-1744.5421142578125
2983,0.05,0.4,0.0,0.19,-1761.1309814453125
2984,0.05,0.4,0.0,0.2,-1752.06689453125
2985,0.05,0.4,0.0,0.21,-1738.438720703125
2986,0.05,0.4,0.0,0.22,-1736.9005126953125
2987,0.05,0.4,0.0,0.23,-1773.0478515625
2988,0.05,0.4,0.0,0.24,-1752.7969970703125
2989,0.05,0.4,0.0,0.25,-1721.02001953125
2990,0.05,0.4,0.0,0.26,-1719.09619140625
2991,0.05,0.4,0.0,0.27,-1753.27099609375
2992,0.05,0.4,0.0,0.28,-1739.02001953125
2993,0.05,0.4,0.0,0.29,-1770.7523193359375
2994,0.05,0.4,0.0,0.3,-1728.532470703125
2995,0.05,0.4,0.0,0.31,-1727.62451171875
2996,0.05,0.4,0.0,0.32,-1786.412841796875
2997,0.05,0.4,0.0,0.33,-1804.7335205078125
2998,0.05,0.4,0.0,0.34,-1784.84326171875
2999,0.05,0.4,0.0,0.35,-1794.572265625
3000,0.05,0.4,0.0,0.36,-1802.9234619140625
3001,0.05,0.4,0.0,0.37,-1825.3819580078125
3002,0.05,0.4,0.0,0.38,-1765.9481201171875
3003,0.05,0.4,0.0,0.39,-1802.375
3004,0.05,0.4,0.0,0.4,-1830.5748291015625
3005,0.05,0.4,0.0,0.41,-1798.90185546875
3006,0.05,0.4,0.0,0.42,-1810.658935546875
3007,0.05,0.4,0.0,0.43,-1839.347900390625
3008,0.05,0.4,0.0,0.44,-1802.2694091796875
3009,0.05,0.4,0.0,0.45,-1808.475341796875
3010,0.05,0.4,0.0,0.46,-1836.39501953125
3011,0.05,0.4,0.0,0.47,-1836.51953125
3012,0.05,0.4,0.0,0.48,-1855.07568359375
3013,0.05,0.4,0.0,0.49,-1852.42724609375
3014,0.05,0.4,0.0,0.5,-1848.261474609375
3015,0.05,0.4,0.0,0.51,-1877.1947021484375
3016,0.05,0.4,0.0,0.52,-1838.065185546875
3017,0.05,0.4,0.0,0.53,-1814.378173828125
3018,0.05,0.4,0.0,0.54,-1869.623779296875
3019,0.05,0.4,0.0,0.55,-1853.4718017578125
3020,0.05,0.4,0.0,0.56,-1908.832275390625
3021,0.05,0.4,0.0,0.57,-1869.33935546875
3022,0.05,0.4,0.0,0.58,-1899.324951171875
3023,0.05,0.4,0.0,0.59,-1921.8953857421875
3024,0.05,0.4,0.0,0.6,-1897.7440185546875
3025,0.05,0.4,0.0,0.61,-1896.71875
3026,0.05,0.4,0.0,0.62,-1887.792724609375
3027,0.05,0.4,0.0,0.63,-1902.1336669921875
3028,0.05,0.4,0.0,0.64,-1897.8057861328125
3029,0.05,0.4,0.0,0.65,-1933.274658203125
3030,0.05,0.4,0.0,0.66,-1935.1640625
3031,0.05,0.4,0.0,0.67,-1969.9736328125
3032,0.05,0.4,0.0,0.68,-1948.4620361328125
3033,0.05,0.4,0.0,0.69,-1957.29833984375
3034,0.05,0.4,0.0,0.7,-1913.0625
3035,0.05,0.4,0.0,0.71,-1948.2315673828125
3036,0.05,0.4,0.0,0.72,-1967.0050048828125
3037,0.05,0.4,0.0,0.73,-1959.090576171875
3038,0.05,0.4,0.0,0.74,-1962.5533447265625
3039,0.05,0.4,0.0,0.75,-1985.191162109375
3040,0.05,0.41,0.0,0.0,-3866.335693359375
3041,0.05,0.41,0.0,0.01,-1815.425048828125
3042,0.05,0.41,0.0,0.02,-1735.0245361328125
3043,0.05,0.41,0.0,0.03,-1737.555419921875
3044,0.05,0.41,0.0,0.04,-1685.2802734375
3045,0.05,0.41,0.0,0.05,-1710.2587890625
3046,0.05,0.41,0.0,0.06,-1720.7523193359375
3047,0.05,0.41,0.0,0.07,-1709.6312255859375
3048,0.05,0.41,0.0,0.08,-1674.66259765625
3049,0.05,0.41,0.0,0.09,-1677.374267578125
3050,0.05,0.41,0.0,0.1,-1673.6873779296875
3051,0.05,0.41,0.0,0.11,-1659.015625
3052,0.05,0.41,0.0,0.12,-1697.9072265625
3053,0.05,0.41,0.0,0.13,-1672.47119140625
3054,0.05,0.41,0.0,0.14,-1685.765869140625
3055,0.05,0.41,0.0,0.15,-1711.3065185546875
3056,0.05,0.41,0.0,0.16,-1710.2933349609375
3057,0.05,0.41,0.0,0.17,-1715.2557373046875
3058,0.05,0.41,0.0,0.18,-1697.906005859375
3059,0.05,0.41,0.0,0.19,-1707.518798828125
3060,0.05,0.41,0.0,0.2,-1713.30908203125
3061,0.05,0.41,0.0,0.21,-1675.86181640625
3062,0.05,0.41,0.0,0.22,-1695.57763671875
3063,0.05,0.41,0.0,0.23,-1708.5478515625
3064,0.05,0.41,0.0,0.24,-1694.0841064453125
3065,0.05,0.41,0.0,0.25,-1727.302490234375
3066,0.05,0.41,0.0,0.26,-1725.808349609375
3067,0.05,0.41,0.0,0.27,-1728.169921875
3068,0.05,0.41,0.0,0.28,-1744.1739501953125
3069,0.05,0.41,0.0,0.29,-1710.021484375
3070,0.05,0.41,0.0,0.3,-1696.7890625
3071,0.05,0.41,0.0,0.31,-1723.082275390625
3072,0.05,0.41,0.0,0.32,-1743.56982421875
3073,0.05,0.41,0.0,0.33,-1744.8250732421875
3074,0.05,0.41,0.0,0.34,-1754.60791015625
3075,0.05,0.41,0.0,0.35,-1761.7744140625
3076,0.05,0.41,0.0,0.36,-1783.899169921875
3077,0.05,0.41,0.0,0.37,-1746.6541748046875
3078,0.05,0.41,0.0,0.38,-1738.7047119140625
3079,0.05,0.41,0.0,0.39,-1776.08740234375
3080,0.05,0.41,0.0,0.4,-1753.467529296875
3081,0.05,0.41,0.0,0.41,-1805.2801513671875
3082,0.05,0.41,0.0,0.42,-1787.3984375
3083,0.05,0.41,0.0,0.43,-1788.4068603515625
3084,0.05,0.41,0.0,0.44,-1809.8204345703125
3085,0.05,0.41,0.0,0.45,-1772.42919921875
3086,0.05,0.41,0.0,0.46,-1798.4921875
3087,0.05,0.41,0.0,0.47,-1800.0869140625
3088,0.05,0.41,0.0,0.48,-1789.98681640625
3089,0.05,0.41,0.0,0.49,-1831.730224609375
3090,0.05,0.41,0.0,0.5,-1829.9920654296875
3091,0.05,0.41,0.0,0.51,-1823.81787109375
3092,0.05,0.41,0.0,0.52,-1850.552001953125
3093,0.05,0.41,0.0,0.53,-1842.093994140625
3094,0.05,0.41,0.0,0.54,-1817.755615234375
3095,0.05,0.41,0.0,0.55,-1830.13427734375
3096,0.05,0.41,0.0,0.56,-1863.5496826171875
3097,0.05,0.41,0.0,0.57,-1844.7724609375
3098,0.05,0.41,0.0,0.58,-1860.164794921875
3099,0.05,0.41,0.0,0.59,-1826.5062255859375
3100,0.05,0.41,0.0,0.6,-1842.818603515625
3101,0.05,0.41,0.0,0.61,-1860.95458984375
3102,0.05,0.41,0.0,0.62,-1871.881103515625
3103,0.05,0.41,0.0,0.63,-1871.3133544921875
3104,0.05,0.41,0.0,0.64,-1884.68359375
3105,0.05,0.41,0.0,0.65,-1901.1005859375
3106,0.05,0.41,0.0,0.66,-1905.443359375
3107,0.05,0.41,0.0,0.67,-1911.92333984375
3108,0.05,0.41,0.0,0.68,-1901.9542236328125
3109,0.05,0.41,0.0,0.69,-1922.911376953125
3110,0.05,0.41,0.0,0.7,-1904.507080078125
3111,0.05,0.41,0.0,0.71,-1917.3443603515625
3112,0.05,0.41,0.0,0.72,-1903.356689453125
3113,0.05,0.41,0.0,0.73,-1940.4296875
3114,0.05,0.41,0.0,0.74,-1920.74853515625
3115,0.05,0.41,0.0,0.75,-1964.920166015625
3116,0.05,0.42,0.0,0.0,-3834.8525390625
3117,0.05,0.42,0.0,0.01,-1783.6085205078125
3118,0.05,0.42,0.0,0.02,-1751.5419921875
3119,0.05,0.42,0.0,0.03,-1715.89892578125
3120,0.05,0.42,0.0,0.04,-1695.2684326171875
3121,0.05,0.42,0.0,0.05,-1672.53955078125
3122,0.05,0.42,0.0,0.06,-1680.377685546875
3123,0.05,0.42,0.0,0.07,-1681.166259765625
3124,0.05,0.42,0.0,0.08,-1651.7259521484375
3125,0.05,0.42,0.0,0.09,-1669.6064453125
3126,0.05,0.42,0.0,0.1,-1667.155029296875
3127,0.05,0.42,0.0,0.11,-1665.9345703125
3128,0.05,0.42,0.0,0.12,-1643.44921875
3129,0.05,0.42,0.0,0.13,-1653.51123046875
3130,0.05,0.42,0.0,0.14,-1654.2147216796875
3131,0.05,0.42,0.0,0.15,-1668.727783203125
3132,0.05,0.42,0.0,0.16,-1660.407470703125
3133,0.05,0.42,0.0,0.17,-1667.414306640625
3134,0.05,0.42,0.0,0.18,-1677.3955078125
3135,0.05,0.42,0.0,0.19,-1671.8974609375
3136,0.05,0.42,0.0,0.2,-1664.1988525390625
3137,0.05,0.42,0.0,0.21,-1664.94091796875
3138,0.05,0.42,0.0,0.22,-1671.8082275390625
3139,0.05,0.42,0.0,0.23,-1682.44189453125
3140,0.05,0.42,0.0,0.24,-1683.50634765625
3141,0.05,0.42,0.0,0.25,-1681.957275390625
3142,0.05,0.42,0.0,0.26,-1698.897216796875
3143,0.05,0.42,0.0,0.27,-1706.134765625
3144,0.05,0.42,0.0,0.28,-1682.468505859375
3145,0.05,0.42,0.0,0.29,-1704.0279541015625
3146,0.05,0.42,0.0,0.3,-1705.188232421875
3147,0.05,0.42,0.0,0.31,-1714.3878173828125
3148,0.05,0.42,0.0,0.32,-1715.13427734375
3149,0.05,0.42,0.0,0.33,-1720.570556640625
3150,0.05,0.42,0.0,0.34,-1710.658935546875
3151,0.05,0.42,0.0,0.35,-1718.424072265625
3152,0.05,0.42,0.0,0.36,-1732.9173583984375
3153,0.05,0.42,0.0,0.37,-1751.087646484375
3154,0.05,0.42,0.0,0.38,-1747.0728759765625
3155,0.05,0.42,0.0,0.39,-1737.14501953125
3156,0.05,0.42,0.0,0.4,-1747.61962890625
3157,0.05,0.42,0.0,0.41,-1753.83203125
3158,0.05,0.42,0.0,0.42,-1765.041748046875
3159,0.05,0.42,0.0,0.43,-1751.760986328125
3160,0.05,0.42,0.0,0.44,-1763.680908203125
3161,0.05,0.42,0.0,0.45,-1790.8585205078125
3162,0.05,0.42,0.0,0.46,-1786.9810791015625
3163,0.05,0.42,0.0,0.47,-1786.9473876953125
3164,0.05,0.42,0.0,0.48,-1780.1170654296875
3165,0.05,0.42,0.0,0.49,-1801.7657470703125
3166,0.05,0.42,0.0,0.5,-1802.37841796875
3167,0.05,0.42,0.0,0.51,-1797.8519287109375
3168,0.05,0.42,0.0,0.52,-1797.8277587890625
3169,0.05,0.42,0.0,0.53,-1802.487060546875
3170,0.05,0.42,0.0,0.54,-1817.85400390625
3171,0.05,0.42,0.0,0.55,-1809.22705078125
3172,0.05,0.42,0.0,0.56,-1838.7216796875
3173,0.05,0.42,0.0,0.57,-1831.959228515625
3174,0.05,0.42,0.0,0.58,-1844.6842041015625
3175,0.05,0.42,0.0,0.59,-1850.88818359375
3176,0.05,0.42,0.0,0.6,-1829.62451171875
3177,0.05,0.42,0.0,0.61,-1853.2823486328125
3178,0.05,0.42,0.0,0.62,-1866.118408203125
3179,0.05,0.42,0.0,0.63,-1865.8564453125
3180,0.05,0.42,0.0,0.64,-1867.9993896484375
3181,0.05,0.42,0.0,0.65,-1873.333740234375
3182,0.05,0.42,0.0,0.66,-1889.601806640625
3183,0.05,0.42,0.0,0.67,-1888.3402099609375
3184,0.05,0.42,0.0,0.68,-1907.33837890625
3185,0.05,0.42,0.0,0.69,-1890.649658203125
3186,0.05,0.42,0.0,0.7,-1894.957763671875
3187,0.05,0.42,0.0,0.71,-1898.298828125
3188,0.05,0.42,0.0,0.72,-1908.386474609375
3189,0.05,0.42,0.0,0.73,-1925.435546875
3190,0.05,0.42,0.0,0.74,-1920.54345703125
3191,0.05,0.42,0.0,0.75,-1929.93896484375
3192,0.05,0.43,0.0,0.0,-3799.07666015625
3193,0.05,0.43,0.0,0.01,-1759.4951171875
3194,0.05,0.43,0.0,0.02,-1720.88818359375
3195,0.05,0.43,0.0,0.03,-1687.261474609375
3196,0.05,0.43,0.0,0.04,-1684.1614990234375
3197,0.05,0.43,0.0,0.05,-1676.822021484375
3198,0.05,0.43,0.0,0.06,-1667.0623779296875
3199,0.05,0.43,0.0,0.07,-1661.066650390625
3200,0.05,0.43,0.0,0.08,-1652.961669921875
3201,0.05,0.43,0.0,0.09,-1650.39404296875
3202,0.05,0.43,0.0,0.1,-1651.1162109375
3203,0.05,0.43,0.0,0.11,-1647.255126953125
3204,0.05,0.43,0.0,0.12,-1640.893310546875
3205,0.05,0.43,0.0,0.13,-1647.72265625
3206,0.05,0.43,0.0,0.14,-1659.563720703125
3207,0.05,0.43,0.0,0.15,-1651.9144287109375
3208,0.05,0.43,0.0,0.16,-1646.6337890625
3209,0.05,0.43,0.0,0.17,-1653.9462890625
3210,0.05,0.43,0.0,0.18,-1659.9537353515625
3211,0.05,0.43,0.0,0.19,-1671.60693359375
3212,0.05,0.43,0.0,0.2,-1646.3851318359375
3213,0.05,0.43,0.0,0.21,-1662.31396484375
3214,0.05,0.43,0.0,0.22,-1659.23486328125
3215,0.05,0.43,0.0,0.23,-1678.689453125
3216,0.05,0.43,0.0,0.24,-1671.394287109375
3217,0.05,0.43,0.0,0.25,-1670.77490234375
3218,0.05,0.43,0.0,0.26,-1680.2406005859375
3219,0.05,0.43,0.0,0.27,-1685.593505859375
3220,0.05,0.43,0.0,0.28,-1676.5072021484375
3221,0.05,0.43,0.0,0.29,-1681.95654296875
3222,0.05,0.43,0.0,0.3,-1703.771728515625
3223,0.05,0.43,0.0,0.31,-1710.83935546875
3224,0.05,0.43,0.0,0.32,-1699.8763427734375
3225,0.05,0.43,0.0,0.33,-1701.9937744140625
3226,0.05,0.43,0.0,0.34,-1710.498779296875
3227,0.05,0.43,0.0,0.35,-1710.838623046875
3228,0.05,0.43,0.0,0.36,-1720.463134765625
3229,0.05,0.43,0.0,0.37,-1723.32080078125
3230,0.05,0.43,0.0,0.38,-1733.147216796875
3231,0.05,0.43,0.0,0.39,-1731.123779296875
3232,0.05,0.43,0.0,0.4,-1731.54248046875
3233,0.05,0.43,0.0,0.41,-1742.0235595703125
3234,0.05,0.43,0.0,0.42,-1759.2847900390625
3235,0.05,0.43,0.0,0.43,-1747.008544921875
3236,0.05,0.43,0.0,0.44,-1758.4161376953125
3237,0.05,0.43,0.0,0.45,-1760.28125
3238,0.05,0.43,0.0,0.46,-1765.9515380859375
3239,0.05,0.43,0.0,0.47,-1771.674560546875
3240,0.05,0.43,0.0,0.48,-1772.98046875
3241,0.05,0.43,0.0,0.49,-1775.0589599609375
3242,0.05,0.43,0.0,0.5,-1784.463134765625
3243,0.05,0.43,0.0,0.51,-1786.1708984375
3244,0.05,0.43,0.0,0.52,-1798.6513671875
3245,0.05,0.43,0.0,0.53,-1805.28466796875
3246,0.05,0.43,0.0,0.54,-1799.34228515625
3247,0.05,0.43,0.0,0.55,-1807.6640625
3248,0.05,0.43,0.0,0.56,-1822.75048828125
3249,0.05,0.43,0.0,0.57,-1817.4208984375
3250,0.05,0.43,0.0,0.58,-1817.535888671875
3251,0.05,0.43,0.0,0.59,-1824.0311279296875
3252,0.05,0.43,0.0,0.6,-1843.7530517578125
3253,0.05,0.43,0.0,0.61,-1847.3392333984375
3254,0.05,0.43,0.0,0.62,-1841.36572265625
3255,0.05,0.43,0.0,0.63,-1841.392333984375
3256,0.05,0.43,0.0,0.64,-1849.673828125
3257,0.05,0.43,0.0,0.65,-1865.43896484375
3258,0.05,0.43,0.0,0.66,-1857.1531982421875
3259,0.05,0.43,0.0,0.67,-1881.6256103515625
3260,0.05,0.43,0.0,0.68,-1872.1015625
3261,0.05,0.43,0.0,0.69,-1884.3385009765625
3262,0.05,0.43,0.0,0.7,-1877.64697265625
3263,0.05,0.43,0.0,0.71,-1887.3089599609375
3264,0.05,0.43,0.0,0.72,-1898.795166015625
3265,0.05,0.43,0.0,0.73,-1899.504150390625
3266,0.05,0.43,0.0,0.74,-1904.760986328125
3267,0.05,0.43,0.0,0.75,-1911.5391845703125
3268,0.05,0.44,0.0,0.0,-3782.025634765625
3269,0.05,0.44,0.0,0.01,-1753.3763427734375
3270,0.05,0.44,0.0,0.02,-1715.1439208984375
3271,0.05,0.44,0.0,0.03,-1685.816650390625
3272,0.05,0.44,0.0,0.04,-1676.27587890625
3273,0.05,0.44,0.0,0.05,-1664.076171875
3274,0.05,0.44,0.0,0.06,-1657.02587890625
3275,0.05,0.44,0.0,0.07,-1645.3958740234375
3276,0.05,0.44,0.0,0.08,-1651.808837890625
3277,0.05,0.44,0.0,0.09,-1647.83203125
3278,0.05,0.44,0.0,0.1,-1639.85546875
3279,0.05,0.44,0.0,0.11,-1641.3878173828125
3280,0.05,0.44,0.0,0.12,-1643.974609375
3281,0.05,0.44,0.0,0.13,-1642.6851806640625
3282,0.05,0.44,0.0,0.14,-1643.57861328125
3283,0.05,0.44,0.0,0.15,-1641.9593505859375
3284,0.05,0.44,0.0,0.16,-1643.6396484375
3285,0.05,0.44,0.0,0.17,-1648.346435546875
3286,0.05,0.44,0.0,0.18,-1644.0933837890625
3287,0.05,0.44,0.0,0.19,-1652.856201171875
3288,0.05,0.44,0.0,0.2,-1657.74853515625
3289,0.05,0.44,0.0,0.21,-1655.5469970703125
3290,0.05,0.44,0.0,0.22,-1657.987060546875
3291,0.05,0.44,0.0,0.23,-1666.7364501953125
3292,0.05,0.44,0.0,0.24,-1667.920654296875
3293,0.05,0.44,0.0,0.25,-1665.539794921875
3294,0.05,0.44,0.0,0.26,-1675.3118896484375
3295,0.05,0.44,0.0,0.27,-1676.4981689453125
3296,0.05,0.44,0.0,0.28,-1680.625
3297,0.05,0.44,0.0,0.29,-1691.08544921875
3298,0.05,0.44,0.0,0.3,-1681.5372314453125
3299,0.05,0.44,0.0,0.31,-1692.21435546875
3300,0.05,0.44,0.0,0.32,-1691.88916015625
3301,0.05,0.44,0.0,0.33,-1702.551025390625
3302,0.05,0.44,0.0,0.34,-1696.53125
3303,0.05,0.44,0.0,0.35,-1708.86474609375
3304,0.05,0.44,0.0,0.36,-1710.972900390625
3305,0.05,0.44,0.0,0.37,-1716.394775390625
3306,0.05,0.44,0.0,0.38,-1722.881591796875
3307,0.05,0.44,0.0,0.39,-1733.046142578125
3308,0.05,0.44,0.0,0.4,-1730.30126953125
3309,0.05,0.44,0.0,0.41,-1738.348876953125
3310,0.05,0.44,0.0,0.42,-1742.666259765625
3311,0.05,0.44,0.0,0.43,-1744.11279296875
3312,0.05,0.44,0.0,0.44,-1748.55322265625
3313,0.05,0.44,0.0,0.45,-1756.6605224609375
3314,0.05,0.44,0.0,0.46,-1758.545654296875
3315,0.05,0.44,0.0,0.47,-1761.12451171875
3316,0.05,0.44,0.0,0.48,-1764.159912109375
3317,0.05,0.44,0.0,0.49,-1773.4151611328125
3318,0.05,0.44,0.0,0.5,-1772.9027099609375
3319,0.05,0.44,0.0,0.51,-1789.05615234375
3320,0.05,0.44,0.0,0.52,-1781.795654296875
3321,0.05,0.44,0.0,0.53,-1784.29931640625
3322,0.05,0.44,0.0,0.54,-1801.103515625
3323,0.05,0.44,0.0,0.55,-1801.445068359375
3324,0.05,0.44,0.0,0.56,-1807.605712890625
3325,0.05,0.44,0.0,0.57,-1819.511962890625
3326,0.05,0.44,0.0,0.58,-1817.1114501953125
3327,0.05,0.44,0.0,0.59,-1826.7725830078125
3328,0.05,0.44,0.0,0.6,-1825.872314453125
3329,0.05,0.44,0.0,0.61,-1833.713623046875
3330,0.05,0.44,0.0,0.62,-1837.597900390625
3331,0.05,0.44,0.0,0.63,-1835.1728515625
3332,0.05,0.44,0.0,0.64,-1845.426025390625
3333,0.05,0.44,0.0,0.65,-1849.093017578125
3334,0.05,0.44,0.0,0.66,-1851.63623046875
3335,0.05,0.44,0.0,0.67,-1862.5380859375
3336,0.05,0.44,0.0,0.68,-1868.34814453125
3337,0.05,0.44,0.0,0.69,-1877.4493408203125
3338,0.05,0.44,0.0,0.7,-1879.09765625
3339,0.05,0.44,0.0,0.71,-1878.687255859375
3340,0.05,0.44,0.0,0.72,-1900.8575439453125
3341,0.05,0.44,0.0,0.73,-1892.7359619140625
3342,0.05,0.44,0.0,0.74,-1900.0413818359375
3343,0.05,0.44,0.0,0.75,-1903.560791015625
3344,0.05,0.45,0.0,0.0,-3441.3779296875
3345,0.05,0.45,0.0,0.01,-1757.40966796875
3346,0.05,0.45,0.0,0.02,-1715.893310546875
3347,0.05,0.45,0.0,0.03,-1684.38818359375
3348,0.05,0.45,0.0,0.04,-1671.7001953125
3349,0.05,0.45,0.0,0.05,-1661.26513671875
3350,0.05,0.45,0.0,0.06,-1651.5626220703125
3351,0.05,0.45,0.0,0.07,-1665.0540771484375
3352,0.05,0.45,0.0,0.08,-1643.0267333984375
3353,0.05,0.45,0.0,0.09,-1641.36279296875
3354,0.05,0.45,0.0,0.1,-1640.190673828125
3355,0.05,0.45,0.0,0.11,-1636.97119140625
3356,0.05,0.45,0.0,0.12,-1638.24267578125
3357,0.05,0.45,0.0,0.13,-1635.8580322265625
3358,0.05,0.45,0.0,0.14,-1636.51220703125
3359,0.05,0.45,0.0,0.15,-1635.6781005859375
3360,0.05,0.45,0.0,0.16,-1638.80810546875
3361,0.05,0.45,0.0,0.17,-1648.41259765625
3362,0.05,0.45,0.0,0.18,-1641.3408203125
3363,0.05,0.45,0.0,0.19,-1644.96875
3364,0.05,0.45,0.0,0.2,-1651.708251953125
3365,0.05,0.45,0.0,0.21,-1653.38232421875
3366,0.05,0.45,0.0,0.22,-1654.52001953125
3367,0.05,0.45,0.0,0.23,-1658.4180908203125
3368,0.05,0.45,0.0,0.24,-1662.4013671875
3369,0.05,0.45,0.0,0.25,-1660.888671875
3370,0.05,0.45,0.0,0.26,-1668.255859375
3371,0.05,0.45,0.0,0.27,-1670.98388671875
3372,0.05,0.45,0.0,0.28,-1672.396240234375
3373,0.05,0.45,0.0,0.29,-1681.113037109375
3374,0.05,0.45,0.0,0.3,-1679.740234375
3375,0.05,0.45,0.0,0.31,-1687.457763671875
3376,0.05,0.45,0.0,0.32,-1688.087890625
3377,0.05,0.45,0.0,0.33,-1697.9722900390625
3378,0.05,0.45,0.0,0.34,-1699.7093505859375
3379,0.05,0.45,0.0,0.35,-1701.0908203125
3380,0.05,0.45,0.0,0.36,-1704.3221435546875
3381,0.05,0.45,0.0,0.37,-1711.754638671875
3382,0.05,0.45,0.0,0.38,-1719.170166015625
3383,0.05,0.45,0.0,0.39,-1719.6044921875
3384,0.05,0.45,0.0,0.4,-1724.34521484375
3385,0.05,0.45,0.0,0.41,-1730.7705078125
3386,0.05,0.45,0.0,0.42,-1731.8040771484375
3387,0.05,0.45,0.0,0.43,-1742.3065185546875
3388,0.05,0.45,0.0,0.44,-1741.47119140625
3389,0.05,0.45,0.0,0.45,-1749.12548828125
3390,0.05,0.45,0.0,0.46,-1752.0478515625
3391,0.05,0.45,0.0,0.47,-1755.1539306640625
3392,0.05,0.45,0.0,0.48,-1762.1444091796875
3393,0.05,0.45,0.0,0.49,-1768.241455078125
3394,0.05,0.45,0.0,0.5,-1774.20166015625
3395,0.05,0.45,0.0,0.51,-1778.6834716796875
3396,0.05,0.45,0.0,0.52,-1787.991455078125
3397,0.05,0.45,0.0,0.53,-1785.27001953125
3398,0.05,0.45,0.0,0.54,-1792.3515625
3399,0.05,0.45,0.0,0.55,-1796.49755859375
3400,0.05,0.45,0.0,0.56,-1801.0035400390625
3401,0.05,0.45,0.0,0.57,-1806.31787109375
3402,0.05,0.45,0.0,0.58,-1813.977783203125
3403,0.05,0.45,0.0,0.59,-1820.558837890625
3404,0.05,0.45,0.0,0.6,-1822.039306640625
3405,0.05,0.45,0.0,0.61,-1832.301025390625
3406,0.05,0.45,0.0,0.62,-1834.122314453125
3407,0.05,0.45,0.0,0.63,-1835.914794921875
3408,0.05,0.45,0.0,0.64,-1842.5439453125
3409,0.05,0.45,0.0,0.65,-1849.406982421875
3410,0.05,0.45,0.0,0.66,-1851.5887451171875
3411,0.05,0.45,0.0,0.67,-1860.025634765625
3412,0.05,0.45,0.0,0.68,-1866.364990234375
3413,0.05,0.45,0.0,0.69,-1871.989013671875
3414,0.05,0.45,0.0,0.7,-1875.39404296875
3415,0.05,0.45,0.0,0.71,-1878.24951171875
3416,0.05,0.45,0.0,0.72,-1884.615234375
3417,0.05,0.45,0.0,0.73,-1890.423583984375
3418,0.05,0.45,0.0,0.74,-1896.153076171875
3419,0.05,0.45,0.0,0.75,-1900.0009765625
3420,0.05,0.46,0.0,0.0,-3399.30029296875
3421,0.05,0.46,0.0,0.01,-1757.0
3422,0.05,0.46,0.0,0.02,-1706.103759765625
3423,0.05,0.46,0.0,0.03,-1682.2513427734375
3424,0.05,0.46,0.0,0.04,-1669.23828125
3425,0.05,0.46,0.0,0.05,-1657.72705078125
3426,0.05,0.46,0.0,0.06,-1648.461181640625
3427,0.05,0.46,0.0,0.07,-1643.5323486328125
3428,0.05,0.46,0.0,0.08,-1642.149658203125
3429,0.05,0.46,0.0,0.09,-1637.718994140625
3430,0.05,0.46,0.0,0.1,-1635.201904296875
3431,0.05,0.46,0.0,0.11,-1633.97265625
3432,0.05,0.46,0.0,0.12,-1634.503662109375
3433,0.05,0.46,0.0,0.13,-1635.7138671875
3434,0.05,0.46,0.0,0.14,-1635.0859375
3435,0.05,0.46,0.0,0.15,-1636.2374267578125
3436,0.05,0.46,0.0,0.16,-1639.433837890625
3437,0.05,0.46,0.0,0.17,-1638.653076171875
3438,0.05,0.46,0.0,0.18,-1642.414794921875
3439,0.05,0.46,0.0,0.19,-1645.2305908203125
3440,0.05,0.46,0.0,0.2,-1646.089599609375
3441,0.05,0.46,0.0,0.21,-1649.1031494140625
3442,0.05,0.46,0.0,0.22,-1652.0849609375
3443,0.05,0.46,0.0,0.23,-1654.189453125
3444,0.05,0.46,0.0,0.24,-1657.478271484375
3445,0.05,0.46,0.0,0.25,-1661.9154052734375
3446,0.05,0.46,0.0,0.26,-1664.940673828125
3447,0.05,0.46,0.0,0.27,-1667.916748046875
3448,0.05,0.46,0.0,0.28,-1672.020263671875
3449,0.05,0.46,0.0,0.29,-1679.2191162109375
3450,0.05,0.46,0.0,0.3,-1678.849609375
3451,0.05,0.46,0.0,0.31,-1684.099609375
3452,0.05,0.46,0.0,0.32,-1687.279052734375
3453,0.05,0.46,0.0,0.33,-1693.31787109375
3454,0.05,0.46,0.0,0.34,-1696.16748046875
3455,0.05,0.46,0.0,0.35,-1701.258544921875
3456,0.05,0.46,0.0,0.36,-1704.0306396484375
3457,0.05,0.46,0.0,0.37,-1708.767333984375
3458,0.05,0.46,0.0,0.38,-1712.859130859375
3459,0.05,0.46,0.0,0.39,-1718.6796875
3460,0.05,0.46,0.0,0.4,-1724.54443359375
3461,0.05,0.46,0.0,0.41,-1728.4267578125
3462,0.05,0.46,0.0,0.42,-1732.6307373046875
3463,0.05,0.46,0.0,0.43,-1738.341064453125
3464,0.05,0.46,0.0,0.44,-1740.662841796875
3465,0.05,0.46,0.0,0.45,-1745.898193359375
3466,0.05,0.46,0.0,0.46,-1752.9715576171875
3467,0.05,0.46,0.0,0.47,-1760.7763671875
3468,0.05,0.46,0.0,0.48,-1761.353759765625
3469,0.05,0.46,0.0,0.49,-1765.9052734375
3470,0.05,0.46,0.0,0.5,-1770.189697265625
3471,0.05,0.46,0.0,0.51,-1775.0311279296875
3472,0.05,0.46,0.0,0.52,-1781.564453125
3473,0.05,0.46,0.0,0.53,-1785.180419921875
3474,0.05,0.46,0.0,0.54,-1791.43408203125
3475,0.05,0.46,0.0,0.55,-1794.7576904296875
3476,0.05,0.46,0.0,0.56,-1801.2772216796875
3477,0.05,0.46,0.0,0.57,-1806.371337890625
3478,0.05,0.46,0.0,0.58,-1809.078857421875
3479,0.05,0.46,0.0,0.59,-1816.9019775390625
3480,0.05,0.46,0.0,0.6,-1823.161865234375
3481,0.05,0.46,0.0,0.61,-1826.7960205078125
3482,0.05,0.46,0.0,0.62,-1833.3363037109375
3483,0.05,0.46,0.0,0.63,-1835.704345703125
3484,0.05,0.46,0.0,0.64,-1845.5927734375
3485,0.05,0.46,0.0,0.65,-1850.75
3486,0.05,0.46,0.0,0.66,-1851.962158203125
3487,0.05,0.46,0.0,0.67,-1859.22216796875
3488,0.05,0.46,0.0,0.68,-1864.961181640625
3489,0.05,0.46,0.0,0.69,-1865.8602294921875
3490,0.05,0.46,0.0,0.7,-1872.759521484375
3491,0.05,0.46,0.0,0.71,-1881.90625
3492,0.05,0.46,0.0,0.72,-1885.04296875
3493,0.05,0.46,0.0,0.73,-1887.111328125
3494,0.05,0.46,0.0,0.74,-1895.126708984375
3495,0.05,0.46,0.0,0.75,-1900.78271484375
3496,0.05,0.47,0.0,0.0,-3818.874755859375
3497,0.05,0.47,0.0,0.01,-1751.8802490234375
3498,0.05,0.47,0.0,0.02,-1705.4102783203125
3499,0.05,0.47,0.0,0.03,-1683.1566162109375
3500,0.05,0.47,0.0,0.04,-1670.4132080078125
3501,0.05,0.47,0.0,0.05,-1654.78515625
3502,0.05,0.47,0.0,0.06,-1647.79638671875
3503,0.05,0.47,0.0,0.07,-1642.5281982421875
3504,0.05,0.47,0.0,0.08,-1639.8677978515625
3505,0.05,0.47,0.0,0.09,-1634.83984375
3506,0.05,0.47,0.0,0.1,-1633.655029296875
3507,0.05,0.47,0.0,0.11,-1641.102294921875
3508,0.05,0.47,0.0,0.12,-1632.4765625
3509,0.05,0.47,0.0,0.13,-1634.02685546875
3510,0.05,0.47,0.0,0.14,-1634.017822265625
3511,0.05,0.47,0.0,0.15,-1634.895751953125
3512,0.05,0.47,0.0,0.16,-1636.6943359375
3513,0.05,0.47,0.0,0.17,-1638.814453125
3514,0.05,0.47,0.0,0.18,-1639.8973388671875
3515,0.05,0.47,0.0,0.19,-1643.5330810546875
3516,0.05,0.47,0.0,0.2,-1645.8720703125
3517,0.05,0.47,0.0,0.21,-1646.847900390625
3518,0.05,0.47,0.0,0.22,-1650.447509765625
3519,0.05,0.47,0.0,0.23,-1653.42578125
3520,0.05,0.47,0.0,0.24,-1656.9599609375
3521,0.05,0.47,0.0,0.25,-1659.22021484375
3522,0.05,0.47,0.0,0.26,-1663.9005126953125
3523,0.05,0.47,0.0,0.27,-1667.4703369140625
3524,0.05,0.47,0.0,0.28,-1672.348388671875
3525,0.05,0.47,0.0,0.29,-1678.6055908203125
3526,0.05,0.47,0.0,0.3,-1679.6102294921875
3527,0.05,0.47,0.0,0.31,-1682.915283203125
3528,0.05,0.47,0.0,0.32,-1686.539794921875
3529,0.05,0.47,0.0,0.33,-1691.29296875
3530,0.05,0.47,0.0,0.34,-1695.436767578125
3531,0.05,0.47,0.0,0.35,-1704.906982421875
3532,0.05,0.47,0.0,0.36,-1704.9190673828125
3533,0.05,0.47,0.0,0.37,-1709.666748046875
3534,0.05,0.47,0.0,0.38,-1714.4837646484375
3535,0.05,0.47,0.0,0.39,-1716.84033203125
3536,0.05,0.47,0.0,0.4,-1722.7904052734375
3537,0.05,0.47,0.0,0.41,-1726.51513671875
3538,0.05,0.47,0.0,0.42,-1733.464599609375
3539,0.05,0.47,0.0,0.43,-1734.8565673828125
3540,0.05,0.47,0.0,0.44,-1740.8460693359375
3541,0.05,0.47,0.0,0.45,-1745.321533203125
3542,0.05,0.47,0.0,0.46,-1751.3106689453125
3543,0.05,0.47,0.0,0.47,-1754.809814453125
3544,0.05,0.47,0.0,0.48,-1760.662353515625
3545,0.05,0.47,0.0,0.49,-1765.16650390625
3546,0.05,0.47,0.0,0.5,-1771.3746337890625
3547,0.05,0.47,0.0,0.51,-1776.2021484375
3548,0.05,0.47,0.0,0.52,-1780.472412109375
3549,0.05,0.47,0.0,0.53,-1785.01025390625
3550,0.05,0.47,0.0,0.54,-1789.306640625
3551,0.05,0.47,0.0,0.55,-1795.259033203125
3552,0.05,0.47,0.0,0.56,-1801.284912109375
3553,0.05,0.47,0.0,0.57,-1807.269775390625
3554,0.05,0.47,0.0,0.58,-1808.5672607421875
3555,0.05,0.47,0.0,0.59,-1815.553466796875
3556,0.05,0.47,0.0,0.6,-1822.279541015625
3557,0.05,0.47,0.0,0.61,-1825.880615234375
3558,0.05,0.47,0.0,0.62,-1829.079833984375
3559,0.05,0.47,0.0,0.63,-1837.212158203125
3560,0.05,0.47,0.0,0.64,-1840.202392578125
3561,0.05,0.47,0.0,0.65,-1848.11572265625
3562,0.05,0.47,0.0,0.66,-1853.365234375
3563,0.05,0.47,0.0,0.67,-1858.8441162109375
3564,0.05,0.47,0.0,0.68,-1864.44970703125
3565,0.05,0.47,0.0,0.69,-1869.072509765625
3566,0.05,0.47,0.0,0.7,-1873.4930419921875
3567,0.05,0.47,0.0,0.71,-1877.51025390625
3568,0.05,0.47,0.0,0.72,-1887.30517578125
3569,0.05,0.47,0.0,0.73,-1890.56689453125
3570,0.05,0.47,0.0,0.74,-1895.656982421875
3571,0.05,0.47,0.0,0.75,-1902.4052734375
3572,0.05,0.48,0.0,0.0,-3773.66650390625
3573,0.05,0.48,0.0,0.01,-1747.411376953125
3574,0.05,0.48,0.0,0.02,-1706.0733642578125
3575,0.05,0.48,0.0,0.03,-1681.8662109375
3576,0.05,0.48,0.0,0.04,-1666.676513671875
3577,0.05,0.48,0.0,0.05,-1656.3203125
3578,0.05,0.48,0.0,0.06,-1647.614990234375
3579,0.05,0.48,0.0,0.07,-1642.700439453125
3580,0.05,0.48,0.0,0.08,-1648.0341796875
3581,0.05,0.48,0.0,0.09,-1638.8016357421875
3582,0.05,0.48,0.0,0.1,-1641.0245361328125
3583,0.05,0.48,0.0,0.11,-1634.907958984375
3584,0.05,0.48,0.0,0.12,-1632.91015625
3585,0.05,0.48,0.0,0.13,-1633.395751953125
3586,0.05,0.48,0.0,0.14,-1633.8206787109375
3587,0.05,0.48,0.0,0.15,-1635.93994140625
3588,0.05,0.48,0.0,0.16,-1641.0677490234375
3589,0.05,0.48,0.0,0.17,-1640.9443359375
3590,0.05,0.48,0.0,0.18,-1644.958984375
3591,0.05,0.48,0.0,0.19,-1641.707763671875
3592,0.05,0.48,0.0,0.2,-1646.2987060546875
3593,0.05,0.48,0.0,0.21,-1647.25146484375
3594,0.05,0.48,0.0,0.22,-1650.7939453125
3595,0.05,0.48,0.0,0.23,-1654.274169921875
3596,0.05,0.48,0.0,0.24,-1657.128662109375
3597,0.05,0.48,0.0,0.25,-1659.882568359375
3598,0.05,0.48,0.0,0.26,-1663.7457275390625
3599,0.05,0.48,0.0,0.27,-1668.3189697265625
3600,0.05,0.48,0.0,0.28,-1671.792724609375
3601,0.05,0.48,0.0,0.29,-1675.2930908203125
3602,0.05,0.48,0.0,0.3,-1678.990966796875
3603,0.05,0.48,0.0,0.31,-1683.8780517578125
3604,0.05,0.48,0.0,0.32,-1686.9454345703125
3605,0.05,0.48,0.0,0.33,-1691.6265869140625
3606,0.05,0.48,0.0,0.34,-1693.90234375
3607,0.05,0.48,0.0,0.35,-1698.8961181640625
3608,0.05,0.48,0.0,0.36,-1704.022705078125
3609,0.05,0.48,0.0,0.37,-1708.503173828125
3610,0.05,0.48,0.0,0.38,-1712.164306640625
3611,0.05,0.48,0.0,0.39,-1717.654296875
3612,0.05,0.48,0.0,0.4,-1720.8306884765625
3613,0.05,0.48,0.0,0.41,-1726.14306640625
3614,0.05,0.48,0.0,0.42,-1730.742919921875
3615,0.05,0.48,0.0,0.43,-1736.2481689453125
3616,0.05,0.48,0.0,0.44,-1740.6929931640625
3617,0.05,0.48,0.0,0.45,-1745.468505859375
3618,0.05,0.48,0.0,0.46,-1750.63916015625
3619,0.05,0.48,0.0,0.47,-1755.8687744140625
3620,0.05,0.48,0.0,0.48,-1763.2962646484375
3621,0.05,0.48,0.0,0.49,-1765.8521728515625
3622,0.05,0.48,0.0,0.5,-1769.613525390625
3623,0.05,0.48,0.0,0.51,-1781.268798828125
3624,0.05,0.48,0.0,0.52,-1778.7275390625
3625,0.05,0.48,0.0,0.53,-1784.9404296875
3626,0.05,0.48,0.0,0.54,-1789.96875
3627,0.05,0.48,0.0,0.55,-1796.50341796875
3628,0.05,0.48,0.0,0.56,-1798.8668212890625
3629,0.05,0.48,0.0,0.57,-1806.7615966796875
3630,0.05,0.48,0.0,0.58,-1810.408203125
3631,0.05,0.48,0.0,0.59,-1817.124755859375
3632,0.05,0.48,0.0,0.6,-1821.5965576171875
3633,0.05,0.48,0.0,0.61,-1827.1129150390625
3634,0.05,0.48,0.0,0.62,-1830.3394775390625
3635,0.05,0.48,0.0,0.63,-1836.028564453125
3636,0.05,0.48,0.0,0.64,-1842.0247802734375
3637,0.05,0.48,0.0,0.65,-1845.41650390625
3638,0.05,0.48,0.0,0.66,-1850.62060546875
3639,0.05,0.48,0.0,0.67,-1857.834228515625
3640,0.05,0.48,0.0,0.68,-1862.40234375
3641,0.05,0.48,0.0,0.69,-1870.314208984375
3642,0.05,0.48,0.0,0.7,-1875.022216796875
3643,0.05,0.48,0.0,0.71,-1880.015869140625
3644,0.05,0.48,0.0,0.72,-1883.6312255859375
3645,0.05,0.48,0.0,0.73,-1894.34423828125
3646,0.05,0.48,0.0,0.74,-1896.3336181640625
3647,0.05,0.48,0.0,0.75,-1899.763671875
3648,0.05,0.49,0.0,0.0,-3772.880859375
3649,0.05,0.49,0.0,0.01,-1745.5712890625
3650,0.05,0.49,0.0,0.02,-1710.67333984375
3651,0.05,0.49,0.0,0.03,-1686.3973388671875
3652,0.05,0.49,0.0,0.04,-1666.0001220703125
3653,0.05,0.49,0.0,0.05,-1656.6875
3654,0.05,0.49,0.0,0.06,-1647.3204345703125
3655,0.05,0.49,0.0,0.07,-1641.737548828125
3656,0.05,0.49,0.0,0.08,-1638.507568359375
3657,0.05,0.49,0.0,0.09,-1636.3568115234375
3658,0.05,0.49,0.0,0.1,-1634.0439453125
3659,0.05,0.49,0.0,0.11,-1632.4759521484375
3660,0.05,0.49,0.0,0.12,-1632.64111328125
3661,0.05,0.49,0.0,0.13,-1632.740966796875
3662,0.05,0.49,0.0,0.14,-1633.6715087890625
3663,0.05,0.49,0.0,0.15,-1634.3245849609375
3664,0.05,0.49,0.0,0.16,-1636.703125
3665,0.05,0.49,0.0,0.17,-1637.9755859375
3666,0.05,0.49,0.0,0.18,-1641.6845703125
3667,0.05,0.49,0.0,0.19,-1643.64111328125
3668,0.05,0.49,0.0,0.2,-1644.1422119140625
3669,0.05,0.49,0.0,0.21,-1647.316650390625
3670,0.05,0.49,0.0,0.22,-1650.7860107421875
3671,0.05,0.49,0.0,0.23,-1654.044921875
3672,0.05,0.49,0.0,0.24,-1657.361572265625
3673,0.05,0.49,0.0,0.25,-1660.7208251953125
3674,0.05,0.49,0.0,0.26,-1664.54052734375
3675,0.05,0.49,0.0,0.27,-1671.7457275390625
3676,0.05,0.49,0.0,0.28,-1672.343505859375
3677,0.05,0.49,0.0,0.29,-1674.901123046875
3678,0.05,0.49,0.0,0.3,-1681.807861328125
3679,0.05,0.49,0.0,0.31,-1683.249267578125
3680,0.05,0.49,0.0,0.32,-1686.99951171875
3681,0.05,0.49,0.0,0.33,-1700.17578125
3682,0.05,0.49,0.0,0.34,-1694.96484375
3683,0.05,0.49,0.0,0.35,-1700.8856201171875
3684,0.05,0.49,0.0,0.36,-1705.35791015625
3685,0.05,0.49,0.0,0.37,-1708.8621826171875
3686,0.05,0.49,0.0,0.38,-1713.841064453125
3687,0.05,0.49,0.0,0.39,-1718.5263671875
3688,0.05,0.49,0.0,0.4,-1723.8453369140625
3689,0.05,0.49,0.0,0.41,-1727.486083984375
3690,0.05,0.49,0.0,0.42,-1731.2249755859375
3691,0.05,0.49,0.0,0.43,-1736.8544921875
3692,0.05,0.49,0.0,0.44,-1740.9229736328125
3693,0.05,0.49,0.0,0.45,-1746.470458984375
3694,0.05,0.49,0.0,0.46,-1752.213134765625
3695,0.05,0.49,0.0,0.47,-1759.7984619140625
3696,0.05,0.49,0.0,0.48,-1759.8623046875
3697,0.05,0.49,0.0,0.49,-1767.13427734375
3698,0.05,0.49,0.0,0.5,-1768.883056640625
3699,0.05,0.49,0.0,0.51,-1775.814453125
3700,0.05,0.49,0.0,0.52,-1779.8349609375
3701,0.05,0.49,0.0,0.53,-1786.5380859375
3702,0.05,0.49,0.0,0.54,-1790.589599609375
3703,0.05,0.49,0.0,0.55,-1795.422119140625
3704,0.05,0.49,0.0,0.56,-1801.85205078125
3705,0.05,0.49,0.0,0.57,-1807.159423828125
3706,0.05,0.49,0.0,0.58,-1814.03271484375
3707,0.05,0.49,0.0,0.59,-1815.283935546875
3708,0.05,0.49,0.0,0.6,-1821.20556640625
3709,0.05,0.49,0.0,0.61,-1828.417236328125
3710,0.05,0.49,0.0,0.62,-1832.738037109375
3711,0.05,0.49,0.0,0.63,-1839.02783203125
3712,0.05,0.49,0.0,0.64,-1845.93359375
3713,0.05,0.49,0.0,0.65,-1848.926025390625
3714,0.05,0.49,0.0,0.66,-1853.312255859375
3715,0.05,0.49,0.0,0.67,-1858.1092529296875
3716,0.05,0.49,0.0,0.68,-1864.734130859375
3717,0.05,0.49,0.0,0.69,-1868.609130859375
3718,0.05,0.49,0.0,0.7,-1874.8643798828125
3719,0.05,0.49,0.0,0.71,-1878.368896484375
3720,0.05,0.49,0.0,0.72,-1887.402587890625
3721,0.05,0.49,0.0,0.73,-1888.4793701171875
3722,0.05,0.49,0.0,0.74,-1893.4588623046875
3723,0.05,0.49,0.0,0.75,-1900.0277099609375
3724,0.05,0.5,0.0,0.0,-3782.05810546875
3725,0.05,0.5,0.0,0.01,-1751.421875
3726,0.05,0.5,0.0,0.02,-1704.6728515625
3727,0.05,0.5,0.0,0.03,-1681.9918212890625
3728,0.05,0.5,0.0,0.04,-1667.57421875
3729,0.05,0.5,0.0,0.05,-1655.405517578125
3730,0.05,0.5,0.0,0.06,-1649.6612548828125
3731,0.05,0.5,0.0,0.07,-1642.719970703125
3732,0.05,0.5,0.0,0.08,-1641.5380859375
3733,0.05,0.5,0.0,0.09,-1636.732666015625
3734,0.05,0.5,0.0,0.1,-1636.374755859375
3735,0.05,0.5,0.0,0.11,-1633.682373046875
3736,0.05,0.5,0.0,0.12,-1633.0078125
3737,0.05,0.5,0.0,0.13,-1633.6898193359375
3738,0.05,0.5,0.0,0.14,-1633.62353515625
3739,0.05,0.5,0.0,0.15,-1635.23583984375
3740,0.05,0.5,0.0,0.16,-1636.3470458984375
3741,0.05,0.5,0.0,0.17,-1638.5775146484375
3742,0.05,0.5,0.0,0.18,-1640.483642578125
3743,0.05,0.5,0.0,0.19,-1643.041748046875
3744,0.05,0.5,0.0,0.2,-1645.614501953125
3745,0.05,0.5,0.0,0.21,-1648.895263671875
3746,0.05,0.5,0.0,0.22,-1651.4124755859375
3747,0.05,0.5,0.0,0.23,-1655.60205078125
3748,0.05,0.5,0.0,0.24,-1656.59033203125
3749,0.05,0.5,0.0,0.25,-1660.8692626953125
3750,0.05,0.5,0.0,0.26,-1666.71484375
3751,0.05,0.5,0.0,0.27,-1667.9921875
3752,0.05,0.5,0.0,0.28,-1671.013427734375
3753,0.05,0.5,0.0,0.29,-1674.574951171875
3754,0.05,0.5,0.0,0.3,-1679.208251953125
3755,0.05,0.5,0.0,0.31,-1683.52685546875
3756,0.05,0.5,0.0,0.32,-1687.137939453125
3757,0.05,0.5,0.0,0.33,-1695.50048828125
3758,0.05,0.5,0.0,0.34,-1696.929443359375
3759,0.05,0.5,0.0,0.35,-1702.129638671875
3760,0.05,0.5,0.0,0.36,-1706.1171875
3761,0.05,0.5,0.0,0.37,-1711.2142333984375
3762,0.05,0.5,0.0,0.38,-1714.10107421875
3763,0.05,0.5,0.0,0.39,-1718.2138671875
3764,0.05,0.5,0.0,0.4,-1725.2882080078125
3765,0.05,0.5,0.0,0.41,-1728.5302734375
3766,0.05,0.5,0.0,0.42,-1732.1326904296875
3767,0.05,0.5,0.0,0.43,-1740.2652587890625
3768,0.05,0.5,0.0,0.44,-1742.3651123046875
3769,0.05,0.5,0.0,0.45,-1747.461669921875
3770,0.05,0.5,0.0,0.46,-1754.087890625
3771,0.05,0.5,0.0,0.47,-1756.736328125
3772,0.05,0.5,0.0,0.48,-1761.519287109375
3773,0.05,0.5,0.0,0.49,-1765.973876953125
3774,0.05,0.5,0.0,0.5,-1771.85498046875
3775,0.05,0.5,0.0,0.51,-1776.343505859375
3776,0.05,0.5,0.0,0.52,-1780.1494140625
3777,0.05,0.5,0.0,0.53,-1788.103515625
3778,0.05,0.5,0.0,0.54,-1792.0277099609375
3779,0.05,0.5,0.0,0.55,-1797.7349853515625
3780,0.05,0.5,0.0,0.56,-1802.3408203125
3781,0.05,0.5,0.0,0.57,-1807.445556640625
3782,0.05,0.5,0.0,0.58,-1810.5213623046875
3783,0.05,0.5,0.0,0.59,-1817.665771484375
3784,0.05,0.5,0.0,0.6,-1823.6043701171875
3785,0.05,0.5,0.0,0.61,-1827.2227783203125
3786,0.05,0.5,0.0,0.62,-1833.04638671875
3787,0.05,0.5,0.0,0.63,-1840.558837890625
3788,0.05,0.5,0.0,0.64,-1844.14794921875
3789,0.05,0.5,0.0,0.65,-1851.492431640625
3790,0.05,0.5,0.0,0.66,-1854.065185546875
3791,0.05,0.5,0.0,0.67,-1858.5850830078125
3792,0.05,0.5,0.0,0.68,-1866.582275390625
3793,0.05,0.5,0.0,0.69,-1870.4306640625
3794,0.05,0.5,0.0,0.7,-1875.096435546875
3795,0.05,0.5,0.0,0.71,-1880.2322998046875
3796,0.05,0.5,0.0,0.72,-1886.901611328125
3797,0.05,0.5,0.0,0.73,-1891.97314453125
3798,0.05,0.5,0.0,0.74,-1894.6561279296875
3799,0.05,0.5,0.0,0.75,-1903.7568359375
3800,0.05,0.51,0.0,0.0,-3759.41455078125
3801,0.05,0.51,0.0,0.01,-1747.921875
3802,0.05,0.51,0.0,0.02,-1706.4793701171875
3803,0.05,0.51,0.0,0.03,-1682.5465087890625
3804,0.05,0.51,0.0,0.04,-1673.107666015625
3805,0.05,0.51,0.0,0.05,-1661.24560546875
3806,0.05,0.51,0.0,0.06,-1650.18408203125
3807,0.05,0.51,0.0,0.07,-1644.119873046875
3808,0.05,0.51,0.0,0.08,-1645.10400390625
3809,0.05,0.51,0.0,0.09,-1640.63623046875
3810,0.05,0.51,0.0,0.1,-1637.0462646484375
3811,0.05,0.51,0.0,0.11,-1634.712158203125
3812,0.05,0.51,0.0,0.12,-1633.078369140625
3813,0.05,0.51,0.0,0.13,-1633.939453125
3814,0.05,0.51,0.0,0.14,-1634.09814453125
3815,0.05,0.51,0.0,0.15,-1634.80224609375
3816,0.05,0.51,0.0,0.16,-1642.93798828125
3817,0.05,0.51,0.0,0.17,-1638.2613525390625
3818,0.05,0.51,0.0,0.18,-1641.3392333984375
3819,0.05,0.51,0.0,0.19,-1642.7979736328125
3820,0.05,0.51,0.0,0.2,-1646.2777099609375
3821,0.05,0.51,0.0,0.21,-1653.3292236328125
3822,0.05,0.51,0.0,0.22,-1657.73681640625
3823,0.05,0.51,0.0,0.23,-1655.040771484375
3824,0.05,0.51,0.0,0.24,-1659.274658203125
3825,0.05,0.51,0.0,0.25,-1661.940185546875
3826,0.05,0.51,0.0,0.26,-1665.304443359375
3827,0.05,0.51,0.0,0.27,-1667.716796875
3828,0.05,0.51,0.0,0.28,-1672.6904296875
3829,0.05,0.51,0.0,0.29,-1677.5433349609375
3830,0.05,0.51,0.0,0.3,-1680.54052734375
3831,0.05,0.51,0.0,0.31,-1685.900390625
3832,0.05,0.51,0.0,0.32,-1687.9466552734375
3833,0.05,0.51,0.0,0.33,-1692.615966796875
3834,0.05,0.51,0.0,0.34,-1697.882568359375
3835,0.05,0.51,0.0,0.35,-1704.89111328125
3836,0.05,0.51,0.0,0.36,-1707.1561279296875
3837,0.05,0.51,0.0,0.37,-1710.17578125
3838,0.05,0.51,0.0,0.38,-1716.498046875
3839,0.05,0.51,0.0,0.39,-1718.637451171875
3840,0.05,0.51,0.0,0.4,-1724.115966796875
3841,0.05,0.51,0.0,0.41,-1730.052001953125
3842,0.05,0.51,0.0,0.42,-1735.3963623046875
3843,0.05,0.51,0.0,0.43,-1738.663818359375
3844,0.05,0.51,0.0,0.44,-1741.8214111328125
3845,0.05,0.51,0.0,0.45,-1747.86328125
3846,0.05,0.51,0.0,0.46,-1755.06298828125
3847,0.05,0.51,0.0,0.47,-1759.61376953125
3848,0.05,0.51,0.0,0.48,-1762.149169921875
3849,0.05,0.51,0.0,0.49,-1765.910400390625
3850,0.05,0.51,0.0,0.5,-1774.6112060546875
3851,0.05,0.51,0.0,0.51,-1781.130615234375
3852,0.05,0.51,0.0,0.52,-1782.0350341796875
3853,0.05,0.51,0.0,0.53,-1786.6961669921875
3854,0.05,0.51,0.0,0.54,-1792.446044921875
3855,0.05,0.51,0.0,0.55,-1801.63232421875
3856,0.05,0.51,0.0,0.56,-1801.326904296875
3857,0.05,0.51,0.0,0.57,-1808.2579345703125
3858,0.05,0.51,0.0,0.58,-1815.6629638671875
3859,0.05,0.51,0.0,0.59,-1819.597900390625
3860,0.05,0.51,0.0,0.6,-1822.57177734375
3861,0.05,0.51,0.0,0.61,-1827.294921875
3862,0.05,0.51,0.0,0.62,-1832.3197021484375
3863,0.05,0.51,0.0,0.63,-1841.384033203125
3864,0.05,0.51,0.0,0.64,-1845.689208984375
3865,0.05,0.51,0.0,0.65,-1849.850341796875
3866,0.05,0.51,0.0,0.66,-1856.013427734375
3867,0.05,0.51,0.0,0.67,-1861.067626953125
3868,0.05,0.51,0.0,0.68,-1866.034423828125
3869,0.05,0.51,0.0,0.69,-1869.4990234375
3870,0.05,0.51,0.0,0.7,-1876.791015625
3871,0.05,0.51,0.0,0.71,-1880.6455078125
3872,0.05,0.51,0.0,0.72,-1888.599609375
3873,0.05,0.51,0.0,0.73,-1892.0986328125
3874,0.05,0.51,0.0,0.74,-1895.2672119140625
3875,0.05,0.51,0.0,0.75,-1900.551025390625
3876,0.05,0.52,0.0,0.0,-3728.46533203125
3877,0.05,0.52,0.0,0.01,-1758.1888427734375
3878,0.05,0.52,0.0,0.02,-1704.57763671875
3879,0.05,0.52,0.0,0.03,-1683.4312744140625
3880,0.05,0.52,0.0,0.04,-1671.14453125
3881,0.05,0.52,0.0,0.05,-1658.0972900390625
3882,0.05,0.52,0.0,0.06,-1650.647705078125
3883,0.05,0.52,0.0,0.07,-1644.4500732421875
3884,0.05,0.52,0.0,0.08,-1640.2523193359375
3885,0.05,0.52,0.0,0.09,-1648.9571533203125
3886,0.05,0.52,0.0,0.1,-1635.790771484375
3887,0.05,0.52,0.0,0.11,-1635.3759765625
3888,0.05,0.52,0.0,0.12,-1634.3359375
3889,0.05,0.52,0.0,0.13,-1634.79150390625
3890,0.05,0.52,0.0,0.14,-1636.196533203125
3891,0.05,0.52,0.0,0.15,-1636.628173828125
3892,0.05,0.52,0.0,0.16,-1643.53125
3893,0.05,0.52,0.0,0.17,-1640.9869384765625
3894,0.05,0.52,0.0,0.18,-1645.2705078125
3895,0.05,0.52,0.0,0.19,-1644.58935546875
3896,0.05,0.52,0.0,0.2,-1648.3060302734375
3897,0.05,0.52,0.0,0.21,-1649.4951171875
3898,0.05,0.52,0.0,0.22,-1653.8961181640625
3899,0.05,0.52,0.0,0.23,-1656.941650390625
3900,0.05,0.52,0.0,0.24,-1659.3370361328125
3901,0.05,0.52,0.0,0.25,-1664.4569091796875
3902,0.05,0.52,0.0,0.26,-1665.13037109375
3903,0.05,0.52,0.0,0.27,-1673.735107421875
3904,0.05,0.52,0.0,0.28,-1679.2127685546875
3905,0.05,0.52,0.0,0.29,-1679.509765625
3906,0.05,0.52,0.0,0.3,-1680.8516845703125
3907,0.05,0.52,0.0,0.31,-1684.992431640625
3908,0.05,0.52,0.0,0.32,-1690.6787109375
3909,0.05,0.52,0.0,0.33,-1695.42822265625
3910,0.05,0.52,0.0,0.34,-1697.0706787109375
3911,0.05,0.52,0.0,0.35,-1702.5859375
3912,0.05,0.52,0.0,0.36,-1707.285888671875
3913,0.05,0.52,0.0,0.37,-1713.05419921875
3914,0.05,0.52,0.0,0.38,-1716.386474609375
3915,0.05,0.52,0.0,0.39,-1720.2659912109375
3916,0.05,0.52,0.0,0.4,-1725.2564697265625
3917,0.05,0.52,0.0,0.41,-1728.893798828125
3918,0.05,0.52,0.0,0.42,-1735.680908203125
3919,0.05,0.52,0.0,0.43,-1738.175537109375
3920,0.05,0.52,0.0,0.44,-1743.9012451171875
3921,0.05,0.52,0.0,0.45,-1748.881103515625
3922,0.05,0.52,0.0,0.46,-1755.243896484375
3923,0.05,0.52,0.0,0.47,-1757.3082275390625
3924,0.05,0.52,0.0,0.48,-1762.7332763671875
3925,0.05,0.52,0.0,0.49,-1768.6728515625
3926,0.05,0.52,0.0,0.5,-1773.5792236328125
3927,0.05,0.52,0.0,0.51,-1778.486572265625
3928,0.05,0.52,0.0,0.52,-1783.5850830078125
3929,0.05,0.52,0.0,0.53,-1787.932861328125
3930,0.05,0.52,0.0,0.54,-1793.751708984375
3931,0.05,0.52,0.0,0.55,-1798.8594970703125
3932,0.05,0.52,0.0,0.56,-1804.759765625
3933,0.05,0.52,0.0,0.57,-1808.0367431640625
3934,0.05,0.52,0.0,0.58,-1815.9833984375
3935,0.05,0.52,0.0,0.59,-1818.9603271484375
3936,0.05,0.52,0.0,0.6,-1827.27294921875
3937,0.05,0.52,0.0,0.61,-1831.14111328125
3938,0.05,0.52,0.0,0.62,-1837.265380859375
3939,0.05,0.52,0.0,0.63,-1841.0499267578125
3940,0.05,0.52,0.0,0.64,-1842.7030029296875
3941,0.05,0.52,0.0,0.65,-1851.31005859375
3942,0.05,0.52,0.0,0.66,-1856.5836181640625
3943,0.05,0.52,0.0,0.67,-1859.142333984375
3944,0.05,0.52,0.0,0.68,-1868.816162109375
3945,0.05,0.52,0.0,0.69,-1872.2373046875
3946,0.05,0.52,0.0,0.7,-1876.0784912109375
3947,0.05,0.52,0.0,0.71,-1884.695068359375
3948,0.05,0.52,0.0,0.72,-1890.287109375
3949,0.05,0.52,0.0,0.73,-1888.3125
3950,0.05,0.52,0.0,0.74,-1902.525146484375
3951,0.05,0.52,0.0,0.75,-1904.4090576171875
3952,0.05,0.53,0.0,0.0,-3363.74462890625
3953,0.05,0.53,0.0,0.01,-1749.88671875
3954,0.05,0.53,0.0,0.02,-1707.48486328125
3955,0.05,0.53,0.0,0.03,-1684.302978515625
3956,0.05,0.53,0.0,0.04,-1668.5657958984375
3957,0.05,0.53,0.0,0.05,-1660.17138671875
3958,0.05,0.53,0.0,0.06,-1651.153076171875
3959,0.05,0.53,0.0,0.07,-1646.9991455078125
3960,0.05,0.53,0.0,0.08,-1641.36279296875
3961,0.05,0.53,0.0,0.09,-1642.6295166015625
3962,0.05,0.53,0.0,0.1,-1638.921875
3963,0.05,0.53,0.0,0.11,-1636.21630859375
3964,0.05,0.53,0.0,0.12,-1635.7802734375
3965,0.05,0.53,0.0,0.13,-1637.038818359375
3966,0.05,0.53,0.0,0.14,-1635.0106201171875
3967,0.05,0.53,0.0,0.15,-1637.430419921875
3968,0.05,0.53,0.0,0.16,-1639.31689453125
3969,0.05,0.53,0.0,0.17,-1642.712646484375
3970,0.05,0.53,0.0,0.18,-1643.679443359375
3971,0.05,0.53,0.0,0.19,-1649.8533935546875
3972,0.05,0.53,0.0,0.2,-1648.3096923828125
3973,0.05,0.53,0.0,0.21,-1650.9150390625
3974,0.05,0.53,0.0,0.22,-1654.20654296875
3975,0.05,0.53,0.0,0.23,-1656.9228515625
3976,0.05,0.53,0.0,0.24,-1659.8304443359375
3977,0.05,0.53,0.0,0.25,-1668.1324462890625
3978,0.05,0.53,0.0,0.26,-1671.91943359375
3979,0.05,0.53,0.0,0.27,-1672.5037841796875
3980,0.05,0.53,0.0,0.28,-1675.7476806640625
3981,0.05,0.53,0.0,0.29,-1679.644775390625
3982,0.05,0.53,0.0,0.3,-1682.437255859375
3983,0.05,0.53,0.0,0.31,-1695.24658203125
3984,0.05,0.53,0.0,0.32,-1690.919921875
3985,0.05,0.53,0.0,0.33,-1695.162353515625
3986,0.05,0.53,0.0,0.34,-1704.524169921875
3987,0.05,0.53,0.0,0.35,-1705.2099609375
3988,0.05,0.53,0.0,0.36,-1708.118896484375
3989,0.05,0.53,0.0,0.37,-1712.742431640625
3990,0.05,0.53,0.0,0.38,-1718.044189453125
3991,0.05,0.53,0.0,0.39,-1721.760498046875
3992,0.05,0.53,0.0,0.4,-1726.9716796875
3993,0.05,0.53,0.0,0.41,-1733.228515625
3994,0.05,0.53,0.0,0.42,-1736.506103515625
3995,0.05,0.53,0.0,0.43,-1740.95361328125
3996,0.05,0.53,0.0,0.44,-1744.549560546875
3997,0.05,0.53,0.0,0.45,-1751.7353515625
3998,0.05,0.53,0.0,0.46,-1756.132568359375
3999,0.05,0.53,0.0,0.47,-1759.3802490234375
4000,0.05,0.53,0.0,0.48,-1766.282958984375
4001,0.05,0.53,0.0,0.49,-1770.81640625
4002,0.05,0.53,0.0,0.5,-1775.570556640625
4003,0.05,0.53,0.0,0.51,-1782.809814453125
4004,0.05,0.53,0.0,0.52,-1783.479248046875
4005,0.05,0.53,0.0,0.53,-1789.002197265625
4006,0.05,0.53,0.0,0.54,-1794.72119140625
4007,0.05,0.53,0.0,0.55,-1799.562255859375
4008,0.05,0.53,0.0,0.56,-1804.989990234375
4009,0.05,0.53,0.0,0.57,-1809.6572265625
4010,0.05,0.53,0.0,0.58,-1816.05126953125
4011,0.05,0.53,0.0,0.59,-1827.8404541015625
4012,0.05,0.53,0.0,0.6,-1828.51611328125
4013,0.05,0.53,0.0,0.61,-1832.4022216796875
4014,0.05,0.53,0.0,0.62,-1836.2431640625
4015,0.05,0.53,0.0,0.63,-1845.518798828125
4016,0.05,0.53,0.0,0.64,-1846.625244140625
4017,0.05,0.53,0.0,0.65,-1853.65234375
4018,0.05,0.53,0.0,0.66,-1856.7454833984375
4019,0.05,0.53,0.0,0.67,-1863.2529296875
4020,0.05,0.53,0.0,0.68,-1870.6563720703125
4021,0.05,0.53,0.0,0.69,-1872.3223876953125
4022,0.05,0.53,0.0,0.7,-1880.68212890625
4023,0.05,0.53,0.0,0.71,-1883.6588134765625
4024,0.05,0.53,0.0,0.72,-1891.23193359375
4025,0.05,0.53,0.0,0.73,-1896.73095703125
4026,0.05,0.53,0.0,0.74,-1899.56396484375
4027,0.05,0.53,0.0,0.75,-1906.37841796875
4028,0.05,0.54,0.0,0.0,-3763.30224609375
4029,0.05,0.54,0.0,0.01,-1750.41162109375
4030,0.05,0.54,0.0,0.02,-1708.0625
4031,0.05,0.54,0.0,0.03,-1691.51953125
4032,0.05,0.54,0.0,0.04,-1675.3160400390625
4033,0.05,0.54,0.0,0.05,-1658.817626953125
4034,0.05,0.54,0.0,0.06,-1660.537841796875
4035,0.05,0.54,0.0,0.07,-1647.8087158203125
4036,0.05,0.54,0.0,0.08,-1642.99267578125
4037,0.05,0.54,0.0,0.09,-1640.1468505859375
4038,0.05,0.54,0.0,0.1,-1638.428955078125
4039,0.05,0.54,0.0,0.11,-1639.0711669921875
4040,0.05,0.54,0.0,0.12,-1638.125244140625
4041,0.05,0.54,0.0,0.13,-1636.1590576171875
4042,0.05,0.54,0.0,0.14,-1639.3125
4043,0.05,0.54,0.0,0.15,-1639.421142578125
4044,0.05,0.54,0.0,0.16,-1641.47021484375
4045,0.05,0.54,0.0,0.17,-1642.31640625
4046,0.05,0.54,0.0,0.18,-1645.468994140625
4047,0.05,0.54,0.0,0.19,-1646.609619140625
4048,0.05,0.54,0.0,0.2,-1650.20947265625
4049,0.05,0.54,0.0,0.21,-1651.58203125
4050,0.05,0.54,0.0,0.22,-1656.298583984375
4051,0.05,0.54,0.0,0.23,-1657.8494873046875
4052,0.05,0.54,0.0,0.24,-1661.3232421875
4053,0.05,0.54,0.0,0.25,-1665.6572265625
4054,0.05,0.54,0.0,0.26,-1673.5968017578125
4055,0.05,0.54,0.0,0.27,-1674.0926513671875
4056,0.05,0.54,0.0,0.28,-1677.298583984375
4057,0.05,0.54,0.0,0.29,-1680.1180419921875
4058,0.05,0.54,0.0,0.3,-1685.8304443359375
4059,0.05,0.54,0.0,0.31,-1688.48046875
4060,0.05,0.54,0.0,0.32,-1693.275146484375
4061,0.05,0.54,0.0,0.33,-1695.994384765625
4062,0.05,0.54,0.0,0.34,-1700.334228515625
4063,0.05,0.54,0.0,0.35,-1705.714111328125
4064,0.05,0.54,0.0,0.36,-1711.0653076171875
4065,0.05,0.54,0.0,0.37,-1713.0322265625
4066,0.05,0.54,0.0,0.38,-1717.9793701171875
4067,0.05,0.54,0.0,0.39,-1721.626708984375
4068,0.05,0.54,0.0,0.4,-1728.233642578125
4069,0.05,0.54,0.0,0.41,-1732.7427978515625
4070,0.05,0.54,0.0,0.42,-1736.561279296875
4071,0.05,0.54,0.0,0.43,-1743.060791015625
4072,0.05,0.54,0.0,0.44,-1746.77001953125
4073,0.05,0.54,0.0,0.45,-1752.3377685546875
4074,0.05,0.54,0.0,0.46,-1754.548583984375
4075,0.05,0.54,0.0,0.47,-1761.7691650390625
4076,0.05,0.54,0.0,0.48,-1768.802978515625
4077,0.05,0.54,0.0,0.49,-1771.9642333984375
4078,0.05,0.54,0.0,0.5,-1775.8345947265625
4079,0.05,0.54,0.0,0.51,-1780.867919921875
4080,0.05,0.54,0.0,0.52,-1785.6236572265625
4081,0.05,0.54,0.0,0.53,-1791.681396484375
4082,0.05,0.54,0.0,0.54,-1796.4034423828125
4083,0.05,0.54,0.0,0.55,-1801.789794921875
4084,0.05,0.54,0.0,0.56,-1807.46826171875
4085,0.05,0.54,0.0,0.57,-1812.8253173828125
4086,0.05,0.54,0.0,0.58,-1818.46484375
4087,0.05,0.54,0.0,0.59,-1824.3792724609375
4088,0.05,0.54,0.0,0.6,-1827.594970703125
4089,0.05,0.54,0.0,0.61,-1833.9710693359375
4090,0.05,0.54,0.0,0.62,-1837.6444091796875
4091,0.05,0.54,0.0,0.63,-1844.2935791015625
4092,0.05,0.54,0.0,0.64,-1852.51123046875
4093,0.05,0.54,0.0,0.65,-1855.3759765625
4094,0.05,0.54,0.0,0.66,-1859.8751220703125
4095,0.05,0.54,0.0,0.67,-1870.4974365234375
4096,0.05,0.54,0.0,0.68,-1871.207275390625
4097,0.05,0.54,0.0,0.69,-1875.54541015625
4098,0.05,0.54,0.0,0.7,-1882.0263671875
4099,0.05,0.54,0.0,0.71,-1885.3271484375
4100,0.05,0.54,0.0,0.72,-1892.676025390625
4101,0.05,0.54,0.0,0.73,-1898.81591796875
4102,0.05,0.54,0.0,0.74,-1901.9832763671875
4103,0.05,0.54,0.0,0.75,-1910.3668212890625
4104,0.05,0.55,0.0,0.0,-3747.302001953125
4105,0.05,0.55,0.0,0.01,-1758.5504150390625
4106,0.05,0.55,0.0,0.02,-1710.305908203125
4107,0.05,0.55,0.0,0.03,-1684.0234375
4108,0.05,0.55,0.0,0.04,-1675.681396484375
4109,0.05,0.55,0.0,0.05,-1659.39599609375
4110,0.05,0.55,0.0,0.06,-1659.094482421875
4111,0.05,0.55,0.0,0.07,-1645.7862548828125
4112,0.05,0.55,0.0,0.08,-1643.460205078125
4113,0.05,0.55,0.0,0.09,-1641.817138671875
4114,0.05,0.55,0.0,0.1,-1640.184814453125
4115,0.05,0.55,0.0,0.11,-1639.0240478515625
4116,0.05,0.55,0.0,0.12,-1637.694091796875
4117,0.05,0.55,0.0,0.13,-1638.2655029296875
4118,0.05,0.55,0.0,0.14,-1643.2939453125
4119,0.05,0.55,0.0,0.15,-1639.8203125
4120,0.05,0.55,0.0,0.16,-1640.9378662109375
4121,0.05,0.55,0.0,0.17,-1646.66015625
4122,0.05,0.55,0.0,0.18,-1649.6756591796875
4123,0.05,0.55,0.0,0.19,-1648.793701171875
4124,0.05,0.55,0.0,0.2,-1651.9111328125
4125,0.05,0.55,0.0,0.21,-1654.3250732421875
4126,0.05,0.55,0.0,0.22,-1656.106689453125
4127,0.05,0.55,0.0,0.23,-1664.2484130859375
4128,0.05,0.55,0.0,0.24,-1663.658447265625
4129,0.05,0.55,0.0,0.25,-1666.517333984375
4130,0.05,0.55,0.0,0.26,-1671.909423828125
4131,0.05,0.55,0.0,0.27,-1673.825927734375
4132,0.05,0.55,0.0,0.28,-1683.34814453125
4133,0.05,0.55,0.0,0.29,-1681.58984375
4134,0.05,0.55,0.0,0.3,-1684.4832763671875
4135,0.05,0.55,0.0,0.31,-1689.3740234375
4136,0.05,0.55,0.0,0.32,-1692.7679443359375
4137,0.05,0.55,0.0,0.33,-1698.39111328125
4138,0.05,0.55,0.0,0.34,-1703.142333984375
4139,0.05,0.55,0.0,0.35,-1705.583984375
4140,0.05,0.55,0.0,0.36,-1711.619873046875
4141,0.05,0.55,0.0,0.37,-1714.72607421875
4142,0.05,0.55,0.0,0.38,-1720.1611328125
4143,0.05,0.55,0.0,0.39,-1724.906005859375
4144,0.05,0.55,0.0,0.4,-1729.0616455078125
4145,0.05,0.55,0.0,0.41,-1732.3209228515625
4146,0.05,0.55,0.0,0.42,-1739.563232421875
4147,0.05,0.55,0.0,0.43,-1743.7816162109375
4148,0.05,0.55,0.0,0.44,-1750.1583251953125
4149,0.05,0.55,0.0,0.45,-1752.32080078125
4150,0.05,0.55,0.0,0.46,-1759.046142578125
4151,0.05,0.55,0.0,0.47,-1763.198486328125
4152,0.05,0.55,0.0,0.48,-1766.4056396484375
4153,0.05,0.55,0.0,0.49,-1772.44384765625
4154,0.05,0.55,0.0,0.5,-1778.957275390625
4155,0.05,0.55,0.0,0.51,-1781.92822265625
4156,0.05,0.55,0.0,0.52,-1787.58837890625
4157,0.05,0.55,0.0,0.53,-1791.9892578125
4158,0.05,0.55,0.0,0.54,-1797.695068359375
4159,0.05,0.55,0.0,0.55,-1801.9766845703125
4160,0.05,0.55,0.0,0.56,-1810.180419921875
4161,0.05,0.55,0.0,0.57,-1814.8592529296875
4162,0.05,0.55,0.0,0.58,-1819.7576904296875
4163,0.05,0.55,0.0,0.59,-1825.87109375
4164,0.05,0.55,0.0,0.6,-1829.0762939453125
4165,0.05,0.55,0.0,0.61,-1836.552734375
4166,0.05,0.55,0.0,0.62,-1838.9127197265625
4167,0.05,0.55,0.0,0.63,-1843.5606689453125
4168,0.05,0.55,0.0,0.64,-1850.0562744140625
4169,0.05,0.55,0.0,0.65,-1858.6357421875
4170,0.05,0.55,0.0,0.66,-1862.497802734375
4171,0.05,0.55,0.0,0.67,-1866.031494140625
4172,0.05,0.55,0.0,0.68,-1872.17626953125
4173,0.05,0.55,0.0,0.69,-1879.381591796875
4174,0.05,0.55,0.0,0.7,-1880.2606201171875
4175,0.05,0.55,0.0,0.71,-1888.9385986328125
4176,0.05,0.55,0.0,0.72,-1893.5360107421875
4177,0.05,0.55,0.0,0.73,-1899.9423828125
4178,0.05,0.55,0.0,0.74,-1908.208984375
4179,0.05,0.55,0.0,0.75,-1906.2916259765625
4180,0.05,0.56,0.0,0.0,-3773.905029296875
4181,0.05,0.56,0.0,0.01,-1752.01904296875
4182,0.05,0.56,0.0,0.02,-1713.55126953125
4183,0.05,0.56,0.0,0.03,-1687.589111328125
4184,0.05,0.56,0.0,0.04,-1671.233154296875
4185,0.05,0.56,0.0,0.05,-1662.491943359375
4186,0.05,0.56,0.0,0.06,-1661.6015625
4187,0.05,0.56,0.0,0.07,-1661.296142578125
4188,0.05,0.56,0.0,0.08,-1648.098876953125
4189,0.05,0.56,0.0,0.09,-1642.92138671875
4190,0.05,0.56,0.0,0.1,-1638.8551025390625
4191,0.05,0.56,0.0,0.11,-1639.958740234375
4192,0.05,0.56,0.0,0.12,-1650.557861328125
4193,0.05,0.56,0.0,0.13,-1639.6787109375
4194,0.05,0.56,0.0,0.14,-1640.7906494140625
4195,0.05,0.56,0.0,0.15,-1646.153076171875
4196,0.05,0.56,0.0,0.16,-1642.5653076171875
4197,0.05,0.56,0.0,0.17,-1648.3197021484375
4198,0.05,0.56,0.0,0.18,-1649.26025390625
4199,0.05,0.56,0.0,0.19,-1650.585693359375
4200,0.05,0.56,0.0,0.2,-1653.378662109375
4201,0.05,0.56,0.0,0.21,-1654.67919921875
4202,0.05,0.56,0.0,0.22,-1662.67138671875
4203,0.05,0.56,0.0,0.23,-1661.761474609375
4204,0.05,0.56,0.0,0.24,-1664.639892578125
4205,0.05,0.56,0.0,0.25,-1668.5313720703125
4206,0.05,0.56,0.0,0.26,-1670.241943359375
4207,0.05,0.56,0.0,0.27,-1676.034423828125
4208,0.05,0.56,0.0,0.28,-1679.1773681640625
4209,0.05,0.56,0.0,0.29,-1684.1280517578125
4210,0.05,0.56,0.0,0.3,-1691.299072265625
4211,0.05,0.56,0.0,0.31,-1690.158447265625
4212,0.05,0.56,0.0,0.32,-1694.0615234375
4213,0.05,0.56,0.0,0.33,-1699.5655517578125
4214,0.05,0.56,0.0,0.34,-1704.0
4215,0.05,0.56,0.0,0.35,-1707.998291015625
4216,0.05,0.56,0.0,0.36,-1712.913330078125
4217,0.05,0.56,0.0,0.37,-1716.4344482421875
4218,0.05,0.56,0.0,0.38,-1722.041259765625
4219,0.05,0.56,0.0,0.39,-1727.3065185546875
4220,0.05,0.56,0.0,0.4,-1731.59521484375
4221,0.05,0.56,0.0,0.41,-1735.3631591796875
4222,0.05,0.56,0.0,0.42,-1741.60986328125
4223,0.05,0.56,0.0,0.43,-1744.765625
4224,0.05,0.56,0.0,0.44,-1749.8026123046875
4225,0.05,0.56,0.0,0.45,-1752.9840087890625
4226,0.05,0.56,0.0,0.46,-1760.7244873046875
4227,0.05,0.56,0.0,0.47,-1764.3900146484375
4228,0.05,0.56,0.0,0.48,-1769.335693359375
4229,0.05,0.56,0.0,0.49,-1776.56103515625
4230,0.05,0.56,0.0,0.5,-1781.196044921875
4231,0.05,0.56,0.0,0.51,-1786.3743896484375
4232,0.05,0.56,0.0,0.52,-1788.8607177734375
4233,0.05,0.56,0.0,0.53,-1796.2930908203125
4234,0.05,0.56,0.0,0.54,-1798.8179931640625
4235,0.05,0.56,0.0,0.55,-1804.413330078125
4236,0.05,0.56,0.0,0.56,-1810.360107421875
4237,0.05,0.56,0.0,0.57,-1815.49853515625
4238,0.05,0.56,0.0,0.58,-1820.3095703125
4239,0.05,0.56,0.0,0.59,-1825.3795166015625
4240,0.05,0.56,0.0,0.6,-1830.400390625
4241,0.05,0.56,0.0,0.61,-1837.1654052734375
4242,0.05,0.56,0.0,0.62,-1841.6552734375
4243,0.05,0.56,0.0,0.63,-1845.521484375
4244,0.05,0.56,0.0,0.64,-1850.842041015625
4245,0.05,0.56,0.0,0.65,-1856.7510986328125
4246,0.05,0.56,0.0,0.66,-1863.2115478515625
4247,0.05,0.56,0.0,0.67,-1867.9654541015625
4248,0.05,0.56,0.0,0.68,-1874.849365234375
4249,0.05,0.56,0.0,0.69,-1881.4248046875
4250,0.05,0.56,0.0,0.7,-1883.6220703125
4251,0.05,0.56,0.0,0.71,-1888.037109375
4252,0.05,0.56,0.0,0.72,-1892.54296875
4253,0.05,0.56,0.0,0.73,-1897.049560546875
4254,0.05,0.56,0.0,0.74,-1904.039306640625
4255,0.05,0.56,0.0,0.75,-1910.76708984375
4256,0.05,0.57,0.0,0.0,-3751.67333984375
4257,0.05,0.57,0.0,0.01,-1754.48046875
4258,0.05,0.57,0.0,0.02,-1709.944091796875
4259,0.05,0.57,0.0,0.03,-1691.7125244140625
4260,0.05,0.57,0.0,0.04,-1674.0482177734375
4261,0.05,0.57,0.0,0.05,-1663.6163330078125
4262,0.05,0.57,0.0,0.06,-1655.38720703125
4263,0.05,0.57,0.0,0.07,-1651.4161376953125
4264,0.05,0.57,0.0,0.08,-1647.0970458984375
4265,0.05,0.57,0.0,0.09,-1643.54150390625
4266,0.05,0.57,0.0,0.1,-1640.92822265625
4267,0.05,0.57,0.0,0.11,-1641.6478271484375
4268,0.05,0.57,0.0,0.12,-1640.387939453125
4269,0.05,0.57,0.0,0.13,-1641.6314697265625
4270,0.05,0.57,0.0,0.14,-1642.096435546875
4271,0.05,0.57,0.0,0.15,-1644.241455078125
4272,0.05,0.57,0.0,0.16,-1649.9449462890625
4273,0.05,0.57,0.0,0.17,-1646.15478515625
4274,0.05,0.57,0.0,0.18,-1649.5615234375
4275,0.05,0.57,0.0,0.19,-1652.723876953125
4276,0.05,0.57,0.0,0.2,-1653.291259765625
4277,0.05,0.57,0.0,0.21,-1656.1143798828125
4278,0.05,0.57,0.0,0.22,-1659.580078125
4279,0.05,0.57,0.0,0.23,-1663.542236328125
4280,0.05,0.57,0.0,0.24,-1667.674560546875
4281,0.05,0.57,0.0,0.25,-1669.103271484375
4282,0.05,0.57,0.0,0.26,-1674.211181640625
4283,0.05,0.57,0.0,0.27,-1675.8555908203125
4284,0.05,0.57,0.0,0.28,-1680.74755859375
4285,0.05,0.57,0.0,0.29,-1684.94970703125
4286,0.05,0.57,0.0,0.3,-1688.962646484375
4287,0.05,0.57,0.0,0.31,-1693.069091796875
4288,0.05,0.57,0.0,0.32,-1703.59912109375
4289,0.05,0.57,0.0,0.33,-1699.9344482421875
4290,0.05,0.57,0.0,0.34,-1706.0654296875
4291,0.05,0.57,0.0,0.35,-1710.256591796875
4292,0.05,0.57,0.0,0.36,-1713.924560546875
4293,0.05,0.57,0.0,0.37,-1719.60498046875
4294,0.05,0.57,0.0,0.38,-1723.313720703125
4295,0.05,0.57,0.0,0.39,-1728.9766845703125
4296,0.05,0.57,0.0,0.4,-1733.356689453125
4297,0.05,0.57,0.0,0.41,-1737.89013671875
4298,0.05,0.57,0.0,0.42,-1747.78857421875
4299,0.05,0.57,0.0,0.43,-1744.655029296875
4300,0.05,0.57,0.0,0.44,-1751.70654296875
4301,0.05,0.57,0.0,0.45,-1755.7412109375
4302,0.05,0.57,0.0,0.46,-1762.3841552734375
4303,0.05,0.57,0.0,0.47,-1765.8603515625
4304,0.05,0.57,0.0,0.48,-1771.314697265625
4305,0.05,0.57,0.0,0.49,-1776.0927734375
4306,0.05,0.57,0.0,0.5,-1782.0762939453125
4307,0.05,0.57,0.0,0.51,-1785.81005859375
4308,0.05,0.57,0.0,0.52,-1791.897705078125
4309,0.05,0.57,0.0,0.53,-1796.815185546875
4310,0.05,0.57,0.0,0.54,-1800.366943359375
4311,0.05,0.57,0.0,0.55,-1804.769287109375
4312,0.05,0.57,0.0,0.56,-1812.143310546875
4313,0.05,0.57,0.0,0.57,-1817.764892578125
4314,0.05,0.57,0.0,0.58,-1822.8115234375
4315,0.05,0.57,0.0,0.59,-1832.9339599609375
4316,0.05,0.57,0.0,0.6,-1831.90234375
4317,0.05,0.57,0.0,0.61,-1838.407958984375
4318,0.05,0.57,0.0,0.62,-1844.8927001953125
4319,0.05,0.57,0.0,0.63,-1849.69140625
4320,0.05,0.57,0.0,0.64,-1854.890380859375
4321,0.05,0.57,0.0,0.65,-1856.611083984375
4322,0.05,0.57,0.0,0.66,-1867.21630859375
4323,0.05,0.57,0.0,0.67,-1871.7330322265625
4324,0.05,0.57,0.0,0.68,-1871.86962890625
4325,0.05,0.57,0.0,0.69,-1880.2708740234375
4326,0.05,0.57,0.0,0.7,-1885.52392578125
4327,0.05,0.57,0.0,0.71,-1889.9237060546875
4328,0.05,0.57,0.0,0.72,-1897.844482421875
4329,0.05,0.57,0.0,0.73,-1902.6121826171875
4330,0.05,0.57,0.0,0.74,-1908.4451904296875
4331,0.05,0.57,0.0,0.75,-1913.3450927734375
4332,0.05,0.58,0.0,0.0,-3739.72607421875
4333,0.05,0.58,0.0,0.01,-1752.551025390625
4334,0.05,0.58,0.0,0.02,-1717.7052001953125
4335,0.05,0.58,0.0,0.03,-1690.15283203125
4336,0.05,0.58,0.0,0.04,-1673.29296875
4337,0.05,0.58,0.0,0.05,-1664.39208984375
4338,0.05,0.58,0.0,0.06,-1660.130615234375
4339,0.05,0.58,0.0,0.07,-1652.9818115234375
4340,0.05,0.58,0.0,0.08,-1647.414794921875
4341,0.05,0.58,0.0,0.09,-1646.0306396484375
4342,0.05,0.58,0.0,0.1,-1645.018310546875
4343,0.05,0.58,0.0,0.11,-1644.922119140625
4344,0.05,0.58,0.0,0.12,-1641.760498046875
4345,0.05,0.58,0.0,0.13,-1643.6617431640625
4346,0.05,0.58,0.0,0.14,-1644.23046875
4347,0.05,0.58,0.0,0.15,-1644.792724609375
4348,0.05,0.58,0.0,0.16,-1648.092529296875
4349,0.05,0.58,0.0,0.17,-1647.91943359375
4350,0.05,0.58,0.0,0.18,-1649.525146484375
4351,0.05,0.58,0.0,0.19,-1653.304443359375
4352,0.05,0.58,0.0,0.2,-1653.543212890625
4353,0.05,0.58,0.0,0.21,-1656.4385986328125
4354,0.05,0.58,0.0,0.22,-1659.9940185546875
4355,0.05,0.58,0.0,0.23,-1664.0909423828125
4356,0.05,0.58,0.0,0.24,-1669.1275634765625
4357,0.05,0.58,0.0,0.25,-1672.6048583984375
4358,0.05,0.58,0.0,0.26,-1675.3701171875
4359,0.05,0.58,0.0,0.27,-1678.657470703125
4360,0.05,0.58,0.0,0.28,-1681.805908203125
4361,0.05,0.58,0.0,0.29,-1687.008544921875
4362,0.05,0.58,0.0,0.3,-1694.5694580078125
4363,0.05,0.58,0.0,0.31,-1694.5914306640625
4364,0.05,0.58,0.0,0.32,-1697.1505126953125
4365,0.05,0.58,0.0,0.33,-1701.447509765625
4366,0.05,0.58,0.0,0.34,-1705.299560546875
4367,0.05,0.58,0.0,0.35,-1709.6190185546875
4368,0.05,0.58,0.0,0.36,-1716.1014404296875
4369,0.05,0.58,0.0,0.37,-1720.2139892578125
4370,0.05,0.58,0.0,0.38,-1724.222900390625
4371,0.05,0.58,0.0,0.39,-1728.8739013671875
4372,0.05,0.58,0.0,0.4,-1734.284423828125
4373,0.05,0.58,0.0,0.41,-1739.172119140625
4374,0.05,0.58,0.0,0.42,-1742.76416015625
4375,0.05,0.58,0.0,0.43,-1749.669677734375
4376,0.05,0.58,0.0,0.44,-1754.61279296875
4377,0.05,0.58,0.0,0.45,-1757.860595703125
4378,0.05,0.58,0.0,0.46,-1762.50634765625
4379,0.05,0.58,0.0,0.47,-1768.824951171875
4380,0.05,0.58,0.0,0.48,-1772.7911376953125
4381,0.05,0.58,0.0,0.49,-1776.90576171875
4382,0.05,0.58,0.0,0.5,-1783.37060546875
4383,0.05,0.58,0.0,0.51,-1788.385986328125
4384,0.05,0.58,0.0,0.52,-1794.517822265625
4385,0.05,0.58,0.0,0.53,-1799.1776123046875
4386,0.05,0.58,0.0,0.54,-1803.182373046875
4387,0.05,0.58,0.0,0.55,-1806.643798828125
4388,0.05,0.58,0.0,0.56,-1813.0244140625
4389,0.05,0.58,0.0,0.57,-1818.781005859375
4390,0.05,0.58,0.0,0.58,-1826.393798828125
4391,0.05,0.58,0.0,0.59,-1830.93896484375
4392,0.05,0.58,0.0,0.6,-1834.71435546875
4393,0.05,0.58,0.0,0.61,-1842.23046875
4394,0.05,0.58,0.0,0.62,-1844.201171875
4395,0.05,0.58,0.0,0.63,-1849.728515625
4396,0.05,0.58,0.0,0.64,-1855.2967529296875
4397,0.05,0.58,0.0,0.65,-1862.4185791015625
4398,0.05,0.58,0.0,0.66,-1866.646484375
4399,0.05,0.58,0.0,0.67,-1872.4129638671875
4400,0.05,0.58,0.0,0.68,-1876.868408203125
4401,0.05,0.58,0.0,0.69,-1882.7784423828125
4402,0.05,0.58,0.0,0.7,-1886.681640625
4403,0.05,0.58,0.0,0.71,-1891.5989990234375
4404,0.05,0.58,0.0,0.72,-1901.158447265625
4405,0.05,0.58,0.0,0.73,-1903.77978515625
4406,0.05,0.58,0.0,0.74,-1907.6873779296875
4407,0.05,0.58,0.0,0.75,-1917.5318603515625
4408,0.05,0.59,0.0,0.0,-3761.966796875
4409,0.05,0.59,0.0,0.01,-1758.519287109375
4410,0.05,0.59,0.0,0.02,-1718.4039306640625
4411,0.05,0.59,0.0,0.03,-1689.985107421875
4412,0.05,0.59,0.0,0.04,-1677.9998779296875
4413,0.05,0.59,0.0,0.05,-1677.485107421875
4414,0.05,0.59,0.0,0.06,-1656.3599853515625
4415,0.05,0.59,0.0,0.07,-1651.5330810546875
4416,0.05,0.59,0.0,0.08,-1651.89794921875
4417,0.05,0.59,0.0,0.09,-1645.865234375
4418,0.05,0.59,0.0,0.1,-1645.01123046875
4419,0.05,0.59,0.0,0.11,-1642.830810546875
4420,0.05,0.59,0.0,0.12,-1642.873291015625
4421,0.05,0.59,0.0,0.13,-1642.699951171875
4422,0.05,0.59,0.0,0.14,-1645.173583984375
4423,0.05,0.59,0.0,0.15,-1645.263427734375
4424,0.05,0.59,0.0,0.16,-1647.4180908203125
4425,0.05,0.59,0.0,0.17,-1650.0244140625
4426,0.05,0.59,0.0,0.18,-1653.6431884765625
4427,0.05,0.59,0.0,0.19,-1653.259521484375
4428,0.05,0.59,0.0,0.2,-1658.190673828125
4429,0.05,0.59,0.0,0.21,-1660.662109375
4430,0.05,0.59,0.0,0.22,-1662.592041015625
4431,0.05,0.59,0.0,0.23,-1670.007080078125
4432,0.05,0.59,0.0,0.24,-1669.6507568359375
4433,0.05,0.59,0.0,0.25,-1672.33837890625
4434,0.05,0.59,0.0,0.26,-1677.377685546875
4435,0.05,0.59,0.0,0.27,-1681.35498046875
4436,0.05,0.59,0.0,0.28,-1682.8231201171875
4437,0.05,0.59,0.0,0.29,-1687.943359375
4438,0.05,0.59,0.0,0.3,-1693.123291015625
4439,0.05,0.59,0.0,0.31,-1695.1566162109375
4440,0.05,0.59,0.0,0.32,-1702.813720703125
4441,0.05,0.59,0.0,0.33,-1703.127685546875
4442,0.05,0.59,0.0,0.34,-1709.4837646484375
4443,0.05,0.59,0.0,0.35,-1713.5592041015625
4444,0.05,0.59,0.0,0.36,-1717.982177734375
4445,0.05,0.59,0.0,0.37,-1722.913818359375
4446,0.05,0.59,0.0,0.38,-1728.82958984375
4447,0.05,0.59,0.0,0.39,-1731.7020263671875
4448,0.05,0.59,0.0,0.4,-1736.4925537109375
4449,0.05,0.59,0.0,0.41,-1740.2626953125
4450,0.05,0.59,0.0,0.42,-1746.251220703125
4451,0.05,0.59,0.0,0.43,-1750.572998046875
4452,0.05,0.59,0.0,0.44,-1754.813232421875
4453,0.05,0.59,0.0,0.45,-1759.5904541015625
4454,0.05,0.59,0.0,0.46,-1763.266845703125
4455,0.05,0.59,0.0,0.47,-1770.052001953125
4456,0.05,0.59,0.0,0.48,-1775.092529296875
4457,0.05,0.59,0.0,0.49,-1779.6962890625
4458,0.05,0.59,0.0,0.5,-1784.421875
4459,0.05,0.59,0.0,0.51,-1790.4876708984375
4460,0.05,0.59,0.0,0.52,-1793.6533203125
4461,0.05,0.59,0.0,0.53,-1800.932861328125
4462,0.05,0.59,0.0,0.54,-1804.89453125
4463,0.05,0.59,0.0,0.55,-1809.6895751953125
4464,0.05,0.59,0.0,0.56,-1812.7578125
4465,0.05,0.59,0.0,0.57,-1821.2314453125
4466,0.05,0.59,0.0,0.58,-1824.2481689453125
4467,0.05,0.59,0.0,0.59,-1831.9127197265625
4468,0.05,0.59,0.0,0.6,-1834.52099609375
4469,0.05,0.59,0.0,0.61,-1842.2666015625
4470,0.05,0.59,0.0,0.62,-1847.3858642578125
4471,0.05,0.59,0.0,0.63,-1852.030517578125
4472,0.05,0.59,0.0,0.64,-1857.673583984375
4473,0.05,0.59,0.0,0.65,-1859.900390625
4474,0.05,0.59,0.0,0.66,-1867.104736328125
4475,0.05,0.59,0.0,0.67,-1877.0498046875
4476,0.05,0.59,0.0,0.68,-1876.028076171875
4477,0.05,0.59,0.0,0.69,-1884.3056640625
4478,0.05,0.59,0.0,0.7,-1890.3123779296875
4479,0.05,0.59,0.0,0.71,-1895.3724365234375
4480,0.05,0.59,0.0,0.72,-1896.087890625
4481,0.05,0.59,0.0,0.73,-1906.07080078125
4482,0.05,0.59,0.0,0.74,-1912.0615234375
4483,0.05,0.59,0.0,0.75,-1919.7880859375
4484,0.05,0.6,0.0,0.0,-3764.47802734375
4485,0.05,0.6,0.0,0.01,-1756.9404296875
4486,0.05,0.6,0.0,0.02,-1715.9423828125
4487,0.05,0.6,0.0,0.03,-1696.9693603515625
4488,0.05,0.6,0.0,0.04,-1678.7479248046875
4489,0.05,0.6,0.0,0.05,-1665.869384765625
4490,0.05,0.6,0.0,0.06,-1662.2947998046875
4491,0.05,0.6,0.0,0.07,-1655.270751953125
4492,0.05,0.6,0.0,0.08,-1655.640380859375
4493,0.05,0.6,0.0,0.09,-1647.549072265625
4494,0.05,0.6,0.0,0.1,-1645.224365234375
4495,0.05,0.6,0.0,0.11,-1644.6356201171875
4496,0.05,0.6,0.0,0.12,-1657.4871826171875
4497,0.05,0.6,0.0,0.13,-1644.806396484375
4498,0.05,0.6,0.0,0.14,-1646.1470947265625
4499,0.05,0.6,0.0,0.15,-1648.901123046875
4500,0.05,0.6,0.0,0.16,-1650.0125732421875
4501,0.05,0.6,0.0,0.17,-1649.5814208984375
4502,0.05,0.6,0.0,0.18,-1652.69287109375
4503,0.05,0.6,0.0,0.19,-1656.150390625
4504,0.05,0.6,0.0,0.2,-1658.8148193359375
4505,0.05,0.6,0.0,0.21,-1662.09033203125
4506,0.05,0.6,0.0,0.22,-1663.848876953125
4507,0.05,0.6,0.0,0.23,-1669.2679443359375
4508,0.05,0.6,0.0,0.24,-1670.420166015625
4509,0.05,0.6,0.0,0.25,-1674.9168701171875
4510,0.05,0.6,0.0,0.26,-1676.49755859375
4511,0.05,0.6,0.0,0.27,-1681.18505859375
4512,0.05,0.6,0.0,0.28,-1686.506103515625
4513,0.05,0.6,0.0,0.29,-1688.048828125
4514,0.05,0.6,0.0,0.3,-1693.3577880859375
4515,0.05,0.6,0.0,0.31,-1697.99267578125
4516,0.05,0.6,0.0,0.32,-1700.430908203125
4517,0.05,0.6,0.0,0.33,-1705.927978515625
4518,0.05,0.6,0.0,0.34,-1709.213623046875
4519,0.05,0.6,0.0,0.35,-1714.428955078125
4520,0.05,0.6,0.0,0.36,-1720.8233642578125
4521,0.05,0.6,0.0,0.37,-1722.93212890625
4522,0.05,0.6,0.0,0.38,-1727.333740234375
4523,0.05,0.6,0.0,0.39,-1731.5433349609375
4524,0.05,0.6,0.0,0.4,-1739.840087890625
4525,0.05,0.6,0.0,0.41,-1742.88232421875
4526,0.05,0.6,0.0,0.42,-1746.571044921875
4527,0.05,0.6,0.0,0.43,-1750.580078125
4528,0.05,0.6,0.0,0.44,-1755.4154052734375
4529,0.05,0.6,0.0,0.45,-1761.921142578125
4530,0.05,0.6,0.0,0.46,-1767.169189453125
4531,0.05,0.6,0.0,0.47,-1773.2120361328125
4532,0.05,0.6,0.0,0.48,-1775.897705078125
4533,0.05,0.6,0.0,0.49,-1782.4921875
4534,0.05,0.6,0.0,0.5,-1787.43310546875
4535,0.05,0.6,0.0,0.51,-1792.6646728515625
4536,0.05,0.6,0.0,0.52,-1797.5517578125
4537,0.05,0.6,0.0,0.53,-1801.826171875
4538,0.05,0.6,0.0,0.54,-1805.814697265625
4539,0.05,0.6,0.0,0.55,-1814.80419921875
4540,0.05,0.6,0.0,0.56,-1816.19091796875
4541,0.05,0.6,0.0,0.57,-1820.48779296875
4542,0.05,0.6,0.0,0.58,-1833.900146484375
4543,0.05,0.6,0.0,0.59,-1831.4549560546875
4544,0.05,0.6,0.0,0.6,-1836.3255615234375
4545,0.05,0.6,0.0,0.61,-1844.4537353515625
4546,0.05,0.6,0.0,0.62,-1849.820068359375
4547,0.05,0.6,0.0,0.63,-1854.895751953125
4548,0.05,0.6,0.0,0.64,-1858.6500244140625
4549,0.05,0.6,0.0,0.65,-1865.6793212890625
4550,0.05,0.6,0.0,0.66,-1868.32177734375
4551,0.05,0.6,0.0,0.67,-1873.954345703125
4552,0.05,0.6,0.0,0.68,-1883.977294921875
4553,0.05,0.6,0.0,0.69,-1887.282958984375
4554,0.05,0.6,0.0,0.7,-1892.0296630859375
4555,0.05,0.6,0.0,0.71,-1894.236328125
4556,0.05,0.6,0.0,0.72,-1900.25732421875
4557,0.05,0.6,0.0,0.73,-1909.26611328125
4558,0.05,0.6,0.0,0.74,-1914.4761962890625
4559,0.05,0.6,0.0,0.75,-1917.9857177734375
4560,0.05,0.61,0.0,0.0,-3747.656494140625
4561,0.05,0.61,0.0,0.01,-1758.4483642578125
4562,0.05,0.61,0.0,0.02,-1722.286865234375
4563,0.05,0.61,0.0,0.03,-1692.08935546875
4564,0.05,0.61,0.0,0.04,-1682.938232421875
4565,0.05,0.61,0.0,0.05,-1669.058349609375
4566,0.05,0.61,0.0,0.06,-1659.4764404296875
4567,0.05,0.61,0.0,0.07,-1655.520263671875
4568,0.05,0.61,0.0,0.08,-1652.6376953125
4569,0.05,0.61,0.0,0.09,-1652.645263671875
4570,0.05,0.61,0.0,0.1,-1649.4560546875
4571,0.05,0.61,0.0,0.11,-1646.39501953125
4572,0.05,0.61,0.0,0.12,-1646.213134765625
4573,0.05,0.61,0.0,0.13,-1656.7974853515625
4574,0.05,0.61,0.0,0.14,-1646.8907470703125
4575,0.05,0.61,0.0,0.15,-1647.9674072265625
4576,0.05,0.61,0.0,0.16,-1651.6568603515625
4577,0.05,0.61,0.0,0.17,-1651.7919921875
4578,0.05,0.61,0.0,0.18,-1654.409423828125
4579,0.05,0.61,0.0,0.19,-1658.51220703125
4580,0.05,0.61,0.0,0.2,-1659.005615234375
4581,0.05,0.61,0.0,0.21,-1660.9149169921875
4582,0.05,0.61,0.0,0.22,-1666.355712890625
4583,0.05,0.61,0.0,0.23,-1666.032470703125
4584,0.05,0.61,0.0,0.24,-1674.760009765625
4585,0.05,0.61,0.0,0.25,-1676.08154296875
4586,0.05,0.61,0.0,0.26,-1679.244873046875
4587,0.05,0.61,0.0,0.27,-1682.99609375
4588,0.05,0.61,0.0,0.28,-1691.885009765625
4589,0.05,0.61,0.0,0.29,-1689.938232421875
4590,0.05,0.61,0.0,0.3,-1694.681396484375
4591,0.05,0.61,0.0,0.31,-1698.830322265625
4592,0.05,0.61,0.0,0.32,-1701.471923828125
4593,0.05,0.61,0.0,0.33,-1705.895263671875
4594,0.05,0.61,0.0,0.34,-1715.030517578125
4595,0.05,0.61,0.0,0.35,-1717.102783203125
4596,0.05,0.61,0.0,0.36,-1720.6629638671875
4597,0.05,0.61,0.0,0.37,-1723.8980712890625
4598,0.05,0.61,0.0,0.38,-1729.229736328125
4599,0.05,0.61,0.0,0.39,-1737.31005859375
4600,0.05,0.61,0.0,0.4,-1738.447265625
4601,0.05,0.61,0.0,0.41,-1743.72314453125
4602,0.05,0.61,0.0,0.42,-1751.7025146484375
4603,0.05,0.61,0.0,0.43,-1752.941162109375
4604,0.05,0.61,0.0,0.44,-1757.33203125
4605,0.05,0.61,0.0,0.45,-1763.414794921875
4606,0.05,0.61,0.0,0.46,-1767.213623046875
4607,0.05,0.61,0.0,0.47,-1773.60302734375
4608,0.05,0.61,0.0,0.48,-1782.2288818359375
4609,0.05,0.61,0.0,0.49,-1780.77978515625
4610,0.05,0.61,0.0,0.5,-1787.4686279296875
4611,0.05,0.61,0.0,0.51,-1792.732421875
4612,0.05,0.61,0.0,0.52,-1798.18115234375
4613,0.05,0.61,0.0,0.53,-1802.65771484375
4614,0.05,0.61,0.0,0.54,-1806.687744140625
4615,0.05,0.61,0.0,0.55,-1811.68701171875
4616,0.05,0.61,0.0,0.56,-1819.23046875
4617,0.05,0.61,0.0,0.57,-1822.8443603515625
4618,0.05,0.61,0.0,0.58,-1831.01318359375
4619,0.05,0.61,0.0,0.59,-1832.9969482421875
4620,0.05,0.61,0.0,0.6,-1838.8377685546875
4621,0.05,0.61,0.0,0.61,-1844.1220703125
4622,0.05,0.61,0.0,0.62,-1851.399169921875
4623,0.05,0.61,0.0,0.63,-1855.6907958984375
4624,0.05,0.61,0.0,0.64,-1860.582763671875
4625,0.05,0.61,0.0,0.65,-1869.927490234375
4626,0.05,0.61,0.0,0.66,-1871.53271484375
4627,0.05,0.61,0.0,0.67,-1874.9443359375
4628,0.05,0.61,0.0,0.68,-1879.48681640625
4629,0.05,0.61,0.0,0.69,-1886.9326171875
4630,0.05,0.61,0.0,0.7,-1892.4600830078125
4631,0.05,0.61,0.0,0.71,-1898.4224853515625
4632,0.05,0.61,0.0,0.72,-1902.1806640625
4633,0.05,0.61,0.0,0.73,-1909.2882080078125
4634,0.05,0.61,0.0,0.74,-1916.154296875
4635,0.05,0.61,0.0,0.75,-1921.112548828125
4636,0.05,0.62,0.0,0.0,-3756.70751953125
4637,0.05,0.62,0.0,0.01,-1759.394775390625
4638,0.05,0.62,0.0,0.02,-1716.572021484375
4639,0.05,0.62,0.0,0.03,-1696.32568359375
4640,0.05,0.62,0.0,0.04,-1679.646728515625
4641,0.05,0.62,0.0,0.05,-1669.0711669921875
4642,0.05,0.62,0.0,0.06,-1662.92236328125
4643,0.05,0.62,0.0,0.07,-1657.370361328125
4644,0.05,0.62,0.0,0.08,-1655.2283935546875
4645,0.05,0.62,0.0,0.09,-1650.4957275390625
4646,0.05,0.62,0.0,0.1,-1648.681640625
4647,0.05,0.62,0.0,0.11,-1647.90283203125
4648,0.05,0.62,0.0,0.12,-1648.391357421875
4649,0.05,0.62,0.0,0.13,-1650.5057373046875
4650,0.05,0.62,0.0,0.14,-1649.5498046875
4651,0.05,0.62,0.0,0.15,-1651.0010986328125
4652,0.05,0.62,0.0,0.16,-1651.7972412109375
4653,0.05,0.62,0.0,0.17,-1653.5888671875
4654,0.05,0.62,0.0,0.18,-1656.240234375
4655,0.05,0.62,0.0,0.19,-1660.2822265625
4656,0.05,0.62,0.0,0.2,-1660.9365234375
4657,0.05,0.62,0.0,0.21,-1668.8001708984375
4658,0.05,0.62,0.0,0.22,-1668.1787109375
4659,0.05,0.62,0.0,0.23,-1670.765380859375
4660,0.05,0.62,0.0,0.24,-1675.7939453125
4661,0.05,0.62,0.0,0.25,-1676.299072265625
4662,0.05,0.62,0.0,0.26,-1680.8017578125
4663,0.05,0.62,0.0,0.27,-1685.713623046875
4664,0.05,0.62,0.0,0.28,-1687.45361328125
4665,0.05,0.62,0.0,0.29,-1695.42724609375
4666,0.05,0.62,0.0,0.3,-1696.8424072265625
4667,0.05,0.62,0.0,0.31,-1701.3958740234375
4668,0.05,0.62,0.0,0.32,-1703.5751953125
4669,0.05,0.62,0.0,0.33,-1713.97705078125
4670,0.05,0.62,0.0,0.34,-1712.66845703125
4671,0.05,0.62,0.0,0.35,-1717.0125732421875
4672,0.05,0.62,0.0,0.36,-1721.9071044921875
4673,0.05,0.62,0.0,0.37,-1726.826904296875
4674,0.05,0.62,0.0,0.38,-1730.170166015625
4675,0.05,0.62,0.0,0.39,-1737.3922119140625
4676,0.05,0.62,0.0,0.4,-1738.771484375
4677,0.05,0.62,0.0,0.41,-1747.6319580078125
4678,0.05,0.62,0.0,0.42,-1748.50244140625
4679,0.05,0.62,0.0,0.43,-1755.6153564453125
4680,0.05,0.62,0.0,0.44,-1768.2574462890625
4681,0.05,0.62,0.0,0.45,-1764.275634765625
4682,0.05,0.62,0.0,0.46,-1769.472900390625
4683,0.05,0.62,0.0,0.47,-1774.1109619140625
4684,0.05,0.62,0.0,0.48,-1782.83154296875
4685,0.05,0.62,0.0,0.49,-1784.2723388671875
4686,0.05,0.62,0.0,0.5,-1791.641357421875
4687,0.05,0.62,0.0,0.51,-1793.3043212890625
4688,0.05,0.62,0.0,0.52,-1799.004638671875
4689,0.05,0.62,0.0,0.53,-1804.90673828125
4690,0.05,0.62,0.0,0.54,-1811.853759765625
4691,0.05,0.62,0.0,0.55,-1816.596435546875
4692,0.05,0.62,0.0,0.56,-1821.8446044921875
4693,0.05,0.62,0.0,0.57,-1823.71337890625
4694,0.05,0.62,0.0,0.58,-1831.658203125
4695,0.05,0.62,0.0,0.59,-1835.483154296875
4696,0.05,0.62,0.0,0.6,-1840.9844970703125
4697,0.05,0.62,0.0,0.61,-1845.315185546875
4698,0.05,0.62,0.0,0.62,-1853.081298828125
4699,0.05,0.62,0.0,0.63,-1855.966552734375
4700,0.05,0.62,0.0,0.64,-1863.232421875
4701,0.05,0.62,0.0,0.65,-1869.7222900390625
4702,0.05,0.62,0.0,0.66,-1870.71240234375
4703,0.05,0.62,0.0,0.67,-1878.5792236328125
4704,0.05,0.62,0.0,0.68,-1884.1494140625
4705,0.05,0.62,0.0,0.69,-1891.456787109375
4706,0.05,0.62,0.0,0.7,-1894.921142578125
4707,0.05,0.62,0.0,0.71,-1904.594482421875
4708,0.05,0.62,0.0,0.72,-1903.712646484375
4709,0.05,0.62,0.0,0.73,-1907.6124267578125
4710,0.05,0.62,0.0,0.74,-1918.31640625
4711,0.05,0.62,0.0,0.75,-1923.9378662109375
4712,0.05,0.63,0.0,0.0,-3766.3447265625
4713,0.05,0.63,0.0,0.01,-1773.681640625
4714,0.05,0.63,0.0,0.02,-1719.843505859375
4715,0.05,0.63,0.0,0.03,-1695.853759765625
4716,0.05,0.63,0.0,0.04,-1684.77880859375
4717,0.05,0.63,0.0,0.05,-1670.333984375
4718,0.05,0.63,0.0,0.06,-1667.6104736328125
4719,0.05,0.63,0.0,0.07,-1667.53515625
4720,0.05,0.63,0.0,0.08,-1658.085693359375
4721,0.05,0.63,0.0,0.09,-1654.767333984375
4722,0.05,0.63,0.0,0.1,-1650.7095947265625
4723,0.05,0.63,0.0,0.11,-1648.30615234375
4724,0.05,0.63,0.0,0.12,-1648.31982421875
4725,0.05,0.63,0.0,0.13,-1649.7694091796875
4726,0.05,0.63,0.0,0.14,-1650.9302978515625
4727,0.05,0.63,0.0,0.15,-1652.5279541015625
4728,0.05,0.63,0.0,0.16,-1653.48583984375
4729,0.05,0.63,0.0,0.17,-1654.47021484375
4730,0.05,0.63,0.0,0.18,-1656.2940673828125
4731,0.05,0.63,0.0,0.19,-1660.1568603515625
4732,0.05,0.63,0.0,0.2,-1662.4632568359375
4733,0.05,0.63,0.0,0.21,-1665.1116943359375
4734,0.05,0.63,0.0,0.22,-1668.70556640625
4735,0.05,0.63,0.0,0.23,-1671.991943359375
4736,0.05,0.63,0.0,0.24,-1679.57421875
4737,0.05,0.63,0.0,0.25,-1677.935302734375
4738,0.05,0.63,0.0,0.26,-1681.910888671875
4739,0.05,0.63,0.0,0.27,-1685.1015625
4740,0.05,0.63,0.0,0.28,-1690.20947265625
4741,0.05,0.63,0.0,0.29,-1693.3065185546875
4742,0.05,0.63,0.0,0.3,-1696.0556640625
4743,0.05,0.63,0.0,0.31,-1699.627197265625
4744,0.05,0.63,0.0,0.32,-1706.418701171875
4745,0.05,0.63,0.0,0.33,-1710.253173828125
4746,0.05,0.63,0.0,0.34,-1714.73876953125
4747,0.05,0.63,0.0,0.35,-1718.0543212890625
4748,0.05,0.63,0.0,0.36,-1723.48486328125
4749,0.05,0.63,0.0,0.37,-1727.619140625
4750,0.05,0.63,0.0,0.38,-1731.8204345703125
4751,0.05,0.63,0.0,0.39,-1736.61181640625
4752,0.05,0.63,0.0,0.4,-1741.7310791015625
4753,0.05,0.63,0.0,0.41,-1747.100341796875
4754,0.05,0.63,0.0,0.42,-1752.052001953125
4755,0.05,0.63,0.0,0.43,-1754.818115234375
4756,0.05,0.63,0.0,0.44,-1761.820068359375
4757,0.05,0.63,0.0,0.45,-1767.6787109375
4758,0.05,0.63,0.0,0.46,-1772.2547607421875
4759,0.05,0.63,0.0,0.47,-1777.189697265625
4760,0.05,0.63,0.0,0.48,-1781.723388671875
4761,0.05,0.63,0.0,0.49,-1785.48388671875
4762,0.05,0.63,0.0,0.5,-1790.78369140625
4763,0.05,0.63,0.0,0.51,-1795.1114501953125
4764,0.05,0.63,0.0,0.52,-1801.57373046875
4765,0.05,0.63,0.0,0.53,-1806.89208984375
4766,0.05,0.63,0.0,0.54,-1811.0445556640625
4767,0.05,0.63,0.0,0.55,-1818.01708984375
4768,0.05,0.63,0.0,0.56,-1820.755859375
4769,0.05,0.63,0.0,0.57,-1824.264404296875
4770,0.05,0.63,0.0,0.58,-1831.7237548828125
4771,0.05,0.63,0.0,0.59,-1837.794921875
4772,0.05,0.63,0.0,0.6,-1842.7489013671875
4773,0.05,0.63,0.0,0.61,-1851.1185302734375
4774,0.05,0.63,0.0,0.62,-1852.408203125
4775,0.05,0.63,0.0,0.63,-1858.35400390625
4776,0.05,0.63,0.0,0.64,-1863.156982421875
4777,0.05,0.63,0.0,0.65,-1870.011474609375
4778,0.05,0.63,0.0,0.66,-1875.65869140625
4779,0.05,0.63,0.0,0.67,-1879.06689453125
4780,0.05,0.63,0.0,0.68,-1887.281982421875
4781,0.05,0.63,0.0,0.69,-1889.7113037109375
4782,0.05,0.63,0.0,0.7,-1898.984375
4783,0.05,0.63,0.0,0.71,-1902.080810546875
4784,0.05,0.63,0.0,0.72,-1906.0013427734375
4785,0.05,0.63,0.0,0.73,-1913.698974609375
4786,0.05,0.63,0.0,0.74,-1919.7108154296875
4787,0.05,0.63,0.0,0.75,-1921.991455078125
4788,0.05,0.64,0.0,0.0,-3752.711669921875
4789,0.05,0.64,0.0,0.01,-1761.89111328125
4790,0.05,0.64,0.0,0.02,-1721.0283203125
4791,0.05,0.64,0.0,0.03,-1696.7528076171875
4792,0.05,0.64,0.0,0.04,-1686.6693115234375
4793,0.05,0.64,0.0,0.05,-1672.6112060546875
4794,0.05,0.64,0.0,0.06,-1671.5179443359375
4795,0.05,0.64,0.0,0.07,-1658.53662109375
4796,0.05,0.64,0.0,0.08,-1655.380126953125
4797,0.05,0.64,0.0,0.09,-1654.2479248046875
4798,0.05,0.64,0.0,0.1,-1659.137939453125
4799,0.05,0.64,0.0,0.11,-1650.401611328125
4800,0.05,0.64,0.0,0.12,-1650.410888671875
4801,0.05,0.64,0.0,0.13,-1650.411865234375
4802,0.05,0.64,0.0,0.14,-1651.42236328125
4803,0.05,0.64,0.0,0.15,-1653.7120361328125
4804,0.05,0.64,0.0,0.16,-1654.05126953125
4805,0.05,0.64,0.0,0.17,-1656.407470703125
4806,0.05,0.64,0.0,0.18,-1661.242431640625
4807,0.05,0.64,0.0,0.19,-1661.494140625
4808,0.05,0.64,0.0,0.2,-1665.2034912109375
4809,0.05,0.64,0.0,0.21,-1665.76904296875
4810,0.05,0.64,0.0,0.22,-1672.898193359375
4811,0.05,0.64,0.0,0.23,-1673.942138671875
4812,0.05,0.64,0.0,0.24,-1682.169189453125
4813,0.05,0.64,0.0,0.25,-1680.19140625
4814,0.05,0.64,0.0,0.26,-1682.324462890625
4815,0.05,0.64,0.0,0.27,-1686.107421875
4816,0.05,0.64,0.0,0.28,-1690.9112548828125
4817,0.05,0.64,0.0,0.29,-1700.15087890625
4818,0.05,0.64,0.0,0.3,-1697.926025390625
4819,0.05,0.64,0.0,0.31,-1702.826904296875
4820,0.05,0.64,0.0,0.32,-1708.419921875
4821,0.05,0.64,0.0,0.33,-1712.3876953125
4822,0.05,0.64,0.0,0.34,-1717.43115234375
4823,0.05,0.64,0.0,0.35,-1721.0828857421875
4824,0.05,0.64,0.0,0.36,-1724.0255126953125
4825,0.05,0.64,0.0,0.37,-1729.4449462890625
4826,0.05,0.64,0.0,0.38,-1736.4453125
4827,0.05,0.64,0.0,0.39,-1738.551513671875
4828,0.05,0.64,0.0,0.4,-1744.912109375
4829,0.05,0.64,0.0,0.41,-1749.52783203125
4830,0.05,0.64,0.0,0.42,-1753.4329833984375
4831,0.05,0.64,0.0,0.43,-1761.5147705078125
4832,0.05,0.64,0.0,0.44,-1763.726318359375
4833,0.05,0.64,0.0,0.45,-1766.013671875
4834,0.05,0.64,0.0,0.46,-1773.56005859375
4835,0.05,0.64,0.0,0.47,-1778.41357421875
4836,0.05,0.64,0.0,0.48,-1783.1517333984375
4837,0.05,0.64,0.0,0.49,-1789.4207763671875
4838,0.05,0.64,0.0,0.5,-1791.799560546875
4839,0.05,0.64,0.0,0.51,-1797.0921630859375
4840,0.05,0.64,0.0,0.52,-1800.448486328125
4841,0.05,0.64,0.0,0.53,-1809.4718017578125
4842,0.05,0.64,0.0,0.54,-1812.218994140625
4843,0.05,0.64,0.0,0.55,-1817.5849609375
4844,0.05,0.64,0.0,0.56,-1823.891845703125
4845,0.05,0.64,0.0,0.57,-1827.257568359375
4846,0.05,0.64,0.0,0.58,-1834.336181640625
4847,0.05,0.64,0.0,0.59,-1842.720458984375
4848,0.05,0.64,0.0,0.6,-1845.27490234375
4849,0.05,0.64,0.0,0.61,-1848.00146484375
4850,0.05,0.64,0.0,0.62,-1853.576416015625
4851,0.05,0.64,0.0,0.63,-1862.7022705078125
4852,0.05,0.64,0.0,0.64,-1862.85400390625
4853,0.05,0.64,0.0,0.65,-1870.9266357421875
4854,0.05,0.64,0.0,0.66,-1876.6107177734375
4855,0.05,0.64,0.0,0.67,-1881.35595703125
4856,0.05,0.64,0.0,0.68,-1891.03369140625
4857,0.05,0.64,0.0,0.69,-1890.204345703125
4858,0.05,0.64,0.0,0.7,-1899.4906005859375
4859,0.05,0.64,0.0,0.71,-1904.1171875
4860,0.05,0.64,0.0,0.72,-1908.08740234375
4861,0.05,0.64,0.0,0.73,-1916.0667724609375
4862,0.05,0.64,0.0,0.74,-1921.3382568359375
4863,0.05,0.64,0.0,0.75,-1930.43408203125
4864,0.05,0.65,0.0,0.0,-3380.827392578125
4865,0.05,0.65,0.0,0.01,-1767.6920166015625
4866,0.05,0.65,0.0,0.02,-1726.84033203125
4867,0.05,0.65,0.0,0.03,-1699.7078857421875
4868,0.05,0.65,0.0,0.04,-1684.5810546875
4869,0.05,0.65,0.0,0.05,-1674.8787841796875
4870,0.05,0.65,0.0,0.06,-1666.09521484375
4871,0.05,0.65,0.0,0.07,-1661.4210205078125
4872,0.05,0.65,0.0,0.08,-1657.4400634765625
4873,0.05,0.65,0.0,0.09,-1656.497314453125
4874,0.05,0.65,0.0,0.1,-1654.05615234375
4875,0.05,0.65,0.0,0.11,-1651.364990234375
4876,0.05,0.65,0.0,0.12,-1653.5843505859375
4877,0.05,0.65,0.0,0.13,-1651.7802734375
4878,0.05,0.65,0.0,0.14,-1653.152587890625
4879,0.05,0.65,0.0,0.15,-1655.6689453125
4880,0.05,0.65,0.0,0.16,-1659.8563232421875
4881,0.05,0.65,0.0,0.17,-1658.423583984375
4882,0.05,0.65,0.0,0.18,-1661.463134765625
4883,0.05,0.65,0.0,0.19,-1662.6826171875
4884,0.05,0.65,0.0,0.2,-1668.52490234375
4885,0.05,0.65,0.0,0.21,-1669.64208984375
4886,0.05,0.65,0.0,0.22,-1670.630615234375
4887,0.05,0.65,0.0,0.23,-1677.1534423828125
4888,0.05,0.65,0.0,0.24,-1676.424560546875
4889,0.05,0.65,0.0,0.25,-1682.114990234375
4890,0.05,0.65,0.0,0.26,-1688.321533203125
4891,0.05,0.65,0.0,0.27,-1695.5152587890625
4892,0.05,0.65,0.0,0.28,-1692.954833984375
4893,0.05,0.65,0.0,0.29,-1696.3780517578125
4894,0.05,0.65,0.0,0.3,-1704.2314453125
4895,0.05,0.65,0.0,0.31,-1704.655517578125
4896,0.05,0.65,0.0,0.32,-1708.6993408203125
4897,0.05,0.65,0.0,0.33,-1715.619140625
4898,0.05,0.65,0.0,0.34,-1717.470947265625
4899,0.05,0.65,0.0,0.35,-1722.227783203125
4900,0.05,0.65,0.0,0.36,-1727.7252197265625
4901,0.05,0.65,0.0,0.37,-1729.83642578125
4902,0.05,0.65,0.0,0.38,-1735.7657470703125
4903,0.05,0.65,0.0,0.39,-1741.271484375
4904,0.05,0.65,0.0,0.4,-1746.051513671875
4905,0.05,0.65,0.0,0.41,-1750.5989990234375
4906,0.05,0.65,0.0,0.42,-1756.150146484375
4907,0.05,0.65,0.0,0.43,-1758.017822265625
4908,0.05,0.65,0.0,0.44,-1764.864013671875
4909,0.05,0.65,0.0,0.45,-1770.05419921875
4910,0.05,0.65,0.0,0.46,-1774.0855712890625
4911,0.05,0.65,0.0,0.47,-1778.9052734375
4912,0.05,0.65,0.0,0.48,-1784.6455078125
4913,0.05,0.65,0.0,0.49,-1790.48095703125
4914,0.05,0.65,0.0,0.5,-1794.401123046875
4915,0.05,0.65,0.0,0.51,-1798.693115234375
4916,0.05,0.65,0.0,0.52,-1806.1346435546875
4917,0.05,0.65,0.0,0.53,-1809.6412353515625
4918,0.05,0.65,0.0,0.54,-1813.99853515625
4919,0.05,0.65,0.0,0.55,-1820.13134765625
4920,0.05,0.65,0.0,0.56,-1826.150390625
4921,0.05,0.65,0.0,0.57,-1828.16015625
4922,0.05,0.65,0.0,0.58,-1835.53271484375
4923,0.05,0.65,0.0,0.59,-1839.66748046875
4924,0.05,0.65,0.0,0.6,-1848.465576171875
4925,0.05,0.65,0.0,0.61,-1854.846435546875
4926,0.05,0.65,0.0,0.62,-1856.6162109375
4927,0.05,0.65,0.0,0.63,-1861.398193359375
4928,0.05,0.65,0.0,0.64,-1870.791748046875
4929,0.05,0.65,0.0,0.65,-1875.4249267578125
4930,0.05,0.65,0.0,0.66,-1877.072021484375
4931,0.05,0.65,0.0,0.67,-1883.16015625
4932,0.05,0.65,0.0,0.68,-1887.6962890625
4933,0.05,0.65,0.0,0.69,-1897.3330078125
4934,0.05,0.65,0.0,0.7,-1896.872314453125
4935,0.05,0.65,0.0,0.71,-1904.967041015625
4936,0.05,0.65,0.0,0.72,-1912.339111328125
4937,0.05,0.65,0.0,0.73,-1916.058349609375
4938,0.05,0.65,0.0,0.74,-1925.097900390625
4939,0.05,0.65,0.0,0.75,-1925.1412353515625
4940,0.05,0.66,0.0,0.0,-3804.08935546875
4941,0.05,0.66,0.0,0.01,-1769.43408203125
4942,0.05,0.66,0.0,0.02,-1722.207275390625
4943,0.05,0.66,0.0,0.03,-1699.29248046875
4944,0.05,0.66,0.0,0.04,-1684.4150390625
4945,0.05,0.66,0.0,0.05,-1676.271240234375
4946,0.05,0.66,0.0,0.06,-1672.11962890625
4947,0.05,0.66,0.0,0.07,-1661.005615234375
4948,0.05,0.66,0.0,0.08,-1657.515625
4949,0.05,0.66,0.0,0.09,-1656.2117919921875
4950,0.05,0.66,0.0,0.1,-1656.399169921875
4951,0.05,0.66,0.0,0.11,-1652.995361328125
4952,0.05,0.66,0.0,0.12,-1653.9998779296875
4953,0.05,0.66,0.0,0.13,-1655.103759765625
4954,0.05,0.66,0.0,0.14,-1654.3392333984375
4955,0.05,0.66,0.0,0.15,-1655.7120361328125
4956,0.05,0.66,0.0,0.16,-1657.163818359375
4957,0.05,0.66,0.0,0.17,-1660.630126953125
4958,0.05,0.66,0.0,0.18,-1662.0574951171875
4959,0.05,0.66,0.0,0.19,-1664.72265625
4960,0.05,0.66,0.0,0.2,-1671.057373046875
4961,0.05,0.66,0.0,0.21,-1670.1190185546875
4962,0.05,0.66,0.0,0.22,-1673.068115234375
4963,0.05,0.66,0.0,0.23,-1675.751708984375
4964,0.05,0.66,0.0,0.24,-1679.9638671875
4965,0.05,0.66,0.0,0.25,-1685.21875
4966,0.05,0.66,0.0,0.26,-1686.101318359375
4967,0.05,0.66,0.0,0.27,-1691.64208984375
4968,0.05,0.66,0.0,0.28,-1695.595703125
4969,0.05,0.66,0.0,0.29,-1698.461181640625
4970,0.05,0.66,0.0,0.3,-1704.823486328125
4971,0.05,0.66,0.0,0.31,-1706.5384521484375
4972,0.05,0.66,0.0,0.32,-1709.6884765625
4973,0.05,0.66,0.0,0.33,-1716.707275390625
4974,0.05,0.66,0.0,0.34,-1719.3023681640625
4975,0.05,0.66,0.0,0.35,-1724.89599609375
4976,0.05,0.66,0.0,0.36,-1728.71484375
4977,0.05,0.66,0.0,0.37,-1733.8560791015625
4978,0.05,0.66,0.0,0.38,-1736.468505859375
4979,0.05,0.66,0.0,0.39,-1746.169677734375
4980,0.05,0.66,0.0,0.4,-1747.0069580078125
4981,0.05,0.66,0.0,0.41,-1750.0992431640625
4982,0.05,0.66,0.0,0.42,-1756.331787109375
4983,0.05,0.66,0.0,0.43,-1763.21044921875
4984,0.05,0.66,0.0,0.44,-1763.6356201171875
4985,0.05,0.66,0.0,0.45,-1772.716064453125
4986,0.05,0.66,0.0,0.46,-1778.334716796875
4987,0.05,0.66,0.0,0.47,-1780.7724609375
4988,0.05,0.66,0.0,0.48,-1786.2294921875
4989,0.05,0.66,0.0,0.49,-1792.0103759765625
4990,0.05,0.66,0.0,0.5,-1795.484130859375
4991,0.05,0.66,0.0,0.51,-1801.63623046875
4992,0.05,0.66,0.0,0.52,-1808.4578857421875
4993,0.05,0.66,0.0,0.53,-1810.385009765625
4994,0.05,0.66,0.0,0.54,-1817.45361328125
4995,0.05,0.66,0.0,0.55,-1822.1044921875
4996,0.05,0.66,0.0,0.56,-1828.787109375
4997,0.05,0.66,0.0,0.57,-1830.772705078125
4998,0.05,0.66,0.0,0.58,-1835.889404296875
4999,0.05,0.66,0.0,0.59,-1843.0074462890625
5000,0.05,0.66,0.0,0.6,-1848.6640625
5001,0.05,0.66,0.0,0.61,-1852.6424560546875
5002,0.05,0.66,0.0,0.62,-1859.36328125
5003,0.05,0.66,0.0,0.63,-1863.819580078125
5004,0.05,0.66,0.0,0.64,-1868.6375732421875
5005,0.05,0.66,0.0,0.65,-1873.8154296875
5006,0.05,0.66,0.0,0.66,-1879.045654296875
5007,0.05,0.66,0.0,0.67,-1888.88134765625
5008,0.05,0.66,0.0,0.68,-1892.80712890625
5009,0.05,0.66,0.0,0.69,-1897.293701171875
5010,0.05,0.66,0.0,0.7,-1900.9259033203125
5011,0.05,0.66,0.0,0.71,-1908.207763671875
5012,0.05,0.66,0.0,0.72,-1915.6702880859375
5013,0.05,0.66,0.0,0.73,-1917.057861328125
5014,0.05,0.66,0.0,0.74,-1922.94873046875
5015,0.05,0.66,0.0,0.75,-1927.4857177734375
5016,0.05,0.67,0.0,0.0,-3767.0625
5017,0.05,0.67,0.0,0.01,-1765.302734375
5018,0.05,0.67,0.0,0.02,-1722.5753173828125
5019,0.05,0.67,0.0,0.03,-1705.3994140625
5020,0.05,0.67,0.0,0.04,-1687.175048828125
5021,0.05,0.67,0.0,0.05,-1678.675537109375
5022,0.05,0.67,0.0,0.06,-1668.661376953125
5023,0.05,0.67,0.0,0.07,-1665.1982421875
5024,0.05,0.67,0.0,0.08,-1661.660400390625
5025,0.05,0.67,0.0,0.09,-1661.7913818359375
5026,0.05,0.67,0.0,0.1,-1656.1903076171875
5027,0.05,0.67,0.0,0.11,-1654.803466796875
5028,0.05,0.67,0.0,0.12,-1654.9228515625
5029,0.05,0.67,0.0,0.13,-1655.48828125
5030,0.05,0.67,0.0,0.14,-1656.195556640625
5031,0.05,0.67,0.0,0.15,-1662.0068359375
5032,0.05,0.67,0.0,0.16,-1664.2203369140625
5033,0.05,0.67,0.0,0.17,-1659.874267578125
5034,0.05,0.67,0.0,0.18,-1662.4727783203125
5035,0.05,0.67,0.0,0.19,-1667.701171875
5036,0.05,0.67,0.0,0.2,-1668.313720703125
5037,0.05,0.67,0.0,0.21,-1671.3038330078125
5038,0.05,0.67,0.0,0.22,-1675.03515625
5039,0.05,0.67,0.0,0.23,-1677.04248046875
5040,0.05,0.67,0.0,0.24,-1681.65380859375
5041,0.05,0.67,0.0,0.25,-1683.8897705078125
5042,0.05,0.67,0.0,0.26,-1687.080810546875
5043,0.05,0.67,0.0,0.27,-1691.67236328125
5044,0.05,0.67,0.0,0.28,-1695.92919921875
5045,0.05,0.67,0.0,0.29,-1699.5762939453125
5046,0.05,0.67,0.0,0.3,-1702.716064453125
5047,0.05,0.67,0.0,0.31,-1707.708251953125
5048,0.05,0.67,0.0,0.32,-1712.212646484375
5049,0.05,0.67,0.0,0.33,-1715.9732666015625
5050,0.05,0.67,0.0,0.34,-1720.2564697265625
5051,0.05,0.67,0.0,0.35,-1726.970458984375
5052,0.05,0.67,0.0,0.36,-1729.19287109375
5053,0.05,0.67,0.0,0.37,-1734.999267578125
5054,0.05,0.67,0.0,0.38,-1739.927734375
5055,0.05,0.67,0.0,0.39,-1744.332275390625
5056,0.05,0.67,0.0,0.4,-1747.656982421875
5057,0.05,0.67,0.0,0.41,-1757.2882080078125
5058,0.05,0.67,0.0,0.42,-1759.24072265625
5059,0.05,0.67,0.0,0.43,-1763.396240234375
5060,0.05,0.67,0.0,0.44,-1767.710205078125
5061,0.05,0.67,0.0,0.45,-1770.715576171875
5062,0.05,0.67,0.0,0.46,-1778.5205078125
5063,0.05,0.67,0.0,0.47,-1782.2069091796875
5064,0.05,0.67,0.0,0.48,-1787.3720703125
5065,0.05,0.67,0.0,0.49,-1793.3984375
5066,0.05,0.67,0.0,0.5,-1797.6710205078125
5067,0.05,0.67,0.0,0.51,-1803.462890625
5068,0.05,0.67,0.0,0.52,-1809.444580078125
5069,0.05,0.67,0.0,0.53,-1812.425048828125
5070,0.05,0.67,0.0,0.54,-1818.377197265625
5071,0.05,0.67,0.0,0.55,-1824.5401611328125
5072,0.05,0.67,0.0,0.56,-1829.245361328125
5073,0.05,0.67,0.0,0.57,-1836.927490234375
5074,0.05,0.67,0.0,0.58,-1838.4910888671875
5075,0.05,0.67,0.0,0.59,-1844.861572265625
5076,0.05,0.67,0.0,0.6,-1848.8935546875
5077,0.05,0.67,0.0,0.61,-1856.8116455078125
5078,0.05,0.67,0.0,0.62,-1860.403564453125
5079,0.05,0.67,0.0,0.63,-1868.1539306640625
5080,0.05,0.67,0.0,0.64,-1872.2646484375
5081,0.05,0.67,0.0,0.65,-1877.2275390625
5082,0.05,0.67,0.0,0.66,-1881.5848388671875
5083,0.05,0.67,0.0,0.67,-1885.455810546875
5084,0.05,0.67,0.0,0.68,-1893.9259033203125
5085,0.05,0.67,0.0,0.69,-1900.5361328125
5086,0.05,0.67,0.0,0.7,-1906.565185546875
5087,0.05,0.67,0.0,0.71,-1908.71240234375
5088,0.05,0.67,0.0,0.72,-1919.106689453125
5089,0.05,0.67,0.0,0.73,-1921.5208740234375
5090,0.05,0.67,0.0,0.74,-1923.208251953125
5091,0.05,0.67,0.0,0.75,-1926.019287109375
5092,0.05,0.68,0.0,0.0,-3834.397216796875
5093,0.05,0.68,0.0,0.01,-1776.1917724609375
5094,0.05,0.68,0.0,0.02,-1726.39404296875
5095,0.05,0.68,0.0,0.03,-1703.406005859375
5096,0.05,0.68,0.0,0.04,-1690.75634765625
5097,0.05,0.68,0.0,0.05,-1682.91845703125
5098,0.05,0.68,0.0,0.06,-1671.0609130859375
5099,0.05,0.68,0.0,0.07,-1667.0753173828125
5100,0.05,0.68,0.0,0.08,-1662.15283203125
5101,0.05,0.68,0.0,0.09,-1660.3896484375
5102,0.05,0.68,0.0,0.1,-1657.5224609375
5103,0.05,0.68,0.0,0.11,-1656.361083984375
5104,0.05,0.68,0.0,0.12,-1655.4307861328125
5105,0.05,0.68,0.0,0.13,-1656.50244140625
5106,0.05,0.68,0.0,0.14,-1658.08935546875
5107,0.05,0.68,0.0,0.15,-1658.5443115234375
5108,0.05,0.68,0.0,0.16,-1667.62060546875
5109,0.05,0.68,0.0,0.17,-1669.7684326171875
5110,0.05,0.68,0.0,0.18,-1665.96630859375
5111,0.05,0.68,0.0,0.19,-1666.8096923828125
5112,0.05,0.68,0.0,0.2,-1669.419677734375
5113,0.05,0.68,0.0,0.21,-1671.245361328125
5114,0.05,0.68,0.0,0.22,-1674.58935546875
5115,0.05,0.68,0.0,0.23,-1683.3304443359375
5116,0.05,0.68,0.0,0.24,-1682.641357421875
5117,0.05,0.68,0.0,0.25,-1691.5162353515625
5118,0.05,0.68,0.0,0.26,-1687.0859375
5119,0.05,0.68,0.0,0.27,-1693.99267578125
5120,0.05,0.68,0.0,0.28,-1698.1373291015625
5121,0.05,0.68,0.0,0.29,-1700.98486328125
5122,0.05,0.68,0.0,0.3,-1709.1761474609375
5123,0.05,0.68,0.0,0.31,-1709.2169189453125
5124,0.05,0.68,0.0,0.32,-1718.382080078125
5125,0.05,0.68,0.0,0.33,-1724.340576171875
5126,0.05,0.68,0.0,0.34,-1722.2998046875
5127,0.05,0.68,0.0,0.35,-1727.734375
5128,0.05,0.68,0.0,0.36,-1731.0240478515625
5129,0.05,0.68,0.0,0.37,-1735.6881103515625
5130,0.05,0.68,0.0,0.38,-1741.91796875
5131,0.05,0.68,0.0,0.39,-1744.3798828125
5132,0.05,0.68,0.0,0.4,-1750.8577880859375
5133,0.05,0.68,0.0,0.41,-1759.2728271484375
5134,0.05,0.68,0.0,0.42,-1759.2105712890625
5135,0.05,0.68,0.0,0.43,-1763.7587890625
5136,0.05,0.68,0.0,0.44,-1771.05517578125
5137,0.05,0.68,0.0,0.45,-1774.8876953125
5138,0.05,0.68,0.0,0.46,-1777.76318359375
5139,0.05,0.68,0.0,0.47,-1785.6044921875
5140,0.05,0.68,0.0,0.48,-1789.1551513671875
5141,0.05,0.68,0.0,0.49,-1793.20703125
5142,0.05,0.68,0.0,0.5,-1800.4112548828125
5143,0.05,0.68,0.0,0.51,-1803.140625
5144,0.05,0.68,0.0,0.52,-1808.486328125
5145,0.05,0.68,0.0,0.53,-1813.4644775390625
5146,0.05,0.68,0.0,0.54,-1819.917236328125
5147,0.05,0.68,0.0,0.55,-1824.506103515625
5148,0.05,0.68,0.0,0.56,-1831.259765625
5149,0.05,0.68,0.0,0.57,-1834.1302490234375
5150,0.05,0.68,0.0,0.58,-1841.880126953125
5151,0.05,0.68,0.0,0.59,-1842.23486328125
5152,0.05,0.68,0.0,0.6,-1849.970947265625
5153,0.05,0.68,0.0,0.61,-1859.7171630859375
5154,0.05,0.68,0.0,0.62,-1861.4404296875
5155,0.05,0.68,0.0,0.63,-1869.72021484375
5156,0.05,0.68,0.0,0.64,-1872.86669921875
5157,0.05,0.68,0.0,0.65,-1877.881591796875
5158,0.05,0.68,0.0,0.66,-1884.6309814453125
5159,0.05,0.68,0.0,0.67,-1888.7763671875
5160,0.05,0.68,0.0,0.68,-1894.7060546875
5161,0.05,0.68,0.0,0.69,-1897.7579345703125
5162,0.05,0.68,0.0,0.7,-1904.43701171875
5163,0.05,0.68,0.0,0.71,-1910.345703125
5164,0.05,0.68,0.0,0.72,-1912.4525146484375
5165,0.05,0.68,0.0,0.73,-1926.6304931640625
5166,0.05,0.68,0.0,0.74,-1928.34814453125
5167,0.05,0.68,0.0,0.75,-1929.60302734375
5168,0.05,0.69,0.0,0.0,-3795.82275390625
5169,0.05,0.69,0.0,0.01,-1768.658447265625
5170,0.05,0.69,0.0,0.02,-1726.4808349609375
5171,0.05,0.69,0.0,0.03,-1703.509521484375
5172,0.05,0.69,0.0,0.04,-1688.45849609375
5173,0.05,0.69,0.0,0.05,-1679.9150390625
5174,0.05,0.69,0.0,0.06,-1671.573974609375
5175,0.05,0.69,0.0,0.07,-1667.26611328125
5176,0.05,0.69,0.0,0.08,-1664.701171875
5177,0.05,0.69,0.0,0.09,-1661.52197265625
5178,0.05,0.69,0.0,0.1,-1657.5196533203125
5179,0.05,0.69,0.0,0.11,-1658.1298828125
5180,0.05,0.69,0.0,0.12,-1664.783447265625
5181,0.05,0.69,0.0,0.13,-1661.6336669921875
5182,0.05,0.69,0.0,0.14,-1659.4263916015625
5183,0.05,0.69,0.0,0.15,-1662.839111328125
5184,0.05,0.69,0.0,0.16,-1661.3753662109375
5185,0.05,0.69,0.0,0.17,-1665.559814453125
5186,0.05,0.69,0.0,0.18,-1670.366943359375
5187,0.05,0.69,0.0,0.19,-1673.0277099609375
5188,0.05,0.69,0.0,0.2,-1672.4378662109375
5189,0.05,0.69,0.0,0.21,-1673.860595703125
5190,0.05,0.69,0.0,0.22,-1677.1634521484375
5191,0.05,0.69,0.0,0.23,-1680.277587890625
5192,0.05,0.69,0.0,0.24,-1685.569580078125
5193,0.05,0.69,0.0,0.25,-1687.9224853515625
5194,0.05,0.69,0.0,0.26,-1691.32568359375
5195,0.05,0.69,0.0,0.27,-1695.181396484375
5196,0.05,0.69,0.0,0.28,-1699.7139892578125
5197,0.05,0.69,0.0,0.29,-1704.247314453125
5198,0.05,0.69,0.0,0.3,-1707.058349609375
5199,0.05,0.69,0.0,0.31,-1709.986083984375
5200,0.05,0.69,0.0,0.32,-1715.90380859375
5201,0.05,0.69,0.0,0.33,-1719.0091552734375
5202,0.05,0.69,0.0,0.34,-1724.81103515625
5203,0.05,0.69,0.0,0.35,-1726.95068359375
5204,0.05,0.69,0.0,0.36,-1731.06982421875
5205,0.05,0.69,0.0,0.37,-1737.797119140625
5206,0.05,0.69,0.0,0.38,-1741.6798095703125
5207,0.05,0.69,0.0,0.39,-1745.7215576171875
5208,0.05,0.69,0.0,0.4,-1749.26220703125
5209,0.05,0.69,0.0,0.41,-1757.53369140625
5210,0.05,0.69,0.0,0.42,-1763.0029296875
5211,0.05,0.69,0.0,0.43,-1766.7705078125
5212,0.05,0.69,0.0,0.44,-1772.94873046875
5213,0.05,0.69,0.0,0.45,-1775.5810546875
5214,0.05,0.69,0.0,0.46,-1779.3040771484375
5215,0.05,0.69,0.0,0.47,-1785.8321533203125
5216,0.05,0.69,0.0,0.48,-1790.690673828125
5217,0.05,0.69,0.0,0.49,-1797.38818359375
5218,0.05,0.69,0.0,0.5,-1799.4654541015625
5219,0.05,0.69,0.0,0.51,-1805.212646484375
5220,0.05,0.69,0.0,0.52,-1808.98681640625
5221,0.05,0.69,0.0,0.53,-1816.4461669921875
5222,0.05,0.69,0.0,0.54,-1822.294921875
5223,0.05,0.69,0.0,0.55,-1827.073974609375
5224,0.05,0.69,0.0,0.56,-1829.831298828125
5225,0.05,0.69,0.0,0.57,-1836.493408203125
5226,0.05,0.69,0.0,0.58,-1842.314697265625
5227,0.05,0.69,0.0,0.59,-1849.14453125
5228,0.05,0.69,0.0,0.6,-1855.2906494140625
5229,0.05,0.69,0.0,0.61,-1860.538330078125
5230,0.05,0.69,0.0,0.62,-1866.7025146484375
5231,0.05,0.69,0.0,0.63,-1870.1456298828125
5232,0.05,0.69,0.0,0.64,-1872.137451171875
5233,0.05,0.69,0.0,0.65,-1880.7841796875
5234,0.05,0.69,0.0,0.66,-1885.248779296875
5235,0.05,0.69,0.0,0.67,-1892.062255859375
5236,0.05,0.69,0.0,0.68,-1895.00048828125
5237,0.05,0.69,0.0,0.69,-1902.4664306640625
5238,0.05,0.69,0.0,0.7,-1905.70556640625
5239,0.05,0.69,0.0,0.71,-1912.0885009765625
5240,0.05,0.69,0.0,0.72,-1921.961181640625
5241,0.05,0.69,0.0,0.73,-1927.000244140625
5242,0.05,0.69,0.0,0.74,-1929.3316650390625
5243,0.05,0.69,0.0,0.75,-1939.688232421875
5244,0.05,0.7,0.0,0.0,-3845.26513671875
5245,0.05,0.7,0.0,0.01,-1776.13427734375
5246,0.05,0.7,0.0,0.02,-1728.333251953125
5247,0.05,0.7,0.0,0.03,-1710.357421875
5248,0.05,0.7,0.0,0.04,-1689.8868408203125
5249,0.05,0.7,0.0,0.05,-1680.70556640625
5250,0.05,0.7,0.0,0.06,-1676.91796875
5251,0.05,0.7,0.0,0.07,-1666.37890625
5252,0.05,0.7,0.0,0.08,-1664.66455078125
5253,0.05,0.7,0.0,0.09,-1663.203125
5254,0.05,0.7,0.0,0.1,-1659.292724609375
5255,0.05,0.7,0.0,0.11,-1661.058349609375
5256,0.05,0.7,0.0,0.12,-1660.580322265625
5257,0.05,0.7,0.0,0.13,-1659.7685546875
5258,0.05,0.7,0.0,0.14,-1660.763916015625
5259,0.05,0.7,0.0,0.15,-1660.97265625
5260,0.05,0.7,0.0,0.16,-1663.314208984375
5261,0.05,0.7,0.0,0.17,-1666.00830078125
5262,0.05,0.7,0.0,0.18,-1667.281005859375
5263,0.05,0.7,0.0,0.19,-1669.2142333984375
5264,0.05,0.7,0.0,0.2,-1672.873291015625
5265,0.05,0.7,0.0,0.21,-1679.978515625
5266,0.05,0.7,0.0,0.22,-1679.404541015625
5267,0.05,0.7,0.0,0.23,-1681.341064453125
5268,0.05,0.7,0.0,0.24,-1687.0318603515625
5269,0.05,0.7,0.0,0.25,-1691.4189453125
5270,0.05,0.7,0.0,0.26,-1692.8402099609375
5271,0.05,0.7,0.0,0.27,-1696.5655517578125
5272,0.05,0.7,0.0,0.28,-1699.978271484375
5273,0.05,0.7,0.0,0.29,-1705.50732421875
5274,0.05,0.7,0.0,0.3,-1708.9610595703125
5275,0.05,0.7,0.0,0.31,-1712.8426513671875
5276,0.05,0.7,0.0,0.32,-1715.7406005859375
5277,0.05,0.7,0.0,0.33,-1720.3076171875
5278,0.05,0.7,0.0,0.34,-1724.6181640625
5279,0.05,0.7,0.0,0.35,-1729.5545654296875
5280,0.05,0.7,0.0,0.36,-1735.0955810546875
5281,0.05,0.7,0.0,0.37,-1738.76416015625
5282,0.05,0.7,0.0,0.38,-1744.150390625
5283,0.05,0.7,0.0,0.39,-1749.36962890625
5284,0.05,0.7,0.0,0.4,-1751.97216796875
5285,0.05,0.7,0.0,0.41,-1757.9683837890625
5286,0.05,0.7,0.0,0.42,-1761.6851806640625
5287,0.05,0.7,0.0,0.43,-1769.884765625
5288,0.05,0.7,0.0,0.44,-1773.466064453125
5289,0.05,0.7,0.0,0.45,-1776.35107421875
5290,0.05,0.7,0.0,0.46,-1780.99755859375
5291,0.05,0.7,0.0,0.47,-1787.3349609375
5292,0.05,0.7,0.0,0.48,-1792.1549072265625
5293,0.05,0.7,0.0,0.49,-1796.7347412109375
5294,0.05,0.7,0.0,0.5,-1800.2626953125
5295,0.05,0.7,0.0,0.51,-1806.2978515625
5296,0.05,0.7,0.0,0.52,-1809.60107421875
5297,0.05,0.7,0.0,0.53,-1819.759033203125
5298,0.05,0.7,0.0,0.54,-1822.3994140625
5299,0.05,0.7,0.0,0.55,-1830.3349609375
5300,0.05,0.7,0.0,0.56,-1834.050048828125
5301,0.05,0.7,0.0,0.57,-1838.667236328125
5302,0.05,0.7,0.0,0.58,-1843.65380859375
5303,0.05,0.7,0.0,0.59,-1849.37939453125
5304,0.05,0.7,0.0,0.6,-1854.9263916015625
5305,0.05,0.7,0.0,0.61,-1861.9345703125
5306,0.05,0.7,0.0,0.62,-1863.259033203125
5307,0.05,0.7,0.0,0.63,-1869.9722900390625
5308,0.05,0.7,0.0,0.64,-1877.60107421875
5309,0.05,0.7,0.0,0.65,-1878.069091796875
5310,0.05,0.7,0.0,0.66,-1885.5069580078125
5311,0.05,0.7,0.0,0.67,-1894.110107421875
5312,0.05,0.7,0.0,0.68,-1897.62255859375
5313,0.05,0.7,0.0,0.69,-1902.2593994140625
5314,0.05,0.7,0.0,0.7,-1908.1171875
5315,0.05,0.7,0.0,0.71,-1913.5989990234375
5316,0.05,0.7,0.0,0.72,-1921.8277587890625
5317,0.05,0.7,0.0,0.73,-1925.15625
5318,0.05,0.7,0.0,0.74,-1930.65185546875
5319,0.05,0.7,0.0,0.75,-1938.225341796875
5320,0.05,0.71,0.0,0.0,-3830.333251953125
5321,0.05,0.71,0.0,0.01,-1772.080078125
5322,0.05,0.71,0.0,0.02,-1729.78466796875
5323,0.05,0.71,0.0,0.03,-1709.98291015625
5324,0.05,0.71,0.0,0.04,-1693.176025390625
5325,0.05,0.71,0.0,0.05,-1680.8480224609375
5326,0.05,0.71,0.0,0.06,-1676.9561767578125
5327,0.05,0.71,0.0,0.07,-1668.71728515625
5328,0.05,0.71,0.0,0.08,-1667.5543212890625
5329,0.05,0.71,0.0,0.09,-1662.54248046875
5330,0.05,0.71,0.0,0.1,-1670.30078125
5331,0.05,0.71,0.0,0.11,-1661.646240234375
5332,0.05,0.71,0.0,0.12,-1665.4808349609375
5333,0.05,0.71,0.0,0.13,-1659.38720703125
5334,0.05,0.71,0.0,0.14,-1666.8270263671875
5335,0.05,0.71,0.0,0.15,-1663.016357421875
5336,0.05,0.71,0.0,0.16,-1664.79296875
5337,0.05,0.71,0.0,0.17,-1674.52294921875
5338,0.05,0.71,0.0,0.18,-1670.2200927734375
5339,0.05,0.71,0.0,0.19,-1670.877685546875
5340,0.05,0.71,0.0,0.2,-1672.333984375
5341,0.05,0.71,0.0,0.21,-1678.963623046875
5342,0.05,0.71,0.0,0.22,-1679.23193359375
5343,0.05,0.71,0.0,0.23,-1685.423828125
5344,0.05,0.71,0.0,0.24,-1689.1422119140625
5345,0.05,0.71,0.0,0.25,-1690.3260498046875
5346,0.05,0.71,0.0,0.26,-1694.0849609375
5347,0.05,0.71,0.0,0.27,-1698.98828125
5348,0.05,0.71,0.0,0.28,-1700.152587890625
5349,0.05,0.71,0.0,0.29,-1704.6988525390625
5350,0.05,0.71,0.0,0.3,-1708.0018310546875
5351,0.05,0.71,0.0,0.31,-1713.3876953125
5352,0.05,0.71,0.0,0.32,-1721.5155029296875
5353,0.05,0.71,0.0,0.33,-1720.813232421875
5354,0.05,0.71,0.0,0.34,-1728.273193359375
5355,0.05,0.71,0.0,0.35,-1732.1846923828125
5356,0.05,0.71,0.0,0.36,-1736.119873046875
5357,0.05,0.71,0.0,0.37,-1739.2418212890625
5358,0.05,0.71,0.0,0.38,-1743.5308837890625
5359,0.05,0.71,0.0,0.39,-1750.477783203125
5360,0.05,0.71,0.0,0.4,-1755.101318359375
5361,0.05,0.71,0.0,0.41,-1760.408447265625
5362,0.05,0.71,0.0,0.42,-1763.4344482421875
5363,0.05,0.71,0.0,0.43,-1769.275634765625
5364,0.05,0.71,0.0,0.44,-1774.7552490234375
5365,0.05,0.71,0.0,0.45,-1780.13623046875
5366,0.05,0.71,0.0,0.46,-1784.4228515625
5367,0.05,0.71,0.0,0.47,-1789.2916259765625
5368,0.05,0.71,0.0,0.48,-1793.1263427734375
5369,0.05,0.71,0.0,0.49,-1802.56103515625
5370,0.05,0.71,0.0,0.5,-1804.8251953125
5371,0.05,0.71,0.0,0.51,-1807.057861328125
5372,0.05,0.71,0.0,0.52,-1814.931396484375
5373,0.05,0.71,0.0,0.53,-1819.391357421875
5374,0.05,0.71,0.0,0.54,-1824.275146484375
5375,0.05,0.71,0.0,0.55,-1830.307861328125
5376,0.05,0.71,0.0,0.56,-1835.40087890625
5377,0.05,0.71,0.0,0.57,-1840.085693359375
5378,0.05,0.71,0.0,0.58,-1846.70654296875
5379,0.05,0.71,0.0,0.59,-1852.75537109375
5380,0.05,0.71,0.0,0.6,-1858.1845703125
5381,0.05,0.71,0.0,0.61,-1861.588134765625
5382,0.05,0.71,0.0,0.62,-1867.014892578125
5383,0.05,0.71,0.0,0.63,-1873.7156982421875
5384,0.05,0.71,0.0,0.64,-1878.71142578125
5385,0.05,0.71,0.0,0.65,-1883.267822265625
5386,0.05,0.71,0.0,0.66,-1889.848876953125
5387,0.05,0.71,0.0,0.67,-1896.2802734375
5388,0.05,0.71,0.0,0.68,-1899.3873291015625
5389,0.05,0.71,0.0,0.69,-1903.707763671875
5390,0.05,0.71,0.0,0.7,-1904.929443359375
5391,0.05,0.71,0.0,0.71,-1914.1356201171875
5392,0.05,0.71,0.0,0.72,-1920.4100341796875
5393,0.05,0.71,0.0,0.73,-1926.7822265625
5394,0.05,0.71,0.0,0.74,-1930.935546875
5395,0.05,0.71,0.0,0.75,-1938.6827392578125
5396,0.05,0.72,0.0,0.0,-3829.25390625
5397,0.05,0.72,0.0,0.01,-1771.156982421875
5398,0.05,0.72,0.0,0.02,-1727.88427734375
5399,0.05,0.72,0.0,0.03,-1708.66845703125
5400,0.05,0.72,0.0,0.04,-1693.0870361328125
5401,0.05,0.72,0.0,0.05,-1684.790771484375
5402,0.05,0.72,0.0,0.06,-1680.9080810546875
5403,0.05,0.72,0.0,0.07,-1672.38330078125
5404,0.05,0.72,0.0,0.08,-1667.770751953125
5405,0.05,0.72,0.0,0.09,-1663.7205810546875
5406,0.05,0.72,0.0,0.1,-1662.520263671875
5407,0.05,0.72,0.0,0.11,-1665.9312744140625
5408,0.05,0.72,0.0,0.12,-1661.498779296875
5409,0.05,0.72,0.0,0.13,-1662.2303466796875
5410,0.05,0.72,0.0,0.14,-1661.7919921875
5411,0.05,0.72,0.0,0.15,-1666.0966796875
5412,0.05,0.72,0.0,0.16,-1666.096923828125
5413,0.05,0.72,0.0,0.17,-1667.862548828125
5414,0.05,0.72,0.0,0.18,-1670.53564453125
5415,0.05,0.72,0.0,0.19,-1674.14599609375
5416,0.05,0.72,0.0,0.2,-1675.4853515625
5417,0.05,0.72,0.0,0.21,-1678.4736328125
5418,0.05,0.72,0.0,0.22,-1682.869873046875
5419,0.05,0.72,0.0,0.23,-1683.975830078125
5420,0.05,0.72,0.0,0.24,-1688.94140625
5421,0.05,0.72,0.0,0.25,-1692.0506591796875
5422,0.05,0.72,0.0,0.26,-1696.04296875
5423,0.05,0.72,0.0,0.27,-1699.12890625
5424,0.05,0.72,0.0,0.28,-1703.054931640625
5425,0.05,0.72,0.0,0.29,-1708.0892333984375
5426,0.05,0.72,0.0,0.3,-1711.0841064453125
5427,0.05,0.72,0.0,0.31,-1715.5025634765625
5428,0.05,0.72,0.0,0.32,-1719.360107421875
5429,0.05,0.72,0.0,0.33,-1723.950927734375
5430,0.05,0.72,0.0,0.34,-1727.564697265625
5431,0.05,0.72,0.0,0.35,-1732.63916015625
5432,0.05,0.72,0.0,0.36,-1737.792236328125
5433,0.05,0.72,0.0,0.37,-1744.050537109375
5434,0.05,0.72,0.0,0.38,-1746.967529296875
5435,0.05,0.72,0.0,0.39,-1751.37744140625
5436,0.05,0.72,0.0,0.4,-1756.638427734375
5437,0.05,0.72,0.0,0.41,-1762.24658203125
5438,0.05,0.72,0.0,0.42,-1764.683837890625
5439,0.05,0.72,0.0,0.43,-1768.0347900390625
5440,0.05,0.72,0.0,0.44,-1774.041748046875
5441,0.05,0.72,0.0,0.45,-1779.244384765625
5442,0.05,0.72,0.0,0.46,-1785.8525390625
5443,0.05,0.72,0.0,0.47,-1790.06982421875
5444,0.05,0.72,0.0,0.48,-1794.453369140625
5445,0.05,0.72,0.0,0.49,-1800.51318359375
5446,0.05,0.72,0.0,0.5,-1807.63134765625
5447,0.05,0.72,0.0,0.51,-1810.2813720703125
5448,0.05,0.72,0.0,0.52,-1815.369384765625
5449,0.05,0.72,0.0,0.53,-1822.195068359375
5450,0.05,0.72,0.0,0.54,-1827.3994140625
5451,0.05,0.72,0.0,0.55,-1832.81201171875
5452,0.05,0.72,0.0,0.56,-1837.7235107421875
5453,0.05,0.72,0.0,0.57,-1839.329345703125
5454,0.05,0.72,0.0,0.58,-1848.9420166015625
5455,0.05,0.72,0.0,0.59,-1854.56884765625
5456,0.05,0.72,0.0,0.6,-1858.7093505859375
5457,0.05,0.72,0.0,0.61,-1860.58251953125
5458,0.05,0.72,0.0,0.62,-1871.81787109375
5459,0.05,0.72,0.0,0.63,-1873.01513671875
5460,0.05,0.72,0.0,0.64,-1878.916259765625
5461,0.05,0.72,0.0,0.65,-1882.009521484375
5462,0.05,0.72,0.0,0.66,-1890.222900390625
5463,0.05,0.72,0.0,0.67,-1893.158935546875
5464,0.05,0.72,0.0,0.68,-1903.28466796875
5465,0.05,0.72,0.0,0.69,-1909.17724609375
5466,0.05,0.72,0.0,0.7,-1911.42431640625
5467,0.05,0.72,0.0,0.71,-1917.190185546875
5468,0.05,0.72,0.0,0.72,-1923.643798828125
5469,0.05,0.72,0.0,0.73,-1930.1376953125
5470,0.05,0.72,0.0,0.74,-1934.456787109375
5471,0.05,0.72,0.0,0.75,-1937.818359375
5472,0.05,0.73,0.0,0.0,-3842.8916015625
5473,0.05,0.73,0.0,0.01,-1788.78564453125
5474,0.05,0.73,0.0,0.02,-1734.4688720703125
5475,0.05,0.73,0.0,0.03,-1709.222412109375
5476,0.05,0.73,0.0,0.04,-1693.897216796875
5477,0.05,0.73,0.0,0.05,-1684.518798828125
5478,0.05,0.73,0.0,0.06,-1676.51025390625
5479,0.05,0.73,0.0,0.07,-1672.377197265625
5480,0.05,0.73,0.0,0.08,-1668.0869140625
5481,0.05,0.73,0.0,0.09,-1668.921142578125
5482,0.05,0.73,0.0,0.1,-1664.7755126953125
5483,0.05,0.73,0.0,0.11,-1663.748291015625
5484,0.05,0.73,0.0,0.12,-1661.909912109375
5485,0.05,0.73,0.0,0.13,-1663.79638671875
5486,0.05,0.73,0.0,0.14,-1663.635009765625
5487,0.05,0.73,0.0,0.15,-1664.1192626953125
5488,0.05,0.73,0.0,0.16,-1667.094970703125
5489,0.05,0.73,0.0,0.17,-1670.0609130859375
5490,0.05,0.73,0.0,0.18,-1670.8804931640625
5491,0.05,0.73,0.0,0.19,-1674.0875244140625
5492,0.05,0.73,0.0,0.2,-1677.08935546875
5493,0.05,0.73,0.0,0.21,-1681.9129638671875
5494,0.05,0.73,0.0,0.22,-1684.232421875
5495,0.05,0.73,0.0,0.23,-1686.615478515625
5496,0.05,0.73,0.0,0.24,-1690.244873046875
5497,0.05,0.73,0.0,0.25,-1692.3270263671875
5498,0.05,0.73,0.0,0.26,-1695.753662109375
5499,0.05,0.73,0.0,0.27,-1704.2916259765625
5500,0.05,0.73,0.0,0.28,-1703.929931640625
5501,0.05,0.73,0.0,0.29,-1711.36865234375
5502,0.05,0.73,0.0,0.3,-1714.49365234375
5503,0.05,0.73,0.0,0.31,-1717.19482421875
5504,0.05,0.73,0.0,0.32,-1720.839599609375
5505,0.05,0.73,0.0,0.33,-1726.5379638671875
5506,0.05,0.73,0.0,0.34,-1730.2872314453125
5507,0.05,0.73,0.0,0.35,-1735.6951904296875
5508,0.05,0.73,0.0,0.36,-1739.5458984375
5509,0.05,0.73,0.0,0.37,-1742.48974609375
5510,0.05,0.73,0.0,0.38,-1748.3729248046875
5511,0.05,0.73,0.0,0.39,-1751.740234375
5512,0.05,0.73,0.0,0.4,-1757.427978515625
5513,0.05,0.73,0.0,0.41,-1760.933837890625
5514,0.05,0.73,0.0,0.42,-1766.22607421875
5515,0.05,0.73,0.0,0.43,-1775.946533203125
5516,0.05,0.73,0.0,0.44,-1777.646728515625
5517,0.05,0.73,0.0,0.45,-1782.3056640625
5518,0.05,0.73,0.0,0.46,-1787.534423828125
5519,0.05,0.73,0.0,0.47,-1790.2470703125
5520,0.05,0.73,0.0,0.48,-1796.39111328125
5521,0.05,0.73,0.0,0.49,-1801.382080078125
5522,0.05,0.73,0.0,0.5,-1805.755859375
5523,0.05,0.73,0.0,0.51,-1812.637939453125
5524,0.05,0.73,0.0,0.52,-1817.56103515625
5525,0.05,0.73,0.0,0.53,-1821.239013671875
5526,0.05,0.73,0.0,0.54,-1827.617431640625
5527,0.05,0.73,0.0,0.55,-1830.74169921875
5528,0.05,0.73,0.0,0.56,-1839.129150390625
5529,0.05,0.73,0.0,0.57,-1841.590087890625
5530,0.05,0.73,0.0,0.58,-1849.6240234375
5531,0.05,0.73,0.0,0.59,-1855.572509765625
5532,0.05,0.73,0.0,0.6,-1860.423828125
5533,0.05,0.73,0.0,0.61,-1865.851806640625
5534,0.05,0.73,0.0,0.62,-1869.1944580078125
5535,0.05,0.73,0.0,0.63,-1876.742919921875
5536,0.05,0.73,0.0,0.64,-1880.476806640625
5537,0.05,0.73,0.0,0.65,-1884.6998291015625
5538,0.05,0.73,0.0,0.66,-1893.48876953125
5539,0.05,0.73,0.0,0.67,-1897.372314453125
5540,0.05,0.73,0.0,0.68,-1902.9840087890625
5541,0.05,0.73,0.0,0.69,-1909.10009765625
5542,0.05,0.73,0.0,0.7,-1912.5799560546875
5543,0.05,0.73,0.0,0.71,-1918.377197265625
5544,0.05,0.73,0.0,0.72,-1925.0948486328125
5545,0.05,0.73,0.0,0.73,-1930.1109619140625
5546,0.05,0.73,0.0,0.74,-1933.145263671875
5547,0.05,0.73,0.0,0.75,-1938.0582275390625
5548,0.05,0.74,0.0,0.0,-3838.93408203125
5549,0.05,0.74,0.0,0.01,-1778.28759765625
5550,0.05,0.74,0.0,0.02,-1737.1614990234375
5551,0.05,0.74,0.0,0.03,-1712.602783203125
5552,0.05,0.74,0.0,0.04,-1696.6737060546875
5553,0.05,0.74,0.0,0.05,-1686.270751953125
5554,0.05,0.74,0.0,0.06,-1683.329345703125
5555,0.05,0.74,0.0,0.07,-1677.2177734375
5556,0.05,0.74,0.0,0.08,-1670.36572265625
5557,0.05,0.74,0.0,0.09,-1667.427734375
5558,0.05,0.74,0.0,0.1,-1665.0791015625
5559,0.05,0.74,0.0,0.11,-1665.87890625
5560,0.05,0.74,0.0,0.12,-1663.8502197265625
5561,0.05,0.74,0.0,0.13,-1665.748779296875
5562,0.05,0.74,0.0,0.14,-1665.587890625
5563,0.05,0.74,0.0,0.15,-1667.5716552734375
5564,0.05,0.74,0.0,0.16,-1667.11474609375
5565,0.05,0.74,0.0,0.17,-1670.1729736328125
5566,0.05,0.74,0.0,0.18,-1675.5592041015625
5567,0.05,0.74,0.0,0.19,-1675.088134765625
5568,0.05,0.74,0.0,0.2,-1676.88134765625
5569,0.05,0.74,0.0,0.21,-1681.249755859375
5570,0.05,0.74,0.0,0.22,-1684.874755859375
5571,0.05,0.74,0.0,0.23,-1687.8310546875
5572,0.05,0.74,0.0,0.24,-1691.5198974609375
5573,0.05,0.74,0.0,0.25,-1694.229248046875
5574,0.05,0.74,0.0,0.26,-1701.12158203125
5575,0.05,0.74,0.0,0.27,-1701.654052734375
5576,0.05,0.74,0.0,0.28,-1705.68896484375
5577,0.05,0.74,0.0,0.29,-1710.67041015625
5578,0.05,0.74,0.0,0.3,-1713.0872802734375
5579,0.05,0.74,0.0,0.31,-1717.6103515625
5580,0.05,0.74,0.0,0.32,-1723.14404296875
5581,0.05,0.74,0.0,0.33,-1726.79931640625
5582,0.05,0.74,0.0,0.34,-1731.486328125
5583,0.05,0.74,0.0,0.35,-1734.82861328125
5584,0.05,0.74,0.0,0.36,-1740.420654296875
5585,0.05,0.74,0.0,0.37,-1744.1500244140625
5586,0.05,0.74,0.0,0.38,-1747.3427734375
5587,0.05,0.74,0.0,0.39,-1754.3463134765625
5588,0.05,0.74,0.0,0.4,-1759.2373046875
5589,0.05,0.74,0.0,0.41,-1764.6416015625
5590,0.05,0.74,0.0,0.42,-1768.9129638671875
5591,0.05,0.74,0.0,0.43,-1773.517822265625
5592,0.05,0.74,0.0,0.44,-1780.6456298828125
5593,0.05,0.74,0.0,0.45,-1784.203857421875
5594,0.05,0.74,0.0,0.46,-1787.646484375
5595,0.05,0.74,0.0,0.47,-1794.002685546875
5596,0.05,0.74,0.0,0.48,-1798.560302734375
5597,0.05,0.74,0.0,0.49,-1803.7003173828125
5598,0.05,0.74,0.0,0.5,-1806.9520263671875
5599,0.05,0.74,0.0,0.51,-1811.64501953125
5600,0.05,0.74,0.0,0.52,-1819.349365234375
5601,0.05,0.74,0.0,0.53,-1823.00146484375
5602,0.05,0.74,0.0,0.54,-1830.072265625
5603,0.05,0.74,0.0,0.55,-1834.1220703125
5604,0.05,0.74,0.0,0.56,-1838.329833984375
5605,0.05,0.74,0.0,0.57,-1844.7786865234375
5606,0.05,0.74,0.0,0.58,-1849.975830078125
5607,0.05,0.74,0.0,0.59,-1853.7659912109375
5608,0.05,0.74,0.0,0.6,-1860.02587890625
5609,0.05,0.74,0.0,0.61,-1868.33837890625
5610,0.05,0.74,0.0,0.62,-1868.8341064453125
5611,0.05,0.74,0.0,0.63,-1878.10498046875
5612,0.05,0.74,0.0,0.64,-1882.383056640625
5613,0.05,0.74,0.0,0.65,-1886.8978271484375
5614,0.05,0.74,0.0,0.66,-1897.027099609375
5615,0.05,0.74,0.0,0.67,-1900.2713623046875
5616,0.05,0.74,0.0,0.68,-1901.0316162109375
5617,0.05,0.74,0.0,0.69,-1911.343505859375
5618,0.05,0.74,0.0,0.7,-1913.117431640625
5619,0.05,0.74,0.0,0.71,-1921.7010498046875
5620,0.05,0.74,0.0,0.72,-1927.917236328125
5621,0.05,0.74,0.0,0.73,-1931.0849609375
5622,0.05,0.74,0.0,0.74,-1937.33447265625
5623,0.05,0.74,0.0,0.75,-1941.123046875
5624,0.05,0.75,0.0,0.0,-3831.53662109375
5625,0.05,0.75,0.0,0.01,-1778.152099609375
5626,0.05,0.75,0.0,0.02,-1737.912353515625
5627,0.05,0.75,0.0,0.03,-1711.021484375
5628,0.05,0.75,0.0,0.04,-1697.75537109375
5629,0.05,0.75,0.0,0.05,-1691.432373046875
5630,0.05,0.75,0.0,0.06,-1679.1474609375
5631,0.05,0.75,0.0,0.07,-1673.889404296875
5632,0.05,0.75,0.0,0.08,-1676.648193359375
5633,0.05,0.75,0.0,0.09,-1667.431396484375
5634,0.05,0.75,0.0,0.1,-1666.998779296875
5635,0.05,0.75,0.0,0.11,-1665.896484375
5636,0.05,0.75,0.0,0.12,-1665.3885498046875
5637,0.05,0.75,0.0,0.13,-1666.75048828125
5638,0.05,0.75,0.0,0.14,-1666.65087890625
5639,0.05,0.75,0.0,0.15,-1667.16650390625
5640,0.05,0.75,0.0,0.16,-1671.955078125
5641,0.05,0.75,0.0,0.17,-1671.9945068359375
5642,0.05,0.75,0.0,0.18,-1674.072265625
5643,0.05,0.75,0.0,0.19,-1676.2552490234375
5644,0.05,0.75,0.0,0.2,-1678.770263671875
5645,0.05,0.75,0.0,0.21,-1681.9996337890625
5646,0.05,0.75,0.0,0.22,-1686.285888671875
5647,0.05,0.75,0.0,0.23,-1689.05908203125
5648,0.05,0.75,0.0,0.24,-1693.1961669921875
5649,0.05,0.75,0.0,0.25,-1700.4549560546875
5650,0.05,0.75,0.0,0.26,-1700.768310546875
5651,0.05,0.75,0.0,0.27,-1704.32373046875
5652,0.05,0.75,0.0,0.28,-1706.751953125
5653,0.05,0.75,0.0,0.29,-1709.19677734375
5654,0.05,0.75,0.0,0.3,-1716.521484375
5655,0.05,0.75,0.0,0.31,-1719.00341796875
5656,0.05,0.75,0.0,0.32,-1723.2530517578125
5657,0.05,0.75,0.0,0.33,-1727.351318359375
5658,0.05,0.75,0.0,0.34,-1732.52197265625
5659,0.05,0.75,0.0,0.35,-1737.041015625
5660,0.05,0.75,0.0,0.36,-1741.793701171875
5661,0.05,0.75,0.0,0.37,-1745.1195068359375
5662,0.05,0.75,0.0,0.38,-1750.4827880859375
5663,0.05,0.75,0.0,0.39,-1754.9324951171875
5664,0.05,0.75,0.0,0.4,-1759.156005859375
5665,0.05,0.75,0.0,0.41,-1764.26611328125
5666,0.05,0.75,0.0,0.42,-1771.422119140625
5667,0.05,0.75,0.0,0.43,-1777.4019775390625
5668,0.05,0.75,0.0,0.44,-1779.466552734375
5669,0.05,0.75,0.0,0.45,-1784.151611328125
5670,0.05,0.75,0.0,0.46,-1790.66259765625
5671,0.05,0.75,0.0,0.47,-1796.2864990234375
5672,0.05,0.75,0.0,0.48,-1800.573486328125
5673,0.05,0.75,0.0,0.49,-1804.73095703125
5674,0.05,0.75,0.0,0.5,-1809.993896484375
5675,0.05,0.75,0.0,0.51,-1815.2393798828125
5676,0.05,0.75,0.0,0.52,-1820.254638671875
5677,0.05,0.75,0.0,0.53,-1826.1092529296875
5678,0.05,0.75,0.0,0.54,-1829.889892578125
5679,0.05,0.75,0.0,0.55,-1834.20068359375
5680,0.05,0.75,0.0,0.56,-1839.978759765625
5681,0.05,0.75,0.0,0.57,-1847.5863037109375
5682,0.05,0.75,0.0,0.58,-1851.921630859375
5683,0.05,0.75,0.0,0.59,-1859.42724609375
5684,0.05,0.75,0.0,0.6,-1864.92724609375
5685,0.05,0.75,0.0,0.61,-1866.575927734375
5686,0.05,0.75,0.0,0.62,-1873.4013671875
5687,0.05,0.75,0.0,0.63,-1877.451904296875
5688,0.05,0.75,0.0,0.64,-1882.2734375
5689,0.05,0.75,0.0,0.65,-1887.849853515625
5690,0.05,0.75,0.0,0.66,-1892.159423828125
5691,0.05,0.75,0.0,0.67,-1899.5499267578125
5692,0.05,0.75,0.0,0.68,-1904.338134765625
5693,0.05,0.75,0.0,0.69,-1912.334228515625
5694,0.05,0.75,0.0,0.7,-1917.470458984375
5695,0.05,0.75,0.0,0.71,-1923.4049072265625
5696,0.05,0.75,0.0,0.72,-1931.3720703125
5697,0.05,0.75,0.0,0.73,-1931.507568359375
5698,0.05,0.75,0.0,0.74,-1939.6312255859375
5699,0.05,0.75,0.0,0.75,-1943.130859375
