idx,alpha,mu,omega,rho,loglike
0,0.05,0.02,0.0,0.0,-inf
1,0.05,0.02,0.0,0.02,-inf
2,0.05,0.02,0.0,0.04,-inf
3,0.05,0.02,0.0,0.06,-inf
4,0.05,0.02,0.0,0.08,-inf
5,0.05,0.02,0.0,0.1,-inf
6,0.05,0.02,0.0,0.12,-inf
7,0.05,0.02,0.0,0.14,-inf
8,0.05,0.02,0.0,0.16,-inf
9,0.05,0.02,0.0,0.18,-inf
10,0.05,0.02,0.0,0.2,-inf
11,0.05,0.02,0.0,0.22,-inf
12,0.05,0.02,0.0,0.24,-inf
13,0.05,0.02,0.0,0.26,-inf
14,0.05,0.02,0.0,0.28,-inf
15,0.05,0.02,0.0,0.3,-inf
16,0.05,0.02,0.0,0.32,-inf
17,0.05,0.02,0.0,0.34,-inf
18,0.05,0.02,0.0,0.36,-inf
19,0.05,0.02,0.0,0.38,-inf
20,0.05,0.02,0.0,0.4,-inf
21,0.05,0.02,0.0,0.42,-inf
22,0.05,0.02,0.0,0.44,-inf
23,0.05,0.02,0.0,0.46,-inf
24,0.05,0.02,0.0,0.48,-inf
25,0.05,0.02,0.0,0.5,-inf
26,0.05,0.02,0.0,0.52,-inf
27,0.05,0.02,0.0,0.54,-inf
28,0.05,0.02,0.0,0.56,-inf
29,0.05,0.02,0.0,0.58,-inf
30,0.05,0.02,0.0,0.6,-inf
31,0.05,0.02,0.0,0.62,-inf
32,0.05,0.02,0.0,0.64,-inf
33,0.05,0.02,0.0,0.66,-inf
34,0.05,0.02,0.0,0.68,-inf
35,0.05,0.02,0.0,0.7,-inf
36,0.05,0.02,0.0,0.72,-inf
37,0.05,0.02,0.0,0.74,-inf
38,0.05,0.02,0.0,0.76,-inf
39,0.05,0.02,0.0,0.78,-inf
40,0.05,0.02,0.0,0.8,-inf
41,0.05,0.02,0.0,0.82,-inf
42,0.05,0.02,0.0,0.84,-inf
43,0.05,0.02,0.0,0.86,-inf
44,0.05,0.02,0.0,0.88,-inf
45,0.05,0.02,0.0,0.9,-inf
46,0.05,0.02,0.0,0.92,-inf
47,0.05,0.02,0.0,0.94,-inf
48,0.05,0.02,0.0,0.96,-inf
49,0.05,0.02,0.0,0.98,-inf
50,0.05,0.02,0.0,1.0,-inf
51,0.05,0.04,0.0,0.0,-inf
52,0.05,0.04,0.0,0.02,-inf
53,0.05,0.04,0.0,0.04,-inf
54,0.05,0.04,0.0,0.06,-inf
55,0.05,0.04,0.0,0.08,-inf
56,0.05,0.04,0.0,0.1,-inf
57,0.05,0.04,0.0,0.12,-inf
58,0.05,0.04,0.0,0.14,-inf
59,0.05,0.04,0.0,0.16,-inf
60,0.05,0.04,0.0,0.18,-inf
61,0.05,0.04,0.0,0.2,-inf
62,0.05,0.04,0.0,0.22,-inf
63,0.05,0.04,0.0,0.24,-inf
64,0.05,0.04,0.0,0.26,-inf
65,0.05,0.04,0.0,0.28,-inf
66,0.05,0.04,0.0,0.3,-inf
67,0.05,0.04,0.0,0.32,-inf
68,0.05,0.04,0.0,0.34,-inf
69,0.05,0.04,0.0,0.36,-inf
70,0.05,0.04,0.0,0.38,-inf
71,0.05,0.04,0.0,0.4,-inf
72,0.05,0.04,0.0,0.42,-inf
73,0.05,0.04,0.0,0.44,-inf
74,0.05,0.04,0.0,0.46,-inf
75,0.05,0.04,0.0,0.48,-inf
76,0.05,0.04,0.0,0.5,-inf
77,0.05,0.04,0.0,0.52,-inf
78,0.05,0.04,0.0,0.54,-inf
79,0.05,0.04,0.0,0.56,-inf
80,0.05,0.04,0.0,0.58,-inf
81,0.05,0.04,0.0,0.6,-inf
82,0.05,0.04,0.0,0.62,-inf
83,0.05,0.04,0.0,0.64,-inf
84,0.05,0.04,0.0,0.66,-inf
85,0.05,0.04,0.0,0.68,-inf
86,0.05,0.04,0.0,0.7,-inf
87,0.05,0.04,0.0,0.72,-inf
88,0.05,0.04,0.0,0.74,-inf
89,0.05,0.04,0.0,0.76,-inf
90,0.05,0.04,0.0,0.78,-inf
91,0.05,0.04,0.0,0.8,-inf
92,0.05,0.04,0.0,0.82,-inf
93,0.05,0.04,0.0,0.84,-inf
94,0.05,0.04,0.0,0.86,-inf
95,0.05,0.04,0.0,0.88,-inf
96,0.05,0.04,0.0,0.9,-inf
97,0.05,0.04,0.0,0.92,-inf
98,0.05,0.04,0.0,0.94,-inf
99,0.05,0.04,0.0,0.96,-inf
100,0.05,0.04,0.0,0.98,-inf
101,0.05,0.04,0.0,1.0,-inf
102,0.05,0.06,0.0,0.0,-inf
103,0.05,0.06,0.0,0.02,-inf
104,0.05,0.06,0.0,0.04,-inf
105,0.05,0.06,0.0,0.06,-inf
106,0.05,0.06,0.0,0.08,-inf
107,0.05,0.06,0.0,0.1,-inf
108,0.05,0.06,0.0,0.12,-inf
109,0.05,0.06,0.0,0.14,-inf
110,0.05,0.06,0.0,0.16,-inf
111,0.05,0.06,0.0,0.18,-inf
112,0.05,0.06,0.0,0.2,-inf
113,0.05,0.06,0.0,0.22,-inf
114,0.05,0.06,0.0,0.24,-inf
115,0.05,0.06,0.0,0.26,-inf
116,0.05,0.06,0.0,0.28,-inf
117,0.05,0.06,0.0,0.3,-inf
118,0.05,0.06,0.0,0.32,-inf
119,0.05,0.06,0.0,0.34,-inf
120,0.05,0.06,0.0,0.36,-inf
121,0.05,0.06,0.0,0.38,-inf
122,0.05,0.06,0.0,0.4,-inf
123,0.05,0.06,0.0,0.42,-inf
124,0.05,0.06,0.0,0.44,-inf
125,0.05,0.06,0.0,0.46,-inf
126,0.05,0.06,0.0,0.48,-inf
127,0.05,0.06,0.0,0.5,-inf
128,0.05,0.06,0.0,0.52,-inf
129,0.05,0.06,0.0,0.54,-inf
130,0.05,0.06,0.0,0.56,-inf
131,0.05,0.06,0.0,0.58,-inf
132,0.05,0.06,0.0,0.6,-inf
133,0.05,0.06,0.0,0.62,-inf
134,0.05,0.06,0.0,0.64,-inf
135,0.05,0.06,0.0,0.66,-inf
136,0.05,0.06,0.0,0.68,-inf
137,0.05,0.06,0.0,0.7,-inf
138,0.05,0.06,0.0,0.72,-inf
139,0.05,0.06,0.0,0.74,-inf
140,0.05,0.06,0.0,0.76,-inf
141,0.05,0.06,0.0,0.78,-inf
142,0.05,0.06,0.0,0.8,-inf
143,0.05,0.06,0.0,0.82,-inf
144,0.05,0.06,0.0,0.84,-inf
145,0.05,0.06,0.0,0.86,-inf
146,0.05,0.06,0.0,0.88,-inf
147,0.05,0.06,0.0,0.9,-inf
148,0.05,0.06,0.0,0.92,-inf
149,0.05,0.06,0.0,0.94,-inf
150,0.05,0.06,0.0,0.96,-inf
151,0.05,0.06,0.0,0.98,-inf
152,0.05,0.06,0.0,1.0,-inf
153,0.05,0.08,0.0,0.0,-inf
154,0.05,0.08,0.0,0.02,-inf
155,0.05,0.08,0.0,0.04,-inf
156,0.05,0.08,0.0,0.06,-inf
157,0.05,0.08,0.0,0.08,-inf
158,0.05,0.08,0.0,0.1,-inf
159,0.05,0.08,0.0,0.12,-inf
160,0.05,0.08,0.0,0.14,-inf
161,0.05,0.08,0.0,0.16,-inf
162,0.05,0.08,0.0,0.18,-inf
163,0.05,0.08,0.0,0.2,-inf
164,0.05,0.08,0.0,0.22,-inf
165,0.05,0.08,0.0,0.24,-inf
166,0.05,0.08,0.0,0.26,-inf
167,0.05,0.08,0.0,0.28,-inf
168,0.05,0.08,0.0,0.3,-inf
169,0.05,0.08,0.0,0.32,-inf
170,0.05,0.08,0.0,0.34,-inf
171,0.05,0.08,0.0,0.36,-inf
172,0.05,0.08,0.0,0.38,-inf
173,0.05,0.08,0.0,0.4,-inf
174,0.05,0.08,0.0,0.42,-inf
175,0.05,0.08,0.0,0.44,-inf
176,0.05,0.08,0.0,0.46,-inf
177,0.05,0.08,0.0,0.48,-inf
178,0.05,0.08,0.0,0.5,-inf
179,0.05,0.08,0.0,0.52,-inf
180,0.05,0.08,0.0,0.54,-inf
181,0.05,0.08,0.0,0.56,-inf
182,0.05,0.08,0.0,0.58,-inf
183,0.05,0.08,0.0,0.6,-inf
184,0.05,0.08,0.0,0.62,-inf
185,0.05,0.08,0.0,0.64,-inf
186,0.05,0.08,0.0,0.66,-inf
187,0.05,0.08,0.0,0.68,-inf
188,0.05,0.08,0.0,0.7,-inf
189,0.05,0.08,0.0,0.72,-inf
190,0.05,0.08,0.0,0.74,-inf
191,0.05,0.08,0.0,0.76,-inf
192,0.05,0.08,0.0,0.78,-inf
193,0.05,0.08,0.0,0.8,-inf
194,0.05,0.08,0.0,0.82,-inf
195,0.05,0.08,0.0,0.84,-inf
196,0.05,0.08,0.0,0.86,-inf
197,0.05,0.08,0.0,0.88,-inf
198,0.05,0.08,0.0,0.9,-inf
199,0.05,0.08,0.0,0.92,-inf
200,0.05,0.08,0.0,0.94,-inf
201,0.05,0.08,0.0,0.96,-inf
202,0.05,0.08,0.0,0.98,-inf
203,0.05,0.08,0.0,1.0,-inf
204,0.05,0.1,0.0,0.0,-4247.15625
205,0.05,0.1,0.0,0.02,-inf
206,0.05,0.1,0.0,0.04,-inf
207,0.05,0.1,0.0,0.06,-inf
208,0.05,0.1,0.0,0.08,-3116.3623046875
209,0.05,0.1,0.0,0.1,-3115.47900390625
210,0.05,0.1,0.0,0.12,-inf
211,0.05,0.1,0.0,0.14,-3070.6826171875
212,0.05,0.1,0.0,0.16,-inf
213,0.05,0.1,0.0,0.18,-inf
214,0.05,0.1,0.0,0.2,-inf
215,0.05,0.1,0.0,0.22,-inf
216,0.05,0.1,0.0,0.24,-inf
217,0.05,0.1,0.0,0.26,-2933.829345703125
218,0.05,0.1,0.0,0.28,-inf
219,0.05,0.1,0.0,0.3,-3181.81005859375
220,0.05,0.1,0.0,0.32,-inf
221,0.05,0.1,0.0,0.34,-3121.850341796875
222,0.05,0.1,0.0,0.36,-3164.25634765625
223,0.05,0.1,0.0,0.38,-3250.67578125
224,0.05,0.1,0.0,0.4,-inf
225,0.05,0.1,0.0,0.42,-inf
226,0.05,0.1,0.0,0.44,-3289.0361328125
227,0.05,0.1,0.0,0.46,-3291.166748046875
228,0.05,0.1,0.0,0.48,-3340.38134765625
229,0.05,0.1,0.0,0.5,-3209.97509765625
230,0.05,0.1,0.0,0.52,-inf
231,0.05,0.1,0.0,0.54,-inf
232,0.05,0.1,0.0,0.56,-inf
233,0.05,0.1,0.0,0.58,-inf
234,0.05,0.1,0.0,0.6,-inf
235,0.05,0.1,0.0,0.62,-inf
236,0.05,0.1,0.0,0.64,-inf
237,0.05,0.1,0.0,0.66,-3430.42236328125
238,0.05,0.1,0.0,0.68,-inf
239,0.05,0.1,0.0,0.7,-inf
240,0.05,0.1,0.0,0.72,-3492.301513671875
241,0.05,0.1,0.0,0.74,-inf
242,0.05,0.1,0.0,0.76,-inf
243,0.05,0.1,0.0,0.78,-inf
244,0.05,0.1,0.0,0.8,-inf
245,0.05,0.1,0.0,0.82,-inf
246,0.05,0.1,0.0,0.84,-inf
247,0.05,0.1,0.0,0.86,-inf
248,0.05,0.1,0.0,0.88,-inf
249,0.05,0.1,0.0,0.9,-inf
250,0.05,0.1,0.0,0.92,-inf
251,0.05,0.1,0.0,0.94,-3540.754638671875
252,0.05,0.1,0.0,0.96,-inf
253,0.05,0.1,0.0,0.98,-3749.4365234375
254,0.05,0.1,0.0,1.0,-3795.5537109375
255,0.05,0.12,0.0,0.0,-4653.240234375
256,0.05,0.12,0.0,0.02,-2821.19189453125
257,0.05,0.12,0.0,0.04,-2734.33740234375
258,0.05,0.12,0.0,0.06,-2532.504150390625
259,0.05,0.12,0.0,0.08,-2736.880615234375
260,0.05,0.12,0.0,0.1,-2639.96533203125
261,0.05,0.12,0.0,0.12,-2636.96240234375
262,0.05,0.12,0.0,0.14,-2680.67529296875
263,0.05,0.12,0.0,0.16,-2751.2529296875
264,0.05,0.12,0.0,0.18,-2625.92724609375
265,0.05,0.12,0.0,0.2,-2715.95703125
266,0.05,0.12,0.0,0.22,-2688.98583984375
267,0.05,0.12,0.0,0.24,-2517.57421875
268,0.05,0.12,0.0,0.26,-2770.6298828125
269,0.05,0.12,0.0,0.28,-2721.5712890625
270,0.05,0.12,0.0,0.3,-2655.529541015625
271,0.05,0.12,0.0,0.32,-2847.12353515625
272,0.05,0.12,0.0,0.34,-2913.4580078125
273,0.05,0.12,0.0,0.36,-2773.8466796875
274,0.05,0.12,0.0,0.38,-2882.74951171875
275,0.05,0.12,0.0,0.4,-2585.778564453125
276,0.05,0.12,0.0,0.42,-2539.989990234375
277,0.05,0.12,0.0,0.44,-2953.17529296875
278,0.05,0.12,0.0,0.46,-2913.1474609375
279,0.05,0.12,0.0,0.48,-2738.764892578125
280,0.05,0.12,0.0,0.5,-2871.093017578125
281,0.05,0.12,0.0,0.52,-2740.18017578125
282,0.05,0.12,0.0,0.54,-2978.7451171875
283,0.05,0.12,0.0,0.56,-2976.849853515625
284,0.05,0.12,0.0,0.58,-2929.700439453125
285,0.05,0.12,0.0,0.6,-3048.796142578125
286,0.05,0.12,0.0,0.62,-2924.68505859375
287,0.05,0.12,0.0,0.64,-2991.2548828125
288,0.05,0.12,0.0,0.66,-3137.017578125
289,0.05,0.12,0.0,0.68,-3015.0185546875
290,0.05,0.12,0.0,0.7,-2888.757568359375
291,0.05,0.12,0.0,0.72,-3000.7333984375
292,0.05,0.12,0.0,0.74,-3091.567626953125
293,0.05,0.12,0.0,0.76,-3292.762939453125
294,0.05,0.12,0.0,0.78,-3231.7314453125
295,0.05,0.12,0.0,0.8,-3191.10205078125
296,0.05,0.12,0.0,0.82,-3234.62353515625
297,0.05,0.12,0.0,0.84,-3258.6806640625
298,0.05,0.12,0.0,0.86,-3284.8046875
299,0.05,0.12,0.0,0.88,-3259.915283203125
300,0.05,0.12,0.0,0.9,-3303.014892578125
301,0.05,0.12,0.0,0.92,-3303.59521484375
302,0.05,0.12,0.0,0.94,-3327.0732421875
303,0.05,0.12,0.0,0.96,-3267.35693359375
304,0.05,0.12,0.0,0.98,-3408.9912109375
305,0.05,0.12,0.0,1.0,-3375.232177734375
306,0.05,0.14,0.0,0.0,-4312.6806640625
307,0.05,0.14,0.0,0.02,-2286.66455078125
308,0.05,0.14,0.0,0.04,-2353.4111328125
309,0.05,0.14,0.0,0.06,-2270.593505859375
310,0.05,0.14,0.0,0.08,-2330.88916015625
311,0.05,0.14,0.0,0.1,-2355.906494140625
312,0.05,0.14,0.0,0.12,-2207.58056640625
313,0.05,0.14,0.0,0.14,-2301.7275390625
314,0.05,0.14,0.0,0.16,-2238.12158203125
315,0.05,0.14,0.0,0.18,-2214.39306640625
316,0.05,0.14,0.0,0.2,-2029.792236328125
317,0.05,0.14,0.0,0.22,-2346.915771484375
318,0.05,0.14,0.0,0.24,-2323.875
319,0.05,0.14,0.0,0.26,-2349.86474609375
320,0.05,0.14,0.0,0.28,-2378.622802734375
321,0.05,0.14,0.0,0.3,-2385.20703125
322,0.05,0.14,0.0,0.32,-2182.252685546875
323,0.05,0.14,0.0,0.34,-2478.242919921875
324,0.05,0.14,0.0,0.36,-2440.615234375
325,0.05,0.14,0.0,0.38,-2355.49365234375
326,0.05,0.14,0.0,0.4,-2419.693115234375
327,0.05,0.14,0.0,0.42,-2487.275390625
328,0.05,0.14,0.0,0.44,-2516.031982421875
329,0.05,0.14,0.0,0.46,-2574.57470703125
330,0.05,0.14,0.0,0.48,-2545.62890625
331,0.05,0.14,0.0,0.5,-2611.28759765625
332,0.05,0.14,0.0,0.52,-2611.3076171875
333,0.05,0.14,0.0,0.54,-2574.31982421875
334,0.05,0.14,0.0,0.56,-2508.95751953125
335,0.05,0.14,0.0,0.58,-2628.455322265625
336,0.05,0.14,0.0,0.6,-2681.71240234375
337,0.05,0.14,0.0,0.62,-2667.80712890625
338,0.05,0.14,0.0,0.64,-2562.860595703125
339,0.05,0.14,0.0,0.66,-2750.620361328125
340,0.05,0.14,0.0,0.68,-2790.766845703125
341,0.05,0.14,0.0,0.7,-2706.12353515625
342,0.05,0.14,0.0,0.72,-2730.85546875
343,0.05,0.14,0.0,0.74,-2760.43310546875
344,0.05,0.14,0.0,0.76,-2794.81494140625
345,0.05,0.14,0.0,0.78,-2790.751220703125
346,0.05,0.14,0.0,0.8,-2848.54736328125
347,0.05,0.14,0.0,0.82,-2733.87939453125
348,0.05,0.14,0.0,0.84,-2939.333740234375
349,0.05,0.14,0.0,0.86,-2891.087158203125
350,0.05,0.14,0.0,0.88,-2975.055419921875
351,0.05,0.14,0.0,0.9,-2865.135498046875
352,0.05,0.14,0.0,0.92,-2960.63818359375
353,0.05,0.14,0.0,0.94,-2931.974853515625
354,0.05,0.14,0.0,0.96,-3006.453857421875
355,0.05,0.14,0.0,0.98,-3070.579833984375
356,0.05,0.14,0.0,1.0,-2983.2099609375
357,0.05,0.16,0.0,0.0,-3936.853515625
358,0.05,0.16,0.0,0.02,-1941.949462890625
359,0.05,0.16,0.0,0.04,-2016.993408203125
360,0.05,0.16,0.0,0.06,-1898.412353515625
361,0.05,0.16,0.0,0.08,-1904.6207275390625
362,0.05,0.16,0.0,0.1,-1940.99365234375
363,0.05,0.16,0.0,0.12,-1988.611083984375
364,0.05,0.16,0.0,0.14,-1917.11328125
365,0.05,0.16,0.0,0.16,-1977.8779296875
366,0.05,0.16,0.0,0.18,-1976.190673828125
367,0.05,0.16,0.0,0.2,-1935.628173828125
368,0.05,0.16,0.0,0.22,-2033.9112548828125
369,0.05,0.16,0.0,0.24,-2079.2890625
370,0.05,0.16,0.0,0.26,-2027.032470703125
371,0.05,0.16,0.0,0.28,-2074.111328125
372,0.05,0.16,0.0,0.3,-2080.881103515625
373,0.05,0.16,0.0,0.32,-2114.278564453125
374,0.05,0.16,0.0,0.34,-2124.820556640625
375,0.05,0.16,0.0,0.36,-2147.3974609375
376,0.05,0.16,0.0,0.38,-2096.262939453125
377,0.05,0.16,0.0,0.4,-2162.497314453125
378,0.05,0.16,0.0,0.42,-2230.0673828125
379,0.05,0.16,0.0,0.44,-2230.9599609375
380,0.05,0.16,0.0,0.46,-2273.70849609375
381,0.05,0.16,0.0,0.48,-2238.186767578125
382,0.05,0.16,0.0,0.5,-2272.404052734375
383,0.05,0.16,0.0,0.52,-2294.597900390625
384,0.05,0.16,0.0,0.54,-2284.1435546875
385,0.05,0.16,0.0,0.56,-2332.6884765625
386,0.05,0.16,0.0,0.58,-2310.22216796875
387,0.05,0.16,0.0,0.6,-2344.73388671875
388,0.05,0.16,0.0,0.62,-2450.46044921875
389,0.05,0.16,0.0,0.64,-2498.934814453125
390,0.05,0.16,0.0,0.66,-2445.62744140625
391,0.05,0.16,0.0,0.68,-2511.60302734375
392,0.05,0.16,0.0,0.7,-2461.567138671875
393,0.05,0.16,0.0,0.72,-2501.42578125
394,0.05,0.16,0.0,0.74,-2569.46728515625
395,0.05,0.16,0.0,0.76,-2596.3623046875
396,0.05,0.16,0.0,0.78,-2529.33984375
397,0.05,0.16,0.0,0.8,-2507.3662109375
398,0.05,0.16,0.0,0.82,-2571.48876953125
399,0.05,0.16,0.0,0.84,-2556.572021484375
400,0.05,0.16,0.0,0.86,-2686.1826171875
401,0.05,0.16,0.0,0.88,-2549.69189453125
402,0.05,0.16,0.0,0.9,-2628.985595703125
403,0.05,0.16,0.0,0.92,-2662.0693359375
404,0.05,0.16,0.0,0.94,-2748.366943359375
405,0.05,0.16,0.0,0.96,-2724.905029296875
406,0.05,0.16,0.0,0.98,-2634.7216796875
407,0.05,0.16,0.0,1.0,-2767.86474609375
408,0.05,0.18,0.0,0.0,-3628.901123046875
409,0.05,0.18,0.0,0.02,-1796.471435546875
410,0.05,0.18,0.0,0.04,-1630.944580078125
411,0.05,0.18,0.0,0.06,-1756.2816162109375
412,0.05,0.18,0.0,0.08,-1637.0743408203125
413,0.05,0.18,0.0,0.1,-1702.4521484375
414,0.05,0.18,0.0,0.12,-1747.44580078125
415,0.05,0.18,0.0,0.14,-1788.12841796875
416,0.05,0.18,0.0,0.16,-1731.530029296875
417,0.05,0.18,0.0,0.18,-1729.322998046875
418,0.05,0.18,0.0,0.2,-1764.8333740234375
419,0.05,0.18,0.0,0.22,-1787.572998046875
420,0.05,0.18,0.0,0.24,-1792.0689697265625
421,0.05,0.18,0.0,0.26,-1861.146728515625
422,0.05,0.18,0.0,0.28,-1885.46630859375
423,0.05,0.18,0.0,0.3,-1897.65625
424,0.05,0.18,0.0,0.32,-1895.208251953125
425,0.05,0.18,0.0,0.34,-1934.1748046875
426,0.05,0.18,0.0,0.36,-1946.52978515625
427,0.05,0.18,0.0,0.38,-1946.513916015625
428,0.05,0.18,0.0,0.4,-1997.4122314453125
429,0.05,0.18,0.0,0.42,-2022.6103515625
430,0.05,0.18,0.0,0.44,-1956.83642578125
431,0.05,0.18,0.0,0.46,-1991.302978515625
432,0.05,0.18,0.0,0.48,-1992.628173828125
433,0.05,0.18,0.0,0.5,-2049.57666015625
434,0.05,0.18,0.0,0.52,-2077.33642578125
435,0.05,0.18,0.0,0.54,-2006.951904296875
436,0.05,0.18,0.0,0.56,-2100.3193359375
437,0.05,0.18,0.0,0.58,-2138.172119140625
438,0.05,0.18,0.0,0.6,-2134.77734375
439,0.05,0.18,0.0,0.62,-2135.27880859375
440,0.05,0.18,0.0,0.64,-2256.38232421875
441,0.05,0.18,0.0,0.66,-2226.158203125
442,0.05,0.18,0.0,0.68,-2271.35400390625
443,0.05,0.18,0.0,0.7,-2260.41552734375
444,0.05,0.18,0.0,0.72,-2328.0458984375
445,0.05,0.18,0.0,0.74,-2253.56884765625
446,0.05,0.18,0.0,0.76,-2299.074951171875
447,0.05,0.18,0.0,0.78,-2313.314697265625
448,0.05,0.18,0.0,0.8,-2382.6826171875
449,0.05,0.18,0.0,0.82,-2388.158203125
450,0.05,0.18,0.0,0.84,-2394.301513671875
451,0.05,0.18,0.0,0.86,-2343.48828125
452,0.05,0.18,0.0,0.88,-2401.635009765625
453,0.05,0.18,0.0,0.9,-2445.87255859375
454,0.05,0.18,0.0,0.92,-2506.782958984375
455,0.05,0.18,0.0,0.94,-2518.156005859375
456,0.05,0.18,0.0,0.96,-2447.253173828125
457,0.05,0.18,0.0,0.98,-2439.891845703125
458,0.05,0.18,0.0,1.0,-2568.5556640625
459,0.05,0.2,0.0,0.0,-3627.19873046875
460,0.05,0.2,0.0,0.02,-1581.283447265625
461,0.05,0.2,0.0,0.04,-1545.3822021484375
462,0.05,0.2,0.0,0.06,-1529.74609375
463,0.05,0.2,0.0,0.08,-1476.948486328125
464,0.05,0.2,0.0,0.1,-1585.5081787109375
465,0.05,0.2,0.0,0.12,-1561.9151611328125
466,0.05,0.2,0.0,0.14,-1581.6251220703125
467,0.05,0.2,0.0,0.16,-1570.05908203125
468,0.05,0.2,0.0,0.18,-1603.151123046875
469,0.05,0.2,0.0,0.2,-1634.362060546875
470,0.05,0.2,0.0,0.22,-1623.6983642578125
471,0.05,0.2,0.0,0.24,-1588.267822265625
472,0.05,0.2,0.0,0.26,-1674.8223876953125
473,0.05,0.2,0.0,0.28,-1705.57080078125
474,0.05,0.2,0.0,0.3,-1638.4188232421875
475,0.05,0.2,0.0,0.32,-1696.304443359375
476,0.05,0.2,0.0,0.34,-1687.2452392578125
477,0.05,0.2,0.0,0.36,-1663.53466796875
478,0.05,0.2,0.0,0.38,-1757.7568359375
479,0.05,0.2,0.0,0.4,-1765.9014892578125
480,0.05,0.2,0.0,0.42,-1814.07568359375
481,0.05,0.2,0.0,0.44,-1816.9296875
482,0.05,0.2,0.0,0.46,-1823.035888671875
483,0.05,0.2,0.0,0.48,-1898.09765625
484,0.05,0.2,0.0,0.5,-1871.1964111328125
485,0.05,0.2,0.0,0.52,-1916.0880126953125
486,0.05,0.2,0.0,0.54,-1916.162353515625
487,0.05,0.2,0.0,0.56,-1958.67431640625
488,0.05,0.2,0.0,0.58,-1950.5595703125
489,0.05,0.2,0.0,0.6,-1980.7550048828125
490,0.05,0.2,0.0,0.62,-1997.2994384765625
491,0.05,0.2,0.0,0.64,-2007.48974609375
492,0.05,0.2,0.0,0.66,-1975.7431640625
493,0.05,0.2,0.0,0.68,-2083.03125
494,0.05,0.2,0.0,0.7,-2125.510498046875
495,0.05,0.2,0.0,0.72,-2062.26416015625
496,0.05,0.2,0.0,0.74,-2097.48046875
497,0.05,0.2,0.0,0.76,-2106.57861328125
498,0.05,0.2,0.0,0.78,-2159.46533203125
499,0.05,0.2,0.0,0.8,-2218.99853515625
500,0.05,0.2,0.0,0.82,-2214.511474609375
501,0.05,0.2,0.0,0.84,-2207.140625
502,0.05,0.2,0.0,0.86,-2274.18505859375
503,0.05,0.2,0.0,0.88,-2253.045166015625
504,0.05,0.2,0.0,0.9,-2184.9189453125
505,0.05,0.2,0.0,0.92,-2298.92431640625
506,0.05,0.2,0.0,0.94,-2330.359619140625
507,0.05,0.2,0.0,0.96,-2347.902587890625
508,0.05,0.2,0.0,0.98,-2374.418701171875
509,0.05,0.2,0.0,1.0,-2392.777587890625
510,0.05,0.22,0.0,0.0,-3841.0517578125
511,0.05,0.22,0.0,0.02,-1495.4700927734375
512,0.05,0.22,0.0,0.04,-1476.0625
513,0.05,0.22,0.0,0.06,-1440.988525390625
514,0.05,0.22,0.0,0.08,-1464.2587890625
515,0.05,0.22,0.0,0.1,-1440.07470703125
516,0.05,0.22,0.0,0.12,-1468.315673828125
517,0.05,0.22,0.0,0.14,-1444.03125
518,0.05,0.22,0.0,0.16,-1488.3665771484375
519,0.05,0.22,0.0,0.18,-1480.0677490234375
520,0.05,0.22,0.0,0.2,-1523.7952880859375
521,0.05,0.22,0.0,0.22,-1517.902587890625
522,0.05,0.22,0.0,0.24,-1523.78466796875
523,0.05,0.22,0.0,0.26,-1551.6192626953125
524,0.05,0.22,0.0,0.28,-1590.19775390625
525,0.05,0.22,0.0,0.3,-1582.379638671875
526,0.05,0.22,0.0,0.32,-1628.3863525390625
527,0.05,0.22,0.0,0.34,-1640.1944580078125
528,0.05,0.22,0.0,0.36,-1637.769287109375
529,0.05,0.22,0.0,0.38,-1668.549072265625
530,0.05,0.22,0.0,0.4,-1674.5142822265625
531,0.05,0.22,0.0,0.42,-1725.860107421875
532,0.05,0.22,0.0,0.44,-1724.431884765625
533,0.05,0.22,0.0,0.46,-1739.400634765625
534,0.05,0.22,0.0,0.48,-1744.88037109375
535,0.05,0.22,0.0,0.5,-1785.764404296875
536,0.05,0.22,0.0,0.52,-1781.737548828125
537,0.05,0.22,0.0,0.54,-1827.4449462890625
538,0.05,0.22,0.0,0.56,-1822.0478515625
539,0.05,0.22,0.0,0.58,-1863.9423828125
540,0.05,0.22,0.0,0.6,-1868.5374755859375
541,0.05,0.22,0.0,0.62,-1898.93896484375
542,0.05,0.22,0.0,0.64,-1925.417724609375
543,0.05,0.22,0.0,0.66,-1949.64306640625
544,0.05,0.22,0.0,0.68,-1964.999267578125
545,0.05,0.22,0.0,0.7,-2009.471435546875
546,0.05,0.22,0.0,0.72,-2014.772705078125
547,0.05,0.22,0.0,0.74,-2013.874755859375
548,0.05,0.22,0.0,0.76,-2072.171875
549,0.05,0.22,0.0,0.78,-2059.28271484375
550,0.05,0.22,0.0,0.8,-2102.04150390625
551,0.05,0.22,0.0,0.82,-2121.569580078125
552,0.05,0.22,0.0,0.84,-2137.50390625
553,0.05,0.22,0.0,0.86,-2159.4580078125
554,0.05,0.22,0.0,0.88,-2178.958740234375
555,0.05,0.22,0.0,0.9,-2212.4921875
556,0.05,0.22,0.0,0.92,-2226.03125
557,0.05,0.22,0.0,0.94,-2240.27490234375
558,0.05,0.22,0.0,0.96,-2260.18896484375
559,0.05,0.22,0.0,0.98,-2279.7568359375
560,0.05,0.22,0.0,1.0,-2296.32177734375
561,0.05,0.24,0.0,0.0,-3796.025390625
562,0.05,0.24,0.0,0.02,-1458.74267578125
563,0.05,0.24,0.0,0.04,-1425.725341796875
564,0.05,0.24,0.0,0.06,-1414.517333984375
565,0.05,0.24,0.0,0.08,-1413.60107421875
566,0.05,0.24,0.0,0.1,-1418.310546875
567,0.05,0.24,0.0,0.12,-1425.344970703125
568,0.05,0.24,0.0,0.14,-1437.2762451171875
569,0.05,0.24,0.0,0.16,-1447.314697265625
570,0.05,0.24,0.0,0.18,-1463.342529296875
571,0.05,0.24,0.0,0.2,-1476.5272216796875
572,0.05,0.24,0.0,0.22,-1493.033447265625
573,0.05,0.24,0.0,0.24,-1509.7177734375
574,0.05,0.24,0.0,0.26,-1527.4556884765625
575,0.05,0.24,0.0,0.28,-1544.921142578125
576,0.05,0.24,0.0,0.3,-1561.99169921875
577,0.05,0.24,0.0,0.32,-1581.937255859375
578,0.05,0.24,0.0,0.34,-1597.19091796875
579,0.05,0.24,0.0,0.36,-1617.33203125
580,0.05,0.24,0.0,0.38,-1638.885009765625
581,0.05,0.24,0.0,0.4,-1657.20849609375
582,0.05,0.24,0.0,0.42,-1676.6051025390625
583,0.05,0.24,0.0,0.44,-1698.0955810546875
584,0.05,0.24,0.0,0.46,-1716.4676513671875
585,0.05,0.24,0.0,0.48,-1736.473876953125
586,0.05,0.24,0.0,0.5,-1760.232177734375
587,0.05,0.24,0.0,0.52,-1780.04345703125
588,0.05,0.24,0.0,0.54,-1799.62646484375
589,0.05,0.24,0.0,0.56,-1818.8602294921875
590,0.05,0.24,0.0,0.58,-1838.604736328125
591,0.05,0.24,0.0,0.6,-1862.819580078125
592,0.05,0.24,0.0,0.62,-1881.560302734375
593,0.05,0.24,0.0,0.64,-1905.38037109375
594,0.05,0.24,0.0,0.66,-1924.1485595703125
595,0.05,0.24,0.0,0.68,-1942.201416015625
596,0.05,0.24,0.0,0.7,-1967.01416015625
597,0.05,0.24,0.0,0.72,-1995.9608154296875
598,0.05,0.24,0.0,0.74,-2011.2415771484375
599,0.05,0.24,0.0,0.76,-2031.041748046875
600,0.05,0.24,0.0,0.78,-2055.8583984375
601,0.05,0.24,0.0,0.8,-2069.415771484375
602,0.05,0.24,0.0,0.82,-2095.927978515625
603,0.05,0.24,0.0,0.84,-2119.740966796875
604,0.05,0.24,0.0,0.86,-2142.26513671875
605,0.05,0.24,0.0,0.88,-2161.19384765625
606,0.05,0.24,0.0,0.9,-2177.10400390625
607,0.05,0.24,0.0,0.92,-2206.38427734375
608,0.05,0.24,0.0,0.94,-2229.277587890625
609,0.05,0.24,0.0,0.96,-2256.4814453125
610,0.05,0.24,0.0,0.98,-2275.7646484375
611,0.05,0.24,0.0,1.0,-2291.904296875
612,0.05,0.26,0.0,0.0,-3791.74560546875
613,0.05,0.26,0.0,0.02,-1450.2735595703125
614,0.05,0.26,0.0,0.04,-1418.6246337890625
615,0.05,0.26,0.0,0.06,-1406.2724609375
616,0.05,0.26,0.0,0.08,-1406.73193359375
617,0.05,0.26,0.0,0.1,-1412.104736328125
618,0.05,0.26,0.0,0.12,-1419.3133544921875
619,0.05,0.26,0.0,0.14,-1429.87939453125
620,0.05,0.26,0.0,0.16,-1443.00146484375
621,0.05,0.26,0.0,0.18,-1456.874267578125
622,0.05,0.26,0.0,0.2,-1471.896728515625
623,0.05,0.26,0.0,0.22,-1488.169921875
624,0.05,0.26,0.0,0.24,-1505.443359375
625,0.05,0.26,0.0,0.26,-1521.5516357421875
626,0.05,0.26,0.0,0.28,-1539.264404296875
627,0.05,0.26,0.0,0.3,-1558.8388671875
628,0.05,0.26,0.0,0.32,-1576.6337890625
629,0.05,0.26,0.0,0.34,-1595.80712890625
630,0.05,0.26,0.0,0.36,-1614.1622314453125
631,0.05,0.26,0.0,0.38,-1633.96533203125
632,0.05,0.26,0.0,0.4,-1655.777099609375
633,0.05,0.26,0.0,0.42,-1674.66796875
634,0.05,0.26,0.0,0.44,-1695.2353515625
635,0.05,0.26,0.0,0.46,-1713.956787109375
636,0.05,0.26,0.0,0.48,-1736.177490234375
637,0.05,0.26,0.0,0.5,-1757.8543701171875
638,0.05,0.26,0.0,0.52,-1777.0567626953125
639,0.05,0.26,0.0,0.54,-1797.067138671875
640,0.05,0.26,0.0,0.56,-1821.295166015625
641,0.05,0.26,0.0,0.58,-1838.7222900390625
642,0.05,0.26,0.0,0.6,-1860.264892578125
643,0.05,0.26,0.0,0.62,-1884.2178955078125
644,0.05,0.26,0.0,0.64,-1903.9803466796875
645,0.05,0.26,0.0,0.66,-1924.31396484375
646,0.05,0.26,0.0,0.68,-1947.9775390625
647,0.05,0.26,0.0,0.7,-1967.421875
648,0.05,0.26,0.0,0.72,-1988.5859375
649,0.05,0.26,0.0,0.74,-2016.546875
650,0.05,0.26,0.0,0.76,-2036.865234375
651,0.05,0.26,0.0,0.78,-2054.7109375
652,0.05,0.26,0.0,0.8,-2078.9599609375
653,0.05,0.26,0.0,0.82,-2102.3447265625
654,0.05,0.26,0.0,0.84,-2123.7744140625
655,0.05,0.26,0.0,0.86,-2146.431396484375
656,0.05,0.26,0.0,0.88,-2161.356689453125
657,0.05,0.26,0.0,0.9,-2196.185791015625
658,0.05,0.26,0.0,0.92,-2203.91455078125
659,0.05,0.26,0.0,0.94,-2236.36572265625
660,0.05,0.26,0.0,0.96,-2244.72998046875
661,0.05,0.26,0.0,0.98,-2281.16650390625
662,0.05,0.26,0.0,1.0,-2293.64111328125
663,0.05,0.28,0.0,0.0,-3795.578857421875
664,0.05,0.28,0.0,0.02,-1449.0299072265625
665,0.05,0.28,0.0,0.04,-1414.848876953125
666,0.05,0.28,0.0,0.06,-1407.0816650390625
667,0.05,0.28,0.0,0.08,-1405.263671875
668,0.05,0.28,0.0,0.1,-1410.78173828125
669,0.05,0.28,0.0,0.12,-1420.041748046875
670,0.05,0.28,0.0,0.14,-1429.5716552734375
671,0.05,0.28,0.0,0.16,-1443.697509765625
672,0.05,0.28,0.0,0.18,-1457.000732421875
673,0.05,0.28,0.0,0.2,-1472.9061279296875
674,0.05,0.28,0.0,0.22,-1489.3282470703125
675,0.05,0.28,0.0,0.24,-1507.156982421875
676,0.05,0.28,0.0,0.26,-1523.7779541015625
677,0.05,0.28,0.0,0.28,-1541.10400390625
678,0.05,0.28,0.0,0.3,-1561.0283203125
679,0.05,0.28,0.0,0.32,-1579.128662109375
680,0.05,0.28,0.0,0.34,-1597.55810546875
681,0.05,0.28,0.0,0.36,-1618.3692626953125
682,0.05,0.28,0.0,0.38,-1636.4698486328125
683,0.05,0.28,0.0,0.4,-1656.8658447265625
684,0.05,0.28,0.0,0.42,-1678.73876953125
685,0.05,0.28,0.0,0.44,-1699.2061767578125
686,0.05,0.28,0.0,0.46,-1719.69677734375
687,0.05,0.28,0.0,0.48,-1740.143798828125
688,0.05,0.28,0.0,0.5,-1760.037841796875
689,0.05,0.28,0.0,0.52,-1783.312255859375
690,0.05,0.28,0.0,0.54,-1804.1234130859375
691,0.05,0.28,0.0,0.56,-1827.352783203125
692,0.05,0.28,0.0,0.58,-1847.7275390625
693,0.05,0.28,0.0,0.6,-1868.4290771484375
694,0.05,0.28,0.0,0.62,-1889.4820556640625
695,0.05,0.28,0.0,0.64,-1912.6580810546875
696,0.05,0.28,0.0,0.66,-1932.787353515625
697,0.05,0.28,0.0,0.68,-1955.8670654296875
698,0.05,0.28,0.0,0.7,-1975.0751953125
699,0.05,0.28,0.0,0.72,-1998.708984375
700,0.05,0.28,0.0,0.74,-2014.8428955078125
701,0.05,0.28,0.0,0.76,-2044.99951171875
702,0.05,0.28,0.0,0.78,-2072.35791015625
703,0.05,0.28,0.0,0.8,-2087.779052734375
704,0.05,0.28,0.0,0.82,-2104.576416015625
705,0.05,0.28,0.0,0.84,-2126.152587890625
706,0.05,0.28,0.0,0.86,-2153.66162109375
707,0.05,0.28,0.0,0.88,-2177.14990234375
708,0.05,0.28,0.0,0.9,-2197.141357421875
709,0.05,0.28,0.0,0.92,-2216.380859375
710,0.05,0.28,0.0,0.94,-2234.3759765625
711,0.05,0.28,0.0,0.96,-2264.9033203125
712,0.05,0.28,0.0,0.98,-2287.342041015625
713,0.05,0.28,0.0,1.0,-2308.8671875
714,0.05,0.3,0.0,0.0,-3797.27587890625
715,0.05,0.3,0.0,0.02,-1451.95068359375
716,0.05,0.3,0.0,0.04,-1418.49072265625
717,0.05,0.3,0.0,0.06,-1409.1990966796875
718,0.05,0.3,0.0,0.08,-1409.145263671875
719,0.05,0.3,0.0,0.1,-1414.505615234375
720,0.05,0.3,0.0,0.12,-1423.971923828125
721,0.05,0.3,0.0,0.14,-1435.0224609375
722,0.05,0.3,0.0,0.16,-1447.2012939453125
723,0.05,0.3,0.0,0.18,-1461.831787109375
724,0.05,0.3,0.0,0.2,-1477.3245849609375
725,0.05,0.3,0.0,0.22,-1493.718017578125
726,0.05,0.3,0.0,0.24,-1510.7738037109375
727,0.05,0.3,0.0,0.26,-1528.251953125
728,0.05,0.3,0.0,0.28,-1548.1507568359375
729,0.05,0.3,0.0,0.3,-1567.3507080078125
730,0.05,0.3,0.0,0.32,-1584.964599609375
731,0.05,0.3,0.0,0.34,-1604.760498046875
732,0.05,0.3,0.0,0.36,-1624.593505859375
733,0.05,0.3,0.0,0.38,-1644.3905029296875
734,0.05,0.3,0.0,0.4,-1664.046630859375
735,0.05,0.3,0.0,0.42,-1684.8641357421875
736,0.05,0.3,0.0,0.44,-1702.3272705078125
737,0.05,0.3,0.0,0.46,-1727.4644775390625
738,0.05,0.3,0.0,0.48,-1747.423828125
739,0.05,0.3,0.0,0.5,-1767.011962890625
740,0.05,0.3,0.0,0.52,-1791.328369140625
741,0.05,0.3,0.0,0.54,-1810.0938720703125
742,0.05,0.3,0.0,0.56,-1832.83203125
743,0.05,0.3,0.0,0.58,-1853.039794921875
744,0.05,0.3,0.0,0.6,-1875.6949462890625
745,0.05,0.3,0.0,0.62,-1895.1107177734375
746,0.05,0.3,0.0,0.64,-1917.218505859375
747,0.05,0.3,0.0,0.66,-1938.9454345703125
748,0.05,0.3,0.0,0.68,-1961.4205322265625
749,0.05,0.3,0.0,0.7,-1985.988525390625
750,0.05,0.3,0.0,0.72,-2004.794677734375
751,0.05,0.3,0.0,0.74,-2026.921630859375
752,0.05,0.3,0.0,0.76,-2055.65625
753,0.05,0.3,0.0,0.78,-2073.513916015625
754,0.05,0.3,0.0,0.8,-2096.08544921875
755,0.05,0.3,0.0,0.82,-2115.4775390625
756,0.05,0.3,0.0,0.84,-2140.7978515625
757,0.05,0.3,0.0,0.86,-2158.130615234375
758,0.05,0.3,0.0,0.88,-2172.876953125
759,0.05,0.3,0.0,0.9,-2212.13623046875
760,0.05,0.3,0.0,0.92,-2226.0595703125
761,0.05,0.3,0.0,0.94,-2253.2470703125
762,0.05,0.3,0.0,0.96,-2267.645751953125
763,0.05,0.3,0.0,0.98,-2293.917724609375
764,0.05,0.3,0.0,1.0,-2312.269775390625
765,0.05,0.32,0.0,0.0,-3794.197509765625
766,0.05,0.32,0.0,0.02,-1455.547607421875
767,0.05,0.32,0.0,0.04,-1425.121826171875
768,0.05,0.32,0.0,0.06,-1414.966064453125
769,0.05,0.32,0.0,0.08,-1415.1856689453125
770,0.05,0.32,0.0,0.1,-1419.8948974609375
771,0.05,0.32,0.0,0.12,-1428.432861328125
772,0.05,0.32,0.0,0.14,-1439.6591796875
773,0.05,0.32,0.0,0.16,-1453.4617919921875
774,0.05,0.32,0.0,0.18,-1467.6334228515625
775,0.05,0.32,0.0,0.2,-1483.408203125
776,0.05,0.32,0.0,0.22,-1500.6591796875
777,0.05,0.32,0.0,0.24,-1518.17236328125
778,0.05,0.32,0.0,0.26,-1536.6011962890625
779,0.05,0.32,0.0,0.28,-1553.9385986328125
780,0.05,0.32,0.0,0.3,-1572.8514404296875
781,0.05,0.32,0.0,0.32,-1592.119140625
782,0.05,0.32,0.0,0.34,-1612.759765625
783,0.05,0.32,0.0,0.36,-1632.4970703125
784,0.05,0.32,0.0,0.38,-1651.5894775390625
785,0.05,0.32,0.0,0.4,-1671.321533203125
786,0.05,0.32,0.0,0.42,-1692.640380859375
787,0.05,0.32,0.0,0.44,-1713.7598876953125
788,0.05,0.32,0.0,0.46,-1735.25390625
789,0.05,0.32,0.0,0.48,-1757.716064453125
790,0.05,0.32,0.0,0.5,-1774.6873779296875
791,0.05,0.32,0.0,0.52,-1800.62744140625
792,0.05,0.32,0.0,0.54,-1824.046630859375
793,0.05,0.32,0.0,0.56,-1843.2386474609375
794,0.05,0.32,0.0,0.58,-1860.9403076171875
795,0.05,0.32,0.0,0.6,-1886.0528564453125
796,0.05,0.32,0.0,0.62,-1906.8565673828125
797,0.05,0.32,0.0,0.64,-1924.09912109375
798,0.05,0.32,0.0,0.66,-1952.421875
799,0.05,0.32,0.0,0.68,-1968.2144775390625
800,0.05,0.32,0.0,0.7,-1996.5823974609375
801,0.05,0.32,0.0,0.72,-2016.87451171875
802,0.05,0.32,0.0,0.74,-2044.3133544921875
803,0.05,0.32,0.0,0.76,-2066.52490234375
804,0.05,0.32,0.0,0.78,-2086.445068359375
805,0.05,0.32,0.0,0.8,-2104.430419921875
806,0.05,0.32,0.0,0.82,-2134.171630859375
807,0.05,0.32,0.0,0.84,-2149.90673828125
808,0.05,0.32,0.0,0.86,-2169.851318359375
809,0.05,0.32,0.0,0.88,-2195.02685546875
810,0.05,0.32,0.0,0.9,-2217.96044921875
811,0.05,0.32,0.0,0.92,-2242.191162109375
812,0.05,0.32,0.0,0.94,-2259.972412109375
813,0.05,0.32,0.0,0.96,-2291.560302734375
814,0.05,0.32,0.0,0.98,-2312.14306640625
815,0.05,0.32,0.0,1.0,-2310.673828125
816,0.05,0.34,0.0,0.0,-3785.7626953125
817,0.05,0.34,0.0,0.02,-1462.4376220703125
818,0.05,0.34,0.0,0.04,-1429.8388671875
819,0.05,0.34,0.0,0.06,-1420.792724609375
820,0.05,0.34,0.0,0.08,-1421.11572265625
821,0.05,0.34,0.0,0.1,-1427.3267822265625
822,0.05,0.34,0.0,0.12,-1435.444580078125
823,0.05,0.34,0.0,0.14,-1447.4207763671875
824,0.05,0.34,0.0,0.16,-1460.7861328125
825,0.05,0.34,0.0,0.18,-1475.1038818359375
826,0.05,0.34,0.0,0.2,-1491.1358642578125
827,0.05,0.34,0.0,0.22,-1508.550048828125
828,0.05,0.34,0.0,0.24,-1525.654052734375
829,0.05,0.34,0.0,0.26,-1544.715087890625
830,0.05,0.34,0.0,0.28,-1562.787109375
831,0.05,0.34,0.0,0.3,-1582.36083984375
832,0.05,0.34,0.0,0.32,-1601.71240234375
833,0.05,0.34,0.0,0.34,-1618.452392578125
834,0.05,0.34,0.0,0.36,-1640.568359375
835,0.05,0.34,0.0,0.38,-1661.263916015625
836,0.05,0.34,0.0,0.4,-1681.0155029296875
837,0.05,0.34,0.0,0.42,-1702.598388671875
838,0.05,0.34,0.0,0.44,-1722.099853515625
839,0.05,0.34,0.0,0.46,-1743.0859375
840,0.05,0.34,0.0,0.48,-1764.899658203125
841,0.05,0.34,0.0,0.5,-1787.2669677734375
842,0.05,0.34,0.0,0.52,-1809.3865966796875
843,0.05,0.34,0.0,0.54,-1833.986083984375
844,0.05,0.34,0.0,0.56,-1852.943359375
845,0.05,0.34,0.0,0.58,-1874.9876708984375
846,0.05,0.34,0.0,0.6,-1894.369384765625
847,0.05,0.34,0.0,0.62,-1915.62451171875
848,0.05,0.34,0.0,0.64,-1942.0411376953125
849,0.05,0.34,0.0,0.66,-1961.59521484375
850,0.05,0.34,0.0,0.68,-1984.9996337890625
851,0.05,0.34,0.0,0.7,-2006.2110595703125
852,0.05,0.34,0.0,0.72,-2024.74951171875
853,0.05,0.34,0.0,0.74,-2050.1298828125
854,0.05,0.34,0.0,0.76,-2068.605712890625
855,0.05,0.34,0.0,0.78,-2098.5859375
856,0.05,0.34,0.0,0.8,-2115.97998046875
857,0.05,0.34,0.0,0.82,-2139.94091796875
858,0.05,0.34,0.0,0.84,-2162.1435546875
859,0.05,0.34,0.0,0.86,-2190.03955078125
860,0.05,0.34,0.0,0.88,-2201.03662109375
861,0.05,0.34,0.0,0.9,-2228.74072265625
862,0.05,0.34,0.0,0.92,-2254.423828125
863,0.05,0.34,0.0,0.94,-2275.28125
864,0.05,0.34,0.0,0.96,-2311.8779296875
865,0.05,0.34,0.0,0.98,-2332.258056640625
866,0.05,0.34,0.0,1.0,-2343.18603515625
867,0.05,0.36,0.0,0.0,-4086.8896484375
868,0.05,0.36,0.0,0.02,-1468.404296875
869,0.05,0.36,0.0,0.04,-1436.8515625
870,0.05,0.36,0.0,0.06,-1427.97216796875
871,0.05,0.36,0.0,0.08,-1429.090087890625
872,0.05,0.36,0.0,0.1,-1434.2835693359375
873,0.05,0.36,0.0,0.12,-1443.7288818359375
874,0.05,0.36,0.0,0.14,-1454.904052734375
875,0.05,0.36,0.0,0.16,-1468.5797119140625
876,0.05,0.36,0.0,0.18,-1482.97802734375
877,0.05,0.36,0.0,0.2,-1499.2137451171875
878,0.05,0.36,0.0,0.22,-1516.053955078125
879,0.05,0.36,0.0,0.24,-1533.94189453125
880,0.05,0.36,0.0,0.26,-1551.8829345703125
881,0.05,0.36,0.0,0.28,-1570.700927734375
882,0.05,0.36,0.0,0.3,-1589.7916259765625
883,0.05,0.36,0.0,0.32,-1608.486572265625
884,0.05,0.36,0.0,0.34,-1629.8914794921875
885,0.05,0.36,0.0,0.36,-1650.141357421875
886,0.05,0.36,0.0,0.38,-1670.432373046875
887,0.05,0.36,0.0,0.4,-1691.701171875
888,0.05,0.36,0.0,0.42,-1711.2247314453125
889,0.05,0.36,0.0,0.44,-1732.48095703125
890,0.05,0.36,0.0,0.46,-1755.515380859375
891,0.05,0.36,0.0,0.48,-1777.99365234375
892,0.05,0.36,0.0,0.5,-1797.475830078125
893,0.05,0.36,0.0,0.52,-1818.680419921875
894,0.05,0.36,0.0,0.54,-1841.886474609375
895,0.05,0.36,0.0,0.56,-1862.86962890625
896,0.05,0.36,0.0,0.58,-1881.9674072265625
897,0.05,0.36,0.0,0.6,-1906.95849609375
898,0.05,0.36,0.0,0.62,-1930.474609375
899,0.05,0.36,0.0,0.64,-1952.26953125
900,0.05,0.36,0.0,0.66,-1975.5709228515625
901,0.05,0.36,0.0,0.68,-1997.0537109375
902,0.05,0.36,0.0,0.7,-2016.78466796875
903,0.05,0.36,0.0,0.72,-2044.9161376953125
904,0.05,0.36,0.0,0.74,-2062.3037109375
905,0.05,0.36,0.0,0.76,-2088.2705078125
906,0.05,0.36,0.0,0.78,-2111.18505859375
907,0.05,0.36,0.0,0.8,-2124.33642578125
908,0.05,0.36,0.0,0.82,-2158.847900390625
909,0.05,0.36,0.0,0.84,-2177.7216796875
910,0.05,0.36,0.0,0.86,-2196.66943359375
911,0.05,0.36,0.0,0.88,-2218.164306640625
912,0.05,0.36,0.0,0.9,-2240.06884765625
913,0.05,0.36,0.0,0.92,-2262.08544921875
914,0.05,0.36,0.0,0.94,-2287.041015625
915,0.05,0.36,0.0,0.96,-2314.2900390625
916,0.05,0.36,0.0,0.98,-2341.94677734375
917,0.05,0.36,0.0,1.0,-2367.20361328125
918,0.05,0.38,0.0,0.0,-3807.60546875
919,0.05,0.38,0.0,0.02,-1475.7735595703125
920,0.05,0.38,0.0,0.04,-1444.4874267578125
921,0.05,0.38,0.0,0.06,-1435.140625
922,0.05,0.38,0.0,0.08,-1436.069091796875
923,0.05,0.38,0.0,0.1,-1441.45703125
924,0.05,0.38,0.0,0.12,-1450.26513671875
925,0.05,0.38,0.0,0.14,-1463.8719482421875
926,0.05,0.38,0.0,0.16,-1475.5313720703125
927,0.05,0.38,0.0,0.18,-1492.127685546875
928,0.05,0.38,0.0,0.2,-1507.4305419921875
929,0.05,0.38,0.0,0.22,-1525.0146484375
930,0.05,0.38,0.0,0.24,-1541.144287109375
931,0.05,0.38,0.0,0.26,-1560.460693359375
932,0.05,0.38,0.0,0.28,-1578.89208984375
933,0.05,0.38,0.0,0.3,-1598.56103515625
934,0.05,0.38,0.0,0.32,-1618.50146484375
935,0.05,0.38,0.0,0.34,-1637.7738037109375
936,0.05,0.38,0.0,0.36,-1658.693359375
937,0.05,0.38,0.0,0.38,-1679.95263671875
938,0.05,0.38,0.0,0.4,-1699.4691162109375
939,0.05,0.38,0.0,0.42,-1719.220458984375
940,0.05,0.38,0.0,0.44,-1738.1904296875
941,0.05,0.38,0.0,0.46,-1764.8741455078125
942,0.05,0.38,0.0,0.48,-1784.4781494140625
943,0.05,0.38,0.0,0.5,-1807.431884765625
944,0.05,0.38,0.0,0.52,-1829.608154296875
945,0.05,0.38,0.0,0.54,-1848.088134765625
946,0.05,0.38,0.0,0.56,-1871.82177734375
947,0.05,0.38,0.0,0.58,-1892.217041015625
948,0.05,0.38,0.0,0.6,-1914.428955078125
949,0.05,0.38,0.0,0.62,-1936.9354248046875
950,0.05,0.38,0.0,0.64,-1960.25390625
951,0.05,0.38,0.0,0.66,-1984.01806640625
952,0.05,0.38,0.0,0.68,-2007.7894287109375
953,0.05,0.38,0.0,0.7,-2024.3441162109375
954,0.05,0.38,0.0,0.72,-2049.57568359375
955,0.05,0.38,0.0,0.74,-2073.63916015625
956,0.05,0.38,0.0,0.76,-2093.953857421875
957,0.05,0.38,0.0,0.78,-2124.355224609375
958,0.05,0.38,0.0,0.8,-2140.29248046875
959,0.05,0.38,0.0,0.82,-2156.94482421875
960,0.05,0.38,0.0,0.84,-2186.969970703125
961,0.05,0.38,0.0,0.86,-2206.97412109375
962,0.05,0.38,0.0,0.88,-2228.211181640625
963,0.05,0.38,0.0,0.9,-2255.67724609375
964,0.05,0.38,0.0,0.92,-2273.85302734375
965,0.05,0.38,0.0,0.94,-2290.60595703125
966,0.05,0.38,0.0,0.96,-2321.18701171875
967,0.05,0.38,0.0,0.98,-2361.86572265625
968,0.05,0.38,0.0,1.0,-2375.4189453125
969,0.05,0.4,0.0,0.0,-3813.83251953125
970,0.05,0.4,0.0,0.02,-1482.998046875
971,0.05,0.4,0.0,0.04,-1450.68359375
972,0.05,0.4,0.0,0.06,-1442.234130859375
973,0.05,0.4,0.0,0.08,-1443.78369140625
974,0.05,0.4,0.0,0.1,-1449.0953369140625
975,0.05,0.4,0.0,0.12,-1458.3365478515625
976,0.05,0.4,0.0,0.14,-1470.225830078125
977,0.05,0.4,0.0,0.16,-1482.828125
978,0.05,0.4,0.0,0.18,-1499.0087890625
979,0.05,0.4,0.0,0.2,-1515.003662109375
980,0.05,0.4,0.0,0.22,-1531.81884765625
981,0.05,0.4,0.0,0.24,-1551.0838623046875
982,0.05,0.4,0.0,0.26,-1569.6114501953125
983,0.05,0.4,0.0,0.28,-1587.804931640625
984,0.05,0.4,0.0,0.3,-1607.400146484375
985,0.05,0.4,0.0,0.32,-1627.946533203125
986,0.05,0.4,0.0,0.34,-1646.0521240234375
987,0.05,0.4,0.0,0.36,-1667.90966796875
988,0.05,0.4,0.0,0.38,-1689.9007568359375
989,0.05,0.4,0.0,0.4,-1709.6380615234375
990,0.05,0.4,0.0,0.42,-1729.9471435546875
991,0.05,0.4,0.0,0.44,-1752.5419921875
992,0.05,0.4,0.0,0.46,-1774.9208984375
993,0.05,0.4,0.0,0.48,-1793.8759765625
994,0.05,0.4,0.0,0.5,-1815.85888671875
995,0.05,0.4,0.0,0.52,-1838.052734375
996,0.05,0.4,0.0,0.54,-1860.5966796875
997,0.05,0.4,0.0,0.56,-1883.257080078125
998,0.05,0.4,0.0,0.58,-1906.3154296875
999,0.05,0.4,0.0,0.6,-1929.893798828125
1000,0.05,0.4,0.0,0.62,-1948.914794921875
1001,0.05,0.4,0.0,0.64,-1974.1748046875
1002,0.05,0.4,0.0,0.66,-1995.75927734375
1003,0.05,0.4,0.0,0.68,-2016.0550537109375
1004,0.05,0.4,0.0,0.7,-2039.890625
1005,0.05,0.4,0.0,0.72,-2062.96435546875
1006,0.05,0.4,0.0,0.74,-2075.3193359375
1007,0.05,0.4,0.0,0.76,-2104.575439453125
1008,0.05,0.4,0.0,0.78,-2127.861328125
1009,0.05,0.4,0.0,0.8,-2152.37548828125
1010,0.05,0.4,0.0,0.82,-2176.333251953125
1011,0.05,0.4,0.0,0.84,-2197.889404296875
1012,0.05,0.4,0.0,0.86,-2221.265625
1013,0.05,0.4,0.0,0.88,-2247.5185546875
1014,0.05,0.4,0.0,0.9,-2271.78857421875
1015,0.05,0.4,0.0,0.92,-2298.813720703125
1016,0.05,0.4,0.0,0.94,-2308.235595703125
1017,0.05,0.4,0.0,0.96,-2348.166259765625
1018,0.05,0.4,0.0,0.98,-2365.873046875
1019,0.05,0.4,0.0,1.0,-2387.798583984375
1020,0.05,0.42,0.0,0.0,-4095.78271484375
1021,0.05,0.42,0.0,0.02,-1486.4779052734375
1022,0.05,0.42,0.0,0.04,-1457.310791015625
1023,0.05,0.42,0.0,0.06,-1448.00439453125
1024,0.05,0.42,0.0,0.08,-1449.634033203125
1025,0.05,0.42,0.0,0.1,-1455.45947265625
1026,0.05,0.42,0.0,0.12,-1466.008544921875
1027,0.05,0.42,0.0,0.14,-1476.9466552734375
1028,0.05,0.42,0.0,0.16,-1491.0635986328125
1029,0.05,0.42,0.0,0.18,-1506.60205078125
1030,0.05,0.42,0.0,0.2,-1522.6654052734375
1031,0.05,0.42,0.0,0.22,-1539.59033203125
1032,0.05,0.42,0.0,0.24,-1557.640869140625
1033,0.05,0.42,0.0,0.26,-1577.590087890625
1034,0.05,0.42,0.0,0.28,-1596.108154296875
1035,0.05,0.42,0.0,0.3,-1613.7462158203125
1036,0.05,0.42,0.0,0.32,-1634.063232421875
1037,0.05,0.42,0.0,0.34,-1655.172119140625
1038,0.05,0.42,0.0,0.36,-1677.03515625
1039,0.05,0.42,0.0,0.38,-1695.9710693359375
1040,0.05,0.42,0.0,0.4,-1717.5234375
1041,0.05,0.42,0.0,0.42,-1738.8192138671875
1042,0.05,0.42,0.0,0.44,-1761.2294921875
1043,0.05,0.42,0.0,0.46,-1779.544189453125
1044,0.05,0.42,0.0,0.48,-1802.79052734375
1045,0.05,0.42,0.0,0.5,-1824.64501953125
1046,0.05,0.42,0.0,0.52,-1847.3226318359375
1047,0.05,0.42,0.0,0.54,-1867.196044921875
1048,0.05,0.42,0.0,0.56,-1890.073486328125
1049,0.05,0.42,0.0,0.58,-1914.03955078125
1050,0.05,0.42,0.0,0.6,-1935.439208984375
1051,0.05,0.42,0.0,0.62,-1958.2318115234375
1052,0.05,0.42,0.0,0.64,-1983.6466064453125
1053,0.05,0.42,0.0,0.66,-2004.1728515625
1054,0.05,0.42,0.0,0.68,-2024.217529296875
1055,0.05,0.42,0.0,0.7,-2045.344970703125
1056,0.05,0.42,0.0,0.72,-2070.48046875
1057,0.05,0.42,0.0,0.74,-2086.44921875
1058,0.05,0.42,0.0,0.76,-2117.81005859375
1059,0.05,0.42,0.0,0.78,-2139.440185546875
1060,0.05,0.42,0.0,0.8,-2161.2392578125
1061,0.05,0.42,0.0,0.82,-2179.193359375
1062,0.05,0.42,0.0,0.84,-2201.890625
1063,0.05,0.42,0.0,0.86,-2227.23828125
1064,0.05,0.42,0.0,0.88,-2254.0615234375
1065,0.05,0.42,0.0,0.9,-2279.63525390625
1066,0.05,0.42,0.0,0.92,-2300.580078125
1067,0.05,0.42,0.0,0.94,-2336.296875
1068,0.05,0.42,0.0,0.96,-2346.48583984375
1069,0.05,0.42,0.0,0.98,-2363.671142578125
1070,0.05,0.42,0.0,1.0,-2399.92626953125
1071,0.05,0.44,0.0,0.0,-4082.806640625
1072,0.05,0.44,0.0,0.02,-1495.3077392578125
1073,0.05,0.44,0.0,0.04,-1462.8123779296875
1074,0.05,0.44,0.0,0.06,-1454.3104248046875
1075,0.05,0.44,0.0,0.08,-1455.6844482421875
1076,0.05,0.44,0.0,0.1,-1463.485107421875
1077,0.05,0.44,0.0,0.12,-1471.6275634765625
1078,0.05,0.44,0.0,0.14,-1484.7330322265625
1079,0.05,0.44,0.0,0.16,-1497.77392578125
1080,0.05,0.44,0.0,0.18,-1514.629638671875
1081,0.05,0.44,0.0,0.2,-1529.892822265625
1082,0.05,0.44,0.0,0.22,-1547.750732421875
1083,0.05,0.44,0.0,0.24,-1564.74462890625
1084,0.05,0.44,0.0,0.26,-1584.077392578125
1085,0.05,0.44,0.0,0.28,-1603.2786865234375
1086,0.05,0.44,0.0,0.3,-1623.6080322265625
1087,0.05,0.44,0.0,0.32,-1642.338623046875
1088,0.05,0.44,0.0,0.34,-1664.032470703125
1089,0.05,0.44,0.0,0.36,-1684.4510498046875
1090,0.05,0.44,0.0,0.38,-1704.4248046875
1091,0.05,0.44,0.0,0.4,-1727.72314453125
1092,0.05,0.44,0.0,0.42,-1747.689208984375
1093,0.05,0.44,0.0,0.44,-1767.638916015625
1094,0.05,0.44,0.0,0.46,-1789.19677734375
1095,0.05,0.44,0.0,0.48,-1814.483154296875
1096,0.05,0.44,0.0,0.5,-1835.7515869140625
1097,0.05,0.44,0.0,0.52,-1855.60595703125
1098,0.05,0.44,0.0,0.54,-1878.082275390625
1099,0.05,0.44,0.0,0.56,-1901.125
1100,0.05,0.44,0.0,0.58,-1922.7879638671875
1101,0.05,0.44,0.0,0.6,-1944.4593505859375
1102,0.05,0.44,0.0,0.62,-1971.4765625
1103,0.05,0.44,0.0,0.64,-1989.9774169921875
1104,0.05,0.44,0.0,0.66,-2011.54150390625
1105,0.05,0.44,0.0,0.68,-2035.32958984375
1106,0.05,0.44,0.0,0.7,-2060.40771484375
1107,0.05,0.44,0.0,0.72,-2078.092041015625
1108,0.05,0.44,0.0,0.74,-2101.466552734375
1109,0.05,0.44,0.0,0.76,-2127.99658203125
1110,0.05,0.44,0.0,0.78,-2153.914306640625
1111,0.05,0.44,0.0,0.8,-2176.540283203125
1112,0.05,0.44,0.0,0.82,-2188.177490234375
1113,0.05,0.44,0.0,0.84,-2223.763671875
1114,0.05,0.44,0.0,0.86,-2245.884765625
1115,0.05,0.44,0.0,0.88,-2262.708984375
1116,0.05,0.44,0.0,0.9,-2285.595458984375
1117,0.05,0.44,0.0,0.92,-2306.618408203125
1118,0.05,0.44,0.0,0.94,-2342.257080078125
1119,0.05,0.44,0.0,0.96,-2361.23583984375
1120,0.05,0.44,0.0,0.98,-2397.15625
1121,0.05,0.44,0.0,1.0,-2404.248291015625
1122,0.05,0.46,0.0,0.0,-4070.4462890625
1123,0.05,0.46,0.0,0.02,-1502.0894775390625
1124,0.05,0.46,0.0,0.04,-1471.4952392578125
1125,0.05,0.46,0.0,0.06,-1461.713623046875
1126,0.05,0.46,0.0,0.08,-1462.2901611328125
1127,0.05,0.46,0.0,0.1,-1468.331298828125
1128,0.05,0.46,0.0,0.12,-1479.0107421875
1129,0.05,0.46,0.0,0.14,-1492.5933837890625
1130,0.05,0.46,0.0,0.16,-1504.9725341796875
1131,0.05,0.46,0.0,0.18,-1519.2183837890625
1132,0.05,0.46,0.0,0.2,-1537.0860595703125
1133,0.05,0.46,0.0,0.22,-1555.438232421875
1134,0.05,0.46,0.0,0.24,-1571.78857421875
1135,0.05,0.46,0.0,0.26,-1590.50537109375
1136,0.05,0.46,0.0,0.28,-1610.92431640625
1137,0.05,0.46,0.0,0.3,-1630.722900390625
1138,0.05,0.46,0.0,0.32,-1651.178955078125
1139,0.05,0.46,0.0,0.34,-1670.2552490234375
1140,0.05,0.46,0.0,0.36,-1691.931884765625
1141,0.05,0.46,0.0,0.38,-1710.10302734375
1142,0.05,0.46,0.0,0.4,-1733.70263671875
1143,0.05,0.46,0.0,0.42,-1754.93408203125
1144,0.05,0.46,0.0,0.44,-1776.6007080078125
1145,0.05,0.46,0.0,0.46,-1798.8909912109375
1146,0.05,0.46,0.0,0.48,-1818.597900390625
1147,0.05,0.46,0.0,0.5,-1842.207275390625
1148,0.05,0.46,0.0,0.52,-1866.272216796875
1149,0.05,0.46,0.0,0.54,-1886.8399658203125
1150,0.05,0.46,0.0,0.56,-1907.443115234375
1151,0.05,0.46,0.0,0.58,-1930.4384765625
1152,0.05,0.46,0.0,0.6,-1954.172119140625
1153,0.05,0.46,0.0,0.62,-1976.52783203125
1154,0.05,0.46,0.0,0.64,-1998.8184814453125
1155,0.05,0.46,0.0,0.66,-2025.1253662109375
1156,0.05,0.46,0.0,0.68,-2043.5279541015625
1157,0.05,0.46,0.0,0.7,-2062.8828125
1158,0.05,0.46,0.0,0.72,-2088.822265625
1159,0.05,0.46,0.0,0.74,-2102.7275390625
1160,0.05,0.46,0.0,0.76,-2140.9111328125
1161,0.05,0.46,0.0,0.78,-2152.8251953125
1162,0.05,0.46,0.0,0.8,-2188.01806640625
1163,0.05,0.46,0.0,0.82,-2200.12255859375
1164,0.05,0.46,0.0,0.84,-2221.66259765625
1165,0.05,0.46,0.0,0.86,-2249.406005859375
1166,0.05,0.46,0.0,0.88,-2276.4296875
1167,0.05,0.46,0.0,0.9,-2293.9970703125
1168,0.05,0.46,0.0,0.92,-2316.28466796875
1169,0.05,0.46,0.0,0.94,-2344.705078125
1170,0.05,0.46,0.0,0.96,-2359.230224609375
1171,0.05,0.46,0.0,0.98,-2387.7783203125
1172,0.05,0.46,0.0,1.0,-2419.57275390625
1173,0.05,0.48,0.0,0.0,-4080.295654296875
1174,0.05,0.48,0.0,0.02,-1507.2025146484375
1175,0.05,0.48,0.0,0.04,-1475.744873046875
1176,0.05,0.48,0.0,0.06,-1466.77001953125
1177,0.05,0.48,0.0,0.08,-1468.286376953125
1178,0.05,0.48,0.0,0.1,-1474.6995849609375
1179,0.05,0.48,0.0,0.12,-1485.278564453125
1180,0.05,0.48,0.0,0.14,-1497.9991455078125
1181,0.05,0.48,0.0,0.16,-1512.358642578125
1182,0.05,0.48,0.0,0.18,-1527.655517578125
1183,0.05,0.48,0.0,0.2,-1544.48974609375
1184,0.05,0.48,0.0,0.22,-1562.460205078125
1185,0.05,0.48,0.0,0.24,-1579.2039794921875
1186,0.05,0.48,0.0,0.26,-1598.494384765625
1187,0.05,0.48,0.0,0.28,-1617.483642578125
1188,0.05,0.48,0.0,0.3,-1636.6768798828125
1189,0.05,0.48,0.0,0.32,-1658.19287109375
1190,0.05,0.48,0.0,0.34,-1676.3037109375
1191,0.05,0.48,0.0,0.36,-1697.11376953125
1192,0.05,0.48,0.0,0.38,-1720.2127685546875
1193,0.05,0.48,0.0,0.4,-1739.0078125
1194,0.05,0.48,0.0,0.42,-1761.495361328125
1195,0.05,0.48,0.0,0.44,-1782.090576171875
1196,0.05,0.48,0.0,0.46,-1804.5098876953125
1197,0.05,0.48,0.0,0.48,-1825.869384765625
1198,0.05,0.48,0.0,0.5,-1850.36669921875
1199,0.05,0.48,0.0,0.52,-1870.748779296875
1200,0.05,0.48,0.0,0.54,-1893.343017578125
1201,0.05,0.48,0.0,0.56,-1918.1591796875
1202,0.05,0.48,0.0,0.58,-1937.7789306640625
1203,0.05,0.48,0.0,0.6,-1965.1885986328125
1204,0.05,0.48,0.0,0.62,-1979.775146484375
1205,0.05,0.48,0.0,0.64,-2007.6707763671875
1206,0.05,0.48,0.0,0.66,-2030.95361328125
1207,0.05,0.48,0.0,0.68,-2052.1416015625
1208,0.05,0.48,0.0,0.7,-2072.185791015625
1209,0.05,0.48,0.0,0.72,-2098.360107421875
1210,0.05,0.48,0.0,0.74,-2124.135986328125
1211,0.05,0.48,0.0,0.76,-2139.650634765625
1212,0.05,0.48,0.0,0.78,-2162.78857421875
1213,0.05,0.48,0.0,0.8,-2195.45556640625
1214,0.05,0.48,0.0,0.82,-2209.3349609375
1215,0.05,0.48,0.0,0.84,-2227.9248046875
1216,0.05,0.48,0.0,0.86,-2261.2958984375
1217,0.05,0.48,0.0,0.88,-2288.1201171875
1218,0.05,0.48,0.0,0.9,-2313.51123046875
1219,0.05,0.48,0.0,0.92,-2331.7021484375
1220,0.05,0.48,0.0,0.94,-2351.90966796875
1221,0.05,0.48,0.0,0.96,-2366.106201171875
1222,0.05,0.48,0.0,0.98,-2415.036376953125
1223,0.05,0.48,0.0,1.0,-2426.523681640625
1224,0.05,0.5,0.0,0.0,-4088.466796875
1225,0.05,0.5,0.0,0.02,-1513.5574951171875
1226,0.05,0.5,0.0,0.04,-1481.9188232421875
1227,0.05,0.5,0.0,0.06,-1473.46484375
1228,0.05,0.5,0.0,0.08,-1474.241943359375
1229,0.05,0.5,0.0,0.1,-1481.9246826171875
1230,0.05,0.5,0.0,0.12,-1492.288330078125
1231,0.05,0.5,0.0,0.14,-1503.611328125
1232,0.05,0.5,0.0,0.16,-1518.2142333984375
1233,0.05,0.5,0.0,0.18,-1532.9658203125
1234,0.05,0.5,0.0,0.2,-1551.650390625
1235,0.05,0.5,0.0,0.22,-1568.82080078125
1236,0.05,0.5,0.0,0.24,-1585.635009765625
1237,0.05,0.5,0.0,0.26,-1605.4532470703125
1238,0.05,0.5,0.0,0.28,-1623.93408203125
1239,0.05,0.5,0.0,0.3,-1641.86572265625
1240,0.05,0.5,0.0,0.32,-1664.484130859375
1241,0.05,0.5,0.0,0.34,-1684.708251953125
1242,0.05,0.5,0.0,0.36,-1705.3843994140625
1243,0.05,0.5,0.0,0.38,-1728.08349609375
1244,0.05,0.5,0.0,0.4,-1746.584716796875
1245,0.05,0.5,0.0,0.42,-1769.0601806640625
1246,0.05,0.5,0.0,0.44,-1790.2734375
1247,0.05,0.5,0.0,0.46,-1812.3427734375
1248,0.05,0.5,0.0,0.48,-1833.241455078125
1249,0.05,0.5,0.0,0.5,-1857.8349609375
1250,0.05,0.5,0.0,0.52,-1878.5703125
1251,0.05,0.5,0.0,0.54,-1902.958740234375
1252,0.05,0.5,0.0,0.56,-1922.2803955078125
1253,0.05,0.5,0.0,0.58,-1948.6796875
1254,0.05,0.5,0.0,0.6,-1966.635009765625
1255,0.05,0.5,0.0,0.62,-1988.83544921875
1256,0.05,0.5,0.0,0.64,-2013.1009521484375
1257,0.05,0.5,0.0,0.66,-2038.405517578125
1258,0.05,0.5,0.0,0.68,-2060.3759765625
1259,0.05,0.5,0.0,0.7,-2085.8798828125
1260,0.05,0.5,0.0,0.72,-2104.322265625
1261,0.05,0.5,0.0,0.74,-2127.92041015625
1262,0.05,0.5,0.0,0.76,-2154.53369140625
1263,0.05,0.5,0.0,0.78,-2168.5439453125
1264,0.05,0.5,0.0,0.8,-2203.53662109375
1265,0.05,0.5,0.0,0.82,-2228.870849609375
1266,0.05,0.5,0.0,0.84,-2246.197265625
1267,0.05,0.5,0.0,0.86,-2270.79296875
1268,0.05,0.5,0.0,0.88,-2288.76220703125
1269,0.05,0.5,0.0,0.9,-2314.900390625
1270,0.05,0.5,0.0,0.92,-2338.8798828125
1271,0.05,0.5,0.0,0.94,-2348.27392578125
1272,0.05,0.5,0.0,0.96,-2373.401611328125
1273,0.05,0.5,0.0,0.98,-2395.915283203125
1274,0.05,0.5,0.0,1.0,-2424.576904296875
1275,0.05,0.52,0.0,0.0,-4051.59814453125
1276,0.05,0.52,0.0,0.02,-1520.1414794921875
1277,0.05,0.52,0.0,0.04,-1486.623779296875
1278,0.05,0.52,0.0,0.06,-1478.66162109375
1279,0.05,0.52,0.0,0.08,-1479.847900390625
1280,0.05,0.52,0.0,0.1,-1487.2275390625
1281,0.05,0.52,0.0,0.12,-1496.170654296875
1282,0.05,0.52,0.0,0.14,-1509.839111328125
1283,0.05,0.52,0.0,0.16,-1524.7078857421875
1284,0.05,0.52,0.0,0.18,-1539.162109375
1285,0.05,0.52,0.0,0.2,-1555.2125244140625
1286,0.05,0.52,0.0,0.22,-1572.484375
1287,0.05,0.52,0.0,0.24,-1591.8125
1288,0.05,0.52,0.0,0.26,-1610.386962890625
1289,0.05,0.52,0.0,0.28,-1629.9495849609375
1290,0.05,0.52,0.0,0.3,-1649.541015625
1291,0.05,0.52,0.0,0.32,-1669.806396484375
1292,0.05,0.52,0.0,0.34,-1691.927490234375
1293,0.05,0.52,0.0,0.36,-1712.9774169921875
1294,0.05,0.52,0.0,0.38,-1732.540771484375
1295,0.05,0.52,0.0,0.4,-1754.4737548828125
1296,0.05,0.52,0.0,0.42,-1775.73388671875
1297,0.05,0.52,0.0,0.44,-1798.8558349609375
1298,0.05,0.52,0.0,0.46,-1821.767578125
1299,0.05,0.52,0.0,0.48,-1843.821044921875
1300,0.05,0.52,0.0,0.5,-1860.960693359375
1301,0.05,0.52,0.0,0.52,-1891.05419921875
1302,0.05,0.52,0.0,0.54,-1908.36962890625
1303,0.05,0.52,0.0,0.56,-1933.46240234375
1304,0.05,0.52,0.0,0.58,-1956.829833984375
1305,0.05,0.52,0.0,0.6,-1973.6561279296875
1306,0.05,0.52,0.0,0.62,-1998.2086181640625
1307,0.05,0.52,0.0,0.64,-2023.0037841796875
1308,0.05,0.52,0.0,0.66,-2042.240966796875
1309,0.05,0.52,0.0,0.68,-2066.52978515625
1310,0.05,0.52,0.0,0.7,-2085.1474609375
1311,0.05,0.52,0.0,0.72,-2112.82177734375
1312,0.05,0.52,0.0,0.74,-2138.9921875
1313,0.05,0.52,0.0,0.76,-2157.253662109375
1314,0.05,0.52,0.0,0.78,-2179.65966796875
1315,0.05,0.52,0.0,0.8,-2199.544921875
1316,0.05,0.52,0.0,0.82,-2222.95947265625
1317,0.05,0.52,0.0,0.84,-2258.20703125
1318,0.05,0.52,0.0,0.86,-2279.647705078125
1319,0.05,0.52,0.0,0.88,-2314.9609375
1320,0.05,0.52,0.0,0.9,-2316.98828125
1321,0.05,0.52,0.0,0.92,-2340.83154296875
1322,0.05,0.52,0.0,0.94,-2367.2666015625
1323,0.05,0.52,0.0,0.96,-2382.35986328125
1324,0.05,0.52,0.0,0.98,-2419.8056640625
1325,0.05,0.52,0.0,1.0,-2425.269287109375
1326,0.05,0.54,0.0,0.0,-4063.755126953125
1327,0.05,0.54,0.0,0.02,-1523.792724609375
1328,0.05,0.54,0.0,0.04,-1492.267822265625
1329,0.05,0.54,0.0,0.06,-1484.122314453125
1330,0.05,0.54,0.0,0.08,-1485.277099609375
1331,0.05,0.54,0.0,0.1,-1492.51123046875
1332,0.05,0.54,0.0,0.12,-1502.339599609375
1333,0.05,0.54,0.0,0.14,-1515.610595703125
1334,0.05,0.54,0.0,0.16,-1528.845947265625
1335,0.05,0.54,0.0,0.18,-1545.92431640625
1336,0.05,0.54,0.0,0.2,-1560.5203857421875
1337,0.05,0.54,0.0,0.22,-1579.2952880859375
1338,0.05,0.54,0.0,0.24,-1597.4954833984375
1339,0.05,0.54,0.0,0.26,-1616.234375
1340,0.05,0.54,0.0,0.28,-1636.170166015625
1341,0.05,0.54,0.0,0.3,-1656.61181640625
1342,0.05,0.54,0.0,0.32,-1676.463623046875
1343,0.05,0.54,0.0,0.34,-1699.1878662109375
1344,0.05,0.54,0.0,0.36,-1717.509765625
1345,0.05,0.54,0.0,0.38,-1741.0421142578125
1346,0.05,0.54,0.0,0.4,-1761.152099609375
1347,0.05,0.54,0.0,0.42,-1781.41845703125
1348,0.05,0.54,0.0,0.44,-1804.2430419921875
1349,0.05,0.54,0.0,0.46,-1826.07177734375
1350,0.05,0.54,0.0,0.48,-1849.23974609375
1351,0.05,0.54,0.0,0.5,-1872.2054443359375
1352,0.05,0.54,0.0,0.52,-1892.92041015625
1353,0.05,0.54,0.0,0.54,-1913.928955078125
1354,0.05,0.54,0.0,0.56,-1939.74951171875
1355,0.05,0.54,0.0,0.58,-1958.648681640625
1356,0.05,0.54,0.0,0.6,-1985.41552734375
1357,0.05,0.54,0.0,0.62,-2003.29931640625
1358,0.05,0.54,0.0,0.64,-2030.47216796875
1359,0.05,0.54,0.0,0.66,-2050.5595703125
1360,0.05,0.54,0.0,0.68,-2072.560302734375
1361,0.05,0.54,0.0,0.7,-2098.671142578125
1362,0.05,0.54,0.0,0.72,-2122.073486328125
1363,0.05,0.54,0.0,0.74,-2144.8095703125
1364,0.05,0.54,0.0,0.76,-2169.7783203125
1365,0.05,0.54,0.0,0.78,-2195.802734375
1366,0.05,0.54,0.0,0.8,-2212.074951171875
1367,0.05,0.54,0.0,0.82,-2235.21484375
1368,0.05,0.54,0.0,0.84,-2258.123291015625
1369,0.05,0.54,0.0,0.86,-2291.9228515625
1370,0.05,0.54,0.0,0.88,-2294.54150390625
1371,0.05,0.54,0.0,0.9,-2321.208740234375
1372,0.05,0.54,0.0,0.92,-2352.640869140625
1373,0.05,0.54,0.0,0.94,-2368.453125
1374,0.05,0.54,0.0,0.96,-2402.3251953125
1375,0.05,0.54,0.0,0.98,-2414.37158203125
1376,0.05,0.54,0.0,1.0,-2434.87060546875
1377,0.05,0.56,0.0,0.0,-3962.12939453125
1378,0.05,0.56,0.0,0.02,-1527.70068359375
1379,0.05,0.56,0.0,0.04,-1496.3248291015625
1380,0.05,0.56,0.0,0.06,-1488.208740234375
1381,0.05,0.56,0.0,0.08,-1491.899658203125
1382,0.05,0.56,0.0,0.1,-1496.4708251953125
1383,0.05,0.56,0.0,0.12,-1507.656005859375
1384,0.05,0.56,0.0,0.14,-1520.932373046875
1385,0.05,0.56,0.0,0.16,-1534.54541015625
1386,0.05,0.56,0.0,0.18,-1549.95068359375
1387,0.05,0.56,0.0,0.2,-1567.039306640625
1388,0.05,0.56,0.0,0.22,-1584.615966796875
1389,0.05,0.56,0.0,0.24,-1602.90283203125
1390,0.05,0.56,0.0,0.26,-1624.001953125
1391,0.05,0.56,0.0,0.28,-1641.8458251953125
1392,0.05,0.56,0.0,0.3,-1661.675048828125
1393,0.05,0.56,0.0,0.32,-1683.986572265625
1394,0.05,0.56,0.0,0.34,-1702.281494140625
1395,0.05,0.56,0.0,0.36,-1722.7073974609375
1396,0.05,0.56,0.0,0.38,-1743.542724609375
1397,0.05,0.56,0.0,0.4,-1765.8160400390625
1398,0.05,0.56,0.0,0.42,-1788.428955078125
1399,0.05,0.56,0.0,0.44,-1807.1151123046875
1400,0.05,0.56,0.0,0.46,-1829.698974609375
1401,0.05,0.56,0.0,0.48,-1854.1328125
1402,0.05,0.56,0.0,0.5,-1876.21923828125
1403,0.05,0.56,0.0,0.52,-1896.953125
1404,0.05,0.56,0.0,0.54,-1919.446533203125
1405,0.05,0.56,0.0,0.56,-1944.144287109375
1406,0.05,0.56,0.0,0.58,-1967.022705078125
1407,0.05,0.56,0.0,0.6,-1987.9033203125
1408,0.05,0.56,0.0,0.62,-2011.5057373046875
1409,0.05,0.56,0.0,0.64,-2033.835205078125
1410,0.05,0.56,0.0,0.66,-2056.488525390625
1411,0.05,0.56,0.0,0.68,-2082.06201171875
1412,0.05,0.56,0.0,0.7,-2098.5849609375
1413,0.05,0.56,0.0,0.72,-2125.208984375
1414,0.05,0.56,0.0,0.74,-2149.66455078125
1415,0.05,0.56,0.0,0.76,-2174.0966796875
1416,0.05,0.56,0.0,0.78,-2205.37109375
1417,0.05,0.56,0.0,0.8,-2223.145751953125
1418,0.05,0.56,0.0,0.82,-2237.214111328125
1419,0.05,0.56,0.0,0.84,-2254.76953125
1420,0.05,0.56,0.0,0.86,-2288.809326171875
1421,0.05,0.56,0.0,0.88,-2313.587158203125
1422,0.05,0.56,0.0,0.9,-2342.7998046875
1423,0.05,0.56,0.0,0.92,-2366.17333984375
1424,0.05,0.56,0.0,0.94,-2382.22119140625
1425,0.05,0.56,0.0,0.96,-2419.076171875
1426,0.05,0.56,0.0,0.98,-2432.133056640625
1427,0.05,0.56,0.0,1.0,-2478.4052734375
1428,0.05,0.58,0.0,0.0,-4047.135986328125
1429,0.05,0.58,0.0,0.02,-1531.4312744140625
1430,0.05,0.58,0.0,0.04,-1502.27490234375
1431,0.05,0.58,0.0,0.06,-1493.7559814453125
1432,0.05,0.58,0.0,0.08,-1496.009765625
1433,0.05,0.58,0.0,0.1,-1502.312744140625
1434,0.05,0.58,0.0,0.12,-1513.288818359375
1435,0.05,0.58,0.0,0.14,-1525.4366455078125
1436,0.05,0.58,0.0,0.16,-1539.5615234375
1437,0.05,0.58,0.0,0.18,-1556.026611328125
1438,0.05,0.58,0.0,0.2,-1572.523193359375
1439,0.05,0.58,0.0,0.22,-1588.401123046875
1440,0.05,0.58,0.0,0.24,-1607.6597900390625
1441,0.05,0.58,0.0,0.26,-1627.504638671875
1442,0.05,0.58,0.0,0.28,-1647.539306640625
1443,0.05,0.58,0.0,0.3,-1665.9501953125
1444,0.05,0.58,0.0,0.32,-1686.95361328125
1445,0.05,0.58,0.0,0.34,-1707.906005859375
1446,0.05,0.58,0.0,0.36,-1730.0357666015625
1447,0.05,0.58,0.0,0.38,-1750.54931640625
1448,0.05,0.58,0.0,0.4,-1770.22998046875
1449,0.05,0.58,0.0,0.42,-1793.486083984375
1450,0.05,0.58,0.0,0.44,-1817.5904541015625
1451,0.05,0.58,0.0,0.46,-1837.63427734375
1452,0.05,0.58,0.0,0.48,-1861.056884765625
1453,0.05,0.58,0.0,0.5,-1875.8970947265625
1454,0.05,0.58,0.0,0.52,-1906.780029296875
1455,0.05,0.58,0.0,0.54,-1926.223388671875
1456,0.05,0.58,0.0,0.56,-1949.0699462890625
1457,0.05,0.58,0.0,0.58,-1969.5926513671875
1458,0.05,0.58,0.0,0.6,-1996.762939453125
1459,0.05,0.58,0.0,0.62,-2021.2489013671875
1460,0.05,0.58,0.0,0.64,-2046.0235595703125
1461,0.05,0.58,0.0,0.66,-2062.03857421875
1462,0.05,0.58,0.0,0.68,-2087.330078125
1463,0.05,0.58,0.0,0.7,-2113.86328125
1464,0.05,0.58,0.0,0.72,-2134.79541015625
1465,0.05,0.58,0.0,0.74,-2159.84912109375
1466,0.05,0.58,0.0,0.76,-2177.15234375
1467,0.05,0.58,0.0,0.78,-2199.369140625
1468,0.05,0.58,0.0,0.8,-2223.232421875
1469,0.05,0.58,0.0,0.82,-2251.357421875
1470,0.05,0.58,0.0,0.84,-2277.8115234375
1471,0.05,0.58,0.0,0.86,-2290.507568359375
1472,0.05,0.58,0.0,0.88,-2315.70068359375
1473,0.05,0.58,0.0,0.9,-2340.7294921875
1474,0.05,0.58,0.0,0.92,-2367.1708984375
1475,0.05,0.58,0.0,0.94,-2384.441650390625
1476,0.05,0.58,0.0,0.96,-2420.834228515625
1477,0.05,0.58,0.0,0.98,-2443.823974609375
1478,0.05,0.58,0.0,1.0,-2469.42333984375
1479,0.05,0.6,0.0,0.0,-4064.9453125
1480,0.05,0.6,0.0,0.02,-1537.32421875
1481,0.05,0.6,0.0,0.04,-1506.283203125
1482,0.05,0.6,0.0,0.06,-1497.732421875
1483,0.05,0.6,0.0,0.08,-1500.006591796875
1484,0.05,0.6,0.0,0.1,-1507.4755859375
1485,0.05,0.6,0.0,0.12,-1517.7733154296875
1486,0.05,0.6,0.0,0.14,-1530.45166015625
1487,0.05,0.6,0.0,0.16,-1545.485107421875
1488,0.05,0.6,0.0,0.18,-1560.03125
1489,0.05,0.6,0.0,0.2,-1577.263916015625
1490,0.05,0.6,0.0,0.22,-1593.5814208984375
1491,0.05,0.6,0.0,0.24,-1612.8243408203125
1492,0.05,0.6,0.0,0.26,-1633.018310546875
1493,0.05,0.6,0.0,0.28,-1651.1641845703125
1494,0.05,0.6,0.0,0.3,-1672.390869140625
1495,0.05,0.6,0.0,0.32,-1691.972412109375
1496,0.05,0.6,0.0,0.34,-1714.2877197265625
1497,0.05,0.6,0.0,0.36,-1735.296875
1498,0.05,0.6,0.0,0.38,-1754.461181640625
1499,0.05,0.6,0.0,0.4,-1777.0499267578125
1500,0.05,0.6,0.0,0.42,-1801.4617919921875
1501,0.05,0.6,0.0,0.44,-1822.0589599609375
1502,0.05,0.6,0.0,0.46,-1837.2418212890625
1503,0.05,0.6,0.0,0.48,-1866.0128173828125
1504,0.05,0.6,0.0,0.5,-1889.5472412109375
1505,0.05,0.6,0.0,0.52,-1910.16796875
1506,0.05,0.6,0.0,0.54,-1935.309814453125
1507,0.05,0.6,0.0,0.56,-1954.8338623046875
1508,0.05,0.6,0.0,0.58,-1979.008544921875
1509,0.05,0.6,0.0,0.6,-2001.7615966796875
1510,0.05,0.6,0.0,0.62,-2022.796142578125
1511,0.05,0.6,0.0,0.64,-2049.95654296875
1512,0.05,0.6,0.0,0.66,-2063.49560546875
1513,0.05,0.6,0.0,0.68,-2088.476806640625
1514,0.05,0.6,0.0,0.7,-2116.264892578125
1515,0.05,0.6,0.0,0.72,-2141.5390625
1516,0.05,0.6,0.0,0.74,-2163.8740234375
1517,0.05,0.6,0.0,0.76,-2181.3232421875
1518,0.05,0.6,0.0,0.78,-2211.22021484375
1519,0.05,0.6,0.0,0.8,-2226.829833984375
1520,0.05,0.6,0.0,0.82,-2269.32177734375
1521,0.05,0.6,0.0,0.84,-2279.995849609375
1522,0.05,0.6,0.0,0.86,-2292.39501953125
1523,0.05,0.6,0.0,0.88,-2317.76611328125
1524,0.05,0.6,0.0,0.9,-2350.384765625
1525,0.05,0.6,0.0,0.92,-2377.5576171875
1526,0.05,0.6,0.0,0.94,-2397.8515625
1527,0.05,0.6,0.0,0.96,-2417.820556640625
1528,0.05,0.6,0.0,0.98,-2439.484130859375
1529,0.05,0.6,0.0,1.0,-2466.48046875
1530,0.05,0.62,0.0,0.0,-4087.218505859375
1531,0.05,0.62,0.0,0.02,-1541.3458251953125
1532,0.05,0.62,0.0,0.04,-1511.172607421875
1533,0.05,0.62,0.0,0.06,-1502.8125
1534,0.05,0.62,0.0,0.08,-1504.82275390625
1535,0.05,0.62,0.0,0.1,-1510.8702392578125
1536,0.05,0.62,0.0,0.12,-1522.375
1537,0.05,0.62,0.0,0.14,-1533.877685546875
1538,0.05,0.62,0.0,0.16,-1547.95361328125
1539,0.05,0.62,0.0,0.18,-1563.8267822265625
1540,0.05,0.62,0.0,0.2,-1580.9208984375
1541,0.05,0.62,0.0,0.22,-1600.4376220703125
1542,0.05,0.62,0.0,0.24,-1618.1138916015625
1543,0.05,0.62,0.0,0.26,-1637.574951171875
1544,0.05,0.62,0.0,0.28,-1657.685791015625
1545,0.05,0.62,0.0,0.3,-1677.182861328125
1546,0.05,0.62,0.0,0.32,-1697.993408203125
1547,0.05,0.62,0.0,0.34,-1717.593994140625
1548,0.05,0.62,0.0,0.36,-1740.072998046875
1549,0.05,0.62,0.0,0.38,-1760.57080078125
1550,0.05,0.62,0.0,0.4,-1783.0068359375
1551,0.05,0.62,0.0,0.42,-1805.4981689453125
1552,0.05,0.62,0.0,0.44,-1827.29052734375
1553,0.05,0.62,0.0,0.46,-1847.864501953125
1554,0.05,0.62,0.0,0.48,-1870.9979248046875
1555,0.05,0.62,0.0,0.5,-1894.30712890625
1556,0.05,0.62,0.0,0.52,-1913.177490234375
1557,0.05,0.62,0.0,0.54,-1936.784423828125
1558,0.05,0.62,0.0,0.56,-1961.104248046875
1559,0.05,0.62,0.0,0.58,-1986.12841796875
1560,0.05,0.62,0.0,0.6,-2009.484130859375
1561,0.05,0.62,0.0,0.62,-2026.02197265625
1562,0.05,0.62,0.0,0.64,-2057.65576171875
1563,0.05,0.62,0.0,0.66,-2074.83837890625
1564,0.05,0.62,0.0,0.68,-2096.611328125
1565,0.05,0.62,0.0,0.7,-2127.0517578125
1566,0.05,0.62,0.0,0.72,-2142.2353515625
1567,0.05,0.62,0.0,0.74,-2166.31982421875
1568,0.05,0.62,0.0,0.76,-2194.638427734375
1569,0.05,0.62,0.0,0.78,-2211.37841796875
1570,0.05,0.62,0.0,0.8,-2233.35400390625
1571,0.05,0.62,0.0,0.82,-2258.353271484375
1572,0.05,0.62,0.0,0.84,-2281.317138671875
1573,0.05,0.62,0.0,0.86,-2317.31201171875
1574,0.05,0.62,0.0,0.88,-2328.9345703125
1575,0.05,0.62,0.0,0.9,-2348.18994140625
1576,0.05,0.62,0.0,0.92,-2393.558837890625
1577,0.05,0.62,0.0,0.94,-2406.1591796875
1578,0.05,0.62,0.0,0.96,-2422.5849609375
1579,0.05,0.62,0.0,0.98,-2466.2099609375
1580,0.05,0.62,0.0,1.0,-2485.1728515625
1581,0.05,0.64,0.0,0.0,-3809.125732421875
1582,0.05,0.64,0.0,0.02,-1544.806396484375
1583,0.05,0.64,0.0,0.04,-1516.2509765625
1584,0.05,0.64,0.0,0.06,-1507.672607421875
1585,0.05,0.64,0.0,0.08,-1509.4234619140625
1586,0.05,0.64,0.0,0.1,-1516.96337890625
1587,0.05,0.64,0.0,0.12,-1527.33056640625
1588,0.05,0.64,0.0,0.14,-1538.448486328125
1589,0.05,0.64,0.0,0.16,-1553.566650390625
1590,0.05,0.64,0.0,0.18,-1569.7535400390625
1591,0.05,0.64,0.0,0.2,-1586.2252197265625
1592,0.05,0.64,0.0,0.22,-1603.60009765625
1593,0.05,0.64,0.0,0.24,-1622.69921875
1594,0.05,0.64,0.0,0.26,-1642.51123046875
1595,0.05,0.64,0.0,0.28,-1661.255126953125
1596,0.05,0.64,0.0,0.3,-1681.68603515625
1597,0.05,0.64,0.0,0.32,-1704.1171875
1598,0.05,0.64,0.0,0.34,-1723.936279296875
1599,0.05,0.64,0.0,0.36,-1744.9735107421875
1600,0.05,0.64,0.0,0.38,-1765.68798828125
1601,0.05,0.64,0.0,0.4,-1786.7984619140625
1602,0.05,0.64,0.0,0.42,-1807.606201171875
1603,0.05,0.64,0.0,0.44,-1832.564697265625
1604,0.05,0.64,0.0,0.46,-1853.03759765625
1605,0.05,0.64,0.0,0.48,-1875.5640869140625
1606,0.05,0.64,0.0,0.5,-1896.9229736328125
1607,0.05,0.64,0.0,0.52,-1923.47216796875
1608,0.05,0.64,0.0,0.54,-1943.777587890625
1609,0.05,0.64,0.0,0.56,-1966.744873046875
1610,0.05,0.64,0.0,0.58,-1989.383544921875
1611,0.05,0.64,0.0,0.6,-2013.4111328125
1612,0.05,0.64,0.0,0.62,-2033.93310546875
1613,0.05,0.64,0.0,0.64,-2057.047119140625
1614,0.05,0.64,0.0,0.66,-2083.011962890625
1615,0.05,0.64,0.0,0.68,-2102.767578125
1616,0.05,0.64,0.0,0.7,-2127.74658203125
1617,0.05,0.64,0.0,0.72,-2152.171875
1618,0.05,0.64,0.0,0.74,-2171.34619140625
1619,0.05,0.64,0.0,0.76,-2195.1552734375
1620,0.05,0.64,0.0,0.78,-2215.44873046875
1621,0.05,0.64,0.0,0.8,-2240.498779296875
1622,0.05,0.64,0.0,0.82,-2261.21240234375
1623,0.05,0.64,0.0,0.84,-2291.32177734375
1624,0.05,0.64,0.0,0.86,-2309.758056640625
1625,0.05,0.64,0.0,0.88,-2337.98388671875
1626,0.05,0.64,0.0,0.9,-2374.703125
1627,0.05,0.64,0.0,0.92,-2386.43896484375
1628,0.05,0.64,0.0,0.94,-2413.15771484375
1629,0.05,0.64,0.0,0.96,-2446.39208984375
1630,0.05,0.64,0.0,0.98,-2451.69482421875
1631,0.05,0.64,0.0,1.0,-2496.039306640625
1632,0.05,0.66,0.0,0.0,-4094.01171875
1633,0.05,0.66,0.0,0.02,-1548.5570068359375
1634,0.05,0.66,0.0,0.04,-1519.2978515625
1635,0.05,0.66,0.0,0.06,-1511.4378662109375
1636,0.05,0.66,0.0,0.08,-1513.32470703125
1637,0.05,0.66,0.0,0.1,-1521.11279296875
1638,0.05,0.66,0.0,0.12,-1530.860595703125
1639,0.05,0.66,0.0,0.14,-1543.17822265625
1640,0.05,0.66,0.0,0.16,-1559.4453125
1641,0.05,0.66,0.0,0.18,-1573.85986328125
1642,0.05,0.66,0.0,0.2,-1591.001220703125
1643,0.05,0.66,0.0,0.22,-1608.243896484375
1644,0.05,0.66,0.0,0.24,-1628.851806640625
1645,0.05,0.66,0.0,0.26,-1647.05810546875
1646,0.05,0.66,0.0,0.28,-1666.2607421875
1647,0.05,0.66,0.0,0.3,-1687.41845703125
1648,0.05,0.66,0.0,0.32,-1707.800537109375
1649,0.05,0.66,0.0,0.34,-1728.12109375
1650,0.05,0.66,0.0,0.36,-1752.8223876953125
1651,0.05,0.66,0.0,0.38,-1769.779052734375
1652,0.05,0.66,0.0,0.4,-1792.3292236328125
1653,0.05,0.66,0.0,0.42,-1815.1102294921875
1654,0.05,0.66,0.0,0.44,-1838.6134033203125
1655,0.05,0.66,0.0,0.46,-1855.96435546875
1656,0.05,0.66,0.0,0.48,-1882.150634765625
1657,0.05,0.66,0.0,0.5,-1903.543701171875
1658,0.05,0.66,0.0,0.52,-1925.572265625
1659,0.05,0.66,0.0,0.54,-1948.205810546875
1660,0.05,0.66,0.0,0.56,-1972.0948486328125
1661,0.05,0.66,0.0,0.58,-1993.0869140625
1662,0.05,0.66,0.0,0.6,-2020.8763427734375
1663,0.05,0.66,0.0,0.62,-2040.1204833984375
1664,0.05,0.66,0.0,0.64,-2063.6240234375
1665,0.05,0.66,0.0,0.66,-2082.72119140625
1666,0.05,0.66,0.0,0.68,-2107.68603515625
1667,0.05,0.66,0.0,0.7,-2134.03857421875
1668,0.05,0.66,0.0,0.72,-2153.52783203125
1669,0.05,0.66,0.0,0.74,-2179.5361328125
1670,0.05,0.66,0.0,0.76,-2197.89013671875
1671,0.05,0.66,0.0,0.78,-2226.89404296875
1672,0.05,0.66,0.0,0.8,-2244.490234375
1673,0.05,0.66,0.0,0.82,-2274.173095703125
1674,0.05,0.66,0.0,0.84,-2288.123046875
1675,0.05,0.66,0.0,0.86,-2312.8564453125
1676,0.05,0.66,0.0,0.88,-2331.3837890625
1677,0.05,0.66,0.0,0.9,-2376.67041015625
1678,0.05,0.66,0.0,0.92,-2389.636474609375
1679,0.05,0.66,0.0,0.94,-2422.52294921875
1680,0.05,0.66,0.0,0.96,-2427.713623046875
1681,0.05,0.66,0.0,0.98,-2481.8916015625
1682,0.05,0.66,0.0,1.0,-2495.314208984375
1683,0.05,0.68,0.0,0.0,-4145.7822265625
1684,0.05,0.68,0.0,0.02,-1552.427734375
1685,0.05,0.68,0.0,0.04,-1523.45849609375
1686,0.05,0.68,0.0,0.06,-1515.33447265625
1687,0.05,0.68,0.0,0.08,-1517.766845703125
1688,0.05,0.68,0.0,0.1,-1524.902099609375
1689,0.05,0.68,0.0,0.12,-1535.74658203125
1690,0.05,0.68,0.0,0.14,-1547.103515625
1691,0.05,0.68,0.0,0.16,-1562.4696044921875
1692,0.05,0.68,0.0,0.18,-1578.8065185546875
1693,0.05,0.68,0.0,0.2,-1594.259521484375
1694,0.05,0.68,0.0,0.22,-1613.5517578125
1695,0.05,0.68,0.0,0.24,-1633.357421875
1696,0.05,0.68,0.0,0.26,-1651.243896484375
1697,0.05,0.68,0.0,0.28,-1670.114013671875
1698,0.05,0.68,0.0,0.3,-1690.4686279296875
1699,0.05,0.68,0.0,0.32,-1710.3638916015625
1700,0.05,0.68,0.0,0.34,-1734.9002685546875
1701,0.05,0.68,0.0,0.36,-1753.4305419921875
1702,0.05,0.68,0.0,0.38,-1775.692626953125
1703,0.05,0.68,0.0,0.4,-1797.978759765625
1704,0.05,0.68,0.0,0.42,-1818.8856201171875
1705,0.05,0.68,0.0,0.44,-1842.34130859375
1706,0.05,0.68,0.0,0.46,-1860.524658203125
1707,0.05,0.68,0.0,0.48,-1883.64990234375
1708,0.05,0.68,0.0,0.5,-1906.3917236328125
1709,0.05,0.68,0.0,0.52,-1932.445068359375
1710,0.05,0.68,0.0,0.54,-1953.4482421875
1711,0.05,0.68,0.0,0.56,-1974.886962890625
1712,0.05,0.68,0.0,0.58,-2000.7392578125
1713,0.05,0.68,0.0,0.6,-2019.843994140625
1714,0.05,0.68,0.0,0.62,-2046.8585205078125
1715,0.05,0.68,0.0,0.64,-2066.839111328125
1716,0.05,0.68,0.0,0.66,-2095.31103515625
1717,0.05,0.68,0.0,0.68,-2113.00048828125
1718,0.05,0.68,0.0,0.7,-2135.3330078125
1719,0.05,0.68,0.0,0.72,-2157.159423828125
1720,0.05,0.68,0.0,0.74,-2181.478271484375
1721,0.05,0.68,0.0,0.76,-2205.26806640625
1722,0.05,0.68,0.0,0.78,-2231.6357421875
1723,0.05,0.68,0.0,0.8,-2261.881103515625
1724,0.05,0.68,0.0,0.82,-2285.26318359375
1725,0.05,0.68,0.0,0.84,-2297.09228515625
1726,0.05,0.68,0.0,0.86,-2327.893798828125
1727,0.05,0.68,0.0,0.88,-2361.255615234375
1728,0.05,0.68,0.0,0.9,-2367.9228515625
1729,0.05,0.68,0.0,0.92,-2403.57763671875
1730,0.05,0.68,0.0,0.94,-2422.579345703125
1731,0.05,0.68,0.0,0.96,-2440.53564453125
1732,0.05,0.68,0.0,0.98,-2460.97412109375
1733,0.05,0.68,0.0,1.0,-2484.95458984375
1734,0.05,0.7,0.0,0.0,-3872.889404296875
1735,0.05,0.7,0.0,0.02,-1558.013671875
1736,0.05,0.7,0.0,0.04,-1526.5084228515625
1737,0.05,0.7,0.0,0.06,-1519.8843994140625
1738,0.05,0.7,0.0,0.08,-1521.8831787109375
1739,0.05,0.7,0.0,0.1,-1528.4281005859375
1740,0.05,0.7,0.0,0.12,-1537.859130859375
1741,0.05,0.7,0.0,0.14,-1551.270263671875
1742,0.05,0.7,0.0,0.16,-1565.51953125
1743,0.05,0.7,0.0,0.18,-1582.4537353515625
1744,0.05,0.7,0.0,0.2,-1600.3341064453125
1745,0.05,0.7,0.0,0.22,-1617.741455078125
1746,0.05,0.7,0.0,0.24,-1634.9632568359375
1747,0.05,0.7,0.0,0.26,-1653.5560302734375
1748,0.05,0.7,0.0,0.28,-1674.5635986328125
1749,0.05,0.7,0.0,0.3,-1696.013671875
1750,0.05,0.7,0.0,0.32,-1715.1475830078125
1751,0.05,0.7,0.0,0.34,-1735.390869140625
1752,0.05,0.7,0.0,0.36,-1757.917236328125
1753,0.05,0.7,0.0,0.38,-1779.77880859375
1754,0.05,0.7,0.0,0.4,-1800.7457275390625
1755,0.05,0.7,0.0,0.42,-1823.350830078125
1756,0.05,0.7,0.0,0.44,-1846.27001953125
1757,0.05,0.7,0.0,0.46,-1867.4794921875
1758,0.05,0.7,0.0,0.48,-1891.0675048828125
1759,0.05,0.7,0.0,0.5,-1911.616943359375
1760,0.05,0.7,0.0,0.52,-1932.7989501953125
1761,0.05,0.7,0.0,0.54,-1956.8978271484375
1762,0.05,0.7,0.0,0.56,-1978.522216796875
1763,0.05,0.7,0.0,0.58,-2001.407470703125
1764,0.05,0.7,0.0,0.6,-2024.3182373046875
1765,0.05,0.7,0.0,0.62,-2044.7518310546875
1766,0.05,0.7,0.0,0.64,-2068.7373046875
1767,0.05,0.7,0.0,0.66,-2090.399169921875
1768,0.05,0.7,0.0,0.68,-2120.9404296875
1769,0.05,0.7,0.0,0.7,-2135.84423828125
1770,0.05,0.7,0.0,0.72,-2167.270751953125
1771,0.05,0.7,0.0,0.74,-2187.94921875
1772,0.05,0.7,0.0,0.76,-2219.17333984375
1773,0.05,0.7,0.0,0.78,-2246.591796875
1774,0.05,0.7,0.0,0.8,-2253.632568359375
1775,0.05,0.7,0.0,0.82,-2287.07861328125
1776,0.05,0.7,0.0,0.84,-2305.14208984375
1777,0.05,0.7,0.0,0.86,-2327.90087890625
1778,0.05,0.7,0.0,0.88,-2368.7587890625
1779,0.05,0.7,0.0,0.9,-2374.204833984375
1780,0.05,0.7,0.0,0.92,-2392.99609375
1781,0.05,0.7,0.0,0.94,-2421.19189453125
1782,0.05,0.7,0.0,0.96,-2464.98046875
1783,0.05,0.7,0.0,0.98,-2479.46337890625
1784,0.05,0.7,0.0,1.0,-2536.62255859375
1785,0.05,0.72,0.0,0.0,-4181.2666015625
1786,0.05,0.72,0.0,0.02,-1561.1671142578125
1787,0.05,0.72,0.0,0.04,-1530.818115234375
1788,0.05,0.72,0.0,0.06,-1522.4478759765625
1789,0.05,0.72,0.0,0.08,-1523.2529296875
1790,0.05,0.72,0.0,0.1,-1530.56884765625
1791,0.05,0.72,0.0,0.12,-1542.2640380859375
1792,0.05,0.72,0.0,0.14,-1555.950927734375
1793,0.05,0.72,0.0,0.16,-1569.92138671875
1794,0.05,0.72,0.0,0.18,-1585.713623046875
1795,0.05,0.72,0.0,0.2,-1604.045654296875
1796,0.05,0.72,0.0,0.22,-1622.119140625
1797,0.05,0.72,0.0,0.24,-1640.3929443359375
1798,0.05,0.72,0.0,0.26,-1658.683837890625
1799,0.05,0.72,0.0,0.28,-1680.68603515625
1800,0.05,0.72,0.0,0.3,-1699.81494140625
1801,0.05,0.72,0.0,0.32,-1719.365478515625
1802,0.05,0.72,0.0,0.34,-1742.3021240234375
1803,0.05,0.72,0.0,0.36,-1761.9130859375
1804,0.05,0.72,0.0,0.38,-1784.0428466796875
1805,0.05,0.72,0.0,0.4,-1807.59033203125
1806,0.05,0.72,0.0,0.42,-1827.862548828125
1807,0.05,0.72,0.0,0.44,-1848.0736083984375
1808,0.05,0.72,0.0,0.46,-1873.30615234375
1809,0.05,0.72,0.0,0.48,-1894.997314453125
1810,0.05,0.72,0.0,0.5,-1920.732666015625
1811,0.05,0.72,0.0,0.52,-1939.1627197265625
1812,0.05,0.72,0.0,0.54,-1962.6328125
1813,0.05,0.72,0.0,0.56,-1982.147216796875
1814,0.05,0.72,0.0,0.58,-2008.009521484375
1815,0.05,0.72,0.0,0.6,-2029.06005859375
1816,0.05,0.72,0.0,0.62,-2053.956298828125
1817,0.05,0.72,0.0,0.64,-2079.14111328125
1818,0.05,0.72,0.0,0.66,-2099.725341796875
1819,0.05,0.72,0.0,0.68,-2131.477294921875
1820,0.05,0.72,0.0,0.7,-2148.86181640625
1821,0.05,0.72,0.0,0.72,-2168.92529296875
1822,0.05,0.72,0.0,0.74,-2194.455078125
1823,0.05,0.72,0.0,0.76,-2218.88671875
1824,0.05,0.72,0.0,0.78,-2242.248779296875
1825,0.05,0.72,0.0,0.8,-2264.359130859375
1826,0.05,0.72,0.0,0.82,-2283.6015625
1827,0.05,0.72,0.0,0.84,-2312.3671875
1828,0.05,0.72,0.0,0.86,-2322.8798828125
1829,0.05,0.72,0.0,0.88,-2364.212890625
1830,0.05,0.72,0.0,0.9,-2375.422119140625
1831,0.05,0.72,0.0,0.92,-2401.449951171875
1832,0.05,0.72,0.0,0.94,-2428.117919921875
1833,0.05,0.72,0.0,0.96,-2456.795654296875
1834,0.05,0.72,0.0,0.98,-2469.16748046875
1835,0.05,0.72,0.0,1.0,-2500.8818359375
1836,0.05,0.74,0.0,0.0,-4163.19775390625
1837,0.05,0.74,0.0,0.02,-1562.0194091796875
1838,0.05,0.74,0.0,0.04,-1533.86865234375
1839,0.05,0.74,0.0,0.06,-1527.019775390625
1840,0.05,0.74,0.0,0.08,-1528.352294921875
1841,0.05,0.74,0.0,0.1,-1535.95263671875
1842,0.05,0.74,0.0,0.12,-1546.937744140625
1843,0.05,0.74,0.0,0.14,-1558.935302734375
1844,0.05,0.74,0.0,0.16,-1573.31787109375
1845,0.05,0.74,0.0,0.18,-1589.433349609375
1846,0.05,0.74,0.0,0.2,-1605.2236328125
1847,0.05,0.74,0.0,0.22,-1625.41650390625
1848,0.05,0.74,0.0,0.24,-1646.1373291015625
1849,0.05,0.74,0.0,0.26,-1662.24853515625
1850,0.05,0.74,0.0,0.28,-1683.831298828125
1851,0.05,0.74,0.0,0.3,-1704.077392578125
1852,0.05,0.74,0.0,0.32,-1723.75634765625
1853,0.05,0.74,0.0,0.34,-1744.845703125
1854,0.05,0.74,0.0,0.36,-1767.0947265625
1855,0.05,0.74,0.0,0.38,-1789.190185546875
1856,0.05,0.74,0.0,0.4,-1808.8968505859375
1857,0.05,0.74,0.0,0.42,-1833.197021484375
1858,0.05,0.74,0.0,0.44,-1853.2501220703125
1859,0.05,0.74,0.0,0.46,-1874.3775634765625
1860,0.05,0.74,0.0,0.48,-1899.20751953125
1861,0.05,0.74,0.0,0.5,-1919.9735107421875
1862,0.05,0.74,0.0,0.52,-1942.8651123046875
1863,0.05,0.74,0.0,0.54,-1968.5416259765625
1864,0.05,0.74,0.0,0.56,-1990.7059326171875
1865,0.05,0.74,0.0,0.58,-2015.09326171875
1866,0.05,0.74,0.0,0.6,-2036.33447265625
1867,0.05,0.74,0.0,0.62,-2057.3740234375
1868,0.05,0.74,0.0,0.64,-2084.75390625
1869,0.05,0.74,0.0,0.66,-2106.61572265625
1870,0.05,0.74,0.0,0.68,-2130.612548828125
1871,0.05,0.74,0.0,0.7,-2152.39697265625
1872,0.05,0.74,0.0,0.72,-2178.390625
1873,0.05,0.74,0.0,0.74,-2199.51123046875
1874,0.05,0.74,0.0,0.76,-2218.89404296875
1875,0.05,0.74,0.0,0.78,-2240.714599609375
1876,0.05,0.74,0.0,0.8,-2267.3603515625
1877,0.05,0.74,0.0,0.82,-2292.6630859375
1878,0.05,0.74,0.0,0.84,-2323.97509765625
1879,0.05,0.74,0.0,0.86,-2341.6669921875
1880,0.05,0.74,0.0,0.88,-2357.367431640625
1881,0.05,0.74,0.0,0.9,-2391.724609375
1882,0.05,0.74,0.0,0.92,-2416.46923828125
1883,0.05,0.74,0.0,0.94,-2431.28271484375
1884,0.05,0.74,0.0,0.96,-2465.00537109375
1885,0.05,0.74,0.0,0.98,-2489.9150390625
1886,0.05,0.74,0.0,1.0,-2511.15966796875
1887,0.05,0.76,0.0,0.0,-4190.35595703125
1888,0.05,0.76,0.0,0.02,-1566.97705078125
1889,0.05,0.76,0.0,0.04,-1537.54638671875
1890,0.05,0.76,0.0,0.06,-1530.9296875
1891,0.05,0.76,0.0,0.08,-1530.494873046875
1892,0.05,0.76,0.0,0.1,-1538.696533203125
1893,0.05,0.76,0.0,0.12,-1549.77783203125
1894,0.05,0.76,0.0,0.14,-1563.072021484375
1895,0.05,0.76,0.0,0.16,-1577.31298828125
1896,0.05,0.76,0.0,0.18,-1594.587646484375
1897,0.05,0.76,0.0,0.2,-1610.207275390625
1898,0.05,0.76,0.0,0.22,-1628.08349609375
1899,0.05,0.76,0.0,0.24,-1647.3997802734375
1900,0.05,0.76,0.0,0.26,-1666.2509765625
1901,0.05,0.76,0.0,0.28,-1686.993896484375
1902,0.05,0.76,0.0,0.3,-1707.606689453125
1903,0.05,0.76,0.0,0.32,-1727.1614990234375
1904,0.05,0.76,0.0,0.34,-1751.1981201171875
1905,0.05,0.76,0.0,0.36,-1769.5675048828125
1906,0.05,0.76,0.0,0.38,-1791.278076171875
1907,0.05,0.76,0.0,0.4,-1812.185546875
1908,0.05,0.76,0.0,0.42,-1835.766357421875
1909,0.05,0.76,0.0,0.44,-1854.281494140625
1910,0.05,0.76,0.0,0.46,-1878.53662109375
1911,0.05,0.76,0.0,0.48,-1902.70703125
1912,0.05,0.76,0.0,0.5,-1923.896240234375
1913,0.05,0.76,0.0,0.52,-1946.842529296875
1914,0.05,0.76,0.0,0.54,-1972.0845947265625
1915,0.05,0.76,0.0,0.56,-1993.830322265625
1916,0.05,0.76,0.0,0.58,-2012.559326171875
1917,0.05,0.76,0.0,0.6,-2039.1998291015625
1918,0.05,0.76,0.0,0.62,-2061.117431640625
1919,0.05,0.76,0.0,0.64,-2088.38623046875
1920,0.05,0.76,0.0,0.66,-2110.814208984375
1921,0.05,0.76,0.0,0.68,-2127.44384765625
1922,0.05,0.76,0.0,0.7,-2156.99951171875
1923,0.05,0.76,0.0,0.72,-2180.97802734375
1924,0.05,0.76,0.0,0.74,-2203.02685546875
1925,0.05,0.76,0.0,0.76,-2232.35986328125
1926,0.05,0.76,0.0,0.78,-2264.27197265625
1927,0.05,0.76,0.0,0.8,-2273.0419921875
1928,0.05,0.76,0.0,0.82,-2290.054931640625
1929,0.05,0.76,0.0,0.84,-2329.6982421875
1930,0.05,0.76,0.0,0.86,-2349.65576171875
1931,0.05,0.76,0.0,0.88,-2380.389892578125
1932,0.05,0.76,0.0,0.9,-2369.13037109375
1933,0.05,0.76,0.0,0.92,-2410.242431640625
1934,0.05,0.76,0.0,0.94,-2448.318359375
1935,0.05,0.76,0.0,0.96,-2463.30078125
1936,0.05,0.76,0.0,0.98,-2489.978759765625
1937,0.05,0.76,0.0,1.0,-2503.103515625
1938,0.05,0.78,0.0,0.0,-4189.591796875
1939,0.05,0.78,0.0,0.02,-1570.60986328125
1940,0.05,0.78,0.0,0.04,-1539.9805908203125
1941,0.05,0.78,0.0,0.06,-1532.2935791015625
1942,0.05,0.78,0.0,0.08,-1535.35302734375
1943,0.05,0.78,0.0,0.1,-1542.247314453125
1944,0.05,0.78,0.0,0.12,-1551.73193359375
1945,0.05,0.78,0.0,0.14,-1565.0693359375
1946,0.05,0.78,0.0,0.16,-1580.33935546875
1947,0.05,0.78,0.0,0.18,-1596.452392578125
1948,0.05,0.78,0.0,0.2,-1614.3575439453125
1949,0.05,0.78,0.0,0.22,-1633.2718505859375
1950,0.05,0.78,0.0,0.24,-1650.4471435546875
1951,0.05,0.78,0.0,0.26,-1669.766845703125
1952,0.05,0.78,0.0,0.28,-1692.3289794921875
1953,0.05,0.78,0.0,0.3,-1711.28955078125
1954,0.05,0.78,0.0,0.32,-1731.29150390625
1955,0.05,0.78,0.0,0.34,-1752.147216796875
1956,0.05,0.78,0.0,0.36,-1774.382080078125
1957,0.05,0.78,0.0,0.38,-1796.36962890625
1958,0.05,0.78,0.0,0.4,-1819.4710693359375
1959,0.05,0.78,0.0,0.42,-1838.649169921875
1960,0.05,0.78,0.0,0.44,-1862.4151611328125
1961,0.05,0.78,0.0,0.46,-1881.568115234375
1962,0.05,0.78,0.0,0.48,-1904.4981689453125
1963,0.05,0.78,0.0,0.5,-1929.6904296875
1964,0.05,0.78,0.0,0.52,-1950.3524169921875
1965,0.05,0.78,0.0,0.54,-1973.70361328125
1966,0.05,0.78,0.0,0.56,-1997.1414794921875
1967,0.05,0.78,0.0,0.58,-2020.175537109375
1968,0.05,0.78,0.0,0.6,-2045.04833984375
1969,0.05,0.78,0.0,0.62,-2062.070556640625
1970,0.05,0.78,0.0,0.64,-2087.602783203125
1971,0.05,0.78,0.0,0.66,-2110.28857421875
1972,0.05,0.78,0.0,0.68,-2133.612060546875
1973,0.05,0.78,0.0,0.7,-2156.7646484375
1974,0.05,0.78,0.0,0.72,-2183.22802734375
1975,0.05,0.78,0.0,0.74,-2205.5517578125
1976,0.05,0.78,0.0,0.76,-2237.330078125
1977,0.05,0.78,0.0,0.78,-2242.52978515625
1978,0.05,0.78,0.0,0.8,-2272.2763671875
1979,0.05,0.78,0.0,0.82,-2296.2021484375
1980,0.05,0.78,0.0,0.84,-2330.72509765625
1981,0.05,0.78,0.0,0.86,-2355.2041015625
1982,0.05,0.78,0.0,0.88,-2354.2646484375
1983,0.05,0.78,0.0,0.9,-2390.281494140625
1984,0.05,0.78,0.0,0.92,-2404.8193359375
1985,0.05,0.78,0.0,0.94,-2449.31005859375
1986,0.05,0.78,0.0,0.96,-2468.951904296875
1987,0.05,0.78,0.0,0.98,-2483.31005859375
1988,0.05,0.78,0.0,1.0,-2502.94580078125
1989,0.05,0.8,0.0,0.0,-4186.0419921875
1990,0.05,0.8,0.0,0.02,-1573.732421875
1991,0.05,0.8,0.0,0.04,-1543.168701171875
1992,0.05,0.8,0.0,0.06,-1537.112060546875
1993,0.05,0.8,0.0,0.08,-1537.912109375
1994,0.05,0.8,0.0,0.1,-1545.4158935546875
1995,0.05,0.8,0.0,0.12,-1556.755126953125
1996,0.05,0.8,0.0,0.14,-1570.258544921875
1997,0.05,0.8,0.0,0.16,-1583.8131103515625
1998,0.05,0.8,0.0,0.18,-1600.295166015625
1999,0.05,0.8,0.0,0.2,-1617.81005859375
2000,0.05,0.8,0.0,0.22,-1637.45068359375
2001,0.05,0.8,0.0,0.24,-1655.6396484375
2002,0.05,0.8,0.0,0.26,-1671.7685546875
2003,0.05,0.8,0.0,0.28,-1693.7503662109375
2004,0.05,0.8,0.0,0.3,-1715.9449462890625
2005,0.05,0.8,0.0,0.32,-1736.2457275390625
2006,0.05,0.8,0.0,0.34,-1756.409912109375
2007,0.05,0.8,0.0,0.36,-1775.1397705078125
2008,0.05,0.8,0.0,0.38,-1798.2393798828125
2009,0.05,0.8,0.0,0.4,-1821.7451171875
2010,0.05,0.8,0.0,0.42,-1841.037109375
2011,0.05,0.8,0.0,0.44,-1864.7568359375
2012,0.05,0.8,0.0,0.46,-1886.876953125
2013,0.05,0.8,0.0,0.48,-1908.915771484375
2014,0.05,0.8,0.0,0.5,-1934.44580078125
2015,0.05,0.8,0.0,0.52,-1954.08544921875
2016,0.05,0.8,0.0,0.54,-1981.32958984375
2017,0.05,0.8,0.0,0.56,-2004.5185546875
2018,0.05,0.8,0.0,0.58,-2021.741455078125
2019,0.05,0.8,0.0,0.6,-2050.279296875
2020,0.05,0.8,0.0,0.62,-2067.24755859375
2021,0.05,0.8,0.0,0.64,-2094.25537109375
2022,0.05,0.8,0.0,0.66,-2113.1064453125
2023,0.05,0.8,0.0,0.68,-2141.89990234375
2024,0.05,0.8,0.0,0.7,-2164.82080078125
2025,0.05,0.8,0.0,0.72,-2184.169921875
2026,0.05,0.8,0.0,0.74,-2212.9658203125
2027,0.05,0.8,0.0,0.76,-2236.56640625
2028,0.05,0.8,0.0,0.78,-2256.91015625
2029,0.05,0.8,0.0,0.8,-2275.50439453125
2030,0.05,0.8,0.0,0.82,-2302.58837890625
2031,0.05,0.8,0.0,0.84,-2327.55517578125
2032,0.05,0.8,0.0,0.86,-2351.00732421875
2033,0.05,0.8,0.0,0.88,-2381.148193359375
2034,0.05,0.8,0.0,0.9,-2407.064697265625
2035,0.05,0.8,0.0,0.92,-2413.569091796875
2036,0.05,0.8,0.0,0.94,-2449.790771484375
2037,0.05,0.8,0.0,0.96,-2468.434814453125
2038,0.05,0.8,0.0,0.98,-2485.1845703125
2039,0.05,0.8,0.0,1.0,-2546.24853515625
2040,0.05,0.82,0.0,0.0,-4190.0458984375
2041,0.05,0.82,0.0,0.02,-1577.5831298828125
2042,0.05,0.82,0.0,0.04,-1546.9462890625
2043,0.05,0.82,0.0,0.06,-1538.6488037109375
2044,0.05,0.82,0.0,0.08,-1541.58447265625
2045,0.05,0.82,0.0,0.1,-1549.288818359375
2046,0.05,0.82,0.0,0.12,-1560.6326904296875
2047,0.05,0.82,0.0,0.14,-1572.674072265625
2048,0.05,0.82,0.0,0.16,-1587.755126953125
2049,0.05,0.82,0.0,0.18,-1603.154541015625
2050,0.05,0.82,0.0,0.2,-1621.768798828125
2051,0.05,0.82,0.0,0.22,-1638.687255859375
2052,0.05,0.82,0.0,0.24,-1658.2034912109375
2053,0.05,0.82,0.0,0.26,-1677.912109375
2054,0.05,0.82,0.0,0.28,-1696.792236328125
2055,0.05,0.82,0.0,0.3,-1715.376953125
2056,0.05,0.82,0.0,0.32,-1738.69580078125
2057,0.05,0.82,0.0,0.34,-1758.84423828125
2058,0.05,0.82,0.0,0.36,-1783.2196044921875
2059,0.05,0.82,0.0,0.38,-1803.08447265625
2060,0.05,0.82,0.0,0.4,-1824.1268310546875
2061,0.05,0.82,0.0,0.42,-1848.7716064453125
2062,0.05,0.82,0.0,0.44,-1867.0418701171875
2063,0.05,0.82,0.0,0.46,-1891.2607421875
2064,0.05,0.82,0.0,0.48,-1912.86962890625
2065,0.05,0.82,0.0,0.5,-1940.3489990234375
2066,0.05,0.82,0.0,0.52,-1961.60302734375
2067,0.05,0.82,0.0,0.54,-1981.9212646484375
2068,0.05,0.82,0.0,0.56,-2003.8575439453125
2069,0.05,0.82,0.0,0.58,-2027.82763671875
2070,0.05,0.82,0.0,0.6,-2049.39501953125
2071,0.05,0.82,0.0,0.62,-2069.92822265625
2072,0.05,0.82,0.0,0.64,-2095.65283203125
2073,0.05,0.82,0.0,0.66,-2121.67138671875
2074,0.05,0.82,0.0,0.68,-2141.873779296875
2075,0.05,0.82,0.0,0.7,-2169.54541015625
2076,0.05,0.82,0.0,0.72,-2191.712890625
2077,0.05,0.82,0.0,0.74,-2219.558349609375
2078,0.05,0.82,0.0,0.76,-2240.788818359375
2079,0.05,0.82,0.0,0.78,-2260.554931640625
2080,0.05,0.82,0.0,0.8,-2283.96533203125
2081,0.05,0.82,0.0,0.82,-2300.265625
2082,0.05,0.82,0.0,0.84,-2341.75927734375
2083,0.05,0.82,0.0,0.86,-2368.940185546875
2084,0.05,0.82,0.0,0.88,-2391.968017578125
2085,0.05,0.82,0.0,0.9,-2415.693359375
2086,0.05,0.82,0.0,0.92,-2424.720703125
2087,0.05,0.82,0.0,0.94,-2465.86572265625
2088,0.05,0.82,0.0,0.96,-2488.9287109375
2089,0.05,0.82,0.0,0.98,-2495.38134765625
2090,0.05,0.82,0.0,1.0,-2519.48486328125
2091,0.05,0.84,0.0,0.0,-4184.6669921875
2092,0.05,0.84,0.0,0.02,-1576.89404296875
2093,0.05,0.84,0.0,0.04,-1550.908447265625
2094,0.05,0.84,0.0,0.06,-1540.85302734375
2095,0.05,0.84,0.0,0.08,-1543.5029296875
2096,0.05,0.84,0.0,0.1,-1552.6588134765625
2097,0.05,0.84,0.0,0.12,-1563.212890625
2098,0.05,0.84,0.0,0.14,-1574.9638671875
2099,0.05,0.84,0.0,0.16,-1591.0322265625
2100,0.05,0.84,0.0,0.18,-1608.493896484375
2101,0.05,0.84,0.0,0.2,-1624.492431640625
2102,0.05,0.84,0.0,0.22,-1640.5703125
2103,0.05,0.84,0.0,0.24,-1660.544189453125
2104,0.05,0.84,0.0,0.26,-1679.27490234375
2105,0.05,0.84,0.0,0.28,-1701.8438720703125
2106,0.05,0.84,0.0,0.3,-1719.637451171875
2107,0.05,0.84,0.0,0.32,-1741.1029052734375
2108,0.05,0.84,0.0,0.34,-1763.7484130859375
2109,0.05,0.84,0.0,0.36,-1783.8187255859375
2110,0.05,0.84,0.0,0.38,-1807.14697265625
2111,0.05,0.84,0.0,0.4,-1827.465087890625
2112,0.05,0.84,0.0,0.42,-1847.490966796875
2113,0.05,0.84,0.0,0.44,-1873.75341796875
2114,0.05,0.84,0.0,0.46,-1893.851806640625
2115,0.05,0.84,0.0,0.48,-1916.103759765625
2116,0.05,0.84,0.0,0.5,-1942.69384765625
2117,0.05,0.84,0.0,0.52,-1963.5631103515625
2118,0.05,0.84,0.0,0.54,-1984.0697021484375
2119,0.05,0.84,0.0,0.56,-2005.1927490234375
2120,0.05,0.84,0.0,0.58,-2027.841064453125
2121,0.05,0.84,0.0,0.6,-2053.8408203125
2122,0.05,0.84,0.0,0.62,-2075.67431640625
2123,0.05,0.84,0.0,0.64,-2102.509521484375
2124,0.05,0.84,0.0,0.66,-2120.2646484375
2125,0.05,0.84,0.0,0.68,-2141.83642578125
2126,0.05,0.84,0.0,0.7,-2169.431640625
2127,0.05,0.84,0.0,0.72,-2192.142578125
2128,0.05,0.84,0.0,0.74,-2216.9091796875
2129,0.05,0.84,0.0,0.76,-2241.109130859375
2130,0.05,0.84,0.0,0.78,-2259.108642578125
2131,0.05,0.84,0.0,0.8,-2301.486572265625
2132,0.05,0.84,0.0,0.82,-2316.53759765625
2133,0.05,0.84,0.0,0.84,-2341.174072265625
2134,0.05,0.84,0.0,0.86,-2364.88427734375
2135,0.05,0.84,0.0,0.88,-2401.651123046875
2136,0.05,0.84,0.0,0.9,-2427.185546875
2137,0.05,0.84,0.0,0.92,-2413.278076171875
2138,0.05,0.84,0.0,0.94,-2465.364990234375
2139,0.05,0.84,0.0,0.96,-2494.777099609375
2140,0.05,0.84,0.0,0.98,-2503.0849609375
2141,0.05,0.84,0.0,1.0,-2530.849365234375
2142,0.05,0.86,0.0,0.0,-4188.689453125
2143,0.05,0.86,0.0,0.02,-1581.1693115234375
2144,0.05,0.86,0.0,0.04,-1553.5419921875
2145,0.05,0.86,0.0,0.06,-1546.196533203125
2146,0.05,0.86,0.0,0.08,-1547.610107421875
2147,0.05,0.86,0.0,0.1,-1554.94189453125
2148,0.05,0.86,0.0,0.12,-1564.7703857421875
2149,0.05,0.86,0.0,0.14,-1578.2242431640625
2150,0.05,0.86,0.0,0.16,-1593.7724609375
2151,0.05,0.86,0.0,0.18,-1610.0640869140625
2152,0.05,0.86,0.0,0.2,-1626.0579833984375
2153,0.05,0.86,0.0,0.22,-1646.982421875
2154,0.05,0.86,0.0,0.24,-1663.4664306640625
2155,0.05,0.86,0.0,0.26,-1684.52392578125
2156,0.05,0.86,0.0,0.28,-1703.2392578125
2157,0.05,0.86,0.0,0.3,-1723.603515625
2158,0.05,0.86,0.0,0.32,-1746.0989990234375
2159,0.05,0.86,0.0,0.34,-1763.968017578125
2160,0.05,0.86,0.0,0.36,-1788.02880859375
2161,0.05,0.86,0.0,0.38,-1810.0340576171875
2162,0.05,0.86,0.0,0.4,-1834.9755859375
2163,0.05,0.86,0.0,0.42,-1854.595458984375
2164,0.05,0.86,0.0,0.44,-1876.871337890625
2165,0.05,0.86,0.0,0.46,-1899.396240234375
2166,0.05,0.86,0.0,0.48,-1919.68798828125
2167,0.05,0.86,0.0,0.5,-1946.348388671875
2168,0.05,0.86,0.0,0.52,-1967.3724365234375
2169,0.05,0.86,0.0,0.54,-1988.105224609375
2170,0.05,0.86,0.0,0.56,-2014.9248046875
2171,0.05,0.86,0.0,0.58,-2034.99169921875
2172,0.05,0.86,0.0,0.6,-2062.369384765625
2173,0.05,0.86,0.0,0.62,-2085.8291015625
2174,0.05,0.86,0.0,0.64,-2103.86474609375
2175,0.05,0.86,0.0,0.66,-2131.59033203125
2176,0.05,0.86,0.0,0.68,-2150.429443359375
2177,0.05,0.86,0.0,0.7,-2172.954345703125
2178,0.05,0.86,0.0,0.72,-2202.65185546875
2179,0.05,0.86,0.0,0.74,-2225.39111328125
2180,0.05,0.86,0.0,0.76,-2249.374267578125
2181,0.05,0.86,0.0,0.78,-2262.32421875
2182,0.05,0.86,0.0,0.8,-2297.362060546875
2183,0.05,0.86,0.0,0.82,-2318.029296875
2184,0.05,0.86,0.0,0.84,-2347.239990234375
2185,0.05,0.86,0.0,0.86,-2369.810546875
2186,0.05,0.86,0.0,0.88,-2401.6796875
2187,0.05,0.86,0.0,0.9,-2408.43701171875
2188,0.05,0.86,0.0,0.92,-2440.1494140625
2189,0.05,0.86,0.0,0.94,-2455.3642578125
2190,0.05,0.86,0.0,0.96,-2489.697265625
2191,0.05,0.86,0.0,0.98,-2513.458251953125
2192,0.05,0.86,0.0,1.0,-2523.92724609375
2193,0.05,0.88,0.0,0.0,-4179.6064453125
2194,0.05,0.88,0.0,0.02,-1583.761962890625
2195,0.05,0.88,0.0,0.04,-1555.603271484375
2196,0.05,0.88,0.0,0.06,-1547.79296875
2197,0.05,0.88,0.0,0.08,-1550.79150390625
2198,0.05,0.88,0.0,0.1,-1555.86962890625
2199,0.05,0.88,0.0,0.12,-1567.331787109375
2200,0.05,0.88,0.0,0.14,-1579.72509765625
2201,0.05,0.88,0.0,0.16,-1596.2747802734375
2202,0.05,0.88,0.0,0.18,-1612.816162109375
2203,0.05,0.88,0.0,0.2,-1628.0146484375
2204,0.05,0.88,0.0,0.22,-1649.3505859375
2205,0.05,0.88,0.0,0.24,-1668.309326171875
2206,0.05,0.88,0.0,0.26,-1688.003173828125
2207,0.05,0.88,0.0,0.28,-1708.577392578125
2208,0.05,0.88,0.0,0.3,-1725.761474609375
2209,0.05,0.88,0.0,0.32,-1749.8177490234375
2210,0.05,0.88,0.0,0.34,-1769.536376953125
2211,0.05,0.88,0.0,0.36,-1790.46875
2212,0.05,0.88,0.0,0.38,-1810.8310546875
2213,0.05,0.88,0.0,0.4,-1832.56884765625
2214,0.05,0.88,0.0,0.42,-1859.96630859375
2215,0.05,0.88,0.0,0.44,-1876.7073974609375
2216,0.05,0.88,0.0,0.46,-1902.5506591796875
2217,0.05,0.88,0.0,0.48,-1923.9227294921875
2218,0.05,0.88,0.0,0.5,-1946.7369384765625
2219,0.05,0.88,0.0,0.52,-1972.341796875
2220,0.05,0.88,0.0,0.54,-1992.6890869140625
2221,0.05,0.88,0.0,0.56,-2015.85888671875
2222,0.05,0.88,0.0,0.58,-2041.4656982421875
2223,0.05,0.88,0.0,0.6,-2061.84375
2224,0.05,0.88,0.0,0.62,-2085.530029296875
2225,0.05,0.88,0.0,0.64,-2112.610107421875
2226,0.05,0.88,0.0,0.66,-2133.450927734375
2227,0.05,0.88,0.0,0.68,-2155.849609375
2228,0.05,0.88,0.0,0.7,-2174.533447265625
2229,0.05,0.88,0.0,0.72,-2206.248046875
2230,0.05,0.88,0.0,0.74,-2225.702880859375
2231,0.05,0.88,0.0,0.76,-2253.771484375
2232,0.05,0.88,0.0,0.78,-2272.84521484375
2233,0.05,0.88,0.0,0.8,-2294.8701171875
2234,0.05,0.88,0.0,0.82,-2320.54345703125
2235,0.05,0.88,0.0,0.84,-2341.20751953125
2236,0.05,0.88,0.0,0.86,-2367.40966796875
2237,0.05,0.88,0.0,0.88,-2379.28564453125
2238,0.05,0.88,0.0,0.9,-2417.98193359375
2239,0.05,0.88,0.0,0.92,-2464.244873046875
2240,0.05,0.88,0.0,0.94,-2468.232177734375
2241,0.05,0.88,0.0,0.96,-2490.17138671875
2242,0.05,0.88,0.0,0.98,-2514.9130859375
2243,0.05,0.88,0.0,1.0,-2541.9443359375
2244,0.05,0.9,0.0,0.0,-4203.71728515625
2245,0.05,0.9,0.0,0.02,-1589.6209716796875
2246,0.05,0.9,0.0,0.04,-1558.341064453125
2247,0.05,0.9,0.0,0.06,-1551.0225830078125
2248,0.05,0.9,0.0,0.08,-1554.433837890625
2249,0.05,0.9,0.0,0.1,-1559.7149658203125
2250,0.05,0.9,0.0,0.12,-1570.5577392578125
2251,0.05,0.9,0.0,0.14,-1585.3779296875
2252,0.05,0.9,0.0,0.16,-1600.18359375
2253,0.05,0.9,0.0,0.18,-1616.758544921875
2254,0.05,0.9,0.0,0.2,-1632.67919921875
2255,0.05,0.9,0.0,0.22,-1651.3565673828125
2256,0.05,0.9,0.0,0.24,-1670.939453125
2257,0.05,0.9,0.0,0.26,-1689.034423828125
2258,0.05,0.9,0.0,0.28,-1711.646484375
2259,0.05,0.9,0.0,0.3,-1730.121826171875
2260,0.05,0.9,0.0,0.32,-1752.798828125
2261,0.05,0.9,0.0,0.34,-1772.5445556640625
2262,0.05,0.9,0.0,0.36,-1794.2589111328125
2263,0.05,0.9,0.0,0.38,-1814.34912109375
2264,0.05,0.9,0.0,0.4,-1836.2108154296875
2265,0.05,0.9,0.0,0.42,-1859.72412109375
2266,0.05,0.9,0.0,0.44,-1886.15234375
2267,0.05,0.9,0.0,0.46,-1901.886474609375
2268,0.05,0.9,0.0,0.48,-1928.620849609375
2269,0.05,0.9,0.0,0.5,-1951.374267578125
2270,0.05,0.9,0.0,0.52,-1974.47119140625
2271,0.05,0.9,0.0,0.54,-1996.654541015625
2272,0.05,0.9,0.0,0.56,-2015.45361328125
2273,0.05,0.9,0.0,0.58,-2043.08251953125
2274,0.05,0.9,0.0,0.6,-2069.20068359375
2275,0.05,0.9,0.0,0.62,-2097.72119140625
2276,0.05,0.9,0.0,0.64,-2109.45068359375
2277,0.05,0.9,0.0,0.66,-2135.89111328125
2278,0.05,0.9,0.0,0.68,-2155.5830078125
2279,0.05,0.9,0.0,0.7,-2183.10986328125
2280,0.05,0.9,0.0,0.72,-2207.25146484375
2281,0.05,0.9,0.0,0.74,-2226.33251953125
2282,0.05,0.9,0.0,0.76,-2254.545654296875
2283,0.05,0.9,0.0,0.78,-2271.602294921875
2284,0.05,0.9,0.0,0.8,-2301.04541015625
2285,0.05,0.9,0.0,0.82,-2324.17822265625
2286,0.05,0.9,0.0,0.84,-2350.44775390625
2287,0.05,0.9,0.0,0.86,-2366.30712890625
2288,0.05,0.9,0.0,0.88,-2391.556884765625
2289,0.05,0.9,0.0,0.9,-2407.98046875
2290,0.05,0.9,0.0,0.92,-2444.084716796875
2291,0.05,0.9,0.0,0.94,-2451.8837890625
2292,0.05,0.9,0.0,0.96,-2505.04345703125
2293,0.05,0.9,0.0,0.98,-2522.53466796875
2294,0.05,0.9,0.0,1.0,-2559.04541015625
2295,0.05,0.92,0.0,0.0,-4195.4111328125
2296,0.05,0.92,0.0,0.02,-1590.14306640625
2297,0.05,0.92,0.0,0.04,-1560.3330078125
2298,0.05,0.92,0.0,0.06,-1554.32373046875
2299,0.05,0.92,0.0,0.08,-1555.36669921875
2300,0.05,0.92,0.0,0.1,-1563.9989013671875
2301,0.05,0.92,0.0,0.12,-1574.403076171875
2302,0.05,0.92,0.0,0.14,-1587.996337890625
2303,0.05,0.92,0.0,0.16,-1602.261962890625
2304,0.05,0.92,0.0,0.18,-1617.0439453125
2305,0.05,0.92,0.0,0.2,-1634.82373046875
2306,0.05,0.92,0.0,0.22,-1653.841064453125
2307,0.05,0.92,0.0,0.24,-1672.160888671875
2308,0.05,0.92,0.0,0.26,-1692.497314453125
2309,0.05,0.92,0.0,0.28,-1712.965576171875
2310,0.05,0.92,0.0,0.3,-1732.8594970703125
2311,0.05,0.92,0.0,0.32,-1753.4619140625
2312,0.05,0.92,0.0,0.34,-1776.3963623046875
2313,0.05,0.92,0.0,0.36,-1798.3345947265625
2314,0.05,0.92,0.0,0.38,-1817.757080078125
2315,0.05,0.92,0.0,0.4,-1843.47607421875
2316,0.05,0.92,0.0,0.42,-1862.393310546875
2317,0.05,0.92,0.0,0.44,-1885.2017822265625
2318,0.05,0.92,0.0,0.46,-1910.4232177734375
2319,0.05,0.92,0.0,0.48,-1927.9404296875
2320,0.05,0.92,0.0,0.5,-1950.699462890625
2321,0.05,0.92,0.0,0.52,-1973.325927734375
2322,0.05,0.92,0.0,0.54,-2002.4910888671875
2323,0.05,0.92,0.0,0.56,-2023.8056640625
2324,0.05,0.92,0.0,0.58,-2041.299072265625
2325,0.05,0.92,0.0,0.6,-2069.38916015625
2326,0.05,0.92,0.0,0.62,-2095.89208984375
2327,0.05,0.92,0.0,0.64,-2117.134765625
2328,0.05,0.92,0.0,0.66,-2141.319580078125
2329,0.05,0.92,0.0,0.68,-2159.55029296875
2330,0.05,0.92,0.0,0.7,-2184.149658203125
2331,0.05,0.92,0.0,0.72,-2210.474609375
2332,0.05,0.92,0.0,0.74,-2236.4560546875
2333,0.05,0.92,0.0,0.76,-2254.44580078125
2334,0.05,0.92,0.0,0.78,-2279.35498046875
2335,0.05,0.92,0.0,0.8,-2303.37646484375
2336,0.05,0.92,0.0,0.82,-2326.83251953125
2337,0.05,0.92,0.0,0.84,-2344.01904296875
2338,0.05,0.92,0.0,0.86,-2372.48291015625
2339,0.05,0.92,0.0,0.88,-2390.61669921875
2340,0.05,0.92,0.0,0.9,-2421.3349609375
2341,0.05,0.92,0.0,0.92,-2450.826416015625
2342,0.05,0.92,0.0,0.94,-2474.9912109375
2343,0.05,0.92,0.0,0.96,-2494.40966796875
2344,0.05,0.92,0.0,0.98,-2514.3056640625
2345,0.05,0.92,0.0,1.0,-2544.5517578125
2346,0.05,0.94,0.0,0.0,-4200.673828125
2347,0.05,0.94,0.0,0.02,-1593.0001220703125
2348,0.05,0.94,0.0,0.04,-1564.16845703125
2349,0.05,0.94,0.0,0.06,-1556.8427734375
2350,0.05,0.94,0.0,0.08,-1559.16259765625
2351,0.05,0.94,0.0,0.1,-1566.0648193359375
2352,0.05,0.94,0.0,0.12,-1577.8212890625
2353,0.05,0.94,0.0,0.14,-1590.90771484375
2354,0.05,0.94,0.0,0.16,-1605.5498046875
2355,0.05,0.94,0.0,0.18,-1621.677490234375
2356,0.05,0.94,0.0,0.2,-1638.371337890625
2357,0.05,0.94,0.0,0.22,-1656.8070068359375
2358,0.05,0.94,0.0,0.24,-1675.368896484375
2359,0.05,0.94,0.0,0.26,-1694.47998046875
2360,0.05,0.94,0.0,0.28,-1715.738037109375
2361,0.05,0.94,0.0,0.3,-1735.05419921875
2362,0.05,0.94,0.0,0.32,-1756.974365234375
2363,0.05,0.94,0.0,0.34,-1778.572509765625
2364,0.05,0.94,0.0,0.36,-1799.984375
2365,0.05,0.94,0.0,0.38,-1820.374755859375
2366,0.05,0.94,0.0,0.4,-1844.519287109375
2367,0.05,0.94,0.0,0.42,-1864.94873046875
2368,0.05,0.94,0.0,0.44,-1886.0482177734375
2369,0.05,0.94,0.0,0.46,-1908.986572265625
2370,0.05,0.94,0.0,0.48,-1931.9246826171875
2371,0.05,0.94,0.0,0.5,-1955.22509765625
2372,0.05,0.94,0.0,0.52,-1977.4715576171875
2373,0.05,0.94,0.0,0.54,-2000.264892578125
2374,0.05,0.94,0.0,0.56,-2022.76171875
2375,0.05,0.94,0.0,0.58,-2047.0482177734375
2376,0.05,0.94,0.0,0.6,-2073.07421875
2377,0.05,0.94,0.0,0.62,-2098.133544921875
2378,0.05,0.94,0.0,0.64,-2114.708251953125
2379,0.05,0.94,0.0,0.66,-2144.21728515625
2380,0.05,0.94,0.0,0.68,-2168.3447265625
2381,0.05,0.94,0.0,0.7,-2188.73828125
2382,0.05,0.94,0.0,0.72,-2205.3486328125
2383,0.05,0.94,0.0,0.74,-2244.896484375
2384,0.05,0.94,0.0,0.76,-2262.19091796875
2385,0.05,0.94,0.0,0.78,-2278.35009765625
2386,0.05,0.94,0.0,0.8,-2302.0615234375
2387,0.05,0.94,0.0,0.82,-2326.9580078125
2388,0.05,0.94,0.0,0.84,-2358.748046875
2389,0.05,0.94,0.0,0.86,-2378.242431640625
2390,0.05,0.94,0.0,0.88,-2401.93310546875
2391,0.05,0.94,0.0,0.9,-2445.77783203125
2392,0.05,0.94,0.0,0.92,-2456.8759765625
2393,0.05,0.94,0.0,0.94,-2464.492431640625
2394,0.05,0.94,0.0,0.96,-2505.19140625
2395,0.05,0.94,0.0,0.98,-2510.13037109375
2396,0.05,0.94,0.0,1.0,-2551.87939453125
2397,0.05,0.96,0.0,0.0,-4184.3564453125
2398,0.05,0.96,0.0,0.02,-1595.2249755859375
2399,0.05,0.96,0.0,0.04,-1565.853271484375
2400,0.05,0.96,0.0,0.06,-1559.542724609375
2401,0.05,0.96,0.0,0.08,-1561.93017578125
2402,0.05,0.96,0.0,0.1,-1569.7054443359375
2403,0.05,0.96,0.0,0.12,-1580.795166015625
2404,0.05,0.96,0.0,0.14,-1593.9974365234375
2405,0.05,0.96,0.0,0.16,-1608.3292236328125
2406,0.05,0.96,0.0,0.18,-1624.49658203125
2407,0.05,0.96,0.0,0.2,-1640.830078125
2408,0.05,0.96,0.0,0.22,-1661.501708984375
2409,0.05,0.96,0.0,0.24,-1678.561767578125
2410,0.05,0.96,0.0,0.26,-1698.600830078125
2411,0.05,0.96,0.0,0.28,-1718.169677734375
2412,0.05,0.96,0.0,0.3,-1738.58154296875
2413,0.05,0.96,0.0,0.32,-1759.74072265625
2414,0.05,0.96,0.0,0.34,-1781.52587890625
2415,0.05,0.96,0.0,0.36,-1801.3824462890625
2416,0.05,0.96,0.0,0.38,-1825.1162109375
2417,0.05,0.96,0.0,0.4,-1847.2392578125
2418,0.05,0.96,0.0,0.42,-1867.2366943359375
2419,0.05,0.96,0.0,0.44,-1888.77197265625
2420,0.05,0.96,0.0,0.46,-1913.8902587890625
2421,0.05,0.96,0.0,0.48,-1936.414306640625
2422,0.05,0.96,0.0,0.5,-1960.068603515625
2423,0.05,0.96,0.0,0.52,-1979.575439453125
2424,0.05,0.96,0.0,0.54,-2006.715576171875
2425,0.05,0.96,0.0,0.56,-2032.00732421875
2426,0.05,0.96,0.0,0.58,-2054.5869140625
2427,0.05,0.96,0.0,0.6,-2076.364990234375
2428,0.05,0.96,0.0,0.62,-2099.7255859375
2429,0.05,0.96,0.0,0.64,-2122.23779296875
2430,0.05,0.96,0.0,0.66,-2144.758056640625
2431,0.05,0.96,0.0,0.68,-2167.553955078125
2432,0.05,0.96,0.0,0.7,-2192.14013671875
2433,0.05,0.96,0.0,0.72,-2217.5302734375
2434,0.05,0.96,0.0,0.74,-2238.51318359375
2435,0.05,0.96,0.0,0.76,-2257.264892578125
2436,0.05,0.96,0.0,0.78,-2283.6591796875
2437,0.05,0.96,0.0,0.8,-2304.749755859375
2438,0.05,0.96,0.0,0.82,-2328.28759765625
2439,0.05,0.96,0.0,0.84,-2356.17724609375
2440,0.05,0.96,0.0,0.86,-2376.800537109375
2441,0.05,0.96,0.0,0.88,-2424.88818359375
2442,0.05,0.96,0.0,0.9,-2425.73779296875
2443,0.05,0.96,0.0,0.92,-2435.724609375
2444,0.05,0.96,0.0,0.94,-2477.00537109375
2445,0.05,0.96,0.0,0.96,-2497.033203125
2446,0.05,0.96,0.0,0.98,-2558.39404296875
2447,0.05,0.96,0.0,1.0,-2536.98583984375
2448,0.05,0.98,0.0,0.0,-4197.2958984375
2449,0.05,0.98,0.0,0.02,-1598.792236328125
2450,0.05,0.98,0.0,0.04,-1569.8663330078125
2451,0.05,0.98,0.0,0.06,-1559.9603271484375
2452,0.05,0.98,0.0,0.08,-1562.9739990234375
2453,0.05,0.98,0.0,0.1,-1569.879150390625
2454,0.05,0.98,0.0,0.12,-1582.1697998046875
2455,0.05,0.98,0.0,0.14,-1594.795166015625
2456,0.05,0.98,0.0,0.16,-1611.552734375
2457,0.05,0.98,0.0,0.18,-1626.2557373046875
2458,0.05,0.98,0.0,0.2,-1644.7630615234375
2459,0.05,0.98,0.0,0.22,-1663.08544921875
2460,0.05,0.98,0.0,0.24,-1681.4349365234375
2461,0.05,0.98,0.0,0.26,-1702.938232421875
2462,0.05,0.98,0.0,0.28,-1721.073486328125
2463,0.05,0.98,0.0,0.3,-1742.2275390625
2464,0.05,0.98,0.0,0.32,-1762.201904296875
2465,0.05,0.98,0.0,0.34,-1785.308349609375
2466,0.05,0.98,0.0,0.36,-1808.1907958984375
2467,0.05,0.98,0.0,0.38,-1827.7166748046875
2468,0.05,0.98,0.0,0.4,-1850.096435546875
2469,0.05,0.98,0.0,0.42,-1870.2578125
2470,0.05,0.98,0.0,0.44,-1895.2191162109375
2471,0.05,0.98,0.0,0.46,-1917.5667724609375
2472,0.05,0.98,0.0,0.48,-1936.35107421875
2473,0.05,0.98,0.0,0.5,-1961.5379638671875
2474,0.05,0.98,0.0,0.52,-1988.3782958984375
2475,0.05,0.98,0.0,0.54,-2004.0386962890625
2476,0.05,0.98,0.0,0.56,-2033.440185546875
2477,0.05,0.98,0.0,0.58,-2056.301513671875
2478,0.05,0.98,0.0,0.6,-2076.883056640625
2479,0.05,0.98,0.0,0.62,-2101.491455078125
2480,0.05,0.98,0.0,0.64,-2120.322021484375
2481,0.05,0.98,0.0,0.66,-2151.478515625
2482,0.05,0.98,0.0,0.68,-2170.55224609375
2483,0.05,0.98,0.0,0.7,-2196.666015625
2484,0.05,0.98,0.0,0.72,-2213.48486328125
2485,0.05,0.98,0.0,0.74,-2241.0107421875
2486,0.05,0.98,0.0,0.76,-2269.027587890625
2487,0.05,0.98,0.0,0.78,-2281.1279296875
2488,0.05,0.98,0.0,0.8,-2314.735595703125
2489,0.05,0.98,0.0,0.82,-2334.056640625
2490,0.05,0.98,0.0,0.84,-2366.619384765625
2491,0.05,0.98,0.0,0.86,-2386.71728515625
2492,0.05,0.98,0.0,0.88,-2401.14892578125
2493,0.05,0.98,0.0,0.9,-2451.93115234375
2494,0.05,0.98,0.0,0.92,-2453.04833984375
2495,0.05,0.98,0.0,0.94,-2477.57861328125
2496,0.05,0.98,0.0,0.96,-2482.74169921875
2497,0.05,0.98,0.0,0.98,-2527.10302734375
2498,0.05,0.98,0.0,1.0,-2552.893310546875
2499,0.05,1.0,0.0,0.0,-4203.85400390625
2500,0.05,1.0,0.0,0.02,-1601.81982421875
2501,0.05,1.0,0.0,0.04,-1571.9940185546875
2502,0.05,1.0,0.0,0.06,-1563.031005859375
2503,0.05,1.0,0.0,0.08,-1567.8046875
2504,0.05,1.0,0.0,0.1,-1573.362548828125
2505,0.05,1.0,0.0,0.12,-1585.56494140625
2506,0.05,1.0,0.0,0.14,-1598.869140625
2507,0.05,1.0,0.0,0.16,-1611.71484375
2508,0.05,1.0,0.0,0.18,-1629.552978515625
2509,0.05,1.0,0.0,0.2,-1647.559326171875
2510,0.05,1.0,0.0,0.22,-1664.83349609375
2511,0.05,1.0,0.0,0.24,-1682.72216796875
2512,0.05,1.0,0.0,0.26,-1705.06884765625
2513,0.05,1.0,0.0,0.28,-1724.67529296875
2514,0.05,1.0,0.0,0.3,-1744.589599609375
2515,0.05,1.0,0.0,0.32,-1766.271240234375
2516,0.05,1.0,0.0,0.34,-1786.25244140625
2517,0.05,1.0,0.0,0.36,-1808.0762939453125
2518,0.05,1.0,0.0,0.38,-1829.267333984375
2519,0.05,1.0,0.0,0.4,-1851.200439453125
2520,0.05,1.0,0.0,0.42,-1872.7490234375
2521,0.05,1.0,0.0,0.44,-1896.784912109375
2522,0.05,1.0,0.0,0.46,-1918.691162109375
2523,0.05,1.0,0.0,0.48,-1941.805419921875
2524,0.05,1.0,0.0,0.5,-1962.33544921875
2525,0.05,1.0,0.0,0.52,-1990.7198486328125
2526,0.05,1.0,0.0,0.54,-2007.37939453125
2527,0.05,1.0,0.0,0.56,-2033.0579833984375
2528,0.05,1.0,0.0,0.58,-2059.02197265625
2529,0.05,1.0,0.0,0.6,-2077.918701171875
2530,0.05,1.0,0.0,0.62,-2102.4130859375
2531,0.05,1.0,0.0,0.64,-2128.4599609375
2532,0.05,1.0,0.0,0.66,-2156.70361328125
2533,0.05,1.0,0.0,0.68,-2171.7607421875
2534,0.05,1.0,0.0,0.7,-2205.62841796875
2535,0.05,1.0,0.0,0.72,-2219.9306640625
2536,0.05,1.0,0.0,0.74,-2252.13916015625
2537,0.05,1.0,0.0,0.76,-2270.153076171875
2538,0.05,1.0,0.0,0.78,-2296.7353515625
2539,0.05,1.0,0.0,0.8,-2312.787109375
2540,0.05,1.0,0.0,0.82,-2337.6298828125
2541,0.05,1.0,0.0,0.84,-2372.8466796875
2542,0.05,1.0,0.0,0.86,-2379.20947265625
2543,0.05,1.0,0.0,0.88,-2415.12109375
2544,0.05,1.0,0.0,0.9,-2437.78271484375
2545,0.05,1.0,0.0,0.92,-2453.54296875
2546,0.05,1.0,0.0,0.94,-2475.241455078125
2547,0.05,1.0,0.0,0.96,-2497.60888671875
2548,0.05,1.0,0.0,0.98,-2521.64990234375
2549,0.05,1.0,0.0,1.0,-2583.17236328125
