idx,alpha,mu,omega,rho,loglike
0,0.05,0.22,0.0,0.02,-1492.921875
1,0.05,0.22,0.0,0.0224,-1491.4224853515625
2,0.05,0.22,0.0,0.0248,-1461.987548828125
3,0.05,0.22,0.0,0.0272,-1487.4864501953125
4,0.05,0.22,0.0,0.0296,-1452.4515380859375
5,0.05,0.22,0.0,0.032,-1489.30615234375
6,0.05,0.22,0.0,0.0344,-1440.603271484375
7,0.05,0.22,0.0,0.0368,-1467.3251953125
8,0.05,0.22,0.0,0.0392,-1453.484130859375
9,0.05,0.22,0.0,0.0416,-1454.24560546875
10,0.05,0.22,0.0,0.044,-1432.5111083984375
11,0.05,0.22,0.0,0.0464,-1451.5987548828125
12,0.05,0.22,0.0,0.0488,-1436.6455078125
13,0.05,0.22,0.0,0.0512,-1426.62158203125
14,0.05,0.22,0.0,0.0536,-1452.81103515625
15,0.05,0.22,0.0,0.056,-1469.8922119140625
16,0.05,0.22,0.0,0.0584,-1453.620849609375
17,0.05,0.22,0.0,0.0608,-1429.574951171875
18,0.05,0.22,0.0,0.0632,-1433.03759765625
19,0.05,0.22,0.0,0.0656,-1443.12353515625
20,0.05,0.22,0.0,0.068,-1429.995849609375
21,0.05,0.22,0.0,0.0704,-1425.9305419921875
22,0.05,0.22,0.0,0.0728,-1444.30810546875
23,0.05,0.22,0.0,0.0752,-1457.22998046875
24,0.05,0.22,0.0,0.0776,-1422.8533935546875
25,0.05,0.22,0.0,0.08,-1430.27490234375
26,0.05,0.22,0.0,0.0824,-1457.4095458984375
27,0.05,0.22,0.0,0.0848,-1439.7999267578125
28,0.05,0.22,0.0,0.0872,-1447.03857421875
29,0.05,0.22,0.0,0.0896,-1449.9600830078125
30,0.05,0.22,0.0,0.092,-1446.13916015625
31,0.05,0.22,0.0,0.0944,-1444.943115234375
32,0.05,0.22,0.0,0.0968,-1431.663818359375
33,0.05,0.22,0.0,0.0992,-1447.2286376953125
34,0.05,0.22,0.0,0.1016,-1455.625244140625
35,0.05,0.22,0.0,0.104,-1462.701904296875
36,0.05,0.22,0.0,0.1064,-1432.09326171875
37,0.05,0.22,0.0,0.1088,-1445.126220703125
38,0.05,0.22,0.0,0.1112,-1452.4659423828125
39,0.05,0.22,0.0,0.1136,-1466.918212890625
40,0.05,0.22,0.0,0.116,-1447.4736328125
41,0.05,0.22,0.0,0.1184,-1457.8887939453125
42,0.05,0.22,0.0,0.1208,-1475.27783203125
43,0.05,0.22,0.0,0.1232,-1442.45947265625
44,0.05,0.22,0.0,0.1256,-1461.570068359375
45,0.05,0.22,0.0,0.128,-1464.8094482421875
46,0.05,0.22,0.0,0.1304,-1444.7984619140625
47,0.05,0.22,0.0,0.1328,-1475.9560546875
48,0.05,0.22,0.0,0.1352,-1471.61669921875
49,0.05,0.22,0.0,0.1376,-1475.7822265625
50,0.05,0.22,0.0,0.14,-1471.170654296875
51,0.05,0.2228,0.0,0.02,-1474.904052734375
52,0.05,0.2228,0.0,0.0224,-1475.7510986328125
53,0.05,0.2228,0.0,0.0248,-1478.012451171875
54,0.05,0.2228,0.0,0.0272,-1461.7381591796875
55,0.05,0.2228,0.0,0.0296,-1447.943359375
56,0.05,0.2228,0.0,0.032,-1471.162841796875
57,0.05,0.2228,0.0,0.0344,-1464.8233642578125
58,0.05,0.2228,0.0,0.0368,-1452.99853515625
59,0.05,0.2228,0.0,0.0392,-1436.3519287109375
60,0.05,0.2228,0.0,0.0416,-1443.273681640625
61,0.05,0.2228,0.0,0.044,-1466.8751220703125
62,0.05,0.2228,0.0,0.0464,-1432.3232421875
63,0.05,0.2228,0.0,0.0488,-1442.25634765625
64,0.05,0.2228,0.0,0.0512,-1438.13037109375
65,0.05,0.2228,0.0,0.0536,-1459.68798828125
66,0.05,0.2228,0.0,0.056,-1444.0498046875
67,0.05,0.2228,0.0,0.0584,-1424.9102783203125
68,0.05,0.2228,0.0,0.0608,-1443.57421875
69,0.05,0.2228,0.0,0.0632,-1428.2384033203125
70,0.05,0.2228,0.0,0.0656,-1426.655517578125
71,0.05,0.2228,0.0,0.068,-1430.93017578125
72,0.05,0.2228,0.0,0.0704,-1424.578125
73,0.05,0.2228,0.0,0.0728,-1421.189453125
74,0.05,0.2228,0.0,0.0752,-1426.25927734375
75,0.05,0.2228,0.0,0.0776,-1445.2215576171875
76,0.05,0.2228,0.0,0.08,-1446.0146484375
77,0.05,0.2228,0.0,0.0824,-1452.794921875
78,0.05,0.2228,0.0,0.0848,-1431.4315185546875
79,0.05,0.2228,0.0,0.0872,-1450.70166015625
80,0.05,0.2228,0.0,0.0896,-1425.32958984375
81,0.05,0.2228,0.0,0.092,-1443.30078125
82,0.05,0.2228,0.0,0.0944,-1448.03759765625
83,0.05,0.2228,0.0,0.0968,-1429.003662109375
84,0.05,0.2228,0.0,0.0992,-1436.4217529296875
85,0.05,0.2228,0.0,0.1016,-1428.7479248046875
86,0.05,0.2228,0.0,0.104,-1437.0911865234375
87,0.05,0.2228,0.0,0.1064,-1456.2303466796875
88,0.05,0.2228,0.0,0.1088,-1437.179931640625
89,0.05,0.2228,0.0,0.1112,-1436.37744140625
90,0.05,0.2228,0.0,0.1136,-1453.24365234375
91,0.05,0.2228,0.0,0.116,-1437.180419921875
92,0.05,0.2228,0.0,0.1184,-1449.666748046875
93,0.05,0.2228,0.0,0.1208,-1445.0087890625
94,0.05,0.2228,0.0,0.1232,-1470.290771484375
95,0.05,0.2228,0.0,0.1256,-1440.9193115234375
96,0.05,0.2228,0.0,0.128,-1459.6072998046875
97,0.05,0.2228,0.0,0.1304,-1464.965576171875
98,0.05,0.2228,0.0,0.1328,-1475.78076171875
99,0.05,0.2228,0.0,0.1352,-1447.040283203125
100,0.05,0.2228,0.0,0.1376,-1463.1165771484375
101,0.05,0.2228,0.0,0.14,-1450.0174560546875
102,0.05,0.2256,0.0,0.02,-1469.8623046875
103,0.05,0.2256,0.0,0.0224,-1477.4530029296875
104,0.05,0.2256,0.0,0.0248,-1481.280029296875
105,0.05,0.2256,0.0,0.0272,-1459.44140625
106,0.05,0.2256,0.0,0.0296,-1450.895751953125
107,0.05,0.2256,0.0,0.032,-1445.7762451171875
108,0.05,0.2256,0.0,0.0344,-1439.5247802734375
109,0.05,0.2256,0.0,0.0368,-1439.9189453125
110,0.05,0.2256,0.0,0.0392,-1446.07763671875
111,0.05,0.2256,0.0,0.0416,-1464.9686279296875
112,0.05,0.2256,0.0,0.044,-1437.7808837890625
113,0.05,0.2256,0.0,0.0464,-1431.1268310546875
114,0.05,0.2256,0.0,0.0488,-1434.3135986328125
115,0.05,0.2256,0.0,0.0512,-1431.344970703125
116,0.05,0.2256,0.0,0.0536,-1426.2890625
117,0.05,0.2256,0.0,0.056,-1429.24072265625
118,0.05,0.2256,0.0,0.0584,-1437.3492431640625
119,0.05,0.2256,0.0,0.0608,-1426.439453125
120,0.05,0.2256,0.0,0.0632,-1423.958251953125
121,0.05,0.2256,0.0,0.0656,-1422.8331298828125
122,0.05,0.2256,0.0,0.068,-1421.533203125
123,0.05,0.2256,0.0,0.0704,-1430.8663330078125
124,0.05,0.2256,0.0,0.0728,-1425.2330322265625
125,0.05,0.2256,0.0,0.0752,-1435.0909423828125
126,0.05,0.2256,0.0,0.0776,-1440.0394287109375
127,0.05,0.2256,0.0,0.08,-1431.510009765625
128,0.05,0.2256,0.0,0.0824,-1431.483642578125
129,0.05,0.2256,0.0,0.0848,-1425.1717529296875
130,0.05,0.2256,0.0,0.0872,-1439.3599853515625
131,0.05,0.2256,0.0,0.0896,-1438.838623046875
132,0.05,0.2256,0.0,0.092,-1433.9759521484375
133,0.05,0.2256,0.0,0.0944,-1426.459228515625
134,0.05,0.2256,0.0,0.0968,-1425.703125
135,0.05,0.2256,0.0,0.0992,-1428.333740234375
136,0.05,0.2256,0.0,0.1016,-1438.8629150390625
137,0.05,0.2256,0.0,0.104,-1431.85400390625
138,0.05,0.2256,0.0,0.1064,-1428.1962890625
139,0.05,0.2256,0.0,0.1088,-1439.979248046875
140,0.05,0.2256,0.0,0.1112,-1431.228759765625
141,0.05,0.2256,0.0,0.1136,-1437.669677734375
142,0.05,0.2256,0.0,0.116,-1428.95947265625
143,0.05,0.2256,0.0,0.1184,-1436.3861083984375
144,0.05,0.2256,0.0,0.1208,-1441.0426025390625
145,0.05,0.2256,0.0,0.1232,-1439.03564453125
146,0.05,0.2256,0.0,0.1256,-1435.304443359375
147,0.05,0.2256,0.0,0.128,-1441.7796630859375
148,0.05,0.2256,0.0,0.1304,-1440.02978515625
149,0.05,0.2256,0.0,0.1328,-1449.8624267578125
150,0.05,0.2256,0.0,0.1352,-1445.095703125
151,0.05,0.2256,0.0,0.1376,-1446.94091796875
152,0.05,0.2256,0.0,0.14,-1450.494873046875
153,0.05,0.2284,0.0,0.02,-1464.798828125
154,0.05,0.2284,0.0,0.0224,-1461.661865234375
155,0.05,0.2284,0.0,0.0248,-1457.3079833984375
156,0.05,0.2284,0.0,0.0272,-1447.5028076171875
157,0.05,0.2284,0.0,0.0296,-1445.9769287109375
158,0.05,0.2284,0.0,0.032,-1445.71826171875
159,0.05,0.2284,0.0,0.0344,-1440.056884765625
160,0.05,0.2284,0.0,0.0368,-1438.19970703125
161,0.05,0.2284,0.0,0.0392,-1431.671142578125
162,0.05,0.2284,0.0,0.0416,-1433.35205078125
163,0.05,0.2284,0.0,0.044,-1427.892578125
164,0.05,0.2284,0.0,0.0464,-1427.0870361328125
165,0.05,0.2284,0.0,0.0488,-1426.26708984375
166,0.05,0.2284,0.0,0.0512,-1423.1893310546875
167,0.05,0.2284,0.0,0.0536,-1427.45654296875
168,0.05,0.2284,0.0,0.056,-1431.965576171875
169,0.05,0.2284,0.0,0.0584,-1427.300048828125
170,0.05,0.2284,0.0,0.0608,-1421.3138427734375
171,0.05,0.2284,0.0,0.0632,-1432.8779296875
172,0.05,0.2284,0.0,0.0656,-1420.9049072265625
173,0.05,0.2284,0.0,0.068,-1426.8177490234375
174,0.05,0.2284,0.0,0.0704,-1431.808349609375
175,0.05,0.2284,0.0,0.0728,-1420.77783203125
176,0.05,0.2284,0.0,0.0752,-1421.4498291015625
177,0.05,0.2284,0.0,0.0776,-1431.447021484375
178,0.05,0.2284,0.0,0.08,-1422.5189208984375
179,0.05,0.2284,0.0,0.0824,-1421.725341796875
180,0.05,0.2284,0.0,0.0848,-1431.47119140625
181,0.05,0.2284,0.0,0.0872,-1421.621826171875
182,0.05,0.2284,0.0,0.0896,-1426.7523193359375
183,0.05,0.2284,0.0,0.092,-1422.1461181640625
184,0.05,0.2284,0.0,0.0944,-1429.48779296875
185,0.05,0.2284,0.0,0.0968,-1427.439208984375
186,0.05,0.2284,0.0,0.0992,-1429.501708984375
187,0.05,0.2284,0.0,0.1016,-1427.13623046875
188,0.05,0.2284,0.0,0.104,-1430.945556640625
189,0.05,0.2284,0.0,0.1064,-1429.3074951171875
190,0.05,0.2284,0.0,0.1088,-1442.3004150390625
191,0.05,0.2284,0.0,0.1112,-1433.261474609375
192,0.05,0.2284,0.0,0.1136,-1431.9827880859375
193,0.05,0.2284,0.0,0.116,-1441.4273681640625
194,0.05,0.2284,0.0,0.1184,-1449.7371826171875
195,0.05,0.2284,0.0,0.1208,-1434.6114501953125
196,0.05,0.2284,0.0,0.1232,-1441.508544921875
197,0.05,0.2284,0.0,0.1256,-1433.937744140625
198,0.05,0.2284,0.0,0.128,-1439.4742431640625
199,0.05,0.2284,0.0,0.1304,-1444.764404296875
200,0.05,0.2284,0.0,0.1328,-1444.35107421875
201,0.05,0.2284,0.0,0.1352,-1439.443359375
202,0.05,0.2284,0.0,0.1376,-1445.799072265625
203,0.05,0.2284,0.0,0.14,-1445.46630859375
204,0.05,0.2312,0.0,0.02,-1471.8170166015625
205,0.05,0.2312,0.0,0.0224,-1455.549072265625
206,0.05,0.2312,0.0,0.0248,-1451.65283203125
207,0.05,0.2312,0.0,0.0272,-1449.6390380859375
208,0.05,0.2312,0.0,0.0296,-1446.6148681640625
209,0.05,0.2312,0.0,0.032,-1440.4466552734375
210,0.05,0.2312,0.0,0.0344,-1436.529541015625
211,0.05,0.2312,0.0,0.0368,-1434.1739501953125
212,0.05,0.2312,0.0,0.0392,-1430.18505859375
213,0.05,0.2312,0.0,0.0416,-1431.5704345703125
214,0.05,0.2312,0.0,0.044,-1428.517822265625
215,0.05,0.2312,0.0,0.0464,-1429.5855712890625
216,0.05,0.2312,0.0,0.0488,-1424.723388671875
217,0.05,0.2312,0.0,0.0512,-1421.8978271484375
218,0.05,0.2312,0.0,0.0536,-1421.6070556640625
219,0.05,0.2312,0.0,0.056,-1425.3336181640625
220,0.05,0.2312,0.0,0.0584,-1422.82373046875
221,0.05,0.2312,0.0,0.0608,-1418.5966796875
222,0.05,0.2312,0.0,0.0632,-1418.3953857421875
223,0.05,0.2312,0.0,0.0656,-1422.9443359375
224,0.05,0.2312,0.0,0.068,-1422.8486328125
225,0.05,0.2312,0.0,0.0704,-1419.05078125
226,0.05,0.2312,0.0,0.0728,-1420.1220703125
227,0.05,0.2312,0.0,0.0752,-1431.8387451171875
228,0.05,0.2312,0.0,0.0776,-1420.84912109375
229,0.05,0.2312,0.0,0.08,-1419.275146484375
230,0.05,0.2312,0.0,0.0824,-1422.6964111328125
231,0.05,0.2312,0.0,0.0848,-1419.729248046875
232,0.05,0.2312,0.0,0.0872,-1419.75390625
233,0.05,0.2312,0.0,0.0896,-1420.727294921875
234,0.05,0.2312,0.0,0.092,-1420.80615234375
235,0.05,0.2312,0.0,0.0944,-1422.2281494140625
236,0.05,0.2312,0.0,0.0968,-1425.659423828125
237,0.05,0.2312,0.0,0.0992,-1431.0616455078125
238,0.05,0.2312,0.0,0.1016,-1424.0447998046875
239,0.05,0.2312,0.0,0.104,-1426.197998046875
240,0.05,0.2312,0.0,0.1064,-1427.75927734375
241,0.05,0.2312,0.0,0.1088,-1424.373046875
242,0.05,0.2312,0.0,0.1112,-1427.36669921875
243,0.05,0.2312,0.0,0.1136,-1426.7955322265625
244,0.05,0.2312,0.0,0.116,-1426.490234375
245,0.05,0.2312,0.0,0.1184,-1431.17578125
246,0.05,0.2312,0.0,0.1208,-1431.993896484375
247,0.05,0.2312,0.0,0.1232,-1441.8818359375
248,0.05,0.2312,0.0,0.1256,-1439.5546875
249,0.05,0.2312,0.0,0.128,-1434.370361328125
250,0.05,0.2312,0.0,0.1304,-1439.080078125
251,0.05,0.2312,0.0,0.1328,-1440.063720703125
252,0.05,0.2312,0.0,0.1352,-1439.8173828125
253,0.05,0.2312,0.0,0.1376,-1441.1920166015625
254,0.05,0.2312,0.0,0.14,-1442.2222900390625
255,0.05,0.234,0.0,0.02,-1462.3382568359375
256,0.05,0.234,0.0,0.0224,-1456.7894287109375
257,0.05,0.234,0.0,0.0248,-1453.884765625
258,0.05,0.234,0.0,0.0272,-1444.703369140625
259,0.05,0.234,0.0,0.0296,-1440.6671142578125
260,0.05,0.234,0.0,0.032,-1438.426513671875
261,0.05,0.234,0.0,0.0344,-1431.992431640625
262,0.05,0.234,0.0,0.0368,-1431.1173095703125
263,0.05,0.234,0.0,0.0392,-1430.130615234375
264,0.05,0.234,0.0,0.0416,-1426.420166015625
265,0.05,0.234,0.0,0.044,-1425.80712890625
266,0.05,0.234,0.0,0.0464,-1425.1298828125
267,0.05,0.234,0.0,0.0488,-1421.816650390625
268,0.05,0.234,0.0,0.0512,-1423.268310546875
269,0.05,0.234,0.0,0.0536,-1425.515380859375
270,0.05,0.234,0.0,0.056,-1420.607177734375
271,0.05,0.234,0.0,0.0584,-1417.870361328125
272,0.05,0.234,0.0,0.0608,-1418.985107421875
273,0.05,0.234,0.0,0.0632,-1417.056884765625
274,0.05,0.234,0.0,0.0656,-1422.9810791015625
275,0.05,0.234,0.0,0.068,-1414.36865234375
276,0.05,0.234,0.0,0.0704,-1418.5233154296875
277,0.05,0.234,0.0,0.0728,-1415.985595703125
278,0.05,0.234,0.0,0.0752,-1416.92822265625
279,0.05,0.234,0.0,0.0776,-1414.5494384765625
280,0.05,0.234,0.0,0.08,-1416.806884765625
281,0.05,0.234,0.0,0.0824,-1418.69384765625
282,0.05,0.234,0.0,0.0848,-1418.934326171875
283,0.05,0.234,0.0,0.0872,-1418.727783203125
284,0.05,0.234,0.0,0.0896,-1418.441162109375
285,0.05,0.234,0.0,0.092,-1420.0400390625
286,0.05,0.234,0.0,0.0944,-1420.5025634765625
287,0.05,0.234,0.0,0.0968,-1421.134033203125
288,0.05,0.234,0.0,0.0992,-1421.615234375
289,0.05,0.234,0.0,0.1016,-1422.1448974609375
290,0.05,0.234,0.0,0.104,-1424.130615234375
291,0.05,0.234,0.0,0.1064,-1425.04931640625
292,0.05,0.234,0.0,0.1088,-1424.80517578125
293,0.05,0.234,0.0,0.1112,-1424.743408203125
294,0.05,0.234,0.0,0.1136,-1426.6405029296875
295,0.05,0.234,0.0,0.116,-1426.0706787109375
296,0.05,0.234,0.0,0.1184,-1427.308349609375
297,0.05,0.234,0.0,0.1208,-1428.4168701171875
298,0.05,0.234,0.0,0.1232,-1431.416259765625
299,0.05,0.234,0.0,0.1256,-1431.931884765625
300,0.05,0.234,0.0,0.128,-1431.6171875
301,0.05,0.234,0.0,0.1304,-1433.63525390625
302,0.05,0.234,0.0,0.1328,-1439.633544921875
303,0.05,0.234,0.0,0.1352,-1438.6337890625
304,0.05,0.234,0.0,0.1376,-1437.731201171875
305,0.05,0.234,0.0,0.14,-1438.2432861328125
306,0.05,0.2368,0.0,0.02,-1458.693603515625
307,0.05,0.2368,0.0,0.0224,-1456.119873046875
308,0.05,0.2368,0.0,0.0248,-1448.6649169921875
309,0.05,0.2368,0.0,0.0272,-1443.75927734375
310,0.05,0.2368,0.0,0.0296,-1440.011962890625
311,0.05,0.2368,0.0,0.032,-1434.761962890625
312,0.05,0.2368,0.0,0.0344,-1433.101806640625
313,0.05,0.2368,0.0,0.0368,-1429.2769775390625
314,0.05,0.2368,0.0,0.0392,-1427.180908203125
315,0.05,0.2368,0.0,0.0416,-1424.304931640625
316,0.05,0.2368,0.0,0.044,-1427.1669921875
317,0.05,0.2368,0.0,0.0464,-1424.1412353515625
318,0.05,0.2368,0.0,0.0488,-1420.845703125
319,0.05,0.2368,0.0,0.0512,-1419.93115234375
320,0.05,0.2368,0.0,0.0536,-1418.7666015625
321,0.05,0.2368,0.0,0.056,-1415.1517333984375
322,0.05,0.2368,0.0,0.0584,-1414.966064453125
323,0.05,0.2368,0.0,0.0608,-1413.692626953125
324,0.05,0.2368,0.0,0.0632,-1414.9432373046875
325,0.05,0.2368,0.0,0.0656,-1413.470703125
326,0.05,0.2368,0.0,0.068,-1415.8616943359375
327,0.05,0.2368,0.0,0.0704,-1413.482421875
328,0.05,0.2368,0.0,0.0728,-1415.86083984375
329,0.05,0.2368,0.0,0.0752,-1416.724853515625
330,0.05,0.2368,0.0,0.0776,-1416.314453125
331,0.05,0.2368,0.0,0.08,-1413.86865234375
332,0.05,0.2368,0.0,0.0824,-1418.0318603515625
333,0.05,0.2368,0.0,0.0848,-1419.6519775390625
334,0.05,0.2368,0.0,0.0872,-1415.83349609375
335,0.05,0.2368,0.0,0.0896,-1417.6396484375
336,0.05,0.2368,0.0,0.092,-1416.3172607421875
337,0.05,0.2368,0.0,0.0944,-1417.884765625
338,0.05,0.2368,0.0,0.0968,-1418.450439453125
339,0.05,0.2368,0.0,0.0992,-1420.168212890625
340,0.05,0.2368,0.0,0.1016,-1420.632080078125
341,0.05,0.2368,0.0,0.104,-1421.13720703125
342,0.05,0.2368,0.0,0.1064,-1420.3048095703125
343,0.05,0.2368,0.0,0.1088,-1424.311279296875
344,0.05,0.2368,0.0,0.1112,-1423.3221435546875
345,0.05,0.2368,0.0,0.1136,-1427.1824951171875
346,0.05,0.2368,0.0,0.116,-1427.076416015625
347,0.05,0.2368,0.0,0.1184,-1426.643310546875
348,0.05,0.2368,0.0,0.1208,-1428.157470703125
349,0.05,0.2368,0.0,0.1232,-1429.666259765625
350,0.05,0.2368,0.0,0.1256,-1431.71923828125
351,0.05,0.2368,0.0,0.128,-1432.2017822265625
352,0.05,0.2368,0.0,0.1304,-1435.4456787109375
353,0.05,0.2368,0.0,0.1328,-1433.1715087890625
354,0.05,0.2368,0.0,0.1352,-1437.0633544921875
355,0.05,0.2368,0.0,0.1376,-1435.93017578125
356,0.05,0.2368,0.0,0.14,-1436.5146484375
357,0.05,0.2396,0.0,0.02,-1455.9901123046875
358,0.05,0.2396,0.0,0.0224,-1451.919189453125
359,0.05,0.2396,0.0,0.0248,-1446.614013671875
360,0.05,0.2396,0.0,0.0272,-1442.3536376953125
361,0.05,0.2396,0.0,0.0296,-1435.46337890625
362,0.05,0.2396,0.0,0.032,-1436.970703125
363,0.05,0.2396,0.0,0.0344,-1430.2421875
364,0.05,0.2396,0.0,0.0368,-1430.425537109375
365,0.05,0.2396,0.0,0.0392,-1426.3680419921875
366,0.05,0.2396,0.0,0.0416,-1423.96142578125
367,0.05,0.2396,0.0,0.044,-1421.13671875
368,0.05,0.2396,0.0,0.0464,-1419.9061279296875
369,0.05,0.2396,0.0,0.0488,-1417.336181640625
370,0.05,0.2396,0.0,0.0512,-1417.619873046875
371,0.05,0.2396,0.0,0.0536,-1416.895263671875
372,0.05,0.2396,0.0,0.056,-1417.0018310546875
373,0.05,0.2396,0.0,0.0584,-1414.990478515625
374,0.05,0.2396,0.0,0.0608,-1413.33349609375
375,0.05,0.2396,0.0,0.0632,-1414.236328125
376,0.05,0.2396,0.0,0.0656,-1414.24072265625
377,0.05,0.2396,0.0,0.068,-1411.533203125
378,0.05,0.2396,0.0,0.0704,-1411.507080078125
379,0.05,0.2396,0.0,0.0728,-1413.4188232421875
380,0.05,0.2396,0.0,0.0752,-1413.1590576171875
381,0.05,0.2396,0.0,0.0776,-1413.726318359375
382,0.05,0.2396,0.0,0.08,-1411.89013671875
383,0.05,0.2396,0.0,0.0824,-1414.230224609375
384,0.05,0.2396,0.0,0.0848,-1414.467041015625
385,0.05,0.2396,0.0,0.0872,-1412.7442626953125
386,0.05,0.2396,0.0,0.0896,-1415.8861083984375
387,0.05,0.2396,0.0,0.092,-1416.239501953125
388,0.05,0.2396,0.0,0.0944,-1417.6943359375
389,0.05,0.2396,0.0,0.0968,-1416.693359375
390,0.05,0.2396,0.0,0.0992,-1417.1842041015625
391,0.05,0.2396,0.0,0.1016,-1420.716796875
392,0.05,0.2396,0.0,0.104,-1420.165283203125
393,0.05,0.2396,0.0,0.1064,-1419.3270263671875
394,0.05,0.2396,0.0,0.1088,-1420.220703125
395,0.05,0.2396,0.0,0.1112,-1422.74560546875
396,0.05,0.2396,0.0,0.1136,-1423.0538330078125
397,0.05,0.2396,0.0,0.116,-1425.648193359375
398,0.05,0.2396,0.0,0.1184,-1425.210693359375
399,0.05,0.2396,0.0,0.1208,-1426.080078125
400,0.05,0.2396,0.0,0.1232,-1430.275390625
401,0.05,0.2396,0.0,0.1256,-1429.943603515625
402,0.05,0.2396,0.0,0.128,-1429.7869873046875
403,0.05,0.2396,0.0,0.1304,-1430.50732421875
404,0.05,0.2396,0.0,0.1328,-1432.36669921875
405,0.05,0.2396,0.0,0.1352,-1432.617431640625
406,0.05,0.2396,0.0,0.1376,-1434.7437744140625
407,0.05,0.2396,0.0,0.14,-1436.3701171875
408,0.05,0.2424,0.0,0.02,-1456.940673828125
409,0.05,0.2424,0.0,0.0224,-1450.5633544921875
410,0.05,0.2424,0.0,0.0248,-1444.417724609375
411,0.05,0.2424,0.0,0.0272,-1439.47607421875
412,0.05,0.2424,0.0,0.0296,-1436.84716796875
413,0.05,0.2424,0.0,0.032,-1431.3172607421875
414,0.05,0.2424,0.0,0.0344,-1428.270263671875
415,0.05,0.2424,0.0,0.0368,-1425.031982421875
416,0.05,0.2424,0.0,0.0392,-1423.77880859375
417,0.05,0.2424,0.0,0.0416,-1421.69580078125
418,0.05,0.2424,0.0,0.044,-1419.871337890625
419,0.05,0.2424,0.0,0.0464,-1418.7225341796875
420,0.05,0.2424,0.0,0.0488,-1417.5693359375
421,0.05,0.2424,0.0,0.0512,-1416.660888671875
422,0.05,0.2424,0.0,0.0536,-1415.49365234375
423,0.05,0.2424,0.0,0.056,-1414.4521484375
424,0.05,0.2424,0.0,0.0584,-1413.3133544921875
425,0.05,0.2424,0.0,0.0608,-1413.53076171875
426,0.05,0.2424,0.0,0.0632,-1411.396728515625
427,0.05,0.2424,0.0,0.0656,-1411.44482421875
428,0.05,0.2424,0.0,0.068,-1412.8714599609375
429,0.05,0.2424,0.0,0.0704,-1411.9410400390625
430,0.05,0.2424,0.0,0.0728,-1413.399658203125
431,0.05,0.2424,0.0,0.0752,-1411.0704345703125
432,0.05,0.2424,0.0,0.0776,-1412.044677734375
433,0.05,0.2424,0.0,0.08,-1412.7432861328125
434,0.05,0.2424,0.0,0.0824,-1414.4390869140625
435,0.05,0.2424,0.0,0.0848,-1413.1024169921875
436,0.05,0.2424,0.0,0.0872,-1412.614501953125
437,0.05,0.2424,0.0,0.0896,-1415.8056640625
438,0.05,0.2424,0.0,0.092,-1414.13818359375
439,0.05,0.2424,0.0,0.0944,-1415.51318359375
440,0.05,0.2424,0.0,0.0968,-1415.43310546875
441,0.05,0.2424,0.0,0.0992,-1416.7852783203125
442,0.05,0.2424,0.0,0.1016,-1417.0296630859375
443,0.05,0.2424,0.0,0.104,-1417.079345703125
444,0.05,0.2424,0.0,0.1064,-1419.130126953125
445,0.05,0.2424,0.0,0.1088,-1421.0419921875
446,0.05,0.2424,0.0,0.1112,-1420.4091796875
447,0.05,0.2424,0.0,0.1136,-1420.916259765625
448,0.05,0.2424,0.0,0.116,-1422.3843994140625
449,0.05,0.2424,0.0,0.1184,-1424.8818359375
450,0.05,0.2424,0.0,0.1208,-1424.7464599609375
451,0.05,0.2424,0.0,0.1232,-1425.8323974609375
452,0.05,0.2424,0.0,0.1256,-1427.77197265625
453,0.05,0.2424,0.0,0.128,-1428.0545654296875
454,0.05,0.2424,0.0,0.1304,-1429.181640625
455,0.05,0.2424,0.0,0.1328,-1431.1348876953125
456,0.05,0.2424,0.0,0.1352,-1432.386962890625
457,0.05,0.2424,0.0,0.1376,-1433.84912109375
458,0.05,0.2424,0.0,0.14,-1434.88427734375
459,0.05,0.2452,0.0,0.02,-1454.6099853515625
460,0.05,0.2452,0.0,0.0224,-1449.51220703125
461,0.05,0.2452,0.0,0.0248,-1443.552490234375
462,0.05,0.2452,0.0,0.0272,-1438.4635009765625
463,0.05,0.2452,0.0,0.0296,-1434.420654296875
464,0.05,0.2452,0.0,0.032,-1432.1229248046875
465,0.05,0.2452,0.0,0.0344,-1429.4375
466,0.05,0.2452,0.0,0.0368,-1425.573974609375
467,0.05,0.2452,0.0,0.0392,-1422.033935546875
468,0.05,0.2452,0.0,0.0416,-1421.4150390625
469,0.05,0.2452,0.0,0.044,-1418.229736328125
470,0.05,0.2452,0.0,0.0464,-1417.2158203125
471,0.05,0.2452,0.0,0.0488,-1415.05322265625
472,0.05,0.2452,0.0,0.0512,-1412.803955078125
473,0.05,0.2452,0.0,0.0536,-1415.1827392578125
474,0.05,0.2452,0.0,0.056,-1413.1844482421875
475,0.05,0.2452,0.0,0.0584,-1413.224609375
476,0.05,0.2452,0.0,0.0608,-1410.950927734375
477,0.05,0.2452,0.0,0.0632,-1411.462158203125
478,0.05,0.2452,0.0,0.0656,-1411.676025390625
479,0.05,0.2452,0.0,0.068,-1410.9794921875
480,0.05,0.2452,0.0,0.0704,-1409.4476318359375
481,0.05,0.2452,0.0,0.0728,-1411.190673828125
482,0.05,0.2452,0.0,0.0752,-1411.04736328125
483,0.05,0.2452,0.0,0.0776,-1410.650390625
484,0.05,0.2452,0.0,0.08,-1411.405517578125
485,0.05,0.2452,0.0,0.0824,-1410.8251953125
486,0.05,0.2452,0.0,0.0848,-1410.771240234375
487,0.05,0.2452,0.0,0.0872,-1413.3458251953125
488,0.05,0.2452,0.0,0.0896,-1412.441162109375
489,0.05,0.2452,0.0,0.092,-1412.549072265625
490,0.05,0.2452,0.0,0.0944,-1413.713623046875
491,0.05,0.2452,0.0,0.0968,-1413.416748046875
492,0.05,0.2452,0.0,0.0992,-1416.2236328125
493,0.05,0.2452,0.0,0.1016,-1416.22607421875
494,0.05,0.2452,0.0,0.104,-1417.789306640625
495,0.05,0.2452,0.0,0.1064,-1418.308837890625
496,0.05,0.2452,0.0,0.1088,-1418.9595947265625
497,0.05,0.2452,0.0,0.1112,-1418.662841796875
498,0.05,0.2452,0.0,0.1136,-1422.2109375
499,0.05,0.2452,0.0,0.116,-1422.087646484375
500,0.05,0.2452,0.0,0.1184,-1422.08203125
501,0.05,0.2452,0.0,0.1208,-1424.00146484375
502,0.05,0.2452,0.0,0.1232,-1424.448974609375
503,0.05,0.2452,0.0,0.1256,-1425.138671875
504,0.05,0.2452,0.0,0.128,-1428.711181640625
505,0.05,0.2452,0.0,0.1304,-1428.0660400390625
506,0.05,0.2452,0.0,0.1328,-1428.637939453125
507,0.05,0.2452,0.0,0.1352,-1431.88818359375
508,0.05,0.2452,0.0,0.1376,-1432.72509765625
509,0.05,0.2452,0.0,0.14,-1434.1160888671875
510,0.05,0.248,0.0,0.02,-1454.33056640625
511,0.05,0.248,0.0,0.0224,-1447.157470703125
512,0.05,0.248,0.0,0.0248,-1442.7890625
513,0.05,0.248,0.0,0.0272,-1437.103515625
514,0.05,0.248,0.0,0.0296,-1432.79052734375
515,0.05,0.248,0.0,0.032,-1428.93505859375
516,0.05,0.248,0.0,0.0344,-1426.5274658203125
517,0.05,0.248,0.0,0.0368,-1423.41015625
518,0.05,0.248,0.0,0.0392,-1422.207763671875
519,0.05,0.248,0.0,0.0416,-1420.008056640625
520,0.05,0.248,0.0,0.044,-1417.7767333984375
521,0.05,0.248,0.0,0.0464,-1416.07470703125
522,0.05,0.248,0.0,0.0488,-1415.752197265625
523,0.05,0.248,0.0,0.0512,-1413.498779296875
524,0.05,0.248,0.0,0.0536,-1413.02880859375
525,0.05,0.248,0.0,0.056,-1410.3662109375
526,0.05,0.248,0.0,0.0584,-1410.85595703125
527,0.05,0.248,0.0,0.0608,-1410.865966796875
528,0.05,0.248,0.0,0.0632,-1410.271484375
529,0.05,0.248,0.0,0.0656,-1409.4688720703125
530,0.05,0.248,0.0,0.068,-1409.30859375
531,0.05,0.248,0.0,0.0704,-1409.27734375
532,0.05,0.248,0.0,0.0728,-1408.806884765625
533,0.05,0.248,0.0,0.0752,-1410.332763671875
534,0.05,0.248,0.0,0.0776,-1409.9144287109375
535,0.05,0.248,0.0,0.08,-1410.0013427734375
536,0.05,0.248,0.0,0.0824,-1411.5894775390625
537,0.05,0.248,0.0,0.0848,-1410.6865234375
538,0.05,0.248,0.0,0.0872,-1411.9466552734375
539,0.05,0.248,0.0,0.0896,-1411.21337890625
540,0.05,0.248,0.0,0.092,-1412.4427490234375
541,0.05,0.248,0.0,0.0944,-1412.196533203125
542,0.05,0.248,0.0,0.0968,-1412.724365234375
543,0.05,0.248,0.0,0.0992,-1413.8489990234375
544,0.05,0.248,0.0,0.1016,-1415.8929443359375
545,0.05,0.248,0.0,0.104,-1415.8701171875
546,0.05,0.248,0.0,0.1064,-1416.7540283203125
547,0.05,0.248,0.0,0.1088,-1417.833984375
548,0.05,0.248,0.0,0.1112,-1419.080322265625
549,0.05,0.248,0.0,0.1136,-1420.5927734375
550,0.05,0.248,0.0,0.116,-1421.25537109375
551,0.05,0.248,0.0,0.1184,-1421.602783203125
552,0.05,0.248,0.0,0.1208,-1422.072998046875
553,0.05,0.248,0.0,0.1232,-1424.4495849609375
554,0.05,0.248,0.0,0.1256,-1424.705078125
555,0.05,0.248,0.0,0.128,-1427.1806640625
556,0.05,0.248,0.0,0.1304,-1428.0302734375
557,0.05,0.248,0.0,0.1328,-1428.5318603515625
558,0.05,0.248,0.0,0.1352,-1428.212646484375
559,0.05,0.248,0.0,0.1376,-1432.018310546875
560,0.05,0.248,0.0,0.14,-1432.53076171875
561,0.05,0.2508,0.0,0.02,-1451.613525390625
562,0.05,0.2508,0.0,0.0224,-1446.1170654296875
563,0.05,0.2508,0.0,0.0248,-1440.774169921875
564,0.05,0.2508,0.0,0.0272,-1436.30126953125
565,0.05,0.2508,0.0,0.0296,-1431.50244140625
566,0.05,0.2508,0.0,0.032,-1429.178466796875
567,0.05,0.2508,0.0,0.0344,-1425.440185546875
568,0.05,0.2508,0.0,0.0368,-1422.499755859375
569,0.05,0.2508,0.0,0.0392,-1420.42724609375
570,0.05,0.2508,0.0,0.0416,-1419.363525390625
571,0.05,0.2508,0.0,0.044,-1417.009765625
572,0.05,0.2508,0.0,0.0464,-1414.7828369140625
573,0.05,0.2508,0.0,0.0488,-1413.271728515625
574,0.05,0.2508,0.0,0.0512,-1412.024169921875
575,0.05,0.2508,0.0,0.0536,-1411.535400390625
576,0.05,0.2508,0.0,0.056,-1409.592529296875
577,0.05,0.2508,0.0,0.0584,-1410.48779296875
578,0.05,0.2508,0.0,0.0608,-1408.799072265625
579,0.05,0.2508,0.0,0.0632,-1409.3037109375
580,0.05,0.2508,0.0,0.0656,-1408.6097412109375
581,0.05,0.2508,0.0,0.068,-1409.32763671875
582,0.05,0.2508,0.0,0.0704,-1407.0518798828125
583,0.05,0.2508,0.0,0.0728,-1408.2769775390625
584,0.05,0.2508,0.0,0.0752,-1408.781494140625
585,0.05,0.2508,0.0,0.0776,-1408.8013916015625
586,0.05,0.2508,0.0,0.08,-1408.4793701171875
587,0.05,0.2508,0.0,0.0824,-1409.068115234375
588,0.05,0.2508,0.0,0.0848,-1409.15576171875
589,0.05,0.2508,0.0,0.0872,-1409.714599609375
590,0.05,0.2508,0.0,0.0896,-1410.5352783203125
591,0.05,0.2508,0.0,0.092,-1412.0877685546875
592,0.05,0.2508,0.0,0.0944,-1412.276123046875
593,0.05,0.2508,0.0,0.0968,-1413.11376953125
594,0.05,0.2508,0.0,0.0992,-1413.475341796875
595,0.05,0.2508,0.0,0.1016,-1413.7630615234375
596,0.05,0.2508,0.0,0.104,-1416.3389892578125
597,0.05,0.2508,0.0,0.1064,-1415.05126953125
598,0.05,0.2508,0.0,0.1088,-1416.843017578125
599,0.05,0.2508,0.0,0.1112,-1416.8934326171875
600,0.05,0.2508,0.0,0.1136,-1419.5595703125
601,0.05,0.2508,0.0,0.116,-1419.373046875
602,0.05,0.2508,0.0,0.1184,-1420.2255859375
603,0.05,0.2508,0.0,0.1208,-1421.7269287109375
604,0.05,0.2508,0.0,0.1232,-1423.937255859375
605,0.05,0.2508,0.0,0.1256,-1423.568359375
606,0.05,0.2508,0.0,0.128,-1426.587646484375
607,0.05,0.2508,0.0,0.1304,-1427.1900634765625
608,0.05,0.2508,0.0,0.1328,-1428.46630859375
609,0.05,0.2508,0.0,0.1352,-1429.966552734375
610,0.05,0.2508,0.0,0.1376,-1431.080810546875
611,0.05,0.2508,0.0,0.14,-1433.23388671875
612,0.05,0.2536,0.0,0.02,-1452.224365234375
613,0.05,0.2536,0.0,0.0224,-1446.06396484375
614,0.05,0.2536,0.0,0.0248,-1439.6279296875
615,0.05,0.2536,0.0,0.0272,-1436.379638671875
616,0.05,0.2536,0.0,0.0296,-1430.9979248046875
617,0.05,0.2536,0.0,0.032,-1428.133544921875
618,0.05,0.2536,0.0,0.0344,-1425.1563720703125
619,0.05,0.2536,0.0,0.0368,-1421.075927734375
620,0.05,0.2536,0.0,0.0392,-1419.17529296875
621,0.05,0.2536,0.0,0.0416,-1416.91796875
622,0.05,0.2536,0.0,0.044,-1415.38916015625
623,0.05,0.2536,0.0,0.0464,-1413.7060546875
624,0.05,0.2536,0.0,0.0488,-1413.38671875
625,0.05,0.2536,0.0,0.0512,-1411.203125
626,0.05,0.2536,0.0,0.0536,-1411.319091796875
627,0.05,0.2536,0.0,0.056,-1408.9273681640625
628,0.05,0.2536,0.0,0.0584,-1409.002685546875
629,0.05,0.2536,0.0,0.0608,-1408.0572509765625
630,0.05,0.2536,0.0,0.0632,-1408.1285400390625
631,0.05,0.2536,0.0,0.0656,-1407.61181640625
632,0.05,0.2536,0.0,0.068,-1408.75439453125
633,0.05,0.2536,0.0,0.0704,-1407.996337890625
634,0.05,0.2536,0.0,0.0728,-1406.830810546875
635,0.05,0.2536,0.0,0.0752,-1408.3861083984375
636,0.05,0.2536,0.0,0.0776,-1408.31201171875
637,0.05,0.2536,0.0,0.08,-1408.0367431640625
638,0.05,0.2536,0.0,0.0824,-1408.3634033203125
639,0.05,0.2536,0.0,0.0848,-1409.869384765625
640,0.05,0.2536,0.0,0.0872,-1409.18310546875
641,0.05,0.2536,0.0,0.0896,-1409.79736328125
642,0.05,0.2536,0.0,0.092,-1409.887451171875
643,0.05,0.2536,0.0,0.0944,-1410.8089599609375
644,0.05,0.2536,0.0,0.0968,-1411.139892578125
645,0.05,0.2536,0.0,0.0992,-1412.6041259765625
646,0.05,0.2536,0.0,0.1016,-1413.458251953125
647,0.05,0.2536,0.0,0.104,-1414.18359375
648,0.05,0.2536,0.0,0.1064,-1414.96630859375
649,0.05,0.2536,0.0,0.1088,-1414.933837890625
650,0.05,0.2536,0.0,0.1112,-1416.6959228515625
651,0.05,0.2536,0.0,0.1136,-1417.35888671875
652,0.05,0.2536,0.0,0.116,-1419.7425537109375
653,0.05,0.2536,0.0,0.1184,-1420.66650390625
654,0.05,0.2536,0.0,0.1208,-1421.2064208984375
655,0.05,0.2536,0.0,0.1232,-1422.3128662109375
656,0.05,0.2536,0.0,0.1256,-1423.00439453125
657,0.05,0.2536,0.0,0.128,-1424.3173828125
658,0.05,0.2536,0.0,0.1304,-1425.97314453125
659,0.05,0.2536,0.0,0.1328,-1426.964111328125
660,0.05,0.2536,0.0,0.1352,-1428.499755859375
661,0.05,0.2536,0.0,0.1376,-1429.68603515625
662,0.05,0.2536,0.0,0.14,-1431.327392578125
663,0.05,0.2564,0.0,0.02,-1450.3065185546875
664,0.05,0.2564,0.0,0.0224,-1445.7781982421875
665,0.05,0.2564,0.0,0.0248,-1439.2181396484375
666,0.05,0.2564,0.0,0.0272,-1434.724609375
667,0.05,0.2564,0.0,0.0296,-1431.312744140625
668,0.05,0.2564,0.0,0.032,-1426.9573974609375
669,0.05,0.2564,0.0,0.0344,-1423.812255859375
670,0.05,0.2564,0.0,0.0368,-1420.537109375
671,0.05,0.2564,0.0,0.0392,-1418.694580078125
672,0.05,0.2564,0.0,0.0416,-1417.262451171875
673,0.05,0.2564,0.0,0.044,-1415.03173828125
674,0.05,0.2564,0.0,0.0464,-1412.458740234375
675,0.05,0.2564,0.0,0.0488,-1410.8043212890625
676,0.05,0.2564,0.0,0.0512,-1410.5562744140625
677,0.05,0.2564,0.0,0.0536,-1410.0372314453125
678,0.05,0.2564,0.0,0.056,-1409.145263671875
679,0.05,0.2564,0.0,0.0584,-1409.1754150390625
680,0.05,0.2564,0.0,0.0608,-1406.931884765625
681,0.05,0.2564,0.0,0.0632,-1408.4266357421875
682,0.05,0.2564,0.0,0.0656,-1407.1591796875
683,0.05,0.2564,0.0,0.068,-1407.25634765625
684,0.05,0.2564,0.0,0.0704,-1406.85302734375
685,0.05,0.2564,0.0,0.0728,-1406.727294921875
686,0.05,0.2564,0.0,0.0752,-1407.498291015625
687,0.05,0.2564,0.0,0.0776,-1407.0406494140625
688,0.05,0.2564,0.0,0.08,-1408.0595703125
689,0.05,0.2564,0.0,0.0824,-1407.5419921875
690,0.05,0.2564,0.0,0.0848,-1408.044189453125
691,0.05,0.2564,0.0,0.0872,-1408.34228515625
692,0.05,0.2564,0.0,0.0896,-1408.4608154296875
693,0.05,0.2564,0.0,0.092,-1408.557373046875
694,0.05,0.2564,0.0,0.0944,-1410.2215576171875
695,0.05,0.2564,0.0,0.0968,-1411.324462890625
696,0.05,0.2564,0.0,0.0992,-1411.6959228515625
697,0.05,0.2564,0.0,0.1016,-1413.18896484375
698,0.05,0.2564,0.0,0.104,-1413.55126953125
699,0.05,0.2564,0.0,0.1064,-1414.035888671875
700,0.05,0.2564,0.0,0.1088,-1414.8079833984375
701,0.05,0.2564,0.0,0.1112,-1415.55810546875
702,0.05,0.2564,0.0,0.1136,-1416.474853515625
703,0.05,0.2564,0.0,0.116,-1418.3360595703125
704,0.05,0.2564,0.0,0.1184,-1420.074462890625
705,0.05,0.2564,0.0,0.1208,-1420.6104736328125
706,0.05,0.2564,0.0,0.1232,-1422.44482421875
707,0.05,0.2564,0.0,0.1256,-1421.89306640625
708,0.05,0.2564,0.0,0.128,-1425.3787841796875
709,0.05,0.2564,0.0,0.1304,-1425.189697265625
710,0.05,0.2564,0.0,0.1328,-1426.5880126953125
711,0.05,0.2564,0.0,0.1352,-1427.98193359375
712,0.05,0.2564,0.0,0.1376,-1428.9276123046875
713,0.05,0.2564,0.0,0.14,-1431.2908935546875
714,0.05,0.2592,0.0,0.02,-1449.29443359375
715,0.05,0.2592,0.0,0.0224,-1444.59423828125
716,0.05,0.2592,0.0,0.0248,-1438.8372802734375
717,0.05,0.2592,0.0,0.0272,-1433.8787841796875
718,0.05,0.2592,0.0,0.0296,-1429.8575439453125
719,0.05,0.2592,0.0,0.032,-1425.6092529296875
720,0.05,0.2592,0.0,0.0344,-1422.146484375
721,0.05,0.2592,0.0,0.0368,-1420.1873779296875
722,0.05,0.2592,0.0,0.0392,-1417.2716064453125
723,0.05,0.2592,0.0,0.0416,-1416.8050537109375
724,0.05,0.2592,0.0,0.044,-1414.420166015625
725,0.05,0.2592,0.0,0.0464,-1413.1298828125
726,0.05,0.2592,0.0,0.0488,-1411.632080078125
727,0.05,0.2592,0.0,0.0512,-1411.0146484375
728,0.05,0.2592,0.0,0.0536,-1410.1153564453125
729,0.05,0.2592,0.0,0.056,-1407.825439453125
730,0.05,0.2592,0.0,0.0584,-1408.5174560546875
731,0.05,0.2592,0.0,0.0608,-1407.1278076171875
732,0.05,0.2592,0.0,0.0632,-1407.198486328125
733,0.05,0.2592,0.0,0.0656,-1405.875732421875
734,0.05,0.2592,0.0,0.068,-1406.74609375
735,0.05,0.2592,0.0,0.0704,-1406.470458984375
736,0.05,0.2592,0.0,0.0728,-1405.237548828125
737,0.05,0.2592,0.0,0.0752,-1406.285888671875
738,0.05,0.2592,0.0,0.0776,-1405.57373046875
739,0.05,0.2592,0.0,0.08,-1406.4998779296875
740,0.05,0.2592,0.0,0.0824,-1407.1685791015625
741,0.05,0.2592,0.0,0.0848,-1407.787353515625
742,0.05,0.2592,0.0,0.0872,-1407.3253173828125
743,0.05,0.2592,0.0,0.0896,-1407.73828125
744,0.05,0.2592,0.0,0.092,-1409.560791015625
745,0.05,0.2592,0.0,0.0944,-1410.8594970703125
746,0.05,0.2592,0.0,0.0968,-1410.949462890625
747,0.05,0.2592,0.0,0.0992,-1411.135986328125
748,0.05,0.2592,0.0,0.1016,-1412.06298828125
749,0.05,0.2592,0.0,0.104,-1413.3260498046875
750,0.05,0.2592,0.0,0.1064,-1414.1610107421875
751,0.05,0.2592,0.0,0.1088,-1415.410400390625
752,0.05,0.2592,0.0,0.1112,-1416.02978515625
753,0.05,0.2592,0.0,0.1136,-1417.603271484375
754,0.05,0.2592,0.0,0.116,-1418.13134765625
755,0.05,0.2592,0.0,0.1184,-1418.716064453125
756,0.05,0.2592,0.0,0.1208,-1419.53662109375
757,0.05,0.2592,0.0,0.1232,-1420.92138671875
758,0.05,0.2592,0.0,0.1256,-1422.1728515625
759,0.05,0.2592,0.0,0.128,-1423.837890625
760,0.05,0.2592,0.0,0.1304,-1423.8629150390625
761,0.05,0.2592,0.0,0.1328,-1426.35888671875
762,0.05,0.2592,0.0,0.1352,-1427.875
763,0.05,0.2592,0.0,0.1376,-1428.8544921875
764,0.05,0.2592,0.0,0.14,-1430.208251953125
765,0.05,0.262,0.0,0.02,-1450.2265625
766,0.05,0.262,0.0,0.0224,-1442.78173828125
767,0.05,0.262,0.0,0.0248,-1439.107177734375
768,0.05,0.262,0.0,0.0272,-1432.62548828125
769,0.05,0.262,0.0,0.0296,-1429.639892578125
770,0.05,0.262,0.0,0.032,-1425.441162109375
771,0.05,0.262,0.0,0.0344,-1422.621826171875
772,0.05,0.262,0.0,0.0368,-1419.3865966796875
773,0.05,0.262,0.0,0.0392,-1417.14697265625
774,0.05,0.262,0.0,0.0416,-1415.676025390625
775,0.05,0.262,0.0,0.044,-1413.4892578125
776,0.05,0.262,0.0,0.0464,-1412.96044921875
777,0.05,0.262,0.0,0.0488,-1411.09814453125
778,0.05,0.262,0.0,0.0512,-1409.8079833984375
779,0.05,0.262,0.0,0.0536,-1409.0911865234375
780,0.05,0.262,0.0,0.056,-1407.4609375
781,0.05,0.262,0.0,0.0584,-1407.4320068359375
782,0.05,0.262,0.0,0.0608,-1406.3204345703125
783,0.05,0.262,0.0,0.0632,-1406.3179931640625
784,0.05,0.262,0.0,0.0656,-1405.31591796875
785,0.05,0.262,0.0,0.068,-1405.470458984375
786,0.05,0.262,0.0,0.0704,-1404.9835205078125
787,0.05,0.262,0.0,0.0728,-1405.529052734375
788,0.05,0.262,0.0,0.0752,-1406.3685302734375
789,0.05,0.262,0.0,0.0776,-1405.8211669921875
790,0.05,0.262,0.0,0.08,-1405.553955078125
791,0.05,0.262,0.0,0.0824,-1407.213623046875
792,0.05,0.262,0.0,0.0848,-1407.0595703125
793,0.05,0.262,0.0,0.0872,-1407.8245849609375
794,0.05,0.262,0.0,0.0896,-1408.427978515625
795,0.05,0.262,0.0,0.092,-1408.767822265625
796,0.05,0.262,0.0,0.0944,-1409.269287109375
797,0.05,0.262,0.0,0.0968,-1410.117431640625
798,0.05,0.262,0.0,0.0992,-1410.6474609375
799,0.05,0.262,0.0,0.1016,-1411.80029296875
800,0.05,0.262,0.0,0.104,-1412.9320068359375
801,0.05,0.262,0.0,0.1064,-1413.3109130859375
802,0.05,0.262,0.0,0.1088,-1415.0814208984375
803,0.05,0.262,0.0,0.1112,-1415.498779296875
804,0.05,0.262,0.0,0.1136,-1416.544189453125
805,0.05,0.262,0.0,0.116,-1417.2950439453125
806,0.05,0.262,0.0,0.1184,-1418.17626953125
807,0.05,0.262,0.0,0.1208,-1418.98193359375
808,0.05,0.262,0.0,0.1232,-1421.268798828125
809,0.05,0.262,0.0,0.1256,-1422.833251953125
810,0.05,0.262,0.0,0.128,-1424.2529296875
811,0.05,0.262,0.0,0.1304,-1424.124755859375
812,0.05,0.262,0.0,0.1328,-1426.287353515625
813,0.05,0.262,0.0,0.1352,-1428.14990234375
814,0.05,0.262,0.0,0.1376,-1428.95556640625
815,0.05,0.262,0.0,0.14,-1430.7596435546875
816,0.05,0.2648,0.0,0.02,-1449.1710205078125
817,0.05,0.2648,0.0,0.0224,-1442.7880859375
818,0.05,0.2648,0.0,0.0248,-1437.473876953125
819,0.05,0.2648,0.0,0.0272,-1434.1951904296875
820,0.05,0.2648,0.0,0.0296,-1427.3421630859375
821,0.05,0.2648,0.0,0.032,-1426.08837890625
822,0.05,0.2648,0.0,0.0344,-1422.12744140625
823,0.05,0.2648,0.0,0.0368,-1418.959716796875
824,0.05,0.2648,0.0,0.0392,-1418.4715576171875
825,0.05,0.2648,0.0,0.0416,-1415.649658203125
826,0.05,0.2648,0.0,0.044,-1413.035888671875
827,0.05,0.2648,0.0,0.0464,-1411.341552734375
828,0.05,0.2648,0.0,0.0488,-1410.293701171875
829,0.05,0.2648,0.0,0.0512,-1408.4866943359375
830,0.05,0.2648,0.0,0.0536,-1408.53125
831,0.05,0.2648,0.0,0.056,-1407.3013916015625
832,0.05,0.2648,0.0,0.0584,-1407.172119140625
833,0.05,0.2648,0.0,0.0608,-1406.590576171875
834,0.05,0.2648,0.0,0.0632,-1405.5404052734375
835,0.05,0.2648,0.0,0.0656,-1405.36669921875
836,0.05,0.2648,0.0,0.068,-1405.979736328125
837,0.05,0.2648,0.0,0.0704,-1404.988525390625
838,0.05,0.2648,0.0,0.0728,-1404.4959716796875
839,0.05,0.2648,0.0,0.0752,-1406.093017578125
840,0.05,0.2648,0.0,0.0776,-1406.050537109375
841,0.05,0.2648,0.0,0.08,-1405.483154296875
842,0.05,0.2648,0.0,0.0824,-1406.523193359375
843,0.05,0.2648,0.0,0.0848,-1406.837890625
844,0.05,0.2648,0.0,0.0872,-1406.34375
845,0.05,0.2648,0.0,0.0896,-1408.1085205078125
846,0.05,0.2648,0.0,0.092,-1408.353271484375
847,0.05,0.2648,0.0,0.0944,-1408.390869140625
848,0.05,0.2648,0.0,0.0968,-1409.6982421875
849,0.05,0.2648,0.0,0.0992,-1410.808349609375
850,0.05,0.2648,0.0,0.1016,-1411.9141845703125
851,0.05,0.2648,0.0,0.104,-1412.32373046875
852,0.05,0.2648,0.0,0.1064,-1413.5302734375
853,0.05,0.2648,0.0,0.1088,-1414.6309814453125
854,0.05,0.2648,0.0,0.1112,-1415.14111328125
855,0.05,0.2648,0.0,0.1136,-1415.815673828125
856,0.05,0.2648,0.0,0.116,-1417.248046875
857,0.05,0.2648,0.0,0.1184,-1417.768798828125
858,0.05,0.2648,0.0,0.1208,-1418.943115234375
859,0.05,0.2648,0.0,0.1232,-1420.7783203125
860,0.05,0.2648,0.0,0.1256,-1422.540283203125
861,0.05,0.2648,0.0,0.128,-1423.4873046875
862,0.05,0.2648,0.0,0.1304,-1424.7841796875
863,0.05,0.2648,0.0,0.1328,-1425.310546875
864,0.05,0.2648,0.0,0.1352,-1427.101318359375
865,0.05,0.2648,0.0,0.1376,-1427.794189453125
866,0.05,0.2648,0.0,0.14,-1429.27880859375
867,0.05,0.2676,0.0,0.02,-1448.302490234375
868,0.05,0.2676,0.0,0.0224,-1442.394287109375
869,0.05,0.2676,0.0,0.0248,-1436.98828125
870,0.05,0.2676,0.0,0.0272,-1432.1796875
871,0.05,0.2676,0.0,0.0296,-1427.854736328125
872,0.05,0.2676,0.0,0.032,-1424.530517578125
873,0.05,0.2676,0.0,0.0344,-1420.790283203125
874,0.05,0.2676,0.0,0.0368,-1418.862548828125
875,0.05,0.2676,0.0,0.0392,-1417.3367919921875
876,0.05,0.2676,0.0,0.0416,-1415.2662353515625
877,0.05,0.2676,0.0,0.044,-1412.91552734375
878,0.05,0.2676,0.0,0.0464,-1412.009521484375
879,0.05,0.2676,0.0,0.0488,-1409.5272216796875
880,0.05,0.2676,0.0,0.0512,-1409.471923828125
881,0.05,0.2676,0.0,0.0536,-1408.6253662109375
882,0.05,0.2676,0.0,0.056,-1406.531982421875
883,0.05,0.2676,0.0,0.0584,-1405.57666015625
884,0.05,0.2676,0.0,0.0608,-1406.37109375
885,0.05,0.2676,0.0,0.0632,-1405.1812744140625
886,0.05,0.2676,0.0,0.0656,-1405.985595703125
887,0.05,0.2676,0.0,0.068,-1405.864501953125
888,0.05,0.2676,0.0,0.0704,-1404.9052734375
889,0.05,0.2676,0.0,0.0728,-1404.533935546875
890,0.05,0.2676,0.0,0.0752,-1405.5625
891,0.05,0.2676,0.0,0.0776,-1405.5084228515625
892,0.05,0.2676,0.0,0.08,-1405.4287109375
893,0.05,0.2676,0.0,0.0824,-1406.352294921875
894,0.05,0.2676,0.0,0.0848,-1406.5126953125
895,0.05,0.2676,0.0,0.0872,-1406.864013671875
896,0.05,0.2676,0.0,0.0896,-1407.5079345703125
897,0.05,0.2676,0.0,0.092,-1408.51904296875
898,0.05,0.2676,0.0,0.0944,-1408.794189453125
899,0.05,0.2676,0.0,0.0968,-1409.9637451171875
900,0.05,0.2676,0.0,0.0992,-1409.65478515625
901,0.05,0.2676,0.0,0.1016,-1411.5693359375
902,0.05,0.2676,0.0,0.104,-1412.5859375
903,0.05,0.2676,0.0,0.1064,-1413.83642578125
904,0.05,0.2676,0.0,0.1088,-1414.2919921875
905,0.05,0.2676,0.0,0.1112,-1415.26416015625
906,0.05,0.2676,0.0,0.1136,-1415.072998046875
907,0.05,0.2676,0.0,0.116,-1417.595947265625
908,0.05,0.2676,0.0,0.1184,-1417.9080810546875
909,0.05,0.2676,0.0,0.1208,-1419.5079345703125
910,0.05,0.2676,0.0,0.1232,-1420.28369140625
911,0.05,0.2676,0.0,0.1256,-1421.354248046875
912,0.05,0.2676,0.0,0.128,-1423.63427734375
913,0.05,0.2676,0.0,0.1304,-1424.4676513671875
914,0.05,0.2676,0.0,0.1328,-1425.9100341796875
915,0.05,0.2676,0.0,0.1352,-1427.2939453125
916,0.05,0.2676,0.0,0.1376,-1428.1806640625
917,0.05,0.2676,0.0,0.14,-1429.88671875
918,0.05,0.2704,0.0,0.02,-1448.9033203125
919,0.05,0.2704,0.0,0.0224,-1442.54296875
920,0.05,0.2704,0.0,0.0248,-1437.498779296875
921,0.05,0.2704,0.0,0.0272,-1432.133056640625
922,0.05,0.2704,0.0,0.0296,-1428.5419921875
923,0.05,0.2704,0.0,0.032,-1424.1610107421875
924,0.05,0.2704,0.0,0.0344,-1421.487548828125
925,0.05,0.2704,0.0,0.0368,-1419.296630859375
926,0.05,0.2704,0.0,0.0392,-1415.960693359375
927,0.05,0.2704,0.0,0.0416,-1415.0914306640625
928,0.05,0.2704,0.0,0.044,-1412.613037109375
929,0.05,0.2704,0.0,0.0464,-1411.620849609375
930,0.05,0.2704,0.0,0.0488,-1410.815673828125
931,0.05,0.2704,0.0,0.0512,-1409.0689697265625
932,0.05,0.2704,0.0,0.0536,-1408.142333984375
933,0.05,0.2704,0.0,0.056,-1407.3892822265625
934,0.05,0.2704,0.0,0.0584,-1406.87841796875
935,0.05,0.2704,0.0,0.0608,-1405.852783203125
936,0.05,0.2704,0.0,0.0632,-1406.0810546875
937,0.05,0.2704,0.0,0.0656,-1405.286865234375
938,0.05,0.2704,0.0,0.068,-1404.457275390625
939,0.05,0.2704,0.0,0.0704,-1405.358154296875
940,0.05,0.2704,0.0,0.0728,-1404.603515625
941,0.05,0.2704,0.0,0.0752,-1404.7896728515625
942,0.05,0.2704,0.0,0.0776,-1405.1591796875
943,0.05,0.2704,0.0,0.08,-1405.90478515625
944,0.05,0.2704,0.0,0.0824,-1405.8369140625
945,0.05,0.2704,0.0,0.0848,-1407.359375
946,0.05,0.2704,0.0,0.0872,-1407.1522216796875
947,0.05,0.2704,0.0,0.0896,-1406.9437255859375
948,0.05,0.2704,0.0,0.092,-1407.734619140625
949,0.05,0.2704,0.0,0.0944,-1408.7640380859375
950,0.05,0.2704,0.0,0.0968,-1409.1453857421875
951,0.05,0.2704,0.0,0.0992,-1410.15380859375
952,0.05,0.2704,0.0,0.1016,-1410.6357421875
953,0.05,0.2704,0.0,0.104,-1412.184326171875
954,0.05,0.2704,0.0,0.1064,-1413.2967529296875
955,0.05,0.2704,0.0,0.1088,-1414.5146484375
956,0.05,0.2704,0.0,0.1112,-1414.093994140625
957,0.05,0.2704,0.0,0.1136,-1415.82177734375
958,0.05,0.2704,0.0,0.116,-1416.977783203125
959,0.05,0.2704,0.0,0.1184,-1419.14111328125
960,0.05,0.2704,0.0,0.1208,-1420.6297607421875
961,0.05,0.2704,0.0,0.1232,-1420.64697265625
962,0.05,0.2704,0.0,0.1256,-1420.9798583984375
963,0.05,0.2704,0.0,0.128,-1423.2177734375
964,0.05,0.2704,0.0,0.1304,-1423.453369140625
965,0.05,0.2704,0.0,0.1328,-1425.234619140625
966,0.05,0.2704,0.0,0.1352,-1425.870849609375
967,0.05,0.2704,0.0,0.1376,-1428.004150390625
968,0.05,0.2704,0.0,0.14,-1430.4649658203125
969,0.05,0.2732,0.0,0.02,-1448.059814453125
970,0.05,0.2732,0.0,0.0224,-1442.678955078125
971,0.05,0.2732,0.0,0.0248,-1437.0625
972,0.05,0.2732,0.0,0.0272,-1432.05615234375
973,0.05,0.2732,0.0,0.0296,-1429.3590087890625
974,0.05,0.2732,0.0,0.032,-1425.00634765625
975,0.05,0.2732,0.0,0.0344,-1422.16455078125
976,0.05,0.2732,0.0,0.0368,-1418.750732421875
977,0.05,0.2732,0.0,0.0392,-1416.3544921875
978,0.05,0.2732,0.0,0.0416,-1414.302490234375
979,0.05,0.2732,0.0,0.044,-1413.351318359375
980,0.05,0.2732,0.0,0.0464,-1411.7958984375
981,0.05,0.2732,0.0,0.0488,-1408.887939453125
982,0.05,0.2732,0.0,0.0512,-1408.9442138671875
983,0.05,0.2732,0.0,0.0536,-1408.3475341796875
984,0.05,0.2732,0.0,0.056,-1407.058349609375
985,0.05,0.2732,0.0,0.0584,-1406.263671875
986,0.05,0.2732,0.0,0.0608,-1405.687255859375
987,0.05,0.2732,0.0,0.0632,-1405.595458984375
988,0.05,0.2732,0.0,0.0656,-1405.0692138671875
989,0.05,0.2732,0.0,0.068,-1405.334228515625
990,0.05,0.2732,0.0,0.0704,-1404.447021484375
991,0.05,0.2732,0.0,0.0728,-1405.4366455078125
992,0.05,0.2732,0.0,0.0752,-1405.8271484375
993,0.05,0.2732,0.0,0.0776,-1404.977294921875
994,0.05,0.2732,0.0,0.08,-1405.064697265625
995,0.05,0.2732,0.0,0.0824,-1404.670654296875
996,0.05,0.2732,0.0,0.0848,-1404.898193359375
997,0.05,0.2732,0.0,0.0872,-1406.507080078125
998,0.05,0.2732,0.0,0.0896,-1407.2978515625
999,0.05,0.2732,0.0,0.092,-1408.564453125
1000,0.05,0.2732,0.0,0.0944,-1409.6763916015625
1001,0.05,0.2732,0.0,0.0968,-1409.5543212890625
1002,0.05,0.2732,0.0,0.0992,-1410.00634765625
1003,0.05,0.2732,0.0,0.1016,-1411.33056640625
1004,0.05,0.2732,0.0,0.104,-1412.10205078125
1005,0.05,0.2732,0.0,0.1064,-1413.187744140625
1006,0.05,0.2732,0.0,0.1088,-1413.952392578125
1007,0.05,0.2732,0.0,0.1112,-1415.1864013671875
1008,0.05,0.2732,0.0,0.1136,-1416.438232421875
1009,0.05,0.2732,0.0,0.116,-1417.243896484375
1010,0.05,0.2732,0.0,0.1184,-1418.258544921875
1011,0.05,0.2732,0.0,0.1208,-1420.094970703125
1012,0.05,0.2732,0.0,0.1232,-1421.06201171875
1013,0.05,0.2732,0.0,0.1256,-1421.2857666015625
1014,0.05,0.2732,0.0,0.128,-1422.1162109375
1015,0.05,0.2732,0.0,0.1304,-1424.5313720703125
1016,0.05,0.2732,0.0,0.1328,-1425.756103515625
1017,0.05,0.2732,0.0,0.1352,-1426.48779296875
1018,0.05,0.2732,0.0,0.1376,-1428.34716796875
1019,0.05,0.2732,0.0,0.14,-1430.0374755859375
1020,0.05,0.276,0.0,0.02,-1449.1121826171875
1021,0.05,0.276,0.0,0.0224,-1442.8330078125
1022,0.05,0.276,0.0,0.0248,-1437.213134765625
1023,0.05,0.276,0.0,0.0272,-1431.8514404296875
1024,0.05,0.276,0.0,0.0296,-1428.3048095703125
1025,0.05,0.276,0.0,0.032,-1424.9248046875
1026,0.05,0.276,0.0,0.0344,-1421.666015625
1027,0.05,0.276,0.0,0.0368,-1418.62548828125
1028,0.05,0.276,0.0,0.0392,-1417.2845458984375
1029,0.05,0.276,0.0,0.0416,-1415.3187255859375
1030,0.05,0.276,0.0,0.044,-1413.5687255859375
1031,0.05,0.276,0.0,0.0464,-1411.505126953125
1032,0.05,0.276,0.0,0.0488,-1409.65625
1033,0.05,0.276,0.0,0.0512,-1408.8699951171875
1034,0.05,0.276,0.0,0.0536,-1407.8365478515625
1035,0.05,0.276,0.0,0.056,-1407.2196044921875
1036,0.05,0.276,0.0,0.0584,-1405.959228515625
1037,0.05,0.276,0.0,0.0608,-1406.0433349609375
1038,0.05,0.276,0.0,0.0632,-1404.6549072265625
1039,0.05,0.276,0.0,0.0656,-1405.591796875
1040,0.05,0.276,0.0,0.068,-1405.694091796875
1041,0.05,0.276,0.0,0.0704,-1404.5283203125
1042,0.05,0.276,0.0,0.0728,-1404.9791259765625
1043,0.05,0.276,0.0,0.0752,-1405.1591796875
1044,0.05,0.276,0.0,0.0776,-1405.1142578125
1045,0.05,0.276,0.0,0.08,-1406.1396484375
1046,0.05,0.276,0.0,0.0824,-1406.3062744140625
1047,0.05,0.276,0.0,0.0848,-1406.892822265625
1048,0.05,0.276,0.0,0.0872,-1407.4744873046875
1049,0.05,0.276,0.0,0.0896,-1408.16748046875
1050,0.05,0.276,0.0,0.092,-1407.8212890625
1051,0.05,0.276,0.0,0.0944,-1408.7890625
1052,0.05,0.276,0.0,0.0968,-1409.195068359375
1053,0.05,0.276,0.0,0.0992,-1410.286865234375
1054,0.05,0.276,0.0,0.1016,-1411.3292236328125
1055,0.05,0.276,0.0,0.104,-1412.847900390625
1056,0.05,0.276,0.0,0.1064,-1413.6722412109375
1057,0.05,0.276,0.0,0.1088,-1413.61376953125
1058,0.05,0.276,0.0,0.1112,-1414.5618896484375
1059,0.05,0.276,0.0,0.1136,-1416.334716796875
1060,0.05,0.276,0.0,0.116,-1417.362060546875
1061,0.05,0.276,0.0,0.1184,-1418.5572509765625
1062,0.05,0.276,0.0,0.1208,-1420.17578125
1063,0.05,0.276,0.0,0.1232,-1420.9267578125
1064,0.05,0.276,0.0,0.1256,-1422.328125
1065,0.05,0.276,0.0,0.128,-1422.67724609375
1066,0.05,0.276,0.0,0.1304,-1425.055419921875
1067,0.05,0.276,0.0,0.1328,-1426.355712890625
1068,0.05,0.276,0.0,0.1352,-1427.7403564453125
1069,0.05,0.276,0.0,0.1376,-1428.8426513671875
1070,0.05,0.276,0.0,0.14,-1430.928466796875
1071,0.05,0.2788,0.0,0.02,-1449.10107421875
1072,0.05,0.2788,0.0,0.0224,-1443.298095703125
1073,0.05,0.2788,0.0,0.0248,-1437.38720703125
1074,0.05,0.2788,0.0,0.0272,-1431.62646484375
1075,0.05,0.2788,0.0,0.0296,-1428.53857421875
1076,0.05,0.2788,0.0,0.032,-1424.63037109375
1077,0.05,0.2788,0.0,0.0344,-1422.019287109375
1078,0.05,0.2788,0.0,0.0368,-1420.029541015625
1079,0.05,0.2788,0.0,0.0392,-1418.3363037109375
1080,0.05,0.2788,0.0,0.0416,-1415.12548828125
1081,0.05,0.2788,0.0,0.044,-1413.083984375
1082,0.05,0.2788,0.0,0.0464,-1411.17626953125
1083,0.05,0.2788,0.0,0.0488,-1409.480224609375
1084,0.05,0.2788,0.0,0.0512,-1407.9141845703125
1085,0.05,0.2788,0.0,0.0536,-1408.190673828125
1086,0.05,0.2788,0.0,0.056,-1407.0673828125
1087,0.05,0.2788,0.0,0.0584,-1407.383056640625
1088,0.05,0.2788,0.0,0.0608,-1407.281005859375
1089,0.05,0.2788,0.0,0.0632,-1405.905517578125
1090,0.05,0.2788,0.0,0.0656,-1406.059326171875
1091,0.05,0.2788,0.0,0.068,-1405.0703125
1092,0.05,0.2788,0.0,0.0704,-1404.975341796875
1093,0.05,0.2788,0.0,0.0728,-1405.48876953125
1094,0.05,0.2788,0.0,0.0752,-1405.6832275390625
1095,0.05,0.2788,0.0,0.0776,-1405.79345703125
1096,0.05,0.2788,0.0,0.08,-1406.02294921875
1097,0.05,0.2788,0.0,0.0824,-1405.7713623046875
1098,0.05,0.2788,0.0,0.0848,-1406.9356689453125
1099,0.05,0.2788,0.0,0.0872,-1407.0400390625
1100,0.05,0.2788,0.0,0.0896,-1407.779541015625
1101,0.05,0.2788,0.0,0.092,-1408.33447265625
1102,0.05,0.2788,0.0,0.0944,-1409.387451171875
1103,0.05,0.2788,0.0,0.0968,-1410.1285400390625
1104,0.05,0.2788,0.0,0.0992,-1410.0313720703125
1105,0.05,0.2788,0.0,0.1016,-1410.6063232421875
1106,0.05,0.2788,0.0,0.104,-1411.798828125
1107,0.05,0.2788,0.0,0.1064,-1413.388427734375
1108,0.05,0.2788,0.0,0.1088,-1414.871826171875
1109,0.05,0.2788,0.0,0.1112,-1415.688232421875
1110,0.05,0.2788,0.0,0.1136,-1416.88134765625
1111,0.05,0.2788,0.0,0.116,-1417.15234375
1112,0.05,0.2788,0.0,0.1184,-1417.74267578125
1113,0.05,0.2788,0.0,0.1208,-1420.215087890625
1114,0.05,0.2788,0.0,0.1232,-1421.388427734375
1115,0.05,0.2788,0.0,0.1256,-1422.3447265625
1116,0.05,0.2788,0.0,0.128,-1424.14453125
1117,0.05,0.2788,0.0,0.1304,-1425.3792724609375
1118,0.05,0.2788,0.0,0.1328,-1426.9891357421875
1119,0.05,0.2788,0.0,0.1352,-1428.657958984375
1120,0.05,0.2788,0.0,0.1376,-1428.7537841796875
1121,0.05,0.2788,0.0,0.14,-1429.9970703125
1122,0.05,0.2816,0.0,0.02,-1450.3115234375
1123,0.05,0.2816,0.0,0.0224,-1442.0360107421875
1124,0.05,0.2816,0.0,0.0248,-1436.80615234375
1125,0.05,0.2816,0.0,0.0272,-1431.095947265625
1126,0.05,0.2816,0.0,0.0296,-1429.33984375
1127,0.05,0.2816,0.0,0.032,-1425.3143310546875
1128,0.05,0.2816,0.0,0.0344,-1423.4410400390625
1129,0.05,0.2816,0.0,0.0368,-1419.87158203125
1130,0.05,0.2816,0.0,0.0392,-1416.7130126953125
1131,0.05,0.2816,0.0,0.0416,-1414.98876953125
1132,0.05,0.2816,0.0,0.044,-1413.29638671875
1133,0.05,0.2816,0.0,0.0464,-1411.241943359375
1134,0.05,0.2816,0.0,0.0488,-1410.158935546875
1135,0.05,0.2816,0.0,0.0512,-1409.45361328125
1136,0.05,0.2816,0.0,0.0536,-1407.828125
1137,0.05,0.2816,0.0,0.056,-1407.2791748046875
1138,0.05,0.2816,0.0,0.0584,-1406.019775390625
1139,0.05,0.2816,0.0,0.0608,-1405.935791015625
1140,0.05,0.2816,0.0,0.0632,-1404.86474609375
1141,0.05,0.2816,0.0,0.0656,-1405.51416015625
1142,0.05,0.2816,0.0,0.068,-1405.0517578125
1143,0.05,0.2816,0.0,0.0704,-1405.34033203125
1144,0.05,0.2816,0.0,0.0728,-1405.5703125
1145,0.05,0.2816,0.0,0.0752,-1406.171142578125
1146,0.05,0.2816,0.0,0.0776,-1406.7215576171875
1147,0.05,0.2816,0.0,0.08,-1406.008544921875
1148,0.05,0.2816,0.0,0.0824,-1405.5234375
1149,0.05,0.2816,0.0,0.0848,-1407.553466796875
1150,0.05,0.2816,0.0,0.0872,-1407.2926025390625
1151,0.05,0.2816,0.0,0.0896,-1408.57763671875
1152,0.05,0.2816,0.0,0.092,-1409.2646484375
1153,0.05,0.2816,0.0,0.0944,-1408.369873046875
1154,0.05,0.2816,0.0,0.0968,-1410.01708984375
1155,0.05,0.2816,0.0,0.0992,-1410.4814453125
1156,0.05,0.2816,0.0,0.1016,-1410.7962646484375
1157,0.05,0.2816,0.0,0.104,-1413.700927734375
1158,0.05,0.2816,0.0,0.1064,-1413.3150634765625
1159,0.05,0.2816,0.0,0.1088,-1415.133544921875
1160,0.05,0.2816,0.0,0.1112,-1415.3480224609375
1161,0.05,0.2816,0.0,0.1136,-1416.779296875
1162,0.05,0.2816,0.0,0.116,-1417.87646484375
1163,0.05,0.2816,0.0,0.1184,-1418.2684326171875
1164,0.05,0.2816,0.0,0.1208,-1419.8782958984375
1165,0.05,0.2816,0.0,0.1232,-1421.1978759765625
1166,0.05,0.2816,0.0,0.1256,-1422.09765625
1167,0.05,0.2816,0.0,0.128,-1424.0994873046875
1168,0.05,0.2816,0.0,0.1304,-1425.683837890625
1169,0.05,0.2816,0.0,0.1328,-1426.5804443359375
1170,0.05,0.2816,0.0,0.1352,-1428.30224609375
1171,0.05,0.2816,0.0,0.1376,-1430.7144775390625
1172,0.05,0.2816,0.0,0.14,-1431.14697265625
1173,0.05,0.2844,0.0,0.02,-1449.402587890625
1174,0.05,0.2844,0.0,0.0224,-1442.466064453125
1175,0.05,0.2844,0.0,0.0248,-1437.4208984375
1176,0.05,0.2844,0.0,0.0272,-1432.40234375
1177,0.05,0.2844,0.0,0.0296,-1429.80419921875
1178,0.05,0.2844,0.0,0.032,-1425.7525634765625
1179,0.05,0.2844,0.0,0.0344,-1422.5164794921875
1180,0.05,0.2844,0.0,0.0368,-1420.045166015625
1181,0.05,0.2844,0.0,0.0392,-1417.9136962890625
1182,0.05,0.2844,0.0,0.0416,-1415.6806640625
1183,0.05,0.2844,0.0,0.044,-1413.749755859375
1184,0.05,0.2844,0.0,0.0464,-1411.971435546875
1185,0.05,0.2844,0.0,0.0488,-1409.960205078125
1186,0.05,0.2844,0.0,0.0512,-1410.0103759765625
1187,0.05,0.2844,0.0,0.0536,-1408.78466796875
1188,0.05,0.2844,0.0,0.056,-1408.357177734375
1189,0.05,0.2844,0.0,0.0584,-1407.646240234375
1190,0.05,0.2844,0.0,0.0608,-1406.8804931640625
1191,0.05,0.2844,0.0,0.0632,-1406.387939453125
1192,0.05,0.2844,0.0,0.0656,-1406.35546875
1193,0.05,0.2844,0.0,0.068,-1406.164306640625
1194,0.05,0.2844,0.0,0.0704,-1405.093994140625
1195,0.05,0.2844,0.0,0.0728,-1406.2371826171875
1196,0.05,0.2844,0.0,0.0752,-1405.1527099609375
1197,0.05,0.2844,0.0,0.0776,-1405.957275390625
1198,0.05,0.2844,0.0,0.08,-1406.587646484375
1199,0.05,0.2844,0.0,0.0824,-1406.0361328125
1200,0.05,0.2844,0.0,0.0848,-1406.874755859375
1201,0.05,0.2844,0.0,0.0872,-1407.8067626953125
1202,0.05,0.2844,0.0,0.0896,-1408.044677734375
1203,0.05,0.2844,0.0,0.092,-1408.81884765625
1204,0.05,0.2844,0.0,0.0944,-1409.7105712890625
1205,0.05,0.2844,0.0,0.0968,-1409.59033203125
1206,0.05,0.2844,0.0,0.0992,-1411.3568115234375
1207,0.05,0.2844,0.0,0.1016,-1412.06591796875
1208,0.05,0.2844,0.0,0.104,-1413.14599609375
1209,0.05,0.2844,0.0,0.1064,-1414.091064453125
1210,0.05,0.2844,0.0,0.1088,-1414.90576171875
1211,0.05,0.2844,0.0,0.1112,-1416.34326171875
1212,0.05,0.2844,0.0,0.1136,-1417.550048828125
1213,0.05,0.2844,0.0,0.116,-1417.9466552734375
1214,0.05,0.2844,0.0,0.1184,-1419.2952880859375
1215,0.05,0.2844,0.0,0.1208,-1419.330810546875
1216,0.05,0.2844,0.0,0.1232,-1421.5843505859375
1217,0.05,0.2844,0.0,0.1256,-1423.93798828125
1218,0.05,0.2844,0.0,0.128,-1425.0660400390625
1219,0.05,0.2844,0.0,0.1304,-1425.93212890625
1220,0.05,0.2844,0.0,0.1328,-1426.760498046875
1221,0.05,0.2844,0.0,0.1352,-1428.934814453125
1222,0.05,0.2844,0.0,0.1376,-1428.876953125
1223,0.05,0.2844,0.0,0.14,-1431.325927734375
1224,0.05,0.2872,0.0,0.02,-1449.4847412109375
1225,0.05,0.2872,0.0,0.0224,-1443.403564453125
1226,0.05,0.2872,0.0,0.0248,-1437.3345947265625
1227,0.05,0.2872,0.0,0.0272,-1432.7874755859375
1228,0.05,0.2872,0.0,0.0296,-1429.23828125
1229,0.05,0.2872,0.0,0.032,-1426.2152099609375
1230,0.05,0.2872,0.0,0.0344,-1421.9359130859375
1231,0.05,0.2872,0.0,0.0368,-1420.3262939453125
1232,0.05,0.2872,0.0,0.0392,-1416.7611083984375
1233,0.05,0.2872,0.0,0.0416,-1416.131591796875
1234,0.05,0.2872,0.0,0.044,-1414.08935546875
1235,0.05,0.2872,0.0,0.0464,-1412.5025634765625
1236,0.05,0.2872,0.0,0.0488,-1411.9482421875
1237,0.05,0.2872,0.0,0.0512,-1410.0655517578125
1238,0.05,0.2872,0.0,0.0536,-1409.844482421875
1239,0.05,0.2872,0.0,0.056,-1407.42431640625
1240,0.05,0.2872,0.0,0.0584,-1407.0592041015625
1241,0.05,0.2872,0.0,0.0608,-1407.128662109375
1242,0.05,0.2872,0.0,0.0632,-1406.638916015625
1243,0.05,0.2872,0.0,0.0656,-1405.8990478515625
1244,0.05,0.2872,0.0,0.068,-1406.4942626953125
1245,0.05,0.2872,0.0,0.0704,-1407.0343017578125
1246,0.05,0.2872,0.0,0.0728,-1406.587158203125
1247,0.05,0.2872,0.0,0.0752,-1406.51611328125
1248,0.05,0.2872,0.0,0.0776,-1406.814208984375
1249,0.05,0.2872,0.0,0.08,-1406.2899169921875
1250,0.05,0.2872,0.0,0.0824,-1406.662841796875
1251,0.05,0.2872,0.0,0.0848,-1408.4656982421875
1252,0.05,0.2872,0.0,0.0872,-1409.1273193359375
1253,0.05,0.2872,0.0,0.0896,-1409.13427734375
1254,0.05,0.2872,0.0,0.092,-1409.3331298828125
1255,0.05,0.2872,0.0,0.0944,-1409.6236572265625
1256,0.05,0.2872,0.0,0.0968,-1411.1534423828125
1257,0.05,0.2872,0.0,0.0992,-1411.88134765625
1258,0.05,0.2872,0.0,0.1016,-1411.639404296875
1259,0.05,0.2872,0.0,0.104,-1413.43896484375
1260,0.05,0.2872,0.0,0.1064,-1414.1907958984375
1261,0.05,0.2872,0.0,0.1088,-1415.79541015625
1262,0.05,0.2872,0.0,0.1112,-1416.861083984375
1263,0.05,0.2872,0.0,0.1136,-1416.1534423828125
1264,0.05,0.2872,0.0,0.116,-1418.0673828125
1265,0.05,0.2872,0.0,0.1184,-1420.4278564453125
1266,0.05,0.2872,0.0,0.1208,-1420.393310546875
1267,0.05,0.2872,0.0,0.1232,-1422.3306884765625
1268,0.05,0.2872,0.0,0.1256,-1423.2421875
1269,0.05,0.2872,0.0,0.128,-1424.2069091796875
1270,0.05,0.2872,0.0,0.1304,-1426.0765380859375
1271,0.05,0.2872,0.0,0.1328,-1427.384765625
1272,0.05,0.2872,0.0,0.1352,-1429.528076171875
1273,0.05,0.2872,0.0,0.1376,-1429.864990234375
1274,0.05,0.2872,0.0,0.14,-1431.62744140625
1275,0.05,0.29,0.0,0.02,-1449.826904296875
1276,0.05,0.29,0.0,0.0224,-1442.389404296875
1277,0.05,0.29,0.0,0.0248,-1438.166259765625
1278,0.05,0.29,0.0,0.0272,-1433.39599609375
1279,0.05,0.29,0.0,0.0296,-1429.618408203125
1280,0.05,0.29,0.0,0.032,-1425.591064453125
1281,0.05,0.29,0.0,0.0344,-1423.715087890625
1282,0.05,0.29,0.0,0.0368,-1420.671875
1283,0.05,0.29,0.0,0.0392,-1417.9793701171875
1284,0.05,0.29,0.0,0.0416,-1416.7843017578125
1285,0.05,0.29,0.0,0.044,-1414.1553955078125
1286,0.05,0.29,0.0,0.0464,-1413.717041015625
1287,0.05,0.29,0.0,0.0488,-1411.8094482421875
1288,0.05,0.29,0.0,0.0512,-1409.396240234375
1289,0.05,0.29,0.0,0.0536,-1409.5478515625
1290,0.05,0.29,0.0,0.056,-1408.01708984375
1291,0.05,0.29,0.0,0.0584,-1408.3941650390625
1292,0.05,0.29,0.0,0.0608,-1406.827392578125
1293,0.05,0.29,0.0,0.0632,-1408.2296142578125
1294,0.05,0.29,0.0,0.0656,-1407.071044921875
1295,0.05,0.29,0.0,0.068,-1406.389404296875
1296,0.05,0.29,0.0,0.0704,-1405.8697509765625
1297,0.05,0.29,0.0,0.0728,-1406.292724609375
1298,0.05,0.29,0.0,0.0752,-1407.186279296875
1299,0.05,0.29,0.0,0.0776,-1406.5185546875
1300,0.05,0.29,0.0,0.08,-1407.4356689453125
1301,0.05,0.29,0.0,0.0824,-1407.681884765625
1302,0.05,0.29,0.0,0.0848,-1407.7657470703125
1303,0.05,0.29,0.0,0.0872,-1408.35595703125
1304,0.05,0.29,0.0,0.0896,-1409.6192626953125
1305,0.05,0.29,0.0,0.092,-1409.985595703125
1306,0.05,0.29,0.0,0.0944,-1410.863525390625
1307,0.05,0.29,0.0,0.0968,-1411.083740234375
1308,0.05,0.29,0.0,0.0992,-1412.134033203125
1309,0.05,0.29,0.0,0.1016,-1411.8834228515625
1310,0.05,0.29,0.0,0.104,-1413.171875
1311,0.05,0.29,0.0,0.1064,-1415.350830078125
1312,0.05,0.29,0.0,0.1088,-1415.57275390625
1313,0.05,0.29,0.0,0.1112,-1417.085693359375
1314,0.05,0.29,0.0,0.1136,-1418.7281494140625
1315,0.05,0.29,0.0,0.116,-1419.3759765625
1316,0.05,0.29,0.0,0.1184,-1419.404052734375
1317,0.05,0.29,0.0,0.1208,-1421.9134521484375
1318,0.05,0.29,0.0,0.1232,-1422.0501708984375
1319,0.05,0.29,0.0,0.1256,-1424.2783203125
1320,0.05,0.29,0.0,0.128,-1424.5615234375
1321,0.05,0.29,0.0,0.1304,-1427.741943359375
1322,0.05,0.29,0.0,0.1328,-1428.0789794921875
1323,0.05,0.29,0.0,0.1352,-1429.6710205078125
1324,0.05,0.29,0.0,0.1376,-1430.6602783203125
1325,0.05,0.29,0.0,0.14,-1432.987548828125
1326,0.05,0.2928,0.0,0.02,-1449.375732421875
1327,0.05,0.2928,0.0,0.0224,-1444.6531982421875
1328,0.05,0.2928,0.0,0.0248,-1438.4361572265625
1329,0.05,0.2928,0.0,0.0272,-1434.75048828125
1330,0.05,0.2928,0.0,0.0296,-1429.568115234375
1331,0.05,0.2928,0.0,0.032,-1425.841552734375
1332,0.05,0.2928,0.0,0.0344,-1423.451904296875
1333,0.05,0.2928,0.0,0.0368,-1420.907958984375
1334,0.05,0.2928,0.0,0.0392,-1418.093505859375
1335,0.05,0.2928,0.0,0.0416,-1416.41748046875
1336,0.05,0.2928,0.0,0.044,-1414.85986328125
1337,0.05,0.2928,0.0,0.0464,-1412.888671875
1338,0.05,0.2928,0.0,0.0488,-1412.033203125
1339,0.05,0.2928,0.0,0.0512,-1410.2181396484375
1340,0.05,0.2928,0.0,0.0536,-1410.5357666015625
1341,0.05,0.2928,0.0,0.056,-1408.6722412109375
1342,0.05,0.2928,0.0,0.0584,-1408.024658203125
1343,0.05,0.2928,0.0,0.0608,-1407.8671875
1344,0.05,0.2928,0.0,0.0632,-1407.1240234375
1345,0.05,0.2928,0.0,0.0656,-1407.2178955078125
1346,0.05,0.2928,0.0,0.068,-1407.7320556640625
1347,0.05,0.2928,0.0,0.0704,-1407.3736572265625
1348,0.05,0.2928,0.0,0.0728,-1407.6383056640625
1349,0.05,0.2928,0.0,0.0752,-1407.351318359375
1350,0.05,0.2928,0.0,0.0776,-1407.443115234375
1351,0.05,0.2928,0.0,0.08,-1407.70068359375
1352,0.05,0.2928,0.0,0.0824,-1408.30224609375
1353,0.05,0.2928,0.0,0.0848,-1408.697021484375
1354,0.05,0.2928,0.0,0.0872,-1408.811767578125
1355,0.05,0.2928,0.0,0.0896,-1409.8658447265625
1356,0.05,0.2928,0.0,0.092,-1410.5048828125
1357,0.05,0.2928,0.0,0.0944,-1411.269775390625
1358,0.05,0.2928,0.0,0.0968,-1411.799072265625
1359,0.05,0.2928,0.0,0.0992,-1413.8594970703125
1360,0.05,0.2928,0.0,0.1016,-1413.3729248046875
1361,0.05,0.2928,0.0,0.104,-1414.13818359375
1362,0.05,0.2928,0.0,0.1064,-1416.239013671875
1363,0.05,0.2928,0.0,0.1088,-1417.5963134765625
1364,0.05,0.2928,0.0,0.1112,-1417.4990234375
1365,0.05,0.2928,0.0,0.1136,-1419.233642578125
1366,0.05,0.2928,0.0,0.116,-1418.406005859375
1367,0.05,0.2928,0.0,0.1184,-1420.7293701171875
1368,0.05,0.2928,0.0,0.1208,-1422.376953125
1369,0.05,0.2928,0.0,0.1232,-1423.915283203125
1370,0.05,0.2928,0.0,0.1256,-1423.313720703125
1371,0.05,0.2928,0.0,0.128,-1426.31298828125
1372,0.05,0.2928,0.0,0.1304,-1426.8994140625
1373,0.05,0.2928,0.0,0.1328,-1428.665771484375
1374,0.05,0.2928,0.0,0.1352,-1429.7412109375
1375,0.05,0.2928,0.0,0.1376,-1431.69775390625
1376,0.05,0.2928,0.0,0.14,-1432.991943359375
1377,0.05,0.2956,0.0,0.02,-1449.4708251953125
1378,0.05,0.2956,0.0,0.0224,-1445.30224609375
1379,0.05,0.2956,0.0,0.0248,-1437.9444580078125
1380,0.05,0.2956,0.0,0.0272,-1434.1966552734375
1381,0.05,0.2956,0.0,0.0296,-1430.8720703125
1382,0.05,0.2956,0.0,0.032,-1426.4227294921875
1383,0.05,0.2956,0.0,0.0344,-1423.1890869140625
1384,0.05,0.2956,0.0,0.0368,-1421.42578125
1385,0.05,0.2956,0.0,0.0392,-1418.5430908203125
1386,0.05,0.2956,0.0,0.0416,-1416.974365234375
1387,0.05,0.2956,0.0,0.044,-1414.8775634765625
1388,0.05,0.2956,0.0,0.0464,-1413.46875
1389,0.05,0.2956,0.0,0.0488,-1412.203369140625
1390,0.05,0.2956,0.0,0.0512,-1411.10205078125
1391,0.05,0.2956,0.0,0.0536,-1410.467529296875
1392,0.05,0.2956,0.0,0.056,-1409.330322265625
1393,0.05,0.2956,0.0,0.0584,-1409.070068359375
1394,0.05,0.2956,0.0,0.0608,-1408.9471435546875
1395,0.05,0.2956,0.0,0.0632,-1408.10009765625
1396,0.05,0.2956,0.0,0.0656,-1407.5223388671875
1397,0.05,0.2956,0.0,0.068,-1408.064697265625
1398,0.05,0.2956,0.0,0.0704,-1408.631591796875
1399,0.05,0.2956,0.0,0.0728,-1407.2021484375
1400,0.05,0.2956,0.0,0.0752,-1407.533203125
1401,0.05,0.2956,0.0,0.0776,-1408.6025390625
1402,0.05,0.2956,0.0,0.08,-1408.71826171875
1403,0.05,0.2956,0.0,0.0824,-1409.1695556640625
1404,0.05,0.2956,0.0,0.0848,-1409.3800048828125
1405,0.05,0.2956,0.0,0.0872,-1410.245849609375
1406,0.05,0.2956,0.0,0.0896,-1410.2467041015625
1407,0.05,0.2956,0.0,0.092,-1410.81396484375
1408,0.05,0.2956,0.0,0.0944,-1411.499267578125
1409,0.05,0.2956,0.0,0.0968,-1412.1351318359375
1410,0.05,0.2956,0.0,0.0992,-1413.1925048828125
1411,0.05,0.2956,0.0,0.1016,-1415.34423828125
1412,0.05,0.2956,0.0,0.104,-1415.6297607421875
1413,0.05,0.2956,0.0,0.1064,-1416.1273193359375
1414,0.05,0.2956,0.0,0.1088,-1417.646484375
1415,0.05,0.2956,0.0,0.1112,-1418.936767578125
1416,0.05,0.2956,0.0,0.1136,-1418.4410400390625
1417,0.05,0.2956,0.0,0.116,-1421.39013671875
1418,0.05,0.2956,0.0,0.1184,-1422.3260498046875
1419,0.05,0.2956,0.0,0.1208,-1422.6712646484375
1420,0.05,0.2956,0.0,0.1232,-1423.4169921875
1421,0.05,0.2956,0.0,0.1256,-1424.9453125
1422,0.05,0.2956,0.0,0.128,-1427.263916015625
1423,0.05,0.2956,0.0,0.1304,-1427.8758544921875
1424,0.05,0.2956,0.0,0.1328,-1429.5322265625
1425,0.05,0.2956,0.0,0.1352,-1431.2115478515625
1426,0.05,0.2956,0.0,0.1376,-1431.87939453125
1427,0.05,0.2956,0.0,0.14,-1432.4593505859375
1428,0.05,0.2984,0.0,0.02,-1451.03564453125
1429,0.05,0.2984,0.0,0.0224,-1444.94775390625
1430,0.05,0.2984,0.0,0.0248,-1439.849853515625
1431,0.05,0.2984,0.0,0.0272,-1434.840087890625
1432,0.05,0.2984,0.0,0.0296,-1430.7586669921875
1433,0.05,0.2984,0.0,0.032,-1427.304443359375
1434,0.05,0.2984,0.0,0.0344,-1424.159912109375
1435,0.05,0.2984,0.0,0.0368,-1421.5614013671875
1436,0.05,0.2984,0.0,0.0392,-1419.45458984375
1437,0.05,0.2984,0.0,0.0416,-1417.32861328125
1438,0.05,0.2984,0.0,0.044,-1415.123779296875
1439,0.05,0.2984,0.0,0.0464,-1413.997802734375
1440,0.05,0.2984,0.0,0.0488,-1413.2412109375
1441,0.05,0.2984,0.0,0.0512,-1411.103515625
1442,0.05,0.2984,0.0,0.0536,-1410.84765625
1443,0.05,0.2984,0.0,0.056,-1409.252197265625
1444,0.05,0.2984,0.0,0.0584,-1408.47021484375
1445,0.05,0.2984,0.0,0.0608,-1408.2442626953125
1446,0.05,0.2984,0.0,0.0632,-1407.744140625
1447,0.05,0.2984,0.0,0.0656,-1408.0013427734375
1448,0.05,0.2984,0.0,0.068,-1409.461669921875
1449,0.05,0.2984,0.0,0.0704,-1408.7802734375
1450,0.05,0.2984,0.0,0.0728,-1408.3167724609375
1451,0.05,0.2984,0.0,0.0752,-1407.33203125
1452,0.05,0.2984,0.0,0.0776,-1408.93994140625
1453,0.05,0.2984,0.0,0.08,-1409.3050537109375
1454,0.05,0.2984,0.0,0.0824,-1408.423583984375
1455,0.05,0.2984,0.0,0.0848,-1409.9423828125
1456,0.05,0.2984,0.0,0.0872,-1410.500244140625
1457,0.05,0.2984,0.0,0.0896,-1410.888916015625
1458,0.05,0.2984,0.0,0.092,-1411.4971923828125
1459,0.05,0.2984,0.0,0.0944,-1411.370361328125
1460,0.05,0.2984,0.0,0.0968,-1413.490234375
1461,0.05,0.2984,0.0,0.0992,-1412.862060546875
1462,0.05,0.2984,0.0,0.1016,-1414.8590087890625
1463,0.05,0.2984,0.0,0.104,-1415.871337890625
1464,0.05,0.2984,0.0,0.1064,-1416.3536376953125
1465,0.05,0.2984,0.0,0.1088,-1418.43310546875
1466,0.05,0.2984,0.0,0.1112,-1419.608154296875
1467,0.05,0.2984,0.0,0.1136,-1420.525146484375
1468,0.05,0.2984,0.0,0.116,-1420.731201171875
1469,0.05,0.2984,0.0,0.1184,-1421.5462646484375
1470,0.05,0.2984,0.0,0.1208,-1424.34765625
1471,0.05,0.2984,0.0,0.1232,-1425.0189208984375
1472,0.05,0.2984,0.0,0.1256,-1426.241455078125
1473,0.05,0.2984,0.0,0.128,-1427.01123046875
1474,0.05,0.2984,0.0,0.1304,-1428.552978515625
1475,0.05,0.2984,0.0,0.1328,-1428.7181396484375
1476,0.05,0.2984,0.0,0.1352,-1431.140625
1477,0.05,0.2984,0.0,0.1376,-1432.194091796875
1478,0.05,0.2984,0.0,0.14,-1433.966552734375
1479,0.05,0.3012,0.0,0.02,-1451.87060546875
1480,0.05,0.3012,0.0,0.0224,-1445.022216796875
1481,0.05,0.3012,0.0,0.0248,-1440.9677734375
1482,0.05,0.3012,0.0,0.0272,-1435.5753173828125
1483,0.05,0.3012,0.0,0.0296,-1431.497314453125
1484,0.05,0.3012,0.0,0.032,-1426.8106689453125
1485,0.05,0.3012,0.0,0.0344,-1423.5540771484375
1486,0.05,0.3012,0.0,0.0368,-1423.1444091796875
1487,0.05,0.3012,0.0,0.0392,-1419.7783203125
1488,0.05,0.3012,0.0,0.0416,-1418.5614013671875
1489,0.05,0.3012,0.0,0.044,-1416.22998046875
1490,0.05,0.3012,0.0,0.0464,-1414.369384765625
1491,0.05,0.3012,0.0,0.0488,-1413.4619140625
1492,0.05,0.3012,0.0,0.0512,-1411.8414306640625
1493,0.05,0.3012,0.0,0.0536,-1411.5784912109375
1494,0.05,0.3012,0.0,0.056,-1409.805419921875
1495,0.05,0.3012,0.0,0.0584,-1409.69775390625
1496,0.05,0.3012,0.0,0.0608,-1410.193115234375
1497,0.05,0.3012,0.0,0.0632,-1409.2373046875
1498,0.05,0.3012,0.0,0.0656,-1408.53857421875
1499,0.05,0.3012,0.0,0.068,-1408.414794921875
1500,0.05,0.3012,0.0,0.0704,-1408.9141845703125
1501,0.05,0.3012,0.0,0.0728,-1409.3134765625
1502,0.05,0.3012,0.0,0.0752,-1409.3787841796875
1503,0.05,0.3012,0.0,0.0776,-1410.021728515625
1504,0.05,0.3012,0.0,0.08,-1409.9599609375
1505,0.05,0.3012,0.0,0.0824,-1409.494140625
1506,0.05,0.3012,0.0,0.0848,-1409.378662109375
1507,0.05,0.3012,0.0,0.0872,-1410.7156982421875
1508,0.05,0.3012,0.0,0.0896,-1411.300048828125
1509,0.05,0.3012,0.0,0.092,-1413.1968994140625
1510,0.05,0.3012,0.0,0.0944,-1412.871826171875
1511,0.05,0.3012,0.0,0.0968,-1413.6630859375
1512,0.05,0.3012,0.0,0.0992,-1414.934814453125
1513,0.05,0.3012,0.0,0.1016,-1415.72509765625
1514,0.05,0.3012,0.0,0.104,-1416.163330078125
1515,0.05,0.3012,0.0,0.1064,-1416.875
1516,0.05,0.3012,0.0,0.1088,-1417.978515625
1517,0.05,0.3012,0.0,0.1112,-1418.748779296875
1518,0.05,0.3012,0.0,0.1136,-1421.2940673828125
1519,0.05,0.3012,0.0,0.116,-1420.980712890625
1520,0.05,0.3012,0.0,0.1184,-1422.9150390625
1521,0.05,0.3012,0.0,0.1208,-1423.45166015625
1522,0.05,0.3012,0.0,0.1232,-1425.107421875
1523,0.05,0.3012,0.0,0.1256,-1425.902587890625
1524,0.05,0.3012,0.0,0.128,-1428.41015625
1525,0.05,0.3012,0.0,0.1304,-1428.3306884765625
1526,0.05,0.3012,0.0,0.1328,-1429.652587890625
1527,0.05,0.3012,0.0,0.1352,-1432.5819091796875
1528,0.05,0.3012,0.0,0.1376,-1433.461181640625
1529,0.05,0.3012,0.0,0.14,-1434.227783203125
1530,0.05,0.304,0.0,0.02,-1452.333251953125
1531,0.05,0.304,0.0,0.0224,-1446.898193359375
1532,0.05,0.304,0.0,0.0248,-1439.119384765625
1533,0.05,0.304,0.0,0.0272,-1435.953125
1534,0.05,0.304,0.0,0.0296,-1432.678955078125
1535,0.05,0.304,0.0,0.032,-1428.1793212890625
1536,0.05,0.304,0.0,0.0344,-1426.431884765625
1537,0.05,0.304,0.0,0.0368,-1422.9176025390625
1538,0.05,0.304,0.0,0.0392,-1420.173095703125
1539,0.05,0.304,0.0,0.0416,-1418.172119140625
1540,0.05,0.304,0.0,0.044,-1417.228271484375
1541,0.05,0.304,0.0,0.0464,-1413.6676025390625
1542,0.05,0.304,0.0,0.0488,-1413.7001953125
1543,0.05,0.304,0.0,0.0512,-1413.5068359375
1544,0.05,0.304,0.0,0.0536,-1411.370849609375
1545,0.05,0.304,0.0,0.056,-1411.091064453125
1546,0.05,0.304,0.0,0.0584,-1410.230224609375
1547,0.05,0.304,0.0,0.0608,-1410.0096435546875
1548,0.05,0.304,0.0,0.0632,-1409.216552734375
1549,0.05,0.304,0.0,0.0656,-1409.10498046875
1550,0.05,0.304,0.0,0.068,-1409.25146484375
1551,0.05,0.304,0.0,0.0704,-1408.418212890625
1552,0.05,0.304,0.0,0.0728,-1409.00244140625
1553,0.05,0.304,0.0,0.0752,-1409.739501953125
1554,0.05,0.304,0.0,0.0776,-1409.606201171875
1555,0.05,0.304,0.0,0.08,-1409.182861328125
1556,0.05,0.304,0.0,0.0824,-1411.02685546875
1557,0.05,0.304,0.0,0.0848,-1410.7008056640625
1558,0.05,0.304,0.0,0.0872,-1411.8243408203125
1559,0.05,0.304,0.0,0.0896,-1411.332275390625
1560,0.05,0.304,0.0,0.092,-1412.9287109375
1561,0.05,0.304,0.0,0.0944,-1412.46142578125
1562,0.05,0.304,0.0,0.0968,-1414.263916015625
1563,0.05,0.304,0.0,0.0992,-1416.168701171875
1564,0.05,0.304,0.0,0.1016,-1416.491455078125
1565,0.05,0.304,0.0,0.104,-1416.358154296875
1566,0.05,0.304,0.0,0.1064,-1418.830078125
1567,0.05,0.304,0.0,0.1088,-1418.52490234375
1568,0.05,0.304,0.0,0.1112,-1418.927490234375
1569,0.05,0.304,0.0,0.1136,-1421.980712890625
1570,0.05,0.304,0.0,0.116,-1422.0550537109375
1571,0.05,0.304,0.0,0.1184,-1423.1669921875
1572,0.05,0.304,0.0,0.1208,-1424.523193359375
1573,0.05,0.304,0.0,0.1232,-1426.095703125
1574,0.05,0.304,0.0,0.1256,-1426.5133056640625
1575,0.05,0.304,0.0,0.128,-1428.67626953125
1576,0.05,0.304,0.0,0.1304,-1430.292236328125
1577,0.05,0.304,0.0,0.1328,-1430.512451171875
1578,0.05,0.304,0.0,0.1352,-1431.6995849609375
1579,0.05,0.304,0.0,0.1376,-1434.4742431640625
1580,0.05,0.304,0.0,0.14,-1435.5240478515625
1581,0.05,0.3068,0.0,0.02,-1451.9295654296875
1582,0.05,0.3068,0.0,0.0224,-1446.819580078125
1583,0.05,0.3068,0.0,0.0248,-1440.0782470703125
1584,0.05,0.3068,0.0,0.0272,-1436.685546875
1585,0.05,0.3068,0.0,0.0296,-1433.299560546875
1586,0.05,0.3068,0.0,0.032,-1430.0367431640625
1587,0.05,0.3068,0.0,0.0344,-1425.34375
1588,0.05,0.3068,0.0,0.0368,-1423.00830078125
1589,0.05,0.3068,0.0,0.0392,-1421.751953125
1590,0.05,0.3068,0.0,0.0416,-1418.678466796875
1591,0.05,0.3068,0.0,0.044,-1419.1824951171875
1592,0.05,0.3068,0.0,0.0464,-1416.97998046875
1593,0.05,0.3068,0.0,0.0488,-1413.840087890625
1594,0.05,0.3068,0.0,0.0512,-1414.569091796875
1595,0.05,0.3068,0.0,0.0536,-1413.1309814453125
1596,0.05,0.3068,0.0,0.056,-1412.12353515625
1597,0.05,0.3068,0.0,0.0584,-1411.1763916015625
1598,0.05,0.3068,0.0,0.0608,-1410.26806640625
1599,0.05,0.3068,0.0,0.0632,-1411.283447265625
1600,0.05,0.3068,0.0,0.0656,-1409.705810546875
1601,0.05,0.3068,0.0,0.068,-1409.88623046875
1602,0.05,0.3068,0.0,0.0704,-1409.9537353515625
1603,0.05,0.3068,0.0,0.0728,-1409.98486328125
1604,0.05,0.3068,0.0,0.0752,-1410.607177734375
1605,0.05,0.3068,0.0,0.0776,-1411.1314697265625
1606,0.05,0.3068,0.0,0.08,-1410.3916015625
1607,0.05,0.3068,0.0,0.0824,-1410.381103515625
1608,0.05,0.3068,0.0,0.0848,-1412.035888671875
1609,0.05,0.3068,0.0,0.0872,-1412.65771484375
1610,0.05,0.3068,0.0,0.0896,-1412.6016845703125
1611,0.05,0.3068,0.0,0.092,-1413.5582275390625
1612,0.05,0.3068,0.0,0.0944,-1414.43505859375
1613,0.05,0.3068,0.0,0.0968,-1416.131591796875
1614,0.05,0.3068,0.0,0.0992,-1415.6771240234375
1615,0.05,0.3068,0.0,0.1016,-1416.9031982421875
1616,0.05,0.3068,0.0,0.104,-1418.5811767578125
1617,0.05,0.3068,0.0,0.1064,-1419.04443359375
1618,0.05,0.3068,0.0,0.1088,-1419.248291015625
1619,0.05,0.3068,0.0,0.1112,-1421.2110595703125
1620,0.05,0.3068,0.0,0.1136,-1421.1591796875
1621,0.05,0.3068,0.0,0.116,-1422.78955078125
1622,0.05,0.3068,0.0,0.1184,-1423.560791015625
1623,0.05,0.3068,0.0,0.1208,-1424.59375
1624,0.05,0.3068,0.0,0.1232,-1426.57568359375
1625,0.05,0.3068,0.0,0.1256,-1428.5777587890625
1626,0.05,0.3068,0.0,0.128,-1429.8746337890625
1627,0.05,0.3068,0.0,0.1304,-1430.837158203125
1628,0.05,0.3068,0.0,0.1328,-1431.937255859375
1629,0.05,0.3068,0.0,0.1352,-1433.23876953125
1630,0.05,0.3068,0.0,0.1376,-1434.06884765625
1631,0.05,0.3068,0.0,0.14,-1436.2158203125
1632,0.05,0.3096,0.0,0.02,-1451.995849609375
1633,0.05,0.3096,0.0,0.0224,-1447.1513671875
1634,0.05,0.3096,0.0,0.0248,-1443.85693359375
1635,0.05,0.3096,0.0,0.0272,-1437.6282958984375
1636,0.05,0.3096,0.0,0.0296,-1433.1240234375
1637,0.05,0.3096,0.0,0.032,-1430.4366455078125
1638,0.05,0.3096,0.0,0.0344,-1426.2645263671875
1639,0.05,0.3096,0.0,0.0368,-1425.170654296875
1640,0.05,0.3096,0.0,0.0392,-1422.6134033203125
1641,0.05,0.3096,0.0,0.0416,-1419.6085205078125
1642,0.05,0.3096,0.0,0.044,-1416.94287109375
1643,0.05,0.3096,0.0,0.0464,-1416.827392578125
1644,0.05,0.3096,0.0,0.0488,-1415.6544189453125
1645,0.05,0.3096,0.0,0.0512,-1415.25439453125
1646,0.05,0.3096,0.0,0.0536,-1413.2989501953125
1647,0.05,0.3096,0.0,0.056,-1412.1317138671875
1648,0.05,0.3096,0.0,0.0584,-1411.510498046875
1649,0.05,0.3096,0.0,0.0608,-1411.512451171875
1650,0.05,0.3096,0.0,0.0632,-1411.58740234375
1651,0.05,0.3096,0.0,0.0656,-1411.1417236328125
1652,0.05,0.3096,0.0,0.068,-1410.369873046875
1653,0.05,0.3096,0.0,0.0704,-1410.63671875
1654,0.05,0.3096,0.0,0.0728,-1411.7099609375
1655,0.05,0.3096,0.0,0.0752,-1411.8692626953125
1656,0.05,0.3096,0.0,0.0776,-1411.0521240234375
1657,0.05,0.3096,0.0,0.08,-1411.9580078125
1658,0.05,0.3096,0.0,0.0824,-1412.3349609375
1659,0.05,0.3096,0.0,0.0848,-1412.3748779296875
1660,0.05,0.3096,0.0,0.0872,-1412.6741943359375
1661,0.05,0.3096,0.0,0.0896,-1413.9783935546875
1662,0.05,0.3096,0.0,0.092,-1414.207275390625
1663,0.05,0.3096,0.0,0.0944,-1414.85693359375
1664,0.05,0.3096,0.0,0.0968,-1415.19384765625
1665,0.05,0.3096,0.0,0.0992,-1416.3980712890625
1666,0.05,0.3096,0.0,0.1016,-1417.87109375
1667,0.05,0.3096,0.0,0.104,-1417.7220458984375
1668,0.05,0.3096,0.0,0.1064,-1419.6080322265625
1669,0.05,0.3096,0.0,0.1088,-1420.1793212890625
1670,0.05,0.3096,0.0,0.1112,-1421.1824951171875
1671,0.05,0.3096,0.0,0.1136,-1423.8072509765625
1672,0.05,0.3096,0.0,0.116,-1423.50732421875
1673,0.05,0.3096,0.0,0.1184,-1425.526611328125
1674,0.05,0.3096,0.0,0.1208,-1425.49951171875
1675,0.05,0.3096,0.0,0.1232,-1426.8458251953125
1676,0.05,0.3096,0.0,0.1256,-1429.464599609375
1677,0.05,0.3096,0.0,0.128,-1429.2288818359375
1678,0.05,0.3096,0.0,0.1304,-1432.7244873046875
1679,0.05,0.3096,0.0,0.1328,-1434.1165771484375
1680,0.05,0.3096,0.0,0.1352,-1434.049560546875
1681,0.05,0.3096,0.0,0.1376,-1435.169677734375
1682,0.05,0.3096,0.0,0.14,-1436.8846435546875
1683,0.05,0.3124,0.0,0.02,-1453.5626220703125
1684,0.05,0.3124,0.0,0.0224,-1447.7789306640625
1685,0.05,0.3124,0.0,0.0248,-1442.9124755859375
1686,0.05,0.3124,0.0,0.0272,-1437.99267578125
1687,0.05,0.3124,0.0,0.0296,-1434.1279296875
1688,0.05,0.3124,0.0,0.032,-1431.29052734375
1689,0.05,0.3124,0.0,0.0344,-1427.996337890625
1690,0.05,0.3124,0.0,0.0368,-1424.61474609375
1691,0.05,0.3124,0.0,0.0392,-1423.7352294921875
1692,0.05,0.3124,0.0,0.0416,-1421.1463623046875
1693,0.05,0.3124,0.0,0.044,-1420.3328857421875
1694,0.05,0.3124,0.0,0.0464,-1417.3206787109375
1695,0.05,0.3124,0.0,0.0488,-1416.43603515625
1696,0.05,0.3124,0.0,0.0512,-1415.6300048828125
1697,0.05,0.3124,0.0,0.0536,-1414.4547119140625
1698,0.05,0.3124,0.0,0.056,-1412.5938720703125
1699,0.05,0.3124,0.0,0.0584,-1412.8878173828125
1700,0.05,0.3124,0.0,0.0608,-1411.67578125
1701,0.05,0.3124,0.0,0.0632,-1411.2926025390625
1702,0.05,0.3124,0.0,0.0656,-1411.244873046875
1703,0.05,0.3124,0.0,0.068,-1410.8345947265625
1704,0.05,0.3124,0.0,0.0704,-1411.73486328125
1705,0.05,0.3124,0.0,0.0728,-1410.80712890625
1706,0.05,0.3124,0.0,0.0752,-1412.0579833984375
1707,0.05,0.3124,0.0,0.0776,-1411.4227294921875
1708,0.05,0.3124,0.0,0.08,-1412.1177978515625
1709,0.05,0.3124,0.0,0.0824,-1413.0499267578125
1710,0.05,0.3124,0.0,0.0848,-1413.1617431640625
1711,0.05,0.3124,0.0,0.0872,-1413.4189453125
1712,0.05,0.3124,0.0,0.0896,-1415.111083984375
1713,0.05,0.3124,0.0,0.092,-1415.4482421875
1714,0.05,0.3124,0.0,0.0944,-1415.564453125
1715,0.05,0.3124,0.0,0.0968,-1416.380859375
1716,0.05,0.3124,0.0,0.0992,-1417.020751953125
1717,0.05,0.3124,0.0,0.1016,-1418.754150390625
1718,0.05,0.3124,0.0,0.104,-1419.6624755859375
1719,0.05,0.3124,0.0,0.1064,-1420.158203125
1720,0.05,0.3124,0.0,0.1088,-1421.5137939453125
1721,0.05,0.3124,0.0,0.1112,-1422.8043212890625
1722,0.05,0.3124,0.0,0.1136,-1423.824951171875
1723,0.05,0.3124,0.0,0.116,-1424.40087890625
1724,0.05,0.3124,0.0,0.1184,-1425.936767578125
1725,0.05,0.3124,0.0,0.1208,-1427.843994140625
1726,0.05,0.3124,0.0,0.1232,-1428.845947265625
1727,0.05,0.3124,0.0,0.1256,-1430.100341796875
1728,0.05,0.3124,0.0,0.128,-1431.53076171875
1729,0.05,0.3124,0.0,0.1304,-1432.12744140625
1730,0.05,0.3124,0.0,0.1328,-1433.1422119140625
1731,0.05,0.3124,0.0,0.1352,-1434.04345703125
1732,0.05,0.3124,0.0,0.1376,-1436.5615234375
1733,0.05,0.3124,0.0,0.14,-1439.262451171875
1734,0.05,0.3152,0.0,0.02,-1454.315673828125
1735,0.05,0.3152,0.0,0.0224,-1449.4755859375
1736,0.05,0.3152,0.0,0.0248,-1442.8433837890625
1737,0.05,0.3152,0.0,0.0272,-1437.74365234375
1738,0.05,0.3152,0.0,0.0296,-1434.501220703125
1739,0.05,0.3152,0.0,0.032,-1430.377685546875
1740,0.05,0.3152,0.0,0.0344,-1428.465087890625
1741,0.05,0.3152,0.0,0.0368,-1425.3291015625
1742,0.05,0.3152,0.0,0.0392,-1423.10302734375
1743,0.05,0.3152,0.0,0.0416,-1422.454345703125
1744,0.05,0.3152,0.0,0.044,-1420.071533203125
1745,0.05,0.3152,0.0,0.0464,-1417.662109375
1746,0.05,0.3152,0.0,0.0488,-1417.0238037109375
1747,0.05,0.3152,0.0,0.0512,-1415.2542724609375
1748,0.05,0.3152,0.0,0.0536,-1414.44873046875
1749,0.05,0.3152,0.0,0.056,-1413.6414794921875
1750,0.05,0.3152,0.0,0.0584,-1413.784423828125
1751,0.05,0.3152,0.0,0.0608,-1412.375
1752,0.05,0.3152,0.0,0.0632,-1412.422607421875
1753,0.05,0.3152,0.0,0.0656,-1412.978515625
1754,0.05,0.3152,0.0,0.068,-1411.412109375
1755,0.05,0.3152,0.0,0.0704,-1412.812744140625
1756,0.05,0.3152,0.0,0.0728,-1411.722900390625
1757,0.05,0.3152,0.0,0.0752,-1411.9117431640625
1758,0.05,0.3152,0.0,0.0776,-1412.8427734375
1759,0.05,0.3152,0.0,0.08,-1413.42578125
1760,0.05,0.3152,0.0,0.0824,-1413.4080810546875
1761,0.05,0.3152,0.0,0.0848,-1414.469970703125
1762,0.05,0.3152,0.0,0.0872,-1414.7100830078125
1763,0.05,0.3152,0.0,0.0896,-1416.3837890625
1764,0.05,0.3152,0.0,0.092,-1416.961181640625
1765,0.05,0.3152,0.0,0.0944,-1416.3983154296875
1766,0.05,0.3152,0.0,0.0968,-1417.515869140625
1767,0.05,0.3152,0.0,0.0992,-1418.140869140625
1768,0.05,0.3152,0.0,0.1016,-1419.86083984375
1769,0.05,0.3152,0.0,0.104,-1420.13037109375
1770,0.05,0.3152,0.0,0.1064,-1421.9117431640625
1771,0.05,0.3152,0.0,0.1088,-1421.568359375
1772,0.05,0.3152,0.0,0.1112,-1423.075439453125
1773,0.05,0.3152,0.0,0.1136,-1424.661376953125
1774,0.05,0.3152,0.0,0.116,-1425.37744140625
1775,0.05,0.3152,0.0,0.1184,-1427.0029296875
1776,0.05,0.3152,0.0,0.1208,-1427.9168701171875
1777,0.05,0.3152,0.0,0.1232,-1428.2764892578125
1778,0.05,0.3152,0.0,0.1256,-1430.1754150390625
1779,0.05,0.3152,0.0,0.128,-1431.8055419921875
1780,0.05,0.3152,0.0,0.1304,-1433.360595703125
1781,0.05,0.3152,0.0,0.1328,-1433.82958984375
1782,0.05,0.3152,0.0,0.1352,-1436.078125
1783,0.05,0.3152,0.0,0.1376,-1437.7603759765625
1784,0.05,0.3152,0.0,0.14,-1438.93505859375
1785,0.05,0.318,0.0,0.02,-1456.7386474609375
1786,0.05,0.318,0.0,0.0224,-1449.773681640625
1787,0.05,0.318,0.0,0.0248,-1443.61181640625
1788,0.05,0.318,0.0,0.0272,-1439.86962890625
1789,0.05,0.318,0.0,0.0296,-1435.312255859375
1790,0.05,0.318,0.0,0.032,-1430.9920654296875
1791,0.05,0.318,0.0,0.0344,-1429.338623046875
1792,0.05,0.318,0.0,0.0368,-1426.3779296875
1793,0.05,0.318,0.0,0.0392,-1424.8812255859375
1794,0.05,0.318,0.0,0.0416,-1422.426513671875
1795,0.05,0.318,0.0,0.044,-1420.7325439453125
1796,0.05,0.318,0.0,0.0464,-1418.6832275390625
1797,0.05,0.318,0.0,0.0488,-1417.29052734375
1798,0.05,0.318,0.0,0.0512,-1417.64306640625
1799,0.05,0.318,0.0,0.0536,-1416.579833984375
1800,0.05,0.318,0.0,0.056,-1415.87939453125
1801,0.05,0.318,0.0,0.0584,-1413.3543701171875
1802,0.05,0.318,0.0,0.0608,-1415.400390625
1803,0.05,0.318,0.0,0.0632,-1413.48486328125
1804,0.05,0.318,0.0,0.0656,-1413.4305419921875
1805,0.05,0.318,0.0,0.068,-1413.3671875
1806,0.05,0.318,0.0,0.0704,-1412.61865234375
1807,0.05,0.318,0.0,0.0728,-1413.8203125
1808,0.05,0.318,0.0,0.0752,-1413.37939453125
1809,0.05,0.318,0.0,0.0776,-1414.4521484375
1810,0.05,0.318,0.0,0.08,-1413.535888671875
1811,0.05,0.318,0.0,0.0824,-1414.703369140625
1812,0.05,0.318,0.0,0.0848,-1415.347900390625
1813,0.05,0.318,0.0,0.0872,-1415.7705078125
1814,0.05,0.318,0.0,0.0896,-1414.79052734375
1815,0.05,0.318,0.0,0.092,-1416.9111328125
1816,0.05,0.318,0.0,0.0944,-1417.6627197265625
1817,0.05,0.318,0.0,0.0968,-1417.94921875
1818,0.05,0.318,0.0,0.0992,-1418.9500732421875
1819,0.05,0.318,0.0,0.1016,-1420.241455078125
1820,0.05,0.318,0.0,0.104,-1420.84912109375
1821,0.05,0.318,0.0,0.1064,-1421.45361328125
1822,0.05,0.318,0.0,0.1088,-1423.13232421875
1823,0.05,0.318,0.0,0.1112,-1423.884033203125
1824,0.05,0.318,0.0,0.1136,-1425.437255859375
1825,0.05,0.318,0.0,0.116,-1425.947509765625
1826,0.05,0.318,0.0,0.1184,-1428.3271484375
1827,0.05,0.318,0.0,0.1208,-1428.8499755859375
1828,0.05,0.318,0.0,0.1232,-1430.14794921875
1829,0.05,0.318,0.0,0.1256,-1431.3961181640625
1830,0.05,0.318,0.0,0.128,-1432.910400390625
1831,0.05,0.318,0.0,0.1304,-1433.697509765625
1832,0.05,0.318,0.0,0.1328,-1435.507080078125
1833,0.05,0.318,0.0,0.1352,-1436.1566162109375
1834,0.05,0.318,0.0,0.1376,-1438.60546875
1835,0.05,0.318,0.0,0.14,-1439.905517578125
1836,0.05,0.3208,0.0,0.02,-1456.1666259765625
1837,0.05,0.3208,0.0,0.0224,-1449.6475830078125
1838,0.05,0.3208,0.0,0.0248,-1444.513671875
1839,0.05,0.3208,0.0,0.0272,-1439.84521484375
1840,0.05,0.3208,0.0,0.0296,-1435.9998779296875
1841,0.05,0.3208,0.0,0.032,-1432.84765625
1842,0.05,0.3208,0.0,0.0344,-1429.96630859375
1843,0.05,0.3208,0.0,0.0368,-1427.6365966796875
1844,0.05,0.3208,0.0,0.0392,-1423.824951171875
1845,0.05,0.3208,0.0,0.0416,-1422.3538818359375
1846,0.05,0.3208,0.0,0.044,-1420.2822265625
1847,0.05,0.3208,0.0,0.0464,-1420.1947021484375
1848,0.05,0.3208,0.0,0.0488,-1418.663330078125
1849,0.05,0.3208,0.0,0.0512,-1417.5498046875
1850,0.05,0.3208,0.0,0.0536,-1417.234130859375
1851,0.05,0.3208,0.0,0.056,-1415.6297607421875
1852,0.05,0.3208,0.0,0.0584,-1414.79931640625
1853,0.05,0.3208,0.0,0.0608,-1415.243896484375
1854,0.05,0.3208,0.0,0.0632,-1414.450439453125
1855,0.05,0.3208,0.0,0.0656,-1414.333984375
1856,0.05,0.3208,0.0,0.068,-1413.04736328125
1857,0.05,0.3208,0.0,0.0704,-1413.832275390625
1858,0.05,0.3208,0.0,0.0728,-1413.8984375
1859,0.05,0.3208,0.0,0.0752,-1414.0594482421875
1860,0.05,0.3208,0.0,0.0776,-1414.521484375
1861,0.05,0.3208,0.0,0.08,-1414.529541015625
1862,0.05,0.3208,0.0,0.0824,-1415.4090576171875
1863,0.05,0.3208,0.0,0.0848,-1416.3204345703125
1864,0.05,0.3208,0.0,0.0872,-1416.158203125
1865,0.05,0.3208,0.0,0.0896,-1416.5196533203125
1866,0.05,0.3208,0.0,0.092,-1418.1259765625
1867,0.05,0.3208,0.0,0.0944,-1418.0516357421875
1868,0.05,0.3208,0.0,0.0968,-1419.11865234375
1869,0.05,0.3208,0.0,0.0992,-1420.131591796875
1870,0.05,0.3208,0.0,0.1016,-1420.764404296875
1871,0.05,0.3208,0.0,0.104,-1423.07275390625
1872,0.05,0.3208,0.0,0.1064,-1423.161376953125
1873,0.05,0.3208,0.0,0.1088,-1423.334716796875
1874,0.05,0.3208,0.0,0.1112,-1424.97509765625
1875,0.05,0.3208,0.0,0.1136,-1426.509765625
1876,0.05,0.3208,0.0,0.116,-1426.5224609375
1877,0.05,0.3208,0.0,0.1184,-1430.351806640625
1878,0.05,0.3208,0.0,0.1208,-1430.801025390625
1879,0.05,0.3208,0.0,0.1232,-1431.8538818359375
1880,0.05,0.3208,0.0,0.1256,-1431.9227294921875
1881,0.05,0.3208,0.0,0.128,-1433.705078125
1882,0.05,0.3208,0.0,0.1304,-1434.9354248046875
1883,0.05,0.3208,0.0,0.1328,-1436.58251953125
1884,0.05,0.3208,0.0,0.1352,-1437.79736328125
1885,0.05,0.3208,0.0,0.1376,-1439.3935546875
1886,0.05,0.3208,0.0,0.14,-1440.12548828125
1887,0.05,0.3236,0.0,0.02,-1458.109375
1888,0.05,0.3236,0.0,0.0224,-1449.89990234375
1889,0.05,0.3236,0.0,0.0248,-1444.3677978515625
1890,0.05,0.3236,0.0,0.0272,-1441.6690673828125
1891,0.05,0.3236,0.0,0.0296,-1436.021240234375
1892,0.05,0.3236,0.0,0.032,-1432.640625
1893,0.05,0.3236,0.0,0.0344,-1430.203369140625
1894,0.05,0.3236,0.0,0.0368,-1427.924560546875
1895,0.05,0.3236,0.0,0.0392,-1425.8033447265625
1896,0.05,0.3236,0.0,0.0416,-1424.420654296875
1897,0.05,0.3236,0.0,0.044,-1422.77294921875
1898,0.05,0.3236,0.0,0.0464,-1420.54345703125
1899,0.05,0.3236,0.0,0.0488,-1419.092529296875
1900,0.05,0.3236,0.0,0.0512,-1418.249755859375
1901,0.05,0.3236,0.0,0.0536,-1417.19384765625
1902,0.05,0.3236,0.0,0.056,-1417.01318359375
1903,0.05,0.3236,0.0,0.0584,-1415.4017333984375
1904,0.05,0.3236,0.0,0.0608,-1416.902099609375
1905,0.05,0.3236,0.0,0.0632,-1415.077392578125
1906,0.05,0.3236,0.0,0.0656,-1414.56298828125
1907,0.05,0.3236,0.0,0.068,-1414.854248046875
1908,0.05,0.3236,0.0,0.0704,-1414.4879150390625
1909,0.05,0.3236,0.0,0.0728,-1415.490234375
1910,0.05,0.3236,0.0,0.0752,-1415.30517578125
1911,0.05,0.3236,0.0,0.0776,-1415.042724609375
1912,0.05,0.3236,0.0,0.08,-1416.0762939453125
1913,0.05,0.3236,0.0,0.0824,-1415.685302734375
1914,0.05,0.3236,0.0,0.0848,-1417.0662841796875
1915,0.05,0.3236,0.0,0.0872,-1417.105712890625
1916,0.05,0.3236,0.0,0.0896,-1418.693359375
1917,0.05,0.3236,0.0,0.092,-1418.9864501953125
1918,0.05,0.3236,0.0,0.0944,-1419.8878173828125
1919,0.05,0.3236,0.0,0.0968,-1419.557373046875
1920,0.05,0.3236,0.0,0.0992,-1421.434814453125
1921,0.05,0.3236,0.0,0.1016,-1421.4739990234375
1922,0.05,0.3236,0.0,0.104,-1422.808349609375
1923,0.05,0.3236,0.0,0.1064,-1424.7806396484375
1924,0.05,0.3236,0.0,0.1088,-1424.7818603515625
1925,0.05,0.3236,0.0,0.1112,-1427.06396484375
1926,0.05,0.3236,0.0,0.1136,-1427.4979248046875
1927,0.05,0.3236,0.0,0.116,-1428.6048583984375
1928,0.05,0.3236,0.0,0.1184,-1430.501953125
1929,0.05,0.3236,0.0,0.1208,-1430.7230224609375
1930,0.05,0.3236,0.0,0.1232,-1431.82275390625
1931,0.05,0.3236,0.0,0.1256,-1433.3896484375
1932,0.05,0.3236,0.0,0.128,-1434.314208984375
1933,0.05,0.3236,0.0,0.1304,-1436.41455078125
1934,0.05,0.3236,0.0,0.1328,-1437.514404296875
1935,0.05,0.3236,0.0,0.1352,-1438.8753662109375
1936,0.05,0.3236,0.0,0.1376,-1439.6640625
1937,0.05,0.3236,0.0,0.14,-1441.68798828125
1938,0.05,0.3264,0.0,0.02,-1458.0743408203125
1939,0.05,0.3264,0.0,0.0224,-1451.839111328125
1940,0.05,0.3264,0.0,0.0248,-1446.3897705078125
1941,0.05,0.3264,0.0,0.0272,-1442.818603515625
1942,0.05,0.3264,0.0,0.0296,-1437.362548828125
1943,0.05,0.3264,0.0,0.032,-1434.6524658203125
1944,0.05,0.3264,0.0,0.0344,-1431.45361328125
1945,0.05,0.3264,0.0,0.0368,-1429.056640625
1946,0.05,0.3264,0.0,0.0392,-1427.029052734375
1947,0.05,0.3264,0.0,0.0416,-1424.87841796875
1948,0.05,0.3264,0.0,0.044,-1422.3355712890625
1949,0.05,0.3264,0.0,0.0464,-1422.265625
1950,0.05,0.3264,0.0,0.0488,-1419.351806640625
1951,0.05,0.3264,0.0,0.0512,-1418.156494140625
1952,0.05,0.3264,0.0,0.0536,-1417.873779296875
1953,0.05,0.3264,0.0,0.056,-1417.6346435546875
1954,0.05,0.3264,0.0,0.0584,-1418.0340576171875
1955,0.05,0.3264,0.0,0.0608,-1416.6556396484375
1956,0.05,0.3264,0.0,0.0632,-1416.1204833984375
1957,0.05,0.3264,0.0,0.0656,-1416.6142578125
1958,0.05,0.3264,0.0,0.068,-1416.181640625
1959,0.05,0.3264,0.0,0.0704,-1414.8297119140625
1960,0.05,0.3264,0.0,0.0728,-1415.1328125
1961,0.05,0.3264,0.0,0.0752,-1415.685791015625
1962,0.05,0.3264,0.0,0.0776,-1416.920654296875
1963,0.05,0.3264,0.0,0.08,-1416.323974609375
1964,0.05,0.3264,0.0,0.0824,-1416.978515625
1965,0.05,0.3264,0.0,0.0848,-1418.80322265625
1966,0.05,0.3264,0.0,0.0872,-1418.80615234375
1967,0.05,0.3264,0.0,0.0896,-1418.7159423828125
1968,0.05,0.3264,0.0,0.092,-1419.9971923828125
1969,0.05,0.3264,0.0,0.0944,-1419.96826171875
1970,0.05,0.3264,0.0,0.0968,-1421.009521484375
1971,0.05,0.3264,0.0,0.0992,-1421.81982421875
1972,0.05,0.3264,0.0,0.1016,-1422.314208984375
1973,0.05,0.3264,0.0,0.104,-1423.0157470703125
1974,0.05,0.3264,0.0,0.1064,-1424.705078125
1975,0.05,0.3264,0.0,0.1088,-1425.283935546875
1976,0.05,0.3264,0.0,0.1112,-1427.1888427734375
1977,0.05,0.3264,0.0,0.1136,-1427.871826171875
1978,0.05,0.3264,0.0,0.116,-1428.658447265625
1979,0.05,0.3264,0.0,0.1184,-1431.2435302734375
1980,0.05,0.3264,0.0,0.1208,-1431.4287109375
1981,0.05,0.3264,0.0,0.1232,-1433.928466796875
1982,0.05,0.3264,0.0,0.1256,-1433.536376953125
1983,0.05,0.3264,0.0,0.128,-1436.2320556640625
1984,0.05,0.3264,0.0,0.1304,-1436.822998046875
1985,0.05,0.3264,0.0,0.1328,-1438.572021484375
1986,0.05,0.3264,0.0,0.1352,-1440.001708984375
1987,0.05,0.3264,0.0,0.1376,-1441.0733642578125
1988,0.05,0.3264,0.0,0.14,-1442.9095458984375
1989,0.05,0.3292,0.0,0.02,-1458.9124755859375
1990,0.05,0.3292,0.0,0.0224,-1452.4635009765625
1991,0.05,0.3292,0.0,0.0248,-1446.5269775390625
1992,0.05,0.3292,0.0,0.0272,-1442.613525390625
1993,0.05,0.3292,0.0,0.0296,-1439.021484375
1994,0.05,0.3292,0.0,0.032,-1435.151611328125
1995,0.05,0.3292,0.0,0.0344,-1431.751220703125
1996,0.05,0.3292,0.0,0.0368,-1429.44775390625
1997,0.05,0.3292,0.0,0.0392,-1426.641357421875
1998,0.05,0.3292,0.0,0.0416,-1425.30810546875
1999,0.05,0.3292,0.0,0.044,-1423.634033203125
2000,0.05,0.3292,0.0,0.0464,-1422.196533203125
2001,0.05,0.3292,0.0,0.0488,-1421.159423828125
2002,0.05,0.3292,0.0,0.0512,-1419.6644287109375
2003,0.05,0.3292,0.0,0.0536,-1418.64208984375
2004,0.05,0.3292,0.0,0.056,-1418.0833740234375
2005,0.05,0.3292,0.0,0.0584,-1417.8001708984375
2006,0.05,0.3292,0.0,0.0608,-1417.069580078125
2007,0.05,0.3292,0.0,0.0632,-1417.3509521484375
2008,0.05,0.3292,0.0,0.0656,-1416.9462890625
2009,0.05,0.3292,0.0,0.068,-1416.113525390625
2010,0.05,0.3292,0.0,0.0704,-1416.212890625
2011,0.05,0.3292,0.0,0.0728,-1417.035888671875
2012,0.05,0.3292,0.0,0.0752,-1417.102783203125
2013,0.05,0.3292,0.0,0.0776,-1416.051513671875
2014,0.05,0.3292,0.0,0.08,-1417.6468505859375
2015,0.05,0.3292,0.0,0.0824,-1417.8314208984375
2016,0.05,0.3292,0.0,0.0848,-1419.0718994140625
2017,0.05,0.3292,0.0,0.0872,-1419.745849609375
2018,0.05,0.3292,0.0,0.0896,-1419.870361328125
2019,0.05,0.3292,0.0,0.092,-1421.177001953125
2020,0.05,0.3292,0.0,0.0944,-1421.28125
2021,0.05,0.3292,0.0,0.0968,-1422.778564453125
2022,0.05,0.3292,0.0,0.0992,-1422.7735595703125
2023,0.05,0.3292,0.0,0.1016,-1424.103271484375
2024,0.05,0.3292,0.0,0.104,-1425.802978515625
2025,0.05,0.3292,0.0,0.1064,-1425.17822265625
2026,0.05,0.3292,0.0,0.1088,-1426.4404296875
2027,0.05,0.3292,0.0,0.1112,-1428.2506103515625
2028,0.05,0.3292,0.0,0.1136,-1430.0859375
2029,0.05,0.3292,0.0,0.116,-1429.9556884765625
2030,0.05,0.3292,0.0,0.1184,-1430.93603515625
2031,0.05,0.3292,0.0,0.1208,-1432.3538818359375
2032,0.05,0.3292,0.0,0.1232,-1433.87646484375
2033,0.05,0.3292,0.0,0.1256,-1434.5467529296875
2034,0.05,0.3292,0.0,0.128,-1437.729736328125
2035,0.05,0.3292,0.0,0.1304,-1437.8411865234375
2036,0.05,0.3292,0.0,0.1328,-1438.97998046875
2037,0.05,0.3292,0.0,0.1352,-1440.92431640625
2038,0.05,0.3292,0.0,0.1376,-1441.166748046875
2039,0.05,0.3292,0.0,0.14,-1443.072509765625
2040,0.05,0.332,0.0,0.02,-1459.9012451171875
2041,0.05,0.332,0.0,0.0224,-1454.42578125
2042,0.05,0.332,0.0,0.0248,-1447.730224609375
2043,0.05,0.332,0.0,0.0272,-1444.3646240234375
2044,0.05,0.332,0.0,0.0296,-1439.77734375
2045,0.05,0.332,0.0,0.032,-1435.5130615234375
2046,0.05,0.332,0.0,0.0344,-1433.14794921875
2047,0.05,0.332,0.0,0.0368,-1430.0606689453125
2048,0.05,0.332,0.0,0.0392,-1428.8138427734375
2049,0.05,0.332,0.0,0.0416,-1425.5650634765625
2050,0.05,0.332,0.0,0.044,-1424.3072509765625
2051,0.05,0.332,0.0,0.0464,-1423.962646484375
2052,0.05,0.332,0.0,0.0488,-1423.275390625
2053,0.05,0.332,0.0,0.0512,-1421.0789794921875
2054,0.05,0.332,0.0,0.0536,-1420.940673828125
2055,0.05,0.332,0.0,0.056,-1418.6324462890625
2056,0.05,0.332,0.0,0.0584,-1418.61474609375
2057,0.05,0.332,0.0,0.0608,-1417.06396484375
2058,0.05,0.332,0.0,0.0632,-1418.16650390625
2059,0.05,0.332,0.0,0.0656,-1417.25927734375
2060,0.05,0.332,0.0,0.068,-1417.3798828125
2061,0.05,0.332,0.0,0.0704,-1417.0372314453125
2062,0.05,0.332,0.0,0.0728,-1418.669921875
2063,0.05,0.332,0.0,0.0752,-1417.867431640625
2064,0.05,0.332,0.0,0.0776,-1417.765625
2065,0.05,0.332,0.0,0.08,-1418.01025390625
2066,0.05,0.332,0.0,0.0824,-1418.579345703125
2067,0.05,0.332,0.0,0.0848,-1419.711669921875
2068,0.05,0.332,0.0,0.0872,-1420.6201171875
2069,0.05,0.332,0.0,0.0896,-1421.0228271484375
2070,0.05,0.332,0.0,0.092,-1421.6451416015625
2071,0.05,0.332,0.0,0.0944,-1422.2490234375
2072,0.05,0.332,0.0,0.0968,-1423.783203125
2073,0.05,0.332,0.0,0.0992,-1424.295654296875
2074,0.05,0.332,0.0,0.1016,-1425.516357421875
2075,0.05,0.332,0.0,0.104,-1425.509521484375
2076,0.05,0.332,0.0,0.1064,-1425.30419921875
2077,0.05,0.332,0.0,0.1088,-1426.984130859375
2078,0.05,0.332,0.0,0.1112,-1428.673095703125
2079,0.05,0.332,0.0,0.1136,-1429.9656982421875
2080,0.05,0.332,0.0,0.116,-1431.459716796875
2081,0.05,0.332,0.0,0.1184,-1432.3094482421875
2082,0.05,0.332,0.0,0.1208,-1433.797607421875
2083,0.05,0.332,0.0,0.1232,-1434.5294189453125
2084,0.05,0.332,0.0,0.1256,-1435.79638671875
2085,0.05,0.332,0.0,0.128,-1437.3934326171875
2086,0.05,0.332,0.0,0.1304,-1439.79638671875
2087,0.05,0.332,0.0,0.1328,-1439.6885986328125
2088,0.05,0.332,0.0,0.1352,-1442.047119140625
2089,0.05,0.332,0.0,0.1376,-1443.22705078125
2090,0.05,0.332,0.0,0.14,-1443.6318359375
2091,0.05,0.3348,0.0,0.02,-1460.282958984375
2092,0.05,0.3348,0.0,0.0224,-1453.2279052734375
2093,0.05,0.3348,0.0,0.0248,-1448.438720703125
2094,0.05,0.3348,0.0,0.0272,-1444.176025390625
2095,0.05,0.3348,0.0,0.0296,-1440.885498046875
2096,0.05,0.3348,0.0,0.032,-1436.135009765625
2097,0.05,0.3348,0.0,0.0344,-1433.490966796875
2098,0.05,0.3348,0.0,0.0368,-1430.496826171875
2099,0.05,0.3348,0.0,0.0392,-1429.804443359375
2100,0.05,0.3348,0.0,0.0416,-1426.591552734375
2101,0.05,0.3348,0.0,0.044,-1424.9825439453125
2102,0.05,0.3348,0.0,0.0464,-1424.447509765625
2103,0.05,0.3348,0.0,0.0488,-1423.162109375
2104,0.05,0.3348,0.0,0.0512,-1421.5880126953125
2105,0.05,0.3348,0.0,0.0536,-1420.9150390625
2106,0.05,0.3348,0.0,0.056,-1420.498779296875
2107,0.05,0.3348,0.0,0.0584,-1420.0325927734375
2108,0.05,0.3348,0.0,0.0608,-1419.20458984375
2109,0.05,0.3348,0.0,0.0632,-1418.53271484375
2110,0.05,0.3348,0.0,0.0656,-1419.03564453125
2111,0.05,0.3348,0.0,0.068,-1418.079833984375
2112,0.05,0.3348,0.0,0.0704,-1418.5830078125
2113,0.05,0.3348,0.0,0.0728,-1418.8726806640625
2114,0.05,0.3348,0.0,0.0752,-1418.1229248046875
2115,0.05,0.3348,0.0,0.0776,-1418.430908203125
2116,0.05,0.3348,0.0,0.08,-1419.997802734375
2117,0.05,0.3348,0.0,0.0824,-1418.7955322265625
2118,0.05,0.3348,0.0,0.0848,-1420.487060546875
2119,0.05,0.3348,0.0,0.0872,-1420.9659423828125
2120,0.05,0.3348,0.0,0.0896,-1422.88818359375
2121,0.05,0.3348,0.0,0.092,-1422.255859375
2122,0.05,0.3348,0.0,0.0944,-1423.580078125
2123,0.05,0.3348,0.0,0.0968,-1423.80712890625
2124,0.05,0.3348,0.0,0.0992,-1424.74169921875
2125,0.05,0.3348,0.0,0.1016,-1425.9942626953125
2126,0.05,0.3348,0.0,0.104,-1426.89013671875
2127,0.05,0.3348,0.0,0.1064,-1428.8314208984375
2128,0.05,0.3348,0.0,0.1088,-1428.60595703125
2129,0.05,0.3348,0.0,0.1112,-1429.930908203125
2130,0.05,0.3348,0.0,0.1136,-1431.4112548828125
2131,0.05,0.3348,0.0,0.116,-1432.49169921875
2132,0.05,0.3348,0.0,0.1184,-1433.8082275390625
2133,0.05,0.3348,0.0,0.1208,-1435.395751953125
2134,0.05,0.3348,0.0,0.1232,-1435.1904296875
2135,0.05,0.3348,0.0,0.1256,-1437.698486328125
2136,0.05,0.3348,0.0,0.128,-1438.429931640625
2137,0.05,0.3348,0.0,0.1304,-1440.7900390625
2138,0.05,0.3348,0.0,0.1328,-1442.314697265625
2139,0.05,0.3348,0.0,0.1352,-1442.7576904296875
2140,0.05,0.3348,0.0,0.1376,-1445.134033203125
2141,0.05,0.3348,0.0,0.14,-1445.335205078125
2142,0.05,0.3376,0.0,0.02,-1461.44189453125
2143,0.05,0.3376,0.0,0.0224,-1455.225341796875
2144,0.05,0.3376,0.0,0.0248,-1449.726318359375
2145,0.05,0.3376,0.0,0.0272,-1445.830322265625
2146,0.05,0.3376,0.0,0.0296,-1441.9381103515625
2147,0.05,0.3376,0.0,0.032,-1436.8515625
2148,0.05,0.3376,0.0,0.0344,-1434.7291259765625
2149,0.05,0.3376,0.0,0.0368,-1432.822265625
2150,0.05,0.3376,0.0,0.0392,-1430.2894287109375
2151,0.05,0.3376,0.0,0.0416,-1427.970458984375
2152,0.05,0.3376,0.0,0.044,-1425.4871826171875
2153,0.05,0.3376,0.0,0.0464,-1424.6053466796875
2154,0.05,0.3376,0.0,0.0488,-1423.56298828125
2155,0.05,0.3376,0.0,0.0512,-1422.60205078125
2156,0.05,0.3376,0.0,0.0536,-1420.4210205078125
2157,0.05,0.3376,0.0,0.056,-1421.42333984375
2158,0.05,0.3376,0.0,0.0584,-1420.94091796875
2159,0.05,0.3376,0.0,0.0608,-1420.060302734375
2160,0.05,0.3376,0.0,0.0632,-1419.31884765625
2161,0.05,0.3376,0.0,0.0656,-1419.96484375
2162,0.05,0.3376,0.0,0.068,-1420.5760498046875
2163,0.05,0.3376,0.0,0.0704,-1419.8297119140625
2164,0.05,0.3376,0.0,0.0728,-1419.69921875
2165,0.05,0.3376,0.0,0.0752,-1420.165283203125
2166,0.05,0.3376,0.0,0.0776,-1420.1396484375
2167,0.05,0.3376,0.0,0.08,-1419.858642578125
2168,0.05,0.3376,0.0,0.0824,-1421.6871337890625
2169,0.05,0.3376,0.0,0.0848,-1420.8453369140625
2170,0.05,0.3376,0.0,0.0872,-1422.5166015625
2171,0.05,0.3376,0.0,0.0896,-1421.13818359375
2172,0.05,0.3376,0.0,0.092,-1423.39208984375
2173,0.05,0.3376,0.0,0.0944,-1423.962646484375
2174,0.05,0.3376,0.0,0.0968,-1424.278564453125
2175,0.05,0.3376,0.0,0.0992,-1425.602294921875
2176,0.05,0.3376,0.0,0.1016,-1426.447265625
2177,0.05,0.3376,0.0,0.104,-1428.05859375
2178,0.05,0.3376,0.0,0.1064,-1429.276123046875
2179,0.05,0.3376,0.0,0.1088,-1429.210205078125
2180,0.05,0.3376,0.0,0.1112,-1430.84423828125
2181,0.05,0.3376,0.0,0.1136,-1431.5166015625
2182,0.05,0.3376,0.0,0.116,-1433.39990234375
2183,0.05,0.3376,0.0,0.1184,-1434.7767333984375
2184,0.05,0.3376,0.0,0.1208,-1436.234130859375
2185,0.05,0.3376,0.0,0.1232,-1436.60791015625
2186,0.05,0.3376,0.0,0.1256,-1437.7821044921875
2187,0.05,0.3376,0.0,0.128,-1439.361083984375
2188,0.05,0.3376,0.0,0.1304,-1441.73291015625
2189,0.05,0.3376,0.0,0.1328,-1442.6690673828125
2190,0.05,0.3376,0.0,0.1352,-1443.1739501953125
2191,0.05,0.3376,0.0,0.1376,-1445.706787109375
2192,0.05,0.3376,0.0,0.14,-1447.6383056640625
2193,0.05,0.3404,0.0,0.02,-1462.52734375
2194,0.05,0.3404,0.0,0.0224,-1456.40966796875
2195,0.05,0.3404,0.0,0.0248,-1451.6546630859375
2196,0.05,0.3404,0.0,0.0272,-1446.385986328125
2197,0.05,0.3404,0.0,0.0296,-1442.7955322265625
2198,0.05,0.3404,0.0,0.032,-1438.930908203125
2199,0.05,0.3404,0.0,0.0344,-1435.804443359375
2200,0.05,0.3404,0.0,0.0368,-1432.9488525390625
2201,0.05,0.3404,0.0,0.0392,-1431.683349609375
2202,0.05,0.3404,0.0,0.0416,-1429.107666015625
2203,0.05,0.3404,0.0,0.044,-1427.28857421875
2204,0.05,0.3404,0.0,0.0464,-1425.726318359375
2205,0.05,0.3404,0.0,0.0488,-1424.189453125
2206,0.05,0.3404,0.0,0.0512,-1423.070556640625
2207,0.05,0.3404,0.0,0.0536,-1422.378173828125
2208,0.05,0.3404,0.0,0.056,-1421.2294921875
2209,0.05,0.3404,0.0,0.0584,-1420.986328125
2210,0.05,0.3404,0.0,0.0608,-1421.2174072265625
2211,0.05,0.3404,0.0,0.0632,-1421.30712890625
2212,0.05,0.3404,0.0,0.0656,-1420.6748046875
2213,0.05,0.3404,0.0,0.068,-1420.222412109375
2214,0.05,0.3404,0.0,0.0704,-1419.977783203125
2215,0.05,0.3404,0.0,0.0728,-1420.968505859375
2216,0.05,0.3404,0.0,0.0752,-1421.634521484375
2217,0.05,0.3404,0.0,0.0776,-1420.70166015625
2218,0.05,0.3404,0.0,0.08,-1422.6015625
2219,0.05,0.3404,0.0,0.0824,-1421.45654296875
2220,0.05,0.3404,0.0,0.0848,-1421.893798828125
2221,0.05,0.3404,0.0,0.0872,-1423.246826171875
2222,0.05,0.3404,0.0,0.0896,-1424.1639404296875
2223,0.05,0.3404,0.0,0.092,-1424.448974609375
2224,0.05,0.3404,0.0,0.0944,-1425.2939453125
2225,0.05,0.3404,0.0,0.0968,-1426.1219482421875
2226,0.05,0.3404,0.0,0.0992,-1427.669189453125
2227,0.05,0.3404,0.0,0.1016,-1427.3983154296875
2228,0.05,0.3404,0.0,0.104,-1429.3126220703125
2229,0.05,0.3404,0.0,0.1064,-1429.9388427734375
2230,0.05,0.3404,0.0,0.1088,-1429.976318359375
2231,0.05,0.3404,0.0,0.1112,-1432.084228515625
2232,0.05,0.3404,0.0,0.1136,-1433.253662109375
2233,0.05,0.3404,0.0,0.116,-1434.311279296875
2234,0.05,0.3404,0.0,0.1184,-1435.8818359375
2235,0.05,0.3404,0.0,0.1208,-1437.181396484375
2236,0.05,0.3404,0.0,0.1232,-1436.9775390625
2237,0.05,0.3404,0.0,0.1256,-1438.745361328125
2238,0.05,0.3404,0.0,0.128,-1440.436767578125
2239,0.05,0.3404,0.0,0.1304,-1441.744384765625
2240,0.05,0.3404,0.0,0.1328,-1443.2928466796875
2241,0.05,0.3404,0.0,0.1352,-1444.3599853515625
2242,0.05,0.3404,0.0,0.1376,-1444.926025390625
2243,0.05,0.3404,0.0,0.14,-1447.011962890625
2244,0.05,0.3432,0.0,0.02,-1464.162841796875
2245,0.05,0.3432,0.0,0.0224,-1456.8955078125
2246,0.05,0.3432,0.0,0.0248,-1451.861572265625
2247,0.05,0.3432,0.0,0.0272,-1447.360107421875
2248,0.05,0.3432,0.0,0.0296,-1444.360107421875
2249,0.05,0.3432,0.0,0.032,-1439.5692138671875
2250,0.05,0.3432,0.0,0.0344,-1437.9412841796875
2251,0.05,0.3432,0.0,0.0368,-1434.6986083984375
2252,0.05,0.3432,0.0,0.0392,-1431.417724609375
2253,0.05,0.3432,0.0,0.0416,-1430.4609375
2254,0.05,0.3432,0.0,0.044,-1427.5994873046875
2255,0.05,0.3432,0.0,0.0464,-1426.943115234375
2256,0.05,0.3432,0.0,0.0488,-1425.901611328125
2257,0.05,0.3432,0.0,0.0512,-1423.9066162109375
2258,0.05,0.3432,0.0,0.0536,-1424.655517578125
2259,0.05,0.3432,0.0,0.056,-1422.610107421875
2260,0.05,0.3432,0.0,0.0584,-1422.518798828125
2261,0.05,0.3432,0.0,0.0608,-1421.5621337890625
2262,0.05,0.3432,0.0,0.0632,-1422.1689453125
2263,0.05,0.3432,0.0,0.0656,-1421.89013671875
2264,0.05,0.3432,0.0,0.068,-1421.28125
2265,0.05,0.3432,0.0,0.0704,-1421.50390625
2266,0.05,0.3432,0.0,0.0728,-1422.025634765625
2267,0.05,0.3432,0.0,0.0752,-1422.4267578125
2268,0.05,0.3432,0.0,0.0776,-1420.356689453125
2269,0.05,0.3432,0.0,0.08,-1422.46142578125
2270,0.05,0.3432,0.0,0.0824,-1422.4825439453125
2271,0.05,0.3432,0.0,0.0848,-1423.158447265625
2272,0.05,0.3432,0.0,0.0872,-1424.58837890625
2273,0.05,0.3432,0.0,0.0896,-1423.9864501953125
2274,0.05,0.3432,0.0,0.092,-1424.989013671875
2275,0.05,0.3432,0.0,0.0944,-1425.37548828125
2276,0.05,0.3432,0.0,0.0968,-1427.5380859375
2277,0.05,0.3432,0.0,0.0992,-1426.369873046875
2278,0.05,0.3432,0.0,0.1016,-1429.1728515625
2279,0.05,0.3432,0.0,0.104,-1430.83154296875
2280,0.05,0.3432,0.0,0.1064,-1430.4346923828125
2281,0.05,0.3432,0.0,0.1088,-1431.830322265625
2282,0.05,0.3432,0.0,0.1112,-1432.60107421875
2283,0.05,0.3432,0.0,0.1136,-1434.5841064453125
2284,0.05,0.3432,0.0,0.116,-1435.95703125
2285,0.05,0.3432,0.0,0.1184,-1436.385498046875
2286,0.05,0.3432,0.0,0.1208,-1437.291259765625
2287,0.05,0.3432,0.0,0.1232,-1438.447265625
2288,0.05,0.3432,0.0,0.1256,-1440.403076171875
2289,0.05,0.3432,0.0,0.128,-1442.580322265625
2290,0.05,0.3432,0.0,0.1304,-1443.58203125
2291,0.05,0.3432,0.0,0.1328,-1444.216796875
2292,0.05,0.3432,0.0,0.1352,-1446.03515625
2293,0.05,0.3432,0.0,0.1376,-1446.4205322265625
2294,0.05,0.3432,0.0,0.14,-1449.575927734375
2295,0.05,0.346,0.0,0.02,-1464.1175537109375
2296,0.05,0.346,0.0,0.0224,-1457.4298095703125
2297,0.05,0.346,0.0,0.0248,-1452.220703125
2298,0.05,0.346,0.0,0.0272,-1448.38916015625
2299,0.05,0.346,0.0,0.0296,-1444.453369140625
2300,0.05,0.346,0.0,0.032,-1440.5841064453125
2301,0.05,0.346,0.0,0.0344,-1438.5662841796875
2302,0.05,0.346,0.0,0.0368,-1434.5294189453125
2303,0.05,0.346,0.0,0.0392,-1432.967041015625
2304,0.05,0.346,0.0,0.0416,-1430.611328125
2305,0.05,0.346,0.0,0.044,-1429.4454345703125
2306,0.05,0.346,0.0,0.0464,-1428.077880859375
2307,0.05,0.346,0.0,0.0488,-1425.1197509765625
2308,0.05,0.346,0.0,0.0512,-1425.613037109375
2309,0.05,0.346,0.0,0.0536,-1424.5057373046875
2310,0.05,0.346,0.0,0.056,-1424.3409423828125
2311,0.05,0.346,0.0,0.0584,-1423.61572265625
2312,0.05,0.346,0.0,0.0608,-1422.76806640625
2313,0.05,0.346,0.0,0.0632,-1423.473388671875
2314,0.05,0.346,0.0,0.0656,-1422.4315185546875
2315,0.05,0.346,0.0,0.068,-1420.705322265625
2316,0.05,0.346,0.0,0.0704,-1422.44677734375
2317,0.05,0.346,0.0,0.0728,-1422.1746826171875
2318,0.05,0.346,0.0,0.0752,-1422.3681640625
2319,0.05,0.346,0.0,0.0776,-1422.8121337890625
2320,0.05,0.346,0.0,0.08,-1423.685791015625
2321,0.05,0.346,0.0,0.0824,-1423.93701171875
2322,0.05,0.346,0.0,0.0848,-1424.4501953125
2323,0.05,0.346,0.0,0.0872,-1425.130126953125
2324,0.05,0.346,0.0,0.0896,-1425.430908203125
2325,0.05,0.346,0.0,0.092,-1426.1849365234375
2326,0.05,0.346,0.0,0.0944,-1427.6402587890625
2327,0.05,0.346,0.0,0.0968,-1428.0509033203125
2328,0.05,0.346,0.0,0.0992,-1428.15673828125
2329,0.05,0.346,0.0,0.1016,-1429.93994140625
2330,0.05,0.346,0.0,0.104,-1431.659912109375
2331,0.05,0.346,0.0,0.1064,-1430.937744140625
2332,0.05,0.346,0.0,0.1088,-1432.2022705078125
2333,0.05,0.346,0.0,0.1112,-1434.469482421875
2334,0.05,0.346,0.0,0.1136,-1435.386962890625
2335,0.05,0.346,0.0,0.116,-1435.6666259765625
2336,0.05,0.346,0.0,0.1184,-1437.920654296875
2337,0.05,0.346,0.0,0.1208,-1439.0042724609375
2338,0.05,0.346,0.0,0.1232,-1440.2977294921875
2339,0.05,0.346,0.0,0.1256,-1440.898193359375
2340,0.05,0.346,0.0,0.128,-1442.9091796875
2341,0.05,0.346,0.0,0.1304,-1443.498779296875
2342,0.05,0.346,0.0,0.1328,-1444.986572265625
2343,0.05,0.346,0.0,0.1352,-1446.7437744140625
2344,0.05,0.346,0.0,0.1376,-1447.5303955078125
2345,0.05,0.346,0.0,0.14,-1450.21923828125
2346,0.05,0.3488,0.0,0.02,-1465.2548828125
2347,0.05,0.3488,0.0,0.0224,-1457.5396728515625
2348,0.05,0.3488,0.0,0.0248,-1453.342529296875
2349,0.05,0.3488,0.0,0.0272,-1449.444091796875
2350,0.05,0.3488,0.0,0.0296,-1445.947998046875
2351,0.05,0.3488,0.0,0.032,-1440.7515869140625
2352,0.05,0.3488,0.0,0.0344,-1438.326904296875
2353,0.05,0.3488,0.0,0.0368,-1436.5478515625
2354,0.05,0.3488,0.0,0.0392,-1433.9041748046875
2355,0.05,0.3488,0.0,0.0416,-1431.941650390625
2356,0.05,0.3488,0.0,0.044,-1429.372314453125
2357,0.05,0.3488,0.0,0.0464,-1428.92626953125
2358,0.05,0.3488,0.0,0.0488,-1426.7120361328125
2359,0.05,0.3488,0.0,0.0512,-1425.931640625
2360,0.05,0.3488,0.0,0.0536,-1424.74609375
2361,0.05,0.3488,0.0,0.056,-1425.156494140625
2362,0.05,0.3488,0.0,0.0584,-1423.833251953125
2363,0.05,0.3488,0.0,0.0608,-1424.294189453125
2364,0.05,0.3488,0.0,0.0632,-1424.4906005859375
2365,0.05,0.3488,0.0,0.0656,-1423.3963623046875
2366,0.05,0.3488,0.0,0.068,-1423.2623291015625
2367,0.05,0.3488,0.0,0.0704,-1423.3134765625
2368,0.05,0.3488,0.0,0.0728,-1424.224365234375
2369,0.05,0.3488,0.0,0.0752,-1423.819580078125
2370,0.05,0.3488,0.0,0.0776,-1423.581787109375
2371,0.05,0.3488,0.0,0.08,-1424.0108642578125
2372,0.05,0.3488,0.0,0.0824,-1424.610595703125
2373,0.05,0.3488,0.0,0.0848,-1425.148193359375
2374,0.05,0.3488,0.0,0.0872,-1425.309326171875
2375,0.05,0.3488,0.0,0.0896,-1426.211181640625
2376,0.05,0.3488,0.0,0.092,-1428.18408203125
2377,0.05,0.3488,0.0,0.0944,-1428.4921875
2378,0.05,0.3488,0.0,0.0968,-1427.9786376953125
2379,0.05,0.3488,0.0,0.0992,-1429.0328369140625
2380,0.05,0.3488,0.0,0.1016,-1430.602294921875
2381,0.05,0.3488,0.0,0.104,-1431.994140625
2382,0.05,0.3488,0.0,0.1064,-1432.43798828125
2383,0.05,0.3488,0.0,0.1088,-1433.90087890625
2384,0.05,0.3488,0.0,0.1112,-1434.67041015625
2385,0.05,0.3488,0.0,0.1136,-1436.827392578125
2386,0.05,0.3488,0.0,0.116,-1436.377197265625
2387,0.05,0.3488,0.0,0.1184,-1437.872314453125
2388,0.05,0.3488,0.0,0.1208,-1439.255615234375
2389,0.05,0.3488,0.0,0.1232,-1441.873779296875
2390,0.05,0.3488,0.0,0.1256,-1441.97021484375
2391,0.05,0.3488,0.0,0.128,-1443.7962646484375
2392,0.05,0.3488,0.0,0.1304,-1446.008056640625
2393,0.05,0.3488,0.0,0.1328,-1446.6416015625
2394,0.05,0.3488,0.0,0.1352,-1448.687255859375
2395,0.05,0.3488,0.0,0.1376,-1448.90234375
2396,0.05,0.3488,0.0,0.14,-1451.865966796875
2397,0.05,0.3516,0.0,0.02,-1466.660400390625
2398,0.05,0.3516,0.0,0.0224,-1459.8125
2399,0.05,0.3516,0.0,0.0248,-1453.856201171875
2400,0.05,0.3516,0.0,0.0272,-1450.358154296875
2401,0.05,0.3516,0.0,0.0296,-1445.7119140625
2402,0.05,0.3516,0.0,0.032,-1442.574462890625
2403,0.05,0.3516,0.0,0.0344,-1439.268310546875
2404,0.05,0.3516,0.0,0.0368,-1436.6380615234375
2405,0.05,0.3516,0.0,0.0392,-1435.239013671875
2406,0.05,0.3516,0.0,0.0416,-1432.0341796875
2407,0.05,0.3516,0.0,0.044,-1431.725341796875
2408,0.05,0.3516,0.0,0.0464,-1428.96484375
2409,0.05,0.3516,0.0,0.0488,-1427.61083984375
2410,0.05,0.3516,0.0,0.0512,-1427.17578125
2411,0.05,0.3516,0.0,0.0536,-1427.0704345703125
2412,0.05,0.3516,0.0,0.056,-1425.884521484375
2413,0.05,0.3516,0.0,0.0584,-1425.2255859375
2414,0.05,0.3516,0.0,0.0608,-1424.1895751953125
2415,0.05,0.3516,0.0,0.0632,-1424.4649658203125
2416,0.05,0.3516,0.0,0.0656,-1423.9111328125
2417,0.05,0.3516,0.0,0.068,-1424.340576171875
2418,0.05,0.3516,0.0,0.0704,-1423.822998046875
2419,0.05,0.3516,0.0,0.0728,-1424.994384765625
2420,0.05,0.3516,0.0,0.0752,-1424.48193359375
2421,0.05,0.3516,0.0,0.0776,-1424.2523193359375
2422,0.05,0.3516,0.0,0.08,-1426.0531005859375
2423,0.05,0.3516,0.0,0.0824,-1426.119384765625
2424,0.05,0.3516,0.0,0.0848,-1425.71728515625
2425,0.05,0.3516,0.0,0.0872,-1426.8499755859375
2426,0.05,0.3516,0.0,0.0896,-1427.081298828125
2427,0.05,0.3516,0.0,0.092,-1427.2628173828125
2428,0.05,0.3516,0.0,0.0944,-1428.734130859375
2429,0.05,0.3516,0.0,0.0968,-1429.29931640625
2430,0.05,0.3516,0.0,0.0992,-1430.646728515625
2431,0.05,0.3516,0.0,0.1016,-1431.515380859375
2432,0.05,0.3516,0.0,0.104,-1432.37646484375
2433,0.05,0.3516,0.0,0.1064,-1433.1434326171875
2434,0.05,0.3516,0.0,0.1088,-1434.97265625
2435,0.05,0.3516,0.0,0.1112,-1436.263671875
2436,0.05,0.3516,0.0,0.1136,-1437.3095703125
2437,0.05,0.3516,0.0,0.116,-1437.9910888671875
2438,0.05,0.3516,0.0,0.1184,-1439.6300048828125
2439,0.05,0.3516,0.0,0.1208,-1440.09228515625
2440,0.05,0.3516,0.0,0.1232,-1441.135009765625
2441,0.05,0.3516,0.0,0.1256,-1443.40283203125
2442,0.05,0.3516,0.0,0.128,-1444.4393310546875
2443,0.05,0.3516,0.0,0.1304,-1445.7646484375
2444,0.05,0.3516,0.0,0.1328,-1447.572265625
2445,0.05,0.3516,0.0,0.1352,-1447.75390625
2446,0.05,0.3516,0.0,0.1376,-1450.09326171875
2447,0.05,0.3516,0.0,0.14,-1451.99365234375
2448,0.05,0.3544,0.0,0.02,-1466.746337890625
2449,0.05,0.3544,0.0,0.0224,-1461.5191650390625
2450,0.05,0.3544,0.0,0.0248,-1455.3956298828125
2451,0.05,0.3544,0.0,0.0272,-1450.30810546875
2452,0.05,0.3544,0.0,0.0296,-1445.7822265625
2453,0.05,0.3544,0.0,0.032,-1443.353759765625
2454,0.05,0.3544,0.0,0.0344,-1440.710205078125
2455,0.05,0.3544,0.0,0.0368,-1438.033203125
2456,0.05,0.3544,0.0,0.0392,-1435.4739990234375
2457,0.05,0.3544,0.0,0.0416,-1433.5118408203125
2458,0.05,0.3544,0.0,0.044,-1432.092529296875
2459,0.05,0.3544,0.0,0.0464,-1430.64404296875
2460,0.05,0.3544,0.0,0.0488,-1429.5709228515625
2461,0.05,0.3544,0.0,0.0512,-1428.353271484375
2462,0.05,0.3544,0.0,0.0536,-1429.2177734375
2463,0.05,0.3544,0.0,0.056,-1427.083740234375
2464,0.05,0.3544,0.0,0.0584,-1426.270263671875
2465,0.05,0.3544,0.0,0.0608,-1426.133056640625
2466,0.05,0.3544,0.0,0.0632,-1425.33349609375
2467,0.05,0.3544,0.0,0.0656,-1426.285400390625
2468,0.05,0.3544,0.0,0.068,-1425.426513671875
2469,0.05,0.3544,0.0,0.0704,-1425.84375
2470,0.05,0.3544,0.0,0.0728,-1425.4439697265625
2471,0.05,0.3544,0.0,0.0752,-1426.1907958984375
2472,0.05,0.3544,0.0,0.0776,-1425.0689697265625
2473,0.05,0.3544,0.0,0.08,-1426.292724609375
2474,0.05,0.3544,0.0,0.0824,-1427.1319580078125
2475,0.05,0.3544,0.0,0.0848,-1426.7076416015625
2476,0.05,0.3544,0.0,0.0872,-1428.973388671875
2477,0.05,0.3544,0.0,0.0896,-1428.265625
2478,0.05,0.3544,0.0,0.092,-1429.886474609375
2479,0.05,0.3544,0.0,0.0944,-1429.841064453125
2480,0.05,0.3544,0.0,0.0968,-1431.0887451171875
2481,0.05,0.3544,0.0,0.0992,-1431.367919921875
2482,0.05,0.3544,0.0,0.1016,-1433.0833740234375
2483,0.05,0.3544,0.0,0.104,-1433.087646484375
2484,0.05,0.3544,0.0,0.1064,-1435.6287841796875
2485,0.05,0.3544,0.0,0.1088,-1435.1944580078125
2486,0.05,0.3544,0.0,0.1112,-1436.772216796875
2487,0.05,0.3544,0.0,0.1136,-1437.706298828125
2488,0.05,0.3544,0.0,0.116,-1439.171142578125
2489,0.05,0.3544,0.0,0.1184,-1441.026123046875
2490,0.05,0.3544,0.0,0.1208,-1442.197021484375
2491,0.05,0.3544,0.0,0.1232,-1443.1571044921875
2492,0.05,0.3544,0.0,0.1256,-1444.82958984375
2493,0.05,0.3544,0.0,0.128,-1445.00634765625
2494,0.05,0.3544,0.0,0.1304,-1447.0440673828125
2495,0.05,0.3544,0.0,0.1328,-1448.1046142578125
2496,0.05,0.3544,0.0,0.1352,-1450.0654296875
2497,0.05,0.3544,0.0,0.1376,-1450.8118896484375
2498,0.05,0.3544,0.0,0.14,-1452.911865234375
2499,0.05,0.3572,0.0,0.02,-1467.182373046875
2500,0.05,0.3572,0.0,0.0224,-1463.004150390625
2501,0.05,0.3572,0.0,0.0248,-1455.96533203125
2502,0.05,0.3572,0.0,0.0272,-1451.549560546875
2503,0.05,0.3572,0.0,0.0296,-1447.3076171875
2504,0.05,0.3572,0.0,0.032,-1446.079345703125
2505,0.05,0.3572,0.0,0.0344,-1441.3934326171875
2506,0.05,0.3572,0.0,0.0368,-1438.120361328125
2507,0.05,0.3572,0.0,0.0392,-1436.001220703125
2508,0.05,0.3572,0.0,0.0416,-1434.865478515625
2509,0.05,0.3572,0.0,0.044,-1432.8212890625
2510,0.05,0.3572,0.0,0.0464,-1431.3038330078125
2511,0.05,0.3572,0.0,0.0488,-1431.02685546875
2512,0.05,0.3572,0.0,0.0512,-1429.87255859375
2513,0.05,0.3572,0.0,0.0536,-1429.111572265625
2514,0.05,0.3572,0.0,0.056,-1427.556396484375
2515,0.05,0.3572,0.0,0.0584,-1427.211181640625
2516,0.05,0.3572,0.0,0.0608,-1427.212158203125
2517,0.05,0.3572,0.0,0.0632,-1426.7276611328125
2518,0.05,0.3572,0.0,0.0656,-1425.72509765625
2519,0.05,0.3572,0.0,0.068,-1427.6041259765625
2520,0.05,0.3572,0.0,0.0704,-1425.966064453125
2521,0.05,0.3572,0.0,0.0728,-1427.301025390625
2522,0.05,0.3572,0.0,0.0752,-1426.966552734375
2523,0.05,0.3572,0.0,0.0776,-1428.0557861328125
2524,0.05,0.3572,0.0,0.08,-1427.117919921875
2525,0.05,0.3572,0.0,0.0824,-1428.02099609375
2526,0.05,0.3572,0.0,0.0848,-1427.88330078125
2527,0.05,0.3572,0.0,0.0872,-1428.0537109375
2528,0.05,0.3572,0.0,0.0896,-1428.943603515625
2529,0.05,0.3572,0.0,0.092,-1430.84326171875
2530,0.05,0.3572,0.0,0.0944,-1430.9859619140625
2531,0.05,0.3572,0.0,0.0968,-1432.3753662109375
2532,0.05,0.3572,0.0,0.0992,-1432.64697265625
2533,0.05,0.3572,0.0,0.1016,-1432.914306640625
2534,0.05,0.3572,0.0,0.104,-1435.0797119140625
2535,0.05,0.3572,0.0,0.1064,-1435.40673828125
2536,0.05,0.3572,0.0,0.1088,-1437.1837158203125
2537,0.05,0.3572,0.0,0.1112,-1437.757568359375
2538,0.05,0.3572,0.0,0.1136,-1439.269287109375
2539,0.05,0.3572,0.0,0.116,-1439.6580810546875
2540,0.05,0.3572,0.0,0.1184,-1441.72021484375
2541,0.05,0.3572,0.0,0.1208,-1443.001708984375
2542,0.05,0.3572,0.0,0.1232,-1444.4229736328125
2543,0.05,0.3572,0.0,0.1256,-1445.5418701171875
2544,0.05,0.3572,0.0,0.128,-1446.8218994140625
2545,0.05,0.3572,0.0,0.1304,-1447.873779296875
2546,0.05,0.3572,0.0,0.1328,-1449.9093017578125
2547,0.05,0.3572,0.0,0.1352,-1451.8011474609375
2548,0.05,0.3572,0.0,0.1376,-1451.9501953125
2549,0.05,0.3572,0.0,0.14,-1454.0367431640625
2550,0.05,0.36,0.0,0.02,-1467.50537109375
2551,0.05,0.36,0.0,0.0224,-1462.36181640625
2552,0.05,0.36,0.0,0.0248,-1457.1722412109375
2553,0.05,0.36,0.0,0.0272,-1452.817138671875
2554,0.05,0.36,0.0,0.0296,-1449.8990478515625
2555,0.05,0.36,0.0,0.032,-1444.849609375
2556,0.05,0.36,0.0,0.0344,-1442.032958984375
2557,0.05,0.36,0.0,0.0368,-1439.7923583984375
2558,0.05,0.36,0.0,0.0392,-1438.1025390625
2559,0.05,0.36,0.0,0.0416,-1436.088134765625
2560,0.05,0.36,0.0,0.044,-1433.740478515625
2561,0.05,0.36,0.0,0.0464,-1432.2198486328125
2562,0.05,0.36,0.0,0.0488,-1431.2548828125
2563,0.05,0.36,0.0,0.0512,-1429.64208984375
2564,0.05,0.36,0.0,0.0536,-1428.797607421875
2565,0.05,0.36,0.0,0.056,-1428.676513671875
2566,0.05,0.36,0.0,0.0584,-1428.701416015625
2567,0.05,0.36,0.0,0.0608,-1428.1875
2568,0.05,0.36,0.0,0.0632,-1427.6270751953125
2569,0.05,0.36,0.0,0.0656,-1427.016357421875
2570,0.05,0.36,0.0,0.068,-1426.1436767578125
2571,0.05,0.36,0.0,0.0704,-1427.95166015625
2572,0.05,0.36,0.0,0.0728,-1427.725341796875
2573,0.05,0.36,0.0,0.0752,-1428.5771484375
2574,0.05,0.36,0.0,0.0776,-1428.125
2575,0.05,0.36,0.0,0.08,-1429.096435546875
2576,0.05,0.36,0.0,0.0824,-1429.5965576171875
2577,0.05,0.36,0.0,0.0848,-1429.423583984375
2578,0.05,0.36,0.0,0.0872,-1430.5802001953125
2579,0.05,0.36,0.0,0.0896,-1430.7021484375
2580,0.05,0.36,0.0,0.092,-1430.82373046875
2581,0.05,0.36,0.0,0.0944,-1431.970947265625
2582,0.05,0.36,0.0,0.0968,-1433.3853759765625
2583,0.05,0.36,0.0,0.0992,-1434.3599853515625
2584,0.05,0.36,0.0,0.1016,-1435.2412109375
2585,0.05,0.36,0.0,0.104,-1434.45947265625
2586,0.05,0.36,0.0,0.1064,-1437.2261962890625
2587,0.05,0.36,0.0,0.1088,-1437.76318359375
2588,0.05,0.36,0.0,0.1112,-1439.0751953125
2589,0.05,0.36,0.0,0.1136,-1440.667724609375
2590,0.05,0.36,0.0,0.116,-1440.98583984375
2591,0.05,0.36,0.0,0.1184,-1442.8577880859375
2592,0.05,0.36,0.0,0.1208,-1443.955810546875
2593,0.05,0.36,0.0,0.1232,-1446.63232421875
2594,0.05,0.36,0.0,0.1256,-1446.2149658203125
2595,0.05,0.36,0.0,0.128,-1447.1683349609375
2596,0.05,0.36,0.0,0.1304,-1449.265625
2597,0.05,0.36,0.0,0.1328,-1451.157958984375
2598,0.05,0.36,0.0,0.1352,-1451.58203125
2599,0.05,0.36,0.0,0.1376,-1454.0020751953125
2600,0.05,0.36,0.0,0.14,-1455.765380859375
