mu,rho,ll
0.29,0.08,-1405.786621
0.29,0.08,-1405.627319
0.29,0.08,-1406.328857
0.28922,0.078759,-1407.305664
0.293361,0.074591,-1407.787598
0.295061,0.072586,-1407.112061
0.29389,0.077366,-1407.769165
0.292658,0.07757,-1407.567749
0.292658,0.07757,-1407.338135
0.294522,0.073919,-1408.26001
0.294522,0.073919,-1406.824585
0.286326,0.075512,-1407.011597
0.284433,0.072842,-1406.051392
0.284433,0.072842,-1405.701416
0.284386,0.076207,-1405.769775
0.284386,0.076207,-1404.615112
0.283114,0.073946,-1405.469238
0.286275,0.071718,-1405.867554
0.279911,0.068595,-1405.624756
0.279317,0.069368,-1404.952637
0.279507,0.073444,-1406.009766
0.278267,0.072914,-1404.658813
0.275657,0.072709,-1405.106812
0.279532,0.072514,-1405.134033
0.28215,0.074855,-1406.51416
0.276954,0.072941,-1404.484131
0.281384,0.072938,-1405.482788
0.284304,0.072097,-1405.992432
0.284304,0.072097,-1405.121094
0.283004,0.070301,-1405.743896
0.283004,0.070301,-1404.393799
0.282094,0.071662,-1404.401123
0.282094,0.071662,-1405.848999
0.277714,0.069537,-1404.823486
0.272361,0.073818,-1405.482178
0.275662,0.069346,-1404.088623
0.280442,0.07165,-1405.514038
0.280442,0.07165,-1405.278564
0.280442,0.07165,-1403.788086
0.274229,0.069132,-1405.526855
0.275584,0.067006,-1405.742798
0.279374,0.067004,-1405.514648
0.278335,0.064897,-1405.602173
0.278335,0.064897,-1405.116333
0.278456,0.066172,-1404.956787
0.282177,0.066596,-1405.764648
0.28286,0.069118,-1405.830811
0.28286,0.069118,-1404.420166
0.28286,0.069118,-1404.88916
0.283147,0.070217,-1405.636963
0.282521,0.071347,-1405.161499
0.278779,0.070841,-1406.526123
0.286609,0.071045,-1406.178711
0.286609,0.071045,-1404.852051
0.286905,0.068979,-1405.286987
0.291331,0.066238,-1406.307495
0.291331,0.066238,-1406.386475
0.285732,0.064414,-1407.057861
0.285732,0.064414,-1405.437744
0.28874,0.067232,-1405.948486
0.28874,0.067232,-1405.418091
0.290096,0.067267,-1406.808594
0.290218,0.065538,-1406.667725
0.289517,0.062242,-1406.870605
0.289517,0.062242,-1406.3479
0.289517,0.062242,-1406.552856
0.289947,0.060444,-1407.052856
0.285686,0.057803,-1407.908081
0.28369,0.057436,-1406.460693
0.289343,0.060578,-1406.53479
0.284942,0.052921,-1407.950684
0.284942,0.052921,-1407.893799
0.286538,0.055194,-1408.179443
0.283781,0.051757,-1409.894531
0.277101,0.053769,-1408.245605
0.277681,0.052903,-1408.630859
0.281521,0.052461,-1408.10791
0.281521,0.052461,-1408.252197
0.287526,0.051856,-1409.182861
0.287526,0.051856,-1409.152832
0.28955,0.051118,-1409.458008
0.284554,0.05283,-1408.826416
0.284554,0.05283,-1408.723145
0.284554,0.05283,-1409.223145
0.284554,0.05283,-1409.315308
0.290975,0.054493,-1408.906616
0.287304,0.052309,-1408.876831
0.283804,0.051141,-1409.200439
0.281977,0.055086,-1407.508789
0.280816,0.056321,-1406.454712
0.280816,0.056321,-1406.625244
0.280816,0.056321,-1407.194824
0.280816,0.056321,-1406.4104
0.280775,0.058221,-1407.22998
0.279105,0.059377,-1405.233643
0.279105,0.059377,-1405.916992
0.278211,0.058633,-1406.740845
0.283676,0.058229,-1407.157593
0.283676,0.058229,-1406.626709
0.283688,0.06289,-1405.462646
0.283564,0.064588,-1405.734863
0.283564,0.064588,-1405.630615
0.284165,0.071237,-1404.710693
0.276197,0.06867,-1405.554199
0.273909,0.065969,-1405.088135
0.269883,0.06111,-1406.575073
0.274969,0.060166,-1405.85144
0.281545,0.060402,-1406.641602
0.277686,0.059056,-1406.759766
0.276332,0.057287,-1406.907837
0.282245,0.056965,-1407.448242
0.285122,0.058207,-1406.447021
0.279793,0.059691,-1405.421387
0.27783,0.0606,-1406.387695
0.276795,0.062893,-1405.654053
0.276795,0.062893,-1405.773193
0.276795,0.062893,-1404.660645
0.276788,0.063006,-1405.213989
0.276788,0.063006,-1404.768677
0.279655,0.060357,-1405.185303
0.280652,0.059968,-1405.908936
0.282252,0.063072,-1405.518188
0.285422,0.060096,-1406.218262
0.290418,0.058507,-1407.751709
0.287458,0.055662,-1407.445068
0.287624,0.053822,-1408.984619
0.290587,0.052,-1409.716187
0.295924,0.048622,-1411.596313
0.295924,0.048622,-1412.671021
0.295162,0.04777,-1412.586182
0.295162,0.04777,-1412.67395
0.29308,0.052176,-1411.006714
0.295751,0.054863,-1409.012695
0.295751,0.054863,-1409.766602
0.29707,0.059258,-1409.07251
0.297683,0.060987,-1408.28125
0.296828,0.06273,-1408.416016
0.297214,0.062363,-1407.824707
0.29565,0.062858,-1408.179932
0.299066,0.064067,-1407.755127
0.300574,0.064761,-1408.86792
0.30237,0.061473,-1410.032837
0.302138,0.06273,-1409.34668
0.301325,0.05979,-1409.928101
0.300288,0.060323,-1409.369629
0.300288,0.060323,-1408.823242
0.300288,0.060323,-1409.424072
0.295486,0.057381,-1408.221436
0.295486,0.057381,-1409.612793
0.292433,0.06156,-1408.367798
0.292433,0.06156,-1407.630981
0.289891,0.06374,-1406.740967
0.289747,0.065602,-1406.84314
0.29594,0.065921,-1408.091919
0.29594,0.065921,-1407.483154
0.296325,0.068637,-1407.347778
0.290714,0.061271,-1407.219727
0.290588,0.063664,-1406.122559
0.290134,0.065799,-1407.414062
0.294614,0.066969,-1407.222656
0.294614,0.066969,-1407.0448
0.291141,0.066471,-1405.944702
0.290837,0.062914,-1406.850708
0.294375,0.064336,-1407.287109
0.295396,0.064958,-1407.07019
0.292408,0.066188,-1406.03125
0.285696,0.068388,-1405.610352
0.285696,0.068388,-1405.979492
0.283803,0.06815,-1406.055786
0.285278,0.06948,-1406.124268
0.291391,0.069177,-1406.173218
0.290714,0.066887,-1406.789551
0.292369,0.067625,-1406.632568
0.28715,0.073355,-1406.038208
0.285823,0.069808,-1405.470093
0.284798,0.071781,-1405.417358
0.289971,0.070532,-1407.243652
0.289971,0.070532,-1406.208496
0.289971,0.070532,-1406.643555
0.289464,0.06363,-1407.244385
0.287614,0.060027,-1406.455078
0.287614,0.060027,-1406.563232
0.287614,0.060027,-1406.143433
0.288551,0.064551,-1406.166504
0.288551,0.064551,-1406.278442
0.285697,0.061156,-1406.995117
0.28577,0.056775,-1406.796143
0.284556,0.058122,-1406.854614
0.284556,0.058122,-1406.906982
0.28339,0.062171,-1405.849731
0.281782,0.060379,-1406.207886
0.285069,0.060685,-1405.867432
0.283209,0.060131,-1406.528076
0.282531,0.063348,-1405.957275
0.282531,0.063348,-1406.219482
0.282531,0.063348,-1405.869385
0.281548,0.062501,-1406.011353
0.285156,0.063606,-1406.120605
0.283673,0.067276,-1406.229004
0.283147,0.065485,-1406.305664
0.287411,0.065513,-1408.190186
0.287476,0.065898,-1407.070557
0.287476,0.065898,-1406.751343
0.287826,0.067494,-1406.015381
0.290268,0.067781,-1406.686523
0.289407,0.071443,-1406.626343
0.29144,0.071284,-1406.717529
0.295758,0.069628,-1407.087402
0.295188,0.072894,-1407.293457
0.296337,0.079563,-1408.252197
0.296337,0.079563,-1408.306152
0.300522,0.077776,-1409.42749
0.293762,0.076673,-1408.078247
0.293339,0.074846,-1408.145508
0.294104,0.080098,-1407.093994
0.289836,0.081522,-1407.42041
0.290956,0.078028,-1407.585205
0.287488,0.081713,-1407.162476
0.287488,0.081713,-1407.204468
0.284928,0.082435,-1406.930176
0.283629,0.079542,-1406.266235
0.283629,0.079542,-1405.567139
0.28138,0.077184,-1406.498779
0.28138,0.077184,-1405.028076
0.277379,0.074747,-1405.452393
0.281298,0.074466,-1405.485962
0.281854,0.076154,-1405.331299
0.28312,0.077859,-1405.307373
0.282058,0.081654,-1405.889282
0.284326,0.082371,-1406.292358
0.279596,0.087997,-1407.086182
0.278556,0.088318,-1407.526611
0.277127,0.08592,-1406.751709
0.272313,0.079226,-1404.915894
0.272342,0.079604,-1405.861816
0.27076,0.077433,-1405.88501
0.270727,0.074432,-1405.198608
0.269456,0.077172,-1404.6698
0.270081,0.074013,-1405.662964
0.269354,0.071722,-1404.877686
0.269354,0.071722,-1405.545166
0.269354,0.071722,-1404.675171
0.26876,0.073329,-1404.8479
0.264723,0.072301,-1405.668457
0.269194,0.068349,-1404.675293
0.271803,0.071485,-1405.028076
0.271468,0.073418,-1404.594849
0.272938,0.073498,-1405.541138
0.270779,0.077,-1404.109863
0.270779,0.077,-1405.63269
0.272977,0.077496,-1404.732056
0.275405,0.079793,-1406.137451
0.271274,0.077006,-1405.904541
0.274753,0.077763,-1404.83728
0.273825,0.076315,-1405.047241
0.272064,0.070451,-1404.984863
0.272141,0.069666,-1405.251343
0.267329,0.068332,-1405.008423
0.267431,0.070327,-1404.946289
0.268854,0.066482,-1404.624146
0.268854,0.066482,-1404.915894
0.276093,0.066567,-1405.737183
0.270133,0.068951,-1405.127686
0.267613,0.069823,-1405.361816
0.266348,0.067279,-1404.429199
0.266209,0.066023,-1405.596191
0.266209,0.066023,-1405.132568
0.265432,0.061947,-1405.592407
0.265432,0.061947,-1405.884277
0.265376,0.063217,-1405.490112
0.263184,0.062185,-1406.11853
0.261105,0.058067,-1407.402466
0.261105,0.058067,-1407.417725
0.261888,0.060915,-1406.145996
0.261888,0.060915,-1406.491333
0.263473,0.057395,-1406.563721
0.266943,0.059062,-1406.630127
0.266943,0.059062,-1405.925415
0.266915,0.063281,-1405.286133
0.268431,0.06147,-1405.342651
0.268548,0.058941,-1405.567627
0.264731,0.055493,-1407.553467
0.266818,0.065434,-1405.053711
0.264277,0.064477,-1406.358643
0.266049,0.063418,-1406.172729
0.258397,0.065211,-1406.454224
0.26081,0.061344,-1406.382446
0.263839,0.057344,-1406.426758
0.266283,0.06228,-1405.187256
0.270154,0.06131,-1405.924805
0.265523,0.060112,-1406.056396
0.265523,0.060112,-1406.440796
0.266111,0.057185,-1406.561646
0.266529,0.055205,-1408.802368
0.267112,0.056036,-1406.986938
0.267112,0.056036,-1406.800781
0.26634,0.054079,-1407.833008
0.275363,0.059563,-1406.286255
0.278437,0.058623,-1406.330566
0.277227,0.060033,-1406.074341
0.274941,0.054991,-1406.804688
0.267942,0.05681,-1407.725708
0.267739,0.058846,-1406.793091
0.263624,0.058465,-1406.086426
0.262985,0.056947,-1407.320801
0.262985,0.056947,-1407.462646
0.262985,0.056947,-1407.552979
0.262985,0.056947,-1407.30481
0.262985,0.056947,-1408.07666
0.262985,0.056947,-1406.855957
0.261439,0.060965,-1407.168701
0.261439,0.060965,-1406.994873
0.268025,0.064333,-1405.405029
0.264685,0.065353,-1404.997314
0.266183,0.069283,-1404.850586
0.266183,0.069283,-1404.934692
0.266183,0.069283,-1404.602905
0.266183,0.069283,-1405.43335
0.263754,0.067785,-1405.572632
0.263754,0.067785,-1405.079346
0.269014,0.066015,-1405.594971
0.270287,0.067142,-1404.860718
0.270287,0.067142,-1405.024048
0.268226,0.067582,-1405.357178
0.272328,0.068217,-1405.385498
0.272599,0.069373,-1405.634033
0.272529,0.072374,-1405.802979
0.274211,0.074383,-1405.466064
0.274601,0.076225,-1405.419189
0.274601,0.076225,-1404.769775
0.268991,0.06768,-1405.338867
0.272735,0.07206,-1405.479248
0.272677,0.071942,-1404.13208
0.27302,0.066796,-1404.670898
0.268181,0.063406,-1405.260254
0.266995,0.062781,-1405.393677
0.267807,0.062149,-1405.845215
0.266161,0.067921,-1406.558472
0.266161,0.067921,-1404.803467
0.270785,0.069031,-1405.089478
0.272944,0.072842,-1403.84021
0.274023,0.070579,-1404.628052
0.278145,0.074093,-1405.655762
0.282218,0.075608,-1406.278198
0.282641,0.07674,-1405.724854
0.291929,0.070498,-1407.46814
0.286572,0.068636,-1406.015625
0.284164,0.069058,-1405.128784
0.286547,0.065626,-1406.204834
0.2849,0.067162,-1404.809814
0.281841,0.063828,-1406.070435
0.281841,0.063828,-1405.243652
0.285079,0.064832,-1406.56543
0.285079,0.064832,-1405.931763
0.280597,0.063677,-1405.41272
0.280597,0.063677,-1405.37085
0.280339,0.065583,-1404.742188
0.280339,0.065583,-1405.072266
0.278772,0.06759,-1404.46875
0.278772,0.06759,-1404.534302
0.275241,0.068023,-1404.716553
0.277424,0.070683,-1405.291016
0.278943,0.072346,-1406.142822
0.27382,0.073027,-1405.421387
0.278029,0.075669,-1406.207397
0.278029,0.075669,-1405.56543
0.276479,0.076197,-1405.282715
0.27573,0.079462,-1405.58252
0.27846,0.081466,-1406.108643
0.274967,0.085786,-1406.101562
0.279514,0.085132,-1406.249756
0.279514,0.085132,-1405.679688
0.277301,0.082035,-1406.067383
0.273996,0.081518,-1405.625366
0.273135,0.078759,-1405.438721
0.274901,0.072552,-1405.075195
0.274901,0.072552,-1403.968262
0.274901,0.072552,-1403.905029
0.271275,0.072182,-1404.925049
0.273291,0.071794,-1405.093872
0.273291,0.071794,-1404.859131
0.276347,0.075617,-1405.128662
0.266989,0.075994,-1405.843872
0.266989,0.075994,-1404.816406
0.266989,0.075994,-1404.888184
0.265149,0.08046,-1405.193848
0.263006,0.077498,-1405.050049
0.255151,0.078166,-1406.480957
0.25472,0.074355,-1406.802246
0.251242,0.076951,-1407.396729
0.254596,0.077238,-1406.728271
0.257181,0.073864,-1407.143066
0.25988,0.069737,-1405.806396
0.261694,0.07086,-1405.710815
0.257583,0.075453,-1406.589478
0.256736,0.073974,-1407.117798
0.256804,0.076126,-1405.907227
0.261597,0.076089,-1406.722656
0.261597,0.076089,-1406.128906
0.261022,0.075301,-1406.036133
0.256911,0.075034,-1406.520996
0.254192,0.073082,-1405.755615
0.254192,0.073082,-1406.430542
0.258615,0.0774,-1405.620117
0.262788,0.078693,-1406.442871
0.263938,0.074015,-1406.168213
0.265534,0.072429,-1404.843994
0.264119,0.081236,-1405.785645
0.261156,0.07854,-1406.109863
0.259763,0.078787,-1406.519043
0.258556,0.079059,-1406.924316
0.260487,0.073827,-1407.035522
0.260487,0.073827,-1405.494995
0.258347,0.075526,-1405.816162
0.258347,0.075526,-1406.175659
0.261264,0.075925,-1405.675415
0.259336,0.079189,-1406.124146
0.263124,0.079958,-1405.913818
0.264383,0.083566,-1406.52124
0.267606,0.086243,-1406.755249
0.265027,0.082116,-1406.784546
0.264776,0.08463,-1406.932861
0.267607,0.084435,-1406.230957
0.267607,0.084435,-1406.062256
0.267607,0.084435,-1406.281982
0.261485,0.080921,-1405.84082
0.261485,0.080921,-1406.291016
0.258989,0.080024,-1406.927002
0.258205,0.079151,-1406.439209
0.260164,0.081341,-1406.374512
0.260164,0.081341,-1407.660889
0.261298,0.081067,-1406.483887
0.261298,0.081067,-1406.470703
0.265721,0.079527,-1405.84314
0.263606,0.081879,-1406.724976
0.263606,0.081879,-1405.88855
0.267458,0.083547,-1406.448486
0.26357,0.083042,-1406.765259
0.264037,0.076224,-1405.627808
0.261154,0.076373,-1405.862183
0.266674,0.073169,-1405.002075
0.270695,0.076859,-1404.640503
0.274025,0.081328,-1405.867432
0.274025,0.081328,-1405.418945
0.274025,0.081328,-1404.941895
0.269099,0.077618,-1404.735229
0.265539,0.071996,-1404.884766
0.265539,0.071996,-1404.690308
0.269207,0.068879,-1404.50647
0.269641,0.069415,-1405.389648
0.267923,0.067787,-1403.869385
0.269065,0.063861,-1405.065918
0.269776,0.061737,-1405.428345
0.269112,0.061576,-1406.419556
0.267317,0.063032,-1405.040649
0.266169,0.06308,-1405.912231
0.266169,0.06308,-1405.83667
0.265902,0.062685,-1405.725952
0.265902,0.062685,-1405.432373
0.264777,0.067842,-1404.936523
0.264777,0.067842,-1404.432739
0.264777,0.067842,-1404.806396
0.264777,0.067842,-1405.344971
0.263996,0.063034,-1405.697632
0.263996,0.063034,-1405.951782
0.263996,0.063034,-1406.059814
0.269789,0.063658,-1405.530762
0.280227,0.060707,-1406.292725
0.280227,0.060707,-1406.66333
0.280227,0.060707,-1405.625488
0.280227,0.060707,-1406.286865
0.27844,0.065206,-1405.811279
0.274569,0.064494,-1404.883911
0.280312,0.0667,-1405.355713
0.270491,0.065543,-1405.577881
0.27039,0.065031,-1405.34375
0.274976,0.067779,-1405.044189
0.266626,0.062962,-1405.218018
0.276144,0.058911,-1406.520996
0.276144,0.058911,-1405.917847
0.273836,0.060248,-1405.976807
0.270953,0.059471,-1405.668457
0.279403,0.060167,-1406.297363
0.279403,0.060167,-1405.875977
0.278375,0.060117,-1406.475464
0.275996,0.061643,-1407.172607
0.275996,0.061643,-1405.902466
0.275394,0.06308,-1406.173462
0.271265,0.062457,-1405.873047
0.275225,0.066351,-1404.355225
0.275225,0.066351,-1403.923584
0.275225,0.066351,-1404.98877
0.282164,0.06679,-1405.551636
0.282164,0.06679,-1405.21582
0.279041,0.069978,-1404.849243
0.283274,0.07225,-1405.584229
0.280834,0.072596,-1405.138428
0.280834,0.072596,-1404.447754
0.275785,0.070639,-1404.575317
0.273484,0.076392,-1404.486328
0.278213,0.076491,-1405.229248
0.284948,0.081043,-1405.934326
0.280337,0.082138,-1406.368164
0.280337,0.082138,-1405.980957
0.280337,0.082138,-1406.738403
0.280337,0.082138,-1405.813477
0.284802,0.082497,-1406.653076
0.287587,0.077463,-1405.614014
0.290745,0.076202,-1406.246826
0.287197,0.073772,-1406.15918
0.289476,0.078155,-1406.297363
0.288283,0.076725,-1406.526367
0.280075,0.076388,-1405.47168
0.283361,0.077202,-1405.471191
0.29054,0.075516,-1406.453613
0.28687,0.07392,-1406.39563
0.28687,0.07392,-1406.722412
0.284154,0.074384,-1406.827026
0.280918,0.076918,-1405.827148
0.277625,0.074817,-1405.453125
0.27222,0.072771,-1404.552979
0.27222,0.072771,-1405.308838
0.271119,0.071451,-1405.07666
0.271119,0.071451,-1405.058594
0.269947,0.069393,-1404.551025
0.270434,0.071723,-1405.26416
0.269806,0.072467,-1404.643799
0.265901,0.07601,-1404.799683
0.265868,0.073616,-1405.610352
0.265868,0.073616,-1404.601807
0.266854,0.074092,-1405.262939
0.268191,0.076156,-1405.11377
0.268191,0.076156,-1405.016235
0.271394,0.077635,-1404.668945
0.271394,0.077635,-1405.722412
0.274152,0.085009,-1406.344727
0.275637,0.082552,-1404.792236
0.276351,0.076756,-1405.920044
0.280706,0.076589,-1405.531494
0.280706,0.076589,-1404.882812
0.287016,0.078241,-1406.765137
0.287016,0.078241,-1406.099609
0.287694,0.079952,-1407.068604
0.287328,0.075033,-1406.076782
0.282614,0.076446,-1406.057373
0.287171,0.076057,-1406.252808
0.288114,0.075464,-1405.880127
0.287502,0.074472,-1406.725708
0.286282,0.073613,-1406.216675
0.279188,0.070536,-1404.807617
0.277538,0.07748,-1404.280518
0.276182,0.076681,-1404.878418
0.278043,0.075629,-1405.757935
0.280973,0.075444,-1405.616455
0.27556,0.075746,-1405.792358
0.275378,0.078187,-1405.315674
0.269842,0.078207,-1405.476196
0.269842,0.078207,-1404.956787
0.265983,0.081603,-1405.604126
0.269611,0.077959,-1405.540894
0.267249,0.079164,-1405.329956
0.267249,0.079164,-1405.679688
0.267249,0.079164,-1405.801025
0.270113,0.082679,-1406.031006
0.267328,0.083076,-1406.401611
0.267834,0.082891,-1405.550049
0.262374,0.086392,-1407.39563
0.26203,0.08269,-1407.069092
0.257852,0.082139,-1407.688599
0.258283,0.079171,-1406.714478
0.257037,0.078122,-1406.605957
0.261526,0.078336,-1406.108398
0.261864,0.077772,-1405.849243
0.261864,0.077772,-1406.487671
0.261864,0.077772,-1405.567139
0.261505,0.08516,-1406.98999
0.257873,0.082244,-1407.54895
0.258791,0.082567,-1406.615479
0.258791,0.082567,-1407.143555
0.258791,0.082567,-1406.712524
0.264438,0.085142,-1408.043701
0.260545,0.083255,-1406.671143
0.264887,0.086244,-1407.184814
0.264566,0.080702,-1405.325195
0.265416,0.078318,-1405.128784
0.265416,0.078318,-1405.189697
0.263006,0.077529,-1405.70459
0.266109,0.080582,-1405.368042
0.266109,0.080582,-1406.26001
0.267615,0.081086,-1406.12439
0.274293,0.079549,-1404.927979
0.274293,0.079549,-1405.406738
0.273165,0.082569,-1405.524414
0.270395,0.08158,-1406.114258
0.268968,0.085157,-1406.63501
0.26552,0.086344,-1407.252441
0.266701,0.086063,-1406.699219
0.26757,0.085024,-1406.61792
0.265896,0.082212,-1405.791992
0.265896,0.082212,-1406.050049
0.262678,0.086152,-1406.91626
0.263964,0.086801,-1407.406006
0.265722,0.087725,-1407.452148
0.263978,0.085462,-1407.062256
0.263978,0.085462,-1406.86853
0.257754,0.088889,-1408.934448
0.260514,0.089137,-1408.015015
0.260514,0.089137,-1407.528442
0.26775,0.090404,-1407.375122
0.26775,0.090404,-1407.004517
0.262257,0.091363,-1408.099365
0.262034,0.093654,-1408.65979
0.259822,0.096759,-1410.057373
0.259822,0.096759,-1409.72168
0.259822,0.096759,-1409.834839
0.259822,0.096759,-1409.568359
0.259561,0.098596,-1410.951904
0.252725,0.090287,-1409.230469
0.252725,0.090287,-1410.132935
0.252122,0.087518,-1409.14917
0.254235,0.090695,-1410.140503
0.255896,0.09328,-1409.904541
0.255896,0.09328,-1409.91626
0.266457,0.089248,-1407.0979
0.274063,0.087348,-1406.045044
0.276683,0.09146,-1407.879028
0.276683,0.09146,-1408.265503
0.276683,0.09146,-1408.211304
0.275771,0.087236,-1406.972412
0.275771,0.087236,-1406.252686
0.277397,0.090449,-1408.212524
0.279217,0.090098,-1407.284058
0.274296,0.089073,-1407.502686
0.274296,0.089073,-1406.922485
0.27851,0.089579,-1407.556519
0.282049,0.089775,-1408.170532
0.28084,0.087653,-1407.739258
0.28092,0.087397,-1407.761597
0.279482,0.092769,-1408.72522
0.281204,0.093666,-1409.204956
0.283011,0.089314,-1408.086426
0.283761,0.092825,-1409.327881
0.285236,0.086681,-1407.722168
0.282298,0.084522,-1406.721558
0.27624,0.086892,-1406.315186
0.279864,0.086788,-1407.323608
0.275548,0.091896,-1408.489746
0.274508,0.09574,-1408.503662
0.274508,0.09574,-1409.469116
0.271768,0.097334,-1410.230713
0.26619,0.097068,-1409.008057
0.26619,0.097068,-1410.340332
0.26619,0.097068,-1409.993164
0.26619,0.097068,-1408.610474
0.263829,0.091779,-1408.88562
0.260067,0.093782,-1408.745605
0.263388,0.092752,-1409.155518
0.263388,0.092752,-1408.843262
0.265991,0.093078,-1408.80542
0.265991,0.093078,-1407.850952
0.267937,0.094466,-1409.511719
0.264761,0.096337,-1409.25
0.259834,0.096714,-1411.2854
0.25411,0.098678,-1411.80127
0.25511,0.095521,-1411.320557
0.25511,0.095521,-1411.3927
0.252954,0.093851,-1409.97876
0.251405,0.090909,-1410.663086
0.251405,0.090909,-1410.247314
0.248129,0.091229,-1410.922607
0.251762,0.091124,-1410.518799
0.253969,0.088598,-1409.000488
0.256745,0.087186,-1407.804443
0.253845,0.084132,-1408.572632
0.257926,0.081856,-1407.452393
0.257926,0.081856,-1406.513916
0.257006,0.083468,-1407.567627
0.258609,0.084602,-1407.435547
0.260486,0.081223,-1406.887939
0.26062,0.082189,-1406.916748
0.265818,0.081438,-1405.833862
0.261761,0.08192,-1406.414551
0.262817,0.085638,-1406.290649
0.261315,0.087548,-1406.313599
0.264317,0.086764,-1406.973999
0.264317,0.086764,-1407.046753
0.262802,0.08465,-1407.659058
0.262888,0.080976,-1407.115234
0.258618,0.081963,-1406.840332
0.26017,0.079851,-1406.636963
0.26017,0.079851,-1406.534668
0.26017,0.079851,-1407.031006
0.257819,0.076722,-1407.083618
0.262393,0.077568,-1405.504639
0.262393,0.077568,-1405.582642
0.262759,0.076173,-1405.989014
0.262759,0.076173,-1405.323853
0.262759,0.076173,-1404.45813
0.266517,0.079756,-1405.816528
0.266517,0.079756,-1405.333984
0.260656,0.081031,-1405.513428
0.257113,0.082447,-1407.160156
0.258332,0.079306,-1406.384399
0.263799,0.080848,-1406.595703
0.269605,0.080996,-1405.459473
0.274499,0.080986,-1405.511963
0.274499,0.080986,-1405.44043
0.27654,0.079609,-1405.535156
0.274043,0.081264,-1405.102783
0.277253,0.078978,-1405.453369
0.280349,0.08247,-1406.332764
0.280349,0.08247,-1406.615234
0.273032,0.082624,-1407.158325
0.273598,0.072975,-1404.257812
0.273598,0.072975,-1404.496338
0.273462,0.075397,-1404.929688
0.274186,0.070436,-1404.76001
0.279887,0.069113,-1405.883545
0.278895,0.071932,-1405.649292
0.276906,0.074113,-1405.037354
0.283961,0.070365,-1405.591187
0.283961,0.070365,-1405.477539
0.276299,0.06846,-1404.982056
0.274003,0.065199,-1404.642578
0.276037,0.065788,-1406.637817
0.272528,0.067969,-1405.468506
0.272528,0.067969,-1405.349976
0.267218,0.065846,-1405.493652
0.26713,0.064464,-1406.811523
0.266396,0.061875,-1405.861084
0.272844,0.066325,-1405.801147
0.268328,0.071313,-1405.088379
0.269864,0.072209,-1404.849243
0.269864,0.072209,-1404.94165
0.268145,0.070977,-1404.01123
0.270324,0.072309,-1404.531494
0.269387,0.0688,-1404.926514
0.272775,0.066688,-1405.256104
0.267929,0.069001,-1405.093628
0.267929,0.069001,-1404.932617
0.267929,0.069001,-1404.280518
0.267929,0.069001,-1404.979736
0.266611,0.069693,-1404.234619
0.266611,0.069693,-1404.650146
0.265743,0.066822,-1405.523682
0.265743,0.066822,-1404.19165
0.266961,0.066445,-1405.350586
0.26446,0.063839,-1405.052734
0.264038,0.068752,-1405.178955
0.264038,0.068752,-1404.828857
0.262692,0.073359,-1405.483276
0.262692,0.073359,-1405.010986
0.261372,0.072949,-1406.143188
0.259755,0.073279,-1406.250732
0.263388,0.076197,-1405.875977
0.264296,0.072592,-1404.57251
0.266574,0.069879,-1405.424316
0.267164,0.066292,-1406.258057
0.268234,0.066742,-1405.299072
0.268234,0.066742,-1405.174072
0.269377,0.068198,-1405.409912
0.275001,0.072891,-1405.149658
0.273611,0.068648,-1405.259033
0.275269,0.069818,-1404.500977
0.278367,0.066881,-1405.548828
0.275971,0.069303,-1404.838379
0.279758,0.069187,-1404.792969
0.280484,0.06887,-1404.679199
0.279685,0.06641,-1405.056152
0.27572,0.064815,-1405.312256
0.276483,0.064816,-1404.64563
0.274746,0.066955,-1404.889648
0.269095,0.065603,-1405.552734
0.268497,0.066512,-1405.923096
0.268497,0.066512,-1404.981445
0.270508,0.067442,-1404.66394
0.272026,0.06924,-1404.954712
0.277154,0.070238,-1405.13501
0.276243,0.069913,-1404.665894
0.274736,0.070364,-1405.029907
0.276568,0.069689,-1404.816528
0.272681,0.068973,-1404.562744
0.268458,0.066064,-1405.243896
0.270214,0.06365,-1404.95166
0.270214,0.06365,-1404.839844
0.268084,0.06624,-1405.38623
0.268084,0.06624,-1405.341553
0.273759,0.065455,-1404.357422
0.277597,0.060392,-1406.281738
0.281004,0.061862,-1405.303467
0.281735,0.065355,-1405.043579
0.281735,0.065355,-1405.207886
0.276941,0.061263,-1406.133301
0.27665,0.055511,-1407.130859
0.274958,0.053212,-1407.403687
0.275357,0.054289,-1408.045166
0.278608,0.055719,-1406.910278
0.277632,0.057958,-1405.80957
0.276076,0.059785,-1406.780396
0.276076,0.059785,-1407.072266
0.275184,0.062922,-1405.460449
0.275184,0.062922,-1405.452637
0.276987,0.062207,-1405.95105
0.278882,0.060796,-1405.564697
0.274426,0.055326,-1406.362061
0.27398,0.058132,-1406.154053
0.27398,0.058132,-1406.461182
0.27398,0.058132,-1406.50415
0.277979,0.061277,-1405.626831
0.274243,0.059149,-1407.02356
0.276965,0.062847,-1404.71167
0.276965,0.062847,-1404.825684
0.269394,0.061061,-1405.743408
0.27044,0.064368,-1405.689453
0.273289,0.067807,-1404.60791
0.273289,0.067807,-1404.452148
0.270153,0.067841,-1404.424194
0.27321,0.067357,-1404.60083
0.273033,0.067876,-1405.370728
0.274857,0.065306,-1405.222168
0.274857,0.065306,-1404.667725
0.274368,0.065931,-1405.067871
0.274536,0.066931,-1405.391113
0.268917,0.069629,-1404.940674
0.270822,0.069551,-1405.425781
0.271309,0.067733,-1405.586914
0.271309,0.067733,-1405.419922
0.273888,0.069401,-1404.983154
0.27419,0.069854,-1404.785522
0.273654,0.070426,-1405.400635
0.274191,0.064681,-1404.781738
0.27804,0.060323,-1404.99585
0.279033,0.055778,-1407.11853
0.272022,0.054967,-1407.484863
0.273399,0.056285,-1407.365479
0.273399,0.056285,-1406.49585
0.268481,0.054241,-1407.692017
0.268481,0.054241,-1406.931641
0.268481,0.054241,-1406.90332
0.267768,0.05315,-1407.686401
0.267768,0.05315,-1408.741943
0.269471,0.050504,-1409.686279
0.270055,0.048295,-1410.498779
0.270055,0.048295,-1410.561523
0.26824,0.049602,-1411.104858
0.26824,0.049602,-1409.785278
0.26824,0.049602,-1409.380371
0.26824,0.049602,-1409.053589
0.26824,0.049602,-1409.727051
0.26578,0.05222,-1408.93457
0.260243,0.055789,-1408.313232
0.260654,0.058153,-1407.727295
0.258022,0.061937,-1407.492188
0.258022,0.061937,-1407.096191
0.258022,0.061937,-1407.266357
0.267183,0.061694,-1405.550537
0.267183,0.061694,-1406.014404
0.267183,0.061694,-1405.145996
0.267183,0.061694,-1406.025879
0.267183,0.061694,-1406.584961
0.267183,0.061694,-1405.870239
0.273295,0.059942,-1405.858643
0.273295,0.059942,-1405.138062
0.274376,0.060247,-1406.408569
0.27491,0.062539,-1405.095947
0.268451,0.065344,-1405.124512
0.272657,0.065273,-1405.103516
0.275357,0.063762,-1405.106079
0.275357,0.063762,-1404.994629
0.276374,0.063873,-1405.484009
0.276567,0.065933,-1405.567139
0.276567,0.065933,-1404.714844
0.27883,0.06444,-1405.617676
0.28226,0.060361,-1406.124756
0.281272,0.062176,-1406.150391
0.276087,0.066239,-1404.467773
0.278168,0.066217,-1404.676025
0.281131,0.06652,-1405.197754
0.278754,0.061669,-1405.454834
0.277981,0.063829,-1405.101318
0.277981,0.063829,-1405.336182
0.277981,0.063829,-1405.007568
0.279029,0.066145,-1405.869019
0.279029,0.066145,-1405.310547
0.27829,0.069595,-1404.56543
0.27829,0.069595,-1405.123779
0.271013,0.069555,-1405.240479
0.271013,0.069555,-1404.243408
0.270235,0.066871,-1405.650513
0.270235,0.066871,-1404.748291
0.26961,0.063855,-1404.467896
0.267707,0.06564,-1405.291992
0.271195,0.06498,-1404.685791
0.267846,0.066083,-1405.003662
0.264535,0.064857,-1404.892456
0.264535,0.064857,-1404.625977
0.264535,0.064857,-1405.753174
0.263175,0.06516,-1405.48645
0.26278,0.06699,-1406.106934
0.261934,0.066319,-1406.075684
0.262178,0.068779,-1405.2052
0.262689,0.070706,-1405.692871
0.264134,0.068575,-1404.503662
0.269309,0.075928,-1404.658813
0.26588,0.072483,-1404.706299
0.26588,0.072483,-1404.674316
0.262893,0.071892,-1405.470947
0.260275,0.066549,-1405.611572
0.263275,0.070183,-1405.392334
0.264127,0.061352,-1405.654053
0.266056,0.062491,-1405.97644
0.266056,0.062491,-1405.596436
0.266056,0.062491,-1405.226196
0.262939,0.062707,-1405.80481
0.265981,0.063785,-1404.90625
0.26122,0.060466,-1407.174072
0.26122,0.060466,-1405.773682
0.26122,0.060466,-1406.554443
0.259347,0.060662,-1407.331909
0.263408,0.062129,-1405.933472
0.264702,0.069842,-1406.042969
0.264702,0.069842,-1405.05542
0.26717,0.068178,-1403.513672
0.270932,0.061188,-1405.912354
0.270932,0.061188,-1405.365723
0.270039,0.064855,-1405.571655
0.274276,0.06114,-1406.021484
0.276813,0.058388,-1405.509155
0.280194,0.059617,-1407.157227
0.28156,0.063966,-1406.794067
0.28156,0.063966,-1405.466797
0.277794,0.059854,-1405.784668
0.281654,0.059987,-1406.216797
0.276544,0.061912,-1405.933594
0.276294,0.06003,-1405.747314
0.283054,0.060376,-1405.875488
0.279718,0.062251,-1405.832275
0.279718,0.062251,-1405.762207
0.279619,0.063799,-1406.073242
0.279619,0.063799,-1404.770508
0.278293,0.062261,-1406.299316
0.278293,0.062261,-1404.640259
0.283058,0.065711,-1405.052734
0.284002,0.067475,-1406.015747
0.279329,0.067668,-1405.294067
0.279329,0.067668,-1404.838135
0.286148,0.071113,-1406.348511
0.286713,0.074999,-1405.984863
0.288847,0.079444,-1407.390503
0.280529,0.079948,-1406.491211
0.286756,0.079711,-1406.167236
0.281756,0.079201,-1405.227905
0.281756,0.079201,-1405.050781
0.281756,0.079201,-1406.048462
0.280572,0.081293,-1406.112061
0.278591,0.085443,-1406.247192
0.280092,0.085805,-1407.197266
0.279188,0.086162,-1406.327759
0.279188,0.086162,-1407.204956
0.279188,0.086162,-1406.804199
0.282987,0.084739,-1407.001587
0.284327,0.082738,-1406.313843
0.285951,0.079862,-1406.27832
0.284992,0.082166,-1407.140015
0.284992,0.082166,-1405.64917
0.285019,0.078901,-1406.460205
0.283278,0.073067,-1406.245605
0.283278,0.073067,-1405.20813
0.278345,0.07472,-1405.372437
0.272227,0.073092,-1404.903076
0.272227,0.073092,-1404.948364
0.280095,0.072767,-1404.800781
0.278794,0.072495,-1405.738037
0.279501,0.068567,-1405.239258
0.273147,0.074842,-1405.126953
0.271596,0.071267,-1404.952148
0.271173,0.076332,-1405.539795
0.273687,0.074692,-1405.18103
0.273687,0.074692,-1405.074707
0.273687,0.074692,-1404.119385
0.273687,0.074692,-1405.30603
0.270903,0.079226,-1405.052979
0.262602,0.07783,-1405.787964
0.262602,0.07783,-1405.355469
0.261477,0.07849,-1406.060059
0.256162,0.077469,-1406.519287
0.252602,0.078521,-1407.481201
0.252602,0.078521,-1407.599365
0.252602,0.078521,-1408.77124
0.25643,0.078582,-1407.889648
0.25643,0.078582,-1407.9375
0.25643,0.078582,-1407.260986
0.250834,0.076073,-1407.961426
0.255278,0.078632,-1407.499268
0.255278,0.078632,-1406.787598
0.255278,0.078632,-1406.803467
0.255278,0.078632,-1407.794189
0.255278,0.078632,-1408.029053
0.257004,0.077688,-1406.917236
0.258269,0.06907,-1406.820801
0.258269,0.06907,-1406.058228
0.256337,0.061917,-1406.955688
0.256085,0.066459,-1406.520264
0.256085,0.066459,-1406.731812
0.255538,0.065299,-1406.235596
0.259637,0.064271,-1406.26123
0.263842,0.061733,-1407.114014
0.261983,0.064266,-1405.270874
0.261983,0.064266,-1406.400146
0.260392,0.068279,-1405.26123
0.260392,0.068279,-1405.57605
0.255377,0.059617,-1407.187988
0.257065,0.06195,-1407.0979
0.258025,0.067617,-1406.439575
0.257082,0.070987,-1405.896484
0.259214,0.069945,-1406.414307
0.259104,0.071092,-1406.90271
0.259104,0.071092,-1406.469727
0.259104,0.071092,-1405.507324
0.265347,0.071424,-1405.425659
0.267195,0.066563,-1405.121338
0.267195,0.066563,-1405.920288
0.26988,0.070225,-1405.302368
0.269649,0.067302,-1405.000244
0.269649,0.067302,-1404.668823
0.264858,0.066564,-1405.094482
0.264858,0.066564,-1405.99585
0.266177,0.064491,-1405.653442
0.26617,0.064402,-1405.505615
0.26546,0.064026,-1406.438232
0.267227,0.069131,-1405.143311
0.269009,0.069939,-1403.978027
0.269009,0.069939,-1405.448364
0.270002,0.063661,-1405.0271
0.270002,0.063661,-1404.893921
0.270002,0.063661,-1405.149536
0.270002,0.063661,-1406.291504
0.270478,0.070859,-1405.252319
0.271394,0.067585,-1404.624756
0.271394,0.067585,-1405.243774
0.268039,0.066098,-1406.38147
0.271694,0.067714,-1405.148315
0.271177,0.066761,-1405.219482
0.27463,0.071629,-1404.731934
0.272816,0.073923,-1405.581665
0.271503,0.068272,-1405.569824
0.27301,0.067194,-1405.385986
0.27301,0.067194,-1405.080078
0.275018,0.065737,-1405.237793
0.275153,0.067886,-1406.097168
0.275153,0.067886,-1404.411011
0.274376,0.070276,-1405.77417
0.269292,0.067611,-1404.528076
0.271642,0.069539,-1405.525269
0.275687,0.070648,-1404.650635
0.275957,0.067825,-1405.347656
0.275957,0.067825,-1404.81543
0.274031,0.071143,-1403.786987
0.277294,0.066896,-1405.012207
0.280642,0.071264,-1405.245361
0.275602,0.066212,-1404.171387
0.275602,0.066212,-1404.998535
0.272564,0.065609,-1404.921753
0.272564,0.065609,-1404.448975
0.277419,0.060682,-1406.755615
0.275424,0.062098,-1405.568359
0.27308,0.059977,-1405.76416
0.267973,0.063322,-1406.314941
0.267973,0.063322,-1406.071289
0.267407,0.061234,-1406.135498
0.267759,0.062636,-1405.34082
0.26942,0.061556,-1405.584351
0.26942,0.061556,-1406.269531
0.26942,0.061556,-1405.69812
0.26945,0.06487,-1405.853027
0.269218,0.065371,-1405.343506
0.264468,0.064197,-1405.388428
0.264468,0.064197,-1405.060913
0.2643,0.065401,-1405.630249
0.262829,0.064976,-1405.945557
0.265767,0.063304,-1406.81189
0.26301,0.062244,-1405.615723
0.258921,0.06692,-1406.138428
0.261802,0.067504,-1405.670532
0.26374,0.069743,-1405.377319
0.26374,0.069743,-1405.250977
0.26374,0.069743,-1405.717407
0.266059,0.066444,-1405.164917
0.268395,0.073648,-1404.502441
0.269152,0.072745,-1404.314087
0.268687,0.068162,-1404.75769
0.273178,0.069299,-1405.58667
0.271658,0.074175,-1405.219116
0.271658,0.074175,-1404.722656
0.271658,0.074175,-1404.733887
0.272589,0.076866,-1405.146973
0.270991,0.074992,-1406.622559
0.27073,0.080325,-1405.516846
0.272911,0.078108,-1405.189453
0.275751,0.080173,-1405.766479
0.27603,0.083205,-1405.851807
0.27603,0.083205,-1405.696289
0.2734,0.08022,-1405.164673
0.269425,0.08068,-1405.309082
0.269425,0.08068,-1404.99292
0.269425,0.08068,-1404.962402
0.269425,0.08068,-1405.482544
0.267183,0.080367,-1406.025391
0.267183,0.080367,-1405.759033
0.271344,0.075828,-1405.600586
0.269567,0.07261,-1404.786133
0.264331,0.069248,-1404.982666
0.261377,0.063805,-1405.232788
0.261377,0.063805,-1406.414062
0.252602,0.066656,-1407.074097
0.252602,0.066656,-1407.522705
0.251697,0.06454,-1408.358398
0.251697,0.06454,-1407.045044
0.256794,0.066672,-1406.868774
0.262055,0.071207,-1405.218994
0.262455,0.067723,-1405.755127
0.266393,0.070614,-1404.927612
0.272235,0.065855,-1405.365723
0.271685,0.062874,-1405.344727
0.271685,0.062874,-1405.532349
0.275724,0.064896,-1405.161499
0.274141,0.067537,-1405.727051
0.274141,0.067537,-1405.227539
0.276141,0.068478,-1404.596924
0.276141,0.068478,-1404.581909
0.276933,0.064522,-1405.722168
0.276933,0.064522,-1405.662109
0.276933,0.064522,-1404.852051
0.282338,0.05926,-1406.302246
0.283417,0.063595,-1406.14502
0.27523,0.057554,-1406.696289
0.274449,0.057737,-1406.378296
0.272167,0.058254,-1406.045654
0.271695,0.056328,-1407.166992
0.271695,0.056328,-1405.728516
0.271695,0.056328,-1406.460571
0.271482,0.062261,-1405.356445
0.271394,0.058063,-1406.570801
0.272407,0.057583,-1406.27124
0.273392,0.060947,-1406.179077
0.272247,0.060836,-1406.849609
0.275308,0.060891,-1406.9823
0.277959,0.061122,-1406.273682
0.277959,0.061122,-1405.952393
0.281824,0.061455,-1406.133301
0.280074,0.064187,-1405.415771
0.280074,0.064187,-1405.770996
0.280074,0.064187,-1404.795288
0.277439,0.064308,-1404.933472
0.277751,0.062649,-1405.407593
0.275567,0.067344,-1405.228882
0.278528,0.070605,-1404.864014
0.280042,0.07046,-1404.341797
0.282853,0.068373,-1405.990234
0.280783,0.070241,-1404.765137
0.277041,0.070862,-1405.244873
0.278196,0.06951,-1405.266846
0.278196,0.06951,-1405.446411
0.282237,0.071686,-1405.248657
0.282541,0.070126,-1405.064941
0.282541,0.070126,-1405.253174
0.282975,0.072405,-1405.512207
0.282975,0.072405,-1405.522339
0.282074,0.074178,-1405.823486
0.282074,0.074178,-1406.013428
0.276599,0.072506,-1405.197021
0.276599,0.072506,-1404.452271
0.276599,0.072506,-1404.403076
0.273244,0.075995,-1404.946045
0.270912,0.076771,-1405.554932
0.270912,0.076771,-1405.234619
0.277527,0.073832,-1405.208252
0.275478,0.071493,-1404.612915
0.272058,0.071358,-1404.666504
0.273264,0.072569,-1405.31311
0.27468,0.075452,-1405.415039
0.275328,0.079069,-1405.163818
0.275105,0.080962,-1406.139404
0.276064,0.080209,-1405.920898
0.275046,0.079819,-1404.800781
0.274558,0.08227,-1405.773438
0.278645,0.082887,-1406.129272
0.277965,0.082341,-1406.040894
0.277965,0.082341,-1405.040771
0.277965,0.082341,-1406.825928
0.274625,0.082429,-1406.607056
0.274625,0.082429,-1405.688721
0.274936,0.078011,-1405.143433
0.274223,0.0788,-1405.73645
0.264595,0.079833,-1406.316895
0.266161,0.079765,-1405.915283
0.263962,0.073475,-1404.972046
0.265073,0.077105,-1405.695557
0.26645,0.07982,-1405.396729
0.267336,0.085316,-1406.055054
0.264551,0.08573,-1407.284302
0.263319,0.082101,-1406.245605
0.268962,0.079714,-1405.590576
0.268962,0.079714,-1405.790405
0.267053,0.077801,-1405.504883
0.26784,0.074419,-1406.1604
0.267465,0.072506,-1404.891846
0.268512,0.071707,-1405.300415
0.271929,0.070847,-1405.75
0.277314,0.073868,-1404.561279
0.277314,0.073868,-1405.59082
0.273579,0.076129,-1405.214478
0.273579,0.076129,-1404.917847
0.273579,0.076129,-1404.4104
0.273234,0.082454,-1405.835205
0.274367,0.079966,-1405.797607
0.270883,0.077447,-1404.741699
0.27281,0.076376,-1404.21875
0.27281,0.076376,-1404.485352
0.277247,0.082076,-1405.605469
0.275541,0.080999,-1405.640137
0.273023,0.079728,-1404.906616
0.273023,0.079728,-1404.703857
0.266985,0.080321,-1406.116943
0.266985,0.080321,-1404.879639
0.271801,0.083063,-1405.959961
0.269513,0.079978,-1405.609375
0.272533,0.079178,-1404.758789
0.265541,0.078532,-1404.957764
0.270092,0.08199,-1405.625
0.270092,0.08199,-1405.923096
0.270092,0.08199,-1405.904297
0.270092,0.08199,-1405.266357
0.267242,0.076289,-1405.784912
0.267381,0.076197,-1405.531738
0.264187,0.077056,-1406.33252
0.262288,0.077633,-1406.173096
0.258382,0.081328,-1406.514893
0.258934,0.082739,-1406.903198
0.256114,0.07994,-1406.888672
0.256039,0.073197,-1405.861816
0.257515,0.081063,-1407.8125
0.258791,0.076967,-1405.655762
0.258791,0.076967,-1407.361816
0.259101,0.078245,-1406.985352
0.25991,0.077607,-1406.479736
0.260953,0.07883,-1405.867065
0.267448,0.075979,-1405.023071
0.270377,0.075463,-1404.709595
0.263105,0.076338,-1405.819214
0.263333,0.078355,-1405.564453
0.263854,0.080353,-1405.358643
0.264687,0.083927,-1405.836548
0.264365,0.084681,-1406.450928
0.266479,0.081663,-1406.347656
0.265081,0.07743,-1405.269287
0.264821,0.082688,-1405.97937
0.274404,0.08249,-1406.344971
0.277607,0.082439,-1405.485107
0.280482,0.078475,-1405.278076
0.278869,0.07874,-1405.477295
0.285958,0.081388,-1406.027832
0.286094,0.075332,-1405.810059
0.279335,0.076994,-1405.752197
0.272222,0.071616,-1403.851807
0.270521,0.072217,-1404.78125
0.270521,0.072217,-1404.828613
0.270521,0.072217,-1404.450928
0.270521,0.072217,-1404.437012
0.260109,0.0667,-1406.009155
0.260109,0.0667,-1405.865234
0.260109,0.0667,-1405.708984
0.260109,0.0667,-1406.789062
0.260109,0.0667,-1406.750488
0.26209,0.071446,-1405.397461
0.26209,0.071446,-1405.558228
0.26209,0.071446,-1404.582397
0.264699,0.071818,-1404.593628
0.266433,0.070464,-1405.171143
0.267504,0.064295,-1405.491943
0.269161,0.064224,-1405.033569
0.269547,0.066291,-1404.917236
0.264037,0.064612,-1405.40918
0.265557,0.065446,-1405.448242
0.265792,0.062907,-1405.72229
0.269802,0.063459,-1404.712402
0.273362,0.063648,-1405.876587
0.270248,0.0663,-1404.699951
0.270143,0.063653,-1404.844482
0.273331,0.064522,-1404.721924
0.273331,0.064522,-1404.748779
0.271946,0.065797,-1405.456299
0.271946,0.065797,-1404.764404
0.269282,0.067746,-1404.77771
0.272752,0.067308,-1406.094727
0.272752,0.067308,-1404.420898
0.272492,0.066353,-1404.554932
0.278188,0.065987,-1405.311768
0.272652,0.063992,-1404.50293
0.272652,0.063992,-1406.084229
0.2777,0.06426,-1405.500732
0.276899,0.062506,-1405.743408
0.270322,0.064191,-1405.901245
0.273816,0.064402,-1404.64502
0.280503,0.06309,-1406.009277
0.280503,0.06309,-1405.606934
0.280503,0.06309,-1405.64624
0.278705,0.0635,-1405.469727
0.279713,0.063472,-1405.585938
0.279037,0.064068,-1405.716797
0.276707,0.064817,-1405.069092
0.273093,0.065828,-1404.383179
0.268795,0.061061,-1405.48999
0.263905,0.060674,-1404.933838
0.272948,0.061932,-1405.119385
0.272948,0.061932,-1405.035889
0.277586,0.06209,-1405.132568
0.279104,0.06721,-1405.59082
0.276653,0.071216,-1404.890259
0.274779,0.073701,-1405.466797
0.275037,0.072679,-1404.891479
0.273229,0.069303,-1405.300659
0.275479,0.072099,-1404.827393
0.271585,0.070913,-1404.929932
0.279381,0.071722,-1405.72876
0.281706,0.070255,-1406.108643
0.277797,0.067529,-1405.263916
0.278734,0.070413,-1405.315918
0.2856,0.061971,-1406.993042
0.2856,0.061971,-1405.521973
0.28565,0.058966,-1407.319092
0.286407,0.05976,-1407.126465
0.286407,0.05976,-1407.037476
0.286407,0.05976,-1406.854736
0.286207,0.060697,-1406.808228
0.286207,0.060697,-1406.314575
0.287157,0.065292,-1405.686523
0.286099,0.068623,-1405.284424
0.289645,0.071593,-1406.654297
0.289645,0.071593,-1405.918945
0.283583,0.069264,-1405.426758
0.285845,0.070969,-1405.659668
0.287299,0.069244,-1406.211182
0.284941,0.069626,-1406.467285
0.278558,0.066538,-1405.422607
0.278978,0.065502,-1405.799927
0.274699,0.064021,-1405.02832
0.276474,0.066061,-1405.192383
0.276177,0.068113,-1405.319336
0.274902,0.074612,-1404.410767
0.275217,0.069257,-1405.006836
0.276445,0.070914,-1404.893921
0.272076,0.068744,-1404.404541
0.2745,0.064956,-1404.686646
0.2745,0.064956,-1404.83728
0.27389,0.069572,-1405.174683
0.276696,0.071588,-1405.636475
0.275846,0.072793,-1404.218018
0.275846,0.072793,-1404.53186
0.273136,0.075107,-1405.208618
0.277003,0.073792,-1405.2146
0.277121,0.073799,-1404.756836
0.277874,0.07022,-1405.437134
0.275063,0.069654,-1405.93811
0.275639,0.075915,-1405.799072
0.28107,0.075882,-1405.509521
0.278922,0.072968,-1405.354004
0.280086,0.072212,-1405.028564
0.277842,0.06776,-1404.890503
0.282462,0.072381,-1405.71106
0.280515,0.072477,-1405.21875
0.279223,0.075547,-1405.123291
0.276887,0.072701,-1405.268677
0.274951,0.073741,-1404.419312
0.276349,0.06766,-1404.380615
0.272499,0.069471,-1404.25293
0.277743,0.067246,-1404.967041
0.277678,0.063255,-1406.220459
0.278002,0.062734,-1405.226562
0.278002,0.062734,-1405.665161
0.278002,0.062734,-1405.51416
0.2826,0.066364,-1406.177124
0.2826,0.066364,-1406.179321
0.285033,0.069334,-1406.35022
0.280735,0.064518,-1405.858887
0.277961,0.064771,-1404.650635
0.275321,0.070707,-1404.683838
0.278969,0.067486,-1404.595703
0.275775,0.066001,-1404.514893
0.277161,0.066073,-1405.279175
0.275983,0.069103,-1404.61084
0.274833,0.068346,-1405.085449
0.274799,0.070508,-1403.760742
0.276682,0.068347,-1404.643066
0.277504,0.067598,-1403.862427
0.279849,0.068056,-1404.781006
0.281561,0.070223,-1404.80249
0.281561,0.070223,-1405.422363
0.287225,0.06739,-1406.426514
0.286632,0.070852,-1405.445679
0.287901,0.068713,-1406.750244
0.289825,0.071517,-1406.558105
0.288153,0.071056,-1405.721191
0.292455,0.070263,-1407.064575
0.300001,0.069656,-1409.0
0.297576,0.064079,-1407.66626
0.294754,0.065991,-1407.810547
0.294754,0.065991,-1407.153442
0.300988,0.069743,-1408.593384
0.29851,0.070008,-1408.260986
0.295214,0.067641,-1406.667969
0.295214,0.067641,-1406.279785
0.295214,0.067641,-1407.288818
0.296648,0.070578,-1407.367432
0.294893,0.070768,-1407.984863
0.28859,0.074708,-1406.171143
0.28859,0.074708,-1405.183105
0.28859,0.074708,-1405.909668
0.290348,0.073513,-1406.614746
0.290348,0.073513,-1406.087402
0.290779,0.075204,-1406.112549
0.290779,0.075204,-1407.797607
0.289724,0.073853,-1406.481201
0.291496,0.072661,-1405.789917
0.291285,0.07678,-1406.699707
0.287648,0.071457,-1405.577881
0.282944,0.070526,-1406.377075
0.287412,0.067214,-1405.594849
0.283591,0.06173,-1406.659424
0.28922,0.060449,-1407.208252
0.283783,0.062489,-1405.990723
0.283783,0.062489,-1405.625244
0.283783,0.062489,-1406.320679
0.283783,0.062489,-1405.952881
0.284212,0.064314,-1405.700684
0.284212,0.064314,-1404.993408
0.279133,0.066945,-1405.365967
0.27899,0.068446,-1405.154297
0.275572,0.068608,-1404.670044
0.275098,0.065732,-1403.97876
0.274626,0.061264,-1405.9021
0.278901,0.063914,-1406.386475
0.277876,0.065382,-1405.619507
0.277839,0.063611,-1404.967041
0.278968,0.062892,-1405.690063
0.279631,0.060306,-1406.452759
0.279595,0.066922,-1404.745117
0.28559,0.069154,-1405.099854
0.2844,0.068114,-1406.08667
0.2844,0.068114,-1405.160522
0.287088,0.069636,-1406.197998
0.283,0.074579,-1405.516479
0.282861,0.070991,-1405.197266
0.282861,0.070991,-1405.394287
0.277942,0.070661,-1405.066895
0.281296,0.074643,-1405.707275
0.278492,0.076285,-1404.8125
0.284215,0.080538,-1406.200684
0.285296,0.081968,-1406.297119
0.279938,0.087317,-1406.760498
0.289197,0.086287,-1407.699219
0.284854,0.084598,-1407.749756
0.284854,0.084598,-1406.694702
0.287951,0.083517,-1407.370117
0.290282,0.079269,-1407.105713
0.288039,0.079378,-1407.386963
0.288039,0.079378,-1407.218628
0.284667,0.078874,-1406.816406
0.284667,0.078874,-1406.447388
0.284667,0.078874,-1406.590576
0.285759,0.075677,-1405.781738
0.285759,0.075677,-1405.959229
0.283545,0.072514,-1406.348633
0.283994,0.079061,-1406.018311
0.280733,0.077309,-1406.417847
0.280733,0.077309,-1405.865967
0.278056,0.079916,-1405.449829
0.281165,0.083735,-1406.032959
0.280339,0.085998,-1407.447021
0.281471,0.081825,-1406.537598
0.282327,0.083911,-1406.509033
0.282327,0.083911,-1406.367188
0.285464,0.083144,-1407.621582
0.280383,0.08449,-1407.095093
0.276992,0.082558,-1405.914795
0.278481,0.085883,-1406.897705
0.280112,0.086693,-1406.78418
0.280112,0.086693,-1407.000732
0.280112,0.086693,-1407.157104
0.279574,0.083639,-1406.970947
0.276697,0.084984,-1406.47937
0.275287,0.086077,-1406.42627
0.270835,0.085775,-1406.269165
0.27088,0.086604,-1406.863037
0.271524,0.085544,-1408.064941
0.266367,0.086185,-1406.268921
0.264255,0.086167,-1407.144043
0.261841,0.083303,-1406.900757
0.265216,0.080628,-1405.906738
0.265216,0.080628,-1405.260498
0.268191,0.081309,-1406.044678
0.268685,0.086708,-1406.977539
0.26862,0.083017,-1406.082642
0.263486,0.081406,-1405.836182
0.263486,0.081406,-1406.121216
0.26628,0.084,-1406.346558
0.267933,0.091184,-1407.233154
0.267933,0.091184,-1407.66626
0.267933,0.091184,-1407.484497
0.262788,0.089352,-1407.755127
0.258371,0.087867,-1408.675049
0.258371,0.087867,-1408.52124
0.256343,0.086797,-1407.796875
0.256343,0.086797,-1408.531128
0.257124,0.086823,-1408.476562
0.259466,0.090793,-1408.400879
0.261637,0.087198,-1408.222778
0.261637,0.087198,-1407.151123
0.261637,0.087198,-1406.988525
0.262528,0.089217,-1408.203125
0.267939,0.088248,-1407.604736
0.267939,0.088248,-1407.034668
0.272062,0.086036,-1406.065674
0.272062,0.086036,-1405.982422
0.272062,0.086036,-1407.011597
0.268565,0.091285,-1407.419312
0.263907,0.092927,-1409.308594
0.263907,0.092927,-1409.923584
0.265088,0.090612,-1407.793213
0.265088,0.090612,-1408.221436
0.26018,0.089797,-1408.568481
0.26018,0.089797,-1407.723145
0.264233,0.088217,-1407.087891
0.266876,0.084252,-1406.724609
0.271432,0.082646,-1406.600342
0.278163,0.085761,-1407.465576
0.278163,0.085761,-1406.142822
0.278163,0.085761,-1405.131226
0.278287,0.082278,-1406.21875
0.274026,0.083191,-1406.748291
0.275543,0.083456,-1405.751221
0.275543,0.083456,-1405.569214
0.275543,0.083456,-1406.184692
0.275543,0.083456,-1406.066406
0.275543,0.083456,-1406.27356
0.27327,0.083912,-1405.943115
0.27327,0.083912,-1406.026245
0.279478,0.085667,-1406.144043
0.279733,0.09103,-1408.170654
0.278526,0.089713,-1407.425293
0.277446,0.091756,-1407.949707
0.276762,0.092953,-1408.220459
0.277,0.093653,-1409.397217
0.272731,0.092752,-1407.883301
0.272104,0.094298,-1408.625488
0.268255,0.095059,-1408.599976
0.268255,0.095059,-1409.51062
0.269962,0.097136,-1410.391235
0.269962,0.097136,-1408.844238
0.282712,0.096242,-1409.56897
0.27357,0.09973,-1410.075684
0.27357,0.09973,-1409.582764
0.276345,0.10111,-1411.023315
0.28022,0.096412,-1409.778687
0.2801,0.0938,-1408.50769
0.2801,0.0938,-1408.984009
0.284105,0.093167,-1409.361938
0.281815,0.092478,-1407.562012
0.28292,0.094646,-1408.806396
0.283157,0.088621,-1408.102905
0.283765,0.0903,-1407.955933
0.283227,0.087941,-1407.206055
0.28098,0.08772,-1407.104248
0.27945,0.086508,-1406.726318
0.27945,0.086508,-1406.430176
0.275327,0.083986,-1406.923584
0.275504,0.086046,-1407.127686
0.275504,0.086046,-1406.249878
0.275504,0.086046,-1407.360107
0.275504,0.086046,-1406.510742
0.275948,0.085274,-1406.80249
0.27242,0.087276,-1406.01001
0.275165,0.08479,-1405.956299
0.275165,0.08479,-1406.254883
0.27347,0.078519,-1406.055054
0.27347,0.078519,-1404.904297
0.277893,0.07698,-1405.647705
0.277893,0.07698,-1404.878906
0.277893,0.07698,-1404.53833
0.28298,0.078487,-1405.924072
0.282304,0.080598,-1407.02002
0.281406,0.081223,-1406.093018
0.282464,0.080745,-1405.946777
0.282613,0.078384,-1405.76709
0.286837,0.076325,-1405.897705
0.29039,0.072012,-1406.595581
0.283975,0.076687,-1405.01416
0.277218,0.073272,-1404.773193
0.277852,0.076476,-1404.746338
0.277046,0.078986,-1405.626709
0.274695,0.072081,-1405.148438
0.273193,0.076951,-1405.386719
0.268419,0.072497,-1405.248047
0.270792,0.07382,-1404.645996
0.271375,0.072562,-1404.439575
0.271375,0.072562,-1404.907227
0.271375,0.072562,-1404.69165
0.268664,0.07445,-1404.811523
0.266888,0.071474,-1404.724854
0.266888,0.071474,-1405.000977
0.266591,0.072233,-1405.029297
0.264603,0.071268,-1405.16748
0.268938,0.069309,-1405.137451
0.27072,0.068508,-1404.010376
0.27072,0.068508,-1404.138916
0.263103,0.065755,-1405.950439
0.264897,0.064953,-1404.605469
0.272559,0.060065,-1406.479492
0.272559,0.060065,-1406.69751
0.270929,0.058425,-1405.799316
0.270571,0.059609,-1406.368774
0.270802,0.058022,-1406.209473
0.270732,0.059458,-1405.697754
0.270491,0.063831,-1404.912476
0.270491,0.063831,-1405.427002
0.275625,0.066652,-1405.583984
0.277141,0.071923,-1404.884399
0.281514,0.070834,-1404.859131
0.282812,0.0709,-1404.47876
0.285356,0.068029,-1405.682007
0.284828,0.068573,-1405.438477
0.285192,0.070432,-1406.151611
0.285757,0.070083,-1405.034424
0.285757,0.070083,-1405.897095
0.287724,0.070031,-1405.424805
0.290257,0.066384,-1406.925537
0.29295,0.062796,-1407.473389
0.288769,0.059196,-1407.551758
0.288769,0.059196,-1407.491455
0.288769,0.059196,-1407.32373
0.288769,0.059196,-1407.216553
0.288769,0.059196,-1407.318848
0.290135,0.065136,-1406.439697
0.288303,0.06525,-1405.384399
0.291266,0.067382,-1406.08374
0.29179,0.064742,-1406.985718
0.29179,0.064742,-1407.086914
0.290622,0.062014,-1408.263428
0.291956,0.063476,-1406.960938
0.291538,0.063075,-1407.846191
0.29345,0.064457,-1407.006348
0.287352,0.060173,-1406.454224
0.288583,0.063945,-1406.062988
0.292553,0.063338,-1406.96814
0.292553,0.063338,-1406.577881
0.293248,0.061365,-1407.06958
0.287706,0.056052,-1407.985596
0.287315,0.058741,-1406.742432
0.287315,0.058741,-1407.68457
0.288194,0.058178,-1408.338501
0.291789,0.062379,-1407.190186
0.291789,0.062379,-1407.122803
0.290779,0.06469,-1407.015625
0.290779,0.06469,-1406.711426
0.29572,0.065203,-1407.49646
0.289464,0.061728,-1407.057129
0.286399,0.061772,-1405.882324
0.286399,0.061772,-1407.369873
0.286399,0.061772,-1407.083496
0.286399,0.061772,-1406.041626
0.284791,0.06031,-1406.380737
0.284791,0.06031,-1406.455688
0.275996,0.058809,-1406.574219
0.271375,0.055454,-1407.02002
0.277445,0.055498,-1406.447021
0.271396,0.057662,-1406.543579
0.27325,0.060577,-1405.985107
0.269141,0.052445,-1408.236938
0.267124,0.054308,-1407.882568
0.267124,0.054308,-1407.959717
0.267124,0.054308,-1406.822266
0.265951,0.054277,-1408.09668
0.263162,0.057429,-1406.797485
0.263162,0.057429,-1406.946899
0.263162,0.057429,-1407.076416
0.263162,0.057429,-1407.488037
0.263411,0.061115,-1406.769653
0.262946,0.060863,-1406.479492
0.265731,0.060275,-1406.108276
0.265731,0.060275,-1406.378906
0.261742,0.057503,-1407.240967
0.263956,0.055857,-1407.3125
0.263956,0.055857,-1408.320068
0.261421,0.057446,-1407.897583
0.258322,0.055436,-1408.452026
0.258322,0.055436,-1408.599365
0.259033,0.056066,-1408.398315
0.259033,0.056066,-1407.722534
0.260768,0.054808,-1408.270752
0.260768,0.054808,-1407.72876
0.262973,0.054167,-1408.260742
0.262973,0.054167,-1408.134644
0.272567,0.055017,-1407.106323
0.27403,0.059666,-1406.459717
0.277842,0.064449,-1405.812988
0.278628,0.062734,-1405.778809
0.278628,0.062734,-1406.29248
0.273363,0.061241,-1405.70166
0.273363,0.061241,-1406.443604
0.273363,0.061241,-1405.543091
0.273363,0.061241,-1406.983276
0.273363,0.061241,-1406.095215
0.273363,0.061241,-1405.488525
0.272071,0.063897,-1405.079712
0.274522,0.064743,-1404.479248
0.272132,0.064028,-1405.122559
0.272132,0.064028,-1405.329102
0.272132,0.064028,-1404.377441
0.27967,0.063701,-1404.231934
0.278952,0.063292,-1405.911865
0.27424,0.064996,-1405.868042
0.27424,0.064996,-1404.94873
0.277484,0.066623,-1405.564697
0.280027,0.070068,-1405.922852
0.278192,0.071489,-1405.195801
0.278192,0.071489,-1405.204102
0.27373,0.072411,-1404.9729
0.273668,0.073635,-1404.958984
0.273668,0.073635,-1404.96167
0.275421,0.074575,-1405.642578
0.274589,0.074631,-1405.788818
0.274589,0.074631,-1404.860596
0.274589,0.074631,-1405.499023
0.27855,0.073504,-1405.355713
0.276996,0.071212,-1405.775146
0.276996,0.071212,-1404.550659
0.277807,0.073776,-1405.071411
0.269758,0.075003,-1405.227783
0.276097,0.076506,-1405.5896
0.276097,0.076506,-1404.962036
0.270467,0.07141,-1405.186646
0.270467,0.07141,-1405.386475
0.270777,0.078585,-1405.293701
0.270777,0.078585,-1405.478271
0.270777,0.078585,-1404.574707
0.270153,0.077403,-1404.392822
0.270266,0.081276,-1405.403564
0.270235,0.077719,-1404.436646
0.27079,0.080575,-1406.033447
0.27079,0.080575,-1405.634033
0.269576,0.080722,-1406.124268
0.270659,0.081666,-1406.092407
0.269506,0.080682,-1405.307373
0.269506,0.080682,-1404.971069
0.267051,0.081516,-1405.040771
0.270047,0.082118,-1406.636963
0.268817,0.080115,-1405.687134
0.269103,0.079982,-1405.412354
0.269103,0.079982,-1405.93457
0.269103,0.079982,-1405.170654
0.264525,0.075665,-1405.639038
0.270007,0.076781,-1406.058228
0.275724,0.081844,-1405.615723
0.275724,0.081844,-1405.14856
0.276095,0.080133,-1405.392212
0.274212,0.076747,-1406.904541
0.275611,0.081138,-1406.012085
0.279229,0.079561,-1406.359741
0.281001,0.077762,-1405.979004
0.281001,0.077762,-1404.901367
0.277094,0.081129,-1405.767822
0.277094,0.081129,-1405.065918
0.278128,0.085157,-1406.946167
0.281768,0.083339,-1406.510864
0.279827,0.079463,-1405.528076
0.280001,0.072152,-1405.273193
0.283522,0.072064,-1405.831543
0.284357,0.066635,-1406.298096
0.284462,0.061232,-1407.127686
0.280493,0.063286,-1406.122314
0.280493,0.063286,-1405.789917
0.279677,0.064152,-1405.249268
0.282051,0.066401,-1405.715088
0.278343,0.069889,-1405.237305
0.279471,0.068929,-1405.80896
0.279471,0.068929,-1405.07251
0.27768,0.068619,-1404.807129
0.273757,0.071682,-1405.106567
0.271269,0.076205,-1405.795288
0.270124,0.079097,-1405.018066
0.270124,0.079097,-1404.571289
0.270286,0.077056,-1404.47229
0.274758,0.072994,-1405.516846
0.274758,0.072994,-1404.656494
0.274856,0.068675,-1404.331787
0.273326,0.073339,-1405.142822
0.282114,0.076668,-1405.142578
0.287962,0.074234,-1405.934326
0.286779,0.070359,-1405.697998
0.287261,0.069831,-1405.871704
0.287261,0.069831,-1405.648804
0.285606,0.072938,-1407.017822
0.285606,0.072938,-1405.472046
0.285606,0.072938,-1404.702393
0.290219,0.07575,-1405.469482
0.288543,0.082834,-1406.961426
0.287659,0.083772,-1407.503784
0.288213,0.08742,-1408.434814
0.288213,0.08742,-1408.253418
0.288213,0.08742,-1407.789795
0.288213,0.08742,-1408.810913
0.290241,0.088597,-1407.845703
0.285834,0.089309,-1406.952637
0.285834,0.089309,-1409.05481
0.287605,0.088083,-1408.664307
0.284978,0.086868,-1408.174927
0.284978,0.086868,-1408.192749
0.277909,0.084558,-1406.822388
0.272553,0.085601,-1406.355957
0.267795,0.087056,-1406.879639
0.269836,0.090011,-1407.126831
0.269836,0.090011,-1407.702271
0.269836,0.090011,-1407.445923
0.269836,0.090011,-1406.437378
0.269057,0.092272,-1407.987549
0.273629,0.09459,-1408.726318
0.272655,0.088078,-1407.26416
0.266257,0.089042,-1406.78833
0.272632,0.085794,-1406.966553
0.265916,0.081239,-1406.057129
0.263935,0.074896,-1406.12854
0.265936,0.071182,-1404.757324
0.269273,0.073825,-1404.706055
0.262916,0.083022,-1406.714233
0.262916,0.083022,-1407.626709
0.263758,0.083457,-1406.828857
0.263758,0.083457,-1406.074341
0.263758,0.083457,-1406.908447
0.263758,0.083457,-1406.76062
0.257764,0.082433,-1407.797119
0.257679,0.085735,-1407.620483
0.257679,0.085735,-1408.116211
0.263192,0.084411,-1407.145508
0.264747,0.08739,-1407.27002
0.263135,0.080957,-1406.497559
0.263398,0.078582,-1404.766846
0.263398,0.078582,-1404.676758
0.263759,0.073656,-1405.507568
0.268002,0.076765,-1404.522949
0.267438,0.075342,-1405.642944
0.267438,0.075342,-1404.885986
0.272883,0.075589,-1405.133179
0.274389,0.074841,-1405.388794
0.274389,0.074841,-1405.095337
0.274389,0.074841,-1404.965088
0.274389,0.074841,-1405.336548
0.276428,0.072305,-1405.186401
0.273669,0.074472,-1405.721191
0.273699,0.08122,-1405.346191
0.273102,0.074053,-1404.611816
0.273115,0.074609,-1405.850586
0.269613,0.069847,-1404.313354
0.269242,0.070313,-1404.890625
0.270749,0.068605,-1405.000977
0.267755,0.069327,-1404.92334
0.267755,0.069327,-1405.677002
0.267755,0.069327,-1404.72998
0.260732,0.072128,-1405.491333
0.260732,0.072128,-1406.147949
0.260732,0.072128,-1405.896729
0.265335,0.073857,-1405.356445
0.265335,0.073857,-1405.861328
0.265335,0.073857,-1404.813232
0.265335,0.073857,-1404.598877
0.263561,0.07549,-1406.301758
0.263834,0.075826,-1404.847168
0.257533,0.077793,-1405.648071
0.264012,0.07854,-1406.163818
0.266664,0.08204,-1405.44165
0.264488,0.079972,-1405.685059
0.261357,0.086131,-1406.905396
0.257549,0.088832,-1408.422241
0.257549,0.088832,-1407.921387
0.257549,0.088832,-1408.666016
0.25976,0.087112,-1407.486572
0.254897,0.084775,-1408.105713
0.253704,0.081074,-1407.843506
0.253704,0.082783,-1407.953369
0.253704,0.082783,-1408.452759
0.258703,0.086269,-1407.904297
0.25967,0.084972,-1406.666016
0.259409,0.083869,-1406.830322
0.263125,0.086235,-1406.819214
0.262671,0.081275,-1405.667969
0.265723,0.0781,-1405.57251
0.262907,0.07662,-1406.005859
0.262907,0.07662,-1404.678467
0.268273,0.07386,-1406.198486
0.268273,0.07386,-1405.016113
0.257812,0.076874,-1406.007812
0.25741,0.079048,-1407.7771
0.252127,0.072598,-1408.026367
0.255695,0.073202,-1407.362793
0.256285,0.071291,-1406.462402
0.256285,0.071291,-1406.218018
0.256285,0.071291,-1406.677246
0.260465,0.071935,-1405.677002
0.261443,0.072881,-1405.147461
0.266084,0.076332,-1405.507935
0.261184,0.075311,-1405.90918
0.258465,0.072054,-1406.100098
0.25606,0.069207,-1407.065308
0.25537,0.069713,-1406.554688
0.254243,0.068784,-1407.451172
0.254594,0.070461,-1408.088623
0.255311,0.06985,-1406.184326
0.255311,0.06985,-1406.100586
0.259537,0.072438,-1406.280273
0.259537,0.072438,-1405.135498
0.261988,0.073427,-1405.317017
0.261491,0.075288,-1404.681885
0.267888,0.077678,-1405.373291
0.268158,0.074015,-1405.106445
0.269981,0.069908,-1405.446777
0.26801,0.073481,-1405.197021
0.271211,0.074654,-1405.72876
0.266598,0.069599,-1404.183105
0.26522,0.070049,-1405.550781
0.265067,0.069582,-1405.575928
0.265067,0.069582,-1405.07312
0.263612,0.069033,-1405.332275
0.26293,0.068871,-1405.205933
0.260424,0.072621,-1406.743408
0.26195,0.069862,-1405.582397
0.261657,0.069861,-1406.223999
0.260676,0.07542,-1405.171265
0.260676,0.07542,-1405.688354
0.254976,0.079722,-1406.710205
0.254976,0.079722,-1407.004761
0.251469,0.073137,-1406.971191
0.253366,0.081899,-1408.228149
0.256695,0.082797,-1408.048584
0.250837,0.081055,-1408.502197
0.250837,0.081055,-1408.050049
0.253399,0.07591,-1407.259277
0.254982,0.077791,-1406.378784
0.255314,0.079954,-1407.181396
0.260752,0.081829,-1406.525635
0.260752,0.081829,-1405.937012
0.254799,0.082742,-1407.734863
0.256208,0.080483,-1407.090454
0.256208,0.080483,-1407.005981
0.254973,0.078481,-1406.609497
0.254973,0.078481,-1407.178467
0.254333,0.082519,-1408.272217
0.254333,0.082519,-1408.02002
0.25343,0.084137,-1408.73645
0.25005,0.081747,-1408.806641
0.25005,0.081747,-1408.774414
0.25005,0.081747,-1409.116333
0.25005,0.081747,-1408.557617
0.25005,0.081747,-1408.680664
0.255883,0.077703,-1406.998901
0.256384,0.080849,-1406.809204
0.251896,0.080186,-1408.182129
0.257587,0.085906,-1407.87085
0.259793,0.087008,-1408.006226
0.259793,0.087008,-1408.563721
0.261302,0.083931,-1406.715088
0.262777,0.086414,-1406.926514
0.262777,0.086414,-1407.548584
0.264056,0.090118,-1408.110107
0.259945,0.087833,-1407.532227
0.261864,0.090413,-1408.585205
0.262101,0.088377,-1406.905029
0.257556,0.087593,-1407.414062
0.258646,0.086262,-1408.130127
0.261852,0.082583,-1406.518311
0.261852,0.082583,-1407.222168
0.257368,0.084262,-1407.359131
0.266048,0.087991,-1408.340332
0.264817,0.089884,-1408.37146
0.266144,0.088913,-1407.38501
0.264156,0.087267,-1407.761475
0.268216,0.089807,-1407.560059
0.266997,0.092794,-1408.388184
0.268842,0.092225,-1407.296387
0.263285,0.090185,-1408.376465
0.260671,0.08463,-1407.072266
0.260671,0.08463,-1406.493164
0.263343,0.081577,-1406.645508
0.263343,0.081577,-1406.363281
0.265296,0.080408,-1406.329224
0.265702,0.077734,-1405.119873
0.267503,0.075965,-1405.598145
0.262169,0.07463,-1405.317017
0.265271,0.07466,-1405.565918
0.267577,0.071171,-1404.813477
0.264192,0.070922,-1405.507812
0.267193,0.074959,-1405.905273
0.267868,0.077005,-1403.906128
0.269961,0.073375,-1404.807007
0.269961,0.073375,-1405.193115
0.270771,0.07816,-1406.047119
0.271267,0.082101,-1405.601562
0.271624,0.082533,-1405.601318
0.26598,0.081393,-1405.805908
0.26598,0.081393,-1405.522705
0.26598,0.081393,-1406.637939
0.264064,0.077519,-1406.536621
0.264064,0.077519,-1405.307007
0.264064,0.077519,-1405.918945
0.2666,0.072292,-1405.388916
0.262132,0.06986,-1406.170166
0.26309,0.070391,-1404.720093
0.260856,0.067776,-1406.644653
0.260856,0.067776,-1405.632324
0.264016,0.064526,-1406.265015
0.264016,0.064526,-1405.033936
0.263694,0.061942,-1405.736328
0.263694,0.061942,-1406.318604
0.259502,0.061404,-1406.616699
0.261229,0.061455,-1405.66626
0.256649,0.059586,-1407.714111
0.251271,0.062218,-1408.222168
0.258443,0.062478,-1407.73999
0.258411,0.070609,-1407.011963
0.256298,0.07226,-1405.634766
0.256298,0.07226,-1406.55835
0.256298,0.07226,-1407.009277
0.256298,0.07226,-1406.993164
0.256298,0.07226,-1405.462891
0.258385,0.071199,-1406.575317
0.26186,0.068755,-1405.291748
0.26186,0.068755,-1405.322266
0.26186,0.068755,-1404.845215
0.260527,0.068956,-1406.145996
0.260642,0.068331,-1405.320312
0.260642,0.068331,-1405.558716
0.260642,0.068331,-1405.221924
0.259247,0.067514,-1405.757568
0.258837,0.066614,-1406.473633
0.264557,0.069112,-1405.493896
0.26256,0.06599,-1404.897217
0.25969,0.062983,-1406.633301
0.261573,0.059645,-1405.901733
0.259964,0.060601,-1406.950562
0.259964,0.060601,-1406.808105
0.263978,0.05825,-1406.687866
0.265206,0.061541,-1406.528809
0.269365,0.06258,-1404.827637
0.269365,0.06258,-1405.073853
0.273468,0.063823,-1405.755005
0.273359,0.06071,-1405.942505
0.273359,0.06071,-1405.20166
0.271251,0.060487,-1405.993652
0.272144,0.062308,-1405.871338
0.27041,0.067303,-1405.429565
0.277976,0.068985,-1405.029053
0.282793,0.069991,-1404.784668
0.282793,0.069991,-1404.968262
0.281579,0.073795,-1405.414307
0.279573,0.080216,-1405.351074
0.274873,0.083241,-1405.203735
0.279891,0.083382,-1405.373047
0.27832,0.080445,-1406.222046
0.279818,0.078731,-1405.708984
0.281361,0.079684,-1406.16333
0.275897,0.077642,-1406.008911
0.275897,0.077642,-1404.603027
0.279558,0.08243,-1406.001221
0.279558,0.08243,-1405.040283
0.282611,0.078814,-1406.090942
0.282611,0.078814,-1405.576416
0.276769,0.079451,-1406.054688
0.276769,0.079451,-1406.129395
0.276769,0.079451,-1405.83252
0.279619,0.085651,-1406.670044
0.281114,0.085093,-1406.552612
0.281486,0.084185,-1406.47937
0.2786,0.085768,-1407.284302
0.2786,0.085768,-1406.477783
0.282676,0.079209,-1406.536865
0.28399,0.080581,-1406.520508
0.284507,0.080151,-1407.492188
0.276668,0.078664,-1405.059082
0.280796,0.079183,-1405.442261
0.281778,0.083862,-1406.44519
0.282672,0.084013,-1407.20813
0.286146,0.079666,-1406.982056
0.282122,0.075361,-1405.300537
0.285502,0.071542,-1405.23938
0.28512,0.075773,-1405.86853
0.28512,0.075773,-1405.827393
0.289821,0.077556,-1407.199219
0.293465,0.075411,-1407.921631
0.293465,0.075411,-1407.348755
0.293307,0.074075,-1407.271973
0.294838,0.078278,-1407.387451
0.298007,0.078582,-1408.866211
0.296917,0.080301,-1408.758423
0.300568,0.078522,-1408.605835
0.299558,0.081303,-1409.110107
0.299558,0.081303,-1408.990967
0.300061,0.086113,-1410.634155
0.301753,0.084789,-1410.312744
0.303165,0.079936,-1410.915527
0.301029,0.076346,-1409.315674
0.301029,0.076346,-1409.406494
0.301029,0.076346,-1408.687012
0.293159,0.07245,-1407.879883
0.293159,0.07245,-1406.20105
0.290636,0.076727,-1406.515015
0.289165,0.078383,-1406.855957
0.289165,0.078383,-1405.498291
0.289165,0.078383,-1405.596069
0.290211,0.079989,-1407.069824
0.29092,0.077028,-1407.584106
0.29092,0.077028,-1407.188599
0.29092,0.077028,-1406.586182
0.294509,0.077373,-1407.75769
0.291613,0.072931,-1407.554565
0.291613,0.072931,-1406.802246
0.291929,0.072162,-1407.037842
0.291807,0.067627,-1406.717041
0.290028,0.073703,-1407.373657
0.290028,0.073703,-1406.670288
0.287704,0.07148,-1405.366211
0.287704,0.07148,-1406.123169
0.287704,0.07148,-1405.253052
0.286311,0.072451,-1406.431396
0.2898,0.070675,-1405.549561
0.287037,0.07329,-1407.297607
0.287267,0.071345,-1405.473755
0.282824,0.071165,-1405.768066
0.283708,0.076628,-1406.008911
0.283708,0.076628,-1405.765381
0.290414,0.079788,-1407.091797
0.290414,0.079788,-1407.557739
0.29051,0.079912,-1407.487427
0.285888,0.07842,-1406.254639
0.287376,0.076339,-1406.963379
0.283929,0.076975,-1406.393677
0.283929,0.076975,-1406.121338
0.27868,0.072867,-1405.033936
0.27868,0.072867,-1405.452393
0.278081,0.072951,-1405.335449
0.277186,0.073169,-1404.436523
0.277186,0.073169,-1404.810791
0.277186,0.073169,-1404.962891
0.272254,0.068689,-1404.870728
0.271779,0.070258,-1404.737061
0.268356,0.071697,-1405.246582
0.268624,0.075079,-1405.790527
0.267765,0.07353,-1405.087891
0.26709,0.073329,-1404.92749
0.265501,0.073211,-1405.518555
0.269985,0.072731,-1405.350098
0.273684,0.071263,-1404.980957
0.270696,0.073059,-1404.935059
0.276943,0.081101,-1406.481201
0.280579,0.081043,-1406.866211
0.280579,0.081043,-1405.13623
0.276787,0.075669,-1405.900513
0.276738,0.068743,-1404.357666
0.279457,0.065369,-1405.77002
0.281178,0.068736,-1405.473145
0.281178,0.068736,-1405.392334
0.281178,0.068736,-1406.19104
0.28274,0.067573,-1404.9646
0.281569,0.064463,-1405.24292
0.286868,0.059734,-1406.782227
0.288816,0.058122,-1407.370972
0.289822,0.058367,-1407.632568
0.286665,0.057984,-1407.443481
0.288188,0.059619,-1406.300537
0.292412,0.062516,-1407.469849
0.297401,0.064277,-1407.686279
0.296757,0.066618,-1408.67334
0.296757,0.066618,-1407.943848
0.295436,0.066735,-1407.312744
0.295436,0.066735,-1407.18689
0.295436,0.066735,-1408.153809
0.288,0.068285,-1405.85022
0.291295,0.063139,-1406.984863
0.291295,0.063139,-1407.627686
0.292856,0.063634,-1407.481079
0.292856,0.063634,-1407.426025
0.283725,0.058668,-1406.398193
0.279583,0.05597,-1406.885254
0.282033,0.058471,-1407.084717
0.289994,0.059232,-1407.835205
0.285094,0.060242,-1407.34668
0.283234,0.064273,-1405.359863
0.283234,0.064273,-1405.223389
0.278962,0.07045,-1405.218018
0.278735,0.072356,-1405.484131
0.278494,0.074421,-1405.374146
0.275889,0.071447,-1403.93335
0.275889,0.071447,-1404.694092
0.278963,0.075254,-1404.672363
0.284918,0.07054,-1406.811035
0.279735,0.066081,-1405.786011
0.280353,0.069749,-1405.538086
0.27638,0.071611,-1404.846924
0.275872,0.071087,-1405.921021
0.271846,0.072666,-1404.411255
0.276073,0.072945,-1404.768799
0.267086,0.077104,-1405.567749
0.274382,0.071458,-1405.259277
0.277103,0.06843,-1404.968994
0.275411,0.072403,-1405.392578
0.275411,0.072403,-1404.981934
0.275411,0.072403,-1404.192383
0.276507,0.0698,-1404.656006
0.275807,0.070196,-1404.703247
0.273968,0.066865,-1404.247925
0.26686,0.065502,-1405.593506
0.265075,0.063606,-1405.906738
0.265075,0.063606,-1405.995239
0.268224,0.063132,-1404.825195
0.271326,0.067077,-1404.986328
0.275526,0.064015,-1404.708862
0.275526,0.064015,-1405.317871
0.282797,0.066863,-1405.249512
0.27602,0.065668,-1404.205566
0.27602,0.065668,-1405.041748
0.273857,0.06863,-1405.281982
0.273546,0.071636,-1404.644775
0.26854,0.07626,-1405.039795
0.270829,0.079708,-1404.893311
0.269145,0.081068,-1406.439941
0.270008,0.075532,-1404.431641
0.270951,0.075221,-1404.36499
0.270951,0.075221,-1404.835449
0.268527,0.071365,-1404.5802
0.268527,0.071365,-1404.901489
0.268527,0.071365,-1404.468262
0.266598,0.067825,-1405.567871
0.266025,0.073515,-1404.885742
0.271161,0.07485,-1405.469238
0.270609,0.077087,-1404.990723
0.270609,0.077087,-1404.772583
0.270356,0.080994,-1406.465942
0.271959,0.081338,-1405.727295
0.266517,0.082952,-1406.545532
0.265875,0.082979,-1406.206787
0.265875,0.082979,-1405.135986
0.265473,0.079056,-1405.365234
0.269668,0.072904,-1405.324341
0.267662,0.072817,-1404.936035
0.276135,0.071677,-1405.396729
0.275009,0.076376,-1404.358765
0.275484,0.078408,-1405.294312
0.280366,0.075044,-1404.819702
0.282943,0.07964,-1405.465576
0.277855,0.080902,-1406.145996
0.282438,0.078274,-1405.46228
0.282438,0.078274,-1404.874756
0.284085,0.083242,-1405.919067
0.284227,0.082752,-1406.908325
0.28103,0.08057,-1406.776611
0.28103,0.08057,-1405.620239
0.281655,0.078375,-1405.826904
0.291321,0.07883,-1406.006836
0.291321,0.07883,-1407.507202
0.285394,0.080739,-1406.826416
0.287937,0.074331,-1406.591675
0.287937,0.074331,-1405.949951
0.287937,0.074331,-1405.775146
0.285915,0.069696,-1406.179443
0.287792,0.070765,-1406.194336
0.287792,0.070765,-1405.353882
0.287792,0.070765,-1406.575195
0.287792,0.070765,-1406.452271
0.289104,0.070752,-1406.692871
0.296945,0.069154,-1407.977417
0.2987,0.071539,-1407.912231
0.292808,0.068352,-1407.010498
0.29739,0.067233,-1407.600342
0.297246,0.069476,-1407.929688
0.292468,0.073075,-1407.022705
0.290179,0.073626,-1407.537231
0.292536,0.075775,-1406.769287
0.292536,0.075775,-1406.113037
0.294879,0.076724,-1408.352173
0.289208,0.078143,-1407.393555
0.285199,0.074245,-1406.671021
0.278709,0.073541,-1404.740479
0.281272,0.072694,-1405.622559
0.281272,0.072694,-1404.876465
0.278054,0.077995,-1405.720459
0.276789,0.07874,-1405.015625
0.271976,0.079249,-1405.33667
0.273644,0.085604,-1406.547363
0.271557,0.08443,-1406.387939
0.275096,0.083588,-1405.864502
0.275096,0.083588,-1405.959473
0.266247,0.090048,-1408.019531
0.263976,0.083928,-1406.584717
0.265373,0.082932,-1406.453125
0.273336,0.084146,-1406.103516
0.270475,0.082845,-1406.114624
0.272721,0.082785,-1406.208984
0.276003,0.084712,-1406.318237
0.276715,0.077848,-1405.096191
0.273837,0.074012,-1404.888062
0.275293,0.071428,-1405.00415
0.276561,0.072824,-1404.601685
0.276561,0.072824,-1404.663086
0.276561,0.072824,-1405.078369
0.279809,0.070415,-1404.668823
0.279809,0.070415,-1403.924072
0.278466,0.069923,-1405.343384
0.278466,0.069923,-1404.734619
0.274025,0.065849,-1404.825684
0.283407,0.06685,-1405.822021
0.282594,0.064886,-1407.246338
0.282074,0.065275,-1405.178833
0.279763,0.067263,-1404.65625
0.281743,0.067179,-1405.604248
0.27938,0.069437,-1405.147461
0.279202,0.06765,-1404.987671
0.279202,0.06765,-1405.286011
0.279202,0.06765,-1405.406738
0.282378,0.066981,-1405.459106
0.283017,0.065369,-1405.898926
0.283017,0.065369,-1405.663574
0.278336,0.067036,-1404.993896
0.281444,0.064574,-1405.641479
0.279699,0.065133,-1406.010132
0.28275,0.069674,-1406.065308
0.286412,0.071599,-1405.487305
0.289218,0.068065,-1405.115723
0.290439,0.071767,-1406.09314
0.296451,0.070859,-1408.372314
0.296451,0.070859,-1407.199829
0.295004,0.068021,-1407.852783
0.294042,0.067202,-1407.27063
0.290904,0.068284,-1407.603271
0.290904,0.068284,-1406.770386
0.291508,0.069732,-1406.261963
0.286526,0.068017,-1405.828491
0.284603,0.071362,-1405.662354
0.284603,0.071362,-1405.286621
0.277251,0.070037,-1405.376587
0.277251,0.070037,-1405.022949
0.277251,0.070037,-1404.646851
0.278626,0.066272,-1405.542358
0.278626,0.066272,-1404.363525
0.276464,0.06678,-1404.593384
0.276464,0.06678,-1405.159424
0.275512,0.063583,-1405.789551
0.275512,0.063583,-1405.104248
0.279029,0.061142,-1405.306641
0.279029,0.061142,-1405.225098
0.279029,0.061142,-1406.133545
0.279405,0.058483,-1406.838501
0.279522,0.057405,-1406.813477
0.277237,0.055263,-1407.071045
0.279041,0.054098,-1407.956055
0.279871,0.050543,-1409.186279
0.279871,0.050543,-1409.158447
0.278267,0.051936,-1408.243164
0.278267,0.051936,-1408.411011
0.278267,0.051936,-1408.090576
0.272636,0.052951,-1407.140381
0.272636,0.052951,-1408.253418
0.272636,0.052951,-1408.91394
0.269543,0.0543,-1407.349121
0.269543,0.0543,-1406.772949
0.272689,0.05233,-1408.446533
0.271716,0.052372,-1408.431396
0.276346,0.055411,-1406.694824
0.278323,0.058791,-1405.526611
0.278323,0.058791,-1406.774414
0.268262,0.060301,-1405.710205
0.268262,0.060301,-1407.084229
0.26931,0.061391,-1404.650635
0.271772,0.062489,-1405.052979
0.269662,0.060289,-1406.088135
0.269662,0.060289,-1405.734131
0.26846,0.054639,-1408.022949
0.267018,0.053083,-1408.465454
0.269258,0.050952,-1408.940186
0.269258,0.050952,-1409.446899
0.269258,0.050952,-1409.474243
0.264726,0.051219,-1409.149902
0.264726,0.051219,-1409.154053
0.268743,0.050021,-1410.101929
0.26793,0.046483,-1411.108154
0.267488,0.048612,-1409.946411
0.267846,0.050701,-1409.299316
0.266614,0.048024,-1411.675903
0.268339,0.050204,-1409.350586
0.270379,0.050572,-1408.903687
0.269229,0.050507,-1409.284424
0.269229,0.050507,-1409.168457
0.270786,0.055235,-1407.520752
0.274045,0.054286,-1407.344482
0.275203,0.057925,-1406.280396
0.279495,0.056062,-1407.230957
0.278171,0.056579,-1407.559326
0.276644,0.057233,-1406.24585
0.276644,0.057233,-1406.770996
0.274519,0.056006,-1407.267334
0.274519,0.056006,-1406.889893
0.274519,0.056006,-1406.773193
0.276899,0.052571,-1408.464844
0.27547,0.05148,-1407.968994
0.271325,0.051377,-1408.663818
0.271325,0.051377,-1408.973389
0.271325,0.051377,-1408.309814
0.26652,0.051929,-1409.631836
0.267945,0.053325,-1407.636963
0.265481,0.053584,-1408.858398
0.265228,0.055362,-1407.064209
0.265228,0.055362,-1407.158447
0.259313,0.055966,-1408.420776
0.259313,0.055966,-1407.852417
0.265578,0.060244,-1406.317383
0.261484,0.058234,-1407.868408
0.26122,0.061371,-1406.267944
0.256647,0.06467,-1407.443604
0.256647,0.06467,-1405.549072
0.259468,0.064269,-1406.533203
0.259481,0.061796,-1406.012451
0.260241,0.063712,-1406.153076
0.259952,0.064635,-1406.183472
0.257887,0.062754,-1406.531982
0.258189,0.066167,-1406.081909
0.266529,0.06438,-1405.822998
0.26119,0.062711,-1406.537964
0.262023,0.058792,-1406.213867
0.264719,0.058975,-1407.604248
0.267654,0.05798,-1406.963379
0.270662,0.058088,-1406.362549
0.268119,0.056896,-1406.796875
0.268119,0.056896,-1406.868164
0.267455,0.05818,-1406.489868
0.267455,0.05818,-1405.88501
0.267455,0.05818,-1405.606201
0.270081,0.060632,-1406.66333
0.278421,0.058441,-1405.978271
0.278421,0.058441,-1406.691406
0.279763,0.05675,-1407.250244
0.279763,0.05675,-1407.007935
0.279763,0.05675,-1406.814453
0.280118,0.065091,-1406.175293
0.281485,0.070315,-1406.626831
0.281485,0.070315,-1404.822876
0.281485,0.070315,-1405.79126
0.282283,0.073629,-1404.815186
0.282283,0.073629,-1404.723633
0.276284,0.075401,-1404.953613
0.269209,0.074679,-1403.956421
0.268798,0.07472,-1405.070312
0.268467,0.074763,-1404.197754
0.268467,0.074763,-1403.301025
0.275874,0.074199,-1405.799194
0.275874,0.074199,-1404.418701
0.277714,0.072518,-1404.577271
0.27293,0.077974,-1404.848755
0.272282,0.078637,-1404.828491
0.268029,0.079199,-1405.485596
0.264119,0.078133,-1405.510254
0.264119,0.078133,-1405.802246
0.264753,0.077708,-1405.778198
0.264753,0.077708,-1405.528564
0.262054,0.077389,-1405.826904
0.26826,0.077968,-1404.985596
0.267834,0.072316,-1405.120972
0.271177,0.074048,-1404.682373
0.275052,0.075727,-1404.732178
0.27557,0.071922,-1405.668579
0.27498,0.073363,-1405.958984
0.27498,0.073363,-1404.216187
0.27498,0.073363,-1405.034668
0.271805,0.071262,-1405.403809
0.275131,0.067061,-1404.747803
0.267645,0.063499,-1405.646362
0.264225,0.065866,-1406.202881
0.263958,0.064715,-1405.867065
0.267604,0.070928,-1405.596436
0.267604,0.070928,-1404.819946
0.261833,0.06598,-1405.239258
0.259393,0.063832,-1406.647217
0.261525,0.068764,-1405.700928
0.258577,0.066839,-1406.171753
0.261853,0.068252,-1406.282715
0.261853,0.068252,-1405.842529
0.261853,0.068252,-1405.805298
0.26017,0.067225,-1404.999023
0.261239,0.066745,-1406.049561
0.264263,0.070188,-1405.835938
0.264263,0.070188,-1405.076172
0.260265,0.071479,-1405.294189
0.260265,0.071479,-1405.121216
0.264173,0.069294,-1405.411865
0.266755,0.071761,-1404.750488
0.266755,0.071761,-1405.967041
0.272201,0.073635,-1405.148804
0.272728,0.070811,-1404.622803
0.271401,0.067369,-1403.762939
0.273515,0.066075,-1405.552246
0.27797,0.059287,-1406.557861
0.275208,0.059119,-1405.946533
0.275208,0.059119,-1405.945312
0.278726,0.060096,-1406.654053
0.278726,0.060096,-1405.633789
0.280813,0.061392,-1406.236572
0.280813,0.061392,-1405.680908
0.284536,0.064074,-1406.060791
0.284536,0.064074,-1404.523193
0.282424,0.059238,-1405.918457
0.283647,0.060881,-1405.757324
0.283647,0.060881,-1406.228027
0.286441,0.061249,-1406.482544
0.280545,0.058616,-1405.732422
0.279281,0.058662,-1406.660034
0.279281,0.058662,-1405.828979
0.271918,0.053671,-1408.212646
0.268374,0.057318,-1407.275513
0.271708,0.060643,-1406.161865
0.271708,0.060643,-1405.751709
0.271708,0.060643,-1405.986572
0.270676,0.067443,-1405.07312
0.268655,0.069888,-1404.469604
0.268655,0.069888,-1404.657593
0.268655,0.069888,-1404.714355
0.268655,0.069888,-1403.971069
0.267783,0.070672,-1405.289062
0.26341,0.06959,-1405.640137
0.26341,0.06959,-1405.030762
0.26341,0.06959,-1404.874634
0.267689,0.06941,-1405.256348
0.267689,0.06941,-1404.45105
0.267689,0.06941,-1405.467041
0.267262,0.068383,-1405.000977
0.268867,0.064048,-1405.358154
0.273695,0.06496,-1404.728516
0.27486,0.070357,-1405.314453
0.268431,0.067683,-1404.712402
0.264838,0.065923,-1405.015381
0.264299,0.06583,-1404.810059
0.26773,0.063591,-1405.675049
0.270184,0.065124,-1405.946045
0.270184,0.065124,-1404.307861
0.275247,0.066053,-1404.732666
0.275247,0.066053,-1404.497803
0.27652,0.063668,-1405.418945
0.27331,0.061172,-1405.740479
0.27331,0.061172,-1405.488403
0.277661,0.059539,-1405.387695
0.284729,0.065418,-1406.700684
0.285036,0.060469,-1406.384155
0.279565,0.067006,-1405.186523
0.279565,0.067006,-1405.327393
0.278554,0.070158,-1405.16333
0.282577,0.066089,-1405.085571
0.285729,0.065887,-1405.922485
0.285729,0.065887,-1405.793457
0.285729,0.065887,-1405.687744
0.28793,0.072443,-1405.985229
0.286041,0.076985,-1406.494873
0.289109,0.077181,-1406.374268
0.290832,0.076235,-1405.928223
0.290832,0.076235,-1406.656006
0.290832,0.076235,-1405.817139
0.289848,0.074977,-1406.184204
0.282621,0.075081,-1405.666748
0.275881,0.077452,-1405.973755
0.274533,0.078658,-1406.203613
0.274533,0.078658,-1405.188965
0.272301,0.080748,-1406.000977
0.276276,0.088695,-1407.417725
0.276276,0.088695,-1407.746826
0.277856,0.084827,-1406.723145
0.28138,0.084641,-1406.761353
0.280843,0.083703,-1406.825928
0.273639,0.081645,-1405.747559
0.274935,0.083735,-1405.767456
0.274935,0.083735,-1406.744263
0.274991,0.084932,-1407.376709
0.271615,0.085247,-1406.270264
0.272205,0.085925,-1407.084473
0.276361,0.08632,-1406.357422
0.276361,0.08632,-1406.600952
0.276361,0.08632,-1408.056396
0.276361,0.08632,-1406.451782
0.274604,0.086888,-1406.904297
0.275415,0.086897,-1406.272461
0.274171,0.087759,-1406.873047
0.272046,0.088172,-1407.567017
0.276123,0.088901,-1407.749512
0.276123,0.088901,-1408.122559
0.276123,0.088901,-1407.24353
0.281897,0.090387,-1408.518555
0.284401,0.090466,-1408.985107
0.281734,0.088581,-1406.795898
0.280772,0.087151,-1407.158936
0.278305,0.081799,-1405.415161
0.281501,0.07976,-1405.457031
0.273168,0.085075,-1405.607178
0.273168,0.085075,-1406.281006
0.273168,0.085075,-1406.28479
0.272301,0.084069,-1406.675781
0.270395,0.084984,-1406.695068
0.267193,0.083483,-1406.571533
0.267193,0.083483,-1406.514893
0.267983,0.078926,-1405.915527
0.26728,0.076192,-1405.385254
0.26728,0.076192,-1405.251953
0.270161,0.076214,-1405.761353
0.266459,0.082177,-1405.875244
0.267173,0.077939,-1405.205078
0.267173,0.077939,-1404.91333
0.270929,0.072405,-1404.469482
0.26785,0.073894,-1404.855469
0.271198,0.073803,-1405.142578
0.271143,0.073594,-1405.064941
0.274401,0.069754,-1404.726929
0.276198,0.070662,-1405.004883
0.276198,0.070662,-1404.662231
0.276507,0.070085,-1405.515869
0.277701,0.07518,-1405.24646
0.271962,0.074029,-1405.38208
0.274723,0.071756,-1405.632202
0.278349,0.071757,-1404.463623
0.279355,0.072613,-1406.2854
0.279355,0.072613,-1404.994873
0.278527,0.076187,-1405.239746
0.275872,0.071149,-1405.561523
0.270824,0.070374,-1404.655029
0.270824,0.070374,-1404.218994
0.272586,0.074033,-1404.912842
0.273339,0.069959,-1405.438965
0.273162,0.073519,-1405.190796
0.273162,0.073519,-1404.746704
0.272984,0.073652,-1404.290283
0.273914,0.074623,-1404.93335
0.273914,0.074623,-1404.228516
0.273914,0.074623,-1404.85376
0.273914,0.074623,-1405.057129
0.277598,0.079337,-1405.897827
0.278651,0.077326,-1404.327637
0.269415,0.080374,-1406.120117
0.271231,0.083405,-1405.650024
0.269311,0.084713,-1406.554199
0.267317,0.082513,-1405.702393
0.26459,0.081745,-1406.702881
0.265625,0.078525,-1405.326782
0.267339,0.080804,-1405.820557
0.270654,0.076316,-1404.674805
0.266636,0.072864,-1404.315063
0.271459,0.074267,-1405.843994
0.270226,0.078131,-1404.852539
0.270226,0.078131,-1405.127686
0.267003,0.081059,-1406.262695
0.267208,0.083303,-1405.648438
0.263868,0.082162,-1406.818726
0.266495,0.081138,-1405.87793
0.267449,0.079557,-1405.516968
0.269186,0.079406,-1404.598633
0.271905,0.075336,-1404.533691
0.274877,0.075407,-1405.337891
0.276868,0.073113,-1405.122192
0.276868,0.073113,-1404.463867
0.279432,0.072106,-1405.245972
0.275589,0.071403,-1404.322998
0.27749,0.067125,-1404.940063
0.27749,0.067125,-1404.013306
0.271452,0.070851,-1405.33252
0.271452,0.070851,-1404.513672
0.268462,0.072469,-1405.098877
0.268462,0.072469,-1404.24585
0.266576,0.071828,-1404.735718
0.265338,0.071495,-1405.223999
0.27113,0.070431,-1405.352295
0.271519,0.070062,-1404.486084
0.271519,0.070062,-1404.461914
0.268436,0.066002,-1405.341309
0.26274,0.066078,-1405.544189
0.26274,0.066078,-1405.470215
0.262411,0.064254,-1405.484375
0.262411,0.064254,-1406.392334
0.258336,0.067061,-1405.783447
0.263483,0.069311,-1405.786865
0.271729,0.074002,-1405.110474
0.265143,0.069507,-1405.647461
0.265143,0.069507,-1405.016113
0.265143,0.069507,-1405.573853
0.265143,0.069507,-1405.086792
0.266844,0.071729,-1404.547729
0.267516,0.070968,-1404.851318
0.267516,0.070968,-1403.755615
0.267516,0.070968,-1405.101807
0.261769,0.071144,-1405.957031
0.26714,0.069813,-1405.376099
0.268882,0.069604,-1405.256226
0.269494,0.072818,-1405.084106
0.271918,0.074718,-1405.305664
0.270266,0.074939,-1404.516846
0.268528,0.068727,-1405.227661
0.268851,0.069895,-1405.799561
0.268739,0.073753,-1404.433838
0.268674,0.069054,-1404.910645
0.264212,0.06865,-1405.042725
0.264212,0.06865,-1404.970703
0.264212,0.06865,-1405.02124
0.267874,0.070348,-1404.856201
0.268732,0.074666,-1404.691284
0.27481,0.075052,-1405.11853
0.27481,0.075052,-1405.236084
0.27481,0.075052,-1404.788696
0.274032,0.073994,-1405.377441
0.274032,0.073994,-1404.976562
0.278751,0.0784,-1405.221069
0.277008,0.076647,-1405.458374
0.277526,0.075808,-1405.458496
0.277526,0.075808,-1404.807373
0.278993,0.073664,-1404.971436
0.278993,0.073664,-1405.307495
0.275133,0.072859,-1405.508423
0.273947,0.076809,-1404.756592
0.273947,0.076809,-1404.425415
0.273947,0.076809,-1404.976318
0.27532,0.076379,-1405.182251
0.281244,0.076753,-1404.874268
0.277661,0.078958,-1405.51416
0.277661,0.078958,-1405.532959
0.277661,0.078958,-1405.530273
0.279514,0.080999,-1406.065674
0.281092,0.075028,-1405.832275
0.277754,0.070818,-1405.007324
0.278755,0.069104,-1404.759888
0.278755,0.069104,-1405.499756
0.278755,0.069104,-1404.708862
0.278755,0.069104,-1405.380859
0.276385,0.067082,-1405.0
0.276385,0.067082,-1405.056641
0.275555,0.059865,-1405.972534
0.278584,0.061591,-1405.739258
0.278584,0.061591,-1405.836426
0.281047,0.060437,-1405.975952
0.281047,0.060437,-1406.034546
0.278161,0.057535,-1406.535034
0.278161,0.057535,-1406.998047
0.281464,0.055993,-1406.992188
0.281464,0.055993,-1407.377686
0.281737,0.05707,-1407.074219
0.283296,0.053122,-1407.839111
0.283296,0.053122,-1408.759033
0.283296,0.053122,-1408.365112
0.281737,0.055886,-1407.809814
0.281737,0.055886,-1407.881226
0.281737,0.055886,-1407.657959
0.281737,0.055886,-1407.337891
0.281737,0.055886,-1406.889893
0.281737,0.055886,-1406.950317
0.282455,0.058775,-1406.362061
0.281559,0.058412,-1406.440552
0.284114,0.056852,-1407.849365
0.284114,0.056852,-1407.448975
0.284437,0.05485,-1408.032104
0.282799,0.054108,-1407.229004
0.280312,0.053926,-1407.204102
0.277214,0.050682,-1408.671143
0.27601,0.051863,-1408.719604
0.274491,0.051554,-1409.321045
0.271038,0.052852,-1408.555054
0.267009,0.051147,-1409.500854
0.265332,0.054695,-1408.610596
0.265372,0.057363,-1406.669189
0.273228,0.05742,-1406.121094
0.273228,0.05742,-1407.159546
0.271257,0.05972,-1405.788208
0.269207,0.065905,-1405.197754
0.276348,0.065134,-1405.394043
0.270845,0.062833,-1405.956543
0.270845,0.062833,-1404.972168
0.271227,0.062805,-1405.357422
0.268746,0.063618,-1405.652344
0.266796,0.062734,-1406.225098
0.266796,0.062734,-1405.216797
0.27055,0.06483,-1404.884155
0.27558,0.070908,-1405.952637
0.271465,0.076901,-1404.827637
0.269007,0.077805,-1405.581055
0.265365,0.076465,-1405.639648
0.267791,0.075774,-1404.254761
0.267779,0.073295,-1405.008545
0.27177,0.072642,-1405.332031
0.278161,0.071633,-1404.850098
0.279707,0.070297,-1405.014893
0.279707,0.070297,-1404.647949
0.279707,0.070297,-1404.639038
0.280409,0.068678,-1404.219238
0.282339,0.073306,-1404.752686
0.283683,0.074008,-1405.525146
0.283683,0.074008,-1405.390381
0.283683,0.074008,-1405.151123
0.283683,0.074008,-1405.650513
0.284859,0.074644,-1405.30896
0.280368,0.072483,-1406.353271
0.279993,0.068845,-1405.295288
0.282114,0.068386,-1405.838867
0.282114,0.068386,-1405.231812
0.289366,0.06718,-1406.545288
0.286382,0.07089,-1404.715332
0.285117,0.070562,-1405.866211
0.288813,0.070234,-1406.391724
0.284366,0.064901,-1406.284912
0.284366,0.064901,-1405.34375
0.285278,0.063665,-1406.542725
0.291445,0.066405,-1405.842407
0.287069,0.063092,-1406.524292
0.284212,0.06877,-1405.641846
0.279242,0.066042,-1405.286133
0.279465,0.064179,-1404.975708
0.279443,0.065972,-1405.270752
0.277543,0.068943,-1404.628906
0.277543,0.068943,-1404.489868
0.278831,0.071322,-1404.925781
0.283511,0.070952,-1404.863281
0.283511,0.070952,-1404.973633
0.283511,0.070952,-1405.101807
0.282617,0.071063,-1405.961914
0.281203,0.071737,-1405.680908
0.284168,0.067971,-1405.799194
0.284168,0.067971,-1405.251953
0.290993,0.067666,-1406.829834
0.293981,0.064642,-1406.730957
0.293981,0.064642,-1406.790039
0.29382,0.062833,-1408.093994
0.29382,0.062833,-1407.11377
0.29382,0.062833,-1407.856567
0.29382,0.062833,-1407.273315
0.292001,0.062045,-1407.239014
0.29136,0.066956,-1406.920166
0.292841,0.070224,-1407.172852
0.292841,0.070224,-1406.815308
0.288263,0.069683,-1406.161621
0.288263,0.069683,-1406.767334
0.280469,0.072438,-1405.147949
0.282034,0.074289,-1405.943848
0.282034,0.074289,-1406.298096
0.284953,0.070767,-1405.671265
0.286678,0.068263,-1405.864014
0.286678,0.068263,-1405.395996
0.286532,0.063141,-1406.200073
0.287435,0.067333,-1406.074829
0.288512,0.066617,-1405.577393
0.288512,0.066617,-1406.205322
0.285961,0.067106,-1406.181396
0.285961,0.067106,-1405.43335
0.285961,0.067106,-1406.294067
0.288484,0.064381,-1407.101074
0.290781,0.060292,-1407.679443
0.294375,0.06055,-1407.562988
0.294375,0.06055,-1408.539795
0.291663,0.060327,-1407.814209
0.291663,0.060327,-1407.626587
0.292991,0.058892,-1407.921021
0.292991,0.058892,-1408.323853
0.292276,0.063197,-1407.333496
0.295277,0.062895,-1407.507812
0.295277,0.062895,-1407.924805
0.295071,0.059271,-1408.163574
0.295071,0.059271,-1408.104126
0.295366,0.0606,-1407.897583
0.295366,0.0606,-1408.075195
0.298002,0.061448,-1408.419189
0.290598,0.061062,-1407.82251
0.290598,0.061062,-1407.186523
0.293928,0.06053,-1407.60376
0.293928,0.06053,-1407.105713
0.295179,0.062656,-1408.130371
0.29446,0.063266,-1407.196655
0.294666,0.063239,-1407.174316
0.293622,0.065111,-1407.0625
0.292873,0.069434,-1407.176758
0.291912,0.071968,-1407.409302
0.291649,0.080539,-1408.462646
0.286119,0.084709,-1407.165283
0.286119,0.084709,-1407.448486
0.288065,0.08553,-1407.143311
0.289992,0.087178,-1409.760132
0.288278,0.089239,-1408.887207
0.288359,0.090816,-1409.060181
0.285214,0.092357,-1409.155029
0.287918,0.089568,-1408.54895
0.291515,0.093351,-1410.353882
0.291438,0.092004,-1410.263184
0.291132,0.092892,-1410.588501
0.286878,0.092415,-1409.641846
0.292234,0.090829,-1410.132324
0.292234,0.090829,-1410.443115
0.292234,0.090829,-1410.24585
0.292234,0.090829,-1410.089355
0.292234,0.090829,-1410.030029
0.292115,0.08876,-1408.86438
0.29624,0.085112,-1409.64856
0.294439,0.082062,-1406.834595
0.293802,0.078985,-1407.200806
0.294876,0.073464,-1407.661865
0.294698,0.073577,-1407.665894
0.294698,0.073577,-1407.225952
0.290018,0.072903,-1406.331299
0.290018,0.072903,-1406.507812
0.289788,0.069469,-1406.063477
0.293342,0.068664,-1406.126953
0.295961,0.06967,-1407.62085
0.298046,0.067222,-1407.769897
0.296112,0.066115,-1407.379761
0.29756,0.073171,-1408.332397
0.296165,0.071312,-1408.300781
0.296165,0.071312,-1406.803101
0.296165,0.071312,-1407.525879
0.292681,0.070667,-1406.910889
0.292681,0.070667,-1406.576904
0.292681,0.070667,-1406.551147
0.292681,0.070667,-1406.57959
0.291811,0.071775,-1407.051392
0.294486,0.072505,-1406.553345
0.288689,0.069687,-1406.817505
0.284076,0.063405,-1405.965332
0.287716,0.066993,-1406.990723
0.29224,0.067474,-1406.817749
0.290753,0.067604,-1405.742188
0.288174,0.062495,-1406.055908
0.288174,0.062495,-1407.17395
0.283925,0.060404,-1405.909424
0.283925,0.060404,-1405.827881
0.291425,0.057687,-1408.209473
0.285328,0.05705,-1408.158691
0.285328,0.05705,-1407.37207
0.281071,0.060503,-1406.339355
0.279658,0.055066,-1408.107056
0.275932,0.05516,-1407.82251
0.277344,0.055717,-1407.208496
0.277344,0.055717,-1407.2677
0.274637,0.054726,-1407.913452
0.274637,0.054726,-1407.256104
0.270882,0.055679,-1406.764038
0.270882,0.055679,-1406.088867
0.270882,0.055679,-1406.646606
0.270882,0.055679,-1407.615967
0.270689,0.057147,-1406.641235
0.26856,0.059477,-1405.842529
0.26856,0.059477,-1405.856934
0.267187,0.060756,-1406.128662
0.264198,0.059438,-1406.171509
0.264198,0.059438,-1407.100708
0.26419,0.057474,-1407.287598
0.26419,0.057474,-1407.142822
0.269761,0.059672,-1406.864502
0.264725,0.061598,-1405.749756
0.265905,0.063098,-1405.34729
0.26209,0.063715,-1405.377197
0.262584,0.068018,-1405.617065
0.266569,0.069276,-1405.43335
0.266569,0.069276,-1404.768311
0.266569,0.069276,-1404.229736
0.26493,0.063647,-1405.723755
0.261487,0.061665,-1406.465088
0.261487,0.061665,-1405.599121
0.25368,0.057172,-1408.567871
0.252632,0.057922,-1409.588623
0.245643,0.058222,-1411.159668
0.245549,0.062189,-1411.46875
0.24751,0.067715,-1410.192383
0.247742,0.068997,-1408.877563
0.243499,0.072903,-1410.374878
0.241373,0.072715,-1412.831299
0.248041,0.067915,-1410.091309
0.247905,0.067191,-1408.457031
0.2497,0.065847,-1409.432861
0.2497,0.065847,-1408.488281
0.253562,0.064744,-1407.905762
0.25458,0.061145,-1408.174805
0.25458,0.061145,-1407.616699
0.25106,0.060398,-1407.900391
0.251394,0.059633,-1409.157227
0.254888,0.063717,-1408.134033
0.254888,0.063717,-1408.192627
0.25665,0.063973,-1407.076172
0.25665,0.063973,-1407.070557
0.263077,0.063413,-1407.140015
0.256396,0.062147,-1407.250977
0.255007,0.060912,-1408.682251
0.255007,0.060912,-1407.088135
0.255007,0.060912,-1407.955078
0.259317,0.058468,-1407.515503
0.262617,0.064872,-1405.986084
0.264036,0.063286,-1406.535522
0.263664,0.059764,-1406.368652
0.26865,0.056789,-1406.699707
0.262454,0.061955,-1406.446533
0.262454,0.061955,-1406.420532
0.262454,0.061955,-1405.536377
0.262454,0.061955,-1405.759521
0.262454,0.061955,-1405.141357
0.262294,0.061803,-1407.570068
0.262294,0.061803,-1405.5896
0.262294,0.061803,-1406.84375
0.262294,0.061803,-1405.82959
0.260884,0.062401,-1405.790527
0.261609,0.064247,-1406.178467
0.262723,0.066264,-1406.466064
0.266297,0.064156,-1405.343384
0.266297,0.064156,-1405.657227
0.266297,0.064156,-1404.794922
0.266297,0.064156,-1405.268311
0.266297,0.064156,-1405.309082
0.266208,0.060546,-1407.126587
0.276362,0.06154,-1405.402344
0.276362,0.06154,-1405.947754
0.276362,0.06154,-1404.998535
0.276877,0.064349,-1405.667358
0.275672,0.069962,-1404.950684
0.277006,0.069153,-1405.749756
0.277006,0.069153,-1405.239258
0.275144,0.067449,-1405.315674
0.275144,0.067449,-1404.182373
0.275144,0.067449,-1404.082886
0.275144,0.067449,-1405.361816
0.273438,0.067984,-1405.5271
0.267028,0.070324,-1405.302612
0.269626,0.073281,-1404.870117
0.269002,0.074206,-1404.732666
0.269002,0.074206,-1405.229492
0.269901,0.076061,-1405.229614
0.269901,0.076061,-1403.71875
0.269901,0.076061,-1405.56665
0.271637,0.069108,-1405.377441
0.272613,0.067134,-1404.342651
0.267865,0.067418,-1404.688965
0.26387,0.068561,-1406.191406
0.265602,0.06845,-1404.793213
0.265607,0.062532,-1405.418701
0.262766,0.061593,-1406.763184
0.260971,0.064785,-1406.577637
0.258633,0.069566,-1406.298584
0.261844,0.070241,-1405.711304
0.261844,0.070241,-1406.064453
0.26464,0.068592,-1405.677368
0.264326,0.069008,-1405.571289
0.260117,0.070895,-1406.018188
0.260053,0.07404,-1405.817749
0.26094,0.076258,-1405.921631
0.26094,0.076258,-1405.86145
0.26094,0.076258,-1404.898682
0.262102,0.077232,-1406.702881
0.262102,0.077232,-1405.634033
0.262102,0.077232,-1405.108398
0.260496,0.076128,-1406.382568
0.26237,0.080906,-1406.948486
0.259619,0.081145,-1406.505127
0.266232,0.078729,-1404.932251
0.266111,0.076854,-1405.70874
0.267605,0.072505,-1405.376099
0.266703,0.072935,-1405.574951
0.268878,0.069095,-1405.170044
0.268878,0.069095,-1404.667969
0.2665,0.076956,-1405.125122
0.262565,0.079044,-1405.973511
0.265008,0.080488,-1405.418945
0.269407,0.080043,-1405.632568
0.269061,0.077213,-1405.108154
0.271433,0.079583,-1406.587769
0.274134,0.081404,-1405.782227
0.275203,0.078603,-1406.479492
0.275203,0.078603,-1405.14624
0.27844,0.075764,-1405.24585
0.280884,0.075585,-1405.743408
0.283851,0.078298,-1406.380859
0.284172,0.077912,-1405.636963
0.285551,0.07418,-1406.092285
0.289709,0.069222,-1405.862793
0.289824,0.071857,-1405.998779
0.289824,0.071857,-1406.300659
0.289824,0.071857,-1406.216431
0.283824,0.077031,-1405.979248
0.282592,0.072381,-1405.553467
0.279463,0.070449,-1405.714111
0.279463,0.070449,-1404.748047
0.282472,0.069876,-1405.780518
0.282472,0.069876,-1405.863159
0.280935,0.072157,-1405.044922
0.274806,0.073437,-1404.935547
0.272118,0.074087,-1405.098389
0.275057,0.073979,-1405.791016
0.276349,0.073677,-1404.984375
0.278052,0.076636,-1404.207275
0.278052,0.076636,-1406.063599
0.276493,0.078133,-1405.46936
0.276493,0.078133,-1405.266724
0.27269,0.077946,-1406.047729
0.27086,0.077143,-1405.105957
0.27086,0.077143,-1405.297729
0.276608,0.073349,-1405.114258
0.275705,0.069887,-1405.161499
0.27424,0.070669,-1404.812134
0.278387,0.071041,-1405.270752
0.279554,0.067762,-1405.604614
0.279554,0.067762,-1405.056519
0.279554,0.067762,-1405.085205
0.280966,0.066827,-1406.121582
0.279553,0.067248,-1405.647949
0.280109,0.066471,-1404.706787
0.279586,0.065759,-1405.822754
0.279586,0.065759,-1404.741943
0.278297,0.069217,-1404.825928
0.280458,0.073432,-1405.621826
0.278864,0.078925,-1405.887817
0.281545,0.079411,-1406.742065
0.274747,0.075493,-1405.83313
0.2767,0.073286,-1404.229004
0.273603,0.069882,-1405.12561
0.274803,0.071545,-1404.210938
0.274196,0.073879,-1404.73877
0.274196,0.073879,-1405.637573
0.272226,0.071902,-1404.852661
0.269443,0.0707,-1405.598267
0.269855,0.069508,-1405.126709
0.274957,0.070069,-1404.597778
0.274957,0.070069,-1404.556641
0.274957,0.070069,-1404.535156
0.270443,0.070851,-1405.137207
0.275409,0.069305,-1405.31665
0.275409,0.069305,-1404.636475
0.280791,0.066503,-1404.702515
0.282744,0.061748,-1406.55249
0.282744,0.061748,-1405.813721
0.283485,0.061059,-1406.758667
0.279052,0.062734,-1405.923096
0.279052,0.062734,-1405.396484
0.279052,0.062734,-1405.026123
0.279052,0.062734,-1406.36792
0.276629,0.062599,-1405.391602
0.27634,0.063159,-1406.077881
0.275084,0.061917,-1405.652832
0.273411,0.063355,-1405.488403
0.270634,0.064595,-1404.590088
0.270634,0.064595,-1405.487671
0.267008,0.067759,-1405.064697
0.270777,0.065816,-1405.30896
0.274045,0.071769,-1404.215698
0.275572,0.073123,-1404.863159
0.270487,0.069801,-1405.288574
0.270487,0.069801,-1404.230225
0.267174,0.067031,-1405.360718
0.266183,0.066915,-1405.636353
0.264666,0.067598,-1405.762207
0.266007,0.064405,-1405.026489
0.266176,0.066137,-1405.068604
0.266176,0.066137,-1404.56958
0.266176,0.066137,-1405.193115
0.264615,0.070158,-1405.398193
0.261278,0.067533,-1405.646973
0.25964,0.068543,-1406.160034
0.256018,0.074119,-1407.264404
0.253758,0.072533,-1407.331299
0.254374,0.076927,-1406.92334
0.255843,0.07931,-1407.387695
0.254892,0.075976,-1407.078979
0.255793,0.079529,-1406.648438
0.255793,0.079529,-1407.07251
0.254036,0.076315,-1407.343872
0.254036,0.076315,-1406.375
0.254931,0.074039,-1406.492676
0.254413,0.074697,-1406.963623
0.250228,0.076646,-1408.552002
0.252298,0.074721,-1407.175781
0.253796,0.074392,-1406.615967
0.254874,0.075529,-1407.522461
0.252905,0.075019,-1408.950073
0.252905,0.075019,-1406.929199
0.255516,0.074687,-1406.832031
0.25507,0.072288,-1407.011963
0.251824,0.066832,-1408.749023
0.247391,0.071981,-1409.069336
0.24474,0.074743,-1409.730713
0.242198,0.071539,-1409.785278
0.242198,0.071539,-1411.422119
0.246308,0.071652,-1411.228516
0.244837,0.071656,-1410.987427
0.244837,0.071656,-1410.912354
0.245655,0.070792,-1411.206055
0.250279,0.076246,-1407.871338
0.250279,0.076246,-1408.148682
0.250279,0.076246,-1408.95166
0.251521,0.073513,-1406.625977
0.250258,0.070169,-1409.248291
0.248724,0.0697,-1407.953369
0.248724,0.0697,-1408.719604
0.250134,0.071016,-1408.8396
0.250134,0.071016,-1408.413452
0.252551,0.074251,-1406.777222
0.255998,0.075754,-1406.537354
0.259445,0.076238,-1405.90918
0.260938,0.079833,-1406.463013
0.258727,0.073545,-1406.07251
0.252851,0.073941,-1407.244873
0.252851,0.073941,-1407.060303
0.25272,0.073906,-1408.196777
0.253566,0.074272,-1408.11792
0.255071,0.077753,-1406.99646
0.258175,0.075693,-1406.91333
0.255284,0.075194,-1406.173584
0.255284,0.075194,-1406.36792
0.257001,0.07038,-1407.184448
0.259211,0.072728,-1405.705566
0.259211,0.072728,-1405.451782
0.257482,0.0726,-1406.231323
0.260974,0.070035,-1405.553467
0.263527,0.072891,-1405.21228
0.264201,0.07049,-1405.250977
0.261,0.07027,-1405.571289
0.263046,0.07275,-1405.588379
0.268523,0.070515,-1405.041382
0.270507,0.068485,-1404.95105
0.268741,0.072037,-1405.19458
0.268596,0.074282,-1405.506104
0.27227,0.074773,-1405.32373
0.272455,0.074887,-1404.905029
0.27217,0.076076,-1404.421387
0.274085,0.077799,-1406.019409
0.274988,0.07692,-1404.844727
0.274988,0.07692,-1405.154419
0.275826,0.078443,-1405.147461
0.271123,0.074864,-1405.0
0.271112,0.076901,-1404.953735
0.275295,0.079354,-1405.187256
0.275295,0.079354,-1405.63623
0.277744,0.074381,-1405.196533
0.281216,0.072278,-1405.605225
0.279073,0.071616,-1405.101074
0.285581,0.068617,-1406.307007
0.287384,0.062425,-1406.439819
0.287384,0.062425,-1405.660156
0.287384,0.062425,-1405.817139
0.287384,0.062425,-1407.341919
0.281647,0.064168,-1405.210938
0.281773,0.062969,-1405.391602
0.285905,0.058182,-1407.662109
0.282997,0.057405,-1407.027832
0.287277,0.061928,-1406.749756
0.287277,0.061928,-1406.448486
0.287767,0.063105,-1406.948975
0.287767,0.063105,-1405.918823
0.287526,0.062018,-1406.802002
0.287526,0.062018,-1406.381104
0.289292,0.065965,-1406.521362
0.291831,0.062083,-1406.776489
0.291831,0.062083,-1406.450317
0.293333,0.061623,-1408.127563
0.294947,0.06615,-1407.721191
0.294947,0.06615,-1407.040283
0.294947,0.06615,-1406.716187
0.294583,0.057795,-1408.186523
0.292603,0.060083,-1408.015137
0.292378,0.061927,-1407.673218
0.289935,0.061255,-1407.894165
0.289935,0.061255,-1406.671875
0.289935,0.061255,-1406.845703
0.288834,0.061944,-1407.20166
0.291342,0.05738,-1407.806641
0.291342,0.05738,-1408.056396
0.287339,0.051463,-1410.35791
0.280284,0.051007,-1408.821533
0.275244,0.051649,-1408.641357
0.284323,0.051785,-1409.012695
0.282145,0.058901,-1405.72937
0.281606,0.058858,-1406.837402
0.276223,0.063001,-1405.099854
0.276223,0.063001,-1405.324707
0.27573,0.059167,-1406.082764
0.272032,0.061134,-1405.331787
0.273781,0.066486,-1405.560791
0.2705,0.067225,-1405.255127
0.272667,0.067967,-1404.320557
0.269367,0.073153,-1404.655884
0.26831,0.076404,-1405.297852
0.26831,0.076404,-1404.533203
0.26831,0.076404,-1404.663086
0.268663,0.072822,-1404.582275
0.269667,0.072302,-1403.738525
0.270043,0.068507,-1404.365723
0.266349,0.070729,-1404.326172
0.270428,0.074217,-1404.568848
0.272185,0.07716,-1405.059326
0.279316,0.075593,-1404.992676
0.279316,0.075593,-1405.227783
0.281858,0.077873,-1405.14917
0.283516,0.076466,-1406.107422
0.283516,0.076466,-1405.302368
0.283277,0.078364,-1405.073608
0.286782,0.078811,-1406.141357
0.28826,0.079027,-1407.38916
0.292324,0.08195,-1407.395752
0.291247,0.083405,-1408.158447
0.285615,0.081402,-1406.722412
0.278594,0.086567,-1407.285645
0.27683,0.083585,-1406.76416
0.277439,0.0835,-1405.95752
0.279891,0.082796,-1406.573486
0.283611,0.077967,-1405.529663
0.279016,0.075215,-1405.263916
0.275744,0.076535,-1405.421387
0.276792,0.080005,-1406.092773
0.282679,0.080265,-1406.390869
0.282452,0.07897,-1406.148682
0.274921,0.076758,-1405.052246
0.275932,0.082842,-1405.64502
0.274505,0.080839,-1406.3125
0.274505,0.080839,-1405.887939
0.277826,0.081587,-1406.129883
0.276433,0.081015,-1406.004761
0.278975,0.080904,-1405.442139
0.278975,0.080904,-1405.942627
0.278483,0.077656,-1405.548828
0.279844,0.077601,-1406.21521
0.272609,0.079346,-1404.924072
0.274107,0.077222,-1405.890991
0.27121,0.07977,-1406.242432
0.268909,0.079916,-1405.859497
0.268909,0.079916,-1405.788086
0.266486,0.078638,-1405.024414
0.263628,0.078788,-1406.279297
0.261971,0.083201,-1407.021118
0.267794,0.089436,-1406.9729
0.267971,0.092409,-1407.704224
0.274787,0.092962,-1409.205933
0.274787,0.092962,-1408.471313
0.276596,0.095523,-1407.762695
0.27461,0.097696,-1409.908203
0.277139,0.098648,-1410.388184
0.277685,0.095476,-1409.436279
0.279161,0.093965,-1409.472656
0.279161,0.093965,-1408.478516
0.279083,0.094231,-1408.047729
0.278366,0.093488,-1409.290161
0.275042,0.097874,-1410.092529
0.275042,0.097874,-1409.821045
0.273929,0.094846,-1408.897339
0.275497,0.099204,-1410.282227
0.275883,0.101265,-1411.154297
0.275883,0.101265,-1411.053711
0.275883,0.101265,-1411.244141
0.283517,0.097746,-1410.819336
0.275765,0.098681,-1410.291992
0.273075,0.099866,-1410.769287
0.272599,0.0993,-1410.446899
0.272599,0.0993,-1410.767334
0.276151,0.096105,-1410.267578
0.276151,0.096105,-1408.96875
0.275593,0.096582,-1408.847412
0.278969,0.098916,-1409.87207
0.278969,0.098916,-1410.709106
0.28206,0.094503,-1408.825195
0.28206,0.094503,-1409.281006
0.278281,0.093761,-1408.27002
0.278769,0.093232,-1408.477783
0.278769,0.093232,-1407.686035
0.27847,0.090868,-1408.091309
0.273579,0.090722,-1407.300293
0.277245,0.09042,-1407.580078
0.277245,0.09042,-1407.374634
0.275313,0.092415,-1408.435059
0.277546,0.089118,-1407.193726
0.274091,0.092342,-1407.364014
0.277355,0.095372,-1409.891846
0.279249,0.097971,-1408.355225
0.279249,0.097971,-1408.99353
0.27585,0.095574,-1409.640381
0.27585,0.095574,-1409.418457
0.27585,0.095574,-1409.620361
0.275966,0.088823,-1407.631226
0.275966,0.088823,-1407.247681
0.277135,0.091659,-1407.463867
0.275958,0.089353,-1407.53064
0.275958,0.089353,-1406.695068
0.266837,0.089549,-1407.09375
0.26084,0.091355,-1408.59375
0.26084,0.091355,-1408.304688
0.260543,0.091889,-1408.689453
0.257137,0.089026,-1409.224365
0.254032,0.086671,-1408.829834
0.250298,0.087057,-1409.943115
0.253063,0.092086,-1409.631714
0.253063,0.092086,-1410.612671
0.259148,0.096219,-1410.08374
0.265734,0.096637,-1409.425171
0.263792,0.096909,-1410.524902
0.263792,0.096909,-1410.92041
0.263792,0.096909,-1409.732666
0.263792,0.096909,-1409.33606
0.263792,0.096909,-1409.811279
0.266478,0.093966,-1408.931641
0.26786,0.090659,-1407.779053
0.267464,0.085044,-1405.886353
0.266778,0.083331,-1407.748779
0.266778,0.083331,-1406.581787
0.268097,0.083651,-1406.140991
0.270195,0.079041,-1405.705078
0.270794,0.076521,-1405.306641
0.271628,0.080512,-1405.688721
0.276878,0.080353,-1406.286621
0.276552,0.072824,-1404.918091
0.277452,0.071063,-1404.645752
0.280653,0.072671,-1406.203857
0.277905,0.072446,-1405.36377
0.277905,0.072446,-1404.81665
0.272298,0.07607,-1405.829224
0.273689,0.073449,-1405.213135
0.273271,0.071208,-1405.862305
0.273779,0.074087,-1404.279297
0.274043,0.074917,-1405.116211
0.279032,0.072306,-1404.99353
0.280736,0.069348,-1405.052368
0.281076,0.070173,-1404.827393
0.281076,0.070173,-1404.970459
0.281076,0.070173,-1404.825439
0.277713,0.073418,-1405.091309
0.277713,0.073418,-1404.629761
0.275371,0.072755,-1404.268188
0.275371,0.072755,-1404.019043
0.271131,0.075694,-1404.894409
0.277687,0.076393,-1405.92688
0.278028,0.077522,-1405.39917
0.274804,0.079732,-1405.508789
0.271581,0.076742,-1405.439453
0.272769,0.075973,-1404.692383
0.268042,0.077489,-1405.328613
0.268042,0.077489,-1405.291016
0.263,0.079562,-1406.302124
0.262858,0.076378,-1405.901123
0.261655,0.076341,-1405.980225
0.258249,0.080211,-1406.47998
0.261618,0.071009,-1406.345947
0.263438,0.066677,-1405.087891
0.263925,0.063519,-1406.295166
0.263312,0.061829,-1405.639282
0.263952,0.059535,-1407.063721
0.263952,0.059535,-1406.4729
0.263952,0.059535,-1406.010986
0.263191,0.059472,-1407.37793
0.261565,0.056253,-1407.032837
0.260634,0.054262,-1408.023438
0.259146,0.053753,-1408.87439
0.259146,0.053753,-1408.843018
0.259146,0.053753,-1408.931396
0.263574,0.052834,-1407.613892
0.263574,0.052834,-1408.493408
0.263574,0.052834,-1409.155518
0.263574,0.052834,-1409.485107
0.263643,0.055962,-1407.206055
0.266877,0.059743,-1406.330322
0.268787,0.059578,-1405.595581
0.268787,0.059578,-1406.178345
0.269786,0.061324,-1405.828735
0.269786,0.061324,-1405.440674
0.269786,0.061324,-1405.834717
0.275037,0.060668,-1405.280884
0.276472,0.064498,-1405.422852
0.274689,0.062798,-1405.841064
0.274689,0.062798,-1405.386841
0.274689,0.062798,-1405.796875
0.274689,0.062798,-1405.426758
0.279182,0.063074,-1405.744385
0.28175,0.063452,-1405.355225
0.275206,0.063465,-1405.486084
0.277961,0.063337,-1404.988281
0.27917,0.058948,-1405.935303
0.27212,0.055572,-1406.820435
0.266631,0.062122,-1405.41626
0.269212,0.060604,-1406.095337
0.265921,0.065799,-1405.265869
0.267594,0.067848,-1405.188721
0.272581,0.064136,-1404.734863
0.272581,0.064136,-1405.556885
0.273312,0.064526,-1406.07666
0.273312,0.064526,-1405.123657
0.273312,0.064526,-1405.650391
0.273312,0.064526,-1404.949463
0.270756,0.067792,-1404.929688
0.266347,0.071519,-1405.574463
0.267536,0.069685,-1405.826172
0.268948,0.071222,-1404.936157
0.269051,0.0656,-1404.674316
0.263676,0.062485,-1405.170166
0.263676,0.062485,-1406.52124
0.264049,0.060126,-1405.904175
0.259124,0.06452,-1406.208862
0.25917,0.066027,-1406.915771
0.257621,0.062913,-1406.034668
0.260904,0.060387,-1407.494629
0.26536,0.064026,-1405.923462
0.264551,0.060566,-1406.415161
0.267355,0.062294,-1405.767334
0.269586,0.057505,-1407.0
0.269586,0.057505,-1405.850708
0.275259,0.054726,-1407.664307
0.276373,0.05785,-1407.122681
0.28374,0.056646,-1407.233154
0.277128,0.057352,-1406.40686
0.277128,0.057352,-1406.259277
0.277128,0.057352,-1406.884033
0.276115,0.05646,-1407.682617
0.27559,0.055953,-1407.126831
0.275538,0.053611,-1407.603516
0.267901,0.057136,-1406.041016
0.267901,0.057136,-1406.74585
0.266209,0.060572,-1406.261475
0.26375,0.05951,-1406.807861
0.262778,0.063202,-1406.305176
0.264074,0.061427,-1405.74292
0.263398,0.063617,-1405.227539
0.261625,0.056751,-1407.286377
0.261126,0.057305,-1407.717651
0.260049,0.057646,-1408.744873
0.25718,0.054763,-1407.85083
0.258043,0.052941,-1410.093262
0.258043,0.052941,-1409.182129
0.261727,0.049858,-1409.240723
0.261727,0.049858,-1410.105103
0.261727,0.049858,-1409.973633
0.265203,0.052082,-1408.97522
0.258607,0.050323,-1410.070312
0.256154,0.050681,-1410.882568
0.256154,0.050681,-1411.044922
0.256154,0.050681,-1410.989868
0.26555,0.052557,-1409.20752
0.26555,0.052557,-1407.451294
0.272818,0.050066,-1408.871582
0.272818,0.050066,-1409.113892
0.272142,0.048176,-1410.312988
0.274033,0.046228,-1410.576416
0.277351,0.05069,-1408.95105
0.277351,0.05069,-1409.340088
0.277351,0.05069,-1409.365723
0.279502,0.048496,-1410.027222
0.280948,0.048845,-1410.447021
0.279781,0.047009,-1410.886963
0.278949,0.047614,-1410.366943
0.274229,0.052338,-1409.294922
0.269211,0.051959,-1408.294189
0.269435,0.049567,-1408.874634
0.266109,0.053544,-1408.752075
0.262848,0.053685,-1408.618286
0.267259,0.053272,-1408.881836
0.26713,0.055441,-1407.768066
0.269419,0.055682,-1407.755127
0.269419,0.055682,-1407.53418
0.270108,0.057498,-1406.876221
0.271984,0.058155,-1406.738281
0.271984,0.058155,-1405.82666
0.277233,0.057674,-1406.935791
0.278834,0.063622,-1405.598389
0.276203,0.064934,-1404.853516
0.279259,0.072949,-1405.468872
0.279259,0.072949,-1405.08667
0.283513,0.070371,-1405.902588
0.287634,0.077464,-1407.055176
0.286913,0.075491,-1406.837402
0.286913,0.075491,-1406.652588
0.286913,0.075491,-1406.752197
0.286857,0.072082,-1405.580566
0.286857,0.072082,-1405.145142
0.286193,0.075353,-1406.135376
0.287783,0.075847,-1404.809814
0.286856,0.072805,-1405.727295
0.287609,0.071499,-1406.392334
0.285323,0.07484,-1405.741211
0.284185,0.070286,-1405.694458
0.284731,0.068146,-1404.952393
0.280813,0.068736,-1405.519043
0.280813,0.068736,-1404.933228
0.282786,0.072272,-1405.212036
0.280791,0.071665,-1405.25708
0.280696,0.077072,-1405.460693
0.280696,0.077072,-1406.686768
0.282173,0.074851,-1406.615723
0.277306,0.075296,-1404.991943
0.28023,0.073589,-1405.99585
0.28021,0.071582,-1405.599854
0.278979,0.072046,-1405.859009
0.278979,0.072046,-1405.175049
0.277031,0.074944,-1404.50415
0.274375,0.076669,-1405.008301
0.276969,0.071194,-1405.1521
0.276969,0.071194,-1405.002441
0.276969,0.071194,-1404.217773
0.275705,0.070843,-1405.688477
0.277884,0.0703,-1404.715088
0.277884,0.0703,-1404.560059
0.277884,0.0703,-1403.151855
0.284008,0.069877,-1404.981201
0.284008,0.069877,-1406.0354
0.282458,0.070839,-1405.618164
0.282458,0.070839,-1405.300049
0.28542,0.075035,-1406.498901
0.290413,0.07682,-1406.828125
0.289776,0.073495,-1405.707886
0.289776,0.073495,-1406.257568
0.290894,0.069753,-1405.862305
0.290894,0.069753,-1405.40625
0.294672,0.071406,-1407.037598
0.294288,0.075511,-1407.332275
0.296594,0.0796,-1408.207153
0.296594,0.0796,-1408.151367
0.293803,0.076392,-1406.918457
0.293803,0.076392,-1407.612549
0.285364,0.07259,-1405.259766
0.285364,0.07259,-1405.787109
0.284198,0.073849,-1405.929321
0.281006,0.076184,-1406.232422
0.275019,0.07484,-1405.891357
0.273321,0.073992,-1404.27417
0.270886,0.077978,-1405.594727
0.270886,0.077978,-1405.434082
0.270886,0.077978,-1405.270508
0.266288,0.075615,-1404.92749
0.262497,0.074484,-1404.664673
0.271133,0.071172,-1405.149902
0.267442,0.072664,-1405.243896
0.262657,0.073317,-1406.311035
0.259771,0.073068,-1405.614502
0.259771,0.073068,-1405.962158
0.261252,0.074938,-1406.436157
0.263818,0.074293,-1404.502808
0.263328,0.078145,-1406.052002
0.263328,0.078145,-1405.45459
0.263328,0.078145,-1405.148193
0.265195,0.077852,-1404.725586
0.267325,0.079801,-1405.442139
0.263078,0.078754,-1406.045532
0.263078,0.078754,-1405.987915
0.263078,0.078754,-1406.096924
0.265506,0.078316,-1405.483154
0.271433,0.081856,-1407.001587
0.271433,0.081856,-1405.292603
0.271433,0.081856,-1404.994385
0.276082,0.080811,-1405.500244
0.27849,0.08062,-1405.568115
0.27849,0.08062,-1406.001465
0.281437,0.076546,-1405.606689
0.284421,0.079085,-1405.90686
0.281557,0.077651,-1406.217163
0.277418,0.075652,-1405.918213
0.278149,0.073616,-1405.053711
0.273619,0.075723,-1404.610352
0.273619,0.075723,-1405.465576
0.276466,0.081318,-1405.748047
0.275962,0.081321,-1406.010376
0.272427,0.08146,-1405.95459
0.270333,0.077908,-1405.378296
0.271495,0.078362,-1405.336548
0.271495,0.078362,-1405.418213
0.271495,0.078362,-1404.453003
0.271458,0.080754,-1405.870361
0.274177,0.081509,-1405.967163
0.272078,0.083603,-1405.722412
0.269462,0.076947,-1405.851562
0.261874,0.074608,-1405.677979
0.265829,0.069229,-1405.017456
0.265829,0.069229,-1405.035522
0.265829,0.069229,-1405.094727
0.262026,0.069745,-1405.904297
0.256355,0.07312,-1406.537109
0.256826,0.07294,-1405.507446
0.257301,0.071777,-1406.523315
0.253411,0.068875,-1406.638672
0.255549,0.068035,-1406.654053
0.255549,0.068035,-1407.033447
0.258101,0.069703,-1405.785156
0.258358,0.072646,-1406.21106
0.257257,0.076432,-1406.712402
0.257257,0.076432,-1406.323242
0.262629,0.074336,-1405.755127
0.261441,0.077975,-1404.95752
0.261441,0.077975,-1404.670898
0.260467,0.078136,-1406.682373
0.263805,0.079315,-1405.468506
0.266811,0.072971,-1405.092896
0.266811,0.072971,-1405.421143
0.259992,0.073563,-1406.147705
0.255937,0.07453,-1406.897095
0.259747,0.075062,-1407.519775
0.26603,0.071421,-1405.409058
0.2629,0.06981,-1406.058838
0.262176,0.07089,-1405.559692
0.262417,0.073284,-1405.907471
0.262417,0.073284,-1405.326172
0.260011,0.072521,-1405.815186
0.264259,0.075859,-1405.332031
0.264259,0.075859,-1405.060547
0.270053,0.079609,-1406.118652
0.272462,0.079628,-1405.619873
0.272462,0.079628,-1404.919434
0.272462,0.079628,-1405.139526
0.270057,0.081272,-1405.614258
0.268865,0.080926,-1406.239014
0.26818,0.07942,-1406.145508
0.26818,0.07942,-1405.074585
0.273309,0.079555,-1405.339966
0.28002,0.078018,-1405.114746
0.278313,0.081708,-1405.17627
0.278313,0.081708,-1406.637329
0.278313,0.081708,-1405.178955
0.282032,0.082022,-1406.191895
0.279438,0.081261,-1406.0896
0.279438,0.081261,-1406.917236
0.27178,0.078976,-1405.781616
0.273075,0.077831,-1406.258179
0.270209,0.078542,-1405.804321
0.274757,0.081071,-1405.665771
0.276329,0.082431,-1406.177246
0.276329,0.082431,-1406.026733
0.284547,0.086332,-1406.968994
0.284547,0.086332,-1407.489746
0.284547,0.086332,-1406.596558
0.287574,0.085116,-1407.699585
0.285233,0.085241,-1407.236328
0.28618,0.086905,-1408.100464
0.277353,0.090306,-1406.992065
0.276546,0.094329,-1409.76709
0.275942,0.09709,-1408.649658
0.279806,0.095045,-1409.66687
0.277451,0.088682,-1407.409668
0.276554,0.087836,-1407.967407
0.270512,0.08963,-1406.906616
0.266799,0.09376,-1408.942139
0.266799,0.09376,-1408.094482
0.271099,0.090448,-1407.436646
0.268371,0.092429,-1407.507812
0.274691,0.088448,-1406.967285
0.275609,0.087813,-1407.350342
0.274136,0.090023,-1407.384766
0.273492,0.086462,-1406.015747
0.277362,0.086205,-1406.497437
0.27871,0.086105,-1407.344971
0.275403,0.083322,-1405.81958
0.281737,0.079411,-1406.003906
0.284442,0.082386,-1406.787109
0.284442,0.082386,-1405.085693
0.284442,0.082386,-1407.515381
0.283138,0.083804,-1406.692017
0.283138,0.083804,-1406.838257
0.281524,0.084753,-1406.65332
0.279339,0.087425,-1407.383545
0.271128,0.081514,-1406.165771
0.267761,0.082775,-1406.252075
0.267633,0.088148,-1406.748047
0.264595,0.090182,-1408.173096
0.265321,0.090794,-1408.405151
0.263916,0.08996,-1407.969727
0.263916,0.08996,-1408.09314
0.261824,0.089383,-1407.835205
0.268877,0.088749,-1407.309814
0.269359,0.085423,-1406.285889
0.269359,0.085423,-1406.923584
0.26283,0.085555,-1406.233887
0.264766,0.086698,-1407.508057
0.264766,0.086698,-1407.246948
0.266811,0.084085,-1407.212158
0.26576,0.084299,-1406.650391
0.26576,0.084299,-1406.101074
0.266744,0.084889,-1405.404419
0.266744,0.084889,-1405.737061
0.266435,0.084374,-1405.648438
0.266435,0.084374,-1406.466675
0.261057,0.085698,-1406.498901
0.257412,0.083412,-1406.976562
0.265222,0.078673,-1405.98645
0.266167,0.077932,-1405.223145
0.265443,0.080654,-1405.427246
0.265394,0.077747,-1405.262695
0.265394,0.077747,-1405.224731
0.267943,0.077531,-1404.986328
0.267943,0.077531,-1404.658447
0.264066,0.081056,-1405.930176
0.272506,0.079803,-1405.475098
0.273142,0.072577,-1405.096436
0.271379,0.07031,-1404.796387
0.266869,0.070734,-1405.22583
0.273272,0.071231,-1404.54126
0.268634,0.072141,-1405.949951
0.266514,0.074348,-1405.736572
0.270299,0.073936,-1404.714844
0.270299,0.073936,-1404.61084
0.27488,0.072457,-1405.248779
0.273505,0.080788,-1405.292969
0.27617,0.077024,-1405.353271
0.273871,0.075119,-1405.495361
0.27712,0.072517,-1405.281494
0.277603,0.07467,-1405.517334
0.277603,0.07467,-1404.599609
0.276707,0.072297,-1404.719727
0.27331,0.068166,-1404.529785
0.267734,0.065672,-1405.108887
0.264723,0.062766,-1404.914795
0.264723,0.062766,-1406.45874
0.265268,0.065146,-1405.798096
0.26187,0.066312,-1406.502197
0.264951,0.060798,-1405.879639
0.269158,0.060884,-1406.286743
0.271808,0.062823,-1406.071045
0.271808,0.062823,-1405.281006
0.266807,0.061328,-1406.077393
0.267727,0.061466,-1405.78125
0.268745,0.059109,-1407.100586
0.267742,0.059576,-1406.774658
0.272132,0.060965,-1406.901123
0.275983,0.061546,-1406.011719
0.272075,0.064074,-1406.230591
0.273328,0.065064,-1405.611206
0.272178,0.065375,-1404.75708
0.273073,0.068313,-1405.471191
0.273922,0.065773,-1403.999146
0.270242,0.062345,-1405.350952
0.273702,0.06209,-1406.207031
0.280326,0.066666,-1405.57251
0.278139,0.066486,-1405.495728
0.277287,0.063897,-1406.185425
0.277287,0.063897,-1404.682861
0.277287,0.063897,-1405.170532
0.277287,0.063897,-1404.734863
0.275761,0.061206,-1405.543457
0.275761,0.061206,-1405.100586
0.275761,0.061206,-1405.159424
0.280255,0.059097,-1406.546265
0.279094,0.059445,-1407.326294
0.279128,0.058427,-1406.547241
0.27969,0.055567,-1407.426514
0.275472,0.053395,-1407.462036
0.278779,0.054511,-1408.181396
0.28118,0.056743,-1407.218262
0.279857,0.054474,-1406.930786
0.279857,0.054474,-1408.299683
0.273981,0.053839,-1407.756348
0.273981,0.053839,-1407.46228
0.283584,0.05639,-1407.281494
0.287098,0.055675,-1408.555542
0.289386,0.055455,-1409.026123
0.28832,0.060044,-1406.621338
0.287102,0.066324,-1405.52417
0.287102,0.066324,-1406.292358
0.289346,0.065913,-1405.878906
0.289346,0.065913,-1406.172852
0.289346,0.065913,-1407.232178
0.282531,0.059578,-1406.714355
0.280151,0.060781,-1406.429199
0.280151,0.060781,-1405.501709
0.280989,0.060807,-1406.770142
0.281946,0.062193,-1405.749756
0.286953,0.062819,-1406.190674
0.286953,0.062819,-1405.751221
0.286953,0.062819,-1405.730713
0.286953,0.062819,-1407.016113
0.286953,0.062819,-1406.435547
0.286953,0.062819,-1405.977173
0.27953,0.06223,-1406.718994
0.273867,0.06996,-1404.570801
0.273211,0.069854,-1404.689575
0.274822,0.071642,-1404.856079
0.283965,0.076302,-1405.486938
0.283481,0.076896,-1406.533813
0.28019,0.076741,-1406.521484
0.279988,0.077125,-1405.999512
0.277713,0.07998,-1405.889282
0.278872,0.075394,-1405.218018
0.271789,0.07042,-1405.03894
0.271789,0.07042,-1404.442871
0.271789,0.07042,-1404.82605
0.272759,0.067279,-1404.957764
0.272759,0.067279,-1404.339111
0.27666,0.066922,-1405.422607
0.280233,0.068329,-1405.38623
0.278061,0.072691,-1405.211792
0.278061,0.072691,-1404.676636
0.271904,0.068688,-1404.955811
0.275138,0.065842,-1405.115356
0.276458,0.064174,-1405.160156
0.276083,0.067429,-1404.634277
0.27873,0.066272,-1405.454956
0.27873,0.066272,-1404.715088
0.278022,0.069711,-1405.501953
0.274239,0.070833,-1405.887939
0.28054,0.072478,-1406.048096
0.280492,0.070094,-1405.401733
0.278709,0.073362,-1405.303467
0.275905,0.071322,-1404.248291
0.278512,0.069503,-1405.679688
0.282146,0.066393,-1405.345215
0.282046,0.064164,-1405.61145
0.284032,0.064653,-1405.955078
0.277869,0.065156,-1405.110107
0.280162,0.066866,-1405.889648
0.277632,0.067757,-1405.765137
0.283977,0.065178,-1405.448242
0.282879,0.061943,-1406.385864
0.282557,0.056519,-1407.15918
0.28168,0.06111,-1405.953613
0.280227,0.059006,-1406.668945
0.28469,0.058668,-1405.526489
0.291788,0.064069,-1406.909424
0.293927,0.068887,-1407.132324
0.295701,0.076256,-1407.589722
0.295701,0.076256,-1408.20752
0.299849,0.072522,-1408.154907
0.29871,0.072889,-1408.052979
0.29871,0.072889,-1408.320435
0.295603,0.072725,-1408.033569
0.295603,0.072725,-1406.82251
0.294978,0.074526,-1408.037109
0.291571,0.076445,-1408.080811
0.291571,0.076445,-1406.123291
0.289061,0.08421,-1407.484619
0.289061,0.08421,-1407.475342
0.289061,0.08421,-1407.257324
0.289061,0.08421,-1408.224365
0.287226,0.080154,-1406.571533
0.288142,0.078677,-1406.730469
0.289527,0.074045,-1406.973877
0.289192,0.075788,-1405.75293
0.288771,0.080407,-1407.126953
0.285445,0.080788,-1406.098511
0.284889,0.078188,-1406.708252
0.285121,0.075232,-1405.001953
0.287106,0.071394,-1406.065918
0.288058,0.070904,-1405.878662
0.288058,0.070904,-1405.821167
0.285534,0.074976,-1405.99353
0.285534,0.074976,-1406.506714
0.285363,0.073558,-1406.654541
0.291291,0.068276,-1406.407471
0.287518,0.072301,-1405.828613
0.280426,0.069268,-1406.260742
0.280426,0.069268,-1404.908936
0.280426,0.069268,-1405.460449
0.287332,0.068645,-1405.679077
0.287332,0.068645,-1406.16626
0.287332,0.068645,-1406.615723
0.280846,0.072064,-1405.796875
0.28088,0.069683,-1405.050415
0.282309,0.070281,-1406.252441
0.275096,0.069557,-1405.373291
0.275096,0.069557,-1404.138184
0.274532,0.065837,-1404.729858
0.271383,0.068494,-1404.537109
0.271383,0.068494,-1404.553589
0.271383,0.068494,-1404.436768
0.267814,0.067886,-1405.258423
0.262193,0.066191,-1406.081299
0.259181,0.064352,-1406.643311
0.259181,0.064352,-1405.90918
0.256774,0.065286,-1407.19873
0.253525,0.065376,-1407.27002
0.253247,0.062569,-1408.416016
0.251949,0.059288,-1408.071289
0.252253,0.056806,-1409.563843
0.251926,0.058727,-1409.840576
0.251926,0.058727,-1408.851929
0.251926,0.058727,-1408.313721
0.251926,0.058727,-1409.002441
0.247065,0.058791,-1411.722656
0.246162,0.059743,-1411.052246
0.24604,0.061429,-1411.277588
0.24604,0.061429,-1410.351562
0.249081,0.066639,-1410.134155
0.249081,0.066639,-1408.5979
0.249418,0.072555,-1408.919189
0.251896,0.072325,-1407.434814
0.251896,0.072325,-1407.023438
0.251896,0.072325,-1407.295898
0.25863,0.078769,-1407.510376
0.25863,0.078769,-1406.188232
0.259235,0.078346,-1406.458008
0.259102,0.073041,-1406.215088
0.255349,0.071448,-1406.563843
0.258508,0.07216,-1405.319458
0.260854,0.069926,-1405.692871
0.264567,0.061944,-1406.463013
0.265356,0.064692,-1405.119263
0.265154,0.061431,-1405.703491
0.26557,0.059741,-1406.23999
0.267598,0.062562,-1406.074707
0.269109,0.065215,-1404.636963
0.274845,0.066443,-1404.397949
0.274845,0.066443,-1404.864014
0.269212,0.062721,-1405.950073
0.267096,0.062114,-1405.153076
0.265827,0.066281,-1404.458252
0.265827,0.066281,-1404.797607
0.268675,0.065865,-1404.060181
0.269762,0.063578,-1405.803589
0.267025,0.063314,-1405.348877
0.265675,0.070934,-1405.099365
0.265675,0.070934,-1405.045654
0.259904,0.06884,-1406.646729
0.259343,0.074977,-1405.428223
0.261624,0.078843,-1405.659912
0.261624,0.078843,-1405.744385
0.260936,0.076462,-1406.721558
0.260936,0.076462,-1405.778442
0.260936,0.076462,-1404.956299
0.255872,0.077837,-1407.099121
0.255872,0.077837,-1406.306641
0.25786,0.076371,-1406.373169
0.258761,0.077927,-1407.108276
0.259683,0.077452,-1406.041504
0.259683,0.077452,-1405.681396
0.259524,0.075118,-1406.213623
0.259524,0.075118,-1405.905396
0.25757,0.074076,-1407.579346
0.25757,0.074076,-1406.650146
0.259727,0.074445,-1406.456055
0.258993,0.071392,-1406.575317
0.258993,0.071392,-1405.783081
0.257284,0.072651,-1406.879395
0.256764,0.073427,-1406.070068
0.261787,0.069099,-1406.277832
0.261787,0.069099,-1405.271484
0.261787,0.069099,-1405.427246
0.261787,0.069099,-1405.476318
0.258538,0.068326,-1406.820923
0.260594,0.067812,-1405.939697
0.266252,0.067771,-1404.956909
0.266252,0.067771,-1405.441772
0.266252,0.067771,-1405.261475
0.267523,0.066219,-1405.895996
0.266568,0.06294,-1405.947632
0.266606,0.062811,-1405.664551
0.266606,0.062811,-1405.149414
0.26606,0.060962,-1405.96521
0.26606,0.060962,-1406.321167
0.26812,0.062273,-1405.503174
0.265726,0.067255,-1403.674561
0.266751,0.064777,-1404.994263
0.269763,0.059155,-1405.431763
0.276127,0.061662,-1406.019775
0.277862,0.061828,-1405.733398
0.276973,0.062427,-1405.440552
0.276632,0.068015,-1404.163818
0.276632,0.068015,-1404.914062
0.280014,0.075702,-1405.713501
0.275883,0.077433,-1405.056641
0.275136,0.071788,-1405.161011
0.275136,0.071788,-1404.213623
0.284345,0.068062,-1405.650757
0.286692,0.069014,-1406.273193
0.287479,0.067262,-1406.757324
0.292034,0.065695,-1406.685181
0.28469,0.065401,-1405.991211
0.278365,0.065468,-1404.7323
0.279175,0.065222,-1405.311768
0.281637,0.073005,-1404.604126
0.281637,0.073005,-1405.672974
0.281637,0.073005,-1405.845215
0.281637,0.073005,-1405.644287
0.288962,0.070042,-1406.333008
0.286265,0.071817,-1405.506104
0.291873,0.07424,-1406.044922
0.291849,0.075627,-1407.048462
0.292315,0.078337,-1407.599365
0.292315,0.078337,-1406.837036
0.295584,0.071142,-1407.712891
0.293858,0.069078,-1407.530273
0.293858,0.069078,-1406.865845
0.294926,0.069193,-1407.819702
0.294926,0.069193,-1407.637451
0.294926,0.069193,-1407.279053
0.299307,0.064581,-1408.392456
0.296982,0.070375,-1406.862915
0.297089,0.065794,-1408.043701
0.292261,0.064664,-1406.628174
0.286642,0.065256,-1406.671387
0.286642,0.065256,-1406.065918
0.284377,0.060401,-1406.04541
0.284377,0.060401,-1405.765991
0.281751,0.06388,-1405.666382
0.281751,0.06388,-1405.762939
0.277494,0.067661,-1405.380127
0.279602,0.066597,-1404.963867
0.276834,0.068459,-1405.695068
0.277237,0.068955,-1405.073853
0.277567,0.072404,-1405.382324
0.274839,0.077178,-1405.359619
0.280258,0.075927,-1405.277588
0.283358,0.073319,-1406.186768
0.276576,0.070607,-1405.508545
0.27855,0.073619,-1405.426758
0.281495,0.077341,-1404.633545
0.276947,0.075153,-1405.244019
0.276947,0.075153,-1406.065674
0.276283,0.078516,-1404.696777
0.27483,0.076059,-1404.631592
0.27483,0.076059,-1405.273438
0.275138,0.073497,-1405.023804
0.274454,0.073233,-1404.721436
0.265555,0.078822,-1405.070923
0.270346,0.078406,-1405.582886
0.271154,0.072299,-1405.87085
0.266864,0.077221,-1404.996216
0.263326,0.075212,-1405.900757
0.267415,0.070874,-1404.590576
0.271212,0.072253,-1406.075684
0.268473,0.071075,-1405.266479
0.271067,0.069692,-1404.62207
0.265833,0.07258,-1404.968262
0.265833,0.07258,-1405.469116
0.267205,0.071805,-1404.659668
0.267205,0.071805,-1405.628418
0.263475,0.07728,-1405.640747
0.266101,0.07665,-1405.478027
0.267317,0.078617,-1404.890137
0.265493,0.07759,-1405.263306
0.265493,0.07759,-1404.86377
0.265614,0.068877,-1405.092041
0.264352,0.06985,-1406.108887
0.264352,0.06985,-1405.54541
0.268298,0.069878,-1405.564209
0.267391,0.070747,-1404.981934
0.270528,0.07067,-1405.777222
0.274507,0.068912,-1405.262695
0.274421,0.06948,-1405.280518
0.270592,0.065839,-1405.60083
0.273426,0.067399,-1405.032715
0.271131,0.066492,-1405.0
0.269692,0.071998,-1404.868408
0.269692,0.071998,-1404.081055
0.266143,0.075137,-1405.774902
0.269482,0.076779,-1404.537964
0.271783,0.076171,-1405.483521
0.276397,0.074813,-1404.995972
0.276397,0.074813,-1405.085693
0.272016,0.073615,-1404.893555
0.272016,0.073615,-1403.479492
0.268259,0.069389,-1404.508789
0.272159,0.066814,-1405.282593
0.274111,0.06618,-1405.386719
0.269119,0.063532,-1405.113159
0.269119,0.063532,-1404.845093
0.269119,0.063532,-1405.468628
0.270662,0.065302,-1405.12085
0.267236,0.063249,-1406.102783
0.26514,0.066179,-1405.781494
0.264629,0.066229,-1404.835938
0.264629,0.066229,-1406.36377
0.267024,0.064649,-1406.259521
0.267024,0.064649,-1405.019409
0.267024,0.064649,-1406.348389
0.267213,0.065368,-1405.00061
0.26184,0.06894,-1405.879639
0.268992,0.069468,-1405.168701
0.268992,0.069468,-1404.449463
0.272079,0.067139,-1404.587646
0.272079,0.067139,-1404.735352
0.272079,0.067139,-1405.063232
0.272079,0.067139,-1404.522583
0.273456,0.065636,-1406.161255
0.276164,0.066425,-1403.501953
0.276164,0.066425,-1404.790771
0.276164,0.066425,-1404.698242
0.271396,0.064114,-1405.260742
0.271396,0.064114,-1404.813232
0.273724,0.058829,-1406.047363
0.269628,0.062312,-1405.651123
0.267735,0.061026,-1406.457153
0.264448,0.063121,-1406.520996
0.259243,0.063365,-1406.879639
0.264041,0.06794,-1404.813232
0.262952,0.070752,-1404.972168
0.274418,0.074674,-1404.431152
0.277497,0.073393,-1404.370361
0.281188,0.074834,-1405.971924
0.283888,0.072457,-1404.709839
0.282712,0.071489,-1404.87915
0.282712,0.071489,-1405.614624
0.282712,0.071489,-1405.065918
0.286344,0.07166,-1404.894531
0.289111,0.072456,-1406.697144
0.292741,0.068393,-1407.140381
0.28965,0.069327,-1406.104736
0.289096,0.073196,-1406.335327
0.29404,0.071916,-1407.070679
0.29772,0.070793,-1408.261719
0.296522,0.071263,-1407.808105
0.292701,0.071222,-1407.422363
0.284844,0.073681,-1406.041138
0.280643,0.073399,-1405.263672
0.289113,0.07232,-1406.266113
0.284523,0.072266,-1405.793213
0.28577,0.072866,-1406.607178
0.283195,0.068192,-1405.612793
0.285442,0.071795,-1405.425293
0.287533,0.068205,-1405.31958
0.285681,0.068975,-1406.046143
0.285681,0.068975,-1405.045776
0.287552,0.073347,-1406.179443
0.287664,0.071942,-1405.535767
0.287134,0.074153,-1405.364868
0.285743,0.071665,-1405.234375
0.286112,0.070657,-1405.469238
0.286112,0.070657,-1405.728271
0.285915,0.072009,-1406.396484
0.28968,0.07322,-1406.077148
0.286934,0.068901,-1406.347534
0.284272,0.073555,-1405.052368
0.284606,0.071045,-1405.84375
0.284931,0.072142,-1405.849121
0.279553,0.077574,-1405.162598
0.282024,0.074805,-1405.047241
0.280955,0.069426,-1405.301636
0.277454,0.063798,-1405.539307
0.277454,0.063798,-1406.079956
0.274421,0.067951,-1405.664551
0.273403,0.067144,-1404.394043
0.274404,0.065943,-1405.433838
0.274404,0.065943,-1405.783569
0.267207,0.064901,-1405.236572
0.267158,0.062695,-1404.897705
0.266368,0.06338,-1405.394287
0.266368,0.06338,-1404.858032
0.266368,0.06338,-1404.798096
0.266368,0.06338,-1405.141846
0.263228,0.05526,-1408.295532
0.263228,0.05526,-1407.660889
0.258985,0.057942,-1408.161133
0.260119,0.05778,-1406.852661
0.25583,0.057259,-1408.148438
0.255651,0.060037,-1407.269165
0.255651,0.060037,-1407.901855
0.258948,0.062764,-1407.215332
0.256662,0.063409,-1407.438965
0.256662,0.063409,-1407.712646
0.257896,0.061034,-1406.826904
0.257896,0.061034,-1406.849365
0.252201,0.06163,-1408.365234
0.254854,0.057319,-1409.349121
0.260847,0.059545,-1407.613892
0.260847,0.059545,-1405.685425
0.260891,0.065737,-1405.973145
0.262997,0.066091,-1405.830078
0.267145,0.068107,-1405.06665
0.267145,0.068107,-1404.655762
0.271353,0.067073,-1404.928955
0.272081,0.067589,-1405.087646
0.274285,0.06635,-1405.585449
0.275712,0.072242,-1405.503906
0.278463,0.069943,-1405.309814
0.283457,0.069844,-1405.387451
0.280173,0.065854,-1404.430542
0.280173,0.065854,-1404.489014
0.275095,0.065006,-1405.564087
0.27022,0.059792,-1406.29541
0.274445,0.060345,-1404.936279
0.277953,0.062288,-1405.470459
0.279895,0.065089,-1405.09314
0.282604,0.064641,-1405.790649
0.284168,0.063164,-1405.675781
0.284168,0.063164,-1405.531738
0.284168,0.063164,-1405.590454
0.287816,0.061158,-1406.815918
0.288023,0.058928,-1407.130371
0.281602,0.056909,-1407.790283
0.279821,0.059025,-1406.427246
0.279821,0.059025,-1406.487671
0.279821,0.059025,-1406.632568
0.277319,0.060033,-1405.34021
0.277299,0.061439,-1406.149658
0.279802,0.059119,-1406.667725
0.279185,0.055997,-1407.436523
0.279185,0.055997,-1407.663818
0.279347,0.058399,-1406.824951
0.279079,0.068503,-1404.515259
0.279289,0.070339,-1404.864502
0.285539,0.069857,-1404.823242
0.288021,0.069919,-1406.482666
0.29217,0.074832,-1406.783813
0.293539,0.067541,-1407.796387
0.293539,0.067541,-1407.582275
0.292325,0.070386,-1406.943115
0.290005,0.070705,-1405.763184
0.281585,0.072189,-1405.058105
0.283568,0.070097,-1405.543457
0.283568,0.070097,-1405.250977
0.281118,0.06747,-1405.222412
0.281118,0.06747,-1405.571777
0.281118,0.06747,-1404.338867
0.283633,0.068328,-1405.52002
0.287685,0.068404,-1405.86499
0.286338,0.067443,-1405.722656
0.284465,0.072248,-1406.120117
0.284465,0.072248,-1405.510254
0.284458,0.073524,-1407.028198
0.279329,0.076654,-1405.744995
0.279329,0.076654,-1404.639648
0.279146,0.074081,-1405.615234
0.282933,0.075204,-1405.297363
0.28326,0.076354,-1405.940063
0.288383,0.075793,-1406.501587
0.288383,0.075793,-1406.396484
0.29479,0.075494,-1407.077515
0.297806,0.074352,-1407.398438
0.297806,0.074352,-1407.293701
0.294058,0.067349,-1407.548828
0.29652,0.06943,-1408.035156
0.296734,0.068682,-1407.167236
0.296734,0.068682,-1407.346069
0.300433,0.066739,-1409.145508
0.299556,0.0688,-1408.032715
0.299556,0.0688,-1407.598389
0.302659,0.067013,-1408.680664
0.302659,0.067013,-1409.334717
0.302659,0.067013,-1407.716187
0.299922,0.064954,-1407.998657
0.304927,0.071498,-1409.267578
0.30235,0.071754,-1409.131958
0.302831,0.070613,-1408.597656
0.299398,0.069036,-1407.705688
0.302748,0.066368,-1408.154785
0.302748,0.066368,-1408.804443
0.301921,0.064607,-1408.783203
0.304863,0.065117,-1410.784546
0.304863,0.065117,-1409.348022
0.300681,0.059317,-1409.203369
0.297388,0.056718,-1409.840576
0.295028,0.056169,-1408.844971
0.292723,0.058416,-1408.342651
0.292723,0.058416,-1408.568604
0.29264,0.057265,-1408.183105
0.29264,0.057265,-1408.42041
0.292486,0.054735,-1409.458984
0.292351,0.060463,-1406.906006
0.292351,0.060463,-1407.98877
0.292567,0.063648,-1406.823975
0.292567,0.063648,-1407.325195
0.291131,0.064112,-1407.076172
0.291131,0.064112,-1407.114502
0.291131,0.064112,-1407.605957
0.289471,0.064572,-1406.981812
0.289471,0.064572,-1406.746094
0.293091,0.065012,-1406.98999
0.293091,0.065012,-1407.066406
0.294307,0.06697,-1407.103882
0.290945,0.0673,-1406.296875
0.292709,0.068728,-1405.556152
0.290448,0.070756,-1405.820312
0.292502,0.070974,-1406.278564
0.293821,0.070329,-1406.818359
0.289524,0.078002,-1407.464355
0.286244,0.078449,-1406.477539
0.287751,0.081352,-1406.541748
0.286952,0.085763,-1407.970459
0.287737,0.087173,-1408.040527
0.281171,0.081817,-1406.573486
0.283256,0.081505,-1406.743652
0.286189,0.076552,-1406.260254
0.286189,0.076552,-1405.269287
0.284435,0.070275,-1405.901245
0.287953,0.066677,-1405.938965
0.287953,0.066677,-1406.279053
0.282839,0.059714,-1405.529419
0.276249,0.062007,-1406.235229
0.273162,0.065757,-1406.062134
0.274432,0.066252,-1404.924805
0.275237,0.072112,-1404.866455
0.281393,0.065977,-1405.375
0.287619,0.06426,-1406.766602
0.282601,0.061383,-1405.844238
0.28508,0.064786,-1405.370605
0.28508,0.064786,-1405.469604
0.28508,0.064786,-1406.191284
0.285518,0.062392,-1406.627563
0.285113,0.061527,-1406.24585
0.284205,0.057846,-1407.871094
0.278933,0.056573,-1407.47876
0.276306,0.055747,-1405.373657
0.280401,0.055911,-1407.661865
0.272826,0.056409,-1407.031372
0.276519,0.057637,-1406.170654
0.280406,0.062001,-1405.651855
0.277624,0.064171,-1404.967285
0.279045,0.063934,-1405.733032
0.279045,0.063934,-1404.912476
0.279045,0.063934,-1405.116577
0.284551,0.063321,-1405.796631
0.292336,0.062084,-1408.595947
0.289133,0.061905,-1406.745117
0.2873,0.057518,-1407.533325
0.28679,0.062406,-1406.678589
0.28679,0.062406,-1405.892822
0.28679,0.062406,-1406.189453
0.28679,0.062406,-1406.456787
0.288901,0.065038,-1406.414551
0.288854,0.066589,-1406.00293
0.294467,0.065355,-1406.98291
0.291409,0.064181,-1407.101074
0.291409,0.064181,-1407.132812
0.291409,0.064181,-1406.718262
0.292959,0.066987,-1406.944336
0.292959,0.066987,-1406.147217
0.287323,0.064599,-1406.44751
0.287323,0.064599,-1405.414551
0.288537,0.066845,-1406.713135
0.288537,0.066845,-1406.196655
0.29369,0.062841,-1408.178955
0.29369,0.062841,-1408.227295
0.29369,0.062841,-1407.567627
0.292841,0.062809,-1406.825439
0.29064,0.06428,-1406.379639
0.293056,0.060328,-1407.838867
0.293056,0.060328,-1407.505371
0.293056,0.060328,-1407.912109
0.289621,0.062321,-1406.887817
0.29048,0.059417,-1408.072998
0.297627,0.05977,-1408.913574
0.295282,0.060383,-1408.258789
0.298784,0.057351,-1409.557373
0.298693,0.063499,-1408.299561
0.298693,0.063499,-1408.023438
0.294403,0.06169,-1408.241699
0.293454,0.06514,-1407.779541
0.288618,0.061897,-1406.903198
0.289957,0.064524,-1406.126343
0.289942,0.062262,-1407.783691
0.299815,0.063206,-1408.783447
0.299815,0.063206,-1407.300537
0.302899,0.067043,-1409.045898
0.302899,0.067043,-1409.279419
0.311164,0.069064,-1411.043457
0.311164,0.069064,-1410.030518
0.311175,0.067402,-1411.395142
0.311637,0.063593,-1411.616455
0.307504,0.063476,-1410.77832
0.305266,0.067603,-1409.62085
0.305773,0.070166,-1409.760742
0.29758,0.079708,-1408.638916
0.29758,0.079708,-1408.898438
0.292529,0.077529,-1407.820312
0.292529,0.077529,-1406.814941
0.289175,0.0779,-1407.381226
0.289175,0.0779,-1406.901855
0.289203,0.077667,-1406.406006
0.292649,0.074469,-1407.019531
0.294025,0.073254,-1407.125732
0.297582,0.07324,-1408.328369
0.298512,0.071002,-1408.346436
0.296066,0.072116,-1407.023926
0.300748,0.074654,-1408.620605
0.292827,0.078848,-1407.620483
0.292689,0.08005,-1408.247559
0.296914,0.080911,-1408.290649
0.296914,0.080911,-1408.266113
0.292958,0.07789,-1407.776855
0.292022,0.081068,-1407.571655
0.294207,0.076633,-1407.766357
0.292804,0.073164,-1406.81665
0.292309,0.07301,-1407.067139
0.290391,0.071984,-1406.396606
0.291821,0.064236,-1406.963867
0.296118,0.061516,-1408.335449
0.30238,0.060269,-1409.248169
0.30238,0.060269,-1409.283691
0.30238,0.060269,-1410.646606
0.303302,0.061401,-1409.122925
0.303025,0.056191,-1410.604492
0.298881,0.054634,-1409.752197
0.301687,0.054494,-1411.053833
0.298732,0.056516,-1410.293457
0.298732,0.056516,-1409.374878
0.294466,0.062976,-1407.928711
0.297467,0.060088,-1408.751709
0.304142,0.056529,-1411.354004
0.306947,0.056683,-1411.569336
0.306947,0.056683,-1411.731934
0.304597,0.060593,-1410.500366
0.306422,0.062538,-1410.02002
0.306422,0.062538,-1410.324463
0.306422,0.062538,-1410.913818
0.31359,0.069481,-1412.057129
0.315753,0.068157,-1412.695801
0.315753,0.068157,-1412.504639
0.320004,0.069225,-1413.361572
0.323183,0.072192,-1414.622437
0.319938,0.071198,-1413.30835
0.320518,0.074517,-1413.144775
0.318187,0.074829,-1413.13916
0.318187,0.074829,-1412.381714
0.311334,0.071427,-1410.842285
0.310991,0.067337,-1411.088623
0.310424,0.069029,-1410.130127
0.312327,0.065363,-1411.343384
0.309948,0.0655,-1411.139893
0.309948,0.0655,-1410.848633
0.309948,0.0655,-1410.892578
0.308951,0.063698,-1410.566895
0.312539,0.067627,-1411.623901
0.310296,0.063335,-1410.731934
0.312832,0.064478,-1411.931641
0.308228,0.065717,-1410.752319
0.310497,0.06036,-1411.414551
0.305929,0.066571,-1409.723389
0.304208,0.065136,-1410.669556
0.307055,0.060457,-1410.922607
0.307055,0.060457,-1411.168335
0.307055,0.060457,-1411.279663
0.302996,0.062756,-1410.195312
0.297279,0.057219,-1409.696289
0.295722,0.062293,-1408.5896
0.299185,0.061184,-1407.964966
0.295325,0.056509,-1408.719482
0.294913,0.053043,-1409.276245
0.296189,0.055367,-1409.662598
0.296189,0.055367,-1408.601562
0.296189,0.055367,-1410.119751
0.299054,0.056595,-1409.397583
0.298067,0.053287,-1409.889648
0.300319,0.056173,-1409.427856
0.296087,0.059836,-1408.406006
0.296087,0.059836,-1408.783203
0.296087,0.059836,-1408.067261
0.299543,0.06627,-1407.612061
0.299543,0.06627,-1408.102539
0.29886,0.069996,-1408.317139
0.296129,0.070777,-1407.813721
0.299115,0.070356,-1408.158691
0.295991,0.076016,-1407.252197
0.295046,0.075338,-1407.728516
0.289659,0.075659,-1406.442017
0.284244,0.078059,-1406.651978
0.287054,0.079262,-1406.76709
0.287054,0.079262,-1406.279053
0.291461,0.079271,-1407.801514
0.294559,0.078901,-1407.586914
0.294559,0.078901,-1407.042358
0.294559,0.078901,-1408.067139
0.294559,0.078901,-1406.870239
0.294679,0.078486,-1408.150635
0.294509,0.079595,-1408.44751
0.292241,0.081246,-1407.201172
0.288841,0.081856,-1406.545288
0.284676,0.081404,-1406.955078
0.281549,0.08383,-1406.468262
0.281549,0.08383,-1406.480469
0.283788,0.083946,-1406.580078
0.282564,0.078252,-1406.020264
0.284219,0.080354,-1406.436279
0.284677,0.080814,-1405.604736
0.276816,0.079974,-1406.391602
0.279665,0.077981,-1405.473755
0.279665,0.077981,-1405.54541
0.272844,0.074691,-1404.682861
0.274535,0.070652,-1404.472656
0.272312,0.067557,-1404.874512
0.269351,0.06956,-1404.765625
0.268192,0.067339,-1404.760254
0.265675,0.063235,-1404.935303
0.265675,0.063235,-1405.78186
0.263389,0.064341,-1405.363403
0.263389,0.064341,-1405.929565
0.262023,0.063193,-1406.331055
0.262023,0.063193,-1405.776245
0.265273,0.065288,-1405.851807
0.265273,0.065288,-1406.02417
0.263287,0.065737,-1406.63562
0.263287,0.065737,-1405.530273
0.263287,0.065737,-1404.658936
0.263287,0.065737,-1406.283081
0.265586,0.065821,-1405.185181
0.266325,0.064479,-1405.260498
0.266325,0.064479,-1405.170898
0.265959,0.068266,-1404.358765
0.266458,0.072015,-1405.256348
0.273484,0.075174,-1404.686768
0.27347,0.07702,-1405.470459
0.276163,0.076156,-1405.295654
0.276163,0.076156,-1404.488403
0.273562,0.069736,-1404.104614
0.276808,0.065597,-1404.774414
0.276808,0.065597,-1404.053345
0.277184,0.062275,-1405.99585
0.279586,0.057198,-1406.549683
0.28206,0.058501,-1407.063477
0.285138,0.061518,-1406.830811
0.285138,0.061518,-1406.425659
0.285138,0.061518,-1406.646851
0.285138,0.061518,-1405.996704
0.288743,0.059463,-1407.406982
0.294014,0.059867,-1408.042603
0.289779,0.057797,-1407.855713
0.294961,0.055512,-1409.232544
0.294961,0.055512,-1409.453857
0.294961,0.055512,-1409.461304
0.294961,0.055512,-1409.132812
0.294961,0.055512,-1410.438477
0.297801,0.056413,-1409.895142
0.297748,0.058449,-1409.406128
0.29641,0.056583,-1409.465942
0.29641,0.056583,-1408.329224
0.29641,0.056583,-1408.824707
0.293815,0.060358,-1408.670166
0.285463,0.056314,-1408.106445
0.288415,0.055901,-1407.17749
0.286481,0.057122,-1407.602051
0.28441,0.05714,-1407.770996
0.283936,0.055829,-1407.289551
0.280701,0.054731,-1408.065674
0.272714,0.0571,-1405.866699
0.273487,0.060294,-1406.196777
0.274829,0.069327,-1404.584473
0.271019,0.070163,-1404.359375
0.268983,0.073497,-1404.466919
0.27428,0.080539,-1406.287354
0.275855,0.078689,-1405.331665
0.278965,0.076999,-1404.584961
0.278965,0.076999,-1404.559326
0.278066,0.075184,-1406.182251
0.278066,0.075184,-1404.55249
0.278309,0.082152,-1406.337036
0.278524,0.08229,-1406.121704
0.276153,0.082172,-1406.322266
0.276153,0.082172,-1406.227661
0.276153,0.082172,-1404.917236
0.28,0.085836,-1406.794189
0.278288,0.085093,-1406.483276
0.273315,0.081017,-1406.118652
0.268496,0.080876,-1405.683716
0.267674,0.085502,-1406.696533
0.270539,0.088784,-1406.740479
0.2741,0.088439,-1407.197021
0.2741,0.088439,-1407.104248
0.272788,0.089025,-1407.258179
0.278847,0.084764,-1406.141968
0.280961,0.08273,-1406.528687
0.278662,0.086505,-1406.567383
0.273204,0.09055,-1408.720947
0.273204,0.09055,-1408.064819
0.273204,0.09055,-1407.374023
0.27435,0.091232,-1407.209595
0.27435,0.091232,-1407.246826
0.27435,0.091232,-1408.177246
0.27427,0.090382,-1407.200928
0.277857,0.089032,-1407.618652
0.276137,0.087751,-1407.625244
0.276137,0.087751,-1406.407837
0.276137,0.087751,-1406.70459
0.277022,0.088414,-1406.591797
0.286068,0.087924,-1407.596069
0.286068,0.087924,-1407.676147
0.287829,0.084739,-1408.499878
0.290878,0.084959,-1408.021973
0.292868,0.085186,-1407.534546
0.292464,0.086541,-1409.018555
0.293518,0.086138,-1409.787842
0.293518,0.086138,-1408.778687
0.289697,0.085311,-1408.893433
0.289697,0.085311,-1406.893555
0.282419,0.088252,-1408.478271
0.279088,0.088102,-1407.897461
0.279088,0.088102,-1407.80249
0.274392,0.087388,-1407.445312
0.274392,0.087388,-1406.448242
0.271663,0.083073,-1406.01123
0.277406,0.085391,-1407.285522
0.279827,0.086513,-1406.183105
0.282144,0.082652,-1406.130005
0.279906,0.077463,-1406.265747
0.279906,0.077463,-1405.6073
0.280125,0.076649,-1406.296509
0.280327,0.073986,-1405.363892
0.276888,0.071401,-1405.022949
0.281146,0.075508,-1405.135742
0.281146,0.075508,-1405.373291
0.288255,0.079344,-1406.347412
0.290482,0.078792,-1407.133057
0.294356,0.079901,-1407.89917
0.292952,0.081958,-1408.118896
0.288022,0.080202,-1407.894043
0.28242,0.078178,-1406.36792
0.282862,0.075623,-1405.903564
0.280452,0.074638,-1405.526245
0.284986,0.071502,-1405.706055
0.282171,0.074617,-1405.023926
0.28116,0.071941,-1405.336914
0.273771,0.069234,-1405.315918
0.27159,0.068533,-1405.880005
0.274056,0.064272,-1404.431519
0.274056,0.064272,-1404.270874
0.275282,0.065088,-1405.568848
0.273028,0.066019,-1405.182861
0.272341,0.067277,-1405.307373
0.275541,0.069242,-1405.337402
0.272982,0.066902,-1405.692871
0.276321,0.069925,-1405.888672
0.276321,0.069925,-1404.88501
0.276321,0.069925,-1404.259033
0.280271,0.068118,-1405.039551
0.280271,0.068118,-1405.211426
0.282298,0.065802,-1405.115356
0.283296,0.071832,-1405.37854
0.279154,0.072489,-1405.354126
0.279154,0.072489,-1404.733154
0.279154,0.072489,-1404.884033
0.279681,0.075793,-1405.083496
0.281362,0.074434,-1404.599609
0.281362,0.074434,-1405.144287
0.274989,0.074164,-1404.936035
0.270121,0.075055,-1404.951172
0.27685,0.068932,-1405.51416
0.276566,0.069873,-1404.30542
0.271069,0.072313,-1405.218994
0.271069,0.072313,-1404.575928
0.268289,0.071584,-1404.580566
0.264214,0.076841,-1406.330811
0.264214,0.076841,-1405.562012
0.264214,0.076841,-1404.889893
0.264214,0.076841,-1405.220093
0.262744,0.078398,-1406.357666
0.262279,0.076418,-1405.689453
0.264197,0.077421,-1406.115723
0.264197,0.077421,-1405.352905
0.267191,0.075999,-1405.088257
0.267191,0.075999,-1405.054688
0.267191,0.075999,-1404.276123
0.267191,0.075999,-1404.851318
0.266482,0.078213,-1406.491211
0.266482,0.078213,-1405.263428
0.266482,0.078213,-1404.524292
0.266482,0.078213,-1405.081177
0.263541,0.073271,-1405.448242
0.263541,0.073271,-1405.597656
0.261812,0.0759,-1405.093994
0.261993,0.080654,-1406.909668
0.267736,0.078935,-1405.508057
0.263953,0.083188,-1406.432983
0.263953,0.083188,-1406.296631
0.269872,0.082773,-1405.696777
0.271024,0.08458,-1406.302734
0.274731,0.082633,-1405.37561
0.273814,0.079659,-1405.225464
0.27359,0.08529,-1406.9375
0.270371,0.08315,-1407.081787
0.264347,0.081896,-1406.441895
0.262171,0.077373,-1405.795898
0.258954,0.079163,-1406.072388
0.258954,0.079163,-1406.589355
0.257965,0.076729,-1406.649414
0.257965,0.076729,-1406.582764
0.265324,0.073322,-1405.068481
0.265205,0.074555,-1404.949219
0.263542,0.071662,-1405.419434
0.263668,0.06831,-1406.20752
0.263668,0.06831,-1405.478882
0.262885,0.067821,-1404.91333
0.256407,0.06606,-1406.682617
0.26081,0.064817,-1406.511963
0.263425,0.059043,-1407.64624
0.262709,0.066907,-1405.576172
0.265683,0.064459,-1405.542969
0.265683,0.064459,-1405.321777
0.264669,0.065669,-1405.897827
0.264669,0.065669,-1405.500244
0.267109,0.064507,-1405.105225
0.272341,0.062428,-1404.702393
0.272341,0.062428,-1405.107666
0.272379,0.066181,-1405.498901
0.274193,0.066287,-1405.713989
0.270448,0.064689,-1406.186768
0.274645,0.065748,-1405.064331
0.274645,0.065748,-1404.85083
0.272553,0.066526,-1403.844238
0.269551,0.069315,-1404.269531
0.269551,0.069315,-1404.212402
0.268041,0.064474,-1404.609009
0.267857,0.068283,-1404.567749
0.267857,0.068283,-1404.94751
0.267857,0.068283,-1405.117676
0.271967,0.067793,-1404.813232
0.268245,0.069163,-1404.880005
0.271294,0.066623,-1404.751709
0.267366,0.06901,-1404.17749
0.264928,0.066097,-1405.250488
0.269803,0.067889,-1405.601929
0.269803,0.067889,-1404.406372
0.268732,0.065307,-1404.757812
0.271353,0.06435,-1404.402588
0.269899,0.067674,-1405.4646
0.269899,0.067674,-1405.118408
0.266066,0.06838,-1404.643921
0.271,0.064247,-1405.742676
0.27503,0.062826,-1405.462158
0.27503,0.062826,-1405.160889
0.269003,0.062081,-1405.78125
0.271361,0.05944,-1406.566162
0.271361,0.05944,-1405.867188
0.273239,0.058051,-1406.106445
0.270718,0.057277,-1407.091187
0.275691,0.062675,-1406.142334
0.281931,0.065381,-1405.190308
0.280837,0.069767,-1404.783936
0.280837,0.069767,-1404.669434
0.280837,0.069767,-1404.237305
0.282503,0.068864,-1405.182373
0.283229,0.074204,-1406.171387
0.280146,0.072816,-1405.34082
0.28032,0.068928,-1404.80188
0.28032,0.068928,-1405.518555
0.283132,0.069147,-1405.66333
0.283132,0.069147,-1405.370239
0.287468,0.067826,-1405.947021
0.288625,0.072769,-1406.563477
0.2859,0.065943,-1405.678955
0.284162,0.065372,-1405.533691
0.282409,0.066864,-1405.732056
0.277272,0.062123,-1405.982178
0.278107,0.063415,-1405.765137
0.274114,0.067798,-1404.833496
0.271207,0.065829,-1404.398804
0.271207,0.065829,-1405.448975
0.272962,0.062986,-1405.73877
0.275155,0.065595,-1405.065796
0.280094,0.065528,-1405.324219
0.27965,0.063568,-1405.863281
0.278983,0.063353,-1406.327759
0.281152,0.065036,-1405.955322
0.287863,0.062925,-1406.028687
0.282894,0.064477,-1406.491699
0.28117,0.062929,-1405.531982
0.277696,0.067519,-1405.451904
0.27662,0.067427,-1405.369995
0.2757,0.069001,-1404.757812
0.2757,0.069001,-1404.548096
0.275362,0.069351,-1404.567871
0.27441,0.073429,-1405.067505
0.277807,0.073608,-1405.413208
0.277807,0.073608,-1405.301025
0.276793,0.070434,-1405.727295
0.276793,0.070434,-1405.675537
0.272321,0.072765,-1404.538086
0.269295,0.068284,-1405.919189
0.269295,0.068284,-1404.335449
0.274103,0.06984,-1405.268311
0.274103,0.06984,-1404.88916
0.270764,0.063998,-1405.230957
0.267446,0.062457,-1404.781738
0.271033,0.060097,-1405.628296
0.270093,0.058201,-1406.279785
0.270093,0.058201,-1406.537109
0.267009,0.063622,-1405.667725
0.26778,0.063951,-1405.888184
0.272011,0.065789,-1404.828979
0.272011,0.065789,-1404.750977
0.270825,0.064737,-1404.319336
0.266518,0.062292,-1406.076538
0.272854,0.060012,-1406.187378
0.272322,0.059711,-1406.281494
0.272322,0.059711,-1405.860718
0.272322,0.059711,-1405.386353
0.272322,0.059711,-1405.633911
0.272322,0.059711,-1405.512329
0.270519,0.06739,-1406.480225
0.275244,0.066494,-1404.866699
0.278717,0.068897,-1404.331299
0.281661,0.071615,-1405.050415
0.281661,0.071615,-1405.284302
0.281661,0.071615,-1404.837402
0.281661,0.071615,-1404.967773
0.281661,0.071615,-1404.981934
0.280189,0.071742,-1405.273926
0.278262,0.077754,-1405.160522
0.271039,0.073912,-1403.997559
0.267053,0.074607,-1405.360596
0.266637,0.068226,-1405.29541
0.265862,0.066759,-1404.746094
0.264116,0.068263,-1405.453613
0.264804,0.068033,-1405.153564
0.265403,0.066067,-1405.271973
0.265403,0.066067,-1405.037964
0.265896,0.063069,-1405.643799
0.268791,0.056033,-1407.495605
0.269322,0.053799,-1407.767456
0.269878,0.053335,-1407.731201
0.269878,0.053335,-1408.151489
0.269878,0.053335,-1407.645142
0.272626,0.050826,-1409.252686
0.272626,0.050826,-1409.666992
0.27125,0.057116,-1407.353516
0.27125,0.057116,-1406.914062
0.267636,0.056799,-1407.222778
0.267636,0.056799,-1407.376709
0.268653,0.054855,-1406.907837
0.27297,0.053215,-1407.737793
0.264845,0.052996,-1408.226318
0.2668,0.053927,-1408.418457
0.2668,0.053927,-1407.415161
0.272085,0.053622,-1407.00708
0.27253,0.054573,-1407.393188
0.276519,0.053033,-1407.706787
0.276519,0.053033,-1407.508423
0.278866,0.0544,-1408.571045
0.275488,0.059979,-1406.053223
0.27758,0.060965,-1405.712036
0.279722,0.060529,-1404.973145
0.278018,0.058594,-1405.686768
0.276861,0.057996,-1407.156006
0.276861,0.057996,-1406.700195
0.274669,0.060471,-1405.605347
0.274669,0.060471,-1405.277954
0.267444,0.06094,-1406.298706
0.270684,0.061355,-1405.553223
0.265004,0.059642,-1406.169922
0.264547,0.056356,-1407.649536
0.266288,0.057153,-1407.250488
0.266288,0.057153,-1405.971436
0.266288,0.057153,-1406.540649
0.270733,0.055143,-1407.322998
0.27386,0.050646,-1409.067871
0.276313,0.049507,-1409.400391
0.279595,0.054245,-1408.854736
0.284103,0.053308,-1408.187256
0.284103,0.053308,-1408.123413
0.2838,0.052589,-1408.162476
0.2838,0.052589,-1408.938477
0.281547,0.057794,-1406.585938
0.28773,0.058389,-1407.425049
0.2861,0.060811,-1406.224487
0.283253,0.058526,-1407.20752
0.281383,0.05631,-1407.183105
0.28245,0.057897,-1406.69873
0.282456,0.057524,-1407.300781
0.2861,0.064116,-1406.095947
0.28989,0.065713,-1406.289062
0.28989,0.065713,-1406.128418
0.291636,0.064354,-1407.293945
0.290563,0.060424,-1408.316284
0.291071,0.061982,-1407.341675
0.286798,0.070873,-1406.067871
0.279332,0.069741,-1404.107666
0.277857,0.071489,-1405.176758
0.281162,0.07391,-1404.772339
0.283776,0.073159,-1405.107178
0.283776,0.073159,-1405.64624
0.280535,0.068649,-1404.788452
0.287534,0.069441,-1404.959473
0.285277,0.065775,-1405.431885
0.285277,0.065775,-1406.097412
0.285277,0.065775,-1405.579834
0.283062,0.065116,-1405.439453
0.283062,0.065116,-1405.585449
0.286131,0.063657,-1406.480347
0.283848,0.064617,-1406.741699
0.283848,0.064617,-1405.832886
0.282205,0.065201,-1405.633301
0.279406,0.064588,-1405.613525
0.282854,0.064774,-1406.314087
0.283155,0.065245,-1405.583008
0.279943,0.069483,-1404.889893
0.279161,0.070232,-1405.411621
0.279161,0.070232,-1404.29248
0.279817,0.072254,-1405.039551
0.28201,0.074014,-1405.454102
0.279889,0.073228,-1405.288452
0.279889,0.073228,-1405.11853
0.278659,0.069872,-1404.576172
0.278884,0.068973,-1404.675415
0.280425,0.070375,-1405.933228
0.282419,0.069881,-1404.922974
0.282419,0.069881,-1405.040527
0.277187,0.068799,-1404.625244
0.28065,0.07103,-1405.629517
0.279683,0.071335,-1405.525024
0.279683,0.071335,-1404.663086
0.283223,0.071482,-1405.269287
0.283107,0.071882,-1406.510376
0.283107,0.071882,-1406.140137
0.282627,0.069118,-1405.593628
0.287597,0.072944,-1406.165771
0.289897,0.07771,-1407.081177
0.291168,0.079015,-1407.520264
0.295876,0.074312,-1408.649292
0.291841,0.070955,-1406.666138
0.293628,0.0724,-1406.255371
0.291127,0.074328,-1407.634277
0.291127,0.074328,-1406.879761
0.288163,0.073883,-1406.625122
0.290918,0.073181,-1407.943848
0.290918,0.073181,-1406.646973
0.291444,0.074563,-1406.50708
0.291444,0.074563,-1406.624146
0.290898,0.074554,-1407.508545
0.290898,0.074554,-1405.572266
0.291019,0.075728,-1407.609863
0.290411,0.082109,-1407.07373
0.291826,0.085514,-1408.312378
0.291826,0.085514,-1408.759766
0.289133,0.084617,-1407.886475
0.291784,0.091053,-1409.077637
0.291784,0.091053,-1409.774902
0.291784,0.091053,-1409.582642
0.291784,0.091053,-1409.463257
0.295443,0.092371,-1410.08374
0.295443,0.092371,-1410.508789
0.299374,0.092547,-1410.940918
0.299374,0.092547,-1411.769531
0.298956,0.097624,-1413.778809
0.298354,0.09818,-1412.047119
0.299177,0.093128,-1411.487793
0.295748,0.093501,-1411.786011
0.29405,0.095938,-1411.808594
0.29405,0.095938,-1412.102539
0.29405,0.095938,-1411.963867
0.29405,0.095938,-1412.572754
0.292674,0.096674,-1412.731934
0.292674,0.096674,-1412.602661
0.292674,0.096674,-1411.550293
0.296025,0.090435,-1410.714722
0.296025,0.090435,-1410.306152
0.288723,0.090117,-1408.278931
0.288723,0.090117,-1408.486328
0.289401,0.085978,-1407.924805
0.291523,0.08313,-1407.572632
0.290579,0.083116,-1407.792725
0.291353,0.083869,-1407.898926
0.290306,0.082505,-1408.294189
0.288976,0.082947,-1407.952271
0.291512,0.077851,-1407.480957
0.289558,0.074974,-1406.217773
0.2864,0.072347,-1405.385986
0.285392,0.069518,-1405.567139
0.287254,0.062276,-1405.942749
0.28412,0.066361,-1406.119629
0.287977,0.07208,-1406.212891
0.279913,0.073088,-1404.224609
0.28048,0.07354,-1405.35022
0.277257,0.0735,-1405.710083
0.276157,0.072403,-1405.440308
0.275159,0.069681,-1404.280518
0.276995,0.073884,-1404.994507
0.276995,0.073884,-1404.962402
0.275933,0.073957,-1405.231934
0.271823,0.074967,-1404.888428
0.271823,0.074967,-1405.717773
0.271823,0.074967,-1404.904541
0.271823,0.074967,-1404.907349
0.271823,0.074967,-1405.0896
0.272629,0.074703,-1405.769775
0.268708,0.07239,-1405.110352
0.268708,0.07239,-1405.071655
0.270555,0.07931,-1405.459473
0.26443,0.080414,-1406.00354
0.267406,0.08197,-1406.69043
0.266632,0.082105,-1405.757202
0.266632,0.082105,-1405.294556
0.265468,0.08341,-1405.859009
0.264162,0.085229,-1406.049438
0.26526,0.085573,-1406.863159
0.267671,0.08188,-1406.765015
0.268295,0.082132,-1405.863159
0.272681,0.078765,-1405.385376
0.272681,0.078765,-1404.864746
0.272681,0.078765,-1405.561768
0.272681,0.078765,-1405.168945
0.271986,0.0771,-1405.166992
0.271986,0.0771,-1405.307617
0.271433,0.07857,-1404.354492
0.271433,0.07857,-1405.095825
0.261294,0.081047,-1406.956055
0.261294,0.081047,-1404.941162
0.265133,0.079659,-1406.701538
0.266795,0.084268,-1406.227417
0.266795,0.084268,-1406.025879
0.27071,0.079484,-1405.810913
0.27071,0.079484,-1405.734619
0.272262,0.079738,-1405.404541
0.274454,0.08254,-1406.61377
0.277836,0.082049,-1405.996094
0.272471,0.082241,-1406.329102
0.276353,0.083166,-1406.499878
0.274284,0.082436,-1405.165161
0.274284,0.082436,-1405.981567
0.276976,0.086662,-1407.310303
0.280569,0.08526,-1407.330566
0.280134,0.085581,-1406.927612
0.280134,0.085581,-1407.118652
0.282753,0.08605,-1407.838135
0.282753,0.08605,-1407.090698
0.286365,0.087489,-1408.495117
0.291826,0.084288,-1407.757935
0.290519,0.082251,-1407.932251
0.289044,0.083284,-1407.640015
0.289044,0.083284,-1407.280273
0.290909,0.081444,-1407.86084
0.290909,0.081444,-1407.037354
0.288397,0.082587,-1406.273315
0.289882,0.081625,-1406.912842
0.292598,0.075005,-1407.132568
0.292598,0.075005,-1407.351562
0.283365,0.077692,-1406.645752
0.283365,0.077692,-1405.56543
0.275258,0.079379,-1405.451416
0.277914,0.078656,-1405.576172
0.27671,0.080516,-1405.921753
0.27671,0.080516,-1405.350464
0.273054,0.080568,-1405.203247
0.273054,0.080568,-1404.824341
0.271343,0.077644,-1405.609619
0.270768,0.081083,-1405.876465
0.266814,0.078478,-1404.915771
0.268561,0.074969,-1405.251465
0.267132,0.073864,-1405.678711
0.266876,0.073619,-1405.02063
0.262485,0.071743,-1405.385986
0.262485,0.071743,-1405.675293
0.262484,0.068201,-1405.287354
0.262484,0.068201,-1404.867554
0.259073,0.068245,-1406.5802
0.26025,0.067911,-1405.91333
0.25669,0.063479,-1408.066284
0.260086,0.064077,-1406.106323
0.266016,0.066352,-1405.5
0.269589,0.063295,-1405.89502
0.270964,0.062995,-1405.080933
0.272116,0.063605,-1404.780029
0.269339,0.061838,-1406.401855
0.275082,0.066664,-1405.255371
0.278547,0.072239,-1405.602295
0.280836,0.073654,-1404.751709
0.275873,0.078741,-1405.900391
0.275146,0.082382,-1405.883667
0.275146,0.082382,-1406.249268
0.27383,0.07621,-1405.169922
0.279814,0.075316,-1405.909058
0.279814,0.075316,-1404.974365
0.279814,0.075316,-1405.800537
0.279448,0.076346,-1405.227295
0.2774,0.078709,-1406.481934
0.272689,0.084273,-1406.195801
0.272689,0.084273,-1406.494019
0.272689,0.084273,-1406.374878
0.271604,0.085857,-1406.509766
0.276106,0.084688,-1406.384277
0.276106,0.084688,-1405.683105
0.273266,0.088393,-1406.709106
0.269608,0.086789,-1406.117676
0.26711,0.086417,-1407.070557
0.26711,0.086417,-1406.628662
0.265274,0.085814,-1406.817139
0.265274,0.085814,-1406.118042
0.266055,0.083615,-1405.653564
0.266055,0.083615,-1406.304199
0.266055,0.083615,-1406.977051
0.268266,0.082317,-1406.120239
0.274637,0.07378,-1403.595825
0.275003,0.070314,-1405.099731
0.272924,0.064262,-1405.242554
0.272155,0.062601,-1404.57605
0.269664,0.06983,-1405.38501
0.275389,0.074352,-1404.860352
0.271326,0.0767,-1404.929443
0.272378,0.074091,-1405.249023
0.274409,0.072211,-1404.501709
0.273079,0.075236,-1404.13623
0.269968,0.075385,-1405.617432
0.270831,0.076601,-1405.169678
0.265576,0.076578,-1405.655518
0.265576,0.076578,-1406.31897
0.263841,0.07905,-1405.603027
0.265897,0.081174,-1406.260132
0.261246,0.08179,-1407.606201
0.261246,0.08179,-1406.8396
0.261246,0.08179,-1407.751221
0.261246,0.08179,-1406.560303
0.260442,0.082117,-1406.901978
0.264118,0.078894,-1405.169922
0.27,0.073221,-1404.888428
0.273307,0.076016,-1404.67749
0.273307,0.076016,-1405.171021
0.273307,0.076016,-1404.89209
0.275852,0.075179,-1405.676025
0.275852,0.075179,-1405.25
0.276381,0.072746,-1403.900391
0.276195,0.073559,-1405.819092
0.274089,0.069036,-1404.675537
0.274089,0.069036,-1404.448853
0.275006,0.071471,-1404.021362
0.28399,0.07192,-1405.426147
0.28692,0.071806,-1405.855469
0.285699,0.070609,-1405.677734
0.285699,0.070609,-1405.361572
0.286255,0.073678,-1405.790039
0.29014,0.073905,-1406.509155
0.29014,0.073905,-1407.038574
0.29014,0.073905,-1405.699829
0.287002,0.072131,-1406.158691
0.287002,0.072131,-1405.697388
0.287616,0.073791,-1406.484131
0.287616,0.073791,-1405.662354
0.28517,0.079248,-1406.688354
0.28379,0.081706,-1406.335938
0.28379,0.081706,-1406.783936
0.281845,0.082675,-1406.986938
0.281845,0.082675,-1406.130493
0.284689,0.080245,-1406.583984
0.284313,0.077442,-1407.418213
0.286751,0.079063,-1407.290161
0.284919,0.082412,-1406.224854
0.280675,0.080569,-1406.714355
0.280675,0.080569,-1406.47876
0.279271,0.079073,-1406.614136
0.285191,0.081457,-1406.5896
0.277723,0.080205,-1405.7677
0.277229,0.079168,-1405.547852
0.277713,0.083415,-1406.199463
0.279537,0.08269,-1406.238037
0.276384,0.079109,-1405.596313
0.273831,0.074906,-1405.120117
0.271452,0.072247,-1405.481567
0.273561,0.072461,-1405.773438
0.272463,0.068825,-1404.708008
0.26375,0.06915,-1406.0896
0.26559,0.069284,-1404.80896
0.268913,0.070866,-1404.852295
0.269785,0.07478,-1405.65564
0.269785,0.07478,-1404.411011
0.267807,0.076956,-1404.762695
0.266253,0.075446,-1405.42627
0.266253,0.075446,-1404.219727
0.266403,0.077807,-1405.119385
0.259553,0.07937,-1406.982422
0.257392,0.079224,-1405.761597
0.257392,0.079224,-1406.870361
0.257392,0.079224,-1406.477173
0.255942,0.081023,-1407.093384
0.254616,0.078768,-1406.547607
0.258127,0.080628,-1407.230713
0.255392,0.081514,-1406.907471
0.255392,0.081514,-1407.248779
0.255454,0.08449,-1407.686401
0.255454,0.08449,-1407.098389
0.255558,0.07861,-1406.734619
0.255558,0.07861,-1407.457764
0.258958,0.073449,-1406.604248
0.26848,0.07637,-1405.001465
0.265168,0.077101,-1405.349121
0.265168,0.077101,-1405.907959
0.265697,0.077177,-1404.931763
0.263774,0.080262,-1405.523071
0.265915,0.079478,-1406.581787
0.265915,0.079478,-1405.102051
0.266997,0.083761,-1406.120239
0.262331,0.08241,-1406.608887
0.263393,0.079399,-1406.357056
0.26649,0.081836,-1405.217529
0.26649,0.081836,-1405.13269
0.269922,0.078628,-1406.341553
0.266614,0.077396,-1405.041992
0.268606,0.080708,-1406.115479
0.266603,0.083157,-1406.425781
0.264857,0.079293,-1406.271729
0.262513,0.079292,-1405.86792
0.262526,0.077788,-1405.018799
0.257061,0.077832,-1406.079834
0.261692,0.080949,-1405.827393
0.261735,0.082571,-1406.540161
0.262881,0.086161,-1407.84314
0.266407,0.080885,-1405.214844
0.266407,0.080885,-1406.477417
0.263308,0.074308,-1405.484741
0.264135,0.072561,-1406.56958
0.264135,0.072561,-1405.404785
0.269463,0.071968,-1404.574097
0.272907,0.06998,-1404.974731
0.276796,0.069788,-1405.595459
0.274502,0.068421,-1405.266479
0.273116,0.071835,-1404.851807
0.27531,0.074561,-1404.578857
0.27531,0.074561,-1405.658203
0.27531,0.074561,-1404.473877
0.271308,0.074753,-1404.835205
0.272183,0.072332,-1405.551758
0.270582,0.068156,-1404.32959
0.270187,0.064734,-1405.001831
0.270187,0.064734,-1405.371582
0.264796,0.064069,-1405.546143
0.264796,0.064069,-1405.546387
0.259047,0.068563,-1406.224976
0.259047,0.068563,-1405.364502
0.259047,0.068563,-1405.848877
0.262606,0.06918,-1405.380615
0.263837,0.068383,-1406.371582
0.263837,0.068383,-1405.353027
0.26427,0.066901,-1405.644287
0.26427,0.066901,-1405.485962
0.263721,0.06135,-1406.572021
0.260059,0.061325,-1406.270752
0.259877,0.06111,-1406.908691
0.259877,0.06111,-1406.157959
0.259877,0.06111,-1406.578735
0.259877,0.06111,-1406.575684
0.259877,0.06111,-1405.697998
0.264164,0.061817,-1405.473145
0.264765,0.066432,-1404.848022
0.263085,0.064219,-1405.088623
0.265291,0.066316,-1406.099976
0.264901,0.067382,-1405.699219
0.261612,0.070791,-1406.295776
0.264299,0.06936,-1405.650757
0.264299,0.06936,-1405.100708
0.264299,0.06936,-1405.28186
0.264677,0.075727,-1405.669189
0.266143,0.074556,-1405.223145
0.263133,0.072401,-1405.676758
0.266378,0.073541,-1405.309937
0.261286,0.075475,-1405.619019
0.262431,0.075905,-1406.206299
0.262431,0.075905,-1406.19458
0.271412,0.074492,-1405.672119
0.268409,0.072309,-1404.708984
0.269548,0.066225,-1404.779297
0.262066,0.069654,-1405.85437
0.260953,0.069523,-1405.325073
0.264231,0.07039,-1405.405273
0.265144,0.071675,-1405.040771
0.265337,0.072852,-1405.23877
0.267495,0.076934,-1405.27063
0.267495,0.076934,-1404.433105
0.267005,0.07045,-1406.104736
0.267005,0.07045,-1404.747559
0.270985,0.068658,-1405.166016
0.270678,0.069639,-1405.279541
0.268374,0.066603,-1404.26062
0.266608,0.064892,-1405.834473
0.263467,0.069535,-1405.296387
0.263467,0.069535,-1404.570435
0.267466,0.076462,-1404.756348
0.26461,0.075278,-1405.60144
0.265115,0.074273,-1405.480957
0.266998,0.072732,-1405.725342
0.266998,0.072732,-1405.407104
0.260009,0.074008,-1405.588745
0.260009,0.074008,-1406.651611
0.260009,0.074008,-1405.46582
0.260009,0.074008,-1405.48877
0.260009,0.074008,-1406.496094
0.26009,0.074091,-1405.756592
0.260472,0.076609,-1405.490723
0.270496,0.072684,-1405.079712
0.27477,0.069316,-1405.690674
0.273189,0.069784,-1404.626221
0.273189,0.069784,-1405.394043
0.274086,0.069758,-1404.278809
0.279398,0.065879,-1405.967407
0.274797,0.070687,-1405.215332
0.272836,0.068922,-1405.612427
0.272535,0.073908,-1405.41333
0.265974,0.075557,-1405.666138
0.26962,0.07237,-1404.787964
0.26962,0.07237,-1404.532959
0.263764,0.069118,-1405.519287
0.260383,0.070013,-1405.22229
0.260383,0.070013,-1405.903564
0.256465,0.072124,-1406.634766
0.254885,0.072243,-1407.328369
0.254269,0.070412,-1406.940186
0.256855,0.074806,-1407.213257
0.256855,0.074806,-1407.495728
0.256855,0.074806,-1406.160278
0.256855,0.074806,-1406.325684
0.262148,0.071353,-1404.730103
0.262148,0.071353,-1405.939941
0.261164,0.073556,-1406.221069
0.259141,0.072325,-1406.332397
0.25968,0.074919,-1405.52771
0.258749,0.0707,-1406.167236
0.259137,0.068457,-1405.304688
0.259969,0.066765,-1405.282227
0.259969,0.066765,-1405.407349
0.258579,0.070926,-1405.387207
0.261777,0.072519,-1406.263184
0.267411,0.07454,-1404.862061
0.264736,0.072961,-1405.496826
0.264736,0.072961,-1404.52002
0.264736,0.072961,-1404.664062
0.264376,0.075102,-1405.432617
0.264376,0.075102,-1405.002441
0.264376,0.075102,-1405.957886
0.270543,0.07247,-1404.744141
0.270543,0.07247,-1404.803467
0.273155,0.073097,-1405.85791
0.270834,0.067611,-1404.212769
0.267292,0.068411,-1404.451294
0.267138,0.067509,-1405.208984
0.270409,0.066382,-1405.522949
0.270409,0.066382,-1404.547607
0.271525,0.063307,-1405.339111
0.277714,0.064963,-1404.913696
0.277714,0.064963,-1405.272949
0.277714,0.064963,-1405.357178
0.269927,0.061576,-1406.110352
0.274825,0.061483,-1405.233398
0.274477,0.064504,-1406.077759
0.27303,0.065729,-1405.274292
0.273944,0.064909,-1405.723389
0.268451,0.068126,-1405.609253
0.268451,0.068126,-1405.454346
0.271363,0.066285,-1404.292847
0.267044,0.066842,-1405.722168
0.267044,0.066842,-1405.011719
0.267902,0.066571,-1405.471313
0.267738,0.073585,-1404.93457
0.267738,0.073585,-1404.963867
0.274021,0.071482,-1404.994507
0.26877,0.07159,-1404.734131
0.267343,0.071854,-1405.031982
0.268847,0.074712,-1405.783936
0.268847,0.074712,-1405.356567
0.268453,0.078072,-1404.813232
0.262399,0.07847,-1406.013184
0.257494,0.079797,-1406.873535
0.256101,0.075728,-1406.494995
0.256744,0.074835,-1406.565918
0.25598,0.071141,-1407.280396
0.253407,0.070808,-1408.286377
0.255,0.071001,-1407.426514
0.255,0.071001,-1406.280884
0.256729,0.067658,-1405.9021
0.259938,0.067934,-1406.572144
0.258594,0.072296,-1406.762207
0.265896,0.067373,-1404.69519
0.271314,0.073296,-1405.632568
0.27583,0.068648,-1405.391479
0.274675,0.07178,-1404.779297
0.274675,0.07178,-1404.397583
0.275013,0.071282,-1404.625244
0.272561,0.071059,-1404.752197
0.275231,0.072983,-1405.656738
0.274223,0.072045,-1404.762573
0.27384,0.073727,-1404.413574
0.281541,0.074315,-1405.736328
0.276106,0.077591,-1404.182617
0.276633,0.072403,-1404.999268
0.277765,0.075212,-1405.653442
0.277062,0.081035,-1405.818359
0.278965,0.078834,-1405.373901
0.286352,0.079331,-1406.320312
0.290583,0.081053,-1407.085449
0.29123,0.080904,-1407.784302
0.29123,0.080904,-1407.324097
0.293026,0.079846,-1407.232422
0.292962,0.080706,-1408.676758
0.292962,0.080706,-1407.575195
0.293688,0.080718,-1408.463501
0.29386,0.083849,-1408.32666
0.295953,0.084243,-1409.028931
0.290092,0.088215,-1409.728027
0.291521,0.085948,-1408.152588
0.294823,0.087933,-1409.21814
0.297122,0.081921,-1409.384277
0.29407,0.079898,-1407.729736
0.293173,0.082006,-1408.169922
0.294711,0.085565,-1409.178711
0.29471,0.086422,-1409.216064
0.292039,0.087987,-1409.712036
0.294517,0.089984,-1409.509033
0.293599,0.090108,-1409.124512
0.301893,0.089041,-1411.563721
0.295421,0.088927,-1409.22998
0.295421,0.088927,-1410.796143
0.295421,0.088927,-1410.737793
0.295377,0.088133,-1408.333496
0.292753,0.087561,-1409.229492
0.292889,0.08755,-1409.281494
0.29264,0.087047,-1408.931152
0.289822,0.088206,-1409.252197
0.288114,0.087781,-1408.4104
0.29001,0.09152,-1409.185059
0.29001,0.09152,-1409.921021
0.29001,0.09152,-1408.628784
0.286213,0.088579,-1409.072998
0.289917,0.08584,-1410.018921
0.289917,0.08584,-1408.578613
0.290574,0.0864,-1408.223389
0.283763,0.086673,-1408.405762
0.282684,0.082757,-1405.950439
0.282684,0.082757,-1405.975342
0.280261,0.084893,-1407.265991
0.282259,0.084809,-1406.573486
0.285657,0.083892,-1407.279541
0.285657,0.083892,-1406.296143
0.278631,0.078712,-1406.502686
0.278631,0.078712,-1405.000122
0.282324,0.080554,-1405.781006
0.282324,0.080554,-1406.090576
0.282061,0.084643,-1407.127808
0.286476,0.080476,-1407.357666
0.285946,0.078803,-1406.763672
0.285946,0.078803,-1407.125488
0.278989,0.080029,-1405.523193
0.27899,0.078358,-1406.208984
0.27899,0.078358,-1404.986572
0.278648,0.079505,-1405.648071
0.278648,0.079505,-1405.527344
0.284294,0.074992,-1405.001343
0.284443,0.074533,-1405.180664
0.282869,0.073702,-1405.746094
0.282869,0.073702,-1405.05127
0.288682,0.076304,-1406.407959
0.289378,0.075932,-1406.718384
0.289378,0.075932,-1406.226318
0.288507,0.076117,-1405.884033
0.287943,0.07608,-1406.939209
0.289662,0.074477,-1406.855225
0.289662,0.074477,-1406.228027
0.289662,0.074477,-1406.096191
0.289662,0.074477,-1407.115234
0.289887,0.072831,-1406.788086
0.288298,0.071019,-1405.884766
0.288419,0.065779,-1406.421387
0.288694,0.065376,-1406.918213
0.28534,0.066759,-1405.57373
0.28534,0.066759,-1406.205811
0.281295,0.063836,-1405.355225
0.287373,0.066295,-1406.552246
0.290593,0.070886,-1406.745361
0.287095,0.067248,-1405.29541
0.289722,0.070605,-1406.786377
0.289388,0.074119,-1407.120361
0.289388,0.074119,-1406.362305
0.286522,0.072815,-1405.412964
0.285976,0.072441,-1405.824463
0.284839,0.076326,-1405.455078
0.285095,0.079308,-1407.555176
0.280705,0.078566,-1405.183228
0.280705,0.078566,-1405.260986
0.28118,0.078962,-1405.736938
0.28118,0.078962,-1405.909668
0.279052,0.074689,-1404.864136
0.278982,0.073507,-1405.479004
0.276287,0.074956,-1404.641479
0.280326,0.071048,-1405.214478
0.280326,0.071048,-1405.073853
0.273922,0.067885,-1404.973145
0.275584,0.071153,-1404.839111
0.275584,0.071153,-1404.880859
0.273575,0.073292,-1404.937744
0.273575,0.073292,-1404.067383
0.270572,0.073351,-1404.927002
0.273335,0.073003,-1405.094238
0.2741,0.076738,-1404.94043
0.270317,0.075769,-1405.052734
0.269465,0.078351,-1404.740967
0.265755,0.077909,-1406.20874
0.260435,0.078982,-1406.743896
0.263634,0.076928,-1405.811523
0.263634,0.076928,-1405.735107
0.263634,0.076928,-1404.884888
0.263634,0.076928,-1406.280518
0.263634,0.076928,-1405.376831
0.265137,0.071472,-1405.487061
0.263161,0.072942,-1405.803467
0.263161,0.072942,-1404.668213
0.262474,0.073736,-1404.763916
0.262474,0.073736,-1405.944336
0.262474,0.073736,-1404.439453
0.263579,0.078416,-1405.795776
0.263579,0.078416,-1405.209473
0.263579,0.078416,-1405.313232
0.263579,0.078416,-1405.003418
0.262727,0.079869,-1406.19751
0.265965,0.075697,-1405.194214
0.265965,0.075697,-1404.69458
0.263283,0.076988,-1405.121582
0.264504,0.075356,-1405.328491
0.263077,0.073029,-1405.440796
0.266067,0.073879,-1405.111816
0.262412,0.075384,-1405.408447
0.261791,0.078703,-1405.131836
0.260172,0.077419,-1406.527344
0.260172,0.077419,-1406.430298
0.265801,0.078289,-1405.596802
0.260445,0.077718,-1406.172607
0.25792,0.071937,-1406.516235
0.259772,0.065378,-1406.905518
0.259772,0.065378,-1405.258301
0.259772,0.065378,-1406.352417
0.262884,0.0664,-1404.877075
0.262934,0.067561,-1406.04834
0.264246,0.065729,-1405.908691
0.264246,0.065729,-1404.63916
0.268779,0.062801,-1405.399048
0.271798,0.058717,-1406.646118
0.26986,0.056972,-1406.753418
0.26986,0.056972,-1406.789673
0.270529,0.059401,-1406.2771
0.270529,0.059401,-1406.016357
0.270529,0.059401,-1405.597656
0.271141,0.068459,-1405.452881
0.268263,0.068382,-1405.002686
0.268263,0.068382,-1405.774414
0.264055,0.064971,-1406.414307
0.264055,0.064971,-1406.272583
0.26867,0.066434,-1404.279053
0.273676,0.07408,-1405.001709
0.273995,0.075756,-1405.032471
0.270413,0.078227,-1404.970337
0.276614,0.082802,-1406.380859
0.27544,0.081594,-1405.912598
0.271348,0.085358,-1406.08667
0.265096,0.078984,-1405.860107
0.265096,0.078984,-1405.207031
0.270078,0.075559,-1404.845703
0.273737,0.074739,-1404.674316
0.27103,0.069893,-1405.155762
0.267681,0.068842,-1404.963379
0.267891,0.072712,-1404.960449
0.273987,0.071498,-1405.096924
0.281021,0.073608,-1405.32373
0.281021,0.073608,-1405.473755
0.281021,0.073608,-1404.945557
0.279523,0.073188,-1405.292603
0.281672,0.075111,-1406.446899
0.281527,0.074511,-1405.158936
0.281527,0.074511,-1406.111572
0.279659,0.072922,-1404.846558
0.274284,0.075131,-1405.511597
0.274284,0.075131,-1404.724731
0.275418,0.078744,-1404.942139
0.275418,0.078744,-1405.118408
0.274382,0.076416,-1405.614014
0.274772,0.076432,-1405.160034
0.274772,0.076432,-1404.951172
0.277525,0.075405,-1405.068604
0.277525,0.075405,-1405.236084
0.281875,0.072817,-1405.387329
0.281875,0.072817,-1405.401367
0.283369,0.071202,-1404.837402
0.283916,0.070069,-1405.632324
0.27841,0.071145,-1405.322021
0.279725,0.072897,-1405.822754
0.280188,0.072604,-1405.373535
0.280188,0.072604,-1405.664062
0.280188,0.072604,-1405.015869
0.280188,0.072604,-1404.874512
0.281075,0.078122,-1405.36377
0.281075,0.078122,-1405.025513
0.283434,0.08044,-1406.787476
0.278429,0.085592,-1405.834717
0.27934,0.083966,-1407.07373
0.27934,0.083966,-1406.445923
0.288063,0.080048,-1406.880371
0.287109,0.082485,-1407.150391
0.287109,0.082485,-1406.521729
0.287109,0.082485,-1407.958008
0.292343,0.083901,-1407.536621
0.29546,0.083229,-1409.134521
0.295406,0.087146,-1410.208862
0.292173,0.085131,-1408.11377
0.292173,0.085131,-1407.716064
0.289796,0.083443,-1407.945923
0.289008,0.082182,-1407.401611
0.289008,0.082182,-1407.618896
0.289008,0.082182,-1407.469238
0.289654,0.07854,-1407.300293
0.288262,0.077865,-1407.549561
0.285114,0.079545,-1406.308838
0.283862,0.07747,-1406.290649
0.277466,0.076323,-1406.028076
0.275806,0.077154,-1405.316162
0.273488,0.079867,-1405.177734
0.273488,0.079867,-1406.302246
0.275052,0.080132,-1406.086182
0.276687,0.076158,-1404.46167
0.276133,0.072626,-1405.301636
0.282027,0.076904,-1406.091309
0.282027,0.076904,-1405.020752
0.280675,0.07268,-1405.431763
0.280227,0.068369,-1404.984131
0.283224,0.068996,-1405.160034
0.284895,0.0673,-1406.479004
0.279324,0.070664,-1405.153809
0.275554,0.071564,-1405.039185
0.272971,0.074852,-1404.181885
0.27876,0.070793,-1404.851074
0.277572,0.067632,-1404.955688
0.277487,0.065997,-1405.660278
0.269932,0.066919,-1405.066406
0.262856,0.06988,-1405.945435
0.26292,0.068956,-1405.900146
0.261565,0.066308,-1406.697144
0.261035,0.06841,-1406.106445
0.261035,0.06841,-1406.263916
0.262359,0.065939,-1406.217651
0.259839,0.06633,-1405.651611
0.259839,0.06633,-1405.20752
0.26972,0.066318,-1404.933716
0.267908,0.059749,-1406.815918
0.262896,0.06051,-1405.779053
0.261873,0.061072,-1407.351685
0.261873,0.061072,-1406.728149
0.260692,0.063307,-1407.114258
0.260692,0.063307,-1405.08252
0.26164,0.060163,-1406.81604
0.25314,0.061154,-1407.650391
0.254553,0.058549,-1408.677979
0.258303,0.058104,-1407.973267
0.267087,0.057667,-1406.339111
0.267087,0.057667,-1406.577637
0.274144,0.058802,-1406.096191
0.277767,0.056388,-1406.868286
0.277836,0.059706,-1405.819824
0.272301,0.062817,-1405.620483
0.271946,0.0599,-1406.078369
0.271946,0.0599,-1406.469238
0.271946,0.0599,-1405.908325
0.272651,0.064206,-1404.776245
0.274879,0.061971,-1405.364746
0.278231,0.065477,-1405.567261
0.276532,0.066658,-1406.077026
0.276532,0.066658,-1404.009277
0.274212,0.06311,-1405.143799
0.274212,0.06311,-1405.085205
0.271696,0.068159,-1405.104614
0.277889,0.065872,-1405.52124
0.27598,0.067555,-1404.468262
0.276676,0.067408,-1405.242432
0.278793,0.07084,-1404.94751
0.278793,0.07084,-1404.771118
0.278726,0.072162,-1404.317993
0.278726,0.072162,-1405.233398
0.27475,0.070301,-1405.171387
0.274938,0.068659,-1404.615479
0.275971,0.073609,-1404.899902
0.275971,0.073609,-1404.860596
0.271195,0.072126,-1404.528809
0.276012,0.070793,-1405.89502
0.273091,0.068439,-1404.253906
0.269242,0.069321,-1405.172363
0.270721,0.067498,-1405.30127
0.270262,0.065943,-1405.516724
0.275946,0.063516,-1405.336182
0.275946,0.063516,-1405.579102
0.274689,0.061504,-1405.432373
0.275147,0.060045,-1406.369751
0.270961,0.063025,-1405.810669
0.272572,0.065593,-1405.039429
0.273954,0.065501,-1404.726196
0.274539,0.060564,-1406.104492
0.274539,0.060564,-1404.893799
0.274539,0.060564,-1406.612183
0.27315,0.058281,-1405.796143
0.27315,0.058281,-1405.50354
0.27315,0.058281,-1405.413818
0.270364,0.058411,-1405.949463
0.266142,0.055627,-1406.292847
0.263631,0.060486,-1406.378174
0.263631,0.060486,-1406.119629
0.2573,0.058955,-1407.858276
0.258743,0.06026,-1406.779541
0.255857,0.0629,-1406.97998
0.253665,0.063394,-1408.191162
0.253665,0.063394,-1408.494263
0.254665,0.068625,-1406.09375
0.254665,0.068625,-1406.546387
0.254665,0.068625,-1407.06958
0.254665,0.068625,-1406.962158
0.254665,0.068625,-1407.358398
0.257191,0.066329,-1407.3573
0.255914,0.065326,-1407.476807
0.260365,0.062297,-1406.031738
0.261101,0.064009,-1405.708862
0.261101,0.064009,-1406.263916
0.260584,0.065989,-1405.608887
0.26031,0.069286,-1405.879517
0.26031,0.069286,-1405.27356
0.255393,0.073003,-1406.979248
0.257947,0.069977,-1405.954102
0.264076,0.071757,-1405.989746
0.266715,0.071415,-1405.603027
0.265489,0.073712,-1404.692383
0.268905,0.07452,-1403.718628
0.264545,0.078679,-1405.612915
0.2641,0.081462,-1405.522217
0.268749,0.073568,-1404.38208
0.270239,0.075128,-1404.866455
0.273875,0.073823,-1404.653564
0.26987,0.075741,-1404.500977
0.274135,0.077277,-1405.43457
0.272977,0.077385,-1405.693237
0.272977,0.077385,-1405.56958
0.274641,0.076149,-1405.260864
0.274907,0.079688,-1405.868408
0.26972,0.076044,-1405.343994
0.26972,0.076044,-1404.732666
0.26829,0.071828,-1404.87085
0.272106,0.064741,-1405.155273
0.269575,0.065472,-1404.833496
0.269575,0.065472,-1405.340576
0.271808,0.0653,-1404.956787
0.27448,0.066351,-1405.019043
0.272743,0.062506,-1405.28125
0.271067,0.064224,-1405.372559
0.270815,0.06121,-1405.210205
0.270815,0.06121,-1406.921875
0.269805,0.058603,-1406.652344
0.269805,0.058603,-1405.933838
0.272333,0.063745,-1405.685913
0.276286,0.066817,-1404.724854
0.276521,0.067837,-1405.001709
0.278027,0.064883,-1404.962158
0.278027,0.064883,-1404.369629
0.280948,0.067682,-1405.039307
0.280948,0.067682,-1406.267334
0.282613,0.066892,-1405.27124
0.282613,0.066892,-1405.033203
0.285282,0.069208,-1406.176514
0.285282,0.069208,-1405.921631
0.289939,0.068444,-1406.291138
0.28649,0.071002,-1406.10791
0.284733,0.074823,-1405.658936
0.289177,0.073289,-1406.557129
0.280981,0.065602,-1406.138672
0.279087,0.065433,-1405.458618
0.279087,0.065433,-1405.180054
0.281558,0.063739,-1406.006226
0.281138,0.060907,-1405.642822
0.281138,0.060907,-1405.873291
0.281313,0.066467,-1405.47522
0.281313,0.066467,-1405.534546
0.281145,0.068158,-1405.105713
0.284708,0.064622,-1406.201416
0.287608,0.070426,-1405.304199
0.284818,0.073242,-1406.318604
0.289771,0.079054,-1406.513916
0.288593,0.07702,-1406.409424
0.286332,0.074523,-1405.859985
0.287755,0.073441,-1406.653076
0.291403,0.072815,-1405.940674
0.291403,0.072815,-1407.249878
0.291403,0.072815,-1406.30481
0.292504,0.070874,-1407.688477
0.288745,0.076467,-1407.011108
0.288697,0.071992,-1405.623901
0.289656,0.073528,-1406.306152
0.285924,0.074086,-1405.019775
0.281752,0.073213,-1405.882324
0.281752,0.073213,-1405.123535
0.281752,0.073213,-1405.431885
0.281752,0.073213,-1404.729248
0.282682,0.069389,-1404.913086
0.280583,0.066487,-1405.827393
0.275212,0.065469,-1405.373047
0.276816,0.063751,-1406.047974
0.276849,0.063773,-1406.668457
0.276849,0.063773,-1405.428223
0.276849,0.063773,-1406.0354
0.279048,0.065011,-1406.281494
0.280926,0.065556,-1405.742554
0.282689,0.06645,-1404.985718
0.284065,0.068478,-1405.302246
0.283974,0.067584,-1405.952515
0.279097,0.069969,-1405.810059
0.280879,0.068809,-1404.337646
0.280161,0.066265,-1405.414307
0.280161,0.066265,-1404.847656
0.279192,0.066592,-1405.268921
0.279192,0.066592,-1405.647217
0.279192,0.066592,-1405.243896
0.278855,0.067887,-1405.794922
0.282631,0.067973,-1405.789551
0.281284,0.068784,-1404.685913
0.281284,0.068784,-1405.231079
0.275513,0.064494,-1404.83374
0.275513,0.064494,-1405.150146
0.275513,0.064494,-1405.20874
0.273767,0.065535,-1404.782959
0.273767,0.065535,-1404.587769
0.271747,0.062906,-1405.468628
0.270871,0.064888,-1406.072632
0.270871,0.064888,-1404.466797
0.273406,0.066001,-1404.87085
0.268714,0.066173,-1404.836914
0.268714,0.066173,-1405.248291
0.27479,0.066981,-1406.037598
0.273312,0.069859,-1405.487305
0.272442,0.070041,-1405.151123
0.274777,0.072282,-1405.265381
0.269018,0.074938,-1405.603394
0.270548,0.0745,-1404.395752
0.270548,0.0745,-1404.195312
0.270548,0.0745,-1404.985352
0.269968,0.073131,-1405.487793
0.270258,0.073359,-1404.828003
0.266721,0.071702,-1404.60144
0.265788,0.071682,-1405.869385
0.265788,0.071682,-1405.358643
0.261119,0.07289,-1405.210938
0.261119,0.07289,-1405.567139
0.261296,0.070481,-1405.393799
0.261748,0.069085,-1405.997803
0.261748,0.069085,-1405.492065
0.262143,0.073069,-1406.184082
0.261119,0.073416,-1405.221436
0.259422,0.074089,-1406.443359
0.264831,0.072443,-1404.940918
0.265692,0.075247,-1405.980347
0.265692,0.075247,-1405.479248
0.265877,0.081042,-1405.02063
0.26636,0.082455,-1406.06543
0.26636,0.082455,-1406.21167
0.26855,0.077443,-1405.532715
0.260493,0.080228,-1406.818604
0.260493,0.080228,-1407.11084
0.258716,0.080423,-1406.156982
0.25825,0.078276,-1406.296143
0.259156,0.078603,-1405.737061
0.259156,0.078603,-1406.864502
0.258191,0.075549,-1406.430664
0.265489,0.074697,-1405.602295
0.266814,0.070246,-1404.679688
0.2684,0.066452,-1404.931641
0.264554,0.068947,-1405.470459
0.26837,0.070039,-1404.019409
0.264271,0.069565,-1405.404419
0.260224,0.066374,-1405.805542
0.262543,0.067387,-1405.041748
0.262543,0.067387,-1404.943848
0.263337,0.073202,-1406.240723
0.258465,0.074692,-1406.07666
0.2608,0.072054,-1406.377441
0.261275,0.073043,-1404.635864
0.261275,0.073043,-1405.06897
0.267761,0.070118,-1404.845703
0.27427,0.070134,-1403.885498
0.275906,0.073857,-1405.641846
0.274368,0.072179,-1404.712402
0.274845,0.072289,-1405.026123
0.274845,0.072289,-1404.366333
0.274845,0.072289,-1404.827393
0.274945,0.069312,-1405.115479
0.274365,0.066715,-1405.018799
0.275714,0.064974,-1405.798828
0.275795,0.066732,-1405.43335
0.269913,0.069522,-1405.293945
0.269913,0.069522,-1404.807495
0.267421,0.072593,-1405.580322
0.267595,0.070154,-1405.205566
0.276472,0.072198,-1404.21936
0.276472,0.072198,-1404.962769
0.281467,0.07122,-1405.369263
0.278849,0.072396,-1405.993408
0.283442,0.073423,-1405.765015
0.285906,0.074623,-1405.97583
0.282499,0.075571,-1405.615479
0.286915,0.0816,-1406.232666
0.281019,0.076001,-1406.292969
0.285986,0.076578,-1404.820068
0.284779,0.075938,-1405.567017
0.281714,0.075268,-1405.851562
0.278325,0.077331,-1406.359863
0.277047,0.076937,-1405.694336
0.277809,0.074885,-1405.56543
0.27426,0.074415,-1404.925537
0.27426,0.074415,-1404.849609
0.276243,0.084187,-1405.701172
0.271436,0.080245,-1406.61084
0.271436,0.080245,-1405.55957
0.272218,0.085239,-1405.987793
0.269084,0.084405,-1407.493896
0.269084,0.084405,-1406.340088
0.2758,0.082301,-1405.659668
0.275678,0.083965,-1406.677246
0.275678,0.083965,-1405.876343
0.27002,0.086556,-1406.890869
0.275643,0.087717,-1407.172363
0.27482,0.09038,-1407.310547
0.27482,0.09038,-1407.750488
0.27137,0.093305,-1408.704834
0.274159,0.094212,-1408.362427
0.274159,0.094212,-1408.490601
0.271925,0.092665,-1407.072754
0.271925,0.092665,-1408.280762
0.271925,0.092665,-1408.361084
0.276968,0.096523,-1409.452393
0.272286,0.095562,-1409.329712
0.269382,0.095263,-1408.331299
0.264426,0.093339,-1408.370972
0.270339,0.085807,-1406.808472
0.268856,0.082017,-1405.803711
0.268454,0.0844,-1406.317139
0.268465,0.081656,-1405.854004
0.270815,0.076094,-1405.032837
0.266914,0.070174,-1405.501953
0.263854,0.066195,-1406.036499
0.265167,0.06593,-1406.177612
0.27075,0.069214,-1405.751465
0.269657,0.067363,-1405.252686
0.269657,0.067363,-1404.94043
0.269657,0.067363,-1404.685425
0.265825,0.070284,-1405.52063
0.26368,0.065579,-1405.950195
0.269431,0.073806,-1405.697998
0.269431,0.073806,-1404.665527
0.269431,0.073806,-1404.531738
0.270927,0.076469,-1405.333984
0.270927,0.076469,-1405.136963
0.269396,0.075688,-1405.400635
0.27152,0.076384,-1405.358765
0.271567,0.07646,-1404.385742
0.271567,0.07646,-1404.749023
0.272298,0.076543,-1404.855713
0.268838,0.074007,-1405.430786
0.266562,0.076916,-1405.301147
0.266562,0.076916,-1405.546631
0.261848,0.079023,-1406.256104
0.261848,0.079023,-1405.537476
0.266743,0.083376,-1407.27002
0.267285,0.079918,-1406.746948
0.271305,0.083623,-1406.149414
0.273163,0.091211,-1408.110229
0.269478,0.092972,-1407.960938
0.272044,0.094276,-1408.990234
0.275091,0.096915,-1408.724976
0.273664,0.093024,-1407.836426
0.272235,0.094908,-1409.089355
0.279822,0.096369,-1408.544189
0.281622,0.098052,-1410.700317
0.285751,0.097558,-1410.601807
0.283722,0.098273,-1410.374268
0.283722,0.098273,-1411.10022
0.283722,0.098273,-1411.343018
0.285828,0.095606,-1409.623535
0.285897,0.09732,-1410.020508
0.285897,0.09732,-1410.42334
0.293387,0.090027,-1410.530762
0.292982,0.088266,-1409.08606
0.288384,0.088235,-1408.890259
0.288384,0.088235,-1408.097412
0.288384,0.088235,-1408.718872
0.285105,0.08933,-1408.050049
0.288645,0.08752,-1407.724487
0.288645,0.08752,-1407.562866
0.290804,0.086582,-1408.453857
0.289442,0.089688,-1408.732544
0.289442,0.089688,-1408.746094
0.289442,0.089688,-1409.018555
0.289442,0.089688,-1409.796753
0.284777,0.090161,-1408.574707
0.284064,0.08993,-1408.583984
0.281127,0.085519,-1406.343384
0.287398,0.084174,-1407.019043
0.283443,0.084019,-1407.62915
0.282059,0.085134,-1406.982666
0.275307,0.08532,-1406.826904
0.274917,0.080448,-1405.605957
0.276385,0.080637,-1405.806641
0.273289,0.082496,-1405.3479
0.273289,0.082496,-1405.601685
0.27316,0.086756,-1407.924805
0.27407,0.086569,-1407.18042
0.277517,0.085226,-1407.259644
0.277517,0.085226,-1405.880127
0.277517,0.085226,-1406.724976
0.277242,0.084428,-1406.613281
0.281172,0.084952,-1407.912842
0.272182,0.082399,-1405.134644
0.272182,0.082399,-1406.128174
0.272182,0.082399,-1406.349731
0.272182,0.082399,-1405.617432
0.271455,0.080564,-1405.638184
0.271455,0.080564,-1405.514893
0.271455,0.080564,-1405.928345
0.275081,0.08016,-1405.302979
0.272845,0.082099,-1405.874756
0.275682,0.07782,-1405.145142
0.278548,0.075614,-1405.055664
0.278548,0.075614,-1406.445312
0.280486,0.071559,-1405.320557
0.274492,0.073322,-1405.825684
0.273128,0.073987,-1405.018677
0.26929,0.077823,-1405.606445
0.26929,0.077823,-1404.990479
0.268692,0.074011,-1404.651489
0.270241,0.076569,-1405.197998
0.270241,0.076569,-1404.991699
0.270241,0.076569,-1405.499268
0.27227,0.074481,-1404.691406
0.272845,0.07271,-1404.990479
0.272845,0.07271,-1404.015259
0.270342,0.061839,-1406.616211
0.271189,0.060298,-1405.312744
0.268148,0.059975,-1406.169678
0.270355,0.062906,-1405.251953
0.270355,0.062906,-1405.949707
0.266136,0.063338,-1406.012451
0.272424,0.06675,-1404.587891
0.276204,0.067502,-1404.821045
0.274591,0.065003,-1404.639404
0.274591,0.065003,-1404.980225
0.272185,0.065702,-1404.705811
0.26915,0.061649,-1405.60083
0.266929,0.061324,-1405.825928
0.267475,0.061861,-1405.242798
0.270298,0.063458,-1405.538086
0.272789,0.057739,-1406.38916
0.272789,0.057739,-1405.774414
0.272565,0.062339,-1405.640625
0.272565,0.062339,-1404.963013
0.273429,0.064537,-1404.825195
0.269913,0.062975,-1405.181641
0.269472,0.064432,-1404.692993
0.271247,0.061107,-1405.364014
0.264967,0.061151,-1405.406982
0.259424,0.069862,-1405.737305
0.259424,0.069862,-1405.093506
0.254892,0.074459,-1406.983154
0.257488,0.079092,-1407.583008
0.254347,0.076495,-1407.678711
0.254347,0.076495,-1407.509521
0.255623,0.080667,-1407.549683
0.258989,0.076185,-1406.822998
0.259487,0.074533,-1405.898071
0.259343,0.074936,-1404.740112
0.260054,0.072349,-1405.816162
0.266003,0.073815,-1404.90979
0.266003,0.073815,-1405.336426
0.267405,0.074342,-1404.559326
0.271848,0.072506,-1404.555298
0.271848,0.072506,-1405.366699
0.271563,0.077404,-1405.677979
0.267453,0.077588,-1405.945679
0.264037,0.074633,-1405.407227
0.264037,0.074633,-1405.224854
0.266712,0.075684,-1405.986084
0.267897,0.07264,-1405.689453
0.26668,0.071264,-1405.22998
0.26488,0.071019,-1405.329468
0.265054,0.071555,-1406.538574
0.268344,0.07065,-1404.418701
0.265908,0.072271,-1404.954102
0.265463,0.072482,-1405.202759
0.265463,0.072482,-1405.001343
0.268036,0.071228,-1404.59668
0.268036,0.071228,-1404.114014
0.266425,0.06746,-1404.997803
0.266997,0.070966,-1404.787354
0.266997,0.070966,-1404.577148
0.263836,0.065181,-1405.774414
0.266594,0.066017,-1404.635986
0.26218,0.065708,-1405.401733
0.260063,0.062455,-1407.320312
0.260063,0.062455,-1406.777344
0.260063,0.062455,-1406.319092
0.259768,0.061544,-1405.928467
0.259768,0.061544,-1407.137695
0.26377,0.060113,-1406.370239
0.259426,0.062924,-1406.552246
0.259891,0.062838,-1405.723145
0.261956,0.065475,-1406.038574
0.266354,0.061858,-1405.71167
0.266354,0.061858,-1405.364746
0.270431,0.059478,-1405.705811
0.265443,0.062726,-1406.050537
0.264121,0.063682,-1405.611938
0.268541,0.06362,-1405.938721
0.271412,0.05828,-1406.556152
0.272201,0.057569,-1406.610352
0.272201,0.057569,-1406.792236
0.272963,0.055289,-1406.909424
0.267832,0.052286,-1408.07373
0.267832,0.052286,-1409.233643
0.267832,0.052286,-1408.766357
0.267264,0.051882,-1409.375244
0.268266,0.05171,-1408.424561
0.270356,0.055566,-1407.428101
0.269995,0.053935,-1407.295288
0.27145,0.055058,-1407.043945
0.272166,0.054678,-1407.810059
0.272166,0.054678,-1407.174561
0.272166,0.054678,-1407.075439
0.272166,0.054678,-1407.507568
0.272166,0.054678,-1407.76416
0.272166,0.054678,-1407.060303
0.270493,0.053209,-1408.231445
0.279643,0.052337,-1408.748047
0.279643,0.052337,-1408.004272
0.279643,0.052337,-1408.741211
0.280226,0.052378,-1408.719238
0.278542,0.053614,-1407.169189
0.283333,0.054798,-1407.672485
0.288604,0.05426,-1409.094727
0.289439,0.05343,-1408.844482
0.289976,0.052841,-1409.476196
0.287452,0.056844,-1407.821777
0.287452,0.056844,-1407.877441
0.287452,0.056844,-1407.170654
0.288683,0.056557,-1408.217041
0.288683,0.056557,-1407.393555
0.291042,0.060623,-1408.090454
0.291042,0.060623,-1406.973389
0.2865,0.059877,-1407.392212
0.2832,0.061617,-1406.079224
0.281032,0.063978,-1406.274414
0.277412,0.06094,-1405.891602
0.273277,0.060737,-1405.787354
0.270874,0.066319,-1405.665283
0.269816,0.067459,-1404.728027
0.273178,0.070098,-1406.153076
0.271207,0.066857,-1404.815674
0.275347,0.071153,-1404.154297
0.275076,0.077408,-1405.720947
0.282158,0.080313,-1406.662109
0.282158,0.080313,-1406.220215
0.282158,0.080313,-1406.101074
0.281878,0.07406,-1406.67334
0.285652,0.077799,-1406.720581
0.283887,0.077677,-1405.746948
0.283887,0.077677,-1406.124512
0.285227,0.081303,-1406.298096
0.281698,0.079933,-1406.814941
0.281698,0.079933,-1406.340698
0.281617,0.083258,-1405.84082
0.281617,0.083258,-1406.195312
0.2845,0.08404,-1406.473145
0.281888,0.084195,-1406.783325
0.282996,0.084338,-1406.540039
0.282996,0.084338,-1406.500977
0.282996,0.084338,-1406.844238
0.28126,0.087643,-1407.625732
0.277136,0.086319,-1406.88623
0.275664,0.083915,-1406.590576
0.274045,0.086021,-1406.342041
0.271293,0.087074,-1405.943604
0.269037,0.086451,-1407.251953
0.269037,0.086451,-1405.86499
0.268735,0.087672,-1406.579468
0.273764,0.083658,-1406.392944
0.273764,0.083658,-1406.143066
0.283646,0.078538,-1407.075317
0.283646,0.078538,-1405.309814
0.284776,0.075005,-1405.71228
0.284776,0.075005,-1406.075439
0.283661,0.074933,-1405.300537
0.283661,0.074933,-1405.526367
0.281073,0.078413,-1404.687988
0.27977,0.076778,-1405.02356
0.278322,0.077522,-1405.854492
0.275671,0.07749,-1404.239746
0.278018,0.074478,-1405.425293
0.278611,0.081008,-1406.442139
0.278611,0.081008,-1405.659912
0.283187,0.081105,-1406.37146
0.281632,0.079176,-1405.582153
0.277542,0.080271,-1406.052734
0.276703,0.086553,-1406.456787
0.281071,0.083845,-1406.453247
0.279413,0.08691,-1407.29248
0.281598,0.088339,-1408.203125
0.281598,0.088339,-1407.400757
0.278394,0.091947,-1409.01709
0.280593,0.087048,-1406.460449
0.281451,0.086921,-1406.661865
0.280968,0.07659,-1405.862549
0.285606,0.083004,-1406.813232
0.279791,0.08195,-1406.541504
0.27911,0.082345,-1405.80896
0.282187,0.083467,-1406.617676
0.280796,0.083932,-1406.254761
0.281631,0.082582,-1406.457275
0.286421,0.081247,-1406.51416
0.286421,0.081247,-1406.936279
0.286421,0.081247,-1406.767456
0.291289,0.079769,-1407.480469
0.287159,0.08165,-1406.972656
0.288472,0.081848,-1407.9021
0.287684,0.081408,-1406.705811
0.283749,0.08059,-1406.398926
0.286021,0.08159,-1405.637695
0.288161,0.076181,-1406.072388
0.288858,0.073738,-1406.276489
0.288858,0.073738,-1406.08374
0.288858,0.073738,-1406.404785
0.288858,0.073738,-1405.769287
0.2887,0.071082,-1406.025513
0.28965,0.067544,-1405.98938
0.28965,0.067544,-1406.158691
0.287097,0.071069,-1406.71106
0.287097,0.071069,-1405.802856
0.281816,0.072987,-1404.874023
0.281227,0.072254,-1405.464722
0.281227,0.072254,-1404.897461
0.280532,0.07357,-1404.716187
0.278717,0.071869,-1405.371826
0.278717,0.071869,-1405.045654
0.280764,0.065746,-1405.365967
0.282315,0.066245,-1404.868774
0.287343,0.069715,-1405.341553
0.285465,0.073223,-1405.692139
0.284068,0.071899,-1405.436768
0.285872,0.076031,-1406.013916
0.285872,0.076031,-1405.481201
0.287705,0.079321,-1407.377686
0.281572,0.082404,-1407.031494
0.281228,0.082253,-1407.02124
0.277856,0.085558,-1407.097168
0.277856,0.085558,-1406.795532
0.277243,0.088999,-1407.775391
0.277243,0.088999,-1407.447021
0.277243,0.088999,-1407.654541
0.277243,0.088999,-1407.263306
0.277243,0.088999,-1407.306519
0.2821,0.091521,-1408.136963
0.284699,0.09317,-1409.075684
0.280511,0.091131,-1408.412109
0.27795,0.087812,-1407.094238
0.277067,0.088236,-1406.602173
0.277067,0.088236,-1407.217041
0.269806,0.089704,-1406.986084
0.269806,0.089704,-1406.973267
0.269806,0.089704,-1406.697021
0.269859,0.088645,-1406.550171
0.266186,0.091945,-1408.505249
0.266186,0.091945,-1407.337402
0.266892,0.089215,-1408.068848
0.269856,0.092029,-1407.963623
0.269856,0.092029,-1407.872314
0.269856,0.092029,-1407.237427
0.269856,0.092029,-1407.678589
0.271155,0.09401,-1408.643188
0.269213,0.091408,-1407.616943
0.271663,0.093613,-1407.584717
0.268378,0.093761,-1408.185059
0.269101,0.093963,-1408.559937
0.269101,0.093963,-1407.942261
0.269101,0.093963,-1407.779907
0.269554,0.094902,-1408.488037
0.269554,0.094902,-1408.427124
0.269554,0.094902,-1408.792969
0.270869,0.095444,-1408.85022
0.268953,0.089774,-1407.600098
0.268953,0.089774,-1407.596802
0.268523,0.090804,-1408.608643
0.267182,0.088071,-1406.944946
0.266491,0.089165,-1407.075439
0.260324,0.093556,-1408.714844
0.257095,0.092117,-1409.667358
0.257095,0.092117,-1409.418457
0.258615,0.09253,-1408.674316
0.25399,0.09414,-1409.989746
0.255276,0.093658,-1409.718994
0.26016,0.091245,-1408.861816
0.261646,0.093015,-1408.819946
0.259832,0.091223,-1408.906982
0.255493,0.088279,-1408.566162
0.255493,0.088279,-1408.100098
0.252933,0.085403,-1409.208008
0.257764,0.082765,-1407.956177
0.257982,0.088766,-1408.393066
0.256399,0.080439,-1406.931641
0.250059,0.080146,-1409.217285
0.251949,0.077479,-1409.214111
0.2541,0.069575,-1407.535156
0.2541,0.069575,-1407.175537
0.257884,0.07003,-1406.244385
0.257366,0.07447,-1406.865601
0.257534,0.078935,-1406.246704
0.258726,0.077694,-1405.763672
0.257383,0.078678,-1407.224365
0.260581,0.079979,-1405.734741
0.262657,0.082707,-1406.731445
0.265669,0.082383,-1405.870972
0.270809,0.08363,-1405.914307
0.276712,0.079276,-1406.160034
0.279762,0.083491,-1406.154419
0.27709,0.087635,-1406.203247
0.27709,0.087635,-1407.368286
0.27709,0.087635,-1406.696899
0.28047,0.089667,-1408.237549
0.28376,0.090043,-1407.988525
0.286465,0.091561,-1408.791992
0.281983,0.087939,-1407.830688
0.281983,0.087939,-1407.708862
0.280816,0.087005,-1407.750732
0.280816,0.087005,-1407.236816
0.276003,0.086711,-1406.96582
0.276003,0.086711,-1406.897949
0.274094,0.084656,-1406.447388
0.278986,0.082404,-1405.21582
0.278986,0.082404,-1406.164185
0.274999,0.077791,-1405.18457
0.273548,0.075866,-1405.997192
0.270454,0.075408,-1405.056641
0.276858,0.076302,-1405.775635
0.270963,0.079218,-1405.802734
0.268288,0.08042,-1405.574097
0.268967,0.080078,-1405.887695
0.272659,0.079189,-1406.129883
0.271603,0.080924,-1405.623413
0.271881,0.081494,-1405.718018
0.271199,0.085779,-1407.887695
0.271926,0.084914,-1406.810059
0.275239,0.087565,-1407.092285
0.275167,0.086165,-1406.622314
0.275672,0.083765,-1406.629395
0.275597,0.081288,-1406.544678
0.277059,0.081868,-1406.710205
0.277059,0.081868,-1404.824951
0.277059,0.081868,-1405.807617
0.28385,0.079282,-1406.256592
0.287611,0.080167,-1406.547485
0.287418,0.0804,-1406.931763
0.290045,0.078389,-1407.143555
0.290045,0.078389,-1406.74585
0.289033,0.078849,-1406.117188
0.283847,0.085336,-1407.073242
0.272417,0.086613,-1406.511108
0.276391,0.089118,-1407.99585
0.272279,0.088845,-1407.435791
0.270295,0.08278,-1406.386475
0.273145,0.085775,-1406.777832
0.272128,0.079299,-1405.791748
0.273899,0.077748,-1406.406982
0.273899,0.077748,-1404.944824
0.279469,0.078808,-1405.617554
0.279469,0.078808,-1406.01355
0.2777,0.080047,-1405.818604
0.279098,0.07918,-1406.244141
0.279098,0.07918,-1405.132446
0.276756,0.078926,-1405.742676
0.277671,0.075682,-1404.735107
0.277525,0.075821,-1405.591309
0.281429,0.073764,-1404.427979
0.281429,0.073764,-1405.58252
0.279124,0.067608,-1404.674561
0.280984,0.063607,-1405.897217
0.280303,0.065234,-1404.897949
0.280303,0.065234,-1405.94165
0.286079,0.067203,-1405.685303
0.288513,0.068072,-1405.563599
0.287587,0.0643,-1405.619141
0.28932,0.062911,-1406.477905
0.28735,0.070145,-1407.148315
0.288082,0.067283,-1405.502686
0.287858,0.06886,-1405.908203
0.286402,0.067168,-1405.756226
0.280795,0.062697,-1406.00293
0.285613,0.063899,-1406.494995
0.282003,0.064876,-1406.469482
0.282003,0.064876,-1406.258545
0.282003,0.064876,-1404.2771
0.282003,0.064876,-1405.2854
0.282003,0.064876,-1405.171997
0.27709,0.066815,-1405.43042
0.272783,0.068049,-1405.727051
0.272783,0.068049,-1404.384521
0.272783,0.068049,-1404.573486
0.272783,0.068049,-1404.944702
0.275329,0.071126,-1405.144287
0.275329,0.071126,-1405.067139
0.281941,0.073864,-1404.524414
0.275011,0.068274,-1405.741455
0.275011,0.068274,-1404.198486
0.275011,0.068274,-1404.631836
0.274616,0.065381,-1405.480835
0.274769,0.066635,-1405.748047
0.274706,0.06175,-1405.582275
0.274706,0.06175,-1405.50354
0.271997,0.064656,-1405.071289
0.270743,0.068972,-1403.999634
0.268145,0.072119,-1405.234375
0.272537,0.075805,-1404.586426
0.272537,0.075805,-1404.716797
0.272537,0.075805,-1404.870483
0.277564,0.076652,-1405.35791
0.278193,0.074367,-1404.316406
0.278049,0.073979,-1405.509644
0.274353,0.075795,-1405.203979
0.274353,0.075795,-1404.759277
0.270484,0.07548,-1404.757935
0.275383,0.075004,-1404.155518
0.276254,0.0742,-1406.392456
0.276254,0.0742,-1404.141846
0.273001,0.071014,-1404.339844
0.269366,0.070984,-1405.20166
0.269464,0.07099,-1404.810669
0.273397,0.07239,-1405.040161
0.266392,0.071734,-1404.124634
0.268117,0.073651,-1405.425537
0.268548,0.069887,-1404.747681
0.264294,0.069707,-1405.390869
0.265512,0.067196,-1405.496704
0.265512,0.067196,-1405.730957
0.265512,0.067196,-1405.447998
0.261801,0.064588,-1405.66687
0.261801,0.064588,-1406.431396
0.261792,0.063355,-1405.867065
0.263811,0.057717,-1406.829346
0.267662,0.063494,-1405.119141
0.271263,0.069296,-1404.546875
0.271213,0.068888,-1404.531006
0.273839,0.068729,-1404.393066
0.265894,0.0629,-1404.933838
0.268452,0.059174,-1406.188721
0.271254,0.060958,-1406.373779
0.271254,0.060958,-1406.11499
0.271254,0.060958,-1405.327148
0.271254,0.060958,-1406.046631
0.271254,0.060958,-1404.959595
0.273513,0.06314,-1405.351074
0.274837,0.064753,-1405.262085
0.274837,0.064753,-1404.535156
0.273211,0.066092,-1406.077148
0.269393,0.067053,-1404.187256
0.272014,0.066806,-1404.077393
0.272127,0.068677,-1404.444946
0.272127,0.068677,-1404.680664
0.272698,0.067842,-1406.189697
0.272698,0.067842,-1404.993896
0.272215,0.067449,-1404.993286
0.268497,0.066053,-1404.766357
0.277027,0.067196,-1405.496338
0.277438,0.069332,-1404.56665
0.281602,0.069686,-1404.710449
0.282216,0.075609,-1405.864258
0.278928,0.073892,-1404.547607
0.282754,0.07206,-1405.237427
0.281199,0.070242,-1405.44751
0.285643,0.067331,-1405.981934
0.288444,0.065633,-1406.638428
0.28619,0.065234,-1405.722168
0.285284,0.067593,-1405.196777
0.288488,0.067997,-1406.253906
0.288488,0.067997,-1406.251343
0.288302,0.067865,-1405.849121
0.286957,0.069415,-1405.664307
0.286957,0.069415,-1406.294434
0.286957,0.069415,-1405.851318
0.286556,0.069814,-1406.368652
0.281858,0.07384,-1405.703125
0.279014,0.071008,-1404.858032
0.277204,0.072629,-1404.891113
0.273584,0.073495,-1404.895874
0.275692,0.073496,-1405.782227
0.275074,0.073369,-1404.316406
0.271701,0.069176,-1404.889282
0.273489,0.065851,-1405.206055
0.277104,0.062486,-1404.918457
0.276551,0.06624,-1404.872803
0.27575,0.064368,-1405.124756
0.275359,0.066357,-1404.455933
0.280255,0.062965,-1406.557617
0.277934,0.061922,-1405.564087
0.277934,0.061922,-1405.536621
0.277521,0.063377,-1405.542725
0.275539,0.063004,-1404.98291
0.271622,0.064426,-1405.317505
0.271217,0.069114,-1404.828369
0.270518,0.067755,-1405.036255
0.270518,0.067755,-1404.870728
0.272173,0.06977,-1404.800537
0.277475,0.07014,-1404.550293
0.277475,0.07014,-1404.14624
0.277475,0.07014,-1404.748291
0.279815,0.070144,-1404.428833
0.28031,0.07438,-1405.950439
0.28031,0.07438,-1404.439453
0.282972,0.066617,-1405.416016
0.284764,0.06472,-1405.271484
0.285738,0.06506,-1405.528931
0.285738,0.06506,-1405.634644
0.285738,0.06506,-1406.828125
0.285738,0.06506,-1405.833008
0.285738,0.06506,-1405.302002
0.286395,0.064153,-1406.002441
0.288873,0.064532,-1407.335449
0.29186,0.06527,-1406.618164
0.287102,0.065636,-1407.335449
0.283423,0.069236,-1405.765381
0.277458,0.073557,-1405.054688
0.281764,0.074718,-1406.16626
0.28487,0.075794,-1406.028198
0.286846,0.075936,-1405.512329
0.278093,0.07188,-1405.692383
0.279718,0.068211,-1406.054199
0.279718,0.068211,-1406.146973
0.283867,0.069888,-1405.263672
0.279349,0.070064,-1405.61853
0.286626,0.068562,-1404.93042
0.286626,0.068562,-1405.411133
0.28624,0.069455,-1406.739136
0.28624,0.069455,-1405.013428
0.280407,0.071281,-1404.425049
0.275707,0.069656,-1404.719482
0.270556,0.071542,-1405.27478
0.276804,0.07297,-1404.531006
0.272963,0.07061,-1404.658447
0.272963,0.07061,-1405.664185
0.278458,0.070001,-1405.331787
0.282897,0.066816,-1406.266968
0.280411,0.070028,-1405.713989
0.276883,0.068417,-1405.606812
0.278295,0.06951,-1405.083252
0.272346,0.068206,-1405.275269
0.270145,0.068514,-1404.748291
0.268817,0.069822,-1405.202271
0.276631,0.068894,-1405.363525
0.277619,0.068895,-1405.489502
0.275619,0.068616,-1405.319824
0.267735,0.066567,-1404.761719
0.270032,0.072898,-1404.633301
0.268849,0.073288,-1405.497192
0.266635,0.073593,-1405.109131
0.266635,0.073593,-1405.49292
0.270348,0.073282,-1404.39502
0.270348,0.073282,-1404.607178
0.273484,0.078822,-1405.854858
0.272392,0.080731,-1405.259399
0.272392,0.080731,-1406.303223
0.272217,0.081549,-1405.228149
0.272217,0.081549,-1404.485229
0.271568,0.080733,-1405.331055
0.271568,0.080733,-1405.864258
0.277399,0.085065,-1405.635742
0.279284,0.090722,-1408.039062
0.278005,0.089355,-1407.643799
0.278005,0.089355,-1406.616455
0.279311,0.08953,-1408.239136
0.276803,0.088624,-1407.207275
0.271893,0.089498,-1407.408081
0.27315,0.090117,-1407.494263
0.273634,0.088085,-1406.900879
0.273634,0.088085,-1406.704468
0.273634,0.088085,-1406.186279
0.271179,0.084542,-1406.724365
0.269546,0.086335,-1406.278809
0.269546,0.086335,-1405.670044
0.268677,0.084689,-1406.309204
0.269614,0.082822,-1406.246216
0.273774,0.078653,-1404.981689
0.273774,0.078653,-1405.664795
0.270495,0.08153,-1405.561768
0.274173,0.083482,-1405.966553
0.274205,0.080945,-1404.900635
0.273102,0.076865,-1404.403198
0.273126,0.073433,-1405.029053
0.26949,0.072167,-1404.990234
0.26949,0.072167,-1404.062134
0.266334,0.070938,-1404.950562
0.266334,0.070938,-1405.286865
0.265151,0.068138,-1405.485596
0.265674,0.072037,-1405.406738
0.266463,0.068568,-1405.19751
0.260741,0.070486,-1406.398682
0.259302,0.07133,-1405.764648
0.259302,0.07133,-1406.029419
0.25421,0.076442,-1406.251831
0.258866,0.075014,-1406.029541
0.254978,0.078198,-1406.923584
0.259085,0.080092,-1406.321045
0.259152,0.080227,-1406.205322
0.259152,0.080227,-1406.695068
0.260604,0.083238,-1406.146484
0.260604,0.083238,-1406.806763
0.25809,0.081412,-1406.825195
0.258122,0.082389,-1407.438477
0.261428,0.079028,-1405.38916
0.261428,0.079028,-1406.05127
0.261405,0.079407,-1406.640625
0.261645,0.076641,-1405.466797
0.264851,0.080126,-1406.369629
0.262411,0.081236,-1405.654541
0.264719,0.076763,-1405.985596
0.264719,0.076763,-1404.969971
0.264719,0.076763,-1405.914062
0.264719,0.076763,-1405.147461
0.266427,0.074507,-1404.34082
0.264859,0.075836,-1405.351562
0.265884,0.077787,-1405.240479
0.264899,0.07695,-1405.795898
0.266083,0.079065,-1406.452637
0.266083,0.079065,-1405.953857
0.265361,0.075217,-1405.393921
0.266766,0.07596,-1404.901123
0.265741,0.079036,-1405.512451
0.271068,0.075353,-1404.406982
0.275307,0.0699,-1404.374756
0.27773,0.071818,-1403.917725
0.27773,0.071818,-1404.618774
0.275399,0.07201,-1405.624023
0.275399,0.07201,-1404.511963
0.275399,0.07201,-1404.136108
0.273334,0.073814,-1405.494995
0.27095,0.076322,-1405.694092
0.27095,0.076322,-1404.136719
0.276324,0.078896,-1405.180664
0.278015,0.073445,-1405.173218
0.273698,0.071943,-1405.29126
0.275228,0.073052,-1405.34082
0.275228,0.073052,-1404.42334
0.276997,0.072958,-1405.51001
0.280241,0.072055,-1405.213867
0.280241,0.072055,-1404.7854
0.280312,0.070145,-1405.745361
0.280312,0.070145,-1405.061523
0.280798,0.071305,-1405.69751
0.280128,0.064006,-1405.435791
0.284578,0.06561,-1406.06665
0.281891,0.064555,-1405.925537
0.284898,0.066238,-1405.42627
0.286827,0.062917,-1406.620239
0.286827,0.062917,-1406.522949
0.286827,0.062917,-1406.21875
0.287365,0.064446,-1406.276855
0.28597,0.061444,-1406.510498
0.28907,0.065538,-1406.898438
0.288346,0.070684,-1405.643555
0.285407,0.069986,-1406.005127
0.285108,0.070424,-1406.036621
0.284731,0.07476,-1406.338501
0.284731,0.07476,-1406.048584
0.283624,0.072795,-1406.207275
0.283624,0.072795,-1405.493896
0.287387,0.07683,-1405.938477
0.284828,0.071269,-1406.109741
0.280148,0.06869,-1405.899902
0.277425,0.068946,-1405.240356
0.275397,0.072807,-1404.693359
0.275397,0.072807,-1404.700439
0.274502,0.076938,-1405.431641
0.279041,0.079312,-1405.983643
0.279041,0.079312,-1407.059082
0.280502,0.07888,-1405.662109
0.280502,0.07888,-1406.384521
0.279304,0.078,-1405.089478
0.284154,0.076467,-1406.081909
0.28599,0.079469,-1405.609619
0.28599,0.079469,-1406.520996
0.28599,0.079469,-1406.778687
0.289498,0.081546,-1407.213745
0.288295,0.082871,-1407.248291
0.288295,0.082871,-1407.202637
0.288227,0.083427,-1407.963013
0.288381,0.083244,-1407.616455
0.288381,0.083244,-1407.629639
0.282773,0.084149,-1406.884033
0.277084,0.08506,-1406.53125
0.277819,0.087788,-1407.195557
0.274803,0.087091,-1407.08374
0.268842,0.084962,-1407.362915
0.267118,0.082407,-1406.279541
0.268289,0.077625,-1405.492432
0.268247,0.075612,-1405.189697
0.267193,0.077116,-1405.448364
0.268536,0.081841,-1407.009277
0.272896,0.079659,-1405.322266
0.274066,0.076027,-1405.229126
0.274644,0.072397,-1405.673096
0.276149,0.070957,-1405.259521
0.276149,0.070957,-1404.804932
0.277353,0.069764,-1405.621948
0.277353,0.069764,-1405.105469
0.276288,0.075465,-1404.515137
0.274128,0.073591,-1405.694824
0.274128,0.073591,-1404.274414
0.276642,0.075451,-1404.624268
0.274343,0.078519,-1405.064209
0.275261,0.075162,-1405.708496
0.277175,0.072544,-1404.928711
0.277175,0.072544,-1403.539551
0.283039,0.071254,-1406.162964
0.285506,0.066254,-1405.686401
0.288514,0.069055,-1406.637573
0.288514,0.069055,-1405.922119
0.288514,0.069055,-1406.744873
0.284946,0.067968,-1406.470459
0.285912,0.068153,-1405.970581
0.285764,0.069689,-1404.609619
0.293616,0.071027,-1406.727417
0.293616,0.071027,-1406.27356
0.295233,0.065933,-1407.502808
0.297542,0.063806,-1408.286499
0.297997,0.065022,-1408.102661
0.295442,0.060931,-1408.649902
0.301676,0.063901,-1408.929199
0.301676,0.063901,-1410.005859
0.297791,0.067292,-1407.138428
0.295364,0.063289,-1407.090576
0.295364,0.063289,-1407.194092
0.294061,0.06323,-1408.695801
0.291053,0.067139,-1407.147583
0.293361,0.063558,-1407.630371
0.29099,0.063558,-1407.000244
0.288622,0.065443,-1406.976318
0.288142,0.06777,-1406.699707
0.290423,0.069415,-1406.110962
0.290423,0.069415,-1406.234619
0.283316,0.068085,-1405.976685
0.283816,0.071066,-1405.115479
0.287147,0.069639,-1405.563232
0.28575,0.070869,-1405.179565
0.283554,0.068993,-1405.885132
0.283127,0.06885,-1406.48645
0.280955,0.066329,-1405.471191
0.280955,0.066329,-1405.553955
0.280955,0.066329,-1405.145508
0.278835,0.066009,-1406.126465
0.278327,0.060856,-1406.793457
0.282071,0.062927,-1406.462891
0.282071,0.062927,-1405.076904
0.280131,0.06374,-1406.187256
0.27795,0.067755,-1405.949829
0.272746,0.068952,-1405.831055
0.272746,0.068952,-1405.138916
0.270039,0.065342,-1406.04248
0.270888,0.065079,-1405.048096
0.276732,0.066169,-1404.686401
0.28189,0.06887,-1405.412354
0.279507,0.066013,-1404.543213
0.279507,0.066013,-1404.897217
0.28156,0.067353,-1405.29895
0.28156,0.067353,-1405.200439
0.279753,0.068302,-1404.921143
0.279753,0.068302,-1405.293579
0.278538,0.065541,-1404.793457
0.280325,0.071677,-1405.621582
0.280325,0.071677,-1405.207764
0.277288,0.070907,-1405.19104
0.277288,0.070907,-1404.995361
0.277588,0.067702,-1404.736206
0.275137,0.068924,-1404.870728
0.279113,0.07357,-1404.213013
0.279113,0.07357,-1404.645264
0.277236,0.074715,-1405.082764
0.273296,0.072916,-1405.323486
0.269583,0.073175,-1405.056396
0.274441,0.068178,-1404.735596
0.274441,0.068178,-1404.842285
0.277503,0.068147,-1404.188965
0.277503,0.068147,-1404.487915
0.277503,0.068147,-1404.849854
0.274998,0.06593,-1405.473022
0.275727,0.064161,-1404.962036
0.275727,0.064161,-1405.073242
0.276007,0.0631,-1405.584229
0.27935,0.06259,-1405.800781
0.275293,0.063365,-1405.137695
0.276216,0.063336,-1405.608765
0.274637,0.063495,-1405.580322
0.276633,0.059051,-1405.949707
0.276633,0.059051,-1406.434326
0.276633,0.059051,-1406.156372
0.272893,0.055612,-1407.36438
0.269344,0.058541,-1406.15625
0.267974,0.056234,-1406.563965
0.265954,0.055275,-1406.422607
0.266737,0.05747,-1407.648804
0.264791,0.057633,-1406.622559
0.264791,0.057633,-1406.068848
0.263408,0.058892,-1407.622681
0.26734,0.056768,-1406.897949
0.270868,0.057813,-1406.899292
0.267688,0.058555,-1406.234741
0.267688,0.058555,-1406.828735
0.261536,0.057851,-1407.569824
0.270333,0.054474,-1407.883911
0.27018,0.052933,-1406.947998
0.2716,0.053794,-1407.424072
0.273801,0.052253,-1408.827393
0.276523,0.05782,-1406.266357
0.278376,0.059474,-1406.196777
0.278376,0.059474,-1405.987915
0.280125,0.057823,-1406.509644
0.280125,0.057823,-1406.110596
0.27798,0.059028,-1407.246094
0.276089,0.06039,-1406.577026
0.276614,0.064792,-1405.469727
0.274538,0.067786,-1404.496582
0.273015,0.069028,-1404.955444
0.273978,0.068242,-1404.977173
0.276431,0.066701,-1405.796265
0.280573,0.064974,-1405.245972
0.277098,0.067683,-1405.796631
0.277098,0.067683,-1404.277344
0.277098,0.067683,-1404.717529
0.285609,0.070523,-1406.604614
0.286931,0.066645,-1406.562988
0.287343,0.066951,-1406.729004
0.285503,0.066557,-1406.43335
0.277756,0.067346,-1405.359131
0.279509,0.062295,-1405.548828
0.27767,0.060029,-1406.321533
0.278028,0.067518,-1404.729492
0.274986,0.067874,-1404.840088
0.275319,0.068732,-1404.655029
0.279238,0.073546,-1405.70459
0.279238,0.073546,-1404.221802
0.278574,0.070808,-1405.3302
0.273343,0.077559,-1404.846924
0.268384,0.080818,-1405.524902
0.269944,0.078077,-1404.684082
0.269731,0.078326,-1405.216797
0.266305,0.080904,-1406.177368
0.263519,0.077536,-1405.853394
0.265681,0.080065,-1405.974121
0.273946,0.078739,-1405.603271
0.271598,0.079373,-1405.114136
0.270963,0.078607,-1404.54187
0.275638,0.075171,-1405.288452
0.274144,0.080242,-1406.573364
0.274144,0.080242,-1405.211182
0.269301,0.078726,-1405.850708
0.272174,0.077845,-1404.784546
0.272174,0.077845,-1405.281006
0.272174,0.077845,-1405.06958
0.281149,0.077531,-1406.193726
0.278854,0.074852,-1404.8125
0.274625,0.076083,-1405.216675
0.266876,0.07725,-1405.224854
0.266876,0.07725,-1405.043701
0.267215,0.075713,-1405.532715
0.270782,0.075995,-1404.711914
0.274267,0.076733,-1405.194824
0.274267,0.076733,-1404.637451
0.274267,0.076733,-1404.888672
0.272881,0.071146,-1404.793945
0.273741,0.073292,-1405.061279
0.273741,0.073292,-1404.97168
0.273741,0.073292,-1405.168457
0.273266,0.072975,-1406.122314
0.269963,0.073399,-1405.667969
0.269963,0.073399,-1404.63562
0.269963,0.073399,-1404.585571
0.269871,0.072137,-1404.595215
0.270088,0.070546,-1404.922119
0.270391,0.071224,-1404.966064
0.271941,0.073591,-1405.203369
0.271941,0.073591,-1404.541992
0.269713,0.073155,-1405.440796
0.27475,0.070871,-1404.734131
0.276269,0.074504,-1405.154785
0.279147,0.075308,-1404.154297
0.279147,0.075308,-1404.767822
0.284799,0.077289,-1405.79541
0.286694,0.075022,-1407.05249
0.285241,0.080878,-1406.632812
0.289105,0.079891,-1406.874634
0.289524,0.084225,-1407.883545
0.288065,0.082045,-1407.542725
0.288065,0.082045,-1406.175537
0.292605,0.083606,-1408.26001
0.292605,0.083606,-1407.75061
0.294147,0.075932,-1406.731567
0.295896,0.074233,-1407.819702
0.29733,0.074829,-1407.85022
0.298433,0.08166,-1408.3479
0.298494,0.081396,-1409.724854
0.29839,0.077085,-1409.14563
0.300514,0.07569,-1409.466797
0.300514,0.07569,-1408.510254
0.300514,0.07569,-1408.63269
0.300514,0.07569,-1409.120117
0.298172,0.076791,-1408.937988
0.296237,0.078501,-1408.490845
0.293957,0.078965,-1406.866943
0.290628,0.075045,-1406.921021
0.290628,0.075045,-1406.491211
0.290628,0.075045,-1407.189575
0.290628,0.075045,-1406.566406
0.290628,0.075045,-1406.189453
0.29295,0.077753,-1407.522095
0.295705,0.072148,-1406.763184
0.29343,0.067754,-1407.185425
0.290164,0.069073,-1406.57959
0.287767,0.062451,-1406.718994
0.287767,0.062451,-1406.825806
0.286361,0.063695,-1405.56958
0.288619,0.064216,-1406.243896
0.287603,0.065868,-1405.487915
0.292199,0.064936,-1407.030762
0.292199,0.064936,-1406.396973
0.289326,0.065734,-1406.902832
0.291098,0.064691,-1406.730225
0.294911,0.067344,-1407.450806
0.294911,0.067344,-1407.160522
0.290036,0.064556,-1406.407959
0.286526,0.065972,-1405.757446
0.278943,0.068165,-1404.941895
0.276772,0.069069,-1405.216919
0.276772,0.069069,-1404.876099
0.2753,0.075695,-1405.358154
0.274163,0.076946,-1405.021484
0.278643,0.075414,-1405.348877
0.28314,0.073923,-1405.507324
0.285089,0.070925,-1405.429199
0.285089,0.070925,-1405.447266
0.285533,0.069773,-1405.17395
0.282478,0.06683,-1405.280762
0.27948,0.066357,-1405.18042
0.277752,0.067759,-1404.888916
0.279694,0.069718,-1406.042725
0.276984,0.069173,-1404.140381
0.279311,0.071193,-1405.282593
0.276836,0.069676,-1405.13855
0.276965,0.070373,-1405.45874
0.276965,0.070373,-1404.635742
0.276965,0.070373,-1403.947021
0.276965,0.070373,-1404.255859
0.282637,0.075312,-1405.724487
0.276335,0.074044,-1404.985229
0.270983,0.076207,-1405.472656
0.270638,0.075742,-1404.800049
0.270638,0.075742,-1404.844482
0.270638,0.075742,-1405.271606
0.270638,0.075742,-1404.087036
0.274165,0.07394,-1405.002441
0.274165,0.07394,-1404.186279
0.274165,0.07394,-1404.453857
0.272688,0.075825,-1405.719238
0.272105,0.074808,-1404.96521
0.271369,0.071468,-1404.658936
0.274007,0.075947,-1405.140991
0.272487,0.07792,-1404.924805
0.272774,0.081317,-1405.408936
0.278336,0.080321,-1405.798096
0.278374,0.074671,-1404.993896
0.272554,0.073336,-1405.182617
0.275378,0.071474,-1404.662598
0.275451,0.076857,-1405.039551
0.275451,0.076857,-1404.660156
0.281052,0.076746,-1405.582764
0.281052,0.076746,-1405.213623
0.278933,0.077371,-1405.601318
0.274559,0.079454,-1405.7146
0.279647,0.078923,-1405.524658
0.273936,0.076963,-1404.613037
0.273034,0.081575,-1405.572144
0.273034,0.081575,-1405.737671
0.272963,0.074421,-1404.881348
0.270263,0.07632,-1405.154053
0.270955,0.079351,-1405.55249
0.273966,0.080786,-1405.255249
0.276913,0.080425,-1406.272705
0.280613,0.079858,-1405.965942
0.285071,0.079712,-1406.805786
0.281964,0.076195,-1405.55957
0.278847,0.075538,-1405.568726
0.277143,0.074867,-1405.782593
0.277143,0.074867,-1405.580566
0.276456,0.080284,-1405.503296
0.276456,0.080284,-1405.243164
0.276456,0.080284,-1405.507935
0.276101,0.080446,-1406.415283
0.276101,0.080446,-1405.755981
0.275137,0.082988,-1405.858398
0.275137,0.082988,-1405.862305
0.277303,0.08151,-1405.850586
0.278841,0.087038,-1407.088623
0.278841,0.087038,-1407.479492
0.272424,0.082723,-1406.87793
0.267666,0.084871,-1406.077637
0.268739,0.078883,-1405.77124
0.271832,0.079334,-1405.280762
0.271832,0.079334,-1405.893311
0.275327,0.080567,-1405.517578
0.27794,0.083288,-1406.34436
0.276958,0.084199,-1406.407715
0.279679,0.086141,-1407.37915
0.272516,0.084908,-1406.62439
0.268749,0.080703,-1406.390015
0.268749,0.080703,-1405.184448
0.268749,0.080703,-1405.658936
0.273873,0.075934,-1404.17041
0.270697,0.080151,-1405.37793
0.27414,0.080312,-1406.12793
0.280358,0.081935,-1405.887817
0.279581,0.080505,-1405.99353
0.282362,0.076597,-1405.400146
0.282362,0.076597,-1406.141602
0.285834,0.071903,-1405.89917
0.278376,0.07018,-1405.033203
0.278355,0.069308,-1404.657227
0.275845,0.067254,-1404.921997
0.277662,0.071285,-1404.924072
0.277662,0.071285,-1404.581299
0.278426,0.067496,-1405.212891
0.280377,0.066762,-1406.094238
0.280377,0.066762,-1405.007202
0.283423,0.06657,-1405.616699
0.287606,0.070607,-1406.23938
0.285668,0.067829,-1405.806396
0.290163,0.067806,-1406.76123
0.285382,0.063906,-1406.460693
0.287857,0.062861,-1405.891357
0.28525,0.068067,-1405.711304
0.28525,0.068067,-1405.793335
0.285635,0.064362,-1405.873291
0.285635,0.064362,-1406.855835
0.285635,0.064362,-1405.745605
0.285751,0.064248,-1406.195801
0.283129,0.065672,-1406.092773
0.283129,0.065672,-1405.646851
0.283129,0.065672,-1405.645386
0.278978,0.067803,-1405.119141
0.28114,0.069656,-1405.035645
0.28114,0.069656,-1405.166748
0.280702,0.068037,-1404.525879
0.286857,0.068437,-1405.282959
0.286857,0.068437,-1406.869385
0.291516,0.065716,-1407.383667
0.289789,0.069046,-1406.451904
0.289789,0.069046,-1405.885254
0.288445,0.070781,-1405.831665
0.29036,0.072474,-1407.739502
0.295533,0.068855,-1407.084229
0.292738,0.071485,-1406.949585
0.293665,0.073621,-1406.909424
0.293665,0.073621,-1407.133423
0.295414,0.069017,-1408.080444
0.292438,0.065025,-1408.15625
0.289951,0.064981,-1407.422241
0.285584,0.064639,-1405.819336
0.289211,0.06574,-1407.26001
0.289211,0.06574,-1405.721924
0.288513,0.062713,-1406.695557
0.289006,0.061946,-1406.884766
0.291371,0.060664,-1407.580566
0.291371,0.060664,-1407.839355
0.291371,0.060664,-1407.052246
0.286022,0.05832,-1407.604248
0.286647,0.053158,-1408.26001
0.283048,0.052115,-1408.999878
0.283048,0.052115,-1409.570312
0.283048,0.052115,-1408.210205
0.289814,0.05581,-1408.245483
0.289814,0.05581,-1408.984009
0.28278,0.054702,-1408.568115
0.280616,0.052903,-1407.907959
0.280616,0.052903,-1408.562744
0.278852,0.056863,-1408.067749
0.275214,0.058801,-1406.858154
0.270942,0.06046,-1405.788818
0.269894,0.060322,-1406.7052
0.27019,0.055731,-1407.026855
0.27019,0.055731,-1407.615967
0.27019,0.055731,-1407.743042
0.266538,0.054365,-1407.05957
0.264879,0.056794,-1405.800537
0.266337,0.056734,-1407.777588
0.266337,0.056734,-1405.98877
0.265954,0.057342,-1406.404541
0.268369,0.056433,-1407.208008
0.268369,0.056433,-1406.515503
0.268369,0.056433,-1407.245117
0.268369,0.056433,-1406.574707
0.268583,0.054236,-1407.557129
0.268583,0.054236,-1407.75293
0.268583,0.054236,-1407.541504
0.268583,0.054236,-1407.364502
0.267008,0.057651,-1406.464111
0.271227,0.056788,-1406.204346
0.269365,0.05987,-1406.785034
0.269365,0.05987,-1406.286865
0.268869,0.061157,-1406.984741
0.267456,0.064014,-1405.871216
0.265301,0.059045,-1406.736328
0.272308,0.062155,-1405.303467
0.268083,0.061763,-1405.92395
0.269497,0.058964,-1405.976318
0.272769,0.057288,-1406.459473
0.272769,0.057288,-1406.54834
0.270439,0.054986,-1407.852051
0.268978,0.06134,-1404.487061
0.269676,0.063991,-1405.023926
0.269615,0.059791,-1406.382324
0.270513,0.058578,-1406.603516
0.27041,0.056945,-1405.901855
0.268914,0.058202,-1406.098877
0.268914,0.058202,-1406.001709
0.268903,0.054281,-1406.318115
0.276328,0.057412,-1408.102295
0.278787,0.059419,-1407.026245
0.277413,0.05542,-1406.899414
0.278096,0.051301,-1408.604492
0.278096,0.051301,-1408.606812
0.278628,0.054077,-1407.544312
0.278805,0.056981,-1406.472656
0.276244,0.060578,-1406.400879
0.279303,0.063411,-1405.677979
0.275757,0.066987,-1405.133301
0.275757,0.066987,-1404.345703
0.27472,0.074677,-1405.482422
0.273548,0.071791,-1404.633789
0.269382,0.067303,-1404.769043
0.274742,0.065507,-1404.958252
0.277666,0.066588,-1404.210449
0.276379,0.067405,-1404.933838
0.271844,0.066108,-1405.167236
0.273712,0.066877,-1405.272461
0.273045,0.063431,-1405.516846
0.273727,0.063227,-1405.08667
0.280531,0.06455,-1405.676514
0.287873,0.062335,-1406.655273
0.292288,0.06449,-1407.006592
0.285925,0.065681,-1406.215942
0.288548,0.066827,-1406.22937
0.288266,0.067689,-1405.957031
0.28615,0.070886,-1405.693359
0.286254,0.072534,-1405.808838
0.284883,0.06965,-1406.097168
0.287782,0.072148,-1406.064209
0.287342,0.073023,-1406.256104
0.287342,0.073023,-1406.735352
0.283753,0.073713,-1406.001953
0.280551,0.078963,-1406.043945
0.283639,0.079567,-1406.120728
0.277043,0.07544,-1405.776611
0.281871,0.077331,-1405.978638
0.282443,0.080587,-1406.068726
0.285244,0.081515,-1407.063477
0.285131,0.086312,-1407.825684
0.28121,0.084316,-1406.7229
0.277738,0.082599,-1406.202881
0.271138,0.084941,-1406.822876
0.272566,0.08401,-1406.220215
0.27233,0.084063,-1405.746582
0.268492,0.07686,-1404.519165
0.270548,0.074423,-1404.393433
0.271032,0.069335,-1404.669678
0.269003,0.06619,-1404.773438
0.268592,0.06866,-1405.206909
0.260568,0.069408,-1405.320312
0.264453,0.066496,-1405.655518
0.267835,0.067037,-1405.716675
0.270473,0.07087,-1405.765625
0.270473,0.07087,-1405.051025
0.264147,0.074018,-1405.294434
0.259838,0.071786,-1405.858032
0.262274,0.071175,-1404.139404
0.256627,0.069919,-1406.542358
0.256627,0.069919,-1405.324707
0.256627,0.069919,-1406.235596
0.258485,0.066881,-1406.628418
0.268025,0.063864,-1405.875244
0.268025,0.063864,-1405.709717
0.262917,0.064657,-1405.683105
0.263251,0.071732,-1405.457153
0.261181,0.077052,-1405.998291
0.259883,0.069329,-1406.538574
0.261816,0.073551,-1406.192383
0.262345,0.0733,-1406.436768
0.262345,0.0733,-1406.288818
0.264807,0.071368,-1405.186523
0.269961,0.071578,-1404.457031
0.270035,0.074402,-1404.691895
0.273524,0.078885,-1405.441162
0.272332,0.076777,-1405.330688
0.27722,0.070208,-1404.752686
0.277779,0.067885,-1404.574097
0.277779,0.067885,-1405.13916
0.277779,0.067885,-1405.524902
0.276824,0.068113,-1404.746826
0.277781,0.070627,-1405.737305
0.277781,0.070627,-1404.960083
0.280492,0.071199,-1404.71582
0.277458,0.076266,-1405.248779
0.27648,0.077933,-1404.803589
0.272432,0.075293,-1405.409668
0.272432,0.075293,-1405.089355
0.278291,0.077184,-1405.272461
0.278291,0.077184,-1404.937988
0.274116,0.078284,-1405.640137
0.276327,0.076211,-1404.94751
0.27534,0.078904,-1405.848145
0.273724,0.075455,-1406.088989
0.274598,0.07547,-1405.222168
0.274598,0.07547,-1405.97168
0.274598,0.07547,-1405.211426
0.27868,0.072692,-1406.232666
0.276087,0.066485,-1405.431152
0.280939,0.067577,-1404.836304
0.280944,0.068856,-1404.643066
0.280214,0.065701,-1404.52417
0.276107,0.069779,-1406.212891
0.270444,0.069784,-1404.588745
0.270913,0.067179,-1404.671143
0.269777,0.06549,-1405.015381
0.27346,0.068968,-1404.741943
0.267869,0.067606,-1405.474121
0.269821,0.068708,-1404.582275
0.269821,0.068708,-1404.428711
0.273151,0.071583,-1406.338379
0.265208,0.069889,-1405.505371
0.265208,0.069889,-1405.872803
0.266095,0.066054,-1405.716064
0.269229,0.066152,-1404.703369
0.271449,0.06423,-1404.575684
0.268653,0.062894,-1406.127563
0.268778,0.063514,-1405.39978
0.268921,0.071664,-1404.483032
0.267766,0.071612,-1405.286865
0.260534,0.073318,-1405.17627
0.259202,0.075692,-1405.533936
0.264934,0.071402,-1406.19519
0.263929,0.071398,-1404.733521
0.263929,0.071398,-1404.967041
0.262177,0.067046,-1405.92688
0.261997,0.071133,-1406.31311
0.263335,0.071452,-1405.427368
0.266299,0.070254,-1405.240845
0.265955,0.066801,-1404.826416
0.269137,0.067694,-1405.380249
0.272706,0.07316,-1404.378662
0.266859,0.072953,-1404.795654
0.268768,0.074428,-1404.88208
0.27416,0.070616,-1404.914062
0.27416,0.070616,-1405.472046
0.273268,0.06625,-1405.207031
0.272098,0.065835,-1405.143799
0.265919,0.067496,-1405.748535
0.265931,0.065951,-1405.866211
0.26756,0.066372,-1405.103271
0.276199,0.063183,-1404.934814
0.276917,0.060403,-1406.342285
0.274244,0.061183,-1406.375
0.2711,0.062397,-1405.817139
0.268942,0.061608,-1405.104004
0.265658,0.067244,-1405.248291
0.263494,0.067065,-1405.339111
0.263177,0.071829,-1405.161377
0.257487,0.072441,-1406.289551
0.261374,0.072526,-1405.591797
0.261374,0.072526,-1405.77124
0.262113,0.071807,-1405.624756
0.261516,0.068747,-1405.17627
0.268511,0.068349,-1404.543335
0.266713,0.066365,-1405.570923
0.271004,0.066039,-1405.134644
0.272599,0.065677,-1405.831299
0.275212,0.067822,-1405.089722
0.280351,0.064146,-1405.557861
0.273839,0.062518,-1405.568604
0.273839,0.062518,-1406.562256
0.277543,0.068929,-1405.390381
0.27892,0.071104,-1404.893066
0.275794,0.064624,-1405.277344
0.275794,0.064624,-1404.721924
0.275794,0.064624,-1405.543091
0.274112,0.063959,-1405.254761
0.274112,0.063959,-1404.915283
0.273836,0.062881,-1406.252075
0.277599,0.064697,-1405.07666
0.271265,0.068688,-1404.607666
0.268247,0.065318,-1405.55127
0.267601,0.064909,-1406.591553
0.267601,0.064909,-1405.880371
0.269389,0.062217,-1404.97998
0.269847,0.062592,-1405.037842
0.270932,0.061451,-1405.147217
0.269255,0.063439,-1405.058105
0.271845,0.063323,-1405.581299
0.271845,0.063323,-1405.088135
0.272292,0.065004,-1404.847412
0.268358,0.070116,-1404.041992
0.271979,0.06951,-1405.324707
0.269529,0.072667,-1404.59314
0.267437,0.071493,-1404.837891
0.267437,0.071493,-1405.166016
0.268962,0.065664,-1405.114502
0.267611,0.064319,-1404.682373
0.265235,0.066834,-1404.880981
0.25731,0.064959,-1405.357544
0.261462,0.063164,-1406.396484
0.265244,0.065285,-1405.647461
0.266473,0.06705,-1405.491821
0.271591,0.062891,-1404.793579
0.271591,0.062891,-1405.657227
0.26637,0.062276,-1405.939453
0.265616,0.062819,-1405.257324
0.271517,0.063412,-1405.579102
0.274619,0.070434,-1406.20459
0.270625,0.073634,-1405.420654
0.26899,0.074858,-1404.034668
0.266193,0.080998,-1405.276978
0.269434,0.084831,-1406.338135
0.267147,0.07858,-1405.619263
0.267147,0.07858,-1405.417969
0.267034,0.07791,-1405.335205
0.267001,0.079105,-1405.094482
0.267999,0.080046,-1406.25293
0.27019,0.083251,-1406.605713
0.264256,0.074382,-1405.181396
0.265067,0.069756,-1405.370605
0.265067,0.069756,-1405.386841
0.26626,0.076957,-1404.892212
0.271752,0.074999,-1404.441895
0.273592,0.073719,-1405.280029
0.275367,0.07022,-1404.377075
0.277159,0.065615,-1404.787842
0.277159,0.065615,-1404.541748
0.276245,0.070128,-1405.065186
0.277885,0.072311,-1404.931152
0.272296,0.078018,-1404.785522
0.271751,0.076954,-1405.268433
0.271751,0.076954,-1404.532959
0.271745,0.07443,-1404.002441
0.278988,0.071525,-1404.195312
0.28351,0.070117,-1405.225708
0.28351,0.070117,-1405.491455
0.276421,0.071223,-1405.174316
0.276421,0.071223,-1404.803833
0.282146,0.068933,-1405.671387
0.282146,0.068933,-1405.193359
0.282809,0.066306,-1405.559204
0.282809,0.066306,-1405.525879
0.282809,0.066306,-1404.899414
0.282809,0.066306,-1405.185547
0.282809,0.066306,-1405.646118
0.283546,0.06734,-1405.904541
0.280682,0.068065,-1405.112427
0.281845,0.065958,-1405.858398
0.273956,0.066156,-1404.692993
0.269755,0.064945,-1404.916748
0.269755,0.064945,-1404.209717
0.271857,0.065883,-1405.541504
0.271438,0.066221,-1405.105713
0.272181,0.061025,-1405.018555
0.272181,0.061025,-1405.293213
0.270251,0.059207,-1406.380005
0.267619,0.059097,-1407.205078
0.267619,0.059097,-1405.887085
0.267619,0.059097,-1406.120605
0.265556,0.065555,-1405.592041
0.262194,0.063991,-1406.189087
0.25891,0.064903,-1406.364136
0.25891,0.064903,-1406.305908
0.25891,0.064903,-1406.783447
0.260498,0.063249,-1406.402344
0.260498,0.063249,-1406.436279
0.260996,0.066023,-1406.065063
0.260996,0.066023,-1406.440552
0.264291,0.060021,-1406.572021
0.261517,0.059889,-1407.290527
0.261517,0.059889,-1405.966064
0.263577,0.065603,-1405.407593
0.262926,0.065037,-1405.687744
0.262926,0.065037,-1405.747803
0.267743,0.062066,-1405.491943
0.267743,0.062066,-1405.737183
0.268965,0.059153,-1406.057617
0.274543,0.060834,-1405.682861
0.275918,0.06186,-1404.723267
0.276368,0.064343,-1405.006836
0.277073,0.061167,-1404.730469
0.271365,0.05949,-1405.840454
0.27204,0.058928,-1405.584717
0.268784,0.061194,-1405.425293
0.26997,0.059729,-1405.330322
0.268239,0.062675,-1405.42334
0.268064,0.06408,-1405.64624
0.268064,0.06408,-1405.477783
0.266774,0.061499,-1405.823364
0.268438,0.060516,-1406.113037
0.268433,0.062551,-1405.61377
0.268433,0.062551,-1405.091187
0.270714,0.059886,-1405.960693
0.270612,0.061866,-1404.746582
0.271887,0.065459,-1405.786621
0.273801,0.065086,-1404.692139
0.277072,0.064919,-1405.486328
0.276996,0.071295,-1405.710083
0.277983,0.069182,-1404.738647
0.282493,0.071125,-1405.175415
0.282493,0.071125,-1405.7854
0.283797,0.075584,-1404.282959
0.283797,0.075584,-1405.409058
0.283527,0.074138,-1405.834229
0.280241,0.076285,-1406.026123
0.275775,0.070858,-1404.77832
0.284635,0.068791,-1405.068481
0.286292,0.072198,-1406.054199
0.286292,0.072198,-1405.479492
0.286064,0.07169,-1404.769653
0.285615,0.066629,-1405.910034
0.285615,0.066629,-1405.600342
0.284814,0.063694,-1406.026001
0.289345,0.068466,-1406.233032
0.284007,0.07086,-1406.282349
0.285583,0.066026,-1406.310303
0.28861,0.064027,-1405.252441
0.286413,0.061947,-1405.826172
0.283806,0.063213,-1406.611816
0.289487,0.064433,-1406.280884
0.28662,0.063571,-1406.346436
0.287706,0.06499,-1405.367188
0.287548,0.06201,-1406.991455
0.281941,0.069291,-1405.282715
0.279268,0.068448,-1405.539307
0.279268,0.068448,-1404.976074
0.28221,0.066113,-1405.435547
0.27978,0.067639,-1404.712158
0.284708,0.073213,-1405.916504
0.280505,0.074743,-1405.614746
0.280505,0.074743,-1405.915771
0.281305,0.073112,-1405.297119
0.282869,0.072879,-1404.884521
0.280038,0.0692,-1405.714355
0.280038,0.0692,-1405.254395
0.27708,0.069343,-1404.417969
0.281252,0.068107,-1405.401855
0.27276,0.071694,-1404.961914
0.27276,0.071694,-1405.199219
0.268649,0.076892,-1404.211182
0.265178,0.073959,-1403.892578
0.264902,0.073507,-1404.851807
0.266072,0.071679,-1405.118286
0.266072,0.071679,-1404.960815
0.266072,0.071679,-1404.776978
0.268456,0.073589,-1405.633301
0.27155,0.071233,-1404.318848
0.266125,0.070288,-1405.394287
0.266244,0.067279,-1405.713013
0.271834,0.064219,-1404.850342
0.273847,0.067398,-1405.602661
0.273847,0.067398,-1404.635254
0.276773,0.066601,-1405.944824
0.275603,0.064903,-1405.343628
0.275603,0.064903,-1405.465454
0.268502,0.062261,-1406.148438
0.263793,0.062383,-1405.505615
0.266216,0.060379,-1405.561035
0.267681,0.060876,-1406.035156
0.267681,0.060876,-1406.320435
0.268595,0.058763,-1406.567993
0.27394,0.060254,-1406.328979
0.27394,0.060254,-1406.856323
0.27394,0.060254,-1406.520996
0.271264,0.057698,-1405.874634
0.267907,0.058869,-1406.105103
0.27291,0.058757,-1406.770874
0.272891,0.057654,-1406.441895
0.275863,0.06064,-1406.348633
0.271775,0.058455,-1406.062256
0.270383,0.054608,-1407.275391
0.270383,0.054608,-1408.408936
0.270383,0.054608,-1407.654297
0.275853,0.054,-1407.547607
0.272723,0.053828,-1407.863525
0.275376,0.053362,-1408.648438
0.276527,0.052173,-1408.849121
0.276527,0.052173,-1408.322998
0.275205,0.053504,-1407.701904
0.271491,0.050288,-1408.541748
0.275154,0.048959,-1409.542236
0.275154,0.048959,-1410.098633
0.277434,0.051903,-1408.367554
0.277434,0.051903,-1407.679688
0.272753,0.050298,-1409.468384
0.272753,0.050298,-1409.157715
0.272753,0.050298,-1409.56958
0.274384,0.05295,-1408.54248
0.274384,0.05295,-1407.814697
0.268761,0.061403,-1405.881348
0.268761,0.061403,-1404.992798
0.267693,0.05972,-1405.222656
0.267277,0.066062,-1405.924072
0.267277,0.066062,-1406.082275
0.267277,0.066062,-1405.055176
0.267598,0.070969,-1405.712646
0.271563,0.075193,-1404.128418
0.275761,0.075115,-1405.587524
0.275761,0.075115,-1404.777344
0.280301,0.073702,-1405.05957
0.280223,0.069704,-1405.329468
0.280223,0.069704,-1405.15332
0.277417,0.0679,-1404.936646
0.271,0.066555,-1404.866943
0.272481,0.068268,-1405.019165
0.273165,0.068326,-1405.048828
0.269393,0.064799,-1406.049316
0.273912,0.061625,-1405.136963
0.269718,0.062179,-1406.039917
0.269718,0.062179,-1405.383789
0.26417,0.065817,-1405.574585
0.268768,0.068366,-1405.345093
0.268542,0.065168,-1404.550537
0.268542,0.065168,-1405.261963
0.268542,0.065168,-1405.093018
0.260714,0.066933,-1405.467896
0.260069,0.066984,-1406.580078
0.263701,0.065499,-1405.706543
0.264666,0.066473,-1406.594238
0.264666,0.066473,-1405.077881
0.268728,0.065697,-1405.767212
0.268789,0.068633,-1404.846924
0.27046,0.074602,-1404.841064
0.275186,0.070808,-1405.25293
0.275186,0.070808,-1404.741943
0.281835,0.074772,-1405.570312
0.272492,0.076157,-1405.126709
0.281382,0.077146,-1406.083496
0.281382,0.077146,-1405.40979
0.279828,0.073351,-1404.957764
0.283942,0.073984,-1405.979248
0.278164,0.075781,-1405.419922
0.283449,0.071175,-1404.961914
0.286304,0.071994,-1407.059448
0.288915,0.072005,-1406.210205
0.290402,0.075082,-1406.459229
0.291967,0.07316,-1407.306763
0.291967,0.07316,-1406.72522
0.291967,0.07316,-1407.022705
0.289686,0.075038,-1406.824585
0.288041,0.077823,-1406.248169
0.288041,0.077823,-1406.54834
0.288361,0.076272,-1407.013428
0.287235,0.078841,-1406.832764
0.291435,0.077262,-1406.511597
0.297372,0.076843,-1408.684082
0.295625,0.074338,-1408.068359
0.289311,0.073814,-1406.866699
0.289311,0.073814,-1406.323242
0.286534,0.071353,-1406.605469
0.291574,0.077162,-1407.085693
0.290945,0.074161,-1407.658325
0.290945,0.074161,-1407.118408
0.286091,0.075472,-1406.479736
0.28556,0.072686,-1405.591064
0.289681,0.068926,-1407.24646
0.289681,0.068926,-1405.69043
0.289681,0.068926,-1406.292358
0.290379,0.07259,-1406.064087
0.290379,0.07259,-1405.325684
0.294529,0.070311,-1406.64502
0.294529,0.070311,-1407.423584
0.29026,0.068618,-1405.606689
0.287633,0.072839,-1407.213379
0.284281,0.067645,-1405.900024
0.281947,0.069952,-1406.437744
0.285406,0.068904,-1405.358398
0.283752,0.068721,-1405.402588
0.281987,0.066213,-1405.261353
0.280582,0.065949,-1404.46228
0.279989,0.069067,-1405.386597
0.284015,0.073502,-1405.750488
0.283322,0.071769,-1406.650146
0.283322,0.071769,-1405.7229
0.28078,0.07078,-1405.17395
0.276276,0.071261,-1405.552246
0.271233,0.071545,-1405.196289
0.275142,0.07252,-1404.491577
0.276535,0.074348,-1405.015137
0.276535,0.074348,-1405.365601
0.275515,0.077661,-1404.563232
0.275415,0.074165,-1404.432373
0.278576,0.074724,-1405.144653
0.278576,0.074724,-1405.130127
0.278576,0.074724,-1404.859741
0.278576,0.074724,-1404.421265
0.278487,0.073958,-1404.619995
0.280129,0.076133,-1405.77124
0.279057,0.077929,-1405.284546
0.279136,0.075241,-1404.851074
0.282639,0.073408,-1405.018311
0.284805,0.073863,-1405.985596
0.284805,0.073863,-1405.370605
0.281749,0.071635,-1405.146118
0.281749,0.071635,-1405.171143
0.281232,0.073521,-1405.763916
0.281232,0.073521,-1404.942993
0.281232,0.073521,-1405.587646
0.27406,0.076287,-1404.627441
0.27406,0.076287,-1404.998169
0.272882,0.076094,-1405.169922
0.275088,0.070319,-1404.776733
0.27276,0.07639,-1405.712646
0.273085,0.071296,-1405.310547
0.275864,0.070983,-1404.949951
0.276192,0.072043,-1404.500244
0.271439,0.073367,-1405.374634
0.268688,0.072538,-1405.000366
0.268688,0.072538,-1405.604492
0.270448,0.069019,-1404.56897
0.270448,0.069019,-1403.398315
0.270448,0.069019,-1404.56543
0.269344,0.065647,-1405.452515
0.269344,0.065647,-1404.530762
0.262148,0.067653,-1405.681274
0.262148,0.067653,-1406.025146
0.262148,0.067653,-1406.0896
0.263107,0.066979,-1405.780884
0.260322,0.066051,-1405.155396
0.261099,0.061157,-1406.709473
0.261099,0.061157,-1405.753662
0.260049,0.063252,-1407.158936
0.260365,0.066551,-1405.455322
0.261124,0.068526,-1406.253906
0.261124,0.068526,-1404.861084
0.25991,0.06887,-1406.41394
0.25991,0.06887,-1405.905396
0.262404,0.063185,-1406.60083
0.260901,0.063651,-1405.944214
0.255558,0.067499,-1406.90271
0.252178,0.065842,-1407.582764
0.259365,0.07038,-1406.11084
0.259405,0.066712,-1405.331299
0.255639,0.067643,-1406.38916
0.250831,0.066042,-1408.123291
0.255238,0.063487,-1408.155396
0.255238,0.063487,-1408.513062
0.257426,0.066167,-1406.851685
0.257426,0.066167,-1407.660645
0.260485,0.065765,-1405.848755
0.263508,0.062644,-1405.425781
0.26569,0.062734,-1405.917969
0.268194,0.05888,-1406.658447
0.268194,0.05888,-1406.135742
0.264132,0.057858,-1405.929688
0.264132,0.057858,-1407.145874
0.26392,0.058951,-1407.129883
0.257606,0.058155,-1407.598022
0.257606,0.058155,-1407.075195
0.253473,0.058888,-1409.27832
0.260926,0.057777,-1406.833496
0.25981,0.056646,-1407.578247
0.255559,0.058221,-1408.290283
0.255559,0.058221,-1408.080444
0.257819,0.057123,-1407.99707
0.254187,0.05793,-1408.899902
0.254187,0.05793,-1409.113037
0.254545,0.059487,-1409.062988
0.256105,0.065563,-1406.827148
0.252131,0.0673,-1407.395752
0.252131,0.0673,-1406.943848
0.251403,0.066751,-1408.481567
0.251403,0.066751,-1407.940918
0.255114,0.068545,-1407.425781
0.25506,0.070864,-1407.047363
0.25506,0.070864,-1407.249268
0.25506,0.070864,-1406.319458
0.257154,0.068576,-1407.167114
0.254338,0.063088,-1406.724121
0.257154,0.068082,-1407.336914
0.253629,0.064537,-1406.982666
0.254178,0.0662,-1407.177002
0.254178,0.0662,-1407.104126
0.250778,0.067884,-1409.288086
0.249263,0.065662,-1408.816284
0.254145,0.066057,-1407.647949
0.257541,0.06902,-1405.620605
0.255829,0.068126,-1406.491699
0.259258,0.072085,-1404.883301
0.259,0.065249,-1406.135498
0.259319,0.063653,-1406.650146
0.259863,0.070333,-1406.361328
0.259863,0.070333,-1405.739014
0.263232,0.068132,-1405.872803
0.259822,0.065481,-1405.78125
0.259822,0.065481,-1405.917236
0.257582,0.066332,-1407.252197
0.260854,0.062744,-1407.589111
0.256946,0.059771,-1407.664307
0.260072,0.059052,-1407.793701
0.26671,0.059624,-1406.45874
0.263796,0.061357,-1405.88208
0.262103,0.061546,-1405.66687
0.262103,0.061546,-1405.317993
0.260862,0.060805,-1406.827148
0.260862,0.060805,-1406.453369
0.260862,0.060805,-1406.971069
0.261015,0.063844,-1406.250366
0.262636,0.070439,-1405.905029
0.261925,0.068472,-1405.390137
0.260838,0.069294,-1406.277466
0.260416,0.06845,-1406.867188
0.258866,0.064543,-1407.092529
0.25768,0.063979,-1406.342041
0.25768,0.063979,-1406.375488
0.25768,0.063979,-1406.978149
0.259993,0.063712,-1406.930664
0.260799,0.061877,-1406.695557
0.260799,0.061877,-1405.630493
0.260799,0.061877,-1406.728394
0.260859,0.059635,-1406.625244
0.263756,0.060824,-1406.504395
0.261018,0.059015,-1406.5896
0.265582,0.060986,-1406.080811
0.266058,0.066157,-1405.754517
0.266058,0.066157,-1405.618286
0.266506,0.064277,-1405.15686
0.263983,0.060633,-1405.502075
0.260161,0.061828,-1406.239624
0.260965,0.063219,-1406.999146
0.263958,0.067099,-1405.488281
0.263958,0.067099,-1404.801758
0.267615,0.069866,-1405.751343
0.269326,0.066726,-1405.021729
0.269408,0.071751,-1404.918335
0.269408,0.071751,-1404.664551
0.271577,0.073926,-1406.366089
0.269375,0.0743,-1405.612793
0.267355,0.075552,-1406.139648
0.267522,0.07716,-1406.008667
0.267522,0.07716,-1404.534668
0.268119,0.079945,-1406.762085
0.264645,0.079199,-1405.980103
0.26381,0.07719,-1405.423218
0.26381,0.07719,-1404.703491
0.259125,0.076484,-1406.805664
0.259125,0.076484,-1406.212402
0.265744,0.075367,-1405.632324
0.265744,0.075367,-1405.046875
0.266521,0.082648,-1405.305908
0.266521,0.082648,-1405.647461
0.261889,0.080093,-1406.171387
0.265429,0.083771,-1406.428467
0.265429,0.083771,-1405.226318
0.26213,0.085205,-1406.754517
0.265495,0.082549,-1406.290039
0.265495,0.082549,-1406.53064
0.265495,0.082549,-1406.184326
0.270192,0.081302,-1405.241821
0.272174,0.081852,-1405.569336
0.275663,0.078601,-1405.793213
0.279789,0.076169,-1405.254395
0.285305,0.072284,-1406.023315
0.287536,0.073328,-1406.186768
0.281818,0.071661,-1405.284424
0.281818,0.071661,-1404.891479
0.284506,0.071455,-1405.918701
0.284506,0.071455,-1405.715454
0.2874,0.07216,-1406.273926
0.287134,0.072459,-1405.299561
0.291573,0.073889,-1405.764893
0.291006,0.078841,-1406.843262
0.287962,0.076133,-1405.289062
0.284034,0.070995,-1406.126099
0.279808,0.068735,-1405.175049
0.279808,0.068735,-1404.997559
0.27994,0.072672,-1405.283691
0.274591,0.069119,-1405.005127
0.271456,0.070883,-1405.02002
0.273543,0.070734,-1405.540527
0.266283,0.067841,-1405.239502
0.262368,0.0741,-1405.608398
0.263833,0.07612,-1405.400879
0.265028,0.073636,-1404.345947
0.267199,0.072244,-1404.24707
0.261907,0.071857,-1405.97876
0.258085,0.071684,-1405.457153
0.258085,0.071684,-1406.712891
0.261441,0.071037,-1405.235107
0.264277,0.072417,-1405.070679
0.259596,0.070497,-1406.429199
0.256934,0.068735,-1405.765381
0.256934,0.068735,-1405.952148
0.259684,0.065703,-1406.941406
0.264199,0.066984,-1406.439087
0.264199,0.066984,-1405.49231
0.264199,0.066984,-1406.085938
0.269144,0.070152,-1405.829346
0.271537,0.071404,-1404.269287
0.272725,0.073143,-1404.82251
0.274048,0.074765,-1404.888428
0.274048,0.074765,-1404.362427
0.274048,0.074765,-1405.192749
0.275115,0.079066,-1405.385864
0.275115,0.079066,-1404.951416
0.275242,0.073915,-1404.984131
0.276932,0.075253,-1405.283691
0.279632,0.07326,-1405.445557
0.274854,0.073868,-1404.618408
0.272304,0.075808,-1406.374512
0.271178,0.077446,-1405.315918
0.271027,0.080855,-1405.55957
0.273328,0.082208,-1405.335693
0.271154,0.083762,-1407.201416
0.269709,0.077612,-1404.387573
0.272185,0.074889,-1403.849609
0.272185,0.074889,-1403.996338
0.263904,0.075657,-1405.856201
0.263904,0.075657,-1405.202393
0.263785,0.072492,-1405.454834
0.263785,0.072492,-1404.612183
0.267207,0.075493,-1405.267822
0.265517,0.072387,-1404.78894
0.262688,0.07315,-1405.275879
0.264961,0.076086,-1405.861084
0.264961,0.076086,-1404.968262
0.264961,0.076086,-1405.579346
0.264961,0.076086,-1404.575806
0.26829,0.076123,-1405.628174
0.268812,0.076337,-1404.718994
0.268812,0.076337,-1405.054565
0.271343,0.076712,-1405.029297
0.272955,0.077778,-1404.88501
0.270614,0.072597,-1404.118652
0.276054,0.068797,-1404.552979
0.274519,0.069958,-1405.002441
0.274519,0.069958,-1404.896973
0.277273,0.069763,-1404.153809
0.271956,0.068861,-1404.927002
0.271956,0.068861,-1405.450439
0.271956,0.068861,-1405.384033
0.265338,0.068716,-1404.766113
0.266124,0.069607,-1405.921143
0.264413,0.069809,-1404.780762
0.266303,0.073947,-1406.458496
0.272185,0.070198,-1405.530762
0.269683,0.072044,-1404.822998
0.269414,0.070055,-1404.710205
0.272665,0.073692,-1404.920898
0.280468,0.074579,-1405.676758
0.276394,0.069537,-1405.698975
0.276394,0.069537,-1404.755127
0.279151,0.068563,-1406.087891
0.280655,0.070948,-1406.265991
0.269733,0.072186,-1404.440918
0.270091,0.067991,-1404.751953
0.272682,0.069674,-1405.128784
0.27061,0.068785,-1405.203369
0.27061,0.068785,-1404.415527
0.27378,0.070223,-1404.496338
0.275036,0.067295,-1404.526367
0.268503,0.072871,-1404.487183
0.268503,0.072871,-1404.437012
0.264941,0.079028,-1406.290894
0.266845,0.082822,-1405.691162
0.265903,0.083612,-1406.756592
0.265903,0.083612,-1406.019043
0.266626,0.084173,-1406.254028
0.272079,0.088614,-1406.570557
0.272079,0.088614,-1406.571289
0.271691,0.085065,-1407.098755
0.271623,0.08161,-1407.063965
0.271245,0.08342,-1405.666138
0.271245,0.08342,-1405.317383
0.269864,0.080779,-1405.770752
0.269861,0.073332,-1404.121704
0.270943,0.068063,-1404.943848
0.270943,0.068063,-1404.422852
0.269225,0.068775,-1404.580811
0.264545,0.066124,-1406.390381
0.264409,0.071946,-1405.235596
0.260318,0.070561,-1405.426147
0.261056,0.07443,-1406.029297
0.260034,0.07476,-1405.899414
0.260139,0.078746,-1406.335449
0.260139,0.078746,-1406.050049
0.263479,0.075778,-1404.849609
0.265251,0.070641,-1405.317017
0.265251,0.070641,-1405.388672
0.265773,0.069486,-1405.324097
0.264059,0.069849,-1404.814453
0.264059,0.069849,-1405.173828
0.268771,0.066553,-1405.731323
0.269759,0.067026,-1404.63208
0.2683,0.068862,-1405.512573
0.270209,0.06605,-1404.820435
0.270633,0.064486,-1405.164551
0.27208,0.063858,-1405.910156
0.274565,0.062238,-1406.401855
0.274565,0.062238,-1405.183105
0.274565,0.062238,-1405.551025
0.278796,0.059357,-1406.104858
0.285908,0.058609,-1406.831055
0.286425,0.057728,-1407.344482
0.282272,0.056135,-1407.810669
0.278153,0.058004,-1405.489014
0.278153,0.058004,-1406.077026
0.28018,0.061517,-1406.720337
0.284723,0.060869,-1406.417236
0.284599,0.061555,-1405.768921
0.283131,0.059698,-1406.944824
0.283131,0.059698,-1406.32251
0.283131,0.059698,-1405.698975
0.2789,0.06102,-1406.341919
0.2789,0.06102,-1406.303955
0.279835,0.064134,-1405.216064
0.278461,0.061542,-1405.612793
0.279775,0.062251,-1405.370728
0.279775,0.062251,-1406.498779
0.279775,0.062251,-1405.37793
0.288104,0.065238,-1407.186279
0.288104,0.065238,-1406.807739
0.289768,0.06696,-1406.618408
0.287873,0.071552,-1406.570923
0.290813,0.06905,-1407.210693
0.293399,0.068598,-1406.149658
0.293399,0.068598,-1405.615479
0.299338,0.066973,-1408.243774
0.301502,0.070109,-1408.620483
0.29809,0.069715,-1408.566895
0.29809,0.069715,-1407.43396
0.293777,0.071717,-1407.133667
0.288825,0.073323,-1406.185913
0.288256,0.072692,-1405.689819
0.288256,0.072692,-1406.349854
0.287614,0.064342,-1406.780029
0.290206,0.067105,-1406.889771
0.290206,0.067105,-1406.66394
0.290206,0.067105,-1405.756836
0.292622,0.066988,-1406.856201
0.286811,0.066596,-1405.822998
0.281579,0.066492,-1406.861938
0.277156,0.07426,-1404.299072
0.276805,0.071642,-1405.040527
0.268733,0.067569,-1404.890991
0.268733,0.067569,-1404.902832
0.262293,0.067755,-1405.375
0.262505,0.06578,-1405.783203
0.262505,0.06578,-1405.923096
0.260058,0.061936,-1406.541504
0.262006,0.064082,-1406.079834
0.262371,0.063151,-1406.19873
0.266323,0.060815,-1406.302002
0.266323,0.060815,-1405.834473
0.265707,0.061378,-1405.865356
0.261574,0.063867,-1406.31543
0.255866,0.064966,-1407.110596
0.258548,0.062991,-1406.713013
0.258548,0.062991,-1406.529785
0.258548,0.062991,-1406.326904
0.264719,0.058684,-1406.816162
0.261685,0.051523,-1408.948608
0.261826,0.053103,-1407.88855
0.261826,0.053103,-1407.861938
0.261826,0.053103,-1409.088745
0.259765,0.052719,-1409.233765
0.257887,0.050542,-1410.303467
0.257887,0.050542,-1411.657104
0.257887,0.050542,-1409.099365
0.257887,0.050542,-1410.229004
0.261095,0.047197,-1412.193115
0.26437,0.045949,-1412.088013
0.26437,0.045949,-1412.150879
0.265047,0.049859,-1409.539795
0.265142,0.052776,-1409.544434
0.260898,0.058994,-1407.372681
0.260898,0.058994,-1406.75293
0.257709,0.059123,-1406.842529
0.25564,0.057363,-1408.371582
0.253559,0.062062,-1408.145752
0.253566,0.062492,-1407.644775
0.255461,0.060107,-1408.815674
0.2563,0.057769,-1407.508423
0.253522,0.060984,-1407.871826
0.255235,0.058668,-1408.565186
0.250242,0.060525,-1409.807251
0.251321,0.061117,-1409.388062
0.251321,0.061117,-1408.955322
0.2595,0.061826,-1406.537842
0.263493,0.061017,-1406.806274
0.263493,0.061017,-1405.788086
0.267085,0.063083,-1405.904785
0.269024,0.056783,-1406.265015
0.269024,0.056783,-1406.174072
0.271129,0.055197,-1406.990112
0.271129,0.055197,-1407.419678
0.265327,0.056968,-1407.343262
0.266622,0.055582,-1407.5979
0.266622,0.055582,-1407.317749
0.268175,0.058472,-1406.853271
0.272955,0.052881,-1406.99939
0.272637,0.053661,-1407.575439
0.272637,0.053661,-1408.298584
0.272637,0.053661,-1407.566162
0.273406,0.055245,-1406.385498
0.270567,0.052974,-1408.385864
0.265237,0.052389,-1407.931152
0.264778,0.052398,-1408.94873
0.271418,0.049536,-1409.265015
0.27235,0.048673,-1409.79541
0.27235,0.048673,-1409.5354
0.27235,0.048673,-1409.934326
0.26981,0.049076,-1410.032715
0.268533,0.049702,-1408.696045
0.268533,0.049702,-1408.750977
0.27467,0.055408,-1407.307373
0.270744,0.057223,-1406.47876
0.280182,0.053536,-1407.582153
0.280182,0.053536,-1408.172485
0.284939,0.058088,-1407.657349
0.284939,0.058088,-1407.06189
0.286126,0.058374,-1408.38916
0.286591,0.057003,-1408.726562
0.277522,0.055062,-1407.332031
0.277522,0.055062,-1407.425537
0.275858,0.053776,-1408.192261
0.273203,0.054078,-1407.266602
0.273203,0.054078,-1408.64917
0.275565,0.053121,-1408.138794
0.275315,0.048061,-1409.947998
0.275315,0.048061,-1410.463135
0.272306,0.044914,-1412.575195
0.272106,0.047449,-1410.460571
0.272576,0.049837,-1409.175537
0.268163,0.050938,-1409.380493
0.271301,0.056815,-1406.297852
0.270943,0.056613,-1406.070068
0.270943,0.056613,-1407.200073
0.274494,0.056032,-1407.040771
0.272471,0.059507,-1406.0271
0.272471,0.059507,-1405.232422
0.272435,0.058142,-1406.604614
0.272435,0.058142,-1406.590332
0.269491,0.060339,-1406.081299
0.268067,0.065036,-1405.631348
0.268488,0.067013,-1406.106079
0.2625,0.065384,-1406.197021
0.2625,0.065384,-1405.27417
0.262979,0.067392,-1405.428467
0.264831,0.067071,-1405.303223
0.264831,0.067071,-1405.4021
0.266569,0.069457,-1405.488525
0.266569,0.069457,-1404.445312
0.266569,0.069457,-1404.853516
0.26586,0.070408,-1405.597412
0.26586,0.070408,-1405.093506
0.26586,0.070408,-1404.873535
0.26586,0.070408,-1405.60022
0.261754,0.070117,-1405.039062
0.265493,0.067432,-1405.790405
0.265493,0.067432,-1405.332886
0.264737,0.070803,-1405.276611
0.26422,0.066986,-1405.234375
0.26422,0.066986,-1405.228394
0.266526,0.066075,-1405.121948
0.26671,0.071797,-1405.236816
0.27058,0.075368,-1404.76001
0.27058,0.075368,-1404.947266
0.26479,0.073961,-1405.161011
0.26479,0.073961,-1405.373291
0.26479,0.073961,-1404.792236
0.26479,0.073961,-1405.488892
0.26479,0.073961,-1404.917236
0.269192,0.078591,-1405.687378
0.269542,0.082849,-1406.45105
0.269542,0.082849,-1405.492554
0.265339,0.0849,-1406.717041
0.265339,0.0849,-1406.738892
0.266739,0.082401,-1406.095337
0.269245,0.076262,-1404.990723
0.265462,0.0736,-1405.184814
0.265266,0.080996,-1405.711426
0.26843,0.08334,-1406.551025
0.26843,0.08334,-1406.463379
0.27557,0.085231,-1406.107178
0.272934,0.084528,-1405.420288
0.270534,0.083886,-1405.194824
0.270534,0.083886,-1406.238281
0.263567,0.081137,-1405.601318
0.264136,0.079106,-1405.352417
0.264136,0.079106,-1405.112305
0.26555,0.078803,-1405.684326
0.26555,0.078803,-1405.452393
0.26555,0.078803,-1405.99353
0.266152,0.075614,-1405.282959
0.260867,0.08009,-1406.269531
0.26197,0.080984,-1406.208252
0.258197,0.079002,-1405.864502
0.260474,0.079749,-1405.229248
0.258232,0.074035,-1406.692139
0.260134,0.071871,-1405.624268
0.258933,0.074466,-1406.417725
0.258839,0.073837,-1406.077881
0.253999,0.072896,-1406.227051
0.255844,0.074153,-1406.859985
0.253762,0.07561,-1407.050293
0.253205,0.07619,-1408.424316
0.255082,0.072636,-1407.831787
0.259431,0.068066,-1406.301514
0.259536,0.071682,-1407.205322
0.261152,0.069016,-1406.026123
0.258306,0.072042,-1406.133057
0.262477,0.074909,-1404.622681
0.26428,0.076112,-1405.6875
0.264694,0.070293,-1405.654053
0.264694,0.070293,-1404.670166
0.270248,0.067883,-1404.199585
0.271652,0.068711,-1404.728027
0.273183,0.066148,-1405.607178
0.276319,0.062371,-1405.956055
0.271041,0.067182,-1404.883057
0.270368,0.067841,-1404.124146
0.271055,0.064087,-1405.023315
0.269593,0.061339,-1405.753052
0.269473,0.058892,-1406.457886
0.266562,0.057753,-1405.798706
0.255898,0.059135,-1407.626221
0.255183,0.064732,-1408.519287
0.260199,0.056945,-1408.091553
0.260199,0.056945,-1407.650146
0.264533,0.058197,-1407.019409
0.270592,0.059092,-1407.27063
0.272488,0.05557,-1407.302246
0.272488,0.05557,-1406.666504
0.270187,0.053797,-1407.401123
0.26519,0.050946,-1409.724854
0.260655,0.05138,-1410.876587
0.257058,0.052449,-1410.649658
0.266374,0.05232,-1408.393799
0.271367,0.053937,-1408.343018
0.271367,0.053937,-1406.87793
0.275706,0.047849,-1409.610352
0.279289,0.052218,-1408.670898
0.283437,0.05538,-1408.54541
0.289217,0.059015,-1407.248779
0.29402,0.061502,-1407.561279
0.295881,0.064124,-1407.303833
0.295881,0.064124,-1407.338867
0.295881,0.064124,-1407.646118
0.294905,0.061059,-1408.134766
0.294905,0.061059,-1408.64978
0.294905,0.061059,-1408.724609
0.294905,0.061059,-1407.325684
0.292826,0.061329,-1407.208008
0.291981,0.060091,-1407.057129
0.291438,0.063256,-1406.9104
0.300105,0.062255,-1408.955322
0.300105,0.062255,-1409.06665
0.300105,0.062255,-1409.176758
0.296291,0.061863,-1408.841797
0.303911,0.062794,-1410.382202
0.303911,0.062794,-1409.307373
0.301705,0.066749,-1409.228027
0.294922,0.063698,-1407.675049
0.296416,0.063385,-1407.824707
0.295421,0.067174,-1407.721191
0.295421,0.067174,-1407.21521
0.295421,0.067174,-1406.905518
0.299393,0.068893,-1408.928833
0.299393,0.068893,-1407.733887
0.296561,0.06672,-1407.917969
0.295929,0.067351,-1408.660522
0.292975,0.07051,-1407.892822
0.291673,0.065956,-1406.83313
0.28958,0.069598,-1406.739624
0.282947,0.059573,-1406.875854
0.282959,0.06202,-1406.7323
0.282959,0.06202,-1406.238037
0.279032,0.06052,-1406.500732
0.279032,0.06052,-1405.422119
0.279032,0.06052,-1405.961426
0.280665,0.064065,-1405.381592
0.280583,0.06366,-1405.818848
0.283048,0.064874,-1405.165039
0.27939,0.06339,-1406.215454
0.282089,0.067972,-1405.584351
0.282089,0.067972,-1405.651245
0.28166,0.067245,-1405.30127
0.284583,0.067598,-1406.035645
0.286761,0.066879,-1406.191406
0.283785,0.067376,-1406.179199
0.283785,0.067376,-1406.048462
0.284497,0.067372,-1405.425781
0.287077,0.070785,-1406.314087
0.287077,0.070785,-1405.2323
0.287077,0.070785,-1405.259766
0.284969,0.073151,-1405.828369
0.284969,0.073151,-1405.666626
0.284969,0.073151,-1404.643799
0.286659,0.074135,-1406.296387
0.290067,0.070372,-1406.333252
0.292926,0.074883,-1406.829834
0.29528,0.069341,-1407.337402
0.293621,0.065148,-1407.300049
0.292836,0.062685,-1407.295166
0.292836,0.062685,-1407.457764
0.292905,0.068187,-1407.210327
0.28927,0.070025,-1405.183228
0.28927,0.070025,-1406.392578
0.283325,0.072353,-1405.058838
0.285916,0.075453,-1405.799561
0.285916,0.075453,-1406.317871
0.287644,0.072025,-1405.983398
0.287644,0.072025,-1406.128906
0.287644,0.072025,-1405.423828
0.287586,0.069551,-1405.200928
0.291036,0.066187,-1406.309692
0.288097,0.068529,-1406.649902
0.290911,0.071353,-1406.875
0.280286,0.07158,-1404.949951
0.27657,0.072827,-1404.032715
0.278247,0.073458,-1404.527832
0.275106,0.073779,-1405.063477
0.274549,0.076931,-1405.22522
0.27894,0.080399,-1405.731812
0.27894,0.080399,-1405.733765
0.28189,0.079321,-1406.817871
0.28189,0.079321,-1405.62207
0.28189,0.079321,-1405.69165
0.283254,0.08312,-1406.08252
0.28438,0.082478,-1406.054199
0.280921,0.082457,-1405.420898
0.283026,0.08023,-1406.456421
0.284004,0.078197,-1405.730225
0.284474,0.076321,-1406.713135
0.280685,0.073036,-1405.484619
0.280349,0.073462,-1405.905518
0.28328,0.07449,-1405.458618
0.28328,0.07449,-1405.497559
0.289932,0.06939,-1404.986572
0.289932,0.06939,-1406.151978
0.285671,0.072816,-1406.011963
0.284007,0.064834,-1405.299805
0.281413,0.065264,-1404.823853
0.283034,0.061716,-1406.580078
0.283975,0.065456,-1405.774902
0.283975,0.065456,-1405.907837
0.283975,0.065456,-1405.833984
0.283975,0.065456,-1406.134521
0.283975,0.065456,-1405.686401
0.287448,0.063235,-1406.705322
0.287448,0.063235,-1406.369629
0.287448,0.063235,-1406.038086
0.281327,0.067198,-1405.262939
0.277563,0.064469,-1405.455444
0.277778,0.064503,-1405.200684
0.275481,0.065152,-1405.328369
0.275481,0.065152,-1404.686523
0.273555,0.061903,-1405.458008
0.276521,0.058168,-1406.316895
0.278657,0.057278,-1407.894531
0.276475,0.06067,-1405.561523
0.270603,0.058501,-1406.320068
0.270603,0.058501,-1404.861816
0.273443,0.062975,-1405.385254
0.274888,0.063153,-1404.583008
0.275272,0.069921,-1405.590576
0.275272,0.069921,-1404.822632
0.272532,0.070508,-1404.631104
0.270626,0.068058,-1405.003052
0.277521,0.065516,-1405.142334
0.285079,0.062985,-1406.119873
0.282284,0.06353,-1405.80542
0.282284,0.06353,-1406.066162
0.281863,0.063951,-1405.774902
0.283502,0.060731,-1406.345093
0.284582,0.062447,-1406.261963
0.288015,0.061464,-1406.211182
0.289117,0.065629,-1405.994629
0.289117,0.065629,-1406.433838
0.294269,0.063137,-1407.473877
0.296889,0.059017,-1408.560303
0.296002,0.059196,-1408.240601
0.296002,0.059196,-1408.740723
0.296273,0.056688,-1408.540649
0.296701,0.057332,-1409.768188
0.297194,0.059309,-1409.632446
0.297194,0.059309,-1409.124878
0.289528,0.061588,-1405.724365
0.289528,0.061588,-1406.63623
0.289528,0.061588,-1407.070435
0.289528,0.061588,-1406.880981
0.289528,0.061588,-1407.078735
0.289528,0.061588,-1406.94043
0.289684,0.064664,-1406.449463
0.286094,0.069963,-1406.25
0.290311,0.069247,-1405.362061
0.287498,0.063803,-1406.060547
0.284984,0.063664,-1406.794189
0.284984,0.063664,-1405.611816
0.285226,0.063965,-1405.80481
0.285026,0.063912,-1406.324951
0.285026,0.063912,-1405.356567
0.286692,0.06187,-1407.089844
0.290156,0.063334,-1407.406494
0.295327,0.066352,-1407.489502
0.292125,0.069308,-1407.120117
0.292125,0.069308,-1407.183838
0.290485,0.074561,-1407.104614
0.288326,0.068089,-1405.784912
0.291213,0.062986,-1407.286377
0.291213,0.062986,-1406.713867
0.292728,0.067921,-1407.032715
0.294752,0.069155,-1406.800781
0.294752,0.069155,-1407.793457
0.294752,0.069155,-1407.412842
0.29126,0.066222,-1406.690918
0.293168,0.065251,-1407.338623
0.293168,0.065251,-1407.8927
0.293168,0.065251,-1407.671387
0.285663,0.062508,-1406.333496
0.285663,0.062508,-1406.1521
0.285663,0.062508,-1406.325195
0.285663,0.062508,-1404.952637
0.285663,0.062508,-1406.015503
0.283482,0.062433,-1406.433716
0.283482,0.062433,-1405.951782
0.283482,0.062433,-1406.689209
0.283482,0.062433,-1406.057861
0.279514,0.05994,-1405.516479
0.279514,0.05994,-1405.773438
0.279514,0.05994,-1405.428955
0.281547,0.06271,-1404.95166
0.276526,0.06118,-1405.521729
0.278681,0.062969,-1406.115967
0.278681,0.062969,-1405.201416
0.282054,0.066755,-1405.533447
0.282054,0.066755,-1405.308838
0.276421,0.059352,-1406.470337
0.275842,0.059998,-1406.0802
0.276113,0.058671,-1406.464722
0.278073,0.056266,-1408.062378
0.271336,0.055444,-1407.579346
0.27072,0.053492,-1407.812744
0.268637,0.056441,-1406.836548
0.268637,0.056441,-1407.310913
0.268637,0.056441,-1407.279297
0.267281,0.058072,-1406.463623
0.267281,0.058072,-1406.799316
0.271372,0.061729,-1406.191162
0.271976,0.062822,-1405.91748
0.271976,0.062822,-1405.193115
0.268556,0.062681,-1406.100098
0.264894,0.065143,-1406.046143
0.270682,0.066636,-1405.833252
0.270682,0.066636,-1404.832031
0.264453,0.067631,-1405.65918
0.265937,0.06243,-1405.849976
0.263578,0.065779,-1406.029419
0.265727,0.062889,-1406.37085
0.265727,0.062889,-1405.581299
0.267344,0.061122,-1406.192871
0.271112,0.066162,-1405.590332
0.271112,0.066162,-1404.980469
0.273266,0.065829,-1405.569824
0.273266,0.065829,-1405.619385
0.273266,0.065829,-1404.674316
0.273266,0.065829,-1405.821655
0.268406,0.06414,-1404.411133
0.271115,0.066269,-1405.494873
0.266077,0.063745,-1405.69458
0.261648,0.062921,-1405.441895
0.259701,0.067872,-1406.283691
0.265256,0.06858,-1405.736816
0.265256,0.06858,-1405.608398
0.261484,0.066713,-1406.422485
0.26497,0.069333,-1405.17334
0.26849,0.072864,-1404.717163
0.273623,0.070418,-1404.636719
0.27254,0.067064,-1404.792236
0.27254,0.067064,-1404.460083
0.271836,0.067707,-1405.419922
0.27451,0.070853,-1405.092896
0.27451,0.070853,-1405.012939
0.27451,0.070853,-1405.039307
0.276851,0.069399,-1404.523926
0.27378,0.068685,-1405.329102
0.283837,0.072046,-1406.50769
0.280504,0.069022,-1406.115234
0.281777,0.071747,-1405.753174
0.278609,0.072862,-1405.647705
0.279451,0.075669,-1404.722656
0.2796,0.07793,-1405.542725
0.281402,0.077176,-1406.602539
0.281402,0.077176,-1404.610596
0.283537,0.077529,-1407.008301
0.279409,0.079535,-1406.231201
0.285532,0.081039,-1407.022461
0.285532,0.081039,-1406.306885
0.28621,0.075584,-1405.936523
0.284738,0.081764,-1406.944824
0.284738,0.081764,-1406.383057
0.283442,0.084692,-1407.349854
0.281488,0.083439,-1406.413818
0.283658,0.077088,-1405.525879
0.280996,0.074144,-1405.451294
0.276126,0.076244,-1405.356689
0.278774,0.080633,-1405.575439
0.28258,0.077343,-1405.954346
0.282036,0.082073,-1406.861938
0.286794,0.07522,-1406.634521
0.286794,0.07522,-1405.735596
0.282789,0.072365,-1405.088867
0.27891,0.073922,-1405.660156
0.275707,0.073168,-1404.282471
0.276035,0.07744,-1404.338623
0.273539,0.076867,-1405.373169
0.273681,0.080197,-1405.4646
0.273681,0.080197,-1405.241455
0.275485,0.081269,-1405.307007
0.276966,0.082534,-1406.188599
0.272399,0.085717,-1406.358765
0.26771,0.08579,-1406.890381
0.26771,0.08579,-1406.467529
0.265382,0.08438,-1407.249756
0.265382,0.08438,-1406.446045
0.259878,0.088864,-1407.773193
0.256221,0.089457,-1408.52063
0.261046,0.090159,-1408.78186
0.262185,0.090212,-1407.766357
0.262185,0.090212,-1407.622803
0.261904,0.084732,-1406.890869
0.256683,0.079976,-1406.383423
0.256683,0.079976,-1406.950439
0.252884,0.076628,-1407.968262
0.252884,0.076628,-1407.164062
0.252884,0.076628,-1408.379395
0.260064,0.076619,-1406.631714
0.260064,0.076619,-1406.375
0.259404,0.078477,-1406.28125
0.265317,0.08023,-1405.534424
0.262937,0.087545,-1406.29126
0.262296,0.086141,-1407.689941
0.26456,0.084748,-1406.261719
0.267527,0.083328,-1405.753418
0.267949,0.080891,-1405.976318
0.272486,0.075494,-1405.266846
0.271108,0.07534,-1405.083984
0.271108,0.07534,-1405.423828
0.270487,0.079181,-1405.642578
0.272426,0.078955,-1405.810913
0.272426,0.078955,-1405.754517
0.273251,0.076593,-1405.609863
0.271553,0.075283,-1405.356201
0.271553,0.075283,-1404.579102
0.271553,0.075283,-1404.277832
0.271914,0.07417,-1403.841675
0.269585,0.067963,-1404.977051
0.270891,0.069249,-1405.086182
0.265507,0.070574,-1405.511353
0.264979,0.072878,-1405.986084
0.261532,0.077486,-1406.590088
0.261532,0.077486,-1406.100098
0.261532,0.077486,-1406.147583
0.265371,0.078645,-1405.369141
0.261404,0.076291,-1406.580322
0.265711,0.067572,-1404.978882
0.26899,0.060415,-1405.736694
0.276535,0.063549,-1406.055176
0.278283,0.059639,-1405.747559
0.278216,0.057528,-1406.689697
0.278216,0.057528,-1406.294189
0.278216,0.057528,-1406.781738
0.279076,0.0594,-1407.468506
0.277881,0.054465,-1407.339111
0.277881,0.054465,-1406.554688
0.281588,0.055238,-1407.844849
0.285576,0.0593,-1407.993164
0.285202,0.059099,-1406.905762
0.282649,0.057678,-1407.172119
0.285868,0.05788,-1407.652832
0.287585,0.059144,-1407.68103
0.289521,0.062494,-1407.060791
0.289521,0.062494,-1406.153442
0.292074,0.060893,-1407.49585
0.294248,0.059938,-1407.822754
0.291547,0.060457,-1408.359619
0.293157,0.059114,-1408.251465
0.292957,0.058663,-1407.98877
0.292319,0.063759,-1407.154541
0.292319,0.063759,-1406.718384
0.288901,0.060244,-1407.100098
0.290101,0.059427,-1407.64624
0.290101,0.059427,-1407.437134
0.290101,0.059427,-1406.907104
0.290101,0.059427,-1407.320312
0.288459,0.063,-1406.661987
0.288849,0.059761,-1405.831299
0.288849,0.059761,-1407.490723
0.288849,0.059761,-1406.548096
0.288849,0.059761,-1407.347778
0.293144,0.06227,-1408.597656
0.295322,0.066781,-1408.12085
0.293062,0.064963,-1406.206543
0.295937,0.066653,-1407.026855
0.290358,0.066624,-1406.500366
0.291617,0.064869,-1406.368652
0.296276,0.062428,-1407.922363
0.297694,0.066829,-1407.626221
0.296686,0.065896,-1407.80957
0.29609,0.067989,-1408.133057
0.292998,0.063972,-1407.216919
0.295811,0.065572,-1407.576172
0.295811,0.065572,-1408.090454
0.295811,0.065572,-1407.545654
0.295811,0.065572,-1408.280029
0.299791,0.065699,-1408.069092
0.297218,0.062439,-1408.262939
0.295389,0.061096,-1408.133057
0.295389,0.061096,-1408.602661
0.291029,0.063293,-1406.951172
0.291029,0.063293,-1407.248535
0.291645,0.065921,-1407.097656
0.287921,0.070685,-1406.428101
0.287921,0.070685,-1406.595215
0.287785,0.071897,-1405.650757
0.28368,0.072966,-1406.240601
0.278636,0.069424,-1405.560547
0.278636,0.069424,-1405.666382
0.278761,0.067713,-1404.532715
0.278761,0.067713,-1405.174194
0.278663,0.063978,-1405.979126
0.274953,0.063395,-1405.554199
0.275128,0.059184,-1406.873779
0.279027,0.059281,-1405.846191
0.278751,0.062748,-1406.40332
0.278751,0.062748,-1405.448853
0.278751,0.062748,-1405.840088
0.276606,0.06614,-1405.597656
0.272549,0.061767,-1405.421265
0.27582,0.060981,-1406.541992
0.282867,0.060106,-1406.287476
0.281202,0.060008,-1406.739136
0.281202,0.060008,-1405.945312
0.281202,0.060008,-1405.157715
0.282258,0.061548,-1405.237305
0.2792,0.061624,-1406.895874
0.282783,0.058065,-1405.948486
0.285558,0.058916,-1407.783691
0.289765,0.059388,-1407.000488
0.295123,0.061373,-1408.162598
0.298186,0.056853,-1409.695068
0.298186,0.056853,-1410.076904
0.293576,0.056655,-1409.374268
0.293576,0.056655,-1408.650635
0.293576,0.056655,-1408.318359
0.293279,0.059055,-1408.334595
0.293279,0.059055,-1407.72583
0.289374,0.059496,-1407.082764
0.294542,0.05657,-1408.536865
0.294935,0.061105,-1407.632935
0.291586,0.061116,-1407.290649
0.294145,0.068917,-1406.508911
0.292542,0.0689,-1406.745972
0.298427,0.069588,-1407.991211
0.296752,0.065811,-1407.407959
0.294576,0.06942,-1406.875244
0.299182,0.06986,-1407.777344
0.301537,0.067441,-1408.087524
0.304727,0.070232,-1409.290527
0.305251,0.068538,-1409.306641
0.304663,0.063819,-1409.686768
0.308633,0.05948,-1411.472656
0.308039,0.058142,-1412.257324
0.308039,0.058142,-1410.601807
0.307629,0.059749,-1411.165283
0.304205,0.060514,-1410.238037
0.304205,0.060514,-1409.124756
0.302992,0.061975,-1409.282349
0.307535,0.059986,-1411.047363
0.311384,0.060019,-1411.699097
0.310294,0.055963,-1412.887695
0.310653,0.054294,-1412.72876
0.310653,0.054294,-1412.948486
0.310653,0.054294,-1412.646118
0.307238,0.056988,-1412.403564
0.30774,0.056047,-1411.466553
0.304789,0.055962,-1411.069946
0.304032,0.055339,-1411.015747
0.304032,0.055339,-1412.305786
0.306629,0.055279,-1411.696167
0.307576,0.058627,-1411.747925
0.307576,0.058627,-1410.709473
0.305714,0.057266,-1411.609619
0.305714,0.057266,-1410.60083
0.304143,0.060823,-1410.772217
0.301764,0.063332,-1409.000122
0.301153,0.066266,-1408.856934
0.300589,0.065698,-1408.343262
0.298431,0.067501,-1408.394531
0.295419,0.068271,-1407.353027
0.295419,0.068271,-1406.71167
0.295266,0.066831,-1407.36853
0.295266,0.066831,-1407.629761
0.295266,0.066831,-1408.425049
0.295266,0.066831,-1407.221924
0.295266,0.066831,-1407.472656
0.294699,0.070129,-1406.658203
0.293917,0.070742,-1407.74707
0.294384,0.070665,-1406.751221
0.293389,0.068769,-1407.350586
0.293165,0.067366,-1406.638306
0.295754,0.06626,-1407.352417
0.295754,0.06626,-1407.143311
0.296382,0.061543,-1408.231689
0.296382,0.061543,-1408.03418
0.291057,0.066078,-1406.269775
0.294861,0.064226,-1407.392334
0.294613,0.067633,-1407.505737
0.292101,0.06814,-1407.035156
0.292101,0.06814,-1406.661377
0.291761,0.069592,-1406.609009
0.287449,0.066344,-1406.298584
0.28732,0.067491,-1405.614868
0.285033,0.070869,-1404.786133
0.281382,0.073674,-1405.650146
0.28423,0.07443,-1405.194336
0.285419,0.074702,-1405.173584
0.285419,0.074702,-1406.61792
0.285419,0.074702,-1405.311768
0.285419,0.074702,-1405.887451
0.286049,0.076137,-1404.852295
0.284789,0.078073,-1406.05835
0.28688,0.073504,-1405.802002
0.282714,0.077192,-1406.490234
0.281458,0.076652,-1406.631592
0.286047,0.070774,-1406.137451
0.281516,0.069587,-1404.936646
0.277043,0.065968,-1404.429932
0.275196,0.061222,-1405.740234
0.27352,0.065246,-1404.349731
0.276281,0.065185,-1405.237061
0.281672,0.065592,-1405.275024
0.284916,0.060325,-1405.999023
0.284916,0.060325,-1406.01416
0.282331,0.060327,-1407.009033
0.282331,0.060327,-1405.912109
0.282331,0.060327,-1406.505371
0.280435,0.057887,-1407.115845
0.280435,0.057887,-1406.621826
0.28186,0.05784,-1407.314331
0.279274,0.059736,-1406.413696
0.283666,0.058534,-1406.94397
0.283666,0.058534,-1407.398438
0.278456,0.064667,-1405.615234
0.275257,0.061224,-1404.884521
0.276554,0.059367,-1405.916382
0.276554,0.059367,-1405.992432
0.269887,0.060506,-1405.169067
0.268222,0.057131,-1406.334473
0.268222,0.057131,-1406.983154
0.26273,0.061144,-1405.794434
0.264853,0.057887,-1407.620605
0.26145,0.057581,-1407.022217
0.262203,0.05664,-1407.303955
0.263397,0.060467,-1406.322266
0.267926,0.061107,-1406.313721
0.265778,0.061837,-1406.220215
0.268782,0.064155,-1405.952148
0.264571,0.063702,-1405.949219
0.264571,0.063702,-1405.666992
0.264738,0.064113,-1405.9646
0.268319,0.066233,-1405.967285
0.268947,0.062377,-1405.756836
0.268947,0.062377,-1405.793579
0.268947,0.062377,-1405.197998
0.273767,0.058487,-1406.059814
0.274756,0.060015,-1406.589966
0.278713,0.059095,-1406.672852
0.279087,0.06378,-1405.620239
0.279087,0.06378,-1404.995972
0.277399,0.065113,-1405.64917
0.277399,0.065113,-1404.736084
0.272565,0.067477,-1405.067505
0.275302,0.072704,-1404.255127
0.277455,0.074094,-1404.844482
0.277455,0.074094,-1405.208984
0.274839,0.074504,-1405.30127
0.274839,0.074504,-1405.342041
0.273182,0.071617,-1405.449707
0.270015,0.076403,-1404.939331
0.266942,0.075234,-1405.535034
0.267352,0.077416,-1405.535645
0.267352,0.077416,-1405.108276
0.267352,0.077416,-1405.87561
0.265029,0.07484,-1405.397949
0.265029,0.07484,-1404.633057
0.265029,0.07484,-1405.865967
0.267871,0.071491,-1405.14917
0.269186,0.078898,-1406.103638
0.26861,0.078462,-1404.898926
0.26861,0.078462,-1405.098389
0.268335,0.075779,-1405.257324
0.268335,0.075779,-1404.727051
0.267272,0.075567,-1405.856934
0.269225,0.074572,-1405.1073
0.269225,0.074572,-1405.296753
0.262693,0.075688,-1405.721436
0.262693,0.075688,-1405.665039
0.259964,0.07296,-1405.345459
0.258378,0.07179,-1405.696777
0.257523,0.075692,-1406.682739
0.258756,0.076731,-1406.257324
0.256126,0.073772,-1406.549316
0.259684,0.077746,-1407.215698
0.262111,0.083067,-1406.781982
0.262111,0.083067,-1405.662842
0.258787,0.081793,-1406.8396
0.259192,0.084532,-1407.519287
0.259597,0.083201,-1407.286621
0.259726,0.082259,-1406.62793
0.259726,0.082259,-1405.614014
0.264017,0.081131,-1405.474609
0.260617,0.084601,-1406.861572
0.260253,0.085162,-1406.994385
0.254524,0.085264,-1408.297241
0.254524,0.085264,-1408.880371
0.255657,0.082305,-1406.97229
0.255657,0.082305,-1407.637939
0.255657,0.082305,-1408.15686
0.258641,0.086454,-1408.240845
0.264444,0.082667,-1405.491943
0.266224,0.079923,-1406.091797
0.266531,0.080465,-1406.184082
0.266727,0.077977,-1405.498535
0.266727,0.077977,-1405.689697
0.267044,0.080277,-1404.878174
0.261607,0.081891,-1405.831787
0.261607,0.081891,-1406.366455
0.262322,0.079647,-1405.636475
0.259364,0.078315,-1406.281982
0.258228,0.082193,-1407.185059
0.263635,0.081084,-1406.685547
0.263635,0.081084,-1407.137451
0.267011,0.083515,-1406.470459
0.26507,0.084816,-1406.26416
0.265217,0.078826,-1405.197754
0.268897,0.081683,-1405.232422
0.268897,0.081683,-1405.719971
0.268897,0.081683,-1404.64624
0.268897,0.081683,-1405.757324
0.272295,0.07964,-1404.818115
0.274227,0.077439,-1405.199219
0.276551,0.079478,-1405.799805
0.276551,0.079478,-1405.592529
0.272303,0.079185,-1405.500244
0.271367,0.08118,-1406.239014
0.274455,0.079695,-1405.633057
0.268977,0.081116,-1405.324829
0.276034,0.07739,-1406.543091
0.281279,0.073123,-1406.195801
0.281279,0.073123,-1404.865234
0.277035,0.079401,-1405.142212
0.276787,0.082128,-1406.0
0.278665,0.078024,-1406.703857
0.280755,0.075879,-1405.596191
0.277773,0.069582,-1405.814453
0.27007,0.071911,-1405.044922
0.27156,0.070192,-1404.454346
0.27156,0.070192,-1404.283081
0.272299,0.066074,-1405.208984
0.273264,0.072517,-1405.145508
0.274185,0.073165,-1403.969849
0.280068,0.072938,-1406.285156
0.28377,0.069915,-1406.384766
0.28377,0.069915,-1406.185303
0.28377,0.069915,-1405.26123
0.277968,0.070826,-1404.980103
0.277968,0.070826,-1404.380249
0.278076,0.067693,-1405.792603
0.275422,0.064999,-1405.105469
0.273793,0.065948,-1403.92627
0.273793,0.065948,-1404.912598
0.278815,0.072333,-1405.831177
0.275607,0.068795,-1405.419067
0.277151,0.067239,-1404.947144
0.276228,0.067357,-1404.662598
0.276228,0.067357,-1404.990723
0.275836,0.066678,-1404.803467
0.279441,0.068507,-1405.921753
0.279441,0.068507,-1405.082886
0.267679,0.068214,-1405.471313
0.267009,0.068688,-1405.451416
0.267156,0.066733,-1405.211426
0.267156,0.066733,-1405.177856
0.263104,0.065735,-1405.699951
0.258233,0.069426,-1406.279541
0.255585,0.070402,-1405.92334
0.255585,0.070402,-1407.308472
0.255585,0.070402,-1406.940186
0.258183,0.070773,-1405.936523
0.257617,0.07045,-1406.180664
0.255403,0.070836,-1406.813965
0.255403,0.070836,-1406.564209
0.255403,0.070836,-1406.50293
0.255402,0.070388,-1406.979492
0.259798,0.067147,-1406.217773
0.259798,0.067147,-1405.584595
0.260683,0.067263,-1405.753418
0.262494,0.067111,-1405.355225
0.262506,0.07128,-1405.616333
0.26598,0.071058,-1406.158203
0.272385,0.067341,-1405.51123
0.272385,0.067341,-1404.305664
0.270098,0.06201,-1405.510254
0.266171,0.056826,-1406.953857
0.266171,0.056826,-1406.751831
0.267718,0.055806,-1407.360596
0.267718,0.055806,-1406.172485
0.262652,0.060402,-1406.431885
0.260821,0.057357,-1407.785156
0.254982,0.061235,-1407.563477
0.254982,0.061235,-1407.706055
0.254982,0.061235,-1407.561646
0.251435,0.063672,-1408.839233
0.256052,0.05836,-1407.772461
0.255214,0.055994,-1410.10791
0.252988,0.057667,-1409.650635
0.252988,0.057667,-1408.719116
0.252988,0.057667,-1409.118408
0.257967,0.055803,-1408.455078
0.261043,0.056205,-1407.610352
0.264494,0.058913,-1407.12207
0.258652,0.061055,-1406.74585
0.258652,0.061055,-1406.739258
0.263004,0.060388,-1406.695435
0.265516,0.065185,-1405.508057
0.262776,0.068947,-1405.878174
0.262699,0.069384,-1405.694092
0.262699,0.069384,-1405.294922
0.262699,0.069384,-1405.342529
0.267972,0.066579,-1405.378906
0.271208,0.066646,-1404.763184
0.265219,0.069848,-1404.575928
0.260507,0.072956,-1405.942627
0.252587,0.074954,-1407.325684
0.252034,0.07261,-1407.349854
0.252034,0.07261,-1408.156738
0.250957,0.070569,-1408.108643
0.25115,0.072674,-1407.723145
0.252446,0.071358,-1407.814941
0.252446,0.071358,-1407.533691
0.252446,0.071358,-1407.753662
0.252446,0.071358,-1407.37085
0.248021,0.07216,-1408.684692
0.250379,0.069456,-1407.83606
0.248837,0.067516,-1408.829102
0.248837,0.067516,-1408.046631
0.247188,0.067826,-1410.057983
0.247188,0.067826,-1409.128784
0.250023,0.071229,-1408.508301
0.250023,0.071229,-1408.472412
0.250023,0.071229,-1408.067383
0.254303,0.071132,-1407.862061
0.254303,0.071132,-1406.963867
0.254303,0.071132,-1407.181763
0.255953,0.072184,-1406.948975
0.256644,0.06784,-1406.520264
0.259568,0.070417,-1405.765625
0.263022,0.075301,-1405.254639
0.265798,0.072877,-1405.271973
0.261052,0.073605,-1405.681152
0.263077,0.071595,-1406.756836
0.268844,0.073452,-1405.487915
0.268844,0.073452,-1404.463501
0.268844,0.073452,-1405.677979
0.268844,0.073452,-1404.34375
0.274876,0.070658,-1404.767822
0.282337,0.071242,-1405.446289
0.282337,0.071242,-1404.711426
0.281575,0.068214,-1404.963379
0.281575,0.068214,-1405.419922
0.275479,0.071234,-1403.906006
0.278369,0.072129,-1404.266235
0.278369,0.072129,-1405.358154
0.279742,0.077701,-1405.406616
0.275955,0.077783,-1405.185547
0.275955,0.077783,-1405.173706
0.275955,0.077783,-1404.835693
0.278611,0.080396,-1406.456299
0.27617,0.08272,-1406.618896
0.27617,0.08272,-1406.468384
0.273779,0.085091,-1406.731445
0.270881,0.084315,-1407.080811
0.269044,0.079952,-1405.348145
0.268523,0.082017,-1405.984619
0.268523,0.082017,-1404.409302
0.268523,0.082017,-1405.449341
0.268523,0.082017,-1406.045044
0.268445,0.080779,-1406.687622
0.268445,0.080779,-1405.987305
0.268445,0.080779,-1405.872314
0.268242,0.084392,-1405.717651
0.270961,0.082761,-1406.108276
0.267098,0.081169,-1406.085693
0.271957,0.080979,-1406.109741
0.271957,0.080979,-1405.028076
0.270749,0.082597,-1406.147949
0.273437,0.0791,-1405.288086
0.27765,0.085065,-1406.768433
0.27765,0.085065,-1407.080811
0.275404,0.087537,-1407.465576
0.273073,0.085447,-1405.692993
0.270808,0.084394,-1405.536499
0.279007,0.083697,-1406.114136
0.279007,0.083697,-1406.216431
0.283388,0.082729,-1407.018799
0.286274,0.078512,-1406.394287
0.283306,0.078877,-1406.994141
0.283306,0.078877,-1405.216187
0.283306,0.078877,-1405.609863
0.285577,0.07186,-1405.260742
0.280319,0.072672,-1405.234131
0.282892,0.074945,-1405.135254
0.281914,0.078693,-1406.480225
0.278321,0.080588,-1405.912598
0.276648,0.076377,-1404.865479
0.270602,0.076382,-1405.46936
0.27347,0.075306,-1405.162842
0.278771,0.07154,-1404.560059
0.277124,0.068749,-1404.741943
0.277124,0.068749,-1405.313721
0.274746,0.067519,-1404.961426
0.271286,0.066529,-1405.165894
0.277049,0.072015,-1405.240479
0.280799,0.072802,-1405.522949
0.280202,0.071673,-1405.311157
0.280202,0.071673,-1404.723022
0.284617,0.076021,-1405.322754
0.284111,0.079069,-1406.160645
0.283993,0.079653,-1406.422607
0.280476,0.081803,-1405.690674
0.280793,0.085941,-1407.934082
0.281751,0.089587,-1407.612061
0.285014,0.092519,-1409.551636
0.286046,0.090993,-1408.738037
0.287756,0.089961,-1409.069458
0.289071,0.087991,-1407.985107
0.280574,0.08992,-1407.871338
0.282887,0.084396,-1407.144897
0.282887,0.084396,-1406.869019
0.280771,0.081237,-1406.730469
0.27876,0.079478,-1404.94751
0.27876,0.079478,-1405.164185
0.276613,0.078018,-1405.123047
0.276613,0.078018,-1405.222046
0.276613,0.078018,-1405.160278
0.274708,0.077931,-1404.77771
0.2737,0.081175,-1406.49646
0.275831,0.077832,-1404.878418
0.277413,0.075953,-1405.974487
0.277413,0.075953,-1404.779541
0.27567,0.074461,-1405.223633
0.273633,0.072314,-1404.290161
0.279363,0.075104,-1404.951538
0.278121,0.07648,-1405.120361
0.278572,0.082291,-1406.35498
0.278416,0.077881,-1405.849121
0.278416,0.077881,-1405.478149
0.27569,0.075774,-1405.032837
0.285386,0.073746,-1405.830566
0.280353,0.071913,-1405.273193
0.284173,0.071212,-1406.356445
0.284173,0.071212,-1405.875
0.284173,0.071212,-1406.181641
0.284868,0.075071,-1405.361816
0.285643,0.073882,-1406.755127
0.283061,0.074277,-1405.244751
0.284192,0.070901,-1405.978027
0.280335,0.069188,-1405.665649
0.275951,0.069065,-1404.971558
0.27412,0.06522,-1405.555176
0.273745,0.062212,-1405.801758
0.273745,0.062212,-1405.544312
0.270148,0.062392,-1405.382446
0.272326,0.06624,-1404.832764
0.272326,0.06624,-1405.019653
0.272326,0.06624,-1404.881104
0.272326,0.06624,-1405.102783
0.272326,0.06624,-1404.613281
0.273529,0.067988,-1404.816406
0.266297,0.073709,-1405.162842
0.26925,0.078308,-1406.223389
0.268434,0.079539,-1406.260498
0.270675,0.079171,-1405.203491
0.270675,0.079171,-1404.813965
0.271232,0.078234,-1404.49707
0.270043,0.077433,-1405.612549
0.274551,0.079307,-1404.868042
0.274822,0.084044,-1405.570923
0.27731,0.08356,-1406.614014
0.280527,0.080703,-1406.008545
0.281774,0.079084,-1405.832153
0.281774,0.079084,-1405.218872
0.282672,0.075587,-1406.287598
0.282672,0.075587,-1405.599854
0.280714,0.076046,-1405.470581
0.279005,0.077304,-1405.79248
0.279005,0.077304,-1405.125244
0.279005,0.077304,-1406.138062
0.279005,0.077304,-1404.980469
0.277209,0.080086,-1405.675171
0.270955,0.079007,-1405.453979
0.270322,0.077848,-1405.766357
0.27715,0.076736,-1404.809082
0.27715,0.076736,-1405.402588
0.27715,0.076736,-1404.840332
0.273304,0.077471,-1405.151611
0.273304,0.077471,-1405.462646
0.269095,0.076985,-1404.858398
0.268587,0.077472,-1404.757568
0.268587,0.077472,-1405.121094
0.272482,0.078325,-1405.067749
0.27068,0.074349,-1404.774902
0.27068,0.074349,-1405.107788
0.27068,0.074349,-1404.850342
0.272263,0.071835,-1405.452393
0.271169,0.074039,-1405.161865
0.271169,0.074039,-1404.91626
0.270607,0.075243,-1405.195068
0.267476,0.076073,-1405.790894
0.266264,0.075777,-1405.72522
0.259557,0.072985,-1405.660767
0.264459,0.073631,-1405.772949
0.264459,0.073631,-1405.145874
0.266109,0.071265,-1405.472412
0.265612,0.07358,-1405.40625
0.267213,0.075546,-1405.605469
0.272321,0.074241,-1405.682129
0.270029,0.07607,-1405.141846
0.270029,0.07607,-1405.291504
0.270029,0.07607,-1404.581787
0.276381,0.078948,-1405.704834
0.277847,0.082005,-1405.829834
0.279352,0.082782,-1406.677856
0.277366,0.085502,-1406.196045
0.277366,0.085502,-1406.596558
0.277565,0.08177,-1405.919678
0.276263,0.079534,-1405.769043
0.276263,0.079534,-1405.61731
0.277788,0.074291,-1404.583252
0.277788,0.074291,-1404.90332
0.279502,0.077711,-1405.436035
0.27988,0.076561,-1405.682129
0.27988,0.076561,-1404.773315
0.277423,0.076158,-1405.305176
0.271773,0.079273,-1405.565552
0.272329,0.079971,-1406.066162
0.275353,0.078335,-1404.572754
0.276677,0.074558,-1405.201904
0.277372,0.071498,-1405.183105
0.282825,0.07429,-1404.878906
0.283363,0.075809,-1405.626831
0.283363,0.075809,-1405.806885
0.279087,0.075579,-1405.145264
0.280073,0.073638,-1404.835815
0.280073,0.073638,-1405.059448
0.281058,0.07167,-1404.151611
0.285394,0.074472,-1405.426025
0.285929,0.071825,-1405.998047
0.285929,0.071825,-1405.371094
0.286608,0.066498,-1406.830933
0.286608,0.066498,-1405.355225
0.286608,0.066498,-1405.616821
0.288954,0.06851,-1406.088135
0.286076,0.067388,-1405.160889
0.284531,0.069755,-1405.023193
0.285364,0.071463,-1405.812622
0.282619,0.068894,-1405.656006
0.282829,0.06859,-1405.363159
0.280402,0.06591,-1404.925293
0.279563,0.062052,-1406.369019
0.277741,0.061196,-1405.712158
0.278701,0.058927,-1406.626953
0.281351,0.062551,-1405.771973
0.277722,0.066013,-1405.47937
0.276698,0.065782,-1405.137451
0.27307,0.062344,-1406.088135
0.274124,0.063328,-1405.689819
0.274124,0.063328,-1404.611328
0.271316,0.063724,-1404.820801
0.271615,0.062261,-1405.690674
0.272342,0.063735,-1405.958496
0.272342,0.063735,-1404.689575
0.269963,0.068018,-1405.441284
0.271375,0.066607,-1405.675781
0.271918,0.060292,-1405.937622
0.275477,0.063335,-1405.092896
0.273617,0.06078,-1406.631226
0.273617,0.06078,-1405.82251
0.274159,0.064329,-1404.888428
0.273694,0.067229,-1405.221436
0.271168,0.067932,-1403.955566
0.271168,0.067932,-1405.35376
0.268956,0.068641,-1404.644897
0.264361,0.069946,-1406.455933
0.264361,0.069946,-1405.30542
0.265895,0.068721,-1405.347412
0.263081,0.069681,-1404.687744
0.263081,0.069681,-1405.356934
0.263081,0.069681,-1405.765625
0.257795,0.072034,-1405.797852
0.261449,0.072962,-1405.023071
0.261449,0.072962,-1406.234131
0.263297,0.071865,-1405.465454
0.268543,0.073374,-1404.984131
0.268543,0.073374,-1404.860596
0.268543,0.073374,-1405.311279
0.263534,0.071699,-1404.832031
0.263534,0.071699,-1405.105469
0.267951,0.07244,-1404.923584
0.269565,0.072268,-1404.552734
0.267831,0.076832,-1404.800537
0.267831,0.076832,-1405.816895
0.265056,0.077441,-1405.661621
0.267064,0.073043,-1405.066162
0.268506,0.077081,-1404.886719
0.268506,0.077081,-1405.632324
0.271675,0.075936,-1404.69751
0.272605,0.078461,-1404.570801
0.272605,0.078461,-1405.486572
0.273767,0.079299,-1405.5177
0.273767,0.079299,-1405.580078
0.279431,0.077985,-1404.904297
0.279431,0.077985,-1406.142578
0.279431,0.077985,-1405.234985
0.279431,0.077985,-1405.395996
0.279431,0.077985,-1404.737183
0.279431,0.077985,-1406.262451
0.278131,0.07936,-1405.204346
0.278131,0.07936,-1405.417969
0.274953,0.079546,-1406.694702
0.273321,0.081654,-1406.890869
0.273321,0.081654,-1406.52002
0.280238,0.078013,-1405.790283
0.278975,0.075785,-1405.487183
0.278975,0.075785,-1405.797485
0.2814,0.072085,-1405.675049
0.2814,0.072085,-1405.526367
0.2814,0.072085,-1404.918823
0.2814,0.072085,-1405.969116
0.279297,0.074773,-1406.185547
0.28727,0.073488,-1406.306152
0.288181,0.069337,-1406.652344
0.284179,0.065039,-1406.352783
0.28103,0.068425,-1405.581177
0.278171,0.068775,-1404.913208
0.279428,0.063809,-1405.575439
0.284074,0.058851,-1406.548828
0.284423,0.062903,-1406.486328
0.276958,0.058798,-1406.569458
0.278802,0.060685,-1406.033447
0.280162,0.059248,-1406.393799
0.284029,0.064819,-1406.533203
0.287645,0.066536,-1406.331055
0.287645,0.066536,-1405.82959
0.28646,0.071325,-1406.633545
0.290111,0.072759,-1406.224976
0.28823,0.07785,-1406.109619
0.287343,0.07532,-1406.372314
0.287769,0.073554,-1405.642822
0.289872,0.07207,-1406.51123
0.291497,0.075688,-1406.826538
0.296329,0.073125,-1408.169678
0.301286,0.074989,-1408.621826
0.293234,0.073548,-1407.367432
0.291418,0.069488,-1406.679443
0.289966,0.067114,-1407.158569
0.287092,0.072378,-1405.507324
0.282125,0.070839,-1404.816406
0.281067,0.068727,-1405.568115
0.281067,0.068727,-1405.718628
0.28429,0.071289,-1405.37085
0.285963,0.070011,-1405.392578
0.281789,0.067728,-1405.061523
0.285268,0.068196,-1405.502441
0.279021,0.069005,-1405.11377
0.279946,0.067698,-1404.300659
0.286324,0.06999,-1405.885132
0.286743,0.069788,-1406.705933
0.294226,0.077305,-1407.216553
0.284723,0.07829,-1406.488525
0.284234,0.083002,-1406.857178
0.291049,0.07993,-1407.855347
0.291049,0.07993,-1406.197266
0.29469,0.080066,-1407.798706
0.29469,0.080066,-1407.444824
0.29469,0.080066,-1408.012329
0.295727,0.077096,-1407.886719
0.292488,0.078644,-1407.827271
0.292488,0.078644,-1407.951904
0.288896,0.081394,-1407.976074
0.297152,0.083526,-1408.942871
0.305635,0.082385,-1411.83728
0.309395,0.075642,-1410.835205
0.307515,0.076772,-1410.433716
0.298276,0.079623,-1408.866943
0.297923,0.08034,-1408.346313
0.295359,0.081991,-1408.682373
0.293295,0.080638,-1408.555786
0.293295,0.080638,-1409.055786
0.290302,0.080259,-1407.279541
0.291806,0.080452,-1407.492065
0.28745,0.078313,-1406.548584
0.280102,0.078276,-1406.031494
0.283667,0.080014,-1406.493164
0.283605,0.077954,-1405.887329
0.27994,0.080811,-1405.491943
0.27994,0.080811,-1405.507446
0.27994,0.080811,-1405.577515
0.274346,0.07999,-1406.161987
0.281702,0.0717,-1405.293213
0.278691,0.069756,-1404.458008
0.279656,0.073399,-1405.749146
0.276717,0.072407,-1405.358643
0.274258,0.069491,-1405.229004
0.271422,0.069903,-1404.510498
0.273671,0.070372,-1405.057861
0.278629,0.067089,-1405.35498
0.278629,0.067089,-1404.551636
0.279844,0.062815,-1405.335693
0.279844,0.062815,-1405.900146
0.282187,0.062026,-1406.308594
0.286169,0.060957,-1406.119385
0.286169,0.060957,-1407.126099
0.281266,0.054101,-1408.499268
0.281266,0.054101,-1408.146484
0.278765,0.052301,-1407.806885
0.278765,0.052301,-1409.091797
0.279941,0.054042,-1407.64502
0.281297,0.05222,-1408.342651
0.279228,0.051399,-1409.527588
0.276478,0.052086,-1407.570801
0.274872,0.056032,-1406.617432
0.273122,0.05635,-1406.46167
0.269868,0.058169,-1406.996094
0.267252,0.063703,-1405.547974
0.264785,0.064318,-1405.770752
0.26392,0.064779,-1404.739258
0.26392,0.064779,-1405.490967
0.266959,0.063935,-1404.784424
0.272605,0.06452,-1405.291504
0.268535,0.063839,-1405.32312
0.271428,0.066578,-1405.30603
0.271428,0.066578,-1405.091797
0.271428,0.066578,-1404.97229
0.271428,0.066578,-1404.363159
0.267514,0.06042,-1405.916016
0.267514,0.06042,-1407.32666
0.269405,0.058196,-1405.990479
0.269233,0.059001,-1406.473022
0.27118,0.056494,-1406.407104
0.264501,0.058925,-1406.85083
0.268631,0.061016,-1405.473022
0.272801,0.058485,-1406.147461
0.273007,0.06076,-1404.925537
0.273007,0.06076,-1405.722168
0.273007,0.06076,-1405.317627
0.273007,0.06076,-1404.82959
0.275326,0.060407,-1407.395386
0.270292,0.060034,-1406.007812
0.270292,0.060034,-1405.970215
0.276532,0.06097,-1406.38269
0.268347,0.060734,-1405.896973
0.268347,0.060734,-1405.414185
0.267451,0.062996,-1405.429932
0.266614,0.058564,-1406.137939
0.266614,0.058564,-1407.453125
0.266614,0.058564,-1406.674316
0.266614,0.058564,-1407.557617
0.266614,0.058564,-1406.736328
0.266794,0.058989,-1406.975464
0.265652,0.061545,-1405.797363
0.264061,0.061232,-1406.503296
0.264061,0.061232,-1406.369873
0.266123,0.064781,-1405.807861
0.264044,0.067534,-1405.070679
0.263145,0.063952,-1406.844604
0.269231,0.061389,-1406.511841
0.277411,0.065753,-1404.750732
0.273096,0.066119,-1404.975342
0.273096,0.066119,-1404.825195
0.273096,0.066119,-1404.312744
0.278939,0.066087,-1404.876953
0.280744,0.067689,-1405.243896
0.278307,0.068493,-1404.74707
0.282441,0.066524,-1405.381104
0.283709,0.066163,-1406.065186
0.280226,0.065136,-1405.605713
0.279448,0.062938,-1405.655762
0.278327,0.065493,-1404.998291
0.277069,0.068758,-1405.316284
0.277069,0.068758,-1404.598022
0.278096,0.071772,-1405.021973
0.276955,0.071409,-1405.146729
0.278241,0.069253,-1405.044678
0.279357,0.064288,-1405.704102
0.279357,0.064288,-1405.855835
0.279357,0.064288,-1404.906738
0.274186,0.067707,-1404.560059
0.270369,0.062593,-1405.196045
0.270369,0.062593,-1405.001221
0.270369,0.062593,-1404.751221
0.268289,0.063404,-1405.753418
0.266481,0.065911,-1404.886841
0.266334,0.063077,-1405.56958
0.265343,0.063586,-1405.895508
0.259933,0.059882,-1406.913574
0.253839,0.059789,-1408.522461
0.253839,0.059789,-1407.975586
0.253647,0.061254,-1407.430298
0.252287,0.067613,-1407.480225
0.255682,0.070989,-1407.029785
0.253525,0.072984,-1406.871216
0.253525,0.072984,-1407.256104
0.255267,0.073192,-1407.03833
0.259235,0.076878,-1406.455566
0.259595,0.072685,-1406.033203
0.262643,0.075258,-1405.073853
0.269713,0.072262,-1405.223877
0.269366,0.07153,-1404.28418
0.273821,0.071773,-1404.27124
0.273821,0.071773,-1404.055176
0.273821,0.071773,-1404.256104
0.266798,0.06641,-1405.045898
0.266841,0.06706,-1405.88208
0.263697,0.068016,-1405.459351
0.263697,0.068016,-1405.205933
0.267091,0.07232,-1405.284546
0.268247,0.066253,-1405.071533
0.269599,0.064041,-1404.685547
0.27321,0.067656,-1405.083496
0.275876,0.069843,-1405.540039
0.277404,0.069924,-1405.179688
0.274651,0.070561,-1404.347412
0.276477,0.072389,-1405.578857
0.276477,0.072389,-1404.095947
0.276477,0.072389,-1404.170044
0.278501,0.079844,-1405.760986
0.281066,0.080622,-1405.727661
0.281066,0.080622,-1405.801025
0.28381,0.081749,-1406.832764
0.287558,0.080827,-1406.979614
0.281978,0.079719,-1406.263184
0.281672,0.081307,-1406.82251
0.285382,0.078017,-1406.420288
0.287246,0.072135,-1405.402222
0.287246,0.072135,-1405.814697
0.289782,0.073161,-1406.299805
0.284367,0.075907,-1406.53125
0.286651,0.076411,-1406.249756
0.285898,0.073561,-1406.272217
0.288495,0.074167,-1406.078003
0.2789,0.074176,-1405.344727
0.279609,0.070925,-1405.53125
0.277463,0.075089,-1405.223877
0.277463,0.075089,-1405.109497
0.279244,0.07531,-1404.683472
0.279244,0.07531,-1405.239746
0.281196,0.075408,-1405.150391
0.281196,0.075408,-1405.80603
0.276617,0.077101,-1406.045166
0.274333,0.074303,-1405.299072
0.274556,0.069517,-1404.934082
0.279295,0.072355,-1405.656982
0.281929,0.074181,-1405.493164
0.287537,0.067945,-1405.664185
0.286063,0.068602,-1406.233643
0.285246,0.071009,-1404.832886
0.287413,0.073007,-1405.918457
0.287672,0.071127,-1405.697266
0.285385,0.073351,-1405.744995
0.284159,0.072617,-1406.105957
0.284159,0.072617,-1405.692017
0.283492,0.078235,-1405.050171
0.285471,0.076308,-1406.214111
0.28601,0.075341,-1405.96582
0.285994,0.076554,-1406.197266
0.285809,0.08011,-1407.253418
0.286815,0.081634,-1407.335693
0.290404,0.08633,-1409.043213
0.288807,0.082617,-1407.044067
0.282217,0.080609,-1406.270264
0.281147,0.077704,-1406.027588
0.281147,0.077704,-1405.952026
0.283138,0.075859,-1406.237305
0.293476,0.073379,-1407.405762
0.294511,0.075727,-1406.784668
0.284495,0.075844,-1406.317871
0.28499,0.078392,-1406.40918
0.284941,0.077673,-1405.776978
0.283293,0.074484,-1405.568359
0.282389,0.070375,-1405.46167
0.2862,0.071932,-1405.930054
0.290203,0.070165,-1406.953491
0.290203,0.070165,-1406.33252
0.284704,0.073916,-1405.665283
0.283019,0.073153,-1405.944824
0.283019,0.073153,-1404.351929
0.280373,0.075136,-1404.430908
0.280373,0.075136,-1405.17041
0.277016,0.08076,-1405.437988
0.275532,0.077637,-1404.652954
0.278879,0.073986,-1404.817993
0.280051,0.0734,-1405.624878
0.277311,0.072015,-1405.394165
0.277311,0.072015,-1405.1604
0.281923,0.067174,-1405.144897
0.287866,0.071688,-1406.030518
0.285081,0.070319,-1405.859619
0.284409,0.071044,-1404.346191
0.284409,0.071044,-1405.465332
0.284409,0.071044,-1405.406982
0.28759,0.070905,-1405.573486
0.28759,0.070905,-1405.074341
0.285405,0.070551,-1405.946167
0.278562,0.071317,-1405.471191
0.278463,0.06846,-1405.572021
0.278463,0.06846,-1405.017944
0.276428,0.069342,-1404.589844
0.274938,0.067824,-1405.693359
0.274938,0.067824,-1404.771484
0.268259,0.065329,-1404.945435
0.280563,0.067262,-1405.874756
0.284268,0.064377,-1406.072632
0.287884,0.062482,-1406.86377
0.287766,0.062113,-1407.539551
0.288229,0.06374,-1406.818115
0.288229,0.06374,-1405.976685
0.288229,0.06374,-1406.535156
0.288229,0.06374,-1405.946777
0.285599,0.068935,-1405.939453
0.284329,0.070829,-1405.990967
0.284329,0.070829,-1405.696533
0.284329,0.070829,-1405.376465
0.284329,0.070829,-1405.577759
0.281575,0.069606,-1404.449219
0.275074,0.070914,-1404.757568
0.275271,0.071201,-1404.045044
0.271378,0.069337,-1404.582764
0.271378,0.069337,-1404.461182
0.274976,0.068828,-1405.152344
0.268745,0.069552,-1405.817993
0.275392,0.071464,-1404.367676
0.274578,0.073376,-1403.585693
0.271171,0.07384,-1405.55835
0.271171,0.07384,-1404.979736
0.267711,0.068513,-1404.517822
0.269327,0.065582,-1405.181152
0.268078,0.067939,-1405.093872
0.268078,0.067939,-1405.159058
0.268078,0.067939,-1404.020264
0.270359,0.062906,-1405.303101
0.270359,0.062906,-1404.49231
0.270359,0.062906,-1405.208008
0.267641,0.059317,-1407.029419
0.267641,0.059317,-1406.724121
0.269256,0.057845,-1406.955566
0.269256,0.057845,-1406.500366
0.265028,0.054771,-1407.195801
0.265028,0.054771,-1408.313721
0.261914,0.057689,-1407.430908
0.268092,0.058689,-1406.556641
0.272327,0.056873,-1406.271973
0.27019,0.05989,-1406.701904
0.271675,0.063849,-1405.803711
0.271852,0.064835,-1405.182251
0.274881,0.062218,-1405.970703
0.275299,0.067679,-1405.393799
0.277872,0.070879,-1404.985107
0.277872,0.070879,-1405.372559
0.277872,0.070879,-1403.583252
0.28012,0.07244,-1404.536377
0.275722,0.070603,-1405.349854
0.27663,0.06672,-1404.914795
0.278643,0.066671,-1405.364746
0.280164,0.068937,-1404.843262
0.280164,0.068937,-1405.309326
0.279438,0.073815,-1405.269409
0.276616,0.073298,-1404.54541
0.276616,0.073298,-1405.191284
0.277838,0.073592,-1405.071533
0.278183,0.068217,-1405.642944
0.282542,0.069641,-1405.634766
0.278827,0.071254,-1405.40625
0.286727,0.069316,-1406.042114
0.286469,0.066484,-1406.079102
0.282055,0.062801,-1406.026367
0.284825,0.059526,-1406.376221
0.287495,0.059885,-1407.047363
0.288167,0.060841,-1406.369141
0.284476,0.057835,-1406.699463
0.284476,0.057835,-1406.739502
0.284776,0.058621,-1405.438599
0.284776,0.058621,-1407.052979
0.292146,0.055413,-1408.084717
0.286551,0.055361,-1408.380859
0.283988,0.055304,-1407.735596
0.287649,0.054576,-1407.705688
0.287649,0.054576,-1407.986328
0.29257,0.055944,-1409.234253
0.289704,0.054794,-1407.962769
0.292347,0.052837,-1408.957031
0.292347,0.052837,-1409.811768
0.292347,0.052837,-1410.333984
0.291146,0.056447,-1407.950439
0.296069,0.057431,-1410.088379
0.296069,0.057431,-1409.300171
0.290999,0.057748,-1408.982666
0.290999,0.057748,-1408.686035
0.295303,0.058803,-1408.137451
0.293177,0.062595,-1407.905518
0.293177,0.062595,-1407.670166
0.293177,0.062595,-1406.005615
0.296603,0.066464,-1408.494873
0.292345,0.064015,-1408.110596
0.293425,0.062596,-1406.455322
0.294778,0.06587,-1408.086792
0.291292,0.062156,-1406.386719
0.292724,0.059735,-1408.029541
0.298919,0.057535,-1409.509888
0.300042,0.062476,-1408.890381
0.300042,0.062476,-1408.126465
0.300955,0.061667,-1408.853027
0.300955,0.061667,-1408.115356
0.300532,0.059269,-1409.077881
0.301521,0.057225,-1409.849487
0.30088,0.055882,-1410.131226
0.30088,0.055882,-1410.858643
0.30088,0.055882,-1410.253052
0.30088,0.055882,-1410.781006
0.293276,0.058027,-1408.585693
0.290814,0.055686,-1408.461182
0.298179,0.059681,-1408.558105
0.29534,0.057079,-1410.010254
0.296758,0.057413,-1407.57959
0.296758,0.057413,-1409.69812
0.295786,0.058805,-1409.214966
0.292097,0.061852,-1406.638184
0.292097,0.061852,-1407.315918
0.295217,0.061602,-1407.390991
0.292821,0.065115,-1407.804932
0.288834,0.061417,-1408.004761
0.288834,0.061417,-1407.066162
0.288834,0.061417,-1406.294556
0.282578,0.066304,-1405.820557
0.280765,0.069514,-1404.899292
0.280765,0.069514,-1405.015015
0.279906,0.065927,-1406.099121
0.279906,0.065927,-1404.861572
0.271785,0.066487,-1405.050171
0.273809,0.066243,-1405.082764
0.269638,0.065813,-1405.464966
0.266136,0.063926,-1405.461426
0.267205,0.060254,-1406.118408
0.267205,0.060254,-1405.530029
0.267205,0.060254,-1405.787354
0.266791,0.06299,-1405.537842
0.269328,0.064585,-1405.505493
0.268005,0.064928,-1405.529297
0.268971,0.064205,-1405.226929
0.26665,0.064495,-1405.322876
0.266715,0.061295,-1405.119629
0.265729,0.059045,-1407.366211
0.265729,0.059045,-1406.577393
0.265729,0.059045,-1405.563599
0.263676,0.068914,-1405.437744
0.261482,0.067955,-1405.325195
0.261488,0.069978,-1405.809082
0.263162,0.074648,-1405.690918
0.265374,0.074912,-1405.349365
0.268264,0.076499,-1405.09082
0.267892,0.074054,-1404.213989
0.2676,0.076087,-1405.560303
0.2676,0.076087,-1405.519775
0.2676,0.076087,-1404.609131
0.2676,0.076087,-1405.508301
0.269585,0.073888,-1404.864746
0.266649,0.074791,-1404.768311
0.266649,0.074791,-1404.887939
0.270051,0.078589,-1405.092529
0.273,0.081319,-1405.909424
0.273,0.081319,-1406.057373
0.276402,0.076079,-1404.959961
0.274403,0.076235,-1405.052979
0.279452,0.073976,-1405.105225
0.281976,0.079414,-1405.751709
0.277067,0.080433,-1406.454346
0.276166,0.076585,-1405.348877
0.271766,0.075201,-1404.996826
0.271766,0.075201,-1405.419922
0.266983,0.072448,-1404.578369
0.268798,0.074048,-1403.827393
0.267141,0.077636,-1405.06189
0.272678,0.076533,-1405.147461
0.27327,0.077943,-1406.143066
0.272757,0.077178,-1405.178223
0.273376,0.076908,-1405.330322
0.273376,0.076908,-1403.994873
0.273376,0.076908,-1405.235352
0.275543,0.080873,-1404.496826
0.279567,0.078199,-1405.888672
0.279182,0.075451,-1405.936157
0.274219,0.073672,-1405.52832
0.279404,0.075657,-1405.266113
0.279868,0.074233,-1405.198364
0.280928,0.078666,-1404.921509
0.275689,0.076438,-1405.410767
0.27558,0.07852,-1406.083984
0.274075,0.070158,-1404.614868
0.272724,0.072136,-1406.040894
0.272,0.073297,-1405.337158
0.272,0.073297,-1405.375488
0.276571,0.077575,-1406.109863
0.284458,0.074498,-1405.588501
0.287221,0.069228,-1406.187988
0.287674,0.06913,-1405.785278
0.286622,0.069667,-1406.382202
0.291505,0.066927,-1406.699829
0.291505,0.066927,-1406.733154
0.291616,0.069306,-1406.720459
0.290388,0.06992,-1406.224121
0.290388,0.06992,-1406.965576
0.293517,0.072278,-1406.77417
0.289693,0.071855,-1405.63562
0.289693,0.071855,-1407.137085
0.289693,0.071855,-1406.463379
0.288729,0.070669,-1407.146973
0.288729,0.070669,-1406.176758
0.286056,0.067208,-1405.677246
0.285046,0.070374,-1405.637329
0.284311,0.073773,-1405.63916
0.283362,0.073822,-1405.924194
0.283362,0.073822,-1405.123535
0.284444,0.070185,-1404.862061
0.288475,0.073832,-1406.924805
0.285515,0.075536,-1406.050049
0.281695,0.074701,-1406.240845
0.285619,0.072557,-1406.914795
0.285619,0.072557,-1405.853149
0.285619,0.072557,-1405.367188
0.285619,0.072557,-1405.05249
0.282223,0.073186,-1405.30249
0.282223,0.073186,-1405.436035
0.282926,0.075705,-1405.614502
0.282926,0.075705,-1405.069458
0.282926,0.075705,-1405.612549
0.281513,0.071382,-1406.039062
0.281513,0.071382,-1404.369629
0.279554,0.07777,-1405.835449
0.28033,0.075917,-1405.370605
0.28033,0.075917,-1405.548706
0.281517,0.078062,-1405.699951
0.27249,0.082864,-1405.795166
0.27249,0.082864,-1405.597046
0.268274,0.085749,-1407.469971
0.270701,0.087672,-1406.593628
0.26866,0.087526,-1407.063232
0.270474,0.086537,-1406.910156
0.26916,0.083562,-1406.554443
0.26916,0.083562,-1406.151733
0.265073,0.084043,-1405.837402
0.260856,0.086629,-1407.364746
0.260856,0.086629,-1406.751709
0.260856,0.086629,-1407.481689
0.260856,0.086629,-1406.671631
0.25981,0.082852,-1406.428589
0.257493,0.083844,-1407.883179
0.257493,0.083844,-1407.064453
0.256823,0.079087,-1407.735352
0.259825,0.07751,-1405.888916
0.259825,0.07751,-1406.279297
0.259825,0.07751,-1406.498535
0.259825,0.07751,-1406.281982
0.258904,0.073695,-1405.776489
0.262114,0.074455,-1405.770752
0.262114,0.074455,-1405.652466
0.260293,0.072244,-1404.753906
0.260293,0.072244,-1404.601196
0.260293,0.072244,-1405.682373
0.260293,0.072244,-1406.616821
0.260293,0.072244,-1405.525024
0.260633,0.07341,-1405.718262
0.260633,0.07341,-1405.688477
0.26145,0.073059,-1405.973999
0.26145,0.073059,-1405.082275
0.256108,0.068033,-1406.54248
0.256642,0.06715,-1406.713623
0.255051,0.06645,-1406.793823
0.255051,0.06645,-1407.085938
0.253799,0.065249,-1408.226807
0.256771,0.067412,-1406.253784
0.252021,0.067751,-1406.800415
0.259014,0.065161,-1407.543701
0.26308,0.061718,-1405.856689
0.263616,0.064285,-1406.121582
0.263027,0.064598,-1405.987183
0.259209,0.063119,-1407.619385
0.266254,0.059947,-1406.362793
0.266004,0.059892,-1405.907104
0.266004,0.059892,-1405.348389
0.266004,0.059892,-1405.909302
0.265434,0.059704,-1406.793823
0.265687,0.058811,-1406.352173
0.265687,0.058811,-1406.378662
0.270644,0.061624,-1405.517334
0.27571,0.05771,-1406.393799
0.272322,0.058372,-1406.011353
0.272414,0.056214,-1406.790283
0.272414,0.056214,-1407.49585
0.273711,0.057345,-1406.230469
0.275054,0.057146,-1406.067871
0.275223,0.055554,-1407.710693
0.275223,0.055554,-1407.372803
0.273709,0.05762,-1407.009033
0.279282,0.060076,-1406.40625
0.282471,0.063736,-1404.80542
0.282903,0.067562,-1405.133301
0.284113,0.06268,-1406.075928
0.284042,0.060112,-1406.144043
0.285844,0.060704,-1406.302979
0.287604,0.062138,-1406.475098
0.291146,0.064306,-1406.515869
0.291886,0.067346,-1406.612549
0.285509,0.06541,-1405.158691
0.285016,0.061076,-1406.463501
0.286699,0.065408,-1406.7854
0.286184,0.068395,-1405.701294
0.286184,0.068395,-1405.876221
0.286184,0.068395,-1405.959229
0.286997,0.069292,-1405.547607
0.282103,0.068557,-1406.075317
0.281585,0.067477,-1405.455078
0.283417,0.065305,-1406.041992
0.279868,0.06488,-1405.973389
0.283475,0.069826,-1404.474731
0.278189,0.065413,-1405.694336
0.278189,0.065413,-1405.628174
0.277884,0.067957,-1405.272461
0.277884,0.067957,-1405.078003
0.276884,0.067442,-1405.026855
0.278628,0.069747,-1405.660278
0.278628,0.069747,-1406.078857
0.281956,0.066383,-1405.547119
0.281956,0.066383,-1405.503662
0.279161,0.067915,-1405.511597
0.272699,0.067207,-1404.811768
0.272699,0.067207,-1404.8125
0.272699,0.067207,-1406.119385
0.276309,0.064985,-1405.363647
0.269412,0.065544,-1405.76709
0.269412,0.065544,-1405.365601
0.270495,0.064225,-1405.218262
0.275552,0.071068,-1404.611694
0.275552,0.071068,-1404.602783
0.27742,0.070222,-1405.080811
0.27742,0.070222,-1404.812622
0.281943,0.069589,-1405.643799
0.280049,0.074423,-1406.058472
0.273492,0.079481,-1405.169678
0.273492,0.079481,-1404.726074
0.273824,0.081357,-1405.69104
0.272892,0.080818,-1404.423584
0.276575,0.077369,-1404.793091
0.276575,0.077369,-1404.964355
0.277215,0.074808,-1404.980225
0.277215,0.074808,-1405.353149
0.273034,0.074283,-1404.954834
0.273034,0.074283,-1404.880371
0.267943,0.074529,-1405.6073
0.270768,0.077017,-1405.180176
0.270768,0.077017,-1405.047241
0.270252,0.076363,-1404.884521
0.265814,0.077045,-1405.231689
0.265814,0.077045,-1405.224121
0.268243,0.07521,-1405.911377
0.266875,0.076567,-1403.882324
0.260278,0.076423,-1405.459473
0.264595,0.07609,-1404.421753
0.26124,0.075474,-1404.884277
0.262781,0.073939,-1406.513306
0.269484,0.075091,-1405.796631
0.274659,0.076137,-1404.038696
0.273919,0.073841,-1405.644531
0.274586,0.074622,-1404.987305
0.271551,0.076481,-1405.444458
0.271551,0.076481,-1405.737427
0.275924,0.071788,-1404.301025
0.27534,0.071082,-1405.446655
0.27534,0.071082,-1404.230713
0.281123,0.075311,-1405.575195
0.281123,0.075311,-1405.287842
0.283768,0.076032,-1405.301758
0.28188,0.075339,-1405.578735
0.281197,0.07727,-1405.597412
0.281197,0.07727,-1405.313232
0.278534,0.078123,-1405.484619
0.27807,0.076756,-1405.963989
0.278444,0.076984,-1405.380737
0.275294,0.077753,-1405.748291
0.275776,0.077669,-1405.783203
0.276623,0.081785,-1406.391113
0.276623,0.081785,-1405.338989
0.279746,0.079072,-1406.605957
0.279746,0.079072,-1406.160645
0.279746,0.079072,-1406.050781
0.277749,0.082872,-1406.459351
0.277749,0.082872,-1405.729614
0.28163,0.080217,-1405.311279
0.279631,0.082692,-1405.37085
0.282754,0.084883,-1406.443115
0.284347,0.084842,-1407.082275
0.284347,0.084842,-1406.365234
0.281097,0.086275,-1406.046875
0.281097,0.086275,-1407.790039
0.281097,0.086275,-1406.936279
0.281097,0.086275,-1407.257935
0.278625,0.090969,-1407.53479
0.279811,0.090969,-1408.416992
0.272335,0.089628,-1406.941162
0.270011,0.085664,-1406.843994
0.274612,0.084056,-1405.851074
0.275519,0.08281,-1406.499512
0.276399,0.079427,-1405.63501
0.275212,0.080014,-1406.068848
0.277562,0.078874,-1405.283203
0.280369,0.080498,-1405.866211
0.278036,0.082193,-1405.218872
0.278776,0.081663,-1406.20166
0.277528,0.079625,-1405.94751
0.273718,0.076799,-1405.307617
0.269093,0.077468,-1405.435425
0.26723,0.074164,-1405.314697
0.265506,0.078947,-1406.172729
0.264826,0.076766,-1405.301147
0.26554,0.078495,-1405.302002
0.268537,0.080791,-1405.279663
0.265418,0.079431,-1405.960815
0.272385,0.080707,-1405.157715
0.272385,0.080707,-1405.456665
0.272385,0.080707,-1405.736572
0.276396,0.082864,-1405.965454
0.276396,0.082864,-1405.853027
0.280639,0.085593,-1407.089111
0.280357,0.088928,-1407.725586
0.280357,0.088928,-1407.830566
0.281373,0.082518,-1405.702515
0.281373,0.082518,-1406.508911
0.281373,0.082518,-1405.943481
0.27559,0.07787,-1405.544434
0.273933,0.077783,-1405.422607
0.273759,0.073706,-1405.549805
0.269675,0.069826,-1405.039062
0.265622,0.070252,-1404.785156
0.26286,0.068292,-1406.008179
0.265106,0.068006,-1405.34375
0.265106,0.068006,-1404.983887
0.267185,0.069607,-1405.153809
0.261474,0.071115,-1406.707275
0.260728,0.070876,-1405.932739
0.263241,0.071311,-1405.865967
0.264924,0.074317,-1405.077759
0.265293,0.074062,-1405.762939
0.264794,0.075114,-1406.117188
0.265026,0.076503,-1404.922119
0.265026,0.076503,-1405.408936
0.265026,0.076503,-1405.523315
0.262293,0.074259,-1406.401978
0.268109,0.073368,-1405.594238
0.270987,0.072106,-1405.228027
0.269882,0.074788,-1405.449097
0.269569,0.076596,-1405.241211
0.267292,0.077128,-1405.438599
0.264395,0.070341,-1405.798584
0.26639,0.070511,-1405.855835
0.26639,0.070511,-1405.219727
0.26639,0.070511,-1405.127441
0.265007,0.071738,-1404.494141
0.267863,0.068037,-1405.261597
0.272361,0.069345,-1404.081787
0.269964,0.068229,-1404.677734
0.268078,0.063389,-1405.127808
0.263871,0.061672,-1406.828857
0.262819,0.062859,-1406.963501
0.26501,0.061257,-1405.878174
0.26501,0.061257,-1405.616699
0.258299,0.055993,-1408.17334
0.258299,0.055993,-1408.626709
0.258299,0.055993,-1408.274902
0.258299,0.055993,-1408.364746
0.25899,0.055744,-1408.803345
0.25899,0.055744,-1407.84082
0.25899,0.055744,-1408.036621
0.253853,0.056456,-1408.858643
0.252616,0.06163,-1408.770142
0.256022,0.061267,-1407.688599
0.255605,0.06205,-1406.998779
0.259603,0.060036,-1407.872681
0.265311,0.062822,-1406.282715
0.258962,0.062787,-1407.390137
0.258962,0.062787,-1405.566406
0.258962,0.062787,-1405.921021
0.262254,0.067208,-1405.387573
0.258685,0.074856,-1406.28418
0.259808,0.075003,-1405.737915
0.26146,0.071826,-1406.858276
0.268511,0.07711,-1405.034668
0.271573,0.079642,-1405.868896
0.269725,0.077533,-1405.596069
0.270366,0.07402,-1405.309814
0.269534,0.072144,-1404.641357
0.267697,0.070297,-1404.682129
0.268071,0.073489,-1404.278809
0.265685,0.079734,-1405.945557
0.265685,0.079734,-1405.897583
0.266385,0.079793,-1405.786133
0.269274,0.077884,-1405.835205
0.269874,0.082454,-1405.322021
0.269874,0.082454,-1405.902588
0.269874,0.082454,-1405.319092
0.269874,0.082454,-1405.99939
0.27985,0.084274,-1406.186523
0.27985,0.084274,-1406.616089
0.272171,0.087562,-1407.106445
