idx,alpha,mu,omega,rho,loglike
0,0.04,0.28,0.0,0.02,-1931.8369140625
1,0.04,0.28,0.0,0.0224,-1921.04345703125
2,0.04,0.28,0.0,0.0248,-1910.2960205078125
3,0.04,0.28,0.0,0.0272,-1904.3438720703125
4,0.04,0.28,0.0,0.0296,-1904.37890625
5,0.04,0.28,0.0,0.032,-1899.045166015625
6,0.04,0.28,0.0,0.0344,-1870.048583984375
7,0.04,0.28,0.0,0.0368,-1895.672607421875
8,0.04,0.28,0.0,0.0392,-1883.252685546875
9,0.04,0.28,0.0,0.0416,-1883.0146484375
10,0.04,0.28,0.0,0.044,-1881.945068359375
11,0.04,0.28,0.0,0.0464,-1888.5284423828125
12,0.04,0.28,0.0,0.0488,-1891.7318115234375
13,0.04,0.28,0.0,0.0512,-1877.6220703125
14,0.04,0.28,0.0,0.0536,-1868.3306884765625
15,0.04,0.28,0.0,0.056,-1887.3092041015625
16,0.04,0.28,0.0,0.0584,-1876.21240234375
17,0.04,0.28,0.0,0.0608,-1876.519287109375
18,0.04,0.28,0.0,0.0632,-1876.1815185546875
19,0.04,0.28,0.0,0.0656,-1866.380859375
20,0.04,0.28,0.0,0.068,-1904.2733154296875
21,0.04,0.28,0.0,0.0704,-1890.46875
22,0.04,0.28,0.0,0.0728,-1880.0595703125
23,0.04,0.28,0.0,0.0752,-1862.950439453125
24,0.04,0.28,0.0,0.0776,-1886.4293212890625
25,0.04,0.28,0.0,0.08,-1867.222412109375
26,0.04,0.28,0.0,0.0824,-1875.6541748046875
27,0.04,0.28,0.0,0.0848,-1879.70166015625
28,0.04,0.28,0.0,0.0872,-1883.998046875
29,0.04,0.28,0.0,0.0896,-1870.463134765625
30,0.04,0.28,0.0,0.092,-1878.15771484375
31,0.04,0.28,0.0,0.0944,-1866.373779296875
32,0.04,0.28,0.0,0.0968,-1883.4935302734375
33,0.04,0.28,0.0,0.0992,-1883.66357421875
34,0.04,0.28,0.0,0.1016,-1869.69384765625
35,0.04,0.28,0.0,0.104,-1873.68701171875
36,0.04,0.28,0.0,0.1064,-1872.257568359375
37,0.04,0.28,0.0,0.1088,-1868.57568359375
38,0.04,0.28,0.0,0.1112,-1881.10791015625
39,0.04,0.28,0.0,0.1136,-1885.141357421875
40,0.04,0.28,0.0,0.116,-1898.3946533203125
41,0.04,0.28,0.0,0.1184,-1896.3255615234375
42,0.04,0.28,0.0,0.1208,-1892.8492431640625
43,0.04,0.28,0.0,0.1232,-1873.56396484375
44,0.04,0.28,0.0,0.1256,-1899.330322265625
45,0.04,0.28,0.0,0.128,-1892.7269287109375
46,0.04,0.28,0.0,0.1304,-1890.74072265625
47,0.04,0.28,0.0,0.1328,-1900.634765625
48,0.04,0.28,0.0,0.1352,-1898.4844970703125
49,0.04,0.28,0.0,0.1376,-1903.6591796875
50,0.04,0.28,0.0,0.14,-1905.3883056640625
51,0.04,0.2832,0.0,0.02,-1915.2879638671875
52,0.04,0.2832,0.0,0.0224,-1901.5491943359375
53,0.04,0.2832,0.0,0.0248,-1898.639404296875
54,0.04,0.2832,0.0,0.0272,-1886.772705078125
55,0.04,0.2832,0.0,0.0296,-1891.849365234375
56,0.04,0.2832,0.0,0.032,-1889.4417724609375
57,0.04,0.2832,0.0,0.0344,-1886.252197265625
58,0.04,0.2832,0.0,0.0368,-1881.4844970703125
59,0.04,0.2832,0.0,0.0392,-1877.2412109375
60,0.04,0.2832,0.0,0.0416,-1874.3326416015625
61,0.04,0.2832,0.0,0.044,-1882.442626953125
62,0.04,0.2832,0.0,0.0464,-1869.13427734375
63,0.04,0.2832,0.0,0.0488,-1883.677734375
64,0.04,0.2832,0.0,0.0512,-1864.711181640625
65,0.04,0.2832,0.0,0.0536,-1884.0897216796875
66,0.04,0.2832,0.0,0.056,-1863.0775146484375
67,0.04,0.2832,0.0,0.0584,-1857.1182861328125
68,0.04,0.2832,0.0,0.0608,-1870.7677001953125
69,0.04,0.2832,0.0,0.0632,-1874.760498046875
70,0.04,0.2832,0.0,0.0656,-1869.032470703125
71,0.04,0.2832,0.0,0.068,-1880.169921875
72,0.04,0.2832,0.0,0.0704,-1860.1658935546875
73,0.04,0.2832,0.0,0.0728,-1864.2900390625
74,0.04,0.2832,0.0,0.0752,-1874.1483154296875
75,0.04,0.2832,0.0,0.0776,-1875.928955078125
76,0.04,0.2832,0.0,0.08,-1869.21875
77,0.04,0.2832,0.0,0.0824,-1878.9483642578125
78,0.04,0.2832,0.0,0.0848,-1871.0372314453125
79,0.04,0.2832,0.0,0.0872,-1864.1407470703125
80,0.04,0.2832,0.0,0.0896,-1869.2459716796875
81,0.04,0.2832,0.0,0.092,-1887.38037109375
82,0.04,0.2832,0.0,0.0944,-1885.6002197265625
83,0.04,0.2832,0.0,0.0968,-1879.7373046875
84,0.04,0.2832,0.0,0.0992,-1877.1766357421875
85,0.04,0.2832,0.0,0.1016,-1873.25830078125
86,0.04,0.2832,0.0,0.104,-1884.4527587890625
87,0.04,0.2832,0.0,0.1064,-1885.2103271484375
88,0.04,0.2832,0.0,0.1088,-1878.28369140625
89,0.04,0.2832,0.0,0.1112,-1880.342529296875
90,0.04,0.2832,0.0,0.1136,-1889.332275390625
91,0.04,0.2832,0.0,0.116,-1883.36767578125
92,0.04,0.2832,0.0,0.1184,-1870.4971923828125
93,0.04,0.2832,0.0,0.1208,-1876.802490234375
94,0.04,0.2832,0.0,0.1232,-1881.064453125
95,0.04,0.2832,0.0,0.1256,-1890.52001953125
96,0.04,0.2832,0.0,0.128,-1892.3331298828125
97,0.04,0.2832,0.0,0.1304,-1880.0435791015625
98,0.04,0.2832,0.0,0.1328,-1901.7691650390625
99,0.04,0.2832,0.0,0.1352,-1886.1741943359375
100,0.04,0.2832,0.0,0.1376,-1889.531494140625
101,0.04,0.2832,0.0,0.14,-1890.0120849609375
102,0.04,0.2864,0.0,0.02,-1905.138427734375
103,0.04,0.2864,0.0,0.0224,-1893.792236328125
104,0.04,0.2864,0.0,0.0248,-1893.6815185546875
105,0.04,0.2864,0.0,0.0272,-1899.534423828125
106,0.04,0.2864,0.0,0.0296,-1882.099853515625
107,0.04,0.2864,0.0,0.032,-1881.36962890625
108,0.04,0.2864,0.0,0.0344,-1874.99169921875
109,0.04,0.2864,0.0,0.0368,-1883.0704345703125
110,0.04,0.2864,0.0,0.0392,-1890.9381103515625
111,0.04,0.2864,0.0,0.0416,-1868.898681640625
112,0.04,0.2864,0.0,0.044,-1873.7159423828125
113,0.04,0.2864,0.0,0.0464,-1868.00341796875
114,0.04,0.2864,0.0,0.0488,-1858.47216796875
115,0.04,0.2864,0.0,0.0512,-1870.588134765625
116,0.04,0.2864,0.0,0.0536,-1861.816650390625
117,0.04,0.2864,0.0,0.056,-1858.7755126953125
118,0.04,0.2864,0.0,0.0584,-1869.8487548828125
119,0.04,0.2864,0.0,0.0608,-1854.001953125
120,0.04,0.2864,0.0,0.0632,-1864.398681640625
121,0.04,0.2864,0.0,0.0656,-1860.904541015625
122,0.04,0.2864,0.0,0.068,-1865.904052734375
123,0.04,0.2864,0.0,0.0704,-1863.212890625
124,0.04,0.2864,0.0,0.0728,-1854.841796875
125,0.04,0.2864,0.0,0.0752,-1865.53173828125
126,0.04,0.2864,0.0,0.0776,-1871.90380859375
127,0.04,0.2864,0.0,0.08,-1873.510498046875
128,0.04,0.2864,0.0,0.0824,-1874.9293212890625
129,0.04,0.2864,0.0,0.0848,-1856.145263671875
130,0.04,0.2864,0.0,0.0872,-1865.625244140625
131,0.04,0.2864,0.0,0.0896,-1863.0263671875
132,0.04,0.2864,0.0,0.092,-1852.5157470703125
133,0.04,0.2864,0.0,0.0944,-1872.0167236328125
134,0.04,0.2864,0.0,0.0968,-1872.9193115234375
135,0.04,0.2864,0.0,0.0992,-1870.115478515625
136,0.04,0.2864,0.0,0.1016,-1869.7633056640625
137,0.04,0.2864,0.0,0.104,-1866.962646484375
138,0.04,0.2864,0.0,0.1064,-1875.223388671875
139,0.04,0.2864,0.0,0.1088,-1878.33740234375
140,0.04,0.2864,0.0,0.1112,-1877.273193359375
141,0.04,0.2864,0.0,0.1136,-1877.1201171875
142,0.04,0.2864,0.0,0.116,-1873.9376220703125
143,0.04,0.2864,0.0,0.1184,-1872.6005859375
144,0.04,0.2864,0.0,0.1208,-1882.63037109375
145,0.04,0.2864,0.0,0.1232,-1875.4527587890625
146,0.04,0.2864,0.0,0.1256,-1881.4111328125
147,0.04,0.2864,0.0,0.128,-1888.538818359375
148,0.04,0.2864,0.0,0.1304,-1873.669921875
149,0.04,0.2864,0.0,0.1328,-1881.497314453125
150,0.04,0.2864,0.0,0.1352,-1889.547119140625
151,0.04,0.2864,0.0,0.1376,-1884.3355712890625
152,0.04,0.2864,0.0,0.14,-1886.695068359375
153,0.04,0.2896,0.0,0.02,-1890.1337890625
154,0.04,0.2896,0.0,0.0224,-1891.9937744140625
155,0.04,0.2896,0.0,0.0248,-1895.0653076171875
156,0.04,0.2896,0.0,0.0272,-1889.49609375
157,0.04,0.2896,0.0,0.0296,-1872.511474609375
158,0.04,0.2896,0.0,0.032,-1879.0496826171875
159,0.04,0.2896,0.0,0.0344,-1871.255859375
160,0.04,0.2896,0.0,0.0368,-1873.099365234375
161,0.04,0.2896,0.0,0.0392,-1875.3408203125
162,0.04,0.2896,0.0,0.0416,-1879.720947265625
163,0.04,0.2896,0.0,0.044,-1861.915283203125
164,0.04,0.2896,0.0,0.0464,-1863.2744140625
165,0.04,0.2896,0.0,0.0488,-1867.4569091796875
166,0.04,0.2896,0.0,0.0512,-1852.2994384765625
167,0.04,0.2896,0.0,0.0536,-1864.914306640625
168,0.04,0.2896,0.0,0.056,-1852.37109375
169,0.04,0.2896,0.0,0.0584,-1861.6024169921875
170,0.04,0.2896,0.0,0.0608,-1857.7679443359375
171,0.04,0.2896,0.0,0.0632,-1859.2431640625
172,0.04,0.2896,0.0,0.0656,-1859.1798095703125
173,0.04,0.2896,0.0,0.068,-1857.366943359375
174,0.04,0.2896,0.0,0.0704,-1859.057373046875
175,0.04,0.2896,0.0,0.0728,-1859.550537109375
176,0.04,0.2896,0.0,0.0752,-1860.4232177734375
177,0.04,0.2896,0.0,0.0776,-1853.5965576171875
178,0.04,0.2896,0.0,0.08,-1855.187255859375
179,0.04,0.2896,0.0,0.0824,-1855.872802734375
180,0.04,0.2896,0.0,0.0848,-1862.709716796875
181,0.04,0.2896,0.0,0.0872,-1866.1837158203125
182,0.04,0.2896,0.0,0.0896,-1861.1796875
183,0.04,0.2896,0.0,0.092,-1856.472412109375
184,0.04,0.2896,0.0,0.0944,-1855.5950927734375
185,0.04,0.2896,0.0,0.0968,-1857.384765625
186,0.04,0.2896,0.0,0.0992,-1862.0244140625
187,0.04,0.2896,0.0,0.1016,-1870.8248291015625
188,0.04,0.2896,0.0,0.104,-1852.987060546875
189,0.04,0.2896,0.0,0.1064,-1865.04296875
190,0.04,0.2896,0.0,0.1088,-1870.15673828125
191,0.04,0.2896,0.0,0.1112,-1866.0751953125
192,0.04,0.2896,0.0,0.1136,-1866.7105712890625
193,0.04,0.2896,0.0,0.116,-1879.4805908203125
194,0.04,0.2896,0.0,0.1184,-1867.3824462890625
195,0.04,0.2896,0.0,0.1208,-1869.0621337890625
196,0.04,0.2896,0.0,0.1232,-1877.2904052734375
197,0.04,0.2896,0.0,0.1256,-1879.419677734375
198,0.04,0.2896,0.0,0.128,-1887.65087890625
199,0.04,0.2896,0.0,0.1304,-1868.630859375
200,0.04,0.2896,0.0,0.1328,-1877.02197265625
201,0.04,0.2896,0.0,0.1352,-1878.531005859375
202,0.04,0.2896,0.0,0.1376,-1873.9647216796875
203,0.04,0.2896,0.0,0.14,-1884.216064453125
204,0.04,0.2928,0.0,0.02,-1904.5247802734375
205,0.04,0.2928,0.0,0.0224,-1889.77978515625
206,0.04,0.2928,0.0,0.0248,-1888.288818359375
207,0.04,0.2928,0.0,0.0272,-1875.7840576171875
208,0.04,0.2928,0.0,0.0296,-1876.8365478515625
209,0.04,0.2928,0.0,0.032,-1869.590576171875
210,0.04,0.2928,0.0,0.0344,-1875.5833740234375
211,0.04,0.2928,0.0,0.0368,-1866.10693359375
212,0.04,0.2928,0.0,0.0392,-1859.77392578125
213,0.04,0.2928,0.0,0.0416,-1851.817626953125
214,0.04,0.2928,0.0,0.044,-1865.6202392578125
215,0.04,0.2928,0.0,0.0464,-1864.9300537109375
216,0.04,0.2928,0.0,0.0488,-1858.740478515625
217,0.04,0.2928,0.0,0.0512,-1857.3848876953125
218,0.04,0.2928,0.0,0.0536,-1854.6378173828125
219,0.04,0.2928,0.0,0.056,-1853.74609375
220,0.04,0.2928,0.0,0.0584,-1847.8857421875
221,0.04,0.2928,0.0,0.0608,-1845.608154296875
222,0.04,0.2928,0.0,0.0632,-1854.576171875
223,0.04,0.2928,0.0,0.0656,-1848.3929443359375
224,0.04,0.2928,0.0,0.068,-1857.362548828125
225,0.04,0.2928,0.0,0.0704,-1857.6873779296875
226,0.04,0.2928,0.0,0.0728,-1859.122802734375
227,0.04,0.2928,0.0,0.0752,-1855.0902099609375
228,0.04,0.2928,0.0,0.0776,-1848.4814453125
229,0.04,0.2928,0.0,0.08,-1847.7103271484375
230,0.04,0.2928,0.0,0.0824,-1853.272216796875
231,0.04,0.2928,0.0,0.0848,-1855.4141845703125
232,0.04,0.2928,0.0,0.0872,-1857.2379150390625
233,0.04,0.2928,0.0,0.0896,-1854.4351806640625
234,0.04,0.2928,0.0,0.092,-1857.9765625
235,0.04,0.2928,0.0,0.0944,-1847.1209716796875
236,0.04,0.2928,0.0,0.0968,-1862.2281494140625
237,0.04,0.2928,0.0,0.0992,-1860.124755859375
238,0.04,0.2928,0.0,0.1016,-1857.0966796875
239,0.04,0.2928,0.0,0.104,-1857.3402099609375
240,0.04,0.2928,0.0,0.1064,-1856.7440185546875
241,0.04,0.2928,0.0,0.1088,-1870.4659423828125
242,0.04,0.2928,0.0,0.1112,-1867.657958984375
243,0.04,0.2928,0.0,0.1136,-1865.802978515625
244,0.04,0.2928,0.0,0.116,-1874.1441650390625
245,0.04,0.2928,0.0,0.1184,-1874.357177734375
246,0.04,0.2928,0.0,0.1208,-1864.437744140625
247,0.04,0.2928,0.0,0.1232,-1868.052001953125
248,0.04,0.2928,0.0,0.1256,-1872.8804931640625
249,0.04,0.2928,0.0,0.128,-1857.74951171875
250,0.04,0.2928,0.0,0.1304,-1875.3848876953125
251,0.04,0.2928,0.0,0.1328,-1876.33056640625
252,0.04,0.2928,0.0,0.1352,-1865.03369140625
253,0.04,0.2928,0.0,0.1376,-1866.951904296875
254,0.04,0.2928,0.0,0.14,-1881.3056640625
255,0.04,0.296,0.0,0.02,-1892.50439453125
256,0.04,0.296,0.0,0.0224,-1884.6507568359375
257,0.04,0.296,0.0,0.0248,-1879.8544921875
258,0.04,0.296,0.0,0.0272,-1874.745849609375
259,0.04,0.296,0.0,0.0296,-1867.7559814453125
260,0.04,0.296,0.0,0.032,-1870.272216796875
261,0.04,0.296,0.0,0.0344,-1867.75390625
262,0.04,0.296,0.0,0.0368,-1867.0185546875
263,0.04,0.296,0.0,0.0392,-1864.000244140625
264,0.04,0.296,0.0,0.0416,-1856.38037109375
265,0.04,0.296,0.0,0.044,-1860.0487060546875
266,0.04,0.296,0.0,0.0464,-1858.21630859375
267,0.04,0.296,0.0,0.0488,-1854.5198974609375
268,0.04,0.296,0.0,0.0512,-1850.8790283203125
269,0.04,0.296,0.0,0.0536,-1858.7562255859375
270,0.04,0.296,0.0,0.056,-1845.425048828125
271,0.04,0.296,0.0,0.0584,-1847.0797119140625
272,0.04,0.296,0.0,0.0608,-1844.193115234375
273,0.04,0.296,0.0,0.0632,-1851.441650390625
274,0.04,0.296,0.0,0.0656,-1852.057861328125
275,0.04,0.296,0.0,0.068,-1847.3406982421875
276,0.04,0.296,0.0,0.0704,-1850.09375
277,0.04,0.296,0.0,0.0728,-1839.716552734375
278,0.04,0.296,0.0,0.0752,-1851.6973876953125
279,0.04,0.296,0.0,0.0776,-1853.775146484375
280,0.04,0.296,0.0,0.08,-1850.4390869140625
281,0.04,0.296,0.0,0.0824,-1847.926513671875
282,0.04,0.296,0.0,0.0848,-1849.14111328125
283,0.04,0.296,0.0,0.0872,-1844.0205078125
284,0.04,0.296,0.0,0.0896,-1857.7608642578125
285,0.04,0.296,0.0,0.092,-1852.607421875
286,0.04,0.296,0.0,0.0944,-1851.10546875
287,0.04,0.296,0.0,0.0968,-1852.8682861328125
288,0.04,0.296,0.0,0.0992,-1854.29345703125
289,0.04,0.296,0.0,0.1016,-1859.80126953125
290,0.04,0.296,0.0,0.104,-1857.8133544921875
291,0.04,0.296,0.0,0.1064,-1861.308349609375
292,0.04,0.296,0.0,0.1088,-1854.051513671875
293,0.04,0.296,0.0,0.1112,-1856.6644287109375
294,0.04,0.296,0.0,0.1136,-1856.6595458984375
295,0.04,0.296,0.0,0.116,-1861.982421875
296,0.04,0.296,0.0,0.1184,-1867.2734375
297,0.04,0.296,0.0,0.1208,-1861.190673828125
298,0.04,0.296,0.0,0.1232,-1870.639404296875
299,0.04,0.296,0.0,0.1256,-1860.375
300,0.04,0.296,0.0,0.128,-1869.19775390625
301,0.04,0.296,0.0,0.1304,-1866.24853515625
302,0.04,0.296,0.0,0.1328,-1867.1422119140625
303,0.04,0.296,0.0,0.1352,-1863.9232177734375
304,0.04,0.296,0.0,0.1376,-1867.900146484375
305,0.04,0.296,0.0,0.14,-1872.2169189453125
306,0.04,0.2992,0.0,0.02,-1887.9443359375
307,0.04,0.2992,0.0,0.0224,-1883.9715576171875
308,0.04,0.2992,0.0,0.0248,-1870.1412353515625
309,0.04,0.2992,0.0,0.0272,-1872.90185546875
310,0.04,0.2992,0.0,0.0296,-1858.4468994140625
311,0.04,0.2992,0.0,0.032,-1857.83056640625
312,0.04,0.2992,0.0,0.0344,-1858.5931396484375
313,0.04,0.2992,0.0,0.0368,-1855.160888671875
314,0.04,0.2992,0.0,0.0392,-1852.7449951171875
315,0.04,0.2992,0.0,0.0416,-1856.89208984375
316,0.04,0.2992,0.0,0.044,-1853.4658203125
317,0.04,0.2992,0.0,0.0464,-1851.2532958984375
318,0.04,0.2992,0.0,0.0488,-1851.947998046875
319,0.04,0.2992,0.0,0.0512,-1839.72705078125
320,0.04,0.2992,0.0,0.0536,-1846.5028076171875
321,0.04,0.2992,0.0,0.056,-1850.1004638671875
322,0.04,0.2992,0.0,0.0584,-1846.2930908203125
323,0.04,0.2992,0.0,0.0608,-1843.476806640625
324,0.04,0.2992,0.0,0.0632,-1841.3341064453125
325,0.04,0.2992,0.0,0.0656,-1847.2344970703125
326,0.04,0.2992,0.0,0.068,-1850.2642822265625
327,0.04,0.2992,0.0,0.0704,-1845.2509765625
328,0.04,0.2992,0.0,0.0728,-1850.66064453125
329,0.04,0.2992,0.0,0.0752,-1843.1273193359375
330,0.04,0.2992,0.0,0.0776,-1848.024169921875
331,0.04,0.2992,0.0,0.08,-1852.4227294921875
332,0.04,0.2992,0.0,0.0824,-1844.579833984375
333,0.04,0.2992,0.0,0.0848,-1843.3956298828125
334,0.04,0.2992,0.0,0.0872,-1846.990478515625
335,0.04,0.2992,0.0,0.0896,-1844.9521484375
336,0.04,0.2992,0.0,0.092,-1842.320556640625
337,0.04,0.2992,0.0,0.0944,-1842.25439453125
338,0.04,0.2992,0.0,0.0968,-1847.1202392578125
339,0.04,0.2992,0.0,0.0992,-1848.677001953125
340,0.04,0.2992,0.0,0.1016,-1847.7509765625
341,0.04,0.2992,0.0,0.104,-1858.31689453125
342,0.04,0.2992,0.0,0.1064,-1853.6527099609375
343,0.04,0.2992,0.0,0.1088,-1854.337158203125
344,0.04,0.2992,0.0,0.1112,-1858.4189453125
345,0.04,0.2992,0.0,0.1136,-1859.4542236328125
346,0.04,0.2992,0.0,0.116,-1860.7257080078125
347,0.04,0.2992,0.0,0.1184,-1856.45263671875
348,0.04,0.2992,0.0,0.1208,-1859.630126953125
349,0.04,0.2992,0.0,0.1232,-1854.3406982421875
350,0.04,0.2992,0.0,0.1256,-1857.8416748046875
351,0.04,0.2992,0.0,0.128,-1866.391845703125
352,0.04,0.2992,0.0,0.1304,-1863.6044921875
353,0.04,0.2992,0.0,0.1328,-1858.345947265625
354,0.04,0.2992,0.0,0.1352,-1871.184326171875
355,0.04,0.2992,0.0,0.1376,-1869.1162109375
356,0.04,0.2992,0.0,0.14,-1873.609130859375
357,0.04,0.3024,0.0,0.02,-1884.485595703125
358,0.04,0.3024,0.0,0.0224,-1869.599853515625
359,0.04,0.3024,0.0,0.0248,-1876.316650390625
360,0.04,0.3024,0.0,0.0272,-1866.7576904296875
361,0.04,0.3024,0.0,0.0296,-1866.141845703125
362,0.04,0.3024,0.0,0.032,-1860.561767578125
363,0.04,0.3024,0.0,0.0344,-1851.4715576171875
364,0.04,0.3024,0.0,0.0368,-1852.5911865234375
365,0.04,0.3024,0.0,0.0392,-1852.107666015625
366,0.04,0.3024,0.0,0.0416,-1848.5916748046875
367,0.04,0.3024,0.0,0.044,-1845.73486328125
368,0.04,0.3024,0.0,0.0464,-1842.16064453125
369,0.04,0.3024,0.0,0.0488,-1846.697509765625
370,0.04,0.3024,0.0,0.0512,-1849.8763427734375
371,0.04,0.3024,0.0,0.0536,-1839.0184326171875
372,0.04,0.3024,0.0,0.056,-1848.4500732421875
373,0.04,0.3024,0.0,0.0584,-1837.81591796875
374,0.04,0.3024,0.0,0.0608,-1843.3375244140625
375,0.04,0.3024,0.0,0.0632,-1840.0892333984375
376,0.04,0.3024,0.0,0.0656,-1839.3450927734375
377,0.04,0.3024,0.0,0.068,-1841.85107421875
378,0.04,0.3024,0.0,0.0704,-1839.95849609375
379,0.04,0.3024,0.0,0.0728,-1838.079345703125
380,0.04,0.3024,0.0,0.0752,-1839.74853515625
381,0.04,0.3024,0.0,0.0776,-1839.91650390625
382,0.04,0.3024,0.0,0.08,-1838.060791015625
383,0.04,0.3024,0.0,0.0824,-1837.9769287109375
384,0.04,0.3024,0.0,0.0848,-1837.861083984375
385,0.04,0.3024,0.0,0.0872,-1844.28076171875
386,0.04,0.3024,0.0,0.0896,-1839.2291259765625
387,0.04,0.3024,0.0,0.092,-1845.599365234375
388,0.04,0.3024,0.0,0.0944,-1843.193359375
389,0.04,0.3024,0.0,0.0968,-1842.8115234375
390,0.04,0.3024,0.0,0.0992,-1848.3619384765625
391,0.04,0.3024,0.0,0.1016,-1844.550048828125
392,0.04,0.3024,0.0,0.104,-1844.17333984375
393,0.04,0.3024,0.0,0.1064,-1847.9776611328125
394,0.04,0.3024,0.0,0.1088,-1851.596923828125
395,0.04,0.3024,0.0,0.1112,-1848.85498046875
396,0.04,0.3024,0.0,0.1136,-1846.6219482421875
397,0.04,0.3024,0.0,0.116,-1852.582763671875
398,0.04,0.3024,0.0,0.1184,-1850.13671875
399,0.04,0.3024,0.0,0.1208,-1852.7889404296875
400,0.04,0.3024,0.0,0.1232,-1852.6934814453125
401,0.04,0.3024,0.0,0.1256,-1864.5146484375
402,0.04,0.3024,0.0,0.128,-1858.420166015625
403,0.04,0.3024,0.0,0.1304,-1858.004638671875
404,0.04,0.3024,0.0,0.1328,-1855.9522705078125
405,0.04,0.3024,0.0,0.1352,-1863.797119140625
406,0.04,0.3024,0.0,0.1376,-1866.533203125
407,0.04,0.3024,0.0,0.14,-1866.2418212890625
408,0.04,0.3056,0.0,0.02,-1881.7186279296875
409,0.04,0.3056,0.0,0.0224,-1874.6458740234375
410,0.04,0.3056,0.0,0.0248,-1870.226806640625
411,0.04,0.3056,0.0,0.0272,-1866.48779296875
412,0.04,0.3056,0.0,0.0296,-1858.212646484375
413,0.04,0.3056,0.0,0.032,-1857.34228515625
414,0.04,0.3056,0.0,0.0344,-1847.94873046875
415,0.04,0.3056,0.0,0.0368,-1846.3426513671875
416,0.04,0.3056,0.0,0.0392,-1844.62451171875
417,0.04,0.3056,0.0,0.0416,-1840.966796875
418,0.04,0.3056,0.0,0.044,-1844.0718994140625
419,0.04,0.3056,0.0,0.0464,-1843.455322265625
420,0.04,0.3056,0.0,0.0488,-1844.926513671875
421,0.04,0.3056,0.0,0.0512,-1843.043701171875
422,0.04,0.3056,0.0,0.0536,-1842.9586181640625
423,0.04,0.3056,0.0,0.056,-1842.5946044921875
424,0.04,0.3056,0.0,0.0584,-1836.1534423828125
425,0.04,0.3056,0.0,0.0608,-1834.602783203125
426,0.04,0.3056,0.0,0.0632,-1836.4456787109375
427,0.04,0.3056,0.0,0.0656,-1836.46484375
428,0.04,0.3056,0.0,0.068,-1832.388916015625
429,0.04,0.3056,0.0,0.0704,-1835.7054443359375
430,0.04,0.3056,0.0,0.0728,-1842.681640625
431,0.04,0.3056,0.0,0.0752,-1837.36962890625
432,0.04,0.3056,0.0,0.0776,-1840.541748046875
433,0.04,0.3056,0.0,0.08,-1834.00244140625
434,0.04,0.3056,0.0,0.0824,-1837.202392578125
435,0.04,0.3056,0.0,0.0848,-1837.192138671875
436,0.04,0.3056,0.0,0.0872,-1835.25927734375
437,0.04,0.3056,0.0,0.0896,-1841.817626953125
438,0.04,0.3056,0.0,0.092,-1839.6943359375
439,0.04,0.3056,0.0,0.0944,-1842.89599609375
440,0.04,0.3056,0.0,0.0968,-1834.181884765625
441,0.04,0.3056,0.0,0.0992,-1842.515869140625
442,0.04,0.3056,0.0,0.1016,-1841.2705078125
443,0.04,0.3056,0.0,0.104,-1841.27783203125
444,0.04,0.3056,0.0,0.1064,-1843.802734375
445,0.04,0.3056,0.0,0.1088,-1850.23291015625
446,0.04,0.3056,0.0,0.1112,-1850.36669921875
447,0.04,0.3056,0.0,0.1136,-1846.3643798828125
448,0.04,0.3056,0.0,0.116,-1854.1859130859375
449,0.04,0.3056,0.0,0.1184,-1849.8944091796875
450,0.04,0.3056,0.0,0.1208,-1851.972412109375
451,0.04,0.3056,0.0,0.1232,-1854.986083984375
452,0.04,0.3056,0.0,0.1256,-1858.835693359375
453,0.04,0.3056,0.0,0.128,-1856.901611328125
454,0.04,0.3056,0.0,0.1304,-1854.69921875
455,0.04,0.3056,0.0,0.1328,-1859.4378662109375
456,0.04,0.3056,0.0,0.1352,-1858.3497314453125
457,0.04,0.3056,0.0,0.1376,-1856.812744140625
458,0.04,0.3056,0.0,0.14,-1860.5325927734375
459,0.04,0.3088,0.0,0.02,-1874.3948974609375
460,0.04,0.3088,0.0,0.0224,-1868.86181640625
461,0.04,0.3088,0.0,0.0248,-1868.113037109375
462,0.04,0.3088,0.0,0.0272,-1861.7545166015625
463,0.04,0.3088,0.0,0.0296,-1857.8736572265625
464,0.04,0.3088,0.0,0.032,-1852.617919921875
465,0.04,0.3088,0.0,0.0344,-1854.482666015625
466,0.04,0.3088,0.0,0.0368,-1847.3699951171875
467,0.04,0.3088,0.0,0.0392,-1850.136962890625
468,0.04,0.3088,0.0,0.0416,-1846.177490234375
469,0.04,0.3088,0.0,0.044,-1841.8858642578125
470,0.04,0.3088,0.0,0.0464,-1838.5814208984375
471,0.04,0.3088,0.0,0.0488,-1835.62109375
472,0.04,0.3088,0.0,0.0512,-1835.9981689453125
473,0.04,0.3088,0.0,0.0536,-1837.74462890625
474,0.04,0.3088,0.0,0.056,-1837.98046875
475,0.04,0.3088,0.0,0.0584,-1835.60498046875
476,0.04,0.3088,0.0,0.0608,-1833.5537109375
477,0.04,0.3088,0.0,0.0632,-1835.6470947265625
478,0.04,0.3088,0.0,0.0656,-1829.306396484375
479,0.04,0.3088,0.0,0.068,-1831.494140625
480,0.04,0.3088,0.0,0.0704,-1837.02685546875
481,0.04,0.3088,0.0,0.0728,-1832.941650390625
482,0.04,0.3088,0.0,0.0752,-1832.8419189453125
483,0.04,0.3088,0.0,0.0776,-1834.919921875
484,0.04,0.3088,0.0,0.08,-1832.010009765625
485,0.04,0.3088,0.0,0.0824,-1833.922119140625
486,0.04,0.3088,0.0,0.0848,-1835.0035400390625
487,0.04,0.3088,0.0,0.0872,-1836.803466796875
488,0.04,0.3088,0.0,0.0896,-1834.08642578125
489,0.04,0.3088,0.0,0.092,-1836.5181884765625
490,0.04,0.3088,0.0,0.0944,-1837.9619140625
491,0.04,0.3088,0.0,0.0968,-1836.04541015625
492,0.04,0.3088,0.0,0.0992,-1835.229248046875
493,0.04,0.3088,0.0,0.1016,-1838.958251953125
494,0.04,0.3088,0.0,0.104,-1839.681396484375
495,0.04,0.3088,0.0,0.1064,-1836.488525390625
496,0.04,0.3088,0.0,0.1088,-1843.2001953125
497,0.04,0.3088,0.0,0.1112,-1844.822021484375
498,0.04,0.3088,0.0,0.1136,-1842.943359375
499,0.04,0.3088,0.0,0.116,-1846.802001953125
500,0.04,0.3088,0.0,0.1184,-1847.7435302734375
501,0.04,0.3088,0.0,0.1208,-1843.9805908203125
502,0.04,0.3088,0.0,0.1232,-1849.4991455078125
503,0.04,0.3088,0.0,0.1256,-1851.478271484375
504,0.04,0.3088,0.0,0.128,-1849.9571533203125
505,0.04,0.3088,0.0,0.1304,-1853.8106689453125
506,0.04,0.3088,0.0,0.1328,-1856.2974853515625
507,0.04,0.3088,0.0,0.1352,-1855.283203125
508,0.04,0.3088,0.0,0.1376,-1862.965576171875
509,0.04,0.3088,0.0,0.14,-1858.024169921875
510,0.04,0.312,0.0,0.02,-1871.59814453125
511,0.04,0.312,0.0,0.0224,-1870.796142578125
512,0.04,0.312,0.0,0.0248,-1861.104248046875
513,0.04,0.312,0.0,0.0272,-1855.4775390625
514,0.04,0.312,0.0,0.0296,-1850.91650390625
515,0.04,0.312,0.0,0.032,-1851.4833984375
516,0.04,0.312,0.0,0.0344,-1845.084228515625
517,0.04,0.312,0.0,0.0368,-1841.556640625
518,0.04,0.312,0.0,0.0392,-1840.0927734375
519,0.04,0.312,0.0,0.0416,-1839.26806640625
520,0.04,0.312,0.0,0.044,-1841.4752197265625
521,0.04,0.312,0.0,0.0464,-1837.697509765625
522,0.04,0.312,0.0,0.0488,-1835.531982421875
523,0.04,0.312,0.0,0.0512,-1833.0919189453125
524,0.04,0.312,0.0,0.0536,-1831.0220947265625
525,0.04,0.312,0.0,0.056,-1834.6612548828125
526,0.04,0.312,0.0,0.0584,-1830.0467529296875
527,0.04,0.312,0.0,0.0608,-1834.2669677734375
528,0.04,0.312,0.0,0.0632,-1834.745849609375
529,0.04,0.312,0.0,0.0656,-1830.106689453125
530,0.04,0.312,0.0,0.068,-1832.7066650390625
531,0.04,0.312,0.0,0.0704,-1828.531982421875
532,0.04,0.312,0.0,0.0728,-1829.8516845703125
533,0.04,0.312,0.0,0.0752,-1830.1807861328125
534,0.04,0.312,0.0,0.0776,-1833.525146484375
535,0.04,0.312,0.0,0.08,-1834.2305908203125
536,0.04,0.312,0.0,0.0824,-1829.522216796875
537,0.04,0.312,0.0,0.0848,-1832.48974609375
538,0.04,0.312,0.0,0.0872,-1835.6630859375
539,0.04,0.312,0.0,0.0896,-1834.967529296875
540,0.04,0.312,0.0,0.092,-1833.31689453125
541,0.04,0.312,0.0,0.0944,-1834.514892578125
542,0.04,0.312,0.0,0.0968,-1835.357421875
543,0.04,0.312,0.0,0.0992,-1835.639404296875
544,0.04,0.312,0.0,0.1016,-1839.37939453125
545,0.04,0.312,0.0,0.104,-1836.8226318359375
546,0.04,0.312,0.0,0.1064,-1844.092529296875
547,0.04,0.312,0.0,0.1088,-1840.2945556640625
548,0.04,0.312,0.0,0.1112,-1842.033935546875
549,0.04,0.312,0.0,0.1136,-1843.3406982421875
550,0.04,0.312,0.0,0.116,-1843.917724609375
551,0.04,0.312,0.0,0.1184,-1841.510986328125
552,0.04,0.312,0.0,0.1208,-1849.140625
553,0.04,0.312,0.0,0.1232,-1845.1112060546875
554,0.04,0.312,0.0,0.1256,-1850.7574462890625
555,0.04,0.312,0.0,0.128,-1848.05078125
556,0.04,0.312,0.0,0.1304,-1849.0272216796875
557,0.04,0.312,0.0,0.1328,-1848.136962890625
558,0.04,0.312,0.0,0.1352,-1856.5045166015625
559,0.04,0.312,0.0,0.1376,-1855.802001953125
560,0.04,0.312,0.0,0.14,-1856.208740234375
561,0.04,0.3152,0.0,0.02,-1872.3572998046875
562,0.04,0.3152,0.0,0.0224,-1862.3360595703125
563,0.04,0.3152,0.0,0.0248,-1859.123779296875
564,0.04,0.3152,0.0,0.0272,-1854.9874267578125
565,0.04,0.3152,0.0,0.0296,-1852.3818359375
566,0.04,0.3152,0.0,0.032,-1847.76123046875
567,0.04,0.3152,0.0,0.0344,-1841.949951171875
568,0.04,0.3152,0.0,0.0368,-1846.4061279296875
569,0.04,0.3152,0.0,0.0392,-1839.802001953125
570,0.04,0.3152,0.0,0.0416,-1838.7169189453125
571,0.04,0.3152,0.0,0.044,-1834.4473876953125
572,0.04,0.3152,0.0,0.0464,-1837.4656982421875
573,0.04,0.3152,0.0,0.0488,-1835.3040771484375
574,0.04,0.3152,0.0,0.0512,-1832.2078857421875
575,0.04,0.3152,0.0,0.0536,-1829.900634765625
576,0.04,0.3152,0.0,0.056,-1833.3140869140625
577,0.04,0.3152,0.0,0.0584,-1829.711669921875
578,0.04,0.3152,0.0,0.0608,-1829.16357421875
579,0.04,0.3152,0.0,0.0632,-1830.930419921875
580,0.04,0.3152,0.0,0.0656,-1829.933837890625
581,0.04,0.3152,0.0,0.068,-1828.646728515625
582,0.04,0.3152,0.0,0.0704,-1829.7738037109375
583,0.04,0.3152,0.0,0.0728,-1827.1287841796875
584,0.04,0.3152,0.0,0.0752,-1829.8555908203125
585,0.04,0.3152,0.0,0.0776,-1828.613525390625
586,0.04,0.3152,0.0,0.08,-1830.578857421875
587,0.04,0.3152,0.0,0.0824,-1829.054931640625
588,0.04,0.3152,0.0,0.0848,-1830.649169921875
589,0.04,0.3152,0.0,0.0872,-1829.6072998046875
590,0.04,0.3152,0.0,0.0896,-1833.3798828125
591,0.04,0.3152,0.0,0.092,-1830.6083984375
592,0.04,0.3152,0.0,0.0944,-1830.2113037109375
593,0.04,0.3152,0.0,0.0968,-1834.5556640625
594,0.04,0.3152,0.0,0.0992,-1832.8624267578125
595,0.04,0.3152,0.0,0.1016,-1835.435546875
596,0.04,0.3152,0.0,0.104,-1839.4434814453125
597,0.04,0.3152,0.0,0.1064,-1834.8604736328125
598,0.04,0.3152,0.0,0.1088,-1835.9119873046875
599,0.04,0.3152,0.0,0.1112,-1838.4349365234375
600,0.04,0.3152,0.0,0.1136,-1841.9405517578125
601,0.04,0.3152,0.0,0.116,-1839.312255859375
602,0.04,0.3152,0.0,0.1184,-1841.52099609375
603,0.04,0.3152,0.0,0.1208,-1840.9410400390625
604,0.04,0.3152,0.0,0.1232,-1845.437255859375
605,0.04,0.3152,0.0,0.1256,-1845.083251953125
606,0.04,0.3152,0.0,0.128,-1846.16162109375
607,0.04,0.3152,0.0,0.1304,-1850.6099853515625
608,0.04,0.3152,0.0,0.1328,-1849.514404296875
609,0.04,0.3152,0.0,0.1352,-1849.4102783203125
610,0.04,0.3152,0.0,0.1376,-1855.484619140625
611,0.04,0.3152,0.0,0.14,-1855.605224609375
612,0.04,0.3184,0.0,0.02,-1868.663818359375
613,0.04,0.3184,0.0,0.0224,-1864.397216796875
614,0.04,0.3184,0.0,0.0248,-1856.9774169921875
615,0.04,0.3184,0.0,0.0272,-1854.852783203125
616,0.04,0.3184,0.0,0.0296,-1848.3740234375
617,0.04,0.3184,0.0,0.032,-1847.037109375
618,0.04,0.3184,0.0,0.0344,-1843.62646484375
619,0.04,0.3184,0.0,0.0368,-1840.923828125
620,0.04,0.3184,0.0,0.0392,-1839.065185546875
621,0.04,0.3184,0.0,0.0416,-1837.99072265625
622,0.04,0.3184,0.0,0.044,-1836.6986083984375
623,0.04,0.3184,0.0,0.0464,-1833.0972900390625
624,0.04,0.3184,0.0,0.0488,-1832.3048095703125
625,0.04,0.3184,0.0,0.0512,-1830.3935546875
626,0.04,0.3184,0.0,0.0536,-1831.7109375
627,0.04,0.3184,0.0,0.056,-1830.584228515625
628,0.04,0.3184,0.0,0.0584,-1828.101806640625
629,0.04,0.3184,0.0,0.0608,-1828.95751953125
630,0.04,0.3184,0.0,0.0632,-1828.2630615234375
631,0.04,0.3184,0.0,0.0656,-1827.750244140625
632,0.04,0.3184,0.0,0.068,-1828.583251953125
633,0.04,0.3184,0.0,0.0704,-1828.4832763671875
634,0.04,0.3184,0.0,0.0728,-1827.9566650390625
635,0.04,0.3184,0.0,0.0752,-1827.3258056640625
636,0.04,0.3184,0.0,0.0776,-1829.235107421875
637,0.04,0.3184,0.0,0.08,-1828.3887939453125
638,0.04,0.3184,0.0,0.0824,-1830.0224609375
639,0.04,0.3184,0.0,0.0848,-1828.228759765625
640,0.04,0.3184,0.0,0.0872,-1829.30322265625
641,0.04,0.3184,0.0,0.0896,-1829.94140625
642,0.04,0.3184,0.0,0.092,-1833.0640869140625
643,0.04,0.3184,0.0,0.0944,-1833.0423583984375
644,0.04,0.3184,0.0,0.0968,-1831.5792236328125
645,0.04,0.3184,0.0,0.0992,-1832.3388671875
646,0.04,0.3184,0.0,0.1016,-1834.70849609375
647,0.04,0.3184,0.0,0.104,-1835.7220458984375
648,0.04,0.3184,0.0,0.1064,-1837.887451171875
649,0.04,0.3184,0.0,0.1088,-1835.5531005859375
650,0.04,0.3184,0.0,0.1112,-1839.0279541015625
651,0.04,0.3184,0.0,0.1136,-1840.30419921875
652,0.04,0.3184,0.0,0.116,-1839.078125
653,0.04,0.3184,0.0,0.1184,-1840.65087890625
654,0.04,0.3184,0.0,0.1208,-1841.3414306640625
655,0.04,0.3184,0.0,0.1232,-1843.24462890625
656,0.04,0.3184,0.0,0.1256,-1845.8916015625
657,0.04,0.3184,0.0,0.128,-1846.2176513671875
658,0.04,0.3184,0.0,0.1304,-1847.170654296875
659,0.04,0.3184,0.0,0.1328,-1847.40576171875
660,0.04,0.3184,0.0,0.1352,-1850.66650390625
661,0.04,0.3184,0.0,0.1376,-1852.36181640625
662,0.04,0.3184,0.0,0.14,-1854.6923828125
663,0.04,0.3216,0.0,0.02,-1868.0147705078125
664,0.04,0.3216,0.0,0.0224,-1862.543212890625
665,0.04,0.3216,0.0,0.0248,-1856.90576171875
666,0.04,0.3216,0.0,0.0272,-1853.9375
667,0.04,0.3216,0.0,0.0296,-1847.614013671875
668,0.04,0.3216,0.0,0.032,-1846.1754150390625
669,0.04,0.3216,0.0,0.0344,-1843.8486328125
670,0.04,0.3216,0.0,0.0368,-1840.1585693359375
671,0.04,0.3216,0.0,0.0392,-1839.2838134765625
672,0.04,0.3216,0.0,0.0416,-1834.242919921875
673,0.04,0.3216,0.0,0.044,-1836.05126953125
674,0.04,0.3216,0.0,0.0464,-1833.0135498046875
675,0.04,0.3216,0.0,0.0488,-1833.164306640625
676,0.04,0.3216,0.0,0.0512,-1830.2398681640625
677,0.04,0.3216,0.0,0.0536,-1829.672119140625
678,0.04,0.3216,0.0,0.056,-1830.370849609375
679,0.04,0.3216,0.0,0.0584,-1828.6439208984375
680,0.04,0.3216,0.0,0.0608,-1830.64453125
681,0.04,0.3216,0.0,0.0632,-1826.2899169921875
682,0.04,0.3216,0.0,0.0656,-1827.32568359375
683,0.04,0.3216,0.0,0.068,-1827.45361328125
684,0.04,0.3216,0.0,0.0704,-1828.212890625
685,0.04,0.3216,0.0,0.0728,-1829.138916015625
686,0.04,0.3216,0.0,0.0752,-1828.56396484375
687,0.04,0.3216,0.0,0.0776,-1826.0615234375
688,0.04,0.3216,0.0,0.08,-1827.092529296875
689,0.04,0.3216,0.0,0.0824,-1829.2510986328125
690,0.04,0.3216,0.0,0.0848,-1829.206298828125
691,0.04,0.3216,0.0,0.0872,-1832.087158203125
692,0.04,0.3216,0.0,0.0896,-1830.326171875
693,0.04,0.3216,0.0,0.092,-1831.5677490234375
694,0.04,0.3216,0.0,0.0944,-1831.4866943359375
695,0.04,0.3216,0.0,0.0968,-1834.461181640625
696,0.04,0.3216,0.0,0.0992,-1832.712158203125
697,0.04,0.3216,0.0,0.1016,-1831.6854248046875
698,0.04,0.3216,0.0,0.104,-1833.992431640625
699,0.04,0.3216,0.0,0.1064,-1836.929443359375
700,0.04,0.3216,0.0,0.1088,-1834.942138671875
701,0.04,0.3216,0.0,0.1112,-1836.5399169921875
702,0.04,0.3216,0.0,0.1136,-1836.7989501953125
703,0.04,0.3216,0.0,0.116,-1840.343994140625
704,0.04,0.3216,0.0,0.1184,-1840.0721435546875
705,0.04,0.3216,0.0,0.1208,-1843.2763671875
706,0.04,0.3216,0.0,0.1232,-1842.1407470703125
707,0.04,0.3216,0.0,0.1256,-1844.5423583984375
708,0.04,0.3216,0.0,0.128,-1844.3209228515625
709,0.04,0.3216,0.0,0.1304,-1846.1251220703125
710,0.04,0.3216,0.0,0.1328,-1846.748779296875
711,0.04,0.3216,0.0,0.1352,-1847.748779296875
712,0.04,0.3216,0.0,0.1376,-1851.035400390625
713,0.04,0.3216,0.0,0.14,-1849.58837890625
714,0.04,0.3248,0.0,0.02,-1866.851806640625
715,0.04,0.3248,0.0,0.0224,-1862.0262451171875
716,0.04,0.3248,0.0,0.0248,-1856.5225830078125
717,0.04,0.3248,0.0,0.0272,-1852.0208740234375
718,0.04,0.3248,0.0,0.0296,-1847.5208740234375
719,0.04,0.3248,0.0,0.032,-1844.0718994140625
720,0.04,0.3248,0.0,0.0344,-1840.828125
721,0.04,0.3248,0.0,0.0368,-1839.001708984375
722,0.04,0.3248,0.0,0.0392,-1837.01513671875
723,0.04,0.3248,0.0,0.0416,-1834.621826171875
724,0.04,0.3248,0.0,0.044,-1833.55712890625
725,0.04,0.3248,0.0,0.0464,-1831.916748046875
726,0.04,0.3248,0.0,0.0488,-1830.77197265625
727,0.04,0.3248,0.0,0.0512,-1829.7276611328125
728,0.04,0.3248,0.0,0.0536,-1828.7960205078125
729,0.04,0.3248,0.0,0.056,-1828.200927734375
730,0.04,0.3248,0.0,0.0584,-1828.726318359375
731,0.04,0.3248,0.0,0.0608,-1826.775146484375
732,0.04,0.3248,0.0,0.0632,-1826.258056640625
733,0.04,0.3248,0.0,0.0656,-1825.654541015625
734,0.04,0.3248,0.0,0.068,-1826.239013671875
735,0.04,0.3248,0.0,0.0704,-1825.8665771484375
736,0.04,0.3248,0.0,0.0728,-1826.4381103515625
737,0.04,0.3248,0.0,0.0752,-1825.36376953125
738,0.04,0.3248,0.0,0.0776,-1826.50146484375
739,0.04,0.3248,0.0,0.08,-1826.102783203125
740,0.04,0.3248,0.0,0.0824,-1826.8055419921875
741,0.04,0.3248,0.0,0.0848,-1829.01513671875
742,0.04,0.3248,0.0,0.0872,-1827.917724609375
743,0.04,0.3248,0.0,0.0896,-1828.343017578125
744,0.04,0.3248,0.0,0.092,-1830.2906494140625
745,0.04,0.3248,0.0,0.0944,-1829.7822265625
746,0.04,0.3248,0.0,0.0968,-1830.3533935546875
747,0.04,0.3248,0.0,0.0992,-1831.11962890625
748,0.04,0.3248,0.0,0.1016,-1832.052490234375
749,0.04,0.3248,0.0,0.104,-1833.0936279296875
750,0.04,0.3248,0.0,0.1064,-1832.93212890625
751,0.04,0.3248,0.0,0.1088,-1834.748291015625
752,0.04,0.3248,0.0,0.1112,-1834.4896240234375
753,0.04,0.3248,0.0,0.1136,-1836.0325927734375
754,0.04,0.3248,0.0,0.116,-1837.9827880859375
755,0.04,0.3248,0.0,0.1184,-1840.421630859375
756,0.04,0.3248,0.0,0.1208,-1840.767333984375
757,0.04,0.3248,0.0,0.1232,-1841.7919921875
758,0.04,0.3248,0.0,0.1256,-1843.5260009765625
759,0.04,0.3248,0.0,0.128,-1844.810302734375
760,0.04,0.3248,0.0,0.1304,-1844.965087890625
761,0.04,0.3248,0.0,0.1328,-1846.1962890625
762,0.04,0.3248,0.0,0.1352,-1846.9886474609375
763,0.04,0.3248,0.0,0.1376,-1849.379638671875
764,0.04,0.3248,0.0,0.14,-1850.5074462890625
765,0.04,0.328,0.0,0.02,-1865.7542724609375
766,0.04,0.328,0.0,0.0224,-1859.909912109375
767,0.04,0.328,0.0,0.0248,-1856.296142578125
768,0.04,0.328,0.0,0.0272,-1852.306884765625
769,0.04,0.328,0.0,0.0296,-1846.924560546875
770,0.04,0.328,0.0,0.032,-1843.632568359375
771,0.04,0.328,0.0,0.0344,-1841.8316650390625
772,0.04,0.328,0.0,0.0368,-1838.735595703125
773,0.04,0.328,0.0,0.0392,-1835.02734375
774,0.04,0.328,0.0,0.0416,-1834.1005859375
775,0.04,0.328,0.0,0.044,-1832.6986083984375
776,0.04,0.328,0.0,0.0464,-1831.73876953125
777,0.04,0.328,0.0,0.0488,-1830.0567626953125
778,0.04,0.328,0.0,0.0512,-1829.120361328125
779,0.04,0.328,0.0,0.0536,-1828.85205078125
780,0.04,0.328,0.0,0.056,-1828.0272216796875
781,0.04,0.328,0.0,0.0584,-1825.755126953125
782,0.04,0.328,0.0,0.0608,-1825.719970703125
783,0.04,0.328,0.0,0.0632,-1826.2701416015625
784,0.04,0.328,0.0,0.0656,-1825.020263671875
785,0.04,0.328,0.0,0.068,-1825.571533203125
786,0.04,0.328,0.0,0.0704,-1825.5638427734375
787,0.04,0.328,0.0,0.0728,-1825.89111328125
788,0.04,0.328,0.0,0.0752,-1825.4072265625
789,0.04,0.328,0.0,0.0776,-1825.5716552734375
790,0.04,0.328,0.0,0.08,-1826.3782958984375
791,0.04,0.328,0.0,0.0824,-1826.758544921875
792,0.04,0.328,0.0,0.0848,-1826.693603515625
793,0.04,0.328,0.0,0.0872,-1827.675537109375
794,0.04,0.328,0.0,0.0896,-1828.304443359375
795,0.04,0.328,0.0,0.092,-1828.642333984375
796,0.04,0.328,0.0,0.0944,-1829.3802490234375
797,0.04,0.328,0.0,0.0968,-1830.0455322265625
798,0.04,0.328,0.0,0.0992,-1830.686279296875
799,0.04,0.328,0.0,0.1016,-1831.720947265625
800,0.04,0.328,0.0,0.104,-1833.3897705078125
801,0.04,0.328,0.0,0.1064,-1834.44384765625
802,0.04,0.328,0.0,0.1088,-1835.43603515625
803,0.04,0.328,0.0,0.1112,-1835.2412109375
804,0.04,0.328,0.0,0.1136,-1835.791748046875
805,0.04,0.328,0.0,0.116,-1837.6251220703125
806,0.04,0.328,0.0,0.1184,-1837.81689453125
807,0.04,0.328,0.0,0.1208,-1839.848876953125
808,0.04,0.328,0.0,0.1232,-1841.0972900390625
809,0.04,0.328,0.0,0.1256,-1842.978515625
810,0.04,0.328,0.0,0.128,-1843.139404296875
811,0.04,0.328,0.0,0.1304,-1844.390380859375
812,0.04,0.328,0.0,0.1328,-1845.99169921875
813,0.04,0.328,0.0,0.1352,-1847.7786865234375
814,0.04,0.328,0.0,0.1376,-1848.168701171875
815,0.04,0.328,0.0,0.14,-1850.322021484375
816,0.04,0.3312,0.0,0.02,-1865.387939453125
817,0.04,0.3312,0.0,0.0224,-1860.1484375
818,0.04,0.3312,0.0,0.0248,-1855.9351806640625
819,0.04,0.3312,0.0,0.0272,-1850.546142578125
820,0.04,0.3312,0.0,0.0296,-1847.2169189453125
821,0.04,0.3312,0.0,0.032,-1844.1318359375
822,0.04,0.3312,0.0,0.0344,-1839.8480224609375
823,0.04,0.3312,0.0,0.0368,-1838.060546875
824,0.04,0.3312,0.0,0.0392,-1835.4674072265625
825,0.04,0.3312,0.0,0.0416,-1834.387451171875
826,0.04,0.3312,0.0,0.044,-1832.42724609375
827,0.04,0.3312,0.0,0.0464,-1830.8023681640625
828,0.04,0.3312,0.0,0.0488,-1830.09033203125
829,0.04,0.3312,0.0,0.0512,-1828.770263671875
830,0.04,0.3312,0.0,0.0536,-1827.52099609375
831,0.04,0.3312,0.0,0.056,-1827.362548828125
832,0.04,0.3312,0.0,0.0584,-1825.6865234375
833,0.04,0.3312,0.0,0.0608,-1825.69091796875
834,0.04,0.3312,0.0,0.0632,-1824.201171875
835,0.04,0.3312,0.0,0.0656,-1825.010009765625
836,0.04,0.3312,0.0,0.068,-1825.337158203125
837,0.04,0.3312,0.0,0.0704,-1824.8531494140625
838,0.04,0.3312,0.0,0.0728,-1825.531005859375
839,0.04,0.3312,0.0,0.0752,-1826.129150390625
840,0.04,0.3312,0.0,0.0776,-1825.0833740234375
841,0.04,0.3312,0.0,0.08,-1825.7913818359375
842,0.04,0.3312,0.0,0.0824,-1825.9381103515625
843,0.04,0.3312,0.0,0.0848,-1826.34521484375
844,0.04,0.3312,0.0,0.0872,-1827.5123291015625
845,0.04,0.3312,0.0,0.0896,-1827.66650390625
846,0.04,0.3312,0.0,0.092,-1829.3421630859375
847,0.04,0.3312,0.0,0.0944,-1828.39892578125
848,0.04,0.3312,0.0,0.0968,-1829.5211181640625
849,0.04,0.3312,0.0,0.0992,-1829.9923095703125
850,0.04,0.3312,0.0,0.1016,-1831.1661376953125
851,0.04,0.3312,0.0,0.104,-1832.448486328125
852,0.04,0.3312,0.0,0.1064,-1832.8050537109375
853,0.04,0.3312,0.0,0.1088,-1833.5958251953125
854,0.04,0.3312,0.0,0.1112,-1834.693115234375
855,0.04,0.3312,0.0,0.1136,-1835.8150634765625
856,0.04,0.3312,0.0,0.116,-1836.8505859375
857,0.04,0.3312,0.0,0.1184,-1838.0592041015625
858,0.04,0.3312,0.0,0.1208,-1840.00830078125
859,0.04,0.3312,0.0,0.1232,-1840.480224609375
860,0.04,0.3312,0.0,0.1256,-1841.7581787109375
861,0.04,0.3312,0.0,0.128,-1842.9742431640625
862,0.04,0.3312,0.0,0.1304,-1844.63232421875
863,0.04,0.3312,0.0,0.1328,-1845.1370849609375
864,0.04,0.3312,0.0,0.1352,-1847.2928466796875
865,0.04,0.3312,0.0,0.1376,-1848.48291015625
866,0.04,0.3312,0.0,0.14,-1849.1539306640625
867,0.04,0.3344,0.0,0.02,-1865.5277099609375
868,0.04,0.3344,0.0,0.0224,-1858.6292724609375
869,0.04,0.3344,0.0,0.0248,-1854.8055419921875
870,0.04,0.3344,0.0,0.0272,-1851.1201171875
871,0.04,0.3344,0.0,0.0296,-1847.0936279296875
872,0.04,0.3344,0.0,0.032,-1842.5888671875
873,0.04,0.3344,0.0,0.0344,-1839.96923828125
874,0.04,0.3344,0.0,0.0368,-1837.444580078125
875,0.04,0.3344,0.0,0.0392,-1835.590576171875
876,0.04,0.3344,0.0,0.0416,-1834.2691650390625
877,0.04,0.3344,0.0,0.044,-1831.564453125
878,0.04,0.3344,0.0,0.0464,-1830.586181640625
879,0.04,0.3344,0.0,0.0488,-1827.7410888671875
880,0.04,0.3344,0.0,0.0512,-1828.5567626953125
881,0.04,0.3344,0.0,0.0536,-1827.15380859375
882,0.04,0.3344,0.0,0.056,-1826.0594482421875
883,0.04,0.3344,0.0,0.0584,-1825.1561279296875
884,0.04,0.3344,0.0,0.0608,-1825.2095947265625
885,0.04,0.3344,0.0,0.0632,-1824.450439453125
886,0.04,0.3344,0.0,0.0656,-1824.54150390625
887,0.04,0.3344,0.0,0.068,-1823.6375732421875
888,0.04,0.3344,0.0,0.0704,-1824.57861328125
889,0.04,0.3344,0.0,0.0728,-1823.919677734375
890,0.04,0.3344,0.0,0.0752,-1825.142822265625
891,0.04,0.3344,0.0,0.0776,-1824.970458984375
892,0.04,0.3344,0.0,0.08,-1826.228271484375
893,0.04,0.3344,0.0,0.0824,-1825.3250732421875
894,0.04,0.3344,0.0,0.0848,-1825.6883544921875
895,0.04,0.3344,0.0,0.0872,-1827.2633056640625
896,0.04,0.3344,0.0,0.0896,-1828.047119140625
897,0.04,0.3344,0.0,0.092,-1828.2803955078125
898,0.04,0.3344,0.0,0.0944,-1827.9661865234375
899,0.04,0.3344,0.0,0.0968,-1829.63232421875
900,0.04,0.3344,0.0,0.0992,-1828.973876953125
901,0.04,0.3344,0.0,0.1016,-1831.3492431640625
902,0.04,0.3344,0.0,0.104,-1831.632568359375
903,0.04,0.3344,0.0,0.1064,-1832.2158203125
904,0.04,0.3344,0.0,0.1088,-1833.33642578125
905,0.04,0.3344,0.0,0.1112,-1834.9635009765625
906,0.04,0.3344,0.0,0.1136,-1836.3355712890625
907,0.04,0.3344,0.0,0.116,-1837.138671875
908,0.04,0.3344,0.0,0.1184,-1838.74951171875
909,0.04,0.3344,0.0,0.1208,-1838.0103759765625
910,0.04,0.3344,0.0,0.1232,-1840.52978515625
911,0.04,0.3344,0.0,0.1256,-1840.982177734375
912,0.04,0.3344,0.0,0.128,-1843.1834716796875
913,0.04,0.3344,0.0,0.1304,-1843.832763671875
914,0.04,0.3344,0.0,0.1328,-1844.4332275390625
915,0.04,0.3344,0.0,0.1352,-1846.2861328125
916,0.04,0.3344,0.0,0.1376,-1847.596923828125
917,0.04,0.3344,0.0,0.14,-1849.17041015625
918,0.04,0.3376,0.0,0.02,-1865.646240234375
919,0.04,0.3376,0.0,0.0224,-1858.92333984375
920,0.04,0.3376,0.0,0.0248,-1854.9786376953125
921,0.04,0.3376,0.0,0.0272,-1849.887939453125
922,0.04,0.3376,0.0,0.0296,-1844.9901123046875
923,0.04,0.3376,0.0,0.032,-1842.228271484375
924,0.04,0.3376,0.0,0.0344,-1839.79736328125
925,0.04,0.3376,0.0,0.0368,-1836.9046630859375
926,0.04,0.3376,0.0,0.0392,-1835.3253173828125
927,0.04,0.3376,0.0,0.0416,-1833.104248046875
928,0.04,0.3376,0.0,0.044,-1832.25
929,0.04,0.3376,0.0,0.0464,-1830.4410400390625
930,0.04,0.3376,0.0,0.0488,-1828.328369140625
931,0.04,0.3376,0.0,0.0512,-1827.972900390625
932,0.04,0.3376,0.0,0.0536,-1826.008056640625
933,0.04,0.3376,0.0,0.056,-1826.720703125
934,0.04,0.3376,0.0,0.0584,-1825.376953125
935,0.04,0.3376,0.0,0.0608,-1825.405029296875
936,0.04,0.3376,0.0,0.0632,-1825.358154296875
937,0.04,0.3376,0.0,0.0656,-1824.9185791015625
938,0.04,0.3376,0.0,0.068,-1824.573974609375
939,0.04,0.3376,0.0,0.0704,-1824.002685546875
940,0.04,0.3376,0.0,0.0728,-1824.6944580078125
941,0.04,0.3376,0.0,0.0752,-1824.2833251953125
942,0.04,0.3376,0.0,0.0776,-1824.771728515625
943,0.04,0.3376,0.0,0.08,-1824.66650390625
944,0.04,0.3376,0.0,0.0824,-1826.244384765625
945,0.04,0.3376,0.0,0.0848,-1826.7484130859375
946,0.04,0.3376,0.0,0.0872,-1826.2296142578125
947,0.04,0.3376,0.0,0.0896,-1826.4295654296875
948,0.04,0.3376,0.0,0.092,-1827.614990234375
949,0.04,0.3376,0.0,0.0944,-1828.1868896484375
950,0.04,0.3376,0.0,0.0968,-1829.4603271484375
951,0.04,0.3376,0.0,0.0992,-1829.823486328125
952,0.04,0.3376,0.0,0.1016,-1830.7791748046875
953,0.04,0.3376,0.0,0.104,-1831.185791015625
954,0.04,0.3376,0.0,0.1064,-1832.8211669921875
955,0.04,0.3376,0.0,0.1088,-1833.4306640625
956,0.04,0.3376,0.0,0.1112,-1834.7841796875
957,0.04,0.3376,0.0,0.1136,-1834.9136962890625
958,0.04,0.3376,0.0,0.116,-1835.58544921875
959,0.04,0.3376,0.0,0.1184,-1837.825439453125
960,0.04,0.3376,0.0,0.1208,-1838.920166015625
961,0.04,0.3376,0.0,0.1232,-1839.675048828125
962,0.04,0.3376,0.0,0.1256,-1840.141845703125
963,0.04,0.3376,0.0,0.128,-1842.5693359375
964,0.04,0.3376,0.0,0.1304,-1843.6058349609375
965,0.04,0.3376,0.0,0.1328,-1845.302490234375
966,0.04,0.3376,0.0,0.1352,-1846.4888916015625
967,0.04,0.3376,0.0,0.1376,-1847.144287109375
968,0.04,0.3376,0.0,0.14,-1848.712646484375
969,0.04,0.3408,0.0,0.02,-1864.6500244140625
970,0.04,0.3408,0.0,0.0224,-1859.0654296875
971,0.04,0.3408,0.0,0.0248,-1853.83642578125
972,0.04,0.3408,0.0,0.0272,-1850.167724609375
973,0.04,0.3408,0.0,0.0296,-1846.48046875
974,0.04,0.3408,0.0,0.032,-1842.6370849609375
975,0.04,0.3408,0.0,0.0344,-1839.1917724609375
976,0.04,0.3408,0.0,0.0368,-1837.2779541015625
977,0.04,0.3408,0.0,0.0392,-1835.367431640625
978,0.04,0.3408,0.0,0.0416,-1833.1298828125
979,0.04,0.3408,0.0,0.044,-1831.04296875
980,0.04,0.3408,0.0,0.0464,-1829.8419189453125
981,0.04,0.3408,0.0,0.0488,-1827.77392578125
982,0.04,0.3408,0.0,0.0512,-1828.244384765625
983,0.04,0.3408,0.0,0.0536,-1826.7794189453125
984,0.04,0.3408,0.0,0.056,-1826.40185546875
985,0.04,0.3408,0.0,0.0584,-1825.28369140625
986,0.04,0.3408,0.0,0.0608,-1824.54296875
987,0.04,0.3408,0.0,0.0632,-1824.7501220703125
988,0.04,0.3408,0.0,0.0656,-1823.7589111328125
989,0.04,0.3408,0.0,0.068,-1825.060546875
990,0.04,0.3408,0.0,0.0704,-1824.7275390625
991,0.04,0.3408,0.0,0.0728,-1824.4796142578125
992,0.04,0.3408,0.0,0.0752,-1824.602294921875
993,0.04,0.3408,0.0,0.0776,-1824.2794189453125
994,0.04,0.3408,0.0,0.08,-1824.69775390625
995,0.04,0.3408,0.0,0.0824,-1826.135498046875
996,0.04,0.3408,0.0,0.0848,-1826.280517578125
997,0.04,0.3408,0.0,0.0872,-1825.48779296875
998,0.04,0.3408,0.0,0.0896,-1827.828857421875
999,0.04,0.3408,0.0,0.092,-1827.9739990234375
1000,0.04,0.3408,0.0,0.0944,-1827.64404296875
1001,0.04,0.3408,0.0,0.0968,-1828.7159423828125
1002,0.04,0.3408,0.0,0.0992,-1829.358154296875
1003,0.04,0.3408,0.0,0.1016,-1830.548828125
1004,0.04,0.3408,0.0,0.104,-1831.80126953125
1005,0.04,0.3408,0.0,0.1064,-1831.949951171875
1006,0.04,0.3408,0.0,0.1088,-1834.0467529296875
1007,0.04,0.3408,0.0,0.1112,-1834.702880859375
1008,0.04,0.3408,0.0,0.1136,-1834.875244140625
1009,0.04,0.3408,0.0,0.116,-1835.777587890625
1010,0.04,0.3408,0.0,0.1184,-1837.7762451171875
1011,0.04,0.3408,0.0,0.1208,-1838.4130859375
1012,0.04,0.3408,0.0,0.1232,-1840.53369140625
1013,0.04,0.3408,0.0,0.1256,-1840.3924560546875
1014,0.04,0.3408,0.0,0.128,-1842.494140625
1015,0.04,0.3408,0.0,0.1304,-1843.4423828125
1016,0.04,0.3408,0.0,0.1328,-1844.458251953125
1017,0.04,0.3408,0.0,0.1352,-1846.0025634765625
1018,0.04,0.3408,0.0,0.1376,-1847.4453125
1019,0.04,0.3408,0.0,0.14,-1848.6199951171875
1020,0.04,0.344,0.0,0.02,-1865.794921875
1021,0.04,0.344,0.0,0.0224,-1859.7415771484375
1022,0.04,0.344,0.0,0.0248,-1854.4150390625
1023,0.04,0.344,0.0,0.0272,-1849.0159912109375
1024,0.04,0.344,0.0,0.0296,-1846.7772216796875
1025,0.04,0.344,0.0,0.032,-1842.019775390625
1026,0.04,0.344,0.0,0.0344,-1838.781494140625
1027,0.04,0.344,0.0,0.0368,-1836.549560546875
1028,0.04,0.344,0.0,0.0392,-1836.1650390625
1029,0.04,0.344,0.0,0.0416,-1833.4354248046875
1030,0.04,0.344,0.0,0.044,-1831.447509765625
1031,0.04,0.344,0.0,0.0464,-1829.840087890625
1032,0.04,0.344,0.0,0.0488,-1829.4161376953125
1033,0.04,0.344,0.0,0.0512,-1827.285888671875
1034,0.04,0.344,0.0,0.0536,-1826.82421875
1035,0.04,0.344,0.0,0.056,-1826.191650390625
1036,0.04,0.344,0.0,0.0584,-1825.4276123046875
1037,0.04,0.344,0.0,0.0608,-1824.659423828125
1038,0.04,0.344,0.0,0.0632,-1825.4034423828125
1039,0.04,0.344,0.0,0.0656,-1824.5703125
1040,0.04,0.344,0.0,0.068,-1824.99072265625
1041,0.04,0.344,0.0,0.0704,-1824.166259765625
1042,0.04,0.344,0.0,0.0728,-1823.974365234375
1043,0.04,0.344,0.0,0.0752,-1825.094482421875
1044,0.04,0.344,0.0,0.0776,-1824.7789306640625
1045,0.04,0.344,0.0,0.08,-1824.11572265625
1046,0.04,0.344,0.0,0.0824,-1825.365966796875
1047,0.04,0.344,0.0,0.0848,-1825.8758544921875
1048,0.04,0.344,0.0,0.0872,-1827.14208984375
1049,0.04,0.344,0.0,0.0896,-1827.6861572265625
1050,0.04,0.344,0.0,0.092,-1827.700439453125
1051,0.04,0.344,0.0,0.0944,-1827.6417236328125
1052,0.04,0.344,0.0,0.0968,-1829.438232421875
1053,0.04,0.344,0.0,0.0992,-1829.2403564453125
1054,0.04,0.344,0.0,0.1016,-1830.8424072265625
1055,0.04,0.344,0.0,0.104,-1831.7520751953125
1056,0.04,0.344,0.0,0.1064,-1832.2860107421875
1057,0.04,0.344,0.0,0.1088,-1833.6890869140625
1058,0.04,0.344,0.0,0.1112,-1835.0986328125
1059,0.04,0.344,0.0,0.1136,-1834.7542724609375
1060,0.04,0.344,0.0,0.116,-1835.748291015625
1061,0.04,0.344,0.0,0.1184,-1838.0916748046875
1062,0.04,0.344,0.0,0.1208,-1838.434326171875
1063,0.04,0.344,0.0,0.1232,-1839.8861083984375
1064,0.04,0.344,0.0,0.1256,-1840.8876953125
1065,0.04,0.344,0.0,0.128,-1842.210693359375
1066,0.04,0.344,0.0,0.1304,-1843.152587890625
1067,0.04,0.344,0.0,0.1328,-1844.800048828125
1068,0.04,0.344,0.0,0.1352,-1846.360107421875
1069,0.04,0.344,0.0,0.1376,-1847.4171142578125
1070,0.04,0.344,0.0,0.14,-1849.1636962890625
1071,0.04,0.3472,0.0,0.02,-1865.0107421875
1072,0.04,0.3472,0.0,0.0224,-1859.7393798828125
1073,0.04,0.3472,0.0,0.0248,-1854.867431640625
1074,0.04,0.3472,0.0,0.0272,-1849.3885498046875
1075,0.04,0.3472,0.0,0.0296,-1846.1907958984375
1076,0.04,0.3472,0.0,0.032,-1842.7666015625
1077,0.04,0.3472,0.0,0.0344,-1840.6717529296875
1078,0.04,0.3472,0.0,0.0368,-1836.625
1079,0.04,0.3472,0.0,0.0392,-1834.6778564453125
1080,0.04,0.3472,0.0,0.0416,-1833.579345703125
1081,0.04,0.3472,0.0,0.044,-1831.7274169921875
1082,0.04,0.3472,0.0,0.0464,-1830.283935546875
1083,0.04,0.3472,0.0,0.0488,-1828.363037109375
1084,0.04,0.3472,0.0,0.0512,-1827.9239501953125
1085,0.04,0.3472,0.0,0.0536,-1826.792724609375
1086,0.04,0.3472,0.0,0.056,-1825.9896240234375
1087,0.04,0.3472,0.0,0.0584,-1825.7852783203125
1088,0.04,0.3472,0.0,0.0608,-1825.59033203125
1089,0.04,0.3472,0.0,0.0632,-1824.3160400390625
1090,0.04,0.3472,0.0,0.0656,-1824.98486328125
1091,0.04,0.3472,0.0,0.068,-1824.2745361328125
1092,0.04,0.3472,0.0,0.0704,-1824.4114990234375
1093,0.04,0.3472,0.0,0.0728,-1824.44189453125
1094,0.04,0.3472,0.0,0.0752,-1824.4501953125
1095,0.04,0.3472,0.0,0.0776,-1825.72998046875
1096,0.04,0.3472,0.0,0.08,-1824.993408203125
1097,0.04,0.3472,0.0,0.0824,-1825.67919921875
1098,0.04,0.3472,0.0,0.0848,-1825.7044677734375
1099,0.04,0.3472,0.0,0.0872,-1825.4879150390625
1100,0.04,0.3472,0.0,0.0896,-1827.093017578125
1101,0.04,0.3472,0.0,0.092,-1827.511962890625
1102,0.04,0.3472,0.0,0.0944,-1829.138427734375
1103,0.04,0.3472,0.0,0.0968,-1829.5811767578125
1104,0.04,0.3472,0.0,0.0992,-1830.5589599609375
1105,0.04,0.3472,0.0,0.1016,-1830.54833984375
1106,0.04,0.3472,0.0,0.104,-1831.35400390625
1107,0.04,0.3472,0.0,0.1064,-1831.904296875
1108,0.04,0.3472,0.0,0.1088,-1834.3856201171875
1109,0.04,0.3472,0.0,0.1112,-1833.858154296875
1110,0.04,0.3472,0.0,0.1136,-1835.7218017578125
1111,0.04,0.3472,0.0,0.116,-1836.8966064453125
1112,0.04,0.3472,0.0,0.1184,-1837.6102294921875
1113,0.04,0.3472,0.0,0.1208,-1839.410400390625
1114,0.04,0.3472,0.0,0.1232,-1839.15576171875
1115,0.04,0.3472,0.0,0.1256,-1841.16259765625
1116,0.04,0.3472,0.0,0.128,-1842.7802734375
1117,0.04,0.3472,0.0,0.1304,-1843.395751953125
1118,0.04,0.3472,0.0,0.1328,-1844.2823486328125
1119,0.04,0.3472,0.0,0.1352,-1846.808837890625
1120,0.04,0.3472,0.0,0.1376,-1847.091796875
1121,0.04,0.3472,0.0,0.14,-1848.681396484375
1122,0.04,0.3504,0.0,0.02,-1866.531005859375
1123,0.04,0.3504,0.0,0.0224,-1859.37939453125
1124,0.04,0.3504,0.0,0.0248,-1854.0572509765625
1125,0.04,0.3504,0.0,0.0272,-1850.43017578125
1126,0.04,0.3504,0.0,0.0296,-1847.260009765625
1127,0.04,0.3504,0.0,0.032,-1842.671875
1128,0.04,0.3504,0.0,0.0344,-1839.6798095703125
1129,0.04,0.3504,0.0,0.0368,-1836.322021484375
1130,0.04,0.3504,0.0,0.0392,-1835.2850341796875
1131,0.04,0.3504,0.0,0.0416,-1832.844482421875
1132,0.04,0.3504,0.0,0.044,-1832.090576171875
1133,0.04,0.3504,0.0,0.0464,-1830.5302734375
1134,0.04,0.3504,0.0,0.0488,-1828.87255859375
1135,0.04,0.3504,0.0,0.0512,-1828.278564453125
1136,0.04,0.3504,0.0,0.0536,-1826.2763671875
1137,0.04,0.3504,0.0,0.056,-1826.056396484375
1138,0.04,0.3504,0.0,0.0584,-1825.615478515625
1139,0.04,0.3504,0.0,0.0608,-1826.22998046875
1140,0.04,0.3504,0.0,0.0632,-1825.33935546875
1141,0.04,0.3504,0.0,0.0656,-1824.809814453125
1142,0.04,0.3504,0.0,0.068,-1825.2105712890625
1143,0.04,0.3504,0.0,0.0704,-1824.407470703125
1144,0.04,0.3504,0.0,0.0728,-1824.1995849609375
1145,0.04,0.3504,0.0,0.0752,-1824.3525390625
1146,0.04,0.3504,0.0,0.0776,-1824.48779296875
1147,0.04,0.3504,0.0,0.08,-1825.0281982421875
1148,0.04,0.3504,0.0,0.0824,-1824.966796875
1149,0.04,0.3504,0.0,0.0848,-1826.313720703125
1150,0.04,0.3504,0.0,0.0872,-1826.52099609375
1151,0.04,0.3504,0.0,0.0896,-1827.20703125
1152,0.04,0.3504,0.0,0.092,-1827.97509765625
1153,0.04,0.3504,0.0,0.0944,-1828.309326171875
1154,0.04,0.3504,0.0,0.0968,-1829.1768798828125
1155,0.04,0.3504,0.0,0.0992,-1829.424560546875
1156,0.04,0.3504,0.0,0.1016,-1830.6851806640625
1157,0.04,0.3504,0.0,0.104,-1831.6341552734375
1158,0.04,0.3504,0.0,0.1064,-1833.19775390625
1159,0.04,0.3504,0.0,0.1088,-1833.8135986328125
1160,0.04,0.3504,0.0,0.1112,-1834.2235107421875
1161,0.04,0.3504,0.0,0.1136,-1835.993408203125
1162,0.04,0.3504,0.0,0.116,-1836.9183349609375
1163,0.04,0.3504,0.0,0.1184,-1837.8050537109375
1164,0.04,0.3504,0.0,0.1208,-1838.958984375
1165,0.04,0.3504,0.0,0.1232,-1840.226318359375
1166,0.04,0.3504,0.0,0.1256,-1840.823486328125
1167,0.04,0.3504,0.0,0.128,-1842.0791015625
1168,0.04,0.3504,0.0,0.1304,-1844.2431640625
1169,0.04,0.3504,0.0,0.1328,-1845.776611328125
1170,0.04,0.3504,0.0,0.1352,-1845.8590087890625
1171,0.04,0.3504,0.0,0.1376,-1847.1414794921875
1172,0.04,0.3504,0.0,0.14,-1849.6077880859375
1173,0.04,0.3536,0.0,0.02,-1866.2340087890625
1174,0.04,0.3536,0.0,0.0224,-1859.237548828125
1175,0.04,0.3536,0.0,0.0248,-1854.267578125
1176,0.04,0.3536,0.0,0.0272,-1848.617431640625
1177,0.04,0.3536,0.0,0.0296,-1846.442626953125
1178,0.04,0.3536,0.0,0.032,-1843.2176513671875
1179,0.04,0.3536,0.0,0.0344,-1839.697509765625
1180,0.04,0.3536,0.0,0.0368,-1837.0623779296875
1181,0.04,0.3536,0.0,0.0392,-1836.40283203125
1182,0.04,0.3536,0.0,0.0416,-1833.4945068359375
1183,0.04,0.3536,0.0,0.044,-1830.973388671875
1184,0.04,0.3536,0.0,0.0464,-1830.132080078125
1185,0.04,0.3536,0.0,0.0488,-1829.374755859375
1186,0.04,0.3536,0.0,0.0512,-1827.9193115234375
1187,0.04,0.3536,0.0,0.0536,-1826.6884765625
1188,0.04,0.3536,0.0,0.056,-1826.975341796875
1189,0.04,0.3536,0.0,0.0584,-1825.2242431640625
1190,0.04,0.3536,0.0,0.0608,-1825.81494140625
1191,0.04,0.3536,0.0,0.0632,-1824.5211181640625
1192,0.04,0.3536,0.0,0.0656,-1824.910888671875
1193,0.04,0.3536,0.0,0.068,-1824.743408203125
1194,0.04,0.3536,0.0,0.0704,-1824.1087646484375
1195,0.04,0.3536,0.0,0.0728,-1823.9918212890625
1196,0.04,0.3536,0.0,0.0752,-1825.4200439453125
1197,0.04,0.3536,0.0,0.0776,-1824.69873046875
1198,0.04,0.3536,0.0,0.08,-1825.922119140625
1199,0.04,0.3536,0.0,0.0824,-1826.0572509765625
1200,0.04,0.3536,0.0,0.0848,-1826.3048095703125
1201,0.04,0.3536,0.0,0.0872,-1826.56591796875
1202,0.04,0.3536,0.0,0.0896,-1827.663818359375
1203,0.04,0.3536,0.0,0.092,-1828.1927490234375
1204,0.04,0.3536,0.0,0.0944,-1828.602783203125
1205,0.04,0.3536,0.0,0.0968,-1829.4212646484375
1206,0.04,0.3536,0.0,0.0992,-1829.646484375
1207,0.04,0.3536,0.0,0.1016,-1831.009521484375
1208,0.04,0.3536,0.0,0.104,-1832.829833984375
1209,0.04,0.3536,0.0,0.1064,-1832.9453125
1210,0.04,0.3536,0.0,0.1088,-1833.974365234375
1211,0.04,0.3536,0.0,0.1112,-1834.6107177734375
1212,0.04,0.3536,0.0,0.1136,-1835.7420654296875
1213,0.04,0.3536,0.0,0.116,-1836.780029296875
1214,0.04,0.3536,0.0,0.1184,-1837.2415771484375
1215,0.04,0.3536,0.0,0.1208,-1838.70703125
1216,0.04,0.3536,0.0,0.1232,-1840.158447265625
1217,0.04,0.3536,0.0,0.1256,-1841.80712890625
1218,0.04,0.3536,0.0,0.128,-1843.335205078125
1219,0.04,0.3536,0.0,0.1304,-1843.3056640625
1220,0.04,0.3536,0.0,0.1328,-1844.4349365234375
1221,0.04,0.3536,0.0,0.1352,-1847.0262451171875
1222,0.04,0.3536,0.0,0.1376,-1847.7979736328125
1223,0.04,0.3536,0.0,0.14,-1849.2265625
1224,0.04,0.3568,0.0,0.02,-1865.7705078125
1225,0.04,0.3568,0.0,0.0224,-1860.2239990234375
1226,0.04,0.3568,0.0,0.0248,-1854.8658447265625
1227,0.04,0.3568,0.0,0.0272,-1850.701904296875
1228,0.04,0.3568,0.0,0.0296,-1845.8995361328125
1229,0.04,0.3568,0.0,0.032,-1844.0587158203125
1230,0.04,0.3568,0.0,0.0344,-1839.358154296875
1231,0.04,0.3568,0.0,0.0368,-1838.378173828125
1232,0.04,0.3568,0.0,0.0392,-1834.822265625
1233,0.04,0.3568,0.0,0.0416,-1834.0184326171875
1234,0.04,0.3568,0.0,0.044,-1831.084716796875
1235,0.04,0.3568,0.0,0.0464,-1830.292236328125
1236,0.04,0.3568,0.0,0.0488,-1828.5845947265625
1237,0.04,0.3568,0.0,0.0512,-1828.6397705078125
1238,0.04,0.3568,0.0,0.0536,-1826.997802734375
1239,0.04,0.3568,0.0,0.056,-1826.7855224609375
1240,0.04,0.3568,0.0,0.0584,-1826.116455078125
1241,0.04,0.3568,0.0,0.0608,-1825.4869384765625
1242,0.04,0.3568,0.0,0.0632,-1825.510986328125
1243,0.04,0.3568,0.0,0.0656,-1825.5738525390625
1244,0.04,0.3568,0.0,0.068,-1824.6708984375
1245,0.04,0.3568,0.0,0.0704,-1825.475830078125
1246,0.04,0.3568,0.0,0.0728,-1825.0272216796875
1247,0.04,0.3568,0.0,0.0752,-1825.3095703125
1248,0.04,0.3568,0.0,0.0776,-1824.858642578125
1249,0.04,0.3568,0.0,0.08,-1825.428955078125
1250,0.04,0.3568,0.0,0.0824,-1825.7197265625
1251,0.04,0.3568,0.0,0.0848,-1826.9552001953125
1252,0.04,0.3568,0.0,0.0872,-1826.57421875
1253,0.04,0.3568,0.0,0.0896,-1828.1015625
1254,0.04,0.3568,0.0,0.092,-1827.1600341796875
1255,0.04,0.3568,0.0,0.0944,-1828.6768798828125
1256,0.04,0.3568,0.0,0.0968,-1830.0914306640625
1257,0.04,0.3568,0.0,0.0992,-1830.2099609375
1258,0.04,0.3568,0.0,0.1016,-1831.5736083984375
1259,0.04,0.3568,0.0,0.104,-1832.6788330078125
1260,0.04,0.3568,0.0,0.1064,-1832.98193359375
1261,0.04,0.3568,0.0,0.1088,-1834.021484375
1262,0.04,0.3568,0.0,0.1112,-1835.3426513671875
1263,0.04,0.3568,0.0,0.1136,-1836.18994140625
1264,0.04,0.3568,0.0,0.116,-1836.7734375
1265,0.04,0.3568,0.0,0.1184,-1837.959716796875
1266,0.04,0.3568,0.0,0.1208,-1840.1495361328125
1267,0.04,0.3568,0.0,0.1232,-1840.65087890625
1268,0.04,0.3568,0.0,0.1256,-1842.702880859375
1269,0.04,0.3568,0.0,0.128,-1842.962158203125
1270,0.04,0.3568,0.0,0.1304,-1843.9693603515625
1271,0.04,0.3568,0.0,0.1328,-1845.34619140625
1272,0.04,0.3568,0.0,0.1352,-1846.7421875
1273,0.04,0.3568,0.0,0.1376,-1847.6822509765625
1274,0.04,0.3568,0.0,0.14,-1849.3046875
1275,0.04,0.36,0.0,0.02,-1865.7867431640625
1276,0.04,0.36,0.0,0.0224,-1860.1842041015625
1277,0.04,0.36,0.0,0.0248,-1854.994140625
1278,0.04,0.36,0.0,0.0272,-1849.8851318359375
1279,0.04,0.36,0.0,0.0296,-1846.585693359375
1280,0.04,0.36,0.0,0.032,-1843.065673828125
1281,0.04,0.36,0.0,0.0344,-1841.2061767578125
1282,0.04,0.36,0.0,0.0368,-1837.763427734375
1283,0.04,0.36,0.0,0.0392,-1835.9383544921875
1284,0.04,0.36,0.0,0.0416,-1833.871337890625
1285,0.04,0.36,0.0,0.044,-1833.00830078125
1286,0.04,0.36,0.0,0.0464,-1831.7685546875
1287,0.04,0.36,0.0,0.0488,-1829.4189453125
1288,0.04,0.36,0.0,0.0512,-1828.468017578125
1289,0.04,0.36,0.0,0.0536,-1827.805908203125
1290,0.04,0.36,0.0,0.056,-1827.1875
1291,0.04,0.36,0.0,0.0584,-1826.27978515625
1292,0.04,0.36,0.0,0.0608,-1825.4854736328125
1293,0.04,0.36,0.0,0.0632,-1825.581787109375
1294,0.04,0.36,0.0,0.0656,-1825.79638671875
1295,0.04,0.36,0.0,0.068,-1824.338623046875
1296,0.04,0.36,0.0,0.0704,-1825.6207275390625
1297,0.04,0.36,0.0,0.0728,-1825.4046630859375
1298,0.04,0.36,0.0,0.0752,-1825.609130859375
1299,0.04,0.36,0.0,0.0776,-1825.67578125
1300,0.04,0.36,0.0,0.08,-1825.8818359375
1301,0.04,0.36,0.0,0.0824,-1826.351806640625
1302,0.04,0.36,0.0,0.0848,-1827.0362548828125
1303,0.04,0.36,0.0,0.0872,-1827.33642578125
1304,0.04,0.36,0.0,0.0896,-1828.303466796875
1305,0.04,0.36,0.0,0.092,-1829.12841796875
1306,0.04,0.36,0.0,0.0944,-1829.779296875
1307,0.04,0.36,0.0,0.0968,-1830.2674560546875
1308,0.04,0.36,0.0,0.0992,-1831.5751953125
1309,0.04,0.36,0.0,0.1016,-1831.639892578125
1310,0.04,0.36,0.0,0.104,-1832.67822265625
1311,0.04,0.36,0.0,0.1064,-1833.01513671875
1312,0.04,0.36,0.0,0.1088,-1834.122802734375
1313,0.04,0.36,0.0,0.1112,-1834.7337646484375
1314,0.04,0.36,0.0,0.1136,-1837.0594482421875
1315,0.04,0.36,0.0,0.116,-1837.868896484375
1316,0.04,0.36,0.0,0.1184,-1839.3170166015625
1317,0.04,0.36,0.0,0.1208,-1839.234375
1318,0.04,0.36,0.0,0.1232,-1841.159423828125
1319,0.04,0.36,0.0,0.1256,-1842.7349853515625
1320,0.04,0.36,0.0,0.128,-1843.137451171875
1321,0.04,0.36,0.0,0.1304,-1844.65771484375
1322,0.04,0.36,0.0,0.1328,-1845.851806640625
1323,0.04,0.36,0.0,0.1352,-1847.27294921875
1324,0.04,0.36,0.0,0.1376,-1848.5389404296875
1325,0.04,0.36,0.0,0.14,-1850.4161376953125
1326,0.04,0.3632,0.0,0.02,-1866.6578369140625
1327,0.04,0.3632,0.0,0.0224,-1861.0819091796875
1328,0.04,0.3632,0.0,0.0248,-1855.6649169921875
1329,0.04,0.3632,0.0,0.0272,-1851.364501953125
1330,0.04,0.3632,0.0,0.0296,-1847.6309814453125
1331,0.04,0.3632,0.0,0.032,-1844.1199951171875
1332,0.04,0.3632,0.0,0.0344,-1841.77880859375
1333,0.04,0.3632,0.0,0.0368,-1838.50634765625
1334,0.04,0.3632,0.0,0.0392,-1835.6722412109375
1335,0.04,0.3632,0.0,0.0416,-1834.4541015625
1336,0.04,0.3632,0.0,0.044,-1832.369384765625
1337,0.04,0.3632,0.0,0.0464,-1831.3450927734375
1338,0.04,0.3632,0.0,0.0488,-1829.972412109375
1339,0.04,0.3632,0.0,0.0512,-1828.8006591796875
1340,0.04,0.3632,0.0,0.0536,-1828.2333984375
1341,0.04,0.3632,0.0,0.056,-1827.885986328125
1342,0.04,0.3632,0.0,0.0584,-1825.927490234375
1343,0.04,0.3632,0.0,0.0608,-1826.483642578125
1344,0.04,0.3632,0.0,0.0632,-1825.56591796875
1345,0.04,0.3632,0.0,0.0656,-1825.29638671875
1346,0.04,0.3632,0.0,0.068,-1825.7862548828125
1347,0.04,0.3632,0.0,0.0704,-1825.55712890625
1348,0.04,0.3632,0.0,0.0728,-1826.343017578125
1349,0.04,0.3632,0.0,0.0752,-1826.060302734375
1350,0.04,0.3632,0.0,0.0776,-1826.0205078125
1351,0.04,0.3632,0.0,0.08,-1826.07080078125
1352,0.04,0.3632,0.0,0.0824,-1827.1383056640625
1353,0.04,0.3632,0.0,0.0848,-1827.40771484375
1354,0.04,0.3632,0.0,0.0872,-1828.164794921875
1355,0.04,0.3632,0.0,0.0896,-1828.489501953125
1356,0.04,0.3632,0.0,0.092,-1829.19970703125
1357,0.04,0.3632,0.0,0.0944,-1829.638671875
1358,0.04,0.3632,0.0,0.0968,-1831.1986083984375
1359,0.04,0.3632,0.0,0.0992,-1832.0858154296875
1360,0.04,0.3632,0.0,0.1016,-1832.943115234375
1361,0.04,0.3632,0.0,0.104,-1833.850341796875
1362,0.04,0.3632,0.0,0.1064,-1833.36962890625
1363,0.04,0.3632,0.0,0.1088,-1834.5848388671875
1364,0.04,0.3632,0.0,0.1112,-1834.69677734375
1365,0.04,0.3632,0.0,0.1136,-1837.4564208984375
1366,0.04,0.3632,0.0,0.116,-1838.410400390625
1367,0.04,0.3632,0.0,0.1184,-1838.505126953125
1368,0.04,0.3632,0.0,0.1208,-1840.738525390625
1369,0.04,0.3632,0.0,0.1232,-1841.438232421875
1370,0.04,0.3632,0.0,0.1256,-1842.96142578125
1371,0.04,0.3632,0.0,0.128,-1844.2490234375
1372,0.04,0.3632,0.0,0.1304,-1845.3011474609375
1373,0.04,0.3632,0.0,0.1328,-1846.7398681640625
1374,0.04,0.3632,0.0,0.1352,-1847.5413818359375
1375,0.04,0.3632,0.0,0.1376,-1848.404296875
1376,0.04,0.3632,0.0,0.14,-1850.43115234375
1377,0.04,0.3664,0.0,0.02,-1867.629638671875
1378,0.04,0.3664,0.0,0.0224,-1860.835205078125
1379,0.04,0.3664,0.0,0.0248,-1854.7347412109375
1380,0.04,0.3664,0.0,0.0272,-1851.555908203125
1381,0.04,0.3664,0.0,0.0296,-1848.260986328125
1382,0.04,0.3664,0.0,0.032,-1844.5228271484375
1383,0.04,0.3664,0.0,0.0344,-1842.5711669921875
1384,0.04,0.3664,0.0,0.0368,-1839.156005859375
1385,0.04,0.3664,0.0,0.0392,-1836.529052734375
1386,0.04,0.3664,0.0,0.0416,-1835.4185791015625
1387,0.04,0.3664,0.0,0.044,-1833.4586181640625
1388,0.04,0.3664,0.0,0.0464,-1831.4976806640625
1389,0.04,0.3664,0.0,0.0488,-1830.641357421875
1390,0.04,0.3664,0.0,0.0512,-1830.114501953125
1391,0.04,0.3664,0.0,0.0536,-1828.18408203125
1392,0.04,0.3664,0.0,0.056,-1827.0347900390625
1393,0.04,0.3664,0.0,0.0584,-1827.8228759765625
1394,0.04,0.3664,0.0,0.0608,-1826.508544921875
1395,0.04,0.3664,0.0,0.0632,-1826.636962890625
1396,0.04,0.3664,0.0,0.0656,-1827.013671875
1397,0.04,0.3664,0.0,0.068,-1826.7135009765625
1398,0.04,0.3664,0.0,0.0704,-1825.684814453125
1399,0.04,0.3664,0.0,0.0728,-1825.6358642578125
1400,0.04,0.3664,0.0,0.0752,-1826.42919921875
1401,0.04,0.3664,0.0,0.0776,-1826.365966796875
1402,0.04,0.3664,0.0,0.08,-1826.6407470703125
1403,0.04,0.3664,0.0,0.0824,-1827.256591796875
1404,0.04,0.3664,0.0,0.0848,-1828.429931640625
1405,0.04,0.3664,0.0,0.0872,-1827.7088623046875
1406,0.04,0.3664,0.0,0.0896,-1828.66455078125
1407,0.04,0.3664,0.0,0.092,-1830.0732421875
1408,0.04,0.3664,0.0,0.0944,-1831.2093505859375
1409,0.04,0.3664,0.0,0.0968,-1830.8792724609375
1410,0.04,0.3664,0.0,0.0992,-1831.3797607421875
1411,0.04,0.3664,0.0,0.1016,-1833.040283203125
1412,0.04,0.3664,0.0,0.104,-1834.037841796875
1413,0.04,0.3664,0.0,0.1064,-1834.5289306640625
1414,0.04,0.3664,0.0,0.1088,-1834.899658203125
1415,0.04,0.3664,0.0,0.1112,-1835.970458984375
1416,0.04,0.3664,0.0,0.1136,-1837.530029296875
1417,0.04,0.3664,0.0,0.116,-1838.6416015625
1418,0.04,0.3664,0.0,0.1184,-1839.620849609375
1419,0.04,0.3664,0.0,0.1208,-1840.561767578125
1420,0.04,0.3664,0.0,0.1232,-1841.607177734375
1421,0.04,0.3664,0.0,0.1256,-1843.51904296875
1422,0.04,0.3664,0.0,0.128,-1844.81982421875
1423,0.04,0.3664,0.0,0.1304,-1844.73681640625
1424,0.04,0.3664,0.0,0.1328,-1846.9140625
1425,0.04,0.3664,0.0,0.1352,-1847.296630859375
1426,0.04,0.3664,0.0,0.1376,-1849.85498046875
1427,0.04,0.3664,0.0,0.14,-1850.3751220703125
1428,0.04,0.3696,0.0,0.02,-1867.9833984375
1429,0.04,0.3696,0.0,0.0224,-1861.597412109375
1430,0.04,0.3696,0.0,0.0248,-1855.464111328125
1431,0.04,0.3696,0.0,0.0272,-1852.543701171875
1432,0.04,0.3696,0.0,0.0296,-1847.5703125
1433,0.04,0.3696,0.0,0.032,-1844.5384521484375
1434,0.04,0.3696,0.0,0.0344,-1841.427978515625
1435,0.04,0.3696,0.0,0.0368,-1839.261474609375
1436,0.04,0.3696,0.0,0.0392,-1836.792724609375
1437,0.04,0.3696,0.0,0.0416,-1835.34619140625
1438,0.04,0.3696,0.0,0.044,-1834.7669677734375
1439,0.04,0.3696,0.0,0.0464,-1832.875
1440,0.04,0.3696,0.0,0.0488,-1830.3505859375
1441,0.04,0.3696,0.0,0.0512,-1829.91943359375
1442,0.04,0.3696,0.0,0.0536,-1828.9688720703125
1443,0.04,0.3696,0.0,0.056,-1828.8477783203125
1444,0.04,0.3696,0.0,0.0584,-1828.2103271484375
1445,0.04,0.3696,0.0,0.0608,-1826.83740234375
1446,0.04,0.3696,0.0,0.0632,-1827.4090576171875
1447,0.04,0.3696,0.0,0.0656,-1827.2076416015625
1448,0.04,0.3696,0.0,0.068,-1827.13037109375
1449,0.04,0.3696,0.0,0.0704,-1827.240234375
1450,0.04,0.3696,0.0,0.0728,-1826.61474609375
1451,0.04,0.3696,0.0,0.0752,-1826.10986328125
1452,0.04,0.3696,0.0,0.0776,-1827.822998046875
1453,0.04,0.3696,0.0,0.08,-1827.4747314453125
1454,0.04,0.3696,0.0,0.0824,-1827.2210693359375
1455,0.04,0.3696,0.0,0.0848,-1828.0816650390625
1456,0.04,0.3696,0.0,0.0872,-1828.71044921875
1457,0.04,0.3696,0.0,0.0896,-1829.371826171875
1458,0.04,0.3696,0.0,0.092,-1829.9169921875
1459,0.04,0.3696,0.0,0.0944,-1831.376708984375
1460,0.04,0.3696,0.0,0.0968,-1831.24072265625
1461,0.04,0.3696,0.0,0.0992,-1832.9976806640625
1462,0.04,0.3696,0.0,0.1016,-1833.0267333984375
1463,0.04,0.3696,0.0,0.104,-1834.298095703125
1464,0.04,0.3696,0.0,0.1064,-1835.17236328125
1465,0.04,0.3696,0.0,0.1088,-1835.494873046875
1466,0.04,0.3696,0.0,0.1112,-1837.2296142578125
1467,0.04,0.3696,0.0,0.1136,-1837.529541015625
1468,0.04,0.3696,0.0,0.116,-1838.941650390625
1469,0.04,0.3696,0.0,0.1184,-1840.9166259765625
1470,0.04,0.3696,0.0,0.1208,-1841.39306640625
1471,0.04,0.3696,0.0,0.1232,-1842.0977783203125
1472,0.04,0.3696,0.0,0.1256,-1842.797119140625
1473,0.04,0.3696,0.0,0.128,-1844.33740234375
1474,0.04,0.3696,0.0,0.1304,-1846.1641845703125
1475,0.04,0.3696,0.0,0.1328,-1847.490234375
1476,0.04,0.3696,0.0,0.1352,-1848.6583251953125
1477,0.04,0.3696,0.0,0.1376,-1850.549072265625
1478,0.04,0.3696,0.0,0.14,-1851.184814453125
1479,0.04,0.3728,0.0,0.02,-1867.9637451171875
1480,0.04,0.3728,0.0,0.0224,-1861.82080078125
1481,0.04,0.3728,0.0,0.0248,-1857.220703125
1482,0.04,0.3728,0.0,0.0272,-1852.746826171875
1483,0.04,0.3728,0.0,0.0296,-1847.676025390625
1484,0.04,0.3728,0.0,0.032,-1845.5020751953125
1485,0.04,0.3728,0.0,0.0344,-1842.89599609375
1486,0.04,0.3728,0.0,0.0368,-1839.71240234375
1487,0.04,0.3728,0.0,0.0392,-1838.507568359375
1488,0.04,0.3728,0.0,0.0416,-1835.66162109375
1489,0.04,0.3728,0.0,0.044,-1834.5806884765625
1490,0.04,0.3728,0.0,0.0464,-1832.8466796875
1491,0.04,0.3728,0.0,0.0488,-1830.687744140625
1492,0.04,0.3728,0.0,0.0512,-1830.8377685546875
1493,0.04,0.3728,0.0,0.0536,-1829.60693359375
1494,0.04,0.3728,0.0,0.056,-1828.5347900390625
1495,0.04,0.3728,0.0,0.0584,-1828.856201171875
1496,0.04,0.3728,0.0,0.0608,-1828.10400390625
1497,0.04,0.3728,0.0,0.0632,-1827.6534423828125
1498,0.04,0.3728,0.0,0.0656,-1827.315673828125
1499,0.04,0.3728,0.0,0.068,-1826.850830078125
1500,0.04,0.3728,0.0,0.0704,-1827.4249267578125
1501,0.04,0.3728,0.0,0.0728,-1826.8248291015625
1502,0.04,0.3728,0.0,0.0752,-1827.359619140625
1503,0.04,0.3728,0.0,0.0776,-1827.458251953125
1504,0.04,0.3728,0.0,0.08,-1828.0057373046875
1505,0.04,0.3728,0.0,0.0824,-1829.27734375
1506,0.04,0.3728,0.0,0.0848,-1829.11181640625
1507,0.04,0.3728,0.0,0.0872,-1829.7615966796875
1508,0.04,0.3728,0.0,0.0896,-1829.6544189453125
1509,0.04,0.3728,0.0,0.092,-1830.2916259765625
1510,0.04,0.3728,0.0,0.0944,-1831.65380859375
1511,0.04,0.3728,0.0,0.0968,-1831.781005859375
1512,0.04,0.3728,0.0,0.0992,-1832.81494140625
1513,0.04,0.3728,0.0,0.1016,-1833.974609375
1514,0.04,0.3728,0.0,0.104,-1834.142578125
1515,0.04,0.3728,0.0,0.1064,-1835.426025390625
1516,0.04,0.3728,0.0,0.1088,-1836.410400390625
1517,0.04,0.3728,0.0,0.1112,-1838.017333984375
1518,0.04,0.3728,0.0,0.1136,-1838.75439453125
1519,0.04,0.3728,0.0,0.116,-1839.53466796875
1520,0.04,0.3728,0.0,0.1184,-1840.6690673828125
1521,0.04,0.3728,0.0,0.1208,-1841.3731689453125
1522,0.04,0.3728,0.0,0.1232,-1842.986572265625
1523,0.04,0.3728,0.0,0.1256,-1844.230224609375
1524,0.04,0.3728,0.0,0.128,-1846.363037109375
1525,0.04,0.3728,0.0,0.1304,-1847.7371826171875
1526,0.04,0.3728,0.0,0.1328,-1848.4625244140625
1527,0.04,0.3728,0.0,0.1352,-1850.09765625
1528,0.04,0.3728,0.0,0.1376,-1851.56982421875
1529,0.04,0.3728,0.0,0.14,-1852.952392578125
1530,0.04,0.376,0.0,0.02,-1867.5126953125
1531,0.04,0.376,0.0,0.0224,-1863.23095703125
1532,0.04,0.376,0.0,0.0248,-1857.369140625
1533,0.04,0.376,0.0,0.0272,-1852.597900390625
1534,0.04,0.376,0.0,0.0296,-1848.175537109375
1535,0.04,0.376,0.0,0.032,-1846.940673828125
1536,0.04,0.376,0.0,0.0344,-1842.945068359375
1537,0.04,0.376,0.0,0.0368,-1841.095947265625
1538,0.04,0.376,0.0,0.0392,-1839.47509765625
1539,0.04,0.376,0.0,0.0416,-1836.700439453125
1540,0.04,0.376,0.0,0.044,-1834.15771484375
1541,0.04,0.376,0.0,0.0464,-1833.591064453125
1542,0.04,0.376,0.0,0.0488,-1832.2789306640625
1543,0.04,0.376,0.0,0.0512,-1830.4862060546875
1544,0.04,0.376,0.0,0.0536,-1829.8106689453125
1545,0.04,0.376,0.0,0.056,-1830.1522216796875
1546,0.04,0.376,0.0,0.0584,-1828.5234375
1547,0.04,0.376,0.0,0.0608,-1828.74609375
1548,0.04,0.376,0.0,0.0632,-1827.782470703125
1549,0.04,0.376,0.0,0.0656,-1827.343505859375
1550,0.04,0.376,0.0,0.068,-1827.3427734375
1551,0.04,0.376,0.0,0.0704,-1828.06884765625
1552,0.04,0.376,0.0,0.0728,-1827.5391845703125
1553,0.04,0.376,0.0,0.0752,-1828.5028076171875
1554,0.04,0.376,0.0,0.0776,-1828.099365234375
1555,0.04,0.376,0.0,0.08,-1829.193359375
1556,0.04,0.376,0.0,0.0824,-1829.9248046875
1557,0.04,0.376,0.0,0.0848,-1829.2935791015625
1558,0.04,0.376,0.0,0.0872,-1829.98388671875
1559,0.04,0.376,0.0,0.0896,-1830.8626708984375
1560,0.04,0.376,0.0,0.092,-1830.7041015625
1561,0.04,0.376,0.0,0.0944,-1832.0782470703125
1562,0.04,0.376,0.0,0.0968,-1833.4306640625
1563,0.04,0.376,0.0,0.0992,-1833.156005859375
1564,0.04,0.376,0.0,0.1016,-1835.0184326171875
1565,0.04,0.376,0.0,0.104,-1835.6153564453125
1566,0.04,0.376,0.0,0.1064,-1836.4735107421875
1567,0.04,0.376,0.0,0.1088,-1837.3203125
1568,0.04,0.376,0.0,0.1112,-1837.878662109375
1569,0.04,0.376,0.0,0.1136,-1839.50732421875
1570,0.04,0.376,0.0,0.116,-1840.29736328125
1571,0.04,0.376,0.0,0.1184,-1841.2393798828125
1572,0.04,0.376,0.0,0.1208,-1843.281005859375
1573,0.04,0.376,0.0,0.1232,-1844.4639892578125
1574,0.04,0.376,0.0,0.1256,-1845.3475341796875
1575,0.04,0.376,0.0,0.128,-1846.05078125
1576,0.04,0.376,0.0,0.1304,-1848.290283203125
1577,0.04,0.376,0.0,0.1328,-1849.01708984375
1578,0.04,0.376,0.0,0.1352,-1850.354736328125
1579,0.04,0.376,0.0,0.1376,-1852.110107421875
1580,0.04,0.376,0.0,0.14,-1852.8428955078125
1581,0.04,0.3792,0.0,0.02,-1868.8310546875
1582,0.04,0.3792,0.0,0.0224,-1863.330078125
1583,0.04,0.3792,0.0,0.0248,-1858.2017822265625
1584,0.04,0.3792,0.0,0.0272,-1853.610595703125
1585,0.04,0.3792,0.0,0.0296,-1849.7330322265625
1586,0.04,0.3792,0.0,0.032,-1846.0736083984375
1587,0.04,0.3792,0.0,0.0344,-1844.04052734375
1588,0.04,0.3792,0.0,0.0368,-1841.653076171875
1589,0.04,0.3792,0.0,0.0392,-1839.4483642578125
1590,0.04,0.3792,0.0,0.0416,-1836.83251953125
1591,0.04,0.3792,0.0,0.044,-1835.2958984375
1592,0.04,0.3792,0.0,0.0464,-1834.115478515625
1593,0.04,0.3792,0.0,0.0488,-1832.5087890625
1594,0.04,0.3792,0.0,0.0512,-1831.6307373046875
1595,0.04,0.3792,0.0,0.0536,-1831.556640625
1596,0.04,0.3792,0.0,0.056,-1830.4462890625
1597,0.04,0.3792,0.0,0.0584,-1829.747314453125
1598,0.04,0.3792,0.0,0.0608,-1829.775390625
1599,0.04,0.3792,0.0,0.0632,-1829.83154296875
1600,0.04,0.3792,0.0,0.0656,-1829.8643798828125
1601,0.04,0.3792,0.0,0.068,-1828.7279052734375
1602,0.04,0.3792,0.0,0.0704,-1828.67138671875
1603,0.04,0.3792,0.0,0.0728,-1828.8369140625
1604,0.04,0.3792,0.0,0.0752,-1828.76416015625
1605,0.04,0.3792,0.0,0.0776,-1829.44580078125
1606,0.04,0.3792,0.0,0.08,-1829.40234375
1607,0.04,0.3792,0.0,0.0824,-1829.892822265625
1608,0.04,0.3792,0.0,0.0848,-1830.5556640625
1609,0.04,0.3792,0.0,0.0872,-1830.769287109375
1610,0.04,0.3792,0.0,0.0896,-1830.592041015625
1611,0.04,0.3792,0.0,0.092,-1831.63232421875
1612,0.04,0.3792,0.0,0.0944,-1832.9111328125
1613,0.04,0.3792,0.0,0.0968,-1833.2247314453125
1614,0.04,0.3792,0.0,0.0992,-1834.149658203125
1615,0.04,0.3792,0.0,0.1016,-1834.771728515625
1616,0.04,0.3792,0.0,0.104,-1835.94189453125
1617,0.04,0.3792,0.0,0.1064,-1836.390380859375
1618,0.04,0.3792,0.0,0.1088,-1837.080810546875
1619,0.04,0.3792,0.0,0.1112,-1839.02978515625
1620,0.04,0.3792,0.0,0.1136,-1838.9151611328125
1621,0.04,0.3792,0.0,0.116,-1841.7449951171875
1622,0.04,0.3792,0.0,0.1184,-1841.919189453125
1623,0.04,0.3792,0.0,0.1208,-1843.6651611328125
1624,0.04,0.3792,0.0,0.1232,-1844.5440673828125
1625,0.04,0.3792,0.0,0.1256,-1846.104736328125
1626,0.04,0.3792,0.0,0.128,-1846.5633544921875
1627,0.04,0.3792,0.0,0.1304,-1847.6473388671875
1628,0.04,0.3792,0.0,0.1328,-1849.422119140625
1629,0.04,0.3792,0.0,0.1352,-1851.4140625
1630,0.04,0.3792,0.0,0.1376,-1852.396484375
1631,0.04,0.3792,0.0,0.14,-1853.537109375
1632,0.04,0.3824,0.0,0.02,-1870.583251953125
1633,0.04,0.3824,0.0,0.0224,-1863.855712890625
1634,0.04,0.3824,0.0,0.0248,-1857.4349365234375
1635,0.04,0.3824,0.0,0.0272,-1854.173095703125
1636,0.04,0.3824,0.0,0.0296,-1852.207275390625
1637,0.04,0.3824,0.0,0.032,-1847.48095703125
1638,0.04,0.3824,0.0,0.0344,-1843.81494140625
1639,0.04,0.3824,0.0,0.0368,-1841.446533203125
1640,0.04,0.3824,0.0,0.0392,-1839.82763671875
1641,0.04,0.3824,0.0,0.0416,-1837.4541015625
1642,0.04,0.3824,0.0,0.044,-1836.537353515625
1643,0.04,0.3824,0.0,0.0464,-1834.060791015625
1644,0.04,0.3824,0.0,0.0488,-1834.415283203125
1645,0.04,0.3824,0.0,0.0512,-1831.79541015625
1646,0.04,0.3824,0.0,0.0536,-1832.10595703125
1647,0.04,0.3824,0.0,0.056,-1831.69580078125
1648,0.04,0.3824,0.0,0.0584,-1830.514892578125
1649,0.04,0.3824,0.0,0.0608,-1829.89892578125
1650,0.04,0.3824,0.0,0.0632,-1829.946533203125
1651,0.04,0.3824,0.0,0.0656,-1829.516845703125
1652,0.04,0.3824,0.0,0.068,-1828.92138671875
1653,0.04,0.3824,0.0,0.0704,-1828.6947021484375
1654,0.04,0.3824,0.0,0.0728,-1829.8726806640625
1655,0.04,0.3824,0.0,0.0752,-1829.822509765625
1656,0.04,0.3824,0.0,0.0776,-1829.681640625
1657,0.04,0.3824,0.0,0.08,-1830.01220703125
1658,0.04,0.3824,0.0,0.0824,-1830.043701171875
1659,0.04,0.3824,0.0,0.0848,-1830.216552734375
1660,0.04,0.3824,0.0,0.0872,-1831.9652099609375
1661,0.04,0.3824,0.0,0.0896,-1831.829345703125
1662,0.04,0.3824,0.0,0.092,-1832.869873046875
1663,0.04,0.3824,0.0,0.0944,-1833.37158203125
1664,0.04,0.3824,0.0,0.0968,-1835.0399169921875
1665,0.04,0.3824,0.0,0.0992,-1834.323486328125
1666,0.04,0.3824,0.0,0.1016,-1836.0703125
1667,0.04,0.3824,0.0,0.104,-1836.847412109375
1668,0.04,0.3824,0.0,0.1064,-1837.441162109375
1669,0.04,0.3824,0.0,0.1088,-1838.306884765625
1670,0.04,0.3824,0.0,0.1112,-1839.4451904296875
1671,0.04,0.3824,0.0,0.1136,-1840.3807373046875
1672,0.04,0.3824,0.0,0.116,-1842.2811279296875
1673,0.04,0.3824,0.0,0.1184,-1842.69287109375
1674,0.04,0.3824,0.0,0.1208,-1843.77783203125
1675,0.04,0.3824,0.0,0.1232,-1844.803466796875
1676,0.04,0.3824,0.0,0.1256,-1845.9019775390625
1677,0.04,0.3824,0.0,0.128,-1847.416015625
1678,0.04,0.3824,0.0,0.1304,-1849.0433349609375
1679,0.04,0.3824,0.0,0.1328,-1849.4437255859375
1680,0.04,0.3824,0.0,0.1352,-1851.919921875
1681,0.04,0.3824,0.0,0.1376,-1853.626220703125
1682,0.04,0.3824,0.0,0.14,-1854.234130859375
1683,0.04,0.3856,0.0,0.02,-1870.7467041015625
1684,0.04,0.3856,0.0,0.0224,-1864.1822509765625
1685,0.04,0.3856,0.0,0.0248,-1860.463623046875
1686,0.04,0.3856,0.0,0.0272,-1855.7987060546875
1687,0.04,0.3856,0.0,0.0296,-1851.0157470703125
1688,0.04,0.3856,0.0,0.032,-1848.0849609375
1689,0.04,0.3856,0.0,0.0344,-1845.123291015625
1690,0.04,0.3856,0.0,0.0368,-1842.527587890625
1691,0.04,0.3856,0.0,0.0392,-1840.3458251953125
1692,0.04,0.3856,0.0,0.0416,-1838.462158203125
1693,0.04,0.3856,0.0,0.044,-1836.79150390625
1694,0.04,0.3856,0.0,0.0464,-1835.855224609375
1695,0.04,0.3856,0.0,0.0488,-1834.968505859375
1696,0.04,0.3856,0.0,0.0512,-1832.8681640625
1697,0.04,0.3856,0.0,0.0536,-1832.09130859375
1698,0.04,0.3856,0.0,0.056,-1831.5885009765625
1699,0.04,0.3856,0.0,0.0584,-1831.16650390625
1700,0.04,0.3856,0.0,0.0608,-1829.9095458984375
1701,0.04,0.3856,0.0,0.0632,-1830.483154296875
1702,0.04,0.3856,0.0,0.0656,-1829.646484375
1703,0.04,0.3856,0.0,0.068,-1829.6416015625
1704,0.04,0.3856,0.0,0.0704,-1830.8070068359375
1705,0.04,0.3856,0.0,0.0728,-1830.12451171875
1706,0.04,0.3856,0.0,0.0752,-1829.543212890625
1707,0.04,0.3856,0.0,0.0776,-1830.7626953125
1708,0.04,0.3856,0.0,0.08,-1830.86328125
1709,0.04,0.3856,0.0,0.0824,-1831.11279296875
1710,0.04,0.3856,0.0,0.0848,-1831.4375
1711,0.04,0.3856,0.0,0.0872,-1832.134521484375
1712,0.04,0.3856,0.0,0.0896,-1833.04052734375
1713,0.04,0.3856,0.0,0.092,-1832.1888427734375
1714,0.04,0.3856,0.0,0.0944,-1834.06982421875
1715,0.04,0.3856,0.0,0.0968,-1834.7991943359375
1716,0.04,0.3856,0.0,0.0992,-1835.177734375
1717,0.04,0.3856,0.0,0.1016,-1836.460693359375
1718,0.04,0.3856,0.0,0.104,-1836.865478515625
1719,0.04,0.3856,0.0,0.1064,-1838.284912109375
1720,0.04,0.3856,0.0,0.1088,-1838.889404296875
1721,0.04,0.3856,0.0,0.1112,-1840.6572265625
1722,0.04,0.3856,0.0,0.1136,-1841.44580078125
1723,0.04,0.3856,0.0,0.116,-1843.29052734375
1724,0.04,0.3856,0.0,0.1184,-1843.466796875
1725,0.04,0.3856,0.0,0.1208,-1844.9439697265625
1726,0.04,0.3856,0.0,0.1232,-1846.1805419921875
1727,0.04,0.3856,0.0,0.1256,-1847.3287353515625
1728,0.04,0.3856,0.0,0.128,-1848.563720703125
1729,0.04,0.3856,0.0,0.1304,-1849.119140625
1730,0.04,0.3856,0.0,0.1328,-1850.81689453125
1731,0.04,0.3856,0.0,0.1352,-1852.384033203125
1732,0.04,0.3856,0.0,0.1376,-1853.973388671875
1733,0.04,0.3856,0.0,0.14,-1855.07177734375
1734,0.04,0.3888,0.0,0.02,-1871.49072265625
1735,0.04,0.3888,0.0,0.0224,-1865.33447265625
1736,0.04,0.3888,0.0,0.0248,-1858.939208984375
1737,0.04,0.3888,0.0,0.0272,-1856.019775390625
1738,0.04,0.3888,0.0,0.0296,-1852.305419921875
1739,0.04,0.3888,0.0,0.032,-1848.593017578125
1740,0.04,0.3888,0.0,0.0344,-1845.263427734375
1741,0.04,0.3888,0.0,0.0368,-1843.04296875
1742,0.04,0.3888,0.0,0.0392,-1840.5390625
1743,0.04,0.3888,0.0,0.0416,-1839.2679443359375
1744,0.04,0.3888,0.0,0.044,-1837.255615234375
1745,0.04,0.3888,0.0,0.0464,-1836.2266845703125
1746,0.04,0.3888,0.0,0.0488,-1834.41455078125
1747,0.04,0.3888,0.0,0.0512,-1833.5540771484375
1748,0.04,0.3888,0.0,0.0536,-1832.197265625
1749,0.04,0.3888,0.0,0.056,-1832.4000244140625
1750,0.04,0.3888,0.0,0.0584,-1832.5748291015625
1751,0.04,0.3888,0.0,0.0608,-1831.991455078125
1752,0.04,0.3888,0.0,0.0632,-1831.2261962890625
1753,0.04,0.3888,0.0,0.0656,-1830.20068359375
1754,0.04,0.3888,0.0,0.068,-1830.2158203125
1755,0.04,0.3888,0.0,0.0704,-1830.85107421875
1756,0.04,0.3888,0.0,0.0728,-1831.09228515625
1757,0.04,0.3888,0.0,0.0752,-1830.17919921875
1758,0.04,0.3888,0.0,0.0776,-1831.3487548828125
1759,0.04,0.3888,0.0,0.08,-1831.980712890625
1760,0.04,0.3888,0.0,0.0824,-1832.4315185546875
1761,0.04,0.3888,0.0,0.0848,-1832.5858154296875
1762,0.04,0.3888,0.0,0.0872,-1832.35986328125
1763,0.04,0.3888,0.0,0.0896,-1832.86865234375
1764,0.04,0.3888,0.0,0.092,-1834.4349365234375
1765,0.04,0.3888,0.0,0.0944,-1834.978759765625
1766,0.04,0.3888,0.0,0.0968,-1835.0892333984375
1767,0.04,0.3888,0.0,0.0992,-1836.6943359375
1768,0.04,0.3888,0.0,0.1016,-1837.6552734375
1769,0.04,0.3888,0.0,0.104,-1838.27001953125
1770,0.04,0.3888,0.0,0.1064,-1839.2138671875
1771,0.04,0.3888,0.0,0.1088,-1840.4571533203125
1772,0.04,0.3888,0.0,0.1112,-1840.9569091796875
1773,0.04,0.3888,0.0,0.1136,-1841.7066650390625
1774,0.04,0.3888,0.0,0.116,-1843.10546875
1775,0.04,0.3888,0.0,0.1184,-1844.4482421875
1776,0.04,0.3888,0.0,0.1208,-1844.888916015625
1777,0.04,0.3888,0.0,0.1232,-1846.263671875
1778,0.04,0.3888,0.0,0.1256,-1848.319580078125
1779,0.04,0.3888,0.0,0.128,-1849.04052734375
1780,0.04,0.3888,0.0,0.1304,-1850.3134765625
1781,0.04,0.3888,0.0,0.1328,-1851.902099609375
1782,0.04,0.3888,0.0,0.1352,-1852.6309814453125
1783,0.04,0.3888,0.0,0.1376,-1854.115478515625
1784,0.04,0.3888,0.0,0.14,-1855.18701171875
1785,0.04,0.392,0.0,0.02,-1870.595458984375
1786,0.04,0.392,0.0,0.0224,-1866.0772705078125
1787,0.04,0.392,0.0,0.0248,-1860.2335205078125
1788,0.04,0.392,0.0,0.0272,-1855.452880859375
1789,0.04,0.392,0.0,0.0296,-1853.39404296875
1790,0.04,0.392,0.0,0.032,-1849.389404296875
1791,0.04,0.392,0.0,0.0344,-1845.6456298828125
1792,0.04,0.392,0.0,0.0368,-1844.124267578125
1793,0.04,0.392,0.0,0.0392,-1842.601318359375
1794,0.04,0.392,0.0,0.0416,-1839.004150390625
1795,0.04,0.392,0.0,0.044,-1838.7293701171875
1796,0.04,0.392,0.0,0.0464,-1836.9443359375
1797,0.04,0.392,0.0,0.0488,-1835.5450439453125
1798,0.04,0.392,0.0,0.0512,-1834.585205078125
1799,0.04,0.392,0.0,0.0536,-1834.08837890625
1800,0.04,0.392,0.0,0.056,-1833.47021484375
1801,0.04,0.392,0.0,0.0584,-1831.87451171875
1802,0.04,0.392,0.0,0.0608,-1832.7962646484375
1803,0.04,0.392,0.0,0.0632,-1831.4383544921875
1804,0.04,0.392,0.0,0.0656,-1831.020751953125
1805,0.04,0.392,0.0,0.068,-1832.0811767578125
1806,0.04,0.392,0.0,0.0704,-1830.9862060546875
1807,0.04,0.392,0.0,0.0728,-1831.0526123046875
1808,0.04,0.392,0.0,0.0752,-1831.9808349609375
1809,0.04,0.392,0.0,0.0776,-1832.33837890625
1810,0.04,0.392,0.0,0.08,-1832.72900390625
1811,0.04,0.392,0.0,0.0824,-1832.13623046875
1812,0.04,0.392,0.0,0.0848,-1832.677490234375
1813,0.04,0.392,0.0,0.0872,-1833.264892578125
1814,0.04,0.392,0.0,0.0896,-1834.1688232421875
1815,0.04,0.392,0.0,0.092,-1835.34716796875
1816,0.04,0.392,0.0,0.0944,-1835.834716796875
1817,0.04,0.392,0.0,0.0968,-1836.3133544921875
1818,0.04,0.392,0.0,0.0992,-1837.2725830078125
1819,0.04,0.392,0.0,0.1016,-1838.873291015625
1820,0.04,0.392,0.0,0.104,-1839.037353515625
1821,0.04,0.392,0.0,0.1064,-1839.553466796875
1822,0.04,0.392,0.0,0.1088,-1840.98876953125
1823,0.04,0.392,0.0,0.1112,-1841.6708984375
1824,0.04,0.392,0.0,0.1136,-1841.26025390625
1825,0.04,0.392,0.0,0.116,-1843.5406494140625
1826,0.04,0.392,0.0,0.1184,-1843.71484375
1827,0.04,0.392,0.0,0.1208,-1846.325439453125
1828,0.04,0.392,0.0,0.1232,-1847.1953125
1829,0.04,0.392,0.0,0.1256,-1847.7845458984375
1830,0.04,0.392,0.0,0.128,-1849.40478515625
1831,0.04,0.392,0.0,0.1304,-1851.187744140625
1832,0.04,0.392,0.0,0.1328,-1852.7705078125
1833,0.04,0.392,0.0,0.1352,-1854.009033203125
1834,0.04,0.392,0.0,0.1376,-1854.494384765625
1835,0.04,0.392,0.0,0.14,-1856.0364990234375
1836,0.04,0.3952,0.0,0.02,-1871.607177734375
1837,0.04,0.3952,0.0,0.0224,-1867.98828125
1838,0.04,0.3952,0.0,0.0248,-1860.7939453125
1839,0.04,0.3952,0.0,0.0272,-1857.38525390625
1840,0.04,0.3952,0.0,0.0296,-1853.3489990234375
1841,0.04,0.3952,0.0,0.032,-1849.872314453125
1842,0.04,0.3952,0.0,0.0344,-1848.126708984375
1843,0.04,0.3952,0.0,0.0368,-1843.565673828125
1844,0.04,0.3952,0.0,0.0392,-1842.306884765625
1845,0.04,0.3952,0.0,0.0416,-1840.6884765625
1846,0.04,0.3952,0.0,0.044,-1838.8067626953125
1847,0.04,0.3952,0.0,0.0464,-1837.832275390625
1848,0.04,0.3952,0.0,0.0488,-1836.427001953125
1849,0.04,0.3952,0.0,0.0512,-1835.439453125
1850,0.04,0.3952,0.0,0.0536,-1834.95703125
1851,0.04,0.3952,0.0,0.056,-1833.6927490234375
1852,0.04,0.3952,0.0,0.0584,-1833.0537109375
1853,0.04,0.3952,0.0,0.0608,-1832.923828125
1854,0.04,0.3952,0.0,0.0632,-1832.5379638671875
1855,0.04,0.3952,0.0,0.0656,-1832.0662841796875
1856,0.04,0.3952,0.0,0.068,-1832.4207763671875
1857,0.04,0.3952,0.0,0.0704,-1832.400634765625
1858,0.04,0.3952,0.0,0.0728,-1831.6800537109375
1859,0.04,0.3952,0.0,0.0752,-1832.515869140625
1860,0.04,0.3952,0.0,0.0776,-1833.292236328125
1861,0.04,0.3952,0.0,0.08,-1832.513916015625
1862,0.04,0.3952,0.0,0.0824,-1833.69873046875
1863,0.04,0.3952,0.0,0.0848,-1834.1265869140625
1864,0.04,0.3952,0.0,0.0872,-1834.5712890625
1865,0.04,0.3952,0.0,0.0896,-1835.087646484375
1866,0.04,0.3952,0.0,0.092,-1835.774658203125
1867,0.04,0.3952,0.0,0.0944,-1836.875244140625
1868,0.04,0.3952,0.0,0.0968,-1837.052490234375
1869,0.04,0.3952,0.0,0.0992,-1838.228271484375
1870,0.04,0.3952,0.0,0.1016,-1838.155029296875
1871,0.04,0.3952,0.0,0.104,-1839.314453125
1872,0.04,0.3952,0.0,0.1064,-1840.424560546875
1873,0.04,0.3952,0.0,0.1088,-1841.5872802734375
1874,0.04,0.3952,0.0,0.1112,-1842.580078125
1875,0.04,0.3952,0.0,0.1136,-1843.95361328125
1876,0.04,0.3952,0.0,0.116,-1844.82470703125
1877,0.04,0.3952,0.0,0.1184,-1845.408203125
1878,0.04,0.3952,0.0,0.1208,-1847.1031494140625
1879,0.04,0.3952,0.0,0.1232,-1847.847900390625
1880,0.04,0.3952,0.0,0.1256,-1849.276611328125
1881,0.04,0.3952,0.0,0.128,-1850.3125
1882,0.04,0.3952,0.0,0.1304,-1850.929931640625
1883,0.04,0.3952,0.0,0.1328,-1852.46240234375
1884,0.04,0.3952,0.0,0.1352,-1854.54638671875
1885,0.04,0.3952,0.0,0.1376,-1855.6197509765625
1886,0.04,0.3952,0.0,0.14,-1857.1676025390625
1887,0.04,0.3984,0.0,0.02,-1872.8475341796875
1888,0.04,0.3984,0.0,0.0224,-1867.09716796875
1889,0.04,0.3984,0.0,0.0248,-1861.9656982421875
1890,0.04,0.3984,0.0,0.0272,-1857.8099365234375
1891,0.04,0.3984,0.0,0.0296,-1853.082763671875
1892,0.04,0.3984,0.0,0.032,-1850.4866943359375
1893,0.04,0.3984,0.0,0.0344,-1848.590087890625
1894,0.04,0.3984,0.0,0.0368,-1845.7276611328125
1895,0.04,0.3984,0.0,0.0392,-1844.2493896484375
1896,0.04,0.3984,0.0,0.0416,-1841.0318603515625
1897,0.04,0.3984,0.0,0.044,-1840.0474853515625
1898,0.04,0.3984,0.0,0.0464,-1838.4454345703125
1899,0.04,0.3984,0.0,0.0488,-1838.6883544921875
1900,0.04,0.3984,0.0,0.0512,-1835.640869140625
1901,0.04,0.3984,0.0,0.0536,-1834.3778076171875
1902,0.04,0.3984,0.0,0.056,-1834.837158203125
1903,0.04,0.3984,0.0,0.0584,-1834.195068359375
1904,0.04,0.3984,0.0,0.0608,-1833.124267578125
1905,0.04,0.3984,0.0,0.0632,-1833.596435546875
1906,0.04,0.3984,0.0,0.0656,-1832.843017578125
1907,0.04,0.3984,0.0,0.068,-1832.977294921875
1908,0.04,0.3984,0.0,0.0704,-1832.897216796875
1909,0.04,0.3984,0.0,0.0728,-1832.536376953125
1910,0.04,0.3984,0.0,0.0752,-1833.0726318359375
1911,0.04,0.3984,0.0,0.0776,-1833.4185791015625
1912,0.04,0.3984,0.0,0.08,-1834.0224609375
1913,0.04,0.3984,0.0,0.0824,-1834.2642822265625
1914,0.04,0.3984,0.0,0.0848,-1834.95556640625
1915,0.04,0.3984,0.0,0.0872,-1835.6947021484375
1916,0.04,0.3984,0.0,0.0896,-1835.670166015625
1917,0.04,0.3984,0.0,0.092,-1836.0855712890625
1918,0.04,0.3984,0.0,0.0944,-1837.0118408203125
1919,0.04,0.3984,0.0,0.0968,-1837.697509765625
1920,0.04,0.3984,0.0,0.0992,-1838.2855224609375
1921,0.04,0.3984,0.0,0.1016,-1839.2379150390625
1922,0.04,0.3984,0.0,0.104,-1840.4725341796875
1923,0.04,0.3984,0.0,0.1064,-1841.7449951171875
1924,0.04,0.3984,0.0,0.1088,-1842.1317138671875
1925,0.04,0.3984,0.0,0.1112,-1843.12548828125
1926,0.04,0.3984,0.0,0.1136,-1844.1356201171875
1927,0.04,0.3984,0.0,0.116,-1846.015380859375
1928,0.04,0.3984,0.0,0.1184,-1846.843505859375
1929,0.04,0.3984,0.0,0.1208,-1848.5914306640625
1930,0.04,0.3984,0.0,0.1232,-1849.1153564453125
1931,0.04,0.3984,0.0,0.1256,-1849.843994140625
1932,0.04,0.3984,0.0,0.128,-1851.796142578125
1933,0.04,0.3984,0.0,0.1304,-1853.47265625
1934,0.04,0.3984,0.0,0.1328,-1854.2530517578125
1935,0.04,0.3984,0.0,0.1352,-1855.11328125
1936,0.04,0.3984,0.0,0.1376,-1857.23828125
1937,0.04,0.3984,0.0,0.14,-1857.928955078125
1938,0.04,0.4016,0.0,0.02,-1874.2275390625
1939,0.04,0.4016,0.0,0.0224,-1868.61474609375
1940,0.04,0.4016,0.0,0.0248,-1862.5704345703125
1941,0.04,0.4016,0.0,0.0272,-1858.85107421875
1942,0.04,0.4016,0.0,0.0296,-1856.6397705078125
1943,0.04,0.4016,0.0,0.032,-1852.3656005859375
1944,0.04,0.4016,0.0,0.0344,-1849.4595947265625
1945,0.04,0.4016,0.0,0.0368,-1845.8427734375
1946,0.04,0.4016,0.0,0.0392,-1844.435791015625
1947,0.04,0.4016,0.0,0.0416,-1842.592529296875
1948,0.04,0.4016,0.0,0.044,-1840.979736328125
1949,0.04,0.4016,0.0,0.0464,-1838.511962890625
1950,0.04,0.4016,0.0,0.0488,-1838.03173828125
1951,0.04,0.4016,0.0,0.0512,-1836.86376953125
1952,0.04,0.4016,0.0,0.0536,-1836.943115234375
1953,0.04,0.4016,0.0,0.056,-1835.6846923828125
1954,0.04,0.4016,0.0,0.0584,-1834.1343994140625
1955,0.04,0.4016,0.0,0.0608,-1834.283203125
1956,0.04,0.4016,0.0,0.0632,-1834.4427490234375
1957,0.04,0.4016,0.0,0.0656,-1834.1583251953125
1958,0.04,0.4016,0.0,0.068,-1833.3045654296875
1959,0.04,0.4016,0.0,0.0704,-1833.085693359375
1960,0.04,0.4016,0.0,0.0728,-1833.926025390625
1961,0.04,0.4016,0.0,0.0752,-1834.057373046875
1962,0.04,0.4016,0.0,0.0776,-1833.92919921875
1963,0.04,0.4016,0.0,0.08,-1834.443603515625
1964,0.04,0.4016,0.0,0.0824,-1834.916748046875
1965,0.04,0.4016,0.0,0.0848,-1835.6708984375
1966,0.04,0.4016,0.0,0.0872,-1836.4765625
1967,0.04,0.4016,0.0,0.0896,-1836.307373046875
1968,0.04,0.4016,0.0,0.092,-1837.4696044921875
1969,0.04,0.4016,0.0,0.0944,-1837.332275390625
1970,0.04,0.4016,0.0,0.0968,-1838.40966796875
1971,0.04,0.4016,0.0,0.0992,-1839.435546875
1972,0.04,0.4016,0.0,0.1016,-1840.5120849609375
1973,0.04,0.4016,0.0,0.104,-1842.291259765625
1974,0.04,0.4016,0.0,0.1064,-1842.281005859375
1975,0.04,0.4016,0.0,0.1088,-1843.045166015625
1976,0.04,0.4016,0.0,0.1112,-1844.239990234375
1977,0.04,0.4016,0.0,0.1136,-1844.89501953125
1978,0.04,0.4016,0.0,0.116,-1845.9593505859375
1979,0.04,0.4016,0.0,0.1184,-1847.4620361328125
1980,0.04,0.4016,0.0,0.1208,-1848.891357421875
1981,0.04,0.4016,0.0,0.1232,-1849.6942138671875
1982,0.04,0.4016,0.0,0.1256,-1851.1845703125
1983,0.04,0.4016,0.0,0.128,-1852.06201171875
1984,0.04,0.4016,0.0,0.1304,-1853.6868896484375
1985,0.04,0.4016,0.0,0.1328,-1854.474853515625
1986,0.04,0.4016,0.0,0.1352,-1856.07763671875
1987,0.04,0.4016,0.0,0.1376,-1857.6910400390625
1988,0.04,0.4016,0.0,0.14,-1859.306396484375
1989,0.04,0.4048,0.0,0.02,-1874.524169921875
1990,0.04,0.4048,0.0,0.0224,-1869.6153564453125
1991,0.04,0.4048,0.0,0.0248,-1864.728759765625
1992,0.04,0.4048,0.0,0.0272,-1858.91015625
1993,0.04,0.4048,0.0,0.0296,-1855.0469970703125
1994,0.04,0.4048,0.0,0.032,-1851.94775390625
1995,0.04,0.4048,0.0,0.0344,-1849.2269287109375
1996,0.04,0.4048,0.0,0.0368,-1848.5135498046875
1997,0.04,0.4048,0.0,0.0392,-1844.7784423828125
1998,0.04,0.4048,0.0,0.0416,-1843.13623046875
1999,0.04,0.4048,0.0,0.044,-1841.455810546875
2000,0.04,0.4048,0.0,0.0464,-1840.870849609375
2001,0.04,0.4048,0.0,0.0488,-1838.94287109375
2002,0.04,0.4048,0.0,0.0512,-1837.630859375
2003,0.04,0.4048,0.0,0.0536,-1836.8961181640625
2004,0.04,0.4048,0.0,0.056,-1836.3848876953125
2005,0.04,0.4048,0.0,0.0584,-1835.8013916015625
2006,0.04,0.4048,0.0,0.0608,-1834.7930908203125
2007,0.04,0.4048,0.0,0.0632,-1835.4208984375
2008,0.04,0.4048,0.0,0.0656,-1834.527587890625
2009,0.04,0.4048,0.0,0.068,-1834.510498046875
2010,0.04,0.4048,0.0,0.0704,-1834.3231201171875
2011,0.04,0.4048,0.0,0.0728,-1834.531005859375
2012,0.04,0.4048,0.0,0.0752,-1835.642333984375
2013,0.04,0.4048,0.0,0.0776,-1834.99462890625
2014,0.04,0.4048,0.0,0.08,-1836.0067138671875
2015,0.04,0.4048,0.0,0.0824,-1835.215576171875
2016,0.04,0.4048,0.0,0.0848,-1836.3402099609375
2017,0.04,0.4048,0.0,0.0872,-1837.333251953125
2018,0.04,0.4048,0.0,0.0896,-1837.360107421875
2019,0.04,0.4048,0.0,0.092,-1837.5496826171875
2020,0.04,0.4048,0.0,0.0944,-1839.157470703125
2021,0.04,0.4048,0.0,0.0968,-1839.30224609375
2022,0.04,0.4048,0.0,0.0992,-1840.7574462890625
2023,0.04,0.4048,0.0,0.1016,-1841.55126953125
2024,0.04,0.4048,0.0,0.104,-1842.12890625
2025,0.04,0.4048,0.0,0.1064,-1842.84326171875
2026,0.04,0.4048,0.0,0.1088,-1844.143798828125
2027,0.04,0.4048,0.0,0.1112,-1844.6259765625
2028,0.04,0.4048,0.0,0.1136,-1845.67919921875
2029,0.04,0.4048,0.0,0.116,-1846.851318359375
2030,0.04,0.4048,0.0,0.1184,-1848.26611328125
2031,0.04,0.4048,0.0,0.1208,-1849.41357421875
2032,0.04,0.4048,0.0,0.1232,-1849.89453125
2033,0.04,0.4048,0.0,0.1256,-1851.470703125
2034,0.04,0.4048,0.0,0.128,-1852.9923095703125
2035,0.04,0.4048,0.0,0.1304,-1854.26123046875
2036,0.04,0.4048,0.0,0.1328,-1856.436767578125
2037,0.04,0.4048,0.0,0.1352,-1857.46728515625
2038,0.04,0.4048,0.0,0.1376,-1858.0811767578125
2039,0.04,0.4048,0.0,0.14,-1860.2197265625
2040,0.04,0.408,0.0,0.02,-1876.218505859375
2041,0.04,0.408,0.0,0.0224,-1870.51416015625
2042,0.04,0.408,0.0,0.0248,-1863.9625244140625
2043,0.04,0.408,0.0,0.0272,-1860.033447265625
2044,0.04,0.408,0.0,0.0296,-1857.19775390625
2045,0.04,0.408,0.0,0.032,-1853.36669921875
2046,0.04,0.408,0.0,0.0344,-1850.5390625
2047,0.04,0.408,0.0,0.0368,-1847.6114501953125
2048,0.04,0.408,0.0,0.0392,-1846.291259765625
2049,0.04,0.408,0.0,0.0416,-1844.075439453125
2050,0.04,0.408,0.0,0.044,-1842.39990234375
2051,0.04,0.408,0.0,0.0464,-1841.35205078125
2052,0.04,0.408,0.0,0.0488,-1839.797607421875
2053,0.04,0.408,0.0,0.0512,-1838.0965576171875
2054,0.04,0.408,0.0,0.0536,-1837.75244140625
2055,0.04,0.408,0.0,0.056,-1837.34423828125
2056,0.04,0.408,0.0,0.0584,-1836.4779052734375
2057,0.04,0.408,0.0,0.0608,-1835.795654296875
2058,0.04,0.408,0.0,0.0632,-1835.5247802734375
2059,0.04,0.408,0.0,0.0656,-1834.987548828125
2060,0.04,0.408,0.0,0.068,-1835.2822265625
2061,0.04,0.408,0.0,0.0704,-1835.89208984375
2062,0.04,0.408,0.0,0.0728,-1834.8701171875
2063,0.04,0.408,0.0,0.0752,-1836.15966796875
2064,0.04,0.408,0.0,0.0776,-1836.0234375
2065,0.04,0.408,0.0,0.08,-1836.404541015625
2066,0.04,0.408,0.0,0.0824,-1836.779541015625
2067,0.04,0.408,0.0,0.0848,-1837.6956787109375
2068,0.04,0.408,0.0,0.0872,-1837.9154052734375
2069,0.04,0.408,0.0,0.0896,-1838.8055419921875
2070,0.04,0.408,0.0,0.092,-1839.264892578125
2071,0.04,0.408,0.0,0.0944,-1840.380859375
2072,0.04,0.408,0.0,0.0968,-1840.61572265625
2073,0.04,0.408,0.0,0.0992,-1841.2181396484375
2074,0.04,0.408,0.0,0.1016,-1842.128662109375
2075,0.04,0.408,0.0,0.104,-1842.9345703125
2076,0.04,0.408,0.0,0.1064,-1843.8519287109375
2077,0.04,0.408,0.0,0.1088,-1845.6920166015625
2078,0.04,0.408,0.0,0.1112,-1845.3851318359375
2079,0.04,0.408,0.0,0.1136,-1847.0621337890625
2080,0.04,0.408,0.0,0.116,-1848.271728515625
2081,0.04,0.408,0.0,0.1184,-1849.222412109375
2082,0.04,0.408,0.0,0.1208,-1850.315185546875
2083,0.04,0.408,0.0,0.1232,-1851.2266845703125
2084,0.04,0.408,0.0,0.1256,-1852.9296875
2085,0.04,0.408,0.0,0.128,-1854.1611328125
2086,0.04,0.408,0.0,0.1304,-1856.3741455078125
2087,0.04,0.408,0.0,0.1328,-1856.306884765625
2088,0.04,0.408,0.0,0.1352,-1857.9268798828125
2089,0.04,0.408,0.0,0.1376,-1858.90234375
2090,0.04,0.408,0.0,0.14,-1859.6964111328125
2091,0.04,0.4112,0.0,0.02,-1877.0738525390625
2092,0.04,0.4112,0.0,0.0224,-1870.4681396484375
2093,0.04,0.4112,0.0,0.0248,-1866.4571533203125
2094,0.04,0.4112,0.0,0.0272,-1861.938232421875
2095,0.04,0.4112,0.0,0.0296,-1857.604248046875
2096,0.04,0.4112,0.0,0.032,-1855.0572509765625
2097,0.04,0.4112,0.0,0.0344,-1850.78076171875
2098,0.04,0.4112,0.0,0.0368,-1848.6983642578125
2099,0.04,0.4112,0.0,0.0392,-1846.364990234375
2100,0.04,0.4112,0.0,0.0416,-1845.0108642578125
2101,0.04,0.4112,0.0,0.044,-1843.30908203125
2102,0.04,0.4112,0.0,0.0464,-1841.912353515625
2103,0.04,0.4112,0.0,0.0488,-1840.349609375
2104,0.04,0.4112,0.0,0.0512,-1838.694580078125
2105,0.04,0.4112,0.0,0.0536,-1838.43896484375
2106,0.04,0.4112,0.0,0.056,-1838.380859375
2107,0.04,0.4112,0.0,0.0584,-1837.436279296875
2108,0.04,0.4112,0.0,0.0608,-1836.5845947265625
2109,0.04,0.4112,0.0,0.0632,-1835.904541015625
2110,0.04,0.4112,0.0,0.0656,-1836.2802734375
2111,0.04,0.4112,0.0,0.068,-1835.9376220703125
2112,0.04,0.4112,0.0,0.0704,-1836.8604736328125
2113,0.04,0.4112,0.0,0.0728,-1837.090087890625
2114,0.04,0.4112,0.0,0.0752,-1836.442626953125
2115,0.04,0.4112,0.0,0.0776,-1837.089111328125
2116,0.04,0.4112,0.0,0.08,-1836.484375
2117,0.04,0.4112,0.0,0.0824,-1837.6241455078125
2118,0.04,0.4112,0.0,0.0848,-1837.589111328125
2119,0.04,0.4112,0.0,0.0872,-1839.2889404296875
2120,0.04,0.4112,0.0,0.0896,-1839.642578125
2121,0.04,0.4112,0.0,0.092,-1840.197509765625
2122,0.04,0.4112,0.0,0.0944,-1840.438720703125
2123,0.04,0.4112,0.0,0.0968,-1841.1982421875
2124,0.04,0.4112,0.0,0.0992,-1841.060302734375
2125,0.04,0.4112,0.0,0.1016,-1842.9013671875
2126,0.04,0.4112,0.0,0.104,-1843.6090087890625
2127,0.04,0.4112,0.0,0.1064,-1845.466064453125
2128,0.04,0.4112,0.0,0.1088,-1845.5313720703125
2129,0.04,0.4112,0.0,0.1112,-1846.48974609375
2130,0.04,0.4112,0.0,0.1136,-1847.463623046875
2131,0.04,0.4112,0.0,0.116,-1848.932373046875
2132,0.04,0.4112,0.0,0.1184,-1849.2852783203125
2133,0.04,0.4112,0.0,0.1208,-1851.1793212890625
2134,0.04,0.4112,0.0,0.1232,-1852.21728515625
2135,0.04,0.4112,0.0,0.1256,-1853.178466796875
2136,0.04,0.4112,0.0,0.128,-1854.344970703125
2137,0.04,0.4112,0.0,0.1304,-1856.7984619140625
2138,0.04,0.4112,0.0,0.1328,-1857.1983642578125
2139,0.04,0.4112,0.0,0.1352,-1859.159423828125
2140,0.04,0.4112,0.0,0.1376,-1860.086669921875
2141,0.04,0.4112,0.0,0.14,-1861.35546875
2142,0.04,0.4144,0.0,0.02,-1878.13623046875
2143,0.04,0.4144,0.0,0.0224,-1870.946533203125
2144,0.04,0.4144,0.0,0.0248,-1866.019775390625
2145,0.04,0.4144,0.0,0.0272,-1862.9212646484375
2146,0.04,0.4144,0.0,0.0296,-1858.1494140625
2147,0.04,0.4144,0.0,0.032,-1855.8250732421875
2148,0.04,0.4144,0.0,0.0344,-1852.1971435546875
2149,0.04,0.4144,0.0,0.0368,-1849.238037109375
2150,0.04,0.4144,0.0,0.0392,-1846.218505859375
2151,0.04,0.4144,0.0,0.0416,-1845.3782958984375
2152,0.04,0.4144,0.0,0.044,-1842.9954833984375
2153,0.04,0.4144,0.0,0.0464,-1842.052490234375
2154,0.04,0.4144,0.0,0.0488,-1842.0213623046875
2155,0.04,0.4144,0.0,0.0512,-1840.9423828125
2156,0.04,0.4144,0.0,0.0536,-1839.122802734375
2157,0.04,0.4144,0.0,0.056,-1838.367919921875
2158,0.04,0.4144,0.0,0.0584,-1838.0626220703125
2159,0.04,0.4144,0.0,0.0608,-1838.36328125
2160,0.04,0.4144,0.0,0.0632,-1837.636474609375
2161,0.04,0.4144,0.0,0.0656,-1837.5362548828125
2162,0.04,0.4144,0.0,0.068,-1836.489501953125
2163,0.04,0.4144,0.0,0.0704,-1837.919677734375
2164,0.04,0.4144,0.0,0.0728,-1837.190673828125
2165,0.04,0.4144,0.0,0.0752,-1838.118896484375
2166,0.04,0.4144,0.0,0.0776,-1837.7283935546875
2167,0.04,0.4144,0.0,0.08,-1837.904052734375
2168,0.04,0.4144,0.0,0.0824,-1837.92822265625
2169,0.04,0.4144,0.0,0.0848,-1839.2432861328125
2170,0.04,0.4144,0.0,0.0872,-1838.80029296875
2171,0.04,0.4144,0.0,0.0896,-1840.4140625
2172,0.04,0.4144,0.0,0.092,-1841.5421142578125
2173,0.04,0.4144,0.0,0.0944,-1841.7677001953125
2174,0.04,0.4144,0.0,0.0968,-1842.133544921875
2175,0.04,0.4144,0.0,0.0992,-1843.044677734375
2176,0.04,0.4144,0.0,0.1016,-1843.1378173828125
2177,0.04,0.4144,0.0,0.104,-1844.9127197265625
2178,0.04,0.4144,0.0,0.1064,-1845.436279296875
2179,0.04,0.4144,0.0,0.1088,-1847.5189208984375
2180,0.04,0.4144,0.0,0.1112,-1848.051025390625
2181,0.04,0.4144,0.0,0.1136,-1849.368896484375
2182,0.04,0.4144,0.0,0.116,-1849.6600341796875
2183,0.04,0.4144,0.0,0.1184,-1850.580322265625
2184,0.04,0.4144,0.0,0.1208,-1853.0341796875
2185,0.04,0.4144,0.0,0.1232,-1852.244873046875
2186,0.04,0.4144,0.0,0.1256,-1855.21728515625
2187,0.04,0.4144,0.0,0.128,-1855.782958984375
2188,0.04,0.4144,0.0,0.1304,-1856.56640625
2189,0.04,0.4144,0.0,0.1328,-1858.5107421875
2190,0.04,0.4144,0.0,0.1352,-1859.212646484375
2191,0.04,0.4144,0.0,0.1376,-1861.028564453125
2192,0.04,0.4144,0.0,0.14,-1862.645751953125
2193,0.04,0.4176,0.0,0.02,-1877.1015625
2194,0.04,0.4176,0.0,0.0224,-1873.100830078125
2195,0.04,0.4176,0.0,0.0248,-1866.494384765625
2196,0.04,0.4176,0.0,0.0272,-1863.087158203125
2197,0.04,0.4176,0.0,0.0296,-1859.6845703125
2198,0.04,0.4176,0.0,0.032,-1855.509521484375
2199,0.04,0.4176,0.0,0.0344,-1852.803466796875
2200,0.04,0.4176,0.0,0.0368,-1850.724609375
2201,0.04,0.4176,0.0,0.0392,-1847.74951171875
2202,0.04,0.4176,0.0,0.0416,-1845.740234375
2203,0.04,0.4176,0.0,0.044,-1845.3011474609375
2204,0.04,0.4176,0.0,0.0464,-1843.5526123046875
2205,0.04,0.4176,0.0,0.0488,-1841.99609375
2206,0.04,0.4176,0.0,0.0512,-1841.0928955078125
2207,0.04,0.4176,0.0,0.0536,-1840.0753173828125
2208,0.04,0.4176,0.0,0.056,-1838.9327392578125
2209,0.04,0.4176,0.0,0.0584,-1838.32275390625
2210,0.04,0.4176,0.0,0.0608,-1837.845947265625
2211,0.04,0.4176,0.0,0.0632,-1838.138671875
2212,0.04,0.4176,0.0,0.0656,-1839.2427978515625
2213,0.04,0.4176,0.0,0.068,-1838.131591796875
2214,0.04,0.4176,0.0,0.0704,-1838.012939453125
2215,0.04,0.4176,0.0,0.0728,-1837.8216552734375
2216,0.04,0.4176,0.0,0.0752,-1838.114501953125
2217,0.04,0.4176,0.0,0.0776,-1838.281494140625
2218,0.04,0.4176,0.0,0.08,-1839.0810546875
2219,0.04,0.4176,0.0,0.0824,-1838.966796875
2220,0.04,0.4176,0.0,0.0848,-1839.563720703125
2221,0.04,0.4176,0.0,0.0872,-1840.37548828125
2222,0.04,0.4176,0.0,0.0896,-1841.1474609375
2223,0.04,0.4176,0.0,0.092,-1841.2109375
2224,0.04,0.4176,0.0,0.0944,-1842.0587158203125
2225,0.04,0.4176,0.0,0.0968,-1843.1011962890625
2226,0.04,0.4176,0.0,0.0992,-1842.9630126953125
2227,0.04,0.4176,0.0,0.1016,-1844.85009765625
2228,0.04,0.4176,0.0,0.104,-1844.69384765625
2229,0.04,0.4176,0.0,0.1064,-1846.448486328125
2230,0.04,0.4176,0.0,0.1088,-1847.95947265625
2231,0.04,0.4176,0.0,0.1112,-1848.524658203125
2232,0.04,0.4176,0.0,0.1136,-1849.587890625
2233,0.04,0.4176,0.0,0.116,-1850.751708984375
2234,0.04,0.4176,0.0,0.1184,-1852.23779296875
2235,0.04,0.4176,0.0,0.1208,-1853.329833984375
2236,0.04,0.4176,0.0,0.1232,-1854.555908203125
2237,0.04,0.4176,0.0,0.1256,-1855.81689453125
2238,0.04,0.4176,0.0,0.128,-1856.374267578125
2239,0.04,0.4176,0.0,0.1304,-1857.4971923828125
2240,0.04,0.4176,0.0,0.1328,-1858.9090576171875
2241,0.04,0.4176,0.0,0.1352,-1860.754638671875
2242,0.04,0.4176,0.0,0.1376,-1861.57666015625
2243,0.04,0.4176,0.0,0.14,-1863.52685546875
2244,0.04,0.4208,0.0,0.02,-1878.8790283203125
2245,0.04,0.4208,0.0,0.0224,-1873.8397216796875
2246,0.04,0.4208,0.0,0.0248,-1867.4677734375
2247,0.04,0.4208,0.0,0.0272,-1864.198486328125
2248,0.04,0.4208,0.0,0.0296,-1860.2196044921875
2249,0.04,0.4208,0.0,0.032,-1856.692138671875
2250,0.04,0.4208,0.0,0.0344,-1853.5174560546875
2251,0.04,0.4208,0.0,0.0368,-1852.0361328125
2252,0.04,0.4208,0.0,0.0392,-1848.308349609375
2253,0.04,0.4208,0.0,0.0416,-1846.631103515625
2254,0.04,0.4208,0.0,0.044,-1845.977783203125
2255,0.04,0.4208,0.0,0.0464,-1844.32666015625
2256,0.04,0.4208,0.0,0.0488,-1842.89599609375
2257,0.04,0.4208,0.0,0.0512,-1842.1092529296875
2258,0.04,0.4208,0.0,0.0536,-1840.8648681640625
2259,0.04,0.4208,0.0,0.056,-1839.962646484375
2260,0.04,0.4208,0.0,0.0584,-1840.3753662109375
2261,0.04,0.4208,0.0,0.0608,-1839.41357421875
2262,0.04,0.4208,0.0,0.0632,-1839.177490234375
2263,0.04,0.4208,0.0,0.0656,-1838.7694091796875
2264,0.04,0.4208,0.0,0.068,-1838.8875732421875
2265,0.04,0.4208,0.0,0.0704,-1839.10107421875
2266,0.04,0.4208,0.0,0.0728,-1839.101806640625
2267,0.04,0.4208,0.0,0.0752,-1838.500732421875
2268,0.04,0.4208,0.0,0.0776,-1839.1571044921875
2269,0.04,0.4208,0.0,0.08,-1839.9168701171875
2270,0.04,0.4208,0.0,0.0824,-1840.06982421875
2271,0.04,0.4208,0.0,0.0848,-1841.064697265625
2272,0.04,0.4208,0.0,0.0872,-1841.5445556640625
2273,0.04,0.4208,0.0,0.0896,-1841.662109375
2274,0.04,0.4208,0.0,0.092,-1843.036865234375
2275,0.04,0.4208,0.0,0.0944,-1842.873291015625
2276,0.04,0.4208,0.0,0.0968,-1844.850341796875
2277,0.04,0.4208,0.0,0.0992,-1844.8509521484375
2278,0.04,0.4208,0.0,0.1016,-1844.746826171875
2279,0.04,0.4208,0.0,0.104,-1846.561767578125
2280,0.04,0.4208,0.0,0.1064,-1847.8807373046875
2281,0.04,0.4208,0.0,0.1088,-1848.7113037109375
2282,0.04,0.4208,0.0,0.1112,-1850.2392578125
2283,0.04,0.4208,0.0,0.1136,-1850.9814453125
2284,0.04,0.4208,0.0,0.116,-1852.2225341796875
2285,0.04,0.4208,0.0,0.1184,-1852.82861328125
2286,0.04,0.4208,0.0,0.1208,-1854.170654296875
2287,0.04,0.4208,0.0,0.1232,-1855.01123046875
2288,0.04,0.4208,0.0,0.1256,-1856.0592041015625
2289,0.04,0.4208,0.0,0.128,-1856.826904296875
2290,0.04,0.4208,0.0,0.1304,-1859.591064453125
2291,0.04,0.4208,0.0,0.1328,-1859.6148681640625
2292,0.04,0.4208,0.0,0.1352,-1861.28271484375
2293,0.04,0.4208,0.0,0.1376,-1863.232666015625
2294,0.04,0.4208,0.0,0.14,-1864.5611572265625
2295,0.04,0.424,0.0,0.02,-1879.889404296875
2296,0.04,0.424,0.0,0.0224,-1873.9501953125
2297,0.04,0.424,0.0,0.0248,-1868.6116943359375
2298,0.04,0.424,0.0,0.0272,-1864.7088623046875
2299,0.04,0.424,0.0,0.0296,-1861.66552734375
2300,0.04,0.424,0.0,0.032,-1857.8236083984375
2301,0.04,0.424,0.0,0.0344,-1853.525634765625
2302,0.04,0.424,0.0,0.0368,-1851.69482421875
2303,0.04,0.424,0.0,0.0392,-1849.7752685546875
2304,0.04,0.424,0.0,0.0416,-1848.02880859375
2305,0.04,0.424,0.0,0.044,-1846.50732421875
2306,0.04,0.424,0.0,0.0464,-1844.4268798828125
2307,0.04,0.424,0.0,0.0488,-1844.0321044921875
2308,0.04,0.424,0.0,0.0512,-1842.7735595703125
2309,0.04,0.424,0.0,0.0536,-1842.4154052734375
2310,0.04,0.424,0.0,0.056,-1840.728515625
2311,0.04,0.424,0.0,0.0584,-1841.235595703125
2312,0.04,0.424,0.0,0.0608,-1840.605224609375
2313,0.04,0.424,0.0,0.0632,-1840.51953125
2314,0.04,0.424,0.0,0.0656,-1839.99462890625
2315,0.04,0.424,0.0,0.068,-1839.927490234375
2316,0.04,0.424,0.0,0.0704,-1840.002197265625
2317,0.04,0.424,0.0,0.0728,-1839.9298095703125
2318,0.04,0.424,0.0,0.0752,-1840.262939453125
2319,0.04,0.424,0.0,0.0776,-1841.377197265625
2320,0.04,0.424,0.0,0.08,-1839.8408203125
2321,0.04,0.424,0.0,0.0824,-1841.291748046875
2322,0.04,0.424,0.0,0.0848,-1841.9908447265625
2323,0.04,0.424,0.0,0.0872,-1842.2279052734375
2324,0.04,0.424,0.0,0.0896,-1842.566162109375
2325,0.04,0.424,0.0,0.092,-1843.0225830078125
2326,0.04,0.424,0.0,0.0944,-1843.70263671875
2327,0.04,0.424,0.0,0.0968,-1844.3895263671875
2328,0.04,0.424,0.0,0.0992,-1845.107177734375
2329,0.04,0.424,0.0,0.1016,-1845.7647705078125
2330,0.04,0.424,0.0,0.104,-1847.6214599609375
2331,0.04,0.424,0.0,0.1064,-1849.7586669921875
2332,0.04,0.424,0.0,0.1088,-1849.2509765625
2333,0.04,0.424,0.0,0.1112,-1850.729736328125
2334,0.04,0.424,0.0,0.1136,-1851.68115234375
2335,0.04,0.424,0.0,0.116,-1852.70947265625
2336,0.04,0.424,0.0,0.1184,-1853.962890625
2337,0.04,0.424,0.0,0.1208,-1855.2923583984375
2338,0.04,0.424,0.0,0.1232,-1855.355712890625
2339,0.04,0.424,0.0,0.1256,-1858.385009765625
2340,0.04,0.424,0.0,0.128,-1857.828857421875
2341,0.04,0.424,0.0,0.1304,-1859.38232421875
2342,0.04,0.424,0.0,0.1328,-1861.659423828125
2343,0.04,0.424,0.0,0.1352,-1863.0517578125
2344,0.04,0.424,0.0,0.1376,-1864.1595458984375
2345,0.04,0.424,0.0,0.14,-1864.201416015625
2346,0.04,0.4272,0.0,0.02,-1880.3408203125
2347,0.04,0.4272,0.0,0.0224,-1876.5533447265625
2348,0.04,0.4272,0.0,0.0248,-1869.781494140625
2349,0.04,0.4272,0.0,0.0272,-1866.2667236328125
2350,0.04,0.4272,0.0,0.0296,-1863.29638671875
2351,0.04,0.4272,0.0,0.032,-1858.8701171875
2352,0.04,0.4272,0.0,0.0344,-1856.102783203125
2353,0.04,0.4272,0.0,0.0368,-1852.6148681640625
2354,0.04,0.4272,0.0,0.0392,-1850.8760986328125
2355,0.04,0.4272,0.0,0.0416,-1848.9083251953125
2356,0.04,0.4272,0.0,0.044,-1847.1593017578125
2357,0.04,0.4272,0.0,0.0464,-1845.8536376953125
2358,0.04,0.4272,0.0,0.0488,-1844.5362548828125
2359,0.04,0.4272,0.0,0.0512,-1844.3697509765625
2360,0.04,0.4272,0.0,0.0536,-1842.9835205078125
2361,0.04,0.4272,0.0,0.056,-1842.860107421875
2362,0.04,0.4272,0.0,0.0584,-1841.819091796875
2363,0.04,0.4272,0.0,0.0608,-1841.259765625
2364,0.04,0.4272,0.0,0.0632,-1841.341796875
2365,0.04,0.4272,0.0,0.0656,-1840.698486328125
2366,0.04,0.4272,0.0,0.068,-1840.813232421875
2367,0.04,0.4272,0.0,0.0704,-1840.982421875
2368,0.04,0.4272,0.0,0.0728,-1841.0350341796875
2369,0.04,0.4272,0.0,0.0752,-1841.0968017578125
2370,0.04,0.4272,0.0,0.0776,-1841.477294921875
2371,0.04,0.4272,0.0,0.08,-1841.183349609375
2372,0.04,0.4272,0.0,0.0824,-1841.5159912109375
2373,0.04,0.4272,0.0,0.0848,-1842.782470703125
2374,0.04,0.4272,0.0,0.0872,-1843.0479736328125
2375,0.04,0.4272,0.0,0.0896,-1842.744873046875
2376,0.04,0.4272,0.0,0.092,-1844.70849609375
2377,0.04,0.4272,0.0,0.0944,-1844.78466796875
2378,0.04,0.4272,0.0,0.0968,-1844.8818359375
2379,0.04,0.4272,0.0,0.0992,-1846.90966796875
2380,0.04,0.4272,0.0,0.1016,-1848.0797119140625
2381,0.04,0.4272,0.0,0.104,-1847.9853515625
2382,0.04,0.4272,0.0,0.1064,-1849.556640625
2383,0.04,0.4272,0.0,0.1088,-1849.767333984375
2384,0.04,0.4272,0.0,0.1112,-1851.2177734375
2385,0.04,0.4272,0.0,0.1136,-1852.8270263671875
2386,0.04,0.4272,0.0,0.116,-1853.92236328125
2387,0.04,0.4272,0.0,0.1184,-1854.021240234375
2388,0.04,0.4272,0.0,0.1208,-1856.61962890625
2389,0.04,0.4272,0.0,0.1232,-1856.33349609375
2390,0.04,0.4272,0.0,0.1256,-1858.0177001953125
2391,0.04,0.4272,0.0,0.128,-1859.077392578125
2392,0.04,0.4272,0.0,0.1304,-1860.5108642578125
2393,0.04,0.4272,0.0,0.1328,-1861.105712890625
2394,0.04,0.4272,0.0,0.1352,-1864.0556640625
2395,0.04,0.4272,0.0,0.1376,-1863.986328125
2396,0.04,0.4272,0.0,0.14,-1865.83056640625
2397,0.04,0.4304,0.0,0.02,-1881.626953125
2398,0.04,0.4304,0.0,0.0224,-1876.801025390625
2399,0.04,0.4304,0.0,0.0248,-1871.9078369140625
2400,0.04,0.4304,0.0,0.0272,-1866.503662109375
2401,0.04,0.4304,0.0,0.0296,-1862.551025390625
2402,0.04,0.4304,0.0,0.032,-1859.425048828125
2403,0.04,0.4304,0.0,0.0344,-1856.401123046875
2404,0.04,0.4304,0.0,0.0368,-1854.8311767578125
2405,0.04,0.4304,0.0,0.0392,-1852.0426025390625
2406,0.04,0.4304,0.0,0.0416,-1849.879638671875
2407,0.04,0.4304,0.0,0.044,-1847.8980712890625
2408,0.04,0.4304,0.0,0.0464,-1847.0245361328125
2409,0.04,0.4304,0.0,0.0488,-1846.1925048828125
2410,0.04,0.4304,0.0,0.0512,-1844.2523193359375
2411,0.04,0.4304,0.0,0.0536,-1844.128662109375
2412,0.04,0.4304,0.0,0.056,-1842.5423583984375
2413,0.04,0.4304,0.0,0.0584,-1842.4061279296875
2414,0.04,0.4304,0.0,0.0608,-1841.9267578125
2415,0.04,0.4304,0.0,0.0632,-1842.36962890625
2416,0.04,0.4304,0.0,0.0656,-1840.83837890625
2417,0.04,0.4304,0.0,0.068,-1841.6328125
2418,0.04,0.4304,0.0,0.0704,-1841.708984375
2419,0.04,0.4304,0.0,0.0728,-1841.451416015625
2420,0.04,0.4304,0.0,0.0752,-1841.958251953125
2421,0.04,0.4304,0.0,0.0776,-1842.3482666015625
2422,0.04,0.4304,0.0,0.08,-1842.5789794921875
2423,0.04,0.4304,0.0,0.0824,-1841.9522705078125
2424,0.04,0.4304,0.0,0.0848,-1842.8409423828125
2425,0.04,0.4304,0.0,0.0872,-1843.8968505859375
2426,0.04,0.4304,0.0,0.0896,-1845.2164306640625
2427,0.04,0.4304,0.0,0.092,-1844.746826171875
2428,0.04,0.4304,0.0,0.0944,-1845.5308837890625
2429,0.04,0.4304,0.0,0.0968,-1847.1173095703125
2430,0.04,0.4304,0.0,0.0992,-1848.364013671875
2431,0.04,0.4304,0.0,0.1016,-1848.12109375
2432,0.04,0.4304,0.0,0.104,-1849.5091552734375
2433,0.04,0.4304,0.0,0.1064,-1849.8255615234375
2434,0.04,0.4304,0.0,0.1088,-1851.93408203125
2435,0.04,0.4304,0.0,0.1112,-1852.573486328125
2436,0.04,0.4304,0.0,0.1136,-1854.0133056640625
2437,0.04,0.4304,0.0,0.116,-1854.80224609375
2438,0.04,0.4304,0.0,0.1184,-1855.4638671875
2439,0.04,0.4304,0.0,0.1208,-1856.46630859375
2440,0.04,0.4304,0.0,0.1232,-1857.379638671875
2441,0.04,0.4304,0.0,0.1256,-1859.3056640625
2442,0.04,0.4304,0.0,0.128,-1859.8905029296875
2443,0.04,0.4304,0.0,0.1304,-1860.9893798828125
2444,0.04,0.4304,0.0,0.1328,-1863.6011962890625
2445,0.04,0.4304,0.0,0.1352,-1864.480224609375
2446,0.04,0.4304,0.0,0.1376,-1866.507080078125
2447,0.04,0.4304,0.0,0.14,-1867.0841064453125
2448,0.04,0.4336,0.0,0.02,-1883.2080078125
2449,0.04,0.4336,0.0,0.0224,-1877.88720703125
2450,0.04,0.4336,0.0,0.0248,-1872.02734375
2451,0.04,0.4336,0.0,0.0272,-1867.14599609375
2452,0.04,0.4336,0.0,0.0296,-1863.92724609375
2453,0.04,0.4336,0.0,0.032,-1859.0003662109375
2454,0.04,0.4336,0.0,0.0344,-1857.293701171875
2455,0.04,0.4336,0.0,0.0368,-1855.280517578125
2456,0.04,0.4336,0.0,0.0392,-1852.53466796875
2457,0.04,0.4336,0.0,0.0416,-1852.759765625
2458,0.04,0.4336,0.0,0.044,-1849.9095458984375
2459,0.04,0.4336,0.0,0.0464,-1847.94677734375
2460,0.04,0.4336,0.0,0.0488,-1845.94921875
2461,0.04,0.4336,0.0,0.0512,-1846.3333740234375
2462,0.04,0.4336,0.0,0.0536,-1845.42822265625
2463,0.04,0.4336,0.0,0.056,-1842.819580078125
2464,0.04,0.4336,0.0,0.0584,-1843.30029296875
2465,0.04,0.4336,0.0,0.0608,-1843.072509765625
2466,0.04,0.4336,0.0,0.0632,-1843.19140625
2467,0.04,0.4336,0.0,0.0656,-1842.768310546875
2468,0.04,0.4336,0.0,0.068,-1842.962158203125
2469,0.04,0.4336,0.0,0.0704,-1841.70654296875
2470,0.04,0.4336,0.0,0.0728,-1841.83837890625
2471,0.04,0.4336,0.0,0.0752,-1843.325927734375
2472,0.04,0.4336,0.0,0.0776,-1842.109619140625
2473,0.04,0.4336,0.0,0.08,-1843.169189453125
2474,0.04,0.4336,0.0,0.0824,-1844.0892333984375
2475,0.04,0.4336,0.0,0.0848,-1844.70361328125
2476,0.04,0.4336,0.0,0.0872,-1844.74267578125
2477,0.04,0.4336,0.0,0.0896,-1846.00390625
2478,0.04,0.4336,0.0,0.092,-1845.3463134765625
2479,0.04,0.4336,0.0,0.0944,-1847.3597412109375
2480,0.04,0.4336,0.0,0.0968,-1847.608642578125
2481,0.04,0.4336,0.0,0.0992,-1848.0758056640625
2482,0.04,0.4336,0.0,0.1016,-1849.85888671875
2483,0.04,0.4336,0.0,0.104,-1850.89404296875
2484,0.04,0.4336,0.0,0.1064,-1850.605224609375
2485,0.04,0.4336,0.0,0.1088,-1852.121826171875
2486,0.04,0.4336,0.0,0.1112,-1852.914794921875
2487,0.04,0.4336,0.0,0.1136,-1854.837890625
2488,0.04,0.4336,0.0,0.116,-1855.3629150390625
2489,0.04,0.4336,0.0,0.1184,-1855.88916015625
2490,0.04,0.4336,0.0,0.1208,-1857.1585693359375
2491,0.04,0.4336,0.0,0.1232,-1858.037353515625
2492,0.04,0.4336,0.0,0.1256,-1860.3555908203125
2493,0.04,0.4336,0.0,0.128,-1861.68359375
2494,0.04,0.4336,0.0,0.1304,-1862.2265625
2495,0.04,0.4336,0.0,0.1328,-1863.09326171875
2496,0.04,0.4336,0.0,0.1352,-1866.1339111328125
2497,0.04,0.4336,0.0,0.1376,-1866.237060546875
2498,0.04,0.4336,0.0,0.14,-1867.99169921875
2499,0.04,0.4368,0.0,0.02,-1883.0721435546875
2500,0.04,0.4368,0.0,0.0224,-1877.5968017578125
2501,0.04,0.4368,0.0,0.0248,-1871.283447265625
2502,0.04,0.4368,0.0,0.0272,-1867.9677734375
2503,0.04,0.4368,0.0,0.0296,-1865.1802978515625
2504,0.04,0.4368,0.0,0.032,-1861.28857421875
2505,0.04,0.4368,0.0,0.0344,-1858.2325439453125
2506,0.04,0.4368,0.0,0.0368,-1855.585205078125
2507,0.04,0.4368,0.0,0.0392,-1853.9375
2508,0.04,0.4368,0.0,0.0416,-1851.5361328125
2509,0.04,0.4368,0.0,0.044,-1849.6300048828125
2510,0.04,0.4368,0.0,0.0464,-1848.69921875
2511,0.04,0.4368,0.0,0.0488,-1846.6929931640625
2512,0.04,0.4368,0.0,0.0512,-1846.6104736328125
2513,0.04,0.4368,0.0,0.0536,-1846.331787109375
2514,0.04,0.4368,0.0,0.056,-1845.18603515625
2515,0.04,0.4368,0.0,0.0584,-1844.843017578125
2516,0.04,0.4368,0.0,0.0608,-1843.5491943359375
2517,0.04,0.4368,0.0,0.0632,-1843.7218017578125
2518,0.04,0.4368,0.0,0.0656,-1843.221923828125
2519,0.04,0.4368,0.0,0.068,-1843.378662109375
2520,0.04,0.4368,0.0,0.0704,-1843.6395263671875
2521,0.04,0.4368,0.0,0.0728,-1844.1114501953125
2522,0.04,0.4368,0.0,0.0752,-1843.7283935546875
2523,0.04,0.4368,0.0,0.0776,-1843.2064208984375
2524,0.04,0.4368,0.0,0.08,-1845.090087890625
2525,0.04,0.4368,0.0,0.0824,-1844.81201171875
2526,0.04,0.4368,0.0,0.0848,-1845.1258544921875
2527,0.04,0.4368,0.0,0.0872,-1846.0322265625
2528,0.04,0.4368,0.0,0.0896,-1846.3145751953125
2529,0.04,0.4368,0.0,0.092,-1847.6104736328125
2530,0.04,0.4368,0.0,0.0944,-1847.554443359375
2531,0.04,0.4368,0.0,0.0968,-1848.99951171875
2532,0.04,0.4368,0.0,0.0992,-1849.300537109375
2533,0.04,0.4368,0.0,0.1016,-1850.4072265625
2534,0.04,0.4368,0.0,0.104,-1850.69384765625
2535,0.04,0.4368,0.0,0.1064,-1852.9046630859375
2536,0.04,0.4368,0.0,0.1088,-1852.3675537109375
2537,0.04,0.4368,0.0,0.1112,-1853.97705078125
2538,0.04,0.4368,0.0,0.1136,-1855.040283203125
2539,0.04,0.4368,0.0,0.116,-1856.2125244140625
2540,0.04,0.4368,0.0,0.1184,-1856.664794921875
2541,0.04,0.4368,0.0,0.1208,-1858.356201171875
2542,0.04,0.4368,0.0,0.1232,-1859.807373046875
2543,0.04,0.4368,0.0,0.1256,-1859.947021484375
2544,0.04,0.4368,0.0,0.128,-1861.920654296875
2545,0.04,0.4368,0.0,0.1304,-1863.6822509765625
2546,0.04,0.4368,0.0,0.1328,-1865.7017822265625
2547,0.04,0.4368,0.0,0.1352,-1866.419677734375
2548,0.04,0.4368,0.0,0.1376,-1867.5120849609375
2549,0.04,0.4368,0.0,0.14,-1868.7869873046875
2550,0.04,0.44,0.0,0.02,-1884.603271484375
2551,0.04,0.44,0.0,0.0224,-1877.3653564453125
2552,0.04,0.44,0.0,0.0248,-1873.420166015625
2553,0.04,0.44,0.0,0.0272,-1870.247314453125
2554,0.04,0.44,0.0,0.0296,-1866.066162109375
2555,0.04,0.44,0.0,0.032,-1862.793212890625
2556,0.04,0.44,0.0,0.0344,-1859.2978515625
2557,0.04,0.44,0.0,0.0368,-1856.677490234375
2558,0.04,0.44,0.0,0.0392,-1854.5557861328125
2559,0.04,0.44,0.0,0.0416,-1852.91015625
2560,0.04,0.44,0.0,0.044,-1852.2152099609375
2561,0.04,0.44,0.0,0.0464,-1849.6566162109375
2562,0.04,0.44,0.0,0.0488,-1848.0992431640625
2563,0.04,0.44,0.0,0.0512,-1847.34228515625
2564,0.04,0.44,0.0,0.0536,-1847.1517333984375
2565,0.04,0.44,0.0,0.056,-1845.5416259765625
2566,0.04,0.44,0.0,0.0584,-1845.3426513671875
2567,0.04,0.44,0.0,0.0608,-1845.724365234375
2568,0.04,0.44,0.0,0.0632,-1844.63525390625
2569,0.04,0.44,0.0,0.0656,-1844.9322509765625
2570,0.04,0.44,0.0,0.068,-1843.90625
2571,0.04,0.44,0.0,0.0704,-1844.336669921875
2572,0.04,0.44,0.0,0.0728,-1844.303466796875
2573,0.04,0.44,0.0,0.0752,-1845.7288818359375
2574,0.04,0.44,0.0,0.0776,-1846.0211181640625
2575,0.04,0.44,0.0,0.08,-1846.33203125
2576,0.04,0.44,0.0,0.0824,-1845.950439453125
2577,0.04,0.44,0.0,0.0848,-1846.086181640625
2578,0.04,0.44,0.0,0.0872,-1846.775146484375
2579,0.04,0.44,0.0,0.0896,-1847.0078125
2580,0.04,0.44,0.0,0.092,-1848.725341796875
2581,0.04,0.44,0.0,0.0944,-1848.405029296875
2582,0.04,0.44,0.0,0.0968,-1849.198974609375
2583,0.04,0.44,0.0,0.0992,-1849.8623046875
2584,0.04,0.44,0.0,0.1016,-1851.456298828125
2585,0.04,0.44,0.0,0.104,-1852.220703125
2586,0.04,0.44,0.0,0.1064,-1853.01025390625
2587,0.04,0.44,0.0,0.1088,-1854.397705078125
2588,0.04,0.44,0.0,0.1112,-1855.327392578125
2589,0.04,0.44,0.0,0.1136,-1856.0772705078125
2590,0.04,0.44,0.0,0.116,-1857.31982421875
2591,0.04,0.44,0.0,0.1184,-1858.172119140625
2592,0.04,0.44,0.0,0.1208,-1859.486328125
2593,0.04,0.44,0.0,0.1232,-1861.01513671875
2594,0.04,0.44,0.0,0.1256,-1861.6553955078125
2595,0.04,0.44,0.0,0.128,-1863.3489990234375
2596,0.04,0.44,0.0,0.1304,-1865.3538818359375
2597,0.04,0.44,0.0,0.1328,-1865.8250732421875
2598,0.04,0.44,0.0,0.1352,-1867.532958984375
2599,0.04,0.44,0.0,0.1376,-1868.1007080078125
2600,0.04,0.44,0.0,0.14,-1869.5301513671875
