mu,rho,ll
0.36031,0.080167,-1825.951904
0.36031,0.080167,-1825.759521
0.359536,0.081335,-1825.986938
0.359627,0.080464,-1825.657837
0.358609,0.080435,-1826.077637
0.359549,0.081963,-1825.661377
0.3586,0.084541,-1826.806396
0.3586,0.084541,-1826.685303
0.3586,0.084541,-1826.395752
0.359211,0.084114,-1826.701416
0.359211,0.084114,-1825.912354
0.357549,0.0833,-1826.401367
0.357046,0.082143,-1826.113159
0.358054,0.084677,-1826.515625
0.362701,0.084197,-1827.439209
0.361775,0.0843,-1826.875488
0.362461,0.085728,-1827.562744
0.362954,0.08386,-1827.180786
0.364782,0.081455,-1826.54126
0.366209,0.080912,-1826.562744
0.369222,0.081973,-1827.333984
0.370028,0.080746,-1827.466187
0.367042,0.079877,-1826.122314
0.366645,0.079803,-1826.875488
0.368571,0.078028,-1827.284912
0.37106,0.075555,-1827.160889
0.373912,0.076884,-1828.372681
0.374284,0.077875,-1828.787842
0.374284,0.077875,-1828.35791
0.372757,0.076665,-1827.596436
0.371922,0.0772,-1827.442749
0.370273,0.07903,-1827.718628
0.372426,0.078293,-1827.781982
0.369485,0.077907,-1826.754272
0.371959,0.074588,-1827.097778
0.371959,0.074588,-1826.955078
0.370756,0.075625,-1827.183716
0.371271,0.07447,-1827.802246
0.371271,0.07447,-1827.306641
0.368379,0.074592,-1827.012817
0.37058,0.073008,-1826.390015
0.369666,0.07476,-1826.085815
0.369666,0.07476,-1826.951782
0.369724,0.074817,-1826.238403
0.368199,0.076291,-1826.678101
0.366453,0.076144,-1826.193115
0.364123,0.077605,-1826.213989
0.364123,0.077605,-1826.181641
0.363928,0.076168,-1825.749268
0.361911,0.077557,-1825.87915
0.359835,0.079058,-1826.324829
0.359235,0.078083,-1825.700806
0.357136,0.078711,-1825.259644
0.356865,0.081161,-1825.29895
0.356974,0.080608,-1825.428589
0.35737,0.08275,-1825.986084
0.353871,0.082099,-1825.764648
0.355502,0.082844,-1826.3479
0.35533,0.080952,-1825.039429
0.355723,0.082552,-1825.918701
0.355922,0.081189,-1825.674561
0.353283,0.080093,-1825.696899
0.352776,0.07818,-1825.12915
0.35323,0.078057,-1825.081787
0.352905,0.078795,-1825.602295
0.349766,0.07952,-1825.488037
0.351467,0.07901,-1825.769531
0.34906,0.078997,-1825.544067
0.349552,0.081315,-1825.483643
0.349782,0.081793,-1826.431885
0.349782,0.081793,-1825.545776
0.353131,0.084829,-1825.381592
0.353018,0.083422,-1825.875854
0.354396,0.081879,-1826.017334
0.35521,0.082039,-1826.07251
0.35413,0.08292,-1826.021973
0.354439,0.085602,-1826.718018
0.354439,0.085602,-1826.147705
0.355544,0.085438,-1826.48645
0.354419,0.086338,-1826.451294
0.35591,0.08487,-1825.201904
0.358287,0.084443,-1826.577148
0.357591,0.086551,-1826.187744
0.355685,0.085835,-1826.796997
0.358839,0.083966,-1826.147217
0.35718,0.085018,-1826.376343
0.35718,0.085018,-1826.860107
0.357643,0.085733,-1827.270386
0.35893,0.084576,-1826.504639
0.359266,0.085017,-1826.393066
0.360922,0.08359,-1826.675659
0.362505,0.084471,-1826.796143
0.363233,0.0825,-1826.707764
0.363162,0.079391,-1826.541748
0.363458,0.080464,-1826.561157
0.36194,0.078524,-1826.431885
0.36194,0.078524,-1826.050903
0.360473,0.077171,-1825.613281
0.35745,0.078232,-1825.62085
0.358218,0.07754,-1826.017822
0.355889,0.078534,-1825.529419
0.355889,0.078534,-1825.055298
0.354645,0.078226,-1825.889404
0.353349,0.077103,-1824.678467
0.353349,0.077103,-1824.936157
0.355716,0.078505,-1825.314087
0.356419,0.078655,-1825.920166
0.360682,0.076342,-1825.150635
0.360934,0.079061,-1826.132812
0.364367,0.078499,-1826.949463
0.364367,0.078499,-1826.786011
0.364367,0.078499,-1826.153809
0.364367,0.078499,-1826.418213
0.365572,0.078452,-1826.150757
0.366084,0.080913,-1826.84729
0.366226,0.078665,-1827.088013
0.367349,0.078081,-1827.001343
0.368073,0.079236,-1827.070923
0.365589,0.07979,-1826.645996
0.363951,0.081656,-1826.980225
0.361052,0.083398,-1825.973755
0.361022,0.083563,-1826.106201
0.363855,0.084043,-1827.9021
0.365138,0.084359,-1827.278687
0.366831,0.08774,-1828.605957
0.368876,0.085545,-1827.687256
0.371797,0.084762,-1828.037842
0.373386,0.085078,-1828.508301
0.373386,0.085078,-1828.744385
0.373386,0.085078,-1828.442749
0.376127,0.083918,-1828.689941
0.375172,0.083565,-1828.535767
0.37581,0.082929,-1829.270752
0.37581,0.082929,-1829.356201
0.375868,0.082927,-1828.509644
0.376729,0.083324,-1829.452637
0.375408,0.084604,-1829.726685
0.37479,0.086228,-1828.953125
0.371745,0.085066,-1829.196045
0.370598,0.086176,-1828.569702
0.370598,0.086176,-1828.591553
0.371532,0.085471,-1828.899902
0.371884,0.086225,-1828.792847
0.372415,0.088355,-1829.664673
0.374038,0.087579,-1829.599731
0.371975,0.088735,-1830.230103
0.368676,0.090313,-1828.581787
0.368676,0.090313,-1829.409302
0.368676,0.090313,-1829.814209
0.369545,0.088773,-1829.38208
0.370286,0.087767,-1829.707153
0.369706,0.086992,-1828.415894
0.369028,0.086919,-1828.75293
0.368871,0.088478,-1828.960205
0.368871,0.088478,-1828.929688
0.371521,0.086794,-1828.688843
0.371521,0.086794,-1829.307495
0.368992,0.087233,-1829.014526
0.368992,0.087233,-1828.648682
0.367223,0.087283,-1828.424683
0.367223,0.087283,-1828.248169
0.369268,0.086225,-1828.627197
0.367876,0.086293,-1828.30835
0.365979,0.086365,-1827.220703
0.366228,0.085845,-1827.862915
0.365774,0.084368,-1827.346313
0.366775,0.083145,-1827.383911
0.366775,0.083145,-1827.525269
0.368095,0.083374,-1828.404297
0.367351,0.083447,-1827.46875
0.367748,0.084006,-1828.262329
0.371181,0.085493,-1828.241211
0.372284,0.083278,-1829.258667
0.372359,0.085446,-1828.486572
0.374741,0.085193,-1829.245117
0.373256,0.084574,-1829.049194
0.373581,0.08622,-1828.924927
0.374171,0.088284,-1829.690186
0.371454,0.087479,-1829.113159
0.373082,0.088512,-1829.994507
0.372588,0.091271,-1830.030273
0.374238,0.090311,-1830.289795
0.374238,0.090311,-1829.539062
0.377145,0.088718,-1830.588379
0.370794,0.088301,-1830.352539
0.372021,0.087372,-1829.142456
0.372514,0.086488,-1829.566895
0.375008,0.086921,-1830.108643
0.376185,0.086229,-1829.542114
0.378362,0.085578,-1830.552856
0.377375,0.086827,-1830.064453
0.373913,0.086803,-1829.446655
0.375306,0.085647,-1829.699707
0.376549,0.083509,-1828.914795
0.375559,0.083272,-1829.517334
0.375559,0.084909,-1829.13562
0.375673,0.085124,-1829.913696
0.373854,0.086592,-1829.932861
0.373358,0.086383,-1829.186523
0.37229,0.085745,-1828.607178
0.373551,0.085578,-1829.408081
0.37519,0.086187,-1829.829224
0.372816,0.084333,-1828.801025
0.373196,0.084317,-1828.654053
0.373196,0.084317,-1827.794434
0.374714,0.085707,-1829.15564
0.375907,0.086842,-1830.562988
0.374265,0.0884,-1829.796631
0.372534,0.08982,-1830.525391
0.373628,0.089665,-1829.219727
0.373628,0.089665,-1829.917603
0.372668,0.090615,-1830.02002
0.372336,0.09224,-1830.610107
0.375293,0.09391,-1831.333252
0.376094,0.093711,-1832.071045
0.375084,0.093194,-1832.055664
0.375327,0.092758,-1830.906006
0.372929,0.093313,-1830.999146
0.370367,0.091278,-1829.995605
0.372903,0.092571,-1830.593262
0.370684,0.093182,-1831.320068
0.368717,0.093017,-1829.905518
0.367666,0.092369,-1829.163696
0.368019,0.092179,-1829.151123
0.368854,0.091494,-1830.0354
0.365569,0.093627,-1829.377319
0.363717,0.093991,-1829.927734
0.365204,0.092711,-1829.517212
0.365415,0.09167,-1829.419678
0.365688,0.092112,-1829.929443
0.367674,0.092581,-1829.969482
0.367222,0.091472,-1829.451782
0.367222,0.091472,-1828.940918
0.369628,0.091249,-1829.94397
0.369754,0.092408,-1830.082275
0.369754,0.092408,-1829.549194
0.371592,0.093266,-1830.264282
0.370545,0.092517,-1830.329468
0.370265,0.093919,-1831.073364
0.369568,0.095256,-1830.962646
0.369568,0.095256,-1831.199463
0.368276,0.095346,-1831.502563
0.368276,0.095346,-1830.720459
0.365693,0.09407,-1830.078003
0.366208,0.095308,-1830.699951
0.367984,0.094634,-1829.459229
0.366831,0.095508,-1830.643555
0.367476,0.094469,-1829.85791
0.369651,0.096379,-1830.496704
0.369651,0.096379,-1830.634644
0.369009,0.096025,-1831.935913
0.368132,0.09632,-1830.340942
0.364762,0.095243,-1829.828613
0.365025,0.095681,-1830.859375
0.361635,0.094674,-1829.958252
0.361997,0.093351,-1829.574097
0.361997,0.093351,-1829.10376
0.359334,0.090696,-1827.508423
0.357811,0.091579,-1828.349854
0.357819,0.091699,-1828.36499
0.357819,0.091699,-1828.55896
0.358526,0.093883,-1829.43042
0.356432,0.092035,-1828.087646
0.355921,0.091988,-1827.747559
0.353533,0.092175,-1826.903564
0.353533,0.092175,-1827.999512
0.35191,0.09142,-1827.694092
0.351702,0.091697,-1827.528076
0.353025,0.091503,-1828.371948
0.353188,0.091654,-1827.805664
0.353188,0.091654,-1827.402588
0.352766,0.092357,-1828.027954
0.352766,0.092357,-1827.418701
0.352766,0.092357,-1828.001099
0.352766,0.092357,-1828.274658
0.353353,0.091243,-1828.345581
0.357994,0.091674,-1827.951172
0.357929,0.09027,-1828.209473
0.354985,0.089487,-1827.450073
0.353211,0.089552,-1827.450195
0.350118,0.087356,-1826.367432
0.35081,0.08633,-1826.378052
0.350737,0.086025,-1826.962402
0.353812,0.086813,-1826.023438
0.352742,0.086936,-1826.18103
0.352172,0.087574,-1826.69104
0.354629,0.087382,-1826.869141
0.354629,0.087382,-1826.795654
0.352103,0.087983,-1826.324463
0.35371,0.087846,-1826.532227
0.35371,0.087846,-1826.558105
0.353372,0.088625,-1826.837158
0.356632,0.088689,-1827.570435
0.358409,0.088461,-1826.475952
0.358409,0.088461,-1827.129883
0.35788,0.088852,-1826.771118
0.356653,0.087827,-1827.740967
0.358898,0.087676,-1827.745605
0.358855,0.087911,-1827.183594
0.359647,0.087855,-1827.477173
0.359647,0.087855,-1827.265259
0.356967,0.088122,-1827.128418
0.3558,0.091035,-1827.869385
0.356286,0.091488,-1828.597046
0.357216,0.090626,-1828.231812
0.354771,0.089676,-1826.892334
0.351272,0.090566,-1826.862061
0.351795,0.090236,-1826.895264
0.350977,0.092079,-1828.268066
0.350977,0.092079,-1828.102539
0.350977,0.092079,-1827.580688
0.350977,0.092079,-1827.539917
0.351146,0.092799,-1828.591431
0.351146,0.092799,-1828.189819
0.353515,0.091262,-1827.988281
0.352125,0.091679,-1827.320068
0.352125,0.091679,-1827.087891
0.352125,0.091679,-1827.515137
0.353074,0.092424,-1828.263672
0.350712,0.091711,-1826.697754
0.350909,0.092564,-1827.588867
0.352388,0.091878,-1827.502686
0.351746,0.091971,-1827.299194
0.349869,0.091623,-1827.60022
0.350761,0.091851,-1827.633423
0.352225,0.090605,-1827.269531
0.352166,0.089173,-1826.738281
0.35137,0.087847,-1826.491211
0.350249,0.087786,-1827.196777
0.353215,0.087628,-1826.83728
0.352646,0.089702,-1827.556152
0.353389,0.08917,-1827.958374
0.34973,0.087438,-1827.035156
0.34928,0.085109,-1826.462158
0.350594,0.083614,-1826.654297
0.351841,0.082061,-1826.234985
0.351769,0.082897,-1825.122803
0.352562,0.082133,-1825.43689
0.355876,0.083591,-1825.870361
0.356111,0.084103,-1826.734985
0.35476,0.085884,-1826.242188
0.35544,0.085145,-1826.279785
0.35624,0.084968,-1826.294678
0.356496,0.086503,-1827.032471
0.355443,0.085614,-1827.420654
0.352257,0.085318,-1826.2052
0.352257,0.085318,-1825.704712
0.352656,0.08341,-1825.543823
0.353341,0.082141,-1825.564941
0.353341,0.082141,-1825.932861
0.353341,0.082141,-1825.161377
0.353341,0.082141,-1825.351318
0.353098,0.081347,-1825.706787
0.356371,0.08205,-1826.582031
0.355571,0.081433,-1825.714966
0.355602,0.082356,-1826.19751
0.354283,0.080603,-1825.097046
0.354283,0.080603,-1825.447388
0.356303,0.081144,-1826.061523
0.356417,0.081695,-1825.404541
0.356529,0.082459,-1826.052734
0.35654,0.081098,-1825.594238
0.355167,0.079809,-1825.0625
0.356804,0.079756,-1825.440552
0.356331,0.080787,-1825.678467
0.35553,0.081056,-1825.958496
0.352647,0.079907,-1825.392578
0.352531,0.077459,-1825.339722
0.351987,0.07607,-1824.848877
0.352154,0.07544,-1824.894531
0.352154,0.07544,-1824.381714
0.351175,0.075844,-1824.229492
0.35141,0.077674,-1825.334473
0.353745,0.076317,-1824.355835
0.350267,0.076542,-1825.433228
0.348996,0.078552,-1825.190186
0.348996,0.078552,-1824.435303
0.348996,0.078552,-1824.674316
0.348996,0.078552,-1824.894775
0.346554,0.079095,-1824.743896
0.346554,0.079095,-1824.287109
0.344735,0.079805,-1825.118042
0.343053,0.079329,-1825.344971
0.340928,0.07761,-1825.287964
0.338802,0.077501,-1824.574707
0.338117,0.077097,-1824.244873
0.340742,0.078788,-1825.990356
0.344416,0.080628,-1824.704346
0.347478,0.081277,-1825.365967
0.347663,0.079907,-1825.380615
0.34688,0.081204,-1824.778076
0.345493,0.081189,-1825.613281
0.344022,0.081236,-1825.186768
0.343409,0.080002,-1824.249756
0.341721,0.078653,-1824.322388
0.343422,0.080019,-1825.149902
0.343943,0.078715,-1823.776123
0.343818,0.078965,-1824.557861
0.345898,0.079319,-1825.113037
0.348859,0.079771,-1825.099854
0.348231,0.078886,-1825.807617
0.348231,0.078886,-1825.206177
0.348231,0.078886,-1824.383301
0.349205,0.079758,-1825.011108
0.351298,0.080803,-1825.531006
0.349985,0.080571,-1825.633301
0.348978,0.079632,-1825.172974
0.349226,0.079526,-1824.963379
0.348928,0.079117,-1824.621094
0.348331,0.078495,-1824.540039
0.347866,0.078943,-1824.224609
0.348138,0.079687,-1824.81311
0.348138,0.079687,-1825.183716
0.348328,0.079786,-1825.418701
0.348328,0.079786,-1824.51709
0.349869,0.080029,-1825.625488
0.351192,0.081118,-1826.492554
0.349503,0.081188,-1825.485962
0.347878,0.081485,-1824.502197
0.350159,0.083025,-1825.807373
0.34969,0.082839,-1825.783936
0.348451,0.081733,-1826.178589
0.352876,0.082336,-1825.588989
0.353634,0.083559,-1826.028809
0.353471,0.083793,-1825.252563
0.351734,0.085476,-1825.837402
0.350753,0.085205,-1826.510986
0.352092,0.085,-1826.168823
0.352449,0.086068,-1826.773071
0.355314,0.086608,-1827.249512
0.355249,0.086417,-1826.403687
0.355242,0.088231,-1827.08606
0.354052,0.088568,-1826.511475
0.353121,0.087101,-1826.815186
0.352754,0.086216,-1826.543701
0.353146,0.086408,-1826.640137
0.353217,0.086215,-1826.01123
0.35294,0.085039,-1826.494873
0.35124,0.086922,-1825.681152
0.353072,0.085987,-1826.573853
0.353011,0.08729,-1826.046387
0.353011,0.08729,-1826.27002
0.352388,0.088067,-1826.922729
0.350819,0.088976,-1826.518799
0.350819,0.088976,-1826.507812
0.352262,0.088987,-1826.689941
0.354433,0.089178,-1827.633667
0.351663,0.089952,-1826.595215
0.351663,0.089952,-1827.081177
0.353115,0.088764,-1826.917236
0.350394,0.088919,-1827.063232
0.347456,0.087831,-1826.657227
0.348233,0.086339,-1826.392822
0.348233,0.086339,-1825.822388
0.347987,0.085952,-1825.339722
0.346169,0.086625,-1826.345459
0.345175,0.085946,-1826.207153
0.344094,0.0866,-1825.545532
0.343987,0.087992,-1826.406982
0.34211,0.089106,-1827.27356
0.34211,0.089106,-1826.674805
0.344608,0.090066,-1826.997314
0.34505,0.090914,-1827.027588
0.344705,0.089483,-1827.566162
0.344425,0.088059,-1826.652222
0.34404,0.085424,-1825.791626
0.345357,0.085083,-1825.484131
0.345379,0.082883,-1825.14917
0.345797,0.082539,-1825.390015
0.344541,0.081182,-1825.035156
0.344612,0.082207,-1825.220459
0.344857,0.080285,-1824.657104
0.344857,0.080285,-1825.075684
0.344294,0.078234,-1824.551514
0.347647,0.078855,-1824.94458
0.34568,0.078318,-1825.287354
0.34599,0.076402,-1824.952393
0.344537,0.077291,-1823.924561
0.344229,0.080782,-1825.30896
0.345292,0.079276,-1825.567383
0.345292,0.079276,-1824.613892
0.348563,0.080283,-1825.098022
0.351792,0.080811,-1824.95874
0.351792,0.080811,-1825.046631
0.35084,0.07936,-1825.558105
0.352053,0.078425,-1824.955566
0.351902,0.079109,-1825.008789
0.352496,0.080072,-1825.682983
0.352496,0.080072,-1825.414795
0.352547,0.081678,-1825.144287
0.35021,0.080191,-1825.579834
0.346425,0.079769,-1825.505981
0.344952,0.079533,-1824.67041
0.342985,0.078949,-1825.182007
0.341266,0.078154,-1825.076172
0.340795,0.078498,-1825.211914
0.340694,0.07843,-1823.838867
0.340694,0.07843,-1825.039307
0.341023,0.078873,-1824.814087
0.341023,0.078873,-1823.869385
0.338747,0.080342,-1825.053223
0.33897,0.082188,-1825.171387
0.339258,0.082731,-1825.773926
0.339427,0.083494,-1825.111328
0.337162,0.084129,-1825.427734
0.338539,0.083213,-1825.712769
0.339985,0.082419,-1825.700928
0.340248,0.082328,-1825.124512
0.339882,0.079689,-1824.741821
0.339008,0.07841,-1824.836182
0.338355,0.078118,-1824.185303
0.336263,0.077791,-1824.719971
0.334893,0.078031,-1824.471313
0.333918,0.076853,-1825.224976
0.335119,0.076843,-1825.743896
0.336994,0.07703,-1824.78125
0.338852,0.07656,-1824.820312
0.341161,0.078845,-1825.060547
0.341892,0.07744,-1824.792114
0.339014,0.077382,-1825.015991
0.337708,0.075081,-1824.67627
0.339573,0.074641,-1824.69812
0.339573,0.074641,-1823.543457
0.339573,0.074641,-1825.000854
0.339573,0.074641,-1823.828979
0.339039,0.073386,-1823.818359
0.339039,0.073386,-1823.678101
0.341076,0.074162,-1825.030762
0.340848,0.074225,-1824.124512
0.341003,0.072048,-1824.082764
0.339413,0.070666,-1824.747803
0.341134,0.067591,-1824.49585
0.340686,0.068256,-1823.86377
0.339807,0.070363,-1824.256836
0.342436,0.068708,-1823.644287
0.345641,0.069007,-1823.680664
0.342554,0.068003,-1824.374878
0.341987,0.068914,-1824.384766
0.340827,0.069668,-1824.633667
0.340007,0.071429,-1824.824829
0.342691,0.07035,-1824.954712
0.343003,0.070072,-1824.4646
0.346638,0.069091,-1824.242676
0.34771,0.067227,-1824.231201
0.350459,0.065277,-1824.278931
0.349909,0.067283,-1824.680054
0.349576,0.066984,-1824.994141
0.350547,0.066643,-1824.100098
0.35011,0.068222,-1823.821655
0.347497,0.067611,-1824.186035
0.346621,0.068044,-1824.401367
0.346445,0.067426,-1824.535034
0.346445,0.067426,-1824.137817
0.346305,0.067099,-1824.213623
0.346086,0.06585,-1823.590576
0.346375,0.065459,-1824.380981
0.341973,0.066692,-1824.712158
0.342275,0.067197,-1823.926392
0.343338,0.066576,-1823.733276
0.342271,0.066333,-1824.412354
0.344253,0.064456,-1824.866821
0.342014,0.062313,-1824.7146
0.341701,0.063285,-1824.896851
0.339384,0.06353,-1824.347412
0.337699,0.062238,-1825.403076
0.33756,0.06245,-1825.0979
0.342251,0.062252,-1824.827881
0.342323,0.06297,-1824.505615
0.342713,0.062227,-1824.701904
0.341671,0.063659,-1825.563965
0.342075,0.065686,-1824.356934
0.34203,0.064562,-1824.782715
0.34142,0.064043,-1824.460571
0.343157,0.061721,-1824.17981
0.343157,0.061721,-1824.38623
0.343474,0.062993,-1824.131104
0.343153,0.064361,-1824.669922
0.342634,0.065979,-1824.206787
0.34348,0.066135,-1823.793701
0.343868,0.067032,-1824.27124
0.344188,0.066444,-1823.983521
0.344082,0.067271,-1824.573975
0.344082,0.067271,-1824.255127
0.344082,0.067271,-1824.682129
0.345778,0.068164,-1824.231934
0.345705,0.06865,-1824.033813
0.344929,0.069963,-1823.958374
0.344929,0.069963,-1824.087524
0.347153,0.07306,-1824.708862
0.347153,0.07306,-1824.457397
0.347153,0.07306,-1824.480347
0.347193,0.073257,-1823.984619
0.346601,0.073014,-1823.859863
0.349203,0.072073,-1824.652832
0.347952,0.070359,-1824.485718
0.348569,0.070686,-1824.593872
0.346283,0.070323,-1824.067261
0.345765,0.06914,-1823.960571
0.345765,0.06914,-1824.095459
0.345511,0.067984,-1824.788086
0.343426,0.067903,-1825.442383
0.343426,0.067903,-1823.659058
0.341309,0.067819,-1824.906494
0.343238,0.066797,-1824.047852
0.344576,0.06621,-1823.869141
0.342234,0.067725,-1823.349854
0.343574,0.066506,-1824.108887
0.342204,0.067641,-1824.203369
0.342204,0.067641,-1824.190308
0.342522,0.068522,-1824.453613
0.341761,0.068253,-1824.234985
0.343396,0.06782,-1824.234009
0.342925,0.066535,-1825.061157
0.342925,0.066535,-1824.204834
0.343754,0.065705,-1823.806152
0.343754,0.065705,-1823.905273
0.345981,0.06758,-1824.494263
0.348459,0.068778,-1823.816406
0.346752,0.069319,-1824.582397
0.346752,0.069319,-1823.928711
0.348211,0.068296,-1825.20459
0.346205,0.068531,-1824.05127
0.346697,0.06631,-1824.606079
0.348428,0.064367,-1825.416748
0.348975,0.063318,-1824.376587
0.351402,0.06181,-1825.091797
0.353475,0.063168,-1823.924561
0.357229,0.062903,-1825.445923
0.357401,0.062559,-1825.344482
0.354403,0.061595,-1825.029541
0.350778,0.060964,-1825.731934
0.35061,0.060093,-1824.633545
0.350898,0.061688,-1825.368774
0.349028,0.061928,-1824.716553
0.349818,0.062109,-1825.098999
0.350574,0.06291,-1824.512817
0.352717,0.06168,-1825.319336
0.352516,0.062939,-1825.263428
0.351843,0.062355,-1824.592407
0.351431,0.061394,-1824.787598
0.350912,0.060331,-1825.221069
0.348167,0.060336,-1825.803223
0.348167,0.060336,-1824.677612
0.348167,0.060336,-1825.145752
0.348212,0.059359,-1826.407715
0.349915,0.058516,-1825.564697
0.349279,0.059041,-1825.879272
0.349387,0.059798,-1825.380127
0.347559,0.058618,-1825.838013
0.347873,0.059111,-1825.687744
0.347873,0.059111,-1824.81958
0.347295,0.059447,-1825.622803
0.347642,0.061806,-1824.78833
0.350629,0.061535,-1824.661133
0.353951,0.061933,-1824.765259
0.353951,0.061933,-1825.065552
0.35601,0.060194,-1825.118652
0.355691,0.058791,-1825.440674
0.353803,0.057712,-1826.082764
0.357246,0.058739,-1825.420654
0.360555,0.058997,-1826.248169
0.360555,0.058997,-1826.7229
0.359811,0.060882,-1826.938232
0.359811,0.060882,-1825.441284
0.359821,0.060275,-1826.074219
0.357199,0.061651,-1825.827148
0.355826,0.062206,-1825.247192
0.355939,0.063381,-1825.375854
0.355939,0.063381,-1824.950684
0.353917,0.06156,-1825.377686
0.353815,0.061396,-1825.600342
0.353815,0.061396,-1825.312012
0.353815,0.061396,-1825.097656
0.353815,0.061396,-1825.35022
0.354599,0.061066,-1825.339844
0.354599,0.061066,-1824.930176
0.355105,0.060243,-1824.854492
0.353208,0.06037,-1825.364014
0.353598,0.060097,-1825.00293
0.354071,0.061015,-1825.140137
0.354071,0.061015,-1825.723877
0.354071,0.061015,-1825.206055
0.356347,0.061276,-1826.273193
0.356254,0.062409,-1825.74939
0.356333,0.063877,-1824.955322
0.356333,0.063877,-1825.285156
0.357091,0.063713,-1825.458252
0.357495,0.063585,-1825.866333
0.35787,0.063416,-1825.224121
0.358041,0.061805,-1825.791382
0.358283,0.060986,-1825.501953
0.358283,0.060986,-1825.422607
0.357571,0.060414,-1825.100708
0.356696,0.059136,-1825.908936
0.355988,0.059438,-1825.924805
0.357598,0.060535,-1825.438965
0.356376,0.061947,-1825.956787
0.35323,0.060882,-1824.834717
0.35291,0.060648,-1824.652954
0.352882,0.060251,-1825.288818
0.355105,0.059802,-1825.094849
0.355597,0.059655,-1825.505371
0.358017,0.058747,-1826.797363
0.359294,0.059286,-1826.570312
0.358246,0.058868,-1826.168823
0.358441,0.060286,-1825.223511
0.358441,0.060286,-1825.475586
0.359614,0.059807,-1826.49292
0.361048,0.05713,-1827.81543
0.361216,0.055165,-1827.150146
0.360562,0.057582,-1826.849365
0.360562,0.057582,-1825.949341
0.360869,0.057656,-1826.679199
0.361113,0.057537,-1826.466309
0.360438,0.05819,-1826.103027
0.360438,0.05819,-1826.421021
0.359624,0.057633,-1826.483398
0.35739,0.058246,-1826.393555
0.359592,0.056928,-1826.182129
0.361846,0.057824,-1826.780029
0.359195,0.057234,-1826.685425
0.359195,0.057234,-1825.922729
0.359122,0.056429,-1826.355225
0.359122,0.056429,-1826.325562
0.360383,0.057922,-1825.573608
0.362269,0.059017,-1827.035156
0.362269,0.059017,-1825.938965
0.362822,0.057791,-1827.450684
0.363485,0.056926,-1827.116211
0.364634,0.056622,-1828.052734
0.364634,0.056622,-1827.568848
0.363186,0.05594,-1828.046631
0.362557,0.053592,-1828.909058
0.364858,0.05682,-1827.038696
0.364858,0.05682,-1827.438843
0.364858,0.05682,-1827.095093
0.364691,0.0567,-1827.729492
0.364266,0.056269,-1827.484375
0.362865,0.055213,-1827.449585
0.362865,0.055213,-1828.251465
0.362098,0.055544,-1826.883057
0.364137,0.055873,-1826.911865
0.360811,0.054549,-1827.844116
0.360811,0.054549,-1827.213989
0.363329,0.056407,-1828.014526
0.363387,0.057792,-1827.580444
0.363387,0.057792,-1826.622437
0.363373,0.058649,-1826.904541
0.364837,0.05934,-1826.518921
0.362316,0.058367,-1826.571777
0.362316,0.058367,-1826.742676
0.364527,0.058953,-1827.272095
0.364952,0.059098,-1827.912598
0.365004,0.058427,-1827.162354
0.362835,0.055873,-1826.79895
0.362835,0.055873,-1827.145264
0.364419,0.055819,-1827.837402
0.36287,0.059155,-1827.525635
0.360382,0.056577,-1827.176758
0.357501,0.056441,-1826.258301
0.357402,0.056511,-1827.062256
0.357899,0.05543,-1827.249756
0.357899,0.05543,-1826.805542
0.358601,0.054944,-1826.866333
0.35635,0.054484,-1827.209229
0.356874,0.055751,-1826.241089
0.356874,0.055476,-1826.915771
0.355423,0.056491,-1826.822754
0.352071,0.055772,-1826.546631
0.349847,0.057458,-1826.69458
0.348985,0.055736,-1825.751953
0.349284,0.055687,-1825.982544
0.346219,0.055802,-1826.647949
0.346111,0.057119,-1825.696045
0.346111,0.057119,-1825.472656
0.348481,0.056313,-1825.762085
0.348321,0.053949,-1826.540771
0.348321,0.053949,-1826.072876
0.349411,0.054321,-1826.677856
0.349411,0.054321,-1826.173828
0.34985,0.053966,-1827.008301
0.350268,0.05267,-1826.821045
0.351821,0.051819,-1827.300049
0.351821,0.051819,-1827.012329
0.351232,0.049565,-1827.620972
0.354339,0.048173,-1829.24353
0.354339,0.048173,-1829.20459
0.354339,0.048173,-1829.393677
0.354832,0.048847,-1829.277222
0.356048,0.049981,-1829.049683
0.3553,0.05341,-1827.113037
0.354401,0.052247,-1827.864746
0.354401,0.052247,-1827.656006
0.354524,0.051543,-1828.036621
0.355358,0.051002,-1828.209717
0.355112,0.051335,-1828.694824
0.354403,0.051837,-1828.371338
0.354823,0.05087,-1827.56604
0.354302,0.049343,-1827.364258
0.354302,0.049343,-1829.006348
0.352014,0.049635,-1828.09668
0.352014,0.049635,-1827.852783
0.351727,0.04939,-1828.786743
0.350449,0.049903,-1828.503662
0.349883,0.048974,-1828.675293
0.348479,0.048935,-1829.000977
0.348322,0.049502,-1828.054443
0.348255,0.049397,-1828.252197
0.349055,0.050176,-1828.436157
0.347917,0.050572,-1828.234497
0.348193,0.048049,-1829.453735
0.3478,0.048792,-1829.16748
0.346396,0.04844,-1828.935303
0.346396,0.04844,-1829.232422
0.346396,0.04844,-1829.483887
0.344008,0.048999,-1828.461426
0.346922,0.047962,-1828.730591
0.346922,0.047962,-1829.240234
0.344585,0.04758,-1829.051514
0.343938,0.047998,-1828.635986
0.341606,0.046897,-1829.19458
0.341055,0.047096,-1829.460449
0.342489,0.047038,-1829.672363
0.342623,0.046539,-1829.335571
0.34256,0.046254,-1830.586182
0.342105,0.045203,-1830.409424
0.342105,0.045203,-1830.527832
0.341458,0.044212,-1831.566895
0.341458,0.044212,-1830.661377
0.343034,0.04553,-1828.868896
0.343034,0.04553,-1829.994507
0.346679,0.046569,-1829.514038
0.348003,0.046645,-1829.403442
0.347162,0.046013,-1829.965698
0.348233,0.046728,-1829.446167
0.348991,0.047577,-1829.933594
0.348724,0.047433,-1828.831299
0.346365,0.049529,-1828.861084
0.346244,0.049454,-1828.506226
0.345492,0.04848,-1828.488281
0.346038,0.04963,-1828.483643
0.345435,0.050088,-1828.52771
0.34387,0.049934,-1828.304932
0.344296,0.050932,-1827.908447
0.345427,0.053151,-1827.530762
0.34537,0.052171,-1826.669189
0.34537,0.052171,-1827.270874
0.345896,0.052412,-1827.4729
0.345896,0.052412,-1826.763916
0.345896,0.052412,-1826.623047
0.344937,0.052656,-1826.859619
0.346413,0.051694,-1827.555176
0.344227,0.053342,-1827.42395
0.341954,0.051452,-1827.254883
0.340495,0.052668,-1826.852661
0.340082,0.052694,-1826.569702
0.340082,0.052694,-1827.604248
0.336577,0.053638,-1826.977173
0.336836,0.053732,-1826.368408
0.33719,0.054596,-1826.676758
0.335871,0.053434,-1825.904541
0.334197,0.053817,-1826.951172
0.331452,0.053546,-1827.340454
0.331265,0.054295,-1827.483643
0.331044,0.054649,-1827.699951
0.331044,0.054649,-1827.527832
0.331044,0.054649,-1827.393555
0.332078,0.055063,-1826.543335
0.333086,0.055726,-1826.926147
0.334468,0.055391,-1826.259766
0.334468,0.055391,-1826.442017
0.334468,0.055391,-1826.634033
0.331178,0.054335,-1826.877441
0.331178,0.054335,-1826.597412
0.33309,0.0536,-1827.023193
0.333933,0.054681,-1825.504639
0.333933,0.054681,-1826.458984
0.334604,0.053411,-1826.906738
0.334604,0.053411,-1826.766113
0.332526,0.054062,-1826.816772
0.332526,0.054062,-1827.259644
0.332526,0.054062,-1827.248291
0.328569,0.055189,-1826.815186
0.326201,0.053493,-1828.295532
0.326201,0.053493,-1828.378052
0.326201,0.053493,-1828.131348
0.326201,0.053493,-1828.053955
0.325644,0.053522,-1827.83728
0.325502,0.05298,-1827.945801
0.325502,0.05298,-1828.078979
0.324935,0.05192,-1828.634033
0.324935,0.05192,-1829.330566
0.323568,0.050751,-1829.573364
0.325979,0.051159,-1828.270508
0.325979,0.051159,-1827.830078
0.325979,0.051159,-1827.985962
0.325574,0.050332,-1829.482178
0.327898,0.051003,-1828.944092
0.329744,0.051201,-1828.39502
0.330627,0.049682,-1829.117554
0.330627,0.049682,-1829.03125
0.330994,0.04972,-1829.280273
0.332027,0.050199,-1828.689331
0.331824,0.049791,-1828.758667
0.33372,0.049871,-1828.048218
0.33372,0.049871,-1828.555542
0.335743,0.047119,-1830.620605
0.335743,0.047119,-1829.236328
0.335743,0.047119,-1829.887695
0.336329,0.046509,-1831.08252
0.336383,0.046731,-1829.163574
0.336383,0.046731,-1829.842163
0.337056,0.045851,-1829.751465
0.33607,0.046796,-1829.660889
0.336018,0.045753,-1830.503784
0.334111,0.046682,-1829.480225
0.333402,0.04715,-1829.171509
0.335678,0.046062,-1829.9375
0.335678,0.046062,-1829.875488
0.336524,0.048953,-1829.091064
0.337277,0.04891,-1829.01416
0.337277,0.04891,-1828.503296
0.337213,0.049647,-1829.397217
0.335977,0.05049,-1828.431274
0.336179,0.050856,-1827.677002
0.336179,0.050856,-1828.315918
0.336713,0.050179,-1828.448853
0.335142,0.049895,-1828.623657
0.334015,0.05019,-1827.359497
0.335308,0.05095,-1828.100098
0.335308,0.05095,-1827.610352
0.332345,0.049862,-1828.321289
0.332155,0.051068,-1829.172363
0.332155,0.051068,-1829.223022
0.333261,0.05121,-1828.311035
0.333095,0.049289,-1829.015137
0.332714,0.050493,-1827.976807
0.332714,0.050493,-1827.921631
0.332591,0.051825,-1827.816895
0.331942,0.052091,-1828.23584
0.333506,0.052877,-1827.890625
0.334381,0.050641,-1828.280762
0.332851,0.051421,-1828.088501
0.334402,0.05009,-1827.594482
0.335228,0.049773,-1828.801758
0.335228,0.049773,-1828.272583
0.335118,0.049702,-1828.644531
0.337351,0.050072,-1827.855591
0.336604,0.048909,-1829.273071
0.337763,0.051279,-1827.06665
0.33747,0.050888,-1827.557251
0.337561,0.047788,-1828.977905
0.335941,0.047683,-1828.556763
0.338583,0.046353,-1829.575928
0.338583,0.046353,-1829.390991
0.33916,0.047783,-1829.212646
0.339399,0.047236,-1830.253174
0.339294,0.047774,-1829.816406
0.338192,0.048615,-1828.873291
0.339742,0.050235,-1828.070923
0.34224,0.051174,-1827.994873
0.34224,0.051174,-1827.462646
0.343057,0.049156,-1828.661133
0.344874,0.049975,-1828.000366
0.346301,0.050817,-1828.207764
0.346025,0.050514,-1827.194092
0.346025,0.050514,-1827.526978
0.346025,0.050514,-1827.493896
0.346655,0.050569,-1828.020264
0.346472,0.052105,-1827.313477
0.346321,0.054017,-1826.821655
0.349734,0.055109,-1827.253418
0.349442,0.05179,-1826.981567
0.348536,0.052322,-1827.601196
0.348536,0.052322,-1826.935913
0.348855,0.052378,-1827.842529
0.348655,0.05268,-1827.671753
0.346744,0.053644,-1826.67981
0.348225,0.054041,-1827.136719
0.348225,0.054041,-1826.168701
0.346924,0.05395,-1827.305908
0.346841,0.052876,-1827.094604
0.345363,0.053894,-1826.986084
0.344905,0.054002,-1826.85498
0.345149,0.052587,-1827.181519
0.347531,0.053751,-1827.022949
0.345469,0.054949,-1826.597412
0.345469,0.054949,-1826.249146
0.347511,0.056019,-1826.398682
0.349467,0.053732,-1826.742188
0.349954,0.054017,-1826.948975
0.349954,0.054017,-1825.888916
0.35475,0.053474,-1827.611816
0.354423,0.054709,-1826.557617
0.354423,0.054709,-1827.046875
0.354174,0.055387,-1827.2146
0.354712,0.054029,-1827.213867
0.355674,0.054275,-1826.998779
0.356343,0.056009,-1826.849487
0.35548,0.058032,-1826.805664
0.35548,0.058032,-1825.553711
0.356148,0.059459,-1826.390625
0.354998,0.058803,-1826.035522
0.354998,0.058803,-1825.068481
0.356123,0.058738,-1826.088501
0.356848,0.059411,-1826.305176
0.355863,0.058702,-1826.175537
0.355022,0.057878,-1825.447266
0.355475,0.059265,-1826.090332
0.356313,0.05775,-1826.006836
0.35562,0.05996,-1825.647949
0.3522,0.061022,-1824.857544
0.352727,0.060812,-1824.907715
0.352727,0.060812,-1824.873169
0.352727,0.060812,-1824.834961
0.352727,0.060812,-1824.973633
0.353641,0.060617,-1825.783203
0.356321,0.058645,-1825.833984
0.355146,0.059602,-1826.241089
0.354918,0.059402,-1825.642334
0.354146,0.057571,-1826.588623
0.353222,0.057433,-1826.392334
0.353541,0.05776,-1825.572388
0.352054,0.05839,-1826.009399
0.352054,0.05839,-1825.304321
0.351001,0.058608,-1825.49353
0.351001,0.058608,-1824.869385
0.353744,0.060566,-1825.861816
0.354575,0.060932,-1825.234009
0.35444,0.061561,-1825.102295
0.355896,0.062433,-1825.51416
0.354482,0.063101,-1824.798828
0.352292,0.063393,-1824.280396
0.35113,0.062136,-1825.087036
0.350913,0.060469,-1825.309692
0.353624,0.061001,-1825.0979
0.353624,0.061001,-1825.515381
0.350569,0.060246,-1825.295288
0.349352,0.059787,-1824.87915
0.348589,0.057211,-1825.799805
0.347303,0.060032,-1826.185181
0.347303,0.060032,-1825.136719
0.347303,0.060032,-1825.088623
0.34662,0.060562,-1825.036377
0.343674,0.059698,-1825.402832
0.345697,0.056945,-1826.239502
0.347775,0.057428,-1825.912109
0.348353,0.057936,-1825.61084
0.3482,0.056475,-1825.599731
0.34797,0.056804,-1825.948486
0.351812,0.057604,-1825.740967
0.35414,0.057896,-1826.282227
0.353291,0.057839,-1825.784912
0.352551,0.058285,-1825.617676
0.351438,0.057269,-1826.247437
0.352351,0.057353,-1825.650879
0.352523,0.059815,-1825.70105
0.355209,0.058224,-1825.62915
0.355634,0.05857,-1826.116089
0.353655,0.058128,-1826.429443
0.35325,0.057087,-1826.39624
0.353431,0.05689,-1826.045776
0.353431,0.05689,-1826.210449
0.353431,0.05689,-1826.490967
0.354888,0.05665,-1826.662842
0.354888,0.05665,-1826.237183
0.356207,0.056749,-1827.155273
0.356207,0.056749,-1826.199219
0.356207,0.056749,-1825.666992
0.356207,0.056749,-1825.799805
0.356207,0.056749,-1826.706543
0.356207,0.056749,-1826.405273
0.356025,0.0586,-1826.376221
0.35638,0.059953,-1825.809448
0.353556,0.061332,-1825.049683
0.35018,0.059757,-1825.042969
0.35018,0.059757,-1824.9646
0.350804,0.057882,-1825.063477
0.347968,0.059059,-1825.783936
0.348513,0.05846,-1825.947998
0.348926,0.056919,-1825.748169
0.347982,0.058263,-1825.348877
0.349097,0.057784,-1825.0802
0.350049,0.059526,-1824.722412
0.350049,0.059526,-1825.471802
0.350049,0.059526,-1825.120972
0.350049,0.059526,-1824.340332
0.350049,0.059526,-1825.434692
0.350964,0.059511,-1825.088501
0.348736,0.058487,-1825.862915
0.35373,0.057611,-1825.477051
0.356083,0.060306,-1825.484863
0.35518,0.059803,-1825.224854
0.35518,0.059803,-1825.400757
0.35518,0.059803,-1825.909912
0.357542,0.062532,-1825.433472
0.3559,0.061904,-1825.87146
0.3559,0.061904,-1825.479736
0.356863,0.06073,-1825.909424
0.356863,0.06073,-1825.440552
0.355997,0.058209,-1825.376465
0.357935,0.058335,-1825.985596
0.356143,0.05946,-1826.346191
0.357605,0.060562,-1825.872803
0.360934,0.060783,-1825.453491
0.360934,0.060783,-1825.885986
0.36229,0.0621,-1825.309814
0.36498,0.062194,-1826.092773
0.363007,0.06238,-1826.049072
0.36199,0.062595,-1825.37915
0.36013,0.060598,-1826.27417
0.360986,0.061603,-1825.552979
0.361154,0.064322,-1825.700684
0.361237,0.064756,-1825.705078
0.363494,0.063926,-1825.960205
0.368775,0.065646,-1826.141357
0.370932,0.067974,-1826.670288
0.372997,0.067173,-1826.584106
0.374754,0.066617,-1828.282715
0.374754,0.066617,-1826.714111
0.373089,0.067497,-1827.565918
0.372362,0.066743,-1827.235596
0.371907,0.066234,-1826.030396
0.372788,0.066813,-1828.292358
0.372788,0.066813,-1827.516113
0.369433,0.06736,-1826.402832
0.369761,0.067461,-1827.120605
0.371048,0.067349,-1827.370117
0.371048,0.067349,-1826.493286
0.369953,0.068034,-1826.703979
0.368834,0.06616,-1827.603516
0.368834,0.06616,-1826.880005
0.370271,0.0662,-1826.725342
0.371086,0.063823,-1827.113281
0.371086,0.063823,-1826.973145
0.368501,0.064687,-1826.56958
0.368501,0.064687,-1826.517578
0.368267,0.066352,-1826.081909
0.368679,0.06769,-1826.59668
0.369726,0.067029,-1827.173096
0.369726,0.067029,-1825.846436
0.369658,0.067027,-1827.165771
0.369658,0.067027,-1826.362793
0.371243,0.06694,-1827.199951
0.371243,0.06694,-1826.131104
0.369019,0.06642,-1826.202148
0.367594,0.068602,-1826.018799
0.370094,0.065678,-1827.952148
0.370094,0.065678,-1827.375977
0.370204,0.065738,-1826.165771
0.370661,0.065218,-1827.61853
0.367314,0.065552,-1826.39624
0.369036,0.065242,-1826.740967
0.369417,0.065577,-1825.954346
0.368839,0.065851,-1826.250488
0.367462,0.066595,-1826.517822
0.36385,0.066615,-1825.685059
0.358055,0.067025,-1824.867188
0.356602,0.067953,-1824.768799
0.35634,0.069863,-1824.387573
0.355708,0.070558,-1825.118652
0.35413,0.069339,-1825.470459
0.353899,0.068075,-1824.175781
0.353318,0.066625,-1824.521484
0.354344,0.066302,-1825.176147
0.354344,0.066302,-1825.181152
0.356534,0.065164,-1824.52771
0.358461,0.063286,-1825.123535
0.357786,0.06407,-1825.861816
0.35839,0.06367,-1826.304443
0.359576,0.064675,-1825.271973
0.35653,0.064926,-1824.634033
0.357611,0.064561,-1824.797241
0.35765,0.062577,-1825.491089
0.355236,0.06171,-1825.935669
0.352355,0.06379,-1824.857178
0.354768,0.065633,-1825.339844
0.354768,0.065633,-1824.94812
0.355315,0.064237,-1824.813965
0.353791,0.063787,-1825.041016
0.354492,0.065882,-1824.457764
0.35415,0.067153,-1825.143188
0.354128,0.067648,-1823.832275
0.35355,0.066172,-1825.023804
0.352903,0.065477,-1824.074585
0.353086,0.066611,-1823.712891
0.353086,0.066611,-1823.463623
0.352879,0.068892,-1824.765259
0.352742,0.068675,-1824.18042
0.352742,0.068675,-1825.125366
0.352897,0.069413,-1824.727051
0.352897,0.069413,-1824.44519
0.352897,0.069413,-1824.628296
0.352962,0.070879,-1824.966187
0.35424,0.069181,-1825.350586
0.353236,0.066499,-1824.61084
0.351714,0.065875,-1824.663818
0.350938,0.066417,-1824.600342
0.349316,0.065116,-1824.275879
0.347266,0.066087,-1824.080811
0.346666,0.065784,-1824.382935
0.34582,0.067268,-1823.907227
0.348372,0.065518,-1824.549316
0.348372,0.065518,-1824.967651
0.347342,0.064859,-1824.271729
0.344533,0.065163,-1824.441772
0.344224,0.065946,-1824.492432
0.344269,0.064982,-1824.673828
0.345706,0.064523,-1824.762695
0.347285,0.064754,-1824.432739
0.347285,0.064754,-1824.672241
0.345605,0.063965,-1824.438965
0.34519,0.062562,-1824.892334
0.345278,0.06373,-1825.05542
0.345017,0.062844,-1824.36377
0.347058,0.063516,-1824.535522
0.347748,0.061639,-1824.598755
0.348499,0.063462,-1824.894775
0.349013,0.062072,-1824.549316
0.345764,0.063417,-1824.546631
0.344972,0.063143,-1824.219727
0.344972,0.063143,-1824.273438
0.344446,0.06635,-1823.978516
0.347842,0.069082,-1824.879639
0.348255,0.069141,-1824.815063
0.348724,0.069002,-1824.577881
0.350569,0.067554,-1824.675293
0.350569,0.067554,-1824.757812
0.350837,0.066616,-1824.130249
0.34952,0.066454,-1824.981201
0.350011,0.064063,-1824.634033
0.350011,0.064063,-1824.145264
0.352109,0.062769,-1824.553589
0.353698,0.063719,-1824.619751
0.353698,0.063719,-1824.635254
0.353574,0.067061,-1824.580688
0.35188,0.068737,-1825.054443
0.348462,0.068262,-1824.440186
0.346697,0.067433,-1823.988892
0.345854,0.067271,-1824.039062
0.346382,0.067584,-1824.678833
0.346382,0.067584,-1824.109863
0.344174,0.067079,-1824.222168
0.342474,0.068208,-1824.026611
0.340817,0.068824,-1823.935547
0.340817,0.068824,-1823.439941
0.341423,0.069223,-1823.984985
0.338819,0.06753,-1824.008911
0.339387,0.067442,-1824.737671
0.340404,0.068888,-1824.371704
0.340404,0.068888,-1824.009033
0.338852,0.06874,-1824.008667
0.339787,0.068617,-1824.677856
0.33641,0.066425,-1824.520874
0.337048,0.066703,-1824.147217
0.337048,0.066703,-1824.552979
0.337048,0.066703,-1824.578979
0.337048,0.066703,-1824.427612
0.338891,0.067328,-1824.691406
0.340504,0.066656,-1825.252686
0.341439,0.066569,-1824.179688
0.33807,0.065388,-1824.626953
0.339484,0.065143,-1823.635254
0.341602,0.064956,-1824.572144
0.341602,0.064956,-1824.1427
0.341602,0.064956,-1824.783569
0.343046,0.064851,-1824.141846
0.342414,0.065701,-1824.091064
0.343968,0.068764,-1823.87207
0.343367,0.066732,-1824.048218
0.344136,0.065883,-1824.466675
0.347044,0.06561,-1824.237549
0.346784,0.067038,-1824.037598
0.34594,0.068976,-1824.341309
0.345613,0.067356,-1824.61731
0.345613,0.067356,-1824.000244
0.345613,0.067356,-1823.508545
0.344096,0.06776,-1823.933594
0.339017,0.066941,-1825.204346
0.339017,0.066941,-1824.373291
0.339587,0.067517,-1825.179321
0.338689,0.069714,-1824.124756
0.338689,0.069714,-1823.600952
0.338626,0.069626,-1825.051025
0.335069,0.068735,-1824.827881
0.335069,0.068735,-1824.775146
0.336542,0.070357,-1824.51123
0.331365,0.071167,-1824.85498
0.33177,0.072131,-1824.166748
0.331183,0.073033,-1824.210083
0.331183,0.073033,-1824.408813
0.331559,0.074909,-1824.55127
0.332214,0.075506,-1824.654541
0.334122,0.075367,-1825.362305
0.33516,0.075657,-1824.596191
0.33516,0.075657,-1824.271729
0.337745,0.078181,-1824.474121
0.334767,0.080495,-1825.13916
0.335117,0.080285,-1825.279541
0.335117,0.080285,-1825.261963
0.335038,0.079144,-1825.559937
0.332539,0.079317,-1824.838867
0.334403,0.081093,-1825.095703
0.332029,0.081643,-1825.608643
0.332175,0.081861,-1825.275146
0.328054,0.081155,-1826.820801
0.325099,0.079454,-1826.693726
0.326105,0.078419,-1826.183105
0.324724,0.078855,-1826.588379
0.325889,0.079428,-1826.516846
0.325889,0.079428,-1826.469727
0.325889,0.079428,-1825.705688
0.327087,0.079198,-1825.630127
0.323868,0.078443,-1825.929443
0.323868,0.078443,-1826.358154
0.324715,0.07678,-1826.181152
0.323827,0.075141,-1826.767578
0.324235,0.074775,-1827.128174
0.323572,0.076588,-1826.196045
0.324073,0.077129,-1826.297363
0.325143,0.078301,-1825.494873
0.32445,0.075221,-1826.977905
0.32445,0.075221,-1826.320679
0.326132,0.076392,-1825.610352
0.326181,0.076106,-1825.626099
0.322991,0.074233,-1826.669556
0.326184,0.073903,-1825.265869
0.326366,0.075002,-1826.140625
0.326633,0.073478,-1826.630371
0.326633,0.073478,-1825.627075
0.327102,0.074101,-1825.543701
0.326415,0.073379,-1826.135742
0.326415,0.073379,-1825.15686
0.326415,0.073379,-1825.417969
0.325742,0.075135,-1826.780029
0.32272,0.073972,-1826.52417
0.32272,0.073972,-1826.390259
0.319971,0.071774,-1827.429321
0.322463,0.072301,-1826.109009
0.322188,0.071719,-1827.4552
0.322843,0.071306,-1825.432495
0.323358,0.073576,-1826.658936
0.321521,0.073047,-1826.422729
0.321931,0.073194,-1826.652344
0.324353,0.0737,-1826.164307
0.324252,0.074123,-1827.606445
0.322346,0.075259,-1827.637207
0.321301,0.073555,-1826.99353
0.320396,0.073121,-1826.522461
0.32274,0.072239,-1827.342041
0.324793,0.073428,-1826.103027
0.322268,0.07282,-1827.665771
0.321976,0.072818,-1826.354736
0.322738,0.074511,-1827.475098
0.322738,0.074511,-1826.259644
0.322738,0.074511,-1826.413208
0.322738,0.074511,-1825.842896
0.322738,0.074511,-1826.587769
0.321068,0.074371,-1826.808105
0.320265,0.076463,-1826.79895
0.318519,0.075841,-1828.162109
0.317862,0.075291,-1827.237061
0.317917,0.075555,-1827.491943
0.317917,0.075555,-1828.414795
0.317917,0.075555,-1828.575684
0.318443,0.073582,-1829.873413
0.318443,0.073582,-1826.738525
0.320299,0.073386,-1827.348145
0.320299,0.073386,-1826.038086
0.320299,0.073386,-1827.559326
0.320398,0.075019,-1826.687988
0.320398,0.075019,-1826.742798
0.320398,0.075019,-1827.476318
0.324259,0.074475,-1827.790527
0.323415,0.074111,-1826.251709
0.32728,0.072655,-1825.223022
0.329239,0.071742,-1825.384155
0.329666,0.072113,-1825.300049
0.329666,0.072113,-1823.789429
0.329666,0.072113,-1824.909546
0.329666,0.072113,-1824.916748
0.327891,0.070292,-1824.873535
0.326049,0.071421,-1824.927246
0.327024,0.07255,-1825.874634
0.327024,0.07255,-1824.949951
0.327024,0.07255,-1824.913574
0.327488,0.072678,-1824.806274
0.328704,0.071172,-1825.729248
0.32867,0.070288,-1826.001709
0.328834,0.07027,-1825.370117
0.328834,0.07027,-1824.846191
0.328834,0.07027,-1824.691895
0.329083,0.069382,-1825.55603
0.331406,0.070692,-1825.547852
0.330155,0.070636,-1825.073486
0.330155,0.070636,-1824.665527
0.330179,0.070752,-1824.93689
0.330179,0.070752,-1824.712769
0.332437,0.07367,-1824.990967
0.33336,0.075209,-1824.401245
0.331743,0.075145,-1825.195068
0.333923,0.077786,-1825.098633
0.333675,0.079397,-1824.651123
0.333401,0.077209,-1825.55835
0.332181,0.077261,-1824.970947
0.3318,0.077601,-1825.737549
0.332825,0.078855,-1825.32373
0.332825,0.078855,-1824.74939
0.333749,0.079649,-1826.06543
0.333749,0.079649,-1824.80127
0.334406,0.078468,-1825.184814
0.334406,0.078468,-1825.083496
0.334406,0.078468,-1824.691162
0.33403,0.077946,-1825.484863
0.33689,0.07803,-1824.81897
0.338379,0.077619,-1824.381348
0.337113,0.076539,-1824.499878
0.337773,0.076685,-1824.639404
0.33819,0.076579,-1823.93811
0.339648,0.075655,-1824.085938
0.33946,0.075429,-1824.826416
0.33946,0.075429,-1824.055664
0.339944,0.074463,-1824.698975
0.342088,0.072342,-1824.946289
0.341857,0.070044,-1824.120361
0.340526,0.067423,-1825.154053
0.340526,0.067423,-1824.273193
0.34069,0.065211,-1823.890625
0.34069,0.065211,-1823.961914
0.340239,0.065618,-1824.401855
0.340239,0.065618,-1824.129028
0.340239,0.065618,-1823.792969
0.340239,0.065618,-1823.797363
0.34093,0.066638,-1824.466797
0.341173,0.066393,-1824.915161
0.341173,0.066393,-1824.290283
0.344083,0.066192,-1824.921997
0.342986,0.065717,-1824.428833
0.343855,0.063794,-1823.634521
0.345585,0.062895,-1824.723877
0.345714,0.063826,-1824.218994
0.344707,0.063818,-1825.27771
0.344707,0.063818,-1823.843628
0.344891,0.061976,-1824.866211
0.344587,0.063227,-1824.947998
0.344369,0.0615,-1825.352905
0.344369,0.0615,-1824.171143
0.346936,0.064343,-1824.376465
0.348666,0.062792,-1825.079102
0.347696,0.066546,-1823.949585
0.347696,0.066546,-1824.075928
0.347312,0.065891,-1823.970947
0.345471,0.065128,-1824.170898
0.345471,0.065128,-1824.264404
0.345471,0.065128,-1824.448486
0.345662,0.065252,-1824.506836
0.345662,0.065252,-1823.871582
0.345662,0.065252,-1823.960938
0.344624,0.064877,-1823.894165
0.343619,0.064058,-1824.511353
0.344489,0.064507,-1824.530396
0.345465,0.06322,-1824.567627
0.343732,0.063605,-1824.100708
0.343318,0.062739,-1824.656006
0.3452,0.063077,-1825.333252
0.347796,0.063212,-1825.272461
0.345877,0.064761,-1824.442627
0.347518,0.064186,-1824.235352
0.344847,0.064201,-1823.850342
0.344847,0.064201,-1824.330811
0.345854,0.064305,-1824.647461
0.347121,0.064508,-1824.384521
0.347458,0.066246,-1824.064453
0.347458,0.066246,-1823.789551
0.347407,0.068633,-1823.938354
0.346743,0.06764,-1824.428101
0.347515,0.067282,-1823.987183
0.347357,0.067255,-1824.893677
0.349014,0.066573,-1824.576416
0.348912,0.067438,-1823.841797
0.347849,0.066872,-1823.519775
0.346109,0.066067,-1824.377441
0.345675,0.065692,-1823.945435
0.344095,0.067135,-1825.123169
0.344024,0.06661,-1824.37854
0.346718,0.068531,-1824.019409
0.346718,0.068531,-1823.615601
0.346718,0.068531,-1824.279907
0.348434,0.068089,-1824.570068
0.345544,0.069036,-1823.410278
0.346377,0.068757,-1824.224121
0.347922,0.069273,-1824.583618
0.346105,0.072022,-1824.440063
0.346635,0.069608,-1824.284546
0.344039,0.069768,-1824.143799
0.347357,0.071479,-1824.678101
0.346585,0.072133,-1824.716675
0.347532,0.069164,-1824.381104
0.345914,0.068175,-1823.664429
0.345914,0.068175,-1824.302246
0.345914,0.068175,-1824.450073
0.346608,0.068877,-1823.41394
0.345679,0.069436,-1824.374512
0.345185,0.068613,-1824.591309
0.34533,0.070906,-1824.146362
0.345397,0.0731,-1823.988892
0.343909,0.073432,-1824.982666
0.344178,0.073789,-1823.899292
0.344498,0.07414,-1824.220215
0.343022,0.073335,-1824.68335
0.343022,0.073335,-1823.590942
0.342162,0.073658,-1824.363281
0.338674,0.074633,-1823.811401
0.338674,0.074633,-1823.75354
0.338893,0.073852,-1824.789429
0.337076,0.072096,-1824.450195
0.336042,0.070341,-1824.048584
0.336042,0.070341,-1824.279785
0.334965,0.070488,-1824.802246
0.335551,0.070932,-1824.669434
0.337406,0.069749,-1824.033447
0.33673,0.069528,-1824.495605
0.338846,0.068939,-1824.351318
0.339417,0.068653,-1824.239136
0.337882,0.070157,-1824.805664
0.33742,0.069458,-1824.775879
0.33742,0.069458,-1824.059814
0.339007,0.069898,-1824.038696
0.341334,0.070998,-1824.714844
0.342471,0.071299,-1824.068726
0.341059,0.072851,-1823.699585
0.342815,0.072491,-1824.086792
0.342777,0.072013,-1823.640503
0.342777,0.072013,-1823.28772
0.343179,0.074422,-1824.857178
0.341188,0.075574,-1824.232666
0.340455,0.075268,-1824.447998
0.341946,0.075428,-1824.619507
0.344227,0.075824,-1824.279053
0.34134,0.074861,-1823.825439
0.341864,0.075545,-1824.428955
0.341864,0.075545,-1824.366211
0.341864,0.075545,-1824.086182
0.342106,0.077297,-1825.214355
0.343867,0.077417,-1824.667725
0.341222,0.076029,-1824.57666
0.341527,0.075929,-1824.655396
0.341527,0.075929,-1824.025513
0.340166,0.075527,-1824.491211
0.33914,0.074912,-1824.907959
0.339035,0.073777,-1824.185669
0.338429,0.075656,-1824.292969
0.337832,0.074673,-1824.896729
0.341107,0.075395,-1824.008667
0.343577,0.076355,-1824.032593
0.341969,0.075142,-1825.17334
0.340979,0.075468,-1824.301025
0.339026,0.0774,-1824.573242
0.341615,0.077518,-1824.872314
0.341706,0.078844,-1824.865723
0.340788,0.078594,-1824.946411
0.342886,0.079317,-1824.504639
0.342886,0.079317,-1824.770264
0.34337,0.079787,-1824.708374
0.342579,0.080935,-1825.115479
0.341146,0.082618,-1825.608887
0.342277,0.082679,-1824.963623
0.342277,0.082679,-1825.688477
0.342244,0.084191,-1825.723877
0.339452,0.083503,-1826.178101
0.339025,0.082171,-1825.698975
0.339025,0.082171,-1825.160889
0.338734,0.082263,-1825.868408
0.339093,0.081177,-1825.474243
0.338925,0.082091,-1825.163208
0.339461,0.084145,-1825.657959
0.340723,0.083496,-1825.943237
0.340842,0.084473,-1825.442505
0.341774,0.083351,-1824.660889
0.343841,0.081795,-1825.560181
0.346492,0.080879,-1824.911987
0.343995,0.08001,-1824.434448
0.343572,0.081784,-1825.41748
0.343924,0.082425,-1825.181885
0.343924,0.082425,-1824.955566
0.345404,0.084116,-1825.200928
0.345404,0.084116,-1825.373657
0.3437,0.083093,-1825.356689
0.344081,0.083362,-1826.107178
0.344637,0.081018,-1825.3396
0.341867,0.082089,-1824.773193
0.342515,0.079984,-1824.97583
0.343565,0.08117,-1825.240723
0.342483,0.079963,-1824.945068
0.33961,0.078859,-1824.201172
0.33937,0.078863,-1825.093628
0.341618,0.078329,-1825.450684
0.340082,0.080301,-1825.402466
0.340408,0.080412,-1825.120605
0.34081,0.078743,-1824.836914
0.342778,0.07723,-1824.654297
0.341311,0.076021,-1824.64209
0.343986,0.074587,-1823.923096
0.346231,0.074337,-1824.571533
0.346231,0.074337,-1823.933472
0.342694,0.072093,-1824.566528
0.343226,0.06914,-1825.550415
0.345103,0.071101,-1824.845581
0.347513,0.069316,-1823.877197
0.347513,0.069316,-1824.341553
0.344811,0.06976,-1824.922119
0.34648,0.069792,-1824.172729
0.346881,0.06895,-1823.747925
0.348624,0.070239,-1824.442871
0.348624,0.070239,-1824.412842
0.347224,0.070077,-1824.730591
0.345253,0.069139,-1823.931763
0.346487,0.068101,-1825.080078
0.346487,0.068101,-1824.255371
0.346487,0.068101,-1823.669067
0.343581,0.066435,-1824.248047
0.343702,0.066303,-1823.611206
0.341921,0.068878,-1823.83313
0.34124,0.069732,-1824.182739
0.34124,0.069732,-1823.595215
0.340898,0.070084,-1824.747559
0.339826,0.069713,-1823.351562
0.340286,0.071013,-1824.041748
0.340625,0.069382,-1824.137695
0.338732,0.071302,-1824.118774
0.338732,0.071302,-1824.17627
0.338443,0.071227,-1824.322876
0.339356,0.071087,-1823.814087
0.335805,0.071181,-1824.276611
0.338288,0.070932,-1823.799927
0.338271,0.072179,-1824.52417
0.337285,0.074642,-1824.760376
0.337295,0.074579,-1823.756714
0.335544,0.076141,-1823.895996
0.33737,0.079449,-1825.371094
0.337665,0.078501,-1824.823975
0.337028,0.077251,-1824.784424
0.337313,0.076458,-1824.650879
0.33954,0.074903,-1824.258057
0.335534,0.076114,-1824.432129
0.335683,0.079264,-1825.908936
0.335683,0.079264,-1825.093506
0.33722,0.077402,-1824.751343
0.335439,0.076078,-1824.751587
0.33689,0.07611,-1825.265137
0.337233,0.075216,-1824.888184
0.337263,0.075566,-1824.291016
0.337263,0.075566,-1824.881836
0.337305,0.076478,-1824.885986
0.337305,0.076478,-1825.210449
0.335431,0.076733,-1824.277588
0.335431,0.076733,-1824.292358
0.336139,0.077167,-1825.060791
0.335368,0.077371,-1824.622803
0.335368,0.077371,-1823.726807
0.335368,0.077371,-1824.498657
0.333046,0.075699,-1824.916626
0.332739,0.075206,-1824.272217
0.3343,0.073815,-1824.436768
0.335527,0.074147,-1825.360718
0.33582,0.07289,-1824.281982
0.337536,0.072041,-1824.283325
0.336711,0.071525,-1823.869507
0.336949,0.071383,-1823.07312
0.337675,0.070193,-1824.663086
0.337892,0.070752,-1824.52124
0.339169,0.069264,-1824.606201
0.33913,0.068029,-1824.229004
0.34134,0.071403,-1823.550293
0.34134,0.071403,-1823.989502
0.34134,0.071403,-1824.220703
0.33807,0.070866,-1824.631348
0.338914,0.073525,-1825.220947
0.338914,0.073525,-1824.0448
0.338362,0.071833,-1824.505371
0.338196,0.073118,-1824.161377
0.339602,0.072701,-1824.738037
0.339602,0.072701,-1823.595825
0.339602,0.072701,-1824.228516
0.338236,0.072488,-1824.740234
0.336973,0.071248,-1824.291748
0.338956,0.071401,-1824.743164
0.340357,0.071019,-1824.028931
0.34077,0.071597,-1823.657471
0.339354,0.069376,-1824.238647
0.339354,0.069376,-1822.702271
0.339703,0.069456,-1824.359741
0.339703,0.069456,-1824.463379
0.341378,0.068903,-1823.539795
0.339432,0.066302,-1825.251953
0.342225,0.065995,-1824.17627
0.342988,0.067875,-1823.352783
0.343802,0.066412,-1825.075195
0.34208,0.067248,-1823.720947
0.342133,0.067244,-1824.761719
0.34368,0.067378,-1824.380981
0.344274,0.068883,-1824.168091
0.344274,0.068883,-1824.70459
0.343842,0.068598,-1823.903687
0.342993,0.069201,-1824.556396
0.342027,0.068958,-1825.032227
0.342027,0.068958,-1824.152222
0.343345,0.067812,-1824.991943
0.343345,0.067812,-1823.851196
0.341348,0.066583,-1823.66748
0.341348,0.066583,-1824.178223
0.341348,0.066583,-1823.961182
0.342588,0.066773,-1823.736328
0.342588,0.066773,-1823.961792
0.346105,0.066871,-1824.418335
0.34679,0.067258,-1824.046875
0.344416,0.068046,-1824.466309
0.345735,0.069569,-1824.507812
0.346657,0.070169,-1825.090698
0.344729,0.069544,-1823.476318
0.342573,0.069789,-1824.4375
0.341851,0.069608,-1823.929565
0.342927,0.06957,-1824.220703
0.343409,0.070038,-1824.275757
0.343479,0.069932,-1823.506104
0.343479,0.069932,-1824.008423
0.340895,0.069787,-1823.766113
0.340782,0.068372,-1824.636719
0.340782,0.068372,-1823.559082
0.339453,0.067592,-1825.456299
0.338365,0.065184,-1824.553467
0.338365,0.065184,-1823.719482
0.338365,0.065184,-1824.137939
0.336262,0.065741,-1824.406006
0.334562,0.066005,-1824.434448
0.334856,0.067429,-1824.344849
0.33559,0.068805,-1824.725464
0.335243,0.067736,-1824.86377
0.334342,0.06693,-1824.232422
0.333902,0.065954,-1824.283691
0.333902,0.065954,-1824.641724
0.33495,0.063951,-1824.145386
0.335679,0.065503,-1825.324219
0.334223,0.066321,-1824.897705
0.332024,0.066162,-1824.864746
0.330844,0.065827,-1824.403931
0.328455,0.064744,-1825.477539
0.328455,0.064744,-1824.676514
0.326649,0.066708,-1826.789307
0.325787,0.066115,-1826.556519
0.324017,0.064979,-1825.986816
0.324017,0.064979,-1826.400757
0.324219,0.065394,-1825.239746
0.324219,0.065394,-1826.508301
0.324219,0.065394,-1825.371094
0.322033,0.067288,-1826.96167
0.324399,0.069169,-1827.486328
0.324399,0.069169,-1825.727539
0.323788,0.069512,-1825.009766
0.323788,0.069512,-1826.344849
0.325855,0.068716,-1824.970947
0.326446,0.06703,-1826.011353
0.324127,0.068517,-1826.436035
0.32472,0.06944,-1826.155518
0.322595,0.069606,-1826.037231
0.324095,0.070834,-1826.04126
0.323577,0.070892,-1826.006348
0.323577,0.070892,-1825.25293
0.321431,0.071613,-1826.806396
0.321431,0.071613,-1827.124512
0.321431,0.071613,-1826.244019
0.32164,0.070095,-1827.087769
0.32164,0.070095,-1824.937256
0.323179,0.069632,-1827.054443
0.323179,0.069632,-1826.25
0.323179,0.069632,-1825.946533
0.322301,0.068676,-1827.005371
0.323398,0.067239,-1826.463135
0.323377,0.067511,-1826.63208
0.324029,0.068849,-1825.439453
0.324035,0.069014,-1825.818115
0.325063,0.067846,-1825.069946
0.324113,0.068254,-1826.260498
0.322666,0.068303,-1825.300049
0.32153,0.068623,-1826.728394
0.320543,0.067796,-1826.819824
0.323602,0.068329,-1826.622681
0.326772,0.066835,-1825.860474
0.32688,0.067035,-1825.379639
0.328259,0.069727,-1826.277832
0.327882,0.070685,-1825.491699
0.325032,0.070651,-1825.997803
0.32575,0.069994,-1824.457764
0.326335,0.069855,-1825.284424
0.330182,0.070437,-1825.615845
0.330256,0.071686,-1825.322144
0.328347,0.071876,-1824.761475
0.330293,0.071667,-1825.240967
0.331131,0.073699,-1824.949219
0.334106,0.074091,-1823.863525
0.336394,0.073968,-1824.860718
0.336811,0.074612,-1824.335693
0.33773,0.07402,-1824.452759
0.336041,0.074978,-1824.813965
0.334347,0.073602,-1824.761597
0.333664,0.075459,-1824.687012
0.33641,0.078358,-1824.762207
0.337107,0.080269,-1825.47168
0.338722,0.081357,-1825.232178
0.337248,0.081696,-1825.302979
0.335508,0.081436,-1824.850098
0.336919,0.083414,-1825.957153
0.335573,0.083392,-1825.294067
0.333908,0.081491,-1825.337402
0.334819,0.082255,-1826.186279
0.334819,0.082255,-1825.591309
0.335926,0.082325,-1825.862549
0.337134,0.080838,-1824.674805
0.335302,0.081764,-1825.573242
0.335302,0.081764,-1825.822021
0.334384,0.08072,-1824.897217
0.336868,0.079282,-1825.565063
0.333773,0.079936,-1825.023193
0.332583,0.0776,-1825.63916
0.332583,0.0776,-1825.370728
0.333279,0.077087,-1824.020264
0.332776,0.079202,-1825.28064
0.333709,0.077173,-1824.335449
0.330941,0.076072,-1825.15918
0.330941,0.076072,-1824.469971
0.330941,0.076072,-1824.931396
0.330296,0.074353,-1824.831909
0.328465,0.074647,-1825.591187
0.329147,0.076135,-1825.878174
0.330245,0.076652,-1824.688843
0.330473,0.07469,-1825.123535
0.332214,0.074417,-1824.7948
0.33457,0.07443,-1824.329834
0.33457,0.07443,-1824.19165
0.332419,0.074331,-1824.856812
0.333143,0.074355,-1825.001099
0.331956,0.075092,-1825.515625
0.33571,0.075181,-1825.387695
0.334318,0.074879,-1824.693115
0.336758,0.075327,-1824.878784
0.335844,0.07632,-1825.000977
0.335844,0.07632,-1825.108276
0.335844,0.07632,-1824.710205
0.335844,0.07632,-1824.569702
0.332991,0.075628,-1825.336914
0.332991,0.075628,-1824.712402
0.329146,0.074911,-1825.702637
0.328465,0.074624,-1825.283813
0.327325,0.076091,-1825.515137
0.327325,0.076091,-1826.142456
0.327325,0.076091,-1825.217041
0.325109,0.076682,-1826.312256
0.325395,0.07638,-1826.134277
0.326775,0.076016,-1825.446045
0.326959,0.076743,-1825.835449
0.32769,0.07769,-1825.622803
0.325677,0.078626,-1826.384766
0.323917,0.078955,-1827.680054
0.324762,0.078669,-1826.978516
0.324335,0.079739,-1826.861328
0.324492,0.080626,-1826.392334
0.324557,0.07849,-1826.208252
0.324557,0.07849,-1826.230957
0.32404,0.078348,-1826.480713
0.32404,0.078348,-1826.935791
0.326709,0.078338,-1826.164185
0.324973,0.078243,-1825.497192
0.327132,0.07769,-1826.388306
0.3276,0.078795,-1825.892334
0.325696,0.079987,-1827.765625
0.326666,0.080926,-1826.046387
0.329912,0.08254,-1825.937378
0.329912,0.08254,-1826.434692
0.329912,0.08254,-1825.662109
0.329912,0.08254,-1825.50061
0.329925,0.080677,-1825.551392
0.33039,0.079667,-1825.629639
0.32991,0.079137,-1825.783447
0.32991,0.079137,-1826.093262
0.32991,0.079137,-1825.786865
0.331473,0.078671,-1825.708984
0.331411,0.077667,-1825.559448
0.331411,0.077667,-1824.336914
0.330518,0.080089,-1825.191162
0.330423,0.080379,-1826.404663
0.330423,0.080379,-1825.793579
0.329076,0.080284,-1825.431519
0.330648,0.080612,-1825.462769
0.329045,0.080654,-1825.949463
0.328622,0.078307,-1825.025879
0.326071,0.078767,-1825.533325
0.32912,0.079978,-1826.549927
0.327079,0.080346,-1826.205811
0.328747,0.080748,-1825.872314
0.326058,0.081813,-1825.650024
0.328433,0.08031,-1826.607422
0.328431,0.083054,-1827.176514
0.329454,0.08327,-1826.722168
0.328158,0.082321,-1826.118164
0.328158,0.082321,-1826.572998
0.328158,0.082321,-1825.927856
0.331765,0.080578,-1825.383545
0.330855,0.07963,-1825.794434
0.329098,0.080705,-1825.587036
0.32764,0.080908,-1826.04126
0.328701,0.083968,-1826.855591
0.33025,0.084209,-1825.925537
0.33025,0.084209,-1825.938965
0.326449,0.086992,-1827.757202
0.327124,0.087999,-1827.949219
0.325226,0.087605,-1828.542725
0.325907,0.087989,-1827.574585
0.325582,0.089008,-1828.51062
0.326139,0.089174,-1828.294556
0.324237,0.086994,-1827.278076
0.326087,0.087699,-1827.445068
0.327496,0.088392,-1828.863525
0.325201,0.08801,-1828.231812
0.324125,0.087682,-1827.44043
0.325364,0.085906,-1827.692993
0.32574,0.086303,-1827.26355
0.325435,0.085308,-1827.508057
0.323931,0.085947,-1828.180176
0.320871,0.084173,-1827.923218
0.320871,0.084173,-1827.577759
0.322427,0.084993,-1828.748657
0.322947,0.085678,-1828.400879
0.323081,0.085247,-1828.929443
0.321963,0.086915,-1827.817261
0.321322,0.086478,-1828.520142
0.320262,0.085082,-1828.75293
0.320262,0.085082,-1828.137939
0.319183,0.085157,-1829.645264
0.318156,0.085504,-1830.420898
0.318214,0.084287,-1828.809326
0.318214,0.084287,-1828.021729
0.320403,0.084242,-1827.734863
0.320403,0.084242,-1828.104004
0.321731,0.083781,-1828.836304
0.323917,0.08414,-1827.18042
0.326243,0.085005,-1827.226685
0.326442,0.086651,-1826.995483
0.328106,0.08601,-1828.162354
0.328106,0.08601,-1827.080566
0.328026,0.085926,-1827.091431
0.325308,0.085454,-1828.207031
0.327187,0.084847,-1828.091797
0.327187,0.084847,-1826.80127
0.325737,0.085985,-1828.122559
0.329021,0.086506,-1827.114258
0.327601,0.084698,-1826.627197
0.328036,0.084054,-1826.705811
0.329587,0.083711,-1825.904663
0.329587,0.083711,-1826.339111
0.329587,0.083711,-1825.903564
0.329587,0.083711,-1825.616699
0.330689,0.084441,-1825.988647
0.330689,0.084441,-1825.927979
0.331137,0.084256,-1826.123291
0.32972,0.086028,-1826.738037
0.328966,0.083893,-1825.774536
0.331755,0.082057,-1825.891113
0.332052,0.079693,-1825.861328
0.329782,0.078849,-1825.612061
0.329782,0.078849,-1825.058594
0.32875,0.07904,-1824.325928
0.330053,0.076471,-1825.942383
0.331456,0.077289,-1824.771851
0.332271,0.078487,-1824.985596
0.328811,0.077389,-1825.137085
0.327049,0.076038,-1825.511963
0.32873,0.07675,-1826.791504
0.32873,0.07675,-1824.641479
0.329693,0.075873,-1825.444824
0.329693,0.075873,-1824.05542
0.329693,0.075873,-1825.952637
0.328585,0.074939,-1825.489014
0.327061,0.074916,-1825.408813
0.328253,0.074955,-1825.350586
0.327263,0.07368,-1826.215576
0.329031,0.07425,-1825.097168
0.328846,0.073211,-1825.36853
0.328933,0.072383,-1825.38855
0.328411,0.072107,-1824.84375
0.329004,0.071573,-1825.128174
0.329273,0.071117,-1824.733398
0.329273,0.071117,-1824.639893
0.329273,0.071117,-1824.861816
0.328375,0.072444,-1825.071777
0.328573,0.0704,-1825.41333
0.328573,0.0704,-1825.006714
0.326573,0.070446,-1825.319214
0.326573,0.070446,-1825.418213
0.324936,0.069249,-1824.885498
0.324936,0.069249,-1826.064453
0.324776,0.070986,-1826.464478
0.321545,0.069014,-1827.126465
0.322833,0.067591,-1826.935059
0.322833,0.067591,-1824.633057
0.321828,0.066728,-1826.345093
0.321156,0.066015,-1827.580444
0.321156,0.066015,-1827.485352
0.321886,0.065659,-1826.525391
0.321886,0.065659,-1827.077393
0.321366,0.066525,-1826.144653
0.322669,0.066549,-1826.548462
0.322387,0.068245,-1827.538818
0.322795,0.069193,-1825.911133
0.324263,0.069638,-1824.845459
0.32648,0.068183,-1826.064697
0.326318,0.067233,-1825.750854
0.326318,0.067233,-1825.195557
0.326318,0.067233,-1824.385864
0.326318,0.067233,-1825.340454
0.326744,0.06748,-1827.272949
0.326579,0.067746,-1825.105957
0.326574,0.06811,-1826.146484
0.325508,0.066154,-1825.832397
0.325571,0.066922,-1826.222046
0.324023,0.065284,-1825.797485
0.323121,0.06659,-1825.835571
0.323121,0.06659,-1826.205078
0.322742,0.065004,-1826.013184
0.322787,0.063715,-1826.346436
0.3243,0.066069,-1825.942871
0.325939,0.064028,-1824.936157
0.325495,0.063894,-1825.210815
0.325495,0.063894,-1824.979736
0.327501,0.065473,-1825.363525
0.33011,0.066236,-1825.174316
0.3287,0.065183,-1825.162354
0.330129,0.065802,-1825.068726
0.325032,0.065453,-1826.618896
0.325032,0.065453,-1825.303467
0.326355,0.063856,-1825.624878
0.326461,0.062801,-1825.696045
0.326461,0.062801,-1825.536133
0.327334,0.062428,-1827.4198
0.323153,0.062162,-1826.874268
0.321909,0.061651,-1826.155029
0.320764,0.060818,-1828.407593
0.32094,0.059657,-1827.327026
0.322198,0.058054,-1827.765503
0.326472,0.055654,-1827.735107
0.327131,0.056451,-1827.71936
0.327131,0.056451,-1826.750488
0.328812,0.055984,-1826.525269
0.328812,0.055984,-1828.180054
0.328767,0.056381,-1826.728271
0.329383,0.054833,-1827.270264
0.329383,0.054833,-1827.143433
0.327537,0.054412,-1827.378906
0.326931,0.055995,-1827.415771
0.326931,0.055995,-1827.204468
0.326529,0.055487,-1827.658447
0.325914,0.055813,-1826.826172
0.325914,0.055813,-1827.172974
0.325914,0.055813,-1826.825562
0.325914,0.055813,-1827.294067
0.325914,0.055813,-1826.492554
0.326016,0.053997,-1828.442871
0.326016,0.053997,-1827.281738
0.325109,0.054679,-1828.569092
0.325952,0.055571,-1827.324951
0.325952,0.055571,-1826.678955
0.326456,0.055658,-1828.180176
0.326456,0.055658,-1827.371826
0.326203,0.056604,-1827.343506
0.326203,0.056604,-1827.018433
0.326576,0.056729,-1826.628906
0.326576,0.056729,-1827.118652
0.326576,0.056729,-1827.05835
0.326031,0.056202,-1826.568359
0.32701,0.057064,-1827.847168
0.327929,0.056123,-1826.463257
0.329493,0.056597,-1826.020386
0.329493,0.056597,-1826.449951
0.332397,0.055869,-1826.241455
0.331867,0.056513,-1827.465454
0.333447,0.055515,-1826.744873
0.333029,0.05477,-1826.179565
0.332865,0.053224,-1827.1521
0.332739,0.054067,-1827.778442
0.332739,0.054067,-1827.196289
0.331757,0.054512,-1826.916626
0.332646,0.05371,-1826.718872
0.332646,0.05371,-1827.259033
0.334549,0.052881,-1827.265503
0.337217,0.052869,-1827.479736
0.337376,0.053482,-1827.75647
0.336775,0.052395,-1827.175171
0.335636,0.051525,-1827.119385
0.335968,0.053098,-1827.886475
0.335968,0.053098,-1827.351807
0.338354,0.053349,-1826.374512
0.339762,0.052861,-1827.080688
0.339042,0.054585,-1825.557495
0.33672,0.057149,-1826.425659
0.337162,0.057219,-1825.87439
0.337028,0.056803,-1825.884521
0.337049,0.057188,-1825.897461
0.337049,0.057188,-1825.666138
0.337049,0.057188,-1825.327881
0.336307,0.057398,-1825.673584
0.336307,0.057398,-1825.72583
0.336307,0.057398,-1826.016235
0.335589,0.057721,-1826.467041
0.336843,0.058998,-1824.441406
0.337843,0.058585,-1825.391602
0.337843,0.058585,-1825.788208
0.34081,0.057947,-1824.943237
0.340367,0.058366,-1826.233276
0.340367,0.058366,-1825.022095
0.342957,0.059171,-1825.319824
0.343107,0.057998,-1826.25354
0.342227,0.05818,-1825.382568
0.343694,0.057183,-1825.022827
0.344216,0.059213,-1825.083984
0.345903,0.057211,-1825.882935
0.342754,0.058948,-1824.998535
0.342754,0.058948,-1825.153076
0.342754,0.058948,-1824.700195
0.340821,0.060136,-1824.937988
0.339294,0.061413,-1825.0896
0.339294,0.061413,-1824.505005
0.339294,0.061413,-1825.047363
0.337271,0.062034,-1825.611328
0.340231,0.062287,-1825.0177
0.339375,0.062276,-1825.020264
0.337241,0.059687,-1825.055542
0.337241,0.059687,-1825.257812
0.336905,0.059378,-1825.819946
0.335766,0.060158,-1825.353516
0.335766,0.060158,-1824.214233
0.335687,0.060665,-1825.865967
0.335687,0.060665,-1824.579224
0.33642,0.060317,-1824.762207
0.33642,0.060317,-1824.851807
0.33642,0.060317,-1825.179565
0.333342,0.061507,-1825.537842
0.336044,0.061613,-1825.504395
0.335371,0.063336,-1824.631104
0.335148,0.062729,-1824.670654
0.335148,0.062729,-1824.228271
0.335148,0.062729,-1824.760376
0.338913,0.062502,-1824.277466
0.335636,0.061365,-1825.36377
0.335436,0.059367,-1825.243652
0.33476,0.059048,-1824.835449
0.332209,0.060655,-1825.49646
0.332209,0.060655,-1824.914917
0.334082,0.060787,-1825.300781
0.336491,0.061314,-1824.523682
0.337125,0.061948,-1824.921265
0.336632,0.061519,-1825.822388
0.33938,0.062122,-1823.569946
0.339476,0.064268,-1824.43689
0.339476,0.064268,-1824.329346
0.339476,0.064268,-1823.988525
0.339476,0.064268,-1824.24231
0.339476,0.064268,-1823.784668
0.338104,0.064279,-1824.411987
0.340929,0.063858,-1824.320801
0.339778,0.06312,-1824.309204
0.339841,0.063716,-1825.020508
0.338308,0.064122,-1824.985962
0.338308,0.064122,-1824.553345
0.339379,0.064843,-1824.269775
0.336604,0.06472,-1824.99585
0.336604,0.06472,-1824.179077
0.332579,0.063104,-1824.88208
0.332579,0.063104,-1825.452637
0.332579,0.063104,-1824.756592
0.334063,0.063921,-1824.741211
0.334063,0.063921,-1824.816528
0.337151,0.061821,-1825.219482
0.33476,0.060839,-1825.391113
0.333322,0.063451,-1824.755249
0.333661,0.061983,-1825.030396
0.335179,0.063842,-1824.884277
0.335827,0.062191,-1824.599609
0.33402,0.061341,-1825.591919
0.334988,0.062774,-1824.78772
0.332594,0.064269,-1824.501709
0.334987,0.064225,-1824.611328
0.333835,0.067057,-1824.656494
0.331324,0.066316,-1824.841309
0.332043,0.067206,-1825.894775
0.331183,0.067658,-1824.182739
0.331183,0.067658,-1824.522339
0.329897,0.067118,-1825.284668
0.329798,0.067731,-1824.731689
0.330943,0.067877,-1825.20752
0.331593,0.068103,-1825.168701
0.331593,0.068103,-1824.694946
0.335508,0.068205,-1824.051758
0.332709,0.066307,-1825.284058
0.331702,0.068043,-1824.251221
0.331488,0.068447,-1824.508057
0.33426,0.067561,-1824.438721
0.333647,0.066582,-1825.124023
0.334009,0.064676,-1825.222412
0.333106,0.065155,-1824.103638
0.334488,0.064879,-1824.75415
0.33286,0.06464,-1824.804077
0.331975,0.062845,-1825.401123
0.331975,0.062845,-1825.031738
0.331975,0.062845,-1824.830933
0.331975,0.062845,-1824.750244
0.333263,0.061587,-1825.8125
0.33473,0.062506,-1825.474854
0.334964,0.061136,-1824.985962
0.335814,0.061503,-1824.679932
0.334655,0.061677,-1824.765625
0.333376,0.064071,-1824.769287
0.334117,0.064317,-1824.191162
0.334117,0.064317,-1824.473511
0.334954,0.064966,-1824.655029
0.334406,0.066131,-1824.166382
0.333038,0.066369,-1824.44043
0.333038,0.066369,-1824.312012
0.334364,0.067992,-1824.671265
0.334912,0.067486,-1824.252075
0.334912,0.067486,-1824.467773
0.335931,0.067204,-1825.066406
0.336506,0.067539,-1824.277832
0.336798,0.066495,-1824.256592
0.333694,0.06703,-1824.356079
0.336386,0.065265,-1825.032837
0.336386,0.065265,-1824.559082
0.336687,0.062203,-1825.895264
0.336687,0.062203,-1824.4104
0.33627,0.063457,-1824.301147
0.33546,0.065032,-1825.515625
0.339449,0.065598,-1825.27771
0.339088,0.065864,-1823.93103
0.340029,0.064394,-1825.009033
0.340029,0.064394,-1824.489502
0.34118,0.064175,-1824.408813
0.340561,0.064846,-1823.89917
0.340403,0.064686,-1824.799072
0.338918,0.063959,-1825.469482
0.33871,0.063066,-1824.744141
0.33871,0.063066,-1824.76709
0.338024,0.062774,-1825.304688
0.338217,0.062379,-1825.579102
0.339924,0.061176,-1825.093384
0.341693,0.063121,-1823.942749
0.344184,0.062655,-1824.650391
0.341689,0.063381,-1824.22998
0.342864,0.063417,-1823.951782
0.344718,0.062121,-1824.596069
0.346809,0.062083,-1823.942627
0.34608,0.063212,-1824.483643
0.347787,0.062751,-1825.207153
0.348198,0.059822,-1825.045288
0.347716,0.060602,-1824.190918
0.347716,0.060602,-1824.099609
0.346851,0.05905,-1824.693237
0.348157,0.061272,-1824.319092
0.347037,0.061502,-1824.782959
0.346807,0.061817,-1824.418945
0.349974,0.064093,-1824.536133
0.347703,0.065346,-1824.266113
0.347703,0.065346,-1824.230713
0.348076,0.06517,-1824.131226
0.348076,0.06517,-1824.455078
0.346278,0.065213,-1824.583374
0.346278,0.065213,-1823.734131
0.344975,0.065376,-1824.031494
0.34368,0.066911,-1823.297852
0.342905,0.065367,-1824.773804
0.347171,0.067212,-1824.307617
0.347399,0.065797,-1824.346436
0.346342,0.065386,-1825.242554
0.345161,0.063254,-1824.83728
0.345239,0.064635,-1824.391235
0.346747,0.063895,-1824.793457
0.346822,0.064135,-1824.634033
0.345177,0.064591,-1823.801025
0.34558,0.065772,-1824.630859
0.346181,0.066583,-1824.253418
0.347102,0.068463,-1824.316895
0.347102,0.068404,-1824.539307
0.344973,0.068829,-1824.657959
0.347746,0.068591,-1824.831787
0.34889,0.06922,-1824.991943
0.348155,0.066854,-1824.550537
0.348498,0.067767,-1823.401123
0.34951,0.067989,-1823.518555
0.350187,0.068028,-1824.180786
0.350187,0.068028,-1824.744873
0.347854,0.068349,-1824.957642
0.348296,0.07113,-1824.645386
0.349744,0.07211,-1824.303711
0.34713,0.07402,-1825.070557
0.347313,0.074223,-1824.518799
0.349541,0.072816,-1824.313354
0.348637,0.073037,-1824.865356
0.351642,0.069825,-1824.183838
0.35343,0.068987,-1824.948364
0.352378,0.069797,-1824.888184
0.35487,0.069151,-1824.792603
0.353594,0.071665,-1824.345947
0.353594,0.071665,-1824.710449
0.351626,0.071473,-1824.249146
0.352294,0.071972,-1824.92041
0.351473,0.073005,-1825.204956
0.350725,0.073144,-1824.893677
0.349888,0.074178,-1824.741699
0.347818,0.076688,-1824.425537
0.346634,0.076223,-1824.884033
0.346012,0.077211,-1824.814941
0.347093,0.077854,-1824.95459
0.345398,0.077885,-1825.154541
0.344902,0.077637,-1824.967773
0.344405,0.077273,-1825.691895
0.345064,0.077283,-1823.754395
0.345064,0.077283,-1824.697388
0.343843,0.0751,-1824.366821
0.345361,0.07719,-1824.464478
0.346919,0.076086,-1824.700562
0.343555,0.076689,-1824.618164
0.343628,0.077766,-1825.57019
0.34349,0.079016,-1824.546387
0.345548,0.078361,-1824.916748
0.345548,0.078361,-1824.539673
0.344482,0.079601,-1824.877197
0.342222,0.081771,-1825.456787
0.342222,0.081771,-1825.014893
0.34281,0.080644,-1825.166992
0.343665,0.080799,-1824.78186
0.345879,0.078067,-1824.147949
0.345879,0.078067,-1824.240601
0.346613,0.078901,-1824.650391
0.346613,0.078901,-1824.857056
0.347386,0.078997,-1824.388672
0.346548,0.077447,-1824.915894
0.34483,0.075289,-1824.654907
0.346278,0.076499,-1824.460083
0.348524,0.077084,-1824.95752
0.34808,0.07756,-1824.279297
0.348852,0.080305,-1825.317139
0.348902,0.081347,-1825.223877
0.349896,0.082017,-1825.673462
0.348179,0.083891,-1825.552002
0.347979,0.081858,-1825.635132
0.348202,0.080043,-1824.896729
0.348202,0.080043,-1824.587769
0.349905,0.079627,-1825.439453
0.349905,0.079627,-1824.399414
0.350732,0.078525,-1825.422607
0.350732,0.078525,-1825.029297
0.350209,0.079581,-1824.980713
0.350209,0.079581,-1824.958496
0.348272,0.080083,-1825.545532
0.34639,0.079748,-1825.519409
0.34639,0.079748,-1824.537842
0.34533,0.081088,-1824.864258
0.34533,0.081088,-1825.043701
0.346845,0.081945,-1825.119019
0.345407,0.083237,-1824.939941
0.345407,0.083237,-1825.412231
0.343514,0.082871,-1824.78772
0.343591,0.080654,-1824.677856
0.344765,0.080156,-1825.396729
0.344765,0.080156,-1825.106201
0.34302,0.079851,-1825.126831
0.342969,0.077734,-1824.269165
0.343085,0.079368,-1825.406982
0.342982,0.077735,-1824.26355
0.342795,0.078285,-1824.771118
0.340911,0.079788,-1824.479858
0.343388,0.078012,-1824.382568
0.34173,0.078521,-1824.593506
0.340625,0.077002,-1825.160889
0.338,0.077431,-1825.076904
0.334282,0.075566,-1824.845947
0.334577,0.074916,-1825.429688
0.335685,0.075326,-1824.612061
0.336248,0.073802,-1824.443115
0.336903,0.074201,-1824.539062
0.337233,0.074315,-1822.820068
0.337497,0.074594,-1824.837769
0.338767,0.072978,-1824.799194
0.339421,0.072868,-1824.098633
0.340483,0.073761,-1823.779419
0.340378,0.074545,-1824.637451
0.338122,0.073593,-1825.085693
0.339862,0.075419,-1824.007935
0.339566,0.075763,-1825.314697
0.339229,0.074106,-1824.924805
0.339245,0.072255,-1824.084717
0.339245,0.072255,-1824.05957
0.342594,0.073601,-1824.376953
0.343298,0.073001,-1824.183228
0.343468,0.071142,-1824.301392
0.341838,0.069975,-1823.99585
0.339172,0.069255,-1824.150391
0.339172,0.069255,-1824.143555
0.339995,0.067838,-1824.00769
0.339076,0.066098,-1824.61377
0.338736,0.067515,-1824.259521
0.339961,0.06795,-1824.35498
0.339961,0.06795,-1823.92395
0.339847,0.068884,-1824.741699
0.340568,0.068953,-1823.948364
0.340203,0.068993,-1823.846191
0.341252,0.068599,-1824.188477
0.343487,0.069436,-1823.820923
0.343627,0.070155,-1823.627197
0.341991,0.07114,-1824.728394
0.340927,0.072894,-1824.041382
0.344839,0.071384,-1824.147461
0.343503,0.071973,-1824.062012
0.343952,0.070054,-1825.321655
0.34271,0.069246,-1823.473877
0.345774,0.070461,-1824.341309
0.34599,0.068639,-1824.316895
0.345207,0.068816,-1824.411621
0.345207,0.068816,-1824.118408
0.345002,0.068125,-1823.787354
0.347958,0.066536,-1824.204956
0.348466,0.066492,-1823.724854
0.344842,0.068719,-1824.272705
0.34395,0.070001,-1824.526855
0.344455,0.07043,-1824.494873
0.345308,0.06992,-1824.473389
0.346768,0.070413,-1824.404663
0.348448,0.070256,-1824.633057
0.349992,0.072446,-1824.147583
0.349992,0.072446,-1824.356445
0.349251,0.071869,-1824.083618
0.349901,0.071243,-1824.511719
0.34965,0.072033,-1824.453613
0.351878,0.072699,-1825.407104
0.350886,0.072991,-1824.54834
0.350228,0.073524,-1824.465454
0.349341,0.073927,-1824.950684
0.351754,0.074298,-1824.040039
0.349018,0.073336,-1824.450195
0.350402,0.07481,-1824.643677
0.350402,0.07481,-1824.692505
0.350402,0.07481,-1825.060791
0.350402,0.07481,-1824.277954
0.351979,0.075901,-1824.641357
0.350415,0.075157,-1824.580811
0.352171,0.074507,-1824.585449
0.352171,0.074507,-1824.490234
0.354417,0.072744,-1825.01123
0.355983,0.073498,-1825.783325
0.356649,0.0752,-1825.460449
0.356649,0.0752,-1825.40564
0.356649,0.0752,-1824.849609
0.357401,0.07381,-1825.114746
0.358673,0.073998,-1825.126465
0.358925,0.073133,-1825.094116
0.358587,0.071238,-1825.302979
0.358587,0.071238,-1825.199463
0.359343,0.072394,-1825.529419
0.359163,0.069654,-1825.279785
0.359163,0.069654,-1824.851562
0.360206,0.067761,-1825.211914
0.360206,0.067761,-1825.283203
0.360109,0.066882,-1824.86499
0.360109,0.066882,-1824.840454
0.361172,0.067136,-1825.639648
0.360765,0.067006,-1825.191528
0.359466,0.066137,-1824.87207
0.358921,0.065812,-1825.112061
0.357421,0.065623,-1824.746094
0.357421,0.065623,-1825.351318
0.357378,0.066388,-1824.779053
0.359038,0.067065,-1824.856323
0.360407,0.067788,-1825.113647
0.359945,0.067181,-1825.00415
0.360545,0.068561,-1825.645508
0.359557,0.067778,-1825.013794
0.359227,0.067534,-1825.080811
0.356851,0.065714,-1825.181152
0.356222,0.06465,-1825.268555
0.354903,0.064635,-1825.32251
0.354903,0.064635,-1825.091309
0.354903,0.064635,-1824.791748
0.355457,0.063499,-1824.537598
0.356242,0.064311,-1825.221313
0.356242,0.064311,-1825.015137
0.354842,0.062642,-1825.461182
0.353709,0.062173,-1825.164673
0.35404,0.06011,-1825.703491
0.352071,0.058869,-1825.65979
0.353357,0.059308,-1825.515381
0.355878,0.060557,-1825.7771
0.355878,0.060557,-1825.466187
0.35371,0.061992,-1826.692749
0.35371,0.061992,-1825.44458
0.352037,0.062669,-1824.52478
0.353864,0.063694,-1825.287354
0.353125,0.0641,-1825.730591
0.353166,0.062433,-1825.430176
0.350926,0.063949,-1824.886353
0.349952,0.063232,-1825.149536
0.349132,0.065142,-1824.206543
0.349132,0.065142,-1823.404907
0.351304,0.064674,-1824.808105
0.351445,0.066359,-1824.358032
0.353421,0.066601,-1824.181152
0.353252,0.066701,-1824.333008
0.352896,0.065214,-1824.660156
0.352896,0.065214,-1824.615723
0.347941,0.065244,-1824.637939
0.348688,0.064403,-1825.884033
0.348688,0.064403,-1824.77417
0.348688,0.064403,-1824.201538
0.346959,0.063373,-1824.682251
0.346959,0.063373,-1823.902832
0.3462,0.062481,-1824.412598
0.346059,0.062479,-1824.492676
0.346059,0.062479,-1824.712891
0.345321,0.064258,-1824.986328
0.346126,0.065058,-1824.015015
0.345473,0.064194,-1824.375366
0.34482,0.06379,-1824.234619
0.34482,0.06379,-1824.811523
0.346056,0.06462,-1824.287354
0.343188,0.066575,-1824.651855
0.338547,0.064497,-1823.567017
0.335922,0.063643,-1824.81604
0.333482,0.061714,-1825.48999
0.336226,0.063593,-1824.664673
0.335046,0.061884,-1825.416992
0.335046,0.061884,-1823.710449
0.336478,0.061434,-1825.167725
0.337883,0.061554,-1824.636719
0.336194,0.063422,-1824.285889
0.336221,0.064668,-1824.815063
0.33582,0.066912,-1824.299805
0.33526,0.066695,-1824.36145
0.337305,0.065742,-1824.475342
0.339476,0.065861,-1824.959961
0.341607,0.063805,-1824.704102
0.341228,0.064143,-1824.702148
0.341228,0.064143,-1823.940918
0.340714,0.062153,-1824.34729
0.3398,0.063203,-1824.358398
0.3398,0.063203,-1824.556885
0.339593,0.062956,-1823.798096
0.343617,0.061321,-1825.182251
0.340944,0.060769,-1825.061768
0.344397,0.063129,-1825.446777
0.345266,0.064016,-1824.991943
0.344713,0.06249,-1824.845947
0.343958,0.062222,-1824.385986
0.341215,0.06272,-1824.791138
0.341023,0.062046,-1824.342163
0.340886,0.061286,-1825.649292
0.343266,0.062416,-1824.27002
0.34371,0.062035,-1824.299438
0.34371,0.062035,-1823.984253
0.342588,0.059778,-1824.809082
0.341785,0.059667,-1825.093994
0.340096,0.058929,-1825.272583
0.340096,0.058929,-1824.773682
0.34056,0.060666,-1824.965576
0.34086,0.060739,-1824.740479
0.340105,0.061653,-1824.973999
0.339951,0.061152,-1824.497925
0.339935,0.061747,-1825.629639
0.339935,0.061747,-1825.022583
0.340403,0.061731,-1824.689209
0.339363,0.061187,-1825.043823
0.338733,0.06157,-1824.585693
0.338756,0.061557,-1825.312256
0.339154,0.062112,-1825.606323
0.34127,0.061938,-1823.892578
0.341162,0.063103,-1824.866333
0.340468,0.063898,-1824.8927
0.340487,0.064467,-1824.030518
0.340674,0.06566,-1823.825806
0.339618,0.065201,-1824.421753
0.341709,0.06596,-1823.849731
0.34229,0.066141,-1824.674072
0.34229,0.066141,-1823.862549
0.34229,0.066141,-1824.106201
0.34009,0.064276,-1825.133545
0.340699,0.063696,-1824.837036
0.343079,0.061021,-1825.022583
0.343341,0.061756,-1824.630737
0.346106,0.062007,-1825.20459
0.344808,0.061756,-1825.252441
0.344808,0.061756,-1824.54541
0.344808,0.061756,-1824.592285
0.346008,0.062057,-1825.401855
0.346741,0.061238,-1824.918457
0.347076,0.060259,-1824.813477
0.349421,0.058769,-1825.743896
0.348698,0.057645,-1826.202637
0.347629,0.057015,-1825.879639
0.344214,0.056946,-1825.700806
0.345688,0.055787,-1826.083252
0.345688,0.055787,-1826.345947
0.348012,0.056217,-1825.158203
0.344838,0.05692,-1826.083374
0.345667,0.057628,-1825.088989
0.34327,0.057731,-1825.62915
0.34327,0.057731,-1825.358398
0.343849,0.057211,-1824.732544
0.343849,0.057211,-1825.315186
0.342952,0.05817,-1825.17627
0.343665,0.058503,-1825.277588
0.346052,0.059795,-1825.187622
0.346589,0.059169,-1824.894043
0.344622,0.058497,-1825.512573
0.342696,0.060531,-1824.458252
0.342646,0.059737,-1825.678223
0.342646,0.059737,-1824.506714
0.342049,0.059724,-1824.992432
0.342262,0.060751,-1825.114258
0.3442,0.059612,-1824.238403
0.341947,0.060333,-1825.30188
0.341947,0.060333,-1824.694946
0.341947,0.060333,-1824.515869
0.338592,0.060882,-1825.052124
0.338804,0.060177,-1824.893433
0.338771,0.061886,-1824.811279
0.338771,0.061886,-1824.223877
0.336399,0.0619,-1824.839111
0.33683,0.062965,-1825.327881
0.33683,0.062965,-1825.193115
0.337859,0.062634,-1825.790039
0.33798,0.063636,-1824.906616
0.336707,0.065177,-1824.421265
0.337267,0.064669,-1824.725098
0.337267,0.064669,-1823.924683
0.337267,0.064669,-1824.336792
0.337267,0.064669,-1824.426025
0.339095,0.065722,-1824.438477
0.339095,0.065722,-1824.000732
0.339119,0.065262,-1823.911499
0.340082,0.064469,-1824.755493
0.340082,0.064469,-1824.43457
0.341384,0.065676,-1824.817749
0.341136,0.063949,-1824.816406
0.341136,0.063949,-1824.310913
0.342997,0.064483,-1824.642944
0.340926,0.063484,-1824.407471
0.340467,0.065485,-1824.762451
0.340478,0.064248,-1824.008057
0.341284,0.061511,-1825.475586
0.342259,0.0605,-1825.061768
0.34378,0.062961,-1825.179565
0.345478,0.061808,-1825.207397
0.345629,0.060492,-1825.686157
0.345629,0.060492,-1824.946045
0.342541,0.061937,-1824.46875
0.346573,0.063012,-1824.671509
0.345095,0.061993,-1825.149536
0.345973,0.062395,-1824.946777
0.343799,0.064058,-1824.534424
0.344609,0.063879,-1825.097656
0.345892,0.062885,-1824.872437
0.344887,0.062416,-1825.158691
0.343567,0.062305,-1824.42334
0.343567,0.062305,-1824.857666
0.341701,0.062699,-1824.7854
0.341489,0.064161,-1823.700928
0.340096,0.062583,-1824.558594
0.338133,0.062861,-1824.863525
0.339703,0.063322,-1825.029907
0.340853,0.064306,-1825.07251
0.343568,0.063139,-1824.860107
0.344078,0.064783,-1824.4646
0.344147,0.063328,-1825.127686
0.344147,0.063328,-1824.376587
0.345645,0.062718,-1825.2229
0.344895,0.06231,-1824.836426
0.341681,0.061604,-1825.294434
0.341679,0.061027,-1824.9104
0.339319,0.061791,-1824.578613
0.33964,0.061604,-1825.38208
0.34231,0.06387,-1824.536743
0.340743,0.061872,-1824.869629
0.340743,0.061872,-1823.748413
0.339602,0.063874,-1825.136353
0.336643,0.064386,-1824.771851
0.336643,0.064386,-1823.958496
0.336643,0.064386,-1824.959351
0.336065,0.065263,-1824.384521
0.33971,0.064549,-1824.179199
0.33971,0.064549,-1824.74707
0.33753,0.064298,-1824.06189
0.33753,0.064298,-1823.700684
0.335246,0.065136,-1825.259766
0.332972,0.065849,-1824.630127
0.33386,0.066146,-1825.132324
0.33601,0.064471,-1824.895142
0.336211,0.067049,-1825.140259
0.336732,0.067458,-1824.705444
0.336993,0.06568,-1824.81665
0.333672,0.063384,-1825.259521
0.336593,0.064158,-1824.641113
0.33842,0.064419,-1824.3479
0.33879,0.064291,-1824.441162
0.337933,0.065263,-1825.620361
0.338508,0.063218,-1824.487183
0.339679,0.063819,-1824.340088
0.342454,0.063845,-1825.1521
0.342454,0.063845,-1824.309692
0.342656,0.065877,-1824.067261
0.342656,0.065877,-1823.85144
0.343415,0.064922,-1823.844482
0.343415,0.064922,-1824.161377
0.342664,0.0654,-1823.509521
0.343975,0.067292,-1824.201782
0.341243,0.067721,-1824.449097
0.341849,0.068646,-1824.487305
0.340771,0.069178,-1824.284424
0.342289,0.069627,-1824.205933
0.342384,0.068771,-1824.019409
0.340416,0.06766,-1824.223755
0.339544,0.068779,-1824.014648
0.339591,0.069158,-1824.164673
0.341092,0.070754,-1824.505371
0.340367,0.070178,-1824.291748
0.340367,0.070178,-1823.419556
0.342812,0.071387,-1824.463135
0.342812,0.071387,-1823.969849
0.341856,0.070041,-1824.330444
0.343554,0.068219,-1824.218262
0.346778,0.068698,-1822.986206
0.348417,0.070372,-1824.681885
0.348417,0.070372,-1824.734131
0.348417,0.070372,-1824.377075
0.348366,0.070133,-1824.596069
0.347436,0.068972,-1823.950562
0.347333,0.069996,-1823.346802
0.346181,0.070811,-1824.95459
0.348128,0.071224,-1824.965454
0.348128,0.071224,-1823.866821
0.348128,0.071224,-1824.42749
0.348128,0.071224,-1823.479492
0.348032,0.073162,-1824.756836
0.348032,0.073162,-1824.279419
0.347344,0.075639,-1825.057983
0.345357,0.077375,-1824.724731
0.345357,0.077375,-1824.207275
0.345357,0.077375,-1824.628418
0.345357,0.077375,-1823.952759
0.343818,0.075945,-1825.10376
0.343818,0.075945,-1824.039551
0.344179,0.075414,-1824.686523
0.342471,0.075909,-1824.286865
0.343147,0.076795,-1825.11853
0.342037,0.079213,-1824.466064
0.342054,0.079696,-1825.061523
0.342054,0.079696,-1824.575195
0.342054,0.079696,-1824.883179
0.342713,0.079574,-1825.678711
0.341637,0.07877,-1824.930176
0.341254,0.078817,-1825.720215
0.346438,0.076007,-1823.608643
0.347054,0.075865,-1824.652344
0.348877,0.076416,-1824.534668
0.347445,0.079597,-1825.65918
0.345105,0.077752,-1824.793701
0.345526,0.077941,-1825.171997
0.344675,0.076766,-1824.859619
0.34626,0.078725,-1824.711426
0.3435,0.077878,-1824.547119
0.343219,0.077582,-1824.465088
0.341091,0.078435,-1824.337769
0.342299,0.078456,-1824.990601
0.341636,0.079428,-1824.989502
0.339182,0.078831,-1825.310547
0.339753,0.079564,-1824.858765
0.341183,0.080095,-1825.171509
0.341066,0.07928,-1825.228516
0.341066,0.07928,-1824.537598
0.343099,0.080723,-1825.306396
0.344631,0.081298,-1825.018188
0.34352,0.07964,-1824.981079
0.345729,0.079092,-1824.483154
0.345729,0.079092,-1824.541992
0.344263,0.08122,-1824.978271
0.344263,0.08122,-1824.825073
0.343055,0.082768,-1825.425171
0.342397,0.083047,-1825.898193
0.342399,0.081671,-1825.378906
0.341438,0.081949,-1825.212891
0.339681,0.083603,-1825.009521
0.340065,0.082923,-1825.348633
0.340065,0.082923,-1824.669678
0.340439,0.081619,-1825.588867
0.337579,0.082802,-1825.431396
0.337579,0.082802,-1825.582397
0.336793,0.083065,-1824.880371
0.336793,0.083065,-1825.507324
0.336793,0.083065,-1825.419556
0.337775,0.081445,-1825.352417
0.338564,0.082807,-1825.429932
0.337149,0.08134,-1824.638916
0.337149,0.08134,-1824.560059
0.335982,0.079774,-1824.974121
0.335982,0.079774,-1824.921631
0.335982,0.079774,-1824.860352
0.335724,0.079992,-1825.695068
0.335923,0.079894,-1825.346924
0.337941,0.079231,-1824.393066
0.339056,0.076631,-1824.76355
0.33922,0.07665,-1824.277344
0.339218,0.075286,-1825.097046
0.339501,0.073853,-1824.706177
0.341718,0.074648,-1825.200928
0.34021,0.074144,-1824.259766
0.34021,0.074144,-1824.07373
0.338941,0.073799,-1824.359009
0.340724,0.074614,-1824.139648
0.340724,0.074614,-1823.881226
0.340824,0.076993,-1823.888794
0.341077,0.074769,-1824.708984
0.337306,0.072526,-1824.972656
0.337306,0.072526,-1823.629883
0.337306,0.072526,-1824.174438
0.33855,0.072056,-1824.28125
0.338749,0.073696,-1824.114502
0.338749,0.073696,-1824.255371
0.336269,0.074395,-1824.523438
0.336837,0.073919,-1824.749878
0.338273,0.073547,-1824.362793
0.338958,0.074352,-1824.632935
0.33943,0.075648,-1824.596436
0.33943,0.075648,-1823.458618
0.338417,0.077382,-1825.63147
0.335085,0.078463,-1824.920898
0.336597,0.077884,-1825.020996
0.336597,0.077884,-1824.809814
0.336134,0.076007,-1823.970459
0.33552,0.076149,-1824.387329
0.335039,0.074308,-1824.873535
0.336401,0.074244,-1824.362793
0.339212,0.077373,-1824.291382
0.339486,0.078962,-1824.785767
0.339486,0.078962,-1824.749268
0.339486,0.078962,-1824.552856
0.338942,0.078744,-1825.401123
0.339309,0.078265,-1824.227051
0.339309,0.078265,-1824.299194
0.339872,0.076852,-1824.429321
0.339953,0.077295,-1824.647339
0.340413,0.077141,-1824.831909
0.341657,0.076668,-1823.973389
0.34276,0.077206,-1824.302246
0.34084,0.076567,-1825.008301
0.341291,0.078958,-1824.932129
0.344415,0.078625,-1824.868408
0.343732,0.076951,-1824.818359
0.34677,0.074243,-1824.422119
0.346536,0.073428,-1824.604492
0.345913,0.073091,-1824.287842
0.345248,0.071594,-1824.393555
0.346866,0.071655,-1823.554688
0.346324,0.071363,-1823.670654
0.342885,0.072016,-1823.86731
0.342885,0.072016,-1823.962891
0.340256,0.074156,-1824.211548
0.3402,0.074813,-1824.280762
0.3402,0.074813,-1823.875488
0.3402,0.074813,-1823.824707
0.339633,0.073673,-1824.544922
0.339633,0.073673,-1823.806641
0.337757,0.07399,-1824.894287
0.336096,0.074486,-1824.545898
0.336096,0.074486,-1823.313477
0.337394,0.072707,-1823.798828
0.341879,0.072996,-1823.897949
0.341743,0.072247,-1823.573242
0.338522,0.071615,-1824.484863
0.339478,0.073897,-1824.928345
0.336416,0.076915,-1825.32605
0.336122,0.078935,-1824.712402
0.336122,0.078935,-1825.141846
0.33761,0.079537,-1825.196655
0.338844,0.080081,-1825.136108
0.339004,0.081245,-1825.244629
0.338534,0.081939,-1825.085205
0.336306,0.084392,-1826.162231
0.337019,0.084378,-1825.743896
0.335873,0.085618,-1825.842407
0.337459,0.087112,-1826.263794
0.337941,0.086372,-1825.83667
0.337941,0.086372,-1826.062744
0.337941,0.086372,-1826.547241
0.33564,0.08591,-1825.849365
0.33564,0.08591,-1825.52356
0.334925,0.087917,-1826.44104
0.334821,0.086297,-1826.600952
0.333389,0.084943,-1826.811035
0.33044,0.082004,-1826.334961
0.33044,0.082004,-1826.32666
0.328563,0.080536,-1826.87207
0.328133,0.080246,-1826.002319
0.325881,0.078696,-1825.323486
0.327866,0.078908,-1826.001343
0.327866,0.078908,-1825.655762
0.328393,0.07881,-1825.679932
0.328404,0.076279,-1825.703369
0.330223,0.074302,-1825.152466
0.329541,0.071598,-1825.592285
0.329987,0.072998,-1825.618896
0.328918,0.072925,-1825.181519
0.330689,0.073885,-1825.700684
0.331726,0.071888,-1824.66626
0.331726,0.071888,-1825.571899
0.33132,0.073047,-1824.761475
0.33132,0.073047,-1825.487183
0.332953,0.071794,-1824.615234
0.332299,0.072073,-1824.74939
0.332565,0.072153,-1825.092041
0.335496,0.073521,-1824.142212
0.335489,0.073534,-1824.532593
0.335117,0.072124,-1824.93811
0.334085,0.072584,-1824.759888
0.33372,0.071319,-1824.791504
0.332372,0.072293,-1824.073486
0.335021,0.074781,-1825.144653
0.332795,0.076707,-1825.415894
0.334497,0.076242,-1823.933228
0.333728,0.076056,-1825.047852
0.333728,0.076056,-1824.852173
0.335016,0.076563,-1825.089844
0.336528,0.076546,-1825.186523
0.337753,0.079252,-1825.142334
0.337403,0.077658,-1825.36499
0.336263,0.077183,-1824.491821
0.335419,0.076785,-1824.594849
0.334081,0.078476,-1825.948853
0.334439,0.078191,-1824.891357
0.335928,0.077231,-1825.072388
0.335928,0.077231,-1824.736694
0.335293,0.077924,-1824.799683
0.335869,0.077103,-1824.556396
0.338312,0.078384,-1825.450928
0.338312,0.078384,-1824.935791
0.337195,0.077967,-1824.927734
0.337195,0.077967,-1824.33374
0.340842,0.075676,-1824.509277
0.339989,0.073839,-1824.75061
0.339989,0.073839,-1824.698486
0.339989,0.073839,-1824.099976
0.342393,0.07446,-1824.365234
0.343378,0.073632,-1823.801514
0.343449,0.074433,-1823.906006
0.34249,0.0763,-1824.776733
0.343141,0.077947,-1823.965698
0.342301,0.07797,-1824.31897
0.342301,0.07797,-1824.552734
0.341026,0.078268,-1824.790161
0.340738,0.078946,-1824.658325
0.340738,0.078946,-1825.00293
0.343239,0.080141,-1825.206177
0.342116,0.079609,-1824.835205
0.341315,0.07885,-1823.853149
0.342154,0.078558,-1824.634766
0.342322,0.076694,-1824.167358
0.341863,0.076536,-1824.946655
0.341863,0.076536,-1824.563965
0.339201,0.076298,-1824.031494
0.341391,0.076201,-1824.890869
0.341914,0.076282,-1825.298096
0.341799,0.077603,-1824.561523
0.340213,0.075598,-1824.587036
0.338771,0.075787,-1823.575073
0.34125,0.074677,-1824.812744
0.342987,0.075022,-1824.346802
0.342987,0.075022,-1824.598877
0.345441,0.075874,-1824.033081
0.345285,0.076615,-1824.623413
0.346615,0.074704,-1824.529907
0.347168,0.074998,-1823.090942
0.350218,0.075834,-1825.085571
0.3483,0.075881,-1824.865723
0.3483,0.075881,-1824.686279
0.34755,0.076262,-1824.740601
0.347095,0.076987,-1825.159668
0.349679,0.07499,-1824.702515
0.346887,0.077383,-1824.941162
0.348564,0.077533,-1824.644287
0.34856,0.077146,-1824.50293
0.349002,0.077733,-1825.722412
0.349002,0.077733,-1824.569092
0.346316,0.077776,-1824.967041
0.347925,0.077764,-1824.736206
0.347925,0.077764,-1825.010864
0.349291,0.078051,-1824.748047
0.3499,0.078245,-1825.108398
0.351932,0.079143,-1825.053711
0.3518,0.080167,-1825.175049
0.353965,0.078404,-1825.237305
0.353412,0.077824,-1825.547852
0.353412,0.077824,-1825.034546
0.351565,0.077347,-1825.285156
0.351341,0.078455,-1825.602295
0.351341,0.078455,-1824.9375
0.352107,0.081229,-1824.316406
0.355135,0.080251,-1826.167969
0.352719,0.080504,-1825.862061
0.353451,0.08011,-1826.098022
0.352822,0.08162,-1825.704224
0.352822,0.08162,-1825.009766
0.351067,0.082647,-1825.230469
0.352411,0.084167,-1825.405884
0.354874,0.084481,-1825.322144
0.354874,0.084481,-1826.30542
0.354493,0.086054,-1826.322266
0.353032,0.088574,-1826.826904
0.350456,0.088834,-1826.950439
0.345788,0.090686,-1827.231445
0.347065,0.090621,-1826.958984
0.346819,0.089081,-1826.422607
0.347482,0.09004,-1827.235229
0.344561,0.089635,-1826.358765
0.346565,0.090428,-1826.493896
0.347133,0.089355,-1826.908081
0.349318,0.089484,-1827.040039
0.349611,0.088642,-1826.594971
0.349611,0.088642,-1826.396118
0.350272,0.088817,-1826.34375
0.348481,0.08806,-1825.634155
0.346198,0.087409,-1826.795532
0.345187,0.08668,-1826.174927
0.344249,0.087326,-1826.912842
0.345385,0.087671,-1826.701416
0.347145,0.086244,-1826.653564
0.348244,0.086217,-1825.708984
0.350021,0.087553,-1826.029297
0.348995,0.086123,-1825.668335
0.349598,0.086285,-1826.456421
0.349248,0.086325,-1826.495239
0.347529,0.085926,-1826.146729
0.344337,0.084234,-1825.521118
0.344337,0.084234,-1825.549927
0.34478,0.08421,-1825.561035
0.344721,0.082983,-1825.222046
0.342283,0.08301,-1825.067383
0.339878,0.083318,-1825.282471
0.340862,0.081594,-1825.335815
0.340862,0.081594,-1825.550537
0.340862,0.081594,-1824.807129
0.340862,0.081594,-1825.033813
0.344266,0.08189,-1824.872803
0.344266,0.08189,-1824.896484
0.341956,0.080956,-1825.144043
0.342051,0.08137,-1825.290771
0.340357,0.0814,-1825.471802
0.339388,0.079721,-1825.227905
0.339388,0.079721,-1824.702759
0.338487,0.078752,-1824.814453
0.335906,0.075903,-1825.140259
0.335906,0.075903,-1824.103149
0.337213,0.075101,-1824.674927
0.336516,0.076001,-1824.445312
0.338309,0.074437,-1824.252563
0.337752,0.073854,-1824.459961
0.336649,0.074085,-1824.545898
0.3333,0.076506,-1825.165527
0.332789,0.076462,-1824.86792
0.332789,0.076462,-1824.582275
0.332716,0.077586,-1825.819824
0.334294,0.077108,-1825.024902
0.333251,0.076161,-1824.874756
0.331716,0.075001,-1825.29187
0.33091,0.074457,-1825.913086
0.33091,0.074457,-1824.62439
0.332281,0.074358,-1825.338745
0.333042,0.071845,-1824.337646
0.336095,0.073294,-1825.186279
0.336095,0.073294,-1823.600952
0.335492,0.073961,-1825.012451
0.332816,0.076913,-1824.851807
0.337665,0.078677,-1824.933228
0.337304,0.077987,-1825.474365
0.335414,0.076194,-1825.184814
0.335788,0.075673,-1824.693848
0.335008,0.075862,-1824.5
0.335008,0.075862,-1825.395508
0.335008,0.075862,-1824.842407
0.335781,0.074317,-1823.703369
0.336886,0.075202,-1824.878052
0.336886,0.075202,-1824.071289
0.336886,0.075202,-1824.65625
0.336886,0.075202,-1824.09375
0.334346,0.075122,-1824.965332
0.334533,0.077009,-1824.900391
0.332482,0.077504,-1825.30249
0.334736,0.076734,-1824.937134
0.334736,0.076734,-1824.317871
0.334736,0.076734,-1824.848877
0.333238,0.075415,-1824.775391
0.331193,0.078363,-1825.56665
0.331193,0.078363,-1826.356079
0.33436,0.077933,-1824.619019
0.33436,0.077933,-1824.967896
0.33436,0.077933,-1825.20874
0.333562,0.078841,-1825.107056
0.332763,0.079332,-1826.261719
0.330791,0.081439,-1826.144287
0.33086,0.081344,-1826.178955
0.331891,0.083227,-1826.195557
0.333741,0.08214,-1825.276489
0.332913,0.083898,-1826.396851
0.333683,0.083184,-1825.873169
0.330027,0.083195,-1827.638794
0.331382,0.084298,-1825.472168
0.32946,0.086898,-1825.515381
0.330444,0.086268,-1826.656494
0.330444,0.086268,-1826.411987
0.329508,0.086226,-1826.968506
0.329219,0.08431,-1826.548706
0.32558,0.085797,-1828.424438
0.325624,0.084464,-1827.044678
0.32574,0.082129,-1826.48999
0.325801,0.082106,-1827.45459
0.32752,0.080704,-1825.445801
0.327328,0.080312,-1825.60022
0.327542,0.08006,-1827.013794
0.328974,0.080346,-1825.466553
0.328974,0.080346,-1825.199097
0.328332,0.079753,-1825.437378
0.326599,0.080137,-1826.070068
0.326599,0.080137,-1825.377197
0.325693,0.079532,-1826.058594
0.326101,0.080078,-1826.255859
0.326101,0.080078,-1827.744995
0.326101,0.080078,-1825.707764
0.324376,0.080172,-1826.589966
0.322138,0.07972,-1826.306641
0.319696,0.078729,-1827.211792
0.320636,0.07822,-1827.388672
0.319181,0.077639,-1827.478516
0.319181,0.077639,-1827.376343
0.319181,0.077639,-1826.463013
0.319213,0.07613,-1826.30603
0.319501,0.076473,-1827.645752
0.319501,0.076473,-1827.202515
0.321958,0.077756,-1827.242065
0.322616,0.076689,-1826.564453
0.323658,0.075157,-1827.635742
0.325623,0.075332,-1826.383667
0.325423,0.076519,-1825.772583
0.326657,0.07594,-1826.220215
0.32922,0.076824,-1825.291016
0.329067,0.079381,-1825.732544
0.329948,0.081144,-1826.88623
0.329948,0.081144,-1826.430908
0.330222,0.082584,-1826.703247
0.329958,0.080416,-1826.182495
0.3288,0.081779,-1825.603882
0.329449,0.081143,-1826.654907
0.329553,0.080473,-1825.053955
0.331702,0.080044,-1825.9198
0.331702,0.080044,-1824.894287
0.332674,0.07945,-1824.75415
0.336264,0.079181,-1824.532837
0.336264,0.079181,-1824.987183
0.336528,0.079454,-1825.557617
0.336528,0.079454,-1825.07666
0.338481,0.079261,-1824.376953
0.338627,0.079625,-1824.822021
0.340069,0.079969,-1825.830322
0.339104,0.079442,-1825.039062
0.339277,0.07884,-1824.374512
0.339277,0.07884,-1824.685059
0.337743,0.079555,-1824.954468
0.339203,0.079397,-1824.85791
0.340848,0.08086,-1825.605469
0.342402,0.079305,-1825.35083
0.344431,0.079112,-1825.104858
0.344783,0.079553,-1824.731445
0.344783,0.079553,-1824.699951
0.347607,0.079772,-1824.718018
0.346839,0.078438,-1824.935547
0.344746,0.078197,-1825.086548
0.346537,0.077124,-1825.184814
0.344646,0.076041,-1824.711304
0.346821,0.075243,-1824.869141
0.346475,0.076561,-1823.81665
0.345859,0.075545,-1823.976562
0.347021,0.077184,-1824.599365
0.347021,0.077184,-1824.072021
0.34688,0.076193,-1824.38562
0.347828,0.074353,-1824.38623
0.346296,0.074942,-1824.694092
0.34794,0.075772,-1824.530884
0.34794,0.075772,-1824.303345
0.347021,0.076194,-1824.312256
0.347667,0.077155,-1824.613159
0.348608,0.079082,-1825.40625
0.348608,0.079082,-1824.711182
0.350337,0.080266,-1825.062256
0.352183,0.079726,-1825.657104
0.35034,0.079342,-1825.022949
0.35034,0.079342,-1824.880859
0.35034,0.079342,-1824.725952
0.350691,0.079954,-1825.342285
0.353855,0.080302,-1825.109863
0.353855,0.080302,-1824.713379
0.355365,0.079217,-1824.6875
0.35336,0.081756,-1825.664551
0.35336,0.081756,-1825.225098
0.35336,0.081756,-1825.289673
0.352496,0.080622,-1825.142944
0.352496,0.080622,-1825.108643
0.354174,0.080286,-1825.349609
0.354523,0.079883,-1825.823486
0.352955,0.081152,-1825.658813
0.356445,0.079809,-1825.994629
0.357425,0.079526,-1825.493408
0.357425,0.079526,-1825.505615
0.358933,0.080678,-1826.194458
0.359531,0.080908,-1826.108154
0.358903,0.079867,-1825.73877
0.360756,0.081306,-1825.675781
0.360756,0.081306,-1825.817017
0.363584,0.080295,-1826.493652
0.363584,0.080295,-1826.694336
0.367837,0.080359,-1827.246094
0.368487,0.07929,-1827.152344
0.366401,0.078143,-1826.702148
0.366401,0.078143,-1826.880249
0.365309,0.077613,-1826.362305
0.365309,0.077613,-1826.099976
0.365309,0.077613,-1826.770142
0.364499,0.075979,-1825.87146
0.368174,0.073212,-1827.021851
0.36807,0.075829,-1826.080566
0.366333,0.076526,-1826.700317
0.367893,0.077429,-1827.40979
0.369162,0.07815,-1826.585449
0.369162,0.07815,-1826.540527
0.369162,0.07815,-1827.173584
0.369162,0.07815,-1827.269043
0.368448,0.079851,-1828.018066
0.36538,0.079328,-1826.850098
0.36538,0.079328,-1826.979736
0.365714,0.078719,-1826.974121
0.365738,0.077932,-1826.556152
0.364204,0.078682,-1826.933228
0.365063,0.079112,-1826.413208
0.365063,0.079112,-1826.029053
0.364626,0.080052,-1827.115234
0.364626,0.080052,-1826.578491
0.364907,0.080677,-1826.859497
0.364907,0.080677,-1826.665283
0.365875,0.080184,-1826.775391
0.365875,0.080184,-1826.655762
0.365875,0.080184,-1826.816528
0.369266,0.079155,-1827.296387
0.369541,0.07919,-1827.85376
0.367577,0.080007,-1826.168945
0.368418,0.079972,-1827.669922
0.367079,0.080446,-1826.772949
0.368098,0.082023,-1827.325684
0.368098,0.082023,-1826.545532
0.367184,0.083008,-1827.384521
0.366037,0.081691,-1827.467163
0.363836,0.082984,-1826.822754
0.362313,0.079927,-1826.081299
0.362987,0.080053,-1826.015991
0.360822,0.079465,-1826.58606
0.363582,0.077402,-1826.135864
0.364786,0.076363,-1826.699097
0.363396,0.076254,-1825.753662
0.363037,0.07432,-1826.046387
0.362323,0.074353,-1825.908325
0.363197,0.073606,-1825.244263
0.363611,0.072071,-1826.034424
0.362362,0.069314,-1825.650269
0.362362,0.069314,-1825.2146
0.362362,0.069314,-1824.772339
0.363429,0.068766,-1826.536133
0.36261,0.067256,-1825.447754
0.363205,0.067473,-1825.818848
0.36337,0.068252,-1825.307129
0.363761,0.069861,-1825.073608
0.361419,0.070608,-1825.879028
0.36097,0.070812,-1825.956177
0.362382,0.070821,-1825.616699
0.361487,0.071709,-1825.795044
0.361401,0.07337,-1825.626465
0.360772,0.072355,-1826.415771
0.360772,0.072355,-1825.365845
0.357325,0.07079,-1825.242554
0.357665,0.070742,-1824.615479
0.360645,0.069351,-1825.445801
0.359817,0.070022,-1825.766235
0.360919,0.069617,-1824.986084
0.363463,0.069149,-1825.34314
0.364356,0.069226,-1825.027344
0.363599,0.069678,-1825.850342
0.365713,0.072043,-1825.612427
0.362899,0.070926,-1826.399658
0.361304,0.073222,-1825.050659
0.363787,0.074229,-1825.681274
0.365483,0.074978,-1825.866333
0.365094,0.074924,-1826.404297
0.365094,0.074924,-1826.145142
0.365916,0.076298,-1827.054443
0.366471,0.073556,-1825.975586
0.367084,0.073107,-1826.783447
0.366696,0.073339,-1825.950562
0.366077,0.072896,-1826.646484
0.368312,0.071086,-1825.852173
0.368434,0.07316,-1827.650391
0.367771,0.075685,-1826.749634
0.367771,0.075685,-1826.374756
0.367771,0.075685,-1826.531494
0.366523,0.074767,-1826.559692
0.365953,0.073425,-1825.525757
0.365953,0.073425,-1826.308472
0.363265,0.074525,-1825.38269
0.364913,0.074,-1826.761963
0.364994,0.074182,-1826.348389
0.36753,0.073574,-1826.381104
0.36753,0.073574,-1826.838379
0.366248,0.073911,-1826.494873
0.363769,0.073917,-1825.321777
0.36342,0.073564,-1825.879028
0.364853,0.072225,-1825.543457
0.366734,0.070547,-1826.91626
0.364238,0.071129,-1825.893066
0.36423,0.069932,-1825.718628
0.36423,0.069932,-1825.291748
0.365147,0.070687,-1826.640381
0.36547,0.071326,-1825.69458
0.36723,0.071237,-1825.843384
0.365832,0.070613,-1826.78772
0.365832,0.070613,-1825.487305
0.366762,0.070133,-1825.711548
0.36786,0.069784,-1825.732544
0.365325,0.069367,-1826.022827
0.365325,0.069367,-1825.299072
0.36517,0.070178,-1826.253418
0.365578,0.068284,-1826.658325
0.365522,0.066543,-1826.070435
0.363556,0.067245,-1825.215332
0.362494,0.065783,-1825.633179
0.362141,0.066404,-1825.953369
0.362141,0.066404,-1825.612427
0.363985,0.069632,-1825.061035
0.365759,0.069671,-1826.959106
0.365759,0.069671,-1825.874756
0.365759,0.069671,-1825.364014
0.365144,0.06911,-1825.184204
0.365991,0.069492,-1826.229492
0.368234,0.070143,-1826.409302
0.370578,0.070732,-1826.203857
0.370287,0.069396,-1826.78833
0.370759,0.070089,-1826.610596
0.369796,0.070404,-1826.299316
0.368668,0.069635,-1826.068237
0.366125,0.068533,-1826.189331
0.366125,0.068533,-1825.566284
0.365903,0.069561,-1826.431396
0.364403,0.068019,-1825.781738
0.364455,0.067685,-1826.369507
0.364455,0.067685,-1825.840698
0.362442,0.066773,-1825.868164
0.361934,0.066041,-1825.240723
0.361246,0.067011,-1825.82666
0.361246,0.067011,-1825.511353
0.361246,0.067011,-1825.574219
0.35958,0.066635,-1824.588501
0.35958,0.066635,-1825.62207
0.35958,0.066635,-1825.274414
0.359545,0.06595,-1824.787476
0.357817,0.068129,-1824.775635
0.357617,0.066043,-1825.070557
0.357317,0.065342,-1825.111084
0.359449,0.062969,-1825.783936
0.360874,0.065939,-1825.804077
0.362065,0.065042,-1825.839478
0.364602,0.065539,-1826.01001
0.364602,0.065539,-1825.871826
0.364796,0.064235,-1825.542969
0.363774,0.064241,-1826.338379
0.363817,0.066795,-1825.175781
0.363368,0.065608,-1825.705566
0.363368,0.065608,-1825.255859
0.36023,0.064307,-1825.50293
0.36023,0.064307,-1824.732178
0.359724,0.06662,-1825.619019
0.359151,0.067104,-1825.593018
0.359819,0.06887,-1825.075562
0.361128,0.067366,-1824.744507
0.361128,0.067366,-1824.439575
0.360846,0.067269,-1825.304321
0.35897,0.068528,-1825.096924
0.35897,0.068528,-1824.834961
0.35725,0.067916,-1825.748901
0.356947,0.068182,-1824.881592
0.356947,0.068182,-1824.806396
0.357402,0.069123,-1825.323364
0.357237,0.069749,-1825.067627
0.357287,0.070501,-1825.11499
0.355486,0.069865,-1824.381348
0.356882,0.067466,-1825.060913
0.356882,0.067466,-1825.125488
0.355617,0.067375,-1824.700439
0.356964,0.068557,-1824.500977
0.357208,0.069089,-1825.432129
0.35923,0.07,-1824.189087
0.35923,0.07,-1825.677734
0.35923,0.07,-1824.391235
0.35923,0.07,-1824.851807
0.360287,0.066938,-1825.703491
0.360622,0.066374,-1825.10083
0.355799,0.066592,-1824.918335
0.355799,0.066592,-1824.466064
0.353005,0.066454,-1825.058105
0.351527,0.066144,-1824.346924
0.351026,0.06591,-1824.321167
0.351026,0.06591,-1824.328613
0.350286,0.064408,-1824.481201
0.352791,0.063318,-1825.723267
0.351879,0.065923,-1824.226807
0.351016,0.066791,-1824.571899
0.350804,0.066419,-1824.886108
0.350804,0.066419,-1824.344482
0.349506,0.066343,-1824.331543
0.349661,0.066759,-1824.608276
0.352127,0.066147,-1824.561646
0.351905,0.064891,-1824.099609
0.352534,0.063901,-1825.133545
0.353695,0.06511,-1825.234131
0.35472,0.065695,-1825.16333
0.35506,0.067974,-1824.623535
0.354205,0.067506,-1825.344727
0.352861,0.068654,-1825.122803
0.354421,0.068475,-1824.617432
0.352874,0.069442,-1824.906616
0.3549,0.067959,-1824.132324
0.354476,0.067868,-1824.139771
0.355353,0.067709,-1824.184814
0.356238,0.06932,-1825.202759
0.357307,0.071014,-1824.794556
0.357796,0.072163,-1825.507935
0.361198,0.070977,-1825.527588
0.363007,0.070093,-1825.453369
0.36116,0.069046,-1825.327515
0.362003,0.07097,-1825.792358
0.365558,0.07088,-1826.630371
0.367956,0.072336,-1826.576538
0.370055,0.070344,-1826.556152
0.37037,0.070333,-1827.039795
0.3723,0.069037,-1827.050781
0.372375,0.06813,-1827.147217
0.375141,0.068193,-1827.459229
0.375084,0.068097,-1828.13623
0.374348,0.068873,-1827.189453
0.375653,0.069474,-1827.590942
0.374258,0.070009,-1828.322144
0.371801,0.071454,-1828.317383
0.375562,0.069479,-1826.859375
0.375733,0.068776,-1827.029297
0.374442,0.06737,-1827.479248
0.374719,0.067752,-1827.639282
0.370379,0.066797,-1826.938599
0.371249,0.067446,-1826.933105
0.371249,0.067446,-1826.572266
0.368127,0.067911,-1826.918213
0.368127,0.067911,-1826.218872
0.370451,0.069248,-1827.113892
0.370451,0.069248,-1826.519531
0.370236,0.069511,-1826.279785
0.370521,0.069536,-1826.807129
0.367845,0.067263,-1826.686279
0.367845,0.067263,-1825.948975
0.367845,0.067263,-1826.288452
0.368492,0.066948,-1825.705811
0.368492,0.066948,-1826.075928
0.367854,0.063888,-1826.133057
0.367553,0.063281,-1827.312378
0.366039,0.063047,-1825.771973
0.366039,0.063047,-1826.543701
0.367669,0.064251,-1827.352051
0.366814,0.064888,-1826.797852
0.366477,0.065232,-1826.522705
0.364778,0.064188,-1826.200195
0.362672,0.066345,-1825.595215
0.36204,0.065051,-1825.997314
0.361655,0.064679,-1825.852295
0.363649,0.066001,-1825.50647
0.36415,0.065729,-1825.963379
0.366098,0.065099,-1826.426147
0.364265,0.066181,-1826.191772
0.364766,0.064984,-1826.466431
0.363955,0.064345,-1825.965332
0.363722,0.066331,-1825.493408
0.361992,0.064904,-1826.029541
0.360813,0.066545,-1825.604736
0.360863,0.06883,-1824.197021
0.360863,0.06883,-1824.724854
0.360897,0.068632,-1825.755005
0.361729,0.070376,-1825.463989
0.362382,0.07161,-1825.251831
0.360445,0.069977,-1825.483887
0.359689,0.067393,-1825.292969
0.360278,0.066551,-1825.093506
0.359069,0.065985,-1824.97876
0.359683,0.066093,-1824.219971
0.360052,0.06393,-1825.735596
0.361135,0.064813,-1825.725342
0.362175,0.065364,-1826.233643
0.363212,0.064718,-1826.266968
0.362244,0.064447,-1826.041382
0.360598,0.064787,-1825.481689
0.360598,0.064787,-1825.166382
0.362186,0.062547,-1824.772949
0.36132,0.062603,-1826.100098
0.359687,0.061637,-1825.61792
0.359687,0.061637,-1825.547241
0.359687,0.061637,-1825.18335
0.359366,0.062615,-1825.730103
0.36159,0.061673,-1825.962646
0.361787,0.06101,-1826.630371
0.360752,0.060109,-1827.055908
0.361531,0.06163,-1826.294434
0.363092,0.062125,-1826.183105
0.363881,0.063354,-1826.26416
0.36241,0.063431,-1825.927734
0.36109,0.062294,-1825.503174
0.360332,0.063023,-1825.678711
0.35931,0.062787,-1825.383789
0.35755,0.061975,-1824.685791
0.356041,0.060632,-1825.545044
0.355748,0.060045,-1824.939209
0.355662,0.060054,-1825.924805
0.357622,0.060247,-1825.722046
0.357622,0.060247,-1825.114868
0.358917,0.060085,-1825.279419
0.361468,0.060407,-1826.285889
0.361468,0.060407,-1826.50647
0.359129,0.061108,-1825.192139
0.358076,0.05994,-1826.106201
0.358076,0.05994,-1825.39624
0.358076,0.05994,-1825.662109
0.355869,0.058891,-1825.36377
0.355572,0.057953,-1827.165771
0.356694,0.061352,-1825.869385
0.359546,0.061162,-1826.138794
0.359591,0.060196,-1826.267822
0.361217,0.060415,-1825.56958
0.360996,0.061478,-1826.55249
0.360878,0.061254,-1826.465088
0.359659,0.060439,-1826.061035
0.36033,0.060986,-1826.078857
0.359677,0.059986,-1826.935425
0.359677,0.059986,-1825.880737
0.359677,0.059986,-1825.562988
0.360015,0.061596,-1825.476562
0.357513,0.060479,-1824.998901
0.35788,0.056896,-1826.468384
0.35788,0.056896,-1826.626465
0.356561,0.057061,-1826.108765
0.354999,0.057557,-1826.71228
0.357563,0.057167,-1826.393555
0.354615,0.054471,-1827.020508
0.356375,0.054934,-1827.470337
0.355546,0.054706,-1827.3479
0.354993,0.053779,-1828.039551
0.354993,0.053779,-1827.922852
0.354016,0.052695,-1827.309692
0.355291,0.052717,-1827.095459
0.355291,0.052717,-1827.32312
0.355291,0.052717,-1827.965332
0.356733,0.052137,-1828.259766
0.357656,0.05274,-1827.215576
0.356691,0.054556,-1827.092163
0.35697,0.055578,-1826.483154
0.355915,0.055508,-1826.415527
0.356396,0.057538,-1827.15625
0.357309,0.058157,-1825.779663
0.358232,0.058168,-1825.347656
0.358232,0.058168,-1826.22876
0.358733,0.057892,-1826.618774
0.358064,0.058124,-1825.689453
0.358419,0.059659,-1825.906494
0.357813,0.059441,-1826.02002
0.355672,0.057828,-1826.742188
0.355672,0.057828,-1825.878296
0.356338,0.059382,-1826.211304
0.355021,0.059509,-1826.30542
0.355021,0.059509,-1825.104736
0.358645,0.058071,-1826.029175
0.356454,0.058873,-1825.709595
0.356454,0.058873,-1825.305542
0.356886,0.058816,-1825.912842
0.357941,0.057932,-1825.792969
0.358194,0.058161,-1825.754883
0.357379,0.057614,-1826.830444
0.358206,0.057497,-1825.682129
0.358206,0.057497,-1826.209473
0.357533,0.056778,-1826.279785
0.358225,0.058752,-1826.886108
0.358225,0.058752,-1825.552246
0.356501,0.056819,-1827.162598
0.355715,0.055889,-1826.189209
0.356255,0.056038,-1827.243408
0.356255,0.056038,-1826.542114
0.354621,0.056295,-1826.161987
0.354621,0.056295,-1826.60498
0.353686,0.057328,-1825.869995
0.35217,0.059572,-1825.277954
0.349838,0.061114,-1825.247559
0.350889,0.06129,-1825.595581
0.35128,0.059644,-1825.602905
0.350165,0.059684,-1824.389038
0.352209,0.05993,-1825.64502
0.352209,0.05993,-1824.886719
0.352209,0.05993,-1825.444824
0.347775,0.060183,-1824.800781
0.347966,0.061638,-1824.047363
0.349189,0.060354,-1825.295898
0.34951,0.058337,-1825.503418
0.34951,0.058337,-1825.019043
0.348418,0.057589,-1826.138428
0.349996,0.059169,-1825.3573
0.349824,0.059402,-1825.234131
0.347279,0.062129,-1824.945068
0.348138,0.063235,-1824.435059
0.347771,0.063359,-1825.106323
0.347771,0.063359,-1825.066162
0.347771,0.063359,-1824.177246
0.349244,0.063332,-1824.867676
0.349211,0.063706,-1824.364014
0.348046,0.062973,-1824.990723
0.350412,0.062828,-1824.818604
0.350653,0.062456,-1824.869019
0.351413,0.063897,-1824.572266
0.352038,0.063636,-1824.78833
0.352038,0.063636,-1824.457275
0.353581,0.064071,-1825.766602
0.354272,0.066459,-1824.016357
0.354272,0.066459,-1823.734863
0.354272,0.066459,-1824.70813
0.352771,0.066769,-1824.897949
0.351385,0.066197,-1825.116943
0.35003,0.068177,-1824.904907
0.349245,0.06829,-1824.851074
0.349183,0.071238,-1823.983643
0.3498,0.069999,-1824.845459
0.35135,0.070282,-1824.111328
0.353773,0.072011,-1824.661865
0.353773,0.072011,-1824.521729
0.355886,0.072444,-1824.322021
0.355507,0.073263,-1825.001343
0.354267,0.075607,-1825.460571
0.359077,0.075535,-1825.363159
0.359122,0.07487,-1825.129395
0.357659,0.075459,-1825.849609
0.35632,0.073885,-1824.528076
0.354218,0.072264,-1824.605713
0.352028,0.071255,-1825.237305
0.350177,0.069642,-1824.436768
0.35107,0.068507,-1824.297607
0.351597,0.067155,-1824.317505
0.350625,0.067688,-1824.768066
0.350484,0.067879,-1824.872314
0.348244,0.068424,-1824.306641
0.34856,0.071084,-1824.719116
0.346796,0.069914,-1824.606567
0.346796,0.069914,-1823.498901
0.34318,0.070447,-1824.68335
0.343207,0.072957,-1824.076172
0.343848,0.07395,-1824.360474
0.345247,0.075021,-1823.94873
0.349105,0.075604,-1824.333496
0.349703,0.076042,-1824.312622
0.348986,0.075535,-1825.407227
0.348563,0.074377,-1824.663818
0.349082,0.073766,-1824.816895
0.349082,0.073766,-1823.775757
0.349082,0.073766,-1824.397827
0.349944,0.072822,-1824.330688
0.349258,0.07256,-1824.285156
0.348806,0.074326,-1824.709229
0.353754,0.073257,-1824.25415
0.35625,0.070694,-1825.095703
0.355165,0.068981,-1824.601562
0.355165,0.068981,-1824.043213
0.355165,0.068981,-1825.034546
0.356377,0.068384,-1824.741699
0.35772,0.068546,-1824.346558
0.359956,0.067347,-1825.868652
0.360499,0.06805,-1826.244629
0.361347,0.068898,-1825.739868
0.361356,0.070936,-1825.517944
0.361356,0.070936,-1825.125488
0.363919,0.072913,-1825.210083
0.3631,0.073285,-1825.650757
0.360976,0.075319,-1826.385254
0.361494,0.075436,-1826.280029
0.36078,0.075131,-1825.38501
0.358553,0.073962,-1825.254395
0.359175,0.075263,-1825.459595
0.3589,0.075696,-1825.699341
0.359329,0.074933,-1826.155518
0.360303,0.074649,-1825.279785
0.362386,0.075735,-1825.485718
0.358953,0.075404,-1825.655029
0.357233,0.073614,-1825.424194
0.355348,0.073646,-1825.442261
0.352239,0.073569,-1825.54895
0.352018,0.07332,-1825.077393
0.352018,0.07332,-1824.097656
0.35348,0.075014,-1824.624512
0.350743,0.075592,-1824.588989
0.350743,0.075592,-1823.884766
0.349606,0.078011,-1824.560669
0.351555,0.077337,-1824.473389
0.350432,0.076455,-1824.736328
0.350432,0.076455,-1825.065796
0.352376,0.07295,-1824.692505
0.352767,0.073698,-1824.328857
0.354287,0.071691,-1824.972412
0.352567,0.070194,-1824.342163
0.348359,0.071428,-1824.003296
0.347781,0.071888,-1823.741577
0.347568,0.071781,-1824.764893
0.347823,0.071115,-1824.276245
0.347823,0.071115,-1823.542236
0.346298,0.07279,-1824.264893
0.34645,0.073607,-1823.710205
0.34645,0.073607,-1824.243286
0.342715,0.070907,-1824.710693
0.342375,0.070154,-1824.4375
0.345587,0.070908,-1824.317993
0.346036,0.070764,-1824.455444
0.347629,0.069547,-1824.290161
0.348292,0.070035,-1824.078613
0.348292,0.070035,-1823.424438
0.350589,0.069508,-1824.834839
0.349996,0.068828,-1823.866699
0.349996,0.068828,-1823.845825
0.349996,0.068828,-1824.445801
0.351163,0.070761,-1825.011475
0.350441,0.070557,-1824.912842
0.350172,0.070314,-1824.433716
0.350156,0.070949,-1823.998291
0.351982,0.070471,-1824.793457
0.351982,0.070471,-1824.462891
0.351064,0.069857,-1824.011108
0.351415,0.06887,-1825.215576
0.351426,0.068706,-1824.393433
0.350363,0.069746,-1823.86731
0.349996,0.070463,-1824.604614
0.351706,0.071399,-1823.957275
0.350752,0.070436,-1824.331543
0.348924,0.068766,-1824.318237
0.348924,0.068766,-1823.78125
0.350942,0.067883,-1823.99707
0.350942,0.067883,-1824.03125
0.35093,0.068454,-1824.36377
0.350827,0.06826,-1824.822632
0.348961,0.068467,-1824.475708
0.348289,0.068206,-1823.988281
0.350004,0.068749,-1824.453735
0.349287,0.06884,-1823.999146
0.348525,0.069515,-1824.811279
0.348658,0.069784,-1824.61084
0.348658,0.069784,-1824.100342
0.349041,0.069132,-1823.848022
0.347962,0.067295,-1824.649658
0.347962,0.067295,-1824.671753
0.347758,0.067983,-1824.043091
0.351086,0.067797,-1825.186646
0.351501,0.068318,-1824.932617
0.350601,0.068741,-1824.259399
0.351124,0.068449,-1824.963135
0.353367,0.070661,-1823.997314
0.353367,0.070661,-1823.43396
0.350568,0.070189,-1823.97522
0.353019,0.071326,-1824.922119
0.355249,0.07193,-1824.627686
0.353632,0.071553,-1824.952026
0.353632,0.071553,-1823.604736
0.352286,0.071543,-1824.723145
0.352286,0.071543,-1824.090942
0.352598,0.071386,-1825.249756
0.353946,0.071477,-1824.799561
0.355513,0.072293,-1824.775757
0.355513,0.072293,-1824.989868
0.355477,0.072959,-1823.887207
0.355449,0.073272,-1824.48584
0.355449,0.073272,-1824.809814
0.35576,0.071609,-1825.420288
0.356316,0.073334,-1825.351685
0.358402,0.075026,-1825.569458
0.358883,0.075609,-1825.359985
0.361193,0.075384,-1825.651733
0.360702,0.073207,-1825.847412
0.361656,0.072371,-1825.643433
0.362091,0.073454,-1825.634033
0.362292,0.073069,-1825.277466
0.362292,0.073069,-1825.38623
0.362292,0.073069,-1825.536133
0.362292,0.073069,-1825.531372
0.362005,0.073042,-1825.549805
0.361355,0.075574,-1825.880371
0.360986,0.076429,-1825.927246
0.360986,0.076429,-1825.677002
0.360986,0.076429,-1825.281616
0.363166,0.077147,-1826.057007
0.360803,0.075631,-1826.005127
0.360803,0.075631,-1825.511475
0.360884,0.076753,-1825.894409
0.360884,0.076753,-1825.25647
0.358283,0.0763,-1825.984741
0.357177,0.077627,-1825.502808
0.358869,0.07638,-1825.395264
0.358869,0.07638,-1825.010986
0.357916,0.078603,-1825.221558
0.359136,0.079128,-1825.783203
0.357129,0.07995,-1825.691406
0.357129,0.07995,-1825.983765
0.357129,0.07995,-1825.18457
0.35674,0.077987,-1825.240967
0.35674,0.077987,-1825.542236
0.35674,0.077987,-1824.671509
0.35674,0.077987,-1825.61499
0.356085,0.079883,-1825.439575
0.358155,0.08007,-1825.953491
0.357615,0.078486,-1825.19812
0.359638,0.076174,-1825.7146
0.359495,0.075522,-1825.127808
0.358093,0.073813,-1824.999878
0.356571,0.074939,-1825.367432
0.358027,0.076679,-1825.672974
0.357962,0.076523,-1825.2146
0.356709,0.076331,-1824.822754
0.356709,0.076331,-1825.448486
0.359829,0.076983,-1825.991943
0.358228,0.076898,-1825.648682
0.357053,0.077766,-1825.668579
0.356564,0.079188,-1825.376221
0.356564,0.079188,-1825.02124
0.356564,0.079188,-1825.493164
0.356564,0.079188,-1825.025879
0.356306,0.077224,-1825.275269
0.357455,0.077617,-1825.561646
0.355867,0.07824,-1825.254639
0.358666,0.075586,-1825.640503
0.357448,0.075767,-1825.005615
0.358294,0.071695,-1825.540283
0.357668,0.073414,-1824.958008
0.358469,0.072692,-1825.455322
0.359568,0.071034,-1824.955688
0.361682,0.070933,-1825.67041
0.362114,0.071201,-1825.893799
0.358678,0.070989,-1825.381836
0.358629,0.068755,-1825.325928
0.357879,0.0704,-1825.305786
0.35876,0.065015,-1825.345703
0.355114,0.063713,-1825.096313
0.355114,0.063713,-1824.053955
0.354405,0.062716,-1824.782837
0.350738,0.062906,-1825.05249
0.350438,0.061783,-1824.582642
0.349919,0.063808,-1824.401489
0.349919,0.063808,-1823.916992
0.349919,0.063808,-1824.836304
0.348037,0.064219,-1825.082153
0.349208,0.062534,-1824.142212
0.349208,0.062534,-1824.470215
0.351099,0.063365,-1824.699951
0.351099,0.063365,-1825.334717
0.35165,0.064443,-1825.135742
0.35165,0.064443,-1824.314209
0.35165,0.064443,-1824.276367
0.352941,0.063183,-1824.38147
0.355493,0.061214,-1825.614624
0.357133,0.060436,-1825.615234
0.357229,0.06315,-1825.268188
0.35936,0.064556,-1825.968262
0.358711,0.063741,-1824.931885
0.358812,0.063295,-1825.368286
0.358241,0.064297,-1825.174194
0.359034,0.065874,-1824.933472
0.358461,0.065174,-1825.085449
0.358461,0.065174,-1824.524658
0.358911,0.067125,-1824.979492
0.358215,0.06858,-1825.341187
0.358928,0.069645,-1825.125244
0.359244,0.071206,-1825.665527
0.359267,0.072334,-1826.138794
0.355744,0.071806,-1824.811279
0.356106,0.074176,-1824.736328
0.356309,0.073463,-1824.612305
0.356661,0.072695,-1824.779785
0.357365,0.071502,-1825.440674
0.35889,0.068411,-1825.157715
0.357501,0.068569,-1825.256836
0.358662,0.067709,-1824.669189
0.361553,0.066416,-1824.895386
0.36167,0.063608,-1825.715088
0.36167,0.063608,-1825.221436
0.362484,0.06505,-1825.807129
0.3617,0.062622,-1825.734375
0.361228,0.062268,-1825.71521
0.361228,0.062268,-1825.096436
0.360714,0.062721,-1825.532715
0.360714,0.062721,-1824.693848
0.363082,0.062175,-1826.585205
0.363018,0.061436,-1826.289917
0.363018,0.061436,-1825.907959
0.365767,0.061528,-1826.383301
0.364334,0.061115,-1826.025879
0.363906,0.059905,-1826.506226
0.365466,0.059465,-1826.61438
0.365466,0.059465,-1826.493896
0.366888,0.057972,-1827.566406
0.367274,0.059963,-1826.974731
0.363101,0.057038,-1827.546875
0.363101,0.057038,-1826.986328
0.364127,0.056958,-1826.085938
0.363063,0.055151,-1828.295654
0.363063,0.055151,-1827.868652
0.362453,0.054324,-1828.172974
0.364669,0.056283,-1828.067017
0.362493,0.05873,-1826.586548
0.358045,0.058832,-1825.452148
0.358045,0.058832,-1826.302002
0.358687,0.059836,-1826.367554
0.3587,0.059375,-1826.952393
0.359172,0.061799,-1825.174927
0.359285,0.060625,-1826.011475
0.359285,0.060625,-1825.324829
0.359285,0.060625,-1825.622314
0.35916,0.063,-1825.798462
0.359478,0.064828,-1825.958008
0.359478,0.064828,-1825.511475
0.359713,0.065455,-1825.364136
0.359713,0.065455,-1826.193726
0.357848,0.065768,-1824.821899
0.35557,0.066376,-1825.817871
0.357818,0.065317,-1824.443359
0.360419,0.065467,-1825.88623
0.358255,0.065842,-1825.486328
0.358802,0.067567,-1824.961548
0.358802,0.067567,-1824.728027
0.356482,0.065868,-1824.544312
0.356482,0.065868,-1824.346436
0.356482,0.065868,-1823.959961
0.356482,0.065868,-1825.169312
0.355829,0.064604,-1824.532227
0.354053,0.066348,-1825.664795
0.353977,0.065909,-1824.495483
0.352146,0.068158,-1824.242798
0.352146,0.068158,-1823.977173
0.352592,0.067074,-1824.419678
0.352592,0.067074,-1824.89209
0.351242,0.069219,-1824.556885
0.35329,0.068588,-1824.413574
0.3535,0.068611,-1824.621582
0.356767,0.067469,-1825.855103
0.356767,0.067469,-1825.041382
0.356767,0.067469,-1823.796631
0.35623,0.06877,-1825.140381
0.355423,0.067465,-1825.179321
0.356443,0.069255,-1824.660156
0.358754,0.070421,-1824.905762
0.358754,0.070421,-1825.602417
0.358754,0.070421,-1825.060547
0.359599,0.070086,-1824.953003
0.361415,0.069383,-1825.146484
0.359088,0.070163,-1825.82959
0.358391,0.070657,-1825.602661
0.356441,0.07023,-1824.426147
0.356955,0.07021,-1824.943237
0.35556,0.071789,-1825.22229
0.356382,0.071347,-1824.928101
0.356382,0.071347,-1824.515625
0.355418,0.072204,-1824.672363
0.354221,0.070527,-1824.584473
0.353366,0.070387,-1824.653809
0.353646,0.069798,-1825.083008
0.353646,0.069798,-1824.157959
0.354371,0.069561,-1824.128418
0.354947,0.068613,-1825.008179
0.354055,0.068218,-1823.461548
0.356314,0.067252,-1824.963623
0.356314,0.067252,-1824.440186
0.356595,0.068836,-1824.970459
0.357149,0.069525,-1824.961792
0.35799,0.069297,-1824.403076
0.355307,0.07135,-1825.12207
0.351234,0.072594,-1824.226807
0.350953,0.072077,-1824.072021
0.350387,0.071715,-1825.086182
0.350837,0.071044,-1825.144287
0.354106,0.07176,-1824.888672
0.356049,0.071774,-1824.489624
0.356049,0.071774,-1824.913574
0.355335,0.073549,-1824.979004
0.354926,0.072224,-1825.453369
0.353251,0.069803,-1824.763794
0.351414,0.070253,-1824.518066
0.353349,0.070933,-1824.37085
0.352361,0.070748,-1824.854492
0.352361,0.070748,-1824.350586
0.352361,0.070748,-1824.505615
0.352361,0.070748,-1823.517334
0.353358,0.071787,-1824.710449
0.353358,0.071787,-1824.404053
0.354869,0.071686,-1824.557739
0.355528,0.072248,-1825.528076
0.355528,0.072248,-1824.624756
0.352857,0.071937,-1824.720337
0.350162,0.073629,-1825.054565
0.349842,0.072472,-1824.501465
0.350969,0.071577,-1824.43103
0.35281,0.072276,-1824.99707
0.351824,0.072859,-1823.924438
0.350727,0.071484,-1824.641479
0.350727,0.071484,-1823.866089
0.351661,0.069693,-1824.961914
0.351661,0.069693,-1824.266479
0.352417,0.069878,-1824.165405
0.350547,0.067197,-1824.608643
0.352822,0.069554,-1824.81665
0.353573,0.070012,-1824.598877
0.353573,0.070012,-1824.237793
0.353651,0.071195,-1824.682983
0.354287,0.07341,-1823.991211
0.356304,0.073216,-1824.802124
0.356304,0.073216,-1824.565186
0.355312,0.072303,-1825.651245
0.355312,0.072303,-1823.942993
0.354215,0.069628,-1824.295288
0.354977,0.069778,-1824.796509
0.353399,0.069226,-1824.952271
0.355949,0.069913,-1824.733276
0.358937,0.06926,-1824.714966
0.360196,0.066752,-1826.243164
0.360196,0.066752,-1824.695312
0.361673,0.066653,-1824.852539
0.361673,0.066653,-1825.345215
0.360692,0.068667,-1825.874023
0.361519,0.069435,-1825.355713
0.361598,0.069009,-1825.984497
0.359947,0.066992,-1825.347412
0.357739,0.068731,-1825.418945
0.357679,0.069659,-1825.484131
0.358121,0.069905,-1825.241089
0.358584,0.070498,-1824.678833
0.359018,0.069358,-1825.724976
0.359428,0.06817,-1824.543701
0.359582,0.067445,-1825.400879
0.359236,0.067463,-1825.01123
0.359013,0.065754,-1825.065918
0.359829,0.065212,-1825.595459
0.358193,0.063728,-1824.638306
0.3607,0.064317,-1825.652588
0.358485,0.064744,-1825.487061
0.357634,0.066633,-1824.722412
0.358858,0.066253,-1825.325562
0.358858,0.066253,-1824.492188
0.358503,0.066298,-1826.296021
0.360061,0.067516,-1824.928101
0.360061,0.067516,-1825.250854
0.358426,0.065298,-1825.015869
0.356741,0.065612,-1824.98877
0.357743,0.065237,-1825.541992
0.357474,0.064499,-1825.500977
0.357474,0.064499,-1824.966675
0.358296,0.067042,-1825.079102
0.358625,0.06548,-1825.819092
0.359239,0.062541,-1825.379639
0.359239,0.062541,-1825.33374
0.359196,0.062468,-1825.526733
0.359503,0.062261,-1826.055542
0.358404,0.062247,-1825.593262
0.357708,0.062331,-1825.370605
0.357439,0.062211,-1825.490845
0.357927,0.062583,-1825.990967
0.358166,0.061997,-1825.788696
0.357859,0.061694,-1825.692261
0.358775,0.061267,-1825.588623
0.358775,0.061267,-1824.994141
0.361105,0.060835,-1826.682861
0.362522,0.062417,-1825.637695
0.364063,0.063031,-1826.247681
0.362268,0.064974,-1825.489624
0.362268,0.064974,-1825.244019
0.362268,0.064974,-1826.329834
0.360682,0.065374,-1825.768311
0.359223,0.066645,-1825.633789
0.357055,0.065843,-1824.657959
0.357055,0.065843,-1825.025146
0.35705,0.064953,-1824.62085
0.355323,0.063756,-1825.604004
0.354051,0.06426,-1824.964233
0.352228,0.065292,-1825.126221
0.350357,0.066121,-1824.597656
0.347064,0.066032,-1824.468506
0.346448,0.065913,-1824.356934
0.346448,0.065913,-1824.115967
0.346873,0.065044,-1824.311646
0.346364,0.065753,-1824.879517
0.344896,0.065439,-1824.348999
0.344222,0.066648,-1823.884888
0.342712,0.066862,-1824.332764
0.341399,0.067702,-1824.177734
0.340215,0.069024,-1823.43103
0.341322,0.07,-1824.368408
0.343422,0.069914,-1824.623291
0.343422,0.069914,-1823.845215
0.343623,0.0688,-1824.467529
0.343623,0.0688,-1824.205566
0.342746,0.070058,-1824.791992
0.341914,0.069488,-1823.803223
0.343414,0.070685,-1824.217041
0.342093,0.070185,-1824.012939
0.342093,0.070185,-1823.643677
0.341263,0.070217,-1824.47168
0.33873,0.07067,-1824.307861
0.338614,0.070968,-1825.245605
0.33992,0.070418,-1825.079102
0.33992,0.070418,-1824.126465
0.341533,0.072673,-1824.028564
0.341239,0.073703,-1824.246826
0.338472,0.073776,-1824.227051
0.338472,0.073776,-1823.878418
0.339614,0.072792,-1823.578369
0.339092,0.072917,-1823.796631
0.339899,0.073067,-1824.391113
0.340073,0.072513,-1825.004639
0.34282,0.069588,-1824.110962
0.342424,0.068755,-1823.996338
0.339846,0.070949,-1825.082031
0.33896,0.07158,-1823.979858
0.33896,0.07158,-1824.095459
0.337784,0.070991,-1824.1875
0.341971,0.069359,-1824.605713
0.343289,0.069279,-1824.154541
0.343779,0.069177,-1823.961914
0.345819,0.069619,-1824.460693
0.344978,0.068916,-1823.753418
0.345656,0.069832,-1824.085205
0.344126,0.069107,-1824.780518
0.347494,0.069265,-1824.548584
0.348137,0.070621,-1825.257202
0.34893,0.072262,-1824.447388
0.346743,0.070439,-1825.024414
0.346492,0.069679,-1823.594849
0.346827,0.069443,-1824.321167
0.347139,0.069222,-1824.555786
0.346462,0.070548,-1824.350342
0.345931,0.070138,-1824.234985
0.346448,0.07114,-1824.01062
0.347657,0.07247,-1824.365723
0.345947,0.07138,-1824.005859
0.346804,0.070334,-1824.21228
0.348408,0.069748,-1823.530029
0.34945,0.068539,-1824.518555
0.347699,0.066598,-1824.932739
0.350004,0.065802,-1824.777832
0.348764,0.066097,-1824.613525
0.349475,0.066455,-1824.503906
0.347083,0.065483,-1824.037598
0.347083,0.065483,-1824.201172
0.344842,0.066495,-1824.433105
0.344842,0.066495,-1823.395752
0.344582,0.067484,-1824.515381
0.34475,0.067462,-1823.652832
0.343483,0.065822,-1824.383667
0.343483,0.065822,-1824.515259
0.343483,0.065822,-1824.263306
0.340205,0.066322,-1825.049927
0.338673,0.068229,-1824.307861
0.336801,0.067414,-1824.100098
0.336801,0.067414,-1824.125977
0.336976,0.066975,-1823.825928
0.336957,0.066728,-1824.443481
0.33899,0.066384,-1825.505493
0.339215,0.065893,-1824.074097
0.339215,0.065893,-1824.476074
0.339215,0.065893,-1823.942627
0.339215,0.065893,-1824.081543
0.339684,0.064209,-1824.685059
0.33893,0.063545,-1824.50354
0.339572,0.066266,-1824.6073
0.338772,0.066598,-1825.290527
0.33924,0.066649,-1823.978149
0.339907,0.065962,-1823.575928
0.342669,0.065666,-1824.390381
0.342874,0.065036,-1824.952271
0.343333,0.066889,-1824.412476
0.342844,0.068273,-1823.055664
0.342269,0.068055,-1824.400635
0.341171,0.069417,-1824.116211
0.342635,0.069562,-1824.599976
0.342635,0.069562,-1823.456787
0.3431,0.068026,-1824.197754
0.343289,0.06724,-1824.000977
0.343045,0.068463,-1824.406494
0.338845,0.065004,-1824.170288
0.337565,0.065971,-1824.496582
0.337565,0.065971,-1824.930908
0.337565,0.065971,-1824.698364
0.337727,0.066809,-1824.043945
0.337727,0.066809,-1824.458862
0.33764,0.068108,-1824.883179
0.337743,0.068635,-1824.479248
0.339387,0.067862,-1824.248291
0.339446,0.066558,-1824.709839
0.336668,0.066552,-1824.163574
0.336592,0.067191,-1824.588013
0.339015,0.066067,-1824.651489
0.344045,0.067467,-1823.831055
0.34319,0.06488,-1824.506592
0.34319,0.06488,-1824.633179
0.34319,0.06488,-1823.904541
0.34319,0.06488,-1823.818848
0.345023,0.062856,-1824.815308
0.343422,0.063157,-1825.192017
0.344861,0.063249,-1824.276367
0.344861,0.063249,-1824.779541
0.344861,0.063249,-1824.398682
0.343255,0.063496,-1824.646729
0.343369,0.063038,-1824.826538
0.34234,0.063389,-1824.855469
0.343065,0.063095,-1824.406738
0.342415,0.064095,-1824.507568
0.340649,0.062576,-1825.268921
0.340319,0.061408,-1825.041992
0.336503,0.060649,-1825.47522
0.336327,0.061294,-1824.997192
0.335842,0.061891,-1825.496338
0.33534,0.058751,-1825.46936
0.334518,0.058893,-1824.612549
0.333679,0.058061,-1825.812378
0.334001,0.059128,-1826.558472
0.334001,0.059128,-1825.422241
0.334449,0.059095,-1826.79126
0.334449,0.059095,-1825.22876
0.334449,0.059095,-1825.45752
0.336528,0.05779,-1825.273071
0.337645,0.059118,-1825.645264
0.33775,0.058107,-1825.619751
0.340167,0.058932,-1825.421021
0.342392,0.060824,-1824.614014
0.342392,0.060824,-1824.540039
0.339648,0.060547,-1823.869751
0.340903,0.061592,-1824.511719
0.339744,0.060342,-1824.25647
0.343128,0.058467,-1825.105713
0.343,0.059663,-1824.830811
0.343,0.059663,-1824.718628
0.34717,0.060549,-1825.735229
0.34717,0.060549,-1824.3573
0.343924,0.059575,-1825.067139
0.343924,0.059575,-1825.116333
0.342751,0.056994,-1825.440918
0.342751,0.056994,-1825.07373
0.342751,0.056994,-1825.466431
0.344905,0.056138,-1825.276367
0.345298,0.055937,-1825.941406
0.343402,0.056513,-1826.26123
0.345041,0.056779,-1825.456299
0.344384,0.056724,-1825.636719
0.344384,0.056724,-1826.097168
0.343668,0.056015,-1826.704468
0.343971,0.057253,-1825.074829
0.343971,0.057253,-1825.054199
0.343971,0.057253,-1825.891113
0.343886,0.058731,-1825.609497
0.347,0.059368,-1825.071167
0.345891,0.060509,-1824.813477
0.344492,0.06107,-1824.890137
0.34059,0.059044,-1825.805664
0.340576,0.059209,-1825.175415
0.340576,0.059209,-1825.151733
0.341669,0.0603,-1824.698975
0.341669,0.0603,-1824.151245
0.342873,0.058677,-1825.300781
0.344916,0.059035,-1824.482422
0.345428,0.058946,-1824.747559
0.345428,0.058946,-1824.89209
0.345024,0.059126,-1824.791138
0.344508,0.058755,-1825.091064
0.346576,0.058216,-1825.404053
0.346738,0.058721,-1825.915894
0.348556,0.058137,-1826.01001
0.347953,0.057776,-1826.677246
0.347953,0.057776,-1826.02124
0.346445,0.057369,-1826.059326
0.346445,0.057369,-1825.615479
0.347257,0.05723,-1824.92749
0.348463,0.057729,-1825.473755
0.346075,0.057818,-1824.782227
0.346075,0.057818,-1825.114014
0.342363,0.056658,-1826.519531
0.341691,0.054807,-1826.19165
0.342564,0.05392,-1826.645386
0.342492,0.053996,-1826.06958
0.343521,0.054783,-1826.758057
0.34512,0.055315,-1826.126465
0.34512,0.055315,-1825.7229
0.347324,0.056403,-1825.242432
0.346046,0.055986,-1826.665771
0.344132,0.056281,-1826.253784
0.344132,0.056281,-1826.575073
0.344141,0.056565,-1825.970215
0.344645,0.055598,-1826.786621
0.344851,0.056261,-1825.890869
0.345315,0.057211,-1824.960571
0.345315,0.057211,-1825.346191
0.345976,0.05763,-1825.756592
0.347662,0.056627,-1826.119141
0.347709,0.054648,-1826.269897
0.347898,0.054759,-1826.021606
0.347898,0.054759,-1825.512695
0.347694,0.055723,-1826.128296
0.347694,0.055723,-1825.298218
0.3486,0.057821,-1825.878418
0.35004,0.057885,-1825.604736
0.348546,0.05932,-1825.57251
0.34773,0.059097,-1824.976318
0.349795,0.062346,-1825.738525
0.349795,0.062346,-1824.668579
0.350925,0.063789,-1824.75354
0.351079,0.064224,-1824.997803
0.350315,0.063033,-1825.335693
0.352367,0.063009,-1824.589844
0.352545,0.062879,-1824.289551
0.352964,0.06443,-1824.856323
0.349916,0.06342,-1824.582153
0.351047,0.06514,-1824.298462
0.351047,0.06514,-1824.65271
0.351047,0.06514,-1825.065186
0.350901,0.065361,-1823.727539
0.350901,0.065361,-1825.074585
0.350182,0.068373,-1824.588379
0.3502,0.068984,-1824.171753
0.350784,0.06877,-1823.888794
0.351614,0.068963,-1824.720459
0.349985,0.068846,-1824.278198
0.350174,0.070746,-1824.425903
0.35021,0.069736,-1824.533569
0.353332,0.068409,-1825.7771
0.353332,0.068409,-1824.882324
0.351723,0.068437,-1825.03186
0.353207,0.068393,-1825.70752
0.351996,0.06932,-1824.396484
0.352597,0.068027,-1824.656128
0.354656,0.066849,-1825.17627
0.35834,0.066271,-1825.482666
0.355631,0.064721,-1824.465454
0.354527,0.063889,-1824.661133
0.356302,0.064094,-1825.076172
0.355474,0.065191,-1824.881836
0.359323,0.065422,-1825.20874
0.359461,0.065257,-1826.317627
0.361546,0.065567,-1825.189697
0.364625,0.0651,-1825.181152
0.362909,0.066498,-1825.928467
0.364641,0.065904,-1826.465576
0.365621,0.066687,-1826.329102
0.365848,0.066538,-1826.419434
0.365278,0.06879,-1825.994629
0.36577,0.069438,-1826.285889
0.366072,0.068897,-1826.627197
0.364988,0.068274,-1825.737793
0.364748,0.068136,-1825.603638
0.365745,0.06948,-1826.226074
0.366583,0.06925,-1825.885742
0.366769,0.071203,-1826.722168
0.366769,0.071203,-1826.224609
0.366128,0.070881,-1825.309692
0.364067,0.071782,-1825.980957
0.366228,0.070942,-1825.76001
0.365937,0.069672,-1826.248413
0.362448,0.069321,-1825.858398
0.362448,0.069321,-1825.191895
0.362343,0.071116,-1825.336914
0.363795,0.071308,-1825.961304
0.363795,0.071308,-1824.245361
0.360815,0.071476,-1825.178711
0.364115,0.068006,-1826.144897
0.364069,0.068234,-1825.571045
0.360987,0.069656,-1825.765747
0.360987,0.069656,-1825.569214
0.359342,0.069656,-1825.037231
0.358795,0.068357,-1824.523682
0.36211,0.070624,-1825.955811
0.364281,0.069766,-1825.87915
0.363918,0.070541,-1825.689331
0.360706,0.070918,-1826.170654
0.362393,0.071376,-1825.494263
0.363665,0.069916,-1826.146484
0.365092,0.06763,-1825.731812
0.365239,0.068854,-1825.862183
0.363283,0.069108,-1825.88916
0.363283,0.069108,-1825.558105
0.361364,0.07033,-1825.256958
0.35894,0.068971,-1825.230103
0.358563,0.068823,-1825.139893
0.360131,0.068987,-1825.699707
0.358084,0.069592,-1824.79187
0.36049,0.06978,-1825.747559
0.358787,0.067908,-1825.062012
0.354735,0.06869,-1824.83728
0.356267,0.069759,-1825.140259
0.355187,0.071144,-1824.770752
0.355391,0.071366,-1824.439819
0.358161,0.072306,-1825.873413
0.356102,0.071495,-1824.999268
0.356102,0.071495,-1824.715698
0.356102,0.071495,-1824.426514
0.356646,0.07271,-1824.913208
0.356435,0.070968,-1825.495239
0.357058,0.070485,-1824.822021
0.355035,0.069313,-1825.901611
0.355974,0.070868,-1824.907837
0.355398,0.070207,-1825.8479
0.355398,0.070207,-1824.554565
0.356121,0.070525,-1824.872437
0.357209,0.071133,-1825.319946
0.356632,0.070891,-1824.785278
0.356385,0.07179,-1824.328857
0.359513,0.07071,-1824.998779
0.356469,0.070319,-1824.822388
0.356469,0.070319,-1824.471802
0.35869,0.069231,-1825.386963
0.355842,0.068485,-1824.93335
0.355881,0.067863,-1824.862061
0.355761,0.069624,-1825.299683
0.356512,0.07157,-1824.844727
0.356512,0.07157,-1824.675049
0.356512,0.07157,-1824.549561
0.356512,0.07157,-1824.315674
0.356944,0.07196,-1824.745728
0.35917,0.072406,-1824.98584
0.359229,0.07205,-1825.119873
0.359682,0.07316,-1825.750366
0.359682,0.07316,-1824.996826
0.363857,0.074673,-1825.831055
0.363419,0.073415,-1825.943481
0.365164,0.073387,-1826.867676
0.36489,0.074224,-1826.109497
0.366677,0.073081,-1826.686035
0.365193,0.071557,-1826.246582
0.365193,0.071557,-1825.864502
0.366969,0.069372,-1825.719727
0.363713,0.069563,-1825.531006
0.360187,0.071641,-1825.247314
0.361517,0.071269,-1825.665771
0.361667,0.070306,-1825.54126
0.363024,0.070318,-1825.828857
0.361939,0.070186,-1825.513916
0.364145,0.069898,-1825.94873
0.364008,0.070163,-1825.319092
0.364046,0.068727,-1824.994629
0.363195,0.068936,-1824.880981
0.365791,0.071651,-1825.913086
0.3669,0.07156,-1827.020508
0.367473,0.071764,-1826.138184
0.368534,0.071139,-1827.138916
0.368722,0.07214,-1827.045044
0.370039,0.071737,-1826.544434
0.369093,0.069922,-1826.800537
0.369041,0.070183,-1825.772705
0.368141,0.073804,-1826.750977
0.36511,0.074819,-1826.677979
0.365066,0.072434,-1826.888062
0.363931,0.073412,-1825.615845
0.364076,0.072361,-1825.931885
0.364076,0.072361,-1826.188965
0.367735,0.070259,-1826.586914
0.368654,0.071987,-1826.683594
0.368121,0.069739,-1826.284912
0.366371,0.069423,-1826.601807
0.368902,0.069715,-1826.620239
0.366755,0.070349,-1826.318726
0.367352,0.071326,-1826.127319
0.363686,0.070221,-1826.182861
0.362503,0.072139,-1825.448975
0.362503,0.072139,-1825.788696
0.360445,0.070946,-1825.113037
0.358295,0.071066,-1824.712646
0.358295,0.071066,-1824.477051
0.357689,0.071063,-1825.204346
0.357513,0.072187,-1824.864136
0.357664,0.072658,-1825.025391
0.357791,0.074284,-1825.091797
0.357791,0.074284,-1824.805908
0.35449,0.072815,-1824.657471
0.354965,0.074338,-1824.984619
0.3589,0.073408,-1824.89209
0.357424,0.070582,-1825.139526
0.355807,0.071649,-1824.799316
0.356096,0.070443,-1824.842163
0.357299,0.067943,-1824.92041
0.355117,0.067304,-1824.649048
0.355165,0.068273,-1824.934204
0.354547,0.066185,-1824.587402
0.355951,0.066965,-1824.877197
0.35746,0.067542,-1824.802246
0.356178,0.066657,-1824.61499
0.354494,0.065722,-1824.450684
0.355986,0.063135,-1825.340698
0.357486,0.063589,-1825.011719
0.358926,0.064319,-1824.893555
0.357441,0.065664,-1825.275879
0.357122,0.065159,-1825.434326
0.358555,0.065248,-1825.575073
0.359715,0.06457,-1825.499023
0.35713,0.064506,-1826.112427
0.35959,0.063965,-1825.349365
0.35889,0.062869,-1825.714844
0.357349,0.063865,-1825.218994
0.357871,0.065008,-1825.098877
0.356373,0.065853,-1825.08313
0.357777,0.066242,-1825.102783
0.357777,0.066242,-1824.90271
0.357777,0.066242,-1825.165527
0.356944,0.067042,-1824.869995
0.356944,0.067042,-1824.860596
0.356944,0.067042,-1824.385376
0.356944,0.067042,-1824.993652
0.359667,0.069211,-1825.210938
0.35776,0.070737,-1825.232666
0.356633,0.070985,-1824.681885
0.356673,0.071475,-1824.911011
0.356673,0.071475,-1825.300049
0.356284,0.072246,-1824.283447
0.356668,0.074594,-1825.222168
0.354648,0.076183,-1824.592651
0.354721,0.077335,-1824.581543
0.354721,0.077335,-1824.171143
0.354721,0.077335,-1825.172241
0.354695,0.078705,-1824.997314
0.3559,0.078712,-1825.816895
0.3559,0.078712,-1825.910278
0.3559,0.078712,-1824.184692
0.357024,0.078384,-1825.292969
0.357005,0.077483,-1825.856201
0.356211,0.076459,-1824.718018
0.353408,0.077188,-1825.567505
0.353408,0.077188,-1825.265991
0.352809,0.075383,-1824.364136
0.354971,0.076146,-1825.552979
0.354224,0.077962,-1825.544312
0.354742,0.077341,-1824.955322
0.352715,0.078041,-1825.549194
0.352214,0.078112,-1824.796631
0.352214,0.078112,-1824.379517
0.352598,0.077316,-1824.609619
0.354541,0.075749,-1823.940552
0.354769,0.075573,-1825.145386
0.354769,0.075573,-1824.620239
0.355727,0.074364,-1824.859619
0.354717,0.076249,-1824.423828
0.352439,0.078447,-1826.046631
0.352439,0.078447,-1824.60376
0.350288,0.08068,-1825.466797
0.349734,0.078068,-1824.794434
0.349734,0.078068,-1824.244873
0.349734,0.078068,-1824.899902
0.350359,0.078748,-1825.256592
0.349999,0.075446,-1824.097656
0.349732,0.076412,-1824.840332
0.348211,0.076164,-1824.924438
0.348015,0.077229,-1824.460938
0.34719,0.076764,-1824.789917
0.348252,0.075735,-1824.392578
0.346608,0.074818,-1823.911499
0.347363,0.074603,-1824.866821
0.349454,0.076239,-1824.665283
0.34743,0.076847,-1825.361572
0.347396,0.077084,-1824.632568
0.344912,0.076525,-1824.977539
0.344912,0.076525,-1824.267456
0.345295,0.075449,-1824.397461
0.344132,0.077829,-1823.936401
0.343341,0.078298,-1825.193848
0.341355,0.081872,-1825.23291
0.343443,0.079752,-1825.259033
0.345053,0.079489,-1824.707886
0.345404,0.080317,-1825.896729
0.344133,0.079932,-1825.360229
0.344133,0.079932,-1824.622314
0.346104,0.079102,-1824.431396
0.347138,0.078332,-1824.538208
0.345543,0.077848,-1824.833008
0.343978,0.078938,-1825.251343
0.343503,0.077393,-1825.09082
0.343503,0.077393,-1824.270996
0.341304,0.075929,-1823.93457
0.341881,0.076996,-1824.28772
0.346037,0.077986,-1824.358154
0.345445,0.078691,-1824.666992
0.345941,0.079894,-1825.127197
0.344384,0.080182,-1824.446899
0.34518,0.080068,-1824.926758
0.343976,0.078427,-1824.984375
0.34324,0.077754,-1824.07373
0.343674,0.079383,-1824.602539
0.343674,0.079383,-1825.396973
0.344726,0.078356,-1825.515869
0.34646,0.078595,-1824.833984
0.346689,0.077633,-1825.172119
0.346735,0.077729,-1824.929443
0.343979,0.079678,-1825.21875
0.34249,0.078938,-1824.953247
0.342698,0.079608,-1824.790039
0.344723,0.079627,-1824.933594
0.347304,0.082358,-1825.797974
0.346375,0.083686,-1826.199707
0.349716,0.085011,-1825.37793
0.347457,0.08455,-1825.421875
0.347143,0.085082,-1825.424683
0.34633,0.084439,-1825.497559
0.347413,0.085246,-1825.735352
0.347413,0.085246,-1826.255005
0.345912,0.085926,-1825.850952
0.347872,0.084994,-1826.651855
0.348437,0.085608,-1826.503052
0.349628,0.085155,-1826.173706
0.34726,0.084503,-1825.568726
0.345568,0.084265,-1825.407104
0.344185,0.084072,-1825.037598
0.341305,0.082916,-1825.690674
0.341305,0.082916,-1825.27771
0.339031,0.084787,-1824.38269
0.335102,0.084318,-1825.933716
0.335102,0.084318,-1825.480591
0.329398,0.085887,-1827.774658
0.328348,0.085526,-1826.710693
0.328348,0.085526,-1825.845459
0.331239,0.085471,-1827.053589
0.331812,0.08531,-1826.70459
0.331812,0.08531,-1826.81604
0.333845,0.085299,-1825.963989
0.333845,0.085299,-1825.79126
0.333804,0.084977,-1826.741577
0.333596,0.084116,-1826.615234
0.33327,0.084879,-1826.16626
0.335308,0.084396,-1825.77478
0.335308,0.084396,-1825.328735
0.336275,0.083389,-1826.158691
0.334465,0.084043,-1825.855957
0.335126,0.084193,-1826.580933
0.334961,0.083188,-1825.958496
0.334961,0.083188,-1825.672729
0.33583,0.083142,-1825.493408
0.336291,0.082525,-1825.285522
0.336024,0.082445,-1825.637817
0.335421,0.082535,-1826.105347
0.334942,0.081765,-1825.76709
0.334942,0.081765,-1825.54126
0.334942,0.081765,-1825.27771
0.337219,0.080756,-1824.976318
0.336485,0.081304,-1826.259521
0.336445,0.081944,-1826.230957
0.335546,0.082675,-1825.367432
0.336622,0.082442,-1825.57959
0.338076,0.08341,-1825.415405
0.337186,0.083821,-1825.256226
0.337186,0.083821,-1825.174805
0.336101,0.083036,-1825.474976
0.336101,0.083036,-1825.14978
0.336175,0.083157,-1825.480835
0.337088,0.083122,-1825.516113
0.338998,0.083433,-1825.942139
0.338998,0.083433,-1825.189575
0.341038,0.081851,-1825.562256
0.341843,0.080724,-1824.339844
0.341202,0.082466,-1825.623291
0.337149,0.084525,-1825.985107
0.339777,0.085101,-1826.079346
0.337169,0.084522,-1826.031006
0.336722,0.083215,-1825.315186
0.336722,0.083215,-1825.607788
0.338716,0.083847,-1825.204102
0.338707,0.082822,-1826.086426
0.340343,0.083835,-1825.528198
0.342223,0.08405,-1826.531006
0.341515,0.085601,-1825.825562
0.341627,0.085689,-1825.953369
0.341627,0.085689,-1826.6604
0.3397,0.086594,-1825.660889
0.33838,0.08591,-1826.411377
0.33838,0.08591,-1825.715088
0.33838,0.08591,-1825.618408
0.3404,0.085758,-1826.461304
0.340557,0.084951,-1825.950928
0.340557,0.084951,-1825.607422
0.339597,0.083531,-1825.615723
0.338598,0.083313,-1824.969849
0.3386,0.082616,-1825.672363
0.336541,0.083142,-1825.625
0.338452,0.083038,-1825.247437
0.341431,0.079755,-1824.91333
0.339501,0.079754,-1824.835205
0.339501,0.079754,-1825.317383
0.340768,0.077579,-1824.839844
0.341053,0.07667,-1824.585693
0.339773,0.076925,-1824.957886
0.337909,0.077096,-1825.161621
0.337909,0.077096,-1824.674927
0.339411,0.07663,-1823.879883
0.341349,0.074283,-1824.594604
0.341849,0.075016,-1824.264893
0.341849,0.075016,-1824.214111
0.340065,0.073871,-1824.540039
0.337554,0.07287,-1823.721069
0.336909,0.074485,-1824.64917
0.33821,0.073995,-1823.818481
0.33821,0.073995,-1824.417603
0.337145,0.073865,-1824.359375
0.334253,0.075834,-1825.014526
0.336226,0.076926,-1824.387695
0.335754,0.077725,-1825.009033
0.334344,0.07692,-1825.434814
0.332762,0.077174,-1824.531616
0.331612,0.077015,-1825.92627
0.336926,0.078193,-1825.111816
0.339775,0.079848,-1824.601318
0.339681,0.07992,-1824.526611
0.341367,0.081351,-1825.193604
0.340756,0.082035,-1825.372192
0.341054,0.08303,-1824.62146
0.340922,0.083393,-1825.705933
0.340922,0.083393,-1825.645508
0.341342,0.084178,-1826.042236
0.339905,0.084883,-1825.987915
0.341272,0.087336,-1826.574341
0.341758,0.087018,-1826.409668
0.341606,0.089766,-1826.604492
0.34166,0.090475,-1827.787598
0.339622,0.089995,-1827.702148
0.34206,0.089572,-1826.22522
0.34206,0.089572,-1826.224976
0.339256,0.090316,-1827.251099
0.336143,0.089642,-1826.513428
0.338345,0.089069,-1827.042847
0.340765,0.087394,-1826.07251
0.339897,0.087701,-1826.386719
0.337122,0.087012,-1826.953369
0.338495,0.086651,-1826.388428
0.338495,0.086651,-1825.972656
0.338495,0.086651,-1825.703613
0.338495,0.086651,-1825.634766
0.34031,0.086044,-1826.10022
0.342561,0.086098,-1826.3396
0.343468,0.084963,-1825.972656
0.344067,0.084451,-1825.908203
0.343852,0.082635,-1825.154175
0.344447,0.082985,-1826.165894
0.347503,0.083406,-1826.260132
0.345392,0.084287,-1825.563721
0.343579,0.083296,-1825.504761
0.34527,0.082383,-1824.764282
0.346168,0.08242,-1825.432373
0.3444,0.082624,-1825.225342
0.343884,0.083115,-1825.341553
0.342033,0.08576,-1825.768311
0.339058,0.085366,-1826.00354
0.338069,0.086388,-1827.195923
0.338727,0.084069,-1825.137939
0.339866,0.084909,-1825.841797
0.341107,0.08466,-1825.414307
0.338493,0.085021,-1825.638672
0.340607,0.084894,-1825.404663
0.340607,0.084894,-1826.059937
0.339296,0.085368,-1826.001343
0.338146,0.085067,-1826.039551
0.337596,0.08431,-1826.141357
0.341067,0.085217,-1826.505981
0.341375,0.08287,-1825.729248
0.34225,0.084933,-1826.364746
0.341791,0.084392,-1824.286377
0.341841,0.083584,-1825.780518
0.341955,0.085463,-1825.855957
0.341615,0.085403,-1825.852905
0.337784,0.083635,-1825.355225
0.337784,0.083635,-1824.899048
0.339754,0.08192,-1825.473145
0.341106,0.082803,-1825.692383
0.340428,0.08178,-1825.635254
0.338573,0.083442,-1825.894653
0.338121,0.08436,-1826.47168
0.342102,0.085058,-1825.243774
0.340466,0.084604,-1826.192139
0.341014,0.082947,-1825.752197
0.341014,0.082947,-1825.465576
0.340251,0.082971,-1825.917969
0.340251,0.082971,-1825.728149
0.342842,0.081944,-1825.328369
0.343174,0.08145,-1825.185791
0.343174,0.08145,-1824.748169
0.343174,0.08145,-1824.753906
0.344266,0.082517,-1825.393188
0.342664,0.084273,-1825.737427
0.342664,0.084273,-1825.518799
0.344351,0.085011,-1825.512939
0.347212,0.087641,-1826.628906
0.347212,0.087641,-1825.830933
0.347212,0.087641,-1826.265869
0.34362,0.085846,-1825.835083
0.34195,0.086408,-1826.910156
0.342424,0.088169,-1827.132812
0.342424,0.088169,-1826.669067
0.340414,0.088107,-1826.481812
0.340414,0.088107,-1826.553101
0.339093,0.086941,-1825.890137
0.337749,0.087739,-1826.436523
0.339644,0.087204,-1826.291626
0.340255,0.088295,-1827.355469
0.342643,0.08876,-1826.518555
0.342102,0.088622,-1826.669434
0.341898,0.089553,-1826.367798
0.339161,0.08909,-1826.916504
0.337652,0.088062,-1826.991821
0.340117,0.090168,-1826.343994
0.340604,0.089997,-1827.081543
0.339412,0.090257,-1827.949829
0.337351,0.089193,-1826.468018
0.339626,0.087577,-1826.0177
0.341059,0.084527,-1824.775635
0.341059,0.084527,-1825.53418
0.342475,0.084835,-1825.803711
0.343548,0.085286,-1825.844727
0.344161,0.083422,-1825.121582
0.346144,0.083707,-1825.31958
0.346144,0.083707,-1825.843384
0.346415,0.085989,-1825.969971
0.346415,0.085989,-1825.994385
0.346757,0.088283,-1826.745361
0.348696,0.089675,-1826.493774
0.350121,0.087276,-1826.610718
0.353355,0.088523,-1827.19043
0.355921,0.089147,-1827.853271
0.351727,0.088533,-1826.574951
0.351727,0.088533,-1825.973877
0.35287,0.088542,-1826.598633
0.353006,0.087983,-1827.619019
0.352319,0.085205,-1825.945923
0.351692,0.085283,-1826.436401
0.351341,0.087673,-1826.85144
0.350106,0.087245,-1827.102051
0.353683,0.088322,-1827.410645
0.351588,0.088679,-1826.182495
0.347851,0.090283,-1827.040283
0.347803,0.091649,-1826.977173
0.349121,0.089043,-1826.782715
0.349121,0.089043,-1826.717651
0.352815,0.087791,-1826.921021
0.351343,0.084902,-1825.384033
0.35153,0.084761,-1825.686768
0.352205,0.08385,-1825.460938
0.351966,0.084045,-1826.840454
0.349821,0.08348,-1825.983643
0.34906,0.08468,-1826.396851
0.34906,0.08468,-1825.278809
0.34906,0.08468,-1826.294434
0.349195,0.082923,-1825.052246
0.351625,0.084722,-1826.405518
0.353954,0.083988,-1826.558228
0.353676,0.085324,-1826.05957
0.353506,0.085213,-1825.575562
0.354613,0.085719,-1826.617798
0.354613,0.085719,-1825.726562
0.354265,0.087083,-1826.870117
0.355007,0.088094,-1827.379639
0.35412,0.087793,-1826.56543
0.35464,0.088089,-1827.282227
0.355441,0.087582,-1826.7854
0.354114,0.086108,-1826.634888
0.353542,0.084293,-1826.402466
0.356598,0.083953,-1826.711426
0.356598,0.083953,-1825.939453
0.356032,0.082458,-1826.274902
0.355852,0.081904,-1826.335205
0.353559,0.081965,-1825.410522
0.3561,0.082272,-1825.971436
0.354356,0.082491,-1825.849609
0.356854,0.082568,-1825.53479
0.352293,0.083474,-1826.349731
0.350112,0.083421,-1825.928101
0.350228,0.08316,-1825.202881
0.350173,0.083463,-1825.044922
0.348327,0.084946,-1826.035156
0.347672,0.085984,-1825.653076
0.346386,0.085946,-1826.133545
0.347655,0.086014,-1825.786987
0.348886,0.086473,-1826.24646
0.346647,0.085153,-1825.677979
0.346797,0.087571,-1826.057373
0.346685,0.08515,-1826.299927
0.346183,0.085467,-1825.633057
0.346183,0.085467,-1825.807251
0.343183,0.084727,-1826.117554
0.346266,0.08561,-1825.995361
0.346266,0.08561,-1826.164551
0.34482,0.084905,-1826.093018
0.347215,0.084013,-1825.846924
0.348311,0.083816,-1825.778931
0.346995,0.083961,-1826.186646
0.34466,0.083599,-1825.005737
0.343965,0.08419,-1825.82373
0.343928,0.084279,-1825.349609
0.345441,0.084472,-1824.92041
0.342071,0.084064,-1826.609497
0.343141,0.08648,-1826.623535
0.342903,0.08631,-1825.952393
0.342903,0.08631,-1826.365845
0.343414,0.086396,-1825.668823
0.343546,0.084569,-1825.938354
0.341837,0.083216,-1825.162109
0.343232,0.082315,-1824.812866
0.344311,0.079838,-1824.51123
0.345416,0.078178,-1825.1604
0.343023,0.07688,-1824.313843
0.3414,0.077628,-1824.053467
0.339997,0.078593,-1824.181152
0.339997,0.078593,-1824.835815
0.339708,0.078626,-1825.444214
0.34096,0.080762,-1825.548584
0.34244,0.081719,-1825.503906
0.344815,0.082841,-1825.60083
0.341537,0.085356,-1826.413818
0.340727,0.08751,-1826.956055
0.339669,0.08718,-1826.209717
0.34037,0.087726,-1825.924194
0.34037,0.087726,-1826.341797
0.339422,0.087476,-1826.464355
0.337563,0.086984,-1826.080566
0.337173,0.088131,-1826.830444
0.337173,0.088131,-1826.820068
0.338827,0.086815,-1825.731934
0.338429,0.085647,-1826.462646
0.338427,0.085789,-1826.100342
0.337586,0.085999,-1825.670044
0.339662,0.085529,-1825.743652
0.339224,0.087267,-1826.156738
0.337343,0.08644,-1825.985352
0.335422,0.088069,-1826.161865
0.334582,0.087991,-1826.494873
0.334582,0.087991,-1827.360352
0.334582,0.087991,-1826.579224
0.338442,0.0882,-1826.665649
0.339341,0.087868,-1827.22583
0.339341,0.087868,-1826.502808
0.339404,0.088882,-1827.119507
0.337028,0.088199,-1826.352783
0.337028,0.088199,-1826.543213
0.336324,0.08653,-1826.355225
0.33437,0.087948,-1826.890869
0.332902,0.086671,-1826.969604
0.332902,0.086671,-1825.815308
0.331357,0.087422,-1826.906738
0.330228,0.087542,-1827.214478
0.328513,0.089535,-1827.768555
0.326553,0.087754,-1828.449463
0.325328,0.09055,-1828.836914
0.326822,0.090405,-1828.734741
0.328061,0.08842,-1828.120605
0.330749,0.088183,-1826.571533
0.330749,0.088183,-1826.998657
0.331878,0.087484,-1827.730347
0.332167,0.085979,-1826.932983
0.33425,0.084049,-1826.568848
0.33169,0.084271,-1825.567749
0.33169,0.084271,-1825.738403
0.330566,0.085492,-1825.564209
0.330887,0.087058,-1827.289062
0.330603,0.087682,-1827.823608
0.330603,0.087682,-1826.79895
0.331897,0.086625,-1826.369507
0.331733,0.087627,-1826.767578
0.330081,0.08849,-1826.998657
0.332893,0.088709,-1827.671997
0.333293,0.088446,-1826.705078
0.333772,0.086181,-1826.770508
0.333772,0.086181,-1825.668579
0.334785,0.087573,-1826.563232
0.33552,0.087982,-1826.858398
0.33552,0.087982,-1825.895996
0.334229,0.086847,-1826.62793
0.334285,0.087547,-1826.860107
0.334819,0.086748,-1826.332642
0.333692,0.087837,-1827.297729
0.33666,0.086786,-1826.324219
0.337459,0.085199,-1825.968872
0.337459,0.085199,-1826.85498
0.336227,0.085385,-1827.171021
0.336227,0.085385,-1825.613281
0.336567,0.084061,-1826.80127
0.338454,0.083541,-1825.624146
0.338454,0.083541,-1825.903931
0.339233,0.082981,-1826.094971
0.338187,0.082202,-1825.970703
0.338236,0.082835,-1825.691895
0.341355,0.080894,-1825.115723
0.343176,0.081047,-1824.750854
0.342151,0.081745,-1825.143555
0.341537,0.083524,-1826.485107
0.339842,0.084926,-1825.536865
0.341398,0.084871,-1826.315674
0.341085,0.082825,-1825.769653
0.343041,0.082758,-1825.274536
0.34311,0.080078,-1824.847412
0.33996,0.08031,-1824.514771
0.3407,0.080236,-1824.612061
0.339586,0.080571,-1824.936157
0.33984,0.082729,-1824.756958
0.339093,0.08254,-1825.486328
0.335646,0.080269,-1825.486206
0.335646,0.080269,-1825.401367
0.335887,0.080025,-1825.348877
0.336187,0.08154,-1825.141479
0.334242,0.083076,-1825.291382
0.335695,0.08216,-1825.214844
0.335695,0.08216,-1825.389648
0.335695,0.08216,-1824.516479
0.334227,0.081237,-1825.434326
0.33359,0.081126,-1826.058716
0.33211,0.07894,-1824.50415
0.329527,0.079636,-1825.692749
0.328228,0.079149,-1825.605957
0.329333,0.079173,-1825.449707
0.327885,0.080767,-1826.547729
0.327885,0.080767,-1825.579834
0.327885,0.080767,-1826.375732
0.327885,0.080767,-1825.918213
0.327885,0.080767,-1826.261841
0.328437,0.08039,-1825.230957
0.330315,0.080804,-1825.95752
0.329468,0.079723,-1826.128784
0.329616,0.081278,-1826.483887
0.333168,0.081631,-1825.009033
0.3357,0.082676,-1826.055298
0.334582,0.084022,-1825.962402
0.334582,0.084022,-1825.801147
0.334582,0.084022,-1826.030273
0.335082,0.082607,-1825.198608
0.337474,0.084292,-1826.344116
0.336911,0.08123,-1825.679688
0.337599,0.080609,-1825.587769
0.337599,0.080609,-1825.134033
0.33714,0.081004,-1825.166748
0.336019,0.081926,-1825.416016
0.334858,0.082507,-1825.177124
0.334578,0.081916,-1826.156372
0.334829,0.081606,-1825.393555
0.33619,0.082347,-1825.060791
0.335081,0.081616,-1825.316406
0.335081,0.081616,-1825.537354
0.335081,0.081616,-1824.318359
0.334654,0.083037,-1825.245361
0.331453,0.083235,-1825.85022
0.330918,0.083711,-1825.585083
0.330376,0.080217,-1826.132812
0.331966,0.080012,-1824.729736
0.331966,0.080012,-1824.973633
0.333552,0.07952,-1824.973267
0.33683,0.079601,-1824.807739
0.337752,0.081847,-1825.276611
0.338345,0.082361,-1824.795166
0.339898,0.082432,-1824.562012
0.337326,0.082108,-1825.272827
0.34018,0.082177,-1824.365356
0.34018,0.082177,-1825.164551
0.339643,0.081381,-1825.422119
0.339373,0.081974,-1824.84436
0.340566,0.082809,-1825.141968
0.338841,0.083726,-1825.160645
0.336929,0.083109,-1825.368774
0.338298,0.084022,-1826.12915
0.338298,0.084022,-1825.424805
0.335825,0.083544,-1825.479736
0.334075,0.083978,-1825.795044
0.336018,0.083953,-1825.65918
0.333999,0.086069,-1826.153076
0.333999,0.086069,-1826.188721
0.332364,0.086198,-1826.222168
0.333564,0.086545,-1825.993652
0.334577,0.085593,-1825.505493
0.33498,0.085959,-1826.131226
0.334413,0.085526,-1826.504639
0.333989,0.084993,-1826.45166
0.335828,0.086776,-1826.485718
0.337011,0.086602,-1825.494629
0.3378,0.086265,-1825.618652
0.339047,0.087222,-1826.617432
0.339047,0.087222,-1826.575073
0.3375,0.084991,-1826.231567
0.336756,0.085543,-1826.075928
0.336768,0.084599,-1826.345337
0.337418,0.08425,-1825.652222
0.338817,0.08242,-1825.817993
0.339675,0.082944,-1825.394043
0.340297,0.082948,-1826.064697
0.338893,0.083521,-1825.208496
0.339559,0.082078,-1824.857178
0.340228,0.082637,-1826.158203
0.341641,0.08287,-1825.27417
0.340471,0.083701,-1825.391235
0.340471,0.083701,-1824.95874
0.342512,0.083263,-1825.75708
0.343325,0.082098,-1824.690063
0.343838,0.082571,-1825.674561
0.345261,0.082721,-1826.218262
0.348177,0.081125,-1825.547607
0.35091,0.081362,-1825.891846
0.350926,0.081768,-1825.334351
0.350926,0.081768,-1825.610229
0.350958,0.080712,-1824.971313
0.35192,0.081386,-1825.399414
0.35192,0.081386,-1825.553589
0.352389,0.081995,-1825.730713
0.354184,0.083789,-1825.916382
0.352697,0.082885,-1826.144531
0.352741,0.080802,-1825.058838
0.355399,0.080971,-1825.548584
0.354557,0.078669,-1825.923218
0.355343,0.077484,-1824.287598
0.354975,0.078263,-1824.768433
0.354975,0.078263,-1826.067871
0.354975,0.078263,-1824.932861
0.354975,0.078263,-1824.986816
0.355266,0.079197,-1825.436768
0.35332,0.082033,-1825.263062
0.35092,0.081818,-1825.478271
0.354413,0.080094,-1824.427734
0.354413,0.080094,-1825.699463
0.354787,0.077471,-1826.000732
0.35554,0.07683,-1825.199219
0.355526,0.078428,-1825.799316
0.354513,0.07766,-1825.086426
0.354513,0.07766,-1825.268433
0.354587,0.076124,-1825.571289
0.354587,0.076124,-1824.92627
0.356438,0.076579,-1825.214966
0.357791,0.074978,-1825.234863
0.358096,0.075567,-1825.728394
0.358096,0.075567,-1825.389648
0.358096,0.075567,-1825.15979
0.360615,0.07685,-1825.886108
0.361913,0.078678,-1825.022217
0.361054,0.07915,-1826.306885
0.361448,0.078361,-1826.22998
0.36112,0.077318,-1825.029175
0.36011,0.076795,-1824.925415
0.360941,0.076183,-1825.61438
0.360322,0.075869,-1825.615479
0.359794,0.078776,-1825.499878
0.361076,0.079558,-1825.27832
0.362532,0.078968,-1826.125
0.363298,0.080558,-1827.638916
0.362037,0.081502,-1826.371338
0.360791,0.08124,-1826.578369
0.360791,0.08124,-1825.988892
0.360791,0.08124,-1826.477295
0.360011,0.079298,-1826.001343
0.358113,0.0791,-1825.617188
0.359118,0.077875,-1825.586548
0.359118,0.077875,-1825.860718
0.359028,0.079606,-1825.516113
0.359028,0.079606,-1825.464355
0.354174,0.078332,-1825.377808
0.353512,0.077785,-1825.408691
0.354421,0.075577,-1824.497192
0.354898,0.075867,-1825.151123
0.353779,0.077559,-1824.199463
0.356577,0.078805,-1825.468018
0.357983,0.078874,-1825.358032
0.358131,0.078691,-1824.838135
0.361392,0.078838,-1826.708984
0.361477,0.079901,-1826.44104
0.360671,0.080052,-1826.209106
0.360671,0.080052,-1826.243042
0.362025,0.07888,-1826.610107
0.362025,0.07888,-1825.816406
0.362776,0.079357,-1826.413086
0.362776,0.079357,-1826.051514
0.364001,0.079225,-1826.82373
0.364861,0.077828,-1826.305054
0.363916,0.078376,-1827.141602
0.363916,0.078376,-1826.648071
0.363505,0.079755,-1827.065186
0.365497,0.079746,-1826.500244
0.366375,0.078304,-1827.114624
0.368999,0.079467,-1826.638428
0.368999,0.079467,-1827.369385
0.367817,0.078225,-1827.152466
0.367208,0.077253,-1826.115234
0.365732,0.077244,-1826.181763
0.365598,0.079316,-1827.062988
0.365414,0.079517,-1827.480469
0.365006,0.079691,-1827.230713
0.36385,0.078675,-1826.601807
0.364233,0.078424,-1826.062866
0.363829,0.077651,-1826.045898
0.363829,0.077651,-1826.105103
0.364603,0.07765,-1826.387451
0.363018,0.07986,-1825.999878
0.363018,0.07986,-1826.546753
0.363005,0.080408,-1826.557739
0.363005,0.080408,-1826.319092
0.363176,0.079379,-1826.790283
0.360664,0.077812,-1825.586182
0.360649,0.076714,-1825.565186
0.360649,0.076714,-1824.486084
0.360649,0.076714,-1825.143555
0.361849,0.0754,-1826.409912
0.360137,0.075213,-1824.858398
0.360137,0.075213,-1824.678345
0.360302,0.074601,-1825.071289
0.360245,0.075151,-1826.204834
0.360245,0.075151,-1824.70752
0.360794,0.075252,-1825.749023
0.362527,0.075249,-1825.94165
0.362527,0.075249,-1825.173584
0.362146,0.076326,-1825.50293
0.362079,0.072816,-1825.447876
0.362056,0.07177,-1825.227539
0.361088,0.073545,-1824.974487
0.36061,0.074274,-1825.595703
0.360802,0.074546,-1824.864624
0.361723,0.075152,-1825.628418
0.363074,0.075827,-1826.071655
0.363074,0.075827,-1825.751587
0.361295,0.075986,-1825.540649
0.361454,0.073628,-1826.046753
0.360523,0.075521,-1825.446289
0.357382,0.073453,-1825.186279
0.355779,0.074277,-1825.260986
0.355779,0.074277,-1824.632568
0.353349,0.073097,-1825.128906
0.353349,0.073097,-1824.879883
0.353349,0.073097,-1824.391602
0.349824,0.074555,-1824.661133
0.349824,0.074555,-1823.8479
0.350023,0.072484,-1824.1875
0.353159,0.072504,-1823.984009
0.354734,0.074863,-1825.275391
0.353565,0.075707,-1825.133423
0.352576,0.072713,-1824.683228
0.352206,0.073681,-1824.578857
0.35342,0.0739,-1824.78418
0.355351,0.073774,-1825.681274
0.351836,0.074772,-1824.945068
0.35109,0.075907,-1825.087036
0.354042,0.074947,-1824.106934
0.354224,0.075197,-1825.366455
0.354776,0.075065,-1826.067017
0.354776,0.075065,-1825.656982
0.35558,0.074745,-1825.139893
0.354643,0.075902,-1824.376587
0.35954,0.074735,-1825.343018
0.360464,0.073197,-1826.520508
0.360464,0.073197,-1825.671753
0.360464,0.073197,-1824.912598
0.360397,0.073579,-1825.924805
0.361221,0.074513,-1826.561401
0.360962,0.075135,-1825.558472
0.362992,0.074734,-1826.452515
0.362448,0.075759,-1825.197632
0.364342,0.077487,-1826.12854
0.363849,0.078007,-1826.056396
0.363849,0.078007,-1826.098999
0.364415,0.078412,-1825.611328
0.364415,0.078412,-1826.088623
0.364193,0.078412,-1825.866089
0.366094,0.076116,-1826.045898
0.369792,0.077941,-1827.665405
0.371021,0.076863,-1827.773682
0.367875,0.077555,-1826.414551
0.367698,0.077954,-1827.153687
0.369012,0.078219,-1827.336426
0.368264,0.07884,-1826.636719
0.371614,0.081135,-1828.254639
0.371614,0.081135,-1827.627319
0.36997,0.08026,-1827.531494
0.370826,0.07958,-1827.83667
0.368533,0.081243,-1827.209473
0.367807,0.078988,-1827.23584
0.368148,0.079691,-1827.292725
0.368148,0.079691,-1826.7229
0.368386,0.080461,-1827.300537
0.369228,0.077169,-1826.833252
0.372576,0.076523,-1827.793213
0.370969,0.076428,-1827.439209
0.370969,0.076428,-1827.197021
0.373081,0.074664,-1827.559448
0.370972,0.074285,-1826.455078
0.370762,0.074485,-1826.972168
0.370762,0.074485,-1826.69812
0.370762,0.074485,-1826.41748
0.370762,0.074485,-1826.889648
0.37042,0.074037,-1826.766602
0.369954,0.074705,-1826.975342
0.370641,0.075098,-1826.964355
0.371379,0.076397,-1827.268311
0.371352,0.077494,-1826.394531
0.371722,0.077393,-1827.071411
0.371387,0.077671,-1828.106567
0.370784,0.078179,-1827.803467
0.370725,0.076363,-1827.248535
0.372841,0.076004,-1827.232422
0.372841,0.076004,-1827.210571
0.372841,0.076004,-1827.118896
0.37109,0.074549,-1827.037354
0.370165,0.07314,-1827.087646
0.373094,0.072416,-1827.201416
0.373865,0.071796,-1828.312988
0.373865,0.071796,-1827.471558
0.370989,0.072422,-1826.954712
0.372647,0.072544,-1827.459961
0.372228,0.073544,-1826.723633
0.371779,0.073536,-1827.563477
0.370097,0.073284,-1826.471924
0.367666,0.071756,-1826.152588
0.367666,0.071756,-1826.759277
0.365106,0.071466,-1825.929199
0.363241,0.070871,-1825.729492
0.36244,0.071619,-1825.862427
0.361599,0.070524,-1825.670898
0.364862,0.070284,-1825.680542
0.364862,0.070284,-1825.03064
0.363947,0.071491,-1825.83728
0.362284,0.070913,-1826.307129
0.360887,0.069769,-1825.528809
0.362025,0.068802,-1826.645508
0.363373,0.06888,-1825.893311
0.361898,0.068721,-1825.368408
0.361898,0.068721,-1825.63916
0.365311,0.069495,-1825.932983
0.36613,0.068891,-1826.691772
0.36613,0.068891,-1826.44873
0.365836,0.068461,-1825.696533
0.365029,0.068658,-1826.283569
0.363489,0.070956,-1825.949219
0.361844,0.070315,-1826.18335
0.361844,0.070315,-1824.69458
0.361075,0.071367,-1825.063721
0.362378,0.071796,-1824.628052
0.360998,0.071442,-1825.100952
0.358536,0.071627,-1825.219971
0.360677,0.071728,-1825.372803
0.358739,0.070957,-1825.438354
0.358236,0.072865,-1825.303467
0.358308,0.073785,-1825.38208
0.360694,0.07505,-1825.72168
0.359372,0.07443,-1825.525391
0.362136,0.07493,-1825.821533
0.360424,0.075301,-1824.974365
0.359212,0.072595,-1824.937622
0.360798,0.072013,-1824.59668
0.359498,0.073192,-1826.126709
0.357626,0.073644,-1825.293457
0.357626,0.073644,-1825.299805
0.358464,0.073943,-1825.481689
0.358464,0.073943,-1825.348022
0.358027,0.075736,-1824.9646
0.357582,0.077807,-1825.126221
0.361804,0.075988,-1826.150024
0.361237,0.077005,-1826.340088
0.359805,0.074762,-1825.48584
0.357785,0.07491,-1825.744873
0.355886,0.074697,-1824.950806
0.355886,0.074697,-1824.95166
0.355886,0.074697,-1824.240723
0.356056,0.075516,-1824.991211
0.354859,0.078164,-1825.51355
0.354669,0.078134,-1824.776855
0.354669,0.078134,-1825.032349
0.355294,0.078722,-1826.186279
0.35645,0.079073,-1825.813477
0.35645,0.079073,-1824.873291
0.35666,0.081919,-1826.621704
0.35598,0.082133,-1825.418457
0.354,0.082932,-1825.409546
0.355979,0.082323,-1825.803955
0.357643,0.082557,-1825.876221
0.356193,0.081072,-1825.678711
0.355472,0.08263,-1825.437012
0.355508,0.084419,-1826.665771
0.355398,0.085752,-1826.531738
0.355398,0.085752,-1826.482666
0.355901,0.087928,-1827.355225
0.356074,0.085592,-1826.692993
0.356024,0.085095,-1826.262451
0.356024,0.085095,-1826.577393
0.359049,0.083213,-1826.425171
0.358575,0.085311,-1826.236328
0.355712,0.085109,-1826.905518
0.358803,0.086759,-1826.781372
0.357722,0.083932,-1826.321289
0.358109,0.083492,-1826.393555
0.354811,0.082369,-1825.729736
0.35184,0.082861,-1825.900269
0.350778,0.080491,-1825.972656
0.348985,0.079248,-1825.057129
0.349008,0.078209,-1824.560791
0.349008,0.078209,-1825.221558
0.348545,0.07868,-1824.327515
0.349166,0.078803,-1824.531006
0.348802,0.078217,-1824.939697
0.34917,0.077801,-1825.508423
0.350905,0.077801,-1824.480957
0.350818,0.076643,-1824.890015
0.351796,0.076094,-1825.123169
0.351796,0.076094,-1825.215088
0.352513,0.075163,-1824.222656
0.351614,0.073478,-1824.289307
0.350516,0.071363,-1824.575928
0.350745,0.071524,-1824.693726
0.351711,0.071564,-1824.187256
0.349687,0.070743,-1824.582397
0.346375,0.069902,-1824.19043
0.344977,0.069499,-1823.745728
0.344977,0.069499,-1823.968994
0.345029,0.068956,-1824.257202
0.340268,0.07013,-1824.236084
0.342228,0.06959,-1824.721436
0.340315,0.070254,-1825.151733
0.34225,0.068774,-1823.304321
0.34225,0.068774,-1823.659546
0.341386,0.069381,-1824.551392
0.33984,0.0688,-1824.833374
0.340728,0.069178,-1824.330688
0.342061,0.070408,-1824.23645
0.342788,0.071068,-1824.69458
0.343329,0.070229,-1825.366699
0.343719,0.070102,-1824.767456
0.345968,0.069889,-1825.029663
0.345878,0.07189,-1824.975464
0.345739,0.071123,-1824.250488
0.345739,0.071123,-1823.819336
0.347399,0.071512,-1824.243896
0.350071,0.070093,-1824.89563
0.352641,0.071992,-1825.18457
0.352028,0.072851,-1824.584229
0.352028,0.072851,-1824.18335
0.353181,0.071336,-1825.473022
0.350888,0.069834,-1824.843872
0.349917,0.071691,-1824.029541
0.347945,0.07162,-1824.317871
0.348919,0.070567,-1823.60376
0.346856,0.069989,-1824.24707
0.346731,0.070949,-1824.697388
0.34664,0.068692,-1824.072998
0.343324,0.069173,-1824.163696
0.340628,0.070899,-1823.828369
0.340252,0.070185,-1823.629395
0.341472,0.072038,-1824.501099
0.342355,0.072601,-1824.812988
0.342412,0.071257,-1823.460449
0.342251,0.070631,-1823.311279
0.342042,0.069389,-1823.956665
0.339936,0.06891,-1824.490356
0.339936,0.06891,-1823.223877
0.339936,0.06891,-1823.94397
0.338587,0.067817,-1823.914429
0.338535,0.068157,-1825.536377
0.336962,0.067423,-1825.085083
0.33855,0.066785,-1824.30249
0.33855,0.066785,-1824.194214
0.33624,0.066453,-1824.265991
0.337782,0.067022,-1823.747314
0.337264,0.065969,-1824.512573
0.339266,0.066065,-1824.316895
0.340566,0.065717,-1825.240967
0.338725,0.067322,-1823.964478
0.339244,0.067345,-1824.537231
0.339574,0.067528,-1824.445068
0.340063,0.067329,-1824.021729
0.341948,0.067798,-1824.146362
0.340353,0.065695,-1824.779297
0.340353,0.065695,-1824.264404
0.339985,0.06526,-1824.92981
0.33792,0.064375,-1824.844238
0.339134,0.062857,-1825.06958
0.339134,0.062857,-1824.325684
0.34044,0.062431,-1824.713379
0.338383,0.063274,-1824.875
0.339043,0.062867,-1824.876221
0.339043,0.062867,-1824.788574
0.339897,0.063682,-1824.353271
0.339282,0.065163,-1824.026001
0.340885,0.065577,-1823.965942
0.338599,0.067111,-1824.177368
0.338387,0.065774,-1824.906738
0.338387,0.065774,-1824.407837
0.337417,0.065311,-1825.324951
0.337966,0.065581,-1824.756104
0.335767,0.065511,-1825.190796
0.335767,0.065511,-1824.943115
0.335767,0.065511,-1824.504639
0.335767,0.065511,-1824.300171
0.333919,0.065125,-1824.827148
0.333919,0.065125,-1823.998413
0.334456,0.065507,-1824.894287
0.335544,0.065934,-1824.167969
0.335544,0.065934,-1824.195923
0.334515,0.064892,-1824.146606
0.334709,0.066341,-1825.303345
0.334142,0.069059,-1823.886963
0.334467,0.066907,-1824.978027
0.334135,0.067243,-1825.364502
0.334464,0.068309,-1824.848389
0.334791,0.065896,-1825.010742
0.334153,0.065339,-1824.756592
0.334153,0.065339,-1824.002197
0.334153,0.065339,-1824.42395
0.332197,0.066747,-1824.216797
0.329675,0.064824,-1825.924805
0.329857,0.065846,-1825.185791
0.327966,0.067026,-1825.00061
0.327936,0.068401,-1825.75647
0.329834,0.070764,-1824.437378
0.333091,0.070089,-1824.983154
0.333091,0.070089,-1823.54541
0.332436,0.072076,-1824.025513
0.332108,0.072442,-1824.994385
0.335028,0.07069,-1825.011719
0.334505,0.06958,-1824.926514
0.334089,0.069001,-1824.320312
0.336176,0.068944,-1825.014282
0.333432,0.067696,-1824.033936
0.335596,0.068621,-1825.059326
0.333991,0.06905,-1824.044189
0.335203,0.069872,-1824.660889
0.335203,0.069872,-1824.438477
0.336377,0.072861,-1823.97876
0.336377,0.072861,-1824.665039
0.33585,0.071436,-1823.890137
0.33585,0.071436,-1824.364746
0.33585,0.071436,-1824.8396
0.333815,0.072402,-1824.768433
0.334379,0.073124,-1823.942017
0.331341,0.074727,-1825.506104
0.333879,0.075173,-1825.583496
0.333879,0.075173,-1824.748779
0.331821,0.074469,-1825.05896
0.331821,0.074469,-1823.883911
0.332881,0.075056,-1824.774658
0.334756,0.075865,-1824.547119
0.335295,0.075645,-1824.553955
0.334204,0.075656,-1825.281616
0.334602,0.077258,-1824.692505
0.33372,0.075532,-1825.181885
0.334279,0.074902,-1825.14502
0.334797,0.074441,-1823.95752
0.334242,0.07258,-1824.449951
0.334242,0.07258,-1824.107056
0.332762,0.073244,-1823.817383
0.3328,0.072669,-1824.751221
0.332189,0.071109,-1824.699341
0.333915,0.070722,-1824.587524
0.334412,0.071661,-1824.946777
0.33653,0.072456,-1824.406006
0.33653,0.072456,-1824.721924
0.33653,0.072456,-1823.973022
0.336644,0.073006,-1825.100586
0.336644,0.073006,-1825.26062
0.338694,0.070392,-1824.723999
0.338694,0.070392,-1823.827271
0.338694,0.070392,-1823.995728
0.335835,0.069656,-1824.954102
0.336856,0.067684,-1824.794189
0.336856,0.067684,-1824.524414
0.3361,0.06661,-1824.506104
0.336226,0.065231,-1825.113647
0.333581,0.066013,-1824.8302
0.333645,0.067051,-1824.013672
0.336639,0.065612,-1824.277588
0.336764,0.06718,-1823.570312
0.334487,0.064999,-1825.030273
0.331182,0.066053,-1824.979126
0.330146,0.065793,-1825.061401
0.333103,0.066334,-1824.999756
0.33186,0.066695,-1824.810059
0.331893,0.067399,-1824.729004
0.330871,0.068771,-1825.600098
0.331301,0.070821,-1825.371948
0.329154,0.070071,-1825.500488
0.331155,0.069181,-1825.087402
0.329018,0.069659,-1824.32605
0.328735,0.068396,-1824.893799
0.331013,0.069074,-1825.314087
0.330972,0.067404,-1824.609863
0.331282,0.068546,-1824.386475
0.333007,0.067636,-1824.271729
0.333007,0.067636,-1823.910156
0.333007,0.067636,-1824.384277
0.333007,0.067636,-1824.418701
0.330854,0.068167,-1824.866455
0.333984,0.068507,-1824.896362
0.333984,0.068507,-1824.843872
0.333972,0.068082,-1824.159546
0.333972,0.068082,-1823.981201
0.333972,0.068082,-1823.950684
0.333972,0.068082,-1823.763672
0.336323,0.069582,-1823.935181
0.336323,0.069582,-1824.844727
0.334529,0.070633,-1824.897095
0.337135,0.070573,-1824.688599
0.337135,0.070573,-1823.845459
0.337135,0.070573,-1823.037476
0.337135,0.070573,-1824.557617
0.335973,0.070475,-1823.92627
0.335973,0.070475,-1824.234009
0.334119,0.06984,-1824.327637
0.330998,0.069552,-1825.151489
0.331965,0.069588,-1824.538574
0.330209,0.06928,-1824.865479
0.331504,0.070414,-1825.435181
0.332355,0.069045,-1824.289551
0.333469,0.070105,-1824.696655
0.334973,0.069929,-1824.115601
0.334973,0.069929,-1824.734619
0.335017,0.070716,-1823.458496
0.335099,0.069467,-1824.26001
0.334659,0.06788,-1824.075928
0.330909,0.068079,-1825.111572
0.332479,0.068461,-1825.08374
0.332479,0.068461,-1825.553955
0.333997,0.067621,-1824.719971
0.333997,0.067621,-1824.10083
0.334414,0.069157,-1825.148682
0.332617,0.070202,-1824.297241
0.332617,0.070202,-1825.13855
0.331608,0.070612,-1824.47644
0.334071,0.070589,-1824.954346
0.334418,0.070078,-1823.633423
0.335249,0.07033,-1824.410522
0.335249,0.07033,-1824.005615
0.33532,0.069112,-1824.921997
0.334482,0.070925,-1824.973145
0.335134,0.070272,-1824.605713
0.333452,0.072675,-1824.865234
0.330772,0.071554,-1825.656128
0.329962,0.072314,-1825.032227
0.329741,0.071969,-1824.892456
0.329741,0.071969,-1825.491089
0.329741,0.071969,-1825.240234
0.329741,0.071969,-1824.819336
0.329741,0.071969,-1824.658691
0.329809,0.071919,-1824.468994
0.332112,0.071173,-1825.364258
0.333683,0.07067,-1824.460083
0.332324,0.067173,-1824.757202
0.335983,0.068066,-1823.533691
0.335636,0.069817,-1823.97876
0.338379,0.068357,-1825.074219
0.338379,0.068357,-1823.797974
0.337653,0.06828,-1824.263306
0.337089,0.069213,-1824.104248
0.336507,0.068482,-1823.862793
0.336507,0.068482,-1824.245605
0.337278,0.066819,-1824.996216
0.338436,0.066356,-1824.745117
0.335444,0.065739,-1824.991455
0.335448,0.065092,-1825.297485
0.333205,0.064304,-1825.040894
0.333896,0.065042,-1824.347412
0.333643,0.065254,-1824.99707
0.334967,0.063581,-1824.388184
0.33623,0.066018,-1823.96875
0.33608,0.067215,-1825.02002
0.334703,0.069091,-1825.014282
0.337118,0.066973,-1824.427734
0.337118,0.066973,-1823.422119
0.336999,0.069189,-1825.482422
0.336999,0.069189,-1824.765381
0.334287,0.069127,-1824.774414
0.332926,0.069026,-1825.58252
0.333481,0.068275,-1823.915649
0.333481,0.068275,-1823.949585
0.334763,0.06902,-1824.709229
0.333383,0.068912,-1825.094238
0.335513,0.067505,-1824.455322
0.336391,0.067417,-1825.12854
0.334992,0.067222,-1824.536377
0.335538,0.066879,-1824.648682
0.335716,0.065845,-1824.37207
0.335682,0.065628,-1823.962646
0.335682,0.065628,-1824.527588
0.33669,0.065566,-1823.96875
0.336799,0.064586,-1825.14624
0.336799,0.064586,-1824.147705
0.336799,0.064586,-1824.847412
0.338125,0.064327,-1824.279541
0.336488,0.064581,-1824.692383
0.338115,0.062125,-1824.768188
0.337994,0.063912,-1824.624268
0.336495,0.063498,-1824.722656
0.335788,0.063931,-1825.140869
0.336605,0.065566,-1823.905518
0.337514,0.066492,-1824.647949
0.337514,0.066492,-1823.391357
0.338454,0.066331,-1824.312744
0.339667,0.065149,-1823.764648
0.344385,0.064548,-1824.35498
0.342555,0.065252,-1824.349365
0.34337,0.068124,-1824.700439
0.34337,0.068124,-1824.019043
0.341027,0.068071,-1824.690186
0.340476,0.066892,-1823.827515
0.340476,0.066892,-1824.095215
0.339483,0.06744,-1824.167725
0.339483,0.06744,-1823.258789
0.339483,0.06744,-1823.753906
0.337871,0.06557,-1824.531738
0.338258,0.065767,-1824.729126
0.335284,0.066212,-1824.601074
0.334373,0.065656,-1824.694336
0.334373,0.065656,-1824.460449
0.335049,0.064202,-1825.520752
0.336523,0.062872,-1825.199097
0.337817,0.065445,-1824.238525
0.33738,0.065965,-1824.32666
0.335239,0.065392,-1825.026367
0.333685,0.065716,-1824.418945
0.334568,0.064898,-1824.791382
0.33479,0.065806,-1824.204224
0.332291,0.06739,-1824.070068
0.331222,0.067665,-1824.554688
0.332087,0.067432,-1824.28833
0.332087,0.067432,-1824.732666
0.33478,0.067433,-1824.684448
0.338428,0.067895,-1824.357544
0.33933,0.068927,-1824.212524
0.339837,0.068691,-1824.347778
0.339662,0.069311,-1824.422852
0.338611,0.067955,-1824.381836
0.340264,0.06748,-1824.048096
0.340264,0.06748,-1823.66687
0.340066,0.067479,-1824.438843
0.340066,0.067479,-1824.18042
0.34104,0.067352,-1824.242065
0.341613,0.068769,-1824.006348
0.338622,0.066916,-1824.049805
0.340868,0.067268,-1823.449829
0.34179,0.066634,-1823.975342
0.341552,0.066935,-1823.817871
0.339697,0.067195,-1824.666504
0.341628,0.06738,-1824.089111
0.345262,0.068097,-1824.041626
0.345262,0.068097,-1823.731934
0.342523,0.06878,-1824.346924
0.341165,0.072028,-1823.987671
0.338093,0.073861,-1823.924072
0.339166,0.0733,-1824.258545
0.339155,0.074036,-1824.127686
0.338927,0.073546,-1824.397217
0.338432,0.074851,-1825.14624
0.338432,0.074851,-1824.438477
0.337013,0.077801,-1824.753662
0.337013,0.077801,-1825.089111
0.334632,0.077553,-1825.4104
0.333665,0.077637,-1824.790771
0.333665,0.077637,-1824.879639
0.335013,0.075454,-1824.859741
0.335625,0.073954,-1825.229858
0.335625,0.073954,-1823.952515
0.334638,0.073558,-1824.754395
0.334638,0.073558,-1824.736816
0.33531,0.072851,-1824.487671
0.335579,0.071945,-1824.362305
0.336077,0.070436,-1823.980347
0.335286,0.07185,-1824.825928
0.335396,0.072441,-1824.643555
0.33203,0.073121,-1824.23999
0.332718,0.071268,-1824.784424
0.333075,0.071507,-1824.887695
0.332844,0.069675,-1825.609863
0.330862,0.068732,-1824.593994
0.327951,0.068327,-1825.141479
0.327053,0.068485,-1825.603638
0.327053,0.068485,-1825.222168
0.327151,0.064973,-1825.760498
0.328214,0.063338,-1824.617188
0.330603,0.063582,-1825.695801
0.331063,0.063768,-1826.259521
0.331063,0.063768,-1825.188477
0.33193,0.062604,-1825.480835
0.332468,0.064406,-1825.251831
0.3311,0.064496,-1825.29126
0.3311,0.064496,-1825.317627
0.328339,0.062162,-1825.235474
0.328339,0.062162,-1826.121826
0.326023,0.062575,-1826.993164
0.325471,0.0625,-1825.987915
0.327104,0.062882,-1826.684937
0.328522,0.064147,-1825.34021
0.329042,0.063463,-1825.197754
0.32916,0.064602,-1825.282471
0.32916,0.064602,-1825.543213
0.332591,0.065004,-1825.116089
0.334126,0.063813,-1825.376221
0.333993,0.064963,-1825.394287
0.333145,0.064624,-1824.565796
0.333842,0.062927,-1825.145752
0.333007,0.062189,-1825.206421
0.333007,0.062189,-1825.008911
0.333089,0.062913,-1824.715698
0.333089,0.062913,-1825.424927
0.333283,0.062946,-1824.659546
0.334451,0.061764,-1825.230713
0.331923,0.061052,-1825.102417
0.332292,0.061102,-1825.118164
0.331666,0.05938,-1825.882446
0.330697,0.061457,-1826.004395
0.328168,0.063721,-1825.287354
0.329239,0.065277,-1825.489502
0.332895,0.065953,-1825.666504
0.335838,0.067976,-1824.652222
0.333825,0.068921,-1824.668945
0.331377,0.068379,-1825.115112
0.333693,0.068737,-1825.181641
0.33634,0.070577,-1824.245361
0.338502,0.071389,-1825.003052
0.339022,0.069086,-1824.587524
0.338699,0.070747,-1823.855103
0.340177,0.070655,-1824.577759
0.342287,0.072234,-1824.261597
0.340397,0.072719,-1824.121094
0.340238,0.072532,-1824.558105
0.340451,0.072363,-1824.107422
0.340074,0.070652,-1824.057983
0.340074,0.070652,-1823.733276
0.341185,0.070297,-1824.710815
0.341452,0.068923,-1824.634033
0.341507,0.068735,-1824.23291
0.34513,0.067617,-1824.867188
0.345645,0.067334,-1824.253662
0.345026,0.06604,-1823.965088
0.345252,0.066882,-1824.547852
0.345252,0.066882,-1824.017334
0.344694,0.068593,-1824.191895
0.344011,0.068894,-1824.102783
0.344011,0.068894,-1823.44751
0.345229,0.068229,-1824.206787
0.348879,0.067913,-1824.584473
0.348841,0.067283,-1824.966797
0.348407,0.067605,-1824.429565
0.348407,0.067605,-1824.087524
0.347844,0.067726,-1824.531982
0.348847,0.067813,-1824.841309
0.347028,0.067037,-1825.135742
0.346283,0.064724,-1824.333618
0.345442,0.064396,-1823.794312
0.345791,0.063324,-1823.869751
0.343776,0.06245,-1824.411865
0.344813,0.063615,-1824.340576
0.344813,0.063615,-1824.622925
0.342457,0.062367,-1824.987061
0.345481,0.062485,-1825.234497
0.345481,0.062485,-1824.569092
0.344345,0.063586,-1824.554565
0.344932,0.063779,-1824.673096
0.343982,0.063969,-1824.788086
0.343982,0.063969,-1823.47229
0.342222,0.06294,-1824.53418
0.340996,0.063013,-1824.400146
0.342549,0.063075,-1824.799561
0.341488,0.064805,-1823.269287
0.341116,0.066134,-1824.060303
0.340973,0.066386,-1824.206177
0.340973,0.066386,-1824.42627
0.340973,0.066386,-1824.211182
0.343722,0.067125,-1823.828735
0.343722,0.067125,-1823.664185
0.34564,0.067055,-1824.544678
0.344293,0.068076,-1824.536255
0.343828,0.068633,-1824.386597
0.344247,0.070234,-1823.763916
0.346437,0.068291,-1823.985474
0.344795,0.068024,-1824.20813
0.344795,0.068024,-1824.079956
0.344795,0.068024,-1823.427368
0.342627,0.068998,-1823.920166
0.341278,0.067191,-1824.307983
0.343727,0.066755,-1824.035034
0.34302,0.066613,-1823.98291
0.34302,0.066613,-1824.435547
0.34302,0.066613,-1824.010742
0.343265,0.066109,-1824.489258
0.340711,0.064722,-1823.872192
0.340711,0.064722,-1824.422852
0.341158,0.065647,-1824.157227
0.338576,0.063997,-1824.704834
0.338336,0.064122,-1824.634644
0.335864,0.064643,-1824.723389
0.335824,0.064611,-1824.666748
0.335824,0.064611,-1824.201538
0.335824,0.064611,-1823.733765
0.337096,0.063522,-1825.404663
0.337096,0.063522,-1825.135986
0.336874,0.064037,-1824.917236
0.335996,0.063492,-1824.706055
0.335996,0.063492,-1825.187866
0.335866,0.06463,-1825.339966
0.336538,0.066307,-1825.46167
0.333974,0.066262,-1824.709961
0.335895,0.069291,-1824.374512
0.339058,0.067843,-1824.554321
0.338579,0.06726,-1824.567871
0.338579,0.06726,-1823.650024
0.341153,0.066258,-1824.466309
0.342504,0.068364,-1824.165894
0.342504,0.068364,-1823.258057
0.343966,0.06848,-1823.842773
0.342722,0.066067,-1824.503662
0.34435,0.068611,-1824.320679
0.34309,0.06974,-1824.263306
0.339137,0.068317,-1823.867554
0.340754,0.065952,-1823.947998
0.344632,0.066092,-1824.323975
0.344632,0.066092,-1823.937378
0.344188,0.065498,-1825.009155
0.344188,0.065498,-1823.574707
0.344188,0.065498,-1823.76123
0.343589,0.065968,-1824.300537
0.346097,0.069326,-1824.503784
0.346097,0.069326,-1823.156616
0.346641,0.069342,-1824.13501
0.346641,0.069342,-1823.894775
0.347378,0.070351,-1824.919189
0.34579,0.070379,-1824.741455
0.344699,0.069964,-1824.278809
0.343559,0.070135,-1823.913696
0.340802,0.070012,-1824.163574
0.33771,0.069032,-1824.042969
0.338153,0.069393,-1824.405884
0.335372,0.069185,-1824.600586
0.333269,0.07132,-1824.393555
0.333978,0.071089,-1824.411255
0.332953,0.071574,-1825.394165
0.336709,0.071366,-1824.79126
0.333703,0.071009,-1823.968262
0.334605,0.071126,-1824.348877
0.334605,0.071126,-1824.472656
0.332701,0.069942,-1825.074341
0.332265,0.070589,-1824.684448
0.334284,0.070759,-1824.615356
0.333638,0.071753,-1824.579468
0.334284,0.071309,-1824.545898
0.334873,0.070567,-1825.512695
0.334873,0.070567,-1823.77417
0.336033,0.070481,-1824.418457
0.336552,0.072772,-1824.488037
0.336552,0.072772,-1824.39856
0.339738,0.072587,-1825.203857
0.338944,0.073056,-1824.161133
0.338944,0.073056,-1824.565918
0.338958,0.071912,-1823.869385
0.336347,0.070264,-1824.261963
0.337239,0.070572,-1823.764648
0.337308,0.070867,-1824.853882
0.336596,0.071246,-1824.384766
0.336596,0.071246,-1824.139404
0.335079,0.069585,-1825.039307
0.332681,0.070495,-1823.964478
0.332681,0.070495,-1824.658936
0.330769,0.071572,-1825.482666
0.330769,0.071572,-1825.650146
0.328684,0.071172,-1825.575195
0.328215,0.069429,-1825.214478
0.330462,0.069716,-1823.84314
0.330462,0.069716,-1824.575317
0.329822,0.071733,-1824.438477
0.330977,0.072097,-1825.128174
0.330977,0.072097,-1824.717773
0.330977,0.072097,-1824.645996
0.329928,0.069751,-1826.310913
0.329928,0.069751,-1825.146484
0.327085,0.070041,-1826.74585
0.327085,0.070041,-1825.769043
0.329783,0.070811,-1825.993408
0.329977,0.069369,-1824.529419
0.327892,0.070395,-1825.574829
0.329438,0.067123,-1824.655884
0.328002,0.067963,-1826.168701
0.327111,0.067937,-1825.264404
0.327424,0.068246,-1825.732544
0.325129,0.068508,-1827.326172
0.3247,0.067251,-1826.309937
0.324282,0.066314,-1825.735596
0.32282,0.066424,-1825.187866
0.322924,0.066113,-1826.744507
0.322958,0.066533,-1825.707397
0.324322,0.066685,-1828.161377
0.326443,0.065947,-1825.618774
0.326443,0.065947,-1825.265747
0.330376,0.064972,-1825.729248
0.332479,0.065616,-1824.447266
0.333909,0.063591,-1823.96875
0.335443,0.06442,-1824.810303
0.33538,0.065078,-1824.824585
0.33538,0.065078,-1824.616577
0.336659,0.064487,-1823.996216
0.337498,0.063986,-1824.657837
0.337475,0.063968,-1825.724731
0.338408,0.061859,-1825.175659
0.337045,0.062375,-1824.039795
0.338678,0.062558,-1824.247803
0.338678,0.062558,-1824.460571
0.338492,0.061723,-1824.591797
0.338511,0.063071,-1823.840576
0.339856,0.062112,-1825.11792
0.340058,0.061237,-1824.607178
0.340158,0.061659,-1824.621826
0.341759,0.060041,-1824.501221
0.340612,0.059026,-1825.192505
0.341964,0.057525,-1825.263916
0.344068,0.060077,-1825.386963
0.346503,0.061409,-1825.315186
0.346503,0.061409,-1824.592407
0.345404,0.061102,-1824.94397
0.345404,0.061102,-1824.94104
0.343662,0.061362,-1824.352783
0.341117,0.061485,-1824.689453
0.340349,0.061254,-1825.240723
0.340349,0.061254,-1824.958374
0.340349,0.061254,-1824.722534
0.340488,0.061153,-1824.268921
0.337767,0.062978,-1824.318237
0.339868,0.062175,-1824.770996
0.338326,0.062235,-1824.107178
0.340182,0.063072,-1824.78833
0.338677,0.062895,-1824.212646
0.338308,0.063388,-1825.168579
0.339714,0.061692,-1824.609497
0.338278,0.062386,-1824.760498
0.338278,0.062386,-1824.531982
0.338548,0.063328,-1824.75293
0.341071,0.065267,-1824.710693
0.339116,0.065426,-1824.274536
0.339116,0.065426,-1823.982178
0.34355,0.067818,-1824.483276
0.342078,0.064581,-1824.966553
0.344589,0.065491,-1824.406128
0.344589,0.065491,-1823.81897
0.344589,0.065491,-1823.099609
0.344589,0.065491,-1824.606934
0.344522,0.066264,-1824.780762
0.344522,0.066264,-1823.73291
0.346074,0.067179,-1824.717163
0.346074,0.067179,-1824.541748
0.345621,0.069574,-1824.025513
0.346918,0.070234,-1824.370728
0.346111,0.068266,-1824.753906
0.346111,0.068266,-1823.564453
0.347611,0.066902,-1824.423462
0.347611,0.066902,-1823.673096
0.346924,0.066598,-1824.199585
0.347179,0.065309,-1824.924805
0.346177,0.066475,-1823.851685
0.34494,0.065908,-1823.355713
0.34494,0.065908,-1823.854004
0.345181,0.066835,-1824.428833
0.345599,0.065311,-1823.857422
0.346961,0.0671,-1824.599121
0.344255,0.067856,-1823.137695
0.3435,0.069907,-1824.574341
0.3435,0.069907,-1823.841064
0.342959,0.069473,-1824.666748
0.345013,0.068996,-1824.211914
0.344628,0.070385,-1823.551392
0.345508,0.07062,-1824.315796
0.34598,0.070966,-1824.309082
0.345073,0.070933,-1824.641357
0.346231,0.071047,-1824.334473
0.346645,0.072931,-1824.995361
0.347585,0.072315,-1824.375977
0.347341,0.071481,-1824.116577
0.345629,0.069733,-1823.606445
0.345629,0.069733,-1823.309814
0.345211,0.067711,-1823.595947
0.344869,0.067708,-1824.756348
0.343942,0.066449,-1824.158447
0.344228,0.064542,-1824.44751
0.344068,0.065608,-1824.570312
0.341892,0.065223,-1824.32312
0.340694,0.066894,-1824.239502
0.340873,0.065506,-1824.276123
0.341387,0.064221,-1824.486572
0.340846,0.066045,-1824.103516
0.340068,0.064979,-1825.222656
0.340068,0.064979,-1823.68689
0.340068,0.064979,-1824.657227
0.338196,0.064969,-1823.946167
0.339869,0.062245,-1824.244263
0.339356,0.061065,-1825.12793
0.339163,0.062533,-1824.36438
0.338987,0.06251,-1825.698242
0.340125,0.06219,-1825.251221
0.340125,0.06219,-1824.715576
0.343069,0.063818,-1824.408203
0.342984,0.06396,-1824.015503
0.341993,0.062462,-1824.783569
0.341034,0.060907,-1824.432861
0.342033,0.062655,-1824.65979
0.342033,0.062655,-1824.102539
0.342033,0.062655,-1824.501221
0.342033,0.062655,-1824.586182
0.342033,0.062655,-1824.114502
0.341153,0.062054,-1825.506836
0.341172,0.064147,-1824.079468
0.339036,0.063506,-1824.658691
0.340145,0.062421,-1824.513306
0.339665,0.064845,-1824.825073
0.340535,0.066643,-1824.730835
0.343248,0.068295,-1824.02002
0.344821,0.068205,-1824.288696
0.347746,0.066511,-1825.009521
0.347746,0.066511,-1824.027954
0.347587,0.064005,-1823.876099
0.345285,0.062692,-1825.605713
0.345285,0.062692,-1824.875977
0.344165,0.064625,-1824.709961
0.34197,0.064608,-1825.126221
0.34197,0.064608,-1824.442871
0.341569,0.062847,-1824.130981
0.342615,0.062577,-1824.617065
0.341209,0.06245,-1824.36499
0.340744,0.062299,-1825.590698
0.340744,0.062299,-1824.51416
0.342009,0.061003,-1824.98584
0.33903,0.06104,-1825.109619
0.338981,0.060406,-1824.0896
0.3388,0.061106,-1825.066406
0.340202,0.062541,-1825.150391
0.336253,0.060587,-1824.299805
0.338772,0.06123,-1825.291504
0.338639,0.060104,-1825.509155
0.337905,0.059922,-1824.95874
0.337905,0.059922,-1825.040039
0.335558,0.060143,-1825.201294
0.336402,0.060675,-1825.070801
0.336402,0.060675,-1825.276855
0.334264,0.062355,-1825.376709
0.337617,0.062175,-1824.971436
0.339318,0.060528,-1825.292969
0.339318,0.060528,-1824.920044
0.339318,0.060528,-1825.072876
0.341934,0.059963,-1824.888062
0.341444,0.0607,-1824.347534
0.339623,0.061447,-1824.498291
0.338741,0.060459,-1825.789551
0.338461,0.060719,-1824.940552
0.338427,0.061287,-1824.96875
0.340756,0.060801,-1824.704956
0.338768,0.061876,-1824.365234
0.340173,0.062097,-1824.800537
0.339846,0.062154,-1824.249023
0.339722,0.061947,-1824.600342
0.341357,0.063604,-1824.156006
0.341856,0.062799,-1824.083252
0.341856,0.062799,-1823.978516
0.342783,0.063766,-1824.316895
0.342707,0.063775,-1824.279663
0.343164,0.061225,-1824.743408
0.341843,0.061647,-1824.964966
0.342266,0.061604,-1824.92981
0.342834,0.063593,-1824.850586
0.341449,0.063078,-1824.300171
0.34176,0.064091,-1824.829834
0.341304,0.061831,-1825.004517
0.342969,0.063176,-1824.39917
0.340048,0.065204,-1824.610596
0.338469,0.066215,-1824.83252
0.339709,0.065339,-1823.744141
0.339709,0.065339,-1823.80127
0.339068,0.063509,-1824.897583
0.34252,0.063159,-1824.942505
0.344182,0.063253,-1825.335205
0.33956,0.064055,-1824.763062
0.340337,0.064743,-1824.458984
0.338722,0.06287,-1825.394775
0.341481,0.063319,-1824.218262
0.342092,0.062091,-1824.395996
0.344203,0.06179,-1825.501221
0.341032,0.061747,-1824.91687
0.341133,0.061721,-1824.58728
0.341133,0.061721,-1824.936768
0.342238,0.061984,-1824.533691
0.342238,0.061984,-1824.168457
0.343626,0.061432,-1823.878906
0.343626,0.061432,-1824.578613
0.34468,0.060438,-1825.086426
0.345892,0.060752,-1825.535889
0.345892,0.060752,-1824.557617
0.346201,0.062445,-1825.23645
0.342213,0.062391,-1824.353516
0.342897,0.060569,-1826.179443
0.342914,0.057192,-1826.147217
0.340593,0.057039,-1826.216797
0.338177,0.058152,-1825.243164
0.338587,0.06056,-1824.69165
0.339595,0.060574,-1824.779541
0.340963,0.062226,-1824.35022
0.343115,0.063539,-1824.054443
0.342929,0.062871,-1824.089966
0.341433,0.06369,-1824.251831
0.339858,0.063175,-1824.289062
0.34227,0.063339,-1824.298828
0.343729,0.062648,-1823.866699
0.343729,0.062648,-1824.752441
0.347803,0.065264,-1823.754639
0.347803,0.065264,-1824.188965
0.347803,0.065264,-1823.563354
0.3508,0.065064,-1824.078247
0.3508,0.065064,-1824.517456
0.351276,0.062442,-1825.324219
0.350652,0.064466,-1824.854126
0.347989,0.065842,-1824.644043
0.349334,0.065209,-1824.479858
0.348731,0.063573,-1824.719971
0.347827,0.064461,-1825.27417
0.344413,0.064729,-1824.388428
0.344031,0.065521,-1824.534546
0.343043,0.065155,-1824.658203
0.342879,0.065167,-1824.358643
0.343359,0.066187,-1824.388916
0.343941,0.068553,-1823.772705
0.340396,0.067593,-1824.260254
0.341111,0.068131,-1824.544922
0.341111,0.068131,-1824.196045
0.342606,0.067917,-1824.17749
0.341662,0.067462,-1824.751831
0.341777,0.069985,-1824.14917
0.342796,0.070268,-1824.250244
0.341034,0.066862,-1824.002075
0.341034,0.066862,-1824.537964
0.340056,0.065837,-1824.296387
0.339757,0.065264,-1824.69751
0.341883,0.064195,-1824.185059
0.341883,0.064195,-1824.192871
0.343282,0.063591,-1824.891724
0.342758,0.064988,-1824.705078
0.343054,0.064187,-1824.174072
0.345428,0.06418,-1824.087036
0.344249,0.064199,-1823.59436
0.344759,0.063287,-1824.458984
0.344759,0.063287,-1823.824951
0.344759,0.063287,-1824.165283
0.343836,0.064525,-1824.898682
0.342983,0.066966,-1824.408813
0.34269,0.067314,-1824.179321
0.341737,0.067913,-1824.466309
0.342402,0.069438,-1823.692627
0.340302,0.067277,-1824.269043
0.339521,0.069451,-1824.00293
0.340829,0.069335,-1823.940186
0.341377,0.070668,-1824.597656
0.342972,0.070188,-1823.889282
0.342972,0.070188,-1824.526367
0.341261,0.068359,-1824.32312
0.341721,0.067535,-1824.20166
0.341721,0.067535,-1824.194214
0.341315,0.067801,-1823.841309
0.342243,0.067198,-1824.584106
0.337852,0.068876,-1824.789917
0.338398,0.069869,-1823.782471
0.338398,0.069869,-1823.486816
0.337751,0.07002,-1824.51123
0.335698,0.067376,-1825.118652
0.335698,0.067376,-1824.492676
0.335698,0.067376,-1824.415405
0.33709,0.068092,-1824.531372
0.337261,0.068019,-1824.035645
0.337261,0.068019,-1824.019531
0.337914,0.06816,-1824.801025
0.337575,0.067978,-1824.130615
0.337575,0.067978,-1823.890869
0.337575,0.067978,-1823.841553
0.336946,0.067784,-1824.556885
0.337831,0.0671,-1825.005737
0.336751,0.064993,-1824.613525
0.334077,0.066464,-1825.15332
0.333688,0.066864,-1825.5896
0.333688,0.066864,-1824.59729
0.333688,0.066864,-1824.913086
0.334863,0.067051,-1824.030273
0.333569,0.067587,-1824.715332
0.333516,0.067847,-1824.889648
0.333572,0.06755,-1824.676392
0.334293,0.067577,-1824.944092
0.333198,0.06644,-1824.932129
0.333442,0.066112,-1825.195068
0.333442,0.066112,-1824.811768
0.331867,0.064471,-1825.408691
0.330505,0.06095,-1825.633179
0.330505,0.06095,-1825.907715
0.326823,0.058911,-1826.457886
0.326823,0.058911,-1826.281006
0.328133,0.059143,-1826.615112
0.328133,0.059143,-1827.185669
0.328133,0.059143,-1826.101685
0.327294,0.056901,-1827.041504
0.32755,0.058994,-1827.119385
0.327146,0.05691,-1826.345947
0.32829,0.055832,-1827.171265
0.328076,0.055256,-1828.51355
0.328076,0.055256,-1826.593262
0.32996,0.054739,-1827.047485
0.32996,0.054739,-1827.451172
0.330931,0.053441,-1827.923584
0.330931,0.053441,-1826.769165
0.331392,0.05403,-1828.005981
0.330556,0.054334,-1827.22229
0.331194,0.054017,-1827.149048
0.331194,0.054017,-1827.990234
0.331194,0.054017,-1826.41394
0.331194,0.054017,-1826.875122
0.330601,0.054956,-1826.92334
0.331049,0.056774,-1826.228882
0.330553,0.057713,-1826.243286
0.331468,0.057506,-1826.515869
0.330893,0.058472,-1826.733765
0.330893,0.058472,-1826.061401
0.330893,0.058472,-1826.695068
0.330893,0.058472,-1825.769531
0.331123,0.055959,-1827.075684
0.33269,0.056488,-1826.484985
0.334781,0.057218,-1826.711914
0.338226,0.057289,-1825.460449
0.3364,0.058049,-1826.067505
0.3364,0.058049,-1825.456787
0.334069,0.057993,-1826.613403
0.333954,0.060029,-1825.108398
0.33354,0.059222,-1825.673096
0.332545,0.059737,-1826.176147
0.33362,0.059116,-1825.852417
0.333565,0.058724,-1826.035645
0.332888,0.054894,-1826.733398
0.332187,0.054663,-1827.379272
0.331804,0.054809,-1826.645752
0.331259,0.053705,-1828.425049
0.329099,0.054659,-1826.629639
0.32877,0.054456,-1826.555054
0.327758,0.053961,-1828.494629
0.328313,0.052819,-1828.457764
0.329262,0.052024,-1827.811523
0.329262,0.052024,-1827.185059
0.326248,0.051459,-1828.838867
0.326812,0.052807,-1828.343384
0.324854,0.053471,-1828.407471
0.324922,0.053543,-1829.515381
0.323582,0.052838,-1828.644409
0.321305,0.051665,-1829.127563
0.325566,0.053401,-1828.766846
0.325566,0.053401,-1827.848022
0.326611,0.054091,-1828.467529
0.327407,0.05582,-1827.887085
0.328338,0.054209,-1827.172974
0.32738,0.053407,-1828.566895
0.32756,0.053077,-1827.646606
0.326888,0.05423,-1827.987183
0.328408,0.054324,-1828.769775
0.328408,0.054324,-1827.691772
0.328408,0.054324,-1826.940674
0.328341,0.055951,-1827.435425
0.328455,0.055819,-1826.752563
0.330348,0.05483,-1827.529297
0.327363,0.053028,-1827.352173
0.330022,0.053158,-1827.394531
0.329566,0.052662,-1827.429443
0.329168,0.052228,-1828.912354
0.32773,0.050653,-1828.776123
0.32773,0.050653,-1829.010864
0.328384,0.049791,-1829.692993
0.328149,0.049592,-1828.753784
0.3294,0.051421,-1828.249023
0.329381,0.050817,-1829.281738
0.327839,0.05313,-1827.730835
0.326831,0.052635,-1827.893433
0.327516,0.051369,-1828.383301
0.327516,0.051369,-1828.703613
0.32782,0.051887,-1828.501587
0.327835,0.050708,-1828.101929
0.328089,0.049319,-1829.578613
0.327856,0.048745,-1829.4823
0.327856,0.048745,-1829.826172
0.327856,0.048745,-1830.594971
0.327856,0.048745,-1830.004883
0.327856,0.048745,-1829.9104
0.328562,0.047547,-1829.218506
0.329214,0.047306,-1829.954102
0.328516,0.048864,-1829.084351
0.328516,0.048864,-1829.579102
0.327244,0.047139,-1831.270508
0.327328,0.047868,-1830.908325
0.324368,0.047497,-1831.368652
0.324368,0.047497,-1830.352783
0.322402,0.048935,-1831.131714
0.327451,0.049014,-1829.804932
0.327793,0.047853,-1829.961182
0.327793,0.047853,-1829.251465
0.327292,0.047698,-1830.063843
0.327991,0.048097,-1829.568115
0.329673,0.048536,-1829.838623
0.332921,0.04912,-1829.201538
0.333414,0.051969,-1828.20813
0.332609,0.050961,-1827.789917
0.331717,0.050456,-1827.58313
0.330896,0.050359,-1829.977539
0.329405,0.051704,-1827.967651
0.331181,0.052207,-1827.702393
0.33036,0.052599,-1828.227539
0.330742,0.053712,-1827.787598
0.330742,0.053712,-1827.755127
0.330913,0.052672,-1828.634033
0.330371,0.054216,-1828.069214
0.329079,0.054114,-1826.570801
0.329151,0.053932,-1827.026001
0.330928,0.054716,-1826.966919
0.330928,0.054716,-1826.014771
0.334513,0.053357,-1826.900391
0.334513,0.053357,-1826.409424
0.335513,0.054387,-1826.771729
0.334636,0.055044,-1826.312988
0.334636,0.055044,-1826.041016
0.333736,0.056164,-1826.956543
0.332209,0.056275,-1826.210205
0.333396,0.056105,-1826.673096
0.331889,0.058282,-1826.479004
0.331889,0.058282,-1825.423218
0.336118,0.058512,-1825.740967
0.337604,0.059667,-1825.268311
0.339541,0.058152,-1825.420898
0.339002,0.058586,-1826.344238
0.338167,0.059008,-1825.297363
0.340245,0.058592,-1825.646484
0.340046,0.060687,-1825.035522
0.339894,0.059755,-1825.605469
0.340134,0.060242,-1825.980225
0.341722,0.06123,-1824.686523
0.341722,0.06123,-1824.72168
0.340955,0.062013,-1824.532715
0.340888,0.0608,-1824.873047
0.340611,0.059853,-1825.193481
0.342286,0.060904,-1824.360596
0.341068,0.060896,-1826.002075
0.341068,0.060896,-1824.352173
0.342391,0.060564,-1825.272583
0.340737,0.059893,-1825.612793
0.339888,0.057786,-1825.69751
0.342784,0.057362,-1825.186401
0.344683,0.056783,-1826.33606
0.345684,0.058741,-1825.002197
0.345169,0.058182,-1825.495605
0.345161,0.060056,-1825.654175
0.345161,0.060056,-1824.717773
0.345663,0.06143,-1824.29248
0.348455,0.061898,-1824.434814
0.348455,0.061898,-1824.366333
0.348455,0.061898,-1824.706787
0.346953,0.061906,-1825.248779
0.346019,0.061809,-1824.625977
0.34547,0.061125,-1824.353149
0.34547,0.061125,-1824.965088
0.34616,0.060577,-1824.447266
0.345494,0.059631,-1825.36792
0.345494,0.059631,-1824.397217
0.344687,0.05861,-1825.333374
0.344687,0.05861,-1825.041382
0.344687,0.05861,-1825.461792
0.346089,0.057902,-1824.810425
0.348643,0.056312,-1826.083862
0.349881,0.055259,-1825.953125
0.348537,0.05511,-1826.060425
0.351032,0.05592,-1826.53894
0.351516,0.057172,-1826.317139
0.355418,0.059227,-1825.674438
0.358195,0.060262,-1826.187744
0.358192,0.059095,-1825.682617
0.359314,0.056822,-1826.827637
0.360826,0.058935,-1827.441162
0.360826,0.058935,-1826.671387
0.359761,0.059005,-1826.322388
0.359932,0.059821,-1825.807373
0.360104,0.05973,-1825.612793
0.359142,0.058382,-1826.130615
0.357983,0.058127,-1826.630859
0.357983,0.058127,-1826.194702
0.359768,0.056871,-1826.306274
0.358488,0.056009,-1826.685303
0.358488,0.056009,-1826.661377
0.361209,0.056785,-1827.432373
0.362586,0.057426,-1826.658203
0.363556,0.057638,-1826.758789
0.361149,0.05603,-1826.84375
0.362128,0.057761,-1826.544922
0.361191,0.059924,-1825.312134
0.363235,0.062713,-1825.72168
0.364121,0.062078,-1826.550781
0.364121,0.062078,-1826.240234
0.364584,0.06324,-1825.998047
0.365407,0.063197,-1826.481201
0.367116,0.063485,-1825.542725
0.366527,0.063539,-1827.426758
0.365836,0.061729,-1826.829102
0.365836,0.061729,-1826.674438
0.363167,0.060142,-1825.655396
0.364788,0.061002,-1826.752808
0.36543,0.063139,-1826.048096
0.362866,0.061708,-1825.780518
0.360377,0.059871,-1826.457031
0.358715,0.058679,-1825.872559
0.357113,0.059457,-1825.391846
0.357113,0.059457,-1825.681396
0.356078,0.061827,-1825.279785
0.356078,0.061827,-1824.870239
0.356078,0.061827,-1825.580933
0.355851,0.062413,-1825.25061
0.355851,0.062413,-1824.773071
0.357328,0.062095,-1824.977417
0.356116,0.061941,-1826.271606
0.358058,0.062118,-1825.644775
0.353707,0.062783,-1824.496582
0.355304,0.062064,-1824.976929
0.353759,0.062369,-1824.973755
0.353759,0.062369,-1824.973022
0.350162,0.062861,-1825.251587
0.350518,0.066306,-1824.716431
0.350518,0.066306,-1824.238281
0.35061,0.065989,-1824.371826
0.350154,0.064657,-1824.813965
0.350657,0.064814,-1825.121338
0.351809,0.065988,-1824.590576
0.35232,0.067461,-1823.582764
0.351675,0.067784,-1823.777466
0.351675,0.067784,-1824.397705
0.354526,0.066475,-1825.444336
0.352565,0.067936,-1825.019287
0.351919,0.067547,-1824.182373
0.351757,0.066969,-1824.526123
0.351757,0.066969,-1824.483887
0.351561,0.06813,-1825.093018
0.351651,0.069137,-1824.277954
0.349945,0.068665,-1825.060547
0.349945,0.068665,-1824.32605
0.350616,0.068581,-1824.905762
0.351716,0.06981,-1824.226807
0.352912,0.071167,-1824.018066
0.352383,0.072509,-1823.55481
0.352383,0.072509,-1824.301514
0.351527,0.069356,-1824.059814
0.352462,0.068323,-1823.764282
0.35346,0.068582,-1824.501709
0.353263,0.067262,-1825.239746
0.352745,0.065647,-1824.511719
0.35097,0.067128,-1824.165405
0.35097,0.067128,-1824.300171
0.351264,0.067509,-1824.348633
0.353154,0.067195,-1824.428223
0.3523,0.06897,-1824.758789
0.3523,0.06897,-1823.896118
0.3523,0.06897,-1824.356812
0.3523,0.06897,-1824.125488
0.350761,0.070947,-1824.266113
0.352813,0.073434,-1824.254517
0.352907,0.072113,-1824.393433
0.354007,0.072726,-1825.302734
0.355069,0.073925,-1824.74646
0.356646,0.072955,-1825.026123
0.355501,0.072821,-1824.763672
0.353566,0.074961,-1824.545166
0.35358,0.075021,-1824.970215
0.353812,0.074471,-1824.989258
0.353812,0.074471,-1824.665649
0.356328,0.075238,-1824.334839
0.359126,0.076383,-1824.927002
0.359126,0.076383,-1825.333374
0.356763,0.077625,-1825.628662
0.358682,0.079223,-1825.490845
0.358682,0.079223,-1825.244995
0.357429,0.077137,-1824.925293
0.358589,0.07671,-1825.85437
0.358589,0.07671,-1825.641357
0.357949,0.076542,-1825.000488
0.358463,0.077788,-1825.803467
0.36238,0.075019,-1825.481445
0.360833,0.073479,-1825.178711
0.360021,0.073602,-1824.562012
0.360021,0.073602,-1825.067627
0.36094,0.074561,-1825.065674
0.361912,0.075222,-1826.276245
0.360234,0.074861,-1826.466187
0.362259,0.074736,-1825.862549
0.362259,0.074736,-1825.155518
0.362182,0.073938,-1825.509033
0.362958,0.074078,-1825.989746
0.362207,0.074698,-1825.586426
0.362207,0.074698,-1825.518188
0.362981,0.074471,-1825.853271
0.36385,0.073329,-1825.373657
0.363385,0.073758,-1825.361938
0.3658,0.07342,-1826.365234
0.3658,0.07342,-1825.361084
0.3658,0.07342,-1826.175293
0.3658,0.07342,-1825.869873
0.366333,0.072621,-1826.390137
0.366333,0.072621,-1826.816895
0.365076,0.070272,-1825.905151
0.365483,0.071408,-1825.205078
0.365483,0.071408,-1825.306519
0.366661,0.070295,-1826.135376
0.36497,0.071141,-1825.997314
0.367313,0.071685,-1826.075684
0.36816,0.07178,-1826.471191
0.367116,0.072265,-1826.330444
0.366702,0.070379,-1826.761841
0.36695,0.071542,-1826.665771
0.367656,0.071171,-1826.914917
0.372073,0.070694,-1826.736816
0.370929,0.07157,-1826.705688
0.370929,0.07157,-1826.658936
0.370133,0.070951,-1826.631592
0.369017,0.072737,-1826.710938
0.368436,0.074668,-1826.825928
0.368436,0.074668,-1825.670166
0.36588,0.074135,-1826.077271
0.36588,0.074135,-1826.00708
0.36588,0.074135,-1825.571045
0.367851,0.074234,-1826.101074
0.36888,0.074979,-1827.5
0.369037,0.075703,-1827.381226
0.368221,0.07622,-1827.158081
0.367581,0.073976,-1826.275879
0.366392,0.072381,-1826.652344
0.366973,0.071701,-1826.871826
0.367098,0.070954,-1827.097412
0.368644,0.070768,-1825.739136
0.37034,0.070972,-1826.373047
0.369539,0.071599,-1827.283569
0.371595,0.072281,-1827.400879
0.371595,0.072281,-1826.205322
0.37395,0.072674,-1827.304932
0.373062,0.071512,-1827.447998
0.373319,0.073006,-1827.304199
0.373319,0.073006,-1827.199463
0.372291,0.073358,-1827.519653
0.371113,0.076813,-1826.366211
0.372338,0.078709,-1828.237061
0.370401,0.07737,-1827.37439
0.371035,0.076409,-1827.352539
0.372112,0.07645,-1827.54834
0.370721,0.077112,-1826.865234
0.370115,0.076673,-1826.571411
0.371213,0.078371,-1826.745728
0.371213,0.078371,-1827.484253
0.371213,0.078371,-1827.697632
0.371724,0.076503,-1827.243286
0.370343,0.077535,-1827.588501
0.367915,0.07511,-1826.752686
0.366214,0.073153,-1825.837769
0.367861,0.074165,-1826.33728
0.366845,0.074848,-1827.482666
0.364789,0.073841,-1826.588501
0.364789,0.073841,-1825.827393
0.367008,0.074481,-1826.441895
0.366324,0.073379,-1826.490234
0.363629,0.076526,-1826.18811
0.362409,0.076097,-1825.523926
0.362759,0.074795,-1825.629395
0.362944,0.074648,-1825.958008
0.363589,0.073355,-1826.448608
0.361531,0.072581,-1825.745483
0.362372,0.072534,-1825.507812
0.36281,0.071787,-1825.865723
0.36036,0.072246,-1825.719971
0.36406,0.072882,-1825.386719
0.365011,0.074228,-1825.683594
0.366246,0.073888,-1826.600586
0.366437,0.075111,-1826.720459
0.36651,0.07309,-1826.255981
0.364453,0.073752,-1826.156738
0.361383,0.074194,-1826.338013
0.361904,0.073453,-1825.419556
0.363465,0.07405,-1825.877075
0.363993,0.074535,-1826.001831
0.364657,0.075809,-1825.750854
0.364657,0.075809,-1825.699585
0.365911,0.076002,-1826.190674
0.365988,0.078033,-1826.392212
0.365133,0.07975,-1825.939575
0.365846,0.079848,-1826.614868
0.367212,0.081686,-1827.539307
0.369343,0.081276,-1827.846436
0.37212,0.082147,-1827.564209
0.37212,0.082147,-1827.216309
0.371154,0.080947,-1827.512939
0.372625,0.081588,-1828.485229
0.370046,0.082931,-1827.839355
0.372428,0.083417,-1828.229248
0.371725,0.083877,-1827.909668
0.368429,0.082421,-1828.117676
0.36821,0.082497,-1827.769165
0.36821,0.082497,-1827.65332
0.368794,0.080553,-1826.389648
0.366988,0.080193,-1827.313232
0.368609,0.079513,-1826.630371
0.367847,0.078707,-1827.004883
0.365084,0.079672,-1826.90271
0.365084,0.079672,-1826.404053
0.364183,0.078492,-1826.576294
0.362265,0.080087,-1825.865356
0.3598,0.08009,-1826.191406
0.356913,0.079018,-1826.676147
0.354003,0.07944,-1824.910645
0.354825,0.079806,-1825.41626
0.356198,0.080387,-1826.270996
0.357449,0.079824,-1825.652466
0.357532,0.081117,-1825.733154
0.356025,0.082687,-1825.570923
0.357017,0.081635,-1826.110107
0.360394,0.08354,-1826.462891
0.360091,0.084376,-1826.5896
0.360091,0.084376,-1827.630859
0.359279,0.082298,-1826.222168
0.359279,0.082298,-1825.728516
0.359279,0.082298,-1825.752197
0.359013,0.081019,-1826.14563
0.360109,0.07996,-1826.463135
0.357457,0.080226,-1825.579102
0.358869,0.078626,-1825.849854
0.358909,0.078248,-1825.974121
0.358909,0.078248,-1825.432739
0.361232,0.075944,-1825.376953
0.362395,0.075556,-1826.088745
0.362214,0.077705,-1825.084229
0.362214,0.077705,-1825.5896
0.363175,0.079461,-1826.048706
0.361792,0.080497,-1826.744629
0.35908,0.082178,-1826.977539
0.358935,0.081839,-1826.292969
0.358935,0.081839,-1826.314209
0.359292,0.081455,-1826.753906
0.356554,0.083611,-1826.108643
0.355195,0.083766,-1826.332275
0.354647,0.084688,-1826.630127
0.351994,0.085174,-1825.969238
0.351884,0.08523,-1826.123901
0.351199,0.08565,-1826.206299
0.350713,0.085647,-1826.090332
0.354123,0.086642,-1825.834229
0.352688,0.087121,-1825.952637
0.35042,0.087711,-1827.248169
0.35042,0.087711,-1826.853271
0.35042,0.087711,-1825.933716
0.349145,0.086928,-1826.230591
0.349145,0.086928,-1826.026123
0.34861,0.086447,-1825.886719
0.347309,0.085351,-1825.962769
0.346549,0.088547,-1826.783325
0.34699,0.090484,-1826.695801
0.34699,0.090484,-1826.853027
0.345542,0.089736,-1827.321045
0.345542,0.089736,-1827.027954
0.345153,0.089608,-1826.84729
0.345153,0.089608,-1826.858765
0.341572,0.090045,-1826.615479
0.341572,0.090045,-1826.56311
0.341572,0.090045,-1826.543335
0.341572,0.090045,-1826.845215
0.341572,0.090045,-1827.337646
0.342157,0.090992,-1826.990479
0.342157,0.090992,-1826.768799
0.342375,0.092864,-1828.135498
0.341402,0.091464,-1826.69043
0.341412,0.091245,-1827.214722
0.339854,0.090845,-1826.819336
0.338985,0.091853,-1827.110107
0.336428,0.090776,-1826.932983
0.337959,0.091642,-1827.85791
0.337959,0.091642,-1828.350708
0.337934,0.093826,-1828.341675
0.3391,0.095583,-1828.872559
0.336975,0.095335,-1827.930176
0.337241,0.095468,-1829.20459
0.337894,0.094609,-1828.042603
0.338332,0.095679,-1828.958984
0.341393,0.094772,-1828.205811
0.341393,0.094772,-1828.318604
0.345357,0.094687,-1827.811768
0.345978,0.095119,-1828.389648
0.341516,0.093071,-1827.782471
0.3428,0.091669,-1827.645752
0.3428,0.091669,-1827.798096
0.340895,0.090484,-1827.74707
0.338945,0.091481,-1828.014771
0.338945,0.091481,-1826.703735
0.338945,0.091481,-1827.299561
0.338254,0.090138,-1827.669312
0.339106,0.089206,-1827.438721
0.339106,0.089206,-1826.482178
0.339106,0.089206,-1826.532227
0.33982,0.087163,-1826.271606
0.340716,0.086357,-1826.657227
0.342705,0.085819,-1826.793701
0.343126,0.086361,-1826.095947
0.343044,0.086015,-1826.21875
0.34426,0.089036,-1826.980591
0.345254,0.090842,-1826.653564
0.345006,0.093136,-1828.165527
0.343532,0.093567,-1827.576294
0.344241,0.091684,-1827.493652
0.342009,0.093414,-1828.15271
0.344905,0.093005,-1828.029663
0.3466,0.091771,-1828.160645
0.347116,0.089789,-1827.175903
0.349911,0.089999,-1827.596558
0.3488,0.089019,-1826.901733
0.349339,0.090973,-1827.461426
0.350425,0.090151,-1826.991699
0.347733,0.088473,-1827.501953
0.345985,0.088897,-1827.116455
0.344413,0.089684,-1827.115967
0.34601,0.088271,-1827.243652
0.343801,0.087626,-1826.738281
0.343801,0.087626,-1825.166382
0.342189,0.08667,-1826.082642
0.342189,0.08667,-1824.828735
0.345378,0.083878,-1825.207764
0.347204,0.083192,-1825.220215
0.348424,0.082315,-1825.649902
0.348424,0.082315,-1824.987183
0.349994,0.081084,-1825.74585
0.349738,0.081127,-1825.001587
0.348427,0.083197,-1825.359985
0.348427,0.083197,-1825.275146
0.348427,0.083197,-1826.104248
0.346965,0.083918,-1824.885986
0.346965,0.083918,-1825.05249
0.348012,0.083231,-1825.534912
0.346314,0.081152,-1826.082031
0.345317,0.081381,-1824.600952
0.345914,0.083477,-1826.093384
0.346899,0.082137,-1825.463867
0.34955,0.080661,-1825.545288
0.350909,0.081002,-1825.364258
0.350909,0.081002,-1825.326538
0.350076,0.080784,-1825.657959
0.350076,0.080784,-1825.295898
0.351732,0.082758,-1825.421509
0.35052,0.082414,-1825.347168
0.35052,0.082414,-1825.291016
0.35052,0.082414,-1824.761475
0.35052,0.082414,-1825.760376
0.350639,0.081559,-1825.28064
0.346168,0.082816,-1825.145142
0.348351,0.082118,-1825.324341
0.350471,0.08024,-1825.737061
0.352042,0.080381,-1825.763306
0.352042,0.080381,-1825.605713
0.352331,0.081525,-1826.366089
0.351555,0.082224,-1825.15979
0.350345,0.081693,-1825.724243
0.349564,0.078112,-1824.769409
0.348803,0.076214,-1824.280273
0.348803,0.076214,-1824.631592
0.348002,0.073234,-1824.522949
0.347618,0.073509,-1825.004639
0.34719,0.073852,-1823.59668
0.34885,0.073566,-1824.062012
0.350904,0.074767,-1824.665894
0.347878,0.074224,-1824.348267
0.350848,0.076583,-1824.669434
0.34977,0.077926,-1824.630371
0.352958,0.077925,-1825.21106
0.352958,0.077925,-1824.952271
0.355348,0.07544,-1824.655518
0.357729,0.075635,-1825.130127
0.357469,0.075592,-1825.595459
0.358101,0.076396,-1825.392334
0.358402,0.075505,-1826.066895
0.357557,0.075468,-1825.14624
0.356999,0.078297,-1826.119629
0.359019,0.078759,-1825.715088
0.357391,0.080188,-1825.560303
0.358162,0.081169,-1826.205566
0.353631,0.080581,-1825.327515
0.353631,0.080581,-1825.490723
0.350722,0.079117,-1825.040771
0.351446,0.077657,-1824.53064
0.350174,0.077911,-1824.750732
0.350174,0.077911,-1824.620728
0.349353,0.076988,-1824.572632
0.350952,0.075654,-1824.920898
0.350436,0.074198,-1824.91748
0.350436,0.074198,-1823.436646
0.351157,0.074833,-1824.746338
0.352561,0.075649,-1824.786255
0.353217,0.075617,-1824.638306
0.353217,0.075617,-1824.892334
0.353217,0.075617,-1824.938843
0.351682,0.075493,-1825.26001
0.351682,0.075493,-1824.800781
0.351682,0.075493,-1823.819214
0.350619,0.074334,-1824.603638
0.351841,0.073414,-1824.237549
0.352763,0.072991,-1824.924683
0.352771,0.070398,-1824.074219
0.352771,0.070398,-1824.286987
0.351947,0.070189,-1824.143799
0.352605,0.069027,-1824.675781
0.352605,0.069027,-1824.210449
0.353604,0.069509,-1824.84668
0.353604,0.069509,-1824.886963
0.353604,0.069509,-1823.953613
0.352356,0.068397,-1824.726196
0.352356,0.068397,-1824.553223
0.354271,0.068497,-1824.407349
0.353913,0.069255,-1824.842773
0.354974,0.070867,-1824.641602
0.355489,0.070534,-1824.171265
0.3571,0.071569,-1824.397217
0.356627,0.071404,-1824.401978
0.356728,0.073063,-1824.974243
0.35733,0.075191,-1825.258057
0.356093,0.074297,-1824.966553
0.356093,0.074297,-1824.978271
0.356805,0.073743,-1825.093018
0.356354,0.073846,-1825.105225
0.356354,0.073846,-1825.601074
0.358758,0.074196,-1825.443115
0.358615,0.073337,-1825.216797
0.356753,0.071964,-1824.913208
0.356616,0.07043,-1825.676758
0.356616,0.07043,-1824.643799
0.358946,0.071334,-1825.140991
0.359473,0.070773,-1825.104126
0.355796,0.070902,-1824.921509
0.354117,0.072172,-1824.581299
0.351873,0.073442,-1825.050903
0.351721,0.075008,-1824.574585
0.351721,0.075008,-1824.929932
0.354358,0.07482,-1825.507202
0.354691,0.073851,-1824.735107
0.355004,0.073552,-1824.516724
0.356289,0.073141,-1824.532227
0.35785,0.072809,-1825.078857
0.35785,0.072809,-1824.127319
0.35785,0.072809,-1825.084717
0.35785,0.072809,-1824.48877
0.358953,0.074199,-1825.611572
0.360392,0.075064,-1825.458374
0.362283,0.074106,-1825.603027
0.360228,0.076357,-1825.101929
0.360192,0.07522,-1825.206055
0.360034,0.072829,-1825.292725
0.358376,0.073229,-1826.085571
0.360528,0.072632,-1824.32373
0.361487,0.073262,-1825.484009
0.360193,0.073225,-1825.466797
0.35882,0.072709,-1825.75354
0.35882,0.072709,-1825.486328
0.357791,0.070832,-1824.215698
0.358941,0.071696,-1825.552856
0.359895,0.071811,-1825.12793
0.358581,0.071275,-1825.391113
0.357118,0.071433,-1824.637695
0.359625,0.0717,-1825.466797
0.358124,0.069729,-1824.97937
0.355766,0.06936,-1825.197632
0.357978,0.068159,-1824.74353
0.356064,0.067765,-1824.489746
0.356064,0.067765,-1824.952881
0.356064,0.067765,-1824.77832
0.356148,0.067709,-1825.334595
0.355571,0.068048,-1824.439331
0.354247,0.067703,-1824.726685
0.353302,0.066511,-1824.449951
0.355161,0.065617,-1825.007202
0.352639,0.0678,-1824.957642
0.352775,0.066341,-1824.709106
0.352775,0.066341,-1824.635376
0.352316,0.066649,-1824.25061
0.352316,0.066649,-1824.020264
0.352859,0.065414,-1824.455078
0.35226,0.065359,-1824.697998
0.352736,0.066046,-1824.855713
0.353669,0.063713,-1824.554932
0.352428,0.06272,-1825.504395
0.351277,0.064864,-1824.855347
0.351122,0.063953,-1825.108643
0.350849,0.062379,-1825.254517
0.352459,0.064475,-1824.494995
0.352108,0.063863,-1825.421631
0.352387,0.062155,-1824.054443
0.352319,0.063167,-1825.079468
0.352075,0.063964,-1824.622192
0.350211,0.063867,-1824.656738
0.351866,0.064416,-1825.268677
0.353129,0.065061,-1824.327026
0.353129,0.065061,-1824.333008
0.353299,0.063444,-1824.55835
0.352611,0.064303,-1824.684326
0.354062,0.0626,-1825.404297
0.352762,0.061773,-1824.796387
0.353099,0.060793,-1824.594116
0.354614,0.061024,-1824.377319
0.35444,0.061809,-1824.900879
0.354231,0.062622,-1825.647583
0.352854,0.063762,-1824.341919
0.354915,0.066055,-1824.793213
0.357041,0.066322,-1825.373047
0.354639,0.067341,-1825.108276
0.350645,0.06841,-1823.946045
0.352045,0.067739,-1824.651123
0.352842,0.067752,-1824.335571
0.353017,0.068134,-1824.918823
0.352783,0.066769,-1824.865234
0.350664,0.066661,-1824.302002
0.351169,0.066587,-1824.710815
0.35166,0.067264,-1825.257812
0.351028,0.06734,-1824.068359
0.348643,0.067317,-1824.434448
0.350913,0.064659,-1823.873657
0.351526,0.063359,-1825.009033
0.353111,0.065588,-1824.563477
0.355725,0.066366,-1824.85083
0.355725,0.066366,-1825.234375
0.355503,0.066557,-1824.241333
0.356305,0.066411,-1824.840698
0.353458,0.067151,-1824.210205
0.353272,0.068048,-1824.835693
0.354632,0.06756,-1824.164307
0.354632,0.06756,-1823.914307
0.350664,0.065643,-1825.186646
0.352552,0.067042,-1824.073608
0.353228,0.065837,-1823.781006
0.353104,0.067862,-1824.295044
0.35304,0.066654,-1824.443481
0.352814,0.065958,-1824.796143
0.352209,0.067154,-1825.105591
0.352179,0.065321,-1825.558838
0.351339,0.062926,-1825.109375
0.351298,0.062593,-1824.931519
0.350919,0.06218,-1824.341675
0.350919,0.06218,-1824.675049
0.349868,0.062179,-1824.694092
0.348525,0.062233,-1824.932983
0.348422,0.060231,-1825.295288
0.347432,0.059195,-1824.835449
0.344174,0.056823,-1825.845947
0.345297,0.055654,-1825.557739
0.344842,0.057228,-1826.22998
0.340807,0.057078,-1825.931519
0.341155,0.055778,-1825.473022
0.34025,0.055871,-1826.259155
0.338796,0.055709,-1825.531128
0.33773,0.054179,-1826.02124
0.339398,0.053713,-1826.741211
0.337918,0.054168,-1826.496338
0.337787,0.053177,-1827.070068
0.337334,0.05371,-1825.828613
0.338329,0.055299,-1826.234985
0.338033,0.055945,-1826.651245
0.336132,0.056451,-1826.111938
0.334622,0.057657,-1825.880127
0.337035,0.058318,-1825.979492
0.334904,0.05781,-1826.415894
0.335809,0.059809,-1826.296631
0.335809,0.059809,-1825.201904
0.334756,0.059132,-1825.433472
0.333528,0.060476,-1824.484131
0.334312,0.061758,-1824.927979
0.334312,0.061758,-1824.804932
0.335662,0.063253,-1825.289673
0.336524,0.062073,-1824.604004
0.336366,0.061659,-1824.682373
0.336758,0.061219,-1825.194946
0.339972,0.060642,-1825.133057
0.339972,0.060642,-1824.531128
0.339972,0.060642,-1824.640381
0.341611,0.061902,-1824.625488
0.34221,0.060196,-1825.094849
0.339522,0.059794,-1825.32959
0.341463,0.061815,-1824.080566
0.340463,0.061486,-1825.426025
0.339781,0.0652,-1824.199585
0.339436,0.065866,-1825.029663
0.337776,0.064257,-1824.603027
0.337776,0.064257,-1824.152832
0.337781,0.065659,-1824.492432
0.337574,0.066304,-1824.238037
0.335187,0.066012,-1825.077881
0.335938,0.066206,-1824.703491
0.335938,0.066206,-1824.48938
0.336555,0.065438,-1824.702637
0.336356,0.06612,-1823.58252
0.336356,0.06612,-1823.723389
0.334707,0.067369,-1824.614624
0.334707,0.067369,-1823.585327
0.334707,0.067369,-1823.725342
0.332058,0.067675,-1825.680542
0.332058,0.067675,-1824.453003
0.333429,0.068578,-1823.840942
0.334516,0.06928,-1824.275879
0.332562,0.069716,-1824.426758
0.334926,0.068729,-1824.432861
0.335322,0.068909,-1824.84082
0.335322,0.068909,-1823.859863
0.334871,0.069632,-1824.783203
0.333395,0.068383,-1824.74292
0.335861,0.067666,-1824.358276
0.333542,0.069245,-1824.819336
0.333498,0.068129,-1824.683105
0.33492,0.068057,-1824.21875
0.335304,0.06838,-1825.116821
0.335948,0.069259,-1824.736816
0.335948,0.069259,-1824.174561
0.335948,0.069259,-1824.064209
0.335948,0.069259,-1824.62207
0.335948,0.069259,-1824.492432
0.333102,0.067119,-1823.650879
0.33434,0.066199,-1824.363037
0.33434,0.066199,-1824.366211
0.334467,0.06571,-1825.186768
0.334467,0.06571,-1824.094482
0.335388,0.064989,-1824.535645
0.335388,0.064989,-1825.183838
0.334681,0.064174,-1824.103638
0.335555,0.066632,-1825.090698
0.335962,0.067934,-1824.43042
0.335138,0.066922,-1824.290527
0.334654,0.065485,-1824.942505
0.335586,0.064464,-1824.817261
0.336969,0.065745,-1824.833496
0.336707,0.066847,-1824.508667
0.336565,0.067673,-1824.559692
0.336565,0.067673,-1824.009155
0.336565,0.067673,-1824.836304
0.33294,0.067074,-1824.176147
0.331577,0.068126,-1825.156738
0.332844,0.069205,-1825.053955
0.331879,0.068771,-1824.773315
0.33006,0.069395,-1825.428955
0.3312,0.068154,-1825.968506
0.330392,0.066933,-1824.577637
0.329422,0.06629,-1824.481445
0.327329,0.066413,-1825.693115
0.32675,0.067604,-1825.775879
0.32675,0.067604,-1825.256836
0.32675,0.067604,-1825.705933
0.330078,0.0689,-1825.347656
0.331125,0.067898,-1824.811401
0.331686,0.06649,-1825.463745
0.333022,0.066774,-1825.521729
0.331759,0.06609,-1825.46521
0.331759,0.06609,-1824.564819
0.331247,0.065853,-1825.470459
0.331247,0.065853,-1824.769775
0.334764,0.065004,-1825.218628
0.334764,0.065004,-1824.353882
0.334916,0.065575,-1824.27356
0.334515,0.066426,-1825.264526
0.335004,0.068794,-1825.315674
0.337281,0.069921,-1824.564209
0.33659,0.069629,-1824.535889
0.340266,0.068666,-1823.712646
0.340801,0.068024,-1824.118408
0.338162,0.068857,-1824.870972
0.340287,0.067732,-1824.747681
0.341255,0.066647,-1823.697632
0.341255,0.066647,-1824.466064
0.341255,0.066647,-1823.311646
0.340754,0.067189,-1824.288696
0.341602,0.06783,-1824.586914
0.341835,0.067164,-1824.032104
0.341002,0.068252,-1824.733887
0.340254,0.069085,-1825.137451
0.339932,0.070551,-1823.856323
0.340183,0.07183,-1824.549927
0.339051,0.071499,-1824.00354
0.339051,0.071499,-1823.763306
0.340815,0.07169,-1823.950073
0.341773,0.07068,-1824.12146
0.341804,0.070647,-1823.789429
0.341458,0.070657,-1824.408081
0.342656,0.070602,-1823.515503
0.341217,0.07141,-1824.133301
0.340377,0.071451,-1824.44397
0.33868,0.071352,-1823.805786
0.340326,0.070474,-1823.656982
0.34025,0.070069,-1824.62915
0.34025,0.070069,-1824.16394
0.341032,0.071412,-1823.912354
0.34133,0.070978,-1824.526855
0.341893,0.070783,-1824.413086
0.344219,0.070507,-1823.823486
0.343362,0.069513,-1823.895874
0.343362,0.069513,-1824.064331
0.343362,0.069513,-1823.741455
0.345573,0.069817,-1824.597412
0.344433,0.067459,-1824.095215
0.343119,0.06655,-1824.86377
0.344441,0.068417,-1824.122681
0.341679,0.067568,-1824.165771
0.344409,0.068966,-1824.408569
0.342662,0.069679,-1823.598633
0.342282,0.069227,-1824.609131
0.345115,0.069478,-1824.433594
0.346038,0.069277,-1824.368774
0.346515,0.070479,-1824.406494
0.347402,0.069908,-1823.85022
0.345117,0.070065,-1824.497437
0.345117,0.070065,-1824.544189
0.345117,0.070065,-1824.133667
0.343589,0.071,-1824.088623
0.344281,0.070244,-1824.202148
0.346484,0.068494,-1823.933838
0.346484,0.068494,-1823.468506
0.347578,0.06969,-1823.925415
0.346583,0.067791,-1824.605713
0.345884,0.067654,-1823.454346
0.348638,0.068837,-1825.013428
0.350526,0.068614,-1824.470093
0.35104,0.06952,-1824.107788
0.350693,0.069135,-1824.589844
0.349917,0.069012,-1824.705688
0.349917,0.069012,-1824.344727
0.350098,0.067489,-1824.157715
0.34847,0.067856,-1824.969238
0.348151,0.068839,-1823.514404
0.348337,0.067552,-1823.901367
0.34702,0.067601,-1823.994141
0.34548,0.067746,-1824.626953
0.345788,0.065934,-1823.89856
0.346403,0.065001,-1824.574951
0.346229,0.065002,-1824.602173
0.346229,0.065002,-1824.61377
0.345192,0.066494,-1824.388672
0.347211,0.064931,-1824.666504
0.350064,0.065625,-1824.452148
0.351712,0.065313,-1824.246582
0.354199,0.065137,-1824.75708
0.351738,0.062858,-1824.903564
0.356166,0.062626,-1825.417847
0.356429,0.063094,-1824.842773
0.352612,0.063242,-1825.067383
0.350937,0.064243,-1824.848877
0.35039,0.063642,-1824.758911
0.351771,0.065902,-1824.937134
0.35327,0.066254,-1824.653687
0.35327,0.066254,-1824.749146
0.353638,0.067581,-1824.101562
0.351002,0.065842,-1824.790527
0.350635,0.067651,-1824.160889
0.352415,0.068515,-1824.605591
0.353568,0.068334,-1825.514771
0.353009,0.068001,-1824.36084
0.352414,0.064559,-1824.767822
0.352393,0.065495,-1824.771729
0.350951,0.066202,-1824.806641
0.350951,0.066202,-1823.750244
0.350951,0.066202,-1824.461792
0.347419,0.064485,-1824.542847
0.348445,0.065619,-1824.631104
0.348603,0.065713,-1824.687012
0.349779,0.06604,-1824.326172
0.348487,0.067312,-1824.410156
0.348511,0.068962,-1824.790283
0.350105,0.068717,-1824.06189
0.35033,0.068908,-1825.644165
0.35033,0.068908,-1824.44165
0.348849,0.068839,-1824.03833
0.35155,0.066978,-1824.774658
0.35155,0.066978,-1824.385498
0.35155,0.066978,-1823.263794
0.350325,0.065789,-1824.535522
0.350325,0.065789,-1824.707275
0.350325,0.065789,-1824.530029
0.350507,0.065104,-1824.141113
0.350507,0.065104,-1824.583008
0.351098,0.066075,-1824.398193
0.351098,0.066075,-1824.45459
0.352937,0.065486,-1825.748535
0.353269,0.065249,-1824.836548
0.353762,0.066308,-1824.931763
0.352568,0.066711,-1824.154419
0.354223,0.067368,-1824.370117
0.353651,0.066569,-1825.446777
0.35122,0.066756,-1823.756104
0.351314,0.06656,-1824.146606
0.347011,0.067842,-1824.285034
0.347402,0.070229,-1824.540771
0.347402,0.070229,-1824.686035
0.347402,0.070229,-1824.076904
0.346102,0.069027,-1824.02771
0.346102,0.069027,-1824.495605
0.346032,0.069005,-1823.938965
0.34603,0.069283,-1824.210205
0.345169,0.06816,-1823.935547
0.347322,0.069249,-1824.743652
0.347075,0.068026,-1824.713989
0.347896,0.068679,-1824.629028
0.346984,0.069034,-1824.173096
0.345907,0.066968,-1824.136108
0.344453,0.067206,-1824.319824
0.344175,0.064603,-1824.44043
0.346221,0.065289,-1824.873047
0.346221,0.065289,-1824.67627
0.346221,0.065289,-1823.74646
0.34791,0.064372,-1824.043457
0.347064,0.062339,-1824.321045
0.348529,0.06211,-1824.177246
0.348529,0.06211,-1823.974365
0.347538,0.061875,-1824.949951
0.346914,0.062879,-1824.686279
0.346496,0.063053,-1824.987305
0.348014,0.060927,-1825.674072
0.348014,0.060927,-1824.506836
0.348875,0.06208,-1825.131714
0.347916,0.064368,-1824.901123
0.347916,0.064368,-1824.035034
0.347575,0.065205,-1824.371948
0.347045,0.066921,-1824.772583
0.346888,0.06744,-1824.050293
0.348924,0.067558,-1823.712158
0.348924,0.067558,-1823.965088
0.348437,0.068708,-1824.5625
0.348786,0.071072,-1824.250854
0.349517,0.070385,-1824.077759
0.35072,0.07018,-1824.931885
0.351416,0.068237,-1824.270752
0.352018,0.069321,-1824.521606
0.352018,0.069321,-1823.861084
0.352018,0.069321,-1824.89917
0.351077,0.070124,-1824.824219
0.350493,0.069632,-1824.068359
0.351322,0.069222,-1824.083984
0.35083,0.068871,-1823.990723
0.35083,0.068871,-1824.557129
0.351242,0.068154,-1824.999023
0.350253,0.067049,-1824.098389
0.350507,0.066272,-1825.343872
0.345533,0.066473,-1824.135986
0.345533,0.066473,-1823.986694
0.344614,0.065883,-1824.043457
0.344614,0.065883,-1823.230225
0.344296,0.064979,-1824.991943
0.343601,0.064914,-1824.831787
0.343684,0.064798,-1824.677246
0.34239,0.065082,-1824.208252
0.342611,0.067126,-1824.075928
0.342611,0.067126,-1823.968506
0.342611,0.067126,-1824.486572
0.344346,0.068745,-1823.830444
0.344346,0.068745,-1823.547485
0.344071,0.06959,-1824.679932
0.347288,0.071096,-1824.342896
0.346772,0.071533,-1824.219482
0.346772,0.071533,-1823.831055
0.348681,0.07217,-1824.613525
0.348681,0.07217,-1824.419678
0.349947,0.072145,-1824.327637
0.347949,0.073076,-1824.244385
0.347949,0.073076,-1824.705322
0.347949,0.073076,-1823.993652
0.347949,0.073076,-1824.125977
0.346458,0.072447,-1824.365479
0.348013,0.074499,-1823.998657
0.348013,0.074499,-1824.607666
0.349535,0.073558,-1824.670166
0.349535,0.073558,-1823.673828
0.349583,0.07422,-1824.38855
0.350651,0.076034,-1824.893555
0.350434,0.076205,-1824.977539
0.350007,0.076062,-1823.386719
0.351534,0.076457,-1824.769531
0.352466,0.076372,-1824.641357
0.352466,0.076372,-1824.272217
0.352022,0.075798,-1824.795654
0.352668,0.076532,-1825.396484
0.353057,0.077011,-1826.470093
0.352226,0.076662,-1824.378418
0.352226,0.076662,-1824.877808
0.353957,0.077535,-1825.013062
0.3548,0.077754,-1825.4375
0.357252,0.07695,-1824.615112
0.355529,0.07641,-1824.670288
0.354831,0.076149,-1825.874512
0.354831,0.076149,-1824.424316
0.353621,0.075969,-1825.50354
0.351475,0.076687,-1825.246582
0.353898,0.075766,-1824.300903
0.354243,0.07592,-1825.041016
0.351441,0.077132,-1825.531982
0.349163,0.07682,-1824.20166
0.347534,0.076644,-1824.684326
0.344788,0.079079,-1825.019409
0.341714,0.077695,-1825.065186
0.34151,0.075256,-1824.549683
0.34151,0.075256,-1824.578369
0.339723,0.07636,-1824.970459
0.339723,0.07636,-1824.741699
0.33568,0.073896,-1824.188232
0.33568,0.073896,-1824.016479
0.335028,0.073603,-1824.505737
0.336287,0.073862,-1824.781006
0.333009,0.073395,-1824.547974
0.330411,0.073093,-1825.099243
0.330719,0.071293,-1825.588867
0.330228,0.073555,-1824.988281
0.330223,0.073681,-1824.895386
0.330797,0.072814,-1826.08252
0.327812,0.071327,-1824.911255
0.326727,0.070224,-1825.52771
0.327746,0.072896,-1825.42395
0.329075,0.074127,-1825.755493
0.330672,0.07375,-1823.754395
0.332338,0.074339,-1825.727783
0.336157,0.074689,-1824.833984
0.338958,0.076195,-1824.496826
0.338838,0.074956,-1824.926514
0.338072,0.07567,-1824.481201
0.340194,0.075474,-1824.954468
0.341043,0.075311,-1824.134521
0.341419,0.076388,-1824.902222
0.342467,0.075758,-1824.766235
0.341623,0.076325,-1824.7229
0.341623,0.076325,-1824.854248
0.341623,0.076325,-1824.863159
0.340321,0.077649,-1825.041382
0.340753,0.077432,-1825.259399
0.340462,0.078195,-1825.092163
0.341311,0.077594,-1823.83728
0.341516,0.075718,-1824.823608
0.341516,0.075718,-1824.308105
0.342286,0.075229,-1824.966064
0.344413,0.074852,-1824.457642
0.344413,0.074852,-1824.317871
0.344413,0.074852,-1824.588501
0.34865,0.074833,-1824.716675
0.34865,0.074833,-1823.544434
0.349153,0.075603,-1824.105225
0.349153,0.075603,-1824.181641
0.349153,0.075603,-1825.00769
0.345057,0.074178,-1824.440186
0.345057,0.074178,-1824.134155
0.345885,0.074763,-1824.74353
0.347096,0.074507,-1824.845703
0.348162,0.074186,-1823.812988
0.349748,0.074739,-1824.635498
0.347906,0.073658,-1824.361328
0.34804,0.072532,-1824.313599
0.348935,0.073077,-1824.556641
0.349269,0.071716,-1824.344238
0.349199,0.071416,-1824.026123
0.350534,0.072466,-1825.278931
0.348818,0.072697,-1824.882324
0.348679,0.074797,-1825.015625
0.348679,0.074797,-1824.557129
0.348983,0.074126,-1825.260742
0.350104,0.075161,-1825.109497
0.348103,0.076766,-1824.421143
0.347421,0.076497,-1824.490845
0.347411,0.075657,-1824.356323
0.346291,0.07433,-1824.27124
0.346291,0.07433,-1824.839355
0.343672,0.074498,-1824.11792
0.347867,0.07345,-1824.009521
0.349366,0.073577,-1824.341309
0.349556,0.073738,-1823.961792
0.349109,0.07263,-1824.521851
0.349232,0.074588,-1824.979492
0.348155,0.074955,-1824.889282
0.348085,0.073532,-1824.048218
0.347054,0.073855,-1824.854492
0.346877,0.073521,-1824.873047
0.342223,0.073583,-1824.052368
0.340173,0.073275,-1824.014404
0.340173,0.073275,-1823.455688
0.341911,0.071048,-1823.928101
0.340795,0.070944,-1824.087402
0.340851,0.071394,-1824.369751
0.340902,0.071353,-1824.175781
0.341671,0.070326,-1823.585815
0.340436,0.068818,-1824.161621
0.342392,0.070989,-1823.973145
0.342339,0.0732,-1823.753174
0.342747,0.073465,-1824.032471
0.341626,0.071993,-1824.727783
0.341626,0.071993,-1824.251099
0.343072,0.072189,-1824.504395
0.34527,0.071631,-1824.713013
0.34527,0.071631,-1823.503052
0.347992,0.072372,-1823.341553
0.347992,0.072372,-1823.666748
0.347992,0.072372,-1823.557373
0.347601,0.073209,-1824.644775
0.347601,0.073209,-1824.158203
0.347461,0.07002,-1823.955811
0.347461,0.07002,-1824.152344
0.350216,0.069292,-1824.097168
0.349614,0.067044,-1824.500854
0.349614,0.067044,-1824.190674
0.346692,0.067591,-1824.1073
0.345375,0.067864,-1824.293701
0.34649,0.067428,-1824.286987
0.348593,0.068658,-1824.440552
0.348583,0.068892,-1824.648438
0.348583,0.068892,-1824.201782
0.34752,0.069277,-1824.629883
0.35064,0.069442,-1824.750244
0.350918,0.069388,-1824.331543
0.349072,0.068344,-1825.29248
0.349072,0.068344,-1824.540771
0.35005,0.068583,-1822.953979
0.349846,0.068499,-1824.69165
0.350861,0.068576,-1824.741699
0.350075,0.068879,-1824.60376
0.348034,0.068442,-1824.373779
0.347172,0.070356,-1824.676758
0.344595,0.067976,-1824.622925
0.345739,0.067148,-1824.13916
0.346874,0.068918,-1824.335327
0.346874,0.068918,-1823.885498
0.34537,0.067692,-1824.823853
0.343184,0.069125,-1824.594238
0.343184,0.069125,-1824.313843
0.343184,0.069125,-1824.161377
0.343184,0.069125,-1824.43396
0.342643,0.069248,-1824.372803
0.3424,0.068838,-1824.230225
0.343404,0.068154,-1824.12915
0.341113,0.070048,-1824.979736
0.341113,0.070048,-1823.96167
0.341113,0.070048,-1824.480591
0.342274,0.069887,-1823.92749
0.341573,0.067999,-1824.163574
0.340575,0.069244,-1824.510742
0.343139,0.070251,-1824.341553
0.345642,0.06959,-1823.716797
0.345525,0.070948,-1823.471802
0.347403,0.071366,-1823.490234
0.348172,0.070365,-1825.436035
0.348172,0.070365,-1823.515869
0.348118,0.06998,-1824.033569
0.350103,0.068542,-1823.685059
0.35221,0.068549,-1824.285278
0.353812,0.068072,-1824.942139
0.354502,0.067494,-1824.281494
0.356764,0.068163,-1824.817993
0.355952,0.069355,-1824.834229
0.355206,0.070277,-1824.42334
0.355206,0.070277,-1824.761719
0.356432,0.07011,-1824.570312
0.35577,0.068096,-1824.952637
0.354586,0.068876,-1825.6875
0.355599,0.068317,-1824.901001
0.355211,0.068183,-1825.093018
0.354988,0.068208,-1823.913574
0.355676,0.066807,-1824.998047
0.352887,0.068498,-1824.512939
0.351557,0.068146,-1824.341064
0.351917,0.068527,-1824.525024
0.349551,0.067332,-1824.748535
0.349175,0.067573,-1824.897461
0.348744,0.068542,-1823.66333
0.350529,0.067639,-1825.354614
0.350529,0.067639,-1823.822021
0.350529,0.067639,-1824.554443
0.350529,0.067639,-1824.578979
0.347559,0.065869,-1823.878174
0.350005,0.066448,-1824.345581
0.34983,0.066139,-1824.343506
0.348072,0.066552,-1824.077637
0.346821,0.067482,-1824.384521
0.346345,0.066914,-1824.105713
0.344022,0.066986,-1824.509521
0.344022,0.066986,-1824.601562
0.343388,0.067365,-1825.220215
0.343641,0.068593,-1823.530762
0.344335,0.068591,-1824.567383
0.344544,0.06917,-1824.42395
0.344825,0.069352,-1824.977783
0.344422,0.069932,-1824.201904
0.342451,0.069933,-1823.754761
0.339569,0.06871,-1824.208374
0.339569,0.06871,-1823.789062
0.339926,0.070819,-1824.410889
0.33766,0.071869,-1824.398193
0.338536,0.071955,-1823.997437
0.337916,0.072512,-1824.707153
0.338954,0.071412,-1825.721558
0.338632,0.073313,-1823.629639
0.338632,0.073313,-1824.237915
0.338632,0.073313,-1823.206543
0.339171,0.073125,-1824.703613
0.337621,0.073411,-1824.936279
0.337397,0.07293,-1824.693359
0.339326,0.073599,-1824.401123
0.338145,0.076267,-1824.618652
0.33613,0.078312,-1824.664673
0.335313,0.079253,-1825.242798
0.335313,0.079253,-1824.458862
0.336772,0.080243,-1824.43396
0.335643,0.08059,-1824.482666
0.335414,0.081686,-1825.395752
0.334396,0.0811,-1826.119141
0.336352,0.081069,-1824.811401
0.338232,0.082862,-1826.616089
0.338688,0.081169,-1824.884277
0.335771,0.081143,-1825.104858
0.335771,0.081143,-1824.830078
0.335771,0.081143,-1825.30127
0.335771,0.081143,-1825.270386
0.337699,0.081016,-1825.885986
0.33733,0.080683,-1824.904541
0.33733,0.080683,-1825.314819
0.334565,0.082808,-1825.212769
0.333928,0.083367,-1825.743652
0.333928,0.083367,-1825.97168
0.333928,0.083367,-1825.611938
0.336101,0.082015,-1825.081299
0.338172,0.080003,-1825.144165
0.338827,0.078134,-1824.710693
0.341182,0.0792,-1824.410767
0.339665,0.080751,-1825.091187
0.340726,0.080673,-1824.54248
0.341722,0.078929,-1825.609985
0.341722,0.078929,-1824.529297
0.341377,0.080958,-1824.596436
0.339191,0.080486,-1825.635498
0.341417,0.080928,-1825.259766
0.341926,0.080735,-1824.579834
0.342876,0.081503,-1825.637451
0.342118,0.081186,-1825.721436
0.339705,0.08109,-1824.891479
0.340077,0.079866,-1824.191284
0.341529,0.078853,-1824.222412
0.342424,0.080359,-1824.966431
0.339943,0.080733,-1824.878418
0.339943,0.080733,-1824.368408
0.341407,0.080158,-1824.814819
0.342623,0.07981,-1825.062256
0.341883,0.079835,-1825.069214
0.343294,0.079589,-1825.07666
0.344744,0.081909,-1825.113159
0.345792,0.080777,-1825.018066
0.34595,0.079328,-1824.486084
0.345987,0.080534,-1825.10376
0.345987,0.080534,-1825.129639
0.346529,0.081874,-1824.604248
0.345822,0.081503,-1825.956787
0.34823,0.083665,-1825.413818
0.350288,0.084323,-1826.071045
0.349693,0.084092,-1825.772827
0.349354,0.084525,-1825.593506
0.346857,0.084392,-1825.304565
0.346857,0.084392,-1825.665527
0.346857,0.084392,-1826.124512
0.347291,0.082238,-1825.005615
0.347291,0.082238,-1825.136475
0.351591,0.080741,-1825.187988
0.352031,0.078189,-1825.095459
0.352037,0.077971,-1824.992676
0.352973,0.078197,-1825.502808
0.35384,0.076538,-1824.94751
0.351578,0.07778,-1825.384155
0.349845,0.078099,-1824.570557
0.349557,0.080201,-1825.361084
0.348327,0.080365,-1825.551025
0.349731,0.080402,-1825.454834
0.350319,0.079608,-1824.952393
0.351723,0.080615,-1825.059692
0.351009,0.079665,-1825.675171
0.351606,0.078084,-1824.616577
0.351511,0.081245,-1824.797241
0.349659,0.07984,-1825.09436
0.348423,0.079633,-1825.491943
0.348888,0.078599,-1825.658691
0.34972,0.076773,-1825.091064
0.348362,0.075324,-1824.76062
0.349045,0.07577,-1823.829346
0.348511,0.075829,-1825.080078
0.346112,0.075654,-1824.323364
0.345283,0.075463,-1824.801025
0.347784,0.073658,-1824.678589
0.345661,0.072611,-1825.043579
0.342388,0.072007,-1823.713379
0.342388,0.072007,-1823.812988
0.34329,0.069918,-1824.357666
0.342569,0.071305,-1824.437012
0.339854,0.06908,-1824.430664
0.33963,0.067121,-1823.924683
0.338399,0.06808,-1824.528564
0.340108,0.069179,-1823.197388
0.336753,0.070054,-1823.960571
0.338827,0.069959,-1824.442139
0.33925,0.068865,-1823.977295
0.338963,0.068744,-1823.009644
0.338125,0.068703,-1824.869263
0.338139,0.069586,-1823.510498
0.338969,0.068094,-1823.968262
0.340319,0.068746,-1823.845337
0.340516,0.069366,-1823.837646
0.339223,0.071554,-1824.481445
0.340643,0.069289,-1824.278076
0.340919,0.069306,-1824.420044
0.339597,0.069576,-1823.399536
0.340753,0.068845,-1823.876465
0.340753,0.068845,-1824.018555
0.341339,0.065639,-1824.792847
0.34374,0.06645,-1824.732666
0.343689,0.066336,-1824.48291
0.342225,0.064532,-1824.377319
0.342225,0.064532,-1823.451172
0.342194,0.063241,-1823.965698
0.343134,0.062788,-1824.6604
0.343134,0.062788,-1824.263672
0.341685,0.063813,-1824.44458
0.339368,0.062585,-1825.575439
0.339368,0.062585,-1824.455078
0.340379,0.062342,-1824.936768
0.339809,0.063547,-1824.718018
0.34154,0.062963,-1824.446777
0.342087,0.063221,-1825.170776
0.341786,0.065032,-1824.264648
0.339654,0.065094,-1824.019043
0.341369,0.064587,-1824.080322
0.344611,0.066607,-1824.691772
0.346392,0.06497,-1824.319824
0.347934,0.067469,-1824.530884
0.346527,0.067197,-1823.714844
0.344285,0.067132,-1824.338867
0.344285,0.067132,-1823.111084
0.346717,0.065784,-1824.857422
0.345556,0.066775,-1823.816406
0.347433,0.065185,-1824.092529
0.342892,0.063257,-1824.069824
0.342327,0.063751,-1826.321045
0.340698,0.063175,-1824.360229
0.339765,0.061319,-1824.896729
0.339765,0.061319,-1824.578369
0.339706,0.061601,-1825.741333
0.339706,0.061601,-1824.871826
0.340193,0.063498,-1824.390625
0.338951,0.062301,-1824.006104
0.339255,0.060956,-1825.989502
0.337978,0.061911,-1824.207397
0.337589,0.061439,-1825.086548
0.33842,0.062428,-1824.76355
0.341573,0.064107,-1824.698486
0.341417,0.064299,-1824.004272
0.340057,0.06469,-1824.62854
0.341286,0.064956,-1824.295288
0.338527,0.065958,-1824.273926
0.340582,0.066044,-1823.880371
0.340582,0.066044,-1824.030273
0.340701,0.065635,-1824.258545
0.338993,0.065972,-1824.682983
0.338993,0.065972,-1824.1521
0.337859,0.065632,-1824.311523
0.338524,0.065167,-1824.966553
0.337884,0.063472,-1825.360596
0.337087,0.062345,-1824.332764
0.33257,0.062483,-1825.372192
0.330325,0.062161,-1825.786865
0.331303,0.061745,-1825.736816
0.329874,0.061931,-1825.993286
0.329874,0.061931,-1825.185059
0.328811,0.062274,-1825.386963
0.330647,0.062345,-1825.796265
0.331743,0.063369,-1824.656006
0.330027,0.063623,-1824.817139
0.331531,0.064485,-1825.237305
0.331531,0.064485,-1825.000122
0.330776,0.064386,-1825.537354
0.331626,0.0666,-1826.128052
0.332166,0.06803,-1824.772217
0.332,0.066196,-1824.793579
0.332491,0.066392,-1824.453003
0.329796,0.066685,-1825.660889
0.329796,0.066685,-1825.033691
0.329154,0.067076,-1825.078857
0.32881,0.065728,-1825.375122
0.328012,0.065956,-1826.377075
0.331147,0.063769,-1825.600464
0.330441,0.064362,-1824.609619
0.330441,0.064362,-1824.508301
0.330441,0.064362,-1824.876465
0.330307,0.064198,-1825.385254
0.327303,0.06239,-1826.397705
0.327303,0.06239,-1825.909912
0.327996,0.063284,-1825.295654
0.327514,0.06476,-1825.416748
0.327514,0.06476,-1824.856812
0.328711,0.064017,-1826.522217
0.328777,0.064088,-1825.150635
0.328495,0.066748,-1825.543335
0.329201,0.066521,-1825.734863
0.330019,0.067827,-1824.962402
0.326232,0.067234,-1825.687134
0.32659,0.066332,-1826.551514
0.32659,0.066332,-1825.491211
0.325348,0.06505,-1825.684448
0.325348,0.06505,-1825.909302
0.325821,0.065732,-1826.173218
0.327149,0.066211,-1825.633301
0.327149,0.066211,-1825.482178
0.326328,0.067489,-1825.940796
0.327589,0.067057,-1825.942383
0.329082,0.06713,-1824.293945
0.32909,0.067779,-1824.97998
0.327026,0.067687,-1825.665283
0.328492,0.066916,-1825.435181
0.328068,0.066696,-1826.123291
0.328478,0.065185,-1825.847046
0.327566,0.06608,-1824.830933
0.326347,0.064439,-1827.144165
0.327222,0.06497,-1826.256958
0.329666,0.06635,-1825.816895
0.331036,0.067206,-1825.509521
0.331036,0.067206,-1824.105347
0.331036,0.067206,-1824.681396
0.333139,0.067136,-1824.572754
0.333139,0.067136,-1824.451172
0.333915,0.066077,-1824.41394
0.333501,0.066887,-1824.689209
0.333501,0.066887,-1824.566162
0.329808,0.069116,-1825.578857
0.329167,0.069902,-1825.167358
0.32767,0.069247,-1825.195068
0.32767,0.069247,-1824.811035
0.325829,0.067487,-1826.181885
0.32417,0.067437,-1826.700073
0.325511,0.069801,-1827.436157
0.327176,0.069623,-1825.562744
0.326792,0.07201,-1825.435791
0.326409,0.073313,-1825.310425
0.324658,0.072351,-1826.506348
0.324658,0.072351,-1825.429199
0.324658,0.072351,-1826.195801
0.324658,0.072351,-1825.351318
0.32379,0.072606,-1825.243164
0.32379,0.072606,-1826.125
0.324362,0.071919,-1826.413208
0.323552,0.070928,-1826.941895
0.323552,0.070928,-1826.839844
0.323552,0.070928,-1826.306152
0.325189,0.071727,-1825.948975
0.325322,0.071168,-1826.093384
0.325322,0.071168,-1824.862915
0.325322,0.071168,-1825.256958
0.32284,0.069043,-1826.234375
0.322659,0.068854,-1826.408203
0.322352,0.066783,-1825.825684
0.322352,0.066783,-1825.168335
0.324718,0.067618,-1825.410767
0.324975,0.066095,-1825.796875
0.324975,0.066095,-1825.429932
0.322244,0.066453,-1826.434448
0.322244,0.066453,-1826.779297
0.322244,0.066453,-1826.427856
0.318611,0.066041,-1828.632568
0.319252,0.06662,-1826.847534
0.321108,0.068176,-1827.637207
0.320484,0.069347,-1827.99585
0.323925,0.069909,-1826.070923
0.322156,0.069424,-1826.301514
0.323711,0.070436,-1826.509155
0.325917,0.071177,-1824.795898
0.324638,0.071295,-1825.562012
0.324638,0.071295,-1825.357666
0.324638,0.071295,-1826.044922
0.324638,0.071295,-1825.515625
0.325951,0.070557,-1825.559082
0.324784,0.071176,-1825.540771
0.324784,0.071176,-1827.167603
0.326117,0.072505,-1825.768066
0.328403,0.072032,-1824.760254
0.328403,0.072032,-1825.149414
0.330794,0.072557,-1825.384766
0.330794,0.072557,-1825.586182
0.330246,0.071198,-1825.791626
0.333723,0.073104,-1824.394165
0.332812,0.074421,-1824.090454
0.332361,0.072335,-1824.489014
0.332361,0.072335,-1824.50354
0.330186,0.07258,-1825.112793
0.32895,0.069532,-1824.449219
0.32895,0.069532,-1825.098389
0.329638,0.070955,-1824.90332
0.329223,0.069721,-1825.311401
0.328802,0.069825,-1824.995361
0.328802,0.069825,-1824.624878
0.328802,0.069825,-1825.422852
0.331394,0.070404,-1824.589844
0.3321,0.068949,-1824.375854
0.3321,0.068949,-1825.254761
0.331262,0.068162,-1825.168457
0.329866,0.06868,-1824.758545
0.332035,0.069567,-1824.199341
0.332133,0.069535,-1825.241211
0.332145,0.071662,-1824.096191
0.331107,0.071029,-1825.011841
0.331107,0.071029,-1824.724976
0.331107,0.071029,-1824.415527
0.328953,0.073499,-1824.902344
0.328878,0.073486,-1825.80896
0.328878,0.073486,-1825.200928
0.330155,0.072508,-1825.120361
0.328039,0.073161,-1824.837891
0.328969,0.071253,-1824.24231
0.329505,0.07069,-1824.775635
0.330477,0.071,-1824.676025
0.331247,0.071614,-1825.113647
0.331811,0.072583,-1824.660767
0.330436,0.074611,-1825.591309
0.326795,0.075273,-1826.349609
0.327642,0.07394,-1826.393311
0.328443,0.072698,-1825.308594
0.330613,0.071254,-1824.780762
0.332162,0.070469,-1825.210205
0.330936,0.069841,-1824.381958
0.330863,0.069229,-1824.468506
0.331298,0.070812,-1824.861084
0.330703,0.071565,-1825.306152
0.333456,0.07252,-1824.856079
0.334272,0.073676,-1824.2052
0.33417,0.075309,-1824.733521
0.334705,0.077106,-1824.713623
0.336407,0.077397,-1825.084717
0.338919,0.078387,-1825.188721
0.337993,0.079695,-1825.237549
0.336208,0.078872,-1825.741699
0.336208,0.078872,-1825.032715
0.336208,0.078872,-1824.092285
0.336208,0.078872,-1824.721191
0.334812,0.078614,-1825.169434
0.336454,0.079446,-1825.189209
0.336454,0.079446,-1824.127563
0.333618,0.081049,-1824.493164
0.334059,0.081045,-1824.710938
0.33041,0.081799,-1825.275024
0.331016,0.082209,-1825.653442
0.331016,0.082209,-1825.766846
0.331016,0.082209,-1826.146484
0.331554,0.082636,-1825.820435
0.334268,0.08241,-1826.173828
0.33629,0.084109,-1825.165283
0.33629,0.084109,-1825.025391
0.335655,0.086349,-1826.44458
0.335655,0.086349,-1826.359863
0.335655,0.086349,-1826.252441
0.335602,0.085651,-1827.080811
0.337163,0.085452,-1826.084473
0.33828,0.085019,-1825.205444
0.33659,0.085069,-1826.871948
0.337532,0.085766,-1825.533813
0.341049,0.086435,-1826.351318
0.340937,0.085576,-1826.095947
0.341889,0.08465,-1826.114258
0.341717,0.084429,-1825.217041
0.341549,0.082984,-1825.123413
0.341549,0.082984,-1825.420288
0.34221,0.083823,-1825.243652
0.342366,0.080797,-1825.305908
0.342366,0.080797,-1824.948486
0.34218,0.078202,-1825.477051
0.341129,0.077808,-1824.107422
0.340427,0.078358,-1824.74707
0.341059,0.078968,-1825.012939
0.340465,0.077742,-1825.00708
0.340359,0.078768,-1825.022705
0.339799,0.0773,-1825.622314
0.33943,0.077245,-1824.822876
0.340613,0.076709,-1825.196655
0.341662,0.075338,-1824.429077
0.340198,0.076515,-1824.137207
0.337762,0.078784,-1825.038086
0.336631,0.079637,-1826.084717
0.338416,0.080325,-1825.224365
0.336939,0.079611,-1824.722412
0.33557,0.081002,-1825.548584
0.336536,0.079987,-1824.962646
0.335606,0.080152,-1825.335205
0.333553,0.078159,-1825.589111
0.332677,0.080193,-1825.363647
0.333589,0.081231,-1826.304688
0.333325,0.080933,-1825.072266
0.331732,0.080889,-1825.043091
0.332262,0.081003,-1824.956665
0.332262,0.081003,-1825.218262
0.330235,0.081031,-1825.685303
0.331371,0.0804,-1824.895874
0.331371,0.0804,-1824.744751
0.331109,0.080373,-1825.806519
0.330772,0.080246,-1825.565552
0.3292,0.083085,-1826.152466
0.3292,0.083085,-1826.062744
0.330046,0.083795,-1826.509277
0.330211,0.083375,-1826.246094
0.331611,0.08328,-1826.353027
0.331611,0.08328,-1826.415039
0.333044,0.0823,-1825.876953
0.332642,0.080386,-1825.545166
0.331731,0.079961,-1825.543701
0.331926,0.07955,-1825.803223
0.331926,0.07955,-1825.167969
0.331301,0.081377,-1825.81189
0.334438,0.081072,-1824.980103
0.333871,0.079142,-1825.148315
0.331086,0.080278,-1825.09082
0.330155,0.081465,-1826.242554
0.329283,0.080681,-1825.449341
0.333127,0.080207,-1825.725464
0.33649,0.079149,-1824.525757
0.335902,0.078778,-1825.181885
0.334496,0.076903,-1824.53894
0.336124,0.077768,-1825.227295
0.337735,0.077931,-1824.572632
0.336478,0.077889,-1824.768311
0.334457,0.077919,-1825.313965
0.335732,0.079684,-1824.945068
0.335732,0.079684,-1825.37439
0.335712,0.079398,-1825.131836
0.334536,0.078117,-1825.264771
0.336812,0.078622,-1823.970581
0.335489,0.07855,-1824.83374
0.33571,0.07824,-1825.428467
0.336531,0.079392,-1824.769531
0.336531,0.079392,-1825.360474
0.337333,0.078751,-1824.896362
0.33845,0.077854,-1825.542114
0.337912,0.076985,-1825.119385
0.336974,0.077226,-1825.34021
0.332863,0.077654,-1825.874878
0.33484,0.077024,-1824.142334
0.332489,0.076755,-1825.087646
0.332557,0.076975,-1825.846313
0.332597,0.07652,-1824.56958
0.335421,0.078486,-1825.045166
0.336993,0.080422,-1824.979614
0.338046,0.080231,-1825.272339
0.33847,0.078588,-1825.206299
0.33847,0.078588,-1824.436768
0.33847,0.078588,-1824.536743
0.338423,0.080315,-1825.273682
0.338423,0.080315,-1824.733643
0.338423,0.080315,-1824.497314
0.338423,0.080315,-1824.840332
0.336467,0.084175,-1826.064941
0.335228,0.083422,-1826.172852
0.335228,0.083422,-1825.127075
0.335228,0.083422,-1826.018555
0.334326,0.083026,-1826.570923
0.336882,0.084381,-1825.643433
0.333646,0.084205,-1825.272827
0.335349,0.084684,-1826.244385
0.334417,0.084015,-1826.275391
0.337138,0.083306,-1826.034912
0.339707,0.082064,-1825.234253
0.339814,0.082073,-1824.791504
0.338658,0.08304,-1825.855713
0.33701,0.082678,-1824.7323
0.33701,0.082678,-1825.755615
0.33682,0.08234,-1824.948364
0.337147,0.082592,-1825.678589
0.337147,0.082592,-1825.509155
0.33626,0.080861,-1825.043213
0.336023,0.080792,-1826.102661
0.335638,0.082299,-1825.752563
0.334746,0.082783,-1826.161255
0.333105,0.083658,-1825.896606
0.333334,0.083861,-1826.250732
0.334262,0.084737,-1826.574951
0.336775,0.084233,-1825.749512
0.335463,0.082428,-1825.727417
0.333648,0.082915,-1825.749512
0.330285,0.082887,-1826.106079
0.334992,0.082511,-1825.315552
0.336185,0.083899,-1825.677246
0.338992,0.082358,-1825.527344
0.341099,0.080773,-1825.057983
0.342374,0.079726,-1825.387329
0.340912,0.080926,-1824.609985
0.341578,0.081382,-1825.063965
0.341578,0.081382,-1824.508057
0.34307,0.080291,-1824.661743
0.342559,0.080771,-1825.156982
0.342559,0.080771,-1824.622437
0.341297,0.081443,-1825.907471
0.338983,0.081697,-1825.343018
0.338397,0.080342,-1824.233887
0.336519,0.081052,-1824.976196
0.336991,0.08211,-1825.825439
0.336376,0.082402,-1825.593384
0.334612,0.082435,-1825.519409
0.333957,0.083672,-1825.567993
0.337296,0.084932,-1826.011841
0.335568,0.086286,-1826.254395
0.335546,0.085961,-1825.810913
0.334947,0.084953,-1826.15918
0.334733,0.085503,-1826.1521
0.335011,0.085996,-1825.970215
0.335011,0.085996,-1825.348145
0.337168,0.086825,-1826.288696
0.337168,0.086825,-1825.803589
0.33928,0.087318,-1826.395996
0.338593,0.087137,-1825.555908
0.338593,0.087137,-1826.354248
0.34,0.087585,-1826.545044
0.34,0.087585,-1826.515381
0.34,0.087585,-1826.497925
0.34,0.087585,-1826.804443
0.34,0.087585,-1826.43457
0.342451,0.087081,-1826.464844
0.344498,0.084623,-1826.144165
0.344498,0.084623,-1825.981201
0.342198,0.082939,-1824.757812
0.342198,0.082939,-1825.237061
0.341659,0.083573,-1825.573853
0.342228,0.084034,-1825.181641
0.341817,0.083942,-1824.437744
0.343173,0.083176,-1825.195068
0.345837,0.083152,-1825.5354
0.344023,0.084236,-1825.133667
0.344023,0.084236,-1825.395508
0.343657,0.083786,-1826.159546
0.342227,0.084503,-1825.270142
0.342227,0.084503,-1825.177612
0.345809,0.085965,-1824.792725
0.34684,0.08636,-1825.874878
0.348834,0.086269,-1827.425781
0.348834,0.086269,-1825.647217
0.347469,0.085848,-1826.408813
0.347458,0.085126,-1825.432739
0.346718,0.08493,-1826.341797
0.346718,0.08493,-1825.666016
0.34554,0.084839,-1825.282227
0.344928,0.085585,-1826.008789
0.344928,0.085585,-1825.354248
0.344698,0.085046,-1825.450684
0.346468,0.087274,-1825.871338
0.349702,0.087908,-1827.03833
0.34923,0.086364,-1826.870117
0.348936,0.085221,-1826.374756
0.348936,0.085221,-1825.791504
0.348219,0.085602,-1825.789062
0.344048,0.086532,-1826.454102
0.342663,0.086424,-1825.86377
0.343076,0.086529,-1826.526489
0.343076,0.086529,-1826.369873
0.344147,0.086248,-1825.944336
0.344249,0.085997,-1825.566528
0.343719,0.086864,-1826.780029
0.343719,0.086864,-1826.361206
0.342677,0.087402,-1826.275269
0.339868,0.089457,-1827.020874
0.343338,0.090002,-1826.618164
0.343338,0.090002,-1827.237671
0.34577,0.09052,-1827.150635
0.345938,0.091616,-1826.843628
0.345382,0.091707,-1827.736084
0.345463,0.091478,-1827.231689
0.343703,0.091687,-1827.99231
0.343703,0.091687,-1826.946289
0.347236,0.090334,-1827.428955
0.345492,0.090216,-1827.450073
0.346991,0.091422,-1827.110596
0.346991,0.091422,-1826.15332
0.347189,0.091433,-1826.704346
0.344506,0.092412,-1827.148438
0.342863,0.094476,-1827.972656
0.342761,0.09362,-1828.504639
0.343905,0.093685,-1827.164307
0.344583,0.091961,-1827.676514
0.344621,0.09162,-1826.595703
0.345681,0.091144,-1826.84729
0.344107,0.09145,-1827.044434
0.345278,0.092574,-1826.928711
0.344301,0.092434,-1827.5271
0.343963,0.09204,-1826.90625
0.342434,0.091778,-1827.404419
0.343945,0.092159,-1827.003418
0.34462,0.090486,-1827.72168
0.34462,0.090486,-1826.428101
0.346185,0.090395,-1827.881714
0.344093,0.089846,-1826.717529
0.343543,0.091547,-1827.348389
0.343799,0.091331,-1828.290283
0.341538,0.090304,-1826.899902
0.341652,0.091723,-1826.797607
0.341652,0.091723,-1826.582886
0.342499,0.091033,-1827.363892
0.342499,0.091033,-1826.776855
0.340107,0.090978,-1827.690918
0.339486,0.090448,-1827.672974
0.339098,0.089757,-1826.899902
0.339098,0.089757,-1826.832031
0.339107,0.087755,-1826.567139
0.337489,0.085983,-1827.396851
0.337701,0.086299,-1825.66687
0.33978,0.086551,-1825.904175
0.34373,0.086175,-1826.187988
0.342888,0.085016,-1825.483765
0.341246,0.085645,-1825.509766
0.341246,0.085645,-1825.832886
0.340726,0.085576,-1825.575806
0.340726,0.085576,-1825.634521
0.340069,0.085684,-1826.566162
0.342202,0.086928,-1826.799561
0.342202,0.086928,-1826.101196
0.340282,0.085681,-1825.494995
0.340282,0.085681,-1825.997192
0.33993,0.085219,-1826.069824
0.337123,0.083844,-1825.026367
0.337123,0.083844,-1825.837891
0.332983,0.081906,-1825.118896
0.334179,0.082379,-1825.618652
0.334179,0.082379,-1826.1698
0.334179,0.082379,-1825.409668
0.334179,0.082379,-1825.124268
0.335194,0.082006,-1826.015015
0.336888,0.08146,-1825.989746
0.336124,0.081565,-1826.011353
0.334851,0.081221,-1827.079346
0.335282,0.080296,-1824.376709
0.333685,0.08029,-1825.118164
0.33215,0.079798,-1825.479004
0.329772,0.079656,-1825.826538
0.331331,0.078222,-1825.406494
0.328898,0.077402,-1825.150757
0.333005,0.07766,-1825.904785
0.332539,0.077485,-1825.245605
0.332539,0.077485,-1825.358398
0.332515,0.077003,-1825.592407
0.332515,0.077003,-1825.560791
0.335285,0.076433,-1824.349121
0.336439,0.077796,-1824.156738
0.33863,0.074984,-1824.145752
0.340492,0.071555,-1823.76416
0.340712,0.068825,-1825.004028
0.344082,0.070164,-1824.547607
0.344579,0.071329,-1824.526001
0.343744,0.071192,-1824.193848
0.343744,0.071192,-1823.965576
0.34497,0.072574,-1824.780762
0.34497,0.072574,-1824.097168
0.344945,0.073389,-1824.178955
0.345973,0.073111,-1824.213867
0.345029,0.070904,-1823.719116
0.345029,0.070904,-1823.657715
0.347008,0.070826,-1824.788452
0.34734,0.071311,-1823.78418
0.34684,0.07243,-1824.390991
0.34684,0.07243,-1823.999268
0.347282,0.070704,-1824.134521
0.347783,0.072108,-1824.038086
0.348514,0.071204,-1824.73938
0.346518,0.071257,-1824.434448
0.348533,0.072003,-1824.384766
0.347368,0.071866,-1824.545532
0.347368,0.071866,-1824.615967
0.347239,0.071084,-1825.892578
0.348585,0.070316,-1824.306396
0.346591,0.069253,-1824.117676
0.345557,0.069416,-1823.881348
0.342009,0.069462,-1825.068359
0.337858,0.070376,-1823.597046
0.337457,0.069609,-1824.127441
0.334911,0.07112,-1824.200073
0.334551,0.071091,-1824.04834
0.332309,0.070242,-1824.054688
0.332069,0.071992,-1824.748291
0.332069,0.071992,-1824.838867
0.333214,0.073028,-1824.79126
0.333621,0.075401,-1826.379639
0.333621,0.075401,-1825.091187
0.333575,0.075072,-1825.274414
0.335629,0.077591,-1825.182861
0.335629,0.077591,-1824.270996
0.334803,0.077987,-1824.520752
0.334803,0.077987,-1824.176147
0.333476,0.076054,-1825.109253
0.334086,0.075519,-1825.314453
0.334086,0.075519,-1824.515137
0.334086,0.075519,-1824.911255
0.334086,0.075519,-1824.850952
0.333587,0.075763,-1824.447876
0.33172,0.076311,-1825.578125
0.330602,0.075657,-1824.713989
0.329375,0.074081,-1824.095215
0.329375,0.074081,-1825.241943
0.329519,0.074588,-1825.633667
0.326256,0.075734,-1825.753662
0.326256,0.075734,-1826.226562
0.326282,0.075864,-1826.233765
0.325881,0.075794,-1826.154541
0.326692,0.076332,-1825.932373
0.325282,0.078327,-1826.442871
0.324839,0.077504,-1826.300293
0.324839,0.077504,-1825.5625
0.324839,0.077504,-1826.203369
0.325687,0.077715,-1826.399658
0.328965,0.077047,-1826.214111
0.329312,0.076254,-1825.457153
0.329312,0.076254,-1824.593994
0.329717,0.076073,-1825.648926
0.329717,0.076073,-1824.649902
0.330451,0.076157,-1824.775635
0.331216,0.076837,-1825.779907
0.330947,0.076452,-1825.138794
0.329699,0.077122,-1825.912109
0.328587,0.079222,-1826.759521
0.329847,0.079769,-1826.043823
0.32908,0.079841,-1825.503662
0.330512,0.081241,-1826.168945
0.331111,0.079814,-1826.11145
0.332098,0.081164,-1826.708252
0.332098,0.081164,-1825.347168
0.332098,0.081164,-1825.259155
0.32987,0.080899,-1825.227173
0.328649,0.078955,-1825.435059
0.329108,0.078971,-1825.612549
0.328272,0.080631,-1825.669922
0.327282,0.080722,-1826.458008
0.327282,0.080722,-1825.170532
0.327178,0.080856,-1825.512939
0.326313,0.078753,-1826.518066
0.327186,0.077651,-1825.773926
0.327186,0.077651,-1825.766846
0.328563,0.078278,-1825.45874
0.329568,0.077844,-1825.986938
0.329568,0.077844,-1824.372803
0.333629,0.079056,-1825.113037
0.333518,0.079291,-1825.393188
0.333518,0.079291,-1825.167969
0.329548,0.078419,-1825.444336
0.329548,0.078419,-1825.756836
0.328726,0.077794,-1825.363892
0.328302,0.077767,-1826.123291
0.328302,0.077767,-1825.828125
0.329475,0.077742,-1825.425903
0.329475,0.077742,-1825.753418
0.329544,0.076857,-1825.46582
0.330332,0.07588,-1824.319092
0.329267,0.074806,-1825.803955
0.329267,0.074806,-1825.233276
0.3281,0.072983,-1825.892944
0.329128,0.072555,-1824.626221
0.33178,0.072083,-1825.191406
0.331886,0.073215,-1824.998047
0.332938,0.074108,-1824.868042
0.332938,0.074108,-1825.153931
0.332284,0.074847,-1824.54248
0.331489,0.075665,-1824.885864
0.331428,0.074761,-1826.192383
0.331428,0.074761,-1825.240601
0.331687,0.071944,-1825.126709
0.328792,0.071994,-1824.477051
0.328031,0.070411,-1825.494507
0.329051,0.070872,-1824.643066
0.32874,0.07084,-1825.125244
0.328867,0.072298,-1825.738037
0.329437,0.072779,-1825.798828
0.329437,0.072779,-1825.685303
0.328531,0.073354,-1825.722534
0.328531,0.073354,-1824.844604
0.330653,0.071218,-1824.832886
0.330653,0.071218,-1825.025391
0.330316,0.073313,-1824.710571
0.331516,0.073464,-1825.665039
0.331516,0.073464,-1824.605957
0.332906,0.073027,-1824.554688
0.332906,0.073027,-1823.737427
0.334735,0.072094,-1824.611084
0.333577,0.07331,-1824.787842
0.334844,0.071646,-1824.364258
0.335718,0.071504,-1823.663574
0.339131,0.071735,-1824.105225
0.339131,0.071735,-1823.540649
0.340973,0.070925,-1823.86853
0.340973,0.070925,-1824.344727
0.340973,0.070925,-1823.382812
0.340505,0.070713,-1824.40625
0.340505,0.070713,-1823.717651
0.340505,0.070713,-1823.958252
0.340505,0.070713,-1823.792236
0.339642,0.07042,-1824.213013
0.34144,0.070414,-1824.348145
0.33938,0.071127,-1824.23999
0.33938,0.071127,-1824.023926
0.33849,0.07323,-1825.018555
0.33643,0.071678,-1824.126709
0.33643,0.071678,-1824.50354
0.334978,0.071551,-1824.47876
0.335718,0.070526,-1823.751221
0.335537,0.071,-1825.102661
0.333618,0.070114,-1824.305908
0.33283,0.069444,-1825.442139
0.33283,0.069444,-1825.197266
0.333636,0.068711,-1825.35791
0.333636,0.068711,-1824.246582
0.333789,0.068689,-1824.877197
0.332441,0.069675,-1825.773315
0.336221,0.069606,-1824.524414
0.338132,0.069293,-1824.115967
0.343253,0.070038,-1823.945557
0.342748,0.071817,-1823.6698
0.342748,0.071817,-1823.716064
0.343616,0.071259,-1824.591064
0.345305,0.071099,-1824.460327
0.341984,0.067948,-1824.113281
0.342593,0.068713,-1824.278076
0.342593,0.068713,-1824.503784
0.34134,0.069192,-1824.651733
0.340199,0.070496,-1823.576172
0.338766,0.069766,-1823.659302
0.338882,0.072761,-1824.05481
0.337923,0.072342,-1824.675415
0.340201,0.071141,-1824.209961
0.340201,0.071141,-1824.255127
0.339456,0.070126,-1823.794678
0.339218,0.068587,-1824.486938
0.337476,0.07158,-1825.081177
0.337544,0.074077,-1825.496826
0.33865,0.073694,-1824.41626
0.337914,0.074133,-1824.616577
0.337478,0.073843,-1824.916382
0.340944,0.073034,-1824.724243
0.339506,0.072476,-1824.581299
0.338817,0.072352,-1824.450439
0.338817,0.072352,-1823.50354
0.339017,0.07494,-1824.763184
0.339362,0.077434,-1825.35022
0.340475,0.0786,-1825.392578
0.338296,0.077241,-1825.124512
0.338296,0.077241,-1824.835205
0.339272,0.076748,-1824.828613
0.339597,0.075638,-1824.541992
0.341175,0.07534,-1825.150391
0.342134,0.073064,-1825.134277
0.344058,0.071336,-1824.529053
0.345486,0.071215,-1824.855469
0.345275,0.071282,-1824.258179
0.345402,0.071219,-1824.271118
0.345129,0.07048,-1823.195312
0.346458,0.071265,-1825.01709
0.344232,0.070944,-1824.167969
0.345461,0.070717,-1823.582397
0.345065,0.071706,-1825.341919
0.345795,0.072945,-1824.048828
0.346738,0.073037,-1824.609619
0.346487,0.070072,-1824.299683
0.347055,0.070886,-1824.998657
0.347055,0.070886,-1823.634766
0.345508,0.070556,-1823.896362
0.345428,0.069356,-1824.762695
0.344519,0.068253,-1824.189575
0.344519,0.068253,-1823.616943
0.344519,0.068253,-1824.431519
0.34105,0.067289,-1824.451904
0.343108,0.068765,-1823.879517
0.344298,0.069981,-1823.835327
0.345758,0.069655,-1824.130249
0.344823,0.069024,-1825.099365
0.344823,0.069024,-1823.984863
0.345376,0.067404,-1825.097656
0.346746,0.065682,-1824.751709
0.348769,0.066027,-1824.672241
0.346575,0.068405,-1823.568604
0.348401,0.069396,-1824.448975
0.348401,0.069396,-1823.85083
0.349014,0.067569,-1824.534302
0.349546,0.065466,-1824.882202
0.346967,0.066204,-1824.332031
0.346086,0.066852,-1824.49585
0.343993,0.06567,-1824.623047
0.34597,0.067518,-1824.044922
0.344701,0.069139,-1824.474609
0.342028,0.069433,-1825.268921
0.33875,0.068847,-1824.548096
0.336945,0.069384,-1823.99292
0.334269,0.070451,-1824.798828
0.33495,0.071267,-1823.933838
0.334555,0.070817,-1824.954346
0.338828,0.071878,-1825.349365
0.339693,0.071208,-1824.305786
0.339693,0.071208,-1823.940796
0.339693,0.071208,-1824.134155
0.339693,0.071208,-1824.673584
0.341019,0.071686,-1823.926758
0.341019,0.071686,-1823.987183
0.338933,0.070736,-1824.433228
0.339395,0.0718,-1824.146973
0.340504,0.072418,-1824.483643
0.340504,0.072418,-1824.086426
0.340504,0.072418,-1823.86853
0.342112,0.07082,-1824.343994
0.340185,0.072062,-1824.35791
0.339484,0.072941,-1824.424316
0.341559,0.073356,-1824.534058
0.341559,0.073356,-1824.206543
0.33941,0.074042,-1823.903076
0.33941,0.074042,-1823.538208
0.33941,0.074042,-1824.08667
0.33941,0.074042,-1824.435181
0.338091,0.076504,-1825.055786
0.338695,0.075236,-1824.194824
0.341042,0.075265,-1825.421631
0.341761,0.074345,-1824.917114
0.337922,0.074986,-1823.930298
0.336966,0.077568,-1824.211182
0.334445,0.076775,-1824.582886
0.337483,0.076158,-1825.50354
0.339482,0.075533,-1824.947632
0.337175,0.077626,-1824.95166
0.335797,0.077728,-1825.15686
0.335028,0.076479,-1823.797241
0.333981,0.076652,-1824.725098
0.334866,0.075337,-1824.966553
0.334054,0.074793,-1824.898804
0.333503,0.072325,-1824.81189
0.33338,0.072617,-1824.648682
0.333355,0.072287,-1824.257812
0.334274,0.074463,-1823.927124
0.334843,0.074644,-1824.408203
0.336421,0.075111,-1824.35144
0.337203,0.075625,-1824.918701
0.337105,0.076277,-1824.881348
0.338778,0.07612,-1824.408081
0.338778,0.07612,-1824.404419
0.338778,0.07612,-1824.248169
0.338626,0.076355,-1824.662842
0.340838,0.076225,-1824.600586
0.337653,0.077799,-1824.372803
0.339437,0.079116,-1824.296387
0.337761,0.079481,-1824.8927
0.337761,0.079481,-1825.485596
0.335896,0.08007,-1824.851929
0.338148,0.08019,-1825.355957
0.337715,0.07878,-1825.588013
0.33916,0.078105,-1824.733765
0.338371,0.078732,-1824.949951
0.339212,0.079552,-1825.244507
0.338483,0.080336,-1825.081055
0.339781,0.077633,-1825.056152
0.340608,0.077673,-1824.164917
0.340564,0.079087,-1824.828613
0.337038,0.077861,-1824.991089
0.336485,0.078156,-1824.436035
0.335395,0.076165,-1824.928223
0.335962,0.075849,-1824.174561
0.336233,0.076913,-1824.02002
0.336694,0.075642,-1825.118164
0.339798,0.075832,-1824.733398
0.340763,0.074023,-1823.875488
0.339773,0.072789,-1824.365479
0.339823,0.073938,-1824.523315
0.339398,0.073354,-1824.718262
0.338557,0.072613,-1824.192627
0.340765,0.073236,-1825.193726
0.341682,0.071316,-1824.258057
0.342155,0.072939,-1824.890503
0.339182,0.074558,-1824.068115
0.335703,0.075639,-1824.500122
0.335703,0.075639,-1824.681152
0.337056,0.075893,-1824.511841
0.336747,0.074991,-1824.388916
0.336429,0.075536,-1824.559204
0.33742,0.076015,-1824.712402
0.33742,0.076015,-1824.424561
0.33742,0.076015,-1824.278564
0.338508,0.076204,-1824.216064
0.338419,0.076057,-1824.295166
0.339935,0.073713,-1824.18811
0.338442,0.07428,-1824.533691
0.335532,0.072388,-1824.598022
0.335532,0.072388,-1823.900879
0.335671,0.070198,-1823.748901
0.335671,0.070198,-1823.867798
0.335131,0.07087,-1825.0
0.336845,0.07266,-1823.861328
0.338148,0.070236,-1824.613892
0.337233,0.070466,-1824.387695
0.335575,0.068305,-1824.490234
0.335575,0.068305,-1824.213623
0.334468,0.066516,-1824.661987
0.334764,0.067728,-1825.286133
0.334684,0.068019,-1824.722778
0.332503,0.066986,-1824.469604
0.330224,0.066214,-1825.435303
0.329955,0.065975,-1825.295288
0.328781,0.068047,-1825.30957
0.329526,0.068537,-1825.938354
0.328908,0.06885,-1825.946167
0.331302,0.071129,-1824.638916
0.334159,0.071827,-1825.028809
0.336948,0.072135,-1823.740723
0.339091,0.073478,-1824.482666
0.337122,0.073924,-1824.754761
0.338436,0.074689,-1824.628906
0.338436,0.074689,-1823.496704
0.338151,0.074975,-1825.149658
0.336837,0.07436,-1824.640991
0.336611,0.075648,-1824.032227
0.337027,0.075019,-1825.226562
0.334609,0.074012,-1824.387451
0.334609,0.074012,-1824.76709
0.334609,0.074012,-1824.379517
0.334609,0.074012,-1824.996338
0.334609,0.074012,-1823.896973
0.333754,0.073851,-1824.660767
0.333986,0.072323,-1825.03125
0.335667,0.07285,-1823.842896
0.334956,0.072827,-1825.086182
0.335714,0.073577,-1824.69873
0.336078,0.071988,-1825.303711
0.337876,0.072355,-1824.091797
0.337876,0.072355,-1824.821167
0.337876,0.072355,-1824.442871
0.337876,0.072355,-1823.676392
0.337876,0.072355,-1823.76001
0.339916,0.072238,-1824.095825
0.34117,0.073455,-1824.626709
0.341804,0.073602,-1824.615967
0.344907,0.07042,-1824.566528
0.346032,0.071978,-1824.088013
0.341936,0.071017,-1824.340088
0.341053,0.069383,-1824.139893
0.341483,0.067675,-1824.461182
0.341483,0.067675,-1823.15686
0.344356,0.067476,-1824.171387
0.342396,0.066955,-1824.639526
0.341527,0.06765,-1823.7948
0.340941,0.068666,-1823.876953
0.342211,0.069078,-1824.982056
0.341521,0.069438,-1824.28894
0.343625,0.070323,-1823.786011
0.344675,0.067325,-1824.414185
0.34503,0.067267,-1824.881714
0.344176,0.067223,-1824.443726
0.345965,0.068711,-1824.786621
0.345965,0.068711,-1824.02832
0.346254,0.068862,-1824.372681
0.346152,0.068343,-1824.115234
0.344102,0.067849,-1824.75354
0.346084,0.066638,-1824.213623
0.344474,0.065736,-1823.963013
0.345824,0.066045,-1824.433472
0.345005,0.064175,-1823.917236
0.346152,0.063134,-1824.601318
0.345365,0.061867,-1825.021973
0.342886,0.062337,-1824.485718
0.341028,0.062625,-1825.199463
0.340185,0.060935,-1824.975342
0.33925,0.062147,-1824.87793
0.340316,0.062019,-1824.459961
0.340422,0.059784,-1825.332764
0.340422,0.059784,-1824.987061
0.339715,0.060112,-1825.336182
0.339715,0.060112,-1824.387695
0.339273,0.059372,-1825.300293
0.340397,0.058981,-1825.523193
0.339465,0.060922,-1824.710938
0.339465,0.060922,-1824.985962
0.338979,0.06131,-1825.337158
0.338979,0.06131,-1824.9646
0.337648,0.061414,-1825.240479
0.337648,0.061414,-1824.014648
0.339667,0.061944,-1824.623657
0.343802,0.062888,-1825.154419
0.341868,0.06405,-1824.613037
0.341868,0.06405,-1824.375244
0.341868,0.06405,-1823.964478
0.338383,0.063724,-1824.48999
0.338383,0.063724,-1824.543213
0.341044,0.064647,-1824.609741
0.340101,0.06417,-1824.729126
0.340101,0.06417,-1824.278076
0.337144,0.065339,-1824.902954
0.337144,0.065339,-1823.445068
0.337144,0.065339,-1824.351807
0.337259,0.063652,-1824.629639
0.337815,0.061946,-1824.336914
0.337695,0.062933,-1825.752808
0.337381,0.063571,-1825.127197
0.337353,0.064184,-1824.337158
0.339283,0.062933,-1825.064575
0.33763,0.062787,-1824.223267
0.337698,0.062943,-1824.933838
0.33669,0.064638,-1825.069336
0.335318,0.065855,-1825.069824
0.335255,0.064929,-1825.593506
0.336241,0.06495,-1824.376099
0.336241,0.06495,-1824.59436
0.335826,0.064196,-1825.289795
0.334571,0.061869,-1824.784546
0.334492,0.060529,-1825.32373
0.336987,0.059752,-1825.766357
0.336987,0.059752,-1824.79248
0.337837,0.061775,-1825.189453
0.340392,0.061396,-1824.650146
0.343134,0.061358,-1825.408936
0.342036,0.061933,-1825.275391
0.340699,0.060762,-1824.943848
0.340699,0.060762,-1824.498779
0.340699,0.060762,-1824.649414
0.342126,0.062032,-1824.821777
0.343523,0.064702,-1824.518677
0.34396,0.064238,-1824.059204
0.344121,0.061603,-1824.874146
0.344923,0.063533,-1824.909424
0.347334,0.063272,-1824.449707
0.34817,0.06277,-1824.565308
0.345094,0.063402,-1825.174316
0.347401,0.062447,-1824.651855
0.347978,0.062346,-1825.656006
0.347978,0.062346,-1824.811768
0.344695,0.062416,-1824.791138
0.345054,0.060865,-1825.229004
0.344633,0.061188,-1825.148926
0.345591,0.059413,-1826.726685
0.345665,0.060478,-1825.857666
0.346959,0.061662,-1825.008789
0.345135,0.060627,-1824.916992
0.343812,0.061621,-1825.439819
0.342734,0.060296,-1825.286133
0.342734,0.060296,-1824.421997
0.343704,0.061958,-1825.158447
0.34537,0.06095,-1824.077393
0.346079,0.060696,-1825.162109
0.345297,0.061808,-1825.002441
0.344778,0.062677,-1824.637207
0.345466,0.063272,-1824.127441
0.345466,0.063272,-1823.486328
0.345466,0.063272,-1825.095459
0.345332,0.064566,-1823.791626
0.347057,0.065801,-1824.974609
0.346907,0.06701,-1824.551025
0.346845,0.067158,-1824.409424
0.346197,0.06822,-1824.321899
0.346197,0.06822,-1823.623535
0.348048,0.068315,-1824.358887
0.347533,0.069717,-1825.276001
0.348363,0.069482,-1824.547241
0.348882,0.069249,-1824.982544
0.348882,0.069249,-1824.095703
0.348882,0.069249,-1823.801025
0.34898,0.070177,-1824.018555
0.349228,0.072279,-1824.7146
0.349363,0.072759,-1824.669678
0.349363,0.072759,-1824.176392
0.346844,0.072028,-1823.912964
0.349764,0.070558,-1824.6427
0.350885,0.070162,-1824.286743
0.350885,0.070162,-1824.013184
0.35085,0.068993,-1824.462769
0.350569,0.068081,-1824.83728
0.348104,0.068335,-1824.849854
0.346537,0.068938,-1824.189819
0.347067,0.069421,-1824.029419
0.347056,0.069162,-1824.606689
0.345518,0.069059,-1824.151245
0.345415,0.067756,-1823.851929
0.344764,0.067652,-1824.175781
0.34459,0.068115,-1824.55249
0.342615,0.068031,-1824.470337
0.342615,0.068031,-1823.616699
0.339491,0.067089,-1825.012817
0.339512,0.067053,-1824.849243
0.33764,0.066766,-1824.345703
0.337208,0.066508,-1824.42749
0.339146,0.064209,-1824.243408
0.339146,0.064209,-1824.429321
0.341852,0.064071,-1824.518555
0.337707,0.0636,-1824.457886
0.338552,0.062817,-1824.665283
0.338358,0.064091,-1824.3125
0.340878,0.063313,-1824.916504
0.342223,0.065153,-1824.574097
0.342223,0.065153,-1824.549194
0.343749,0.064266,-1824.78418
0.346674,0.065338,-1824.323975
0.348094,0.065533,-1824.366699
0.345937,0.067271,-1823.915283
0.347088,0.067931,-1824.594238
0.344897,0.067966,-1824.724243
0.343221,0.067358,-1823.820312
0.343447,0.067106,-1824.245117
0.341788,0.06767,-1824.152588
0.34327,0.064959,-1825.273438
0.345487,0.066531,-1824.410645
0.344062,0.066938,-1824.429443
0.344062,0.066938,-1824.137207
0.342165,0.066673,-1824.534546
0.341387,0.065082,-1825.042236
0.341733,0.063628,-1824.685303
0.343131,0.063657,-1825.210449
0.343571,0.064693,-1825.366821
0.344739,0.063957,-1824.92627
0.346641,0.065249,-1824.88208
0.345795,0.065013,-1824.815186
0.34773,0.063904,-1824.105347
0.349586,0.064591,-1824.928589
0.350361,0.063013,-1824.787598
0.349659,0.061736,-1824.647339
0.349565,0.059585,-1825.36438
0.349565,0.059585,-1824.619141
0.349611,0.058979,-1825.611206
0.351772,0.057332,-1825.815552
0.34991,0.059196,-1825.508911
0.350667,0.059778,-1825.606934
0.351106,0.059485,-1824.238037
0.351247,0.059198,-1825.620605
0.350035,0.061345,-1825.260132
0.351797,0.061418,-1825.0271
0.352162,0.062386,-1825.081543
0.352796,0.061859,-1825.415771
0.353448,0.06355,-1824.806152
0.354746,0.063939,-1824.578247
0.354928,0.063851,-1825.547607
0.352348,0.06416,-1825.15918
0.351515,0.063285,-1824.684082
0.351486,0.060927,-1824.87207
0.350718,0.059537,-1825.560425
0.349276,0.058572,-1825.299805
0.352562,0.059685,-1825.920288
0.352258,0.060364,-1825.809082
0.352258,0.060364,-1824.946533
0.352258,0.060364,-1825.442871
0.351744,0.061105,-1824.896851
0.353817,0.060675,-1826.167725
0.355951,0.061393,-1825.227051
0.35439,0.062842,-1825.004883
0.35439,0.062842,-1825.047607
0.354974,0.062319,-1825.054443
0.354637,0.060547,-1825.088623
0.356054,0.06012,-1825.432007
0.355105,0.060217,-1825.539062
0.355468,0.060722,-1825.575928
0.354847,0.061303,-1825.389404
0.354847,0.061303,-1824.92627
0.356697,0.0592,-1826.289917
0.356697,0.0592,-1825.507324
0.357407,0.059041,-1826.087036
0.359129,0.058268,-1825.374023
0.357234,0.059118,-1825.823853
0.357234,0.059118,-1825.775269
0.357266,0.057693,-1826.401489
0.358348,0.058491,-1826.379883
0.358348,0.058491,-1826.587891
0.360111,0.059677,-1827.07251
0.360145,0.060323,-1826.128784
0.35833,0.059791,-1826.255371
0.357913,0.0592,-1826.465942
0.355729,0.059998,-1825.860596
0.355503,0.061769,-1825.250244
0.354348,0.06386,-1824.579346
0.354348,0.06386,-1824.859375
0.354348,0.06386,-1824.757568
0.353796,0.062967,-1825.457275
0.35226,0.06245,-1825.226562
0.352483,0.064052,-1824.747437
0.352786,0.064938,-1824.185547
0.35515,0.063543,-1825.161499
0.353052,0.063208,-1825.467896
0.354153,0.063124,-1825.27832
0.352614,0.064769,-1824.859253
0.353781,0.067458,-1825.028687
0.353619,0.06796,-1824.252319
0.355271,0.066891,-1824.944214
0.356437,0.067206,-1825.153198
0.356004,0.068772,-1825.164551
0.355117,0.068242,-1825.53772
0.353237,0.068748,-1824.526367
0.353237,0.068748,-1824.535767
0.352211,0.067902,-1824.310791
0.352211,0.067902,-1823.48645
0.352211,0.067902,-1824.479492
0.353815,0.069078,-1824.889648
0.352174,0.069535,-1825.279541
0.352882,0.069506,-1824.056274
0.354555,0.068246,-1824.296631
0.353419,0.067938,-1824.639648
0.353004,0.068128,-1824.530884
0.354137,0.069367,-1824.742432
0.354766,0.069543,-1825.250488
0.354766,0.069543,-1824.512695
0.354206,0.070081,-1824.536865
0.355175,0.071288,-1824.902344
0.355022,0.074036,-1824.51001
0.355051,0.073788,-1824.062256
0.353525,0.075633,-1825.206299
0.35258,0.075986,-1824.923462
0.349717,0.076288,-1824.700684
0.349717,0.076288,-1824.168579
0.350375,0.075871,-1824.942627
0.351904,0.077261,-1824.553955
0.35253,0.077243,-1825.585938
0.353501,0.077638,-1826.054321
0.353501,0.077638,-1825.287598
0.350724,0.07593,-1825.213013
0.35089,0.074675,-1824.172485
0.350584,0.073913,-1823.993774
0.353616,0.074377,-1825.152222
0.352486,0.0756,-1824.217407
0.352479,0.073382,-1824.084473
0.352665,0.073322,-1824.885742
0.352076,0.074903,-1824.571533
0.352115,0.073465,-1825.102051
0.352115,0.073465,-1824.458984
0.35311,0.071346,-1824.200684
0.351657,0.070382,-1824.049316
0.350962,0.070207,-1824.49707
0.350953,0.071972,-1823.962646
0.350953,0.071972,-1824.041016
0.350144,0.072894,-1824.244629
0.353434,0.073196,-1824.744385
0.353434,0.073196,-1824.256226
0.35254,0.073716,-1824.970947
0.35392,0.075988,-1824.584717
0.354793,0.076457,-1824.579956
0.354793,0.076457,-1825.189941
0.354097,0.07585,-1824.697021
0.357228,0.075051,-1824.954102
0.357845,0.0741,-1825.378662
0.358005,0.072979,-1825.30249
0.356466,0.072749,-1824.393066
0.356466,0.072749,-1824.605469
0.35735,0.074599,-1825.204102
0.354744,0.076058,-1824.627686
0.354744,0.076058,-1824.822876
0.354744,0.076058,-1824.195557
0.35409,0.076094,-1824.64624
0.354281,0.074191,-1824.852051
0.353186,0.07417,-1824.786377
0.351423,0.07568,-1825.292236
0.351893,0.079107,-1824.787109
0.35575,0.080413,-1825.795166
0.358024,0.080958,-1826.483398
0.357903,0.080282,-1826.398682
0.357903,0.080282,-1825.787842
0.359176,0.078609,-1826.413574
0.358293,0.080438,-1825.85498
0.361285,0.07995,-1826.401123
0.363375,0.081818,-1827.073975
0.365211,0.081755,-1827.494385
0.365203,0.08162,-1827.478638
0.365308,0.081514,-1826.987915
0.365863,0.081339,-1827.127686
0.366469,0.079505,-1827.384521
0.36633,0.078479,-1826.418945
0.364914,0.078423,-1826.688721
0.363821,0.080397,-1826.544189
0.363551,0.07998,-1826.707764
0.362885,0.079305,-1826.633545
0.362008,0.080158,-1825.698486
0.364335,0.080136,-1827.309326
0.364335,0.080136,-1827.103516
0.364335,0.080136,-1827.175049
0.364081,0.079274,-1826.266968
0.361494,0.081429,-1826.004517
0.361419,0.081517,-1826.488159
0.362933,0.080083,-1827.013916
0.363271,0.080398,-1826.1521
0.362661,0.083557,-1827.71167
0.365576,0.083439,-1828.132812
0.365617,0.083066,-1826.896362
0.364916,0.084938,-1826.913208
0.364916,0.084938,-1827.362061
0.365685,0.085068,-1827.556763
0.367604,0.085326,-1827.769653
0.367604,0.085326,-1827.709473
0.367494,0.082921,-1826.998901
0.366252,0.082867,-1827.250977
0.364768,0.084006,-1827.72168
0.364895,0.08399,-1827.399902
0.363048,0.082716,-1826.5896
0.362194,0.082545,-1827.279541
0.362194,0.082545,-1826.322998
0.36448,0.082748,-1826.899902
0.36771,0.082359,-1827.541504
0.368851,0.083632,-1828.119263
0.368851,0.083632,-1828.220459
0.369481,0.0861,-1828.438232
0.367726,0.085452,-1828.360107
0.369207,0.086159,-1828.410278
0.368707,0.085821,-1828.162231
0.368707,0.085821,-1828.31189
0.368786,0.086017,-1828.327515
0.368786,0.086017,-1828.718506
0.36773,0.084349,-1827.947266
0.36773,0.084349,-1827.450195
0.366216,0.082497,-1827.282715
0.365142,0.080938,-1826.876709
0.365252,0.0808,-1827.277588
0.368836,0.081696,-1827.181152
0.368522,0.082543,-1827.733643
0.370497,0.080656,-1827.569824
0.368187,0.082656,-1827.581665
0.371523,0.079959,-1826.968262
0.368792,0.078009,-1827.328369
0.369986,0.078776,-1827.657471
0.369826,0.079554,-1827.564697
0.369826,0.079554,-1826.9198
0.366961,0.081678,-1826.763184
0.366896,0.083476,-1827.453369
0.363248,0.083164,-1827.648193
0.363644,0.083184,-1827.023071
0.362663,0.082796,-1826.525879
0.361429,0.083856,-1827.348633
0.359462,0.082896,-1826.29895
0.359424,0.083203,-1826.664307
0.355934,0.085255,-1826.511963
0.355934,0.085255,-1826.9729
0.352734,0.083659,-1825.897461
0.355131,0.082824,-1825.891846
0.353324,0.083231,-1826.822998
0.353891,0.08272,-1826.065552
0.353562,0.082105,-1826.773682
0.353562,0.082105,-1824.994629
0.351863,0.083334,-1826.34375
0.352839,0.083668,-1826.113281
0.351475,0.08546,-1825.721191
0.348515,0.084278,-1825.978271
0.350371,0.084959,-1825.976074
0.349373,0.083909,-1826.453979
0.348616,0.081749,-1825.968262
0.347882,0.081454,-1825.727417
0.347882,0.081454,-1825.709106
0.347882,0.081454,-1824.973389
0.35141,0.08169,-1825.721802
0.353413,0.078099,-1825.628296
0.353045,0.078158,-1825.059204
0.353045,0.078158,-1824.904541
0.353233,0.079703,-1825.391602
0.355245,0.077845,-1824.938477
0.353737,0.078191,-1825.06958
0.352189,0.076287,-1824.909424
0.352189,0.076287,-1824.13623
0.355693,0.075437,-1825.760254
0.354706,0.075724,-1825.103394
0.353866,0.075638,-1824.947876
0.351813,0.076169,-1824.90918
0.349326,0.075494,-1824.41687
0.347524,0.077065,-1825.133301
0.345607,0.076067,-1823.619141
0.344617,0.076178,-1823.680176
0.344617,0.076178,-1823.73877
0.34286,0.075102,-1824.158569
0.342929,0.074827,-1824.131714
0.342479,0.073613,-1824.20105
0.341154,0.072966,-1823.848633
0.339889,0.074087,-1824.059082
0.339747,0.072837,-1824.54541
0.339831,0.074616,-1825.516235
0.339075,0.073437,-1824.344849
0.339075,0.073437,-1824.297119
0.341026,0.072498,-1824.80603
0.339862,0.071346,-1824.947021
0.339862,0.071346,-1823.974243
0.338514,0.073285,-1824.385498
0.338514,0.073285,-1823.988525
0.338514,0.073285,-1823.653931
0.340099,0.073326,-1824.285645
0.338261,0.07182,-1823.926758
0.338968,0.070415,-1823.866943
0.338968,0.070415,-1824.039673
0.338968,0.070415,-1823.949463
0.338968,0.070415,-1823.781006
0.341505,0.070505,-1824.343018
0.341505,0.070505,-1824.68457
0.340778,0.071002,-1824.832886
0.341161,0.073056,-1824.444702
0.339614,0.07315,-1823.308594
0.338681,0.073405,-1825.286987
0.339259,0.07271,-1824.504517
0.339259,0.07271,-1824.325195
0.341052,0.073827,-1824.002686
0.341556,0.074907,-1824.266357
0.339132,0.075238,-1824.902588
0.338063,0.075355,-1824.329102
0.334897,0.074855,-1824.831299
0.331502,0.0773,-1825.523804
0.335211,0.080358,-1824.909058
0.335596,0.081132,-1824.897461
0.333587,0.080446,-1825.604248
0.335049,0.07885,-1826.0271
0.334453,0.079731,-1825.561768
0.335966,0.078764,-1825.351929
0.33864,0.078114,-1825.462891
0.340902,0.08184,-1825.251709
0.340902,0.08184,-1824.17627
0.339617,0.080645,-1823.994629
0.340964,0.078911,-1825.016724
0.339826,0.079387,-1824.92688
0.33955,0.080506,-1824.766724
0.339063,0.078738,-1824.751221
0.34278,0.07782,-1824.666016
0.34278,0.07782,-1823.692749
0.341612,0.07872,-1825.036743
0.343966,0.078102,-1824.785034
0.343966,0.078102,-1824.959351
0.34294,0.076809,-1824.350952
0.34294,0.076809,-1824.076416
0.343462,0.077956,-1825.14502
0.345151,0.078265,-1825.351807
0.344607,0.078585,-1824.952759
0.344013,0.079564,-1824.865479
0.346584,0.080442,-1824.821411
0.344489,0.079406,-1825.552612
0.347889,0.079902,-1825.856812
0.347806,0.080436,-1825.288696
0.348261,0.078245,-1826.034668
0.347895,0.079057,-1825.129395
0.350178,0.078735,-1825.42041
0.349529,0.077803,-1825.447632
0.352349,0.07811,-1825.127686
0.353752,0.07875,-1825.710205
0.354915,0.078502,-1825.692139
0.353554,0.078428,-1825.288818
0.35304,0.078296,-1824.5177
0.352191,0.07767,-1825.182373
0.351874,0.07727,-1825.41687
0.351205,0.078021,-1825.40686
0.351205,0.078021,-1824.081543
0.351205,0.078021,-1824.406128
0.353235,0.078754,-1825.294189
0.350978,0.07707,-1824.054688
0.351065,0.076104,-1824.279663
0.349355,0.074911,-1824.274414
0.350339,0.073464,-1823.968628
0.351627,0.073455,-1824.346191
0.350507,0.074297,-1824.690674
0.349812,0.074998,-1824.749634
0.349186,0.072298,-1824.83667
0.348013,0.072067,-1825.054688
0.345243,0.070921,-1824.728882
0.347154,0.072226,-1823.618286
0.346126,0.072728,-1825.189819
0.346596,0.071955,-1824.19043
0.345251,0.073092,-1824.60144
0.345651,0.073589,-1824.381104
0.345651,0.073589,-1824.383057
0.345254,0.072698,-1824.227051
0.347702,0.07258,-1823.545654
0.347543,0.071815,-1825.243286
0.347354,0.070805,-1824.232422
0.347354,0.070805,-1824.041382
0.347139,0.072051,-1824.746094
0.345551,0.072978,-1824.029053
0.345857,0.073227,-1824.554688
0.347439,0.074025,-1823.807251
0.34843,0.071136,-1824.100098
0.34843,0.071136,-1823.891724
0.348819,0.072118,-1824.858398
0.346713,0.072253,-1824.331299
0.344905,0.071291,-1824.38623
0.343356,0.071881,-1823.285889
0.343356,0.071881,-1823.93457
0.343356,0.071881,-1824.430542
0.344427,0.071229,-1823.921509
0.348932,0.07081,-1823.937378
0.348879,0.068886,-1823.634766
0.347964,0.068704,-1824.231812
0.347964,0.068704,-1824.589966
0.346468,0.06829,-1824.388306
0.346189,0.068911,-1825.096558
0.346189,0.068911,-1824.446045
0.346189,0.068911,-1824.189209
0.344744,0.068588,-1823.307739
0.341997,0.068484,-1824.350342
0.340476,0.068931,-1824.2771
0.340476,0.068931,-1824.270508
0.340476,0.068931,-1824.422119
0.342348,0.067538,-1823.979492
0.342348,0.067538,-1823.921387
0.342092,0.06836,-1824.559326
0.341272,0.070646,-1824.711304
0.342218,0.070671,-1824.610962
0.341347,0.071935,-1823.499023
0.341347,0.071935,-1823.819824
0.341242,0.073626,-1824.029175
0.341351,0.074184,-1824.131104
0.340683,0.074108,-1824.745728
0.340683,0.074108,-1823.965332
0.340683,0.074108,-1824.630249
0.342068,0.07422,-1823.684082
0.339744,0.073971,-1824.71167
0.340008,0.073156,-1823.329224
0.342198,0.072889,-1824.11499
0.343093,0.072741,-1824.337158
0.345199,0.073336,-1824.996948
0.345199,0.073336,-1823.83252
0.343607,0.073559,-1823.871582
0.340654,0.074251,-1825.028564
0.340654,0.074251,-1824.178467
0.341249,0.073166,-1824.374268
0.341249,0.073166,-1824.028442
0.341951,0.072215,-1824.024414
0.341951,0.072215,-1823.492676
0.341029,0.072782,-1824.104126
0.341778,0.072707,-1823.89978
0.342162,0.072945,-1823.519775
0.341989,0.072556,-1825.359985
0.340584,0.072289,-1824.384888
0.340707,0.07254,-1824.14978
0.340707,0.07254,-1824.341064
0.340707,0.07254,-1824.098633
0.340707,0.07254,-1824.357178
0.341731,0.070945,-1824.153564
0.342009,0.071886,-1824.369019
0.343571,0.072493,-1823.446289
0.342078,0.073109,-1824.810059
0.342078,0.073109,-1824.022949
0.341255,0.074236,-1824.224487
0.341022,0.074331,-1824.3396
0.341494,0.074137,-1823.846924
0.341864,0.073274,-1824.262573
0.343068,0.074703,-1824.42334
0.344239,0.075788,-1824.095581
0.346666,0.075288,-1824.192871
0.345158,0.076213,-1824.814087
0.346627,0.077052,-1824.804565
0.344895,0.075487,-1823.997314
0.343586,0.073979,-1824.225098
0.343459,0.072025,-1824.449341
0.344243,0.072076,-1824.562012
0.344243,0.072076,-1823.395264
0.347664,0.072862,-1825.213379
0.346699,0.070711,-1825.020996
0.347315,0.071222,-1823.799927
0.344238,0.07099,-1823.967407
0.346071,0.070403,-1824.18335
0.346071,0.070403,-1825.292603
0.345738,0.071326,-1824.873291
0.345816,0.071916,-1824.541138
0.345816,0.071916,-1824.003906
0.346058,0.072322,-1824.748779
0.346058,0.072322,-1823.814575
0.346058,0.072322,-1824.339233
0.346156,0.072789,-1824.421143
0.344151,0.073403,-1824.309814
0.344897,0.074121,-1824.292847
0.344874,0.075703,-1824.5896
0.343505,0.07519,-1823.368408
0.341362,0.074675,-1824.679199
0.339585,0.074006,-1824.035156
0.337957,0.073264,-1823.454346
0.337957,0.073264,-1824.656494
0.336533,0.071609,-1824.591064
0.336614,0.073068,-1824.392334
0.335013,0.073484,-1825.131592
0.334612,0.073721,-1824.73291
0.337075,0.075761,-1824.743286
0.334901,0.076258,-1825.254639
0.336634,0.079288,-1825.218384
0.334021,0.078595,-1825.075806
0.333712,0.077054,-1825.353027
0.336607,0.07824,-1825.355103
0.335595,0.079355,-1825.265015
0.337402,0.079282,-1824.946045
0.337907,0.080796,-1825.749268
0.338294,0.081979,-1825.660767
0.338404,0.082729,-1825.531128
0.338404,0.082729,-1824.787109
0.337775,0.082966,-1825.497925
0.341558,0.0822,-1825.678589
0.340883,0.083991,-1825.764893
0.341496,0.085032,-1825.618164
0.342978,0.084959,-1826.766724
0.342978,0.084959,-1825.740356
0.342978,0.084959,-1825.814697
0.342978,0.084959,-1825.879395
0.341406,0.086667,-1826.490356
0.342081,0.086028,-1826.049561
0.34297,0.083979,-1826.33667
0.341451,0.085143,-1825.736206
0.341451,0.085143,-1826.646484
0.339651,0.083744,-1826.312744
0.339651,0.083744,-1824.872437
0.339651,0.083744,-1825.138672
0.339651,0.083744,-1825.097534
0.339345,0.081878,-1825.786621
0.339479,0.083894,-1825.742554
0.338603,0.0836,-1825.224976
0.340541,0.082348,-1824.63562
0.340541,0.082348,-1824.995728
0.341916,0.081378,-1825.072632
0.339902,0.080254,-1825.240723
0.341083,0.079077,-1825.119141
0.340734,0.079461,-1825.334839
0.338028,0.079217,-1824.547119
0.33938,0.078983,-1825.076904
0.340447,0.078137,-1825.380127
0.340053,0.080158,-1825.36731
0.340053,0.080158,-1824.918823
0.340738,0.081574,-1824.287231
0.342139,0.082394,-1825.384521
0.342492,0.081738,-1825.837891
0.341963,0.082242,-1826.077515
0.342846,0.081469,-1825.435547
0.342846,0.081469,-1825.340698
0.343589,0.08094,-1825.166382
0.342382,0.079696,-1825.211548
0.342848,0.07929,-1825.032227
0.341847,0.078697,-1825.131348
0.341847,0.078697,-1824.298096
0.342141,0.079448,-1825.769653
0.342141,0.079448,-1824.849731
0.342124,0.076867,-1823.967285
0.341282,0.076188,-1823.952881
0.341624,0.077225,-1824.728516
0.342192,0.078331,-1824.977539
0.342993,0.077209,-1825.249634
0.342993,0.077209,-1823.624756
0.342826,0.079061,-1824.978638
0.342826,0.079061,-1824.160889
0.342454,0.07699,-1824.565186
0.342454,0.07699,-1824.534668
0.340011,0.077952,-1824.549316
0.340011,0.077952,-1824.102417
0.340535,0.078935,-1824.201538
0.341106,0.079471,-1824.741943
0.340327,0.077688,-1824.525513
0.339021,0.077616,-1825.816772
0.340361,0.077834,-1825.749268
0.341079,0.075983,-1824.532227
0.338684,0.075186,-1824.63916
0.340873,0.073947,-1824.847656
0.340553,0.072995,-1824.754639
0.340553,0.072995,-1823.541504
0.338322,0.072212,-1824.156494
0.335216,0.072121,-1824.153198
0.335216,0.072121,-1823.74646
0.33417,0.071714,-1824.049438
0.335986,0.071366,-1825.024536
0.335986,0.071366,-1824.877441
0.336167,0.071253,-1824.50647
0.335011,0.070564,-1824.878052
0.333539,0.070402,-1824.468506
0.33063,0.069708,-1825.552734
0.330995,0.071534,-1824.718994
0.330626,0.073749,-1824.971069
0.332043,0.073179,-1824.378174
0.332043,0.073179,-1824.055298
0.331117,0.073636,-1825.102905
0.330522,0.071887,-1824.588867
0.330522,0.071887,-1824.398193
0.330522,0.071887,-1824.295776
0.330796,0.070721,-1824.881836
0.331,0.071214,-1824.134521
0.333055,0.071724,-1824.695557
0.33226,0.071631,-1824.969238
0.332201,0.072518,-1825.312988
0.332201,0.072518,-1824.268311
0.332481,0.070502,-1825.481079
0.332481,0.070502,-1823.768799
0.330376,0.069698,-1824.463501
0.330376,0.069698,-1824.886963
0.330213,0.069336,-1824.894287
0.330014,0.070629,-1825.032959
0.331112,0.071598,-1824.517212
0.331005,0.074884,-1824.502441
0.331005,0.074884,-1823.841064
0.332511,0.074156,-1823.957031
0.331646,0.074165,-1824.776123
0.33232,0.073317,-1825.298828
0.333504,0.074668,-1824.575195
0.334156,0.074823,-1824.874756
0.335327,0.073804,-1825.033081
0.333771,0.074047,-1823.922852
0.333771,0.074047,-1824.334961
0.33216,0.073611,-1825.049561
0.331396,0.075995,-1824.626343
0.331396,0.075995,-1825.422485
0.330899,0.075452,-1825.205078
0.330581,0.07661,-1825.018677
0.331031,0.077715,-1825.557739
0.331297,0.078991,-1824.429932
0.332872,0.080871,-1825.282471
0.331831,0.080809,-1825.890625
0.331437,0.08103,-1826.198853
0.331437,0.08103,-1825.840332
0.331712,0.078243,-1825.831055
0.331712,0.078243,-1825.125977
0.331616,0.077951,-1825.749023
0.33151,0.075712,-1825.049438
0.330712,0.076156,-1824.249756
0.330018,0.074745,-1825.184082
0.328595,0.075974,-1826.409058
0.328595,0.075974,-1824.858398
0.329676,0.075004,-1825.365234
0.329519,0.074466,-1825.14624
0.329519,0.074466,-1825.010254
0.327656,0.074304,-1825.502319
0.328258,0.075102,-1825.184692
0.329903,0.075001,-1825.559692
0.330678,0.073465,-1825.700928
0.329738,0.07517,-1824.891968
0.326889,0.075564,-1825.530762
0.326816,0.074889,-1824.544678
0.331267,0.074216,-1824.726929
0.331267,0.074216,-1824.984863
0.330874,0.074336,-1825.436401
0.330509,0.074528,-1825.210205
0.331852,0.074742,-1825.529053
0.3317,0.075012,-1824.935303
0.331655,0.075059,-1825.079102
0.33301,0.075415,-1824.359619
0.331452,0.074876,-1824.562866
0.331452,0.074876,-1825.118896
0.331452,0.074876,-1824.118896
0.332159,0.074093,-1825.308594
0.332573,0.075032,-1825.566162
0.33347,0.072345,-1825.084229
0.334171,0.072959,-1824.762451
0.33749,0.074611,-1824.782349
0.337404,0.077192,-1824.717285
0.336415,0.075501,-1824.425781
0.336415,0.075501,-1824.09729
0.336688,0.076193,-1824.21582
0.334725,0.074048,-1824.451172
0.334725,0.074048,-1824.44165
0.337164,0.072426,-1824.603394
0.338207,0.07282,-1823.898193
0.340294,0.07365,-1824.655396
0.34001,0.073112,-1824.873535
0.338937,0.074992,-1823.968262
0.340739,0.075389,-1824.11499
0.342484,0.074048,-1824.474609
0.342059,0.075096,-1824.354248
0.343688,0.075154,-1824.125732
0.340461,0.076017,-1824.752563
0.339905,0.076668,-1824.491699
0.337824,0.077335,-1824.463379
0.337824,0.077335,-1824.682983
0.340586,0.075319,-1824.442871
0.340586,0.075319,-1824.399902
0.341812,0.075403,-1824.505737
0.339528,0.075719,-1824.353394
0.336556,0.077776,-1824.371094
0.339195,0.079219,-1825.369141
0.341257,0.079244,-1825.633911
0.34081,0.079159,-1825.177002
0.34081,0.079159,-1824.406982
0.339467,0.077659,-1824.508667
0.34152,0.077523,-1824.186279
0.339753,0.077756,-1823.856201
0.338109,0.077362,-1824.628784
0.335393,0.075875,-1824.85376
0.334623,0.075857,-1825.373413
0.333049,0.07535,-1824.520264
0.334707,0.075686,-1823.844482
0.334516,0.075268,-1824.490479
0.332258,0.075996,-1825.962402
0.328833,0.075953,-1825.871948
0.329164,0.078094,-1825.03186
0.328726,0.077648,-1825.38855
0.32883,0.07673,-1826.073975
0.32883,0.07673,-1825.473877
0.328846,0.077765,-1825.479736
0.330864,0.079166,-1824.818115
0.330864,0.079166,-1825.234375
0.330864,0.079166,-1824.862427
0.329283,0.078395,-1825.50293
0.326379,0.081047,-1826.670776
0.323654,0.0796,-1827.010986
0.32381,0.079635,-1826.615967
0.321642,0.080168,-1827.959839
0.321642,0.080168,-1827.238892
0.323089,0.079984,-1826.347534
0.323089,0.079984,-1826.015747
0.323381,0.078282,-1827.209595
0.32402,0.07964,-1826.02417
0.32673,0.081356,-1825.449951
0.32673,0.081356,-1826.176025
0.32673,0.081356,-1826.603149
0.327622,0.081851,-1826.230225
0.327622,0.081851,-1825.377197
0.330779,0.080951,-1825.859741
0.330779,0.080951,-1825.650513
0.330418,0.081833,-1825.632446
0.329902,0.080854,-1826.363281
0.329898,0.080509,-1825.94397
0.331266,0.081257,-1826.308105
0.331761,0.08109,-1825.520752
0.333459,0.080617,-1825.135742
0.337696,0.081195,-1826.240723
0.336827,0.080614,-1825.455811
0.338202,0.080266,-1825.140625
0.338202,0.080266,-1824.734619
0.336912,0.079614,-1824.860596
0.334423,0.079552,-1826.055176
0.333649,0.081092,-1826.022827
0.333512,0.079731,-1825.404785
0.333512,0.079731,-1824.874268
0.332939,0.079593,-1824.959473
0.332017,0.0818,-1825.597168
0.332017,0.0818,-1825.889648
0.332841,0.081669,-1826.404053
0.334077,0.080045,-1824.757568
0.333645,0.079934,-1825.3396
0.333645,0.079934,-1824.763916
0.334068,0.080356,-1825.712646
0.334015,0.07884,-1825.452881
0.33302,0.079083,-1825.435059
0.330581,0.07878,-1825.119263
0.330581,0.07878,-1824.928711
0.33028,0.078902,-1825.761475
0.33028,0.078902,-1825.161011
0.328148,0.078336,-1825.379761
0.326955,0.080167,-1825.919922
0.326955,0.080167,-1825.81311
0.328795,0.079665,-1826.318848
0.328795,0.079665,-1826.349609
0.328795,0.079665,-1826.078491
0.328795,0.079665,-1825.371094
0.326323,0.0809,-1826.458984
0.328045,0.079886,-1826.34729
0.329138,0.079447,-1825.824829
0.331764,0.077535,-1824.583496
0.330634,0.078344,-1825.601318
0.330634,0.078344,-1825.289551
0.330634,0.078344,-1824.983765
0.330634,0.078344,-1825.619873
0.330634,0.078344,-1825.365356
0.330615,0.077778,-1825.950928
0.329602,0.075271,-1825.414307
0.329737,0.073913,-1824.912354
0.330982,0.073751,-1824.732788
0.329909,0.075184,-1826.206055
0.330179,0.074004,-1826.250366
0.330179,0.074004,-1824.648682
0.331956,0.074027,-1824.381958
0.329361,0.072696,-1824.492432
0.327918,0.07324,-1825.735474
0.324687,0.07274,-1826.61084
0.327927,0.072767,-1825.389648
0.327604,0.075338,-1824.986328
0.328535,0.075347,-1825.777344
0.330721,0.075171,-1825.078613
0.330721,0.075171,-1824.807617
0.332136,0.074377,-1824.974731
0.331074,0.074551,-1824.292236
0.331074,0.074551,-1824.583862
0.329706,0.072162,-1825.829102
0.329706,0.072162,-1824.58606
0.330389,0.072456,-1824.026978
0.330489,0.071683,-1824.230957
0.330548,0.07086,-1825.091309
0.329575,0.071574,-1824.672363
0.327835,0.071248,-1824.772705
0.329118,0.072046,-1824.782715
0.332508,0.07199,-1825.365967
0.334618,0.071696,-1824.001221
0.335473,0.071344,-1824.654297
0.335942,0.071475,-1825.058716
0.335537,0.071544,-1824.394531
0.335642,0.070968,-1824.163086
0.337239,0.069878,-1824.626953
0.336094,0.069321,-1824.39209
0.336094,0.069321,-1824.918945
0.337775,0.071314,-1823.754883
0.338171,0.072237,-1823.881104
0.33653,0.070959,-1824.453125
0.33653,0.070959,-1824.203369
0.335581,0.067904,-1824.913086
0.334967,0.066712,-1824.982666
0.337329,0.066735,-1824.481689
0.336826,0.065387,-1824.07373
0.336826,0.065387,-1824.086548
0.339507,0.066016,-1824.737793
0.340367,0.068028,-1824.641235
0.340316,0.067419,-1824.192383
0.33881,0.069126,-1824.282227
0.33881,0.069126,-1824.105469
0.338896,0.068628,-1824.929932
0.338896,0.068628,-1824.687622
0.340439,0.068028,-1825.280884
0.340798,0.067608,-1824.241699
0.341236,0.067362,-1824.237061
0.341061,0.066556,-1824.317871
0.343246,0.065907,-1824.147339
0.343246,0.065907,-1824.520752
0.344672,0.06545,-1825.133301
0.34551,0.065113,-1824.112061
0.344574,0.065146,-1824.255127
0.344574,0.065146,-1824.058228
0.344044,0.06421,-1824.653687
0.340411,0.065391,-1824.161621
0.340411,0.065391,-1824.115723
0.340411,0.065391,-1824.522461
0.34221,0.063837,-1824.538208
0.338374,0.064118,-1824.093506
0.338067,0.063982,-1824.936768
0.336532,0.062097,-1824.882446
0.331964,0.061322,-1825.996582
0.330966,0.062807,-1825.243286
0.328859,0.061846,-1825.499023
0.327748,0.062109,-1825.8125
0.327748,0.062109,-1825.682373
0.327748,0.062109,-1826.21582
0.329442,0.063793,-1826.151367
0.329442,0.063793,-1825.611084
0.329464,0.06443,-1826.972412
0.332869,0.063247,-1825.771729
0.333828,0.065412,-1825.359863
0.333828,0.065412,-1823.893066
0.335403,0.066416,-1825.026855
0.334301,0.068185,-1824.715088
0.334301,0.068185,-1824.272949
0.337261,0.06931,-1824.717529
0.336829,0.070707,-1823.824219
0.336829,0.070707,-1824.168823
0.336829,0.070707,-1824.460571
0.337003,0.069051,-1824.668579
0.335279,0.066975,-1824.345825
0.335279,0.066975,-1824.532227
0.334702,0.068395,-1824.595947
0.336219,0.068926,-1824.467285
0.337067,0.067053,-1824.55835
0.336287,0.067141,-1825.217896
0.336758,0.065455,-1824.915894
0.336909,0.066763,-1824.931152
0.336738,0.06722,-1824.666992
0.338278,0.06831,-1823.990845
0.337095,0.067793,-1824.717651
0.335091,0.068469,-1824.211914
0.337573,0.068589,-1824.21228
0.339241,0.069153,-1824.553955
0.339241,0.069153,-1823.731567
0.340975,0.067569,-1823.843628
0.340201,0.066292,-1824.13208
0.33733,0.067319,-1824.299316
0.339069,0.065742,-1823.998291
0.339506,0.065261,-1824.517822
0.339506,0.065261,-1824.06958
0.340518,0.064859,-1824.319214
0.338048,0.06458,-1824.67749
0.338048,0.06458,-1824.096924
0.338048,0.06458,-1824.634644
0.338048,0.06458,-1824.178223
0.340093,0.065752,-1824.135254
0.339916,0.064367,-1824.769287
0.339916,0.064367,-1824.571289
0.339916,0.064367,-1824.22937
0.342483,0.062435,-1825.057251
0.343697,0.062444,-1824.179199
0.342537,0.061915,-1824.60144
0.343396,0.059584,-1825.28772
0.346064,0.060645,-1825.502197
0.345817,0.060563,-1824.627686
0.347512,0.060463,-1824.556152
0.34541,0.060396,-1825.114136
0.344871,0.060326,-1825.476196
0.344871,0.060326,-1824.845947
0.344487,0.059793,-1824.616943
0.345799,0.060249,-1825.341919
0.348646,0.059277,-1824.896362
0.348592,0.060097,-1825.925415
0.348592,0.060097,-1824.93042
0.348895,0.059447,-1825.388672
0.348272,0.061531,-1825.396484
0.349735,0.063493,-1824.675049
0.350667,0.063851,-1825.395508
0.352497,0.064766,-1824.12793
0.352887,0.065284,-1823.273315
0.352887,0.065284,-1824.037354
0.354067,0.062794,-1825.372437
0.350641,0.062295,-1825.63855
0.350989,0.063384,-1825.016602
0.350484,0.063086,-1823.888672
0.350617,0.063674,-1824.458984
0.351039,0.063461,-1824.598511
0.349062,0.064087,-1824.348389
0.348835,0.062352,-1824.841187
0.348835,0.062352,-1824.05603
0.350187,0.061466,-1825.411987
0.350926,0.061119,-1825.061035
0.349985,0.062359,-1825.636719
0.349462,0.061497,-1824.680664
0.352857,0.062907,-1824.224731
0.353532,0.06374,-1825.435547
0.354471,0.064275,-1825.059082
0.356087,0.066184,-1824.449585
0.357033,0.066421,-1825.349487
0.357396,0.064644,-1824.882568
0.357396,0.064644,-1825.021973
0.355563,0.064473,-1825.613892
0.356093,0.063385,-1824.519165
0.356379,0.06203,-1826.036133
0.357844,0.061131,-1825.581543
0.357844,0.061131,-1825.554932
0.356596,0.061038,-1824.97998
0.357344,0.061244,-1825.570557
0.354916,0.062138,-1825.007812
0.356104,0.063339,-1825.852539
0.355046,0.064348,-1825.137451
0.355065,0.063929,-1825.142212
0.355625,0.062836,-1824.727051
0.357664,0.063533,-1826.029297
0.356735,0.065365,-1824.751953
0.356291,0.063589,-1824.862793
0.356291,0.063589,-1824.792236
0.355695,0.06349,-1826.430664
0.3549,0.064216,-1825.726807
0.353446,0.064137,-1824.858154
0.351939,0.063023,-1824.910156
0.35275,0.064553,-1824.875732
0.351915,0.064795,-1825.348999
0.351617,0.064809,-1824.552246
0.351739,0.061412,-1824.495117
0.350653,0.061064,-1825.059326
0.350653,0.061064,-1824.794434
0.346711,0.059255,-1825.047363
0.346711,0.059255,-1825.297363
0.346806,0.059258,-1824.788086
0.34545,0.059343,-1825.27417
0.346619,0.060102,-1825.965088
0.346619,0.060102,-1824.521851
0.345684,0.060015,-1824.813965
0.344062,0.05958,-1825.758545
0.344236,0.060559,-1824.445801
0.344577,0.061106,-1826.076782
0.348952,0.061601,-1825.184937
0.346626,0.063462,-1824.459351
0.346626,0.063462,-1823.860596
0.346626,0.063462,-1824.482178
0.344385,0.063139,-1824.513794
0.34343,0.06358,-1824.793335
0.343384,0.062105,-1825.211182
0.341473,0.062371,-1824.815308
0.34271,0.063905,-1824.030518
0.34422,0.065039,-1823.020752
0.34222,0.06516,-1824.572998
0.344062,0.064962,-1823.555542
0.344329,0.064431,-1824.265991
0.341888,0.063815,-1824.459595
0.341888,0.063815,-1824.19458
0.341897,0.066121,-1825.466675
0.341693,0.064712,-1823.636963
0.342106,0.063575,-1824.288086
0.343861,0.064156,-1824.835083
0.344409,0.065648,-1824.571289
0.344943,0.06487,-1824.351807
0.346477,0.066296,-1823.723877
0.344738,0.064851,-1824.172119
0.347386,0.06485,-1824.765747
0.348415,0.064132,-1824.051147
0.348761,0.062898,-1824.560913
0.349016,0.062543,-1824.417114
0.349016,0.062543,-1824.848389
0.351377,0.065089,-1825.775635
0.350463,0.063648,-1824.67688
0.351291,0.062362,-1825.286255
0.351925,0.06243,-1824.985596
0.35354,0.062395,-1825.286499
0.353993,0.062196,-1824.875244
0.355241,0.062565,-1824.962158
0.353941,0.064037,-1825.322266
0.354903,0.064653,-1825.11084
0.354903,0.064653,-1825.111084
0.354592,0.063459,-1824.966064
0.35606,0.064344,-1824.357666
0.35606,0.064344,-1824.760986
0.353499,0.064398,-1824.718872
0.354178,0.065092,-1824.43457
0.353846,0.063542,-1824.578613
0.358023,0.063782,-1825.797852
0.356301,0.063367,-1826.244995
0.356274,0.062528,-1825.598877
0.357581,0.062261,-1825.345947
0.356249,0.06274,-1825.897095
0.358092,0.061994,-1825.492554
0.35833,0.061512,-1826.131836
0.357062,0.06218,-1824.944702
0.357519,0.062584,-1825.653809
0.357213,0.06258,-1825.17334
0.358657,0.062231,-1825.034912
0.358117,0.061192,-1825.991455
0.357001,0.060672,-1825.854614
0.35648,0.060335,-1825.57251
0.353873,0.060684,-1824.844604
0.35217,0.061377,-1824.853027
0.353439,0.059295,-1825.81543
0.354629,0.058092,-1826.157593
0.354087,0.056664,-1825.828735
0.352322,0.057398,-1825.562988
0.348312,0.056666,-1825.655518
0.349532,0.056503,-1825.307129
0.348687,0.057169,-1825.67749
0.348687,0.057169,-1825.934692
0.350496,0.058927,-1826.743164
0.349586,0.058948,-1825.533936
0.350803,0.057562,-1825.97522
0.350803,0.057562,-1825.499634
0.35186,0.058013,-1825.466797
0.349723,0.056363,-1826.32959
0.350657,0.057022,-1826.019531
0.350529,0.058683,-1825.627686
0.350599,0.058669,-1824.990723
0.351637,0.056987,-1825.79834
0.351637,0.056987,-1825.929321
0.351984,0.055676,-1826.079102
0.351041,0.056051,-1826.094482
0.350026,0.053862,-1826.47937
0.350026,0.053862,-1826.446411
0.352049,0.054369,-1826.552734
0.349027,0.053275,-1826.970947
0.349468,0.05373,-1826.824463
0.348907,0.053135,-1827.056885
0.347989,0.052258,-1827.703857
0.34772,0.051937,-1827.281494
0.344128,0.051663,-1827.519775
0.344172,0.05062,-1827.419556
0.345732,0.050962,-1827.717041
0.34551,0.05299,-1826.348999
0.34716,0.054653,-1826.469849
0.34716,0.054653,-1826.777466
0.347241,0.054923,-1826.642822
0.349999,0.054858,-1826.20166
0.352695,0.055159,-1826.338989
0.355587,0.054361,-1827.120483
0.355587,0.054361,-1826.718872
0.355336,0.054485,-1825.85791
0.355336,0.054485,-1827.362793
0.357117,0.055718,-1825.839478
0.356419,0.056037,-1826.73584
0.354693,0.057849,-1825.628784
0.354372,0.059888,-1824.612549
0.352523,0.061468,-1824.70813
0.351029,0.062623,-1824.680664
0.351111,0.061988,-1824.669067
0.351111,0.061988,-1825.897095
0.351831,0.061708,-1824.822998
0.352157,0.062536,-1825.392578
0.349523,0.062503,-1825.589233
0.348428,0.062546,-1825.354126
0.350603,0.064213,-1824.101562
0.353172,0.063283,-1825.331787
0.352246,0.062463,-1825.614258
0.350208,0.060253,-1824.844116
0.347939,0.06074,-1824.767212
0.351485,0.059775,-1824.677856
0.351919,0.060049,-1826.467041
0.350742,0.059502,-1825.209595
0.350742,0.059502,-1824.791382
0.352828,0.060585,-1825.365845
0.353684,0.06151,-1825.627075
0.352908,0.060706,-1825.642578
0.352469,0.059608,-1825.498779
0.352469,0.059608,-1825.236328
0.35168,0.059855,-1825.896729
0.35168,0.059855,-1825.562866
0.352842,0.061375,-1825.460938
0.351885,0.062056,-1824.974365
0.351806,0.062215,-1825.386108
0.352593,0.060958,-1824.623413
0.352593,0.060958,-1825.256714
0.352593,0.060958,-1825.149658
0.352593,0.060958,-1824.697021
0.3511,0.06131,-1824.470825
0.351372,0.059296,-1825.72998
0.351782,0.060309,-1824.907715
0.35542,0.062476,-1825.087646
0.35542,0.062476,-1825.122559
0.35542,0.062476,-1824.984253
0.355015,0.063619,-1824.906494
0.352409,0.064094,-1825.11377
0.352165,0.063765,-1824.909058
0.353231,0.063021,-1825.282959
0.353913,0.065304,-1825.164551
0.353913,0.065304,-1825.146729
0.353913,0.065304,-1824.323486
0.351001,0.064648,-1824.914795
0.348787,0.063838,-1824.103149
0.348787,0.063838,-1825.045044
0.348787,0.063838,-1824.762451
0.349804,0.06528,-1824.13562
0.349804,0.06528,-1824.680664
0.347688,0.066031,-1824.130493
0.346429,0.066653,-1824.447144
0.346984,0.065691,-1824.421021
0.350002,0.066403,-1825.073853
0.350408,0.067581,-1824.909912
0.351246,0.067998,-1824.060913
0.351726,0.066045,-1824.918213
0.352064,0.0671,-1824.040771
0.351633,0.066578,-1824.602783
0.350015,0.06525,-1823.954468
0.350015,0.06525,-1824.492188
0.348901,0.065934,-1823.699463
0.345787,0.066544,-1824.997559
0.344375,0.069561,-1824.865479
0.342511,0.069496,-1824.881592
0.340995,0.068676,-1824.209717
0.340995,0.068676,-1824.151367
0.341889,0.06789,-1824.538208
0.342068,0.066598,-1823.632812
0.344675,0.065231,-1824.880859
0.344675,0.065231,-1823.242065
0.344675,0.065231,-1824.267578
0.346874,0.064757,-1824.022949
0.347224,0.064431,-1824.653809
0.346985,0.065839,-1824.462891
0.346778,0.067691,-1824.391724
0.346682,0.066569,-1824.55188
0.346682,0.066569,-1824.122803
0.34343,0.069109,-1824.213745
0.344415,0.069194,-1824.131592
0.344415,0.069194,-1823.791992
0.347359,0.069232,-1824.397583
0.347359,0.069232,-1823.95874
0.347359,0.069232,-1824.008545
0.348493,0.066723,-1824.691772
0.34736,0.064825,-1824.339111
0.349839,0.062381,-1824.645386
0.351365,0.060692,-1824.755981
0.35042,0.063429,-1825.215698
0.350167,0.063433,-1825.344971
0.349724,0.06354,-1824.58313
0.349724,0.06354,-1824.625977
0.346395,0.064301,-1824.414062
0.348481,0.065471,-1824.459473
0.346807,0.065813,-1824.633545
0.347992,0.065155,-1824.503906
0.348984,0.06339,-1825.032837
0.346491,0.065166,-1824.539307
0.346491,0.065166,-1824.14978
0.348069,0.065161,-1825.532471
0.350066,0.065581,-1824.880249
0.351686,0.066972,-1825.094482
0.347991,0.066974,-1824.235352
0.348562,0.066292,-1824.884277
0.348096,0.065383,-1823.851074
0.349146,0.064497,-1825.554688
0.348434,0.064691,-1825.498291
0.348434,0.064691,-1824.084595
0.348434,0.064691,-1824.679932
0.348045,0.065525,-1824.180176
0.346632,0.064808,-1824.922852
0.346632,0.064808,-1823.648682
0.348205,0.064991,-1824.180176
0.349902,0.06411,-1824.121338
0.349226,0.063564,-1825.308838
0.351294,0.064182,-1825.143921
0.350215,0.063875,-1824.935181
0.347961,0.064295,-1823.508667
0.350906,0.064491,-1824.172119
0.350906,0.064491,-1823.769409
0.350906,0.064491,-1824.171265
0.350885,0.063706,-1824.747925
0.35197,0.062773,-1824.852173
0.351421,0.060483,-1825.404663
0.348726,0.059403,-1824.775757
0.345361,0.060206,-1824.394409
0.345066,0.060558,-1824.578369
0.343235,0.061158,-1825.410889
0.343582,0.062535,-1825.072021
0.342554,0.061852,-1824.50415
0.343501,0.06134,-1824.229004
0.342807,0.061381,-1824.281982
0.340346,0.060268,-1824.761475
0.337762,0.058201,-1825.359253
0.339431,0.059735,-1826.038696
0.339712,0.058792,-1825.133789
0.339712,0.058792,-1825.582275
0.339765,0.059383,-1825.473267
0.335563,0.059616,-1825.556152
0.335262,0.058142,-1826.349609
0.334883,0.058312,-1825.983887
0.337076,0.060914,-1825.342651
0.336839,0.061586,-1825.064209
0.339522,0.062467,-1824.192505
0.339346,0.063881,-1824.685669
0.340916,0.062811,-1824.231445
0.340916,0.062811,-1824.626465
