idx,alpha,mu,omega,rho,loglike
0,0.05,0.38,0.0,0.06,-2172.75634765625
1,0.05,0.38,0.0,0.0632,-2126.4248046875
2,0.05,0.38,0.0,0.0664,-2126.19580078125
3,0.05,0.38,0.0,0.0696,-2129.63525390625
4,0.05,0.38,0.0,0.0728,-2083.376953125
5,0.05,0.38,0.0,0.076,-2120.516357421875
6,0.05,0.38,0.0,0.0792,-2131.53125
7,0.05,0.38,0.0,0.0824,-2144.825927734375
8,0.05,0.38,0.0,0.0856,-2131.193359375
9,0.05,0.38,0.0,0.0888,-2139.851806640625
10,0.05,0.38,0.0,0.092,-2124.99365234375
11,0.05,0.38,0.0,0.0952,-2133.68701171875
12,0.05,0.38,0.0,0.0984,-2116.94482421875
13,0.05,0.38,0.0,0.1016,-2082.31494140625
14,0.05,0.38,0.0,0.1048,-2109.750244140625
15,0.05,0.38,0.0,0.108,-2075.986572265625
16,0.05,0.38,0.0,0.1112,-2105.64013671875
17,0.05,0.38,0.0,0.1144,-2127.64306640625
18,0.05,0.38,0.0,0.1176,-2100.92529296875
19,0.05,0.38,0.0,0.1208,-2097.51416015625
20,0.05,0.38,0.0,0.124,-2128.65087890625
21,0.05,0.38,0.0,0.1272,-2072.6494140625
22,0.05,0.38,0.0,0.1304,-2147.083251953125
23,0.05,0.38,0.0,0.1336,-2131.5146484375
24,0.05,0.38,0.0,0.1368,-2102.55224609375
25,0.05,0.38,0.0,0.14,-2108.424560546875
26,0.05,0.38,0.0,0.1432,-2140.80419921875
27,0.05,0.38,0.0,0.1464,-2059.61669921875
28,0.05,0.38,0.0,0.1496,-2115.60302734375
29,0.05,0.38,0.0,0.1528,-2133.31982421875
30,0.05,0.38,0.0,0.156,-2132.15771484375
31,0.05,0.38,0.0,0.1592,-2075.007568359375
32,0.05,0.38,0.0,0.1624,-2095.1142578125
33,0.05,0.38,0.0,0.1656,-2123.80126953125
34,0.05,0.38,0.0,0.1688,-2133.0986328125
35,0.05,0.38,0.0,0.172,-2122.013916015625
36,0.05,0.38,0.0,0.1752,-2099.982421875
37,0.05,0.38,0.0,0.1784,-2133.52294921875
38,0.05,0.38,0.0,0.1816,-2122.95458984375
39,0.05,0.38,0.0,0.1848,-2138.08154296875
40,0.05,0.38,0.0,0.188,-2127.369873046875
41,0.05,0.38,0.0,0.1912,-2126.122314453125
42,0.05,0.38,0.0,0.1944,-2084.189453125
43,0.05,0.38,0.0,0.1976,-2105.59326171875
44,0.05,0.38,0.0,0.2008,-2161.3046875
45,0.05,0.38,0.0,0.204,-2130.55615234375
46,0.05,0.38,0.0,0.2072,-2125.49609375
47,0.05,0.38,0.0,0.2104,-2116.912109375
48,0.05,0.38,0.0,0.2136,-2094.9833984375
49,0.05,0.38,0.0,0.2168,-2117.494140625
50,0.05,0.38,0.0,0.22,-2134.43359375
51,0.05,0.3824,0.0,0.06,-2088.31640625
52,0.05,0.3824,0.0,0.0632,-2113.04296875
53,0.05,0.3824,0.0,0.0664,-2132.96923828125
54,0.05,0.3824,0.0,0.0696,-2102.83056640625
55,0.05,0.3824,0.0,0.0728,-2092.575439453125
56,0.05,0.3824,0.0,0.076,-2130.15185546875
57,0.05,0.3824,0.0,0.0792,-2112.45361328125
58,0.05,0.3824,0.0,0.0824,-2091.68359375
59,0.05,0.3824,0.0,0.0856,-2138.78125
60,0.05,0.3824,0.0,0.0888,-2121.81396484375
61,0.05,0.3824,0.0,0.092,-2087.70166015625
62,0.05,0.3824,0.0,0.0952,-2080.83203125
63,0.05,0.3824,0.0,0.0984,-2125.666015625
64,0.05,0.3824,0.0,0.1016,-2138.417236328125
65,0.05,0.3824,0.0,0.1048,-2081.855712890625
66,0.05,0.3824,0.0,0.108,-2069.880859375
67,0.05,0.3824,0.0,0.1112,-2107.93505859375
68,0.05,0.3824,0.0,0.1144,-2087.423828125
69,0.05,0.3824,0.0,0.1176,-2107.87060546875
70,0.05,0.3824,0.0,0.1208,-2077.947021484375
71,0.05,0.3824,0.0,0.124,-2085.797119140625
72,0.05,0.3824,0.0,0.1272,-2112.53466796875
73,0.05,0.3824,0.0,0.1304,-2080.0908203125
74,0.05,0.3824,0.0,0.1336,-2112.025390625
75,0.05,0.3824,0.0,0.1368,-2061.056640625
76,0.05,0.3824,0.0,0.14,-2063.570068359375
77,0.05,0.3824,0.0,0.1432,-2064.830322265625
78,0.05,0.3824,0.0,0.1464,-2116.45703125
79,0.05,0.3824,0.0,0.1496,-2069.91455078125
80,0.05,0.3824,0.0,0.1528,-2063.971435546875
81,0.05,0.3824,0.0,0.156,-2092.2890625
82,0.05,0.3824,0.0,0.1592,-2122.373779296875
83,0.05,0.3824,0.0,0.1624,-2070.131591796875
84,0.05,0.3824,0.0,0.1656,-2114.90673828125
85,0.05,0.3824,0.0,0.1688,-2099.39111328125
86,0.05,0.3824,0.0,0.172,-2076.1044921875
87,0.05,0.3824,0.0,0.1752,-2114.49853515625
88,0.05,0.3824,0.0,0.1784,-2097.35693359375
89,0.05,0.3824,0.0,0.1816,-2077.22021484375
90,0.05,0.3824,0.0,0.1848,-2081.469482421875
91,0.05,0.3824,0.0,0.188,-2118.683349609375
92,0.05,0.3824,0.0,0.1912,-2108.00927734375
93,0.05,0.3824,0.0,0.1944,-2070.09521484375
94,0.05,0.3824,0.0,0.1976,-2103.80029296875
95,0.05,0.3824,0.0,0.2008,-2107.99853515625
96,0.05,0.3824,0.0,0.204,-2101.354248046875
97,0.05,0.3824,0.0,0.2072,-2109.980224609375
98,0.05,0.3824,0.0,0.2104,-2079.67041015625
99,0.05,0.3824,0.0,0.2136,-2122.576171875
100,0.05,0.3824,0.0,0.2168,-2094.2939453125
101,0.05,0.3824,0.0,0.22,-2110.20361328125
102,0.05,0.3848,0.0,0.06,-2146.2939453125
103,0.05,0.3848,0.0,0.0632,-2093.7568359375
104,0.05,0.3848,0.0,0.0664,-2106.349365234375
105,0.05,0.3848,0.0,0.0696,-2098.669921875
106,0.05,0.3848,0.0,0.0728,-2138.3427734375
107,0.05,0.3848,0.0,0.076,-2072.53173828125
108,0.05,0.3848,0.0,0.0792,-2114.6455078125
109,0.05,0.3848,0.0,0.0824,-2134.4462890625
110,0.05,0.3848,0.0,0.0856,-2084.07958984375
111,0.05,0.3848,0.0,0.0888,-2082.8818359375
112,0.05,0.3848,0.0,0.092,-2065.3115234375
113,0.05,0.3848,0.0,0.0952,-2106.62158203125
114,0.05,0.3848,0.0,0.0984,-2105.575927734375
115,0.05,0.3848,0.0,0.1016,-2074.96875
116,0.05,0.3848,0.0,0.1048,-2089.3759765625
117,0.05,0.3848,0.0,0.108,-2088.117431640625
118,0.05,0.3848,0.0,0.1112,-2089.091064453125
119,0.05,0.3848,0.0,0.1144,-2082.848876953125
120,0.05,0.3848,0.0,0.1176,-2125.286376953125
121,0.05,0.3848,0.0,0.1208,-2064.5595703125
122,0.05,0.3848,0.0,0.124,-2063.6171875
123,0.05,0.3848,0.0,0.1272,-2079.8515625
124,0.05,0.3848,0.0,0.1304,-2116.9892578125
125,0.05,0.3848,0.0,0.1336,-2135.744140625
126,0.05,0.3848,0.0,0.1368,-2086.0888671875
127,0.05,0.3848,0.0,0.14,-2067.77587890625
128,0.05,0.3848,0.0,0.1432,-2093.4404296875
129,0.05,0.3848,0.0,0.1464,-2103.17578125
130,0.05,0.3848,0.0,0.1496,-2076.8486328125
131,0.05,0.3848,0.0,0.1528,-2080.86474609375
132,0.05,0.3848,0.0,0.156,-2070.4267578125
133,0.05,0.3848,0.0,0.1592,-2086.2724609375
134,0.05,0.3848,0.0,0.1624,-2099.38623046875
135,0.05,0.3848,0.0,0.1656,-2098.445068359375
136,0.05,0.3848,0.0,0.1688,-2086.230224609375
137,0.05,0.3848,0.0,0.172,-2091.019287109375
138,0.05,0.3848,0.0,0.1752,-2094.567626953125
139,0.05,0.3848,0.0,0.1784,-2081.42431640625
140,0.05,0.3848,0.0,0.1816,-2072.77587890625
141,0.05,0.3848,0.0,0.1848,-2078.41845703125
142,0.05,0.3848,0.0,0.188,-2106.01708984375
143,0.05,0.3848,0.0,0.1912,-2094.08984375
144,0.05,0.3848,0.0,0.1944,-2067.507080078125
145,0.05,0.3848,0.0,0.1976,-2099.380615234375
146,0.05,0.3848,0.0,0.2008,-2089.41796875
147,0.05,0.3848,0.0,0.204,-2079.130859375
148,0.05,0.3848,0.0,0.2072,-2102.17236328125
149,0.05,0.3848,0.0,0.2104,-2117.891845703125
150,0.05,0.3848,0.0,0.2136,-2114.098876953125
151,0.05,0.3848,0.0,0.2168,-2119.4072265625
152,0.05,0.3848,0.0,0.22,-2123.46533203125
153,0.05,0.3872,0.0,0.06,-2085.19580078125
154,0.05,0.3872,0.0,0.0632,-2087.486083984375
155,0.05,0.3872,0.0,0.0664,-2073.4892578125
156,0.05,0.3872,0.0,0.0696,-2083.17724609375
157,0.05,0.3872,0.0,0.0728,-2077.08251953125
158,0.05,0.3872,0.0,0.076,-2067.3076171875
159,0.05,0.3872,0.0,0.0792,-2078.466552734375
160,0.05,0.3872,0.0,0.0824,-2072.98095703125
161,0.05,0.3872,0.0,0.0856,-2095.63134765625
162,0.05,0.3872,0.0,0.0888,-2090.198974609375
163,0.05,0.3872,0.0,0.092,-2063.4638671875
164,0.05,0.3872,0.0,0.0952,-2098.015380859375
165,0.05,0.3872,0.0,0.0984,-2107.2587890625
166,0.05,0.3872,0.0,0.1016,-2056.64208984375
167,0.05,0.3872,0.0,0.1048,-2088.142578125
168,0.05,0.3872,0.0,0.108,-2079.9599609375
169,0.05,0.3872,0.0,0.1112,-2070.185302734375
170,0.05,0.3872,0.0,0.1144,-2064.3759765625
171,0.05,0.3872,0.0,0.1176,-2090.047119140625
172,0.05,0.3872,0.0,0.1208,-2088.4423828125
173,0.05,0.3872,0.0,0.124,-2050.22314453125
174,0.05,0.3872,0.0,0.1272,-2084.97265625
175,0.05,0.3872,0.0,0.1304,-2090.513427734375
176,0.05,0.3872,0.0,0.1336,-2085.79052734375
177,0.05,0.3872,0.0,0.1368,-2082.0224609375
178,0.05,0.3872,0.0,0.14,-2086.12451171875
179,0.05,0.3872,0.0,0.1432,-2086.8232421875
180,0.05,0.3872,0.0,0.1464,-2054.76220703125
181,0.05,0.3872,0.0,0.1496,-2057.664794921875
182,0.05,0.3872,0.0,0.1528,-2076.136962890625
183,0.05,0.3872,0.0,0.156,-2063.351806640625
184,0.05,0.3872,0.0,0.1592,-2075.574462890625
185,0.05,0.3872,0.0,0.1624,-2072.64697265625
186,0.05,0.3872,0.0,0.1656,-2072.964599609375
187,0.05,0.3872,0.0,0.1688,-2077.09423828125
188,0.05,0.3872,0.0,0.172,-2073.0
189,0.05,0.3872,0.0,0.1752,-2080.0458984375
190,0.05,0.3872,0.0,0.1784,-2087.08984375
191,0.05,0.3872,0.0,0.1816,-2071.212890625
192,0.05,0.3872,0.0,0.1848,-2101.16064453125
193,0.05,0.3872,0.0,0.188,-2092.10595703125
194,0.05,0.3872,0.0,0.1912,-2067.44384765625
195,0.05,0.3872,0.0,0.1944,-2114.9365234375
196,0.05,0.3872,0.0,0.1976,-2090.0126953125
197,0.05,0.3872,0.0,0.2008,-2105.66357421875
198,0.05,0.3872,0.0,0.204,-2095.97705078125
199,0.05,0.3872,0.0,0.2072,-2104.09521484375
200,0.05,0.3872,0.0,0.2104,-2093.414794921875
201,0.05,0.3872,0.0,0.2136,-2101.890380859375
202,0.05,0.3872,0.0,0.2168,-2081.318115234375
203,0.05,0.3872,0.0,0.22,-2086.86474609375
204,0.05,0.3896,0.0,0.06,-2124.517822265625
205,0.05,0.3896,0.0,0.0632,-2088.002685546875
206,0.05,0.3896,0.0,0.0664,-2079.80224609375
207,0.05,0.3896,0.0,0.0696,-2072.699462890625
208,0.05,0.3896,0.0,0.0728,-2078.210693359375
209,0.05,0.3896,0.0,0.076,-2094.356201171875
210,0.05,0.3896,0.0,0.0792,-2084.8740234375
211,0.05,0.3896,0.0,0.0824,-2072.21435546875
212,0.05,0.3896,0.0,0.0856,-2075.40771484375
213,0.05,0.3896,0.0,0.0888,-2071.61474609375
214,0.05,0.3896,0.0,0.092,-2070.22119140625
215,0.05,0.3896,0.0,0.0952,-2073.386962890625
216,0.05,0.3896,0.0,0.0984,-2089.100341796875
217,0.05,0.3896,0.0,0.1016,-2076.05419921875
218,0.05,0.3896,0.0,0.1048,-2071.423095703125
219,0.05,0.3896,0.0,0.108,-2062.02490234375
220,0.05,0.3896,0.0,0.1112,-2081.21435546875
221,0.05,0.3896,0.0,0.1144,-2088.8857421875
222,0.05,0.3896,0.0,0.1176,-2058.2197265625
223,0.05,0.3896,0.0,0.1208,-2058.039794921875
224,0.05,0.3896,0.0,0.124,-2088.99365234375
225,0.05,0.3896,0.0,0.1272,-2073.544921875
226,0.05,0.3896,0.0,0.1304,-2055.943359375
227,0.05,0.3896,0.0,0.1336,-2063.07275390625
228,0.05,0.3896,0.0,0.1368,-2085.2060546875
229,0.05,0.3896,0.0,0.14,-2087.71044921875
230,0.05,0.3896,0.0,0.1432,-2071.84375
231,0.05,0.3896,0.0,0.1464,-2059.021484375
232,0.05,0.3896,0.0,0.1496,-2079.66064453125
233,0.05,0.3896,0.0,0.1528,-2063.88427734375
234,0.05,0.3896,0.0,0.156,-2080.36181640625
235,0.05,0.3896,0.0,0.1592,-2074.53369140625
236,0.05,0.3896,0.0,0.1624,-2067.6142578125
237,0.05,0.3896,0.0,0.1656,-2056.86083984375
238,0.05,0.3896,0.0,0.1688,-2090.6318359375
239,0.05,0.3896,0.0,0.172,-2068.64013671875
240,0.05,0.3896,0.0,0.1752,-2059.89453125
241,0.05,0.3896,0.0,0.1784,-2074.099609375
242,0.05,0.3896,0.0,0.1816,-2068.433837890625
243,0.05,0.3896,0.0,0.1848,-2077.66748046875
244,0.05,0.3896,0.0,0.188,-2062.62841796875
245,0.05,0.3896,0.0,0.1912,-2081.88134765625
246,0.05,0.3896,0.0,0.1944,-2075.505859375
247,0.05,0.3896,0.0,0.1976,-2093.455078125
248,0.05,0.3896,0.0,0.2008,-2083.66357421875
249,0.05,0.3896,0.0,0.204,-2117.9619140625
250,0.05,0.3896,0.0,0.2072,-2089.2373046875
251,0.05,0.3896,0.0,0.2104,-2074.46630859375
252,0.05,0.3896,0.0,0.2136,-2077.082275390625
253,0.05,0.3896,0.0,0.2168,-2076.2958984375
254,0.05,0.3896,0.0,0.22,-2072.992919921875
255,0.05,0.392,0.0,0.06,-2088.796875
256,0.05,0.392,0.0,0.0632,-2082.85302734375
257,0.05,0.392,0.0,0.0664,-2068.7568359375
258,0.05,0.392,0.0,0.0696,-2098.458251953125
259,0.05,0.392,0.0,0.0728,-2068.47705078125
260,0.05,0.392,0.0,0.076,-2071.800048828125
261,0.05,0.392,0.0,0.0792,-2084.1552734375
262,0.05,0.392,0.0,0.0824,-2065.80810546875
263,0.05,0.392,0.0,0.0856,-2065.375
264,0.05,0.392,0.0,0.0888,-2054.58740234375
265,0.05,0.392,0.0,0.092,-2066.866455078125
266,0.05,0.392,0.0,0.0952,-2091.251708984375
267,0.05,0.392,0.0,0.0984,-2057.4248046875
268,0.05,0.392,0.0,0.1016,-2080.107421875
269,0.05,0.392,0.0,0.1048,-2074.364501953125
270,0.05,0.392,0.0,0.108,-2050.414306640625
271,0.05,0.392,0.0,0.1112,-2072.6796875
272,0.05,0.392,0.0,0.1144,-2064.66015625
273,0.05,0.392,0.0,0.1176,-2057.16015625
274,0.05,0.392,0.0,0.1208,-2048.7685546875
275,0.05,0.392,0.0,0.124,-2068.7646484375
276,0.05,0.392,0.0,0.1272,-2056.71875
277,0.05,0.392,0.0,0.1304,-2048.36962890625
278,0.05,0.392,0.0,0.1336,-2068.25537109375
279,0.05,0.392,0.0,0.1368,-2051.97998046875
280,0.05,0.392,0.0,0.14,-2059.728515625
281,0.05,0.392,0.0,0.1432,-2060.320556640625
282,0.05,0.392,0.0,0.1464,-2068.812255859375
283,0.05,0.392,0.0,0.1496,-2068.8369140625
284,0.05,0.392,0.0,0.1528,-2079.03759765625
285,0.05,0.392,0.0,0.156,-2060.788330078125
286,0.05,0.392,0.0,0.1592,-2065.2431640625
287,0.05,0.392,0.0,0.1624,-2051.083251953125
288,0.05,0.392,0.0,0.1656,-2066.707763671875
289,0.05,0.392,0.0,0.1688,-2064.87255859375
290,0.05,0.392,0.0,0.172,-2072.302978515625
291,0.05,0.392,0.0,0.1752,-2092.3115234375
292,0.05,0.392,0.0,0.1784,-2076.40625
293,0.05,0.392,0.0,0.1816,-2067.408203125
294,0.05,0.392,0.0,0.1848,-2060.635009765625
295,0.05,0.392,0.0,0.188,-2075.1787109375
296,0.05,0.392,0.0,0.1912,-2086.04150390625
297,0.05,0.392,0.0,0.1944,-2071.9296875
298,0.05,0.392,0.0,0.1976,-2069.376953125
299,0.05,0.392,0.0,0.2008,-2064.6611328125
300,0.05,0.392,0.0,0.204,-2078.548095703125
301,0.05,0.392,0.0,0.2072,-2078.95166015625
302,0.05,0.392,0.0,0.2104,-2080.489013671875
303,0.05,0.392,0.0,0.2136,-2093.4697265625
304,0.05,0.392,0.0,0.2168,-2093.558349609375
305,0.05,0.392,0.0,0.22,-2097.201416015625
306,0.05,0.3944,0.0,0.06,-2087.82958984375
307,0.05,0.3944,0.0,0.0632,-2081.47998046875
308,0.05,0.3944,0.0,0.0664,-2079.90283203125
309,0.05,0.3944,0.0,0.0696,-2078.80712890625
310,0.05,0.3944,0.0,0.0728,-2069.9365234375
311,0.05,0.3944,0.0,0.076,-2083.82177734375
312,0.05,0.3944,0.0,0.0792,-2080.291015625
313,0.05,0.3944,0.0,0.0824,-2073.6005859375
314,0.05,0.3944,0.0,0.0856,-2059.1689453125
315,0.05,0.3944,0.0,0.0888,-2063.366943359375
316,0.05,0.3944,0.0,0.092,-2053.39404296875
317,0.05,0.3944,0.0,0.0952,-2057.9658203125
318,0.05,0.3944,0.0,0.0984,-2051.3662109375
319,0.05,0.3944,0.0,0.1016,-2067.468017578125
320,0.05,0.3944,0.0,0.1048,-2062.30517578125
321,0.05,0.3944,0.0,0.108,-2051.4208984375
322,0.05,0.3944,0.0,0.1112,-2074.976318359375
323,0.05,0.3944,0.0,0.1144,-2051.98193359375
324,0.05,0.3944,0.0,0.1176,-2047.8729248046875
325,0.05,0.3944,0.0,0.1208,-2046.424072265625
326,0.05,0.3944,0.0,0.124,-2049.0322265625
327,0.05,0.3944,0.0,0.1272,-2056.00048828125
328,0.05,0.3944,0.0,0.1304,-2049.49658203125
329,0.05,0.3944,0.0,0.1336,-2055.3896484375
330,0.05,0.3944,0.0,0.1368,-2064.68115234375
331,0.05,0.3944,0.0,0.14,-2060.244384765625
332,0.05,0.3944,0.0,0.1432,-2053.19287109375
333,0.05,0.3944,0.0,0.1464,-2072.962158203125
334,0.05,0.3944,0.0,0.1496,-2059.152587890625
335,0.05,0.3944,0.0,0.1528,-2059.01416015625
336,0.05,0.3944,0.0,0.156,-2056.537841796875
337,0.05,0.3944,0.0,0.1592,-2060.2509765625
338,0.05,0.3944,0.0,0.1624,-2054.74169921875
339,0.05,0.3944,0.0,0.1656,-2052.486328125
340,0.05,0.3944,0.0,0.1688,-2061.060791015625
341,0.05,0.3944,0.0,0.172,-2063.4326171875
342,0.05,0.3944,0.0,0.1752,-2053.98486328125
343,0.05,0.3944,0.0,0.1784,-2066.8515625
344,0.05,0.3944,0.0,0.1816,-2062.90673828125
345,0.05,0.3944,0.0,0.1848,-2061.455078125
346,0.05,0.3944,0.0,0.188,-2065.04541015625
347,0.05,0.3944,0.0,0.1912,-2074.385009765625
348,0.05,0.3944,0.0,0.1944,-2073.35302734375
349,0.05,0.3944,0.0,0.1976,-2073.936767578125
350,0.05,0.3944,0.0,0.2008,-2069.146240234375
351,0.05,0.3944,0.0,0.204,-2074.97265625
352,0.05,0.3944,0.0,0.2072,-2080.58984375
353,0.05,0.3944,0.0,0.2104,-2066.8544921875
354,0.05,0.3944,0.0,0.2136,-2075.548828125
355,0.05,0.3944,0.0,0.2168,-2072.519287109375
356,0.05,0.3944,0.0,0.22,-2082.509765625
357,0.05,0.3968,0.0,0.06,-2073.216552734375
358,0.05,0.3968,0.0,0.0632,-2074.12841796875
359,0.05,0.3968,0.0,0.0664,-2082.628662109375
360,0.05,0.3968,0.0,0.0696,-2070.34375
361,0.05,0.3968,0.0,0.0728,-2066.7314453125
362,0.05,0.3968,0.0,0.076,-2059.26513671875
363,0.05,0.3968,0.0,0.0792,-2066.35107421875
364,0.05,0.3968,0.0,0.0824,-2058.9931640625
365,0.05,0.3968,0.0,0.0856,-2058.9970703125
366,0.05,0.3968,0.0,0.0888,-2053.56103515625
367,0.05,0.3968,0.0,0.092,-2056.958740234375
368,0.05,0.3968,0.0,0.0952,-2055.50634765625
369,0.05,0.3968,0.0,0.0984,-2063.93115234375
370,0.05,0.3968,0.0,0.1016,-2049.737060546875
371,0.05,0.3968,0.0,0.1048,-2058.63330078125
372,0.05,0.3968,0.0,0.108,-2061.24365234375
373,0.05,0.3968,0.0,0.1112,-2053.02783203125
374,0.05,0.3968,0.0,0.1144,-2057.96337890625
375,0.05,0.3968,0.0,0.1176,-2056.775634765625
376,0.05,0.3968,0.0,0.1208,-2049.694580078125
377,0.05,0.3968,0.0,0.124,-2053.7197265625
378,0.05,0.3968,0.0,0.1272,-2048.84716796875
379,0.05,0.3968,0.0,0.1304,-2049.39404296875
380,0.05,0.3968,0.0,0.1336,-2046.951171875
381,0.05,0.3968,0.0,0.1368,-2047.3251953125
382,0.05,0.3968,0.0,0.14,-2062.00634765625
383,0.05,0.3968,0.0,0.1432,-2051.7060546875
384,0.05,0.3968,0.0,0.1464,-2049.88037109375
385,0.05,0.3968,0.0,0.1496,-2049.531982421875
386,0.05,0.3968,0.0,0.1528,-2062.966552734375
387,0.05,0.3968,0.0,0.156,-2049.530029296875
388,0.05,0.3968,0.0,0.1592,-2054.051513671875
389,0.05,0.3968,0.0,0.1624,-2054.74951171875
390,0.05,0.3968,0.0,0.1656,-2052.527587890625
391,0.05,0.3968,0.0,0.1688,-2051.86181640625
392,0.05,0.3968,0.0,0.172,-2056.762939453125
393,0.05,0.3968,0.0,0.1752,-2056.330810546875
394,0.05,0.3968,0.0,0.1784,-2075.893798828125
395,0.05,0.3968,0.0,0.1816,-2055.0810546875
396,0.05,0.3968,0.0,0.1848,-2064.4384765625
397,0.05,0.3968,0.0,0.188,-2061.40869140625
398,0.05,0.3968,0.0,0.1912,-2057.0087890625
399,0.05,0.3968,0.0,0.1944,-2063.49169921875
400,0.05,0.3968,0.0,0.1976,-2073.21630859375
401,0.05,0.3968,0.0,0.2008,-2074.00146484375
402,0.05,0.3968,0.0,0.204,-2064.86083984375
403,0.05,0.3968,0.0,0.2072,-2081.49560546875
404,0.05,0.3968,0.0,0.2104,-2081.50732421875
405,0.05,0.3968,0.0,0.2136,-2066.09765625
406,0.05,0.3968,0.0,0.2168,-2073.11083984375
407,0.05,0.3968,0.0,0.22,-2074.6455078125
408,0.05,0.3992,0.0,0.06,-2080.9052734375
409,0.05,0.3992,0.0,0.0632,-2069.9443359375
410,0.05,0.3992,0.0,0.0664,-2065.8740234375
411,0.05,0.3992,0.0,0.0696,-2066.25927734375
412,0.05,0.3992,0.0,0.0728,-2065.127197265625
413,0.05,0.3992,0.0,0.076,-2060.99365234375
414,0.05,0.3992,0.0,0.0792,-2060.53271484375
415,0.05,0.3992,0.0,0.0824,-2055.177978515625
416,0.05,0.3992,0.0,0.0856,-2067.00927734375
417,0.05,0.3992,0.0,0.0888,-2058.71044921875
418,0.05,0.3992,0.0,0.092,-2051.72412109375
419,0.05,0.3992,0.0,0.0952,-2050.028076171875
420,0.05,0.3992,0.0,0.0984,-2049.0205078125
421,0.05,0.3992,0.0,0.1016,-2052.384765625
422,0.05,0.3992,0.0,0.1048,-2048.5400390625
423,0.05,0.3992,0.0,0.108,-2051.237548828125
424,0.05,0.3992,0.0,0.1112,-2057.687255859375
425,0.05,0.3992,0.0,0.1144,-2045.6519775390625
426,0.05,0.3992,0.0,0.1176,-2050.0126953125
427,0.05,0.3992,0.0,0.1208,-2048.1142578125
428,0.05,0.3992,0.0,0.124,-2046.701171875
429,0.05,0.3992,0.0,0.1272,-2045.0096435546875
430,0.05,0.3992,0.0,0.1304,-2049.399169921875
431,0.05,0.3992,0.0,0.1336,-2046.052978515625
432,0.05,0.3992,0.0,0.1368,-2049.698974609375
433,0.05,0.3992,0.0,0.14,-2051.61767578125
434,0.05,0.3992,0.0,0.1432,-2046.063720703125
435,0.05,0.3992,0.0,0.1464,-2055.94091796875
436,0.05,0.3992,0.0,0.1496,-2061.121826171875
437,0.05,0.3992,0.0,0.1528,-2055.098876953125
438,0.05,0.3992,0.0,0.156,-2053.540771484375
439,0.05,0.3992,0.0,0.1592,-2049.589599609375
440,0.05,0.3992,0.0,0.1624,-2056.367919921875
441,0.05,0.3992,0.0,0.1656,-2052.30908203125
442,0.05,0.3992,0.0,0.1688,-2053.49658203125
443,0.05,0.3992,0.0,0.172,-2052.95068359375
444,0.05,0.3992,0.0,0.1752,-2054.351318359375
445,0.05,0.3992,0.0,0.1784,-2052.599853515625
446,0.05,0.3992,0.0,0.1816,-2055.9638671875
447,0.05,0.3992,0.0,0.1848,-2055.495361328125
448,0.05,0.3992,0.0,0.188,-2065.14990234375
449,0.05,0.3992,0.0,0.1912,-2061.0546875
450,0.05,0.3992,0.0,0.1944,-2063.8681640625
451,0.05,0.3992,0.0,0.1976,-2072.2294921875
452,0.05,0.3992,0.0,0.2008,-2063.806396484375
453,0.05,0.3992,0.0,0.204,-2063.083984375
454,0.05,0.3992,0.0,0.2072,-2063.97021484375
455,0.05,0.3992,0.0,0.2104,-2063.92919921875
456,0.05,0.3992,0.0,0.2136,-2065.935546875
457,0.05,0.3992,0.0,0.2168,-2069.998046875
458,0.05,0.3992,0.0,0.22,-2068.2705078125
459,0.05,0.4016,0.0,0.06,-2069.401611328125
460,0.05,0.4016,0.0,0.0632,-2070.19287109375
461,0.05,0.4016,0.0,0.0664,-2067.260986328125
462,0.05,0.4016,0.0,0.0696,-2067.07958984375
463,0.05,0.4016,0.0,0.0728,-2059.961181640625
464,0.05,0.4016,0.0,0.076,-2057.7265625
465,0.05,0.4016,0.0,0.0792,-2056.52734375
466,0.05,0.4016,0.0,0.0824,-2054.4150390625
467,0.05,0.4016,0.0,0.0856,-2060.88037109375
468,0.05,0.4016,0.0,0.0888,-2052.201416015625
469,0.05,0.4016,0.0,0.092,-2050.1328125
470,0.05,0.4016,0.0,0.0952,-2049.28173828125
471,0.05,0.4016,0.0,0.0984,-2049.716552734375
472,0.05,0.4016,0.0,0.1016,-2048.05908203125
473,0.05,0.4016,0.0,0.1048,-2047.0927734375
474,0.05,0.4016,0.0,0.108,-2046.91845703125
475,0.05,0.4016,0.0,0.1112,-2044.9345703125
476,0.05,0.4016,0.0,0.1144,-2053.259765625
477,0.05,0.4016,0.0,0.1176,-2045.403076171875
478,0.05,0.4016,0.0,0.1208,-2048.19287109375
479,0.05,0.4016,0.0,0.124,-2047.3427734375
480,0.05,0.4016,0.0,0.1272,-2043.1658935546875
481,0.05,0.4016,0.0,0.1304,-2048.552490234375
482,0.05,0.4016,0.0,0.1336,-2049.26318359375
483,0.05,0.4016,0.0,0.1368,-2045.975830078125
484,0.05,0.4016,0.0,0.14,-2045.0341796875
485,0.05,0.4016,0.0,0.1432,-2049.892578125
486,0.05,0.4016,0.0,0.1464,-2049.032470703125
487,0.05,0.4016,0.0,0.1496,-2050.682373046875
488,0.05,0.4016,0.0,0.1528,-2047.9576416015625
489,0.05,0.4016,0.0,0.156,-2047.155517578125
490,0.05,0.4016,0.0,0.1592,-2049.58447265625
491,0.05,0.4016,0.0,0.1624,-2049.502197265625
492,0.05,0.4016,0.0,0.1656,-2049.46630859375
493,0.05,0.4016,0.0,0.1688,-2051.602294921875
494,0.05,0.4016,0.0,0.172,-2053.191650390625
495,0.05,0.4016,0.0,0.1752,-2053.613525390625
496,0.05,0.4016,0.0,0.1784,-2056.584228515625
497,0.05,0.4016,0.0,0.1816,-2056.32275390625
498,0.05,0.4016,0.0,0.1848,-2061.28955078125
499,0.05,0.4016,0.0,0.188,-2056.9345703125
500,0.05,0.4016,0.0,0.1912,-2056.9072265625
501,0.05,0.4016,0.0,0.1944,-2058.0751953125
502,0.05,0.4016,0.0,0.1976,-2059.95556640625
503,0.05,0.4016,0.0,0.2008,-2070.05224609375
504,0.05,0.4016,0.0,0.204,-2062.767578125
505,0.05,0.4016,0.0,0.2072,-2067.54248046875
506,0.05,0.4016,0.0,0.2104,-2064.4482421875
507,0.05,0.4016,0.0,0.2136,-2070.883056640625
508,0.05,0.4016,0.0,0.2168,-2068.1298828125
509,0.05,0.4016,0.0,0.22,-2067.767822265625
510,0.05,0.404,0.0,0.06,-2074.209716796875
511,0.05,0.404,0.0,0.0632,-2068.195068359375
512,0.05,0.404,0.0,0.0664,-2064.6884765625
513,0.05,0.404,0.0,0.0696,-2060.38671875
514,0.05,0.404,0.0,0.0728,-2058.199462890625
515,0.05,0.404,0.0,0.076,-2055.795166015625
516,0.05,0.404,0.0,0.0792,-2055.339599609375
517,0.05,0.404,0.0,0.0824,-2052.07763671875
518,0.05,0.404,0.0,0.0856,-2051.681396484375
519,0.05,0.404,0.0,0.0888,-2050.43359375
520,0.05,0.404,0.0,0.092,-2049.1982421875
521,0.05,0.404,0.0,0.0952,-2051.213623046875
522,0.05,0.404,0.0,0.0984,-2046.246337890625
523,0.05,0.404,0.0,0.1016,-2048.103515625
524,0.05,0.404,0.0,0.1048,-2045.577880859375
525,0.05,0.404,0.0,0.108,-2044.0185546875
526,0.05,0.404,0.0,0.1112,-2045.2459716796875
527,0.05,0.404,0.0,0.1144,-2045.012939453125
528,0.05,0.404,0.0,0.1176,-2043.882080078125
529,0.05,0.404,0.0,0.1208,-2048.509765625
530,0.05,0.404,0.0,0.124,-2041.918701171875
531,0.05,0.404,0.0,0.1272,-2046.228271484375
532,0.05,0.404,0.0,0.1304,-2045.039794921875
533,0.05,0.404,0.0,0.1336,-2046.79541015625
534,0.05,0.404,0.0,0.1368,-2045.4578857421875
535,0.05,0.404,0.0,0.14,-2044.185546875
536,0.05,0.404,0.0,0.1432,-2046.976806640625
537,0.05,0.404,0.0,0.1464,-2045.72265625
538,0.05,0.404,0.0,0.1496,-2047.52587890625
539,0.05,0.404,0.0,0.1528,-2046.8056640625
540,0.05,0.404,0.0,0.156,-2046.598876953125
541,0.05,0.404,0.0,0.1592,-2048.8271484375
542,0.05,0.404,0.0,0.1624,-2048.02783203125
543,0.05,0.404,0.0,0.1656,-2052.40478515625
544,0.05,0.404,0.0,0.1688,-2051.6484375
545,0.05,0.404,0.0,0.172,-2052.71533203125
546,0.05,0.404,0.0,0.1752,-2052.02392578125
547,0.05,0.404,0.0,0.1784,-2053.002197265625
548,0.05,0.404,0.0,0.1816,-2054.48486328125
549,0.05,0.404,0.0,0.1848,-2061.697021484375
550,0.05,0.404,0.0,0.188,-2055.07568359375
551,0.05,0.404,0.0,0.1912,-2057.569091796875
552,0.05,0.404,0.0,0.1944,-2056.83984375
553,0.05,0.404,0.0,0.1976,-2059.33203125
554,0.05,0.404,0.0,0.2008,-2059.85888671875
555,0.05,0.404,0.0,0.204,-2061.23828125
556,0.05,0.404,0.0,0.2072,-2063.8330078125
557,0.05,0.404,0.0,0.2104,-2065.005615234375
558,0.05,0.404,0.0,0.2136,-2064.9140625
559,0.05,0.404,0.0,0.2168,-2072.932861328125
560,0.05,0.404,0.0,0.22,-2071.3173828125
561,0.05,0.4064,0.0,0.06,-2070.251953125
562,0.05,0.4064,0.0,0.0632,-2064.7099609375
563,0.05,0.4064,0.0,0.0664,-2063.66259765625
564,0.05,0.4064,0.0,0.0696,-2060.392578125
565,0.05,0.4064,0.0,0.0728,-2058.8974609375
566,0.05,0.4064,0.0,0.076,-2055.641357421875
567,0.05,0.4064,0.0,0.0792,-2054.007568359375
568,0.05,0.4064,0.0,0.0824,-2051.498291015625
569,0.05,0.4064,0.0,0.0856,-2051.2880859375
570,0.05,0.4064,0.0,0.0888,-2048.86865234375
571,0.05,0.4064,0.0,0.092,-2048.72314453125
572,0.05,0.4064,0.0,0.0952,-2046.603515625
573,0.05,0.4064,0.0,0.0984,-2045.599365234375
574,0.05,0.4064,0.0,0.1016,-2045.790283203125
575,0.05,0.4064,0.0,0.1048,-2046.1373291015625
576,0.05,0.4064,0.0,0.108,-2044.0806884765625
577,0.05,0.4064,0.0,0.1112,-2043.7777099609375
578,0.05,0.4064,0.0,0.1144,-2045.0965576171875
579,0.05,0.4064,0.0,0.1176,-2043.164794921875
580,0.05,0.4064,0.0,0.1208,-2043.314208984375
581,0.05,0.4064,0.0,0.124,-2042.7266845703125
582,0.05,0.4064,0.0,0.1272,-2041.8388671875
583,0.05,0.4064,0.0,0.1304,-2043.711181640625
584,0.05,0.4064,0.0,0.1336,-2041.69921875
585,0.05,0.4064,0.0,0.1368,-2043.962158203125
586,0.05,0.4064,0.0,0.14,-2043.914794921875
587,0.05,0.4064,0.0,0.1432,-2044.2957763671875
588,0.05,0.4064,0.0,0.1464,-2044.6419677734375
589,0.05,0.4064,0.0,0.1496,-2045.0079345703125
590,0.05,0.4064,0.0,0.1528,-2047.0963134765625
591,0.05,0.4064,0.0,0.156,-2046.70458984375
592,0.05,0.4064,0.0,0.1592,-2046.663818359375
593,0.05,0.4064,0.0,0.1624,-2047.0760498046875
594,0.05,0.4064,0.0,0.1656,-2050.344970703125
595,0.05,0.4064,0.0,0.1688,-2051.458984375
596,0.05,0.4064,0.0,0.172,-2051.428955078125
597,0.05,0.4064,0.0,0.1752,-2049.092529296875
598,0.05,0.4064,0.0,0.1784,-2051.009033203125
599,0.05,0.4064,0.0,0.1816,-2054.84716796875
600,0.05,0.4064,0.0,0.1848,-2053.90380859375
601,0.05,0.4064,0.0,0.188,-2054.231689453125
602,0.05,0.4064,0.0,0.1912,-2054.598876953125
603,0.05,0.4064,0.0,0.1944,-2057.09423828125
604,0.05,0.4064,0.0,0.1976,-2058.738525390625
605,0.05,0.4064,0.0,0.2008,-2058.9638671875
606,0.05,0.4064,0.0,0.204,-2060.62353515625
607,0.05,0.4064,0.0,0.2072,-2060.754150390625
608,0.05,0.4064,0.0,0.2104,-2061.8857421875
609,0.05,0.4064,0.0,0.2136,-2065.372314453125
610,0.05,0.4064,0.0,0.2168,-2065.02197265625
611,0.05,0.4064,0.0,0.22,-2066.2275390625
612,0.05,0.4088,0.0,0.06,-2067.613037109375
613,0.05,0.4088,0.0,0.0632,-2065.095947265625
614,0.05,0.4088,0.0,0.0664,-2062.663330078125
615,0.05,0.4088,0.0,0.0696,-2061.6318359375
616,0.05,0.4088,0.0,0.0728,-2057.977783203125
617,0.05,0.4088,0.0,0.076,-2055.28564453125
618,0.05,0.4088,0.0,0.0792,-2052.30517578125
619,0.05,0.4088,0.0,0.0824,-2052.397216796875
620,0.05,0.4088,0.0,0.0856,-2049.51416015625
621,0.05,0.4088,0.0,0.0888,-2047.3087158203125
622,0.05,0.4088,0.0,0.092,-2047.87255859375
623,0.05,0.4088,0.0,0.0952,-2050.3857421875
624,0.05,0.4088,0.0,0.0984,-2045.8123779296875
625,0.05,0.4088,0.0,0.1016,-2048.501953125
626,0.05,0.4088,0.0,0.1048,-2043.5352783203125
627,0.05,0.4088,0.0,0.108,-2042.66845703125
628,0.05,0.4088,0.0,0.1112,-2042.8153076171875
629,0.05,0.4088,0.0,0.1144,-2043.86474609375
630,0.05,0.4088,0.0,0.1176,-2043.3675537109375
631,0.05,0.4088,0.0,0.1208,-2041.5447998046875
632,0.05,0.4088,0.0,0.124,-2043.87646484375
633,0.05,0.4088,0.0,0.1272,-2042.6173095703125
634,0.05,0.4088,0.0,0.1304,-2041.648681640625
635,0.05,0.4088,0.0,0.1336,-2041.10595703125
636,0.05,0.4088,0.0,0.1368,-2043.4814453125
637,0.05,0.4088,0.0,0.14,-2043.1387939453125
638,0.05,0.4088,0.0,0.1432,-2043.98193359375
639,0.05,0.4088,0.0,0.1464,-2044.533203125
640,0.05,0.4088,0.0,0.1496,-2043.65771484375
641,0.05,0.4088,0.0,0.1528,-2045.2025146484375
642,0.05,0.4088,0.0,0.156,-2046.7337646484375
643,0.05,0.4088,0.0,0.1592,-2047.357177734375
644,0.05,0.4088,0.0,0.1624,-2046.1708984375
645,0.05,0.4088,0.0,0.1656,-2046.742919921875
646,0.05,0.4088,0.0,0.1688,-2047.7265625
647,0.05,0.4088,0.0,0.172,-2048.225830078125
648,0.05,0.4088,0.0,0.1752,-2050.2451171875
649,0.05,0.4088,0.0,0.1784,-2049.838623046875
650,0.05,0.4088,0.0,0.1816,-2051.711669921875
651,0.05,0.4088,0.0,0.1848,-2052.92822265625
652,0.05,0.4088,0.0,0.188,-2054.130126953125
653,0.05,0.4088,0.0,0.1912,-2055.364501953125
654,0.05,0.4088,0.0,0.1944,-2056.861083984375
655,0.05,0.4088,0.0,0.1976,-2057.46142578125
656,0.05,0.4088,0.0,0.2008,-2059.642333984375
657,0.05,0.4088,0.0,0.204,-2060.130859375
658,0.05,0.4088,0.0,0.2072,-2060.444580078125
659,0.05,0.4088,0.0,0.2104,-2061.34765625
660,0.05,0.4088,0.0,0.2136,-2062.82373046875
661,0.05,0.4088,0.0,0.2168,-2065.20947265625
662,0.05,0.4088,0.0,0.22,-2067.77099609375
663,0.05,0.4112,0.0,0.06,-2067.27978515625
664,0.05,0.4112,0.0,0.0632,-2064.303955078125
665,0.05,0.4112,0.0,0.0664,-2061.6611328125
666,0.05,0.4112,0.0,0.0696,-2058.739013671875
667,0.05,0.4112,0.0,0.0728,-2056.28857421875
668,0.05,0.4112,0.0,0.076,-2054.08642578125
669,0.05,0.4112,0.0,0.0792,-2053.3720703125
670,0.05,0.4112,0.0,0.0824,-2051.0751953125
671,0.05,0.4112,0.0,0.0856,-2048.9208984375
672,0.05,0.4112,0.0,0.0888,-2046.334228515625
673,0.05,0.4112,0.0,0.092,-2046.431396484375
674,0.05,0.4112,0.0,0.0952,-2045.90234375
675,0.05,0.4112,0.0,0.0984,-2044.040283203125
676,0.05,0.4112,0.0,0.1016,-2043.3187255859375
677,0.05,0.4112,0.0,0.1048,-2043.17724609375
678,0.05,0.4112,0.0,0.108,-2042.2275390625
679,0.05,0.4112,0.0,0.1112,-2042.913818359375
680,0.05,0.4112,0.0,0.1144,-2041.6649169921875
681,0.05,0.4112,0.0,0.1176,-2040.45068359375
682,0.05,0.4112,0.0,0.1208,-2042.192626953125
683,0.05,0.4112,0.0,0.124,-2040.9080810546875
684,0.05,0.4112,0.0,0.1272,-2042.374755859375
685,0.05,0.4112,0.0,0.1304,-2040.580322265625
686,0.05,0.4112,0.0,0.1336,-2041.51318359375
687,0.05,0.4112,0.0,0.1368,-2040.5552978515625
688,0.05,0.4112,0.0,0.14,-2042.1650390625
689,0.05,0.4112,0.0,0.1432,-2042.790283203125
690,0.05,0.4112,0.0,0.1464,-2043.88134765625
691,0.05,0.4112,0.0,0.1496,-2044.53271484375
692,0.05,0.4112,0.0,0.1528,-2043.911376953125
693,0.05,0.4112,0.0,0.156,-2043.0174560546875
694,0.05,0.4112,0.0,0.1592,-2045.774658203125
695,0.05,0.4112,0.0,0.1624,-2044.927978515625
696,0.05,0.4112,0.0,0.1656,-2045.5194091796875
697,0.05,0.4112,0.0,0.1688,-2046.1182861328125
698,0.05,0.4112,0.0,0.172,-2047.833740234375
699,0.05,0.4112,0.0,0.1752,-2049.686279296875
700,0.05,0.4112,0.0,0.1784,-2049.354248046875
701,0.05,0.4112,0.0,0.1816,-2051.479736328125
702,0.05,0.4112,0.0,0.1848,-2053.373046875
703,0.05,0.4112,0.0,0.188,-2052.228271484375
704,0.05,0.4112,0.0,0.1912,-2052.64013671875
705,0.05,0.4112,0.0,0.1944,-2055.260498046875
706,0.05,0.4112,0.0,0.1976,-2055.39306640625
707,0.05,0.4112,0.0,0.2008,-2056.818115234375
708,0.05,0.4112,0.0,0.204,-2058.125732421875
709,0.05,0.4112,0.0,0.2072,-2059.569580078125
710,0.05,0.4112,0.0,0.2104,-2061.275390625
711,0.05,0.4112,0.0,0.2136,-2060.82861328125
712,0.05,0.4112,0.0,0.2168,-2063.4765625
713,0.05,0.4112,0.0,0.22,-2064.98974609375
714,0.05,0.4136,0.0,0.06,-2066.48193359375
715,0.05,0.4136,0.0,0.0632,-2063.4482421875
716,0.05,0.4136,0.0,0.0664,-2061.18505859375
717,0.05,0.4136,0.0,0.0696,-2058.190673828125
718,0.05,0.4136,0.0,0.0728,-2053.7236328125
719,0.05,0.4136,0.0,0.076,-2053.010009765625
720,0.05,0.4136,0.0,0.0792,-2051.31494140625
721,0.05,0.4136,0.0,0.0824,-2050.596435546875
722,0.05,0.4136,0.0,0.0856,-2047.898193359375
723,0.05,0.4136,0.0,0.0888,-2045.9814453125
724,0.05,0.4136,0.0,0.092,-2047.387939453125
725,0.05,0.4136,0.0,0.0952,-2046.3006591796875
726,0.05,0.4136,0.0,0.0984,-2044.125244140625
727,0.05,0.4136,0.0,0.1016,-2042.3956298828125
728,0.05,0.4136,0.0,0.1048,-2042.970458984375
729,0.05,0.4136,0.0,0.108,-2042.950927734375
730,0.05,0.4136,0.0,0.1112,-2041.597900390625
731,0.05,0.4136,0.0,0.1144,-2040.8768310546875
732,0.05,0.4136,0.0,0.1176,-2040.489990234375
733,0.05,0.4136,0.0,0.1208,-2040.7236328125
734,0.05,0.4136,0.0,0.124,-2040.90087890625
735,0.05,0.4136,0.0,0.1272,-2039.9840087890625
736,0.05,0.4136,0.0,0.1304,-2040.851806640625
737,0.05,0.4136,0.0,0.1336,-2041.068603515625
738,0.05,0.4136,0.0,0.1368,-2040.2945556640625
739,0.05,0.4136,0.0,0.14,-2042.060546875
740,0.05,0.4136,0.0,0.1432,-2042.1519775390625
741,0.05,0.4136,0.0,0.1464,-2042.254150390625
742,0.05,0.4136,0.0,0.1496,-2042.9876708984375
743,0.05,0.4136,0.0,0.1528,-2043.0631103515625
744,0.05,0.4136,0.0,0.156,-2043.0474853515625
745,0.05,0.4136,0.0,0.1592,-2043.97900390625
746,0.05,0.4136,0.0,0.1624,-2044.0621337890625
747,0.05,0.4136,0.0,0.1656,-2045.795166015625
748,0.05,0.4136,0.0,0.1688,-2045.031005859375
749,0.05,0.4136,0.0,0.172,-2047.8712158203125
750,0.05,0.4136,0.0,0.1752,-2048.069580078125
751,0.05,0.4136,0.0,0.1784,-2048.9814453125
752,0.05,0.4136,0.0,0.1816,-2050.947265625
753,0.05,0.4136,0.0,0.1848,-2052.104736328125
754,0.05,0.4136,0.0,0.188,-2052.63818359375
755,0.05,0.4136,0.0,0.1912,-2053.2568359375
756,0.05,0.4136,0.0,0.1944,-2053.908447265625
757,0.05,0.4136,0.0,0.1976,-2056.45947265625
758,0.05,0.4136,0.0,0.2008,-2057.22998046875
759,0.05,0.4136,0.0,0.204,-2057.8662109375
760,0.05,0.4136,0.0,0.2072,-2057.80908203125
761,0.05,0.4136,0.0,0.2104,-2060.3876953125
762,0.05,0.4136,0.0,0.2136,-2060.806640625
763,0.05,0.4136,0.0,0.2168,-2062.8837890625
764,0.05,0.4136,0.0,0.22,-2064.188720703125
765,0.05,0.416,0.0,0.06,-2066.451416015625
766,0.05,0.416,0.0,0.0632,-2063.43310546875
767,0.05,0.416,0.0,0.0664,-2058.51513671875
768,0.05,0.416,0.0,0.0696,-2058.41796875
769,0.05,0.416,0.0,0.0728,-2056.02392578125
770,0.05,0.416,0.0,0.076,-2052.13330078125
771,0.05,0.416,0.0,0.0792,-2051.857421875
772,0.05,0.416,0.0,0.0824,-2049.77587890625
773,0.05,0.416,0.0,0.0856,-2047.3828125
774,0.05,0.416,0.0,0.0888,-2045.400634765625
775,0.05,0.416,0.0,0.092,-2045.3319091796875
776,0.05,0.416,0.0,0.0952,-2044.341796875
777,0.05,0.416,0.0,0.0984,-2043.1842041015625
778,0.05,0.416,0.0,0.1016,-2042.159912109375
779,0.05,0.416,0.0,0.1048,-2041.47509765625
780,0.05,0.416,0.0,0.108,-2040.880126953125
781,0.05,0.416,0.0,0.1112,-2041.132080078125
782,0.05,0.416,0.0,0.1144,-2040.549072265625
783,0.05,0.416,0.0,0.1176,-2040.0469970703125
784,0.05,0.416,0.0,0.1208,-2039.067138671875
785,0.05,0.416,0.0,0.124,-2040.0467529296875
786,0.05,0.416,0.0,0.1272,-2039.9942626953125
787,0.05,0.416,0.0,0.1304,-2040.6148681640625
788,0.05,0.416,0.0,0.1336,-2040.595947265625
789,0.05,0.416,0.0,0.1368,-2040.3240966796875
790,0.05,0.416,0.0,0.14,-2041.352783203125
791,0.05,0.416,0.0,0.1432,-2041.063720703125
792,0.05,0.416,0.0,0.1464,-2041.6441650390625
793,0.05,0.416,0.0,0.1496,-2042.0948486328125
794,0.05,0.416,0.0,0.1528,-2041.83251953125
795,0.05,0.416,0.0,0.156,-2044.178466796875
796,0.05,0.416,0.0,0.1592,-2043.559814453125
797,0.05,0.416,0.0,0.1624,-2044.4512939453125
798,0.05,0.416,0.0,0.1656,-2043.8753662109375
799,0.05,0.416,0.0,0.1688,-2045.1776123046875
800,0.05,0.416,0.0,0.172,-2046.5843505859375
801,0.05,0.416,0.0,0.1752,-2048.321533203125
802,0.05,0.416,0.0,0.1784,-2048.388671875
803,0.05,0.416,0.0,0.1816,-2049.19189453125
804,0.05,0.416,0.0,0.1848,-2049.884765625
805,0.05,0.416,0.0,0.188,-2052.20556640625
806,0.05,0.416,0.0,0.1912,-2054.33935546875
807,0.05,0.416,0.0,0.1944,-2054.66748046875
808,0.05,0.416,0.0,0.1976,-2054.798828125
809,0.05,0.416,0.0,0.2008,-2055.38916015625
810,0.05,0.416,0.0,0.204,-2056.84423828125
811,0.05,0.416,0.0,0.2072,-2058.69287109375
812,0.05,0.416,0.0,0.2104,-2060.697998046875
813,0.05,0.416,0.0,0.2136,-2060.43994140625
814,0.05,0.416,0.0,0.2168,-2062.068359375
815,0.05,0.416,0.0,0.22,-2063.4736328125
816,0.05,0.4184,0.0,0.06,-2065.06787109375
817,0.05,0.4184,0.0,0.0632,-2062.736328125
818,0.05,0.4184,0.0,0.0664,-2057.7900390625
819,0.05,0.4184,0.0,0.0696,-2057.2763671875
820,0.05,0.4184,0.0,0.0728,-2054.01171875
821,0.05,0.4184,0.0,0.076,-2052.3486328125
822,0.05,0.4184,0.0,0.0792,-2050.5830078125
823,0.05,0.4184,0.0,0.0824,-2048.3505859375
824,0.05,0.4184,0.0,0.0856,-2047.729248046875
825,0.05,0.4184,0.0,0.0888,-2045.36669921875
826,0.05,0.4184,0.0,0.092,-2045.8564453125
827,0.05,0.4184,0.0,0.0952,-2042.831787109375
828,0.05,0.4184,0.0,0.0984,-2043.17919921875
829,0.05,0.4184,0.0,0.1016,-2041.74853515625
830,0.05,0.4184,0.0,0.1048,-2040.6512451171875
831,0.05,0.4184,0.0,0.108,-2040.313232421875
832,0.05,0.4184,0.0,0.1112,-2039.47509765625
833,0.05,0.4184,0.0,0.1144,-2039.989990234375
834,0.05,0.4184,0.0,0.1176,-2039.324462890625
835,0.05,0.4184,0.0,0.1208,-2038.439697265625
836,0.05,0.4184,0.0,0.124,-2038.93603515625
837,0.05,0.4184,0.0,0.1272,-2038.029541015625
838,0.05,0.4184,0.0,0.1304,-2040.120849609375
839,0.05,0.4184,0.0,0.1336,-2040.7476806640625
840,0.05,0.4184,0.0,0.1368,-2040.3861083984375
841,0.05,0.4184,0.0,0.14,-2041.7479248046875
842,0.05,0.4184,0.0,0.1432,-2041.193359375
843,0.05,0.4184,0.0,0.1464,-2039.686279296875
844,0.05,0.4184,0.0,0.1496,-2041.29345703125
845,0.05,0.4184,0.0,0.1528,-2042.0487060546875
846,0.05,0.4184,0.0,0.156,-2042.8826904296875
847,0.05,0.4184,0.0,0.1592,-2043.30517578125
848,0.05,0.4184,0.0,0.1624,-2044.47119140625
849,0.05,0.4184,0.0,0.1656,-2044.250244140625
850,0.05,0.4184,0.0,0.1688,-2045.510498046875
851,0.05,0.4184,0.0,0.172,-2046.431884765625
852,0.05,0.4184,0.0,0.1752,-2047.0477294921875
853,0.05,0.4184,0.0,0.1784,-2047.715576171875
854,0.05,0.4184,0.0,0.1816,-2049.836181640625
855,0.05,0.4184,0.0,0.1848,-2051.0126953125
856,0.05,0.4184,0.0,0.188,-2051.140380859375
857,0.05,0.4184,0.0,0.1912,-2052.04345703125
858,0.05,0.4184,0.0,0.1944,-2053.28466796875
859,0.05,0.4184,0.0,0.1976,-2053.81298828125
860,0.05,0.4184,0.0,0.2008,-2056.23193359375
861,0.05,0.4184,0.0,0.204,-2057.023193359375
862,0.05,0.4184,0.0,0.2072,-2057.608642578125
863,0.05,0.4184,0.0,0.2104,-2059.706787109375
864,0.05,0.4184,0.0,0.2136,-2060.939453125
865,0.05,0.4184,0.0,0.2168,-2060.751220703125
866,0.05,0.4184,0.0,0.22,-2063.863525390625
867,0.05,0.4208,0.0,0.06,-2066.371337890625
868,0.05,0.4208,0.0,0.0632,-2061.62548828125
869,0.05,0.4208,0.0,0.0664,-2059.08447265625
870,0.05,0.4208,0.0,0.0696,-2055.84326171875
871,0.05,0.4208,0.0,0.0728,-2053.575439453125
872,0.05,0.4208,0.0,0.076,-2051.64208984375
873,0.05,0.4208,0.0,0.0792,-2050.34423828125
874,0.05,0.4208,0.0,0.0824,-2048.2841796875
875,0.05,0.4208,0.0,0.0856,-2046.4737548828125
876,0.05,0.4208,0.0,0.0888,-2045.51513671875
877,0.05,0.4208,0.0,0.092,-2044.60791015625
878,0.05,0.4208,0.0,0.0952,-2042.7794189453125
879,0.05,0.4208,0.0,0.0984,-2042.1002197265625
880,0.05,0.4208,0.0,0.1016,-2040.717529296875
881,0.05,0.4208,0.0,0.1048,-2040.629638671875
882,0.05,0.4208,0.0,0.108,-2040.232421875
883,0.05,0.4208,0.0,0.1112,-2038.6614990234375
884,0.05,0.4208,0.0,0.1144,-2039.9383544921875
885,0.05,0.4208,0.0,0.1176,-2039.060302734375
886,0.05,0.4208,0.0,0.1208,-2039.4129638671875
887,0.05,0.4208,0.0,0.124,-2038.6982421875
888,0.05,0.4208,0.0,0.1272,-2038.6513671875
889,0.05,0.4208,0.0,0.1304,-2038.7991943359375
890,0.05,0.4208,0.0,0.1336,-2038.896484375
891,0.05,0.4208,0.0,0.1368,-2038.1873779296875
892,0.05,0.4208,0.0,0.14,-2039.1572265625
893,0.05,0.4208,0.0,0.1432,-2039.71484375
894,0.05,0.4208,0.0,0.1464,-2041.7896728515625
895,0.05,0.4208,0.0,0.1496,-2041.9732666015625
896,0.05,0.4208,0.0,0.1528,-2041.246826171875
897,0.05,0.4208,0.0,0.156,-2041.253662109375
898,0.05,0.4208,0.0,0.1592,-2041.7283935546875
899,0.05,0.4208,0.0,0.1624,-2043.09033203125
900,0.05,0.4208,0.0,0.1656,-2043.8642578125
901,0.05,0.4208,0.0,0.1688,-2045.692626953125
902,0.05,0.4208,0.0,0.172,-2045.806884765625
903,0.05,0.4208,0.0,0.1752,-2047.419921875
904,0.05,0.4208,0.0,0.1784,-2047.750244140625
905,0.05,0.4208,0.0,0.1816,-2049.889892578125
906,0.05,0.4208,0.0,0.1848,-2049.791259765625
907,0.05,0.4208,0.0,0.188,-2049.234619140625
908,0.05,0.4208,0.0,0.1912,-2051.62744140625
909,0.05,0.4208,0.0,0.1944,-2053.077880859375
910,0.05,0.4208,0.0,0.1976,-2053.713134765625
911,0.05,0.4208,0.0,0.2008,-2054.2978515625
912,0.05,0.4208,0.0,0.204,-2056.15234375
913,0.05,0.4208,0.0,0.2072,-2057.447998046875
914,0.05,0.4208,0.0,0.2104,-2058.350830078125
915,0.05,0.4208,0.0,0.2136,-2060.7470703125
916,0.05,0.4208,0.0,0.2168,-2061.72412109375
917,0.05,0.4208,0.0,0.22,-2063.52783203125
918,0.05,0.4232,0.0,0.06,-2065.01513671875
919,0.05,0.4232,0.0,0.0632,-2060.381103515625
920,0.05,0.4232,0.0,0.0664,-2058.09814453125
921,0.05,0.4232,0.0,0.0696,-2055.40380859375
922,0.05,0.4232,0.0,0.0728,-2052.3515625
923,0.05,0.4232,0.0,0.076,-2051.7802734375
924,0.05,0.4232,0.0,0.0792,-2048.801513671875
925,0.05,0.4232,0.0,0.0824,-2048.04638671875
926,0.05,0.4232,0.0,0.0856,-2046.64013671875
927,0.05,0.4232,0.0,0.0888,-2044.946044921875
928,0.05,0.4232,0.0,0.092,-2044.1466064453125
929,0.05,0.4232,0.0,0.0952,-2041.8980712890625
930,0.05,0.4232,0.0,0.0984,-2041.7689208984375
931,0.05,0.4232,0.0,0.1016,-2041.3720703125
932,0.05,0.4232,0.0,0.1048,-2039.6898193359375
933,0.05,0.4232,0.0,0.108,-2039.2685546875
934,0.05,0.4232,0.0,0.1112,-2039.5107421875
935,0.05,0.4232,0.0,0.1144,-2038.8607177734375
936,0.05,0.4232,0.0,0.1176,-2039.45068359375
937,0.05,0.4232,0.0,0.1208,-2037.8360595703125
938,0.05,0.4232,0.0,0.124,-2036.8177490234375
939,0.05,0.4232,0.0,0.1272,-2037.5185546875
940,0.05,0.4232,0.0,0.1304,-2038.375
941,0.05,0.4232,0.0,0.1336,-2038.7606201171875
942,0.05,0.4232,0.0,0.1368,-2038.546142578125
943,0.05,0.4232,0.0,0.14,-2040.392578125
944,0.05,0.4232,0.0,0.1432,-2040.206787109375
945,0.05,0.4232,0.0,0.1464,-2039.96923828125
946,0.05,0.4232,0.0,0.1496,-2040.5157470703125
947,0.05,0.4232,0.0,0.1528,-2040.4482421875
948,0.05,0.4232,0.0,0.156,-2041.13720703125
949,0.05,0.4232,0.0,0.1592,-2041.765380859375
950,0.05,0.4232,0.0,0.1624,-2042.2872314453125
951,0.05,0.4232,0.0,0.1656,-2043.18359375
952,0.05,0.4232,0.0,0.1688,-2045.3853759765625
953,0.05,0.4232,0.0,0.172,-2045.132568359375
954,0.05,0.4232,0.0,0.1752,-2046.917724609375
955,0.05,0.4232,0.0,0.1784,-2047.4658203125
956,0.05,0.4232,0.0,0.1816,-2048.140625
957,0.05,0.4232,0.0,0.1848,-2049.860595703125
958,0.05,0.4232,0.0,0.188,-2049.693359375
959,0.05,0.4232,0.0,0.1912,-2051.445068359375
960,0.05,0.4232,0.0,0.1944,-2053.1884765625
961,0.05,0.4232,0.0,0.1976,-2054.067138671875
962,0.05,0.4232,0.0,0.2008,-2055.12060546875
963,0.05,0.4232,0.0,0.204,-2055.6533203125
964,0.05,0.4232,0.0,0.2072,-2056.2099609375
965,0.05,0.4232,0.0,0.2104,-2058.154541015625
966,0.05,0.4232,0.0,0.2136,-2059.57666015625
967,0.05,0.4232,0.0,0.2168,-2060.679931640625
968,0.05,0.4232,0.0,0.22,-2063.253173828125
969,0.05,0.4256,0.0,0.06,-2063.17578125
970,0.05,0.4256,0.0,0.0632,-2061.112548828125
971,0.05,0.4256,0.0,0.0664,-2057.741943359375
972,0.05,0.4256,0.0,0.0696,-2055.34814453125
973,0.05,0.4256,0.0,0.0728,-2053.466796875
974,0.05,0.4256,0.0,0.076,-2051.698974609375
975,0.05,0.4256,0.0,0.0792,-2050.17333984375
976,0.05,0.4256,0.0,0.0824,-2047.849853515625
977,0.05,0.4256,0.0,0.0856,-2045.546875
978,0.05,0.4256,0.0,0.0888,-2044.8287353515625
979,0.05,0.4256,0.0,0.092,-2044.3726806640625
980,0.05,0.4256,0.0,0.0952,-2043.249755859375
981,0.05,0.4256,0.0,0.0984,-2041.721435546875
982,0.05,0.4256,0.0,0.1016,-2040.790771484375
983,0.05,0.4256,0.0,0.1048,-2039.444580078125
984,0.05,0.4256,0.0,0.108,-2038.74853515625
985,0.05,0.4256,0.0,0.1112,-2039.0643310546875
986,0.05,0.4256,0.0,0.1144,-2038.671875
987,0.05,0.4256,0.0,0.1176,-2038.080322265625
988,0.05,0.4256,0.0,0.1208,-2038.1290283203125
989,0.05,0.4256,0.0,0.124,-2037.621337890625
990,0.05,0.4256,0.0,0.1272,-2037.872314453125
991,0.05,0.4256,0.0,0.1304,-2037.42626953125
992,0.05,0.4256,0.0,0.1336,-2037.974609375
993,0.05,0.4256,0.0,0.1368,-2039.031494140625
994,0.05,0.4256,0.0,0.14,-2038.3809814453125
995,0.05,0.4256,0.0,0.1432,-2039.937255859375
996,0.05,0.4256,0.0,0.1464,-2039.6563720703125
997,0.05,0.4256,0.0,0.1496,-2040.34765625
998,0.05,0.4256,0.0,0.1528,-2041.056640625
999,0.05,0.4256,0.0,0.156,-2041.0289306640625
1000,0.05,0.4256,0.0,0.1592,-2041.6771240234375
1001,0.05,0.4256,0.0,0.1624,-2042.7603759765625
1002,0.05,0.4256,0.0,0.1656,-2043.171142578125
1003,0.05,0.4256,0.0,0.1688,-2044.605224609375
1004,0.05,0.4256,0.0,0.172,-2044.399169921875
1005,0.05,0.4256,0.0,0.1752,-2044.73779296875
1006,0.05,0.4256,0.0,0.1784,-2046.634521484375
1007,0.05,0.4256,0.0,0.1816,-2047.78759765625
1008,0.05,0.4256,0.0,0.1848,-2049.177490234375
1009,0.05,0.4256,0.0,0.188,-2050.302734375
1010,0.05,0.4256,0.0,0.1912,-2052.0029296875
1011,0.05,0.4256,0.0,0.1944,-2051.54833984375
1012,0.05,0.4256,0.0,0.1976,-2053.833740234375
1013,0.05,0.4256,0.0,0.2008,-2054.40869140625
1014,0.05,0.4256,0.0,0.204,-2056.14697265625
1015,0.05,0.4256,0.0,0.2072,-2058.098388671875
1016,0.05,0.4256,0.0,0.2104,-2057.95849609375
1017,0.05,0.4256,0.0,0.2136,-2060.0146484375
1018,0.05,0.4256,0.0,0.2168,-2060.48291015625
1019,0.05,0.4256,0.0,0.22,-2061.751953125
1020,0.05,0.428,0.0,0.06,-2063.09619140625
1021,0.05,0.428,0.0,0.0632,-2060.911865234375
1022,0.05,0.428,0.0,0.0664,-2057.544189453125
1023,0.05,0.428,0.0,0.0696,-2055.51416015625
1024,0.05,0.428,0.0,0.0728,-2052.73974609375
1025,0.05,0.428,0.0,0.076,-2051.2509765625
1026,0.05,0.428,0.0,0.0792,-2048.64208984375
1027,0.05,0.428,0.0,0.0824,-2047.520263671875
1028,0.05,0.428,0.0,0.0856,-2045.39501953125
1029,0.05,0.428,0.0,0.0888,-2044.086669921875
1030,0.05,0.428,0.0,0.092,-2042.7012939453125
1031,0.05,0.428,0.0,0.0952,-2042.413330078125
1032,0.05,0.428,0.0,0.0984,-2041.70751953125
1033,0.05,0.428,0.0,0.1016,-2040.2158203125
1034,0.05,0.428,0.0,0.1048,-2039.8660888671875
1035,0.05,0.428,0.0,0.108,-2039.8114013671875
1036,0.05,0.428,0.0,0.1112,-2039.2215576171875
1037,0.05,0.428,0.0,0.1144,-2038.3011474609375
1038,0.05,0.428,0.0,0.1176,-2038.683349609375
1039,0.05,0.428,0.0,0.1208,-2038.079833984375
1040,0.05,0.428,0.0,0.124,-2037.961181640625
1041,0.05,0.428,0.0,0.1272,-2037.482421875
1042,0.05,0.428,0.0,0.1304,-2038.06005859375
1043,0.05,0.428,0.0,0.1336,-2038.8729248046875
1044,0.05,0.428,0.0,0.1368,-2038.749267578125
1045,0.05,0.428,0.0,0.14,-2039.05126953125
1046,0.05,0.428,0.0,0.1432,-2038.3966064453125
1047,0.05,0.428,0.0,0.1464,-2039.5877685546875
1048,0.05,0.428,0.0,0.1496,-2039.8731689453125
1049,0.05,0.428,0.0,0.1528,-2040.595703125
1050,0.05,0.428,0.0,0.156,-2041.47216796875
1051,0.05,0.428,0.0,0.1592,-2042.682373046875
1052,0.05,0.428,0.0,0.1624,-2042.103759765625
1053,0.05,0.428,0.0,0.1656,-2045.0499267578125
1054,0.05,0.428,0.0,0.1688,-2044.0670166015625
1055,0.05,0.428,0.0,0.172,-2045.3447265625
1056,0.05,0.428,0.0,0.1752,-2045.32763671875
1057,0.05,0.428,0.0,0.1784,-2046.6021728515625
1058,0.05,0.428,0.0,0.1816,-2047.7928466796875
1059,0.05,0.428,0.0,0.1848,-2049.070556640625
1060,0.05,0.428,0.0,0.188,-2050.699462890625
1061,0.05,0.428,0.0,0.1912,-2051.8837890625
1062,0.05,0.428,0.0,0.1944,-2053.786865234375
1063,0.05,0.428,0.0,0.1976,-2053.4873046875
1064,0.05,0.428,0.0,0.2008,-2055.59912109375
1065,0.05,0.428,0.0,0.204,-2055.22998046875
1066,0.05,0.428,0.0,0.2072,-2055.618896484375
1067,0.05,0.428,0.0,0.2104,-2057.820068359375
1068,0.05,0.428,0.0,0.2136,-2059.23974609375
1069,0.05,0.428,0.0,0.2168,-2060.8193359375
1070,0.05,0.428,0.0,0.22,-2061.80615234375
1071,0.05,0.4304,0.0,0.06,-2063.662841796875
1072,0.05,0.4304,0.0,0.0632,-2060.610595703125
1073,0.05,0.4304,0.0,0.0664,-2057.89990234375
1074,0.05,0.4304,0.0,0.0696,-2055.378662109375
1075,0.05,0.4304,0.0,0.0728,-2052.201171875
1076,0.05,0.4304,0.0,0.076,-2050.41748046875
1077,0.05,0.4304,0.0,0.0792,-2048.8125
1078,0.05,0.4304,0.0,0.0824,-2047.186767578125
1079,0.05,0.4304,0.0,0.0856,-2045.145751953125
1080,0.05,0.4304,0.0,0.0888,-2043.5482177734375
1081,0.05,0.4304,0.0,0.092,-2043.18310546875
1082,0.05,0.4304,0.0,0.0952,-2040.73046875
1083,0.05,0.4304,0.0,0.0984,-2041.310791015625
1084,0.05,0.4304,0.0,0.1016,-2039.9736328125
1085,0.05,0.4304,0.0,0.1048,-2038.77880859375
1086,0.05,0.4304,0.0,0.108,-2038.375
1087,0.05,0.4304,0.0,0.1112,-2037.909423828125
1088,0.05,0.4304,0.0,0.1144,-2037.6256103515625
1089,0.05,0.4304,0.0,0.1176,-2037.637939453125
1090,0.05,0.4304,0.0,0.1208,-2037.73583984375
1091,0.05,0.4304,0.0,0.124,-2038.0797119140625
1092,0.05,0.4304,0.0,0.1272,-2038.3193359375
1093,0.05,0.4304,0.0,0.1304,-2037.3984375
1094,0.05,0.4304,0.0,0.1336,-2037.85498046875
1095,0.05,0.4304,0.0,0.1368,-2037.9412841796875
1096,0.05,0.4304,0.0,0.14,-2038.266845703125
1097,0.05,0.4304,0.0,0.1432,-2039.1729736328125
1098,0.05,0.4304,0.0,0.1464,-2038.391845703125
1099,0.05,0.4304,0.0,0.1496,-2039.9356689453125
1100,0.05,0.4304,0.0,0.1528,-2040.400634765625
1101,0.05,0.4304,0.0,0.156,-2040.319580078125
1102,0.05,0.4304,0.0,0.1592,-2041.135009765625
1103,0.05,0.4304,0.0,0.1624,-2042.5374755859375
1104,0.05,0.4304,0.0,0.1656,-2042.416259765625
1105,0.05,0.4304,0.0,0.1688,-2043.213623046875
1106,0.05,0.4304,0.0,0.172,-2045.5318603515625
1107,0.05,0.4304,0.0,0.1752,-2045.4771728515625
1108,0.05,0.4304,0.0,0.1784,-2046.708984375
1109,0.05,0.4304,0.0,0.1816,-2047.691162109375
1110,0.05,0.4304,0.0,0.1848,-2049.002197265625
1111,0.05,0.4304,0.0,0.188,-2049.046630859375
1112,0.05,0.4304,0.0,0.1912,-2049.939208984375
1113,0.05,0.4304,0.0,0.1944,-2051.12890625
1114,0.05,0.4304,0.0,0.1976,-2053.3271484375
1115,0.05,0.4304,0.0,0.2008,-2054.3310546875
1116,0.05,0.4304,0.0,0.204,-2055.157958984375
1117,0.05,0.4304,0.0,0.2072,-2056.85595703125
1118,0.05,0.4304,0.0,0.2104,-2057.0263671875
1119,0.05,0.4304,0.0,0.2136,-2057.84130859375
1120,0.05,0.4304,0.0,0.2168,-2060.360107421875
1121,0.05,0.4304,0.0,0.22,-2062.56005859375
1122,0.05,0.4328,0.0,0.06,-2062.71533203125
1123,0.05,0.4328,0.0,0.0632,-2060.26513671875
1124,0.05,0.4328,0.0,0.0664,-2058.742431640625
1125,0.05,0.4328,0.0,0.0696,-2055.20849609375
1126,0.05,0.4328,0.0,0.0728,-2052.837158203125
1127,0.05,0.4328,0.0,0.076,-2050.8115234375
1128,0.05,0.4328,0.0,0.0792,-2048.84130859375
1129,0.05,0.4328,0.0,0.0824,-2046.29541015625
1130,0.05,0.4328,0.0,0.0856,-2046.1376953125
1131,0.05,0.4328,0.0,0.0888,-2043.544189453125
1132,0.05,0.4328,0.0,0.092,-2041.9658203125
1133,0.05,0.4328,0.0,0.0952,-2041.1485595703125
1134,0.05,0.4328,0.0,0.0984,-2040.2535400390625
1135,0.05,0.4328,0.0,0.1016,-2038.9144287109375
1136,0.05,0.4328,0.0,0.1048,-2039.40673828125
1137,0.05,0.4328,0.0,0.108,-2038.83984375
1138,0.05,0.4328,0.0,0.1112,-2039.4285888671875
1139,0.05,0.4328,0.0,0.1144,-2039.014404296875
1140,0.05,0.4328,0.0,0.1176,-2036.496337890625
1141,0.05,0.4328,0.0,0.1208,-2038.017578125
1142,0.05,0.4328,0.0,0.124,-2037.62451171875
1143,0.05,0.4328,0.0,0.1272,-2036.63427734375
1144,0.05,0.4328,0.0,0.1304,-2038.5498046875
1145,0.05,0.4328,0.0,0.1336,-2038.28564453125
1146,0.05,0.4328,0.0,0.1368,-2037.6435546875
1147,0.05,0.4328,0.0,0.14,-2038.467529296875
1148,0.05,0.4328,0.0,0.1432,-2040.4244384765625
1149,0.05,0.4328,0.0,0.1464,-2038.685546875
1150,0.05,0.4328,0.0,0.1496,-2040.9901123046875
1151,0.05,0.4328,0.0,0.1528,-2039.8673095703125
1152,0.05,0.4328,0.0,0.156,-2041.282958984375
1153,0.05,0.4328,0.0,0.1592,-2041.2652587890625
1154,0.05,0.4328,0.0,0.1624,-2041.9462890625
1155,0.05,0.4328,0.0,0.1656,-2042.507080078125
1156,0.05,0.4328,0.0,0.1688,-2043.902587890625
1157,0.05,0.4328,0.0,0.172,-2045.525634765625
1158,0.05,0.4328,0.0,0.1752,-2044.29150390625
1159,0.05,0.4328,0.0,0.1784,-2046.461181640625
1160,0.05,0.4328,0.0,0.1816,-2047.2469482421875
1161,0.05,0.4328,0.0,0.1848,-2047.924072265625
1162,0.05,0.4328,0.0,0.188,-2050.0009765625
1163,0.05,0.4328,0.0,0.1912,-2049.302978515625
1164,0.05,0.4328,0.0,0.1944,-2052.331787109375
1165,0.05,0.4328,0.0,0.1976,-2052.728515625
1166,0.05,0.4328,0.0,0.2008,-2054.391845703125
1167,0.05,0.4328,0.0,0.204,-2054.93896484375
1168,0.05,0.4328,0.0,0.2072,-2056.846923828125
1169,0.05,0.4328,0.0,0.2104,-2056.736572265625
1170,0.05,0.4328,0.0,0.2136,-2058.731689453125
1171,0.05,0.4328,0.0,0.2168,-2060.6767578125
1172,0.05,0.4328,0.0,0.22,-2062.57666015625
1173,0.05,0.4352,0.0,0.06,-2063.209716796875
1174,0.05,0.4352,0.0,0.0632,-2059.25341796875
1175,0.05,0.4352,0.0,0.0664,-2057.083251953125
1176,0.05,0.4352,0.0,0.0696,-2053.869873046875
1177,0.05,0.4352,0.0,0.0728,-2051.271484375
1178,0.05,0.4352,0.0,0.076,-2050.19775390625
1179,0.05,0.4352,0.0,0.0792,-2048.5849609375
1180,0.05,0.4352,0.0,0.0824,-2046.330810546875
1181,0.05,0.4352,0.0,0.0856,-2046.02294921875
1182,0.05,0.4352,0.0,0.0888,-2043.426513671875
1183,0.05,0.4352,0.0,0.092,-2042.999267578125
1184,0.05,0.4352,0.0,0.0952,-2042.322265625
1185,0.05,0.4352,0.0,0.0984,-2041.023193359375
1186,0.05,0.4352,0.0,0.1016,-2040.335693359375
1187,0.05,0.4352,0.0,0.1048,-2038.9254150390625
1188,0.05,0.4352,0.0,0.108,-2038.140625
1189,0.05,0.4352,0.0,0.1112,-2038.4031982421875
1190,0.05,0.4352,0.0,0.1144,-2038.338134765625
1191,0.05,0.4352,0.0,0.1176,-2038.206787109375
1192,0.05,0.4352,0.0,0.1208,-2037.217041015625
1193,0.05,0.4352,0.0,0.124,-2036.6241455078125
1194,0.05,0.4352,0.0,0.1272,-2037.0426025390625
1195,0.05,0.4352,0.0,0.1304,-2037.610595703125
1196,0.05,0.4352,0.0,0.1336,-2037.2069091796875
1197,0.05,0.4352,0.0,0.1368,-2037.6102294921875
1198,0.05,0.4352,0.0,0.14,-2037.702880859375
1199,0.05,0.4352,0.0,0.1432,-2038.986083984375
1200,0.05,0.4352,0.0,0.1464,-2038.784912109375
1201,0.05,0.4352,0.0,0.1496,-2039.1220703125
1202,0.05,0.4352,0.0,0.1528,-2039.9046630859375
1203,0.05,0.4352,0.0,0.156,-2041.20068359375
1204,0.05,0.4352,0.0,0.1592,-2041.986083984375
1205,0.05,0.4352,0.0,0.1624,-2041.953125
1206,0.05,0.4352,0.0,0.1656,-2042.5198974609375
1207,0.05,0.4352,0.0,0.1688,-2043.8255615234375
1208,0.05,0.4352,0.0,0.172,-2044.59228515625
1209,0.05,0.4352,0.0,0.1752,-2044.5589599609375
1210,0.05,0.4352,0.0,0.1784,-2047.599853515625
1211,0.05,0.4352,0.0,0.1816,-2047.979736328125
1212,0.05,0.4352,0.0,0.1848,-2049.24267578125
1213,0.05,0.4352,0.0,0.188,-2049.53466796875
1214,0.05,0.4352,0.0,0.1912,-2050.48974609375
1215,0.05,0.4352,0.0,0.1944,-2051.576904296875
1216,0.05,0.4352,0.0,0.1976,-2052.696533203125
1217,0.05,0.4352,0.0,0.2008,-2054.48828125
1218,0.05,0.4352,0.0,0.204,-2054.6259765625
1219,0.05,0.4352,0.0,0.2072,-2056.81787109375
1220,0.05,0.4352,0.0,0.2104,-2057.8955078125
1221,0.05,0.4352,0.0,0.2136,-2059.37841796875
1222,0.05,0.4352,0.0,0.2168,-2060.132080078125
1223,0.05,0.4352,0.0,0.22,-2061.32861328125
1224,0.05,0.4376,0.0,0.06,-2062.357421875
1225,0.05,0.4376,0.0,0.0632,-2060.2568359375
1226,0.05,0.4376,0.0,0.0664,-2057.376220703125
1227,0.05,0.4376,0.0,0.0696,-2054.63623046875
1228,0.05,0.4376,0.0,0.0728,-2051.56298828125
1229,0.05,0.4376,0.0,0.076,-2049.72509765625
1230,0.05,0.4376,0.0,0.0792,-2048.3759765625
1231,0.05,0.4376,0.0,0.0824,-2045.8599853515625
1232,0.05,0.4376,0.0,0.0856,-2045.1241455078125
1233,0.05,0.4376,0.0,0.0888,-2043.1961669921875
1234,0.05,0.4376,0.0,0.092,-2042.002197265625
1235,0.05,0.4376,0.0,0.0952,-2041.943115234375
1236,0.05,0.4376,0.0,0.0984,-2040.5357666015625
1237,0.05,0.4376,0.0,0.1016,-2039.7042236328125
1238,0.05,0.4376,0.0,0.1048,-2038.49609375
1239,0.05,0.4376,0.0,0.108,-2038.465576171875
1240,0.05,0.4376,0.0,0.1112,-2039.165771484375
1241,0.05,0.4376,0.0,0.1144,-2037.897705078125
1242,0.05,0.4376,0.0,0.1176,-2036.599365234375
1243,0.05,0.4376,0.0,0.1208,-2036.74951171875
1244,0.05,0.4376,0.0,0.124,-2037.8079833984375
1245,0.05,0.4376,0.0,0.1272,-2036.460205078125
1246,0.05,0.4376,0.0,0.1304,-2037.537841796875
1247,0.05,0.4376,0.0,0.1336,-2037.46533203125
1248,0.05,0.4376,0.0,0.1368,-2036.5592041015625
1249,0.05,0.4376,0.0,0.14,-2037.48193359375
1250,0.05,0.4376,0.0,0.1432,-2038.6331787109375
1251,0.05,0.4376,0.0,0.1464,-2038.0582275390625
1252,0.05,0.4376,0.0,0.1496,-2039.928955078125
1253,0.05,0.4376,0.0,0.1528,-2039.965576171875
1254,0.05,0.4376,0.0,0.156,-2039.9630126953125
1255,0.05,0.4376,0.0,0.1592,-2041.556640625
1256,0.05,0.4376,0.0,0.1624,-2041.625732421875
1257,0.05,0.4376,0.0,0.1656,-2043.029052734375
1258,0.05,0.4376,0.0,0.1688,-2043.4215087890625
1259,0.05,0.4376,0.0,0.172,-2044.6048583984375
1260,0.05,0.4376,0.0,0.1752,-2045.47314453125
1261,0.05,0.4376,0.0,0.1784,-2046.2230224609375
1262,0.05,0.4376,0.0,0.1816,-2046.91650390625
1263,0.05,0.4376,0.0,0.1848,-2047.779052734375
1264,0.05,0.4376,0.0,0.188,-2048.69384765625
1265,0.05,0.4376,0.0,0.1912,-2050.87548828125
1266,0.05,0.4376,0.0,0.1944,-2051.64306640625
1267,0.05,0.4376,0.0,0.1976,-2052.841064453125
1268,0.05,0.4376,0.0,0.2008,-2053.262451171875
1269,0.05,0.4376,0.0,0.204,-2054.103759765625
1270,0.05,0.4376,0.0,0.2072,-2055.72314453125
1271,0.05,0.4376,0.0,0.2104,-2057.80859375
1272,0.05,0.4376,0.0,0.2136,-2058.920166015625
1273,0.05,0.4376,0.0,0.2168,-2060.1435546875
1274,0.05,0.4376,0.0,0.22,-2061.7451171875
1275,0.05,0.44,0.0,0.06,-2062.34716796875
1276,0.05,0.44,0.0,0.0632,-2060.850341796875
1277,0.05,0.44,0.0,0.0664,-2057.07568359375
1278,0.05,0.44,0.0,0.0696,-2054.551513671875
1279,0.05,0.44,0.0,0.0728,-2052.13134765625
1280,0.05,0.44,0.0,0.076,-2050.516357421875
1281,0.05,0.44,0.0,0.0792,-2048.8896484375
1282,0.05,0.44,0.0,0.0824,-2044.934326171875
1283,0.05,0.44,0.0,0.0856,-2045.278564453125
1284,0.05,0.44,0.0,0.0888,-2043.4625244140625
1285,0.05,0.44,0.0,0.092,-2042.76123046875
1286,0.05,0.44,0.0,0.0952,-2041.2138671875
1287,0.05,0.44,0.0,0.0984,-2039.607177734375
1288,0.05,0.44,0.0,0.1016,-2040.16015625
1289,0.05,0.44,0.0,0.1048,-2040.7510986328125
1290,0.05,0.44,0.0,0.108,-2037.341796875
1291,0.05,0.44,0.0,0.1112,-2038.5965576171875
1292,0.05,0.44,0.0,0.1144,-2037.372802734375
1293,0.05,0.44,0.0,0.1176,-2038.18896484375
1294,0.05,0.44,0.0,0.1208,-2037.00439453125
1295,0.05,0.44,0.0,0.124,-2037.758544921875
1296,0.05,0.44,0.0,0.1272,-2037.581787109375
1297,0.05,0.44,0.0,0.1304,-2037.1231689453125
1298,0.05,0.44,0.0,0.1336,-2039.021240234375
1299,0.05,0.44,0.0,0.1368,-2037.7120361328125
1300,0.05,0.44,0.0,0.14,-2037.959228515625
1301,0.05,0.44,0.0,0.1432,-2038.551513671875
1302,0.05,0.44,0.0,0.1464,-2038.9327392578125
1303,0.05,0.44,0.0,0.1496,-2039.672607421875
1304,0.05,0.44,0.0,0.1528,-2040.5535888671875
1305,0.05,0.44,0.0,0.156,-2040.9151611328125
1306,0.05,0.44,0.0,0.1592,-2041.129150390625
1307,0.05,0.44,0.0,0.1624,-2042.0323486328125
1308,0.05,0.44,0.0,0.1656,-2044.237060546875
1309,0.05,0.44,0.0,0.1688,-2043.40185546875
1310,0.05,0.44,0.0,0.172,-2043.961669921875
1311,0.05,0.44,0.0,0.1752,-2045.7452392578125
1312,0.05,0.44,0.0,0.1784,-2047.517333984375
1313,0.05,0.44,0.0,0.1816,-2047.338623046875
1314,0.05,0.44,0.0,0.1848,-2048.052734375
1315,0.05,0.44,0.0,0.188,-2050.824951171875
1316,0.05,0.44,0.0,0.1912,-2051.02978515625
1317,0.05,0.44,0.0,0.1944,-2051.40380859375
1318,0.05,0.44,0.0,0.1976,-2053.28662109375
1319,0.05,0.44,0.0,0.2008,-2054.140625
1320,0.05,0.44,0.0,0.204,-2054.6484375
1321,0.05,0.44,0.0,0.2072,-2055.443359375
1322,0.05,0.44,0.0,0.2104,-2057.123046875
1323,0.05,0.44,0.0,0.2136,-2060.443603515625
1324,0.05,0.44,0.0,0.2168,-2061.49853515625
1325,0.05,0.44,0.0,0.22,-2062.3525390625
1326,0.05,0.4424,0.0,0.06,-2062.71875
1327,0.05,0.4424,0.0,0.0632,-2060.66748046875
1328,0.05,0.4424,0.0,0.0664,-2057.202392578125
1329,0.05,0.4424,0.0,0.0696,-2055.152099609375
1330,0.05,0.4424,0.0,0.0728,-2052.321533203125
1331,0.05,0.4424,0.0,0.076,-2050.46826171875
1332,0.05,0.4424,0.0,0.0792,-2048.1005859375
1333,0.05,0.4424,0.0,0.0824,-2046.88671875
1334,0.05,0.4424,0.0,0.0856,-2045.333251953125
1335,0.05,0.4424,0.0,0.0888,-2044.49462890625
1336,0.05,0.4424,0.0,0.092,-2042.2308349609375
1337,0.05,0.4424,0.0,0.0952,-2041.6318359375
1338,0.05,0.4424,0.0,0.0984,-2039.9013671875
1339,0.05,0.4424,0.0,0.1016,-2040.42724609375
1340,0.05,0.4424,0.0,0.1048,-2039.522705078125
1341,0.05,0.4424,0.0,0.108,-2038.5697021484375
1342,0.05,0.4424,0.0,0.1112,-2036.65673828125
1343,0.05,0.4424,0.0,0.1144,-2038.4281005859375
1344,0.05,0.4424,0.0,0.1176,-2038.470703125
1345,0.05,0.4424,0.0,0.1208,-2036.5809326171875
1346,0.05,0.4424,0.0,0.124,-2037.0882568359375
1347,0.05,0.4424,0.0,0.1272,-2037.052490234375
1348,0.05,0.4424,0.0,0.1304,-2037.9302978515625
1349,0.05,0.4424,0.0,0.1336,-2037.346435546875
1350,0.05,0.4424,0.0,0.1368,-2038.762939453125
1351,0.05,0.4424,0.0,0.14,-2037.6585693359375
1352,0.05,0.4424,0.0,0.1432,-2038.7481689453125
1353,0.05,0.4424,0.0,0.1464,-2038.09423828125
1354,0.05,0.4424,0.0,0.1496,-2040.129150390625
1355,0.05,0.4424,0.0,0.1528,-2039.61572265625
1356,0.05,0.4424,0.0,0.156,-2041.447509765625
1357,0.05,0.4424,0.0,0.1592,-2042.608154296875
1358,0.05,0.4424,0.0,0.1624,-2043.2813720703125
1359,0.05,0.4424,0.0,0.1656,-2043.779541015625
1360,0.05,0.4424,0.0,0.1688,-2043.781005859375
1361,0.05,0.4424,0.0,0.172,-2045.052734375
1362,0.05,0.4424,0.0,0.1752,-2046.08740234375
1363,0.05,0.4424,0.0,0.1784,-2045.409423828125
1364,0.05,0.4424,0.0,0.1816,-2047.8292236328125
1365,0.05,0.4424,0.0,0.1848,-2048.29248046875
1366,0.05,0.4424,0.0,0.188,-2048.98974609375
1367,0.05,0.4424,0.0,0.1912,-2049.988037109375
1368,0.05,0.4424,0.0,0.1944,-2051.76806640625
1369,0.05,0.4424,0.0,0.1976,-2053.62060546875
1370,0.05,0.4424,0.0,0.2008,-2054.3134765625
1371,0.05,0.4424,0.0,0.204,-2054.810546875
1372,0.05,0.4424,0.0,0.2072,-2056.00537109375
1373,0.05,0.4424,0.0,0.2104,-2057.228515625
1374,0.05,0.4424,0.0,0.2136,-2059.113525390625
1375,0.05,0.4424,0.0,0.2168,-2059.588134765625
1376,0.05,0.4424,0.0,0.22,-2062.8271484375
1377,0.05,0.4448,0.0,0.06,-2062.862548828125
1378,0.05,0.4448,0.0,0.0632,-2060.716064453125
1379,0.05,0.4448,0.0,0.0664,-2057.85986328125
1380,0.05,0.4448,0.0,0.0696,-2054.602783203125
1381,0.05,0.4448,0.0,0.0728,-2052.357177734375
1382,0.05,0.4448,0.0,0.076,-2051.062744140625
1383,0.05,0.4448,0.0,0.0792,-2048.49755859375
1384,0.05,0.4448,0.0,0.0824,-2046.564208984375
1385,0.05,0.4448,0.0,0.0856,-2044.77392578125
1386,0.05,0.4448,0.0,0.0888,-2042.935546875
1387,0.05,0.4448,0.0,0.092,-2043.539306640625
1388,0.05,0.4448,0.0,0.0952,-2042.57861328125
1389,0.05,0.4448,0.0,0.0984,-2041.07373046875
1390,0.05,0.4448,0.0,0.1016,-2040.1092529296875
1391,0.05,0.4448,0.0,0.1048,-2039.51123046875
1392,0.05,0.4448,0.0,0.108,-2038.48291015625
1393,0.05,0.4448,0.0,0.1112,-2038.7637939453125
1394,0.05,0.4448,0.0,0.1144,-2037.7017822265625
1395,0.05,0.4448,0.0,0.1176,-2038.15673828125
1396,0.05,0.4448,0.0,0.1208,-2037.2420654296875
1397,0.05,0.4448,0.0,0.124,-2037.224365234375
1398,0.05,0.4448,0.0,0.1272,-2037.400390625
1399,0.05,0.4448,0.0,0.1304,-2038.0517578125
1400,0.05,0.4448,0.0,0.1336,-2038.515380859375
1401,0.05,0.4448,0.0,0.1368,-2036.46728515625
1402,0.05,0.4448,0.0,0.14,-2038.8726806640625
1403,0.05,0.4448,0.0,0.1432,-2039.296142578125
1404,0.05,0.4448,0.0,0.1464,-2038.5067138671875
1405,0.05,0.4448,0.0,0.1496,-2039.551025390625
1406,0.05,0.4448,0.0,0.1528,-2040.823486328125
1407,0.05,0.4448,0.0,0.156,-2040.42626953125
1408,0.05,0.4448,0.0,0.1592,-2041.2757568359375
1409,0.05,0.4448,0.0,0.1624,-2042.104736328125
1410,0.05,0.4448,0.0,0.1656,-2043.0740966796875
1411,0.05,0.4448,0.0,0.1688,-2043.9781494140625
1412,0.05,0.4448,0.0,0.172,-2043.8486328125
1413,0.05,0.4448,0.0,0.1752,-2045.543701171875
1414,0.05,0.4448,0.0,0.1784,-2046.625244140625
1415,0.05,0.4448,0.0,0.1816,-2048.15234375
1416,0.05,0.4448,0.0,0.1848,-2048.47216796875
1417,0.05,0.4448,0.0,0.188,-2049.8837890625
1418,0.05,0.4448,0.0,0.1912,-2050.2255859375
1419,0.05,0.4448,0.0,0.1944,-2052.5986328125
1420,0.05,0.4448,0.0,0.1976,-2052.76611328125
1421,0.05,0.4448,0.0,0.2008,-2054.173828125
1422,0.05,0.4448,0.0,0.204,-2054.956787109375
1423,0.05,0.4448,0.0,0.2072,-2056.759765625
1424,0.05,0.4448,0.0,0.2104,-2058.83642578125
1425,0.05,0.4448,0.0,0.2136,-2058.84375
1426,0.05,0.4448,0.0,0.2168,-2060.41748046875
1427,0.05,0.4448,0.0,0.22,-2062.15625
1428,0.05,0.4472,0.0,0.06,-2063.292724609375
1429,0.05,0.4472,0.0,0.0632,-2059.949462890625
1430,0.05,0.4472,0.0,0.0664,-2056.826171875
1431,0.05,0.4472,0.0,0.0696,-2055.00146484375
1432,0.05,0.4472,0.0,0.0728,-2052.564453125
1433,0.05,0.4472,0.0,0.076,-2049.0966796875
1434,0.05,0.4472,0.0,0.0792,-2048.9013671875
1435,0.05,0.4472,0.0,0.0824,-2046.749755859375
1436,0.05,0.4472,0.0,0.0856,-2045.4659423828125
1437,0.05,0.4472,0.0,0.0888,-2043.958740234375
1438,0.05,0.4472,0.0,0.092,-2043.230712890625
1439,0.05,0.4472,0.0,0.0952,-2041.203125
1440,0.05,0.4472,0.0,0.0984,-2040.2408447265625
1441,0.05,0.4472,0.0,0.1016,-2040.2755126953125
1442,0.05,0.4472,0.0,0.1048,-2038.309814453125
1443,0.05,0.4472,0.0,0.108,-2038.98779296875
1444,0.05,0.4472,0.0,0.1112,-2039.3123779296875
1445,0.05,0.4472,0.0,0.1144,-2037.722900390625
1446,0.05,0.4472,0.0,0.1176,-2037.34326171875
1447,0.05,0.4472,0.0,0.1208,-2037.2239990234375
1448,0.05,0.4472,0.0,0.124,-2038.06298828125
1449,0.05,0.4472,0.0,0.1272,-2037.3016357421875
1450,0.05,0.4472,0.0,0.1304,-2038.083740234375
1451,0.05,0.4472,0.0,0.1336,-2038.6318359375
1452,0.05,0.4472,0.0,0.1368,-2037.847900390625
1453,0.05,0.4472,0.0,0.14,-2037.310546875
1454,0.05,0.4472,0.0,0.1432,-2039.252197265625
1455,0.05,0.4472,0.0,0.1464,-2038.7711181640625
1456,0.05,0.4472,0.0,0.1496,-2040.03271484375
1457,0.05,0.4472,0.0,0.1528,-2039.9737548828125
1458,0.05,0.4472,0.0,0.156,-2042.20751953125
1459,0.05,0.4472,0.0,0.1592,-2041.7415771484375
1460,0.05,0.4472,0.0,0.1624,-2042.74462890625
1461,0.05,0.4472,0.0,0.1656,-2043.36181640625
1462,0.05,0.4472,0.0,0.1688,-2042.8338623046875
1463,0.05,0.4472,0.0,0.172,-2044.8922119140625
1464,0.05,0.4472,0.0,0.1752,-2046.1051025390625
1465,0.05,0.4472,0.0,0.1784,-2046.2879638671875
1466,0.05,0.4472,0.0,0.1816,-2046.7867431640625
1467,0.05,0.4472,0.0,0.1848,-2049.4345703125
1468,0.05,0.4472,0.0,0.188,-2049.328125
1469,0.05,0.4472,0.0,0.1912,-2052.187255859375
1470,0.05,0.4472,0.0,0.1944,-2051.08740234375
1471,0.05,0.4472,0.0,0.1976,-2053.22705078125
1472,0.05,0.4472,0.0,0.2008,-2053.35986328125
1473,0.05,0.4472,0.0,0.204,-2055.2451171875
1474,0.05,0.4472,0.0,0.2072,-2056.472412109375
1475,0.05,0.4472,0.0,0.2104,-2058.637451171875
1476,0.05,0.4472,0.0,0.2136,-2059.74755859375
1477,0.05,0.4472,0.0,0.2168,-2060.984375
1478,0.05,0.4472,0.0,0.22,-2062.38623046875
1479,0.05,0.4496,0.0,0.06,-2063.20703125
1480,0.05,0.4496,0.0,0.0632,-2059.791015625
1481,0.05,0.4496,0.0,0.0664,-2057.275146484375
1482,0.05,0.4496,0.0,0.0696,-2054.19482421875
1483,0.05,0.4496,0.0,0.0728,-2053.02001953125
1484,0.05,0.4496,0.0,0.076,-2049.8671875
1485,0.05,0.4496,0.0,0.0792,-2049.567138671875
1486,0.05,0.4496,0.0,0.0824,-2045.855224609375
1487,0.05,0.4496,0.0,0.0856,-2045.089599609375
1488,0.05,0.4496,0.0,0.0888,-2044.354736328125
1489,0.05,0.4496,0.0,0.092,-2041.943115234375
1490,0.05,0.4496,0.0,0.0952,-2041.974609375
1491,0.05,0.4496,0.0,0.0984,-2041.241943359375
1492,0.05,0.4496,0.0,0.1016,-2040.0316162109375
1493,0.05,0.4496,0.0,0.1048,-2039.630859375
1494,0.05,0.4496,0.0,0.108,-2037.8477783203125
1495,0.05,0.4496,0.0,0.1112,-2038.4384765625
1496,0.05,0.4496,0.0,0.1144,-2037.429931640625
1497,0.05,0.4496,0.0,0.1176,-2038.295166015625
1498,0.05,0.4496,0.0,0.1208,-2038.0164794921875
1499,0.05,0.4496,0.0,0.124,-2038.13720703125
1500,0.05,0.4496,0.0,0.1272,-2037.6240234375
1501,0.05,0.4496,0.0,0.1304,-2039.09228515625
1502,0.05,0.4496,0.0,0.1336,-2038.767822265625
1503,0.05,0.4496,0.0,0.1368,-2038.278564453125
1504,0.05,0.4496,0.0,0.14,-2038.3836669921875
1505,0.05,0.4496,0.0,0.1432,-2037.7861328125
1506,0.05,0.4496,0.0,0.1464,-2038.58642578125
1507,0.05,0.4496,0.0,0.1496,-2040.1033935546875
1508,0.05,0.4496,0.0,0.1528,-2040.80029296875
1509,0.05,0.4496,0.0,0.156,-2040.8795166015625
1510,0.05,0.4496,0.0,0.1592,-2041.73583984375
1511,0.05,0.4496,0.0,0.1624,-2042.3685302734375
1512,0.05,0.4496,0.0,0.1656,-2043.7425537109375
1513,0.05,0.4496,0.0,0.1688,-2044.116455078125
1514,0.05,0.4496,0.0,0.172,-2045.9354248046875
1515,0.05,0.4496,0.0,0.1752,-2045.428955078125
1516,0.05,0.4496,0.0,0.1784,-2048.25537109375
1517,0.05,0.4496,0.0,0.1816,-2047.6912841796875
1518,0.05,0.4496,0.0,0.1848,-2049.2568359375
1519,0.05,0.4496,0.0,0.188,-2050.349609375
1520,0.05,0.4496,0.0,0.1912,-2049.66357421875
1521,0.05,0.4496,0.0,0.1944,-2053.0830078125
1522,0.05,0.4496,0.0,0.1976,-2053.283935546875
1523,0.05,0.4496,0.0,0.2008,-2054.91259765625
1524,0.05,0.4496,0.0,0.204,-2055.68994140625
1525,0.05,0.4496,0.0,0.2072,-2057.66064453125
1526,0.05,0.4496,0.0,0.2104,-2057.51123046875
1527,0.05,0.4496,0.0,0.2136,-2059.5263671875
1528,0.05,0.4496,0.0,0.2168,-2060.791748046875
1529,0.05,0.4496,0.0,0.22,-2062.99951171875
1530,0.05,0.452,0.0,0.06,-2063.50830078125
1531,0.05,0.452,0.0,0.0632,-2060.5009765625
1532,0.05,0.452,0.0,0.0664,-2056.481201171875
1533,0.05,0.452,0.0,0.0696,-2054.78955078125
1534,0.05,0.452,0.0,0.0728,-2052.06640625
1535,0.05,0.452,0.0,0.076,-2050.879638671875
1536,0.05,0.452,0.0,0.0792,-2048.77197265625
1537,0.05,0.452,0.0,0.0824,-2047.321044921875
1538,0.05,0.452,0.0,0.0856,-2046.27490234375
1539,0.05,0.452,0.0,0.0888,-2043.314208984375
1540,0.05,0.452,0.0,0.092,-2043.466796875
1541,0.05,0.452,0.0,0.0952,-2042.5697021484375
1542,0.05,0.452,0.0,0.0984,-2041.059326171875
1543,0.05,0.452,0.0,0.1016,-2040.501708984375
1544,0.05,0.452,0.0,0.1048,-2038.90576171875
1545,0.05,0.452,0.0,0.108,-2038.559326171875
1546,0.05,0.452,0.0,0.1112,-2038.7838134765625
1547,0.05,0.452,0.0,0.1144,-2038.010986328125
1548,0.05,0.452,0.0,0.1176,-2038.8040771484375
1549,0.05,0.452,0.0,0.1208,-2038.37353515625
1550,0.05,0.452,0.0,0.124,-2038.745849609375
1551,0.05,0.452,0.0,0.1272,-2037.3187255859375
1552,0.05,0.452,0.0,0.1304,-2038.27587890625
1553,0.05,0.452,0.0,0.1336,-2038.19580078125
1554,0.05,0.452,0.0,0.1368,-2038.22119140625
1555,0.05,0.452,0.0,0.14,-2039.48486328125
1556,0.05,0.452,0.0,0.1432,-2039.83203125
1557,0.05,0.452,0.0,0.1464,-2039.1575927734375
1558,0.05,0.452,0.0,0.1496,-2040.526123046875
1559,0.05,0.452,0.0,0.1528,-2040.056640625
1560,0.05,0.452,0.0,0.156,-2042.272705078125
1561,0.05,0.452,0.0,0.1592,-2041.252685546875
1562,0.05,0.452,0.0,0.1624,-2043.63330078125
1563,0.05,0.452,0.0,0.1656,-2043.6923828125
1564,0.05,0.452,0.0,0.1688,-2044.82568359375
1565,0.05,0.452,0.0,0.172,-2045.865234375
1566,0.05,0.452,0.0,0.1752,-2046.76025390625
1567,0.05,0.452,0.0,0.1784,-2047.397216796875
1568,0.05,0.452,0.0,0.1816,-2048.232421875
1569,0.05,0.452,0.0,0.1848,-2049.841552734375
1570,0.05,0.452,0.0,0.188,-2050.20068359375
1571,0.05,0.452,0.0,0.1912,-2050.59912109375
1572,0.05,0.452,0.0,0.1944,-2052.16845703125
1573,0.05,0.452,0.0,0.1976,-2054.360595703125
1574,0.05,0.452,0.0,0.2008,-2055.460205078125
1575,0.05,0.452,0.0,0.204,-2056.889892578125
1576,0.05,0.452,0.0,0.2072,-2058.31005859375
1577,0.05,0.452,0.0,0.2104,-2057.16845703125
1578,0.05,0.452,0.0,0.2136,-2060.358642578125
1579,0.05,0.452,0.0,0.2168,-2061.033935546875
1580,0.05,0.452,0.0,0.22,-2063.0166015625
1581,0.05,0.4544,0.0,0.06,-2065.031005859375
1582,0.05,0.4544,0.0,0.0632,-2060.6064453125
1583,0.05,0.4544,0.0,0.0664,-2057.953857421875
1584,0.05,0.4544,0.0,0.0696,-2055.17578125
1585,0.05,0.4544,0.0,0.0728,-2054.03857421875
1586,0.05,0.4544,0.0,0.076,-2050.96923828125
1587,0.05,0.4544,0.0,0.0792,-2049.276611328125
1588,0.05,0.4544,0.0,0.0824,-2047.0576171875
1589,0.05,0.4544,0.0,0.0856,-2046.273681640625
1590,0.05,0.4544,0.0,0.0888,-2045.22998046875
1591,0.05,0.4544,0.0,0.092,-2043.9564208984375
1592,0.05,0.4544,0.0,0.0952,-2042.6055908203125
1593,0.05,0.4544,0.0,0.0984,-2041.346923828125
1594,0.05,0.4544,0.0,0.1016,-2042.0787353515625
1595,0.05,0.4544,0.0,0.1048,-2040.24462890625
1596,0.05,0.4544,0.0,0.108,-2039.124267578125
1597,0.05,0.4544,0.0,0.1112,-2038.694580078125
1598,0.05,0.4544,0.0,0.1144,-2039.2091064453125
1599,0.05,0.4544,0.0,0.1176,-2038.192138671875
1600,0.05,0.4544,0.0,0.1208,-2038.8134765625
1601,0.05,0.4544,0.0,0.124,-2037.6097412109375
1602,0.05,0.4544,0.0,0.1272,-2037.9276123046875
1603,0.05,0.4544,0.0,0.1304,-2038.120361328125
1604,0.05,0.4544,0.0,0.1336,-2038.850830078125
1605,0.05,0.4544,0.0,0.1368,-2038.9151611328125
1606,0.05,0.4544,0.0,0.14,-2039.8809814453125
1607,0.05,0.4544,0.0,0.1432,-2040.244873046875
1608,0.05,0.4544,0.0,0.1464,-2039.788818359375
1609,0.05,0.4544,0.0,0.1496,-2039.7099609375
1610,0.05,0.4544,0.0,0.1528,-2041.610595703125
1611,0.05,0.4544,0.0,0.156,-2042.9036865234375
1612,0.05,0.4544,0.0,0.1592,-2042.2576904296875
1613,0.05,0.4544,0.0,0.1624,-2043.6640625
1614,0.05,0.4544,0.0,0.1656,-2043.2197265625
1615,0.05,0.4544,0.0,0.1688,-2044.941162109375
1616,0.05,0.4544,0.0,0.172,-2045.63134765625
1617,0.05,0.4544,0.0,0.1752,-2046.31494140625
1618,0.05,0.4544,0.0,0.1784,-2048.06787109375
1619,0.05,0.4544,0.0,0.1816,-2047.691162109375
1620,0.05,0.4544,0.0,0.1848,-2050.393310546875
1621,0.05,0.4544,0.0,0.188,-2050.67822265625
1622,0.05,0.4544,0.0,0.1912,-2052.345703125
1623,0.05,0.4544,0.0,0.1944,-2051.81982421875
1624,0.05,0.4544,0.0,0.1976,-2054.83984375
1625,0.05,0.4544,0.0,0.2008,-2055.5654296875
1626,0.05,0.4544,0.0,0.204,-2056.180419921875
1627,0.05,0.4544,0.0,0.2072,-2057.4853515625
1628,0.05,0.4544,0.0,0.2104,-2059.98095703125
1629,0.05,0.4544,0.0,0.2136,-2060.021484375
1630,0.05,0.4544,0.0,0.2168,-2061.6845703125
1631,0.05,0.4544,0.0,0.22,-2062.59033203125
1632,0.05,0.4568,0.0,0.06,-2064.72412109375
1633,0.05,0.4568,0.0,0.0632,-2061.99072265625
1634,0.05,0.4568,0.0,0.0664,-2058.630615234375
1635,0.05,0.4568,0.0,0.0696,-2056.029541015625
1636,0.05,0.4568,0.0,0.0728,-2052.37109375
1637,0.05,0.4568,0.0,0.076,-2051.1533203125
1638,0.05,0.4568,0.0,0.0792,-2049.29833984375
1639,0.05,0.4568,0.0,0.0824,-2045.575927734375
1640,0.05,0.4568,0.0,0.0856,-2046.624755859375
1641,0.05,0.4568,0.0,0.0888,-2044.5113525390625
1642,0.05,0.4568,0.0,0.092,-2044.55029296875
1643,0.05,0.4568,0.0,0.0952,-2042.1663818359375
1644,0.05,0.4568,0.0,0.0984,-2041.672607421875
1645,0.05,0.4568,0.0,0.1016,-2041.476806640625
1646,0.05,0.4568,0.0,0.1048,-2040.096435546875
1647,0.05,0.4568,0.0,0.108,-2040.124755859375
1648,0.05,0.4568,0.0,0.1112,-2039.81591796875
1649,0.05,0.4568,0.0,0.1144,-2038.527099609375
1650,0.05,0.4568,0.0,0.1176,-2039.251953125
1651,0.05,0.4568,0.0,0.1208,-2038.92138671875
1652,0.05,0.4568,0.0,0.124,-2038.619140625
1653,0.05,0.4568,0.0,0.1272,-2038.4349365234375
1654,0.05,0.4568,0.0,0.1304,-2039.730224609375
1655,0.05,0.4568,0.0,0.1336,-2038.8319091796875
1656,0.05,0.4568,0.0,0.1368,-2039.1807861328125
1657,0.05,0.4568,0.0,0.14,-2039.9261474609375
1658,0.05,0.4568,0.0,0.1432,-2039.7088623046875
1659,0.05,0.4568,0.0,0.1464,-2040.457275390625
1660,0.05,0.4568,0.0,0.1496,-2041.953857421875
1661,0.05,0.4568,0.0,0.1528,-2040.9111328125
1662,0.05,0.4568,0.0,0.156,-2040.95068359375
1663,0.05,0.4568,0.0,0.1592,-2044.041015625
1664,0.05,0.4568,0.0,0.1624,-2043.348388671875
1665,0.05,0.4568,0.0,0.1656,-2044.259033203125
1666,0.05,0.4568,0.0,0.1688,-2043.637451171875
1667,0.05,0.4568,0.0,0.172,-2046.2662353515625
1668,0.05,0.4568,0.0,0.1752,-2045.3399658203125
1669,0.05,0.4568,0.0,0.1784,-2047.782470703125
1670,0.05,0.4568,0.0,0.1816,-2047.81298828125
1671,0.05,0.4568,0.0,0.1848,-2049.739990234375
1672,0.05,0.4568,0.0,0.188,-2050.67578125
1673,0.05,0.4568,0.0,0.1912,-2052.232421875
1674,0.05,0.4568,0.0,0.1944,-2053.119140625
1675,0.05,0.4568,0.0,0.1976,-2055.077880859375
1676,0.05,0.4568,0.0,0.2008,-2055.7666015625
1677,0.05,0.4568,0.0,0.204,-2056.36962890625
1678,0.05,0.4568,0.0,0.2072,-2059.144775390625
1679,0.05,0.4568,0.0,0.2104,-2058.794189453125
1680,0.05,0.4568,0.0,0.2136,-2061.3466796875
1681,0.05,0.4568,0.0,0.2168,-2061.986328125
1682,0.05,0.4568,0.0,0.22,-2063.584228515625
1683,0.05,0.4592,0.0,0.06,-2063.984375
1684,0.05,0.4592,0.0,0.0632,-2060.64208984375
1685,0.05,0.4592,0.0,0.0664,-2058.323974609375
1686,0.05,0.4592,0.0,0.0696,-2056.224609375
1687,0.05,0.4592,0.0,0.0728,-2054.70751953125
1688,0.05,0.4592,0.0,0.076,-2052.275146484375
1689,0.05,0.4592,0.0,0.0792,-2049.489501953125
1690,0.05,0.4592,0.0,0.0824,-2048.443603515625
1691,0.05,0.4592,0.0,0.0856,-2046.38916015625
1692,0.05,0.4592,0.0,0.0888,-2045.7880859375
1693,0.05,0.4592,0.0,0.092,-2042.9710693359375
1694,0.05,0.4592,0.0,0.0952,-2043.54638671875
1695,0.05,0.4592,0.0,0.0984,-2041.2603759765625
1696,0.05,0.4592,0.0,0.1016,-2041.948486328125
1697,0.05,0.4592,0.0,0.1048,-2039.87841796875
1698,0.05,0.4592,0.0,0.108,-2040.901611328125
1699,0.05,0.4592,0.0,0.1112,-2039.130126953125
1700,0.05,0.4592,0.0,0.1144,-2038.8106689453125
1701,0.05,0.4592,0.0,0.1176,-2039.7086181640625
1702,0.05,0.4592,0.0,0.1208,-2039.8076171875
1703,0.05,0.4592,0.0,0.124,-2039.58740234375
1704,0.05,0.4592,0.0,0.1272,-2038.55712890625
1705,0.05,0.4592,0.0,0.1304,-2040.1539306640625
1706,0.05,0.4592,0.0,0.1336,-2037.9376220703125
1707,0.05,0.4592,0.0,0.1368,-2039.7843017578125
1708,0.05,0.4592,0.0,0.14,-2040.2060546875
1709,0.05,0.4592,0.0,0.1432,-2040.6273193359375
1710,0.05,0.4592,0.0,0.1464,-2039.9256591796875
1711,0.05,0.4592,0.0,0.1496,-2040.9512939453125
1712,0.05,0.4592,0.0,0.1528,-2041.1461181640625
1713,0.05,0.4592,0.0,0.156,-2042.646728515625
1714,0.05,0.4592,0.0,0.1592,-2043.0345458984375
1715,0.05,0.4592,0.0,0.1624,-2043.9608154296875
1716,0.05,0.4592,0.0,0.1656,-2044.816650390625
1717,0.05,0.4592,0.0,0.1688,-2044.6138916015625
1718,0.05,0.4592,0.0,0.172,-2045.9794921875
1719,0.05,0.4592,0.0,0.1752,-2047.61767578125
1720,0.05,0.4592,0.0,0.1784,-2048.51220703125
1721,0.05,0.4592,0.0,0.1816,-2050.3310546875
1722,0.05,0.4592,0.0,0.1848,-2051.7431640625
1723,0.05,0.4592,0.0,0.188,-2051.538330078125
1724,0.05,0.4592,0.0,0.1912,-2053.8017578125
1725,0.05,0.4592,0.0,0.1944,-2052.760986328125
1726,0.05,0.4592,0.0,0.1976,-2053.5185546875
1727,0.05,0.4592,0.0,0.2008,-2056.05517578125
1728,0.05,0.4592,0.0,0.204,-2056.8134765625
1729,0.05,0.4592,0.0,0.2072,-2056.78369140625
1730,0.05,0.4592,0.0,0.2104,-2059.56005859375
1731,0.05,0.4592,0.0,0.2136,-2061.773193359375
1732,0.05,0.4592,0.0,0.2168,-2061.847900390625
1733,0.05,0.4592,0.0,0.22,-2064.29736328125
1734,0.05,0.4616,0.0,0.06,-2065.255615234375
1735,0.05,0.4616,0.0,0.0632,-2060.51416015625
1736,0.05,0.4616,0.0,0.0664,-2058.999267578125
1737,0.05,0.4616,0.0,0.0696,-2055.808349609375
1738,0.05,0.4616,0.0,0.0728,-2054.33642578125
1739,0.05,0.4616,0.0,0.076,-2052.02685546875
1740,0.05,0.4616,0.0,0.0792,-2050.38037109375
1741,0.05,0.4616,0.0,0.0824,-2047.310302734375
1742,0.05,0.4616,0.0,0.0856,-2046.921142578125
1743,0.05,0.4616,0.0,0.0888,-2045.78125
1744,0.05,0.4616,0.0,0.092,-2044.93017578125
1745,0.05,0.4616,0.0,0.0952,-2043.0595703125
1746,0.05,0.4616,0.0,0.0984,-2041.660888671875
1747,0.05,0.4616,0.0,0.1016,-2041.129150390625
1748,0.05,0.4616,0.0,0.1048,-2040.8505859375
1749,0.05,0.4616,0.0,0.108,-2041.03125
1750,0.05,0.4616,0.0,0.1112,-2039.373291015625
1751,0.05,0.4616,0.0,0.1144,-2039.516357421875
1752,0.05,0.4616,0.0,0.1176,-2039.788818359375
1753,0.05,0.4616,0.0,0.1208,-2038.4935302734375
1754,0.05,0.4616,0.0,0.124,-2038.67724609375
1755,0.05,0.4616,0.0,0.1272,-2038.927734375
1756,0.05,0.4616,0.0,0.1304,-2039.871337890625
1757,0.05,0.4616,0.0,0.1336,-2038.7760009765625
1758,0.05,0.4616,0.0,0.1368,-2040.2711181640625
1759,0.05,0.4616,0.0,0.14,-2041.05322265625
1760,0.05,0.4616,0.0,0.1432,-2041.5615234375
1761,0.05,0.4616,0.0,0.1464,-2040.408935546875
1762,0.05,0.4616,0.0,0.1496,-2042.0166015625
1763,0.05,0.4616,0.0,0.1528,-2040.99658203125
1764,0.05,0.4616,0.0,0.156,-2041.878662109375
1765,0.05,0.4616,0.0,0.1592,-2043.3902587890625
1766,0.05,0.4616,0.0,0.1624,-2044.2572021484375
1767,0.05,0.4616,0.0,0.1656,-2044.4345703125
1768,0.05,0.4616,0.0,0.1688,-2045.5294189453125
1769,0.05,0.4616,0.0,0.172,-2046.064697265625
1770,0.05,0.4616,0.0,0.1752,-2047.771240234375
1771,0.05,0.4616,0.0,0.1784,-2048.503662109375
1772,0.05,0.4616,0.0,0.1816,-2048.4150390625
1773,0.05,0.4616,0.0,0.1848,-2050.92138671875
1774,0.05,0.4616,0.0,0.188,-2050.64013671875
1775,0.05,0.4616,0.0,0.1912,-2052.1806640625
1776,0.05,0.4616,0.0,0.1944,-2053.3759765625
1777,0.05,0.4616,0.0,0.1976,-2054.33935546875
1778,0.05,0.4616,0.0,0.2008,-2055.759765625
1779,0.05,0.4616,0.0,0.204,-2058.127197265625
1780,0.05,0.4616,0.0,0.2072,-2058.85498046875
1781,0.05,0.4616,0.0,0.2104,-2060.22216796875
1782,0.05,0.4616,0.0,0.2136,-2060.93603515625
1783,0.05,0.4616,0.0,0.2168,-2063.422119140625
1784,0.05,0.4616,0.0,0.22,-2064.7099609375
1785,0.05,0.464,0.0,0.06,-2064.62451171875
1786,0.05,0.464,0.0,0.0632,-2061.75341796875
1787,0.05,0.464,0.0,0.0664,-2059.55078125
1788,0.05,0.464,0.0,0.0696,-2056.609375
1789,0.05,0.464,0.0,0.0728,-2053.577880859375
1790,0.05,0.464,0.0,0.076,-2051.041015625
1791,0.05,0.464,0.0,0.0792,-2050.543212890625
1792,0.05,0.464,0.0,0.0824,-2048.521484375
1793,0.05,0.464,0.0,0.0856,-2046.512939453125
1794,0.05,0.464,0.0,0.0888,-2045.424072265625
1795,0.05,0.464,0.0,0.092,-2044.497314453125
1796,0.05,0.464,0.0,0.0952,-2043.218994140625
1797,0.05,0.464,0.0,0.0984,-2042.2322998046875
1798,0.05,0.464,0.0,0.1016,-2042.3375244140625
1799,0.05,0.464,0.0,0.1048,-2040.497802734375
1800,0.05,0.464,0.0,0.108,-2039.7984619140625
1801,0.05,0.464,0.0,0.1112,-2040.544189453125
1802,0.05,0.464,0.0,0.1144,-2040.1966552734375
1803,0.05,0.464,0.0,0.1176,-2038.7353515625
1804,0.05,0.464,0.0,0.1208,-2039.1748046875
1805,0.05,0.464,0.0,0.124,-2038.886962890625
1806,0.05,0.464,0.0,0.1272,-2039.3634033203125
1807,0.05,0.464,0.0,0.1304,-2039.8046875
1808,0.05,0.464,0.0,0.1336,-2041.567626953125
1809,0.05,0.464,0.0,0.1368,-2040.70703125
1810,0.05,0.464,0.0,0.14,-2039.8251953125
1811,0.05,0.464,0.0,0.1432,-2041.751708984375
1812,0.05,0.464,0.0,0.1464,-2041.660888671875
1813,0.05,0.464,0.0,0.1496,-2042.4344482421875
1814,0.05,0.464,0.0,0.1528,-2043.189697265625
1815,0.05,0.464,0.0,0.156,-2043.21630859375
1816,0.05,0.464,0.0,0.1592,-2044.2088623046875
1817,0.05,0.464,0.0,0.1624,-2044.0810546875
1818,0.05,0.464,0.0,0.1656,-2044.697509765625
1819,0.05,0.464,0.0,0.1688,-2045.864501953125
1820,0.05,0.464,0.0,0.172,-2047.4002685546875
1821,0.05,0.464,0.0,0.1752,-2048.4921875
1822,0.05,0.464,0.0,0.1784,-2048.78515625
1823,0.05,0.464,0.0,0.1816,-2050.547119140625
1824,0.05,0.464,0.0,0.1848,-2050.222412109375
1825,0.05,0.464,0.0,0.188,-2051.04296875
1826,0.05,0.464,0.0,0.1912,-2052.22998046875
1827,0.05,0.464,0.0,0.1944,-2054.675537109375
1828,0.05,0.464,0.0,0.1976,-2055.920166015625
1829,0.05,0.464,0.0,0.2008,-2056.31494140625
1830,0.05,0.464,0.0,0.204,-2057.77587890625
1831,0.05,0.464,0.0,0.2072,-2060.189697265625
1832,0.05,0.464,0.0,0.2104,-2060.920166015625
1833,0.05,0.464,0.0,0.2136,-2061.79638671875
1834,0.05,0.464,0.0,0.2168,-2064.08349609375
1835,0.05,0.464,0.0,0.22,-2065.444091796875
1836,0.05,0.4664,0.0,0.06,-2065.150390625
1837,0.05,0.4664,0.0,0.0632,-2062.67822265625
1838,0.05,0.4664,0.0,0.0664,-2060.168701171875
1839,0.05,0.4664,0.0,0.0696,-2055.95947265625
1840,0.05,0.4664,0.0,0.0728,-2054.375
1841,0.05,0.4664,0.0,0.076,-2052.9306640625
1842,0.05,0.4664,0.0,0.0792,-2050.19384765625
1843,0.05,0.4664,0.0,0.0824,-2047.49462890625
1844,0.05,0.4664,0.0,0.0856,-2047.33642578125
1845,0.05,0.4664,0.0,0.0888,-2046.0181884765625
1846,0.05,0.4664,0.0,0.092,-2045.3941650390625
1847,0.05,0.4664,0.0,0.0952,-2043.5811767578125
1848,0.05,0.4664,0.0,0.0984,-2042.553955078125
1849,0.05,0.4664,0.0,0.1016,-2042.486572265625
1850,0.05,0.4664,0.0,0.1048,-2041.5625
1851,0.05,0.4664,0.0,0.108,-2041.0511474609375
1852,0.05,0.4664,0.0,0.1112,-2041.1837158203125
1853,0.05,0.4664,0.0,0.1144,-2040.332763671875
1854,0.05,0.4664,0.0,0.1176,-2039.5283203125
1855,0.05,0.4664,0.0,0.1208,-2039.8612060546875
1856,0.05,0.4664,0.0,0.124,-2040.160888671875
1857,0.05,0.4664,0.0,0.1272,-2039.85205078125
1858,0.05,0.4664,0.0,0.1304,-2040.50537109375
1859,0.05,0.4664,0.0,0.1336,-2040.6861572265625
1860,0.05,0.4664,0.0,0.1368,-2040.70556640625
1861,0.05,0.4664,0.0,0.14,-2040.537353515625
1862,0.05,0.4664,0.0,0.1432,-2040.576171875
1863,0.05,0.4664,0.0,0.1464,-2041.155029296875
1864,0.05,0.4664,0.0,0.1496,-2042.864501953125
1865,0.05,0.4664,0.0,0.1528,-2042.5357666015625
1866,0.05,0.4664,0.0,0.156,-2044.353515625
1867,0.05,0.4664,0.0,0.1592,-2043.3626708984375
1868,0.05,0.4664,0.0,0.1624,-2044.8447265625
1869,0.05,0.4664,0.0,0.1656,-2045.90673828125
1870,0.05,0.4664,0.0,0.1688,-2045.983642578125
1871,0.05,0.4664,0.0,0.172,-2046.6044921875
1872,0.05,0.4664,0.0,0.1752,-2047.099853515625
1873,0.05,0.4664,0.0,0.1784,-2048.900634765625
1874,0.05,0.4664,0.0,0.1816,-2049.084228515625
1875,0.05,0.4664,0.0,0.1848,-2051.373291015625
1876,0.05,0.4664,0.0,0.188,-2051.6025390625
1877,0.05,0.4664,0.0,0.1912,-2053.51806640625
1878,0.05,0.4664,0.0,0.1944,-2054.587158203125
1879,0.05,0.4664,0.0,0.1976,-2055.511962890625
1880,0.05,0.4664,0.0,0.2008,-2056.96337890625
1881,0.05,0.4664,0.0,0.204,-2058.07373046875
1882,0.05,0.4664,0.0,0.2072,-2058.805419921875
1883,0.05,0.4664,0.0,0.2104,-2060.904296875
1884,0.05,0.4664,0.0,0.2136,-2061.7138671875
1885,0.05,0.4664,0.0,0.2168,-2063.13818359375
1886,0.05,0.4664,0.0,0.22,-2064.74365234375
1887,0.05,0.4688,0.0,0.06,-2066.0478515625
1888,0.05,0.4688,0.0,0.0632,-2063.43701171875
1889,0.05,0.4688,0.0,0.0664,-2058.916259765625
1890,0.05,0.4688,0.0,0.0696,-2057.69921875
1891,0.05,0.4688,0.0,0.0728,-2055.50537109375
1892,0.05,0.4688,0.0,0.076,-2052.65283203125
1893,0.05,0.4688,0.0,0.0792,-2049.677490234375
1894,0.05,0.4688,0.0,0.0824,-2048.6943359375
1895,0.05,0.4688,0.0,0.0856,-2048.229736328125
1896,0.05,0.4688,0.0,0.0888,-2046.2698974609375
1897,0.05,0.4688,0.0,0.092,-2045.03515625
1898,0.05,0.4688,0.0,0.0952,-2043.712890625
1899,0.05,0.4688,0.0,0.0984,-2043.515380859375
1900,0.05,0.4688,0.0,0.1016,-2043.020751953125
1901,0.05,0.4688,0.0,0.1048,-2041.27490234375
1902,0.05,0.4688,0.0,0.108,-2041.5467529296875
1903,0.05,0.4688,0.0,0.1112,-2040.1634521484375
1904,0.05,0.4688,0.0,0.1144,-2040.53369140625
1905,0.05,0.4688,0.0,0.1176,-2040.58544921875
1906,0.05,0.4688,0.0,0.1208,-2040.742431640625
1907,0.05,0.4688,0.0,0.124,-2040.32275390625
1908,0.05,0.4688,0.0,0.1272,-2040.342041015625
1909,0.05,0.4688,0.0,0.1304,-2040.885986328125
1910,0.05,0.4688,0.0,0.1336,-2040.839599609375
1911,0.05,0.4688,0.0,0.1368,-2041.431396484375
1912,0.05,0.4688,0.0,0.14,-2042.0489501953125
1913,0.05,0.4688,0.0,0.1432,-2042.137939453125
1914,0.05,0.4688,0.0,0.1464,-2042.968994140625
1915,0.05,0.4688,0.0,0.1496,-2042.5484619140625
1916,0.05,0.4688,0.0,0.1528,-2043.537353515625
1917,0.05,0.4688,0.0,0.156,-2043.841064453125
1918,0.05,0.4688,0.0,0.1592,-2044.7225341796875
1919,0.05,0.4688,0.0,0.1624,-2044.232421875
1920,0.05,0.4688,0.0,0.1656,-2044.824462890625
1921,0.05,0.4688,0.0,0.1688,-2047.12158203125
1922,0.05,0.4688,0.0,0.172,-2047.8216552734375
1923,0.05,0.4688,0.0,0.1752,-2048.454345703125
1924,0.05,0.4688,0.0,0.1784,-2049.236328125
1925,0.05,0.4688,0.0,0.1816,-2050.673828125
1926,0.05,0.4688,0.0,0.1848,-2051.2431640625
1927,0.05,0.4688,0.0,0.188,-2052.171875
1928,0.05,0.4688,0.0,0.1912,-2054.15966796875
1929,0.05,0.4688,0.0,0.1944,-2056.17529296875
1930,0.05,0.4688,0.0,0.1976,-2055.1650390625
1931,0.05,0.4688,0.0,0.2008,-2055.7421875
1932,0.05,0.4688,0.0,0.204,-2057.775146484375
1933,0.05,0.4688,0.0,0.2072,-2060.781494140625
1934,0.05,0.4688,0.0,0.2104,-2060.44775390625
1935,0.05,0.4688,0.0,0.2136,-2062.076904296875
1936,0.05,0.4688,0.0,0.2168,-2063.24072265625
1937,0.05,0.4688,0.0,0.22,-2065.1640625
1938,0.05,0.4712,0.0,0.06,-2064.596923828125
1939,0.05,0.4712,0.0,0.0632,-2062.967041015625
1940,0.05,0.4712,0.0,0.0664,-2059.434326171875
1941,0.05,0.4712,0.0,0.0696,-2057.331298828125
1942,0.05,0.4712,0.0,0.0728,-2055.471923828125
1943,0.05,0.4712,0.0,0.076,-2053.21337890625
1944,0.05,0.4712,0.0,0.0792,-2052.7451171875
1945,0.05,0.4712,0.0,0.0824,-2051.0322265625
1946,0.05,0.4712,0.0,0.0856,-2048.268310546875
1947,0.05,0.4712,0.0,0.0888,-2046.828857421875
1948,0.05,0.4712,0.0,0.092,-2044.724853515625
1949,0.05,0.4712,0.0,0.0952,-2044.55029296875
1950,0.05,0.4712,0.0,0.0984,-2043.60400390625
1951,0.05,0.4712,0.0,0.1016,-2043.2578125
1952,0.05,0.4712,0.0,0.1048,-2042.030029296875
1953,0.05,0.4712,0.0,0.108,-2042.773193359375
1954,0.05,0.4712,0.0,0.1112,-2040.13623046875
1955,0.05,0.4712,0.0,0.1144,-2041.042236328125
1956,0.05,0.4712,0.0,0.1176,-2041.000732421875
1957,0.05,0.4712,0.0,0.1208,-2041.2259521484375
1958,0.05,0.4712,0.0,0.124,-2040.9849853515625
1959,0.05,0.4712,0.0,0.1272,-2040.0386962890625
1960,0.05,0.4712,0.0,0.1304,-2040.2967529296875
1961,0.05,0.4712,0.0,0.1336,-2041.1976318359375
1962,0.05,0.4712,0.0,0.1368,-2042.4185791015625
1963,0.05,0.4712,0.0,0.14,-2041.004638671875
1964,0.05,0.4712,0.0,0.1432,-2042.603271484375
1965,0.05,0.4712,0.0,0.1464,-2043.4124755859375
1966,0.05,0.4712,0.0,0.1496,-2042.7197265625
1967,0.05,0.4712,0.0,0.1528,-2044.881103515625
1968,0.05,0.4712,0.0,0.156,-2044.3594970703125
1969,0.05,0.4712,0.0,0.1592,-2045.52978515625
1970,0.05,0.4712,0.0,0.1624,-2045.677978515625
1971,0.05,0.4712,0.0,0.1656,-2045.5074462890625
1972,0.05,0.4712,0.0,0.1688,-2047.4364013671875
1973,0.05,0.4712,0.0,0.172,-2047.6229248046875
1974,0.05,0.4712,0.0,0.1752,-2048.9326171875
1975,0.05,0.4712,0.0,0.1784,-2049.853515625
1976,0.05,0.4712,0.0,0.1816,-2051.94580078125
1977,0.05,0.4712,0.0,0.1848,-2052.510498046875
1978,0.05,0.4712,0.0,0.188,-2053.68701171875
1979,0.05,0.4712,0.0,0.1912,-2054.32470703125
1980,0.05,0.4712,0.0,0.1944,-2055.767333984375
1981,0.05,0.4712,0.0,0.1976,-2056.600341796875
1982,0.05,0.4712,0.0,0.2008,-2057.821044921875
1983,0.05,0.4712,0.0,0.204,-2059.239990234375
1984,0.05,0.4712,0.0,0.2072,-2060.477294921875
1985,0.05,0.4712,0.0,0.2104,-2061.12255859375
1986,0.05,0.4712,0.0,0.2136,-2062.33447265625
1987,0.05,0.4712,0.0,0.2168,-2066.212646484375
1988,0.05,0.4712,0.0,0.22,-2065.1376953125
1989,0.05,0.4736,0.0,0.06,-2066.9345703125
1990,0.05,0.4736,0.0,0.0632,-2063.63037109375
1991,0.05,0.4736,0.0,0.0664,-2060.531494140625
1992,0.05,0.4736,0.0,0.0696,-2057.912353515625
1993,0.05,0.4736,0.0,0.0728,-2055.1689453125
1994,0.05,0.4736,0.0,0.076,-2053.207763671875
1995,0.05,0.4736,0.0,0.0792,-2052.285888671875
1996,0.05,0.4736,0.0,0.0824,-2049.8837890625
1997,0.05,0.4736,0.0,0.0856,-2048.4423828125
1998,0.05,0.4736,0.0,0.0888,-2047.705322265625
1999,0.05,0.4736,0.0,0.092,-2044.559326171875
2000,0.05,0.4736,0.0,0.0952,-2044.46826171875
2001,0.05,0.4736,0.0,0.0984,-2044.092529296875
2002,0.05,0.4736,0.0,0.1016,-2042.2728271484375
2003,0.05,0.4736,0.0,0.1048,-2042.946044921875
2004,0.05,0.4736,0.0,0.108,-2041.5859375
2005,0.05,0.4736,0.0,0.1112,-2042.038330078125
2006,0.05,0.4736,0.0,0.1144,-2041.1080322265625
2007,0.05,0.4736,0.0,0.1176,-2040.638916015625
2008,0.05,0.4736,0.0,0.1208,-2039.55078125
2009,0.05,0.4736,0.0,0.124,-2042.3397216796875
2010,0.05,0.4736,0.0,0.1272,-2040.5966796875
2011,0.05,0.4736,0.0,0.1304,-2040.894775390625
2012,0.05,0.4736,0.0,0.1336,-2041.258056640625
2013,0.05,0.4736,0.0,0.1368,-2042.54736328125
2014,0.05,0.4736,0.0,0.14,-2040.982177734375
2015,0.05,0.4736,0.0,0.1432,-2042.6903076171875
2016,0.05,0.4736,0.0,0.1464,-2043.2603759765625
2017,0.05,0.4736,0.0,0.1496,-2043.5985107421875
2018,0.05,0.4736,0.0,0.1528,-2043.8212890625
2019,0.05,0.4736,0.0,0.156,-2043.541748046875
2020,0.05,0.4736,0.0,0.1592,-2045.5787353515625
2021,0.05,0.4736,0.0,0.1624,-2046.721435546875
2022,0.05,0.4736,0.0,0.1656,-2047.83544921875
2023,0.05,0.4736,0.0,0.1688,-2048.05859375
2024,0.05,0.4736,0.0,0.172,-2049.330322265625
2025,0.05,0.4736,0.0,0.1752,-2048.55126953125
2026,0.05,0.4736,0.0,0.1784,-2050.635986328125
2027,0.05,0.4736,0.0,0.1816,-2051.54931640625
2028,0.05,0.4736,0.0,0.1848,-2052.052734375
2029,0.05,0.4736,0.0,0.188,-2054.25048828125
2030,0.05,0.4736,0.0,0.1912,-2054.93115234375
2031,0.05,0.4736,0.0,0.1944,-2056.32763671875
2032,0.05,0.4736,0.0,0.1976,-2056.28564453125
2033,0.05,0.4736,0.0,0.2008,-2058.909912109375
2034,0.05,0.4736,0.0,0.204,-2059.12060546875
2035,0.05,0.4736,0.0,0.2072,-2060.49267578125
2036,0.05,0.4736,0.0,0.2104,-2062.069580078125
2037,0.05,0.4736,0.0,0.2136,-2063.53857421875
2038,0.05,0.4736,0.0,0.2168,-2065.1767578125
2039,0.05,0.4736,0.0,0.22,-2065.8046875
2040,0.05,0.476,0.0,0.06,-2066.54931640625
2041,0.05,0.476,0.0,0.0632,-2063.951416015625
2042,0.05,0.476,0.0,0.0664,-2059.719482421875
2043,0.05,0.476,0.0,0.0696,-2058.3369140625
2044,0.05,0.476,0.0,0.0728,-2054.3310546875
2045,0.05,0.476,0.0,0.076,-2054.513671875
2046,0.05,0.476,0.0,0.0792,-2052.0
2047,0.05,0.476,0.0,0.0824,-2050.3271484375
2048,0.05,0.476,0.0,0.0856,-2049.40478515625
2049,0.05,0.476,0.0,0.0888,-2046.6370849609375
2050,0.05,0.476,0.0,0.092,-2046.716796875
2051,0.05,0.476,0.0,0.0952,-2045.869873046875
2052,0.05,0.476,0.0,0.0984,-2044.489501953125
2053,0.05,0.476,0.0,0.1016,-2043.796875
2054,0.05,0.476,0.0,0.1048,-2042.2568359375
2055,0.05,0.476,0.0,0.108,-2043.732421875
2056,0.05,0.476,0.0,0.1112,-2042.082763671875
2057,0.05,0.476,0.0,0.1144,-2041.233642578125
2058,0.05,0.476,0.0,0.1176,-2042.043212890625
2059,0.05,0.476,0.0,0.1208,-2041.5484619140625
2060,0.05,0.476,0.0,0.124,-2041.302734375
2061,0.05,0.476,0.0,0.1272,-2041.613525390625
2062,0.05,0.476,0.0,0.1304,-2041.772705078125
2063,0.05,0.476,0.0,0.1336,-2041.68017578125
2064,0.05,0.476,0.0,0.1368,-2041.8214111328125
2065,0.05,0.476,0.0,0.14,-2043.390625
2066,0.05,0.476,0.0,0.1432,-2043.1630859375
2067,0.05,0.476,0.0,0.1464,-2044.0714111328125
2068,0.05,0.476,0.0,0.1496,-2043.8565673828125
2069,0.05,0.476,0.0,0.1528,-2044.39111328125
2070,0.05,0.476,0.0,0.156,-2045.514404296875
2071,0.05,0.476,0.0,0.1592,-2045.38427734375
2072,0.05,0.476,0.0,0.1624,-2046.497314453125
2073,0.05,0.476,0.0,0.1656,-2047.9033203125
2074,0.05,0.476,0.0,0.1688,-2048.076171875
2075,0.05,0.476,0.0,0.172,-2049.77392578125
2076,0.05,0.476,0.0,0.1752,-2050.386962890625
2077,0.05,0.476,0.0,0.1784,-2050.96142578125
2078,0.05,0.476,0.0,0.1816,-2051.791748046875
2079,0.05,0.476,0.0,0.1848,-2053.43408203125
2080,0.05,0.476,0.0,0.188,-2054.029296875
2081,0.05,0.476,0.0,0.1912,-2055.53515625
2082,0.05,0.476,0.0,0.1944,-2057.205322265625
2083,0.05,0.476,0.0,0.1976,-2058.1875
2084,0.05,0.476,0.0,0.2008,-2059.13232421875
2085,0.05,0.476,0.0,0.204,-2059.6591796875
2086,0.05,0.476,0.0,0.2072,-2060.182373046875
2087,0.05,0.476,0.0,0.2104,-2062.15869140625
2088,0.05,0.476,0.0,0.2136,-2064.30078125
2089,0.05,0.476,0.0,0.2168,-2065.97607421875
2090,0.05,0.476,0.0,0.22,-2065.881591796875
2091,0.05,0.4784,0.0,0.06,-2066.84375
2092,0.05,0.4784,0.0,0.0632,-2063.3681640625
2093,0.05,0.4784,0.0,0.0664,-2061.026611328125
2094,0.05,0.4784,0.0,0.0696,-2059.179931640625
2095,0.05,0.4784,0.0,0.0728,-2056.846435546875
2096,0.05,0.4784,0.0,0.076,-2054.065673828125
2097,0.05,0.4784,0.0,0.0792,-2052.495849609375
2098,0.05,0.4784,0.0,0.0824,-2052.1474609375
2099,0.05,0.4784,0.0,0.0856,-2049.3994140625
2100,0.05,0.4784,0.0,0.0888,-2047.2117919921875
2101,0.05,0.4784,0.0,0.092,-2046.637451171875
2102,0.05,0.4784,0.0,0.0952,-2045.582275390625
2103,0.05,0.4784,0.0,0.0984,-2044.5318603515625
2104,0.05,0.4784,0.0,0.1016,-2044.1439208984375
2105,0.05,0.4784,0.0,0.1048,-2043.9747314453125
2106,0.05,0.4784,0.0,0.108,-2044.062744140625
2107,0.05,0.4784,0.0,0.1112,-2042.1087646484375
2108,0.05,0.4784,0.0,0.1144,-2041.9276123046875
2109,0.05,0.4784,0.0,0.1176,-2043.150390625
2110,0.05,0.4784,0.0,0.1208,-2042.37158203125
2111,0.05,0.4784,0.0,0.124,-2042.9039306640625
2112,0.05,0.4784,0.0,0.1272,-2042.643310546875
2113,0.05,0.4784,0.0,0.1304,-2043.13916015625
2114,0.05,0.4784,0.0,0.1336,-2042.2437744140625
2115,0.05,0.4784,0.0,0.1368,-2042.7508544921875
2116,0.05,0.4784,0.0,0.14,-2043.6890869140625
2117,0.05,0.4784,0.0,0.1432,-2044.2724609375
2118,0.05,0.4784,0.0,0.1464,-2044.313720703125
2119,0.05,0.4784,0.0,0.1496,-2043.5914306640625
2120,0.05,0.4784,0.0,0.1528,-2044.77685546875
2121,0.05,0.4784,0.0,0.156,-2046.181396484375
2122,0.05,0.4784,0.0,0.1592,-2046.4085693359375
2123,0.05,0.4784,0.0,0.1624,-2047.8494873046875
2124,0.05,0.4784,0.0,0.1656,-2048.69580078125
2125,0.05,0.4784,0.0,0.1688,-2048.6044921875
2126,0.05,0.4784,0.0,0.172,-2049.485595703125
2127,0.05,0.4784,0.0,0.1752,-2050.147216796875
2128,0.05,0.4784,0.0,0.1784,-2051.931640625
2129,0.05,0.4784,0.0,0.1816,-2052.0556640625
2130,0.05,0.4784,0.0,0.1848,-2053.43310546875
2131,0.05,0.4784,0.0,0.188,-2055.311279296875
2132,0.05,0.4784,0.0,0.1912,-2055.16845703125
2133,0.05,0.4784,0.0,0.1944,-2057.4052734375
2134,0.05,0.4784,0.0,0.1976,-2057.8896484375
2135,0.05,0.4784,0.0,0.2008,-2059.2373046875
2136,0.05,0.4784,0.0,0.204,-2061.49267578125
2137,0.05,0.4784,0.0,0.2072,-2061.73095703125
2138,0.05,0.4784,0.0,0.2104,-2062.82080078125
2139,0.05,0.4784,0.0,0.2136,-2064.596435546875
2140,0.05,0.4784,0.0,0.2168,-2066.52001953125
2141,0.05,0.4784,0.0,0.22,-2066.958984375
2142,0.05,0.4808,0.0,0.06,-2067.30712890625
2143,0.05,0.4808,0.0,0.0632,-2064.31982421875
2144,0.05,0.4808,0.0,0.0664,-2061.5595703125
2145,0.05,0.4808,0.0,0.0696,-2059.75439453125
2146,0.05,0.4808,0.0,0.0728,-2057.9462890625
2147,0.05,0.4808,0.0,0.076,-2054.451416015625
2148,0.05,0.4808,0.0,0.0792,-2052.96728515625
2149,0.05,0.4808,0.0,0.0824,-2050.51318359375
2150,0.05,0.4808,0.0,0.0856,-2049.88623046875
2151,0.05,0.4808,0.0,0.0888,-2047.969482421875
2152,0.05,0.4808,0.0,0.092,-2049.119140625
2153,0.05,0.4808,0.0,0.0952,-2045.8382568359375
2154,0.05,0.4808,0.0,0.0984,-2045.450439453125
2155,0.05,0.4808,0.0,0.1016,-2044.2933349609375
2156,0.05,0.4808,0.0,0.1048,-2044.46337890625
2157,0.05,0.4808,0.0,0.108,-2043.6710205078125
2158,0.05,0.4808,0.0,0.1112,-2043.34716796875
2159,0.05,0.4808,0.0,0.1144,-2043.0477294921875
2160,0.05,0.4808,0.0,0.1176,-2043.88525390625
2161,0.05,0.4808,0.0,0.1208,-2043.4642333984375
2162,0.05,0.4808,0.0,0.124,-2041.84228515625
2163,0.05,0.4808,0.0,0.1272,-2042.4349365234375
2164,0.05,0.4808,0.0,0.1304,-2042.1279296875
2165,0.05,0.4808,0.0,0.1336,-2043.90185546875
2166,0.05,0.4808,0.0,0.1368,-2043.621826171875
2167,0.05,0.4808,0.0,0.14,-2044.1826171875
2168,0.05,0.4808,0.0,0.1432,-2044.19580078125
2169,0.05,0.4808,0.0,0.1464,-2042.9443359375
2170,0.05,0.4808,0.0,0.1496,-2045.1317138671875
2171,0.05,0.4808,0.0,0.1528,-2044.6639404296875
2172,0.05,0.4808,0.0,0.156,-2045.3333740234375
2173,0.05,0.4808,0.0,0.1592,-2046.5888671875
2174,0.05,0.4808,0.0,0.1624,-2047.8829345703125
2175,0.05,0.4808,0.0,0.1656,-2049.192138671875
2176,0.05,0.4808,0.0,0.1688,-2049.8818359375
2177,0.05,0.4808,0.0,0.172,-2049.66455078125
2178,0.05,0.4808,0.0,0.1752,-2050.285400390625
2179,0.05,0.4808,0.0,0.1784,-2051.768310546875
2180,0.05,0.4808,0.0,0.1816,-2053.29052734375
2181,0.05,0.4808,0.0,0.1848,-2053.712158203125
2182,0.05,0.4808,0.0,0.188,-2054.6611328125
2183,0.05,0.4808,0.0,0.1912,-2055.1591796875
2184,0.05,0.4808,0.0,0.1944,-2056.714599609375
2185,0.05,0.4808,0.0,0.1976,-2058.640869140625
2186,0.05,0.4808,0.0,0.2008,-2058.880126953125
2187,0.05,0.4808,0.0,0.204,-2061.30859375
2188,0.05,0.4808,0.0,0.2072,-2061.80224609375
2189,0.05,0.4808,0.0,0.2104,-2064.136962890625
2190,0.05,0.4808,0.0,0.2136,-2064.97265625
2191,0.05,0.4808,0.0,0.2168,-2064.949462890625
2192,0.05,0.4808,0.0,0.22,-2067.24462890625
2193,0.05,0.4832,0.0,0.06,-2067.1162109375
2194,0.05,0.4832,0.0,0.0632,-2065.02880859375
2195,0.05,0.4832,0.0,0.0664,-2062.029296875
2196,0.05,0.4832,0.0,0.0696,-2059.91162109375
2197,0.05,0.4832,0.0,0.0728,-2058.6982421875
2198,0.05,0.4832,0.0,0.076,-2054.820068359375
2199,0.05,0.4832,0.0,0.0792,-2052.619384765625
2200,0.05,0.4832,0.0,0.0824,-2051.7080078125
2201,0.05,0.4832,0.0,0.0856,-2050.964599609375
2202,0.05,0.4832,0.0,0.0888,-2048.99462890625
2203,0.05,0.4832,0.0,0.092,-2047.470458984375
2204,0.05,0.4832,0.0,0.0952,-2046.6461181640625
2205,0.05,0.4832,0.0,0.0984,-2045.9559326171875
2206,0.05,0.4832,0.0,0.1016,-2044.633544921875
2207,0.05,0.4832,0.0,0.1048,-2045.0089111328125
2208,0.05,0.4832,0.0,0.108,-2045.014892578125
2209,0.05,0.4832,0.0,0.1112,-2043.5181884765625
2210,0.05,0.4832,0.0,0.1144,-2042.9205322265625
2211,0.05,0.4832,0.0,0.1176,-2042.919677734375
2212,0.05,0.4832,0.0,0.1208,-2042.6414794921875
2213,0.05,0.4832,0.0,0.124,-2043.38330078125
2214,0.05,0.4832,0.0,0.1272,-2043.793212890625
2215,0.05,0.4832,0.0,0.1304,-2043.51806640625
2216,0.05,0.4832,0.0,0.1336,-2042.82958984375
2217,0.05,0.4832,0.0,0.1368,-2044.285888671875
2218,0.05,0.4832,0.0,0.14,-2044.011962890625
2219,0.05,0.4832,0.0,0.1432,-2043.95068359375
2220,0.05,0.4832,0.0,0.1464,-2045.028076171875
2221,0.05,0.4832,0.0,0.1496,-2045.7060546875
2222,0.05,0.4832,0.0,0.1528,-2045.981689453125
2223,0.05,0.4832,0.0,0.156,-2047.498779296875
2224,0.05,0.4832,0.0,0.1592,-2048.789306640625
2225,0.05,0.4832,0.0,0.1624,-2047.718994140625
2226,0.05,0.4832,0.0,0.1656,-2049.0908203125
2227,0.05,0.4832,0.0,0.1688,-2050.232666015625
2228,0.05,0.4832,0.0,0.172,-2050.6826171875
2229,0.05,0.4832,0.0,0.1752,-2051.25732421875
2230,0.05,0.4832,0.0,0.1784,-2051.401611328125
2231,0.05,0.4832,0.0,0.1816,-2054.030517578125
2232,0.05,0.4832,0.0,0.1848,-2054.7138671875
2233,0.05,0.4832,0.0,0.188,-2056.03173828125
2234,0.05,0.4832,0.0,0.1912,-2057.1171875
2235,0.05,0.4832,0.0,0.1944,-2057.1865234375
2236,0.05,0.4832,0.0,0.1976,-2059.76953125
2237,0.05,0.4832,0.0,0.2008,-2059.57763671875
2238,0.05,0.4832,0.0,0.204,-2062.744873046875
2239,0.05,0.4832,0.0,0.2072,-2063.55859375
2240,0.05,0.4832,0.0,0.2104,-2064.403564453125
2241,0.05,0.4832,0.0,0.2136,-2065.138671875
2242,0.05,0.4832,0.0,0.2168,-2066.150390625
2243,0.05,0.4832,0.0,0.22,-2067.4853515625
2244,0.05,0.4856,0.0,0.06,-2069.141357421875
2245,0.05,0.4856,0.0,0.0632,-2065.779296875
2246,0.05,0.4856,0.0,0.0664,-2062.265380859375
2247,0.05,0.4856,0.0,0.0696,-2060.0751953125
2248,0.05,0.4856,0.0,0.0728,-2059.275390625
2249,0.05,0.4856,0.0,0.076,-2055.18994140625
2250,0.05,0.4856,0.0,0.0792,-2053.927734375
2251,0.05,0.4856,0.0,0.0824,-2052.9521484375
2252,0.05,0.4856,0.0,0.0856,-2051.530029296875
2253,0.05,0.4856,0.0,0.0888,-2049.87255859375
2254,0.05,0.4856,0.0,0.092,-2047.759521484375
2255,0.05,0.4856,0.0,0.0952,-2046.451171875
2256,0.05,0.4856,0.0,0.0984,-2046.799072265625
2257,0.05,0.4856,0.0,0.1016,-2045.830810546875
2258,0.05,0.4856,0.0,0.1048,-2044.7664794921875
2259,0.05,0.4856,0.0,0.108,-2044.66015625
2260,0.05,0.4856,0.0,0.1112,-2044.826904296875
2261,0.05,0.4856,0.0,0.1144,-2043.7130126953125
2262,0.05,0.4856,0.0,0.1176,-2044.1141357421875
2263,0.05,0.4856,0.0,0.1208,-2043.140869140625
2264,0.05,0.4856,0.0,0.124,-2044.0169677734375
2265,0.05,0.4856,0.0,0.1272,-2044.23486328125
2266,0.05,0.4856,0.0,0.1304,-2043.5341796875
2267,0.05,0.4856,0.0,0.1336,-2044.74365234375
2268,0.05,0.4856,0.0,0.1368,-2044.752197265625
2269,0.05,0.4856,0.0,0.14,-2044.5506591796875
2270,0.05,0.4856,0.0,0.1432,-2045.9066162109375
2271,0.05,0.4856,0.0,0.1464,-2045.7308349609375
2272,0.05,0.4856,0.0,0.1496,-2046.314208984375
2273,0.05,0.4856,0.0,0.1528,-2047.5699462890625
2274,0.05,0.4856,0.0,0.156,-2047.1451416015625
2275,0.05,0.4856,0.0,0.1592,-2048.4208984375
2276,0.05,0.4856,0.0,0.1624,-2049.1845703125
2277,0.05,0.4856,0.0,0.1656,-2049.4521484375
2278,0.05,0.4856,0.0,0.1688,-2050.374755859375
2279,0.05,0.4856,0.0,0.172,-2051.14111328125
2280,0.05,0.4856,0.0,0.1752,-2052.927734375
2281,0.05,0.4856,0.0,0.1784,-2054.063720703125
2282,0.05,0.4856,0.0,0.1816,-2053.56201171875
2283,0.05,0.4856,0.0,0.1848,-2055.28125
2284,0.05,0.4856,0.0,0.188,-2056.94189453125
2285,0.05,0.4856,0.0,0.1912,-2058.49755859375
2286,0.05,0.4856,0.0,0.1944,-2058.57958984375
2287,0.05,0.4856,0.0,0.1976,-2059.71240234375
2288,0.05,0.4856,0.0,0.2008,-2060.367431640625
2289,0.05,0.4856,0.0,0.204,-2062.26025390625
2290,0.05,0.4856,0.0,0.2072,-2062.8837890625
2291,0.05,0.4856,0.0,0.2104,-2064.799560546875
2292,0.05,0.4856,0.0,0.2136,-2067.218994140625
2293,0.05,0.4856,0.0,0.2168,-2067.748046875
2294,0.05,0.4856,0.0,0.22,-2067.921875
2295,0.05,0.488,0.0,0.06,-2068.40625
2296,0.05,0.488,0.0,0.0632,-2067.35546875
2297,0.05,0.488,0.0,0.0664,-2063.5673828125
2298,0.05,0.488,0.0,0.0696,-2060.97998046875
2299,0.05,0.488,0.0,0.0728,-2058.597900390625
2300,0.05,0.488,0.0,0.076,-2055.95654296875
2301,0.05,0.488,0.0,0.0792,-2054.46923828125
2302,0.05,0.488,0.0,0.0824,-2052.88818359375
2303,0.05,0.488,0.0,0.0856,-2050.871826171875
2304,0.05,0.488,0.0,0.0888,-2050.53125
2305,0.05,0.488,0.0,0.092,-2048.7607421875
2306,0.05,0.488,0.0,0.0952,-2048.77783203125
2307,0.05,0.488,0.0,0.0984,-2048.24169921875
2308,0.05,0.488,0.0,0.1016,-2045.3240966796875
2309,0.05,0.488,0.0,0.1048,-2044.4246826171875
2310,0.05,0.488,0.0,0.108,-2044.949951171875
2311,0.05,0.488,0.0,0.1112,-2044.646484375
2312,0.05,0.488,0.0,0.1144,-2043.75341796875
2313,0.05,0.488,0.0,0.1176,-2044.2889404296875
2314,0.05,0.488,0.0,0.1208,-2044.077880859375
2315,0.05,0.488,0.0,0.124,-2044.69384765625
2316,0.05,0.488,0.0,0.1272,-2044.680908203125
2317,0.05,0.488,0.0,0.1304,-2044.218505859375
2318,0.05,0.488,0.0,0.1336,-2044.9697265625
2319,0.05,0.488,0.0,0.1368,-2045.2294921875
2320,0.05,0.488,0.0,0.14,-2043.14892578125
2321,0.05,0.488,0.0,0.1432,-2045.9512939453125
2322,0.05,0.488,0.0,0.1464,-2044.993896484375
2323,0.05,0.488,0.0,0.1496,-2046.6796875
2324,0.05,0.488,0.0,0.1528,-2046.4334716796875
2325,0.05,0.488,0.0,0.156,-2046.997802734375
2326,0.05,0.488,0.0,0.1592,-2049.387939453125
2327,0.05,0.488,0.0,0.1624,-2049.74365234375
2328,0.05,0.488,0.0,0.1656,-2049.837158203125
2329,0.05,0.488,0.0,0.1688,-2051.015625
2330,0.05,0.488,0.0,0.172,-2051.927734375
2331,0.05,0.488,0.0,0.1752,-2052.333251953125
2332,0.05,0.488,0.0,0.1784,-2054.00048828125
2333,0.05,0.488,0.0,0.1816,-2054.220458984375
2334,0.05,0.488,0.0,0.1848,-2056.16943359375
2335,0.05,0.488,0.0,0.188,-2056.531982421875
2336,0.05,0.488,0.0,0.1912,-2056.99462890625
2337,0.05,0.488,0.0,0.1944,-2059.94384765625
2338,0.05,0.488,0.0,0.1976,-2060.974609375
2339,0.05,0.488,0.0,0.2008,-2061.030517578125
2340,0.05,0.488,0.0,0.204,-2063.003662109375
2341,0.05,0.488,0.0,0.2072,-2063.585693359375
2342,0.05,0.488,0.0,0.2104,-2065.755615234375
2343,0.05,0.488,0.0,0.2136,-2066.48095703125
2344,0.05,0.488,0.0,0.2168,-2067.50634765625
2345,0.05,0.488,0.0,0.22,-2069.6416015625
2346,0.05,0.4904,0.0,0.06,-2069.8662109375
2347,0.05,0.4904,0.0,0.0632,-2066.1318359375
2348,0.05,0.4904,0.0,0.0664,-2064.01318359375
2349,0.05,0.4904,0.0,0.0696,-2060.67138671875
2350,0.05,0.4904,0.0,0.0728,-2059.31103515625
2351,0.05,0.4904,0.0,0.076,-2056.613037109375
2352,0.05,0.4904,0.0,0.0792,-2056.1845703125
2353,0.05,0.4904,0.0,0.0824,-2052.98681640625
2354,0.05,0.4904,0.0,0.0856,-2052.84228515625
2355,0.05,0.4904,0.0,0.0888,-2050.99365234375
2356,0.05,0.4904,0.0,0.092,-2050.25732421875
2357,0.05,0.4904,0.0,0.0952,-2048.540771484375
2358,0.05,0.4904,0.0,0.0984,-2048.29443359375
2359,0.05,0.4904,0.0,0.1016,-2047.3131103515625
2360,0.05,0.4904,0.0,0.1048,-2046.634521484375
2361,0.05,0.4904,0.0,0.108,-2045.853271484375
2362,0.05,0.4904,0.0,0.1112,-2044.75244140625
2363,0.05,0.4904,0.0,0.1144,-2045.222412109375
2364,0.05,0.4904,0.0,0.1176,-2044.24609375
2365,0.05,0.4904,0.0,0.1208,-2044.602294921875
2366,0.05,0.4904,0.0,0.124,-2045.0572509765625
2367,0.05,0.4904,0.0,0.1272,-2045.1856689453125
2368,0.05,0.4904,0.0,0.1304,-2044.82666015625
2369,0.05,0.4904,0.0,0.1336,-2044.894287109375
2370,0.05,0.4904,0.0,0.1368,-2044.800048828125
2371,0.05,0.4904,0.0,0.14,-2045.9315185546875
2372,0.05,0.4904,0.0,0.1432,-2046.4522705078125
2373,0.05,0.4904,0.0,0.1464,-2045.957275390625
2374,0.05,0.4904,0.0,0.1496,-2047.5921630859375
2375,0.05,0.4904,0.0,0.1528,-2048.14306640625
2376,0.05,0.4904,0.0,0.156,-2048.0478515625
2377,0.05,0.4904,0.0,0.1592,-2049.014404296875
2378,0.05,0.4904,0.0,0.1624,-2049.495361328125
2379,0.05,0.4904,0.0,0.1656,-2050.44140625
2380,0.05,0.4904,0.0,0.1688,-2051.640869140625
2381,0.05,0.4904,0.0,0.172,-2053.6533203125
2382,0.05,0.4904,0.0,0.1752,-2052.905517578125
2383,0.05,0.4904,0.0,0.1784,-2054.65185546875
2384,0.05,0.4904,0.0,0.1816,-2055.209716796875
2385,0.05,0.4904,0.0,0.1848,-2054.024658203125
2386,0.05,0.4904,0.0,0.188,-2058.3955078125
2387,0.05,0.4904,0.0,0.1912,-2058.31396484375
2388,0.05,0.4904,0.0,0.1944,-2059.929931640625
2389,0.05,0.4904,0.0,0.1976,-2060.7255859375
2390,0.05,0.4904,0.0,0.2008,-2061.916015625
2391,0.05,0.4904,0.0,0.204,-2063.69580078125
2392,0.05,0.4904,0.0,0.2072,-2065.0068359375
2393,0.05,0.4904,0.0,0.2104,-2063.69775390625
2394,0.05,0.4904,0.0,0.2136,-2067.189697265625
2395,0.05,0.4904,0.0,0.2168,-2068.68896484375
2396,0.05,0.4904,0.0,0.22,-2069.817138671875
2397,0.05,0.4928,0.0,0.06,-2069.8876953125
2398,0.05,0.4928,0.0,0.0632,-2068.1279296875
2399,0.05,0.4928,0.0,0.0664,-2064.643310546875
2400,0.05,0.4928,0.0,0.0696,-2060.90087890625
2401,0.05,0.4928,0.0,0.0728,-2060.61328125
2402,0.05,0.4928,0.0,0.076,-2057.2080078125
2403,0.05,0.4928,0.0,0.0792,-2055.6630859375
2404,0.05,0.4928,0.0,0.0824,-2053.3251953125
2405,0.05,0.4928,0.0,0.0856,-2052.625732421875
2406,0.05,0.4928,0.0,0.0888,-2050.32373046875
2407,0.05,0.4928,0.0,0.092,-2049.08544921875
2408,0.05,0.4928,0.0,0.0952,-2048.447509765625
2409,0.05,0.4928,0.0,0.0984,-2047.693115234375
2410,0.05,0.4928,0.0,0.1016,-2046.327880859375
2411,0.05,0.4928,0.0,0.1048,-2046.9237060546875
2412,0.05,0.4928,0.0,0.108,-2045.8983154296875
2413,0.05,0.4928,0.0,0.1112,-2047.3992919921875
2414,0.05,0.4928,0.0,0.1144,-2044.28271484375
2415,0.05,0.4928,0.0,0.1176,-2045.49169921875
2416,0.05,0.4928,0.0,0.1208,-2045.2071533203125
2417,0.05,0.4928,0.0,0.124,-2044.37255859375
2418,0.05,0.4928,0.0,0.1272,-2044.2696533203125
2419,0.05,0.4928,0.0,0.1304,-2045.2490234375
2420,0.05,0.4928,0.0,0.1336,-2045.0186767578125
2421,0.05,0.4928,0.0,0.1368,-2047.0037841796875
2422,0.05,0.4928,0.0,0.14,-2045.976318359375
2423,0.05,0.4928,0.0,0.1432,-2046.4886474609375
2424,0.05,0.4928,0.0,0.1464,-2046.3587646484375
2425,0.05,0.4928,0.0,0.1496,-2047.8385009765625
2426,0.05,0.4928,0.0,0.1528,-2048.36767578125
2427,0.05,0.4928,0.0,0.156,-2049.11328125
2428,0.05,0.4928,0.0,0.1592,-2050.6689453125
2429,0.05,0.4928,0.0,0.1624,-2049.95947265625
2430,0.05,0.4928,0.0,0.1656,-2051.723876953125
2431,0.05,0.4928,0.0,0.1688,-2051.688232421875
2432,0.05,0.4928,0.0,0.172,-2052.83056640625
2433,0.05,0.4928,0.0,0.1752,-2053.828125
2434,0.05,0.4928,0.0,0.1784,-2055.01416015625
2435,0.05,0.4928,0.0,0.1816,-2054.900390625
2436,0.05,0.4928,0.0,0.1848,-2056.703369140625
2437,0.05,0.4928,0.0,0.188,-2057.6630859375
2438,0.05,0.4928,0.0,0.1912,-2059.55419921875
2439,0.05,0.4928,0.0,0.1944,-2060.51318359375
2440,0.05,0.4928,0.0,0.1976,-2059.333740234375
2441,0.05,0.4928,0.0,0.2008,-2062.23193359375
2442,0.05,0.4928,0.0,0.204,-2063.135986328125
2443,0.05,0.4928,0.0,0.2072,-2064.21533203125
2444,0.05,0.4928,0.0,0.2104,-2066.591796875
2445,0.05,0.4928,0.0,0.2136,-2067.00048828125
2446,0.05,0.4928,0.0,0.2168,-2068.30517578125
2447,0.05,0.4928,0.0,0.22,-2070.392333984375
2448,0.05,0.4952,0.0,0.06,-2070.414794921875
2449,0.05,0.4952,0.0,0.0632,-2067.028564453125
2450,0.05,0.4952,0.0,0.0664,-2064.15234375
2451,0.05,0.4952,0.0,0.0696,-2062.33544921875
2452,0.05,0.4952,0.0,0.0728,-2060.46484375
2453,0.05,0.4952,0.0,0.076,-2057.510986328125
2454,0.05,0.4952,0.0,0.0792,-2056.3369140625
2455,0.05,0.4952,0.0,0.0824,-2054.51318359375
2456,0.05,0.4952,0.0,0.0856,-2053.37255859375
2457,0.05,0.4952,0.0,0.0888,-2051.5068359375
2458,0.05,0.4952,0.0,0.092,-2050.86083984375
2459,0.05,0.4952,0.0,0.0952,-2050.010009765625
2460,0.05,0.4952,0.0,0.0984,-2049.129150390625
2461,0.05,0.4952,0.0,0.1016,-2048.086669921875
2462,0.05,0.4952,0.0,0.1048,-2048.39599609375
2463,0.05,0.4952,0.0,0.108,-2047.353759765625
2464,0.05,0.4952,0.0,0.1112,-2045.759765625
2465,0.05,0.4952,0.0,0.1144,-2045.0211181640625
2466,0.05,0.4952,0.0,0.1176,-2045.9251708984375
2467,0.05,0.4952,0.0,0.1208,-2045.94921875
2468,0.05,0.4952,0.0,0.124,-2047.00390625
2469,0.05,0.4952,0.0,0.1272,-2046.0721435546875
2470,0.05,0.4952,0.0,0.1304,-2046.3341064453125
2471,0.05,0.4952,0.0,0.1336,-2046.503662109375
2472,0.05,0.4952,0.0,0.1368,-2046.9818115234375
2473,0.05,0.4952,0.0,0.14,-2047.1563720703125
2474,0.05,0.4952,0.0,0.1432,-2047.486083984375
2475,0.05,0.4952,0.0,0.1464,-2048.044921875
2476,0.05,0.4952,0.0,0.1496,-2048.914794921875
2477,0.05,0.4952,0.0,0.1528,-2049.2021484375
2478,0.05,0.4952,0.0,0.156,-2049.607421875
2479,0.05,0.4952,0.0,0.1592,-2050.947265625
2480,0.05,0.4952,0.0,0.1624,-2050.19189453125
2481,0.05,0.4952,0.0,0.1656,-2050.952880859375
2482,0.05,0.4952,0.0,0.1688,-2052.728271484375
2483,0.05,0.4952,0.0,0.172,-2052.90283203125
2484,0.05,0.4952,0.0,0.1752,-2054.30712890625
2485,0.05,0.4952,0.0,0.1784,-2055.65771484375
2486,0.05,0.4952,0.0,0.1816,-2056.279296875
2487,0.05,0.4952,0.0,0.1848,-2057.116455078125
2488,0.05,0.4952,0.0,0.188,-2056.69873046875
2489,0.05,0.4952,0.0,0.1912,-2059.418701171875
2490,0.05,0.4952,0.0,0.1944,-2061.00146484375
2491,0.05,0.4952,0.0,0.1976,-2061.745361328125
2492,0.05,0.4952,0.0,0.2008,-2062.052978515625
2493,0.05,0.4952,0.0,0.204,-2063.407470703125
2494,0.05,0.4952,0.0,0.2072,-2066.1455078125
2495,0.05,0.4952,0.0,0.2104,-2066.0146484375
2496,0.05,0.4952,0.0,0.2136,-2067.708251953125
2497,0.05,0.4952,0.0,0.2168,-2069.3125
2498,0.05,0.4952,0.0,0.22,-2070.79638671875
2499,0.05,0.4976,0.0,0.06,-2071.4150390625
2500,0.05,0.4976,0.0,0.0632,-2068.76025390625
2501,0.05,0.4976,0.0,0.0664,-2064.049072265625
2502,0.05,0.4976,0.0,0.0696,-2063.20654296875
2503,0.05,0.4976,0.0,0.0728,-2061.3525390625
2504,0.05,0.4976,0.0,0.076,-2058.209228515625
2505,0.05,0.4976,0.0,0.0792,-2056.23583984375
2506,0.05,0.4976,0.0,0.0824,-2055.572265625
2507,0.05,0.4976,0.0,0.0856,-2053.924560546875
2508,0.05,0.4976,0.0,0.0888,-2051.432373046875
2509,0.05,0.4976,0.0,0.092,-2052.46044921875
2510,0.05,0.4976,0.0,0.0952,-2051.14599609375
2511,0.05,0.4976,0.0,0.0984,-2049.2783203125
2512,0.05,0.4976,0.0,0.1016,-2049.192138671875
2513,0.05,0.4976,0.0,0.1048,-2049.0078125
2514,0.05,0.4976,0.0,0.108,-2047.9105224609375
2515,0.05,0.4976,0.0,0.1112,-2045.9853515625
2516,0.05,0.4976,0.0,0.1144,-2046.19287109375
2517,0.05,0.4976,0.0,0.1176,-2046.2786865234375
2518,0.05,0.4976,0.0,0.1208,-2046.0545654296875
2519,0.05,0.4976,0.0,0.124,-2046.218017578125
2520,0.05,0.4976,0.0,0.1272,-2045.9609375
2521,0.05,0.4976,0.0,0.1304,-2046.50146484375
2522,0.05,0.4976,0.0,0.1336,-2046.7652587890625
2523,0.05,0.4976,0.0,0.1368,-2047.8392333984375
2524,0.05,0.4976,0.0,0.14,-2047.84814453125
2525,0.05,0.4976,0.0,0.1432,-2047.83154296875
2526,0.05,0.4976,0.0,0.1464,-2048.90234375
2527,0.05,0.4976,0.0,0.1496,-2048.554931640625
2528,0.05,0.4976,0.0,0.1528,-2048.9599609375
2529,0.05,0.4976,0.0,0.156,-2050.428955078125
2530,0.05,0.4976,0.0,0.1592,-2051.2529296875
2531,0.05,0.4976,0.0,0.1624,-2050.43115234375
2532,0.05,0.4976,0.0,0.1656,-2052.103515625
2533,0.05,0.4976,0.0,0.1688,-2052.686767578125
2534,0.05,0.4976,0.0,0.172,-2053.62451171875
2535,0.05,0.4976,0.0,0.1752,-2054.440185546875
2536,0.05,0.4976,0.0,0.1784,-2055.07568359375
2537,0.05,0.4976,0.0,0.1816,-2056.712646484375
2538,0.05,0.4976,0.0,0.1848,-2058.96142578125
2539,0.05,0.4976,0.0,0.188,-2059.21875
2540,0.05,0.4976,0.0,0.1912,-2059.589599609375
2541,0.05,0.4976,0.0,0.1944,-2061.8662109375
2542,0.05,0.4976,0.0,0.1976,-2062.6064453125
2543,0.05,0.4976,0.0,0.2008,-2064.26318359375
2544,0.05,0.4976,0.0,0.204,-2065.349609375
2545,0.05,0.4976,0.0,0.2072,-2066.6748046875
2546,0.05,0.4976,0.0,0.2104,-2067.81494140625
2547,0.05,0.4976,0.0,0.2136,-2070.017822265625
2548,0.05,0.4976,0.0,0.2168,-2070.7373046875
2549,0.05,0.4976,0.0,0.22,-2071.4453125
2550,0.05,0.5,0.0,0.06,-2071.193603515625
2551,0.05,0.5,0.0,0.0632,-2068.740478515625
2552,0.05,0.5,0.0,0.0664,-2065.23779296875
2553,0.05,0.5,0.0,0.0696,-2062.711669921875
2554,0.05,0.5,0.0,0.0728,-2061.780517578125
2555,0.05,0.5,0.0,0.076,-2059.649169921875
2556,0.05,0.5,0.0,0.0792,-2057.420654296875
2557,0.05,0.5,0.0,0.0824,-2054.611083984375
2558,0.05,0.5,0.0,0.0856,-2054.76806640625
2559,0.05,0.5,0.0,0.0888,-2053.3896484375
2560,0.05,0.5,0.0,0.092,-2051.620361328125
2561,0.05,0.5,0.0,0.0952,-2051.27099609375
2562,0.05,0.5,0.0,0.0984,-2050.068359375
2563,0.05,0.5,0.0,0.1016,-2048.530029296875
2564,0.05,0.5,0.0,0.1048,-2049.15869140625
2565,0.05,0.5,0.0,0.108,-2047.71875
2566,0.05,0.5,0.0,0.1112,-2047.846435546875
2567,0.05,0.5,0.0,0.1144,-2047.86474609375
2568,0.05,0.5,0.0,0.1176,-2046.3974609375
2569,0.05,0.5,0.0,0.1208,-2046.781982421875
2570,0.05,0.5,0.0,0.124,-2047.509765625
2571,0.05,0.5,0.0,0.1272,-2047.323486328125
2572,0.05,0.5,0.0,0.1304,-2046.658203125
2573,0.05,0.5,0.0,0.1336,-2047.214599609375
2574,0.05,0.5,0.0,0.1368,-2046.599365234375
2575,0.05,0.5,0.0,0.14,-2048.30908203125
2576,0.05,0.5,0.0,0.1432,-2048.296630859375
2577,0.05,0.5,0.0,0.1464,-2049.26416015625
2578,0.05,0.5,0.0,0.1496,-2049.6240234375
2579,0.05,0.5,0.0,0.1528,-2050.767822265625
2580,0.05,0.5,0.0,0.156,-2052.24072265625
2581,0.05,0.5,0.0,0.1592,-2051.540771484375
2582,0.05,0.5,0.0,0.1624,-2052.05615234375
2583,0.05,0.5,0.0,0.1656,-2052.6748046875
2584,0.05,0.5,0.0,0.1688,-2053.415771484375
2585,0.05,0.5,0.0,0.172,-2055.373779296875
2586,0.05,0.5,0.0,0.1752,-2054.924072265625
2587,0.05,0.5,0.0,0.1784,-2054.81591796875
2588,0.05,0.5,0.0,0.1816,-2057.768798828125
2589,0.05,0.5,0.0,0.1848,-2058.517333984375
2590,0.05,0.5,0.0,0.188,-2061.13330078125
2591,0.05,0.5,0.0,0.1912,-2059.7392578125
2592,0.05,0.5,0.0,0.1944,-2062.98193359375
2593,0.05,0.5,0.0,0.1976,-2063.518310546875
2594,0.05,0.5,0.0,0.2008,-2063.7451171875
2595,0.05,0.5,0.0,0.204,-2065.5859375
2596,0.05,0.5,0.0,0.2072,-2066.4140625
2597,0.05,0.5,0.0,0.2104,-2067.787353515625
2598,0.05,0.5,0.0,0.2136,-2069.983642578125
2599,0.05,0.5,0.0,0.2168,-2070.8828125
2600,0.05,0.5,0.0,0.22,-2072.047607421875
