mu,rho,ll
0.44,0.14,-2037.698975
0.441893,0.140223,-2038.127075
0.442112,0.14163,-2038.595703
0.441137,0.141608,-2038.21875
0.435698,0.139376,-2038.243164
0.436298,0.140256,-2038.287231
0.43818,0.14259,-2038.414795
0.43818,0.14259,-2038.398682
0.441141,0.144086,-2037.684448
0.438244,0.144111,-2039.093262
0.438139,0.140748,-2037.889282
0.443105,0.134746,-2037.300049
0.443105,0.134746,-2038.347412
0.44588,0.131844,-2037.104004
0.44588,0.131844,-2037.265259
0.44588,0.131844,-2037.018677
0.442613,0.126018,-2037.28833
0.442613,0.126018,-2037.05127
0.447212,0.119563,-2037.165161
0.446455,0.119839,-2037.532959
0.446455,0.119839,-2037.750977
0.444752,0.120214,-2037.671997
0.44229,0.119985,-2037.692871
0.44229,0.119985,-2037.57312
0.445959,0.116294,-2037.871216
0.443082,0.109941,-2037.574951
0.441685,0.10689,-2038.702515
0.440655,0.113524,-2037.559937
0.441977,0.109629,-2036.684326
0.440962,0.114767,-2038.655396
0.440962,0.114767,-2037.840576
0.438979,0.113061,-2038.926514
0.438979,0.113061,-2037.6521
0.438979,0.113061,-2037.090332
0.442533,0.112159,-2038.126465
0.442533,0.112159,-2038.211914
0.446591,0.111052,-2037.660889
0.446591,0.111052,-2037.775635
0.444247,0.10969,-2038.036377
0.453177,0.11242,-2038.306641
0.453177,0.11242,-2038.223389
0.453177,0.11242,-2037.9729
0.453177,0.11242,-2038.200073
0.453177,0.11242,-2038.005493
0.453177,0.11242,-2038.49939
0.453651,0.116227,-2038.612061
0.456478,0.113864,-2037.581299
0.456478,0.113864,-2038.714355
0.456296,0.119152,-2038.879272
0.45308,0.113377,-2038.52478
0.450644,0.10857,-2038.744873
0.45519,0.10506,-2039.262451
0.455837,0.106912,-2039.855591
0.455837,0.106912,-2040.078857
0.453573,0.108301,-2039.058838
0.450841,0.10872,-2038.598145
0.450841,0.10872,-2038.12146
0.450841,0.10872,-2037.674561
0.450841,0.10872,-2038.766357
0.449737,0.112077,-2038.132568
0.450851,0.113072,-2038.976929
0.446387,0.111215,-2039.174683
0.444738,0.111418,-2039.106812
0.444738,0.111418,-2037.984131
0.439671,0.111637,-2036.72522
0.439671,0.111637,-2038.117432
0.439671,0.111637,-2036.921265
0.436225,0.108509,-2039.002563
0.439429,0.108037,-2038.899658
0.441673,0.109766,-2037.670898
0.444932,0.109137,-2038.595703
0.444932,0.109137,-2038.546265
0.444932,0.109137,-2038.645142
0.434998,0.113014,-2038.53418
0.436886,0.106427,-2038.146362
0.434666,0.106687,-2039.122803
0.436363,0.096828,-2040.488281
0.43318,0.092563,-2040.935181
0.43318,0.092563,-2042.380005
0.429345,0.097992,-2040.626831
0.429021,0.093172,-2042.732666
0.435898,0.089103,-2043.785034
0.435831,0.090695,-2043.340088
0.439075,0.094265,-2041.923218
0.439075,0.094265,-2041.846191
0.439075,0.094265,-2042.070312
0.439075,0.094265,-2040.261353
0.435967,0.091516,-2043.27124
0.439893,0.09833,-2040.645264
0.440155,0.099978,-2039.693848
0.438426,0.103959,-2040.573242
0.440612,0.10647,-2039.335693
0.43286,0.105235,-2038.426636
0.433701,0.107068,-2037.895508
0.435155,0.110138,-2039.330566
0.435155,0.110138,-2037.589111
0.435155,0.110138,-2039.075439
0.437078,0.117634,-2037.92749
0.438047,0.117823,-2037.832031
0.435809,0.120494,-2038.072021
0.441676,0.115478,-2038.277588
0.442693,0.111674,-2037.785278
0.442693,0.111674,-2038.092163
0.443162,0.114753,-2036.35791
0.443157,0.109948,-2037.661377
0.44015,0.110113,-2038.277344
0.444275,0.111448,-2038.017944
0.442817,0.108156,-2037.978882
0.440325,0.108211,-2038.321655
0.438441,0.106469,-2038.865845
0.441789,0.108206,-2037.95166
0.438944,0.103073,-2038.564697
0.441708,0.103197,-2038.525757
0.436855,0.104393,-2037.755371
0.436855,0.104393,-2039.425537
0.436094,0.107831,-2038.804199
0.436828,0.112174,-2038.110107
0.439772,0.114916,-2037.100952
0.441233,0.116403,-2038.122559
0.444581,0.114227,-2037.411743
0.444581,0.114227,-2037.366821
0.443154,0.110737,-2038.379028
0.443154,0.110737,-2037.520508
0.443894,0.11578,-2037.96582
0.444133,0.109073,-2038.762695
0.441411,0.113598,-2038.357666
0.442708,0.113972,-2037.205322
0.444261,0.111711,-2037.394775
0.445577,0.110361,-2037.500977
0.448666,0.111011,-2037.623047
0.448666,0.111011,-2038.574585
0.448666,0.111011,-2038.388062
0.443652,0.105842,-2039.359375
0.443652,0.105842,-2039.285767
0.443449,0.106169,-2039.056152
0.440925,0.105444,-2039.145874
0.44104,0.105554,-2038.771973
0.44655,0.102836,-2040.320679
0.451052,0.106579,-2039.073364
0.451052,0.106579,-2039.015869
0.449014,0.108443,-2038.208984
0.450106,0.114166,-2038.635742
0.448096,0.112337,-2038.075195
0.451236,0.11018,-2038.327515
0.451236,0.11018,-2038.473145
0.450125,0.117722,-2037.755859
0.443801,0.122456,-2036.895264
0.443801,0.122456,-2036.841553
0.440642,0.119974,-2037.931152
0.44344,0.118196,-2037.747681
0.44344,0.118196,-2036.79895
0.44079,0.114618,-2038.258301
0.440162,0.118672,-2037.921387
0.439915,0.11765,-2036.681885
0.443113,0.118676,-2037.804565
0.440403,0.117602,-2037.63208
0.442884,0.119566,-2038.575073
0.4422,0.11812,-2038.365967
0.439545,0.125194,-2036.930786
0.439514,0.130152,-2037.109375
0.436694,0.137635,-2038.177856
0.433914,0.139299,-2038.478027
0.438198,0.14059,-2037.82666
0.434081,0.136214,-2038.627563
0.437729,0.141056,-2038.042236
0.437225,0.144358,-2038.22522
0.438919,0.146062,-2038.79541
0.439285,0.142392,-2038.367676
0.43625,0.146398,-2037.871094
0.436226,0.138087,-2038.393799
0.437819,0.142533,-2038.772339
0.436363,0.141343,-2037.67334
0.436363,0.141343,-2038.598877
0.437411,0.136456,-2037.911011
0.42865,0.140929,-2039.182129
0.429742,0.146902,-2039.414185
0.427875,0.148784,-2038.822754
0.43039,0.146877,-2039.364014
0.431056,0.146908,-2039.247314
0.431089,0.142766,-2039.386841
0.434819,0.143904,-2038.379639
0.43289,0.14007,-2037.771729
0.434609,0.1415,-2037.741943
0.432242,0.142444,-2037.831909
0.430802,0.143553,-2038.935303
0.430802,0.143553,-2037.598389
0.429989,0.139335,-2038.769287
0.437979,0.137783,-2036.772705
0.440489,0.137576,-2038.15686
0.44056,0.138077,-2038.451904
0.44122,0.136445,-2037.699219
0.436776,0.132898,-2037.146851
0.436776,0.132898,-2038.224854
0.436776,0.132898,-2037.457031
0.437951,0.131423,-2036.761597
0.437951,0.131423,-2036.841431
0.437951,0.131423,-2037.72522
0.437951,0.131423,-2037.101196
0.440228,0.127395,-2037.471313
0.43418,0.128937,-2037.002441
0.43653,0.133254,-2037.445068
0.432998,0.13025,-2037.849609
0.435144,0.129007,-2036.395508
0.442955,0.134179,-2037.612671
0.441276,0.130811,-2037.462158
0.441239,0.134249,-2037.60144
0.440081,0.134075,-2037.913086
0.442397,0.139271,-2039.249512
0.440022,0.144243,-2037.777832
0.439135,0.142443,-2038.120361
0.435841,0.139899,-2037.924194
0.432722,0.13826,-2038.41272
0.433666,0.135692,-2036.408081
0.424556,0.126697,-2038.074219
0.423319,0.132063,-2037.709473
0.423319,0.132063,-2038.030029
0.423319,0.132063,-2037.815918
0.420485,0.13316,-2039.176392
0.423183,0.129357,-2038.976196
0.425884,0.128151,-2037.73584
0.421403,0.129675,-2037.787109
0.422419,0.130763,-2038.874268
0.421091,0.13173,-2039.163452
0.420693,0.136352,-2039.279175
0.413964,0.133123,-2040.014893
0.413964,0.133123,-2039.251709
0.413964,0.133123,-2040.455933
0.413964,0.133123,-2039.96936
0.413964,0.133123,-2040.561157
0.414982,0.126048,-2040.155273
0.420105,0.127435,-2039.444946
0.419721,0.121581,-2038.966797
0.421902,0.120322,-2038.804321
0.424688,0.120747,-2037.648438
0.424688,0.120747,-2038.250366
0.425731,0.119478,-2038.253174
0.427611,0.115343,-2039.014404
0.426427,0.111057,-2038.502441
0.429298,0.111894,-2039.36438
0.429752,0.116198,-2037.599487
0.429752,0.116198,-2038.311646
0.429919,0.116201,-2038.103149
0.43014,0.112868,-2038.641846
0.430733,0.105185,-2038.577148
0.427515,0.10696,-2039.389526
0.425394,0.11092,-2039.660522
0.425785,0.113691,-2039.681396
0.427871,0.114795,-2037.476685
0.427871,0.114795,-2038.437866
0.427871,0.114795,-2038.112061
0.431628,0.113239,-2037.997803
0.434104,0.106206,-2038.907715
0.437014,0.106623,-2038.315186
0.437014,0.106623,-2038.586304
0.436207,0.110896,-2037.963623
0.43511,0.110032,-2038.393555
0.438606,0.109861,-2037.843384
0.432978,0.114602,-2038.128662
0.434989,0.118124,-2037.102051
0.434989,0.118124,-2037.726929
0.435113,0.121121,-2036.970825
0.436001,0.127302,-2036.496094
0.436001,0.127302,-2036.562622
0.427435,0.127435,-2037.583984
0.427435,0.127435,-2037.244263
0.427435,0.127435,-2037.562012
0.428944,0.133562,-2037.16626
0.435653,0.137891,-2038.128296
0.435927,0.139364,-2038.745483
0.433516,0.132471,-2037.576294
0.433516,0.132471,-2037.871338
0.435914,0.140332,-2039.155518
0.432826,0.145333,-2038.493896
0.436218,0.136707,-2037.906982
0.434811,0.130266,-2037.417358
0.434836,0.129221,-2038.859375
0.434919,0.128207,-2037.501831
0.436802,0.124812,-2037.172974
0.436802,0.124812,-2036.809082
0.434291,0.130544,-2038.077881
0.432251,0.125415,-2037.473022
0.435106,0.129543,-2037.860596
0.43502,0.126767,-2038.127197
0.433582,0.12396,-2036.808105
0.43266,0.125874,-2037.950562
0.429056,0.136743,-2037.865234
0.433053,0.137022,-2038.22937
0.434384,0.13499,-2037.80835
0.434384,0.13499,-2038.057861
0.434282,0.134544,-2038.358276
0.437331,0.136752,-2037.671997
0.432609,0.132061,-2036.774414
0.42935,0.133626,-2038.056885
0.428245,0.133108,-2037.595947
0.428245,0.133108,-2037.898315
0.432316,0.135896,-2037.919067
0.435548,0.138609,-2039.087402
0.435548,0.138609,-2037.825928
0.430491,0.136944,-2038.665771
0.432942,0.130908,-2037.479126
0.432942,0.130908,-2037.139404
0.435472,0.127983,-2037.13269
0.431516,0.128599,-2037.115723
0.431474,0.127964,-2038.400024
0.432218,0.126155,-2036.751709
0.4354,0.134144,-2037.645752
0.44159,0.13125,-2038.349731
0.442051,0.132599,-2037.369507
0.440909,0.122171,-2036.629761
0.439384,0.123392,-2037.817383
0.439384,0.123392,-2037.347412
0.439384,0.123392,-2037.594604
0.444089,0.127863,-2037.588623
0.444089,0.127863,-2037.723145
0.441739,0.12774,-2037.653809
0.442028,0.124724,-2037.91272
0.438415,0.126285,-2036.958252
0.43666,0.132166,-2037.279785
0.437347,0.129735,-2037.286377
0.440229,0.123313,-2036.401245
0.43953,0.124973,-2037.172485
0.434789,0.121388,-2037.316528
0.434789,0.121388,-2036.72229
0.436155,0.118972,-2037.491455
0.431625,0.115675,-2037.324585
0.440262,0.119862,-2038.284546
0.441951,0.1213,-2037.782715
0.44395,0.12691,-2037.633301
0.443691,0.131528,-2037.876099
0.443576,0.135586,-2038.378296
0.446268,0.126222,-2037.342773
0.44418,0.128282,-2037.223511
0.446857,0.129561,-2037.627563
0.445071,0.128702,-2038.070557
0.445597,0.129773,-2037.5625
0.44371,0.133632,-2036.5896
0.44371,0.133632,-2036.878784
0.445301,0.135871,-2037.662598
0.442219,0.131559,-2037.482788
0.443197,0.132475,-2037.478149
0.44596,0.132644,-2037.916992
0.450438,0.133669,-2038.248901
0.45363,0.13928,-2038.565063
0.454449,0.136294,-2037.92627
0.453903,0.132487,-2037.835449
0.454053,0.134517,-2038.23999
0.455238,0.134054,-2038.538818
0.456745,0.132822,-2039.19812
0.452561,0.138243,-2038.207275
0.45588,0.140383,-2038.842407
0.45588,0.140383,-2038.456543
0.459996,0.134237,-2038.196655
0.459996,0.134237,-2039.305908
0.459376,0.131759,-2039.299072
0.459712,0.136545,-2040.039062
0.453379,0.138698,-2038.698486
0.453379,0.138698,-2038.824219
0.458051,0.1382,-2039.555786
0.457892,0.142594,-2039.511353
0.457892,0.142594,-2039.330688
0.454895,0.139904,-2039.332764
0.452402,0.140646,-2039.382324
0.451267,0.142764,-2039.575195
0.451267,0.142764,-2038.564697
0.449009,0.142135,-2039.196533
0.442512,0.139503,-2038.974365
0.440422,0.141674,-2038.322876
0.440499,0.142466,-2038.528076
0.436771,0.142687,-2039.746704
0.443585,0.141477,-2038.949951
0.44481,0.135924,-2037.568848
0.44481,0.135924,-2038.521606
0.446042,0.1326,-2037.348511
0.444174,0.133466,-2038.331055
0.44285,0.127103,-2037.509033
0.440085,0.128388,-2036.779175
0.439493,0.127909,-2037.363281
0.44459,0.134256,-2037.550049
0.44459,0.134256,-2037.596924
0.44403,0.136291,-2038.187744
0.442429,0.136726,-2038.099487
0.442002,0.133636,-2037.509766
0.442682,0.130584,-2037.412231
0.441887,0.130623,-2037.592041
0.436026,0.1299,-2036.841797
0.43095,0.130387,-2037.084717
0.435394,0.12567,-2038.748779
0.436226,0.122484,-2037.264893
0.436407,0.120159,-2037.217285
0.440645,0.114682,-2038.48584
0.441485,0.111204,-2037.818359
0.441485,0.111204,-2037.852417
0.43896,0.109205,-2037.94043
0.436945,0.106446,-2038.328125
0.436945,0.106446,-2038.672119
0.437262,0.104796,-2040.553467
0.434079,0.108602,-2038.06665
0.434632,0.118487,-2036.645142
0.435599,0.116957,-2037.835693
0.433192,0.12504,-2037.371826
0.437031,0.123858,-2037.925537
0.438554,0.124062,-2037.233765
0.437615,0.127372,-2036.711426
0.443274,0.118441,-2037.641602
0.445581,0.115701,-2038.208008
0.451093,0.123865,-2038.682861
0.44875,0.132322,-2037.634644
0.449057,0.128942,-2037.453369
0.446184,0.124917,-2037.54895
0.451539,0.130353,-2037.975586
0.446444,0.1295,-2038.417358
0.441676,0.126494,-2037.19165
0.442662,0.121673,-2038.171997
0.443984,0.127778,-2037.800659
0.443984,0.127778,-2036.852173
0.44139,0.121403,-2037.889404
0.44294,0.126758,-2036.826416
0.44294,0.126758,-2036.526489
0.444325,0.130489,-2037.296875
0.44074,0.124436,-2038.259888
0.44369,0.127058,-2037.501709
0.444719,0.124202,-2036.474121
0.446593,0.122203,-2038.256592
0.446593,0.122203,-2038.284912
0.452966,0.123132,-2037.627441
0.455636,0.122902,-2037.84375
0.456289,0.122702,-2038.159424
0.456566,0.120183,-2038.847412
0.457911,0.120696,-2038.932983
0.452814,0.112479,-2038.551025
0.453431,0.109391,-2038.42334
0.449238,0.111669,-2038.240234
0.45083,0.115076,-2038.74585
0.450148,0.113021,-2038.142578
0.455187,0.114431,-2038.332275
0.457284,0.118967,-2037.784668
0.45822,0.116288,-2039.470337
0.456967,0.114308,-2038.259888
0.456967,0.114308,-2037.612427
0.456967,0.114308,-2038.115234
0.457879,0.118277,-2039.390991
0.4622,0.122258,-2038.547363
0.4622,0.122258,-2039.29895
0.46326,0.129959,-2039.300415
0.457839,0.133881,-2038.254883
0.456687,0.134558,-2038.76355
0.449669,0.13982,-2037.887939
0.452189,0.13428,-2037.262573
0.452189,0.13428,-2038.463379
0.454303,0.138266,-2038.762939
0.457364,0.133856,-2038.888428
0.460505,0.135843,-2039.630005
0.463138,0.133041,-2039.68457
0.463138,0.133041,-2039.083008
0.463728,0.135204,-2039.402344
0.464178,0.14104,-2040.661011
0.464477,0.136106,-2040.674927
0.464477,0.136106,-2040.177124
0.458382,0.137709,-2039.76709
0.459971,0.136191,-2040.440796
0.461117,0.134077,-2040.28772
0.456237,0.131335,-2038.802734
0.456237,0.131335,-2037.97583
0.454064,0.125914,-2038.318848
0.452295,0.119926,-2038.443848
0.452295,0.119926,-2037.472656
0.457328,0.108441,-2039.377686
0.457328,0.108441,-2040.03125
0.45735,0.105754,-2039.357056
0.45735,0.105754,-2040.18335
0.449121,0.111081,-2038.180908
0.444092,0.118123,-2037.136475
0.444092,0.118123,-2037.09375
0.444638,0.122405,-2037.958374
0.443211,0.121404,-2037.706787
0.443211,0.121404,-2036.946899
0.440409,0.127373,-2036.44519
0.441436,0.121828,-2037.814209
0.442326,0.129971,-2037.342163
0.437302,0.13219,-2037.279541
0.437302,0.13219,-2037.266235
0.437556,0.122694,-2038.204346
0.438116,0.120708,-2037.331421
0.438361,0.121159,-2037.0448
0.442829,0.11441,-2037.55896
0.44168,0.1141,-2037.835938
0.439626,0.110202,-2037.750854
0.441836,0.110845,-2037.665039
0.441836,0.110845,-2038.476807
0.445043,0.112178,-2038.219849
0.44558,0.11033,-2038.163086
0.444164,0.107567,-2038.280518
0.441078,0.114857,-2037.800293
0.44265,0.107515,-2038.269653
0.441365,0.110953,-2038.440674
0.436765,0.110522,-2037.723022
0.436765,0.110522,-2038.331909
0.440881,0.113224,-2037.436646
0.438874,0.119063,-2037.184448
0.438874,0.119063,-2036.762207
0.436557,0.119168,-2038.089722
0.433581,0.119599,-2037.161865
0.436806,0.11819,-2036.801025
0.432126,0.115277,-2036.964722
0.432126,0.115277,-2037.633545
0.432126,0.115277,-2037.911987
0.438511,0.116347,-2036.847168
0.437518,0.119144,-2037.408936
0.436843,0.11836,-2037.441406
0.439007,0.116222,-2037.420776
0.439007,0.116222,-2037.278076
0.437418,0.120637,-2037.202881
0.435946,0.117872,-2037.000977
0.436004,0.121994,-2036.841675
0.4385,0.12491,-2037.248779
0.437815,0.111191,-2038.095825
0.437815,0.111191,-2037.753174
0.433349,0.11694,-2037.698242
0.433349,0.11694,-2036.490723
0.433331,0.121565,-2036.787109
0.43541,0.128117,-2037.068604
0.437843,0.126609,-2036.922729
0.440287,0.130544,-2037.239868
0.441892,0.127967,-2037.272461
0.443118,0.12386,-2037.210449
0.443118,0.12386,-2036.187988
0.443118,0.12386,-2036.997314
0.444063,0.119219,-2037.442871
0.445325,0.122008,-2037.417114
0.445479,0.124694,-2036.511475
0.445735,0.129838,-2037.776367
0.446421,0.135771,-2036.981323
0.446421,0.135771,-2037.626709
0.446421,0.135771,-2038.085327
0.446421,0.135771,-2038.801392
0.449052,0.131256,-2037.507568
0.447908,0.132346,-2037.774658
0.449511,0.132205,-2037.78833
0.448601,0.13578,-2039.098145
0.448601,0.13578,-2038.202393
0.44649,0.134252,-2037.340088
0.450446,0.13455,-2037.893799
0.450446,0.13455,-2037.974609
0.447912,0.128889,-2038.104858
0.447912,0.128889,-2037.226318
0.449801,0.124917,-2037.84668
0.453476,0.1251,-2038.028931
0.450132,0.125183,-2036.53833
0.447568,0.129579,-2036.29834
0.444046,0.134281,-2038.122559
0.443623,0.13572,-2038.283691
0.446498,0.131555,-2037.729736
0.447037,0.13055,-2038.744263
0.447037,0.13055,-2036.915527
0.437215,0.135392,-2038.078491
0.434308,0.14422,-2038.370239
0.434308,0.14422,-2038.871826
0.436159,0.145388,-2038.494873
0.436159,0.145388,-2038.594482
0.436159,0.145388,-2038.732422
0.436469,0.148573,-2039.217529
0.440287,0.155195,-2039.498779
0.441831,0.154874,-2040.050781
0.439075,0.158251,-2041.435913
0.439914,0.162713,-2041.793213
0.440929,0.165336,-2043.643066
0.445815,0.163554,-2043.299561
0.448051,0.159046,-2041.638428
0.450272,0.162644,-2042.717651
0.447718,0.160349,-2042.769531
0.449327,0.158166,-2040.771729
0.441999,0.161076,-2041.815063
0.441787,0.162229,-2041.46167
0.441787,0.162229,-2041.846924
0.441787,0.162229,-2041.897705
0.44438,0.159553,-2041.631104
0.441192,0.163698,-2042.292847
0.439586,0.167381,-2042.555908
0.443802,0.162285,-2042.930664
0.443505,0.168986,-2042.355713
0.439533,0.168294,-2043.643677
0.441096,0.170812,-2043.910645
0.43988,0.176333,-2044.4729
0.442295,0.177929,-2046.112061
0.439061,0.177727,-2045.957764
0.439061,0.177727,-2045.561035
0.440861,0.170035,-2043.029297
0.440861,0.170035,-2043.72876
0.440861,0.170035,-2043.60791
0.440861,0.170035,-2044.314087
0.438111,0.170552,-2043.763794
0.434718,0.16801,-2043.581665
0.432847,0.168111,-2043.011353
0.430155,0.156487,-2041.138428
0.428772,0.156585,-2040.533813
0.428772,0.156585,-2040.099365
0.430125,0.157236,-2041.083496
0.429061,0.157309,-2041.300171
0.429061,0.157309,-2040.580566
0.429061,0.157309,-2040.904297
0.430578,0.151534,-2038.664551
0.433561,0.150698,-2039.636963
0.435837,0.152524,-2039.971069
0.435837,0.152524,-2040.302856
0.434863,0.148622,-2039.783325
0.435678,0.143037,-2038.172119
0.440286,0.143827,-2038.256226
0.441378,0.145894,-2038.824951
0.438903,0.150452,-2038.711182
0.441078,0.153068,-2039.839966
0.439102,0.151141,-2039.285889
0.439362,0.154137,-2039.176025
0.43612,0.154297,-2040.577759
0.438904,0.153636,-2039.384155
0.438904,0.153636,-2039.623535
0.438904,0.153636,-2039.288574
0.441252,0.153558,-2040.10144
0.440982,0.156742,-2039.981201
0.440982,0.156742,-2040.66626
0.440982,0.156742,-2040.138184
0.441121,0.151378,-2040.367676
0.442321,0.149841,-2039.2854
0.443544,0.156119,-2040.272339
0.440709,0.159365,-2041.715088
0.440709,0.159365,-2041.89978
0.440663,0.158963,-2041.362061
0.441349,0.15767,-2041.682495
0.436012,0.151643,-2040.300659
0.435804,0.147708,-2038.683594
0.435804,0.147708,-2038.772949
0.435804,0.147708,-2039.175537
0.435804,0.147708,-2038.314209
0.439094,0.150312,-2038.588867
0.439094,0.150312,-2038.066162
0.440168,0.156327,-2039.905762
0.44102,0.16507,-2042.676758
0.441792,0.158726,-2041.473755
0.44009,0.157671,-2041.579834
0.442908,0.148264,-2038.674316
0.44418,0.148733,-2039.057373
0.44418,0.148733,-2038.74353
0.443585,0.146338,-2038.777832
0.446964,0.148862,-2039.271729
0.445778,0.149341,-2038.404175
0.441073,0.147098,-2039.062012
0.440787,0.146484,-2038.835815
0.439057,0.148173,-2039.058716
0.435402,0.142676,-2038.238647
0.441134,0.149542,-2039.234375
0.43839,0.147533,-2038.988525
0.43839,0.147533,-2039.217163
0.437751,0.146348,-2038.786865
0.435809,0.145195,-2039.001343
0.435809,0.145195,-2038.193726
0.435662,0.139116,-2038.155518
0.435662,0.139116,-2038.32959
0.433501,0.140567,-2038.666016
0.434439,0.142285,-2038.627197
0.433379,0.145934,-2039.068848
0.431593,0.145654,-2039.222778
0.428525,0.150121,-2040.07373
0.431587,0.144268,-2039.249756
0.427371,0.14778,-2040.44043
0.427371,0.14778,-2038.738281
0.426043,0.143639,-2038.862915
0.429899,0.142176,-2039.153931
0.433266,0.139051,-2038.791138
0.433266,0.139051,-2038.088867
0.433266,0.139051,-2036.771606
0.438855,0.137726,-2037.817383
0.43988,0.136175,-2037.503906
0.43988,0.136175,-2037.48291
0.434089,0.136241,-2038.426392
0.433202,0.13588,-2037.720947
0.429289,0.135417,-2038.532471
0.429289,0.135417,-2036.967041
0.43121,0.139925,-2038.288086
0.429494,0.134861,-2037.966064
0.428435,0.130691,-2038.276733
0.428435,0.130691,-2037.473999
0.428435,0.130691,-2038.474121
0.428372,0.125736,-2037.883301
0.429352,0.129582,-2037.282104
0.429352,0.129582,-2038.229614
0.429704,0.128973,-2037.924438
0.430414,0.130905,-2036.970825
0.427563,0.129713,-2038.432129
0.430638,0.138836,-2038.310303
0.430335,0.144067,-2038.890015
0.428197,0.142728,-2038.006592
0.426264,0.140342,-2039.405029
0.428861,0.139922,-2038.981934
0.432281,0.140193,-2038.502686
0.432281,0.140193,-2038.198975
0.435644,0.140678,-2037.679688
0.435947,0.142741,-2038.180054
0.440329,0.14077,-2038.972168
0.441591,0.136943,-2037.792847
0.437357,0.130881,-2038.026367
0.437357,0.130881,-2036.806641
0.437357,0.130881,-2037.483398
0.437127,0.129824,-2036.699951
0.437635,0.127834,-2037.214478
0.436415,0.122687,-2036.720825
0.434088,0.117722,-2037.382324
0.434611,0.11917,-2038.015869
0.432091,0.114575,-2037.679199
0.434877,0.111379,-2038.766113
0.437288,0.108511,-2038.889771
0.437863,0.10643,-2037.947632
0.437863,0.10643,-2037.995117
0.437703,0.10727,-2038.937256
0.437274,0.106809,-2037.909668
0.438565,0.101939,-2039.490356
0.435733,0.104652,-2038.636963
0.435733,0.104652,-2038.657471
0.432745,0.106046,-2039.345215
0.43556,0.104941,-2038.5271
0.435055,0.109675,-2037.852783
0.428261,0.111735,-2038.224243
0.429538,0.107621,-2039.186523
0.429538,0.107621,-2039.712769
0.429705,0.106563,-2038.726074
0.433736,0.110708,-2039.019043
0.436071,0.108626,-2038.890381
0.434277,0.10668,-2039.416016
0.436279,0.112014,-2037.195068
0.437638,0.121775,-2037.693604
0.433757,0.119898,-2037.039307
0.437839,0.123406,-2037.532837
0.439117,0.122371,-2036.932373
0.435779,0.127134,-2037.344482
0.439219,0.127098,-2037.810303
0.442563,0.12747,-2037.342651
0.442563,0.12747,-2036.483887
0.436972,0.133854,-2036.578491
0.435677,0.13929,-2038.38623
0.436624,0.141529,-2037.182129
0.431241,0.137453,-2038.14978
0.431241,0.137453,-2038.552124
0.431723,0.138278,-2037.662598
0.428622,0.137594,-2037.849609
0.428622,0.137594,-2038.69812
0.425915,0.139257,-2038.877441
0.425915,0.139257,-2037.595459
0.424982,0.139923,-2039.199585
0.426326,0.131393,-2038.217285
0.428477,0.125156,-2037.294434
0.428344,0.116621,-2038.235229
0.428344,0.116621,-2038.415161
0.428344,0.116621,-2037.995483
0.428344,0.116621,-2037.536621
0.424052,0.115298,-2038.20459
0.420797,0.11632,-2039.245728
0.419508,0.117769,-2039.009644
0.419039,0.114208,-2038.836426
0.415899,0.116604,-2040.163452
0.417085,0.123678,-2039.283081
0.422177,0.129456,-2038.753906
0.422177,0.129456,-2038.661377
0.419836,0.13217,-2039.141357
0.417909,0.133713,-2039.510498
0.417909,0.133713,-2040.260498
0.421221,0.133595,-2038.657471
0.428157,0.130481,-2037.558472
0.431817,0.131311,-2037.841309
0.43475,0.126621,-2037.686768
0.436358,0.126049,-2037.241943
0.439662,0.124876,-2037.915405
0.439662,0.124876,-2037.093018
0.43803,0.125322,-2037.277588
0.43803,0.125322,-2036.867432
0.442551,0.131477,-2037.540527
0.439057,0.120566,-2036.768555
0.438259,0.11981,-2036.302002
0.438259,0.11981,-2037.034546
0.436964,0.11479,-2038.301758
0.439287,0.109317,-2038.20166
0.437643,0.113529,-2037.650635
0.43384,0.115211,-2037.161621
0.436366,0.117595,-2037.446533
0.434415,0.125827,-2037.990845
0.43943,0.127235,-2036.218384
0.4338,0.128681,-2037.615601
0.431626,0.12452,-2038.33374
0.434626,0.12717,-2037.086548
0.432948,0.121936,-2037.928711
0.432222,0.119389,-2037.491089
0.427026,0.115862,-2038.727051
0.427026,0.115862,-2037.886597
0.427831,0.11359,-2038.091797
0.425051,0.113041,-2038.269775
0.425051,0.113041,-2038.521606
0.427495,0.109281,-2038.414795
0.427495,0.109281,-2039.145752
0.426549,0.103773,-2040.807617
0.430176,0.098079,-2040.998657
0.430176,0.098079,-2040.867554
0.428722,0.102335,-2039.667358
0.428722,0.102335,-2039.717651
0.427051,0.106867,-2039.192993
0.423414,0.10551,-2039.921631
0.42015,0.106425,-2040.421997
0.42083,0.109212,-2039.276367
0.421252,0.111137,-2040.384033
0.418151,0.109612,-2040.837402
0.418151,0.109612,-2040.741577
0.418151,0.109612,-2041.210815
0.416236,0.11066,-2039.5177
0.415991,0.10224,-2042.98938
0.417612,0.10595,-2041.766846
0.417612,0.10595,-2040.659302
0.415703,0.103379,-2041.217163
0.415703,0.103379,-2041.540283
0.417721,0.10823,-2040.830078
0.417721,0.10823,-2041.009155
0.417721,0.10823,-2040.62915
0.417721,0.10823,-2040.060547
0.420046,0.10433,-2040.60144
0.419943,0.103359,-2040.633301
0.425479,0.100151,-2040.680908
0.425479,0.100151,-2040.408569
0.425961,0.10094,-2039.730591
0.425876,0.099552,-2041.133057
0.422791,0.098289,-2041.353882
0.422791,0.098289,-2041.225098
0.422791,0.098289,-2041.25415
0.423374,0.104946,-2039.835938
0.425388,0.109792,-2039.730225
0.424147,0.108769,-2038.531494
0.424147,0.108769,-2039.688232
0.422767,0.111384,-2039.730469
0.421935,0.11482,-2039.714844
0.415608,0.115925,-2039.462646
0.41818,0.122811,-2039.392822
0.418673,0.127939,-2038.929932
0.417796,0.128957,-2039.112915
0.417796,0.128957,-2038.876953
0.417796,0.128957,-2038.93396
0.41705,0.129979,-2040.002197
0.41705,0.129979,-2039.946045
0.419495,0.126017,-2038.991943
0.418084,0.118073,-2039.167603
0.417763,0.117642,-2039.85437
0.415498,0.122857,-2040.398804
0.421839,0.122432,-2037.448486
0.419475,0.125603,-2039.212646
0.42349,0.121429,-2038.413696
0.425727,0.124571,-2038.437744
0.428429,0.129491,-2037.284912
0.42693,0.127841,-2037.654175
0.428425,0.131298,-2036.936401
0.433555,0.125351,-2037.453857
0.433555,0.125351,-2037.784302
0.431215,0.128617,-2037.605225
0.426099,0.135729,-2037.889282
0.435834,0.138491,-2038.62793
0.435834,0.138491,-2036.959229
0.431817,0.131927,-2037.869873
0.431817,0.131927,-2037.842285
0.429866,0.119989,-2036.556763
0.431068,0.122656,-2037.720459
0.431068,0.122656,-2037.3396
0.431981,0.117368,-2038.17981
0.427095,0.119134,-2038.500244
0.427095,0.119134,-2037.022949
0.425636,0.11641,-2038.524536
0.432728,0.113548,-2039.028931
0.429978,0.116491,-2037.571655
0.427532,0.121706,-2037.428711
0.426036,0.116623,-2038.89502
0.427018,0.114906,-2038.335693
0.427018,0.114906,-2037.079834
0.425918,0.117914,-2037.318604
0.430247,0.120531,-2037.42041
0.428896,0.122538,-2038.491943
0.433,0.125293,-2037.102295
0.433708,0.125355,-2037.057373
0.43509,0.124865,-2037.8125
0.433681,0.124131,-2036.300781
0.435426,0.125962,-2036.655518
0.435426,0.125962,-2037.318604
0.436146,0.123671,-2036.71521
0.436063,0.126488,-2037.26001
0.436798,0.126991,-2037.431641
0.436798,0.126991,-2037.399658
0.439604,0.125264,-2037.005127
0.438287,0.127442,-2037.658691
0.435562,0.126318,-2037.111084
0.434293,0.130074,-2037.447021
0.432871,0.126142,-2037.986572
0.434384,0.129588,-2037.534912
0.429331,0.125592,-2037.890869
0.431179,0.128744,-2037.697021
0.424993,0.122562,-2038.398926
0.429582,0.118595,-2037.30542
0.433043,0.121334,-2037.554199
0.432502,0.123141,-2037.689209
0.431947,0.119584,-2038.024658
0.428816,0.11798,-2037.269897
0.428816,0.11798,-2037.358521
0.42842,0.118613,-2038.093018
0.42842,0.118613,-2036.966797
0.42612,0.126525,-2037.689453
0.426004,0.127609,-2038.605835
0.426269,0.123483,-2037.368652
0.425053,0.126226,-2037.936035
0.425053,0.126226,-2038.261719
0.425436,0.124957,-2037.823242
0.422855,0.127292,-2039.34082
0.42599,0.132264,-2037.220703
0.428387,0.132903,-2037.764038
0.428387,0.132903,-2037.236328
0.42681,0.138869,-2038.448608
0.42681,0.138869,-2038.075684
0.427096,0.137318,-2038.485352
0.428816,0.129796,-2037.99939
0.429884,0.130672,-2037.11377
0.428647,0.130334,-2038.852661
0.429013,0.132841,-2038.053467
0.432757,0.130181,-2036.720459
0.432757,0.130181,-2037.520996
0.430279,0.132724,-2038.649414
0.431073,0.130411,-2037.772217
0.426598,0.131582,-2038.01416
0.427519,0.128635,-2038.609009
0.425271,0.126602,-2037.98877
0.425704,0.127296,-2038.216309
0.431946,0.123544,-2036.978271
0.431667,0.12266,-2037.02002
0.431667,0.12266,-2038.312744
0.43172,0.121537,-2037.722656
0.431092,0.116844,-2038.385376
0.42682,0.120382,-2037.807007
0.426663,0.122661,-2037.607666
0.427532,0.124214,-2037.453857
0.42853,0.123938,-2037.677856
0.427463,0.118828,-2037.960693
0.42559,0.120185,-2038.154541
0.428431,0.117806,-2037.499878
0.428585,0.115275,-2037.387207
0.430082,0.114024,-2038.498779
0.425745,0.111749,-2039.087158
0.42518,0.119708,-2038.061768
0.420925,0.124313,-2039.036011
0.419263,0.128261,-2039.184082
0.420377,0.127721,-2040.967163
0.424375,0.131662,-2038.070557
0.42214,0.127722,-2037.751587
0.422408,0.129763,-2037.734375
0.419828,0.128961,-2039.860474
0.418556,0.127933,-2039.318481
0.420484,0.130913,-2038.533447
0.420484,0.130913,-2039.257812
0.420484,0.130913,-2038.532104
0.419749,0.130518,-2038.38208
0.429034,0.132561,-2037.694824
0.430163,0.128587,-2037.443726
0.428561,0.126079,-2037.739014
0.43055,0.127401,-2037.761475
0.429453,0.120287,-2036.940308
0.426886,0.115988,-2036.83313
0.428141,0.11605,-2038.510986
0.428141,0.11605,-2038.118652
0.426522,0.114712,-2039.637207
0.424774,0.114903,-2037.862183
0.424774,0.114903,-2038.33606
0.42475,0.109023,-2038.84375
0.425085,0.107601,-2039.201782
0.421254,0.115676,-2039.69873
0.421712,0.117515,-2038.415161
0.421712,0.117515,-2039.403076
0.41902,0.114014,-2039.039185
0.417641,0.116716,-2039.457397
0.417641,0.116716,-2039.244873
0.415143,0.115981,-2040.493896
0.418189,0.12518,-2039.782837
0.418992,0.133164,-2038.751953
0.425109,0.129593,-2038.153809
0.423984,0.122527,-2038.351318
0.423984,0.122527,-2038.211426
0.422969,0.122132,-2037.55127
0.424987,0.124494,-2037.387451
0.430168,0.12257,-2038.132568
0.427116,0.116834,-2038.699829
0.424687,0.113282,-2038.571045
0.425203,0.114846,-2038.704346
0.427713,0.119809,-2037.370239
0.427146,0.117659,-2037.474854
0.431413,0.123495,-2038.093994
0.431413,0.123495,-2036.568848
0.42892,0.124345,-2037.665894
0.430014,0.125438,-2037.326538
0.432576,0.128323,-2038.004639
0.432576,0.128323,-2035.991211
0.434304,0.128537,-2037.884277
0.434787,0.13128,-2036.522217
0.439797,0.124844,-2037.270264
0.440942,0.126931,-2037.046143
0.441582,0.122662,-2037.729492
0.441582,0.122662,-2036.609497
0.438495,0.122131,-2036.53186
0.438404,0.121588,-2037.387939
0.438584,0.124635,-2036.804443
0.437593,0.123128,-2037.622314
0.437021,0.116673,-2037.016846
0.437021,0.116673,-2037.484863
0.436258,0.119131,-2037.649414
0.435351,0.121082,-2037.562988
0.432606,0.124245,-2037.764771
0.430192,0.119247,-2038.148682
0.430206,0.117382,-2037.014404
0.426519,0.119703,-2038.18335
0.426736,0.122827,-2037.866455
0.426736,0.122827,-2037.138916
0.426736,0.122827,-2037.408447
0.428053,0.121009,-2038.107788
0.428053,0.121009,-2037.406738
0.428053,0.121009,-2037.578857
0.425731,0.12009,-2037.817383
0.425467,0.117057,-2038.775513
0.425942,0.11757,-2037.796875
0.426613,0.116638,-2037.934082
0.424541,0.119263,-2039.158203
0.426248,0.118144,-2038.318481
0.42834,0.120829,-2038.532715
0.427685,0.122705,-2037.764648
0.43504,0.123199,-2037.011108
0.43504,0.123199,-2036.171631
0.435126,0.114878,-2037.573242
0.43233,0.116729,-2037.066406
0.43411,0.119889,-2036.864502
0.431079,0.119523,-2038.284058
0.433121,0.114527,-2038.033569
0.432546,0.122456,-2036.501221
0.432546,0.122456,-2038.296631
0.43036,0.123712,-2037.304443
0.427685,0.1166,-2038.348267
0.428629,0.115354,-2038.296753
0.428094,0.115505,-2037.762939
0.429424,0.115209,-2038.599854
0.429424,0.115209,-2036.997803
0.428123,0.116093,-2038.161743
0.428218,0.120327,-2037.545898
0.432994,0.117149,-2037.673706
0.432663,0.122047,-2036.848633
0.441316,0.118074,-2037.031738
0.440416,0.121533,-2037.69165
0.436847,0.119741,-2037.45874
0.43794,0.121746,-2037.280029
0.43794,0.121746,-2037.173828
0.43794,0.121746,-2036.837158
0.437189,0.117156,-2038.092773
0.440775,0.120062,-2037.112671
0.437809,0.11664,-2036.255981
0.437809,0.11664,-2036.705078
0.438914,0.122532,-2037.135254
0.435392,0.122531,-2036.84314
0.43377,0.122101,-2038.286865
0.434611,0.116937,-2037.794312
0.432255,0.117718,-2038.411133
0.432255,0.117718,-2037.857666
0.432255,0.117718,-2037.219116
0.432869,0.118249,-2036.526245
0.427724,0.114889,-2039.202393
0.430206,0.119497,-2037.238403
0.427314,0.120647,-2038.080811
0.422721,0.1218,-2037.820435
0.422721,0.1218,-2038.037964
0.422721,0.1218,-2038.122437
0.422174,0.119175,-2038.176147
0.427287,0.122038,-2036.966797
0.426726,0.125223,-2037.466431
0.426726,0.125223,-2037.297119
0.430531,0.122258,-2037.331787
0.430531,0.122258,-2037.037231
0.430125,0.119467,-2035.458496
0.431366,0.126846,-2037.048218
0.426952,0.128339,-2038.334473
0.430008,0.134025,-2038.270264
0.438998,0.140543,-2037.914307
0.438617,0.137799,-2037.366211
0.436095,0.138511,-2038.17981
0.438496,0.135105,-2037.245361
0.438496,0.135105,-2037.731689
0.437969,0.132942,-2037.568481
0.440301,0.124322,-2036.188965
0.443005,0.12354,-2036.9823
0.442423,0.118419,-2037.883301
0.446514,0.12104,-2036.480591
0.446514,0.12104,-2037.334473
0.446514,0.12104,-2037.414917
0.447687,0.124301,-2037.981323
0.445895,0.12221,-2036.778931
0.442329,0.126449,-2037.002441
0.442329,0.126449,-2036.289551
0.443448,0.129949,-2036.957764
0.442851,0.127606,-2037.546387
0.444307,0.121149,-2037.386963
0.444307,0.121149,-2036.738647
0.442915,0.120768,-2037.035156
0.442607,0.11846,-2037.644775
0.442325,0.126277,-2036.64917
0.442325,0.126277,-2036.965088
0.440727,0.133702,-2037.149902
0.440727,0.133702,-2037.478027
0.440727,0.133702,-2038.018921
0.440727,0.133702,-2037.310791
0.439184,0.136992,-2038.239014
0.437875,0.136608,-2037.566406
0.44017,0.136881,-2038.216797
0.437678,0.1409,-2038.203247
0.432614,0.140054,-2038.819824
0.432614,0.140054,-2038.148438
0.432837,0.140873,-2038.586182
0.432837,0.140873,-2037.687134
0.431799,0.143251,-2038.641602
0.430589,0.142699,-2038.331665
0.432583,0.140183,-2038.502075
0.432476,0.131641,-2037.986206
0.435036,0.128635,-2037.626953
0.438169,0.119262,-2037.155518
0.438221,0.12804,-2037.435303
0.440413,0.132331,-2037.346436
0.440413,0.132331,-2036.940796
0.443399,0.132132,-2036.354004
0.439189,0.122539,-2036.894653
0.439189,0.122539,-2037.44043
0.440952,0.121849,-2036.412842
0.441872,0.125783,-2036.716309
0.441548,0.126503,-2037.518921
0.441548,0.126503,-2037.486328
0.442389,0.122938,-2037.773193
0.441902,0.124652,-2037.794922
0.441902,0.124652,-2036.72644
0.441919,0.128107,-2037.592651
0.438237,0.129533,-2037.450439
0.438732,0.135312,-2036.886475
0.440624,0.127992,-2038.160767
0.436366,0.127951,-2037.091309
0.435992,0.126635,-2036.923218
0.435992,0.126635,-2036.581543
0.435904,0.12287,-2037.789551
0.436288,0.127561,-2036.544189
0.441442,0.128519,-2037.191895
0.442598,0.127296,-2036.728394
0.443954,0.126951,-2038.305908
0.443373,0.130041,-2036.447021
0.442541,0.129905,-2037.277344
0.442541,0.129905,-2037.368286
0.441606,0.131307,-2036.713623
0.438819,0.132358,-2036.790039
0.438819,0.132358,-2037.342529
0.438819,0.132358,-2037.486084
0.441223,0.126384,-2036.957275
0.444428,0.123821,-2037.208252
0.444428,0.123821,-2036.861084
0.444428,0.123821,-2037.405884
0.446603,0.12502,-2037.723145
0.442873,0.129061,-2037.335205
0.442873,0.129061,-2037.88623
0.440983,0.125465,-2036.958984
0.440983,0.125465,-2036.76355
0.440983,0.125465,-2036.068848
0.440925,0.124817,-2037.439087
0.438157,0.122809,-2037.909912
0.440825,0.124269,-2037.542603
0.441583,0.124155,-2037.22876
0.441583,0.124155,-2036.147461
0.445039,0.125012,-2036.711182
0.445039,0.125012,-2036.808105
0.444447,0.122541,-2036.720337
0.444447,0.122541,-2037.292847
0.449266,0.12566,-2038.319702
0.449266,0.12566,-2037.094727
0.448233,0.120793,-2037.741943
0.452788,0.118958,-2037.4729
0.453687,0.118109,-2038.196411
0.453687,0.118109,-2038.447388
0.44758,0.124062,-2037.26709
0.44758,0.124062,-2036.78186
0.44758,0.124062,-2036.490967
0.449145,0.123144,-2039.661377
0.447465,0.121123,-2037.602783
0.447123,0.11786,-2037.52832
0.447838,0.113859,-2038.747314
0.446955,0.115386,-2037.309814
0.452479,0.110805,-2038.494385
0.452042,0.109564,-2038.742432
0.454132,0.115033,-2038.345215
0.454132,0.115033,-2038.270508
0.454132,0.115033,-2038.779785
0.455714,0.117867,-2038.394897
0.45852,0.11677,-2038.122925
0.458223,0.1208,-2038.881348
0.453438,0.1187,-2039.21875
0.453039,0.120566,-2038.884277
0.453039,0.120566,-2038.372925
0.450536,0.125522,-2037.908936
0.447659,0.128622,-2037.080566
0.44643,0.121838,-2038.592773
0.451898,0.120027,-2037.306396
0.45097,0.125406,-2037.25415
0.455343,0.117319,-2038.822266
0.455682,0.111147,-2039.220215
0.46365,0.108733,-2040.465088
0.46365,0.108733,-2039.28833
0.46365,0.108733,-2040.477295
0.462803,0.112337,-2039.866089
0.46281,0.110126,-2039.806763
0.46281,0.110126,-2039.656372
0.461868,0.113824,-2039.766846
0.461868,0.113824,-2039.510132
0.461868,0.113824,-2039.793579
0.459947,0.113761,-2038.303223
0.459947,0.113761,-2038.246948
0.459196,0.117206,-2037.684814
0.457812,0.113853,-2039.097168
0.455235,0.120478,-2039.106934
0.449174,0.13201,-2037.547241
0.45077,0.13633,-2038.624146
0.451605,0.135767,-2038.365723
0.452809,0.135136,-2038.47583
0.447137,0.130357,-2037.203613
0.442727,0.131809,-2036.800537
0.441606,0.127232,-2037.074097
0.443089,0.129997,-2037.463379
0.443568,0.12238,-2036.39502
0.443568,0.12238,-2037.411377
0.443845,0.121953,-2037.011841
0.443845,0.121953,-2037.440552
0.445488,0.121965,-2037.991577
0.444805,0.120455,-2036.946899
0.444805,0.120455,-2037.362793
0.44807,0.127641,-2038.557251
0.453293,0.128803,-2038.662109
0.453293,0.128803,-2038.102051
0.454917,0.131627,-2038.057373
0.457027,0.130157,-2039.008789
0.457027,0.130157,-2037.615356
0.457328,0.127348,-2038.432983
0.461328,0.129803,-2038.767212
0.458914,0.123022,-2038.751221
0.466045,0.128534,-2039.270142
0.470181,0.124066,-2040.144043
0.467545,0.120747,-2040.55127
0.463863,0.120084,-2038.635254
0.463863,0.120084,-2039.144531
0.459534,0.121382,-2038.928589
0.463472,0.118396,-2039.603271
0.458465,0.113018,-2038.790161
0.460101,0.107917,-2040.447144
0.455789,0.111566,-2039.179932
0.455406,0.11446,-2039.955811
0.456557,0.114173,-2039.505371
0.456557,0.114173,-2039.122559
0.455184,0.111824,-2039.07251
0.459895,0.114061,-2038.805054
0.46083,0.113,-2038.834473
0.458542,0.112458,-2039.434692
0.456523,0.114441,-2039.105225
0.456523,0.114441,-2038.083496
0.45969,0.116824,-2039.006348
0.45969,0.116824,-2038.69043
0.45969,0.116824,-2038.664307
0.457329,0.116428,-2038.809082
0.445682,0.115217,-2037.711914
0.445682,0.115217,-2036.703247
0.441427,0.117378,-2038.013672
0.43725,0.123556,-2037.839722
0.43725,0.123556,-2037.036255
0.43725,0.123556,-2037.126221
0.436016,0.125412,-2037.714844
0.436016,0.125412,-2036.925903
0.4378,0.126025,-2036.726196
0.438624,0.128358,-2036.529663
0.437947,0.124281,-2036.854858
0.437947,0.124281,-2037.374512
0.436379,0.12429,-2036.780396
0.435564,0.1192,-2036.319946
0.434025,0.114951,-2037.849609
0.438472,0.119279,-2037.505981
0.442969,0.111561,-2038.380981
0.439151,0.112864,-2038.331787
0.43605,0.116001,-2038.336182
0.43605,0.116001,-2037.478516
0.43605,0.116001,-2036.93042
0.434438,0.123618,-2037.677612
0.433946,0.125549,-2037.170166
0.428711,0.125375,-2037.578613
0.426463,0.121479,-2037.722778
0.426463,0.121479,-2037.61145
0.425679,0.124865,-2038.40918
0.427402,0.121732,-2037.621216
0.427402,0.121732,-2037.693481
0.427402,0.121732,-2037.926758
0.435343,0.126782,-2036.884399
0.438673,0.125729,-2036.174561
0.439238,0.130663,-2037.613525
0.439238,0.130663,-2037.167847
0.440573,0.134906,-2036.838867
0.443996,0.132301,-2038.687866
0.447275,0.127321,-2036.765625
0.448217,0.129661,-2037.583374
0.448217,0.129661,-2036.869385
0.451476,0.131214,-2037.824951
0.449876,0.131124,-2038.021362
0.451066,0.134,-2038.148071
0.445127,0.129396,-2037.449463
0.438041,0.136902,-2037.595215
0.438821,0.13748,-2039.029175
0.438821,0.13748,-2037.984253
0.437761,0.129764,-2037.516724
0.433473,0.125711,-2036.639771
0.433473,0.125711,-2037.54834
0.43178,0.127549,-2038.121826
0.430383,0.129269,-2037.074585
0.435249,0.138692,-2038.718872
0.434889,0.139439,-2038.203613
0.43598,0.140472,-2038.428467
0.438521,0.143688,-2039.33252
0.438521,0.143688,-2037.595947
0.438768,0.145071,-2037.416992
0.4352,0.149092,-2038.37146
0.437241,0.142385,-2038.937744
0.442093,0.13926,-2038.630859
0.442093,0.13926,-2037.456543
0.441068,0.143674,-2038.45813
0.439022,0.138494,-2038.383301
0.441903,0.133132,-2037.55957
0.439067,0.135558,-2037.424683
0.440258,0.136281,-2037.374756
0.441578,0.137108,-2038.34668
0.441578,0.137108,-2037.385254
0.437297,0.132524,-2037.951172
0.434691,0.131524,-2037.844482
0.434435,0.130977,-2037.308105
0.441521,0.132495,-2037.249634
0.441521,0.132495,-2036.994385
0.43673,0.128394,-2037.640381
0.43563,0.128248,-2037.061035
0.440016,0.12973,-2038.655029
0.443551,0.13576,-2037.494141
0.443374,0.13305,-2037.946899
0.443374,0.13305,-2037.26416
0.447261,0.129112,-2037.709473
0.449277,0.1366,-2038.749268
0.447577,0.133893,-2037.788574
0.449696,0.135127,-2038.727905
0.447701,0.133585,-2038.662964
0.446332,0.128947,-2037.967163
0.442849,0.126837,-2037.283081
0.443678,0.128862,-2036.934448
0.445004,0.129054,-2038.202881
0.444703,0.130293,-2037.237305
0.444703,0.130293,-2036.833862
0.444432,0.132111,-2038.330322
0.444432,0.132111,-2037.727905
0.441315,0.131494,-2037.039185
0.443357,0.134799,-2037.873657
0.444549,0.137926,-2037.837769
0.444549,0.137926,-2038.968262
0.446673,0.141812,-2038.683472
0.446332,0.136595,-2038.753662
0.451599,0.141531,-2038.02124
0.454577,0.136362,-2039.038574
0.455001,0.133309,-2039.037231
0.456542,0.133989,-2038.673584
0.455877,0.133617,-2037.489136
0.455877,0.133617,-2039.008789
0.460584,0.129101,-2038.650024
0.460584,0.129101,-2038.99585
0.461617,0.133669,-2039.461792
0.459228,0.133146,-2038.165283
0.463919,0.132585,-2039.443359
0.465664,0.134454,-2039.447266
0.465664,0.134454,-2039.689697
0.46676,0.13217,-2040.22998
0.464659,0.133483,-2039.938232
0.464659,0.133483,-2040.364502
0.46222,0.129184,-2039.595337
0.457883,0.119217,-2038.908936
0.457883,0.119217,-2039.206543
0.461225,0.117141,-2040.663574
0.463645,0.116898,-2038.529297
0.463645,0.116898,-2040.182495
0.46383,0.122544,-2038.640259
0.462603,0.126389,-2038.640503
0.462603,0.126389,-2038.174316
0.461862,0.121544,-2039.609131
0.461837,0.126275,-2039.360718
0.462337,0.120132,-2039.290405
0.463707,0.123529,-2038.615479
0.463707,0.123529,-2038.845947
0.463707,0.123529,-2039.626465
0.463707,0.123529,-2039.395264
0.463707,0.123529,-2039.55603
0.463707,0.123529,-2037.437866
0.458574,0.127253,-2038.670654
0.45698,0.128945,-2038.61499
0.462581,0.136059,-2038.820557
0.467032,0.132891,-2041.317871
0.468106,0.126917,-2040.294434
0.465169,0.120928,-2039.206421
0.466723,0.125862,-2039.854248
0.465809,0.127667,-2039.433838
0.465809,0.127667,-2038.949707
0.463493,0.126107,-2039.037842
0.463293,0.124327,-2039.615845
0.457165,0.127492,-2037.633545
0.458525,0.12245,-2038.142822
0.458525,0.12245,-2038.248657
0.461082,0.121393,-2038.915405
0.461082,0.121393,-2037.896118
0.462493,0.12233,-2038.481567
0.464081,0.118806,-2039.373779
0.465628,0.117993,-2038.93689
0.461835,0.115301,-2038.856201
0.465293,0.108453,-2040.278198
0.464991,0.109756,-2040.498047
0.464991,0.109756,-2039.641602
0.464991,0.109756,-2040.025024
0.469291,0.106748,-2041.88916
0.472508,0.103396,-2043.613037
0.469465,0.101365,-2042.497925
0.467489,0.110031,-2041.215332
0.464177,0.112582,-2040.210693
0.467872,0.11254,-2041.977905
0.467872,0.11254,-2039.792236
0.467872,0.11254,-2040.03125
0.467872,0.11254,-2040.525635
0.468494,0.11322,-2040.06958
0.468494,0.11322,-2041.338013
0.469998,0.120601,-2039.981812
0.471683,0.120268,-2041.651855
0.469645,0.130512,-2040.508789
0.469444,0.127795,-2039.601074
0.471927,0.121829,-2040.637085
0.472885,0.126022,-2041.396851
0.47555,0.122923,-2041.43457
0.476086,0.122756,-2041.502563
0.475105,0.124783,-2040.293701
0.471578,0.127041,-2041.133301
0.466178,0.125588,-2038.574707
0.46346,0.123156,-2039.229492
0.467973,0.123509,-2040.334473
0.466088,0.121845,-2038.783447
0.466088,0.121845,-2039.587769
0.4623,0.122856,-2039.625488
0.463812,0.122592,-2040.027588
0.461037,0.119083,-2038.422119
0.4643,0.12356,-2040.316895
0.467111,0.119165,-2039.781494
0.467111,0.119165,-2040.147217
0.467111,0.119165,-2039.203369
0.468496,0.119313,-2040.229858
0.469733,0.116309,-2040.612671
0.469207,0.117936,-2040.739868
0.469207,0.117936,-2039.871094
0.471774,0.122615,-2040.916748
0.473418,0.119091,-2040.996338
0.473418,0.119091,-2040.294312
0.473418,0.119091,-2039.877808
0.471623,0.121925,-2039.726807
0.473231,0.118474,-2041.83667
0.48007,0.122931,-2042.274902
0.48007,0.122931,-2041.848267
0.474709,0.116601,-2041.273682
0.474709,0.116601,-2041.019653
0.471895,0.121082,-2040.123413
0.471895,0.121082,-2041.026855
0.47256,0.122607,-2041.539429
0.476923,0.126247,-2041.563965
0.47416,0.128205,-2041.112061
0.471642,0.128112,-2039.763428
0.467171,0.124442,-2040.031738
0.465542,0.122884,-2039.938232
0.465542,0.122884,-2039.422852
0.467058,0.125483,-2039.464478
0.467906,0.129538,-2041.279541
0.467236,0.133758,-2040.398682
0.467954,0.132392,-2040.047852
0.470635,0.128398,-2040.666138
0.472121,0.134063,-2041.464966
0.472121,0.134063,-2040.716064
0.473165,0.135791,-2041.362305
0.472701,0.129701,-2041.668335
0.472701,0.129701,-2041.419189
0.476922,0.12637,-2041.498047
0.476922,0.12637,-2042.06665
0.472854,0.129629,-2040.885254
0.476184,0.12968,-2041.755859
0.476184,0.12968,-2041.119629
0.473531,0.129211,-2040.118286
0.473657,0.13723,-2041.401611
0.476052,0.136255,-2041.437988
0.474899,0.136308,-2041.448486
0.472171,0.139522,-2041.210205
0.472171,0.139522,-2041.277832
0.467366,0.140171,-2041.056274
0.467366,0.140171,-2040.946289
0.46954,0.137805,-2041.343384
0.468421,0.135963,-2040.986572
0.464465,0.133051,-2040.065796
0.464465,0.133051,-2040.324585
0.464263,0.129394,-2039.520264
0.464263,0.129394,-2039.504272
0.46227,0.125456,-2039.206299
0.457802,0.128579,-2038.295532
0.452401,0.128226,-2038.411621
0.450567,0.124941,-2037.773193
0.450567,0.124941,-2037.457031
0.450028,0.127878,-2037.870483
0.450028,0.127878,-2037.643799
0.450028,0.127878,-2038.175537
0.450028,0.127878,-2037.641479
0.445106,0.127191,-2037.499023
0.440018,0.124249,-2037.291138
0.440018,0.124249,-2036.688354
0.440018,0.124249,-2036.732422
0.438397,0.117816,-2036.790039
0.437682,0.118332,-2038.149414
0.439939,0.115208,-2037.403931
0.439939,0.115208,-2037.881348
0.440508,0.114323,-2037.870361
0.445997,0.117493,-2037.354858
0.44493,0.114393,-2037.504395
0.446419,0.119589,-2037.644653
0.445379,0.121395,-2036.970337
0.441661,0.125617,-2037.780029
0.441661,0.125617,-2036.473145
0.441661,0.125617,-2037.598633
0.441053,0.124398,-2037.109497
0.441053,0.124398,-2036.893311
0.442141,0.124373,-2037.341553
0.442934,0.120888,-2038.10498
0.448632,0.122003,-2037.403809
0.445154,0.118846,-2036.88623
0.444198,0.113474,-2038.512939
0.441715,0.113651,-2037.264038
0.441941,0.127068,-2037.146484
0.441941,0.127068,-2037.361328
0.441704,0.136631,-2038.023071
0.442918,0.133996,-2037.551758
0.441613,0.120765,-2036.540039
0.4384,0.117381,-2037.861206
0.43638,0.123415,-2037.293335
0.434736,0.119572,-2037.426514
0.438856,0.123863,-2038.628784
0.436583,0.123312,-2037.833252
0.43562,0.123559,-2037.424194
0.435466,0.114635,-2037.499268
0.435466,0.114635,-2037.075928
0.435254,0.114279,-2037.257935
0.435254,0.114279,-2037.968506
0.434331,0.108726,-2038.197021
0.429124,0.110403,-2039.588013
0.423339,0.115115,-2038.444214
0.420636,0.112658,-2040.124146
0.422101,0.119672,-2038.967773
0.424507,0.11608,-2038.255005
0.429893,0.118532,-2038.486328
0.431597,0.114101,-2037.415649
0.431597,0.114101,-2037.380981
0.431785,0.122072,-2037.628418
0.431812,0.12323,-2037.178833
0.431812,0.12323,-2037.473877
0.431812,0.12323,-2036.841675
0.431812,0.12323,-2036.850586
0.43473,0.120762,-2036.883423
0.443884,0.117509,-2037.119629
0.443855,0.117055,-2038.45752
0.437739,0.118889,-2037.717896
0.439785,0.112062,-2037.463623
0.44219,0.106711,-2039.302368
0.440254,0.109881,-2038.535034
0.438638,0.109663,-2038.498779
0.438638,0.109663,-2038.320557
0.442001,0.108782,-2038.261963
0.441163,0.108599,-2037.846069
0.43895,0.108151,-2038.059814
0.439319,0.111273,-2038.585449
0.434568,0.120457,-2037.552734
0.43768,0.12188,-2037.485596
0.434332,0.118726,-2037.979004
0.434332,0.118726,-2036.513428
0.431228,0.121992,-2038.011475
0.428719,0.114289,-2037.320312
0.428719,0.114289,-2038.810791
0.430733,0.113668,-2038.071411
0.43603,0.115278,-2037.407104
0.432935,0.118322,-2037.896729
0.431518,0.120191,-2037.694946
0.427728,0.128389,-2038.289062
0.427728,0.128389,-2038.091187
0.43022,0.118273,-2038.532227
0.429853,0.121297,-2037.779541
0.429385,0.125769,-2036.912842
0.433268,0.123277,-2038.150879
0.433268,0.123277,-2036.94873
0.436033,0.120761,-2037.029297
0.436033,0.120761,-2037.193115
0.436854,0.11973,-2037.421387
0.436029,0.120286,-2036.462769
0.437597,0.125959,-2037.923462
0.437597,0.125959,-2036.756104
0.434015,0.118642,-2038.349121
0.435359,0.120282,-2037.222656
0.432338,0.124008,-2037.625122
0.432338,0.124008,-2037.077148
0.432338,0.124008,-2037.550293
0.435704,0.128011,-2036.746338
0.437324,0.128752,-2037.193848
0.440559,0.121334,-2036.834961
0.442488,0.126275,-2036.515991
0.440801,0.125285,-2036.319824
0.436964,0.121782,-2037.783203
0.441083,0.119752,-2037.423584
0.440087,0.117515,-2036.69873
0.44052,0.11711,-2036.991455
0.446184,0.120559,-2038.315186
0.442997,0.121225,-2037.693726
0.442997,0.121225,-2037.116211
0.442999,0.122736,-2037.191162
0.442999,0.122736,-2036.641357
0.445465,0.119411,-2038.421021
0.438718,0.115371,-2037.617554
0.438912,0.112675,-2037.401855
0.438912,0.112675,-2038.356079
0.440867,0.117684,-2037.075928
0.441528,0.118946,-2037.279907
0.444704,0.123067,-2037.135742
0.440877,0.125681,-2038.422241
0.440435,0.123798,-2037.445435
0.443207,0.12318,-2036.509277
0.4417,0.123483,-2038.5271
0.43726,0.125715,-2037.361572
0.435662,0.122276,-2038.005859
0.434388,0.120567,-2038.064453
0.428642,0.123187,-2037.901001
0.428468,0.121029,-2037.659302
0.431306,0.121612,-2037.662842
0.428566,0.118882,-2038.127808
0.431495,0.114161,-2038.731079
0.432267,0.116479,-2038.800049
0.44261,0.111704,-2037.495239
0.441056,0.112834,-2037.519775
0.434348,0.119724,-2036.953613
0.434348,0.119724,-2036.971313
0.432831,0.124788,-2037.567749
0.432188,0.125559,-2037.163818
0.432377,0.125355,-2038.190918
0.432377,0.125355,-2037.014404
0.432377,0.125355,-2036.062622
0.432377,0.125355,-2037.362183
0.438252,0.128987,-2037.950195
0.436172,0.129181,-2036.648926
0.436172,0.129181,-2036.026367
0.429403,0.125398,-2037.276611
0.429057,0.127805,-2038.703247
0.425962,0.127381,-2038.208008
0.425962,0.127381,-2036.562378
0.425962,0.127381,-2038.116699
0.425962,0.127381,-2038.176636
0.422091,0.126732,-2038.980469
0.422091,0.126732,-2037.675781
0.422091,0.126732,-2037.592407
0.426714,0.126777,-2037.347534
0.423389,0.135488,-2039.054443
0.41958,0.129767,-2038.848877
0.4175,0.134587,-2040.196411
0.419543,0.131896,-2038.974487
0.416611,0.128608,-2040.617676
0.416611,0.128608,-2039.073853
0.41862,0.130988,-2039.452759
0.417177,0.12904,-2038.883057
0.417746,0.124004,-2038.477051
0.413075,0.125069,-2040.703247
0.416643,0.125079,-2040.326904
0.413695,0.130912,-2040.583496
0.416988,0.126568,-2039.908447
0.410181,0.122304,-2041.233032
0.410181,0.122304,-2041.832642
0.410181,0.122304,-2042.286377
0.407968,0.114798,-2042.253418
0.407968,0.114798,-2042.874756
0.405025,0.11275,-2044.523193
0.405025,0.11275,-2043.970337
0.40539,0.125782,-2043.779175
0.407495,0.124514,-2042.793091
0.407707,0.117907,-2042.848145
0.405131,0.119706,-2044.040527
0.405131,0.119706,-2044.13147
0.405131,0.119706,-2043.602051
0.408444,0.118185,-2041.910645
0.411033,0.112454,-2041.87915
0.411033,0.112454,-2042.417603
0.416904,0.106986,-2041.189941
0.418069,0.108791,-2039.809326
0.418069,0.108791,-2040.645752
0.418823,0.110772,-2040.190918
0.423175,0.118052,-2038.500732
0.422393,0.125669,-2038.380127
0.425122,0.123323,-2039.100098
0.426705,0.129962,-2038.684814
0.426705,0.129962,-2037.998535
0.426705,0.129962,-2038.772949
0.43009,0.128129,-2037.998047
0.43303,0.121841,-2037.281982
0.434948,0.118608,-2036.920532
0.434948,0.118608,-2037.367065
0.434948,0.118608,-2037.190918
0.435409,0.116708,-2037.341553
0.438404,0.11075,-2037.575439
0.436871,0.109613,-2037.887451
0.438262,0.112491,-2037.667236
0.434031,0.11049,-2038.553101
0.434273,0.109067,-2038.446411
0.434273,0.109067,-2038.984497
0.436582,0.104302,-2039.127563
0.436582,0.104302,-2039.087524
0.436582,0.104302,-2038.700562
0.435483,0.098598,-2041.056763
0.438104,0.099674,-2041.046265
0.443625,0.101004,-2040.366699
0.444081,0.106467,-2039.183838
0.444081,0.106467,-2037.790527
0.448382,0.112079,-2038.098267
0.448382,0.112079,-2038.13501
0.448382,0.112079,-2038.091553
0.448382,0.112079,-2038.142578
0.446127,0.11743,-2037.845825
0.446127,0.11743,-2037.2052
0.442952,0.126354,-2037.582764
0.44316,0.128844,-2037.828613
0.444135,0.123267,-2037.830444
0.444168,0.123521,-2036.726074
0.450744,0.119086,-2037.908325
0.449334,0.121053,-2037.494141
0.447707,0.117477,-2037.975342
0.446872,0.117179,-2038.152466
0.446872,0.117179,-2038.591675
0.44818,0.117561,-2038.259277
0.449925,0.114744,-2038.732422
0.449925,0.114744,-2037.440796
0.452597,0.124227,-2037.006226
0.454917,0.122699,-2037.882812
0.454917,0.122699,-2037.907227
0.456953,0.125544,-2038.700195
0.457751,0.125488,-2039.229248
0.457751,0.125488,-2038.661621
0.455757,0.123724,-2038.143799
0.456399,0.119267,-2038.437744
0.458775,0.114951,-2038.540527
0.459382,0.114556,-2039.616455
0.456876,0.117613,-2038.535156
0.455832,0.115081,-2038.457153
0.459875,0.113687,-2038.776611
0.463436,0.114535,-2038.69751
0.457774,0.118542,-2038.582886
0.453444,0.121877,-2037.642334
0.453382,0.123527,-2037.842651
0.44845,0.125091,-2037.419556
0.448086,0.125361,-2038.125244
0.445472,0.120343,-2037.263184
0.445472,0.120343,-2036.675781
0.443515,0.119717,-2036.625122
0.443515,0.119717,-2037.468262
0.44129,0.120177,-2037.240967
0.440869,0.120585,-2036.775024
0.446763,0.125914,-2037.56604
0.448263,0.128647,-2038.427979
0.450875,0.126476,-2037.556396
0.447811,0.122181,-2038.562744
0.447811,0.122181,-2037.64624
0.445264,0.119173,-2036.827148
0.446182,0.110278,-2037.869385
0.445189,0.111275,-2036.986206
0.441306,0.113801,-2038.365356
0.43949,0.10799,-2038.286621
0.43949,0.10799,-2038.123901
0.43949,0.10799,-2037.880859
0.438117,0.112446,-2037.866455
0.443829,0.117751,-2037.902954
0.443829,0.117751,-2036.615601
0.440915,0.116009,-2037.328857
0.438724,0.115285,-2036.826904
0.437875,0.108669,-2037.351318
0.442109,0.106585,-2038.941406
0.441906,0.114278,-2037.657104
0.439985,0.113851,-2038.24646
0.445423,0.111358,-2037.491089
0.446738,0.11443,-2038.249268
0.4511,0.113381,-2037.693848
0.4511,0.113381,-2036.766357
0.450548,0.112305,-2038.653564
0.453928,0.114039,-2037.990967
0.447308,0.117413,-2037.813477
0.447308,0.117413,-2037.415527
0.447442,0.116652,-2037.683105
0.452828,0.118604,-2037.949951
0.451042,0.115097,-2038.242676
0.451418,0.119322,-2037.400269
0.450646,0.11599,-2038.003174
0.454053,0.113902,-2039.134521
0.454053,0.113902,-2037.944336
0.45477,0.11076,-2039.609619
0.45477,0.11076,-2038.572266
0.45477,0.11076,-2038.934448
0.45477,0.11076,-2037.933838
0.455696,0.109084,-2039.32959
0.450632,0.109917,-2038.681152
0.450268,0.112568,-2038.634277
0.447343,0.107565,-2039.264526
0.4478,0.115184,-2037.964233
0.4478,0.115184,-2038.732178
0.4478,0.115184,-2038.200439
0.448491,0.114585,-2037.299683
0.447428,0.106207,-2039.683838
0.447428,0.106207,-2039.314697
0.450895,0.10909,-2038.573242
0.445481,0.118546,-2038.434937
0.445481,0.118546,-2037.711426
0.443152,0.11235,-2037.716797
0.443152,0.11235,-2037.523193
0.438566,0.118394,-2038.328613
0.445565,0.116627,-2037.799805
0.443681,0.121627,-2037.931274
0.443681,0.121627,-2036.800049
0.443681,0.121627,-2036.749146
0.441445,0.123648,-2037.490356
0.439117,0.122084,-2037.399048
0.44041,0.117754,-2037.137939
0.436753,0.121637,-2037.811279
0.439414,0.118688,-2037.242188
0.439414,0.118688,-2036.449707
0.441248,0.115526,-2037.431885
0.441248,0.115526,-2037.478027
0.441248,0.115526,-2037.620728
0.44218,0.119585,-2036.804077
0.438429,0.115437,-2037.759033
0.438429,0.115437,-2037.807617
0.438429,0.115437,-2037.051392
0.439229,0.12336,-2037.039551
0.442452,0.118415,-2037.408447
0.439744,0.12097,-2036.798584
0.437405,0.118738,-2038.138428
0.437405,0.118738,-2037.022949
0.437645,0.110287,-2037.816162
0.442902,0.108064,-2038.502197
0.441415,0.106539,-2037.38208
0.437028,0.101485,-2039.251465
0.436991,0.102144,-2040.388916
0.436991,0.102144,-2039.779053
0.436995,0.100752,-2039.284546
0.436995,0.100752,-2039.872803
0.439293,0.106309,-2039.561401
0.438263,0.105273,-2039.195068
0.433978,0.100656,-2040.362061
0.433978,0.100656,-2038.68335
0.438277,0.101335,-2039.526611
0.440046,0.106453,-2039.293579
0.442024,0.108496,-2038.95752
0.439007,0.109762,-2038.670898
0.439158,0.108082,-2038.577148
0.436605,0.111214,-2037.310425
0.436605,0.111214,-2037.913574
0.436605,0.111214,-2037.890991
0.436605,0.111214,-2038.565918
0.436605,0.111214,-2037.703125
0.432823,0.11213,-2037.94104
0.432823,0.11213,-2037.719116
0.437262,0.115313,-2037.657349
0.43599,0.115929,-2037.150391
0.439016,0.119631,-2038.672729
0.439016,0.119631,-2036.573608
0.44723,0.118936,-2037.515381
0.44723,0.118936,-2037.145264
0.450279,0.117416,-2037.497559
0.450279,0.117416,-2037.092041
0.458267,0.119298,-2039.328857
0.461812,0.116945,-2039.763794
0.461812,0.116945,-2039.362427
0.460244,0.112144,-2039.241211
0.461132,0.113231,-2039.448975
0.461132,0.113231,-2038.641113
0.459775,0.113903,-2038.694458
0.463029,0.116243,-2039.765869
0.459273,0.111819,-2039.270996
0.459273,0.111819,-2038.232178
0.459273,0.111819,-2038.873413
0.459273,0.111819,-2039.218506
0.462998,0.11403,-2040.221191
0.462493,0.115813,-2039.394775
0.462493,0.115813,-2039.601318
0.463772,0.113423,-2038.630127
0.466014,0.118057,-2040.558228
0.466014,0.118057,-2039.588867
0.463776,0.121259,-2038.715332
0.460217,0.114125,-2040.034302
0.457518,0.113781,-2039.413452
0.458774,0.11531,-2039.779297
0.465884,0.116362,-2040.231934
0.462012,0.119545,-2038.463379
0.461631,0.116967,-2038.344971
0.461631,0.116967,-2039.948975
0.463111,0.115123,-2038.975098
0.463285,0.117408,-2039.204468
0.46651,0.117098,-2040.940674
0.4617,0.112638,-2040.371216
0.460263,0.114436,-2039.435547
0.459856,0.113845,-2039.182373
0.459856,0.113845,-2038.393555
0.461949,0.109851,-2039.334229
0.463727,0.110873,-2039.653076
0.464833,0.117543,-2039.816406
0.463897,0.124139,-2038.545166
0.465206,0.125669,-2039.351562
0.466443,0.123463,-2039.128906
0.466844,0.121935,-2039.839844
0.463927,0.119498,-2039.885986
0.458526,0.120696,-2039.568726
0.459864,0.124413,-2039.424683
0.460789,0.123967,-2038.681763
0.460789,0.123967,-2039.336914
0.460789,0.123967,-2038.717651
0.460789,0.123967,-2038.265015
0.462725,0.129717,-2039.803955
0.462725,0.129717,-2038.79541
0.464461,0.126574,-2039.797607
0.467934,0.13317,-2040.026489
0.468094,0.131421,-2040.255737
0.464146,0.130834,-2039.272583
0.460762,0.12649,-2038.162598
0.460936,0.123691,-2039.916382
0.458305,0.120441,-2039.216919
0.463013,0.124188,-2038.981323
0.462528,0.125479,-2039.374268
0.463104,0.124906,-2039.741455
0.463422,0.12472,-2038.782104
0.466175,0.126916,-2039.474609
0.472044,0.132596,-2041.249634
0.472044,0.132596,-2040.831543
0.473542,0.141306,-2041.357178
0.469675,0.137774,-2041.536133
0.469675,0.137774,-2041.45752
0.470363,0.135645,-2041.10022
0.469809,0.136713,-2040.04187
0.469809,0.136713,-2040.545776
0.468581,0.143883,-2041.474243
0.46996,0.141693,-2041.658325
0.471056,0.144123,-2041.811523
0.471056,0.144123,-2041.360352
0.469749,0.144097,-2042.107666
0.466887,0.145944,-2042.383057
0.466887,0.145944,-2041.958496
0.46719,0.147019,-2041.292969
0.46719,0.147019,-2042.139282
0.466071,0.145942,-2041.452881
0.461245,0.142731,-2040.1521
0.464849,0.140535,-2040.971436
0.464849,0.140535,-2040.929688
0.464849,0.140535,-2039.496948
0.465566,0.140496,-2041.265137
0.46631,0.135452,-2039.322021
0.460172,0.132822,-2040.00708
0.461872,0.131255,-2038.937866
0.461872,0.131255,-2039.175049
0.463938,0.129383,-2039.945923
0.4647,0.126928,-2039.261597
0.466668,0.124196,-2039.834961
0.46066,0.121576,-2039.338745
0.457399,0.123455,-2038.380615
0.45312,0.125064,-2039.088135
0.45312,0.125064,-2038.205322
0.457479,0.133953,-2038.897217
0.455245,0.12875,-2037.30542
0.455464,0.132219,-2038.54248
0.449564,0.131819,-2038.346924
0.449564,0.131819,-2038.037842
0.448917,0.135336,-2037.594971
0.448917,0.135336,-2037.501709
0.448917,0.135336,-2037.830566
0.448917,0.135336,-2036.989014
0.446196,0.128052,-2037.943726
0.444214,0.130942,-2037.622681
0.447297,0.127905,-2037.563477
0.443073,0.126065,-2037.641968
0.445744,0.131979,-2037.721924
0.445744,0.131979,-2038.255859
0.444948,0.133965,-2038.338623
0.444948,0.133965,-2037.352905
0.443426,0.126333,-2037.40686
0.438804,0.129035,-2036.428223
0.444867,0.128771,-2037.470215
0.444065,0.129163,-2037.503296
0.444382,0.129132,-2037.39917
0.448429,0.127119,-2037.562256
0.454744,0.1225,-2038.962646
0.450787,0.13132,-2038.110596
0.449881,0.128646,-2037.771484
0.447711,0.140172,-2037.512695
0.447711,0.140172,-2038.85376
0.447711,0.140172,-2037.655273
0.451463,0.140471,-2039.184326
0.45582,0.144899,-2039.66748
0.45582,0.144899,-2039.479614
0.45582,0.144899,-2039.592041
0.451945,0.143343,-2038.81897
0.451313,0.140836,-2039.311523
0.448759,0.138203,-2037.963379
0.448759,0.138203,-2037.47229
0.445134,0.135095,-2037.214233
0.441556,0.131333,-2037.48999
0.441517,0.127106,-2037.245239
0.439015,0.132841,-2038.105713
0.439015,0.132841,-2036.920288
0.433831,0.134636,-2037.050537
0.43284,0.133456,-2037.854126
0.43412,0.133409,-2037.474121
0.434045,0.127973,-2036.757202
0.434045,0.127973,-2036.362061
0.434045,0.127973,-2036.778564
0.435841,0.124541,-2036.149902
0.435699,0.125245,-2037.232178
0.434072,0.123067,-2038.041016
0.432459,0.125883,-2038.788696
0.432984,0.132928,-2037.131104
0.434954,0.130093,-2035.976807
0.435838,0.129053,-2037.411499
0.434198,0.126862,-2037.889648
0.434198,0.126862,-2036.770996
0.435736,0.128477,-2037.002197
0.436217,0.126059,-2037.209229
0.435283,0.137442,-2037.461426
0.437913,0.135087,-2037.745239
0.438125,0.137069,-2038.583252
0.444485,0.134664,-2037.702148
0.442833,0.133336,-2037.36792
0.442833,0.133336,-2037.884277
0.446089,0.128449,-2037.742798
0.449994,0.131678,-2037.457764
0.449849,0.130438,-2037.493286
0.450958,0.136023,-2038.059814
0.450958,0.136023,-2038.565186
0.451542,0.134166,-2038.22168
0.451542,0.134166,-2038.79834
0.451542,0.134166,-2037.687988
0.449958,0.135338,-2038.617554
0.449958,0.135338,-2036.914673
0.450283,0.136141,-2038.85022
0.449095,0.131258,-2037.522217
0.449095,0.131258,-2037.618896
0.4496,0.135894,-2038.533081
0.447288,0.136632,-2038.01355
0.447288,0.136632,-2037.694336
0.447288,0.136632,-2038.078735
0.444384,0.140496,-2037.680664
0.444384,0.140496,-2037.366699
0.442976,0.132794,-2037.403564
0.442999,0.131816,-2036.941528
0.442841,0.125485,-2036.710938
0.443234,0.128469,-2038.060547
0.439372,0.131215,-2037.463135
0.434821,0.128888,-2037.68811
0.434821,0.128888,-2036.237183
0.432758,0.125729,-2037.640381
0.435116,0.131164,-2038.278076
0.434867,0.126532,-2037.92981
0.432496,0.121453,-2036.7229
0.432466,0.120574,-2037.859131
0.432466,0.120574,-2036.375122
0.435006,0.120012,-2037.373291
0.435006,0.120012,-2037.171387
0.434451,0.123329,-2036.546631
0.434353,0.124141,-2036.990845
0.437163,0.124152,-2037.16687
0.438097,0.131309,-2037.241455
0.434919,0.13009,-2037.145508
0.433681,0.123677,-2037.59375
0.434314,0.122624,-2037.148193
0.429468,0.128893,-2036.996094
0.429344,0.132154,-2037.875244
0.427061,0.128026,-2037.598633
0.427061,0.128026,-2037.797119
0.426467,0.122465,-2037.483643
0.427536,0.118957,-2038.969849
0.431195,0.116676,-2037.269775
0.431195,0.116676,-2037.929199
0.431278,0.118533,-2037.816772
0.430156,0.116043,-2037.351196
0.433623,0.11196,-2037.666138
0.433623,0.11196,-2037.145874
0.433623,0.11196,-2038.174438
0.431034,0.104197,-2038.638306
0.431204,0.102073,-2040.180054
0.431204,0.102073,-2039.216919
0.427058,0.105932,-2039.403809
0.425577,0.102181,-2040.618408
0.426215,0.101204,-2040.610962
0.426215,0.101204,-2040.710327
0.426215,0.101204,-2039.427612
0.424852,0.100085,-2041.111572
0.433768,0.101933,-2040.484497
0.4385,0.114721,-2038.25769
0.4385,0.114721,-2037.10437
0.432208,0.119891,-2036.92334
0.437058,0.128087,-2037.093628
0.436443,0.126382,-2037.183594
0.442686,0.130197,-2037.420532
0.441746,0.127665,-2037.066528
0.440315,0.128409,-2036.109741
0.443838,0.129001,-2036.974121
0.444384,0.129226,-2037.739258
0.449675,0.133595,-2038.543091
0.449675,0.133595,-2038.245605
0.449546,0.136812,-2038.636108
0.452021,0.138684,-2038.560425
0.452021,0.138684,-2038.9823
0.450399,0.140837,-2038.337891
0.450399,0.140837,-2037.248169
0.44539,0.13169,-2036.682373
0.448588,0.130776,-2037.663452
0.444261,0.131649,-2036.579102
0.44698,0.132194,-2037.584229
0.445169,0.13521,-2039.044922
0.445169,0.13521,-2037.331787
0.444763,0.133674,-2037.795898
0.444763,0.133674,-2037.817017
0.439937,0.124406,-2036.889526
0.439441,0.122963,-2037.392822
0.438441,0.124092,-2036.971558
0.437963,0.124825,-2037.705322
0.43711,0.13103,-2037.111694
0.43483,0.133513,-2038.69751
0.433487,0.133072,-2036.748291
0.433487,0.133072,-2037.512207
0.435343,0.139412,-2038.045898
0.434274,0.138094,-2037.213501
0.433029,0.140398,-2038.621338
0.433029,0.140398,-2037.901489
0.437221,0.144673,-2038.439697
0.437221,0.144673,-2038.93457
0.437221,0.144673,-2038.157349
0.438776,0.14777,-2038.960815
0.435264,0.140594,-2037.438965
0.428512,0.136672,-2037.524292
0.434511,0.136511,-2038.269531
0.433563,0.133922,-2037.286865
0.433563,0.133922,-2037.809692
0.433563,0.133922,-2037.587402
0.434856,0.13599,-2037.010864
0.434856,0.13599,-2037.632812
0.43017,0.13341,-2037.549927
0.43017,0.13341,-2038.267578
0.43017,0.13341,-2038.079102
0.430937,0.127286,-2036.475586
0.430937,0.127286,-2037.951782
0.433061,0.128376,-2037.712891
0.433092,0.120801,-2037.458496
0.432176,0.120368,-2038.196045
0.42409,0.118019,-2038.130005
0.425112,0.119418,-2038.405762
0.425112,0.119418,-2038.180908
0.426456,0.126199,-2037.635132
0.429755,0.127271,-2036.676147
0.433289,0.13272,-2038.810059
0.433541,0.127481,-2036.657349
0.437907,0.136948,-2038.154541
0.438217,0.137767,-2038.252686
0.438491,0.142581,-2038.09082
0.437409,0.141049,-2038.925049
0.432513,0.140576,-2038.727905
0.433586,0.139384,-2038.373291
0.433586,0.139384,-2038.218994
0.431078,0.132484,-2038.33374
0.43262,0.131096,-2037.90918
0.435394,0.13217,-2038.546143
0.435394,0.13217,-2036.83313
0.435394,0.13217,-2037.476929
0.436841,0.129736,-2037.012207
0.437192,0.12816,-2038.784912
0.436507,0.121769,-2037.750854
0.43441,0.123668,-2038.066162
0.437333,0.123875,-2037.210205
0.437333,0.123875,-2037.271851
0.438782,0.121194,-2037.469482
0.440826,0.117711,-2037.177612
0.442621,0.11641,-2038.572144
0.440179,0.108865,-2037.995728
0.438123,0.113124,-2037.617676
0.441433,0.108796,-2038.607666
0.439366,0.108028,-2039.119629
0.439309,0.110439,-2038.286865
0.439309,0.110439,-2037.826294
0.438782,0.112163,-2037.433838
0.438782,0.112163,-2038.074219
0.439219,0.116948,-2036.78418
0.439219,0.116948,-2036.94519
0.435685,0.111899,-2037.268066
0.439441,0.113409,-2037.840088
0.437996,0.108494,-2038.841309
0.437716,0.104423,-2039.375854
0.438119,0.102332,-2039.419189
0.43778,0.106199,-2038.483643
0.441307,0.101636,-2038.973145
0.439744,0.106232,-2039.038574
0.437901,0.11046,-2037.831421
0.440224,0.11589,-2037.404663
0.443312,0.11486,-2038.086548
0.444193,0.113286,-2038.088623
0.444669,0.115724,-2037.429077
0.442647,0.115064,-2037.634766
0.442647,0.115064,-2038.10791
0.44206,0.112835,-2038.294678
0.441777,0.114096,-2037.897705
0.441777,0.114096,-2037.229248
0.442411,0.12236,-2036.472168
0.445882,0.121598,-2037.933594
0.445882,0.121598,-2037.269043
0.447733,0.122414,-2037.535034
0.447926,0.11892,-2038.087891
0.449013,0.115497,-2037.946655
0.449013,0.115497,-2037.560791
0.452287,0.118834,-2038.526245
0.452287,0.118834,-2037.554932
0.453435,0.117862,-2037.314575
0.456901,0.122598,-2038.043457
0.451693,0.118731,-2037.63501
0.454666,0.119928,-2038.262817
0.452506,0.111512,-2037.901245
0.448919,0.106807,-2039.023926
0.449365,0.109831,-2039.405396
0.449365,0.109831,-2037.964233
0.449365,0.109831,-2037.606934
0.448501,0.105353,-2038.793213
0.44726,0.110562,-2038.539551
0.445778,0.111753,-2038.699463
0.444239,0.109726,-2037.626343
0.449666,0.115388,-2038.641113
0.452095,0.120913,-2037.665039
0.453454,0.117901,-2038.169678
0.453454,0.117901,-2037.464233
0.449771,0.110588,-2038.440674
0.449771,0.110588,-2037.932007
0.44629,0.111857,-2038.278564
0.449967,0.109261,-2038.857178
0.445333,0.111733,-2035.966797
0.446961,0.111557,-2038.001709
0.444855,0.114052,-2037.558105
0.443208,0.110489,-2038.904541
0.446053,0.110016,-2038.585083
0.443898,0.107169,-2038.790161
0.438701,0.108836,-2039.08667
0.438701,0.108836,-2038.102661
0.439338,0.108591,-2038.426636
0.442342,0.118049,-2036.967773
0.44617,0.127092,-2037.740234
0.446012,0.128657,-2037.772949
0.444027,0.127915,-2036.092285
0.445799,0.123726,-2037.051636
0.448711,0.12222,-2037.484619
0.441488,0.121715,-2036.81543
0.441488,0.121715,-2036.905151
0.441649,0.119791,-2036.786743
0.441649,0.119791,-2036.803345
0.43491,0.119036,-2037.981567
0.432886,0.11697,-2038.046875
0.432886,0.11697,-2036.651489
0.432886,0.11697,-2036.631592
0.43462,0.119528,-2037.267822
0.431693,0.121798,-2037.464722
0.43609,0.122141,-2036.630615
0.437107,0.125265,-2037.208496
0.435275,0.121158,-2036.468384
0.433581,0.13164,-2037.867798
0.43472,0.137578,-2038.543701
0.441003,0.140467,-2038.650269
0.437352,0.138288,-2037.505981
0.441463,0.136941,-2036.415527
0.438871,0.145538,-2040.041626
0.438871,0.145538,-2038.67749
0.441238,0.141909,-2037.117554
0.441772,0.142559,-2038.273315
0.441772,0.142559,-2038.370972
0.43919,0.141188,-2039.509277
0.43919,0.141188,-2037.524658
0.44048,0.14425,-2038.026001
0.447146,0.146184,-2039.064819
0.447146,0.146184,-2038.700317
0.44851,0.144868,-2039.340698
0.44851,0.144868,-2038.825928
0.460564,0.137026,-2039.529907
0.461782,0.131728,-2039.757446
0.459563,0.139188,-2040.548096
0.453308,0.146707,-2039.325195
0.446968,0.152089,-2040.163696
0.441182,0.151592,-2039.839111
0.437129,0.157332,-2040.42334
0.440806,0.153507,-2040.33667
0.440806,0.153507,-2039.104736
0.440806,0.153507,-2039.804688
0.445849,0.152158,-2039.911865
0.445909,0.150061,-2039.20105
0.447268,0.149974,-2039.505859
0.439403,0.149833,-2039.523926
0.439386,0.154731,-2040.427979
0.441519,0.158656,-2042.143188
0.441476,0.162963,-2041.573975
0.444838,0.162384,-2041.912598
0.445468,0.163832,-2042.607422
0.443777,0.161922,-2041.015137
0.444841,0.162652,-2042.57312
0.444841,0.162652,-2041.15271
0.450825,0.161588,-2042.890625
0.45159,0.160509,-2041.259888
0.453041,0.158114,-2042.773682
0.455602,0.153642,-2042.059448
0.45141,0.149908,-2040.10791
0.451263,0.148969,-2040.329834
0.451263,0.148969,-2039.820068
0.445763,0.150159,-2040.3573
0.445763,0.150159,-2040.248779
0.446722,0.151018,-2039.276855
0.452081,0.150118,-2040.489502
0.448212,0.148427,-2040.418335
0.448212,0.148427,-2038.878662
0.444321,0.147373,-2040.016846
0.449208,0.147188,-2040.214355
0.448465,0.14888,-2040.15271
0.445298,0.148662,-2039.048828
0.44662,0.156153,-2040.453369
0.445917,0.160843,-2042.66626
0.448445,0.158654,-2040.431885
0.444831,0.15138,-2040.266602
0.443935,0.148049,-2039.6604
0.445466,0.148566,-2038.885498
0.445466,0.148566,-2039.295166
0.448382,0.15272,-2040.148193
0.451824,0.153128,-2040.583374
0.454483,0.151212,-2040.272217
0.45585,0.149379,-2040.09375
0.453114,0.148724,-2040.163086
0.453382,0.150243,-2040.909058
0.451002,0.148087,-2038.971313
0.453758,0.146297,-2039.049683
0.455329,0.146481,-2041.254395
0.456111,0.143604,-2040.262695
0.461907,0.138089,-2040.362549
0.461907,0.138089,-2038.861694
0.462421,0.137846,-2040.574585
0.462421,0.137846,-2039.740723
0.459845,0.133565,-2038.173096
0.458492,0.134944,-2039.952393
0.458492,0.134944,-2038.050781
0.460217,0.133419,-2039.4729
0.458422,0.12896,-2038.402954
0.455273,0.126449,-2038.216553
0.449592,0.13371,-2038.226807
0.449592,0.13371,-2037.692017
0.449592,0.13371,-2037.194458
0.447703,0.139114,-2039.005981
0.447703,0.139114,-2037.988037
0.449117,0.140579,-2039.450195
0.449117,0.140579,-2038.322021
0.449117,0.140579,-2038.345215
0.450911,0.140341,-2038.105713
0.445482,0.143658,-2038.075928
0.446388,0.144274,-2038.849976
0.452498,0.136231,-2039.721924
0.454318,0.137032,-2038.458984
0.456173,0.131169,-2038.36499
0.455967,0.130048,-2038.939941
0.455672,0.127678,-2038.668701
0.453853,0.120304,-2038.159912
0.453881,0.113714,-2038.994629
0.450543,0.112731,-2039.121826
0.450637,0.113773,-2037.859375
0.452223,0.116246,-2038.568359
0.457027,0.117138,-2039.412964
0.462688,0.111768,-2039.773926
0.463818,0.104821,-2039.547485
0.46353,0.107942,-2039.984375
0.467578,0.110579,-2040.574463
0.469985,0.111886,-2041.952637
0.46509,0.116378,-2041.343506
0.466635,0.117281,-2040.234741
0.466958,0.120396,-2040.392334
0.467043,0.119698,-2039.383423
0.468279,0.114319,-2040.540894
0.469386,0.113775,-2041.791138
0.474335,0.121439,-2041.796509
0.475955,0.121114,-2041.432495
0.475073,0.129974,-2040.830566
0.476821,0.131842,-2042.456299
0.478387,0.130982,-2041.777588
0.471274,0.137438,-2041.751587
0.471274,0.137438,-2041.414429
0.471274,0.137438,-2040.871826
0.470435,0.137542,-2040.623779
0.466695,0.131725,-2039.967041
0.465023,0.127498,-2040.219238
0.466366,0.125317,-2039.318115
0.461407,0.128265,-2037.689941
0.461407,0.128265,-2038.598267
0.462226,0.122995,-2039.857544
0.462226,0.122995,-2039.235962
0.463571,0.114595,-2039.373413
0.457127,0.117275,-2038.894531
0.453733,0.125232,-2038.203979
0.456139,0.119811,-2038.416016
0.45478,0.119743,-2037.772827
0.454898,0.126316,-2038.262817
0.454814,0.122984,-2038.265137
0.458818,0.113666,-2038.923096
0.462664,0.108384,-2039.744263
0.466515,0.107935,-2041.644043
0.466515,0.107935,-2040.529663
0.467865,0.109686,-2041.046143
0.46688,0.11369,-2040.432495
0.46753,0.114238,-2040.43457
0.469466,0.115201,-2040.197266
0.461296,0.114877,-2038.600952
0.46263,0.118311,-2038.749023
0.462333,0.114252,-2039.340088
0.459028,0.115628,-2038.484375
0.459465,0.114188,-2038.758789
0.454574,0.116072,-2039.163086
0.453,0.116457,-2037.955811
0.45324,0.113995,-2037.876221
0.45324,0.113995,-2037.270508
0.451154,0.116824,-2038.655762
0.4549,0.121118,-2038.336792
0.454238,0.123371,-2038.213135
0.45063,0.127884,-2037.074341
0.45063,0.127884,-2037.791016
0.450149,0.120416,-2037.430908
0.450863,0.121992,-2036.646362
0.450863,0.121992,-2037.389038
0.449564,0.119693,-2037.438965
0.447712,0.123992,-2037.46167
0.448473,0.123681,-2037.654297
0.448473,0.123681,-2038.813477
0.453674,0.127518,-2037.079834
0.453674,0.127518,-2037.286865
0.453674,0.127518,-2036.689941
0.453674,0.127518,-2038.186279
0.453674,0.127518,-2038.064941
0.449702,0.128916,-2037.685791
0.448176,0.124564,-2037.687988
0.446113,0.122661,-2037.453735
0.44417,0.12054,-2036.930176
0.44417,0.12054,-2036.619629
0.44417,0.12054,-2037.257568
0.447595,0.119204,-2037.603271
0.445136,0.121023,-2038.104858
0.447159,0.118595,-2037.294678
0.44255,0.122698,-2036.75293
0.442295,0.123325,-2036.745117
0.444923,0.124984,-2037.163086
0.447935,0.129121,-2037.030762
0.449751,0.12889,-2037.928223
0.449751,0.12889,-2037.547607
0.449751,0.12889,-2038.486572
0.449751,0.12889,-2037.947632
0.449627,0.128913,-2037.066895
0.449992,0.133512,-2037.790283
0.448907,0.131912,-2037.653076
0.445195,0.130225,-2037.302002
0.446043,0.130943,-2039.182739
0.444942,0.130596,-2037.432861
0.442923,0.133397,-2037.745117
0.448285,0.137699,-2039.338135
0.45082,0.134104,-2038.482788
0.448602,0.136822,-2037.207764
0.448656,0.135869,-2038.664429
0.448656,0.135869,-2038.024414
0.443245,0.131262,-2037.412109
0.44139,0.122037,-2036.756104
0.440674,0.123932,-2037.30127
0.440674,0.123932,-2036.416382
0.440674,0.123932,-2036.736084
0.440674,0.123932,-2037.009033
0.436707,0.12227,-2036.750122
0.435524,0.122098,-2038.304443
0.43552,0.126426,-2037.482178
0.43387,0.122743,-2037.523682
0.428896,0.123785,-2037.987793
0.428304,0.126559,-2037.305054
0.42549,0.122488,-2038.855469
0.42549,0.122488,-2037.370605
0.42549,0.122488,-2038.267334
0.429778,0.121643,-2037.432373
0.426587,0.118303,-2038.717773
0.426988,0.125513,-2038.641113
0.427872,0.123595,-2037.796875
0.429613,0.123805,-2037.557495
0.42983,0.131647,-2037.607422
0.429294,0.133113,-2037.974976
0.429294,0.133113,-2038.384766
0.429902,0.136532,-2037.617798
0.430154,0.135697,-2038.340698
0.431288,0.133212,-2038.029175
0.431288,0.133212,-2037.049316
0.433869,0.133104,-2037.959229
0.435417,0.127939,-2037.963379
0.439045,0.122728,-2037.858887
0.439045,0.122728,-2036.596802
0.439045,0.122728,-2037.152344
0.438704,0.122771,-2037.389648
0.436163,0.121074,-2038.132202
0.436163,0.121074,-2037.804321
0.438503,0.118843,-2038.61792
0.440798,0.117134,-2037.833984
0.44216,0.114414,-2037.149414
0.443584,0.107207,-2038.916382
0.444695,0.110461,-2038.757324
0.444695,0.110461,-2037.668213
0.444695,0.110461,-2039.345459
0.442938,0.106923,-2038.924927
0.442938,0.106923,-2038.830444
0.437297,0.111002,-2038.584595
0.433622,0.105571,-2038.833984
0.433622,0.105571,-2039.043457
0.433622,0.105571,-2039.292236
0.433622,0.105571,-2039.189209
0.436246,0.105581,-2038.415894
0.436246,0.105581,-2038.52832
0.438642,0.108682,-2038.685059
0.432636,0.111417,-2038.440552
0.430549,0.10809,-2039.03479
0.429757,0.107676,-2038.707031
0.429757,0.107676,-2038.053223
0.429757,0.107676,-2037.802734
0.429757,0.107676,-2038.666016
0.429757,0.107676,-2039.353271
0.427998,0.114947,-2038.381348
0.427998,0.114947,-2036.80127
0.428127,0.112173,-2038.60083
0.427323,0.117037,-2038.081055
0.427596,0.116153,-2038.126465
0.427596,0.116153,-2037.681763
0.427117,0.116998,-2037.703857
0.427117,0.116998,-2038.042969
0.425682,0.11456,-2037.980957
0.430573,0.111249,-2038.394897
0.43121,0.113427,-2039.391602
0.43513,0.112352,-2038.092041
0.438982,0.118697,-2037.809082
0.438982,0.118697,-2038.061768
0.44393,0.123467,-2037.462891
0.44393,0.123467,-2036.495239
0.44393,0.123467,-2037.112305
0.439638,0.124747,-2037.700195
0.43699,0.118648,-2038.086914
0.436325,0.12473,-2037.390137
0.435454,0.131556,-2036.881836
0.439549,0.127802,-2037.952881
0.439549,0.127802,-2036.810303
0.437571,0.126438,-2038.211914
0.435902,0.12397,-2038.555298
0.440815,0.126601,-2036.90686
0.440815,0.126601,-2037.172729
0.445191,0.122594,-2037.183716
0.447532,0.123572,-2038.437378
0.442056,0.125912,-2037.549072
0.445019,0.126511,-2036.672119
0.450226,0.132979,-2037.070312
0.450482,0.13057,-2038.158203
0.450482,0.13057,-2038.272705
0.448947,0.128626,-2038.398926
0.448466,0.125818,-2037.691162
0.447064,0.124481,-2037.391846
0.447064,0.124481,-2037.678711
0.447957,0.121236,-2037.450684
0.449662,0.124149,-2037.263794
0.447378,0.118409,-2037.280029
0.447715,0.117397,-2038.343262
0.444457,0.112825,-2037.88562
0.444457,0.112825,-2037.844482
0.445221,0.118373,-2037.868042
0.447065,0.12253,-2037.261108
0.447974,0.124792,-2037.889771
0.451274,0.127539,-2038.581787
0.451562,0.12358,-2038.218994
0.451562,0.12358,-2038.698608
0.450127,0.124897,-2037.900391
0.447363,0.122117,-2037.482178
0.447363,0.122117,-2037.505371
0.446229,0.123437,-2038.134521
0.44502,0.134749,-2038.457153
0.446155,0.127303,-2037.648438
0.442322,0.128106,-2037.599609
0.43479,0.134996,-2036.285034
0.436952,0.136231,-2037.725342
0.4385,0.131242,-2037.896484
0.4385,0.131242,-2037.407593
0.433066,0.128566,-2037.128174
0.435174,0.126988,-2037.461548
0.432643,0.120172,-2036.531616
0.433662,0.128473,-2037.139404
0.431913,0.128809,-2037.825928
0.431913,0.128809,-2036.92627
0.431913,0.128809,-2036.826172
0.42981,0.130097,-2037.373779
0.42981,0.130097,-2038.316895
0.425158,0.124942,-2038.363159
0.418967,0.12672,-2038.619873
0.423589,0.127397,-2038.92334
0.42529,0.121962,-2038.322266
0.429701,0.123901,-2037.863892
0.433807,0.129888,-2036.607666
0.432656,0.126442,-2037.158203
0.429133,0.130463,-2037.970093
0.426307,0.129563,-2038.051758
0.426307,0.129563,-2037.773926
0.426307,0.129563,-2037.426636
0.426307,0.129563,-2038.767822
0.423791,0.138053,-2037.673096
0.42237,0.135285,-2038.336182
0.42595,0.126577,-2038.261597
0.426456,0.121644,-2037.15979
0.424277,0.121563,-2037.517212
0.424277,0.121563,-2037.291748
0.42162,0.11902,-2039.010742
0.42162,0.11902,-2038.848511
0.422838,0.116126,-2038.524902
0.422838,0.116126,-2038.368164
0.422838,0.116126,-2038.922485
0.421532,0.113309,-2039.39624
0.421491,0.111817,-2039.063843
0.421491,0.111817,-2039.700684
0.421491,0.111817,-2039.713501
0.425503,0.112669,-2039.728516
0.430603,0.109952,-2038.431641
0.430603,0.109952,-2037.773682
0.432381,0.118519,-2037.933472
0.432305,0.117554,-2038.287842
0.431987,0.117422,-2037.693848
0.434373,0.117436,-2036.811646
0.434872,0.124182,-2037.783936
0.434872,0.124182,-2036.911133
0.434872,0.124182,-2036.764404
0.439755,0.121742,-2037.136353
0.440808,0.122374,-2036.939209
0.43997,0.124566,-2036.851074
0.442108,0.12755,-2037.853882
0.440554,0.123593,-2036.962891
0.439363,0.125799,-2037.665771
0.439976,0.125884,-2037.73291
0.440055,0.130279,-2037.754272
0.441367,0.130535,-2037.141357
0.441367,0.130535,-2037.032471
0.437373,0.126712,-2036.795166
0.433985,0.124274,-2036.813843
0.433086,0.119919,-2037.530273
0.433086,0.119919,-2037.463379
0.431596,0.121875,-2037.66333
0.428593,0.118942,-2036.534668
0.427058,0.123057,-2037.143311
0.427058,0.123057,-2036.459961
0.425045,0.120456,-2038.632568
0.428005,0.120151,-2038.772095
0.422222,0.121232,-2038.935547
0.421948,0.123888,-2038.145386
0.416519,0.129495,-2040.233398
0.415478,0.13269,-2040.638062
0.415478,0.13269,-2040.77356
0.415478,0.13269,-2040.31897
0.415847,0.131833,-2040.029785
0.415152,0.13106,-2040.637817
0.419031,0.128709,-2038.72998
0.416027,0.131434,-2039.174683
0.417412,0.131024,-2039.656982
0.413181,0.134448,-2040.533447
0.410196,0.133749,-2041.02832
0.414152,0.132064,-2040.081177
0.413411,0.131465,-2040.6875
0.416701,0.126334,-2040.178467
0.420276,0.131991,-2039.010986
0.420276,0.131991,-2038.98999
0.419776,0.137725,-2040.359619
0.42043,0.131014,-2037.450928
0.420697,0.126622,-2038.193726
0.419453,0.121069,-2039.542236
0.419453,0.121069,-2038.98877
0.422746,0.11904,-2038.050293
0.421523,0.115756,-2039.37207
0.423644,0.117678,-2038.092285
0.425734,0.11545,-2038.095947
0.425734,0.11545,-2039.019287
0.425734,0.11545,-2038.294434
0.426194,0.116882,-2038.442383
0.424282,0.115756,-2038.907471
0.424282,0.115756,-2038.04187
0.422617,0.112109,-2038.740234
0.422599,0.113629,-2039.263306
0.423937,0.108256,-2039.890869
0.419591,0.108516,-2039.217529
0.417481,0.112232,-2041.116943
0.417481,0.112232,-2040.034424
0.417481,0.112232,-2040.530273
0.423011,0.106932,-2040.521484
0.427091,0.112247,-2038.43457
0.429953,0.111093,-2038.019775
0.427851,0.115142,-2038.481323
0.427851,0.115142,-2037.610718
0.427851,0.115142,-2038.760254
0.432834,0.11773,-2037.655396
0.433174,0.118993,-2036.88562
0.433174,0.118993,-2037.478271
0.438112,0.116909,-2036.366699
0.438112,0.116909,-2037.687256
0.443824,0.117634,-2037.704102
0.443824,0.117634,-2038.089355
0.441243,0.120072,-2037.625732
0.438279,0.120012,-2037.124756
0.438279,0.120012,-2036.816284
0.435506,0.12405,-2037.625977
0.432295,0.119942,-2036.818604
0.432295,0.119942,-2036.713013
0.432295,0.119942,-2037.354004
0.432295,0.119942,-2037.316406
0.431034,0.124707,-2037.946533
0.428491,0.125981,-2036.899902
0.434391,0.12846,-2037.356689
0.430233,0.127284,-2037.392822
0.427297,0.122389,-2038.336914
0.426926,0.117243,-2037.130737
0.427003,0.122513,-2037.523926
0.427003,0.122513,-2038.074585
0.427003,0.122513,-2038.379517
0.433494,0.122073,-2038.322998
0.430996,0.122705,-2037.036133
0.435342,0.122465,-2036.678711
0.434121,0.126705,-2037.395508
0.434121,0.126705,-2036.126099
0.434121,0.126705,-2037.799805
0.435894,0.130244,-2037.249878
0.438918,0.133153,-2037.635376
0.441698,0.132347,-2037.42334
0.442751,0.1286,-2037.302734
0.437965,0.127436,-2035.8479
0.436737,0.13703,-2038.062012
0.434996,0.139586,-2038.26001
0.434943,0.137448,-2037.448486
0.433674,0.13353,-2037.072266
0.433674,0.13353,-2038.380859
0.435268,0.128976,-2037.131592
0.434506,0.128212,-2036.741821
0.429999,0.13396,-2037.445923
0.432748,0.139065,-2037.032959
0.434238,0.139792,-2037.865723
0.4327,0.143315,-2038.16272
0.427295,0.131019,-2038.575073
0.427295,0.131019,-2038.085083
0.427295,0.131019,-2037.647217
0.427881,0.128815,-2038.142212
0.427881,0.128815,-2037.690674
0.429343,0.131532,-2038.821045
0.429343,0.131532,-2038.00708
0.427743,0.137536,-2038.091553
0.424195,0.142887,-2038.105469
0.424195,0.142887,-2039.905518
0.426668,0.141121,-2039.927612
0.429967,0.138565,-2037.634399
0.426592,0.137249,-2038.354248
0.421046,0.131527,-2038.140137
0.415482,0.130809,-2039.636963
0.412937,0.131591,-2040.359253
0.410386,0.132087,-2042.508667
0.410386,0.132087,-2041.718262
0.408944,0.134766,-2041.431885
0.40818,0.131526,-2041.150879
0.40572,0.13378,-2043.706543
0.408435,0.131907,-2042.552124
0.412004,0.127701,-2040.339233
0.412004,0.127701,-2041.678467
0.412093,0.118272,-2040.848389
0.41161,0.122028,-2041.9729
0.414853,0.118405,-2039.862915
0.413523,0.116142,-2040.720215
0.413523,0.116142,-2040.464111
0.409838,0.114684,-2040.545166
0.41065,0.121101,-2041.919312
0.41065,0.121101,-2040.154053
0.410344,0.12613,-2041.699097
0.411131,0.124119,-2041.536255
0.411192,0.123277,-2041.234619
0.411192,0.123277,-2040.449341
0.411192,0.123277,-2040.422852
0.409848,0.126911,-2041.407837
0.413117,0.127967,-2040.381958
0.417864,0.136662,-2038.996948
0.42442,0.135176,-2037.389771
0.425844,0.135267,-2039.401733
0.425844,0.135267,-2037.059082
0.428257,0.133423,-2037.282227
0.428257,0.133423,-2037.609375
0.428257,0.133423,-2037.181274
0.428257,0.133423,-2038.015869
0.431218,0.136829,-2037.773438
0.43207,0.135977,-2037.600342
0.43207,0.135977,-2037.156738
0.434565,0.132255,-2037.332275
0.43708,0.133522,-2038.030396
0.439561,0.130467,-2037.176025
0.439968,0.129073,-2037.223999
0.436888,0.122113,-2036.013428
0.441067,0.119555,-2038.043213
0.437735,0.124477,-2036.37439
0.435433,0.123486,-2037.875854
0.433044,0.1188,-2038.001221
0.427747,0.128186,-2037.671021
0.435367,0.126115,-2035.659424
0.435747,0.126384,-2037.766724
0.435087,0.126023,-2037.387451
0.43432,0.122867,-2037.067993
0.435197,0.124331,-2037.659424
0.436079,0.124041,-2037.618896
0.442298,0.118178,-2037.370239
0.44446,0.119754,-2037.381714
0.448815,0.121693,-2037.785645
0.449517,0.116816,-2037.125244
0.446453,0.110916,-2039.467773
0.444776,0.110394,-2038.117676
0.444124,0.116379,-2036.849121
0.44449,0.113355,-2037.671509
0.44449,0.113355,-2038.142578
0.445966,0.106309,-2039.704468
0.445966,0.106309,-2038.38501
0.448434,0.110106,-2039.516602
0.447478,0.109284,-2038.90686
0.449475,0.112955,-2038.387695
0.448213,0.11408,-2037.357178
0.448213,0.11408,-2038.423096
0.448213,0.11408,-2037.436768
0.446008,0.109082,-2039.343262
0.446863,0.10435,-2038.833496
0.446863,0.10435,-2038.360352
0.449748,0.103527,-2039.822144
0.449748,0.103527,-2039.72583
0.449748,0.103527,-2038.624268
0.449748,0.103527,-2038.658569
0.448405,0.106192,-2038.567505
0.451256,0.109597,-2039.448853
0.451256,0.109597,-2039.379517
0.451256,0.109597,-2038.938721
0.449435,0.116336,-2039.280151
0.446036,0.121356,-2037.790771
0.448514,0.119504,-2037.978394
0.448514,0.119504,-2038.116699
0.448514,0.119504,-2036.131836
0.452538,0.125838,-2038.460938
0.452538,0.125838,-2038.196167
0.451854,0.132937,-2038.602051
0.446811,0.128402,-2037.318237
0.448113,0.129405,-2036.515869
0.447999,0.127705,-2037.718506
0.447999,0.127705,-2037.558838
0.448313,0.126532,-2037.67041
0.446624,0.129152,-2036.984863
0.446624,0.129152,-2036.686768
0.441965,0.131723,-2038.608276
0.446895,0.125333,-2038.953369
0.446895,0.125333,-2037.805908
0.443544,0.128791,-2037.00708
0.440885,0.128059,-2037.229248
0.437703,0.131215,-2037.830322
0.433428,0.134393,-2037.924316
0.429174,0.132684,-2038.283936
0.435184,0.124893,-2037.401611
0.43828,0.125128,-2037.331909
0.43828,0.125128,-2037.29248
0.438294,0.129852,-2037.55188
0.438294,0.129852,-2037.679932
0.436803,0.130455,-2037.486328
0.435473,0.128708,-2036.175537
0.436576,0.123757,-2037.223877
0.442618,0.126687,-2036.717651
0.442618,0.126687,-2035.39917
0.442737,0.128517,-2037.921875
0.445735,0.121751,-2036.649048
0.440991,0.119903,-2037.311768
0.440986,0.114976,-2038.495117
0.445118,0.113122,-2037.496948
0.445118,0.113122,-2037.925049
0.446185,0.114018,-2037.973145
0.446185,0.114018,-2037.208984
0.439733,0.113235,-2037.443848
0.445831,0.110367,-2038.422607
0.442744,0.114007,-2038.178711
0.441001,0.110261,-2037.929199
0.444849,0.112104,-2037.624878
0.443629,0.115064,-2037.099243
0.439223,0.123742,-2037.607666
0.439223,0.123742,-2036.49707
0.44064,0.129455,-2036.596924
0.435683,0.133421,-2037.276367
0.434205,0.138074,-2037.432495
0.436916,0.141619,-2038.131958
0.436916,0.141619,-2038.399048
0.436025,0.138783,-2037.847656
0.436025,0.138783,-2037.698242
0.434413,0.136355,-2037.675781
0.434413,0.136355,-2037.06543
0.430254,0.138631,-2038.997437
0.430254,0.138631,-2038.172607
0.429831,0.139231,-2037.723022
0.429831,0.139231,-2038.233032
0.429831,0.139231,-2038.350952
0.430906,0.13768,-2038.735352
0.435354,0.135849,-2037.771973
0.437012,0.13714,-2038.688965
0.435717,0.132541,-2036.936157
0.441079,0.134761,-2037.24585
0.437195,0.134149,-2037.789062
0.439346,0.122569,-2037.725342
0.438299,0.12275,-2038.036743
0.437679,0.12035,-2037.227295
0.437679,0.12035,-2036.471802
0.440076,0.122211,-2037.032959
0.43888,0.128311,-2037.796387
0.44082,0.130326,-2037.516968
0.44082,0.130326,-2036.761841
0.442911,0.124878,-2037.089966
0.444221,0.122556,-2038.164795
0.44287,0.124265,-2037.244385
0.435908,0.123902,-2037.092773
0.436028,0.134333,-2037.772461
0.434557,0.127194,-2036.855957
0.433331,0.129285,-2037.710815
0.428223,0.131903,-2038.112671
0.424985,0.135835,-2037.510254
0.422409,0.131147,-2039.215088
0.422409,0.131147,-2038.212891
0.422409,0.131147,-2038.244141
0.427909,0.129099,-2037.929688
0.427909,0.129099,-2037.622314
0.431733,0.136491,-2038.141846
0.429127,0.142517,-2038.219238
0.431627,0.134962,-2037.338623
0.432656,0.141253,-2038.304199
0.427688,0.141255,-2038.558228
0.427688,0.141255,-2039.209229
0.427688,0.141255,-2037.724121
0.43114,0.140539,-2038.210693
0.432382,0.136559,-2037.35376
0.432382,0.136559,-2037.237915
0.432382,0.136559,-2037.058472
0.435477,0.133357,-2037.445679
0.435965,0.133397,-2036.643311
0.435965,0.133397,-2037.072632
0.435965,0.133397,-2037.96814
0.436232,0.133398,-2037.720215
0.437629,0.126479,-2037.158447
0.433427,0.123898,-2037.030884
0.436158,0.126693,-2037.418335
0.436598,0.12625,-2037.127197
0.433125,0.126406,-2036.927002
0.434189,0.133328,-2038.067993
0.430346,0.128658,-2038.142456
0.430314,0.131669,-2037.208008
0.434207,0.130762,-2037.513428
0.437198,0.132154,-2037.919678
0.437198,0.132154,-2036.334961
0.437198,0.132154,-2036.994873
0.440372,0.126761,-2037.455688
0.440355,0.126879,-2037.407104
0.445129,0.121314,-2037.120728
0.445129,0.121314,-2038.018433
0.443904,0.118045,-2037.313477
0.444485,0.118546,-2037.023804
0.447396,0.116276,-2038.05249
0.443362,0.119424,-2038.1604
0.443362,0.119424,-2037.750122
0.443906,0.117566,-2037.981567
0.443906,0.117566,-2036.750488
0.443906,0.117566,-2037.29248
0.44458,0.11985,-2036.779297
0.444368,0.121208,-2038.24707
0.444836,0.125689,-2037.879883
0.444836,0.125689,-2036.618164
0.444836,0.125689,-2037.066528
0.445882,0.132385,-2036.46936
0.445303,0.127552,-2037.914917
0.445303,0.127552,-2038.011719
0.445303,0.127552,-2037.117676
0.44703,0.131447,-2037.636108
0.448431,0.1305,-2037.715332
0.449516,0.127046,-2038.487549
0.449516,0.127046,-2037.632324
0.448056,0.123504,-2037.731689
0.448056,0.123504,-2037.280273
0.448056,0.123504,-2036.522949
0.44924,0.128899,-2038.444214
0.451858,0.128828,-2037.702759
0.444666,0.12535,-2036.659302
0.444825,0.130537,-2036.986816
0.444825,0.130537,-2035.957397
0.444825,0.130537,-2037.39502
0.444257,0.125823,-2037.862061
0.449427,0.121318,-2037.28125
0.452034,0.119191,-2038.223145
0.457397,0.117649,-2038.549561
0.457591,0.117139,-2038.028564
0.456837,0.11381,-2038.85498
0.456837,0.11381,-2039.382812
0.450705,0.10943,-2038.93457
0.454004,0.111039,-2039.848633
0.455307,0.102888,-2040.119141
0.455307,0.102888,-2040.212158
0.45324,0.100508,-2040.496826
0.451934,0.105228,-2040.316895
0.451934,0.105228,-2039.063965
0.451464,0.107175,-2039.742188
0.451962,0.105793,-2039.880249
0.451962,0.105793,-2039.236206
0.449006,0.106853,-2039.268555
0.450605,0.105955,-2038.424805
0.451129,0.108408,-2039.687256
0.454558,0.10988,-2039.491089
0.457177,0.111641,-2039.119629
0.453842,0.107578,-2038.944702
0.451539,0.109577,-2038.338379
0.449014,0.117634,-2037.958252
0.449014,0.117634,-2037.783691
0.452069,0.124003,-2039.050659
0.459505,0.126569,-2039.020996
0.458624,0.126337,-2039.624512
0.455471,0.126686,-2036.60144
0.451482,0.128551,-2038.158691
0.45506,0.126667,-2038.03125
0.451125,0.123313,-2037.645142
0.451125,0.123313,-2036.69751
0.445634,0.123034,-2037.608032
0.445634,0.123034,-2036.687378
0.440752,0.120114,-2036.507324
0.437321,0.129061,-2037.548706
0.437321,0.129061,-2036.535767
0.43739,0.132245,-2037.362915
0.438126,0.135412,-2038.0802
0.438497,0.139943,-2037.64917
0.438497,0.139943,-2037.521729
0.43534,0.143201,-2038.582031
0.432151,0.146637,-2039.126709
0.432151,0.146637,-2038.642944
0.432151,0.146637,-2039.179688
0.436922,0.142183,-2039.175415
0.436089,0.140002,-2037.992432
0.436089,0.140002,-2037.651611
0.432419,0.137014,-2038.135864
0.435825,0.135151,-2038.03418
0.434319,0.138293,-2037.577637
0.437247,0.139827,-2038.507568
0.437247,0.139827,-2037.828125
0.437247,0.139827,-2038.20813
0.439605,0.136048,-2038.188721
0.438421,0.133049,-2037.665527
0.438421,0.133049,-2037.576538
0.438421,0.133049,-2037.726807
0.434355,0.132696,-2036.559204
0.43481,0.132026,-2037.288086
0.43481,0.132026,-2037.510498
0.436339,0.141486,-2038.216431
0.436212,0.138022,-2038.129639
0.436212,0.138022,-2038.431885
0.43304,0.133175,-2037.859375
0.429911,0.136418,-2037.958008
0.43423,0.136493,-2037.452515
0.43315,0.140135,-2039.26355
0.43315,0.140135,-2037.969482
0.431201,0.132307,-2036.874023
0.427469,0.134443,-2038.303711
0.420652,0.129906,-2039.19043
0.419605,0.129816,-2038.435181
0.420189,0.127849,-2038.827759
0.420189,0.127849,-2039.128418
0.419513,0.125148,-2038.034668
0.419513,0.125148,-2038.477173
0.420056,0.124331,-2039.477539
0.420056,0.124331,-2038.23291
0.421664,0.137776,-2038.367554
0.420124,0.136738,-2039.250732
0.421979,0.12996,-2038.08374
0.421979,0.12996,-2037.787354
0.42579,0.129796,-2037.932495
0.431144,0.130068,-2037.571533
0.432153,0.13087,-2037.318359
0.431624,0.127035,-2037.198486
0.431258,0.132831,-2036.970337
0.436473,0.131312,-2037.146851
0.432659,0.137134,-2038.300537
0.432659,0.137134,-2037.93689
0.432659,0.137134,-2037.959717
0.433718,0.133159,-2037.576904
0.431935,0.13362,-2037.629395
0.433561,0.134387,-2036.629517
0.430776,0.129645,-2037.272461
0.430776,0.129645,-2036.622559
0.430776,0.129645,-2037.492798
0.430776,0.129645,-2036.950928
0.428066,0.127273,-2037.907349
0.42756,0.123891,-2038.021118
0.427878,0.117967,-2037.7052
0.430429,0.113487,-2038.267822
0.430429,0.113487,-2038.009277
0.430429,0.113487,-2037.955078
0.427839,0.112909,-2038.160645
0.432736,0.116099,-2037.118286
0.428221,0.115743,-2038.425781
0.432179,0.117775,-2037.550049
0.431796,0.119361,-2037.646606
0.432288,0.113775,-2037.98938
0.431633,0.118449,-2037.565063
0.431294,0.119102,-2037.800781
0.436957,0.120007,-2037.048828
0.436957,0.120007,-2037.324951
0.434284,0.121739,-2036.954834
0.43409,0.118148,-2037.121582
0.433745,0.120415,-2036.779419
0.433745,0.120415,-2036.101562
0.429992,0.123163,-2037.480225
0.429992,0.123163,-2037.418701
0.429992,0.123163,-2037.4646
0.431755,0.12182,-2037.493286
0.430029,0.122427,-2037.405151
0.428873,0.123078,-2038.162109
0.429303,0.120226,-2037.934814
0.431713,0.129765,-2037.14209
0.434649,0.125549,-2036.556641
0.432736,0.126418,-2037.406738
0.432736,0.126418,-2037.155518
0.429136,0.127567,-2037.026611
0.426153,0.122861,-2037.810059
0.426153,0.122861,-2037.508057
0.426153,0.122861,-2037.509521
0.425369,0.125876,-2038.09436
0.427477,0.121939,-2037.989258
0.427477,0.121939,-2037.950317
0.423985,0.126329,-2037.538086
0.421456,0.123809,-2038.954224
0.419685,0.127333,-2039.262695
0.415558,0.124323,-2040.550659
0.415558,0.124323,-2040.301514
0.415111,0.127841,-2039.201782
0.415111,0.127841,-2039.197876
0.416338,0.124297,-2039.347412
0.415318,0.121999,-2040.229248
0.409592,0.122107,-2040.953491
0.416526,0.12365,-2039.961548
0.417271,0.118815,-2039.004883
0.417619,0.120073,-2041.132935
0.417619,0.120073,-2038.839722
0.417619,0.120073,-2040.25061
0.417619,0.120073,-2038.40686
0.417158,0.121629,-2040.166504
0.417158,0.121629,-2039.398438
0.418284,0.120898,-2038.790771
0.419314,0.1208,-2039.113037
0.419314,0.1208,-2038.633423
0.420195,0.117045,-2039.378052
0.417021,0.117096,-2040.203613
0.422329,0.116635,-2039.179443
0.419565,0.123819,-2038.509033
0.419565,0.123819,-2039.079468
0.423382,0.116421,-2039.281128
0.422829,0.117559,-2038.419434
0.422829,0.117559,-2038.815552
0.419062,0.111277,-2040.003906
0.422985,0.107206,-2039.196655
0.422985,0.107206,-2038.828247
0.42337,0.118257,-2037.880005
0.417968,0.110285,-2041.139526
0.417968,0.110285,-2040.324341
0.418879,0.108383,-2040.228882
0.418162,0.110492,-2039.65918
0.419849,0.109584,-2039.985596
0.415479,0.111002,-2040.075562
0.417733,0.109545,-2040.084717
0.420879,0.115283,-2039.894897
0.419145,0.115363,-2039.32251
0.423701,0.113508,-2039.289551
0.425932,0.111306,-2038.987793
0.426072,0.110427,-2037.804565
0.431037,0.111142,-2038.961792
0.428989,0.117807,-2037.19104
0.430578,0.115535,-2038.465088
0.430578,0.115535,-2037.935913
0.431602,0.116231,-2038.169189
0.43335,0.121348,-2036.938232
0.427677,0.119943,-2037.235352
0.429544,0.119871,-2038.465576
0.429544,0.119871,-2037.584717
0.427827,0.122528,-2037.786621
0.427526,0.120665,-2037.625732
0.424117,0.117786,-2038.355835
0.422455,0.118363,-2039.094971
0.422455,0.118363,-2039.073486
0.422409,0.11068,-2038.982422
0.431531,0.108444,-2038.05835
0.431531,0.108444,-2038.419189
0.433124,0.110871,-2038.017944
0.435028,0.108524,-2039.273926
0.433357,0.112329,-2038.415161
0.434648,0.114444,-2037.639771
0.434648,0.114444,-2037.189575
0.434648,0.114444,-2037.743896
0.438605,0.112792,-2038.3479
0.440311,0.118096,-2039.226196
0.439693,0.118317,-2037.415283
0.439693,0.118317,-2037.739746
0.443308,0.119589,-2038.166748
0.443586,0.116772,-2037.151123
0.44351,0.121995,-2037.296631
0.444611,0.128624,-2036.99292
0.441188,0.128883,-2037.027954
0.438134,0.128341,-2037.035522
0.437631,0.115987,-2036.47876
0.437791,0.119032,-2036.91687
0.443868,0.124662,-2038.722412
0.443868,0.124662,-2036.373535
0.43937,0.127972,-2037.958984
0.43666,0.129756,-2037.815674
0.43666,0.129756,-2036.481445
0.432844,0.12381,-2037.538086
0.432665,0.126742,-2036.713867
0.43167,0.129277,-2036.664795
0.434947,0.132878,-2037.096191
0.434947,0.132878,-2037.174805
0.440442,0.128811,-2038.608643
0.440442,0.128811,-2036.238892
0.440442,0.128811,-2037.046143
0.442451,0.125577,-2037.382324
0.442083,0.127448,-2037.388428
0.438395,0.120807,-2036.507202
0.440523,0.121849,-2037.260742
0.437177,0.122772,-2036.445557
0.436754,0.117445,-2037.704102
0.433312,0.124186,-2037.164307
0.42921,0.122869,-2037.491211
0.431157,0.121517,-2037.288574
0.431859,0.127734,-2038.280029
0.430167,0.125814,-2037.182373
0.430167,0.125814,-2037.650024
0.427863,0.128073,-2037.751831
0.424324,0.133005,-2038.079346
0.427769,0.135721,-2037.852417
0.426596,0.129795,-2038.014404
0.426596,0.129795,-2037.446411
0.42714,0.129523,-2037.275513
0.425086,0.132268,-2038.51123
0.426193,0.131676,-2038.565796
0.426193,0.131676,-2037.719727
0.431281,0.133379,-2038.441895
0.431281,0.133379,-2037.763672
0.430624,0.125954,-2037.043823
0.430092,0.130505,-2038.38623
0.431707,0.135282,-2037.034546
0.431707,0.135282,-2037.19873
0.431707,0.135282,-2038.278076
0.42529,0.134577,-2038.832764
0.427891,0.133923,-2038.440063
0.42641,0.13836,-2037.993896
0.427822,0.136395,-2038.789185
0.426968,0.141199,-2039.104736
0.428217,0.13816,-2038.138062
0.428217,0.13816,-2038.362915
0.431438,0.141198,-2038.896484
0.431438,0.141198,-2038.345703
0.430073,0.137687,-2037.505859
0.425864,0.136698,-2038.0896
0.425899,0.131184,-2037.967651
0.425899,0.131184,-2037.711548
0.424128,0.132868,-2038.825684
0.426579,0.131703,-2037.447144
0.429279,0.135968,-2038.391968
0.426528,0.136178,-2037.676758
0.426528,0.136178,-2038.011963
0.429935,0.133058,-2037.570801
0.424001,0.13085,-2038.185669
0.424001,0.13085,-2037.774414
0.424858,0.133611,-2038.145142
0.424858,0.133611,-2037.871826
0.427948,0.129827,-2037.981689
0.428061,0.123829,-2037.880859
0.428329,0.120355,-2037.381104
0.428329,0.120355,-2037.577759
0.428142,0.125284,-2038.49292
0.423766,0.124428,-2037.891357
0.423578,0.12472,-2038.105225
0.423684,0.126636,-2038.810913
0.423974,0.128039,-2037.557617
0.423974,0.128039,-2038.737183
0.423247,0.129774,-2037.941895
0.423247,0.129774,-2038.040771
0.426222,0.130337,-2037.506226
0.424016,0.134321,-2038.52356
0.424426,0.137333,-2038.975952
0.424426,0.137333,-2038.171387
0.420318,0.136129,-2039.168701
0.425817,0.138477,-2039.734497
0.425483,0.1357,-2039.200684
0.428682,0.134097,-2037.439697
0.429047,0.126897,-2037.192993
0.429677,0.126851,-2037.54248
0.430661,0.123129,-2037.359985
0.430661,0.123129,-2035.783447
0.429027,0.126489,-2038.51709
0.436067,0.127297,-2037.370972
0.4339,0.130085,-2037.667847
0.434407,0.130693,-2037.679932
0.432609,0.127007,-2037.919678
0.438533,0.123319,-2037.273315
0.432086,0.123485,-2038.157959
0.432215,0.12503,-2038.002075
0.428148,0.11876,-2037.173706
0.433681,0.117423,-2038.036865
0.43378,0.113876,-2037.683838
0.432998,0.112688,-2039.063477
0.432998,0.112688,-2037.583496
0.432246,0.119162,-2037.125122
0.429616,0.118723,-2037.641846
0.421104,0.122488,-2038.74707
0.423966,0.111211,-2039.525024
0.423966,0.111211,-2038.664307
0.423289,0.113924,-2039.170288
0.423122,0.111461,-2039.848267
0.423122,0.111461,-2039.032715
0.42338,0.106631,-2040.202271
0.423999,0.109571,-2038.988037
0.424843,0.111204,-2038.983398
0.426167,0.111663,-2039.362549
0.426167,0.111663,-2037.299316
0.426674,0.108894,-2039.260498
0.429245,0.111127,-2038.158936
0.433056,0.1109,-2037.57019
0.435634,0.117249,-2038.371338
0.435634,0.117249,-2037.033447
0.437858,0.114365,-2036.799316
0.437858,0.114365,-2037.573975
0.437858,0.114365,-2036.265381
0.43888,0.112159,-2037.750366
0.440754,0.117441,-2038.055908
0.445384,0.122433,-2036.794922
0.449506,0.124086,-2037.821289
0.452515,0.125337,-2038.103516
0.451736,0.124728,-2038.247681
0.451702,0.128646,-2037.99646
0.458258,0.121572,-2038.580688
0.458258,0.121572,-2038.46582
0.460762,0.118874,-2039.041504
0.460762,0.118874,-2039.787109
0.461986,0.119431,-2039.735718
0.464906,0.122705,-2039.816895
0.462393,0.11481,-2038.573853
0.457943,0.109559,-2039.727905
0.457179,0.107593,-2040.254639
0.45693,0.105096,-2039.724854
0.454452,0.10476,-2040.25647
0.454452,0.10476,-2039.494507
0.455056,0.098517,-2041.582642
0.456382,0.10525,-2040.756104
0.458503,0.106942,-2039.02417
0.458703,0.102534,-2040.491455
0.454746,0.101682,-2040.914185
0.454746,0.101682,-2039.453857
0.454946,0.10117,-2040.045288
0.454946,0.10117,-2040.37561
0.454822,0.102773,-2039.932129
0.454822,0.102773,-2040.12207
0.454822,0.102773,-2039.692871
0.450455,0.102879,-2039.412964
0.451425,0.109188,-2038.733887
0.443613,0.110563,-2038.68335
0.44628,0.109124,-2038.310547
0.449387,0.111955,-2038.429565
0.446607,0.11423,-2038.243408
0.446607,0.11423,-2038.647705
0.448606,0.124099,-2037.680298
0.444852,0.125387,-2037.85498
0.449188,0.129757,-2037.901489
0.452204,0.136211,-2038.55249
0.452204,0.136211,-2038.508545
0.453381,0.133765,-2037.528564
0.453093,0.137141,-2038.972534
0.453093,0.137141,-2038.048096
0.449889,0.133795,-2037.083008
0.449467,0.130765,-2038.061157
0.446762,0.12882,-2036.941528
0.446095,0.124344,-2036.874268
0.444214,0.120745,-2037.949951
0.444214,0.120745,-2036.956787
0.446595,0.127196,-2036.283081
0.43933,0.124707,-2036.866699
0.441531,0.117916,-2037.834717
0.444766,0.121596,-2036.462158
0.442104,0.123067,-2038.141357
0.443711,0.118921,-2037.845703
0.441538,0.113083,-2038.021973
0.438223,0.117197,-2038.197632
0.436042,0.1169,-2038.329346
0.437761,0.113723,-2038.078125
0.436041,0.113556,-2037.736938
0.436041,0.113556,-2038.75293
0.436041,0.113556,-2037.274902
0.434256,0.115246,-2037.546509
0.435099,0.119625,-2037.209717
0.440781,0.119964,-2037.056152
0.438468,0.121883,-2036.708862
0.440183,0.117988,-2038.307861
0.43848,0.119533,-2037.183716
0.43978,0.115529,-2036.730591
0.446381,0.11615,-2036.617676
0.445667,0.115631,-2037.916504
0.447332,0.109098,-2038.797852
0.447332,0.109098,-2039.637573
0.444175,0.109509,-2039.676147
0.445302,0.110117,-2037.724121
0.448232,0.108878,-2038.362549
0.448232,0.108878,-2038.593262
0.448232,0.108878,-2038.005249
0.445593,0.111686,-2038.88147
0.44175,0.111608,-2038.244385
0.44175,0.111608,-2037.141846
0.442154,0.115142,-2036.8479
0.442154,0.115142,-2037.320557
0.435958,0.114774,-2036.964111
0.435958,0.114774,-2038.223389
0.439279,0.11843,-2037.66626
0.439279,0.11843,-2036.554565
0.444391,0.12293,-2037.901855
0.444391,0.12293,-2037.329834
0.444391,0.12293,-2037.187256
0.444391,0.12293,-2037.044922
0.444065,0.122139,-2037.029785
0.444065,0.122139,-2037.092651
0.441136,0.119445,-2038.214722
0.43643,0.116152,-2038.329102
0.436949,0.123682,-2036.67041
0.436949,0.123682,-2036.288208
0.441143,0.121351,-2037.287109
0.445067,0.129398,-2037.341431
0.438175,0.123896,-2037.41626
0.436409,0.120024,-2036.906616
0.436409,0.120024,-2038.042969
0.436409,0.120024,-2037.746582
0.438636,0.12286,-2037.301147
0.440567,0.132361,-2036.857178
0.443661,0.129025,-2035.872925
0.441988,0.125829,-2036.851318
0.445262,0.135094,-2038.369507
0.445752,0.133382,-2036.452271
0.446526,0.137676,-2038.228516
0.450213,0.129003,-2038.283569
0.450213,0.129003,-2038.624878
0.452553,0.130534,-2038.299683
0.445778,0.128762,-2037.115723
0.448479,0.125915,-2037.159912
0.451733,0.130432,-2037.862549
0.450347,0.127322,-2038.639771
0.448137,0.130054,-2037.925903
0.446,0.130844,-2037.552002
0.446,0.130844,-2037.348633
0.445774,0.127154,-2036.789429
0.444311,0.125767,-2037.230225
0.446094,0.122202,-2037.616211
0.449592,0.124206,-2036.925781
0.453897,0.12757,-2037.735229
0.454355,0.12915,-2038.493896
0.454355,0.12915,-2038.341431
0.454355,0.12915,-2038.305176
0.456419,0.138585,-2038.955444
0.458193,0.138329,-2039.064209
0.450599,0.13566,-2038.591431
0.452987,0.130619,-2038.438599
0.451045,0.133361,-2039.3396
0.451045,0.133361,-2038.414429
0.449614,0.130174,-2038.669556
0.44671,0.129772,-2037.308472
0.44671,0.129772,-2038.445312
0.445127,0.126368,-2037.122192
0.445127,0.126368,-2036.546387
0.441056,0.126473,-2038.067139
0.441056,0.126473,-2036.990967
0.441056,0.126473,-2037.338867
0.441056,0.126473,-2038.064209
0.441056,0.126473,-2037.015259
0.440848,0.129743,-2037.238037
0.439314,0.124369,-2037.894043
0.442501,0.123982,-2037.507324
0.44331,0.123492,-2036.756348
0.44331,0.123492,-2037.156616
0.442542,0.123928,-2037.18396
0.442958,0.130933,-2037.380981
0.440863,0.132271,-2036.661743
0.445825,0.139879,-2036.67334
0.446552,0.132338,-2038.00647
0.444403,0.128209,-2036.525024
0.442864,0.12946,-2037.987549
0.444453,0.127922,-2037.973755
0.440949,0.125567,-2037.051025
0.44228,0.126146,-2036.98584
0.435173,0.128373,-2036.983887
0.436786,0.123782,-2037.543945
0.440057,0.124113,-2036.638062
0.436281,0.124438,-2037.024902
0.436307,0.122267,-2037.044678
0.436307,0.122267,-2037.09436
0.436307,0.122267,-2037.126709
0.437736,0.121949,-2036.816162
0.435091,0.119144,-2037.458984
0.435091,0.119144,-2037.762207
0.435091,0.119144,-2036.917847
0.434881,0.119936,-2037.35022
0.439244,0.118472,-2036.530029
0.440365,0.121596,-2038.127075
0.443781,0.116608,-2037.799561
0.441355,0.116804,-2037.127319
0.441278,0.11751,-2038.40918
0.44016,0.124701,-2037.247803
0.440582,0.129133,-2037.229736
0.438973,0.126127,-2038.451782
0.43591,0.134692,-2036.786133
0.436485,0.134581,-2037.603271
0.438814,0.130775,-2037.113525
0.438814,0.130775,-2037.408203
0.433186,0.127823,-2037.4729
0.437468,0.128176,-2037.337524
0.437603,0.134151,-2038.118164
0.433293,0.130922,-2037.655396
0.436725,0.128902,-2037.171753
0.437539,0.125692,-2036.803955
0.437065,0.124859,-2038.184082
0.437065,0.124859,-2036.730713
0.437065,0.124859,-2036.320801
0.437846,0.128736,-2036.980957
0.438071,0.13183,-2037.813477
0.440348,0.131066,-2037.102417
0.442704,0.135687,-2037.595459
0.442704,0.135687,-2036.85376
0.43568,0.134042,-2038.412109
0.43568,0.134042,-2037.793701
0.43568,0.134042,-2037.650757
0.436314,0.1355,-2037.992798
0.439637,0.136716,-2037.858765
0.439909,0.136007,-2038.2948
0.440536,0.131911,-2037.342285
0.438895,0.133313,-2037.571045
0.438895,0.133313,-2037.138306
0.437613,0.131029,-2038.378418
0.436614,0.13551,-2037.932373
0.437239,0.134265,-2037.136475
0.44312,0.127626,-2037.011719
0.442413,0.136253,-2037.498291
0.442413,0.136253,-2037.308838
0.442206,0.133239,-2037.100586
0.446386,0.140517,-2037.477051
0.450138,0.146301,-2038.811401
0.450785,0.144157,-2039.371704
0.45053,0.141565,-2038.768921
0.452585,0.14127,-2038.570068
0.452585,0.14127,-2038.461914
0.452585,0.14127,-2038.869385
0.456545,0.147051,-2040.299316
0.458531,0.145718,-2040.765869
0.464141,0.141442,-2040.30481
0.464141,0.141442,-2040.375854
0.466087,0.142748,-2040.046387
0.466087,0.142748,-2042.247314
0.465968,0.141325,-2042.15564
0.470033,0.144825,-2041.281494
0.470033,0.144825,-2041.05957
0.473515,0.146992,-2042.954712
0.469364,0.14838,-2041.778076
0.469364,0.14838,-2042.733154
0.466017,0.150986,-2041.85083
0.465555,0.148501,-2041.107422
0.460834,0.143534,-2040.631348
0.460834,0.143534,-2040.526123
0.45619,0.140475,-2040.446289
0.454323,0.138661,-2039.2854
0.454974,0.133722,-2039.660278
0.454134,0.127687,-2037.597656
0.452136,0.12914,-2038.779785
0.452136,0.12914,-2037.918945
0.456005,0.130587,-2038.338013
0.456377,0.134607,-2039.325195
0.46216,0.132146,-2039.397217
0.457722,0.130471,-2038.589233
0.457722,0.130471,-2037.775269
0.459153,0.130747,-2039.208008
0.459153,0.130747,-2038.023438
0.459153,0.130747,-2038.525635
0.459508,0.133864,-2039.187866
0.455381,0.13168,-2038.651733
0.457662,0.131485,-2039.212036
0.457662,0.131485,-2036.983032
0.457659,0.132235,-2038.874634
0.460903,0.132482,-2038.850098
0.459241,0.132516,-2038.958008
0.46064,0.136119,-2039.557373
0.465717,0.126152,-2039.855713
0.468428,0.131178,-2039.997192
0.466155,0.131946,-2040.576416
0.466155,0.131946,-2039.004883
0.467358,0.131511,-2038.567139
0.467358,0.131511,-2039.482666
0.46251,0.127775,-2038.161377
0.46251,0.127775,-2039.163574
0.466257,0.123905,-2039.640381
0.470349,0.124529,-2040.187744
0.46964,0.130945,-2040.60083
0.46964,0.130945,-2039.720703
0.466139,0.129406,-2040.058472
0.466139,0.129406,-2039.345825
0.466139,0.129406,-2039.332031
0.471323,0.121605,-2039.871338
0.469426,0.124413,-2039.420288
0.469426,0.124413,-2039.950928
0.471243,0.11739,-2040.738281
0.467516,0.113982,-2040.084717
0.465195,0.114423,-2040.10376
0.46899,0.111569,-2040.806763
0.46899,0.111569,-2040.911133
0.469248,0.11145,-2041.106445
0.469248,0.11145,-2040.196899
0.469594,0.11427,-2041.36438
0.463763,0.110674,-2041.365479
0.457755,0.113372,-2038.734253
0.457755,0.113372,-2038.218262
0.463734,0.107272,-2040.716064
0.463734,0.107272,-2039.977295
0.469497,0.106573,-2041.013184
0.470896,0.106599,-2042.146484
0.470325,0.113892,-2040.623535
0.470325,0.113892,-2040.363403
0.470325,0.113892,-2041.763672
0.465488,0.123867,-2038.817383
0.465488,0.123867,-2040.377563
0.463812,0.124179,-2039.275513
0.463135,0.12357,-2038.980957
0.462876,0.130432,-2040.084961
0.461659,0.131537,-2039.445801
0.461476,0.135531,-2038.154297
0.461476,0.135531,-2039.302979
0.47019,0.13549,-2040.557129
0.468264,0.137969,-2041.375
0.468264,0.137969,-2040.290283
0.468264,0.137969,-2039.769409
0.469274,0.13301,-2040.602295
0.469274,0.13301,-2040.317261
0.465833,0.131589,-2040.218872
0.468125,0.130286,-2039.707886
0.461186,0.136519,-2039.305664
0.461186,0.136519,-2039.315552
0.459383,0.143532,-2040.092285
0.45899,0.141629,-2040.496704
0.45899,0.141629,-2040.212891
0.45899,0.141629,-2039.439819
0.453657,0.135964,-2039.308105
0.452479,0.132957,-2038.351929
0.456744,0.137197,-2037.615479
0.457318,0.138597,-2038.955811
0.456639,0.132684,-2038.930664
0.451691,0.126475,-2038.700806
0.451691,0.126475,-2038.256104
0.4498,0.124311,-2038.485718
0.4498,0.124311,-2037.796875
0.446945,0.130419,-2037.551514
0.444235,0.13064,-2037.46167
0.44655,0.128032,-2037.616699
0.447804,0.122418,-2036.9198
0.444376,0.125256,-2037.773193
0.444376,0.125256,-2037.335571
0.444376,0.125256,-2037.199341
0.444376,0.125256,-2036.406128
0.449644,0.128136,-2037.806396
0.4501,0.126267,-2038.219727
0.4501,0.126267,-2037.602661
0.451892,0.125136,-2037.017822
0.450192,0.123255,-2037.682007
0.449251,0.128615,-2037.927246
0.448092,0.131639,-2037.674072
0.443455,0.128244,-2037.316895
0.43981,0.129887,-2037.368774
0.43981,0.129887,-2037.639893
0.436148,0.124797,-2036.984619
0.436148,0.124797,-2037.351929
0.439238,0.129164,-2037.568848
0.439238,0.129164,-2036.211426
0.444807,0.129426,-2037.4021
0.443308,0.135115,-2038.835205
0.446589,0.132587,-2038.817383
0.447806,0.132722,-2038.177246
0.447806,0.132722,-2037.168335
0.442822,0.130216,-2037.800049
0.442822,0.130216,-2037.094238
0.447486,0.13597,-2038.284424
0.45009,0.127582,-2037.604492
0.456561,0.126966,-2039.391357
0.453573,0.128868,-2038.350952
0.450723,0.128982,-2037.269531
0.445935,0.120883,-2037.655151
0.448549,0.123352,-2037.861084
0.454544,0.119343,-2038.000977
0.451506,0.1129,-2038.138428
0.449723,0.115077,-2038.608765
0.454036,0.124672,-2037.590332
0.456505,0.125707,-2038.129883
0.455979,0.124745,-2038.32312
0.455421,0.127097,-2038.517944
0.455705,0.128765,-2037.634644
0.455705,0.128765,-2037.266113
0.455705,0.128765,-2037.838257
0.456267,0.133862,-2039.083374
0.458162,0.127024,-2038.546631
0.458162,0.127024,-2037.115601
0.458162,0.127024,-2038.114624
0.45672,0.137808,-2038.892578
0.453904,0.135582,-2038.767578
0.453456,0.127789,-2038.245117
0.453035,0.129345,-2038.274658
0.453367,0.123923,-2037.513916
0.451124,0.12233,-2038.07373
0.448559,0.127675,-2037.263184
0.448559,0.127675,-2036.824463
0.449222,0.124896,-2037.186157
0.449426,0.122801,-2038.853149
0.444879,0.118447,-2037.279907
0.446696,0.119539,-2037.115845
0.449794,0.119059,-2037.866333
0.449285,0.1239,-2038.5896
0.444215,0.124557,-2037.12439
0.442713,0.131325,-2036.783203
0.442713,0.131325,-2037.043335
0.447218,0.121992,-2036.907471
0.44843,0.118044,-2037.411377
0.452511,0.116095,-2038.573486
0.452511,0.116095,-2037.83313
0.453838,0.114497,-2038.342163
0.452126,0.113804,-2039.225952
0.451742,0.116739,-2037.789307
0.449259,0.110769,-2039.862183
0.449259,0.110769,-2037.876099
0.449259,0.110769,-2039.214722
0.450856,0.108117,-2039.091797
0.450856,0.108117,-2039.608276
0.448444,0.105173,-2039.390991
0.448708,0.110577,-2038.538208
0.448708,0.110577,-2038.259766
0.453046,0.106247,-2039.747803
0.449391,0.103997,-2040.579468
0.448502,0.103145,-2038.940918
0.452816,0.10192,-2039.457886
0.447794,0.10685,-2039.209839
0.449439,0.10163,-2039.855469
0.450911,0.099696,-2040.696533
0.450911,0.099696,-2040.24585
0.450911,0.099696,-2040.769775
0.447662,0.104125,-2039.394531
0.443897,0.105973,-2038.863892
0.444441,0.109867,-2037.674805
0.440368,0.111753,-2038.180786
0.437452,0.116924,-2037.70459
0.437452,0.116924,-2037.375244
0.438773,0.116413,-2036.717041
0.444331,0.10862,-2039.517578
0.442945,0.111106,-2037.637695
0.446544,0.110166,-2037.371338
0.449211,0.107247,-2037.682129
0.449211,0.107247,-2039.736084
0.444166,0.108111,-2038.281982
0.4451,0.104427,-2039.460449
0.447589,0.104541,-2039.37207
0.446883,0.107727,-2038.970093
0.450284,0.10743,-2038.824341
0.450284,0.10743,-2040.19873
0.450284,0.10743,-2038.584595
0.450284,0.10743,-2037.233154
0.452271,0.105638,-2039.293945
0.453309,0.108761,-2038.166504
0.453309,0.108761,-2038.618408
0.453614,0.110902,-2038.588623
0.453614,0.110902,-2039.563477
0.450143,0.107143,-2039.397705
0.452534,0.1009,-2039.82666
0.450686,0.104337,-2039.73645
0.450853,0.111495,-2038.855103
0.454374,0.114778,-2038.682617
0.454374,0.114778,-2038.196045
0.453395,0.111177,-2038.443726
0.453395,0.111177,-2038.435303
0.453352,0.109109,-2039.031738
0.453497,0.111908,-2038.930664
0.454691,0.115975,-2039.593506
0.452238,0.117485,-2037.453735
0.455221,0.120156,-2038.766724
0.458067,0.128314,-2038.414307
0.458067,0.128314,-2038.234863
0.458067,0.128314,-2038.73291
0.458967,0.132892,-2039.412476
0.455231,0.125232,-2038.679688
0.461896,0.124469,-2038.867188
0.461896,0.124469,-2038.723633
0.46346,0.125711,-2038.303833
0.46124,0.129195,-2038.970215
0.456231,0.127359,-2038.48291
0.451688,0.125833,-2037.387085
0.445443,0.131038,-2037.502686
0.445443,0.131038,-2037.275879
0.446053,0.122603,-2036.155029
0.442978,0.123073,-2037.84436
0.441597,0.122966,-2037.227295
0.444755,0.117381,-2037.455078
0.444755,0.117381,-2036.238037
0.446547,0.11509,-2037.824829
0.448072,0.116052,-2038.377808
0.447221,0.115882,-2037.829468
0.449381,0.115031,-2037.879028
0.448089,0.11094,-2037.764404
0.446241,0.111305,-2038.746094
0.446241,0.111305,-2038.233521
0.449784,0.116225,-2038.018555
0.449663,0.112737,-2037.962646
0.449663,0.112737,-2037.011719
0.449663,0.112737,-2037.104736
0.450855,0.114514,-2038.232666
0.445946,0.116552,-2037.551392
0.445946,0.116552,-2038.414551
0.445946,0.116552,-2037.599976
0.445946,0.116552,-2038.467896
0.443793,0.115411,-2037.189697
0.434747,0.11481,-2038.066406
0.436869,0.117598,-2037.390747
0.437103,0.117806,-2037.544922
0.434574,0.1259,-2037.456299
0.436988,0.126752,-2036.46582
0.440258,0.126568,-2037.348389
0.440258,0.126568,-2037.213501
0.438604,0.12272,-2037.000244
0.440824,0.129506,-2036.936279
0.441218,0.126344,-2037.631592
0.440277,0.120323,-2036.37085
0.440277,0.120323,-2037.220703
0.440277,0.120323,-2036.962646
0.441587,0.119797,-2037.684692
0.440924,0.119355,-2038.031372
0.440386,0.113925,-2037.54834
0.441436,0.115625,-2037.182007
0.448191,0.121298,-2038.248657
0.448191,0.121298,-2037.605835
0.445153,0.122431,-2036.880005
0.446396,0.116594,-2037.225464
0.446267,0.120709,-2037.726807
0.446267,0.120709,-2037.87561
0.448443,0.118755,-2037.408813
0.448562,0.118699,-2038.064941
0.449519,0.116719,-2038.516479
0.449519,0.116719,-2037.204468
0.457516,0.120256,-2038.794678
0.460716,0.123776,-2038.072754
0.459243,0.126502,-2038.616577
0.461955,0.122798,-2037.670654
0.459977,0.132452,-2038.69043
0.462057,0.131443,-2039.134888
0.463622,0.130707,-2039.187744
0.466965,0.135829,-2040.350342
0.469986,0.14328,-2041.998169
0.469986,0.14328,-2040.938721
0.468895,0.141089,-2042.337646
0.464938,0.140753,-2039.230469
0.463649,0.136907,-2040.084351
0.465968,0.134816,-2039.633423
0.466398,0.136704,-2041.616333
0.466398,0.136704,-2039.293457
0.46609,0.132162,-2040.628174
0.469529,0.132379,-2040.271484
0.470286,0.137019,-2041.431396
0.470987,0.146004,-2041.976318
0.470987,0.146004,-2042.322998
0.474839,0.142607,-2043.299927
0.475814,0.143868,-2043.770264
0.47748,0.137599,-2042.546143
0.47748,0.137599,-2041.89209
0.481687,0.131858,-2043.281006
0.484163,0.133607,-2043.427856
0.484023,0.1381,-2043.739746
0.479465,0.139422,-2043.617432
0.477391,0.136059,-2042.121948
0.476963,0.137415,-2041.662109
0.47282,0.136657,-2041.550537
0.468123,0.145078,-2041.828125
0.468123,0.145078,-2041.658569
0.462063,0.144803,-2040.062622
0.462723,0.143043,-2040.310547
0.462146,0.146231,-2040.928589
0.461197,0.14472,-2040.032593
0.463775,0.143314,-2040.95459
0.468408,0.149021,-2042.316895
0.468408,0.149021,-2042.482544
0.465734,0.150533,-2041.336182
0.465734,0.150533,-2042.377197
0.460236,0.154302,-2042.321777
0.461319,0.147341,-2040.577881
0.459657,0.146197,-2040.745728
0.456135,0.143516,-2041.214355
0.451097,0.14125,-2038.680908
0.451097,0.14125,-2039.293457
0.451097,0.14125,-2039.367676
0.451097,0.14125,-2038.758057
0.453989,0.140433,-2038.98645
0.453989,0.140433,-2038.410034
0.453989,0.140433,-2038.599854
0.453989,0.140433,-2038.623047
0.45132,0.14103,-2038.376709
0.450229,0.13917,-2038.038452
0.455121,0.142298,-2038.788696
0.459657,0.139235,-2038.948242
0.454101,0.137602,-2038.288086
0.454101,0.137602,-2038.900757
0.454101,0.137602,-2039.516357
0.450914,0.139161,-2039.218384
0.450914,0.139161,-2038.589844
0.450914,0.139161,-2037.36792
0.450999,0.140013,-2039.114014
0.450999,0.140013,-2037.234741
0.452189,0.133604,-2038.587036
0.455704,0.132395,-2038.510376
0.457837,0.13348,-2038.082275
0.457837,0.13348,-2037.992188
0.456383,0.128505,-2037.589111
0.459163,0.128212,-2038.902588
0.45906,0.123835,-2038.069214
0.45846,0.120846,-2039.076294
0.45846,0.120846,-2038.016602
0.45846,0.120846,-2038.288574
0.461303,0.121247,-2038.624634
0.461303,0.121247,-2039.152832
0.466546,0.119233,-2040.021484
0.468739,0.122163,-2040.128906
0.464569,0.124876,-2039.978271
0.464569,0.124876,-2039.16626
0.467158,0.125692,-2039.370483
0.463662,0.132494,-2039.5271
0.465251,0.133669,-2039.917236
0.465251,0.133669,-2039.080566
0.465251,0.133669,-2039.421631
0.467974,0.126841,-2040.116699
0.461523,0.125663,-2039.845459
0.457794,0.128391,-2038.221191
0.457794,0.128391,-2038.947144
0.459545,0.127864,-2038.92627
0.461194,0.125127,-2039.775879
0.461194,0.125127,-2039.673828
0.461194,0.125127,-2039.071045
0.460962,0.125761,-2039.55835
0.460962,0.125761,-2038.080322
0.45983,0.126112,-2039.091064
0.4599,0.119622,-2038.512939
0.4599,0.119622,-2038.77356
0.46005,0.116235,-2039.585083
0.455636,0.11474,-2039.306396
0.455636,0.11474,-2038.24646
0.456284,0.119332,-2039.139404
0.455131,0.11912,-2038.290894
0.452838,0.122216,-2038.089355
0.455115,0.120354,-2038.591797
0.452962,0.117066,-2037.559326
0.456984,0.112932,-2038.857422
0.456984,0.112932,-2038.787598
0.461217,0.111545,-2039.73877
0.468796,0.117028,-2040.49585
0.468796,0.117028,-2040.388794
0.469285,0.110109,-2041.818237
0.469425,0.109792,-2040.381958
0.469425,0.109792,-2041.665039
0.469425,0.109792,-2041.549805
0.469425,0.109792,-2042.023926
0.4614,0.10522,-2041.348633
0.458764,0.11074,-2040.251465
0.460741,0.11073,-2039.579346
0.460639,0.108877,-2040.039673
0.460639,0.108877,-2039.141602
0.458432,0.110629,-2040.071533
0.458432,0.110629,-2038.606689
0.459394,0.123301,-2038.634399
0.458424,0.114745,-2039.407227
0.458424,0.114745,-2038.654297
0.457069,0.121909,-2040.228271
0.459529,0.121071,-2039.38208
0.457232,0.126426,-2038.611694
0.451465,0.120503,-2036.9375
0.447217,0.121917,-2036.993408
0.447217,0.121917,-2037.071777
0.446203,0.123113,-2037.209351
0.444318,0.120696,-2036.982178
0.445524,0.125703,-2037.782104
0.444853,0.127339,-2038.08728
0.451148,0.121038,-2038.43335
0.447497,0.121435,-2037.586792
0.446927,0.117434,-2037.038086
0.447072,0.115433,-2037.351685
0.447162,0.115153,-2037.723022
0.444321,0.115664,-2037.125
0.442032,0.115552,-2037.901245
0.442032,0.115552,-2036.445801
0.439596,0.114035,-2038.155518
0.436462,0.113663,-2037.560791
0.436714,0.112596,-2037.510742
0.433891,0.113929,-2037.859863
0.428335,0.120677,-2038.008545
0.425512,0.122938,-2038.25354
0.425512,0.122938,-2037.518555
0.423465,0.130571,-2037.98645
0.423665,0.131869,-2037.859741
0.423665,0.131869,-2037.993896
0.427282,0.13913,-2037.880249
0.427282,0.13913,-2039.108521
0.427282,0.13913,-2039.178833
0.427282,0.13913,-2038.095581
0.423831,0.138331,-2038.057861
0.426702,0.135084,-2039.098389
0.426865,0.133881,-2037.2948
0.425505,0.136718,-2039.394287
0.425505,0.136718,-2038.547119
0.421567,0.131903,-2038.567871
0.42225,0.134131,-2039.440063
0.422368,0.135672,-2038.658691
0.422368,0.135672,-2038.606445
0.422368,0.135672,-2039.868896
0.42699,0.132611,-2037.412842
0.42947,0.129231,-2037.939209
0.429258,0.124518,-2038.201538
0.429258,0.124518,-2036.807251
0.429258,0.124518,-2037.031738
0.428755,0.126329,-2037.362183
0.428435,0.125483,-2036.970703
0.4286,0.125587,-2037.796875
0.4286,0.125587,-2036.760986
0.427825,0.122298,-2037.190674
0.433545,0.125901,-2037.68042
0.433152,0.132363,-2037.911377
0.433152,0.132363,-2037.716553
0.432706,0.134318,-2038.149292
0.432706,0.134318,-2037.272339
0.432551,0.131663,-2037.801025
0.432551,0.131663,-2038.053101
0.426446,0.123142,-2038.66333
0.427415,0.122225,-2037.984619
0.427415,0.122225,-2037.56958
0.425112,0.122624,-2037.25708
0.424042,0.119587,-2039.402344
0.424042,0.119587,-2038.312012
0.423349,0.118716,-2039.560669
0.423349,0.118716,-2038.609131
0.423349,0.118716,-2039.85791
0.423165,0.120209,-2039.394409
0.427341,0.126125,-2038.145752
0.425142,0.123002,-2037.512451
0.425142,0.123002,-2037.371582
0.425142,0.123002,-2037.967285
0.425142,0.123002,-2037.759155
0.42505,0.121423,-2038.48645
0.423442,0.125317,-2038.061157
0.421053,0.13211,-2038.666992
0.421053,0.13211,-2038.954834
0.421053,0.13211,-2037.988892
0.429579,0.133192,-2037.751221
0.427597,0.129537,-2037.729248
0.428234,0.129366,-2038.378662
0.425715,0.12642,-2037.905151
0.42318,0.121171,-2038.579224
0.423183,0.119704,-2038.867432
0.420137,0.121395,-2038.637329
0.426383,0.12664,-2038.473389
0.428443,0.127936,-2038.170044
0.425758,0.131312,-2038.400391
0.426843,0.13078,-2037.976074
0.426163,0.132897,-2037.228516
0.426163,0.132897,-2038.551758
0.425522,0.138434,-2039.651855
0.425522,0.138434,-2038.155518
0.425522,0.138434,-2038.868408
0.425522,0.138434,-2038.596924
0.424795,0.141156,-2040.342407
0.42676,0.140958,-2038.712524
0.430997,0.138891,-2038.760498
0.430397,0.146843,-2039.340088
0.429044,0.146549,-2039.908081
0.426937,0.140143,-2039.088379
0.426937,0.140143,-2038.398926
0.425718,0.138623,-2038.816895
0.425718,0.138623,-2039.146729
0.425718,0.138623,-2038.204468
0.424503,0.135983,-2038.400879
0.421309,0.141809,-2039.303223
0.421309,0.141809,-2039.90564
0.418004,0.138052,-2038.633667
0.418004,0.138052,-2039.486572
0.418004,0.138052,-2039.640015
0.418004,0.138052,-2038.44751
0.418891,0.129639,-2039.155762
0.418018,0.125016,-2040.124268
0.422809,0.133409,-2039.383301
0.429281,0.141437,-2039.67981
0.425707,0.138479,-2038.151245
0.424462,0.139731,-2038.397339
0.424462,0.139731,-2038.395142
0.422029,0.138532,-2040.050293
0.420164,0.136365,-2038.94873
0.420164,0.136365,-2039.234619
0.418332,0.130065,-2038.939819
0.422395,0.124715,-2038.835449
0.422035,0.121898,-2038.237549
0.4212,0.121551,-2038.305054
0.4212,0.121551,-2038.455688
0.4212,0.121551,-2037.922607
0.4212,0.121551,-2038.373291
0.420632,0.126804,-2038.509033
0.420632,0.126804,-2038.713013
0.424907,0.121339,-2037.952148
0.423253,0.116738,-2039.363403
0.423253,0.116738,-2038.913574
0.427346,0.123432,-2038.262939
0.426254,0.125207,-2038.990601
0.432256,0.1248,-2037.610718
0.431813,0.119596,-2036.236572
0.432055,0.115871,-2037.345093
0.42921,0.118062,-2038.505859
0.427825,0.117344,-2038.824463
0.426534,0.116785,-2039.485352
0.427033,0.110573,-2038.511841
0.427033,0.110573,-2038.5
0.430514,0.112269,-2037.262939
0.427523,0.115714,-2037.520752
0.430462,0.113585,-2039.535522
0.429071,0.12234,-2036.694458
0.436042,0.118586,-2038.214111
0.434619,0.125278,-2036.832275
0.432065,0.126304,-2037.72229
0.434578,0.119645,-2037.762451
0.434578,0.119645,-2036.849976
0.43605,0.120639,-2038.671265
0.437093,0.123758,-2036.986572
0.439731,0.127174,-2036.702759
0.439731,0.127174,-2037.26123
0.439419,0.117891,-2037.687622
0.439902,0.122502,-2038.126465
0.439902,0.122502,-2036.8125
0.441159,0.120118,-2036.773438
0.439782,0.119603,-2037.65979
0.44246,0.126905,-2037.733154
0.446726,0.12491,-2038.05957
0.445952,0.119492,-2037.748779
0.440604,0.119214,-2037.257935
0.43977,0.12175,-2037.839478
0.440993,0.119328,-2038.74707
0.439115,0.116939,-2037.731445
0.439115,0.116939,-2037.706055
0.439115,0.116939,-2037.307617
0.445154,0.11948,-2037.522949
0.4472,0.117481,-2037.901123
0.452078,0.118203,-2038.723267
0.452496,0.113158,-2038.634277
0.452496,0.113158,-2038.590088
0.447986,0.117352,-2037.628662
0.44251,0.111847,-2038.586426
0.44251,0.111847,-2037.272461
0.442054,0.104865,-2039.168457
0.446301,0.102456,-2039.187012
0.444474,0.100467,-2040.370605
0.439401,0.104363,-2038.793945
0.438789,0.106438,-2039.758911
0.440989,0.106983,-2039.681763
0.438378,0.114198,-2037.275635
0.434429,0.112781,-2037.700439
0.434429,0.112781,-2037.550049
0.435727,0.111276,-2038.111572
0.434009,0.110579,-2038.080322
0.438925,0.103891,-2038.845459
0.440793,0.106227,-2039.347656
0.440754,0.108682,-2037.750854
0.440283,0.108748,-2037.992065
0.43953,0.112129,-2037.263672
0.43953,0.112129,-2036.934448
0.447918,0.1201,-2037.922852
0.448446,0.118195,-2037.765991
0.448446,0.118195,-2037.748901
0.444682,0.119885,-2037.626709
0.444335,0.126753,-2037.387573
0.441725,0.129121,-2038.2948
0.441725,0.129121,-2036.356201
0.438143,0.130547,-2036.858398
0.435563,0.13142,-2037.464355
0.435563,0.13142,-2036.772095
0.433836,0.129266,-2037.590576
0.438437,0.134405,-2037.502441
0.438228,0.135181,-2038.162964
0.442002,0.134307,-2038.790771
0.443026,0.135197,-2037.707764
0.443026,0.135197,-2037.343506
0.441886,0.138885,-2038.086914
0.441582,0.140409,-2039.147217
0.444413,0.133534,-2037.529297
0.444263,0.130358,-2038.262085
0.441245,0.131268,-2038.466431
0.441245,0.131268,-2037.299072
0.444879,0.133025,-2037.513794
0.444592,0.14027,-2038.103516
0.445418,0.140258,-2039.44751
0.440189,0.141804,-2039.578125
0.440189,0.141804,-2038.319336
0.440189,0.141804,-2038.034668
0.439841,0.139128,-2038.908447
0.439841,0.139128,-2037.599365
0.438376,0.131149,-2038.144775
0.437802,0.133066,-2037.470337
0.43662,0.127924,-2036.873535
0.43662,0.127924,-2036.913086
0.437248,0.131054,-2037.445068
0.438156,0.130417,-2037.595703
0.437598,0.133716,-2036.810425
0.44205,0.139671,-2037.765381
0.444507,0.1313,-2037.191895
0.442028,0.133553,-2037.577881
0.442028,0.133553,-2038.050781
0.447112,0.136353,-2037.565186
0.442606,0.136338,-2038.099609
0.444783,0.139673,-2038.887207
0.442628,0.135344,-2038.342529
0.442628,0.135344,-2036.999268
0.442628,0.135344,-2037.07251
0.439745,0.131898,-2037.626953
0.444941,0.128306,-2037.147339
0.444941,0.128306,-2037.727539
0.448443,0.123922,-2037.807617
0.447777,0.121618,-2037.574585
0.447777,0.121618,-2037.62561
0.448233,0.118557,-2037.40979
0.448233,0.118557,-2037.994385
0.443426,0.122524,-2036.758301
0.449095,0.12796,-2036.667725
0.449095,0.12796,-2037.287354
0.44566,0.130858,-2038.303223
0.448928,0.132938,-2038.599243
0.448928,0.132938,-2038.202881
0.450992,0.138297,-2038.913208
0.450992,0.138297,-2037.386475
0.450992,0.138297,-2037.840698
0.450992,0.138297,-2037.773682
0.450992,0.138297,-2038.185791
0.452028,0.13419,-2038.160767
0.450431,0.128137,-2037.43335
0.444091,0.127679,-2037.804199
0.444062,0.126452,-2037.526367
0.445822,0.131087,-2037.488525
0.438284,0.126799,-2036.486084
0.438091,0.12945,-2037.369751
0.438014,0.127085,-2037.637695
0.438014,0.127085,-2037.703857
0.438746,0.128509,-2036.816162
0.439004,0.128593,-2036.787842
0.440367,0.130885,-2037.576172
0.43654,0.121223,-2037.483521
0.43654,0.121223,-2037.467285
0.437501,0.118966,-2036.726562
0.441488,0.120347,-2037.823242
0.441836,0.117591,-2037.095459
0.441836,0.117591,-2037.038086
0.441836,0.117591,-2037.507568
0.437562,0.117357,-2037.287109
0.440334,0.11791,-2036.925659
0.438704,0.119144,-2037.310425
0.437223,0.121372,-2037.941162
0.439343,0.1175,-2036.469971
0.439343,0.1175,-2037.6604
0.437028,0.11663,-2038.336914
0.437028,0.11663,-2036.968506
0.437028,0.11663,-2037.295044
0.43701,0.114806,-2037.171875
0.439123,0.106523,-2039.151855
0.43981,0.112155,-2037.652466
0.443673,0.110513,-2037.854858
0.443673,0.110513,-2038.570312
0.444666,0.109217,-2038.851562
0.444666,0.109217,-2038.529541
0.44357,0.11141,-2038.061035
0.446135,0.12091,-2037.945312
0.446135,0.12091,-2036.535889
0.442731,0.118645,-2037.532959
0.443607,0.130586,-2037.281494
0.443992,0.129316,-2036.66333
0.442013,0.131687,-2037.963013
0.440922,0.126343,-2036.635986
0.442536,0.122364,-2036.387329
0.442536,0.122364,-2037.411133
0.444189,0.125773,-2038.100708
0.44611,0.126421,-2037.707031
0.444707,0.127231,-2038.069092
0.444707,0.127231,-2037.077271
0.443274,0.125155,-2037.701904
0.443274,0.125155,-2037.315308
0.439859,0.122805,-2037.36377
0.442779,0.127174,-2037.397949
0.442779,0.127174,-2037.926514
0.439536,0.120332,-2037.154297
0.442361,0.124789,-2037.989258
0.442361,0.124789,-2037.516113
0.445297,0.125363,-2037.556885
0.447015,0.127537,-2037.856323
0.449495,0.124184,-2037.689941
0.441516,0.115444,-2037.373291
0.444156,0.115794,-2038.054565
0.442488,0.120864,-2037.296387
0.440245,0.122404,-2037.616943
0.446973,0.12467,-2038.035889
0.443781,0.127332,-2036.583252
0.443781,0.127332,-2037.297241
0.448177,0.131463,-2037.525024
0.445179,0.13861,-2036.932129
0.444397,0.130866,-2038.419189
0.444397,0.130866,-2036.286987
0.444397,0.130866,-2037.356079
0.446699,0.125934,-2037.336304
0.446699,0.125934,-2036.835693
0.449468,0.130447,-2037.822021
0.450661,0.12331,-2038.404541
0.450661,0.12331,-2038.141968
0.450661,0.12331,-2037.797119
0.451226,0.120758,-2037.671387
0.451317,0.126084,-2038.432861
0.457367,0.12505,-2037.417969
0.457367,0.12505,-2039.121948
0.456475,0.121085,-2038.092041
0.455882,0.120042,-2038.377686
0.456877,0.123483,-2038.480591
0.456402,0.123016,-2037.532959
0.457523,0.133182,-2038.52356
0.458479,0.132053,-2039.049927
0.456011,0.136306,-2037.583252
0.456011,0.136306,-2038.468018
0.456011,0.136306,-2037.898315
0.457785,0.142714,-2039.322266
0.458222,0.13719,-2038.357666
0.457122,0.132057,-2037.296387
0.452922,0.133591,-2037.494629
0.4516,0.139246,-2039.153931
0.449472,0.135575,-2038.542236
0.448753,0.129503,-2038.000244
0.445957,0.134074,-2038.090576
0.445957,0.134074,-2037.170654
0.442006,0.131399,-2038.240234
0.442006,0.131399,-2037.387939
0.442963,0.133148,-2037.950073
0.441441,0.135543,-2038.134399
0.442547,0.12787,-2037.495361
0.445265,0.130615,-2037.392456
0.448454,0.128846,-2038.256226
0.445904,0.131206,-2038.100586
0.443705,0.12249,-2037.23938
0.438922,0.11904,-2038.375122
0.439636,0.120225,-2036.938965
0.441033,0.119538,-2038.185059
0.439748,0.122756,-2037.480469
0.440465,0.126149,-2037.47583
0.444259,0.130607,-2036.821045
0.446237,0.136642,-2038.015747
0.448759,0.133668,-2037.503296
0.448759,0.133668,-2037.293579
0.447982,0.137839,-2038.748779
0.450012,0.138531,-2038.92395
0.451855,0.138945,-2039.03125
0.454148,0.146253,-2039.191284
0.454515,0.145261,-2040.367188
0.457923,0.14293,-2039.540894
0.457923,0.14293,-2040.114502
0.461388,0.142691,-2041.400513
0.464981,0.14324,-2040.361084
0.461609,0.141513,-2040.487671
0.463304,0.144661,-2040.285156
0.462348,0.147368,-2041.266357
0.462147,0.151293,-2042.004883
0.462147,0.151293,-2040.681152
0.465158,0.147994,-2041.144409
0.467427,0.151651,-2043.18396
0.462288,0.148144,-2041.733643
0.462288,0.148144,-2040.727051
0.462288,0.148144,-2040.394531
0.462127,0.144722,-2040.796387
0.463609,0.14262,-2039.804932
0.464507,0.147544,-2041.180664
0.46574,0.139109,-2040.45752
0.462841,0.138647,-2040.44043
0.462841,0.138647,-2040.13269
0.461557,0.130934,-2040.102783
0.459219,0.129836,-2038.050049
0.459219,0.129836,-2038.571777
0.463299,0.123672,-2039.226807
0.461994,0.12231,-2038.874878
0.458798,0.121715,-2039.377441
0.458798,0.121715,-2038.975342
0.460198,0.118257,-2039.318848
0.460198,0.118257,-2038.046631
0.459428,0.110991,-2040.249512
0.45861,0.115964,-2038.321411
0.459856,0.118217,-2039.093994
0.459856,0.118217,-2039.952148
0.459856,0.118217,-2038.542114
0.459856,0.118217,-2039.275146
0.456392,0.110586,-2039.112061
0.454388,0.106388,-2040.080688
0.452563,0.105567,-2038.97937
0.452464,0.105917,-2039.624878
0.452464,0.105917,-2039.421509
0.454514,0.10962,-2038.417236
0.454514,0.10962,-2039.815552
0.454732,0.115484,-2038.908691
0.456212,0.11241,-2039.673462
0.452165,0.109194,-2038.936157
0.448543,0.109747,-2039.014893
0.444031,0.111211,-2038.140869
0.446086,0.116646,-2037.491699
0.448165,0.115774,-2037.298096
0.451397,0.125043,-2038.253296
0.450318,0.125823,-2038.149414
0.450673,0.125764,-2037.185425
0.451747,0.131098,-2037.476807
0.453457,0.131468,-2039.093506
0.454694,0.129871,-2038.071899
0.456036,0.132867,-2038.455322
0.456036,0.132867,-2038.21936
0.44961,0.12947,-2037.730835
0.444037,0.130538,-2037.942383
0.443447,0.127887,-2036.507568
0.446725,0.123276,-2037.396729
0.449591,0.118306,-2037.339355
0.446936,0.121358,-2037.818359
0.446936,0.121358,-2037.818481
0.447629,0.119225,-2037.352051
0.452775,0.122698,-2037.088135
0.452775,0.122698,-2037.94458
0.45603,0.126821,-2037.912598
0.456073,0.124995,-2038.219238
0.456073,0.124995,-2038.232666
0.456073,0.124995,-2037.18335
0.452032,0.125874,-2038.192627
0.452032,0.125874,-2037.881348
0.451064,0.124811,-2038.222168
0.455655,0.118609,-2038.561768
0.457602,0.116517,-2039.289429
0.458902,0.115791,-2038.337402
0.450972,0.11523,-2037.648071
0.451002,0.115703,-2038.310303
0.452123,0.116407,-2038.171387
0.448278,0.114123,-2038.014038
0.448718,0.114525,-2037.15332
0.448718,0.114525,-2037.159546
0.449935,0.112631,-2037.870972
0.446484,0.115312,-2037.296387
0.44475,0.11469,-2038.55127
0.445281,0.11743,-2036.951538
0.439743,0.114213,-2038.093018
0.440554,0.116085,-2038.259399
0.439835,0.11963,-2038.039795
0.439835,0.11963,-2036.807861
0.437521,0.116014,-2037.628662
0.434067,0.119199,-2037.454834
0.434067,0.119199,-2037.842896
0.434067,0.119199,-2037.208252
0.433626,0.115372,-2036.828247
0.430838,0.12302,-2036.700928
0.430722,0.127028,-2037.647339
0.428739,0.12268,-2037.909546
0.428739,0.12268,-2037.044312
0.435125,0.122221,-2037.34314
0.43668,0.124752,-2037.637695
0.437652,0.125869,-2038.20874
0.440181,0.126189,-2037.70166
0.444653,0.123469,-2037.910645
0.444653,0.123469,-2036.724365
0.437223,0.121002,-2038.017822
0.436786,0.125267,-2037.406738
0.436786,0.125267,-2037.421387
0.434625,0.128314,-2036.894043
0.428705,0.129734,-2036.676147
0.429879,0.124068,-2038.057861
0.424265,0.121871,-2039.023926
0.423714,0.117949,-2038.463257
0.423714,0.117949,-2037.82251
0.425005,0.121386,-2038.681274
0.425005,0.121386,-2037.81189
0.426975,0.12543,-2037.584229
0.426975,0.12543,-2036.939697
0.426975,0.12543,-2036.787354
0.426975,0.12543,-2037.481567
0.420831,0.124239,-2037.816772
0.422595,0.124239,-2039.492676
0.422595,0.124239,-2038.315308
0.422595,0.124239,-2038.266846
0.429553,0.125542,-2037.272461
0.433906,0.120714,-2037.523193
0.433906,0.120714,-2036.717407
0.433906,0.120714,-2036.334473
0.433906,0.120714,-2036.878052
0.435053,0.120989,-2037.397705
0.434264,0.122112,-2037.531006
0.437878,0.120375,-2037.040039
0.436624,0.117041,-2037.998413
0.43822,0.11643,-2037.384766
0.433462,0.112573,-2038.138062
0.435833,0.116232,-2037.942261
0.437045,0.117812,-2038.487549
0.437045,0.117812,-2037.372681
0.439411,0.120858,-2037.450684
0.44164,0.116387,-2038.00354
0.441257,0.121003,-2037.974609
0.4426,0.123465,-2038.025024
0.441023,0.118561,-2037.850586
0.441023,0.118561,-2037.696045
0.437476,0.118672,-2036.603027
0.432646,0.110733,-2037.697144
0.432276,0.114148,-2038.892212
0.430757,0.119517,-2037.548096
0.4313,0.119097,-2036.836548
0.434969,0.11757,-2037.339233
0.434969,0.11757,-2037.122437
0.432227,0.116917,-2037.525879
0.433055,0.124114,-2037.989014
0.434461,0.124109,-2037.587891
0.430617,0.124355,-2037.506104
0.433444,0.12708,-2037.939209
0.433177,0.125818,-2036.80542
0.430103,0.123201,-2037.03125
0.430103,0.123201,-2037.483398
0.430103,0.123201,-2037.218506
0.432093,0.117169,-2037.917969
0.432075,0.116055,-2038.843384
0.433093,0.117211,-2037.370239
0.432214,0.114355,-2037.789062
0.433306,0.115483,-2036.939453
0.436336,0.119736,-2036.781494
0.434826,0.117986,-2037.311646
0.436147,0.118546,-2037.126831
0.436147,0.118546,-2037.870483
0.43853,0.119363,-2037.311523
0.43853,0.119363,-2036.371094
0.435849,0.118989,-2037.311523
0.432056,0.120316,-2037.105835
0.43117,0.115805,-2038.174316
0.426778,0.114108,-2037.553955
0.422019,0.114469,-2038.830811
0.422921,0.118403,-2038.723877
0.424116,0.119168,-2038.043457
0.424116,0.119168,-2038.278076
0.424116,0.119168,-2038.21106
0.424116,0.119168,-2038.287964
0.424273,0.113964,-2037.852783
0.430246,0.116186,-2039.113037
0.429469,0.114184,-2038.135986
0.424938,0.109373,-2039.36084
0.426391,0.115012,-2038.697632
0.42515,0.120124,-2038.227051
0.427522,0.121531,-2038.277344
0.427522,0.121531,-2037.85498
0.435525,0.121402,-2038.19104
0.435525,0.121402,-2037.144531
0.431824,0.124093,-2037.669678
0.431824,0.124093,-2037.272461
0.430561,0.125875,-2037.849365
0.432696,0.130177,-2037.283569
0.435368,0.125597,-2037.870605
0.434664,0.123877,-2036.460327
0.434664,0.123877,-2036.792725
0.434664,0.123877,-2036.05249
0.436472,0.132839,-2037.831665
0.436472,0.132839,-2037.231445
0.436472,0.132839,-2036.290894
0.437659,0.135002,-2036.533081
0.437038,0.134499,-2037.157471
0.440464,0.141266,-2038.22998
0.438036,0.140716,-2037.870117
0.437921,0.138184,-2037.354858
0.439658,0.138092,-2038.11499
0.439234,0.136763,-2037.529663
0.436702,0.133367,-2038.59436
0.438888,0.137584,-2037.544434
0.438888,0.137584,-2036.720093
0.43769,0.139381,-2038.398926
0.436,0.131602,-2038.104858
0.436,0.131602,-2037.420776
0.436,0.131602,-2036.957764
0.435033,0.12518,-2037.169922
0.430744,0.1242,-2036.545898
0.42737,0.124732,-2037.554199
0.428658,0.130101,-2038.226196
0.428658,0.130101,-2037.037354
0.428658,0.130101,-2036.931152
0.428658,0.130101,-2037.533813
0.430949,0.132374,-2037.715088
0.430949,0.132374,-2037.526611
0.428928,0.130946,-2037.373535
0.430465,0.131504,-2037.607178
0.430465,0.131504,-2037.71814
0.430465,0.131504,-2036.643433
0.430443,0.129789,-2037.368286
0.424718,0.129466,-2038.92749
0.424718,0.129466,-2037.716187
0.426949,0.132572,-2038.280762
0.428326,0.132937,-2037.513672
0.43172,0.133815,-2037.094727
0.436235,0.13151,-2037.028076
0.433434,0.131914,-2037.700562
0.429139,0.12875,-2037.809692
0.430745,0.124282,-2037.506958
0.425845,0.133173,-2037.997803
0.429325,0.136119,-2038.835815
0.426439,0.142668,-2039.570557
0.427923,0.141742,-2039.111816
0.431963,0.146209,-2039.154785
0.431963,0.146209,-2040.075684
0.436332,0.146533,-2038.763672
0.438806,0.145105,-2039.19104
0.438806,0.145105,-2038.001709
0.438806,0.145105,-2038.770752
0.443527,0.144733,-2038.591431
0.433363,0.145722,-2038.499634
0.435086,0.148477,-2038.555542
0.438516,0.1434,-2039.081177
0.439685,0.135702,-2037.934692
0.445846,0.138467,-2038.087158
0.445846,0.138467,-2037.595581
0.445738,0.135222,-2037.885254
0.444466,0.130594,-2037.645508
0.446274,0.130279,-2038.111938
0.446274,0.130279,-2037.519775
0.446274,0.130279,-2037.361938
0.446274,0.130279,-2037.784668
0.449909,0.123431,-2037.436523
0.454139,0.124382,-2038.184326
0.454463,0.124956,-2038.512695
0.454463,0.124956,-2038.513184
0.454463,0.124956,-2038.579102
0.450537,0.128025,-2038.672852
0.450537,0.128025,-2037.596191
0.450537,0.128025,-2037.872192
0.453404,0.125681,-2038.089233
0.450735,0.125725,-2037.372559
0.451532,0.127622,-2037.831299
0.451532,0.127622,-2037.452026
0.453073,0.135001,-2038.302734
0.448968,0.132191,-2037.476196
0.452577,0.133652,-2038.364136
0.452577,0.133652,-2038.208008
0.452577,0.133652,-2037.202515
0.45537,0.135788,-2038.82959
0.45537,0.135788,-2039.381714
0.453081,0.137354,-2038.658691
0.449544,0.135916,-2038.470703
0.449544,0.135916,-2038.417969
0.449544,0.135916,-2039.621094
0.447128,0.133875,-2037.419434
0.447128,0.133875,-2037.267578
0.447128,0.133875,-2037.668701
0.447128,0.133875,-2036.998779
0.44686,0.141617,-2038.418213
0.44686,0.141617,-2037.642944
0.44686,0.141617,-2038.237549
0.446299,0.134118,-2037.5896
0.448334,0.134301,-2037.533691
0.449168,0.128667,-2038.52771
0.449168,0.128667,-2037.713745
0.449168,0.128667,-2036.641357
0.449168,0.128667,-2037.983398
0.452224,0.12519,-2037.709595
0.450581,0.126344,-2037.644531
0.450581,0.126344,-2037.075195
0.450581,0.126344,-2037.38916
0.448958,0.134163,-2037.645264
0.448958,0.134163,-2036.708008
0.450231,0.133599,-2037.95166
0.4512,0.135096,-2038.669434
0.453137,0.123355,-2037.981079
0.453137,0.123355,-2037.721436
0.449352,0.125437,-2036.749268
0.444484,0.128408,-2037.870605
0.445151,0.126591,-2037.364014
0.444742,0.129131,-2036.984131
0.440536,0.130541,-2036.7229
0.443033,0.134096,-2037.835571
0.445153,0.134155,-2037.715454
0.441214,0.135505,-2037.422852
0.445562,0.13573,-2037.785645
0.443879,0.133751,-2037.98291
0.440226,0.130953,-2036.764893
0.438471,0.127748,-2037.943481
0.438471,0.127748,-2037.581299
0.433273,0.118553,-2037.731445
0.431441,0.115589,-2037.968994
0.434365,0.119254,-2036.603027
0.436193,0.115193,-2036.935547
0.436698,0.117279,-2037.029053
0.444698,0.111825,-2037.328125
0.44164,0.113988,-2037.34314
0.44164,0.113988,-2037.390625
0.443433,0.107587,-2038.277344
0.444784,0.110165,-2038.974365
0.438005,0.109963,-2038.464111
0.440174,0.110068,-2038.513428
0.442938,0.114541,-2037.71875
0.442938,0.114541,-2038.205933
0.442938,0.114541,-2037.055664
0.443219,0.120523,-2037.347046
0.442061,0.119921,-2036.830078
0.43892,0.12229,-2037.907104
0.443369,0.130531,-2037.733154
0.443369,0.130531,-2037.849243
0.442572,0.130773,-2037.375488
0.441606,0.139838,-2038.149536
0.445312,0.139259,-2038.015137
0.448957,0.143862,-2038.798584
0.447815,0.150424,-2039.590576
0.446639,0.148886,-2039.303711
0.446639,0.148886,-2038.940308
0.441472,0.146104,-2039.296509
0.438179,0.144183,-2038.653198
0.438179,0.144183,-2038.023315
0.438179,0.144183,-2038.356812
0.441935,0.138949,-2037.978027
0.446574,0.136518,-2038.460205
0.447786,0.129587,-2038.0896
0.447786,0.129587,-2036.749023
0.447753,0.121047,-2037.75354
0.445179,0.112281,-2037.759155
0.443112,0.118406,-2037.518799
0.445548,0.116218,-2036.733643
0.446339,0.117543,-2037.743652
0.445943,0.115421,-2037.537476
0.443997,0.120739,-2038.929565
0.438849,0.116051,-2038.215698
0.437236,0.112595,-2036.715698
0.439085,0.105237,-2039.199707
0.437744,0.105255,-2039.410889
0.441115,0.106437,-2039.768799
0.442839,0.10828,-2038.219238
0.442336,0.107414,-2039.805176
0.439039,0.103185,-2039.728027
0.441769,0.102375,-2039.418701
0.442901,0.100659,-2039.268188
0.44708,0.102984,-2040.185913
0.444904,0.111433,-2038.80896
0.444904,0.111433,-2038.192383
0.44558,0.110831,-2039.427368
0.44558,0.110831,-2037.168457
0.445057,0.11034,-2038.122681
0.445628,0.107753,-2038.794922
0.447804,0.114156,-2037.455811
0.449488,0.11628,-2037.477783
0.448118,0.1165,-2037.538818
0.448498,0.115337,-2038.831787
0.448498,0.115337,-2038.337036
0.448165,0.12411,-2038.099121
0.445979,0.123642,-2036.520752
0.445818,0.119509,-2036.883057
0.44638,0.122258,-2038.342407
0.443246,0.120122,-2037.373291
0.449649,0.116259,-2037.902954
0.45246,0.112228,-2039.299927
0.449474,0.117997,-2038.01355
0.449474,0.117997,-2037.587646
0.450183,0.1181,-2039.095093
0.449496,0.124226,-2037.547485
0.449721,0.1292,-2037.755615
0.443111,0.126232,-2037.462524
0.443505,0.131034,-2037.538818
0.445975,0.12785,-2038.192139
0.449292,0.121759,-2037.914795
0.449825,0.122627,-2037.866699
0.451263,0.121019,-2037.440552
0.450958,0.122077,-2038.111938
0.449418,0.126153,-2037.636963
0.449418,0.126153,-2037.868896
0.449418,0.126153,-2038.231201
0.449418,0.126153,-2038.01001
0.448239,0.127881,-2037.008423
0.448239,0.127881,-2037.924194
0.445619,0.131712,-2037.601074
0.44117,0.135192,-2038.272949
0.44117,0.135192,-2037.65979
0.43952,0.133367,-2037.600586
0.43952,0.133367,-2037.625732
0.43952,0.133367,-2035.817383
0.437203,0.131215,-2036.569214
0.437203,0.131215,-2036.706787
0.441262,0.125665,-2037.445679
0.441262,0.125665,-2037.583984
0.435408,0.131557,-2036.935059
0.436001,0.128545,-2037.336426
0.438242,0.1311,-2037.630859
0.438242,0.1311,-2036.412476
0.437801,0.123978,-2037.125732
0.437801,0.123978,-2037.353394
0.441533,0.122312,-2037.348633
0.434453,0.122454,-2036.490112
0.434453,0.122454,-2037.238281
0.432928,0.119596,-2037.340942
0.432928,0.119596,-2037.538086
0.432372,0.122724,-2036.510498
0.431234,0.131197,-2038.030029
0.431234,0.131197,-2037.71875
0.430822,0.138052,-2038.065186
0.431467,0.133343,-2037.831421
0.434115,0.136085,-2037.504272
0.432376,0.135581,-2037.745605
0.432376,0.135581,-2037.168945
0.436411,0.138957,-2037.932861
0.436167,0.139125,-2037.492676
0.435056,0.139646,-2037.37793
0.436116,0.143909,-2039.230347
0.436116,0.143909,-2038.656616
0.436172,0.145675,-2039.576904
0.434264,0.141518,-2038.978516
0.43122,0.144102,-2038.463379
0.433308,0.14376,-2038.5625
0.433308,0.14376,-2038.654053
0.432486,0.146203,-2039.113525
0.433402,0.151586,-2040.173096
0.433402,0.151586,-2039.013184
0.433779,0.150216,-2040.462646
0.433089,0.148969,-2040.271729
0.435081,0.14852,-2039.208496
0.436134,0.148983,-2039.80957
0.436328,0.149342,-2039.013672
0.428712,0.14953,-2040.269043
0.428943,0.145063,-2038.978027
0.428943,0.145063,-2039.711426
0.429309,0.145732,-2039.809448
0.4295,0.138177,-2038.528809
0.43683,0.135351,-2037.335327
0.437168,0.13527,-2037.420166
0.437168,0.13527,-2037.381104
0.43902,0.131867,-2037.77063
0.441688,0.130574,-2036.483154
0.440475,0.127109,-2037.810303
0.439799,0.122351,-2036.033691
0.439799,0.122351,-2037.051147
0.443082,0.124127,-2036.029907
0.443082,0.124127,-2037.809692
0.439748,0.126206,-2037.129517
0.439642,0.129334,-2036.697021
0.439314,0.124846,-2037.10498
0.433553,0.121801,-2037.294922
0.433553,0.121801,-2037.287109
0.430708,0.123205,-2038.045654
0.429168,0.126092,-2037.494873
0.431802,0.12577,-2037.724121
0.426102,0.123228,-2036.868042
0.4272,0.12424,-2038.213379
0.426456,0.123065,-2037.437378
0.426456,0.123065,-2038.094727
0.41854,0.127868,-2039.518188
0.421071,0.123947,-2038.079224
0.42323,0.133269,-2039.477417
0.423992,0.127462,-2038.562744
0.428932,0.125327,-2037.786621
0.434152,0.126973,-2037.818848
0.439706,0.120236,-2037.076904
0.440052,0.123966,-2037.320068
0.442106,0.122356,-2037.665161
0.438593,0.118777,-2037.14624
0.444379,0.120627,-2036.93335
0.443981,0.119063,-2037.80127
0.443981,0.119063,-2037.885498
0.443981,0.119063,-2036.506836
0.434902,0.120089,-2037.395874
0.433211,0.118986,-2037.401855
0.432541,0.119545,-2036.896729
0.431207,0.121459,-2036.788086
0.433724,0.124656,-2037.575562
0.436473,0.122571,-2037.531738
0.436473,0.122571,-2035.529297
0.432288,0.121341,-2037.553467
0.429374,0.117659,-2037.670166
0.434115,0.110264,-2038.499634
0.435077,0.107719,-2038.313843
0.433758,0.106774,-2038.157959
0.432556,0.106812,-2038.968872
0.435789,0.106558,-2038.864014
0.435789,0.106558,-2038.475708
0.434778,0.107145,-2038.02417
0.43534,0.108491,-2037.525146
0.436788,0.110358,-2038.193359
0.436788,0.110358,-2038.0896
0.436733,0.113043,-2038.185303
0.436733,0.113043,-2037.82959
0.43605,0.112942,-2037.170166
0.434668,0.112334,-2038.427002
0.434668,0.112334,-2037.189819
0.437999,0.115039,-2037.567627
0.437999,0.115039,-2038.145752
0.4391,0.115843,-2038.64856
0.4391,0.115843,-2036.408203
0.4391,0.115843,-2036.061279
0.436744,0.114795,-2037.768188
0.429568,0.120463,-2037.715088
0.429568,0.120463,-2037.215088
0.429568,0.120463,-2037.512085
0.430121,0.121242,-2036.950928
0.429887,0.126261,-2037.730347
0.427957,0.128674,-2038.505859
0.426555,0.127366,-2037.162598
0.426555,0.127366,-2037.017822
0.431023,0.135926,-2038.074097
0.432821,0.133327,-2038.487183
0.435021,0.135474,-2037.447754
0.43046,0.1329,-2037.400879
0.429235,0.123615,-2037.628662
0.429165,0.119903,-2038.064209
0.42925,0.112704,-2038.404297
0.424186,0.10778,-2039.155884
0.421308,0.109705,-2039.713745
0.419533,0.104234,-2041.306885
0.41767,0.108824,-2041.285156
0.41767,0.108824,-2041.11377
0.41767,0.108824,-2039.172607
0.417742,0.115511,-2040.377441
0.417545,0.113585,-2040.083984
0.417545,0.113585,-2040.282959
0.416548,0.120577,-2039.627319
0.419569,0.121353,-2039.209961
0.420317,0.122745,-2039.338623
0.42054,0.122426,-2037.776611
0.416747,0.126,-2039.174561
0.420557,0.117939,-2039.719116
0.423272,0.119717,-2039.473755
0.42264,0.115792,-2038.681885
0.42718,0.116241,-2039.273193
0.426946,0.112909,-2037.481201
0.425926,0.11561,-2037.894409
0.425763,0.116771,-2038.556885
0.425501,0.119341,-2037.421143
0.425501,0.119341,-2036.849243
0.425501,0.119341,-2038.129639
0.423673,0.1159,-2038.286499
0.427309,0.116284,-2037.579712
0.427309,0.116284,-2037.966309
0.427408,0.111415,-2038.578003
0.429185,0.105196,-2038.996216
0.429185,0.105196,-2039.093506
0.431832,0.112241,-2038.33252
0.434402,0.114391,-2037.797241
0.434959,0.113829,-2038.138062
0.438699,0.121828,-2037.311768
0.440805,0.118482,-2037.697754
0.442043,0.114854,-2036.092896
0.442043,0.114854,-2037.244629
0.444015,0.116746,-2037.411133
0.444015,0.116746,-2037.491699
0.444992,0.116314,-2037.648438
0.443848,0.115696,-2037.355835
0.445773,0.117186,-2037.190918
0.443898,0.116853,-2037.685669
0.439296,0.114154,-2037.237305
0.439296,0.114154,-2037.575195
0.440144,0.109065,-2037.466064
0.442022,0.109642,-2037.921997
0.442391,0.108943,-2038.040039
0.442391,0.108943,-2037.892578
0.445014,0.114536,-2037.988647
0.440868,0.116123,-2037.495605
0.443281,0.117946,-2038.575806
0.443281,0.117946,-2037.767456
0.443231,0.112495,-2037.899902
0.445169,0.106661,-2038.745605
0.447225,0.110048,-2038.386475
0.447225,0.110048,-2039.561157
0.446653,0.107623,-2038.704956
0.445595,0.107502,-2039.185303
0.442375,0.107913,-2039.307983
0.441776,0.107841,-2038.118896
0.441776,0.107841,-2037.40625
0.441776,0.107841,-2039.420898
0.44506,0.114672,-2038.698975
0.448751,0.118669,-2038.121582
0.452481,0.114158,-2039.234985
0.452481,0.114158,-2038.144653
0.453277,0.117098,-2038.336426
0.448263,0.115895,-2037.083862
0.448263,0.115895,-2037.277344
0.452188,0.111919,-2039.508057
0.450326,0.114631,-2038.696289
0.450326,0.114631,-2037.290649
0.450326,0.114631,-2038.385498
0.450326,0.114631,-2037.204346
0.450326,0.114631,-2038.046509
0.450326,0.114631,-2038.291748
0.450563,0.113054,-2038.897217
0.456311,0.110126,-2039.270752
0.450927,0.111047,-2039.213867
0.450927,0.111047,-2038.806641
0.450927,0.111047,-2038.017944
0.44648,0.105613,-2039.375
0.44648,0.105613,-2039.07666
0.45161,0.107957,-2038.874146
0.45161,0.107957,-2038.78418
0.45161,0.107957,-2038.693726
0.45161,0.107957,-2038.376587
0.45161,0.107957,-2038.733398
0.445685,0.108814,-2038.908936
0.445678,0.103535,-2039.209229
0.448535,0.105184,-2038.912109
0.447412,0.102155,-2041.036377
0.447412,0.102155,-2039.69397
0.447802,0.104389,-2039.478638
0.450124,0.105814,-2039.520752
0.450315,0.114602,-2038.147705
0.451514,0.120983,-2038.175781
0.452592,0.126015,-2038.45166
0.453814,0.120312,-2038.392334
0.447044,0.115921,-2037.961548
0.447044,0.115921,-2037.836304
0.446308,0.119604,-2037.109131
0.442228,0.115689,-2037.187378
0.442011,0.117649,-2037.309814
0.438541,0.119207,-2037.060425
0.434119,0.122258,-2037.794312
0.434119,0.122258,-2036.447388
0.434764,0.117904,-2037.19043
0.43328,0.117925,-2037.104248
0.438303,0.120099,-2037.890137
0.438991,0.122696,-2038.066772
0.438472,0.119697,-2037.033203
0.436921,0.118954,-2036.593872
0.436788,0.115749,-2037.986938
0.434974,0.116572,-2036.427246
0.434974,0.116572,-2037.34729
0.434638,0.114522,-2037.378418
0.431785,0.114249,-2037.612305
0.429734,0.116388,-2038.850342
0.432792,0.114283,-2037.013794
0.432074,0.115724,-2037.954834
0.432074,0.115724,-2038.424683
0.433036,0.119302,-2038.314453
0.433337,0.119487,-2036.25415
0.436999,0.121798,-2037.5896
0.436999,0.121798,-2037.865356
0.436999,0.121798,-2036.791992
0.436171,0.120736,-2038.171509
0.436171,0.120736,-2037.686401
0.436171,0.120736,-2037.091309
0.434652,0.113415,-2038.002808
0.434652,0.113415,-2037.963867
0.434652,0.113415,-2037.255127
0.437049,0.112411,-2038.395264
0.438886,0.11859,-2037.77417
0.440892,0.115647,-2037.648438
0.439459,0.110208,-2037.780151
0.440282,0.109762,-2038.568848
0.440282,0.109762,-2038.342041
0.441601,0.109791,-2038.799805
0.437651,0.11373,-2037.861694
0.435466,0.116121,-2037.958618
0.432757,0.113961,-2037.767578
0.432757,0.113961,-2038.03479
0.432757,0.113961,-2037.956421
0.432757,0.113961,-2038.909424
0.433059,0.117739,-2037.557617
0.433059,0.117739,-2037.048584
0.433059,0.117739,-2037.845459
0.435293,0.121183,-2037.655884
0.43674,0.120926,-2037.774414
0.442163,0.125329,-2037.019043
0.440077,0.121162,-2036.600098
0.441682,0.12738,-2036.490967
0.441682,0.12738,-2037.38855
0.442367,0.124943,-2038.491211
0.442367,0.124943,-2036.499268
0.442088,0.128792,-2037.019287
0.442088,0.128792,-2036.909424
0.445719,0.128495,-2037.755005
0.445719,0.128495,-2037.540894
0.44785,0.123,-2038.604492
0.446343,0.121281,-2037.5896
0.450546,0.124626,-2037.728638
0.448642,0.121745,-2037.816406
0.447381,0.119333,-2037.546509
0.450307,0.114152,-2038.723389
0.450307,0.114152,-2037.501831
0.45117,0.111544,-2038.012695
0.453037,0.111345,-2039.617554
0.449803,0.111021,-2037.677734
0.451479,0.105615,-2039.366699
0.451089,0.099129,-2039.644287
0.452691,0.101836,-2041.082886
0.447664,0.096724,-2040.552856
0.450455,0.097199,-2040.81665
0.449138,0.098016,-2040.987183
0.445848,0.097385,-2040.405396
0.445848,0.097385,-2041.22876
0.441001,0.10707,-2038.741455
0.43721,0.110035,-2036.748291
0.44067,0.106308,-2037.944092
0.44193,0.105906,-2038.543701
0.440347,0.109148,-2038.60083
0.442779,0.111301,-2037.890747
0.441649,0.112064,-2037.747681
0.435021,0.114436,-2037.040283
0.431551,0.115127,-2037.238159
0.432465,0.116725,-2037.982788
0.436601,0.120394,-2037.470459
0.438176,0.118238,-2037.591675
0.43812,0.120168,-2037.947266
0.43812,0.120168,-2036.356934
0.444122,0.114988,-2038.301147
0.439683,0.117357,-2037.883911
0.440791,0.11231,-2037.427368
0.440791,0.11231,-2038.716431
0.440791,0.11231,-2038.022949
0.440791,0.11231,-2038.041748
0.434309,0.112301,-2038.497559
0.434309,0.112301,-2037.496948
0.431583,0.109639,-2038.076904
0.433843,0.115782,-2038.039307
0.434598,0.116482,-2037.647949
0.431081,0.116575,-2037.697998
0.433867,0.122127,-2037.453125
0.433867,0.122127,-2036.174316
0.433867,0.122127,-2037.540039
0.437477,0.117439,-2038.442383
0.437477,0.117439,-2037.017578
0.437897,0.123278,-2036.923706
0.439599,0.127295,-2036.969849
0.43735,0.130926,-2036.822754
0.43506,0.124825,-2036.808594
0.43506,0.124825,-2037.147583
0.43506,0.124825,-2036.824585
0.436217,0.125321,-2037.32373
0.436217,0.125321,-2038.126465
0.436072,0.119129,-2036.905518
0.436072,0.119129,-2037.707275
0.436072,0.119129,-2036.345947
0.435439,0.116305,-2038.166992
0.435439,0.116305,-2037.025879
0.436408,0.116661,-2038.127319
0.436408,0.116661,-2037.237305
0.43601,0.120672,-2037.878174
0.43601,0.120672,-2037.430664
0.439156,0.118559,-2037.088745
0.439156,0.118559,-2038.410889
0.439156,0.118559,-2036.871338
0.439299,0.121462,-2037.688965
0.441126,0.122747,-2037.019165
0.446234,0.120596,-2037.675781
0.446234,0.120596,-2037.122314
0.442262,0.120815,-2038.041992
0.442262,0.120815,-2037.880981
0.447892,0.116137,-2038.441162
0.447514,0.108811,-2039.064697
0.447514,0.108811,-2038.632324
0.447899,0.099932,-2039.815918
0.447899,0.099932,-2040.33374
0.44599,0.10449,-2039.844727
0.445684,0.10666,-2038.784424
0.446996,0.102493,-2039.552002
0.448432,0.102359,-2039.025391
0.448432,0.102359,-2039.700317
0.451894,0.107076,-2039.556396
0.453644,0.107584,-2038.766479
0.453644,0.107584,-2040.330322
0.458635,0.108029,-2040.036987
0.458635,0.108029,-2039.807373
0.460926,0.109967,-2039.444702
0.457452,0.107941,-2039.770996
0.454517,0.108518,-2040.157227
0.454517,0.108518,-2037.830444
0.454758,0.108304,-2038.811035
0.454758,0.108304,-2038.001587
0.451341,0.109546,-2039.128174
0.451341,0.109546,-2037.968262
0.454357,0.111622,-2038.782104
0.454357,0.111622,-2038.221924
0.454357,0.111622,-2039.277954
0.454357,0.111622,-2038.262451
0.448139,0.114746,-2038.610107
0.449527,0.117263,-2037.280884
0.449739,0.117642,-2039.4729
0.452524,0.124242,-2038.509888
0.45413,0.121306,-2037.783691
0.454341,0.122006,-2038.053345
0.454341,0.122006,-2038.295044
0.457606,0.121257,-2038.569092
0.456084,0.11736,-2038.29834
0.452742,0.118482,-2038.160156
0.453688,0.12546,-2037.540649
0.447773,0.123743,-2037.370605
0.444484,0.118285,-2036.94751
0.439529,0.120447,-2037.558105
0.441151,0.119586,-2037.237305
0.44769,0.11635,-2037.177246
0.44769,0.11635,-2038.015503
0.446944,0.114225,-2038.6698
0.450061,0.119934,-2037.687256
0.450061,0.119934,-2037.674561
0.450061,0.119934,-2038.009155
0.450061,0.119934,-2037.650635
0.447973,0.121828,-2038.206665
0.446312,0.118925,-2037.570801
0.443204,0.120327,-2037.426636
0.444949,0.123591,-2038.192017
0.442333,0.12278,-2037.765137
0.442333,0.12278,-2036.938477
0.437676,0.122654,-2037.678345
0.435094,0.119895,-2038.172485
0.440857,0.117657,-2037.831299
0.440857,0.117657,-2037.590088
0.440857,0.117657,-2037.689453
0.440857,0.117657,-2036.359619
0.444058,0.11331,-2037.01709
0.447308,0.112416,-2038.759521
0.447279,0.112228,-2038.367188
0.446718,0.11714,-2037.884277
0.444564,0.116341,-2038.203613
0.439262,0.12008,-2037.500244
0.441456,0.116843,-2037.889648
0.442775,0.123917,-2037.767578
0.442775,0.123917,-2036.942383
0.443065,0.116551,-2037.869019
0.448056,0.113678,-2037.712891
0.448056,0.113678,-2038.237305
0.447585,0.11627,-2037.473633
0.442602,0.117305,-2037.935181
0.446013,0.11616,-2038.400146
0.444677,0.111269,-2037.648926
0.442626,0.112794,-2038.371826
0.443633,0.114851,-2037.626953
0.443633,0.114851,-2037.459961
0.443633,0.114851,-2037.828613
0.437555,0.110561,-2036.900635
0.439205,0.104527,-2038.950195
0.435732,0.109271,-2038.730225
0.438907,0.119484,-2036.522339
0.436353,0.119428,-2037.746826
0.436353,0.119428,-2036.832764
0.436353,0.119428,-2037.318115
0.439628,0.118342,-2036.881958
0.435188,0.119045,-2037.567871
0.435385,0.121011,-2037.133057
0.437957,0.115056,-2036.956299
0.439623,0.116538,-2037.675049
0.438835,0.118589,-2036.795776
0.444024,0.121852,-2037.003174
0.444024,0.121852,-2037.281494
0.444024,0.121852,-2037.516479
0.444024,0.121852,-2037.230713
0.444024,0.121852,-2036.447632
0.444024,0.121852,-2037.116333
0.439343,0.120887,-2037.86792
0.443132,0.126858,-2036.511963
0.446611,0.121753,-2037.944946
0.44693,0.122385,-2037.193604
0.443428,0.127318,-2036.178955
0.445706,0.131359,-2038.320312
0.445078,0.132158,-2037.90625
0.446414,0.137127,-2037.846069
0.444721,0.135441,-2038.228149
0.444721,0.135441,-2037.764404
0.445298,0.134687,-2037.957764
0.447587,0.144974,-2040.14209
0.451451,0.138308,-2038.967651
0.44716,0.134,-2037.882446
0.44494,0.129419,-2037.66687
0.44494,0.129419,-2036.763184
0.445196,0.122258,-2037.53418
0.440555,0.121914,-2037.825928
0.440555,0.121914,-2038.21936
0.448423,0.123302,-2038.032349
0.448423,0.123302,-2037.319214
0.444996,0.125418,-2037.627441
0.444996,0.125418,-2037.960449
0.449981,0.129129,-2037.697632
0.451611,0.122897,-2039.162354
0.44912,0.12133,-2038.070312
0.453274,0.122703,-2037.806885
0.45686,0.124594,-2037.169678
0.454562,0.132745,-2037.554932
0.454164,0.129909,-2038.455811
0.455317,0.12868,-2037.992432
0.454112,0.123691,-2038.115112
0.45106,0.132181,-2038.097168
0.45106,0.132181,-2037.958008
0.447043,0.129625,-2037.791992
0.446933,0.130067,-2037.50415
0.446933,0.130067,-2037.265747
0.440955,0.133988,-2037.332275
0.440213,0.135721,-2039.490967
0.439701,0.13592,-2037.460693
0.439701,0.13592,-2036.693604
0.439701,0.13592,-2037.746826
0.441204,0.137182,-2036.985474
0.442862,0.133357,-2037.617676
0.43938,0.133923,-2037.998047
0.436313,0.139833,-2037.685303
0.436313,0.139833,-2037.607666
0.436736,0.136884,-2037.148438
0.431101,0.138292,-2037.292236
0.425029,0.137604,-2038.720459
0.431049,0.142553,-2038.266846
0.431425,0.135725,-2038.216919
0.433672,0.141377,-2038.421509
0.42894,0.140279,-2037.973022
0.431115,0.142819,-2038.406128
0.431115,0.142819,-2038.267578
0.431115,0.142819,-2038.513428
0.436153,0.143113,-2038.217285
0.434623,0.140231,-2038.088501
0.434752,0.134574,-2037.845215
0.431103,0.132977,-2038.444214
0.428008,0.127502,-2036.865845
0.431124,0.130304,-2038.417725
0.431124,0.130304,-2037.318359
0.428726,0.132801,-2037.713379
0.430523,0.135462,-2037.784302
0.433774,0.137234,-2038.508667
0.433774,0.137234,-2037.180908
0.428836,0.135798,-2037.563599
0.429574,0.137174,-2037.85498
0.426885,0.14065,-2039.055176
0.428682,0.141958,-2039.71167
0.428682,0.141958,-2038.974854
0.432071,0.154126,-2040.666138
0.432071,0.154126,-2039.902222
0.434803,0.14991,-2039.43042
0.434803,0.14991,-2038.86145
0.430245,0.152026,-2039.429932
0.428793,0.150123,-2039.467529
0.425144,0.146305,-2040.038574
0.418989,0.149789,-2041.609619
0.418989,0.149789,-2041.490112
0.416677,0.154944,-2041.796265
0.416753,0.150208,-2041.726562
0.416954,0.149043,-2041.719482
0.418491,0.147022,-2040.851807
0.41735,0.150515,-2042.210205
0.419063,0.150444,-2041.030273
0.4199,0.150158,-2041.408081
0.41776,0.143875,-2039.766724
0.415815,0.139968,-2039.591675
0.415282,0.133861,-2040.69165
0.415282,0.133861,-2041.142212
0.415282,0.133861,-2040.698486
0.415282,0.133861,-2039.484741
0.414965,0.133364,-2040.730469
0.415214,0.131391,-2039.89624
0.415214,0.131391,-2040.179321
0.413087,0.131131,-2040.904297
0.413087,0.131131,-2039.544556
0.413087,0.131131,-2040.669189
0.414534,0.130042,-2040.769775
0.41502,0.123875,-2040.391357
0.410307,0.124261,-2041.874512
0.412781,0.135244,-2041.533203
0.412781,0.135244,-2041.421631
0.412781,0.135244,-2041.65332
0.412429,0.136213,-2042.312988
0.412992,0.130918,-2040.789551
0.412992,0.130918,-2040.593262
0.417907,0.131361,-2038.873535
0.420488,0.134815,-2038.916016
0.419125,0.127761,-2038.764526
0.419125,0.127761,-2038.640991
0.419125,0.127761,-2039.01709
0.419125,0.127761,-2039.428589
0.419125,0.127761,-2038.48291
0.419125,0.127761,-2037.308105
0.419125,0.127761,-2038.70874
0.417945,0.131714,-2039.540283
0.418543,0.129391,-2038.663574
0.418234,0.136613,-2039.752441
0.418234,0.136613,-2039.445679
0.420029,0.139415,-2039.1521
0.420029,0.139415,-2039.193604
0.41916,0.141126,-2039.801025
0.419009,0.137446,-2040.827759
0.417936,0.140158,-2039.46936
0.417883,0.140969,-2039.947632
0.417883,0.140969,-2040.902588
0.417828,0.139768,-2040.820923
0.417828,0.139768,-2039.268311
0.416223,0.132849,-2039.745605
0.416223,0.132849,-2039.271362
0.416223,0.132849,-2039.265869
0.416223,0.132849,-2039.13208
0.416223,0.132849,-2040.15625
0.411776,0.133573,-2041.283081
0.411776,0.133573,-2040.695312
0.414566,0.13088,-2040.768921
0.41786,0.133459,-2040.48584
0.416481,0.136977,-2039.89917
0.416481,0.136977,-2039.397095
0.41117,0.138114,-2041.221558
0.411683,0.134462,-2041.786133
0.411683,0.134462,-2041.23938
0.411529,0.138375,-2042.411743
0.412463,0.143817,-2042.309814
0.4086,0.141919,-2044.217529
0.406623,0.137186,-2042.973511
0.406623,0.137186,-2043.208252
0.405168,0.129604,-2042.408691
0.408086,0.136503,-2042.163818
0.41111,0.136912,-2040.955688
0.41111,0.136912,-2040.755371
0.411161,0.13973,-2042.120239
0.411161,0.13973,-2042.332275
0.411161,0.13973,-2041.05481
0.413935,0.141052,-2040.633179
0.413935,0.141052,-2040.64502
0.418299,0.127881,-2039.875244
0.417714,0.127691,-2039.521729
0.420456,0.133636,-2039.114746
0.422113,0.133799,-2038.9729
0.422113,0.133799,-2038.057373
0.425931,0.132876,-2038.283691
0.425931,0.132876,-2036.922607
0.429458,0.137816,-2038.894775
0.424598,0.132848,-2039.285156
0.418177,0.131845,-2039.363037
0.417008,0.131216,-2039.291992
0.416504,0.133425,-2041.318115
0.41719,0.134728,-2039.17041
0.413825,0.130321,-2041.0354
0.413825,0.130321,-2038.974731
0.413825,0.130321,-2039.997437
0.413825,0.130321,-2041.037476
0.412914,0.131791,-2040.051758
0.416853,0.137984,-2039.868774
0.416471,0.141186,-2040.19104
0.416471,0.141186,-2040.824219
0.420014,0.14181,-2039.277466
0.418996,0.147303,-2041.582642
0.416866,0.139283,-2041.308838
0.416119,0.14222,-2040.525513
0.417515,0.145223,-2041.866089
0.413066,0.147151,-2041.237061
0.412047,0.140293,-2041.227173
0.415337,0.132051,-2041.077148
0.41643,0.129964,-2040.152344
0.416133,0.1236,-2039.80249
0.423476,0.125334,-2038.410889
0.428448,0.128962,-2038.238281
0.428448,0.128962,-2037.391602
0.427979,0.131632,-2037.403198
0.428916,0.130112,-2036.822876
0.428916,0.130112,-2038.546875
0.434918,0.129676,-2037.499756
0.434053,0.121795,-2037.562012
0.434053,0.121795,-2037.393311
0.433796,0.124022,-2037.826538
0.435313,0.124728,-2036.873413
0.43691,0.127731,-2036.625
0.438085,0.129783,-2037.181519
0.436234,0.127987,-2037.371704
0.442189,0.117855,-2037.599121
0.442652,0.121451,-2036.953003
0.442652,0.121451,-2037.313232
0.442652,0.121451,-2037.124878
0.447091,0.115744,-2038.325928
0.446676,0.115281,-2037.592285
0.443956,0.119452,-2036.662231
0.443024,0.116706,-2037.503784
0.4424,0.119201,-2037.868408
0.441705,0.116833,-2038.636597
0.442291,0.111803,-2037.236694
0.441955,0.10907,-2039.466187
0.445334,0.114942,-2037.338257
0.446011,0.115376,-2037.784912
0.444001,0.114128,-2037.623779
0.448127,0.114835,-2037.555176
0.445762,0.115741,-2036.252441
0.441599,0.114438,-2037.240234
0.441599,0.114438,-2037.010742
0.439751,0.117425,-2038.041016
0.436963,0.11103,-2037.009277
0.435011,0.119308,-2037.151978
0.436334,0.121456,-2037.630005
0.436124,0.125274,-2037.70874
0.438056,0.118944,-2038.027344
0.439869,0.117037,-2037.268066
0.440418,0.119406,-2038.354736
0.441406,0.119994,-2037.914307
0.440607,0.117504,-2036.896729
0.440544,0.115959,-2037.637817
0.442846,0.115138,-2037.777588
0.44412,0.108943,-2037.537842
0.443736,0.108297,-2038.237305
0.442834,0.110179,-2038.726318
0.442849,0.112712,-2037.909424
0.440257,0.118045,-2037.128174
0.440257,0.118045,-2037.26709
0.440257,0.118045,-2037.06958
0.436667,0.118509,-2038.118408
0.435554,0.118481,-2038.247559
0.435554,0.118481,-2037.279053
0.433124,0.124439,-2037.357666
0.433124,0.124439,-2036.569336
0.433124,0.124439,-2035.997803
0.436823,0.121078,-2037.572144
0.430603,0.117848,-2037.531982
0.432024,0.120629,-2037.940796
0.432024,0.120629,-2037.197021
0.432082,0.124157,-2037.82251
0.430785,0.126462,-2037.197632
0.428612,0.126048,-2037.910767
0.428224,0.128205,-2037.67041
0.428224,0.128205,-2037.428955
0.429353,0.136923,-2037.907959
0.429353,0.136923,-2037.616943
0.425397,0.139068,-2039.048462
0.427007,0.13687,-2037.981445
0.427007,0.13687,-2037.697144
0.428146,0.130507,-2037.968506
0.42559,0.126421,-2037.410522
0.426878,0.127751,-2037.186279
0.430452,0.124449,-2038.213257
0.427482,0.123293,-2038.0896
0.427914,0.124519,-2038.22229
0.427914,0.124519,-2036.766235
0.433297,0.125619,-2038.071289
0.433297,0.125619,-2036.41687
0.434191,0.126908,-2037.676025
0.434191,0.126908,-2036.289307
0.435058,0.125086,-2037.120605
0.437626,0.129281,-2037.471191
0.435577,0.12652,-2036.461182
0.429799,0.128118,-2037.153809
0.433151,0.130658,-2037.537476
0.433241,0.130918,-2037.823975
0.427531,0.126871,-2037.621216
0.428192,0.117246,-2037.811768
0.430029,0.119358,-2037.790527
0.430029,0.119358,-2037.091797
0.43117,0.12302,-2037.448608
0.43117,0.12302,-2038.406982
0.429598,0.126931,-2037.669312
0.429386,0.118499,-2036.725586
0.434494,0.112141,-2037.84668
0.434494,0.112141,-2037.900757
0.434494,0.112141,-2036.877563
0.434494,0.112141,-2038.016357
0.434494,0.112141,-2037.67395
0.436525,0.108694,-2038.126343
0.436525,0.108694,-2038.971924
0.43875,0.108966,-2038.45874
0.438613,0.102201,-2038.703613
0.436261,0.108848,-2039.147705
0.437328,0.107913,-2038.889404
0.443002,0.105919,-2038.343994
0.444147,0.106356,-2039.791138
0.445769,0.108701,-2038.841064
0.441627,0.108073,-2037.981201
0.441627,0.108073,-2038.416016
0.441627,0.108073,-2038.574585
0.442527,0.109039,-2038.154785
0.437877,0.114056,-2037.427246
0.438882,0.109606,-2038.058594
0.438111,0.115753,-2037.921265
0.438111,0.115753,-2037.752441
0.438518,0.11579,-2037.705444
0.438518,0.11579,-2038.348267
0.438518,0.11579,-2036.968506
0.442304,0.10704,-2038.080444
0.444647,0.108155,-2039.353516
0.44113,0.110734,-2037.681396
0.442313,0.112509,-2038.195068
0.441315,0.112489,-2036.368408
0.443392,0.113059,-2038.285645
0.443392,0.113059,-2037.657837
0.438433,0.111208,-2038.69165
0.438433,0.111208,-2037.864136
0.438433,0.111208,-2038.122559
0.438586,0.114994,-2037.695923
0.440517,0.114597,-2037.415283
0.44599,0.117267,-2037.202637
0.445505,0.113065,-2038.12561
0.445505,0.113065,-2038.16333
0.445505,0.113065,-2037.991943
0.445303,0.118727,-2038.03064
0.442634,0.114454,-2037.424072
0.442464,0.117886,-2038.322998
0.440807,0.113545,-2037.500732
0.436261,0.112655,-2038.16626
0.432258,0.113715,-2038.514771
0.429632,0.113377,-2037.338867
0.432788,0.115299,-2038.28125
0.432788,0.115299,-2037.580078
0.425313,0.112813,-2038.83728
0.424881,0.110157,-2039.775635
0.422789,0.113558,-2039.20874
0.422789,0.113558,-2038.365723
0.426922,0.111938,-2038.712524
0.425027,0.113182,-2038.620605
0.423933,0.115684,-2037.505493
0.423933,0.115684,-2037.375488
0.423933,0.115684,-2038.296875
0.423933,0.115684,-2037.60437
0.425797,0.113198,-2039.08606
0.429214,0.118156,-2038.585571
0.429214,0.118156,-2037.903564
0.425169,0.119225,-2038.398315
0.415668,0.115953,-2039.895264
0.416474,0.11705,-2040.001343
0.417606,0.124068,-2039.583496
0.421587,0.126723,-2039.038452
0.421587,0.126723,-2037.950928
0.421587,0.126723,-2038.362915
0.425118,0.132847,-2037.791016
0.425118,0.132847,-2037.744873
0.424117,0.13048,-2038.423828
0.424117,0.13048,-2037.421265
0.424117,0.13048,-2038.326172
0.427002,0.126313,-2038.265381
0.428815,0.122152,-2037.388672
0.425639,0.12811,-2037.712646
0.425668,0.126235,-2038.040283
0.425426,0.12435,-2038.733521
0.425426,0.12435,-2037.820679
0.42041,0.12035,-2038.966187
0.42646,0.118991,-2037.877686
0.427898,0.11753,-2037.390869
0.428246,0.123292,-2037.965332
0.428246,0.123292,-2037.047974
0.425391,0.127394,-2038.116821
0.425391,0.127394,-2038.695923
0.425391,0.127394,-2037.418213
0.424242,0.127857,-2037.738525
0.422042,0.128811,-2038.533691
0.424624,0.126751,-2037.77063
0.425081,0.124111,-2037.574097
0.425081,0.124111,-2038.2854
0.425081,0.124111,-2038.064819
0.42773,0.117187,-2038.571899
0.431161,0.1169,-2037.929565
0.431226,0.111144,-2038.250977
0.436708,0.115224,-2037.798096
0.436665,0.120499,-2037.499512
0.4369,0.119648,-2036.306519
0.4369,0.119648,-2036.96875
0.4369,0.119648,-2037.763672
0.4369,0.119648,-2036.813843
0.437293,0.122673,-2037.247437
0.437293,0.122673,-2036.828003
0.433745,0.121002,-2036.862549
0.433745,0.121002,-2036.886475
0.43531,0.123915,-2037.532227
0.431586,0.122848,-2037.258545
0.431586,0.122848,-2037.476318
0.434479,0.127226,-2037.327881
0.435851,0.128296,-2037.115356
0.435851,0.128296,-2037.284912
0.434827,0.130189,-2037.312256
0.435423,0.132716,-2037.505615
0.436489,0.126401,-2037.803101
0.435779,0.125272,-2037.401367
0.435779,0.125272,-2037.362671
0.433302,0.123575,-2037.290771
0.435373,0.125085,-2037.514526
0.430029,0.126759,-2037.237305
0.430029,0.126759,-2037.109619
0.430029,0.126759,-2037.979614
0.433905,0.121875,-2037.343262
0.436832,0.122985,-2037.961182
0.439784,0.122491,-2037.246826
0.447311,0.119887,-2037.720459
0.442084,0.133451,-2037.686646
0.438396,0.128801,-2036.965576
0.439423,0.133272,-2036.970947
0.443898,0.135277,-2037.963867
0.443363,0.126319,-2036.922729
0.444805,0.124844,-2036.574097
0.449744,0.127094,-2037.192871
0.4498,0.135698,-2038.233032
0.448606,0.137343,-2037.435425
0.45056,0.131911,-2038.109619
0.456528,0.133142,-2039.000244
0.456461,0.135886,-2038.685547
0.454603,0.137161,-2038.55957
0.450422,0.136363,-2037.750977
0.451522,0.131572,-2038.430664
0.452237,0.133251,-2038.219849
0.452237,0.133251,-2038.462646
0.447782,0.134539,-2037.657715
0.444783,0.130391,-2038.618408
0.445709,0.131072,-2037.022339
0.441533,0.133104,-2037.1698
0.444112,0.136403,-2037.980591
0.441185,0.133937,-2037.850342
0.438482,0.13226,-2037.105835
0.440042,0.127396,-2037.272461
0.440042,0.127396,-2037.20166
0.444119,0.13202,-2037.045898
0.441287,0.131718,-2038.096436
0.437255,0.128809,-2037.342529
0.43559,0.122937,-2037.357788
0.43559,0.122937,-2036.545166
0.43559,0.122937,-2037.667236
0.43627,0.114873,-2037.103027
0.440713,0.10731,-2038.118896
0.44391,0.103762,-2038.933594
0.44391,0.103762,-2038.36731
0.444433,0.101862,-2040.406494
0.443023,0.100057,-2039.709961
0.436047,0.099155,-2039.680298
0.436047,0.099155,-2040.114868
0.430939,0.104509,-2039.07312
0.434384,0.103551,-2039.479614
0.434909,0.104987,-2039.455078
0.431148,0.108645,-2038.932739
0.429017,0.110902,-2039.190186
0.430335,0.111026,-2037.951782
0.430335,0.111026,-2037.730835
0.430335,0.111026,-2038.327637
0.430326,0.1213,-2037.313721
0.430326,0.1213,-2037.555054
0.426515,0.127677,-2037.536743
0.426515,0.127677,-2037.25293
0.426515,0.127677,-2037.558838
0.429187,0.132332,-2038.234253
0.428537,0.133883,-2037.577393
0.426099,0.133584,-2037.827637
0.426695,0.135581,-2038.141479
0.427473,0.134933,-2038.153564
0.428159,0.134848,-2038.692505
0.425993,0.139963,-2038.210083
0.426381,0.139524,-2039.003906
0.426381,0.139524,-2038.311035
0.422695,0.141675,-2038.915039
0.423742,0.145556,-2038.70459
0.423742,0.145556,-2039.45105
0.427669,0.146788,-2039.898193
0.433681,0.151049,-2040.185547
0.431096,0.146534,-2038.971924
0.436105,0.143127,-2039.026123
0.436105,0.143127,-2038.245483
0.440331,0.145538,-2039.060547
0.445446,0.146702,-2039.163818
0.445446,0.146702,-2038.732544
0.446924,0.145236,-2039.362061
0.449781,0.14457,-2039.094482
0.449803,0.143197,-2039.185181
0.450737,0.142057,-2039.558594
0.450737,0.142057,-2037.393066
0.448148,0.137337,-2038.268555
0.448766,0.132292,-2038.487915
0.450455,0.128731,-2037.995972
0.450455,0.128731,-2037.10083
0.447663,0.130707,-2037.689331
0.447429,0.130454,-2037.281006
0.445604,0.129609,-2038.233154
0.445604,0.129609,-2037.04248
0.443813,0.126428,-2037.229736
0.443316,0.131086,-2037.45459
0.443001,0.133036,-2037.10083
0.439709,0.125743,-2037.189819
0.44455,0.128803,-2037.506836
0.449954,0.12912,-2037.94458
0.449022,0.12845,-2038.701416
0.449022,0.12845,-2037.043823
0.45092,0.12263,-2037.312988
0.453216,0.126856,-2039.244141
0.453216,0.126856,-2038.090698
0.447778,0.125148,-2037.884155
0.447428,0.129059,-2037.171387
0.446656,0.136056,-2037.973145
0.446656,0.136056,-2036.999756
0.446656,0.136056,-2037.782959
0.446656,0.136056,-2037.55603
0.446656,0.136056,-2038.282715
0.446656,0.136056,-2037.216064
0.445607,0.133786,-2036.939331
0.440662,0.135889,-2036.922363
0.440682,0.144357,-2038.633301
0.439177,0.146477,-2040.494141
0.446194,0.14725,-2039.521606
0.450197,0.139587,-2038.544678
0.447214,0.146606,-2039.303711
0.447214,0.146606,-2038.048096
0.442917,0.151255,-2040.036987
0.442917,0.151255,-2040.411133
0.444083,0.143404,-2039.247192
0.447442,0.146731,-2038.369629
0.447627,0.14924,-2039.555786
0.447627,0.14924,-2039.192749
0.447627,0.14924,-2039.808594
0.444091,0.139478,-2038.685059
0.444091,0.139478,-2037.180664
0.444091,0.139478,-2037.486816
0.440942,0.13902,-2037.9729
0.438726,0.142731,-2037.959473
0.438726,0.142731,-2037.550415
0.437429,0.147873,-2038.281128
0.435829,0.144275,-2038.456055
0.438296,0.145985,-2038.502075
0.438296,0.145985,-2039.942139
0.438112,0.143311,-2038.677124
0.434444,0.14562,-2037.845459
0.434786,0.137981,-2037.995605
0.435217,0.138876,-2038.647095
0.432234,0.139479,-2038.822021
0.434861,0.139374,-2038.873291
0.434978,0.139283,-2038.189087
0.434978,0.139283,-2038.691162
0.434978,0.139283,-2037.867188
0.43232,0.140058,-2038.123291
0.436598,0.138926,-2038.128418
0.43458,0.138181,-2038.195068
0.43458,0.138181,-2037.223877
0.433662,0.13849,-2038.851318
0.441635,0.137714,-2037.814453
0.437648,0.134289,-2037.802002
0.437648,0.134289,-2037.713623
0.437648,0.134289,-2037.567871
0.437648,0.134289,-2037.538818
0.437648,0.134289,-2037.393066
0.437071,0.134967,-2038.296753
0.438859,0.1337,-2037.637207
0.437746,0.134695,-2038.166504
0.434811,0.131738,-2037.057007
0.435749,0.140407,-2038.803101
0.436084,0.14151,-2038.213013
0.440119,0.147004,-2037.85791
0.4427,0.144877,-2039.484741
0.443758,0.138738,-2038.339355
0.448799,0.1385,-2038.621826
0.451127,0.135849,-2038.867676
0.450458,0.13404,-2037.9104
0.450522,0.133358,-2037.706055
0.447874,0.137343,-2037.475952
0.448365,0.128491,-2037.856445
0.457146,0.136797,-2039.221069
0.457146,0.136797,-2038.571533
0.456784,0.144743,-2039.057373
0.458955,0.139883,-2038.813232
0.458955,0.139883,-2039.658569
0.458955,0.139883,-2038.875366
0.46147,0.133326,-2038.804443
0.456883,0.144182,-2040.227051
0.454384,0.141089,-2038.809204
0.456373,0.137642,-2038.403931
0.454306,0.138737,-2038.726562
0.454306,0.138737,-2038.992676
0.454091,0.134601,-2037.732056
0.450322,0.133554,-2037.964355
0.450322,0.133554,-2037.852417
0.450322,0.133554,-2037.684814
0.450143,0.13613,-2038.114746
0.450286,0.125452,-2037.84668
0.451713,0.121788,-2038.30249
0.450101,0.123078,-2037.623535
0.447327,0.128422,-2037.223145
0.447962,0.132182,-2037.277954
0.450079,0.135014,-2036.866943
0.449474,0.14055,-2037.740234
0.451893,0.132316,-2037.374756
0.45604,0.13295,-2038.294922
0.449601,0.134116,-2038.859863
0.451717,0.132552,-2038.417114
0.4466,0.136638,-2038.026978
0.444287,0.139346,-2038.633301
0.444287,0.139346,-2038.088379
0.443493,0.143933,-2038.881348
0.452089,0.149632,-2039.810547
0.452089,0.149632,-2041.201538
0.454038,0.143619,-2039.700806
0.454038,0.143619,-2039.165649
0.4493,0.139377,-2038.598267
0.450468,0.132421,-2037.706909
0.451939,0.131544,-2037.864746
0.452226,0.128852,-2038.104004
0.447969,0.135246,-2038.280518
0.447969,0.135246,-2037.567871
0.447969,0.135246,-2037.141602
0.448926,0.128829,-2037.27002
0.447511,0.128237,-2037.184326
0.446973,0.128562,-2037.829102
0.446973,0.128562,-2037.704346
0.446973,0.128562,-2036.384766
0.444653,0.12457,-2036.943359
0.444653,0.12457,-2036.978516
0.448671,0.127779,-2037.171387
0.451142,0.130838,-2038.010742
0.4527,0.129402,-2038.795654
0.4527,0.129402,-2037.686279
0.4527,0.129402,-2037.393311
0.4527,0.129402,-2038.171021
0.452683,0.127531,-2038.015625
0.452884,0.125454,-2037.520508
0.447456,0.123813,-2037.344727
0.447456,0.123813,-2037.602783
0.448456,0.122586,-2037.262085
0.448456,0.122586,-2037.141113
0.448456,0.122586,-2038.289673
0.448456,0.122586,-2037.382202
0.449024,0.122927,-2037.385498
0.451266,0.121215,-2037.947754
0.450322,0.114175,-2037.874023
0.450322,0.114175,-2037.998657
0.448733,0.106519,-2038.733887
0.444149,0.111279,-2038.288574
0.450261,0.114575,-2037.961182
0.449833,0.113345,-2038.006104
0.450653,0.111229,-2037.9104
0.45785,0.117414,-2037.229492
0.455206,0.118292,-2038.174194
0.45695,0.121304,-2038.25708
0.454935,0.124955,-2038.338379
0.454255,0.111063,-2038.178101
0.454862,0.107825,-2038.968628
0.454823,0.104433,-2039.638916
0.45977,0.106208,-2039.424072
0.45977,0.106208,-2040.197998
0.46432,0.106442,-2040.751709
0.46432,0.106442,-2041.247803
0.457659,0.103571,-2039.799683
0.455204,0.107405,-2040.285522
0.458524,0.109712,-2038.389648
0.458112,0.112697,-2039.120483
0.458685,0.110974,-2039.270508
0.459844,0.107211,-2040.879639
0.470016,0.105705,-2041.431396
0.467518,0.104489,-2041.185303
0.466271,0.109194,-2040.146729
0.46581,0.103481,-2041.216797
0.46581,0.103481,-2041.538086
0.463474,0.095833,-2043.302002
0.463474,0.095833,-2043.448242
0.463474,0.095833,-2042.869995
0.463474,0.095833,-2042.680054
0.465119,0.094251,-2043.685059
0.460204,0.096747,-2043.078857
0.457335,0.09318,-2042.454712
0.454213,0.096569,-2041.969971
0.454213,0.096569,-2040.194824
0.450835,0.104018,-2039.374878
0.44503,0.103072,-2039.235107
0.445815,0.101841,-2040.095215
0.448885,0.103587,-2039.508057
0.447121,0.101584,-2040.628784
0.446058,0.101793,-2040.251587
0.448609,0.101353,-2040.296265
0.449723,0.09961,-2041.184204
0.451034,0.100077,-2040.246094
0.448183,0.097298,-2040.90625
0.454213,0.094935,-2042.000977
0.454213,0.094935,-2042.473999
0.454965,0.10058,-2040.768555
0.454965,0.10058,-2040.554199
0.453664,0.094203,-2041.880859
0.448551,0.104045,-2040.562256
0.449387,0.104427,-2038.98877
0.447289,0.10168,-2039.52478
0.449316,0.106101,-2038.825195
0.450983,0.104536,-2039.875732
0.451588,0.109164,-2038.282471
0.45395,0.112749,-2038.310547
0.44857,0.122993,-2038.062134
0.448639,0.131551,-2038.097046
0.450453,0.134095,-2038.350464
0.450453,0.134095,-2036.955566
0.450253,0.129834,-2037.174805
0.450572,0.123534,-2038.000977
0.453168,0.119864,-2038.27356
0.456887,0.124403,-2038.652222
0.460042,0.127328,-2038.797974
0.458847,0.128177,-2039.641602
0.457016,0.131981,-2038.803711
0.457294,0.127044,-2038.671265
0.456915,0.125233,-2038.256104
0.458775,0.127434,-2038.496948
0.458775,0.127434,-2038.389893
0.458775,0.127434,-2038.481567
0.459373,0.128157,-2038.971924
0.459373,0.128157,-2038.345947
0.463747,0.133604,-2039.976807
0.463747,0.133604,-2039.422119
0.463747,0.133604,-2039.702148
0.465977,0.132531,-2039.05835
0.466999,0.128434,-2039.412476
0.465891,0.130214,-2039.72583
0.470566,0.128025,-2039.964111
0.46986,0.125287,-2040.347412
0.472702,0.120891,-2041.61792
0.468658,0.1202,-2040.256226
0.468274,0.128351,-2040.493164
0.468274,0.128351,-2039.547485
0.468343,0.130178,-2039.268555
0.468343,0.125399,-2040.312012
0.468378,0.123719,-2039.406006
0.475281,0.123037,-2041.199097
0.477611,0.122516,-2041.074341
0.475575,0.12505,-2042.14209
0.475763,0.125423,-2041.821777
0.478928,0.126277,-2042.237061
0.478487,0.130204,-2042.473145
0.47473,0.134809,-2042.306885
0.47138,0.127639,-2041.519409
0.474392,0.126251,-2041.059814
0.476353,0.127118,-2040.35791
0.46946,0.124077,-2040.216431
0.469278,0.127638,-2040.149414
0.470397,0.132298,-2041.524902
0.469711,0.134301,-2040.933594
0.472838,0.129798,-2041.184937
0.472194,0.127551,-2040.864502
0.472078,0.128186,-2040.601685
0.475487,0.129399,-2041.679077
0.473586,0.128085,-2041.064941
0.475596,0.128691,-2041.987061
0.47305,0.126609,-2042.007812
0.47305,0.126609,-2040.261108
0.475191,0.127736,-2041.679688
0.475191,0.127736,-2041.703857
0.477404,0.132407,-2042.200806
0.479346,0.130477,-2041.644775
0.47714,0.1344,-2042.387207
0.477943,0.134943,-2043.042725
0.477943,0.134943,-2042.351562
0.474537,0.143728,-2042.222534
0.474712,0.142589,-2042.877441
0.476146,0.14178,-2042.783325
0.479228,0.146433,-2042.992676
0.477071,0.149121,-2044.779297
0.474674,0.151634,-2042.997437
0.473954,0.140575,-2042.560669
0.471646,0.138834,-2041.97998
0.467619,0.137291,-2040.62854
0.462949,0.145556,-2040.484009
0.467501,0.148744,-2042.306396
0.467398,0.144946,-2041.722656
0.467398,0.144946,-2041.515503
0.467398,0.144946,-2041.524048
0.472205,0.146655,-2042.224854
0.470554,0.145021,-2042.309448
0.471115,0.148718,-2043.117432
0.470363,0.152536,-2042.674316
0.470363,0.152536,-2042.266357
0.471405,0.152484,-2043.950317
0.471405,0.152484,-2042.263306
0.4709,0.146273,-2042.317139
0.467737,0.141058,-2040.745361
0.467737,0.141058,-2041.543457
0.467737,0.141058,-2040.277832
0.467737,0.141058,-2040.740234
0.467737,0.141058,-2040.689697
0.465268,0.147843,-2040.965698
0.465173,0.145159,-2041.73291
0.465173,0.145159,-2041.491821
0.464019,0.145062,-2040.927124
0.464019,0.145062,-2040.601196
0.467083,0.140228,-2041.042114
0.467083,0.140228,-2040.813477
0.467083,0.140228,-2041.080933
0.467083,0.140228,-2040.481445
0.465125,0.141621,-2040.945312
0.463398,0.141122,-2040.838623
0.461968,0.140495,-2039.961792
0.461968,0.140495,-2040.107666
0.461273,0.137397,-2039.871094
0.454151,0.138657,-2039.094727
0.456166,0.136144,-2039.936523
0.455648,0.133948,-2038.728516
0.460956,0.130565,-2038.75647
0.461788,0.134288,-2039.544312
0.455726,0.137707,-2039.050049
0.455726,0.137707,-2038.846191
0.454545,0.141826,-2038.770996
0.454545,0.141826,-2039.473877
0.45552,0.141751,-2038.730591
0.459726,0.141219,-2039.124878
0.457473,0.143265,-2040.904053
0.457473,0.143265,-2038.977295
0.458899,0.138825,-2039.965576
0.46013,0.141847,-2039.742554
0.461392,0.138656,-2039.385864
0.463276,0.130717,-2039.070557
0.461496,0.130743,-2039.345093
0.466113,0.137693,-2041.478516
0.469144,0.139799,-2040.309326
0.470172,0.142898,-2040.93335
0.473267,0.145156,-2043.110352
0.473267,0.145156,-2043.37439
0.475053,0.141245,-2042.087036
0.47867,0.143058,-2042.967285
0.482004,0.14377,-2044.410645
0.483397,0.138266,-2043.64624
0.482998,0.13229,-2043.335815
0.477913,0.131683,-2042.115234
0.477072,0.135382,-2042.706665
0.477724,0.131879,-2041.529541
0.477724,0.131879,-2041.847412
0.472957,0.135607,-2040.643433
0.475954,0.14205,-2042.543823
0.476568,0.136865,-2041.912476
0.477263,0.141362,-2042.562378
0.475261,0.145139,-2043.12915
0.476187,0.142703,-2042.717773
0.471993,0.147155,-2043.918091
0.47165,0.152062,-2043.400635
0.47165,0.152062,-2042.351196
0.471188,0.153258,-2043.452759
0.470532,0.15084,-2042.249634
0.472802,0.147371,-2042.793945
0.474891,0.147304,-2042.535156
0.475932,0.150356,-2043.316162
0.475932,0.150356,-2043.901001
0.477922,0.146965,-2043.415283
0.475916,0.14502,-2043.050781
0.472455,0.143106,-2042.606445
0.472455,0.143106,-2043.325195
0.470527,0.137433,-2040.346191
0.470527,0.137433,-2040.568481
0.470527,0.137433,-2041.759399
0.471985,0.137315,-2040.622192
0.476685,0.135192,-2041.393555
0.473541,0.127709,-2042.013184
0.475079,0.115435,-2041.720093
0.475466,0.121804,-2041.569458
0.475754,0.12632,-2042.610962
0.475207,0.127937,-2041.740234
0.468445,0.126548,-2039.989746
0.47318,0.124928,-2040.999634
0.47318,0.124928,-2040.353149
0.473773,0.123017,-2041.925537
0.478874,0.115643,-2042.335938
0.475594,0.113301,-2042.44458
0.470166,0.121665,-2041.745972
0.470776,0.116708,-2040.976807
0.469684,0.115853,-2041.002319
0.468729,0.112795,-2040.427246
0.474164,0.113646,-2041.760742
0.472272,0.114288,-2041.378052
0.468138,0.109061,-2042.531372
0.468138,0.109061,-2040.772217
0.468842,0.108833,-2041.400269
0.466684,0.106185,-2040.285889
0.469952,0.10388,-2041.636719
0.467086,0.103595,-2041.973145
0.467086,0.103595,-2040.928223
0.467086,0.103595,-2042.547729
0.467086,0.103595,-2042.661255
0.467186,0.10879,-2041.144409
0.467162,0.111622,-2040.309204
0.468511,0.120203,-2040.556885
0.470943,0.117286,-2040.758545
0.472909,0.115983,-2040.652954
0.472909,0.115983,-2041.11438
0.474667,0.111863,-2042.52832
0.474667,0.111863,-2042.338501
0.471521,0.113066,-2040.404663
0.468543,0.11374,-2040.446167
0.468543,0.11374,-2040.885742
0.469238,0.117345,-2040.688232
0.468261,0.114853,-2041.09314
0.468261,0.114853,-2040.354492
0.46669,0.116784,-2040.292236
0.464954,0.120014,-2039.913818
0.462981,0.122676,-2038.949219
0.462981,0.122676,-2037.820923
0.462981,0.122676,-2038.729492
0.457938,0.12865,-2037.623291
0.454723,0.13223,-2037.855347
0.455396,0.128871,-2037.875488
0.455896,0.128058,-2039.017822
0.455896,0.128058,-2038.565674
0.455896,0.128058,-2037.614136
0.455859,0.125391,-2038.460327
0.453386,0.128374,-2038.177612
0.453386,0.128374,-2038.615479
0.455982,0.131923,-2038.985352
0.453151,0.127696,-2038.396729
0.453151,0.127696,-2036.619873
0.456737,0.127638,-2038.227539
0.45939,0.131911,-2039.428711
0.45939,0.131911,-2038.223877
0.462983,0.130705,-2040.062134
0.46397,0.1334,-2039.594482
0.46397,0.1334,-2038.363281
0.45479,0.132957,-2039.750488
0.45479,0.132957,-2038.424316
0.456071,0.139407,-2039.890869
0.457696,0.139957,-2040.075195
0.452283,0.134963,-2038.816406
0.45228,0.135776,-2038.825928
0.45228,0.135776,-2038.293945
0.453197,0.136748,-2038.710693
0.4462,0.136632,-2036.988525
0.447781,0.132795,-2037.774902
0.44261,0.135417,-2036.854858
0.443351,0.135271,-2037.400757
0.443351,0.135271,-2037.082886
0.443351,0.135271,-2037.751953
0.445979,0.141823,-2038.094849
0.447451,0.138737,-2038.800171
0.447451,0.138737,-2038.908203
0.447451,0.138737,-2037.661377
0.44434,0.132176,-2037.872559
0.442557,0.135417,-2038.61377
0.442367,0.133749,-2037.25293
0.439819,0.137381,-2038.546753
0.434502,0.134381,-2037.275391
0.431872,0.135256,-2038.482544
0.426819,0.137936,-2038.606934
0.427247,0.137391,-2038.063843
0.42705,0.132546,-2037.52124
0.430627,0.131105,-2038.084961
0.430473,0.12994,-2037.428467
0.42726,0.129699,-2037.703613
0.42929,0.128476,-2037.571289
0.42929,0.128476,-2037.171265
0.433881,0.132808,-2037.339966
0.431625,0.132383,-2037.998901
0.431012,0.134784,-2037.985107
0.424813,0.131969,-2039.275757
0.426084,0.134361,-2038.305664
0.426461,0.133486,-2037.528687
0.425943,0.133254,-2039.354248
0.4254,0.13237,-2037.182373
0.4254,0.13237,-2036.847412
0.420877,0.127111,-2039.209961
0.420877,0.127111,-2038.536133
0.412698,0.133674,-2040.61853
0.413551,0.131087,-2040.314941
0.413551,0.131087,-2040.48291
0.413551,0.131087,-2039.912842
0.411528,0.130613,-2041.254395
0.411414,0.138009,-2042.164673
0.411654,0.134453,-2040.846313
0.415473,0.137412,-2039.504395
0.419657,0.135882,-2039.198242
0.416734,0.132173,-2040.226685
0.422597,0.1337,-2038.498047
0.422313,0.133271,-2039.383301
0.422313,0.133271,-2037.544922
0.422479,0.134165,-2039.359009
0.4243,0.137586,-2039.230347
0.4238,0.143095,-2039.772949
0.426802,0.148566,-2039.475098
0.426802,0.148566,-2040.295776
0.426802,0.148566,-2039.536621
0.423906,0.146544,-2039.91748
0.423906,0.146544,-2040.223511
0.424581,0.136818,-2038.63623
0.424827,0.139609,-2038.944336
0.429036,0.134297,-2037.947266
0.428514,0.138943,-2039.068115
0.428305,0.134116,-2039.014648
0.429658,0.13819,-2038.427979
0.431608,0.13551,-2038.404297
0.432591,0.130814,-2037.856934
0.436558,0.124699,-2037.246826
0.440097,0.131633,-2037.598755
0.440097,0.131633,-2037.421631
0.436877,0.133236,-2038.229004
0.436164,0.129432,-2037.267822
0.435277,0.124464,-2037.291992
0.435277,0.124464,-2036.971924
0.433815,0.123415,-2036.822266
0.43234,0.128979,-2037.629639
0.432148,0.126973,-2037.763428
0.430165,0.123281,-2036.965088
0.435415,0.121669,-2037.164307
0.435415,0.121669,-2037.440186
0.434942,0.118333,-2037.269165
0.434141,0.123502,-2037.241577
0.434181,0.118532,-2036.354248
0.436079,0.116327,-2036.682861
0.437108,0.113918,-2037.803345
0.437108,0.113918,-2037.465576
0.435306,0.11373,-2037.940186
0.435306,0.11373,-2038.283447
0.436715,0.115786,-2037.449463
0.436793,0.115158,-2037.770752
0.434437,0.110948,-2038.375977
0.436574,0.113226,-2037.688477
0.436574,0.113226,-2037.366089
0.436574,0.113226,-2037.669189
0.438057,0.106956,-2038.174438
0.435858,0.111862,-2037.084473
0.431161,0.114642,-2036.90918
0.427716,0.112561,-2038.401367
0.429352,0.113577,-2037.568604
0.425073,0.111157,-2038.235962
0.433391,0.118342,-2038.504639
0.440992,0.120995,-2037.074341
0.445454,0.11859,-2037.049561
0.446394,0.124136,-2037.544678
0.446394,0.124136,-2037.665771
0.444339,0.122952,-2037.399414
0.443435,0.126179,-2036.220093
0.446566,0.129441,-2038.447998
0.446566,0.129441,-2037.564697
0.454147,0.131856,-2037.431641
0.453521,0.129847,-2038.969482
0.451431,0.131308,-2037.430176
0.450838,0.128756,-2037.891968
0.452933,0.124049,-2038.028687
0.451087,0.122245,-2038.574707
0.450681,0.118204,-2038.530884
0.448159,0.12136,-2038.175537
0.448159,0.12136,-2036.674561
0.449238,0.124605,-2038.284912
0.452774,0.123185,-2037.865601
0.450645,0.121426,-2038.767578
0.450645,0.121426,-2037.13916
0.450645,0.121426,-2036.984131
0.445938,0.122193,-2037.194824
0.444881,0.133892,-2037.55127
0.438559,0.13719,-2038.666016
0.442924,0.140544,-2037.764893
0.436307,0.142777,-2038.649048
0.439061,0.141327,-2038.068359
0.439061,0.141327,-2037.239136
0.440533,0.13826,-2037.906006
0.439104,0.137602,-2037.523438
0.438164,0.136179,-2037.8125
0.438767,0.135155,-2037.654907
0.433656,0.127108,-2037.0271
0.432635,0.134321,-2036.973145
0.42855,0.133429,-2037.480835
0.424495,0.131171,-2038.143433
0.425231,0.128024,-2038.148682
0.425425,0.124262,-2037.567627
0.421791,0.121943,-2038.443359
0.421791,0.121943,-2037.625366
0.420211,0.119339,-2038.704102
0.426468,0.123899,-2038.972168
0.426468,0.123899,-2038.625122
0.424312,0.129261,-2037.730225
0.42013,0.119725,-2037.945801
0.418222,0.117606,-2039.600098
0.413876,0.115659,-2040.385132
0.413876,0.115659,-2041.393066
0.414424,0.117562,-2040.945312
0.41739,0.116179,-2038.666992
0.41739,0.116179,-2038.791382
0.41739,0.116179,-2039.85022
0.41739,0.116179,-2038.416748
0.41739,0.116179,-2039.936646
0.413732,0.122,-2040.999756
0.413732,0.122,-2039.717773
0.414657,0.130827,-2040.948486
0.414484,0.136881,-2040.420288
0.41732,0.127754,-2039.093018
0.41929,0.127431,-2039.069092
0.417051,0.127489,-2039.554077
0.414356,0.128601,-2040.032349
0.414356,0.128601,-2039.102905
0.410024,0.127469,-2041.903564
0.410024,0.127469,-2040.472046
0.410024,0.127469,-2041.542603
0.410454,0.129048,-2042.064087
0.414322,0.127733,-2040.135986
0.414322,0.127733,-2039.2323
0.414322,0.127733,-2040.263672
0.414053,0.125298,-2040.044556
0.414225,0.123841,-2040.988403
0.414225,0.123841,-2039.740967
0.418954,0.128564,-2038.207031
0.420971,0.134134,-2039.563232
0.420971,0.134134,-2039.633301
0.416923,0.137398,-2038.97876
0.417235,0.131679,-2039.696533
0.416188,0.138899,-2040.643555
0.417396,0.14331,-2039.656982
0.41838,0.14508,-2041.839355
0.41838,0.14508,-2041.34314
0.41838,0.14508,-2039.302246
0.41838,0.14508,-2040.299927
0.422014,0.14507,-2039.707275
0.425081,0.14228,-2039.958252
0.42819,0.138313,-2039.305664
0.426819,0.134911,-2037.889893
0.425977,0.130558,-2037.651367
0.423731,0.130189,-2038.088623
0.429537,0.12225,-2037.881104
0.428741,0.12313,-2037.633179
0.428082,0.118575,-2036.935303
0.421935,0.120733,-2039.540527
0.421625,0.118479,-2038.128296
0.421625,0.118479,-2037.469971
0.420019,0.115616,-2039.176025
0.421251,0.116439,-2039.612793
0.42193,0.116506,-2038.539917
0.42193,0.116506,-2038.758057
0.42193,0.116506,-2038.354126
0.42193,0.116506,-2037.428589
0.42193,0.116506,-2038.732422
0.42492,0.114217,-2037.942871
0.42492,0.114217,-2038.295654
0.423304,0.118966,-2038.693115
0.425498,0.123518,-2037.571533
0.423927,0.122193,-2038.22583
0.426595,0.123031,-2036.328125
0.426818,0.124147,-2037.145752
0.429874,0.126464,-2036.147949
0.434275,0.121471,-2037.392456
0.43395,0.113828,-2037.643311
0.438845,0.114713,-2037.971191
0.438845,0.114713,-2037.93689
0.441148,0.117173,-2038.981445
0.443555,0.116963,-2037.582031
0.435655,0.123334,-2037.838867
0.432673,0.124977,-2036.698608
0.435671,0.124126,-2037.913086
0.437692,0.1259,-2037.43811
0.434282,0.129422,-2037.546143
0.434037,0.129708,-2038.332397
0.439241,0.124443,-2036.476074
0.439241,0.124443,-2036.308105
0.433205,0.124647,-2037.711914
0.43454,0.125477,-2037.824585
0.432928,0.11792,-2036.932373
0.431639,0.108468,-2039.429688
0.431601,0.108629,-2038.530762
0.43236,0.111863,-2038.35437
0.431885,0.11243,-2037.856689
0.431621,0.110426,-2038.240601
0.431621,0.110426,-2038.38623
0.432842,0.11033,-2038.285034
0.432842,0.11033,-2037.757568
0.434482,0.118337,-2038.123535
0.434361,0.1183,-2037.800293
0.433984,0.118581,-2038.595215
0.433984,0.118581,-2036.983398
0.428862,0.125367,-2037.701416
0.431519,0.117327,-2037.374756
0.428945,0.125219,-2038.243896
0.429489,0.122809,-2037.610474
0.429489,0.122809,-2036.887451
0.428725,0.119073,-2037.141235
0.429602,0.123237,-2036.986206
0.433403,0.122015,-2037.758057
0.435935,0.122885,-2037.993164
0.436558,0.129073,-2037.100708
0.439149,0.125704,-2038.273193
0.436937,0.123208,-2037.194946
0.437223,0.123173,-2037.147705
0.434246,0.120874,-2037.796875
0.434246,0.120874,-2037.090576
0.435244,0.129072,-2037.666016
0.444204,0.128161,-2036.638916
0.442289,0.12478,-2037.401978
0.438304,0.121166,-2036.865479
0.43932,0.12097,-2037.897583
0.439929,0.119307,-2037.391357
0.440369,0.11867,-2037.447144
0.437556,0.124835,-2036.411133
0.434925,0.128726,-2037.537354
0.434925,0.128726,-2037.351196
0.438049,0.131997,-2036.894165
0.436024,0.127179,-2037.563965
0.435067,0.132125,-2037.373047
0.435067,0.132125,-2037.369385
0.431228,0.132603,-2036.592041
0.430819,0.129772,-2038.681396
0.429068,0.120806,-2037.04187
0.435827,0.111751,-2038.107178
0.435827,0.111751,-2037.678101
0.437006,0.107258,-2039.388184
0.437324,0.106846,-2038.302246
0.434253,0.109827,-2038.259033
0.43499,0.107962,-2038.855347
0.43499,0.107962,-2038.432007
0.439959,0.106512,-2037.961914
0.437025,0.110371,-2037.579102
0.436909,0.114644,-2037.720825
0.435678,0.121197,-2037.475342
0.435286,0.121452,-2037.003296
0.435286,0.121452,-2037.470703
0.435286,0.121452,-2036.322998
0.432244,0.121561,-2038.049683
0.434524,0.122925,-2037.665527
0.439854,0.126012,-2037.322754
0.44289,0.125592,-2037.405884
0.44383,0.132262,-2038.027344
0.44338,0.133046,-2037.865234
0.439171,0.134581,-2037.381348
0.439171,0.134581,-2038.113892
0.44307,0.131046,-2037.360474
0.441809,0.128785,-2036.747559
0.443888,0.126185,-2037.71814
0.443888,0.126185,-2036.914551
0.443888,0.126185,-2037.035278
0.443248,0.129385,-2037.422363
0.448217,0.130091,-2038.384521
0.448217,0.130091,-2037.382202
0.448185,0.134296,-2037.482178
0.448185,0.134296,-2038.876465
0.448185,0.134296,-2037.92395
0.444218,0.136154,-2039.188232
0.443279,0.142045,-2038.880371
0.442006,0.1472,-2039.215332
0.443137,0.153325,-2040.395264
0.442032,0.152639,-2040.398804
0.439761,0.149565,-2039.848877
0.437869,0.147582,-2039.182129
0.439145,0.144578,-2038.360107
0.439145,0.144578,-2038.192627
0.43997,0.144139,-2038.148926
0.43997,0.144139,-2039.058105
0.442156,0.139109,-2037.90625
0.441477,0.139562,-2038.043945
0.438699,0.141696,-2037.872437
0.438699,0.141696,-2037.736816
0.433728,0.140047,-2038.344971
0.425793,0.145197,-2039.729492
0.425793,0.145197,-2039.70874
0.42516,0.147383,-2039.837036
0.417939,0.146505,-2040.443726
0.417939,0.146505,-2040.376953
0.416751,0.14309,-2040.548706
0.411748,0.140855,-2041.011353
0.411748,0.140855,-2041.983398
0.411748,0.140855,-2041.315552
0.411748,0.140855,-2041.200562
0.416712,0.137794,-2040.611206
0.419041,0.141674,-2040.678467
0.419041,0.141674,-2041.259399
0.422012,0.141416,-2039.996582
0.422,0.142897,-2039.963501
0.422,0.142897,-2039.374268
0.421235,0.134276,-2039.204346
0.425119,0.138434,-2038.884277
0.424636,0.137719,-2039.12207
0.424636,0.137719,-2038.504639
0.42564,0.142713,-2039.572144
0.431445,0.148063,-2039.238647
0.431445,0.148063,-2038.160156
0.432119,0.147977,-2039.184937
0.432218,0.139001,-2037.679443
0.433096,0.139131,-2037.939697
0.437249,0.138688,-2037.964233
0.437362,0.140449,-2038.551758
0.437362,0.140449,-2038.391113
0.437362,0.140449,-2037.128174
0.435693,0.139519,-2037.093506
0.434024,0.134576,-2037.461792
0.434024,0.134576,-2037.018921
0.435247,0.135474,-2037.478516
0.435247,0.135474,-2037.384521
0.437589,0.133138,-2037.649414
0.439996,0.135193,-2038.180664
0.440704,0.139481,-2039.152344
0.444994,0.143126,-2037.89917
0.449488,0.140023,-2038.736572
0.445577,0.141322,-2039.229248
0.443414,0.140824,-2038.382935
0.450968,0.139565,-2038.418701
0.454715,0.137561,-2038.829468
0.456591,0.142378,-2041.178955
0.458848,0.140399,-2038.849731
0.464378,0.143131,-2041.530029
0.464378,0.143131,-2040.988281
0.468693,0.142102,-2040.690918
0.468919,0.142653,-2041.776611
0.463574,0.144982,-2041.248779
0.463574,0.144982,-2040.470337
0.467516,0.14629,-2041.907715
0.467516,0.14629,-2040.893799
0.463822,0.144525,-2040.654175
0.460515,0.149169,-2040.82251
0.458691,0.14901,-2041.095459
0.451055,0.145699,-2040.382324
0.451055,0.145699,-2039.170532
0.44718,0.143996,-2039.75
0.44718,0.143996,-2038.757568
0.450394,0.147903,-2038.994507
0.450394,0.147903,-2040.388916
0.450394,0.147903,-2039.796875
0.448865,0.14796,-2039.079834
0.451308,0.147349,-2039.543457
0.451723,0.143596,-2039.515259
0.454655,0.141748,-2039.884521
0.454655,0.141748,-2039.415894
0.449869,0.139483,-2038.637939
0.448123,0.136666,-2038.108276
0.448123,0.136666,-2037.754028
0.450766,0.130759,-2037.696777
0.452439,0.133898,-2038.105469
0.454198,0.135981,-2038.628174
0.449606,0.123625,-2038.30835
0.452786,0.124592,-2036.933594
0.452242,0.125518,-2039.242188
0.453507,0.127406,-2037.963135
0.453507,0.127406,-2036.74939
0.456519,0.125117,-2038.225342
0.45722,0.123605,-2038.498535
0.453395,0.122974,-2037.328369
0.451349,0.129156,-2038.399536
0.452112,0.128717,-2037.77124
0.452112,0.128717,-2038.444824
0.448482,0.124932,-2037.951782
0.448482,0.124932,-2036.874268
0.450516,0.126506,-2038.471558
0.452635,0.128245,-2038.551025
0.449307,0.124124,-2038.208984
0.450017,0.123914,-2037.639893
0.447823,0.123473,-2037.817383
0.450413,0.127877,-2038.702148
0.443215,0.1336,-2037.618164
0.443391,0.13431,-2037.769165
0.443391,0.13431,-2038.382324
0.443391,0.13431,-2037.566895
0.445598,0.131809,-2038.111938
0.44625,0.137739,-2038.785889
0.445498,0.133159,-2036.98291
0.443765,0.132695,-2037.507446
0.443765,0.132695,-2037.991821
0.436595,0.129349,-2037.275024
0.436595,0.129349,-2037.217285
0.433122,0.131433,-2036.642578
0.434918,0.12891,-2037.786987
0.433228,0.125417,-2037.019043
0.433228,0.125417,-2037.265503
0.43219,0.11884,-2037.906128
0.437752,0.12124,-2036.894775
0.434657,0.12374,-2037.404175
0.434657,0.12374,-2037.213379
0.433365,0.119689,-2037.984375
0.430888,0.119924,-2037.936768
0.430888,0.119924,-2037.299316
0.430987,0.11523,-2037.075439
0.430189,0.113846,-2037.39856
0.428331,0.1124,-2038.738281
0.428331,0.1124,-2037.524048
0.428834,0.112695,-2038.298706
0.431414,0.117124,-2037.857056
0.427773,0.120323,-2037.5625
0.427773,0.120323,-2037.813232
0.428832,0.120796,-2039.241577
0.428832,0.120796,-2038.162842
0.426963,0.126689,-2037.320679
0.426963,0.126689,-2038.426514
0.430458,0.138039,-2037.74585
0.431949,0.141711,-2039.290405
0.439278,0.139999,-2038.432739
0.439709,0.141165,-2038.303223
0.44056,0.142455,-2039.283325
0.438488,0.143832,-2038.479858
0.440476,0.142154,-2037.927734
0.437871,0.145075,-2038.238892
0.439962,0.146238,-2039.268188
0.438687,0.143172,-2037.84082
0.438687,0.143172,-2038.182373
0.439286,0.154056,-2039.002686
0.439108,0.152915,-2040.495483
0.441979,0.145137,-2039.129272
0.446836,0.140757,-2039.05249
0.446836,0.140757,-2037.740356
0.446836,0.140757,-2037.710327
0.446836,0.140757,-2038.573975
0.447273,0.144065,-2038.394775
0.447273,0.144065,-2038.856689
0.443402,0.147302,-2039.043457
0.443355,0.151384,-2040.955811
0.443355,0.151384,-2040.297974
0.446573,0.14763,-2039.338379
0.449935,0.143723,-2038.737793
0.449935,0.143723,-2038.768066
0.451637,0.140619,-2038.423828
0.450665,0.141761,-2039.014648
0.447259,0.140557,-2037.556152
0.447259,0.140557,-2039.011475
0.447259,0.140557,-2037.880005
0.447094,0.138601,-2038.635498
0.447094,0.138601,-2037.773926
0.444315,0.140524,-2039.128784
0.440939,0.138792,-2037.713501
0.44182,0.138675,-2038.138794
0.44182,0.138675,-2037.674927
0.441999,0.139686,-2038.001465
0.440031,0.14603,-2039.472412
0.440676,0.142571,-2038.975708
0.440676,0.142571,-2037.195679
0.438505,0.144309,-2038.879883
0.434242,0.145571,-2037.973877
0.435488,0.141832,-2038.530273
0.439101,0.137052,-2037.310303
0.436812,0.140348,-2037.222412
0.433243,0.141242,-2037.973389
0.439787,0.140128,-2038.654419
0.437586,0.142384,-2039.165527
0.438662,0.143415,-2039.301636
0.437503,0.133537,-2037.9823
0.437907,0.134082,-2037.503052
0.43852,0.132486,-2036.541748
0.436729,0.127448,-2037.369141
0.435337,0.12358,-2037.69751
0.435373,0.129939,-2038.013428
0.438454,0.127731,-2037.277954
0.441172,0.125842,-2036.956299
0.438526,0.125343,-2037.19873
0.437389,0.126634,-2037.433594
0.437389,0.126634,-2036.973511
0.437389,0.126634,-2036.241211
0.435952,0.130101,-2037.073975
0.434226,0.127311,-2037.33374
0.434226,0.127311,-2037.103394
0.433841,0.13308,-2037.3125
0.435522,0.133137,-2037.244751
0.437039,0.122924,-2037.998291
0.438507,0.123883,-2037.317993
0.437976,0.12718,-2037.026855
0.434831,0.129065,-2037.644287
0.437219,0.124911,-2037.164307
0.439672,0.128636,-2037.296997
0.442777,0.128786,-2037.361816
0.444203,0.130987,-2038.54895
0.4462,0.128745,-2037.744385
0.448382,0.133773,-2036.524658
0.448382,0.133773,-2037.876587
0.450299,0.138171,-2037.862793
0.454663,0.140005,-2038.81665
0.454603,0.137109,-2038.08728
0.455574,0.137043,-2039.018311
0.455574,0.137043,-2038.731201
0.453051,0.142776,-2038.600464
0.45881,0.140237,-2039.661621
0.45881,0.140237,-2040.22583
0.460626,0.135612,-2039.791504
0.46301,0.135018,-2040.086548
0.46131,0.138858,-2040.398926
0.460162,0.139223,-2039.59375
0.460162,0.139223,-2039.08252
0.467072,0.133813,-2039.835449
0.463046,0.13243,-2039.468994
0.466773,0.130048,-2039.729004
0.460444,0.130395,-2039.547241
0.460444,0.130395,-2039.379395
0.454557,0.130693,-2038.003662
0.452639,0.135346,-2038.360596
0.454114,0.126218,-2038.672607
0.454637,0.124999,-2037.832642
0.457927,0.124775,-2038.279663
0.454272,0.126144,-2038.020752
0.450558,0.130989,-2037.682373
0.44801,0.133575,-2037.85498
0.452507,0.132245,-2038.213501
0.452507,0.132245,-2037.646851
0.452507,0.132245,-2038.35791
0.450878,0.131826,-2038.455811
0.456026,0.129365,-2038.850708
0.452331,0.135983,-2038.914307
0.451134,0.144508,-2039.510132
0.451134,0.144508,-2040.318237
0.448307,0.137994,-2038.905762
0.450959,0.133192,-2038.124512
0.452109,0.132244,-2037.54834
0.457245,0.131732,-2038.435547
0.458043,0.12947,-2038.864258
0.458043,0.12947,-2038.814087
0.452232,0.121896,-2037.690552
0.447864,0.121105,-2036.76355
0.447864,0.121105,-2036.41748
0.449094,0.125062,-2037.922363
0.44792,0.127495,-2037.5802
0.448985,0.130609,-2038.147461
0.442377,0.131557,-2036.974487
0.442377,0.131557,-2037.299683
0.440333,0.125835,-2037.339355
0.440333,0.125835,-2036.317627
0.440564,0.126712,-2037.75415
0.437389,0.128623,-2036.763794
0.437389,0.128623,-2037.627686
0.436387,0.137497,-2037.982544
0.436498,0.137756,-2036.944946
0.440226,0.136287,-2038.288696
0.441332,0.136547,-2038.028931
0.438135,0.137173,-2038.341431
0.438135,0.137173,-2036.861572
0.438135,0.137173,-2037.185303
0.43425,0.134342,-2036.259399
0.43425,0.134342,-2037.538574
0.436138,0.130251,-2037.656006
0.439244,0.138676,-2037.325439
0.436978,0.139627,-2037.85083
0.439538,0.137745,-2037.730713
0.441998,0.142115,-2037.313354
0.441998,0.142115,-2037.893066
0.441998,0.142115,-2037.796753
0.441998,0.142115,-2038.471924
0.436033,0.140583,-2037.902832
0.4364,0.138545,-2037.810181
0.436868,0.140808,-2037.150024
0.439349,0.145381,-2038.72522
0.434651,0.151069,-2039.120117
0.432178,0.149869,-2039.801636
0.431926,0.144659,-2038.210571
0.42757,0.141113,-2038.79541
0.424361,0.14475,-2039.371338
0.424361,0.14475,-2039.192627
0.424361,0.14475,-2039.64917
0.423275,0.14692,-2039.521118
0.423393,0.1408,-2038.529541
0.423856,0.143397,-2038.758179
0.423856,0.143397,-2038.145264
0.426339,0.139488,-2039.110962
0.428546,0.141186,-2038.719971
0.43004,0.146111,-2038.38208
0.43004,0.146111,-2039.509277
0.43004,0.146111,-2037.974243
0.427576,0.152831,-2040.629883
0.427576,0.152831,-2039.920654
0.427576,0.152831,-2039.908081
0.427576,0.152831,-2040.70459
0.431266,0.154954,-2040.696289
0.433327,0.157453,-2039.525269
0.432835,0.153267,-2041.526978
0.432835,0.153267,-2040.549316
0.432835,0.153267,-2039.546387
0.433962,0.15375,-2040.724365
0.431989,0.143431,-2038.870605
0.431539,0.143836,-2038.040405
0.428832,0.139634,-2038.475708
0.427396,0.143913,-2039.539795
0.4344,0.144457,-2038.711182
0.4344,0.144457,-2037.871704
0.430317,0.145726,-2038.586792
0.427453,0.145822,-2038.879883
0.428739,0.148702,-2039.000488
0.427379,0.138291,-2039.30542
0.431478,0.140783,-2038.502686
0.431478,0.140783,-2038.064209
0.432243,0.147425,-2039.187744
0.436858,0.148897,-2038.949219
0.435389,0.145634,-2039.169678
0.433845,0.144173,-2038.983521
0.431346,0.14792,-2039.456787
0.42802,0.150704,-2040.323242
0.427673,0.149047,-2040.037231
0.428187,0.144059,-2039.014282
0.428187,0.144059,-2039.020264
0.428288,0.146485,-2039.854492
0.429946,0.142061,-2039.330322
0.429946,0.142061,-2037.982178
0.429946,0.142061,-2037.733398
0.430774,0.147986,-2039.043945
0.430824,0.144889,-2038.139893
0.430824,0.144889,-2038.78894
0.430824,0.144889,-2038.165771
0.43601,0.145187,-2037.898682
0.434295,0.141275,-2037.629517
0.439415,0.140367,-2038.093872
0.440748,0.139847,-2038.773438
0.439979,0.141934,-2039.396973
0.436463,0.133365,-2037.368042
0.431782,0.123913,-2037.101685
0.433156,0.12114,-2037.566895
0.437663,0.129067,-2038.229736
0.437203,0.127262,-2036.316406
0.437421,0.12581,-2037.072266
0.437421,0.12581,-2037.282837
0.437421,0.12581,-2036.841187
0.437421,0.12581,-2037.034912
0.437421,0.12581,-2036.841919
0.436815,0.12238,-2037.558716
0.443309,0.116314,-2036.603638
0.441347,0.119951,-2036.07251
0.439773,0.116064,-2038.056152
0.441044,0.108667,-2038.72168
0.441399,0.102542,-2039.818359
0.4425,0.100459,-2039.901123
0.4425,0.100459,-2040.304443
0.440296,0.107158,-2038.223877
0.440296,0.107158,-2039.025391
0.444685,0.114355,-2037.88269
0.448465,0.114385,-2038.315674
0.442158,0.116649,-2036.986572
0.438,0.116117,-2036.918213
0.439921,0.118918,-2036.467896
0.439921,0.118918,-2035.655151
0.444217,0.124961,-2036.708008
0.442024,0.125653,-2036.662964
0.445902,0.125408,-2037.726562
0.449969,0.120364,-2038.005493
0.448394,0.111541,-2037.457153
0.444469,0.107578,-2038.979736
0.442187,0.108019,-2038.208008
0.438352,0.105957,-2038.685425
0.438352,0.105957,-2039.069824
0.437733,0.101189,-2039.816528
0.440538,0.106328,-2039.467163
0.444478,0.101697,-2039.573486
0.444129,0.099267,-2039.614014
0.439556,0.098086,-2040.441284
0.443625,0.100243,-2039.67688
0.442715,0.096817,-2041.032959
0.442715,0.096817,-2040.724487
0.444457,0.100373,-2040.135132
0.443736,0.105587,-2038.92749
0.443736,0.105587,-2038.712891
0.445743,0.110816,-2038.893555
0.443239,0.107286,-2038.710083
0.447841,0.101068,-2040.332031
0.447841,0.101068,-2041.207397
0.447841,0.101068,-2038.700439
0.443595,0.102863,-2039.349609
0.443495,0.099995,-2040.026367
0.443495,0.099995,-2040.264648
0.443966,0.103593,-2039.355591
0.443966,0.103593,-2038.469116
0.443966,0.103593,-2039.305298
0.4423,0.105992,-2037.884521
0.440025,0.110752,-2038.890503
0.434846,0.108528,-2039.177979
0.434846,0.108528,-2038.48291
0.434846,0.108528,-2038.498535
0.436704,0.111022,-2038.206177
0.434617,0.105417,-2039.02417
0.432023,0.10391,-2038.631958
0.433038,0.105725,-2038.032349
0.434634,0.101717,-2039.285889
0.434634,0.101717,-2040.506592
0.434347,0.102576,-2039.020264
0.434347,0.102576,-2039.99707
0.433104,0.097683,-2040.59021
0.430979,0.101857,-2040.450928
0.425647,0.102458,-2040.620239
0.420555,0.108143,-2041.165771
0.42818,0.107215,-2037.724243
0.42818,0.107215,-2039.406616
0.427582,0.10749,-2040.069824
0.430209,0.109031,-2039.891602
0.430026,0.104846,-2039.209229
0.430026,0.104846,-2038.897827
0.427736,0.110801,-2038.290039
0.427736,0.110801,-2038.6427
0.427736,0.110801,-2038.765625
0.42439,0.11676,-2038.325073
0.423145,0.123224,-2038.01001
0.421656,0.118703,-2038.215088
0.421656,0.118703,-2038.284912
0.422356,0.121156,-2038.993652
0.422356,0.121156,-2038.670654
0.420666,0.117103,-2039.043823
0.417172,0.116903,-2040.333496
0.41166,0.111523,-2040.836914
0.41166,0.111523,-2042.162476
0.412312,0.107299,-2042.184692
0.412312,0.107299,-2041.931763
0.412312,0.107299,-2041.662109
0.409967,0.105407,-2042.372925
0.408484,0.108665,-2043.74585
0.406952,0.112615,-2043.826294
0.406952,0.112615,-2043.924561
0.407532,0.108282,-2042.776367
0.40739,0.112477,-2042.325684
0.408004,0.111065,-2043.426514
0.410225,0.103875,-2044.466675
0.405255,0.106753,-2044.649292
0.405255,0.106753,-2043.629395
0.409473,0.107581,-2042.493896
0.409473,0.107581,-2042.707275
0.410807,0.108146,-2042.375732
0.413084,0.113998,-2041.321289
0.413084,0.113998,-2041.212158
0.413133,0.117436,-2040.348389
0.413133,0.117436,-2041.04895
0.414366,0.118973,-2039.951172
0.417686,0.121134,-2039.30481
0.415648,0.125342,-2039.511108
0.415648,0.125342,-2039.932251
0.421002,0.126711,-2038.74707
0.423366,0.122821,-2037.935791
0.425491,0.121429,-2037.914062
0.428853,0.120507,-2038.270752
0.428556,0.119077,-2037.146118
0.429668,0.125115,-2036.528809
0.42424,0.122177,-2038.662964
0.423124,0.117781,-2039.0625
0.428053,0.114386,-2038.685303
0.427197,0.111546,-2038.383423
0.427197,0.111546,-2038.842773
0.428108,0.110353,-2037.98877
0.43107,0.113636,-2037.569214
0.43107,0.113636,-2037.135864
0.43107,0.113636,-2037.475342
0.425843,0.114786,-2038.427246
0.424406,0.120385,-2038.378784
0.428982,0.126824,-2037.922485
0.430494,0.132879,-2037.218018
0.434376,0.127881,-2037.672485
0.432771,0.128298,-2038.371826
0.429971,0.130338,-2037.764526
0.427721,0.132511,-2037.682007
0.433746,0.131772,-2038.028809
0.434935,0.128986,-2037.005127
0.43896,0.126895,-2036.743652
0.443529,0.130476,-2037.568848
0.447907,0.126665,-2038.615479
0.443748,0.125322,-2037.974854
0.443748,0.125322,-2037.764404
0.438098,0.122936,-2037.403442
0.440372,0.11864,-2037.173462
0.442057,0.117177,-2037.088135
0.442671,0.112677,-2038.551025
0.442671,0.112677,-2037.159424
0.444012,0.123899,-2036.513916
0.446906,0.124003,-2036.858887
0.444306,0.123791,-2037.472534
0.446785,0.11898,-2037.446289
0.444901,0.120459,-2037.017944
0.445294,0.122737,-2036.649292
0.445294,0.122737,-2036.802246
0.450146,0.118484,-2038.913818
0.452161,0.116779,-2038.841553
0.447988,0.115854,-2038.008545
0.447988,0.115854,-2037.55542
0.447988,0.115854,-2037.665771
0.447988,0.115854,-2038.048096
0.445424,0.11405,-2037.452393
0.439403,0.114985,-2037.634033
0.438951,0.115785,-2036.440918
0.436979,0.109605,-2037.776367
0.437002,0.106091,-2038.820679
0.436164,0.103719,-2039.412231
0.436014,0.100725,-2039.389771
0.436014,0.100725,-2039.711304
0.434164,0.100649,-2040.907471
0.435193,0.107152,-2038.551147
0.431962,0.109692,-2038.6875
0.430368,0.10942,-2038.877075
0.429425,0.109977,-2037.438721
0.422985,0.107112,-2040.197754
0.422985,0.107112,-2039.508545
0.418613,0.110094,-2040.357178
0.418613,0.110094,-2040.535522
0.416894,0.110093,-2039.849121
0.414838,0.106708,-2041.113159
0.415467,0.101093,-2042.078857
0.413982,0.103168,-2042.429688
0.419115,0.099708,-2042.416748
0.418112,0.103005,-2041.877808
0.418112,0.103005,-2040.473877
0.422682,0.10716,-2040.246094
0.41837,0.110041,-2039.541504
0.41837,0.110041,-2040.346802
0.419922,0.110122,-2039.119873
0.427031,0.106722,-2039.545288
0.427081,0.110818,-2038.569092
0.427081,0.110818,-2038.789795
0.427295,0.111035,-2039.174683
0.427295,0.111035,-2038.249878
0.427218,0.108498,-2038.47168
0.425146,0.113443,-2038.528687
0.425287,0.110068,-2039.099121
0.428307,0.113159,-2039.073486
0.42496,0.118275,-2038.439087
0.426179,0.117203,-2038.005371
0.425015,0.119268,-2038.256714
0.427394,0.116482,-2037.821289
0.429428,0.117424,-2038.071533
0.432267,0.113193,-2037.946289
0.432267,0.113193,-2038.066528
0.431105,0.121841,-2038.06604
0.426279,0.118065,-2039.406128
0.426279,0.118065,-2037.957764
0.425193,0.113692,-2037.295654
0.425193,0.113692,-2038.492065
0.425193,0.113692,-2038.49646
0.42375,0.115831,-2039.407593
0.426778,0.111757,-2038.642212
0.42442,0.111857,-2039.418945
0.428875,0.108392,-2038.820801
0.425059,0.114762,-2039.101807
0.425059,0.114762,-2038.809082
0.426615,0.114299,-2037.453857
0.424709,0.115041,-2038.604736
0.424709,0.115041,-2039.345459
0.424709,0.115041,-2037.957275
0.426359,0.120357,-2038.895752
0.424675,0.120911,-2038.229492
0.423169,0.120355,-2039.127808
0.423402,0.116008,-2038.756348
0.422528,0.114503,-2038.00708
0.422528,0.114503,-2039.34668
0.422639,0.114224,-2039.112427
0.418191,0.114592,-2039.761108
0.418191,0.114592,-2038.540771
0.418191,0.114592,-2039.661621
0.416602,0.117655,-2039.644043
0.423756,0.118226,-2038.744141
0.425152,0.114142,-2038.345825
0.424204,0.117323,-2038.890137
0.431747,0.127788,-2037.855225
0.429645,0.127632,-2037.709351
0.427123,0.124877,-2038.133179
0.428015,0.12704,-2037.213379
0.425653,0.128118,-2037.956055
0.425653,0.128118,-2038.626465
0.425397,0.12842,-2038.289673
0.424493,0.12631,-2038.418823
0.424493,0.12631,-2038.924561
0.429045,0.125493,-2037.230469
0.431114,0.13234,-2038.085205
0.431114,0.13234,-2037.575806
0.436815,0.125828,-2036.419067
0.436815,0.125828,-2036.999756
0.433948,0.125427,-2037.953369
0.433948,0.125427,-2037.671143
0.430548,0.126528,-2037.146729
0.437308,0.128517,-2037.687622
0.432473,0.127384,-2037.37793
0.432473,0.127384,-2037.509277
0.431371,0.12642,-2037.577759
0.431371,0.12642,-2036.80127
0.433086,0.129405,-2036.477783
0.43267,0.130566,-2037.652832
0.431786,0.137648,-2038.394897
0.430667,0.138967,-2038.423828
0.430386,0.14244,-2039.101074
0.430608,0.139591,-2037.812744
0.426848,0.138279,-2038.056885
0.427814,0.13135,-2037.90625
0.431853,0.136837,-2038.358887
0.430926,0.136659,-2037.780884
0.430366,0.129464,-2037.960205
0.426256,0.126262,-2038.003906
0.426614,0.123945,-2038.336548
0.426041,0.118676,-2037.695801
0.428872,0.120468,-2038.452148
0.428872,0.120468,-2037.84729
0.434203,0.114289,-2037.413574
0.433237,0.121724,-2037.263184
0.433308,0.123744,-2038.282959
0.43944,0.119816,-2037.145508
0.43944,0.119816,-2036.238281
0.434838,0.116986,-2036.932129
0.438461,0.117397,-2037.761353
0.44216,0.122548,-2037.947754
0.44216,0.122548,-2036.799683
0.445022,0.119616,-2038.452759
0.446201,0.123812,-2036.64209
0.448001,0.122845,-2037.571533
0.450144,0.122672,-2038.289551
0.445487,0.123682,-2038.403809
0.439632,0.126682,-2036.484497
0.436838,0.127256,-2037.657349
0.433926,0.128737,-2036.351074
0.443379,0.129955,-2037.518066
0.443379,0.129955,-2037.556885
0.444654,0.131441,-2037.072998
0.44485,0.133246,-2037.7052
0.44479,0.133436,-2037.145386
0.44479,0.133436,-2037.196655
0.44479,0.133436,-2037.138306
0.449038,0.132153,-2038.746704
0.448836,0.131714,-2038.251831
0.448836,0.131714,-2037.211548
0.448836,0.131714,-2037.43457
0.451845,0.135709,-2038.7229
0.452428,0.137187,-2037.707764
0.451732,0.131815,-2037.701782
0.452015,0.133757,-2038.313721
0.452015,0.133757,-2038.143799
0.451218,0.136734,-2038.52063
0.451218,0.136734,-2037.566406
0.445892,0.135493,-2037.666138
0.447465,0.129773,-2037.947876
0.447913,0.132235,-2037.708252
0.452419,0.13061,-2038.607056
0.450238,0.135987,-2037.552246
0.450175,0.135255,-2038.262085
0.450175,0.135255,-2038.475098
0.440154,0.142146,-2038.524536
0.442878,0.143717,-2038.620117
0.441274,0.143902,-2038.801514
0.441082,0.145143,-2038.555054
0.440517,0.147512,-2039.571533
0.440517,0.147512,-2038.358521
0.440621,0.148616,-2039.161011
0.439057,0.151592,-2040.369629
0.438843,0.149557,-2039.773315
0.438843,0.149557,-2038.533325
0.435558,0.144899,-2039.050781
0.435558,0.144899,-2038.526367
0.434967,0.142712,-2038.896484
0.434327,0.146499,-2038.90625
0.431444,0.149879,-2040.101807
0.432088,0.148441,-2039.577148
0.429456,0.146676,-2039.834717
0.427315,0.146198,-2039.800537
0.430544,0.139853,-2038.278076
0.427286,0.13595,-2038.752319
0.428488,0.134664,-2038.002075
0.432659,0.133012,-2037.027588
0.434943,0.132013,-2038.199219
0.434943,0.132013,-2036.397949
0.435223,0.137002,-2038.252686
0.435755,0.137106,-2037.56958
0.437071,0.131823,-2037.222046
0.438081,0.135851,-2037.602051
0.432522,0.132768,-2038.758545
0.433839,0.131495,-2037.516968
0.432994,0.136618,-2038.095337
0.435368,0.136361,-2037.835449
0.434805,0.141202,-2037.656006
0.43665,0.134839,-2038.895996
0.435765,0.141818,-2037.573242
0.435765,0.141818,-2037.07959
0.433772,0.142025,-2038.081543
0.433772,0.142025,-2038.281494
0.433772,0.142025,-2037.912598
0.432204,0.1457,-2039.752197
0.428249,0.152609,-2040.392212
0.428249,0.152609,-2038.711914
0.427738,0.153918,-2040.278564
0.428785,0.152809,-2040.070068
0.430439,0.149659,-2040.082764
0.430439,0.149659,-2039.872314
0.42961,0.144594,-2038.97937
0.429506,0.148116,-2040.398071
0.428803,0.147048,-2039.246582
0.426956,0.149549,-2040.229126
0.427468,0.15092,-2040.292969
0.428816,0.149035,-2040.334229
0.428816,0.149035,-2039.152344
0.428816,0.149035,-2039.776855
0.427934,0.151156,-2040.604614
0.425704,0.149132,-2040.385498
0.429513,0.156659,-2041.184082
0.422916,0.158645,-2041.448853
0.423024,0.158417,-2043.636963
0.42533,0.152342,-2040.97876
0.42533,0.152342,-2039.835205
0.426772,0.144032,-2039.925049
0.43271,0.143164,-2038.982178
0.43271,0.143164,-2038.476318
0.433466,0.144077,-2038.171509
0.433766,0.141064,-2038.306885
0.433766,0.141064,-2038.427368
0.43996,0.13727,-2037.449585
0.441456,0.137717,-2037.268799
0.442266,0.132296,-2037.616699
0.438669,0.127615,-2036.964844
0.441216,0.130841,-2037.687012
0.441216,0.130841,-2037.525269
0.441432,0.1274,-2037.390869
0.441432,0.1274,-2036.540405
0.44067,0.131363,-2037.178711
0.440606,0.128601,-2036.920654
0.444124,0.126149,-2037.990723
0.442004,0.124758,-2036.762817
0.442422,0.121557,-2038.937256
0.445388,0.128565,-2037.492432
0.445388,0.128565,-2036.921997
0.44151,0.127135,-2037.256714
0.44151,0.127135,-2037.576416
0.44151,0.127135,-2036.561279
0.441544,0.125439,-2036.392578
0.441544,0.125439,-2037.274048
0.440346,0.119707,-2037.585815
0.443795,0.128181,-2037.700928
0.445403,0.131442,-2036.518311
0.445403,0.131442,-2036.766235
0.445403,0.131442,-2037.701904
0.444481,0.128903,-2036.372437
0.445068,0.129172,-2037.565552
0.445068,0.129172,-2036.701294
0.449233,0.127478,-2037.616089
0.446422,0.129113,-2037.122559
0.443499,0.12509,-2036.741943
0.44572,0.128249,-2037.242798
0.449878,0.124144,-2037.331177
0.445268,0.126878,-2037.715576
0.442799,0.118972,-2037.626953
0.444355,0.115137,-2037.793701
0.443936,0.12077,-2036.852783
0.444742,0.118934,-2037.001099
0.446735,0.120924,-2037.48584
0.43753,0.119616,-2037.419189
0.437985,0.125958,-2036.573486
0.436687,0.12315,-2036.526611
0.436364,0.124048,-2037.103882
0.436364,0.124048,-2037.016602
0.434187,0.117747,-2037.72583
0.434352,0.120042,-2037.055908
0.432219,0.122387,-2037.775391
0.43833,0.116897,-2037.22583
0.437701,0.115839,-2038.185425
0.434287,0.117282,-2037.794556
0.434287,0.117282,-2037.168823
0.433171,0.108861,-2038.476807
0.433069,0.105121,-2038.917969
0.432811,0.106057,-2038.637207
0.433836,0.104226,-2039.181641
0.433116,0.098565,-2040.506836
0.439062,0.098945,-2041.676514
0.434218,0.100437,-2039.81665
0.434218,0.100437,-2039.119629
0.434218,0.100437,-2039.879883
0.437283,0.100968,-2040.941406
0.437283,0.100968,-2039.634521
0.438806,0.102782,-2039.377319
0.444473,0.10837,-2038.054565
0.440809,0.106393,-2037.737793
0.440809,0.106393,-2039.536621
0.440809,0.106393,-2038.075562
0.442413,0.102681,-2039.157349
0.444446,0.108748,-2039.13501
0.451365,0.104488,-2039.411865
0.451365,0.104488,-2039.235107
0.450693,0.107033,-2039.554199
0.451732,0.104936,-2037.929688
0.455167,0.104567,-2040.203979
0.455167,0.104567,-2039.81897
0.456086,0.110613,-2039.633545
0.456108,0.105582,-2039.395508
0.459523,0.105413,-2040.702637
0.463228,0.105877,-2041.044922
0.465108,0.107651,-2040.82959
0.464112,0.105795,-2040.072144
0.464112,0.105795,-2040.288818
0.461711,0.107517,-2040.374756
0.460885,0.108625,-2040.384033
0.459037,0.112476,-2038.566772
0.459037,0.112476,-2039.627319
0.462384,0.121794,-2039.68457
0.462384,0.121794,-2039.532227
0.462356,0.114997,-2038.984619
0.464823,0.116205,-2039.430664
0.461526,0.117956,-2038.577271
0.455644,0.117954,-2038.867432
0.459861,0.123274,-2038.16333
0.459861,0.123274,-2038.764893
0.457644,0.114453,-2038.476196
0.456603,0.106894,-2039.619141
0.456272,0.103843,-2039.442505
0.458413,0.110188,-2039.685791
0.458413,0.110188,-2039.450684
0.458413,0.110188,-2038.884033
0.452508,0.105294,-2040.534912
0.452508,0.105294,-2039.996948
0.451235,0.108509,-2039.343384
0.451235,0.108509,-2038.912109
0.450546,0.112914,-2037.548584
0.449697,0.111556,-2039.049194
0.445901,0.10907,-2038.260498
0.445901,0.10907,-2038.887207
0.445975,0.109743,-2038.591675
0.446396,0.113295,-2038.362793
0.446274,0.120871,-2036.664673
0.446274,0.120871,-2037.969482
0.44852,0.120191,-2037.813721
0.448033,0.116229,-2037.542114
0.445187,0.12346,-2037.112061
0.446723,0.125267,-2037.091919
0.444405,0.129203,-2037.803955
0.436628,0.134865,-2038.268311
0.432669,0.139659,-2039.127686
0.432669,0.139659,-2038.529541
0.431174,0.141589,-2038.916016
0.429287,0.142118,-2039.102417
0.434709,0.142018,-2038.998779
0.436876,0.140556,-2038.988281
0.436876,0.140556,-2038.475708
0.437041,0.135818,-2038.680176
0.438504,0.142299,-2038.130371
0.433662,0.135756,-2037.533691
0.435707,0.131364,-2037.226807
0.44255,0.12592,-2037.182373
0.43577,0.128992,-2037.917236
0.43577,0.128992,-2037.213745
0.439769,0.133335,-2037.95752
0.439769,0.133335,-2037.318604
0.438296,0.138003,-2037.390869
0.435802,0.134223,-2038.996704
0.44133,0.126679,-2037.080078
0.44133,0.126679,-2037.911255
0.438349,0.123334,-2036.177734
0.435958,0.127775,-2037.112061
0.435958,0.127775,-2037.158813
0.434201,0.12602,-2037.179688
0.429049,0.122086,-2037.741455
0.429049,0.122086,-2035.903809
0.422505,0.124785,-2038.118408
0.422505,0.124785,-2039.059204
0.423024,0.120864,-2038.793701
0.42639,0.126788,-2038.912476
0.433595,0.131926,-2036.920166
0.433488,0.132087,-2037.188232
0.431611,0.132534,-2037.841064
0.431611,0.132534,-2038.100708
0.433739,0.12724,-2037.605835
0.429385,0.128449,-2037.449707
0.435662,0.135937,-2037.732544
0.435662,0.135937,-2037.351196
0.433022,0.136892,-2038.140869
0.433022,0.136892,-2037.136353
0.433333,0.13799,-2039.068604
0.4365,0.142393,-2038.019531
0.4365,0.142393,-2038.188599
0.437303,0.143287,-2037.926514
0.437303,0.143287,-2038.315918
0.433131,0.141327,-2038.401611
0.438677,0.143937,-2038.803467
0.439298,0.136396,-2038.147949
0.439298,0.136396,-2037.972656
0.439358,0.135924,-2037.742554
0.439358,0.135924,-2037.301514
0.436655,0.132955,-2038.120972
0.438147,0.13783,-2037.49292
0.441307,0.137653,-2038.154297
0.441741,0.141604,-2039.236572
0.440296,0.14,-2039.239014
0.442884,0.13847,-2037.823242
0.43778,0.134579,-2038.989746
0.43778,0.134579,-2037.399902
0.4375,0.136788,-2038.447754
0.4375,0.136788,-2037.023438
0.4375,0.136788,-2037.633301
0.4375,0.136788,-2037.830078
0.4375,0.136788,-2036.853394
0.438211,0.142688,-2038.301514
0.437031,0.142226,-2037.829956
0.439778,0.140308,-2038.75647
0.438699,0.141777,-2038.004883
0.437553,0.146779,-2039.056152
0.431126,0.14447,-2039.354614
0.433893,0.14794,-2038.30957
0.432754,0.145552,-2039.485107
0.429938,0.143747,-2039.621094
0.434073,0.139844,-2039.04187
0.430448,0.139176,-2038.939941
0.435091,0.14323,-2038.438965
0.431595,0.137395,-2038.987549
0.434359,0.138062,-2036.953979
0.437667,0.133788,-2037.696411
0.434989,0.123995,-2037.030029
0.43391,0.125909,-2038.080322
0.43391,0.125909,-2037.296631
0.434596,0.12803,-2037.77356
0.439615,0.125883,-2037.110962
0.439038,0.125919,-2036.962646
0.435061,0.133506,-2037.447266
0.435275,0.13352,-2038.599609
0.435275,0.13352,-2037.300415
0.43538,0.132646,-2038.126465
0.43642,0.133857,-2037.251709
0.435694,0.131899,-2037.342041
0.441096,0.126304,-2036.196777
0.443433,0.120206,-2037.023438
0.44015,0.126702,-2037.722412
0.44015,0.126702,-2036.928833
0.441168,0.125717,-2037.430664
0.438294,0.13125,-2037.5625
0.441812,0.125,-2036.632568
0.438588,0.124057,-2037.754395
0.43764,0.118673,-2036.613159
0.43764,0.118673,-2036.609131
0.435725,0.11951,-2037.872681
0.440918,0.121428,-2036.907471
0.440807,0.121937,-2037.326172
0.439697,0.126204,-2037.243652
0.439415,0.12943,-2036.103149
0.4349,0.123555,-2036.97522
0.437442,0.125103,-2037.331543
0.437916,0.115599,-2037.356689
0.439773,0.122869,-2037.16394
0.439773,0.122869,-2037.380615
0.44243,0.12551,-2037.554077
0.442373,0.121933,-2037.674805
0.43955,0.113387,-2038.491211
0.43955,0.113387,-2037.131836
0.43955,0.113387,-2037.359863
0.43955,0.113387,-2038.333984
0.440795,0.112066,-2037.642334
0.441754,0.117309,-2037.873657
0.441754,0.117309,-2037.217651
0.443164,0.119571,-2037.52356
0.443164,0.119571,-2037.391968
0.444463,0.126615,-2038.017944
0.440398,0.127326,-2038.116333
0.44241,0.132935,-2036.952393
0.443944,0.133054,-2038.462769
0.443944,0.133054,-2037.607544
0.443944,0.133054,-2038.540527
0.443091,0.134985,-2037.439087
0.444298,0.139177,-2038.259277
0.444298,0.139177,-2038.09436
0.444298,0.139177,-2039.563477
0.44632,0.135653,-2037.939941
0.44632,0.135653,-2037.924316
0.446735,0.135607,-2037.718994
0.446735,0.135607,-2037.355957
0.446735,0.135607,-2037.518066
0.446075,0.133111,-2037.815063
0.446075,0.133111,-2036.828247
0.444971,0.134516,-2038.143799
0.445077,0.133031,-2038.222656
0.444841,0.131369,-2037.708252
0.444841,0.131369,-2037.123047
0.445418,0.125173,-2037.738403
0.445559,0.120084,-2036.786377
0.44426,0.122262,-2036.504639
0.446148,0.127783,-2037.854126
0.452209,0.123584,-2038.114746
0.452209,0.123584,-2037.954224
0.452675,0.122754,-2037.679443
0.450264,0.120499,-2037.580933
0.450264,0.120499,-2037.438599
0.45158,0.122826,-2037.186279
0.45158,0.122826,-2036.913086
0.451567,0.123089,-2036.896851
0.445235,0.124913,-2037.285278
0.443475,0.123666,-2036.977173
0.439513,0.126588,-2037.132812
0.439513,0.126588,-2037.657227
0.436828,0.127481,-2037.438477
0.436828,0.127481,-2037.30249
0.443455,0.124948,-2037.7771
0.442525,0.124782,-2036.798828
0.439808,0.121014,-2037.382446
0.440233,0.117445,-2037.061646
0.442659,0.118695,-2037.344238
0.441972,0.112206,-2037.542603
0.440189,0.112352,-2038.212524
0.442993,0.113221,-2038.195801
0.442993,0.113221,-2037.774536
0.443416,0.113305,-2037.565674
0.442451,0.121661,-2036.899902
0.442712,0.130013,-2037.136719
0.446049,0.132106,-2037.31958
0.448559,0.137149,-2038.875854
0.449331,0.13994,-2037.964355
0.450715,0.137402,-2038.033936
0.452445,0.135566,-2037.302002
0.453158,0.132552,-2038.368042
0.456932,0.126332,-2038.004639
0.450197,0.129338,-2037.741943
0.44944,0.129924,-2037.340576
0.450356,0.123089,-2036.317139
0.450356,0.123089,-2037.331787
0.450356,0.123089,-2037.435791
0.450267,0.128425,-2038.208862
0.44413,0.129248,-2036.894531
0.435878,0.124707,-2037.632812
0.435878,0.124707,-2036.54126
0.435803,0.1223,-2038.349121
0.435803,0.1223,-2036.933472
0.435803,0.1223,-2037.265747
0.441414,0.124638,-2038.201172
0.443557,0.122291,-2037.355591
0.446373,0.115353,-2037.680176
0.444648,0.113539,-2037.80188
0.445002,0.125495,-2037.174927
0.446259,0.127724,-2036.935547
0.446259,0.127724,-2036.168579
0.446826,0.127015,-2038.005859
0.447547,0.123801,-2037.971558
0.449179,0.120255,-2038.257446
0.450752,0.124606,-2037.737671
0.450757,0.116264,-2038.80835
0.450489,0.113166,-2037.849731
0.450489,0.113166,-2038.080566
0.451436,0.115608,-2039.186401
0.447873,0.114429,-2038.259277
0.442338,0.118603,-2038.182495
0.446249,0.110195,-2037.533691
0.444622,0.107801,-2039.275879
0.446503,0.112438,-2038.303345
0.441295,0.111422,-2038.767212
0.441295,0.111422,-2038.013672
0.440252,0.111028,-2038.274414
0.440252,0.111028,-2037.457764
0.449547,0.103044,-2039.085205
0.443218,0.101624,-2039.394165
0.44405,0.105934,-2038.706543
0.440591,0.10415,-2039.487061
0.440591,0.10415,-2038.858765
0.442799,0.096246,-2041.93811
0.442799,0.096246,-2041.205322
0.443636,0.099452,-2040.691528
0.443636,0.099452,-2040.578247
0.44106,0.104344,-2039.242188
0.440476,0.098985,-2039.179688
0.440476,0.098985,-2040.102905
0.439099,0.093739,-2041.585449
0.433528,0.092899,-2041.428345
0.434063,0.090786,-2042.628174
0.432708,0.08792,-2044.047241
0.432708,0.08792,-2043.803589
0.432737,0.08987,-2043.335571
0.429743,0.092268,-2042.077637
0.426425,0.092708,-2042.673584
0.426425,0.092708,-2043.162109
0.427558,0.095518,-2041.985352
0.427558,0.095518,-2041.503662
0.423752,0.095113,-2042.274536
0.420226,0.09498,-2043.87561
0.419182,0.094244,-2043.145874
0.421438,0.099228,-2041.207764
0.421438,0.099228,-2042.087158
0.421453,0.09882,-2041.319336
0.421184,0.095203,-2042.193115
0.420282,0.09012,-2044.092773
0.423297,0.10112,-2040.263184
0.423297,0.10112,-2039.909668
0.423297,0.10112,-2040.447754
0.42659,0.094228,-2042.218262
0.43055,0.09277,-2042.060669
0.431048,0.095048,-2041.536743
0.431048,0.095048,-2041.327393
0.429283,0.092377,-2042.010742
0.429283,0.092377,-2041.820801
0.428971,0.095038,-2041.217407
0.428971,0.095038,-2041.636597
0.431875,0.099699,-2040.179565
0.431228,0.099961,-2040.378662
0.431228,0.099961,-2039.761353
0.431228,0.099961,-2040.478516
0.431228,0.099961,-2040.623535
0.433087,0.09885,-2039.780273
0.429717,0.100006,-2041.549927
0.431854,0.100096,-2039.32959
0.434054,0.100989,-2040.099609
0.434054,0.100989,-2040.127808
0.434498,0.097627,-2040.203735
0.433009,0.097229,-2041.348633
0.434898,0.091522,-2042.742676
0.434898,0.091522,-2042.728638
0.435229,0.09514,-2040.5271
0.435229,0.09514,-2041.462402
0.431964,0.102405,-2040.429443
0.431964,0.102405,-2039.752686
0.431914,0.101048,-2040.259399
0.431914,0.101048,-2040.216553
0.43046,0.107351,-2039.691895
0.433211,0.114241,-2038.175049
0.434904,0.11506,-2038.166016
0.437031,0.115098,-2037.370117
0.436809,0.119141,-2037.292603
0.438137,0.125466,-2037.224609
0.441299,0.119764,-2037.118652
0.440795,0.121408,-2037.331055
0.439335,0.116641,-2038.270752
0.440144,0.116201,-2037.656128
0.441004,0.116542,-2038.462891
0.441963,0.120644,-2037.940186
0.442088,0.119141,-2037.67041
0.446608,0.114428,-2038.116943
0.448518,0.121404,-2037.913574
0.450523,0.112236,-2038.399536
0.448829,0.110584,-2038.5271
0.446441,0.113037,-2038.233765
0.445083,0.118123,-2037.640991
0.448835,0.116862,-2038.495117
0.448835,0.116862,-2036.853638
0.449543,0.108765,-2038.689697
0.449543,0.108765,-2038.577393
0.449543,0.108765,-2037.673706
0.444648,0.108321,-2038.969482
0.444648,0.108321,-2038.637207
0.447162,0.114156,-2038.026855
0.447086,0.117507,-2037.433105
0.447086,0.117507,-2037.814209
0.447967,0.121809,-2036.742432
0.444762,0.120853,-2037.848389
0.440637,0.121578,-2037.546631
0.439576,0.121455,-2037.553955
0.440832,0.130223,-2037.984985
0.438179,0.128712,-2037.455933
0.441263,0.133981,-2037.985474
0.440573,0.128679,-2037.645996
0.442567,0.133636,-2037.727783
0.444156,0.133793,-2037.363037
0.437939,0.135837,-2038.068237
0.437939,0.135837,-2037.24292
0.438544,0.131627,-2037.289307
0.438544,0.131627,-2037.197876
0.441276,0.137001,-2037.500366
0.435835,0.136331,-2037.679688
0.435225,0.139027,-2038.012085
0.432066,0.129999,-2037.446289
0.432066,0.129999,-2037.245972
0.432066,0.129999,-2037.648193
0.432066,0.129999,-2037.803345
0.428482,0.130874,-2036.46875
0.432347,0.131642,-2036.407471
0.432347,0.131642,-2036.703125
0.432347,0.131642,-2036.4646
0.426498,0.130223,-2037.061768
0.424986,0.129653,-2037.65625
0.423644,0.129855,-2038.381592
0.427288,0.128792,-2037.685303
0.427931,0.130008,-2037.47998
0.43067,0.125069,-2037.203979
0.426887,0.125808,-2037.850952
0.429417,0.127022,-2037.369751
0.430795,0.127315,-2037.484375
0.429189,0.120892,-2037.682983
0.429189,0.120892,-2037.090088
0.429189,0.120892,-2037.623047
0.42538,0.128318,-2038.862061
0.42538,0.128318,-2038.175537
0.429338,0.129527,-2037.495361
0.426839,0.134027,-2037.880615
0.432161,0.129907,-2036.622803
0.437832,0.133699,-2037.836792
0.439336,0.138379,-2038.412231
0.439336,0.138379,-2036.887939
0.436785,0.141315,-2038.240723
0.436785,0.141315,-2038.337158
0.435151,0.140565,-2037.664795
0.43428,0.136901,-2037.604736
0.430737,0.135119,-2038.276611
0.430737,0.135119,-2037.548218
0.433082,0.136982,-2039.189453
0.433496,0.13704,-2037.136719
0.433496,0.13704,-2037.31897
0.435585,0.141778,-2037.918579
0.435916,0.138199,-2037.794678
0.435916,0.138199,-2037.617798
0.435916,0.138199,-2038.019043
0.427527,0.143959,-2039.148804
0.425425,0.142947,-2039.428467
0.425425,0.142947,-2038.018555
0.425709,0.140236,-2038.97937
0.43029,0.143193,-2039.517944
0.433155,0.142928,-2038.747925
0.429475,0.147683,-2040.270142
0.429475,0.147683,-2039.427856
0.433326,0.145742,-2038.50293
0.432258,0.146176,-2038.42041
0.432258,0.146176,-2039.282349
0.430559,0.148325,-2039.772461
0.431437,0.147711,-2039.507324
0.432701,0.144497,-2038.895752
0.43147,0.136016,-2037.813721
0.433397,0.135033,-2037.91333
0.433397,0.135033,-2036.558472
0.43893,0.132775,-2037.923096
0.437127,0.129506,-2038.014038
0.438355,0.128707,-2037.318115
0.437941,0.120736,-2037.44458
0.436908,0.122957,-2037.167969
0.441823,0.124305,-2038.730957
0.441933,0.125808,-2037.830322
0.441343,0.122545,-2036.822754
0.445842,0.119116,-2037.419067
0.445842,0.119116,-2036.781006
0.449323,0.116398,-2038.971313
0.450787,0.117398,-2038.30896
0.448501,0.116449,-2037.714233
0.447306,0.11485,-2038.173828
0.446271,0.122729,-2037.783691
0.447508,0.122962,-2038.442139
0.447508,0.122962,-2037.477783
0.447503,0.122013,-2037.616699
0.447077,0.128766,-2037.346924
0.447077,0.128766,-2036.914673
0.443866,0.1241,-2037.028809
0.444917,0.125852,-2037.489258
0.441964,0.12161,-2037.077148
0.443601,0.124784,-2037.688354
0.443942,0.127358,-2038.187256
0.44387,0.121717,-2037.898804
0.44387,0.121717,-2036.401123
0.44387,0.121717,-2036.52124
0.443156,0.130382,-2037.31543
0.443156,0.130382,-2036.312256
0.443156,0.130382,-2037.685547
0.442324,0.129765,-2036.880859
0.44703,0.129866,-2037.438843
0.445727,0.134035,-2037.475098
0.448711,0.137356,-2038.757812
0.439924,0.140092,-2037.621704
0.439458,0.137061,-2038.133911
0.439332,0.138474,-2037.724609
0.439332,0.138474,-2037.738525
0.434598,0.141702,-2036.849487
0.434598,0.141702,-2036.96582
0.436533,0.135573,-2037.689209
0.438655,0.135074,-2037.491089
0.432763,0.12262,-2037.5802
0.430515,0.126847,-2038.737549
0.433851,0.129313,-2037.960815
0.432205,0.128297,-2036.841431
0.432205,0.128297,-2037.373413
0.430981,0.128758,-2037.990234
0.424937,0.129393,-2038.218384
0.423232,0.131168,-2038.459961
0.424166,0.123562,-2038.012085
0.424166,0.123562,-2037.841797
0.426507,0.124273,-2038.102539
0.426507,0.124273,-2037.442261
0.430605,0.129189,-2038.323486
0.429244,0.133025,-2037.385498
0.431619,0.134081,-2038.715942
0.431619,0.134081,-2038.40271
0.429304,0.13014,-2036.808472
0.428093,0.134137,-2037.503052
0.425379,0.131148,-2038.062012
0.425379,0.131148,-2037.45874
0.426635,0.133985,-2036.904297
0.43123,0.139077,-2038.401123
0.429761,0.136263,-2038.104736
0.423657,0.13246,-2038.220825
0.426953,0.134594,-2038.097656
0.424598,0.133748,-2039.657715
0.422018,0.137426,-2039.625
0.422827,0.129613,-2038.744507
0.422827,0.129613,-2038.003784
0.425685,0.126044,-2038.076538
0.425685,0.126044,-2037.833984
0.425139,0.124613,-2038.08606
0.424765,0.122673,-2038.507568
0.424765,0.122673,-2038.092163
0.424765,0.122673,-2038.075073
0.422345,0.122174,-2039.423096
0.423974,0.118691,-2038.697266
0.429472,0.115615,-2037.959717
0.428614,0.110191,-2039.039307
0.430895,0.104145,-2039.465454
0.431385,0.1049,-2038.843262
0.433343,0.107167,-2039.496216
0.430808,0.114597,-2038.399658
0.430772,0.110324,-2037.911621
0.432212,0.107312,-2037.477783
0.431657,0.104231,-2039.715454
0.431657,0.104231,-2039.199707
0.435502,0.112028,-2038.202881
0.431624,0.111946,-2037.936768
0.431624,0.111946,-2038.759521
0.431624,0.111946,-2037.339233
0.431624,0.111946,-2037.802002
0.429708,0.116122,-2038.16626
0.429643,0.110942,-2037.541626
0.429643,0.110942,-2037.520264
0.424324,0.109166,-2038.71582
0.423213,0.107717,-2040.656982
0.424504,0.113011,-2038.753052
0.423147,0.109293,-2039.492188
0.423147,0.109293,-2038.896729
0.425825,0.103806,-2039.397705
0.430007,0.109438,-2039.098145
0.435281,0.12089,-2036.712524
0.436882,0.118359,-2037.031372
0.444667,0.116157,-2037.155762
0.441035,0.110097,-2038.212646
0.441035,0.110097,-2036.975586
0.441035,0.110097,-2037.877319
0.441035,0.110097,-2037.767334
0.43934,0.111494,-2036.978516
0.442977,0.116275,-2037.476074
0.44118,0.115586,-2037.05249
0.44118,0.115586,-2037.279053
0.44118,0.115586,-2037.894287
0.440376,0.117177,-2038.260742
0.440376,0.117177,-2036.768555
0.440376,0.117177,-2036.960571
0.444376,0.115295,-2037.918213
0.445653,0.115525,-2037.513306
0.443012,0.119322,-2038.174194
0.43817,0.127254,-2037.184814
0.438596,0.12896,-2036.213501
0.441189,0.129162,-2037.020508
0.442145,0.127141,-2037.84375
0.437187,0.1328,-2037.217896
0.434884,0.134846,-2037.866943
0.428911,0.137543,-2036.983398
0.428997,0.136852,-2038.258911
0.430223,0.134165,-2038.279541
0.430223,0.134165,-2036.795166
0.430223,0.134165,-2037.873535
0.430223,0.134165,-2038.351074
0.433268,0.134457,-2037.702393
0.437355,0.130691,-2037.709961
0.438413,0.130625,-2036.099854
0.438413,0.130625,-2036.82959
0.436262,0.133129,-2037.477661
0.433292,0.132457,-2037.881958
0.433292,0.132457,-2037.631104
0.43199,0.128784,-2037.748047
0.434963,0.12838,-2036.526611
0.427089,0.123738,-2037.0802
0.428566,0.124697,-2036.900391
0.428309,0.126979,-2037.383057
0.428309,0.126979,-2037.651855
0.426894,0.123619,-2037.416504
0.426894,0.123619,-2037.363281
0.430431,0.121677,-2036.823975
0.428745,0.124554,-2038.356323
0.428745,0.124554,-2038.177002
0.427479,0.124536,-2037.553711
0.428747,0.122565,-2037.953735
0.423762,0.124192,-2038.564087
0.423762,0.124192,-2037.9021
0.424869,0.124775,-2038.229004
0.424869,0.124775,-2037.976318
0.424869,0.124775,-2037.37207
0.430984,0.120494,-2037.500977
0.42863,0.123408,-2037.156494
0.42863,0.123408,-2037.37561
0.427393,0.125808,-2037.227417
0.429692,0.134525,-2037.619751
0.42882,0.133876,-2037.787354
0.433651,0.134535,-2036.992798
0.433651,0.134535,-2037.897095
0.433651,0.134535,-2037.106079
0.433205,0.135853,-2038.498047
0.439435,0.135859,-2037.979858
0.438604,0.13833,-2038.359375
0.441403,0.137152,-2038.141968
0.436996,0.140677,-2038.292847
0.441462,0.14426,-2039.194336
0.441462,0.14426,-2038.451904
0.43637,0.14726,-2039.016235
0.43637,0.14726,-2038.579834
0.43637,0.14726,-2039.375
0.437722,0.149616,-2040.213135
0.435053,0.150519,-2040.18457
0.435053,0.150519,-2040.520752
0.434232,0.152594,-2039.267334
0.429921,0.15405,-2040.589966
0.427288,0.150881,-2040.503052
0.432091,0.153039,-2040.422607
0.430865,0.153946,-2039.846191
0.433036,0.15221,-2039.749268
0.433422,0.148947,-2038.728027
0.433422,0.148947,-2037.88623
0.433045,0.151907,-2039.865356
0.435209,0.147506,-2039.201416
0.435806,0.141075,-2038.512207
0.435806,0.141075,-2038.193115
0.435806,0.141075,-2037.376099
0.435021,0.140201,-2038.266357
0.433607,0.143843,-2038.773926
0.43226,0.141666,-2038.466675
0.433356,0.135773,-2038.397095
0.433356,0.135773,-2037.500488
0.430384,0.131383,-2038.552368
0.426829,0.129994,-2037.695435
0.426829,0.129994,-2036.844482
0.427125,0.125766,-2037.436523
0.427125,0.125766,-2037.424194
0.429875,0.121249,-2038.195312
0.427588,0.11696,-2037.921753
0.426998,0.116212,-2038.609619
0.426998,0.116212,-2037.776978
0.424222,0.119021,-2038.367188
0.41813,0.117821,-2038.267334
0.419609,0.111547,-2039.151611
0.416501,0.117061,-2039.947998
0.41663,0.120255,-2039.752075
0.419368,0.11898,-2038.566162
0.419368,0.11898,-2039.234375
0.419368,0.11898,-2039.039185
0.422014,0.120114,-2038.379761
0.422014,0.120114,-2038.474121
0.423172,0.118134,-2038.232422
0.419242,0.120317,-2038.047485
0.423508,0.118025,-2039.399536
0.422905,0.123948,-2037.779053
0.429167,0.121261,-2037.97168
0.428584,0.128917,-2037.388672
0.427049,0.120942,-2038.258789
0.427049,0.120942,-2037.904663
0.427989,0.125273,-2037.601318
0.423552,0.12576,-2038.385376
0.425439,0.124175,-2038.662842
0.422615,0.12094,-2038.250244
0.420978,0.122364,-2038.870605
0.422264,0.128331,-2037.3396
0.419795,0.129441,-2038.465576
0.422808,0.130448,-2038.377686
0.420814,0.130342,-2038.808472
0.420814,0.130342,-2038.786255
0.418646,0.124506,-2038.632812
0.416066,0.127378,-2039.327148
0.416066,0.127378,-2039.729614
0.416007,0.123076,-2039.782227
0.416007,0.123076,-2039.35022
0.418334,0.120869,-2039.876709
0.424021,0.115362,-2037.212646
0.424021,0.115362,-2038.539551
0.424021,0.115362,-2038.423462
0.421724,0.113281,-2039.410522
0.421293,0.111245,-2039.667358
0.430478,0.108859,-2037.461792
0.429382,0.112126,-2039.121948
0.436797,0.11431,-2037.950317
0.436752,0.110409,-2038.930908
0.439159,0.117302,-2036.849609
0.438577,0.120123,-2037.568359
0.434179,0.120051,-2037.407227
0.43726,0.120776,-2037.67395
0.43726,0.120776,-2036.6521
0.437867,0.120325,-2036.117798
0.437867,0.120325,-2036.873535
0.437834,0.113573,-2038.007446
0.437834,0.113573,-2037.678711
0.441775,0.11658,-2037.746826
0.441775,0.11658,-2037.346558
0.438428,0.109362,-2038.381836
0.437226,0.115207,-2037.8396
0.438158,0.108812,-2038.151611
0.444828,0.110543,-2038.106689
0.447748,0.109468,-2038.149658
0.440802,0.110724,-2037.297607
0.440802,0.110724,-2036.894897
0.435897,0.113657,-2037.507812
0.435897,0.113657,-2037.667603
0.436896,0.113478,-2037.537842
0.436896,0.113478,-2037.067017
0.439568,0.117352,-2037.691162
0.441409,0.119437,-2037.408691
0.439027,0.11617,-2038.570679
0.438436,0.121324,-2037.61377
0.438436,0.121324,-2037.997314
0.438436,0.121324,-2037.498657
0.438436,0.121324,-2036.969238
0.438436,0.121324,-2036.560303
0.435106,0.119691,-2037.65979
0.43933,0.120976,-2037.126953
0.434942,0.126137,-2037.557373
0.434942,0.126137,-2036.797119
0.438508,0.12473,-2036.555664
0.438245,0.121762,-2037.789307
0.43961,0.11992,-2036.299194
0.440389,0.118703,-2038.269775
0.438117,0.123432,-2037.144287
0.437062,0.121447,-2037.88147
0.436051,0.124473,-2037.690308
0.438547,0.122376,-2036.880127
0.438547,0.122376,-2037.501709
0.439302,0.125522,-2037.513184
0.43496,0.131596,-2037.435791
0.433144,0.129701,-2038.436768
0.433929,0.134997,-2037.658325
0.433929,0.134997,-2038.035645
0.430285,0.137177,-2038.031738
0.429475,0.1343,-2037.912598
0.429475,0.1343,-2037.800781
0.429047,0.138084,-2038.735474
0.42499,0.137025,-2038.419189
0.427698,0.134278,-2039.125122
0.424707,0.137613,-2039.01709
0.424707,0.137613,-2037.572632
0.420898,0.132501,-2039.181885
0.422979,0.135051,-2038.106079
0.422979,0.135051,-2038.156006
0.420723,0.139271,-2040.268555
0.417018,0.143279,-2040.861084
0.417018,0.143279,-2040.842285
0.420609,0.147137,-2040.859619
0.421639,0.144792,-2040.188843
0.4211,0.145854,-2039.414551
0.421411,0.14403,-2039.462891
0.422421,0.137823,-2039.259033
0.42136,0.140649,-2038.836304
0.418614,0.138994,-2038.9375
0.417605,0.141396,-2039.646973
0.417247,0.138297,-2039.993896
0.416613,0.135207,-2040.029541
0.414043,0.138259,-2041.656738
0.417671,0.136081,-2038.729736
0.417671,0.136081,-2039.583252
0.415564,0.135636,-2040.074951
0.415814,0.14198,-2040.751221
0.415814,0.14198,-2041.250488
0.422292,0.148628,-2041.155762
0.419085,0.144234,-2040.628906
0.424493,0.14387,-2039.907104
0.430531,0.147875,-2040.009033
0.430988,0.149468,-2039.002563
0.433158,0.148889,-2039.270752
0.432285,0.151651,-2039.536987
0.432285,0.151651,-2039.039062
0.432285,0.151651,-2039.047119
0.434842,0.154108,-2039.502563
0.434842,0.154108,-2039.861816
0.434842,0.154108,-2040.348511
0.431735,0.150002,-2040.094482
0.430697,0.150562,-2040.049194
0.431238,0.146719,-2039.945312
0.428352,0.143306,-2037.634399
0.428352,0.143306,-2038.075684
0.433013,0.142885,-2038.917725
0.432076,0.141998,-2037.388428
0.432125,0.14169,-2038.42627
0.434621,0.14257,-2038.744995
0.43108,0.141653,-2037.420166
0.43108,0.141653,-2037.881348
0.43108,0.141653,-2039.045654
0.43374,0.142104,-2039.056396
0.43461,0.139953,-2037.895752
0.43382,0.141407,-2039.266357
0.43382,0.141407,-2037.877686
0.437246,0.14076,-2038.685669
0.437421,0.140105,-2038.689697
0.434624,0.148123,-2038.528442
0.433133,0.151225,-2039.747559
0.433133,0.151225,-2038.386475
0.434363,0.153885,-2039.937012
0.434662,0.150001,-2039.583008
0.429953,0.144632,-2039.256592
0.433658,0.138214,-2038.069214
0.435715,0.135598,-2037.174072
0.433062,0.137024,-2037.527344
0.434626,0.139506,-2037.578613
0.437145,0.143286,-2037.45459
0.435025,0.144267,-2039.000366
0.430926,0.148328,-2039.672119
0.430926,0.148328,-2038.658447
0.434772,0.145038,-2038.92749
0.436921,0.145472,-2038.753662
0.438322,0.144831,-2038.870728
0.438322,0.144831,-2037.991699
0.433314,0.149172,-2039.453613
0.432194,0.143528,-2038.440796
0.434522,0.13978,-2038.847168
0.43207,0.13745,-2038.522705
0.430581,0.13876,-2037.825928
0.430581,0.13876,-2037.516724
0.428883,0.141497,-2039.239868
0.428299,0.132767,-2038.792725
0.428299,0.132767,-2036.810059
0.428466,0.131872,-2037.845703
0.428466,0.131872,-2037.956909
0.430745,0.130748,-2037.577515
0.430745,0.130748,-2038.184814
0.431734,0.120136,-2037.129272
0.431734,0.120136,-2037.301025
0.434997,0.124674,-2037.068481
0.432166,0.120853,-2037.805298
0.426309,0.120697,-2037.649658
0.426309,0.120697,-2037.447021
0.430809,0.116161,-2037.788086
0.427647,0.117133,-2037.621338
0.42782,0.114249,-2038.484009
0.42782,0.114249,-2038.462524
0.427913,0.11154,-2039.402832
0.427103,0.118127,-2038.369019
0.426558,0.116136,-2038.181152
0.428604,0.126111,-2038.208008
0.432716,0.131017,-2037.884766
0.435232,0.131263,-2037.635498
0.437377,0.132837,-2037.66333
0.440389,0.129299,-2038.803955
0.438365,0.119967,-2036.950195
0.436273,0.118239,-2036.600586
0.433332,0.116672,-2037.5
0.433324,0.116302,-2037.579346
0.427948,0.117793,-2037.501099
0.430272,0.113246,-2038.145752
0.430272,0.113246,-2037.871582
0.432505,0.113069,-2037.454956
0.432505,0.113069,-2037.723145
0.435042,0.111847,-2038.071289
0.435042,0.111847,-2037.161133
0.438412,0.110988,-2038.539917
0.438412,0.110988,-2037.432861
0.438412,0.110988,-2037.606934
0.439076,0.115548,-2037.953491
0.439076,0.115548,-2037.606445
0.439439,0.11748,-2037.700195
0.443057,0.117891,-2037.191895
0.443576,0.112269,-2038.290283
0.446648,0.115039,-2037.139771
0.442324,0.113152,-2038.087158
0.442324,0.113152,-2036.496094
0.444637,0.109069,-2038.14978
0.445949,0.107926,-2039.140381
0.447387,0.104356,-2038.637085
0.443704,0.109826,-2038.46875
0.446641,0.11525,-2038.071411
0.447648,0.114622,-2037.81958
0.450961,0.112093,-2037.785156
0.450384,0.110681,-2038.785156
0.453244,0.114693,-2038.669312
0.461096,0.115143,-2039.955933
0.461096,0.115143,-2039.032104
0.459971,0.117891,-2039.596558
0.459971,0.117891,-2038.776611
0.457734,0.11782,-2038.500732
0.457734,0.11782,-2038.152344
0.459667,0.117364,-2038.743164
0.454104,0.112933,-2038.562378
0.451633,0.114683,-2038.735352
0.451633,0.114683,-2038.255127
0.451633,0.114683,-2038.020996
0.455599,0.115766,-2038.763916
0.451136,0.110606,-2039.038696
0.450755,0.105838,-2039.245605
0.452009,0.107352,-2039.190063
0.452009,0.107352,-2039.343506
0.454002,0.113407,-2038.706543
0.456645,0.116296,-2039.448608
0.460308,0.120661,-2038.824463
0.457231,0.118621,-2038.389893
0.45642,0.116634,-2038.720215
0.455703,0.108147,-2039.681152
0.458527,0.10579,-2040.531738
0.458527,0.10579,-2038.66272
0.458527,0.10579,-2040.357788
0.456267,0.110662,-2039.59436
0.45581,0.112228,-2038.861084
0.456457,0.114461,-2038.856689
0.462363,0.111737,-2039.023438
0.462363,0.111737,-2039.857178
0.465494,0.113111,-2040.658936
0.465494,0.113111,-2040.245117
0.460054,0.113004,-2040.220947
0.463452,0.119229,-2039.806641
0.463452,0.119229,-2039.115723
0.460019,0.12195,-2039.177124
0.460502,0.12013,-2039.311646
0.460502,0.12013,-2038.312988
0.457023,0.120423,-2039.75293
0.457023,0.120423,-2038.265503
0.457804,0.122327,-2038.606689
0.455043,0.129761,-2036.882935
0.450738,0.132132,-2038.653809
0.453849,0.133865,-2039.926514
0.450809,0.1296,-2037.157715
0.450809,0.1296,-2036.922852
0.450809,0.1296,-2037.480835
0.450006,0.129326,-2038.410645
0.450006,0.129326,-2038.188965
0.451254,0.126034,-2036.55127
0.451254,0.126034,-2037.346924
0.451254,0.126034,-2036.961914
0.451254,0.126034,-2037.648193
0.457104,0.128605,-2038.377075
0.457104,0.128605,-2038.094849
0.460246,0.135376,-2039.445435
0.458811,0.137248,-2039.610107
0.458811,0.137248,-2039.399414
0.458957,0.140821,-2040.875977
0.457299,0.139258,-2039.042603
0.457299,0.139258,-2039.768066
0.456554,0.142321,-2039.87854
0.45638,0.144001,-2039.607788
0.458278,0.141749,-2039.417725
0.45236,0.143519,-2039.27124
0.452699,0.140674,-2039.036133
0.450895,0.132349,-2037.606323
0.449949,0.129646,-2037.152954
0.445843,0.124036,-2038.388916
0.447472,0.125274,-2037.781982
0.447472,0.125274,-2036.465088
0.445395,0.12825,-2037.782959
0.446616,0.128045,-2037.307983
0.446616,0.128045,-2037.387695
0.447101,0.121198,-2037.694092
0.44877,0.112354,-2038.846924
0.451304,0.114827,-2038.190308
0.453821,0.117511,-2037.674805
0.453821,0.117511,-2037.636353
0.456373,0.11147,-2039.040283
0.460297,0.116224,-2039.005493
0.461756,0.123213,-2039.100098
0.461756,0.123213,-2039.523926
0.461756,0.123213,-2039.357666
0.460917,0.123557,-2038.891846
0.460917,0.123557,-2038.41333
0.461076,0.118654,-2038.994385
0.466389,0.114383,-2039.601196
0.464211,0.111814,-2040.614746
0.46741,0.107336,-2041.337158
0.465703,0.110751,-2040.224609
0.461411,0.113842,-2040.011963
0.456057,0.114801,-2039.419189
0.454479,0.125497,-2038.848633
0.456177,0.130173,-2037.98999
0.457014,0.129396,-2037.732178
0.454899,0.12391,-2038.430542
0.454899,0.12391,-2037.904785
0.453951,0.12712,-2038.016357
0.459162,0.124874,-2039.412842
0.459162,0.124874,-2038.061523
0.459874,0.122214,-2038.208984
0.458435,0.123462,-2038.86499
0.457911,0.129214,-2038.138184
0.452874,0.136883,-2038.833984
0.453516,0.138385,-2038.46936
0.453516,0.138385,-2039.583374
0.452191,0.142679,-2039.199829
0.450681,0.137293,-2038.484375
0.453065,0.136818,-2038.712402
0.453065,0.136818,-2038.723877
0.449856,0.133324,-2038.288818
0.448483,0.124517,-2037.898682
0.448118,0.122591,-2037.283691
0.448118,0.122591,-2037.563477
0.448613,0.123813,-2037.330078
0.448478,0.124703,-2038.308228
0.44269,0.125049,-2037.357178
0.44269,0.125049,-2037.023926
0.448671,0.123356,-2037.358398
0.450254,0.121532,-2038.204712
0.446607,0.120321,-2038.371826
0.447974,0.125498,-2037.542847
0.44285,0.122215,-2038.130493
0.437374,0.122021,-2036.826172
0.437374,0.122021,-2036.798096
0.439332,0.121516,-2037.415527
0.435138,0.120766,-2037.000977
0.435138,0.120766,-2037.405029
0.436329,0.113891,-2037.956055
0.439735,0.112583,-2036.515259
0.444798,0.111954,-2038.11084
0.44849,0.11322,-2038.792603
0.448477,0.109579,-2039.127319
0.449764,0.117027,-2038.387817
0.451729,0.115505,-2037.421143
0.451729,0.115505,-2037.858032
0.447634,0.112331,-2037.517456
0.451888,0.113905,-2038.728882
0.450091,0.111321,-2038.219116
0.452656,0.116212,-2037.924072
0.452523,0.114624,-2038.845337
0.452523,0.114624,-2038.038818
0.452523,0.114624,-2037.186401
0.450024,0.115268,-2038.438477
0.448806,0.115022,-2038.290527
0.450293,0.122249,-2037.663574
0.452939,0.120974,-2038.197388
0.458971,0.121959,-2038.34668
0.458982,0.11882,-2039.574097
0.458982,0.11882,-2038.515381
0.460971,0.117748,-2039.133301
0.460971,0.117748,-2039.41687
0.46481,0.122886,-2039.350586
0.465908,0.121867,-2039.927734
0.468716,0.119753,-2039.768555
0.465003,0.117063,-2040.256348
0.462308,0.117502,-2039.503174
0.460516,0.119179,-2039.837402
0.456932,0.123518,-2039.304688
0.459602,0.122042,-2038.686523
0.454177,0.116858,-2038.294922
0.455335,0.117478,-2038.517822
0.455335,0.117478,-2038.098633
0.455228,0.109523,-2038.876709
0.455228,0.109523,-2037.766357
0.454404,0.112171,-2038.641113
0.457037,0.114906,-2039.752686
0.452996,0.118325,-2038.483154
0.450358,0.117966,-2037.130859
0.451513,0.12028,-2037.212158
0.451549,0.128942,-2038.754028
0.448167,0.133163,-2038.835571
0.441621,0.134686,-2036.609009
0.442991,0.133695,-2038.192139
0.441057,0.136643,-2037.304199
0.441057,0.136643,-2037.66333
0.44352,0.13599,-2037.373901
0.442539,0.130609,-2037.856934
0.442654,0.134919,-2038.319824
0.444813,0.134903,-2036.927979
0.446032,0.132177,-2037.495117
0.443964,0.137981,-2038.122192
0.444378,0.134657,-2036.565918
0.443308,0.133377,-2037.988647
0.442253,0.135628,-2037.799805
0.443702,0.130323,-2037.575562
0.445984,0.133216,-2037.261475
0.445984,0.133216,-2037.03894
0.446447,0.13807,-2038.493652
0.447547,0.139689,-2038.920898
0.447547,0.139689,-2037.266113
0.444389,0.139403,-2038.672607
0.443305,0.135182,-2038.271729
0.444714,0.128174,-2037.313232
0.445304,0.121194,-2037.811523
0.446167,0.127664,-2037.967773
0.446167,0.127664,-2038.071533
0.448042,0.129582,-2037.611694
0.45004,0.128213,-2037.861084
0.45004,0.128213,-2037.011963
0.444285,0.124089,-2036.42749
0.444285,0.124089,-2036.755981
0.444285,0.124089,-2036.093018
0.441015,0.117608,-2037.749512
0.44209,0.117063,-2038.239014
0.443868,0.120211,-2037.414062
0.446908,0.116027,-2037.839478
0.446908,0.116027,-2038.224854
0.448659,0.117157,-2037.866455
0.448659,0.117157,-2038.164551
0.447206,0.123789,-2038.046753
0.445288,0.127543,-2037.892578
0.439211,0.127819,-2037.891479
0.440947,0.126695,-2037.746704
0.440947,0.126695,-2036.636353
0.440947,0.126695,-2036.808105
0.440681,0.126005,-2036.943359
0.442585,0.13033,-2037.211426
0.444481,0.130178,-2036.969604
0.444481,0.130178,-2037.939941
0.444481,0.130178,-2037.439697
0.444481,0.130178,-2037.495483
0.443477,0.129179,-2037.935791
0.443477,0.129179,-2037.570312
0.440893,0.131303,-2037.521973
0.439718,0.126712,-2035.875488
0.439718,0.126712,-2037.030518
0.436559,0.132582,-2037.486694
0.436559,0.132582,-2037.599854
0.438474,0.130974,-2036.917603
0.438474,0.130974,-2036.602539
0.438474,0.130974,-2037.595703
0.438474,0.130974,-2037.177734
0.43898,0.125397,-2037.043457
0.43898,0.125397,-2036.730713
0.440006,0.128631,-2037.151367
0.438647,0.123564,-2037.451294
0.438647,0.123564,-2037.307373
0.438186,0.123687,-2037.630981
0.438433,0.114434,-2036.561523
0.438724,0.113445,-2037.345337
0.442874,0.107009,-2038.46582
0.440393,0.105994,-2038.656982
0.440393,0.105994,-2037.862793
0.440704,0.110725,-2038.174561
0.43893,0.111397,-2037.955078
0.43893,0.111397,-2037.779419
0.44228,0.114124,-2036.899658
0.44362,0.103934,-2039.672363
0.451215,0.105655,-2038.900757
0.451215,0.105655,-2039.569336
0.450921,0.11157,-2038.519775
0.450581,0.110561,-2038.592407
0.450581,0.110561,-2039.115234
0.450581,0.110561,-2038.092773
0.450581,0.110561,-2037.809814
0.447364,0.113526,-2038.078369
0.449411,0.119177,-2037.900513
0.452525,0.120427,-2038.47583
0.453063,0.114968,-2038.63855
0.454593,0.116877,-2037.72998
0.454255,0.117418,-2037.809692
0.455547,0.110231,-2038.839355
0.453966,0.11145,-2038.21936
0.453966,0.11145,-2039.042114
0.453941,0.110446,-2038.643066
0.455786,0.119006,-2039.136108
0.457899,0.118796,-2039.375
0.457899,0.118796,-2039.219116
0.454959,0.118936,-2038.366577
0.454959,0.118936,-2038.648804
0.454959,0.118936,-2037.334351
0.455814,0.117862,-2038.339478
0.457552,0.119351,-2039.150269
0.457595,0.12054,-2038.720215
0.458021,0.121985,-2038.322266
0.456557,0.121267,-2038.135986
0.462429,0.122845,-2040.569458
0.462429,0.122845,-2038.89624
0.461366,0.129007,-2038.899414
0.465553,0.129695,-2039.615356
0.466387,0.128503,-2039.625
0.463795,0.128241,-2039.793457
0.466674,0.136657,-2040.560303
0.459145,0.135169,-2039.792236
0.457538,0.134489,-2038.439453
0.455906,0.130451,-2038.004517
0.454667,0.128911,-2038.738647
0.454667,0.128911,-2037.691406
0.45452,0.128875,-2037.936768
0.454992,0.130022,-2037.938354
0.454992,0.130022,-2037.040527
0.455118,0.130042,-2038.205688
0.455118,0.130042,-2039.073975
0.454934,0.131913,-2038.155273
0.456333,0.128228,-2038.736694
0.456333,0.128228,-2038.064575
0.451471,0.14048,-2038.307373
0.448972,0.13905,-2038.444824
0.447772,0.140099,-2037.606079
0.452354,0.136833,-2038.171509
0.449437,0.134793,-2038.328491
0.450341,0.13431,-2037.291016
0.452433,0.129735,-2036.935425
0.45907,0.123765,-2038.110596
0.453572,0.120415,-2038.334106
0.447843,0.117232,-2038.606445
0.445086,0.121746,-2037.542358
0.442551,0.122848,-2036.220947
0.437948,0.120689,-2036.578857
0.438773,0.120274,-2037.382568
0.436551,0.119813,-2037.112793
0.435224,0.116411,-2037.583862
0.431762,0.116752,-2037.232544
0.436196,0.11415,-2036.493408
0.436196,0.11415,-2037.000244
0.431429,0.111731,-2038.576538
0.432444,0.113915,-2036.652954
0.432039,0.113716,-2037.917236
0.435275,0.118041,-2036.653076
0.431542,0.11895,-2037.838745
0.432459,0.119584,-2038.510132
0.438256,0.118532,-2037.607544
0.439724,0.115891,-2038.157959
0.439724,0.115891,-2037.511841
0.442665,0.11231,-2037.608276
0.44213,0.116551,-2037.11792
0.44213,0.116551,-2037.498047
0.44213,0.116551,-2037.24585
0.436305,0.114973,-2037.321533
0.435261,0.120335,-2038.246094
0.435176,0.124018,-2037.584229
0.435176,0.124018,-2036.753662
0.432293,0.122639,-2037.640625
0.431486,0.125563,-2038.662354
0.429611,0.124332,-2036.709351
0.433906,0.12922,-2037.678223
0.435249,0.121758,-2037.110229
0.432723,0.123119,-2037.759399
0.435429,0.121751,-2037.34021
0.439206,0.116407,-2037.336426
0.436967,0.117141,-2037.916504
0.440907,0.113493,-2037.759277
0.443029,0.110599,-2038.102051
0.443527,0.10825,-2039.542603
0.437672,0.110944,-2037.623901
0.432914,0.107087,-2038.59082
0.432872,0.108295,-2038.106689
0.435648,0.105841,-2038.905029
0.435648,0.105841,-2039.037354
0.432172,0.108092,-2038.377319
0.432879,0.113414,-2037.869385
0.432879,0.113414,-2037.824951
0.432879,0.113414,-2038.062012
0.427942,0.118791,-2037.304199
0.430285,0.114264,-2038.196045
0.431259,0.112991,-2038.602783
0.431404,0.114496,-2038.755249
0.431404,0.114496,-2038.249268
0.430559,0.117417,-2038.961792
0.426789,0.118408,-2038.255981
0.426789,0.118408,-2037.844727
0.427943,0.122283,-2037.736694
0.424006,0.11997,-2038.659424
0.423404,0.109404,-2038.567871
0.421557,0.104788,-2041.393433
0.4271,0.099522,-2041.191162
0.4271,0.099522,-2040.982666
0.434011,0.096374,-2040.850098
0.434011,0.096374,-2040.714111
0.434011,0.096374,-2040.586182
0.43099,0.095279,-2041.484009
0.429453,0.09746,-2041.161987
0.431283,0.09968,-2041.712524
0.427824,0.100871,-2040.112915
0.425434,0.102302,-2040.597412
0.421717,0.100952,-2041.103394
0.421717,0.100952,-2040.157715
0.416212,0.103625,-2041.405151
0.416212,0.103625,-2041.689697
0.416212,0.103625,-2042.262573
0.414665,0.108215,-2041.76416
0.414665,0.108215,-2040.491089
0.416299,0.116106,-2040.191406
0.414234,0.11532,-2040.252319
0.414234,0.11532,-2039.866333
0.419733,0.119691,-2038.405029
0.422634,0.113131,-2039.209961
0.427103,0.111848,-2038.590698
0.427103,0.111848,-2038.43457
0.427103,0.111848,-2039.184082
0.429064,0.113251,-2037.911133
0.430388,0.116062,-2037.207642
0.426047,0.117894,-2037.983398
0.426921,0.119696,-2038.415039
0.426921,0.119696,-2037.533936
0.421175,0.119831,-2038.2146
0.419972,0.127075,-2038.239502
0.419972,0.127075,-2039.036011
0.419972,0.127075,-2038.771973
0.421048,0.118153,-2037.40979
0.423884,0.11592,-2038.102661
0.423591,0.115254,-2038.414673
0.423591,0.115254,-2038.908203
0.423591,0.115254,-2037.967041
0.423591,0.115254,-2038.669678
0.421605,0.11387,-2039.440063
0.421605,0.11387,-2039.698242
0.421605,0.11387,-2039.361328
0.422536,0.116648,-2039.162231
0.422536,0.116648,-2038.065552
0.422536,0.116648,-2038.937988
0.422536,0.116648,-2039.338989
0.422056,0.117833,-2038.713989
0.420799,0.116924,-2038.838623
0.421047,0.123765,-2039.076294
0.423952,0.12517,-2037.904541
0.419973,0.123795,-2038.636475
0.419374,0.12579,-2038.525879
0.423056,0.1292,-2038.60498
0.423056,0.1292,-2038.216797
0.425789,0.127538,-2038.072754
0.424122,0.133224,-2038.463867
0.428458,0.139795,-2038.648193
0.427839,0.136667,-2038.246582
0.427908,0.132671,-2038.52417
0.429939,0.129246,-2038.430542
0.433132,0.123363,-2038.287476
0.430965,0.119363,-2036.515869
0.433397,0.118855,-2036.897705
0.434905,0.112853,-2037.734253
0.434905,0.112853,-2038.175659
0.436689,0.111026,-2039.171631
0.436689,0.111026,-2037.634277
0.433886,0.115183,-2038.004395
0.433421,0.110458,-2038.082642
0.434845,0.10935,-2039.111206
0.440695,0.114104,-2037.756348
0.438157,0.115514,-2038.653809
0.434762,0.118844,-2037.141846
0.436898,0.117827,-2036.872803
0.436898,0.117827,-2036.546387
0.438149,0.110873,-2037.206909
0.438149,0.110873,-2037.426758
0.434991,0.115294,-2037.018555
0.433547,0.111693,-2037.669922
0.436042,0.113256,-2038.516357
0.437313,0.113551,-2037.526123
0.437313,0.113551,-2037.116455
0.435723,0.118262,-2037.237793
0.436892,0.120234,-2037.725098
0.443951,0.12424,-2037.444824
0.443951,0.12424,-2036.789062
0.437807,0.120829,-2038.300049
0.436848,0.120281,-2037.775391
0.435353,0.116236,-2037.271729
0.435353,0.116236,-2037.514771
0.432607,0.120414,-2036.966675
0.434541,0.119133,-2037.676025
0.437206,0.124727,-2037.531372
0.433874,0.122338,-2037.532104
0.433874,0.122338,-2036.970459
0.433874,0.122338,-2036.920288
0.433874,0.122338,-2036.687012
0.434686,0.124497,-2037.62915
0.436373,0.126454,-2037.640015
0.434833,0.128193,-2037.204956
0.434005,0.128927,-2038.108765
0.435658,0.135433,-2037.723755
0.437452,0.133951,-2037.097168
0.439789,0.127473,-2036.303223
0.440632,0.122146,-2037.114136
0.437642,0.128233,-2037.522461
0.441195,0.132973,-2038.394531
0.441144,0.13682,-2037.279785
0.441144,0.13682,-2038.052979
0.436721,0.13766,-2037.754517
0.435517,0.1391,-2036.990234
0.430546,0.13855,-2038.207031
0.433108,0.13871,-2037.812256
0.437716,0.136045,-2038.54895
0.443469,0.142127,-2038.108887
0.443469,0.142127,-2038.037842
0.443133,0.138064,-2036.828369
0.442051,0.134843,-2037.633545
0.441916,0.131475,-2037.54187
0.441916,0.131475,-2037.324585
0.44474,0.132618,-2037.733887
0.452412,0.127183,-2037.823853
0.452412,0.127183,-2038.609741
0.454538,0.127222,-2037.522583
0.453466,0.119608,-2037.7771
0.450563,0.119504,-2037.036499
0.449813,0.120023,-2037.804688
0.451383,0.115345,-2037.585693
0.451383,0.115345,-2037.47644
0.452634,0.121523,-2038.15625
0.450861,0.12077,-2038.638672
0.448539,0.124111,-2038.274292
0.448539,0.124111,-2037.361694
0.448486,0.122808,-2037.532593
0.448364,0.12343,-2036.450684
0.44939,0.124032,-2036.956421
0.4434,0.12254,-2037.815063
0.442005,0.125847,-2037.290771
0.436991,0.123503,-2036.384399
0.436991,0.123503,-2037.32251
0.442836,0.119632,-2037.9729
0.442836,0.119632,-2037.415161
0.443937,0.115377,-2037.647461
0.441319,0.11912,-2038.078369
0.441319,0.11912,-2037.178833
0.441829,0.117165,-2036.993896
0.443215,0.114488,-2037.067627
0.445034,0.11312,-2037.670898
0.443787,0.114244,-2038.398438
0.444142,0.116991,-2037.576416
0.444142,0.116991,-2037.727173
0.442603,0.120731,-2038.055176
0.444068,0.119545,-2037.879272
0.441205,0.124201,-2037.507446
0.441418,0.126336,-2037.547363
0.43963,0.130472,-2037.639893
0.437112,0.129368,-2037.494263
0.435084,0.131462,-2037.696655
0.435947,0.130524,-2038.002319
0.436978,0.127961,-2037.481812
0.437112,0.127316,-2036.605103
0.440684,0.12502,-2036.591553
0.442055,0.12592,-2036.561157
0.445878,0.125196,-2037.698364
0.453021,0.121872,-2038.654053
0.450568,0.12149,-2037.58667
0.449082,0.123145,-2038.575439
0.446314,0.126508,-2038.658569
0.446314,0.126508,-2036.717285
0.443661,0.126803,-2036.397827
0.442309,0.129355,-2037.877686
0.440562,0.132584,-2037.049561
0.43528,0.131455,-2037.404663
0.43528,0.131455,-2036.583496
0.42914,0.132225,-2037.434326
0.421565,0.132939,-2038.058594
0.419894,0.13086,-2039.093018
0.421987,0.133307,-2038.23999
0.420762,0.12616,-2040.014404
0.420762,0.12616,-2038.546387
0.419898,0.130028,-2038.852783
0.416218,0.124774,-2039.135742
0.420486,0.128592,-2038.924438
0.420486,0.128592,-2038.539185
0.420395,0.128168,-2038.812744
0.415147,0.133489,-2038.814087
0.415929,0.132764,-2039.273682
0.419426,0.131883,-2039.416748
0.417498,0.130388,-2039.456421
0.417498,0.130388,-2038.378174
0.417498,0.130388,-2038.716431
0.416786,0.134049,-2039.846436
0.42107,0.134966,-2039.07959
0.421947,0.131687,-2039.015625
0.418947,0.132266,-2039.253662
0.418947,0.132266,-2038.759521
0.416118,0.129661,-2039.55896
0.416436,0.126383,-2039.486084
0.416436,0.126383,-2039.848511
0.417372,0.131429,-2040.036865
0.418761,0.132412,-2039.907227
0.418761,0.132412,-2039.353638
0.418761,0.132412,-2040.151733
0.419202,0.135444,-2039.79187
0.420033,0.136249,-2037.699219
0.421672,0.133911,-2038.187012
0.421672,0.133911,-2037.990479
0.421672,0.133911,-2038.820801
0.421672,0.133911,-2038.47998
0.417455,0.131504,-2038.634521
0.41432,0.133701,-2040.372192
0.41432,0.133701,-2041.079712
0.41432,0.133701,-2041.026001
0.41432,0.133701,-2040.582886
0.415881,0.129605,-2039.746704
0.417685,0.130066,-2039.449829
0.417685,0.130066,-2038.855225
0.415723,0.12714,-2039.661743
0.412735,0.121553,-2041.443115
0.412735,0.121553,-2038.862061
0.407764,0.12503,-2041.337646
0.411844,0.12476,-2040.758667
0.411844,0.12476,-2041.868896
0.413119,0.121513,-2039.764648
0.412516,0.121421,-2041.425293
0.412516,0.121421,-2040.563721
0.405203,0.125442,-2043.123047
0.405203,0.125442,-2043.022339
0.403455,0.126766,-2044.278687
0.403455,0.126766,-2042.996094
0.40299,0.130091,-2044.595581
0.40299,0.130091,-2042.361206
0.40299,0.130091,-2043.526855
0.40299,0.130091,-2044.816406
0.40299,0.130091,-2041.970215
0.403303,0.128458,-2043.879639
0.410679,0.134997,-2041.280396
0.410398,0.132248,-2042.601074
0.410558,0.134327,-2041.2052
0.41181,0.13387,-2040.011963
0.40831,0.132348,-2040.994751
0.411047,0.131449,-2042.660034
0.412318,0.128304,-2040.768799
0.412427,0.132977,-2040.301514
0.414625,0.131754,-2039.550293
0.416507,0.1329,-2039.25415
0.418278,0.131544,-2038.790283
0.418278,0.131544,-2039.19873
0.420876,0.127903,-2038.217285
0.425349,0.130213,-2037.817383
0.425349,0.130213,-2038.788574
0.430164,0.130247,-2038.479736
0.430164,0.130247,-2037.27124
0.42824,0.136555,-2038.133057
0.42542,0.136735,-2039.172119
0.42542,0.136735,-2038.775391
0.422401,0.13742,-2039.99707
0.423062,0.134121,-2039.348511
0.419925,0.139241,-2039.728638
0.419925,0.139241,-2038.465454
0.418186,0.129595,-2039.661133
0.419284,0.1295,-2038.540527
0.419284,0.1295,-2039.00293
0.41888,0.132971,-2039.66626
0.422183,0.133223,-2039.404175
0.419708,0.135632,-2038.766968
0.414676,0.129543,-2040.125
0.414676,0.129543,-2039.577515
0.416477,0.125489,-2040.188843
0.416477,0.125489,-2039.703247
0.417201,0.119858,-2040.239624
0.420534,0.122817,-2038.525391
0.423961,0.127641,-2037.474121
0.423961,0.127641,-2038.075806
0.423639,0.127567,-2038.437622
0.426859,0.128304,-2038.970093
0.426859,0.128304,-2037.959351
0.429366,0.129772,-2038.018799
0.429767,0.128047,-2037.130127
0.4282,0.131095,-2037.764282
0.432143,0.130179,-2037.154541
0.439178,0.130334,-2038.157471
0.442776,0.13367,-2037.390869
0.438551,0.137808,-2037.931274
0.438551,0.137808,-2037.371582
0.438551,0.137808,-2037.283081
0.433006,0.13425,-2037.715454
0.434374,0.137344,-2038.317749
0.430031,0.138304,-2037.884399
0.430031,0.138304,-2038.028198
0.433031,0.137863,-2038.708984
0.431929,0.129969,-2036.367676
0.432811,0.127867,-2037.69519
0.435979,0.137269,-2037.767456
0.435979,0.137269,-2037.576294
0.441674,0.136354,-2037.981201
0.444217,0.13345,-2036.100098
0.447583,0.130125,-2038.102295
0.447583,0.130125,-2037.952026
0.447583,0.130125,-2037.107178
0.447583,0.130125,-2037.251343
0.451176,0.126928,-2036.732178
0.44942,0.126185,-2037.891846
0.44942,0.126185,-2037.244507
0.44793,0.124773,-2038.262939
0.44793,0.124773,-2037.34021
0.452941,0.121158,-2037.810547
0.455756,0.122681,-2037.813232
0.455402,0.127838,-2038.384277
0.455402,0.127838,-2037.620605
0.453169,0.129623,-2039.102539
0.452361,0.126364,-2037.889893
0.454726,0.121627,-2038.529541
0.452015,0.117368,-2038.188965
0.452015,0.117368,-2037.411377
0.453668,0.122357,-2038.065063
0.453668,0.122357,-2038.313599
0.453668,0.122357,-2037.504761
0.453633,0.131564,-2038.456543
0.457712,0.139838,-2039.365967
0.454452,0.149463,-2040.941895
0.454452,0.149463,-2039.969238
0.451814,0.1521,-2040.430786
0.451814,0.1521,-2041.533203
0.447767,0.150569,-2040.489868
0.449434,0.147111,-2040.010376
0.441719,0.146702,-2040.214966
0.44273,0.147793,-2038.340576
0.43682,0.147636,-2039.88208
0.434491,0.144901,-2039.454712
0.434491,0.144901,-2036.85498
0.434491,0.144901,-2038.219727
0.435981,0.133512,-2038.265625
0.432062,0.136133,-2038.427124
0.429681,0.135806,-2038.299927
0.429681,0.135806,-2038.216553
0.429681,0.135806,-2038.110107
0.426874,0.134661,-2038.198486
0.425493,0.135637,-2038.905273
0.42663,0.135402,-2038.812134
0.427573,0.139107,-2038.799683
0.434978,0.136804,-2037.968994
0.43643,0.129497,-2036.937744
0.436105,0.131172,-2037.05127
0.440053,0.128153,-2037.220947
0.440053,0.128153,-2036.500122
0.437094,0.12842,-2037.584839
0.437094,0.12842,-2037.113525
0.44061,0.131562,-2036.891235
0.44061,0.131562,-2037.309448
0.440987,0.130299,-2037.034668
0.439461,0.12954,-2037.785034
0.43094,0.129969,-2037.610596
0.433955,0.125918,-2037.228638
0.430743,0.123266,-2038.34314
0.42718,0.120269,-2037.157227
0.421892,0.119893,-2038.184082
0.418751,0.120209,-2039.254395
0.418539,0.113871,-2039.47876
0.418614,0.112423,-2038.673584
0.416941,0.113544,-2039.171753
0.421542,0.106655,-2040.367432
0.419952,0.105242,-2040.780029
0.422538,0.097322,-2042.398438
0.422538,0.097322,-2041.814331
0.421754,0.101009,-2040.867554
0.421754,0.101009,-2041.709229
0.421754,0.101009,-2041.302734
0.421754,0.101009,-2040.866455
0.421754,0.101009,-2041.307495
0.421754,0.101009,-2042.50061
0.419027,0.100235,-2041.781494
0.419255,0.104748,-2041.563477
0.419867,0.113575,-2040.139893
0.419867,0.113575,-2038.41687
0.415698,0.122116,-2040.066895
0.414821,0.122202,-2039.842407
0.41296,0.125382,-2040.046631
0.408112,0.129155,-2042.327759
0.408112,0.129155,-2043.834961
0.411294,0.135867,-2040.655029
0.415755,0.135495,-2039.743164
0.416816,0.131268,-2039.494141
0.41645,0.136286,-2040.210083
0.41645,0.136286,-2040.272095
0.419754,0.13116,-2040.373779
0.421622,0.126072,-2038.831055
0.421622,0.126072,-2038.269287
0.421622,0.126072,-2038.05188
0.425496,0.124907,-2037.586792
0.423637,0.119685,-2038.532837
0.426235,0.128897,-2038.394287
0.421451,0.129109,-2038.899048
0.426399,0.126747,-2037.451172
0.42618,0.125172,-2037.803589
0.42618,0.125172,-2038.448364
0.42618,0.125172,-2037.507324
0.430201,0.127864,-2036.692993
0.431622,0.129516,-2036.732178
0.431622,0.129516,-2037.394653
0.431622,0.129516,-2037.162964
0.426032,0.130923,-2038.731445
0.425756,0.124622,-2038.672852
