idx,alpha,mu,omega,rho,loglike
0,0.05,0.01,0.0,0.0,-inf
1,0.05,0.01,0.0,0.01,-inf
2,0.05,0.01,0.0,0.02,-inf
3,0.05,0.01,0.0,0.03,-inf
4,0.05,0.01,0.0,0.04,-inf
5,0.05,0.01,0.0,0.05,-inf
6,0.05,0.01,0.0,0.06,-inf
7,0.05,0.01,0.0,0.07,-inf
8,0.05,0.01,0.0,0.08,-inf
9,0.05,0.01,0.0,0.09,-inf
10,0.05,0.01,0.0,0.1,-inf
11,0.05,0.01,0.0,0.11,-inf
12,0.05,0.01,0.0,0.12,-inf
13,0.05,0.01,0.0,0.13,-inf
14,0.05,0.01,0.0,0.14,-inf
15,0.05,0.01,0.0,0.15,-inf
16,0.05,0.01,0.0,0.16,-inf
17,0.05,0.01,0.0,0.17,-inf
18,0.05,0.01,0.0,0.18,-inf
19,0.05,0.01,0.0,0.19,-inf
20,0.05,0.01,0.0,0.2,-inf
21,0.05,0.01,0.0,0.21,-inf
22,0.05,0.01,0.0,0.22,-inf
23,0.05,0.01,0.0,0.23,-inf
24,0.05,0.01,0.0,0.24,-inf
25,0.05,0.01,0.0,0.25,-inf
26,0.05,0.01,0.0,0.26,-inf
27,0.05,0.01,0.0,0.27,-inf
28,0.05,0.01,0.0,0.28,-inf
29,0.05,0.01,0.0,0.29,-inf
30,0.05,0.01,0.0,0.3,-inf
31,0.05,0.01,0.0,0.31,-inf
32,0.05,0.01,0.0,0.32,-inf
33,0.05,0.01,0.0,0.33,-inf
34,0.05,0.01,0.0,0.34,-inf
35,0.05,0.01,0.0,0.35,-inf
36,0.05,0.01,0.0,0.36,-inf
37,0.05,0.01,0.0,0.37,-inf
38,0.05,0.01,0.0,0.38,-inf
39,0.05,0.01,0.0,0.39,-inf
40,0.05,0.01,0.0,0.4,-inf
41,0.05,0.01,0.0,0.41,-inf
42,0.05,0.01,0.0,0.42,-inf
43,0.05,0.01,0.0,0.43,-inf
44,0.05,0.01,0.0,0.44,-inf
45,0.05,0.01,0.0,0.45,-inf
46,0.05,0.01,0.0,0.46,-inf
47,0.05,0.01,0.0,0.47,-inf
48,0.05,0.01,0.0,0.48,-inf
49,0.05,0.01,0.0,0.49,-inf
50,0.05,0.01,0.0,0.5,-inf
51,0.05,0.01,0.0,0.51,-inf
52,0.05,0.01,0.0,0.52,-inf
53,0.05,0.01,0.0,0.53,-inf
54,0.05,0.01,0.0,0.54,-inf
55,0.05,0.01,0.0,0.55,-inf
56,0.05,0.01,0.0,0.56,-inf
57,0.05,0.01,0.0,0.57,-inf
58,0.05,0.01,0.0,0.58,-inf
59,0.05,0.01,0.0,0.59,-inf
60,0.05,0.01,0.0,0.6,-inf
61,0.05,0.01,0.0,0.61,-inf
62,0.05,0.01,0.0,0.62,-inf
63,0.05,0.01,0.0,0.63,-inf
64,0.05,0.01,0.0,0.64,-inf
65,0.05,0.01,0.0,0.65,-inf
66,0.05,0.01,0.0,0.66,-inf
67,0.05,0.01,0.0,0.67,-inf
68,0.05,0.01,0.0,0.68,-inf
69,0.05,0.01,0.0,0.69,-inf
70,0.05,0.01,0.0,0.7,-inf
71,0.05,0.01,0.0,0.71,-inf
72,0.05,0.01,0.0,0.72,-inf
73,0.05,0.01,0.0,0.73,-inf
74,0.05,0.01,0.0,0.74,-inf
75,0.05,0.01,0.0,0.75,-inf
76,0.05,0.02,0.0,0.0,-inf
77,0.05,0.02,0.0,0.01,-inf
78,0.05,0.02,0.0,0.02,-inf
79,0.05,0.02,0.0,0.03,-inf
80,0.05,0.02,0.0,0.04,-inf
81,0.05,0.02,0.0,0.05,-inf
82,0.05,0.02,0.0,0.06,-inf
83,0.05,0.02,0.0,0.07,-inf
84,0.05,0.02,0.0,0.08,-inf
85,0.05,0.02,0.0,0.09,-inf
86,0.05,0.02,0.0,0.1,-inf
87,0.05,0.02,0.0,0.11,-inf
88,0.05,0.02,0.0,0.12,-inf
89,0.05,0.02,0.0,0.13,-inf
90,0.05,0.02,0.0,0.14,-inf
91,0.05,0.02,0.0,0.15,-inf
92,0.05,0.02,0.0,0.16,-inf
93,0.05,0.02,0.0,0.17,-inf
94,0.05,0.02,0.0,0.18,-inf
95,0.05,0.02,0.0,0.19,-inf
96,0.05,0.02,0.0,0.2,-inf
97,0.05,0.02,0.0,0.21,-inf
98,0.05,0.02,0.0,0.22,-inf
99,0.05,0.02,0.0,0.23,-inf
100,0.05,0.02,0.0,0.24,-inf
101,0.05,0.02,0.0,0.25,-inf
102,0.05,0.02,0.0,0.26,-inf
103,0.05,0.02,0.0,0.27,-inf
104,0.05,0.02,0.0,0.28,-inf
105,0.05,0.02,0.0,0.29,-inf
106,0.05,0.02,0.0,0.3,-inf
107,0.05,0.02,0.0,0.31,-inf
108,0.05,0.02,0.0,0.32,-inf
109,0.05,0.02,0.0,0.33,-inf
110,0.05,0.02,0.0,0.34,-inf
111,0.05,0.02,0.0,0.35,-inf
112,0.05,0.02,0.0,0.36,-inf
113,0.05,0.02,0.0,0.37,-inf
114,0.05,0.02,0.0,0.38,-inf
115,0.05,0.02,0.0,0.39,-inf
116,0.05,0.02,0.0,0.4,-inf
117,0.05,0.02,0.0,0.41,-inf
118,0.05,0.02,0.0,0.42,-inf
119,0.05,0.02,0.0,0.43,-inf
120,0.05,0.02,0.0,0.44,-inf
121,0.05,0.02,0.0,0.45,-inf
122,0.05,0.02,0.0,0.46,-inf
123,0.05,0.02,0.0,0.47,-inf
124,0.05,0.02,0.0,0.48,-inf
125,0.05,0.02,0.0,0.49,-inf
126,0.05,0.02,0.0,0.5,-inf
127,0.05,0.02,0.0,0.51,-inf
128,0.05,0.02,0.0,0.52,-inf
129,0.05,0.02,0.0,0.53,-inf
130,0.05,0.02,0.0,0.54,-inf
131,0.05,0.02,0.0,0.55,-inf
132,0.05,0.02,0.0,0.56,-inf
133,0.05,0.02,0.0,0.57,-inf
134,0.05,0.02,0.0,0.58,-inf
135,0.05,0.02,0.0,0.59,-inf
136,0.05,0.02,0.0,0.6,-inf
137,0.05,0.02,0.0,0.61,-inf
138,0.05,0.02,0.0,0.62,-inf
139,0.05,0.02,0.0,0.63,-inf
140,0.05,0.02,0.0,0.64,-inf
141,0.05,0.02,0.0,0.65,-inf
142,0.05,0.02,0.0,0.66,-inf
143,0.05,0.02,0.0,0.67,-inf
144,0.05,0.02,0.0,0.68,-inf
145,0.05,0.02,0.0,0.69,-inf
146,0.05,0.02,0.0,0.7,-inf
147,0.05,0.02,0.0,0.71,-inf
148,0.05,0.02,0.0,0.72,-inf
149,0.05,0.02,0.0,0.73,-inf
150,0.05,0.02,0.0,0.74,-inf
151,0.05,0.02,0.0,0.75,-inf
152,0.05,0.03,0.0,0.0,-inf
153,0.05,0.03,0.0,0.01,-inf
154,0.05,0.03,0.0,0.02,-inf
155,0.05,0.03,0.0,0.03,-inf
156,0.05,0.03,0.0,0.04,-inf
157,0.05,0.03,0.0,0.05,-inf
158,0.05,0.03,0.0,0.06,-inf
159,0.05,0.03,0.0,0.07,-inf
160,0.05,0.03,0.0,0.08,-inf
161,0.05,0.03,0.0,0.09,-inf
162,0.05,0.03,0.0,0.1,-inf
163,0.05,0.03,0.0,0.11,-inf
164,0.05,0.03,0.0,0.12,-inf
165,0.05,0.03,0.0,0.13,-inf
166,0.05,0.03,0.0,0.14,-inf
167,0.05,0.03,0.0,0.15,-inf
168,0.05,0.03,0.0,0.16,-inf
169,0.05,0.03,0.0,0.17,-inf
170,0.05,0.03,0.0,0.18,-inf
171,0.05,0.03,0.0,0.19,-inf
172,0.05,0.03,0.0,0.2,-inf
173,0.05,0.03,0.0,0.21,-inf
174,0.05,0.03,0.0,0.22,-inf
175,0.05,0.03,0.0,0.23,-inf
176,0.05,0.03,0.0,0.24,-inf
177,0.05,0.03,0.0,0.25,-inf
178,0.05,0.03,0.0,0.26,-inf
179,0.05,0.03,0.0,0.27,-inf
180,0.05,0.03,0.0,0.28,-inf
181,0.05,0.03,0.0,0.29,-inf
182,0.05,0.03,0.0,0.3,-inf
183,0.05,0.03,0.0,0.31,-inf
184,0.05,0.03,0.0,0.32,-inf
185,0.05,0.03,0.0,0.33,-inf
186,0.05,0.03,0.0,0.34,-inf
187,0.05,0.03,0.0,0.35,-inf
188,0.05,0.03,0.0,0.36,-inf
189,0.05,0.03,0.0,0.37,-inf
190,0.05,0.03,0.0,0.38,-inf
191,0.05,0.03,0.0,0.39,-inf
192,0.05,0.03,0.0,0.4,-inf
193,0.05,0.03,0.0,0.41,-inf
194,0.05,0.03,0.0,0.42,-inf
195,0.05,0.03,0.0,0.43,-inf
196,0.05,0.03,0.0,0.44,-inf
197,0.05,0.03,0.0,0.45,-inf
198,0.05,0.03,0.0,0.46,-inf
199,0.05,0.03,0.0,0.47,-inf
200,0.05,0.03,0.0,0.48,-inf
201,0.05,0.03,0.0,0.49,-inf
202,0.05,0.03,0.0,0.5,-inf
203,0.05,0.03,0.0,0.51,-inf
204,0.05,0.03,0.0,0.52,-inf
205,0.05,0.03,0.0,0.53,-inf
206,0.05,0.03,0.0,0.54,-inf
207,0.05,0.03,0.0,0.55,-inf
208,0.05,0.03,0.0,0.56,-inf
209,0.05,0.03,0.0,0.57,-inf
210,0.05,0.03,0.0,0.58,-inf
211,0.05,0.03,0.0,0.59,-inf
212,0.05,0.03,0.0,0.6,-inf
213,0.05,0.03,0.0,0.61,-inf
214,0.05,0.03,0.0,0.62,-inf
215,0.05,0.03,0.0,0.63,-inf
216,0.05,0.03,0.0,0.64,-inf
217,0.05,0.03,0.0,0.65,-inf
218,0.05,0.03,0.0,0.66,-inf
219,0.05,0.03,0.0,0.67,-inf
220,0.05,0.03,0.0,0.68,-inf
221,0.05,0.03,0.0,0.69,-inf
222,0.05,0.03,0.0,0.7,-inf
223,0.05,0.03,0.0,0.71,-inf
224,0.05,0.03,0.0,0.72,-inf
225,0.05,0.03,0.0,0.73,-inf
226,0.05,0.03,0.0,0.74,-inf
227,0.05,0.03,0.0,0.75,-inf
228,0.05,0.04,0.0,0.0,-inf
229,0.05,0.04,0.0,0.01,-inf
230,0.05,0.04,0.0,0.02,-inf
231,0.05,0.04,0.0,0.03,-inf
232,0.05,0.04,0.0,0.04,-inf
233,0.05,0.04,0.0,0.05,-inf
234,0.05,0.04,0.0,0.06,-inf
235,0.05,0.04,0.0,0.07,-inf
236,0.05,0.04,0.0,0.08,-inf
237,0.05,0.04,0.0,0.09,-inf
238,0.05,0.04,0.0,0.1,-inf
239,0.05,0.04,0.0,0.11,-inf
240,0.05,0.04,0.0,0.12,-inf
241,0.05,0.04,0.0,0.13,-inf
242,0.05,0.04,0.0,0.14,-inf
243,0.05,0.04,0.0,0.15,-inf
244,0.05,0.04,0.0,0.16,-inf
245,0.05,0.04,0.0,0.17,-inf
246,0.05,0.04,0.0,0.18,-inf
247,0.05,0.04,0.0,0.19,-inf
248,0.05,0.04,0.0,0.2,-inf
249,0.05,0.04,0.0,0.21,-inf
250,0.05,0.04,0.0,0.22,-inf
251,0.05,0.04,0.0,0.23,-inf
252,0.05,0.04,0.0,0.24,-inf
253,0.05,0.04,0.0,0.25,-inf
254,0.05,0.04,0.0,0.26,-inf
255,0.05,0.04,0.0,0.27,-inf
256,0.05,0.04,0.0,0.28,-inf
257,0.05,0.04,0.0,0.29,-inf
258,0.05,0.04,0.0,0.3,-inf
259,0.05,0.04,0.0,0.31,-inf
260,0.05,0.04,0.0,0.32,-inf
261,0.05,0.04,0.0,0.33,-inf
262,0.05,0.04,0.0,0.34,-inf
263,0.05,0.04,0.0,0.35,-inf
264,0.05,0.04,0.0,0.36,-inf
265,0.05,0.04,0.0,0.37,-inf
266,0.05,0.04,0.0,0.38,-inf
267,0.05,0.04,0.0,0.39,-inf
268,0.05,0.04,0.0,0.4,-inf
269,0.05,0.04,0.0,0.41,-inf
270,0.05,0.04,0.0,0.42,-inf
271,0.05,0.04,0.0,0.43,-inf
272,0.05,0.04,0.0,0.44,-inf
273,0.05,0.04,0.0,0.45,-inf
274,0.05,0.04,0.0,0.46,-inf
275,0.05,0.04,0.0,0.47,-inf
276,0.05,0.04,0.0,0.48,-inf
277,0.05,0.04,0.0,0.49,-inf
278,0.05,0.04,0.0,0.5,-inf
279,0.05,0.04,0.0,0.51,-inf
280,0.05,0.04,0.0,0.52,-inf
281,0.05,0.04,0.0,0.53,-inf
282,0.05,0.04,0.0,0.54,-inf
283,0.05,0.04,0.0,0.55,-inf
284,0.05,0.04,0.0,0.56,-inf
285,0.05,0.04,0.0,0.57,-inf
286,0.05,0.04,0.0,0.58,-inf
287,0.05,0.04,0.0,0.59,-inf
288,0.05,0.04,0.0,0.6,-inf
289,0.05,0.04,0.0,0.61,-inf
290,0.05,0.04,0.0,0.62,-inf
291,0.05,0.04,0.0,0.63,-inf
292,0.05,0.04,0.0,0.64,-inf
293,0.05,0.04,0.0,0.65,-inf
294,0.05,0.04,0.0,0.66,-inf
295,0.05,0.04,0.0,0.67,-inf
296,0.05,0.04,0.0,0.68,-inf
297,0.05,0.04,0.0,0.69,-inf
298,0.05,0.04,0.0,0.7,-inf
299,0.05,0.04,0.0,0.71,-inf
300,0.05,0.04,0.0,0.72,-inf
301,0.05,0.04,0.0,0.73,-inf
302,0.05,0.04,0.0,0.74,-inf
303,0.05,0.04,0.0,0.75,-inf
304,0.05,0.05,0.0,0.0,-inf
305,0.05,0.05,0.0,0.01,-inf
306,0.05,0.05,0.0,0.02,-inf
307,0.05,0.05,0.0,0.03,-inf
308,0.05,0.05,0.0,0.04,-inf
309,0.05,0.05,0.0,0.05,-inf
310,0.05,0.05,0.0,0.06,-inf
311,0.05,0.05,0.0,0.07,-inf
312,0.05,0.05,0.0,0.08,-inf
313,0.05,0.05,0.0,0.09,-inf
314,0.05,0.05,0.0,0.1,-inf
315,0.05,0.05,0.0,0.11,-inf
316,0.05,0.05,0.0,0.12,-inf
317,0.05,0.05,0.0,0.13,-inf
318,0.05,0.05,0.0,0.14,-inf
319,0.05,0.05,0.0,0.15,-inf
320,0.05,0.05,0.0,0.16,-inf
321,0.05,0.05,0.0,0.17,-inf
322,0.05,0.05,0.0,0.18,-inf
323,0.05,0.05,0.0,0.19,-inf
324,0.05,0.05,0.0,0.2,-inf
325,0.05,0.05,0.0,0.21,-inf
326,0.05,0.05,0.0,0.22,-inf
327,0.05,0.05,0.0,0.23,-inf
328,0.05,0.05,0.0,0.24,-inf
329,0.05,0.05,0.0,0.25,-inf
330,0.05,0.05,0.0,0.26,-inf
331,0.05,0.05,0.0,0.27,-inf
332,0.05,0.05,0.0,0.28,-inf
333,0.05,0.05,0.0,0.29,-inf
334,0.05,0.05,0.0,0.3,-inf
335,0.05,0.05,0.0,0.31,-inf
336,0.05,0.05,0.0,0.32,-inf
337,0.05,0.05,0.0,0.33,-inf
338,0.05,0.05,0.0,0.34,-inf
339,0.05,0.05,0.0,0.35,-inf
340,0.05,0.05,0.0,0.36,-inf
341,0.05,0.05,0.0,0.37,-inf
342,0.05,0.05,0.0,0.38,-inf
343,0.05,0.05,0.0,0.39,-inf
344,0.05,0.05,0.0,0.4,-inf
345,0.05,0.05,0.0,0.41,-inf
346,0.05,0.05,0.0,0.42,-inf
347,0.05,0.05,0.0,0.43,-inf
348,0.05,0.05,0.0,0.44,-inf
349,0.05,0.05,0.0,0.45,-inf
350,0.05,0.05,0.0,0.46,-inf
351,0.05,0.05,0.0,0.47,-inf
352,0.05,0.05,0.0,0.48,-inf
353,0.05,0.05,0.0,0.49,-inf
354,0.05,0.05,0.0,0.5,-inf
355,0.05,0.05,0.0,0.51,-inf
356,0.05,0.05,0.0,0.52,-inf
357,0.05,0.05,0.0,0.53,-inf
358,0.05,0.05,0.0,0.54,-inf
359,0.05,0.05,0.0,0.55,-inf
360,0.05,0.05,0.0,0.56,-inf
361,0.05,0.05,0.0,0.57,-inf
362,0.05,0.05,0.0,0.58,-inf
363,0.05,0.05,0.0,0.59,-inf
364,0.05,0.05,0.0,0.6,-inf
365,0.05,0.05,0.0,0.61,-inf
366,0.05,0.05,0.0,0.62,-inf
367,0.05,0.05,0.0,0.63,-inf
368,0.05,0.05,0.0,0.64,-inf
369,0.05,0.05,0.0,0.65,-inf
370,0.05,0.05,0.0,0.66,-inf
371,0.05,0.05,0.0,0.67,-inf
372,0.05,0.05,0.0,0.68,-inf
373,0.05,0.05,0.0,0.69,-inf
374,0.05,0.05,0.0,0.7,-inf
375,0.05,0.05,0.0,0.71,-inf
376,0.05,0.05,0.0,0.72,-inf
377,0.05,0.05,0.0,0.73,-inf
378,0.05,0.05,0.0,0.74,-inf
379,0.05,0.05,0.0,0.75,-inf
380,0.05,0.06,0.0,0.0,-inf
381,0.05,0.06,0.0,0.01,-inf
382,0.05,0.06,0.0,0.02,-inf
383,0.05,0.06,0.0,0.03,-inf
384,0.05,0.06,0.0,0.04,-inf
385,0.05,0.06,0.0,0.05,-inf
386,0.05,0.06,0.0,0.06,-inf
387,0.05,0.06,0.0,0.07,-inf
388,0.05,0.06,0.0,0.08,-inf
389,0.05,0.06,0.0,0.09,-inf
390,0.05,0.06,0.0,0.1,-inf
391,0.05,0.06,0.0,0.11,-inf
392,0.05,0.06,0.0,0.12,-inf
393,0.05,0.06,0.0,0.13,-inf
394,0.05,0.06,0.0,0.14,-inf
395,0.05,0.06,0.0,0.15,-inf
396,0.05,0.06,0.0,0.16,-inf
397,0.05,0.06,0.0,0.17,-inf
398,0.05,0.06,0.0,0.18,-inf
399,0.05,0.06,0.0,0.19,-inf
400,0.05,0.06,0.0,0.2,-inf
401,0.05,0.06,0.0,0.21,-inf
402,0.05,0.06,0.0,0.22,-inf
403,0.05,0.06,0.0,0.23,-inf
404,0.05,0.06,0.0,0.24,-inf
405,0.05,0.06,0.0,0.25,-inf
406,0.05,0.06,0.0,0.26,-inf
407,0.05,0.06,0.0,0.27,-inf
408,0.05,0.06,0.0,0.28,-inf
409,0.05,0.06,0.0,0.29,-inf
410,0.05,0.06,0.0,0.3,-inf
411,0.05,0.06,0.0,0.31,-inf
412,0.05,0.06,0.0,0.32,-inf
413,0.05,0.06,0.0,0.33,-inf
414,0.05,0.06,0.0,0.34,-inf
415,0.05,0.06,0.0,0.35,-inf
416,0.05,0.06,0.0,0.36,-inf
417,0.05,0.06,0.0,0.37,-inf
418,0.05,0.06,0.0,0.38,-inf
419,0.05,0.06,0.0,0.39,-inf
420,0.05,0.06,0.0,0.4,-inf
421,0.05,0.06,0.0,0.41,-inf
422,0.05,0.06,0.0,0.42,-inf
423,0.05,0.06,0.0,0.43,-inf
424,0.05,0.06,0.0,0.44,-inf
425,0.05,0.06,0.0,0.45,-inf
426,0.05,0.06,0.0,0.46,-inf
427,0.05,0.06,0.0,0.47,-inf
428,0.05,0.06,0.0,0.48,-inf
429,0.05,0.06,0.0,0.49,-inf
430,0.05,0.06,0.0,0.5,-inf
431,0.05,0.06,0.0,0.51,-inf
432,0.05,0.06,0.0,0.52,-inf
433,0.05,0.06,0.0,0.53,-inf
434,0.05,0.06,0.0,0.54,-inf
435,0.05,0.06,0.0,0.55,-inf
436,0.05,0.06,0.0,0.56,-inf
437,0.05,0.06,0.0,0.57,-inf
438,0.05,0.06,0.0,0.58,-inf
439,0.05,0.06,0.0,0.59,-inf
440,0.05,0.06,0.0,0.6,-inf
441,0.05,0.06,0.0,0.61,-inf
442,0.05,0.06,0.0,0.62,-inf
443,0.05,0.06,0.0,0.63,-inf
444,0.05,0.06,0.0,0.64,-inf
445,0.05,0.06,0.0,0.65,-inf
446,0.05,0.06,0.0,0.66,-inf
447,0.05,0.06,0.0,0.67,-inf
448,0.05,0.06,0.0,0.68,-inf
449,0.05,0.06,0.0,0.69,-inf
450,0.05,0.06,0.0,0.7,-inf
451,0.05,0.06,0.0,0.71,-inf
452,0.05,0.06,0.0,0.72,-inf
453,0.05,0.06,0.0,0.73,-inf
454,0.05,0.06,0.0,0.74,-inf
455,0.05,0.06,0.0,0.75,-inf
456,0.05,0.07,0.0,0.0,-inf
457,0.05,0.07,0.0,0.01,-inf
458,0.05,0.07,0.0,0.02,-inf
459,0.05,0.07,0.0,0.03,-inf
460,0.05,0.07,0.0,0.04,-inf
461,0.05,0.07,0.0,0.05,-inf
462,0.05,0.07,0.0,0.06,-inf
463,0.05,0.07,0.0,0.07,-inf
464,0.05,0.07,0.0,0.08,-inf
465,0.05,0.07,0.0,0.09,-inf
466,0.05,0.07,0.0,0.1,-inf
467,0.05,0.07,0.0,0.11,-inf
468,0.05,0.07,0.0,0.12,-inf
469,0.05,0.07,0.0,0.13,-inf
470,0.05,0.07,0.0,0.14,-inf
471,0.05,0.07,0.0,0.15,-inf
472,0.05,0.07,0.0,0.16,-inf
473,0.05,0.07,0.0,0.17,-inf
474,0.05,0.07,0.0,0.18,-inf
475,0.05,0.07,0.0,0.19,-inf
476,0.05,0.07,0.0,0.2,-inf
477,0.05,0.07,0.0,0.21,-inf
478,0.05,0.07,0.0,0.22,-inf
479,0.05,0.07,0.0,0.23,-inf
480,0.05,0.07,0.0,0.24,-inf
481,0.05,0.07,0.0,0.25,-inf
482,0.05,0.07,0.0,0.26,-inf
483,0.05,0.07,0.0,0.27,-inf
484,0.05,0.07,0.0,0.28,-inf
485,0.05,0.07,0.0,0.29,-inf
486,0.05,0.07,0.0,0.3,-inf
487,0.05,0.07,0.0,0.31,-inf
488,0.05,0.07,0.0,0.32,-inf
489,0.05,0.07,0.0,0.33,-inf
490,0.05,0.07,0.0,0.34,-inf
491,0.05,0.07,0.0,0.35,-inf
492,0.05,0.07,0.0,0.36,-inf
493,0.05,0.07,0.0,0.37,-inf
494,0.05,0.07,0.0,0.38,-inf
495,0.05,0.07,0.0,0.39,-inf
496,0.05,0.07,0.0,0.4,-inf
497,0.05,0.07,0.0,0.41,-inf
498,0.05,0.07,0.0,0.42,-inf
499,0.05,0.07,0.0,0.43,-inf
500,0.05,0.07,0.0,0.44,-inf
501,0.05,0.07,0.0,0.45,-inf
502,0.05,0.07,0.0,0.46,-inf
503,0.05,0.07,0.0,0.47,-inf
504,0.05,0.07,0.0,0.48,-inf
505,0.05,0.07,0.0,0.49,-inf
506,0.05,0.07,0.0,0.5,-inf
507,0.05,0.07,0.0,0.51,-inf
508,0.05,0.07,0.0,0.52,-inf
509,0.05,0.07,0.0,0.53,-inf
510,0.05,0.07,0.0,0.54,-inf
511,0.05,0.07,0.0,0.55,-inf
512,0.05,0.07,0.0,0.56,-inf
513,0.05,0.07,0.0,0.57,-inf
514,0.05,0.07,0.0,0.58,-inf
515,0.05,0.07,0.0,0.59,-inf
516,0.05,0.07,0.0,0.6,-inf
517,0.05,0.07,0.0,0.61,-inf
518,0.05,0.07,0.0,0.62,-inf
519,0.05,0.07,0.0,0.63,-inf
520,0.05,0.07,0.0,0.64,-inf
521,0.05,0.07,0.0,0.65,-inf
522,0.05,0.07,0.0,0.66,-inf
523,0.05,0.07,0.0,0.67,-inf
524,0.05,0.07,0.0,0.68,-inf
525,0.05,0.07,0.0,0.69,-inf
526,0.05,0.07,0.0,0.7,-inf
527,0.05,0.07,0.0,0.71,-inf
528,0.05,0.07,0.0,0.72,-inf
529,0.05,0.07,0.0,0.73,-inf
530,0.05,0.07,0.0,0.74,-inf
531,0.05,0.07,0.0,0.75,-inf
532,0.05,0.08,0.0,0.0,-inf
533,0.05,0.08,0.0,0.01,-inf
534,0.05,0.08,0.0,0.02,-inf
535,0.05,0.08,0.0,0.03,-inf
536,0.05,0.08,0.0,0.04,-inf
537,0.05,0.08,0.0,0.05,-inf
538,0.05,0.08,0.0,0.06,-inf
539,0.05,0.08,0.0,0.07,-inf
540,0.05,0.08,0.0,0.08,-inf
541,0.05,0.08,0.0,0.09,-inf
542,0.05,0.08,0.0,0.1,-inf
543,0.05,0.08,0.0,0.11,-inf
544,0.05,0.08,0.0,0.12,-inf
545,0.05,0.08,0.0,0.13,-inf
546,0.05,0.08,0.0,0.14,-inf
547,0.05,0.08,0.0,0.15,-inf
548,0.05,0.08,0.0,0.16,-inf
549,0.05,0.08,0.0,0.17,-inf
550,0.05,0.08,0.0,0.18,-inf
551,0.05,0.08,0.0,0.19,-inf
552,0.05,0.08,0.0,0.2,-inf
553,0.05,0.08,0.0,0.21,-inf
554,0.05,0.08,0.0,0.22,-inf
555,0.05,0.08,0.0,0.23,-inf
556,0.05,0.08,0.0,0.24,-inf
557,0.05,0.08,0.0,0.25,-inf
558,0.05,0.08,0.0,0.26,-inf
559,0.05,0.08,0.0,0.27,-inf
560,0.05,0.08,0.0,0.28,-inf
561,0.05,0.08,0.0,0.29,-inf
562,0.05,0.08,0.0,0.3,-inf
563,0.05,0.08,0.0,0.31,-inf
564,0.05,0.08,0.0,0.32,-inf
565,0.05,0.08,0.0,0.33,-inf
566,0.05,0.08,0.0,0.34,-inf
567,0.05,0.08,0.0,0.35,-inf
568,0.05,0.08,0.0,0.36,-inf
569,0.05,0.08,0.0,0.37,-inf
570,0.05,0.08,0.0,0.38,-inf
571,0.05,0.08,0.0,0.39,-inf
572,0.05,0.08,0.0,0.4,-inf
573,0.05,0.08,0.0,0.41,-inf
574,0.05,0.08,0.0,0.42,-inf
575,0.05,0.08,0.0,0.43,-inf
576,0.05,0.08,0.0,0.44,-inf
577,0.05,0.08,0.0,0.45,-inf
578,0.05,0.08,0.0,0.46,-inf
579,0.05,0.08,0.0,0.47,-inf
580,0.05,0.08,0.0,0.48,-inf
581,0.05,0.08,0.0,0.49,-inf
582,0.05,0.08,0.0,0.5,-inf
583,0.05,0.08,0.0,0.51,-inf
584,0.05,0.08,0.0,0.52,-inf
585,0.05,0.08,0.0,0.53,-inf
586,0.05,0.08,0.0,0.54,-inf
587,0.05,0.08,0.0,0.55,-inf
588,0.05,0.08,0.0,0.56,-inf
589,0.05,0.08,0.0,0.57,-inf
590,0.05,0.08,0.0,0.58,-inf
591,0.05,0.08,0.0,0.59,-inf
592,0.05,0.08,0.0,0.6,-inf
593,0.05,0.08,0.0,0.61,-inf
594,0.05,0.08,0.0,0.62,-inf
595,0.05,0.08,0.0,0.63,-inf
596,0.05,0.08,0.0,0.64,-inf
597,0.05,0.08,0.0,0.65,-inf
598,0.05,0.08,0.0,0.66,-inf
599,0.05,0.08,0.0,0.67,-inf
600,0.05,0.08,0.0,0.68,-inf
601,0.05,0.08,0.0,0.69,-inf
602,0.05,0.08,0.0,0.7,-inf
603,0.05,0.08,0.0,0.71,-inf
604,0.05,0.08,0.0,0.72,-inf
605,0.05,0.08,0.0,0.73,-inf
606,0.05,0.08,0.0,0.74,-inf
607,0.05,0.08,0.0,0.75,-inf
608,0.05,0.09,0.0,0.0,-inf
609,0.05,0.09,0.0,0.01,-inf
610,0.05,0.09,0.0,0.02,-inf
611,0.05,0.09,0.0,0.03,-inf
612,0.05,0.09,0.0,0.04,-inf
613,0.05,0.09,0.0,0.05,-inf
614,0.05,0.09,0.0,0.06,-inf
615,0.05,0.09,0.0,0.07,-inf
616,0.05,0.09,0.0,0.08,-inf
617,0.05,0.09,0.0,0.09,-inf
618,0.05,0.09,0.0,0.1,-inf
619,0.05,0.09,0.0,0.11,-inf
620,0.05,0.09,0.0,0.12,-inf
621,0.05,0.09,0.0,0.13,-inf
622,0.05,0.09,0.0,0.14,-inf
623,0.05,0.09,0.0,0.15,-inf
624,0.05,0.09,0.0,0.16,-inf
625,0.05,0.09,0.0,0.17,-inf
626,0.05,0.09,0.0,0.18,-inf
627,0.05,0.09,0.0,0.19,-inf
628,0.05,0.09,0.0,0.2,-inf
629,0.05,0.09,0.0,0.21,-inf
630,0.05,0.09,0.0,0.22,-inf
631,0.05,0.09,0.0,0.23,-inf
632,0.05,0.09,0.0,0.24,-inf
633,0.05,0.09,0.0,0.25,-inf
634,0.05,0.09,0.0,0.26,-inf
635,0.05,0.09,0.0,0.27,-inf
636,0.05,0.09,0.0,0.28,-inf
637,0.05,0.09,0.0,0.29,-inf
638,0.05,0.09,0.0,0.3,-inf
639,0.05,0.09,0.0,0.31,-inf
640,0.05,0.09,0.0,0.32,-inf
641,0.05,0.09,0.0,0.33,-inf
642,0.05,0.09,0.0,0.34,-inf
643,0.05,0.09,0.0,0.35,-inf
644,0.05,0.09,0.0,0.36,-inf
645,0.05,0.09,0.0,0.37,-inf
646,0.05,0.09,0.0,0.38,-inf
647,0.05,0.09,0.0,0.39,-inf
648,0.05,0.09,0.0,0.4,-inf
649,0.05,0.09,0.0,0.41,-inf
650,0.05,0.09,0.0,0.42,-inf
651,0.05,0.09,0.0,0.43,-inf
652,0.05,0.09,0.0,0.44,-inf
653,0.05,0.09,0.0,0.45,-inf
654,0.05,0.09,0.0,0.46,-inf
655,0.05,0.09,0.0,0.47,-inf
656,0.05,0.09,0.0,0.48,-inf
657,0.05,0.09,0.0,0.49,-inf
658,0.05,0.09,0.0,0.5,-inf
659,0.05,0.09,0.0,0.51,-inf
660,0.05,0.09,0.0,0.52,-inf
661,0.05,0.09,0.0,0.53,-inf
662,0.05,0.09,0.0,0.54,-inf
663,0.05,0.09,0.0,0.55,-inf
664,0.05,0.09,0.0,0.56,-inf
665,0.05,0.09,0.0,0.57,-inf
666,0.05,0.09,0.0,0.58,-inf
667,0.05,0.09,0.0,0.59,-inf
668,0.05,0.09,0.0,0.6,-inf
669,0.05,0.09,0.0,0.61,-inf
670,0.05,0.09,0.0,0.62,-inf
671,0.05,0.09,0.0,0.63,-inf
672,0.05,0.09,0.0,0.64,-inf
673,0.05,0.09,0.0,0.65,-inf
674,0.05,0.09,0.0,0.66,-inf
675,0.05,0.09,0.0,0.67,-inf
676,0.05,0.09,0.0,0.68,-inf
677,0.05,0.09,0.0,0.69,-inf
678,0.05,0.09,0.0,0.7,-inf
679,0.05,0.09,0.0,0.71,-inf
680,0.05,0.09,0.0,0.72,-inf
681,0.05,0.09,0.0,0.73,-inf
682,0.05,0.09,0.0,0.74,-inf
683,0.05,0.09,0.0,0.75,-inf
684,0.05,0.1,0.0,0.0,-inf
685,0.05,0.1,0.0,0.01,-inf
686,0.05,0.1,0.0,0.02,-inf
687,0.05,0.1,0.0,0.03,-inf
688,0.05,0.1,0.0,0.04,-inf
689,0.05,0.1,0.0,0.05,-inf
690,0.05,0.1,0.0,0.06,-inf
691,0.05,0.1,0.0,0.07,-inf
692,0.05,0.1,0.0,0.08,-inf
693,0.05,0.1,0.0,0.09,-inf
694,0.05,0.1,0.0,0.1,-inf
695,0.05,0.1,0.0,0.11,-inf
696,0.05,0.1,0.0,0.12,-inf
697,0.05,0.1,0.0,0.13,-inf
698,0.05,0.1,0.0,0.14,-inf
699,0.05,0.1,0.0,0.15,-inf
700,0.05,0.1,0.0,0.16,-inf
701,0.05,0.1,0.0,0.17,-inf
702,0.05,0.1,0.0,0.18,-inf
703,0.05,0.1,0.0,0.19,-inf
704,0.05,0.1,0.0,0.2,-inf
705,0.05,0.1,0.0,0.21,-inf
706,0.05,0.1,0.0,0.22,-inf
707,0.05,0.1,0.0,0.23,-inf
708,0.05,0.1,0.0,0.24,-inf
709,0.05,0.1,0.0,0.25,-inf
710,0.05,0.1,0.0,0.26,-inf
711,0.05,0.1,0.0,0.27,-inf
712,0.05,0.1,0.0,0.28,-inf
713,0.05,0.1,0.0,0.29,-inf
714,0.05,0.1,0.0,0.3,-inf
715,0.05,0.1,0.0,0.31,-inf
716,0.05,0.1,0.0,0.32,-inf
717,0.05,0.1,0.0,0.33,-inf
718,0.05,0.1,0.0,0.34,-inf
719,0.05,0.1,0.0,0.35,-inf
720,0.05,0.1,0.0,0.36,-inf
721,0.05,0.1,0.0,0.37,-inf
722,0.05,0.1,0.0,0.38,-inf
723,0.05,0.1,0.0,0.39,-inf
724,0.05,0.1,0.0,0.4,-inf
725,0.05,0.1,0.0,0.41,-inf
726,0.05,0.1,0.0,0.42,-inf
727,0.05,0.1,0.0,0.43,-inf
728,0.05,0.1,0.0,0.44,-inf
729,0.05,0.1,0.0,0.45,-inf
730,0.05,0.1,0.0,0.46,-inf
731,0.05,0.1,0.0,0.47,-inf
732,0.05,0.1,0.0,0.48,-inf
733,0.05,0.1,0.0,0.49,-inf
734,0.05,0.1,0.0,0.5,-inf
735,0.05,0.1,0.0,0.51,-inf
736,0.05,0.1,0.0,0.52,-inf
737,0.05,0.1,0.0,0.53,-inf
738,0.05,0.1,0.0,0.54,-inf
739,0.05,0.1,0.0,0.55,-inf
740,0.05,0.1,0.0,0.56,-inf
741,0.05,0.1,0.0,0.57,-inf
742,0.05,0.1,0.0,0.58,-inf
743,0.05,0.1,0.0,0.59,-inf
744,0.05,0.1,0.0,0.6,-inf
745,0.05,0.1,0.0,0.61,-inf
746,0.05,0.1,0.0,0.62,-inf
747,0.05,0.1,0.0,0.63,-inf
748,0.05,0.1,0.0,0.64,-inf
749,0.05,0.1,0.0,0.65,-inf
750,0.05,0.1,0.0,0.66,-inf
751,0.05,0.1,0.0,0.67,-inf
752,0.05,0.1,0.0,0.68,-inf
753,0.05,0.1,0.0,0.69,-inf
754,0.05,0.1,0.0,0.7,-inf
755,0.05,0.1,0.0,0.71,-inf
756,0.05,0.1,0.0,0.72,-inf
757,0.05,0.1,0.0,0.73,-inf
758,0.05,0.1,0.0,0.74,-inf
759,0.05,0.1,0.0,0.75,-inf
760,0.05,0.11,0.0,0.0,-inf
761,0.05,0.11,0.0,0.01,-inf
762,0.05,0.11,0.0,0.02,-inf
763,0.05,0.11,0.0,0.03,-inf
764,0.05,0.11,0.0,0.04,-inf
765,0.05,0.11,0.0,0.05,-inf
766,0.05,0.11,0.0,0.06,-inf
767,0.05,0.11,0.0,0.07,-inf
768,0.05,0.11,0.0,0.08,-inf
769,0.05,0.11,0.0,0.09,-inf
770,0.05,0.11,0.0,0.1,-inf
771,0.05,0.11,0.0,0.11,-inf
772,0.05,0.11,0.0,0.12,-inf
773,0.05,0.11,0.0,0.13,-inf
774,0.05,0.11,0.0,0.14,-inf
775,0.05,0.11,0.0,0.15,-inf
776,0.05,0.11,0.0,0.16,-inf
777,0.05,0.11,0.0,0.17,-inf
778,0.05,0.11,0.0,0.18,-inf
779,0.05,0.11,0.0,0.19,-inf
780,0.05,0.11,0.0,0.2,-inf
781,0.05,0.11,0.0,0.21,-inf
782,0.05,0.11,0.0,0.22,-inf
783,0.05,0.11,0.0,0.23,-inf
784,0.05,0.11,0.0,0.24,-inf
785,0.05,0.11,0.0,0.25,-inf
786,0.05,0.11,0.0,0.26,-inf
787,0.05,0.11,0.0,0.27,-inf
788,0.05,0.11,0.0,0.28,-inf
789,0.05,0.11,0.0,0.29,-inf
790,0.05,0.11,0.0,0.3,-inf
791,0.05,0.11,0.0,0.31,-inf
792,0.05,0.11,0.0,0.32,-inf
793,0.05,0.11,0.0,0.33,-inf
794,0.05,0.11,0.0,0.34,-inf
795,0.05,0.11,0.0,0.35,-inf
796,0.05,0.11,0.0,0.36,-inf
797,0.05,0.11,0.0,0.37,-inf
798,0.05,0.11,0.0,0.38,-inf
799,0.05,0.11,0.0,0.39,-inf
800,0.05,0.11,0.0,0.4,-inf
801,0.05,0.11,0.0,0.41,-inf
802,0.05,0.11,0.0,0.42,-inf
803,0.05,0.11,0.0,0.43,-inf
804,0.05,0.11,0.0,0.44,-inf
805,0.05,0.11,0.0,0.45,-inf
806,0.05,0.11,0.0,0.46,-inf
807,0.05,0.11,0.0,0.47,-inf
808,0.05,0.11,0.0,0.48,-inf
809,0.05,0.11,0.0,0.49,-inf
810,0.05,0.11,0.0,0.5,-inf
811,0.05,0.11,0.0,0.51,-inf
812,0.05,0.11,0.0,0.52,-inf
813,0.05,0.11,0.0,0.53,-inf
814,0.05,0.11,0.0,0.54,-inf
815,0.05,0.11,0.0,0.55,-inf
816,0.05,0.11,0.0,0.56,-inf
817,0.05,0.11,0.0,0.57,-inf
818,0.05,0.11,0.0,0.58,-inf
819,0.05,0.11,0.0,0.59,-inf
820,0.05,0.11,0.0,0.6,-inf
821,0.05,0.11,0.0,0.61,-inf
822,0.05,0.11,0.0,0.62,-inf
823,0.05,0.11,0.0,0.63,-inf
824,0.05,0.11,0.0,0.64,-inf
825,0.05,0.11,0.0,0.65,-inf
826,0.05,0.11,0.0,0.66,-inf
827,0.05,0.11,0.0,0.67,-inf
828,0.05,0.11,0.0,0.68,-inf
829,0.05,0.11,0.0,0.69,-inf
830,0.05,0.11,0.0,0.7,-inf
831,0.05,0.11,0.0,0.71,-inf
832,0.05,0.11,0.0,0.72,-inf
833,0.05,0.11,0.0,0.73,-inf
834,0.05,0.11,0.0,0.74,-inf
835,0.05,0.11,0.0,0.75,-inf
836,0.05,0.12,0.0,0.0,-inf
837,0.05,0.12,0.0,0.01,-inf
838,0.05,0.12,0.0,0.02,-inf
839,0.05,0.12,0.0,0.03,-inf
840,0.05,0.12,0.0,0.04,-inf
841,0.05,0.12,0.0,0.05,-inf
842,0.05,0.12,0.0,0.06,-inf
843,0.05,0.12,0.0,0.07,-inf
844,0.05,0.12,0.0,0.08,-inf
845,0.05,0.12,0.0,0.09,-inf
846,0.05,0.12,0.0,0.1,-inf
847,0.05,0.12,0.0,0.11,-inf
848,0.05,0.12,0.0,0.12,-inf
849,0.05,0.12,0.0,0.13,-4974.46923828125
850,0.05,0.12,0.0,0.14,-inf
851,0.05,0.12,0.0,0.15,-inf
852,0.05,0.12,0.0,0.16,-inf
853,0.05,0.12,0.0,0.17,-4988.91650390625
854,0.05,0.12,0.0,0.18,-inf
855,0.05,0.12,0.0,0.19,-inf
856,0.05,0.12,0.0,0.2,-inf
857,0.05,0.12,0.0,0.21,-inf
858,0.05,0.12,0.0,0.22,-inf
859,0.05,0.12,0.0,0.23,-inf
860,0.05,0.12,0.0,0.24,-inf
861,0.05,0.12,0.0,0.25,-inf
862,0.05,0.12,0.0,0.26,-inf
863,0.05,0.12,0.0,0.27,-inf
864,0.05,0.12,0.0,0.28,-inf
865,0.05,0.12,0.0,0.29,-inf
866,0.05,0.12,0.0,0.3,-inf
867,0.05,0.12,0.0,0.31,-inf
868,0.05,0.12,0.0,0.32,-inf
869,0.05,0.12,0.0,0.33,-inf
870,0.05,0.12,0.0,0.34,-inf
871,0.05,0.12,0.0,0.35,-inf
872,0.05,0.12,0.0,0.36,-inf
873,0.05,0.12,0.0,0.37,-inf
874,0.05,0.12,0.0,0.38,-inf
875,0.05,0.12,0.0,0.39,-inf
876,0.05,0.12,0.0,0.4,-inf
877,0.05,0.12,0.0,0.41,-inf
878,0.05,0.12,0.0,0.42,-inf
879,0.05,0.12,0.0,0.43,-inf
880,0.05,0.12,0.0,0.44,-inf
881,0.05,0.12,0.0,0.45,-inf
882,0.05,0.12,0.0,0.46,-inf
883,0.05,0.12,0.0,0.47,-inf
884,0.05,0.12,0.0,0.48,-inf
885,0.05,0.12,0.0,0.49,-inf
886,0.05,0.12,0.0,0.5,-inf
887,0.05,0.12,0.0,0.51,-inf
888,0.05,0.12,0.0,0.52,-inf
889,0.05,0.12,0.0,0.53,-inf
890,0.05,0.12,0.0,0.54,-inf
891,0.05,0.12,0.0,0.55,-inf
892,0.05,0.12,0.0,0.56,-5052.0693359375
893,0.05,0.12,0.0,0.57,-inf
894,0.05,0.12,0.0,0.58,-inf
895,0.05,0.12,0.0,0.59,-inf
896,0.05,0.12,0.0,0.6,-inf
897,0.05,0.12,0.0,0.61,-inf
898,0.05,0.12,0.0,0.62,-inf
899,0.05,0.12,0.0,0.63,-inf
900,0.05,0.12,0.0,0.64,-inf
901,0.05,0.12,0.0,0.65,-inf
902,0.05,0.12,0.0,0.66,-inf
903,0.05,0.12,0.0,0.67,-inf
904,0.05,0.12,0.0,0.68,-inf
905,0.05,0.12,0.0,0.69,-4949.41455078125
906,0.05,0.12,0.0,0.7,-inf
907,0.05,0.12,0.0,0.71,-inf
908,0.05,0.12,0.0,0.72,-inf
909,0.05,0.12,0.0,0.73,-inf
910,0.05,0.12,0.0,0.74,-inf
911,0.05,0.12,0.0,0.75,-inf
912,0.05,0.13,0.0,0.0,-inf
913,0.05,0.13,0.0,0.01,-4915.44140625
914,0.05,0.13,0.0,0.02,-4864.794921875
915,0.05,0.13,0.0,0.03,-4561.8544921875
916,0.05,0.13,0.0,0.04,-inf
917,0.05,0.13,0.0,0.05,-4823.521484375
918,0.05,0.13,0.0,0.06,-4807.37646484375
919,0.05,0.13,0.0,0.07,-inf
920,0.05,0.13,0.0,0.08,-inf
921,0.05,0.13,0.0,0.09,-inf
922,0.05,0.13,0.0,0.1,-4648.77783203125
923,0.05,0.13,0.0,0.11,-inf
924,0.05,0.13,0.0,0.12,-4580.8701171875
925,0.05,0.13,0.0,0.13,-4304.31494140625
926,0.05,0.13,0.0,0.14,-4441.89697265625
927,0.05,0.13,0.0,0.15,-inf
928,0.05,0.13,0.0,0.16,-inf
929,0.05,0.13,0.0,0.17,-inf
930,0.05,0.13,0.0,0.18,-4692.8291015625
931,0.05,0.13,0.0,0.19,-4833.58056640625
932,0.05,0.13,0.0,0.2,-4674.501953125
933,0.05,0.13,0.0,0.21,-4482.99365234375
934,0.05,0.13,0.0,0.22,-4564.521484375
935,0.05,0.13,0.0,0.23,-4739.98974609375
936,0.05,0.13,0.0,0.24,-inf
937,0.05,0.13,0.0,0.25,-4764.486328125
938,0.05,0.13,0.0,0.26,-4573.58544921875
939,0.05,0.13,0.0,0.27,-inf
940,0.05,0.13,0.0,0.28,-inf
941,0.05,0.13,0.0,0.29,-4638.50390625
942,0.05,0.13,0.0,0.3,-4716.08740234375
943,0.05,0.13,0.0,0.31,-4796.50146484375
944,0.05,0.13,0.0,0.32,-4787.162109375
945,0.05,0.13,0.0,0.33,-4731.5234375
946,0.05,0.13,0.0,0.34,-4722.11328125
947,0.05,0.13,0.0,0.35,-4453.11962890625
948,0.05,0.13,0.0,0.36,-inf
949,0.05,0.13,0.0,0.37,-inf
950,0.05,0.13,0.0,0.38,-inf
951,0.05,0.13,0.0,0.39,-4760.92431640625
952,0.05,0.13,0.0,0.4,-4466.6328125
953,0.05,0.13,0.0,0.41,-4292.384765625
954,0.05,0.13,0.0,0.42,-inf
955,0.05,0.13,0.0,0.43,-4829.8505859375
956,0.05,0.13,0.0,0.44,-4811.47705078125
957,0.05,0.13,0.0,0.45,-4848.3564453125
958,0.05,0.13,0.0,0.46,-4569.45068359375
959,0.05,0.13,0.0,0.47,-4644.91748046875
960,0.05,0.13,0.0,0.48,-4754.9345703125
961,0.05,0.13,0.0,0.49,-inf
962,0.05,0.13,0.0,0.5,-4684.83984375
963,0.05,0.13,0.0,0.51,-inf
964,0.05,0.13,0.0,0.52,-inf
965,0.05,0.13,0.0,0.53,-4405.6630859375
966,0.05,0.13,0.0,0.54,-4626.21240234375
967,0.05,0.13,0.0,0.55,-4556.72412109375
968,0.05,0.13,0.0,0.56,-inf
969,0.05,0.13,0.0,0.57,-inf
970,0.05,0.13,0.0,0.58,-inf
971,0.05,0.13,0.0,0.59,-inf
972,0.05,0.13,0.0,0.6,-4667.611328125
973,0.05,0.13,0.0,0.61,-inf
974,0.05,0.13,0.0,0.62,-inf
975,0.05,0.13,0.0,0.63,-inf
976,0.05,0.13,0.0,0.64,-4657.103515625
977,0.05,0.13,0.0,0.65,-inf
978,0.05,0.13,0.0,0.66,-4892.4482421875
979,0.05,0.13,0.0,0.67,-4936.0654296875
980,0.05,0.13,0.0,0.68,-4583.3857421875
981,0.05,0.13,0.0,0.69,-4729.1923828125
982,0.05,0.13,0.0,0.7,-inf
983,0.05,0.13,0.0,0.71,-4727.49853515625
984,0.05,0.13,0.0,0.72,-4749.0419921875
985,0.05,0.13,0.0,0.73,-4772.517578125
986,0.05,0.13,0.0,0.74,-4939.958984375
987,0.05,0.13,0.0,0.75,-inf
988,0.05,0.14,0.0,0.0,-5107.01513671875
989,0.05,0.14,0.0,0.01,-4015.767822265625
990,0.05,0.14,0.0,0.02,-4403.98486328125
991,0.05,0.14,0.0,0.03,-4130.900390625
992,0.05,0.14,0.0,0.04,-4106.7529296875
993,0.05,0.14,0.0,0.05,-4309.67041015625
994,0.05,0.14,0.0,0.06,-4183.9755859375
995,0.05,0.14,0.0,0.07,-4204.20263671875
996,0.05,0.14,0.0,0.08,-4013.01416015625
997,0.05,0.14,0.0,0.09,-4186.86865234375
998,0.05,0.14,0.0,0.1,-4249.330078125
999,0.05,0.14,0.0,0.11,-4203.435546875
1000,0.05,0.14,0.0,0.12,-4213.4560546875
1001,0.05,0.14,0.0,0.13,-4246.369140625
1002,0.05,0.14,0.0,0.14,-4031.35205078125
1003,0.05,0.14,0.0,0.15,-4088.20849609375
1004,0.05,0.14,0.0,0.16,-4241.00537109375
1005,0.05,0.14,0.0,0.17,-3715.862060546875
1006,0.05,0.14,0.0,0.18,-4057.560791015625
1007,0.05,0.14,0.0,0.19,-3892.271240234375
1008,0.05,0.14,0.0,0.2,-4324.85693359375
1009,0.05,0.14,0.0,0.21,-4291.87548828125
1010,0.05,0.14,0.0,0.22,-3891.20703125
1011,0.05,0.14,0.0,0.23,-3729.777099609375
1012,0.05,0.14,0.0,0.24,-4165.31787109375
1013,0.05,0.14,0.0,0.25,-3991.465087890625
1014,0.05,0.14,0.0,0.26,-4329.26220703125
1015,0.05,0.14,0.0,0.27,-4064.4326171875
1016,0.05,0.14,0.0,0.28,-4083.51025390625
1017,0.05,0.14,0.0,0.29,-4088.67626953125
1018,0.05,0.14,0.0,0.3,-4079.3388671875
1019,0.05,0.14,0.0,0.31,-4452.4833984375
1020,0.05,0.14,0.0,0.32,-4342.693359375
1021,0.05,0.14,0.0,0.33,-4408.51123046875
1022,0.05,0.14,0.0,0.34,-4283.87890625
1023,0.05,0.14,0.0,0.35,-4333.9912109375
1024,0.05,0.14,0.0,0.36,-3988.0498046875
1025,0.05,0.14,0.0,0.37,-4210.6552734375
1026,0.05,0.14,0.0,0.38,-4338.97705078125
1027,0.05,0.14,0.0,0.39,-4076.19775390625
1028,0.05,0.14,0.0,0.4,-3957.0888671875
1029,0.05,0.14,0.0,0.41,-4320.1298828125
1030,0.05,0.14,0.0,0.42,-4281.3251953125
1031,0.05,0.14,0.0,0.43,-4482.544921875
1032,0.05,0.14,0.0,0.44,-4225.8408203125
1033,0.05,0.14,0.0,0.45,-4170.943359375
1034,0.05,0.14,0.0,0.46,-4086.77734375
1035,0.05,0.14,0.0,0.47,-4164.18359375
1036,0.05,0.14,0.0,0.48,-4444.60693359375
1037,0.05,0.14,0.0,0.49,-4064.4580078125
1038,0.05,0.14,0.0,0.5,-4230.15625
1039,0.05,0.14,0.0,0.51,-4253.35546875
1040,0.05,0.14,0.0,0.52,-4029.010009765625
1041,0.05,0.14,0.0,0.53,-4126.5927734375
1042,0.05,0.14,0.0,0.54,-4236.17138671875
1043,0.05,0.14,0.0,0.55,-4122.25927734375
1044,0.05,0.14,0.0,0.56,-4301.169921875
1045,0.05,0.14,0.0,0.57,-4293.87109375
1046,0.05,0.14,0.0,0.58,-4419.501953125
1047,0.05,0.14,0.0,0.59,-3768.794921875
1048,0.05,0.14,0.0,0.6,-4254.625
1049,0.05,0.14,0.0,0.61,-4183.7099609375
1050,0.05,0.14,0.0,0.62,-4059.718017578125
1051,0.05,0.14,0.0,0.63,-4322.04296875
1052,0.05,0.14,0.0,0.64,-4501.4677734375
1053,0.05,0.14,0.0,0.65,-4321.2578125
1054,0.05,0.14,0.0,0.66,-4330.79443359375
1055,0.05,0.14,0.0,0.67,-4392.279296875
1056,0.05,0.14,0.0,0.68,-4435.38623046875
1057,0.05,0.14,0.0,0.69,-4226.02197265625
1058,0.05,0.14,0.0,0.7,-4486.1875
1059,0.05,0.14,0.0,0.71,-4245.00732421875
1060,0.05,0.14,0.0,0.72,-4527.37890625
1061,0.05,0.14,0.0,0.73,-4495.609375
1062,0.05,0.14,0.0,0.74,-4295.3232421875
1063,0.05,0.14,0.0,0.75,-4192.8779296875
1064,0.05,0.15,0.0,0.0,-4431.58642578125
1065,0.05,0.15,0.0,0.01,-3786.4853515625
1066,0.05,0.15,0.0,0.02,-3690.4580078125
1067,0.05,0.15,0.0,0.03,-3476.32177734375
1068,0.05,0.15,0.0,0.04,-3726.973388671875
1069,0.05,0.15,0.0,0.05,-3767.245361328125
1070,0.05,0.15,0.0,0.06,-3871.9970703125
1071,0.05,0.15,0.0,0.07,-3807.962158203125
1072,0.05,0.15,0.0,0.08,-3787.5458984375
1073,0.05,0.15,0.0,0.09,-3819.520263671875
1074,0.05,0.15,0.0,0.1,-3546.983154296875
1075,0.05,0.15,0.0,0.11,-3950.171875
1076,0.05,0.15,0.0,0.12,-3754.798828125
1077,0.05,0.15,0.0,0.13,-3866.831787109375
1078,0.05,0.15,0.0,0.14,-3902.406982421875
1079,0.05,0.15,0.0,0.15,-3707.091796875
1080,0.05,0.15,0.0,0.16,-3737.7548828125
1081,0.05,0.15,0.0,0.17,-3612.14697265625
1082,0.05,0.15,0.0,0.18,-3920.9814453125
1083,0.05,0.15,0.0,0.19,-3868.847900390625
1084,0.05,0.15,0.0,0.2,-3840.35302734375
1085,0.05,0.15,0.0,0.21,-3831.2783203125
1086,0.05,0.15,0.0,0.22,-3796.03369140625
1087,0.05,0.15,0.0,0.23,-3627.329833984375
1088,0.05,0.15,0.0,0.24,-3868.55859375
1089,0.05,0.15,0.0,0.25,-3776.4443359375
1090,0.05,0.15,0.0,0.26,-3928.1142578125
1091,0.05,0.15,0.0,0.27,-3905.041015625
1092,0.05,0.15,0.0,0.28,-3779.92333984375
1093,0.05,0.15,0.0,0.29,-3784.59765625
1094,0.05,0.15,0.0,0.3,-3534.986083984375
1095,0.05,0.15,0.0,0.31,-3769.78955078125
1096,0.05,0.15,0.0,0.32,-3864.021484375
1097,0.05,0.15,0.0,0.33,-3918.7998046875
1098,0.05,0.15,0.0,0.34,-3756.44873046875
1099,0.05,0.15,0.0,0.35,-3839.6982421875
1100,0.05,0.15,0.0,0.36,-3609.9443359375
1101,0.05,0.15,0.0,0.37,-3772.24609375
1102,0.05,0.15,0.0,0.38,-3845.6787109375
1103,0.05,0.15,0.0,0.39,-3709.44287109375
1104,0.05,0.15,0.0,0.4,-3968.041015625
1105,0.05,0.15,0.0,0.41,-3284.83740234375
1106,0.05,0.15,0.0,0.42,-3720.51025390625
1107,0.05,0.15,0.0,0.43,-3964.64697265625
1108,0.05,0.15,0.0,0.44,-4030.6943359375
1109,0.05,0.15,0.0,0.45,-3893.4462890625
1110,0.05,0.15,0.0,0.46,-3967.153564453125
1111,0.05,0.15,0.0,0.47,-3828.15478515625
1112,0.05,0.15,0.0,0.48,-3585.343505859375
1113,0.05,0.15,0.0,0.49,-3886.00732421875
1114,0.05,0.15,0.0,0.5,-3953.08056640625
1115,0.05,0.15,0.0,0.51,-3960.62060546875
1116,0.05,0.15,0.0,0.52,-3809.369384765625
1117,0.05,0.15,0.0,0.53,-4021.5517578125
1118,0.05,0.15,0.0,0.54,-3760.697265625
1119,0.05,0.15,0.0,0.55,-3465.9501953125
1120,0.05,0.15,0.0,0.56,-3727.0439453125
1121,0.05,0.15,0.0,0.57,-4005.07177734375
1122,0.05,0.15,0.0,0.58,-3920.126953125
1123,0.05,0.15,0.0,0.59,-3980.199951171875
1124,0.05,0.15,0.0,0.6,-3694.72802734375
1125,0.05,0.15,0.0,0.61,-3782.657958984375
1126,0.05,0.15,0.0,0.62,-3753.026611328125
1127,0.05,0.15,0.0,0.63,-3510.9130859375
1128,0.05,0.15,0.0,0.64,-4025.84521484375
1129,0.05,0.15,0.0,0.65,-3883.96826171875
1130,0.05,0.15,0.0,0.66,-3787.94775390625
1131,0.05,0.15,0.0,0.67,-3865.21728515625
1132,0.05,0.15,0.0,0.68,-3811.20166015625
1133,0.05,0.15,0.0,0.69,-4026.65869140625
1134,0.05,0.15,0.0,0.7,-3983.9912109375
1135,0.05,0.15,0.0,0.71,-4016.1103515625
1136,0.05,0.15,0.0,0.72,-3931.07177734375
1137,0.05,0.15,0.0,0.73,-3974.0361328125
1138,0.05,0.15,0.0,0.74,-4033.91455078125
1139,0.05,0.15,0.0,0.75,-3877.1796875
1140,0.05,0.16,0.0,0.0,-4483.60986328125
1141,0.05,0.16,0.0,0.01,-3641.478271484375
1142,0.05,0.16,0.0,0.02,-3635.6455078125
1143,0.05,0.16,0.0,0.03,-3640.6826171875
1144,0.05,0.16,0.0,0.04,-3717.029052734375
1145,0.05,0.16,0.0,0.05,-3703.96826171875
1146,0.05,0.16,0.0,0.06,-3713.13525390625
1147,0.05,0.16,0.0,0.07,-3551.243896484375
1148,0.05,0.16,0.0,0.08,-3476.029052734375
1149,0.05,0.16,0.0,0.09,-3408.03173828125
1150,0.05,0.16,0.0,0.1,-3460.91845703125
1151,0.05,0.16,0.0,0.11,-3482.00732421875
1152,0.05,0.16,0.0,0.12,-3511.306884765625
1153,0.05,0.16,0.0,0.13,-3540.3408203125
1154,0.05,0.16,0.0,0.14,-3573.339599609375
1155,0.05,0.16,0.0,0.15,-3552.41162109375
1156,0.05,0.16,0.0,0.16,-3504.09619140625
1157,0.05,0.16,0.0,0.17,-3558.14306640625
1158,0.05,0.16,0.0,0.18,-3515.62060546875
1159,0.05,0.16,0.0,0.19,-3253.924560546875
1160,0.05,0.16,0.0,0.2,-3172.978759765625
1161,0.05,0.16,0.0,0.21,-3261.6181640625
1162,0.05,0.16,0.0,0.22,-3510.74609375
1163,0.05,0.16,0.0,0.23,-3311.75732421875
1164,0.05,0.16,0.0,0.24,-3565.234130859375
1165,0.05,0.16,0.0,0.25,-3540.24462890625
1166,0.05,0.16,0.0,0.26,-3580.593994140625
1167,0.05,0.16,0.0,0.27,-3539.169921875
1168,0.05,0.16,0.0,0.28,-3535.27490234375
1169,0.05,0.16,0.0,0.29,-3491.9638671875
1170,0.05,0.16,0.0,0.3,-3476.9365234375
1171,0.05,0.16,0.0,0.31,-3565.68115234375
1172,0.05,0.16,0.0,0.32,-3407.757080078125
1173,0.05,0.16,0.0,0.33,-3500.29736328125
1174,0.05,0.16,0.0,0.34,-3659.271728515625
1175,0.05,0.16,0.0,0.35,-3421.46923828125
1176,0.05,0.16,0.0,0.36,-3515.49658203125
1177,0.05,0.16,0.0,0.37,-3412.44921875
1178,0.05,0.16,0.0,0.38,-3493.5703125
1179,0.05,0.16,0.0,0.39,-3151.58154296875
1180,0.05,0.16,0.0,0.4,-3317.9658203125
1181,0.05,0.16,0.0,0.41,-3525.89599609375
1182,0.05,0.16,0.0,0.42,-3738.8642578125
1183,0.05,0.16,0.0,0.43,-3507.7080078125
1184,0.05,0.16,0.0,0.44,-3601.08935546875
1185,0.05,0.16,0.0,0.45,-3634.080078125
1186,0.05,0.16,0.0,0.46,-3681.32177734375
1187,0.05,0.16,0.0,0.47,-3600.06005859375
1188,0.05,0.16,0.0,0.48,-3529.963623046875
1189,0.05,0.16,0.0,0.49,-3569.60888671875
1190,0.05,0.16,0.0,0.5,-3595.8291015625
1191,0.05,0.16,0.0,0.51,-3608.7451171875
1192,0.05,0.16,0.0,0.52,-3579.603759765625
1193,0.05,0.16,0.0,0.53,-3570.356201171875
1194,0.05,0.16,0.0,0.54,-3670.235595703125
1195,0.05,0.16,0.0,0.55,-3576.251708984375
1196,0.05,0.16,0.0,0.56,-3426.440673828125
1197,0.05,0.16,0.0,0.57,-3433.264404296875
1198,0.05,0.16,0.0,0.58,-3690.50048828125
1199,0.05,0.16,0.0,0.59,-3622.247314453125
1200,0.05,0.16,0.0,0.6,-3524.582275390625
1201,0.05,0.16,0.0,0.61,-3646.96240234375
1202,0.05,0.16,0.0,0.62,-3567.462890625
1203,0.05,0.16,0.0,0.63,-3644.5908203125
1204,0.05,0.16,0.0,0.64,-3424.1142578125
1205,0.05,0.16,0.0,0.65,-3621.982421875
1206,0.05,0.16,0.0,0.66,-3623.1767578125
1207,0.05,0.16,0.0,0.67,-3514.7861328125
1208,0.05,0.16,0.0,0.68,-3374.79833984375
1209,0.05,0.16,0.0,0.69,-3535.476318359375
1210,0.05,0.16,0.0,0.7,-3664.72314453125
1211,0.05,0.16,0.0,0.71,-3549.632568359375
1212,0.05,0.16,0.0,0.72,-3424.3037109375
1213,0.05,0.16,0.0,0.73,-3603.915283203125
1214,0.05,0.16,0.0,0.74,-3601.822509765625
1215,0.05,0.16,0.0,0.75,-3668.821533203125
1216,0.05,0.17,0.0,0.0,-4212.4638671875
1217,0.05,0.17,0.0,0.01,-3310.96337890625
1218,0.05,0.17,0.0,0.02,-3326.16943359375
1219,0.05,0.17,0.0,0.03,-3180.890869140625
1220,0.05,0.17,0.0,0.04,-3199.396484375
1221,0.05,0.17,0.0,0.05,-3058.203369140625
1222,0.05,0.17,0.0,0.06,-3200.884033203125
1223,0.05,0.17,0.0,0.07,-3240.051513671875
1224,0.05,0.17,0.0,0.08,-3008.102294921875
1225,0.05,0.17,0.0,0.09,-3169.504150390625
1226,0.05,0.17,0.0,0.1,-2969.026123046875
1227,0.05,0.17,0.0,0.11,-3307.07763671875
1228,0.05,0.17,0.0,0.12,-3181.29541015625
1229,0.05,0.17,0.0,0.13,-3151.875
1230,0.05,0.17,0.0,0.14,-3194.48046875
1231,0.05,0.17,0.0,0.15,-3227.6337890625
1232,0.05,0.17,0.0,0.16,-3192.4189453125
1233,0.05,0.17,0.0,0.17,-3044.441162109375
1234,0.05,0.17,0.0,0.18,-3110.44140625
1235,0.05,0.17,0.0,0.19,-3416.69091796875
1236,0.05,0.17,0.0,0.2,-3299.619384765625
1237,0.05,0.17,0.0,0.21,-3181.725341796875
1238,0.05,0.17,0.0,0.22,-3005.904541015625
1239,0.05,0.17,0.0,0.23,-3285.9716796875
1240,0.05,0.17,0.0,0.24,-3077.322998046875
1241,0.05,0.17,0.0,0.25,-3337.046630859375
1242,0.05,0.17,0.0,0.26,-3261.633056640625
1243,0.05,0.17,0.0,0.27,-3292.863525390625
1244,0.05,0.17,0.0,0.28,-3204.080078125
1245,0.05,0.17,0.0,0.29,-3309.012451171875
1246,0.05,0.17,0.0,0.3,-2914.368408203125
1247,0.05,0.17,0.0,0.31,-3304.345703125
1248,0.05,0.17,0.0,0.32,-3353.187744140625
1249,0.05,0.17,0.0,0.33,-3387.02880859375
1250,0.05,0.17,0.0,0.34,-3327.13037109375
1251,0.05,0.17,0.0,0.35,-3139.0234375
1252,0.05,0.17,0.0,0.36,-3307.0068359375
1253,0.05,0.17,0.0,0.37,-3160.32470703125
1254,0.05,0.17,0.0,0.38,-3183.13232421875
1255,0.05,0.17,0.0,0.39,-3303.32666015625
1256,0.05,0.17,0.0,0.4,-3231.22607421875
1257,0.05,0.17,0.0,0.41,-3209.103515625
1258,0.05,0.17,0.0,0.42,-3107.56103515625
1259,0.05,0.17,0.0,0.43,-3328.577392578125
1260,0.05,0.17,0.0,0.44,-3165.202880859375
1261,0.05,0.17,0.0,0.45,-3254.98291015625
1262,0.05,0.17,0.0,0.46,-3136.804443359375
1263,0.05,0.17,0.0,0.47,-3217.28662109375
1264,0.05,0.17,0.0,0.48,-3127.779541015625
1265,0.05,0.17,0.0,0.49,-3088.2958984375
1266,0.05,0.17,0.0,0.5,-3300.0224609375
1267,0.05,0.17,0.0,0.51,-3304.83935546875
1268,0.05,0.17,0.0,0.52,-3311.162109375
1269,0.05,0.17,0.0,0.53,-3315.169921875
1270,0.05,0.17,0.0,0.54,-3310.767578125
1271,0.05,0.17,0.0,0.55,-3229.9599609375
1272,0.05,0.17,0.0,0.56,-3228.702880859375
1273,0.05,0.17,0.0,0.57,-3188.5966796875
1274,0.05,0.17,0.0,0.58,-3454.7529296875
1275,0.05,0.17,0.0,0.59,-3252.12158203125
1276,0.05,0.17,0.0,0.6,-3334.85498046875
1277,0.05,0.17,0.0,0.61,-3388.22607421875
1278,0.05,0.17,0.0,0.62,-3272.30615234375
1279,0.05,0.17,0.0,0.63,-3110.335693359375
1280,0.05,0.17,0.0,0.64,-3252.783935546875
1281,0.05,0.17,0.0,0.65,-3296.001953125
1282,0.05,0.17,0.0,0.66,-3213.78955078125
1283,0.05,0.17,0.0,0.67,-3332.35400390625
1284,0.05,0.17,0.0,0.68,-3289.68994140625
1285,0.05,0.17,0.0,0.69,-3174.135009765625
1286,0.05,0.17,0.0,0.7,-3264.855712890625
1287,0.05,0.17,0.0,0.71,-3310.895263671875
1288,0.05,0.17,0.0,0.72,-3279.72265625
1289,0.05,0.17,0.0,0.73,-3339.24755859375
1290,0.05,0.17,0.0,0.74,-3348.851318359375
1291,0.05,0.17,0.0,0.75,-3282.835205078125
1292,0.05,0.18,0.0,0.0,-4168.755859375
1293,0.05,0.18,0.0,0.01,-3032.58154296875
1294,0.05,0.18,0.0,0.02,-2970.75341796875
1295,0.05,0.18,0.0,0.03,-3035.654296875
1296,0.05,0.18,0.0,0.04,-2929.12841796875
1297,0.05,0.18,0.0,0.05,-2949.61279296875
1298,0.05,0.18,0.0,0.06,-2848.89013671875
1299,0.05,0.18,0.0,0.07,-2912.9033203125
1300,0.05,0.18,0.0,0.08,-3015.3779296875
1301,0.05,0.18,0.0,0.09,-3012.1875
1302,0.05,0.18,0.0,0.1,-2910.62744140625
1303,0.05,0.18,0.0,0.11,-2983.746826171875
1304,0.05,0.18,0.0,0.12,-2850.778076171875
1305,0.05,0.18,0.0,0.13,-3060.21435546875
1306,0.05,0.18,0.0,0.14,-2943.209716796875
1307,0.05,0.18,0.0,0.15,-3083.1435546875
1308,0.05,0.18,0.0,0.16,-2918.23388671875
1309,0.05,0.18,0.0,0.17,-3031.20849609375
1310,0.05,0.18,0.0,0.18,-2613.796630859375
1311,0.05,0.18,0.0,0.19,-3180.0615234375
1312,0.05,0.18,0.0,0.2,-2970.35693359375
1313,0.05,0.18,0.0,0.21,-2978.017578125
1314,0.05,0.18,0.0,0.22,-3086.036865234375
1315,0.05,0.18,0.0,0.23,-2975.25439453125
1316,0.05,0.18,0.0,0.24,-3044.1904296875
1317,0.05,0.18,0.0,0.25,-3069.59765625
1318,0.05,0.18,0.0,0.26,-2946.200439453125
1319,0.05,0.18,0.0,0.27,-3025.067138671875
1320,0.05,0.18,0.0,0.28,-3106.101806640625
1321,0.05,0.18,0.0,0.29,-3132.5634765625
1322,0.05,0.18,0.0,0.3,-2950.953125
1323,0.05,0.18,0.0,0.31,-3068.73681640625
1324,0.05,0.18,0.0,0.32,-3137.275390625
1325,0.05,0.18,0.0,0.33,-3081.37353515625
1326,0.05,0.18,0.0,0.34,-3015.364501953125
1327,0.05,0.18,0.0,0.35,-3098.32421875
1328,0.05,0.18,0.0,0.36,-3011.656494140625
1329,0.05,0.18,0.0,0.37,-3048.544677734375
1330,0.05,0.18,0.0,0.38,-2874.322265625
1331,0.05,0.18,0.0,0.39,-3086.125244140625
1332,0.05,0.18,0.0,0.4,-3062.14404296875
1333,0.05,0.18,0.0,0.41,-3034.94189453125
1334,0.05,0.18,0.0,0.42,-3022.93896484375
1335,0.05,0.18,0.0,0.43,-2789.27685546875
1336,0.05,0.18,0.0,0.44,-3156.614501953125
1337,0.05,0.18,0.0,0.45,-2921.302734375
1338,0.05,0.18,0.0,0.46,-3120.163818359375
1339,0.05,0.18,0.0,0.47,-2922.4384765625
1340,0.05,0.18,0.0,0.48,-2962.013916015625
1341,0.05,0.18,0.0,0.49,-3068.387451171875
1342,0.05,0.18,0.0,0.5,-3024.521484375
1343,0.05,0.18,0.0,0.51,-3029.49609375
1344,0.05,0.18,0.0,0.52,-3090.61376953125
1345,0.05,0.18,0.0,0.53,-2974.16796875
1346,0.05,0.18,0.0,0.54,-3169.9912109375
1347,0.05,0.18,0.0,0.55,-3210.77392578125
1348,0.05,0.18,0.0,0.56,-3094.1875
1349,0.05,0.18,0.0,0.57,-3222.1103515625
1350,0.05,0.18,0.0,0.58,-3081.05224609375
1351,0.05,0.18,0.0,0.59,-3155.595703125
1352,0.05,0.18,0.0,0.6,-2872.450439453125
1353,0.05,0.18,0.0,0.61,-3059.357421875
1354,0.05,0.18,0.0,0.62,-3043.4609375
1355,0.05,0.18,0.0,0.63,-3117.55029296875
1356,0.05,0.18,0.0,0.64,-3057.91455078125
1357,0.05,0.18,0.0,0.65,-3260.43994140625
1358,0.05,0.18,0.0,0.66,-2952.93896484375
1359,0.05,0.18,0.0,0.67,-3146.07421875
1360,0.05,0.18,0.0,0.68,-2982.779541015625
1361,0.05,0.18,0.0,0.69,-3055.060546875
1362,0.05,0.18,0.0,0.7,-3089.317138671875
1363,0.05,0.18,0.0,0.71,-3134.747802734375
1364,0.05,0.18,0.0,0.72,-3030.917236328125
1365,0.05,0.18,0.0,0.73,-3099.441650390625
1366,0.05,0.18,0.0,0.74,-2920.528076171875
1367,0.05,0.18,0.0,0.75,-3198.000732421875
1368,0.05,0.19,0.0,0.0,-3663.4208984375
1369,0.05,0.19,0.0,0.01,-2778.171875
1370,0.05,0.19,0.0,0.02,-2725.483642578125
1371,0.05,0.19,0.0,0.03,-2884.697998046875
1372,0.05,0.19,0.0,0.04,-2910.20703125
1373,0.05,0.19,0.0,0.05,-2608.015625
1374,0.05,0.19,0.0,0.06,-2822.9609375
1375,0.05,0.19,0.0,0.07,-2864.62255859375
1376,0.05,0.19,0.0,0.08,-2743.7724609375
1377,0.05,0.19,0.0,0.09,-2794.613037109375
1378,0.05,0.19,0.0,0.1,-2809.352783203125
1379,0.05,0.19,0.0,0.11,-2674.503662109375
1380,0.05,0.19,0.0,0.12,-2940.93896484375
1381,0.05,0.19,0.0,0.13,-2592.565673828125
1382,0.05,0.19,0.0,0.14,-2813.488525390625
1383,0.05,0.19,0.0,0.15,-2765.142333984375
1384,0.05,0.19,0.0,0.16,-2611.1982421875
1385,0.05,0.19,0.0,0.17,-2860.0107421875
1386,0.05,0.19,0.0,0.18,-2567.08056640625
1387,0.05,0.19,0.0,0.19,-2572.603759765625
1388,0.05,0.19,0.0,0.2,-2884.154052734375
1389,0.05,0.19,0.0,0.21,-2810.0771484375
1390,0.05,0.19,0.0,0.22,-2849.54443359375
1391,0.05,0.19,0.0,0.23,-2885.95361328125
1392,0.05,0.19,0.0,0.24,-2734.5341796875
1393,0.05,0.19,0.0,0.25,-2773.31689453125
1394,0.05,0.19,0.0,0.26,-2625.0244140625
1395,0.05,0.19,0.0,0.27,-2667.269287109375
1396,0.05,0.19,0.0,0.28,-2839.35498046875
1397,0.05,0.19,0.0,0.29,-2758.7236328125
1398,0.05,0.19,0.0,0.3,-2808.869384765625
1399,0.05,0.19,0.0,0.31,-2675.79248046875
1400,0.05,0.19,0.0,0.32,-2576.12158203125
1401,0.05,0.19,0.0,0.33,-2851.515625
1402,0.05,0.19,0.0,0.34,-2819.852294921875
1403,0.05,0.19,0.0,0.35,-2849.45458984375
1404,0.05,0.19,0.0,0.36,-2774.34912109375
1405,0.05,0.19,0.0,0.37,-2890.810546875
1406,0.05,0.19,0.0,0.38,-2788.611328125
1407,0.05,0.19,0.0,0.39,-2677.46044921875
1408,0.05,0.19,0.0,0.4,-2902.98095703125
1409,0.05,0.19,0.0,0.41,-2816.09521484375
1410,0.05,0.19,0.0,0.42,-2652.223388671875
1411,0.05,0.19,0.0,0.43,-2687.7109375
1412,0.05,0.19,0.0,0.44,-2849.71240234375
1413,0.05,0.19,0.0,0.45,-2708.615234375
1414,0.05,0.19,0.0,0.46,-2792.466064453125
1415,0.05,0.19,0.0,0.47,-2919.549560546875
1416,0.05,0.19,0.0,0.48,-2877.972412109375
1417,0.05,0.19,0.0,0.49,-2625.81103515625
1418,0.05,0.19,0.0,0.5,-2898.861328125
1419,0.05,0.19,0.0,0.51,-2848.381103515625
1420,0.05,0.19,0.0,0.52,-2797.04052734375
1421,0.05,0.19,0.0,0.53,-2744.12841796875
1422,0.05,0.19,0.0,0.54,-2785.07958984375
1423,0.05,0.19,0.0,0.55,-2819.200927734375
1424,0.05,0.19,0.0,0.56,-2815.10888671875
1425,0.05,0.19,0.0,0.57,-2925.125
1426,0.05,0.19,0.0,0.58,-2852.734375
1427,0.05,0.19,0.0,0.59,-2666.80029296875
1428,0.05,0.19,0.0,0.6,-2730.392822265625
1429,0.05,0.19,0.0,0.61,-2701.14697265625
1430,0.05,0.19,0.0,0.62,-2785.752685546875
1431,0.05,0.19,0.0,0.63,-2843.563720703125
1432,0.05,0.19,0.0,0.64,-2650.6708984375
1433,0.05,0.19,0.0,0.65,-2877.40087890625
1434,0.05,0.19,0.0,0.66,-2731.655517578125
1435,0.05,0.19,0.0,0.67,-2858.458984375
1436,0.05,0.19,0.0,0.68,-2730.7158203125
1437,0.05,0.19,0.0,0.69,-2857.685546875
1438,0.05,0.19,0.0,0.7,-2867.550048828125
1439,0.05,0.19,0.0,0.71,-2889.76416015625
1440,0.05,0.19,0.0,0.72,-2876.937744140625
1441,0.05,0.19,0.0,0.73,-2791.99169921875
1442,0.05,0.19,0.0,0.74,-2916.019775390625
1443,0.05,0.19,0.0,0.75,-2651.919921875
1444,0.05,0.2,0.0,0.0,-3556.10546875
1445,0.05,0.2,0.0,0.01,-2667.28369140625
1446,0.05,0.2,0.0,0.02,-2697.77294921875
1447,0.05,0.2,0.0,0.03,-2626.5244140625
1448,0.05,0.2,0.0,0.04,-2624.149169921875
1449,0.05,0.2,0.0,0.05,-2528.631103515625
1450,0.05,0.2,0.0,0.06,-2638.33447265625
1451,0.05,0.2,0.0,0.07,-2508.91845703125
1452,0.05,0.2,0.0,0.08,-2555.80517578125
1453,0.05,0.2,0.0,0.09,-2637.68212890625
1454,0.05,0.2,0.0,0.1,-2564.1376953125
1455,0.05,0.2,0.0,0.11,-2453.093505859375
1456,0.05,0.2,0.0,0.12,-2563.499755859375
1457,0.05,0.2,0.0,0.13,-2569.16162109375
1458,0.05,0.2,0.0,0.14,-2510.696044921875
1459,0.05,0.2,0.0,0.15,-2568.46435546875
1460,0.05,0.2,0.0,0.16,-2530.260986328125
1461,0.05,0.2,0.0,0.17,-2480.23681640625
1462,0.05,0.2,0.0,0.18,-2523.85498046875
1463,0.05,0.2,0.0,0.19,-2484.1015625
1464,0.05,0.2,0.0,0.2,-2452.378662109375
1465,0.05,0.2,0.0,0.21,-2610.836181640625
1466,0.05,0.2,0.0,0.22,-2593.07080078125
1467,0.05,0.2,0.0,0.23,-2588.11865234375
1468,0.05,0.2,0.0,0.24,-2501.902099609375
1469,0.05,0.2,0.0,0.25,-2431.766357421875
1470,0.05,0.2,0.0,0.26,-2579.515625
1471,0.05,0.2,0.0,0.27,-2423.505615234375
1472,0.05,0.2,0.0,0.28,-2310.521484375
1473,0.05,0.2,0.0,0.29,-2693.907470703125
1474,0.05,0.2,0.0,0.3,-2560.9833984375
1475,0.05,0.2,0.0,0.31,-2418.87255859375
1476,0.05,0.2,0.0,0.32,-2559.8330078125
1477,0.05,0.2,0.0,0.33,-2483.623046875
1478,0.05,0.2,0.0,0.34,-2617.90380859375
1479,0.05,0.2,0.0,0.35,-2540.343505859375
1480,0.05,0.2,0.0,0.36,-2523.0576171875
1481,0.05,0.2,0.0,0.37,-2485.998046875
1482,0.05,0.2,0.0,0.38,-2535.406982421875
1483,0.05,0.2,0.0,0.39,-2640.4345703125
1484,0.05,0.2,0.0,0.4,-2606.69384765625
1485,0.05,0.2,0.0,0.41,-2568.7021484375
1486,0.05,0.2,0.0,0.42,-2583.551513671875
1487,0.05,0.2,0.0,0.43,-2677.28759765625
1488,0.05,0.2,0.0,0.44,-2614.7705078125
1489,0.05,0.2,0.0,0.45,-2621.713134765625
1490,0.05,0.2,0.0,0.46,-2550.56005859375
1491,0.05,0.2,0.0,0.47,-2589.353515625
1492,0.05,0.2,0.0,0.48,-2490.732666015625
1493,0.05,0.2,0.0,0.49,-2614.5634765625
1494,0.05,0.2,0.0,0.5,-2682.342041015625
1495,0.05,0.2,0.0,0.51,-2712.99560546875
1496,0.05,0.2,0.0,0.52,-2496.64990234375
1497,0.05,0.2,0.0,0.53,-2582.85693359375
1498,0.05,0.2,0.0,0.54,-2683.231201171875
1499,0.05,0.2,0.0,0.55,-2545.2333984375
1500,0.05,0.2,0.0,0.56,-2661.414306640625
1501,0.05,0.2,0.0,0.57,-2684.585693359375
1502,0.05,0.2,0.0,0.58,-2571.455322265625
1503,0.05,0.2,0.0,0.59,-2590.09326171875
1504,0.05,0.2,0.0,0.6,-2552.206787109375
1505,0.05,0.2,0.0,0.61,-2589.453369140625
1506,0.05,0.2,0.0,0.62,-2565.420654296875
1507,0.05,0.2,0.0,0.63,-2692.2021484375
1508,0.05,0.2,0.0,0.64,-2524.891357421875
1509,0.05,0.2,0.0,0.65,-2748.04736328125
1510,0.05,0.2,0.0,0.66,-2463.72607421875
1511,0.05,0.2,0.0,0.67,-2725.08056640625
1512,0.05,0.2,0.0,0.68,-2674.808349609375
1513,0.05,0.2,0.0,0.69,-2682.95458984375
1514,0.05,0.2,0.0,0.7,-2678.6533203125
1515,0.05,0.2,0.0,0.71,-2713.2890625
1516,0.05,0.2,0.0,0.72,-2673.573486328125
1517,0.05,0.2,0.0,0.73,-2666.621826171875
1518,0.05,0.2,0.0,0.74,-2774.7421875
1519,0.05,0.2,0.0,0.75,-2636.044921875
1520,0.05,0.21,0.0,0.0,-3688.0966796875
1521,0.05,0.21,0.0,0.01,-2248.160888671875
1522,0.05,0.21,0.0,0.02,-2424.49267578125
1523,0.05,0.21,0.0,0.03,-2438.13623046875
1524,0.05,0.21,0.0,0.04,-2299.888916015625
1525,0.05,0.21,0.0,0.05,-2213.75048828125
1526,0.05,0.21,0.0,0.06,-2417.94873046875
1527,0.05,0.21,0.0,0.07,-2333.314453125
1528,0.05,0.21,0.0,0.08,-2207.6611328125
1529,0.05,0.21,0.0,0.09,-2287.98779296875
1530,0.05,0.21,0.0,0.1,-2348.277099609375
1531,0.05,0.21,0.0,0.11,-2219.20849609375
1532,0.05,0.21,0.0,0.12,-2370.060546875
1533,0.05,0.21,0.0,0.13,-2441.9384765625
1534,0.05,0.21,0.0,0.14,-2329.0107421875
1535,0.05,0.21,0.0,0.15,-2331.181884765625
1536,0.05,0.21,0.0,0.16,-2458.19140625
1537,0.05,0.21,0.0,0.17,-2405.5224609375
1538,0.05,0.21,0.0,0.18,-2132.708251953125
1539,0.05,0.21,0.0,0.19,-2237.64111328125
1540,0.05,0.21,0.0,0.2,-2295.5703125
1541,0.05,0.21,0.0,0.21,-2237.119873046875
1542,0.05,0.21,0.0,0.22,-2339.945068359375
1543,0.05,0.21,0.0,0.23,-2390.673095703125
1544,0.05,0.21,0.0,0.24,-2250.80322265625
1545,0.05,0.21,0.0,0.25,-2123.9755859375
1546,0.05,0.21,0.0,0.26,-2078.8447265625
1547,0.05,0.21,0.0,0.27,-2355.97802734375
1548,0.05,0.21,0.0,0.28,-2272.489990234375
1549,0.05,0.21,0.0,0.29,-2399.1455078125
1550,0.05,0.21,0.0,0.3,-2250.686767578125
1551,0.05,0.21,0.0,0.31,-2452.9599609375
1552,0.05,0.21,0.0,0.32,-2434.74169921875
1553,0.05,0.21,0.0,0.33,-2340.67919921875
1554,0.05,0.21,0.0,0.34,-2467.951904296875
1555,0.05,0.21,0.0,0.35,-2390.501708984375
1556,0.05,0.21,0.0,0.36,-2443.48095703125
1557,0.05,0.21,0.0,0.37,-2429.36376953125
1558,0.05,0.21,0.0,0.38,-2322.799072265625
1559,0.05,0.21,0.0,0.39,-2478.04052734375
1560,0.05,0.21,0.0,0.4,-2372.297607421875
1561,0.05,0.21,0.0,0.41,-2416.0947265625
1562,0.05,0.21,0.0,0.42,-2410.99560546875
1563,0.05,0.21,0.0,0.43,-2391.8251953125
1564,0.05,0.21,0.0,0.44,-2320.95068359375
1565,0.05,0.21,0.0,0.45,-2339.27880859375
1566,0.05,0.21,0.0,0.46,-2123.4970703125
1567,0.05,0.21,0.0,0.47,-2335.32470703125
1568,0.05,0.21,0.0,0.48,-2382.98193359375
1569,0.05,0.21,0.0,0.49,-2389.4052734375
1570,0.05,0.21,0.0,0.5,-2384.759765625
1571,0.05,0.21,0.0,0.51,-2363.4443359375
1572,0.05,0.21,0.0,0.52,-2462.640625
1573,0.05,0.21,0.0,0.53,-2363.202392578125
1574,0.05,0.21,0.0,0.54,-2331.95068359375
1575,0.05,0.21,0.0,0.55,-2436.84423828125
1576,0.05,0.21,0.0,0.56,-2311.524658203125
1577,0.05,0.21,0.0,0.57,-2471.059814453125
1578,0.05,0.21,0.0,0.58,-2222.322265625
1579,0.05,0.21,0.0,0.59,-2507.998046875
1580,0.05,0.21,0.0,0.6,-2298.938720703125
1581,0.05,0.21,0.0,0.61,-2467.606201171875
1582,0.05,0.21,0.0,0.62,-2491.044189453125
1583,0.05,0.21,0.0,0.63,-2343.223876953125
1584,0.05,0.21,0.0,0.64,-2463.716552734375
1585,0.05,0.21,0.0,0.65,-2349.19189453125
1586,0.05,0.21,0.0,0.66,-2525.35205078125
1587,0.05,0.21,0.0,0.67,-2490.9375
1588,0.05,0.21,0.0,0.68,-2419.03369140625
1589,0.05,0.21,0.0,0.69,-2604.326416015625
1590,0.05,0.21,0.0,0.7,-2383.6513671875
1591,0.05,0.21,0.0,0.71,-2478.0087890625
1592,0.05,0.21,0.0,0.72,-2514.81884765625
1593,0.05,0.21,0.0,0.73,-2358.3349609375
1594,0.05,0.21,0.0,0.74,-2272.79931640625
1595,0.05,0.21,0.0,0.75,-2528.7998046875
1596,0.05,0.22,0.0,0.0,-3632.9599609375
1597,0.05,0.22,0.0,0.01,-2286.77978515625
1598,0.05,0.22,0.0,0.02,-2168.7529296875
1599,0.05,0.22,0.0,0.03,-2119.375244140625
1600,0.05,0.22,0.0,0.04,-2085.90283203125
1601,0.05,0.22,0.0,0.05,-2053.42578125
1602,0.05,0.22,0.0,0.06,-2239.502685546875
1603,0.05,0.22,0.0,0.07,-2205.73095703125
1604,0.05,0.22,0.0,0.08,-2033.2376708984375
1605,0.05,0.22,0.0,0.09,-2192.34326171875
1606,0.05,0.22,0.0,0.1,-1985.4600830078125
1607,0.05,0.22,0.0,0.11,-2234.04443359375
1608,0.05,0.22,0.0,0.12,-2199.20458984375
1609,0.05,0.22,0.0,0.13,-2094.8017578125
1610,0.05,0.22,0.0,0.14,-1997.5694580078125
1611,0.05,0.22,0.0,0.15,-2171.927734375
1612,0.05,0.22,0.0,0.16,-2002.2900390625
1613,0.05,0.22,0.0,0.17,-2220.953125
1614,0.05,0.22,0.0,0.18,-2068.8193359375
1615,0.05,0.22,0.0,0.19,-2223.125244140625
1616,0.05,0.22,0.0,0.2,-2228.57861328125
1617,0.05,0.22,0.0,0.21,-2163.969970703125
1618,0.05,0.22,0.0,0.22,-2039.1949462890625
1619,0.05,0.22,0.0,0.23,-2274.71240234375
1620,0.05,0.22,0.0,0.24,-2268.03857421875
1621,0.05,0.22,0.0,0.25,-2201.46240234375
1622,0.05,0.22,0.0,0.26,-2186.6787109375
1623,0.05,0.22,0.0,0.27,-2178.80810546875
1624,0.05,0.22,0.0,0.28,-2209.40380859375
1625,0.05,0.22,0.0,0.29,-2242.167236328125
1626,0.05,0.22,0.0,0.3,-2236.56591796875
1627,0.05,0.22,0.0,0.31,-2267.989990234375
1628,0.05,0.22,0.0,0.32,-2086.7666015625
1629,0.05,0.22,0.0,0.33,-2150.85302734375
1630,0.05,0.22,0.0,0.34,-2104.517578125
1631,0.05,0.22,0.0,0.35,-2123.50341796875
1632,0.05,0.22,0.0,0.36,-2154.505126953125
1633,0.05,0.22,0.0,0.37,-2037.20703125
1634,0.05,0.22,0.0,0.38,-2273.014404296875
1635,0.05,0.22,0.0,0.39,-2000.8349609375
1636,0.05,0.22,0.0,0.4,-2263.599853515625
1637,0.05,0.22,0.0,0.41,-2243.89453125
1638,0.05,0.22,0.0,0.42,-2226.26220703125
1639,0.05,0.22,0.0,0.43,-1967.00390625
1640,0.05,0.22,0.0,0.44,-2295.3916015625
1641,0.05,0.22,0.0,0.45,-2177.439453125
1642,0.05,0.22,0.0,0.46,-2168.897705078125
1643,0.05,0.22,0.0,0.47,-2228.366455078125
1644,0.05,0.22,0.0,0.48,-2345.483642578125
1645,0.05,0.22,0.0,0.49,-2155.529296875
1646,0.05,0.22,0.0,0.5,-2169.3974609375
1647,0.05,0.22,0.0,0.51,-2028.8016357421875
1648,0.05,0.22,0.0,0.52,-2314.370849609375
1649,0.05,0.22,0.0,0.53,-2242.582763671875
1650,0.05,0.22,0.0,0.54,-2320.54248046875
1651,0.05,0.22,0.0,0.55,-2196.9384765625
1652,0.05,0.22,0.0,0.56,-2227.3798828125
1653,0.05,0.22,0.0,0.57,-2282.596923828125
1654,0.05,0.22,0.0,0.58,-2088.15625
1655,0.05,0.22,0.0,0.59,-2346.415283203125
1656,0.05,0.22,0.0,0.6,-2312.11376953125
1657,0.05,0.22,0.0,0.61,-2242.391357421875
1658,0.05,0.22,0.0,0.62,-2228.34716796875
1659,0.05,0.22,0.0,0.63,-2212.844482421875
1660,0.05,0.22,0.0,0.64,-2123.633056640625
1661,0.05,0.22,0.0,0.65,-2304.708984375
1662,0.05,0.22,0.0,0.66,-2261.048828125
1663,0.05,0.22,0.0,0.67,-2273.3486328125
1664,0.05,0.22,0.0,0.68,-2297.69677734375
1665,0.05,0.22,0.0,0.69,-2265.6455078125
1666,0.05,0.22,0.0,0.7,-2293.29248046875
1667,0.05,0.22,0.0,0.71,-2191.551025390625
1668,0.05,0.22,0.0,0.72,-2369.943115234375
1669,0.05,0.22,0.0,0.73,-2314.6015625
1670,0.05,0.22,0.0,0.74,-2211.706787109375
1671,0.05,0.22,0.0,0.75,-2217.73486328125
1672,0.05,0.23,0.0,0.0,-3319.3642578125
1673,0.05,0.23,0.0,0.01,-2086.623046875
1674,0.05,0.23,0.0,0.02,-2094.0087890625
1675,0.05,0.23,0.0,0.03,-2027.609619140625
1676,0.05,0.23,0.0,0.04,-1920.4664306640625
1677,0.05,0.23,0.0,0.05,-1864.8487548828125
1678,0.05,0.23,0.0,0.06,-2062.51611328125
1679,0.05,0.23,0.0,0.07,-2046.1068115234375
1680,0.05,0.23,0.0,0.08,-2011.79150390625
1681,0.05,0.23,0.0,0.09,-2049.693359375
1682,0.05,0.23,0.0,0.1,-1882.5838623046875
1683,0.05,0.23,0.0,0.11,-2032.7882080078125
1684,0.05,0.23,0.0,0.12,-1984.7574462890625
1685,0.05,0.23,0.0,0.13,-1921.7269287109375
1686,0.05,0.23,0.0,0.14,-1862.147216796875
1687,0.05,0.23,0.0,0.15,-2013.887451171875
1688,0.05,0.23,0.0,0.16,-2013.5751953125
1689,0.05,0.23,0.0,0.17,-2052.162109375
1690,0.05,0.23,0.0,0.18,-2081.390869140625
1691,0.05,0.23,0.0,0.19,-1830.9990234375
1692,0.05,0.23,0.0,0.2,-2051.9111328125
1693,0.05,0.23,0.0,0.21,-2099.7587890625
1694,0.05,0.23,0.0,0.22,-1991.088134765625
1695,0.05,0.23,0.0,0.23,-2054.073974609375
1696,0.05,0.23,0.0,0.24,-1925.180419921875
1697,0.05,0.23,0.0,0.25,-2094.55810546875
1698,0.05,0.23,0.0,0.26,-1814.485107421875
1699,0.05,0.23,0.0,0.27,-1997.41259765625
1700,0.05,0.23,0.0,0.28,-1998.250244140625
1701,0.05,0.23,0.0,0.29,-1931.509033203125
1702,0.05,0.23,0.0,0.3,-1951.1324462890625
1703,0.05,0.23,0.0,0.31,-2015.12744140625
1704,0.05,0.23,0.0,0.32,-2070.624755859375
1705,0.05,0.23,0.0,0.33,-2002.892333984375
1706,0.05,0.23,0.0,0.34,-1915.440673828125
1707,0.05,0.23,0.0,0.35,-1970.40380859375
1708,0.05,0.23,0.0,0.36,-1958.492919921875
1709,0.05,0.23,0.0,0.37,-2040.984375
1710,0.05,0.23,0.0,0.38,-2074.423828125
1711,0.05,0.23,0.0,0.39,-1960.3511962890625
1712,0.05,0.23,0.0,0.4,-2024.62158203125
1713,0.05,0.23,0.0,0.41,-2027.2098388671875
1714,0.05,0.23,0.0,0.42,-2164.74365234375
1715,0.05,0.23,0.0,0.43,-1926.5194091796875
1716,0.05,0.23,0.0,0.44,-2075.5068359375
1717,0.05,0.23,0.0,0.45,-2125.282958984375
1718,0.05,0.23,0.0,0.46,-2066.23291015625
1719,0.05,0.23,0.0,0.47,-1889.379638671875
1720,0.05,0.23,0.0,0.48,-2011.594482421875
1721,0.05,0.23,0.0,0.49,-2123.533203125
1722,0.05,0.23,0.0,0.5,-2110.0810546875
1723,0.05,0.23,0.0,0.51,-1789.74755859375
1724,0.05,0.23,0.0,0.52,-2141.038818359375
1725,0.05,0.23,0.0,0.53,-2147.9306640625
1726,0.05,0.23,0.0,0.54,-2125.326171875
1727,0.05,0.23,0.0,0.55,-2037.5872802734375
1728,0.05,0.23,0.0,0.56,-2071.37548828125
1729,0.05,0.23,0.0,0.57,-2060.75830078125
1730,0.05,0.23,0.0,0.58,-2092.390380859375
1731,0.05,0.23,0.0,0.59,-2143.0029296875
1732,0.05,0.23,0.0,0.6,-2087.17578125
1733,0.05,0.23,0.0,0.61,-2127.94384765625
1734,0.05,0.23,0.0,0.62,-2036.0478515625
1735,0.05,0.23,0.0,0.63,-2093.066650390625
1736,0.05,0.23,0.0,0.64,-2156.3115234375
1737,0.05,0.23,0.0,0.65,-2157.771728515625
1738,0.05,0.23,0.0,0.66,-2048.17041015625
1739,0.05,0.23,0.0,0.67,-2019.424072265625
1740,0.05,0.23,0.0,0.68,-2147.170166015625
1741,0.05,0.23,0.0,0.69,-2112.69384765625
1742,0.05,0.23,0.0,0.7,-2014.325927734375
1743,0.05,0.23,0.0,0.71,-2075.701416015625
1744,0.05,0.23,0.0,0.72,-2232.1591796875
1745,0.05,0.23,0.0,0.73,-2084.9208984375
1746,0.05,0.23,0.0,0.74,-2123.485595703125
1747,0.05,0.23,0.0,0.75,-2085.364013671875
1748,0.05,0.24,0.0,0.0,-3236.5029296875
1749,0.05,0.24,0.0,0.01,-1879.2001953125
1750,0.05,0.24,0.0,0.02,-1925.862548828125
1751,0.05,0.24,0.0,0.03,-1883.00927734375
1752,0.05,0.24,0.0,0.04,-1863.0435791015625
1753,0.05,0.24,0.0,0.05,-1907.47216796875
1754,0.05,0.24,0.0,0.06,-1874.1348876953125
1755,0.05,0.24,0.0,0.07,-1814.696044921875
1756,0.05,0.24,0.0,0.08,-1790.373779296875
1757,0.05,0.24,0.0,0.09,-1800.765625
1758,0.05,0.24,0.0,0.1,-1825.34765625
1759,0.05,0.24,0.0,0.11,-1684.357421875
1760,0.05,0.24,0.0,0.12,-1793.37451171875
1761,0.05,0.24,0.0,0.13,-1861.9453125
1762,0.05,0.24,0.0,0.14,-1711.87841796875
1763,0.05,0.24,0.0,0.15,-1585.934326171875
1764,0.05,0.24,0.0,0.16,-1918.50048828125
1765,0.05,0.24,0.0,0.17,-1790.462646484375
1766,0.05,0.24,0.0,0.18,-1796.1905517578125
1767,0.05,0.24,0.0,0.19,-1819.47607421875
1768,0.05,0.24,0.0,0.2,-1797.4737548828125
1769,0.05,0.24,0.0,0.21,-1829.260009765625
1770,0.05,0.24,0.0,0.22,-1876.821533203125
1771,0.05,0.24,0.0,0.23,-1928.07763671875
1772,0.05,0.24,0.0,0.24,-1810.5439453125
1773,0.05,0.24,0.0,0.25,-1813.29931640625
1774,0.05,0.24,0.0,0.26,-1862.99609375
1775,0.05,0.24,0.0,0.27,-1972.2955322265625
1776,0.05,0.24,0.0,0.28,-1874.480712890625
1777,0.05,0.24,0.0,0.29,-1825.2525634765625
1778,0.05,0.24,0.0,0.3,-1868.64501953125
1779,0.05,0.24,0.0,0.31,-1921.7691650390625
1780,0.05,0.24,0.0,0.32,-1823.593017578125
1781,0.05,0.24,0.0,0.33,-1942.5927734375
1782,0.05,0.24,0.0,0.34,-1739.6419677734375
1783,0.05,0.24,0.0,0.35,-1857.9691162109375
1784,0.05,0.24,0.0,0.36,-1833.6309814453125
1785,0.05,0.24,0.0,0.37,-1791.39306640625
1786,0.05,0.24,0.0,0.38,-1928.70556640625
1787,0.05,0.24,0.0,0.39,-1963.14111328125
1788,0.05,0.24,0.0,0.4,-1806.36962890625
1789,0.05,0.24,0.0,0.41,-1782.90771484375
1790,0.05,0.24,0.0,0.42,-1877.45166015625
1791,0.05,0.24,0.0,0.43,-1973.67236328125
1792,0.05,0.24,0.0,0.44,-1973.7559814453125
1793,0.05,0.24,0.0,0.45,-1782.0047607421875
1794,0.05,0.24,0.0,0.46,-1860.8544921875
1795,0.05,0.24,0.0,0.47,-1845.58740234375
1796,0.05,0.24,0.0,0.48,-1834.747314453125
1797,0.05,0.24,0.0,0.49,-1948.95361328125
1798,0.05,0.24,0.0,0.5,-1775.72021484375
1799,0.05,0.24,0.0,0.51,-1897.2557373046875
1800,0.05,0.24,0.0,0.52,-1814.231201171875
1801,0.05,0.24,0.0,0.53,-1963.335205078125
1802,0.05,0.24,0.0,0.54,-1851.176025390625
1803,0.05,0.24,0.0,0.55,-1907.7003173828125
1804,0.05,0.24,0.0,0.56,-1831.99267578125
1805,0.05,0.24,0.0,0.57,-1834.525146484375
1806,0.05,0.24,0.0,0.58,-1871.5662841796875
1807,0.05,0.24,0.0,0.59,-1817.591064453125
1808,0.05,0.24,0.0,0.6,-1760.461669921875
1809,0.05,0.24,0.0,0.61,-1946.449462890625
1810,0.05,0.24,0.0,0.62,-1918.78466796875
1811,0.05,0.24,0.0,0.63,-1971.934326171875
1812,0.05,0.24,0.0,0.64,-1937.7161865234375
1813,0.05,0.24,0.0,0.65,-1896.134521484375
1814,0.05,0.24,0.0,0.66,-1965.829345703125
1815,0.05,0.24,0.0,0.67,-1836.644287109375
1816,0.05,0.24,0.0,0.68,-2004.7818603515625
1817,0.05,0.24,0.0,0.69,-1951.115966796875
1818,0.05,0.24,0.0,0.7,-1782.5504150390625
1819,0.05,0.24,0.0,0.71,-1947.797607421875
1820,0.05,0.24,0.0,0.72,-2020.27880859375
1821,0.05,0.24,0.0,0.73,-2044.77587890625
1822,0.05,0.24,0.0,0.74,-1875.512939453125
1823,0.05,0.24,0.0,0.75,-1945.1136474609375
1824,0.05,0.25,0.0,0.0,-3075.36474609375
1825,0.05,0.25,0.0,0.01,-1815.333740234375
1826,0.05,0.25,0.0,0.02,-1816.340087890625
1827,0.05,0.25,0.0,0.03,-1788.602783203125
1828,0.05,0.25,0.0,0.04,-1750.76513671875
1829,0.05,0.25,0.0,0.05,-1770.2808837890625
1830,0.05,0.25,0.0,0.06,-1670.3843994140625
1831,0.05,0.25,0.0,0.07,-1643.74658203125
1832,0.05,0.25,0.0,0.08,-1735.398193359375
1833,0.05,0.25,0.0,0.09,-1636.06494140625
1834,0.05,0.25,0.0,0.1,-1702.06396484375
1835,0.05,0.25,0.0,0.11,-1671.274658203125
1836,0.05,0.25,0.0,0.12,-1698.96337890625
1837,0.05,0.25,0.0,0.13,-1620.57373046875
1838,0.05,0.25,0.0,0.14,-1728.671142578125
1839,0.05,0.25,0.0,0.15,-1593.63818359375
1840,0.05,0.25,0.0,0.16,-1720.0360107421875
1841,0.05,0.25,0.0,0.17,-1728.18310546875
1842,0.05,0.25,0.0,0.18,-1819.12451171875
1843,0.05,0.25,0.0,0.19,-1709.0150146484375
1844,0.05,0.25,0.0,0.2,-1668.44775390625
1845,0.05,0.25,0.0,0.21,-1669.2154541015625
1846,0.05,0.25,0.0,0.22,-1629.464111328125
1847,0.05,0.25,0.0,0.23,-1695.5413818359375
1848,0.05,0.25,0.0,0.24,-1673.643798828125
1849,0.05,0.25,0.0,0.25,-1648.978759765625
1850,0.05,0.25,0.0,0.26,-1637.667236328125
1851,0.05,0.25,0.0,0.27,-1749.794921875
1852,0.05,0.25,0.0,0.28,-1716.40625
1853,0.05,0.25,0.0,0.29,-1714.8424072265625
1854,0.05,0.25,0.0,0.3,-1731.5936279296875
1855,0.05,0.25,0.0,0.31,-1831.308837890625
1856,0.05,0.25,0.0,0.32,-1639.05908203125
1857,0.05,0.25,0.0,0.33,-1686.8006591796875
1858,0.05,0.25,0.0,0.34,-1588.9541015625
1859,0.05,0.25,0.0,0.35,-1589.4752197265625
1860,0.05,0.25,0.0,0.36,-1666.927001953125
1861,0.05,0.25,0.0,0.37,-1742.4415283203125
1862,0.05,0.25,0.0,0.38,-1723.414794921875
1863,0.05,0.25,0.0,0.39,-1762.3094482421875
1864,0.05,0.25,0.0,0.4,-1793.496826171875
1865,0.05,0.25,0.0,0.41,-1769.0435791015625
1866,0.05,0.25,0.0,0.42,-1777.868896484375
1867,0.05,0.25,0.0,0.43,-1813.9661865234375
1868,0.05,0.25,0.0,0.44,-1806.513916015625
1869,0.05,0.25,0.0,0.45,-1712.109130859375
1870,0.05,0.25,0.0,0.46,-1749.0111083984375
1871,0.05,0.25,0.0,0.47,-1777.551025390625
1872,0.05,0.25,0.0,0.48,-1755.26611328125
1873,0.05,0.25,0.0,0.49,-1727.2255859375
1874,0.05,0.25,0.0,0.5,-1701.73681640625
1875,0.05,0.25,0.0,0.51,-1816.9349365234375
1876,0.05,0.25,0.0,0.52,-1825.454345703125
1877,0.05,0.25,0.0,0.53,-1779.2283935546875
1878,0.05,0.25,0.0,0.54,-1843.389404296875
1879,0.05,0.25,0.0,0.55,-1762.241943359375
1880,0.05,0.25,0.0,0.56,-1872.84130859375
1881,0.05,0.25,0.0,0.57,-1807.62548828125
1882,0.05,0.25,0.0,0.58,-1825.6259765625
1883,0.05,0.25,0.0,0.59,-1829.7574462890625
1884,0.05,0.25,0.0,0.6,-1863.3504638671875
1885,0.05,0.25,0.0,0.61,-1825.061767578125
1886,0.05,0.25,0.0,0.62,-1766.673095703125
1887,0.05,0.25,0.0,0.63,-1686.7587890625
1888,0.05,0.25,0.0,0.64,-1541.967041015625
1889,0.05,0.25,0.0,0.65,-1795.372802734375
1890,0.05,0.25,0.0,0.66,-1879.52001953125
1891,0.05,0.25,0.0,0.67,-1813.007080078125
1892,0.05,0.25,0.0,0.68,-1758.6484375
1893,0.05,0.25,0.0,0.69,-1728.6510009765625
1894,0.05,0.25,0.0,0.7,-1802.6046142578125
1895,0.05,0.25,0.0,0.71,-1906.46875
1896,0.05,0.25,0.0,0.72,-1869.944580078125
1897,0.05,0.25,0.0,0.73,-1785.5352783203125
1898,0.05,0.25,0.0,0.74,-1795.916015625
1899,0.05,0.25,0.0,0.75,-1835.8988037109375
1900,0.05,0.26,0.0,0.0,-2961.28662109375
1901,0.05,0.26,0.0,0.01,-1759.48095703125
1902,0.05,0.26,0.0,0.02,-1634.8233642578125
1903,0.05,0.26,0.0,0.03,-1505.9765625
1904,0.05,0.26,0.0,0.04,-1640.867431640625
1905,0.05,0.26,0.0,0.05,-1543.85546875
1906,0.05,0.26,0.0,0.06,-1587.786376953125
1907,0.05,0.26,0.0,0.07,-1662.627197265625
1908,0.05,0.26,0.0,0.08,-1498.98876953125
1909,0.05,0.26,0.0,0.09,-1561.927978515625
1910,0.05,0.26,0.0,0.1,-1545.657470703125
1911,0.05,0.26,0.0,0.11,-1620.370361328125
1912,0.05,0.26,0.0,0.12,-1618.0673828125
1913,0.05,0.26,0.0,0.13,-1508.6142578125
1914,0.05,0.26,0.0,0.14,-1435.43359375
1915,0.05,0.26,0.0,0.15,-1542.95654296875
1916,0.05,0.26,0.0,0.16,-1576.497314453125
1917,0.05,0.26,0.0,0.17,-1584.462890625
1918,0.05,0.26,0.0,0.18,-1485.44970703125
1919,0.05,0.26,0.0,0.19,-1602.523193359375
1920,0.05,0.26,0.0,0.2,-1560.2769775390625
1921,0.05,0.26,0.0,0.21,-1591.109130859375
1922,0.05,0.26,0.0,0.22,-1624.306640625
1923,0.05,0.26,0.0,0.23,-1568.17333984375
1924,0.05,0.26,0.0,0.24,-1592.1328125
1925,0.05,0.26,0.0,0.25,-1552.945556640625
1926,0.05,0.26,0.0,0.26,-1536.57470703125
1927,0.05,0.26,0.0,0.27,-1613.6619873046875
1928,0.05,0.26,0.0,0.28,-1532.8096923828125
1929,0.05,0.26,0.0,0.29,-1331.410888671875
1930,0.05,0.26,0.0,0.3,-1617.796630859375
1931,0.05,0.26,0.0,0.31,-1564.3287353515625
1932,0.05,0.26,0.0,0.32,-1508.7398681640625
1933,0.05,0.26,0.0,0.33,-1412.07421875
1934,0.05,0.26,0.0,0.34,-1540.0986328125
1935,0.05,0.26,0.0,0.35,-1399.7677001953125
1936,0.05,0.26,0.0,0.36,-1568.0953369140625
1937,0.05,0.26,0.0,0.37,-1615.4359130859375
1938,0.05,0.26,0.0,0.38,-1606.4755859375
1939,0.05,0.26,0.0,0.39,-1558.5555419921875
1940,0.05,0.26,0.0,0.4,-1591.76513671875
1941,0.05,0.26,0.0,0.41,-1585.791259765625
1942,0.05,0.26,0.0,0.42,-1558.3309326171875
1943,0.05,0.26,0.0,0.43,-1399.093994140625
1944,0.05,0.26,0.0,0.44,-1691.68115234375
1945,0.05,0.26,0.0,0.45,-1670.239013671875
1946,0.05,0.26,0.0,0.46,-1545.6387939453125
1947,0.05,0.26,0.0,0.47,-1584.9642333984375
1948,0.05,0.26,0.0,0.48,-1686.37109375
1949,0.05,0.26,0.0,0.49,-1618.7623291015625
1950,0.05,0.26,0.0,0.5,-1618.462158203125
1951,0.05,0.26,0.0,0.51,-1581.2958984375
1952,0.05,0.26,0.0,0.52,-1486.270263671875
1953,0.05,0.26,0.0,0.53,-1613.5224609375
1954,0.05,0.26,0.0,0.54,-1599.9937744140625
1955,0.05,0.26,0.0,0.55,-1623.58544921875
1956,0.05,0.26,0.0,0.56,-1532.2017822265625
1957,0.05,0.26,0.0,0.57,-1642.57763671875
1958,0.05,0.26,0.0,0.58,-1635.7587890625
1959,0.05,0.26,0.0,0.59,-1630.3095703125
1960,0.05,0.26,0.0,0.6,-1674.879150390625
1961,0.05,0.26,0.0,0.61,-1591.67236328125
1962,0.05,0.26,0.0,0.62,-1487.2374267578125
1963,0.05,0.26,0.0,0.63,-1714.4228515625
1964,0.05,0.26,0.0,0.64,-1652.7862548828125
1965,0.05,0.26,0.0,0.65,-1685.466064453125
1966,0.05,0.26,0.0,0.66,-1709.3291015625
1967,0.05,0.26,0.0,0.67,-1635.80615234375
1968,0.05,0.26,0.0,0.68,-1666.2197265625
1969,0.05,0.26,0.0,0.69,-1641.650634765625
1970,0.05,0.26,0.0,0.7,-1741.329833984375
1971,0.05,0.26,0.0,0.71,-1672.3927001953125
1972,0.05,0.26,0.0,0.72,-1638.48193359375
1973,0.05,0.26,0.0,0.73,-1514.21435546875
1974,0.05,0.26,0.0,0.74,-1680.13916015625
1975,0.05,0.26,0.0,0.75,-1493.259765625
1976,0.05,0.27,0.0,0.0,-2864.57470703125
1977,0.05,0.27,0.0,0.01,-1384.4818115234375
1978,0.05,0.27,0.0,0.02,-1504.1949462890625
1979,0.05,0.27,0.0,0.03,-1447.3741455078125
1980,0.05,0.27,0.0,0.04,-1535.58203125
1981,0.05,0.27,0.0,0.05,-1354.6968994140625
1982,0.05,0.27,0.0,0.06,-1462.3018798828125
1983,0.05,0.27,0.0,0.07,-1482.78662109375
1984,0.05,0.27,0.0,0.08,-1348.0263671875
1985,0.05,0.27,0.0,0.09,-1491.11279296875
1986,0.05,0.27,0.0,0.1,-1459.42724609375
1987,0.05,0.27,0.0,0.11,-1382.6822509765625
1988,0.05,0.27,0.0,0.12,-1303.33447265625
1989,0.05,0.27,0.0,0.13,-1356.495849609375
1990,0.05,0.27,0.0,0.14,-1535.8543701171875
1991,0.05,0.27,0.0,0.15,-1499.20166015625
1992,0.05,0.27,0.0,0.16,-1511.6787109375
1993,0.05,0.27,0.0,0.17,-1455.566162109375
1994,0.05,0.27,0.0,0.18,-1503.168701171875
1995,0.05,0.27,0.0,0.19,-1471.81005859375
1996,0.05,0.27,0.0,0.2,-1349.15478515625
1997,0.05,0.27,0.0,0.21,-1408.1697998046875
1998,0.05,0.27,0.0,0.22,-1356.4210205078125
1999,0.05,0.27,0.0,0.23,-1500.552490234375
2000,0.05,0.27,0.0,0.24,-1403.93798828125
2001,0.05,0.27,0.0,0.25,-1368.2308349609375
2002,0.05,0.27,0.0,0.26,-1444.088134765625
2003,0.05,0.27,0.0,0.27,-1452.79833984375
2004,0.05,0.27,0.0,0.28,-1416.6240234375
2005,0.05,0.27,0.0,0.29,-1467.71435546875
2006,0.05,0.27,0.0,0.3,-1548.801513671875
2007,0.05,0.27,0.0,0.31,-1530.6229248046875
2008,0.05,0.27,0.0,0.32,-1539.597412109375
2009,0.05,0.27,0.0,0.33,-1398.9669189453125
2010,0.05,0.27,0.0,0.34,-1436.506591796875
2011,0.05,0.27,0.0,0.35,-1461.63818359375
2012,0.05,0.27,0.0,0.36,-1306.025390625
2013,0.05,0.27,0.0,0.37,-1446.9381103515625
2014,0.05,0.27,0.0,0.38,-1521.263427734375
2015,0.05,0.27,0.0,0.39,-1442.6253662109375
2016,0.05,0.27,0.0,0.4,-1383.042724609375
2017,0.05,0.27,0.0,0.41,-1409.7100830078125
2018,0.05,0.27,0.0,0.42,-1438.1563720703125
2019,0.05,0.27,0.0,0.43,-1522.6746826171875
2020,0.05,0.27,0.0,0.44,-1596.114501953125
2021,0.05,0.27,0.0,0.45,-1532.9827880859375
2022,0.05,0.27,0.0,0.46,-1492.6094970703125
2023,0.05,0.27,0.0,0.47,-1394.55419921875
2024,0.05,0.27,0.0,0.48,-1517.669921875
2025,0.05,0.27,0.0,0.49,-1403.279541015625
2026,0.05,0.27,0.0,0.5,-1410.473388671875
2027,0.05,0.27,0.0,0.51,-1548.53857421875
2028,0.05,0.27,0.0,0.52,-1474.907958984375
2029,0.05,0.27,0.0,0.53,-1530.2711181640625
2030,0.05,0.27,0.0,0.54,-1531.1953125
2031,0.05,0.27,0.0,0.55,-1530.458984375
2032,0.05,0.27,0.0,0.56,-1452.8836669921875
2033,0.05,0.27,0.0,0.57,-1536.808349609375
2034,0.05,0.27,0.0,0.58,-1601.2696533203125
2035,0.05,0.27,0.0,0.59,-1548.4134521484375
2036,0.05,0.27,0.0,0.6,-1543.5242919921875
2037,0.05,0.27,0.0,0.61,-1533.394775390625
2038,0.05,0.27,0.0,0.62,-1552.474365234375
2039,0.05,0.27,0.0,0.63,-1597.4658203125
2040,0.05,0.27,0.0,0.64,-1488.82958984375
2041,0.05,0.27,0.0,0.65,-1559.0948486328125
2042,0.05,0.27,0.0,0.66,-1513.9647216796875
2043,0.05,0.27,0.0,0.67,-1497.917236328125
2044,0.05,0.27,0.0,0.68,-1484.2633056640625
2045,0.05,0.27,0.0,0.69,-1628.5028076171875
2046,0.05,0.27,0.0,0.7,-1544.07470703125
2047,0.05,0.27,0.0,0.71,-1620.6142578125
2048,0.05,0.27,0.0,0.72,-1526.6190185546875
2049,0.05,0.27,0.0,0.73,-1474.1717529296875
2050,0.05,0.27,0.0,0.74,-1566.361328125
2051,0.05,0.27,0.0,0.75,-1504.084716796875
2052,0.05,0.28,0.0,0.0,-2685.8271484375
2053,0.05,0.28,0.0,0.01,-1446.3201904296875
2054,0.05,0.28,0.0,0.02,-1432.67431640625
2055,0.05,0.28,0.0,0.03,-1340.489013671875
2056,0.05,0.28,0.0,0.04,-1432.519287109375
2057,0.05,0.28,0.0,0.05,-1370.760009765625
2058,0.05,0.28,0.0,0.06,-1359.7431640625
2059,0.05,0.28,0.0,0.07,-1339.442138671875
2060,0.05,0.28,0.0,0.08,-1308.2325439453125
2061,0.05,0.28,0.0,0.09,-1355.78125
2062,0.05,0.28,0.0,0.1,-1327.90234375
2063,0.05,0.28,0.0,0.11,-1285.0570068359375
2064,0.05,0.28,0.0,0.12,-1278.1396484375
2065,0.05,0.28,0.0,0.13,-1335.57080078125
2066,0.05,0.28,0.0,0.14,-1311.24365234375
2067,0.05,0.28,0.0,0.15,-1297.863525390625
2068,0.05,0.28,0.0,0.16,-1174.0582275390625
2069,0.05,0.28,0.0,0.17,-1325.944580078125
2070,0.05,0.28,0.0,0.18,-1365.853759765625
2071,0.05,0.28,0.0,0.19,-1322.1434326171875
2072,0.05,0.28,0.0,0.2,-1220.80029296875
2073,0.05,0.28,0.0,0.21,-1383.650146484375
2074,0.05,0.28,0.0,0.22,-1379.912353515625
2075,0.05,0.28,0.0,0.23,-1273.4229736328125
2076,0.05,0.28,0.0,0.24,-1339.11767578125
2077,0.05,0.28,0.0,0.25,-1325.45361328125
2078,0.05,0.28,0.0,0.26,-1266.7352294921875
2079,0.05,0.28,0.0,0.27,-1351.52197265625
2080,0.05,0.28,0.0,0.28,-1318.20263671875
2081,0.05,0.28,0.0,0.29,-1395.171875
2082,0.05,0.28,0.0,0.3,-1309.754150390625
2083,0.05,0.28,0.0,0.31,-1404.919189453125
2084,0.05,0.28,0.0,0.32,-1317.795654296875
2085,0.05,0.28,0.0,0.33,-1324.823974609375
2086,0.05,0.28,0.0,0.34,-1327.4927978515625
2087,0.05,0.28,0.0,0.35,-1379.4630126953125
2088,0.05,0.28,0.0,0.36,-1365.0975341796875
2089,0.05,0.28,0.0,0.37,-1411.59912109375
2090,0.05,0.28,0.0,0.38,-1326.2510986328125
2091,0.05,0.28,0.0,0.39,-1326.91357421875
2092,0.05,0.28,0.0,0.4,-1364.4761962890625
2093,0.05,0.28,0.0,0.41,-1387.477294921875
2094,0.05,0.28,0.0,0.42,-1307.57861328125
2095,0.05,0.28,0.0,0.43,-1276.6575927734375
2096,0.05,0.28,0.0,0.44,-1422.0418701171875
2097,0.05,0.28,0.0,0.45,-1406.5791015625
2098,0.05,0.28,0.0,0.46,-1356.5684814453125
2099,0.05,0.28,0.0,0.47,-1359.3511962890625
2100,0.05,0.28,0.0,0.48,-1369.2908935546875
2101,0.05,0.28,0.0,0.49,-1351.713134765625
2102,0.05,0.28,0.0,0.5,-1314.61083984375
2103,0.05,0.28,0.0,0.51,-1300.01611328125
2104,0.05,0.28,0.0,0.52,-1389.2454833984375
2105,0.05,0.28,0.0,0.53,-1357.792724609375
2106,0.05,0.28,0.0,0.54,-1375.47412109375
2107,0.05,0.28,0.0,0.55,-1452.39111328125
2108,0.05,0.28,0.0,0.56,-1387.8760986328125
2109,0.05,0.28,0.0,0.57,-1382.443603515625
2110,0.05,0.28,0.0,0.58,-1397.79345703125
2111,0.05,0.28,0.0,0.59,-1360.94873046875
2112,0.05,0.28,0.0,0.6,-1461.465087890625
2113,0.05,0.28,0.0,0.61,-1398.1815185546875
2114,0.05,0.28,0.0,0.62,-1476.2052001953125
2115,0.05,0.28,0.0,0.63,-1465.915771484375
2116,0.05,0.28,0.0,0.64,-1344.8355712890625
2117,0.05,0.28,0.0,0.65,-1508.615478515625
2118,0.05,0.28,0.0,0.66,-1348.53857421875
2119,0.05,0.28,0.0,0.67,-1440.633056640625
2120,0.05,0.28,0.0,0.68,-1395.595458984375
2121,0.05,0.28,0.0,0.69,-1500.5318603515625
2122,0.05,0.28,0.0,0.7,-1404.06884765625
2123,0.05,0.28,0.0,0.71,-1383.8489990234375
2124,0.05,0.28,0.0,0.72,-1472.725341796875
2125,0.05,0.28,0.0,0.73,-1320.60595703125
2126,0.05,0.28,0.0,0.74,-1550.8853759765625
2127,0.05,0.28,0.0,0.75,-1486.343017578125
2128,0.05,0.29,0.0,0.0,-2589.1826171875
2129,0.05,0.29,0.0,0.01,-1326.576416015625
2130,0.05,0.29,0.0,0.02,-1299.59326171875
2131,0.05,0.29,0.0,0.03,-1278.629638671875
2132,0.05,0.29,0.0,0.04,-1277.6983642578125
2133,0.05,0.29,0.0,0.05,-1170.1356201171875
2134,0.05,0.29,0.0,0.06,-1186.136962890625
2135,0.05,0.29,0.0,0.07,-1256.31103515625
2136,0.05,0.29,0.0,0.08,-1209.2249755859375
2137,0.05,0.29,0.0,0.09,-1232.71435546875
2138,0.05,0.29,0.0,0.1,-1011.9690551757812
2139,0.05,0.29,0.0,0.11,-1267.549560546875
2140,0.05,0.29,0.0,0.12,-1149.2132568359375
2141,0.05,0.29,0.0,0.13,-1189.216796875
2142,0.05,0.29,0.0,0.14,-1219.3564453125
2143,0.05,0.29,0.0,0.15,-1219.622802734375
2144,0.05,0.29,0.0,0.16,-1097.3768310546875
2145,0.05,0.29,0.0,0.17,-1281.825927734375
2146,0.05,0.29,0.0,0.18,-1233.592041015625
2147,0.05,0.29,0.0,0.19,-1254.603515625
2148,0.05,0.29,0.0,0.2,-1224.098388671875
2149,0.05,0.29,0.0,0.21,-1227.9361572265625
2150,0.05,0.29,0.0,0.22,-1247.568603515625
2151,0.05,0.29,0.0,0.23,-1255.3656005859375
2152,0.05,0.29,0.0,0.24,-1253.7191162109375
2153,0.05,0.29,0.0,0.25,-1264.669921875
2154,0.05,0.29,0.0,0.26,-1191.0755615234375
2155,0.05,0.29,0.0,0.27,-1289.8935546875
2156,0.05,0.29,0.0,0.28,-1243.305908203125
2157,0.05,0.29,0.0,0.29,-1105.322265625
2158,0.05,0.29,0.0,0.3,-1217.103759765625
2159,0.05,0.29,0.0,0.31,-1252.56982421875
2160,0.05,0.29,0.0,0.32,-1304.8377685546875
2161,0.05,0.29,0.0,0.33,-1194.72705078125
2162,0.05,0.29,0.0,0.34,-1308.4039306640625
2163,0.05,0.29,0.0,0.35,-1194.4776611328125
2164,0.05,0.29,0.0,0.36,-1235.1104736328125
2165,0.05,0.29,0.0,0.37,-1223.148193359375
2166,0.05,0.29,0.0,0.38,-1315.822265625
2167,0.05,0.29,0.0,0.39,-1131.166748046875
2168,0.05,0.29,0.0,0.4,-1300.248291015625
2169,0.05,0.29,0.0,0.41,-1251.849609375
2170,0.05,0.29,0.0,0.42,-1231.0146484375
2171,0.05,0.29,0.0,0.43,-1232.502685546875
2172,0.05,0.29,0.0,0.44,-1243.4703369140625
2173,0.05,0.29,0.0,0.45,-1209.77099609375
2174,0.05,0.29,0.0,0.46,-1289.2220458984375
2175,0.05,0.29,0.0,0.47,-1355.24951171875
2176,0.05,0.29,0.0,0.48,-1235.6300048828125
2177,0.05,0.29,0.0,0.49,-1275.603759765625
2178,0.05,0.29,0.0,0.5,-1298.15234375
2179,0.05,0.29,0.0,0.51,-1343.4757080078125
2180,0.05,0.29,0.0,0.52,-1306.957763671875
2181,0.05,0.29,0.0,0.53,-1226.40966796875
2182,0.05,0.29,0.0,0.54,-1308.06591796875
2183,0.05,0.29,0.0,0.55,-1301.8653564453125
2184,0.05,0.29,0.0,0.56,-1232.58740234375
2185,0.05,0.29,0.0,0.57,-1207.636962890625
2186,0.05,0.29,0.0,0.58,-1281.4912109375
2187,0.05,0.29,0.0,0.59,-1280.843994140625
2188,0.05,0.29,0.0,0.6,-1251.2652587890625
2189,0.05,0.29,0.0,0.61,-1371.341064453125
2190,0.05,0.29,0.0,0.62,-1313.7803955078125
2191,0.05,0.29,0.0,0.63,-1314.0882568359375
2192,0.05,0.29,0.0,0.64,-1281.941650390625
2193,0.05,0.29,0.0,0.65,-1357.342041015625
2194,0.05,0.29,0.0,0.66,-1316.7845458984375
2195,0.05,0.29,0.0,0.67,-1367.0159912109375
2196,0.05,0.29,0.0,0.68,-1287.0693359375
2197,0.05,0.29,0.0,0.69,-1296.3662109375
2198,0.05,0.29,0.0,0.7,-1358.4271240234375
2199,0.05,0.29,0.0,0.71,-1389.093994140625
2200,0.05,0.29,0.0,0.72,-1372.5919189453125
2201,0.05,0.29,0.0,0.73,-1360.6842041015625
2202,0.05,0.29,0.0,0.74,-1304.6490478515625
2203,0.05,0.29,0.0,0.75,-1330.02294921875
2204,0.05,0.3,0.0,0.0,-2458.826416015625
2205,0.05,0.3,0.0,0.01,-1239.193359375
2206,0.05,0.3,0.0,0.02,-1168.6134033203125
2207,0.05,0.3,0.0,0.03,-1158.838134765625
2208,0.05,0.3,0.0,0.04,-1125.027587890625
2209,0.05,0.3,0.0,0.05,-1207.6658935546875
2210,0.05,0.3,0.0,0.06,-1200.73388671875
2211,0.05,0.3,0.0,0.07,-1145.373046875
2212,0.05,0.3,0.0,0.08,-1147.8587646484375
2213,0.05,0.3,0.0,0.09,-1178.321533203125
2214,0.05,0.3,0.0,0.1,-1059.01171875
2215,0.05,0.3,0.0,0.11,-1102.8260498046875
2216,0.05,0.3,0.0,0.12,-1101.602783203125
2217,0.05,0.3,0.0,0.13,-1193.56103515625
2218,0.05,0.3,0.0,0.14,-1094.472900390625
2219,0.05,0.3,0.0,0.15,-1082.9002685546875
2220,0.05,0.3,0.0,0.16,-1091.45361328125
2221,0.05,0.3,0.0,0.17,-1135.5941162109375
2222,0.05,0.3,0.0,0.18,-1055.1806640625
2223,0.05,0.3,0.0,0.19,-1113.218505859375
2224,0.05,0.3,0.0,0.2,-1051.3427734375
2225,0.05,0.3,0.0,0.21,-1131.4329833984375
2226,0.05,0.3,0.0,0.22,-1170.099853515625
2227,0.05,0.3,0.0,0.23,-1056.001953125
2228,0.05,0.3,0.0,0.24,-1123.640380859375
2229,0.05,0.3,0.0,0.25,-1165.29638671875
2230,0.05,0.3,0.0,0.26,-1121.97119140625
2231,0.05,0.3,0.0,0.27,-1079.068359375
2232,0.05,0.3,0.0,0.28,-1065.430419921875
2233,0.05,0.3,0.0,0.29,-1124.5146484375
2234,0.05,0.3,0.0,0.3,-1165.7054443359375
2235,0.05,0.3,0.0,0.31,-1084.9581298828125
2236,0.05,0.3,0.0,0.32,-1118.9615478515625
2237,0.05,0.3,0.0,0.33,-1166.519775390625
2238,0.05,0.3,0.0,0.34,-1163.7255859375
2239,0.05,0.3,0.0,0.35,-1159.7158203125
2240,0.05,0.3,0.0,0.36,-1153.3582763671875
2241,0.05,0.3,0.0,0.37,-1134.8995361328125
2242,0.05,0.3,0.0,0.38,-1217.4954833984375
2243,0.05,0.3,0.0,0.39,-1176.9798583984375
2244,0.05,0.3,0.0,0.4,-1106.044921875
2245,0.05,0.3,0.0,0.41,-1178.249267578125
2246,0.05,0.3,0.0,0.42,-1180.790283203125
2247,0.05,0.3,0.0,0.43,-1154.681396484375
2248,0.05,0.3,0.0,0.44,-1237.441162109375
2249,0.05,0.3,0.0,0.45,-1191.75732421875
2250,0.05,0.3,0.0,0.46,-1190.1888427734375
2251,0.05,0.3,0.0,0.47,-1154.8955078125
2252,0.05,0.3,0.0,0.48,-1202.3004150390625
2253,0.05,0.3,0.0,0.49,-1215.19921875
2254,0.05,0.3,0.0,0.5,-1216.2003173828125
2255,0.05,0.3,0.0,0.51,-1194.376220703125
2256,0.05,0.3,0.0,0.52,-1222.804931640625
2257,0.05,0.3,0.0,0.53,-1230.8192138671875
2258,0.05,0.3,0.0,0.54,-1146.8250732421875
2259,0.05,0.3,0.0,0.55,-1156.416015625
2260,0.05,0.3,0.0,0.56,-1262.3192138671875
2261,0.05,0.3,0.0,0.57,-1206.485595703125
2262,0.05,0.3,0.0,0.58,-1194.9000244140625
2263,0.05,0.3,0.0,0.59,-1181.26611328125
2264,0.05,0.3,0.0,0.6,-1256.8388671875
2265,0.05,0.3,0.0,0.61,-1248.6722412109375
2266,0.05,0.3,0.0,0.62,-1249.23681640625
2267,0.05,0.3,0.0,0.63,-1236.3125
2268,0.05,0.3,0.0,0.64,-1251.6500244140625
2269,0.05,0.3,0.0,0.65,-1163.8836669921875
2270,0.05,0.3,0.0,0.66,-1235.2420654296875
2271,0.05,0.3,0.0,0.67,-1281.167724609375
2272,0.05,0.3,0.0,0.68,-1246.31396484375
2273,0.05,0.3,0.0,0.69,-1228.400634765625
2274,0.05,0.3,0.0,0.7,-1253.241455078125
2275,0.05,0.3,0.0,0.71,-1296.71484375
2276,0.05,0.3,0.0,0.72,-1242.2200927734375
2277,0.05,0.3,0.0,0.73,-1262.34228515625
2278,0.05,0.3,0.0,0.74,-1252.61328125
2279,0.05,0.3,0.0,0.75,-1298.5050048828125
2280,0.05,0.31,0.0,0.0,-2451.97265625
2281,0.05,0.31,0.0,0.01,-1080.53857421875
2282,0.05,0.31,0.0,0.02,-1094.537353515625
2283,0.05,0.31,0.0,0.03,-1053.198486328125
2284,0.05,0.31,0.0,0.04,-1069.3095703125
2285,0.05,0.31,0.0,0.05,-1044.69482421875
2286,0.05,0.31,0.0,0.06,-1105.8651123046875
2287,0.05,0.31,0.0,0.07,-1028.81005859375
2288,0.05,0.31,0.0,0.08,-1039.959228515625
2289,0.05,0.31,0.0,0.09,-1066.5130615234375
2290,0.05,0.31,0.0,0.1,-1051.50634765625
2291,0.05,0.31,0.0,0.11,-1085.03125
2292,0.05,0.31,0.0,0.12,-1088.0875244140625
2293,0.05,0.31,0.0,0.13,-1043.9862060546875
2294,0.05,0.31,0.0,0.14,-1030.886962890625
2295,0.05,0.31,0.0,0.15,-1087.3857421875
2296,0.05,0.31,0.0,0.16,-1111.8382568359375
2297,0.05,0.31,0.0,0.17,-1038.945068359375
2298,0.05,0.31,0.0,0.18,-1050.198974609375
2299,0.05,0.31,0.0,0.19,-1039.9892578125
2300,0.05,0.31,0.0,0.2,-1001.3604736328125
2301,0.05,0.31,0.0,0.21,-1058.5556640625
2302,0.05,0.31,0.0,0.22,-1022.414306640625
2303,0.05,0.31,0.0,0.23,-1102.158203125
2304,0.05,0.31,0.0,0.24,-1103.7037353515625
2305,0.05,0.31,0.0,0.25,-981.066162109375
2306,0.05,0.31,0.0,0.26,-1068.361328125
2307,0.05,0.31,0.0,0.27,-1058.5302734375
2308,0.05,0.31,0.0,0.28,-1060.324462890625
2309,0.05,0.31,0.0,0.29,-1117.3349609375
2310,0.05,0.31,0.0,0.3,-1060.2506103515625
2311,0.05,0.31,0.0,0.31,-1087.1263427734375
2312,0.05,0.31,0.0,0.32,-1075.4193115234375
2313,0.05,0.31,0.0,0.33,-1065.813720703125
2314,0.05,0.31,0.0,0.34,-1083.6658935546875
2315,0.05,0.31,0.0,0.35,-1090.45166015625
2316,0.05,0.31,0.0,0.36,-1058.794677734375
2317,0.05,0.31,0.0,0.37,-1068.802490234375
2318,0.05,0.31,0.0,0.38,-1076.9034423828125
2319,0.05,0.31,0.0,0.39,-1033.0289306640625
2320,0.05,0.31,0.0,0.4,-1133.338134765625
2321,0.05,0.31,0.0,0.41,-1089.3433837890625
2322,0.05,0.31,0.0,0.42,-1140.650146484375
2323,0.05,0.31,0.0,0.43,-1118.7017822265625
2324,0.05,0.31,0.0,0.44,-1124.322509765625
2325,0.05,0.31,0.0,0.45,-1111.212158203125
2326,0.05,0.31,0.0,0.46,-1081.082763671875
2327,0.05,0.31,0.0,0.47,-1086.786865234375
2328,0.05,0.31,0.0,0.48,-1085.8516845703125
2329,0.05,0.31,0.0,0.49,-1116.7274169921875
2330,0.05,0.31,0.0,0.5,-1122.3802490234375
2331,0.05,0.31,0.0,0.51,-1114.36767578125
2332,0.05,0.31,0.0,0.52,-1112.0533447265625
2333,0.05,0.31,0.0,0.53,-1135.18359375
2334,0.05,0.31,0.0,0.54,-1136.8392333984375
2335,0.05,0.31,0.0,0.55,-1122.9683837890625
2336,0.05,0.31,0.0,0.56,-1127.60986328125
2337,0.05,0.31,0.0,0.57,-1156.47314453125
2338,0.05,0.31,0.0,0.58,-1207.1748046875
2339,0.05,0.31,0.0,0.59,-1129.0413818359375
2340,0.05,0.31,0.0,0.6,-1129.73828125
2341,0.05,0.31,0.0,0.61,-1159.732177734375
2342,0.05,0.31,0.0,0.62,-1159.0985107421875
2343,0.05,0.31,0.0,0.63,-1133.749267578125
2344,0.05,0.31,0.0,0.64,-1122.450439453125
2345,0.05,0.31,0.0,0.65,-1159.9560546875
2346,0.05,0.31,0.0,0.66,-1134.16455078125
2347,0.05,0.31,0.0,0.67,-1125.0760498046875
2348,0.05,0.31,0.0,0.68,-1200.8426513671875
2349,0.05,0.31,0.0,0.69,-1199.6279296875
2350,0.05,0.31,0.0,0.7,-1202.690185546875
2351,0.05,0.31,0.0,0.71,-1198.4952392578125
2352,0.05,0.31,0.0,0.72,-1183.967041015625
2353,0.05,0.31,0.0,0.73,-1120.339599609375
2354,0.05,0.31,0.0,0.74,-1168.107177734375
2355,0.05,0.31,0.0,0.75,-1196.926513671875
2356,0.05,0.32,0.0,0.0,-2346.19482421875
2357,0.05,0.32,0.0,0.01,-1030.2000732421875
2358,0.05,0.32,0.0,0.02,-1036.0010986328125
2359,0.05,0.32,0.0,0.03,-989.8258056640625
2360,0.05,0.32,0.0,0.04,-1062.07958984375
2361,0.05,0.32,0.0,0.05,-1006.2117309570312
2362,0.05,0.32,0.0,0.06,-1015.0177001953125
2363,0.05,0.32,0.0,0.07,-997.8680419921875
2364,0.05,0.32,0.0,0.08,-955.227783203125
2365,0.05,0.32,0.0,0.09,-994.1558837890625
2366,0.05,0.32,0.0,0.1,-892.08544921875
2367,0.05,0.32,0.0,0.11,-996.5868530273438
2368,0.05,0.32,0.0,0.12,-966.6979370117188
2369,0.05,0.32,0.0,0.13,-923.2246704101562
2370,0.05,0.32,0.0,0.14,-1011.603515625
2371,0.05,0.32,0.0,0.15,-943.4713745117188
2372,0.05,0.32,0.0,0.16,-1007.2501220703125
2373,0.05,0.32,0.0,0.17,-977.7342529296875
2374,0.05,0.32,0.0,0.18,-1003.7171630859375
2375,0.05,0.32,0.0,0.19,-996.919677734375
2376,0.05,0.32,0.0,0.2,-932.310302734375
2377,0.05,0.32,0.0,0.21,-970.2615356445312
2378,0.05,0.32,0.0,0.22,-988.574951171875
2379,0.05,0.32,0.0,0.23,-989.3475952148438
2380,0.05,0.32,0.0,0.24,-959.1566162109375
2381,0.05,0.32,0.0,0.25,-965.4833374023438
2382,0.05,0.32,0.0,0.26,-979.4296875
2383,0.05,0.32,0.0,0.27,-1015.8915405273438
2384,0.05,0.32,0.0,0.28,-984.90625
2385,0.05,0.32,0.0,0.29,-1033.828369140625
2386,0.05,0.32,0.0,0.3,-1021.9100952148438
2387,0.05,0.32,0.0,0.31,-975.5249633789062
2388,0.05,0.32,0.0,0.32,-1008.3189697265625
2389,0.05,0.32,0.0,0.33,-1016.4254760742188
2390,0.05,0.32,0.0,0.34,-1008.9769287109375
2391,0.05,0.32,0.0,0.35,-1012.0900268554688
2392,0.05,0.32,0.0,0.36,-1026.9393310546875
2393,0.05,0.32,0.0,0.37,-1016.2522583007812
2394,0.05,0.32,0.0,0.38,-979.380615234375
2395,0.05,0.32,0.0,0.39,-1020.1288452148438
2396,0.05,0.32,0.0,0.4,-1032.3406982421875
2397,0.05,0.32,0.0,0.41,-1039.256103515625
2398,0.05,0.32,0.0,0.42,-991.972900390625
2399,0.05,0.32,0.0,0.43,-1066.1689453125
2400,0.05,0.32,0.0,0.44,-1036.98828125
2401,0.05,0.32,0.0,0.45,-1033.401611328125
2402,0.05,0.32,0.0,0.46,-973.0021362304688
2403,0.05,0.32,0.0,0.47,-1034.6995849609375
2404,0.05,0.32,0.0,0.48,-1039.7236328125
2405,0.05,0.32,0.0,0.49,-1041.6253662109375
2406,0.05,0.32,0.0,0.5,-1052.4346923828125
2407,0.05,0.32,0.0,0.51,-1042.4876708984375
2408,0.05,0.32,0.0,0.52,-1019.479248046875
2409,0.05,0.32,0.0,0.53,-1069.3546142578125
2410,0.05,0.32,0.0,0.54,-1054.262451171875
2411,0.05,0.32,0.0,0.55,-1010.419189453125
2412,0.05,0.32,0.0,0.56,-1084.6185302734375
2413,0.05,0.32,0.0,0.57,-1102.6640625
2414,0.05,0.32,0.0,0.58,-1073.9093017578125
2415,0.05,0.32,0.0,0.59,-1074.8251953125
2416,0.05,0.32,0.0,0.6,-1112.277587890625
2417,0.05,0.32,0.0,0.61,-1036.1177978515625
2418,0.05,0.32,0.0,0.62,-1033.0843505859375
2419,0.05,0.32,0.0,0.63,-1077.982177734375
2420,0.05,0.32,0.0,0.64,-1041.921630859375
2421,0.05,0.32,0.0,0.65,-1077.25390625
2422,0.05,0.32,0.0,0.66,-1026.008056640625
2423,0.05,0.32,0.0,0.67,-1111.6015625
2424,0.05,0.32,0.0,0.68,-1071.6614990234375
2425,0.05,0.32,0.0,0.69,-1089.802734375
2426,0.05,0.32,0.0,0.7,-1096.52685546875
2427,0.05,0.32,0.0,0.71,-1056.622802734375
2428,0.05,0.32,0.0,0.72,-1123.30322265625
2429,0.05,0.32,0.0,0.73,-1058.7913818359375
2430,0.05,0.32,0.0,0.74,-1122.5428466796875
2431,0.05,0.32,0.0,0.75,-1112.056640625
2432,0.05,0.33,0.0,0.0,-2293.549560546875
2433,0.05,0.33,0.0,0.01,-987.9985961914062
2434,0.05,0.33,0.0,0.02,-929.3906860351562
2435,0.05,0.33,0.0,0.03,-950.7940673828125
2436,0.05,0.33,0.0,0.04,-917.96923828125
2437,0.05,0.33,0.0,0.05,-948.330078125
2438,0.05,0.33,0.0,0.06,-934.798828125
2439,0.05,0.33,0.0,0.07,-888.0960693359375
2440,0.05,0.33,0.0,0.08,-917.4525756835938
2441,0.05,0.33,0.0,0.09,-958.5823974609375
2442,0.05,0.33,0.0,0.1,-882.398681640625
2443,0.05,0.33,0.0,0.11,-883.8331909179688
2444,0.05,0.33,0.0,0.12,-873.3573608398438
2445,0.05,0.33,0.0,0.13,-947.796630859375
2446,0.05,0.33,0.0,0.14,-924.8663940429688
2447,0.05,0.33,0.0,0.15,-902.4926147460938
2448,0.05,0.33,0.0,0.16,-878.0659790039062
2449,0.05,0.33,0.0,0.17,-931.5012817382812
2450,0.05,0.33,0.0,0.18,-938.968994140625
2451,0.05,0.33,0.0,0.19,-958.9449462890625
2452,0.05,0.33,0.0,0.2,-912.064697265625
2453,0.05,0.33,0.0,0.21,-902.660400390625
2454,0.05,0.33,0.0,0.22,-925.5551147460938
2455,0.05,0.33,0.0,0.23,-883.3199462890625
2456,0.05,0.33,0.0,0.24,-934.227294921875
2457,0.05,0.33,0.0,0.25,-937.3770141601562
2458,0.05,0.33,0.0,0.26,-877.42578125
2459,0.05,0.33,0.0,0.27,-927.3095703125
2460,0.05,0.33,0.0,0.28,-948.8931274414062
2461,0.05,0.33,0.0,0.29,-902.4178466796875
2462,0.05,0.33,0.0,0.3,-971.4620971679688
2463,0.05,0.33,0.0,0.31,-953.9189453125
2464,0.05,0.33,0.0,0.32,-908.7601318359375
2465,0.05,0.33,0.0,0.33,-932.4307861328125
2466,0.05,0.33,0.0,0.34,-939.4094848632812
2467,0.05,0.33,0.0,0.35,-952.5201416015625
2468,0.05,0.33,0.0,0.36,-961.0347900390625
2469,0.05,0.33,0.0,0.37,-934.6055297851562
2470,0.05,0.33,0.0,0.38,-994.6277465820312
2471,0.05,0.33,0.0,0.39,-951.3500366210938
2472,0.05,0.33,0.0,0.4,-967.1452026367188
2473,0.05,0.33,0.0,0.41,-972.86962890625
2474,0.05,0.33,0.0,0.42,-947.7525024414062
2475,0.05,0.33,0.0,0.43,-956.1830444335938
2476,0.05,0.33,0.0,0.44,-945.3106689453125
2477,0.05,0.33,0.0,0.45,-977.1669921875
2478,0.05,0.33,0.0,0.46,-958.5857543945312
2479,0.05,0.33,0.0,0.47,-960.814208984375
2480,0.05,0.33,0.0,0.48,-973.5039672851562
2481,0.05,0.33,0.0,0.49,-989.0933227539062
2482,0.05,0.33,0.0,0.5,-963.9893798828125
2483,0.05,0.33,0.0,0.51,-988.510498046875
2484,0.05,0.33,0.0,0.52,-1006.5120239257812
2485,0.05,0.33,0.0,0.53,-1015.51708984375
2486,0.05,0.33,0.0,0.54,-1025.689697265625
2487,0.05,0.33,0.0,0.55,-964.187255859375
2488,0.05,0.33,0.0,0.56,-973.2857666015625
2489,0.05,0.33,0.0,0.57,-1025.582275390625
2490,0.05,0.33,0.0,0.58,-1037.930908203125
2491,0.05,0.33,0.0,0.59,-1011.6058349609375
2492,0.05,0.33,0.0,0.6,-1008.9461669921875
2493,0.05,0.33,0.0,0.61,-983.544921875
2494,0.05,0.33,0.0,0.62,-1043.403076171875
2495,0.05,0.33,0.0,0.63,-1033.62109375
2496,0.05,0.33,0.0,0.64,-1016.1849365234375
2497,0.05,0.33,0.0,0.65,-1034.844482421875
2498,0.05,0.33,0.0,0.66,-1042.1422119140625
2499,0.05,0.33,0.0,0.67,-984.62060546875
2500,0.05,0.33,0.0,0.68,-1024.144287109375
2501,0.05,0.33,0.0,0.69,-1043.643310546875
2502,0.05,0.33,0.0,0.7,-1067.6556396484375
2503,0.05,0.33,0.0,0.71,-1075.9510498046875
2504,0.05,0.33,0.0,0.72,-1064.641845703125
2505,0.05,0.33,0.0,0.73,-1062.84423828125
2506,0.05,0.33,0.0,0.74,-1072.445556640625
2507,0.05,0.33,0.0,0.75,-1064.478271484375
2508,0.05,0.34,0.0,0.0,-2242.040283203125
2509,0.05,0.34,0.0,0.01,-954.56982421875
2510,0.05,0.34,0.0,0.02,-940.3759155273438
2511,0.05,0.34,0.0,0.03,-909.56982421875
2512,0.05,0.34,0.0,0.04,-905.048583984375
2513,0.05,0.34,0.0,0.05,-879.079345703125
2514,0.05,0.34,0.0,0.06,-908.2034912109375
2515,0.05,0.34,0.0,0.07,-892.4752197265625
2516,0.05,0.34,0.0,0.08,-902.4022216796875
2517,0.05,0.34,0.0,0.09,-856.8072509765625
2518,0.05,0.34,0.0,0.1,-866.311279296875
2519,0.05,0.34,0.0,0.11,-878.7655029296875
2520,0.05,0.34,0.0,0.12,-898.8340454101562
2521,0.05,0.34,0.0,0.13,-910.1126708984375
2522,0.05,0.34,0.0,0.14,-884.0721435546875
2523,0.05,0.34,0.0,0.15,-878.1029052734375
2524,0.05,0.34,0.0,0.16,-863.42822265625
2525,0.05,0.34,0.0,0.17,-905.15625
2526,0.05,0.34,0.0,0.18,-886.7102661132812
2527,0.05,0.34,0.0,0.19,-882.0292358398438
2528,0.05,0.34,0.0,0.2,-893.7177124023438
2529,0.05,0.34,0.0,0.21,-860.730224609375
2530,0.05,0.34,0.0,0.22,-878.6392822265625
2531,0.05,0.34,0.0,0.23,-912.539306640625
2532,0.05,0.34,0.0,0.24,-889.6171264648438
2533,0.05,0.34,0.0,0.25,-874.5855102539062
2534,0.05,0.34,0.0,0.26,-913.4127197265625
2535,0.05,0.34,0.0,0.27,-928.683837890625
2536,0.05,0.34,0.0,0.28,-870.0352783203125
2537,0.05,0.34,0.0,0.29,-920.6334228515625
2538,0.05,0.34,0.0,0.3,-873.9630126953125
2539,0.05,0.34,0.0,0.31,-913.42333984375
2540,0.05,0.34,0.0,0.32,-892.69873046875
2541,0.05,0.34,0.0,0.33,-918.634521484375
2542,0.05,0.34,0.0,0.34,-928.9927978515625
2543,0.05,0.34,0.0,0.35,-888.0849609375
2544,0.05,0.34,0.0,0.36,-912.9365234375
2545,0.05,0.34,0.0,0.37,-944.44482421875
2546,0.05,0.34,0.0,0.38,-904.09423828125
2547,0.05,0.34,0.0,0.39,-886.1438598632812
2548,0.05,0.34,0.0,0.4,-929.04150390625
2549,0.05,0.34,0.0,0.41,-895.846923828125
2550,0.05,0.34,0.0,0.42,-938.63330078125
2551,0.05,0.34,0.0,0.43,-945.9000244140625
2552,0.05,0.34,0.0,0.44,-937.763427734375
2553,0.05,0.34,0.0,0.45,-966.3161010742188
2554,0.05,0.34,0.0,0.46,-934.4122924804688
2555,0.05,0.34,0.0,0.47,-955.45458984375
2556,0.05,0.34,0.0,0.48,-956.5841064453125
2557,0.05,0.34,0.0,0.49,-912.5721435546875
2558,0.05,0.34,0.0,0.5,-992.1468505859375
2559,0.05,0.34,0.0,0.51,-951.9998779296875
2560,0.05,0.34,0.0,0.52,-931.9737548828125
2561,0.05,0.34,0.0,0.53,-966.2608642578125
2562,0.05,0.34,0.0,0.54,-979.0390014648438
2563,0.05,0.34,0.0,0.55,-990.0745239257812
2564,0.05,0.34,0.0,0.56,-942.2572021484375
2565,0.05,0.34,0.0,0.57,-975.236328125
2566,0.05,0.34,0.0,0.58,-973.827880859375
2567,0.05,0.34,0.0,0.59,-941.3784790039062
2568,0.05,0.34,0.0,0.6,-996.388916015625
2569,0.05,0.34,0.0,0.61,-1004.350341796875
2570,0.05,0.34,0.0,0.62,-991.0485229492188
2571,0.05,0.34,0.0,0.63,-1005.2008056640625
2572,0.05,0.34,0.0,0.64,-986.6583251953125
2573,0.05,0.34,0.0,0.65,-998.34033203125
2574,0.05,0.34,0.0,0.66,-961.8988037109375
2575,0.05,0.34,0.0,0.67,-955.2228393554688
2576,0.05,0.34,0.0,0.68,-960.712646484375
2577,0.05,0.34,0.0,0.69,-1017.2996215820312
2578,0.05,0.34,0.0,0.7,-984.5942993164062
2579,0.05,0.34,0.0,0.71,-962.3238525390625
2580,0.05,0.34,0.0,0.72,-1030.7913818359375
2581,0.05,0.34,0.0,0.73,-1026.580322265625
2582,0.05,0.34,0.0,0.74,-1024.000732421875
2583,0.05,0.34,0.0,0.75,-1008.3102416992188
2584,0.05,0.35,0.0,0.0,-2226.763427734375
2585,0.05,0.35,0.0,0.01,-924.3687744140625
2586,0.05,0.35,0.0,0.02,-875.7003173828125
2587,0.05,0.35,0.0,0.03,-885.7376708984375
2588,0.05,0.35,0.0,0.04,-858.3551025390625
2589,0.05,0.35,0.0,0.05,-838.7171630859375
2590,0.05,0.35,0.0,0.06,-848.2733154296875
2591,0.05,0.35,0.0,0.07,-849.3116455078125
2592,0.05,0.35,0.0,0.08,-872.715087890625
2593,0.05,0.35,0.0,0.09,-831.2904052734375
2594,0.05,0.35,0.0,0.1,-858.501953125
2595,0.05,0.35,0.0,0.11,-854.4537353515625
2596,0.05,0.35,0.0,0.12,-836.3367919921875
2597,0.05,0.35,0.0,0.13,-844.0972900390625
2598,0.05,0.35,0.0,0.14,-881.8216552734375
2599,0.05,0.35,0.0,0.15,-817.97314453125
2600,0.05,0.35,0.0,0.16,-849.264404296875
2601,0.05,0.35,0.0,0.17,-843.2254028320312
2602,0.05,0.35,0.0,0.18,-866.92431640625
2603,0.05,0.35,0.0,0.19,-822.036865234375
2604,0.05,0.35,0.0,0.2,-855.857421875
2605,0.05,0.35,0.0,0.21,-868.6348876953125
2606,0.05,0.35,0.0,0.22,-861.1552124023438
2607,0.05,0.35,0.0,0.23,-852.0153198242188
2608,0.05,0.35,0.0,0.24,-871.1333618164062
2609,0.05,0.35,0.0,0.25,-853.6705932617188
2610,0.05,0.35,0.0,0.26,-850.86083984375
2611,0.05,0.35,0.0,0.27,-835.9322509765625
2612,0.05,0.35,0.0,0.28,-883.0679321289062
2613,0.05,0.35,0.0,0.29,-856.3785400390625
2614,0.05,0.35,0.0,0.3,-877.7290649414062
2615,0.05,0.35,0.0,0.31,-847.0716552734375
2616,0.05,0.35,0.0,0.32,-868.3753662109375
2617,0.05,0.35,0.0,0.33,-854.15478515625
2618,0.05,0.35,0.0,0.34,-864.4625244140625
2619,0.05,0.35,0.0,0.35,-862.5003662109375
2620,0.05,0.35,0.0,0.36,-861.1061401367188
2621,0.05,0.35,0.0,0.37,-871.8308715820312
2622,0.05,0.35,0.0,0.38,-884.2109375
2623,0.05,0.35,0.0,0.39,-868.3841552734375
2624,0.05,0.35,0.0,0.4,-902.840087890625
2625,0.05,0.35,0.0,0.41,-909.63134765625
2626,0.05,0.35,0.0,0.42,-884.99951171875
2627,0.05,0.35,0.0,0.43,-895.7827758789062
2628,0.05,0.35,0.0,0.44,-904.802001953125
2629,0.05,0.35,0.0,0.45,-909.1970825195312
2630,0.05,0.35,0.0,0.46,-915.2996826171875
2631,0.05,0.35,0.0,0.47,-906.275634765625
2632,0.05,0.35,0.0,0.48,-918.1427001953125
2633,0.05,0.35,0.0,0.49,-903.1953735351562
2634,0.05,0.35,0.0,0.5,-911.1552734375
2635,0.05,0.35,0.0,0.51,-914.561767578125
2636,0.05,0.35,0.0,0.52,-935.6660766601562
2637,0.05,0.35,0.0,0.53,-919.76513671875
2638,0.05,0.35,0.0,0.54,-928.8805541992188
2639,0.05,0.35,0.0,0.55,-904.2249755859375
2640,0.05,0.35,0.0,0.56,-935.6934204101562
2641,0.05,0.35,0.0,0.57,-937.2052612304688
2642,0.05,0.35,0.0,0.58,-941.3523559570312
2643,0.05,0.35,0.0,0.59,-938.001953125
2644,0.05,0.35,0.0,0.6,-940.2730102539062
2645,0.05,0.35,0.0,0.61,-942.4863891601562
2646,0.05,0.35,0.0,0.62,-946.664306640625
2647,0.05,0.35,0.0,0.63,-971.6805419921875
2648,0.05,0.35,0.0,0.64,-934.0428466796875
2649,0.05,0.35,0.0,0.65,-944.635986328125
2650,0.05,0.35,0.0,0.66,-965.1417236328125
2651,0.05,0.35,0.0,0.67,-988.2489624023438
2652,0.05,0.35,0.0,0.68,-963.7716064453125
2653,0.05,0.35,0.0,0.69,-975.907470703125
2654,0.05,0.35,0.0,0.7,-959.9457397460938
2655,0.05,0.35,0.0,0.71,-973.7802734375
2656,0.05,0.35,0.0,0.72,-967.439697265625
2657,0.05,0.35,0.0,0.73,-969.170166015625
2658,0.05,0.35,0.0,0.74,-982.0572509765625
2659,0.05,0.35,0.0,0.75,-975.0384521484375
2660,0.05,0.36,0.0,0.0,-2264.507568359375
2661,0.05,0.36,0.0,0.01,-919.30126953125
2662,0.05,0.36,0.0,0.02,-862.3203735351562
2663,0.05,0.36,0.0,0.03,-855.8685302734375
2664,0.05,0.36,0.0,0.04,-840.9578857421875
2665,0.05,0.36,0.0,0.05,-839.4805908203125
2666,0.05,0.36,0.0,0.06,-822.0604248046875
2667,0.05,0.36,0.0,0.07,-838.3380126953125
2668,0.05,0.36,0.0,0.08,-832.998291015625
2669,0.05,0.36,0.0,0.09,-835.3333740234375
2670,0.05,0.36,0.0,0.1,-819.301025390625
2671,0.05,0.36,0.0,0.11,-816.1143798828125
2672,0.05,0.36,0.0,0.12,-821.641845703125
2673,0.05,0.36,0.0,0.13,-810.103759765625
2674,0.05,0.36,0.0,0.14,-814.820556640625
2675,0.05,0.36,0.0,0.15,-824.787841796875
2676,0.05,0.36,0.0,0.16,-819.3231201171875
2677,0.05,0.36,0.0,0.17,-836.0549926757812
2678,0.05,0.36,0.0,0.18,-811.6419067382812
2679,0.05,0.36,0.0,0.19,-820.3750610351562
2680,0.05,0.36,0.0,0.2,-821.7677001953125
2681,0.05,0.36,0.0,0.21,-808.0955200195312
2682,0.05,0.36,0.0,0.22,-816.3436889648438
2683,0.05,0.36,0.0,0.23,-819.7003173828125
2684,0.05,0.36,0.0,0.24,-826.4747924804688
2685,0.05,0.36,0.0,0.25,-832.1857299804688
2686,0.05,0.36,0.0,0.26,-820.705078125
2687,0.05,0.36,0.0,0.27,-846.357177734375
2688,0.05,0.36,0.0,0.28,-839.429443359375
2689,0.05,0.36,0.0,0.29,-830.9119873046875
2690,0.05,0.36,0.0,0.3,-855.0867919921875
2691,0.05,0.36,0.0,0.31,-835.9539794921875
2692,0.05,0.36,0.0,0.32,-847.643310546875
2693,0.05,0.36,0.0,0.33,-853.6048583984375
2694,0.05,0.36,0.0,0.34,-849.2178955078125
2695,0.05,0.36,0.0,0.35,-850.5933837890625
2696,0.05,0.36,0.0,0.36,-849.2772216796875
2697,0.05,0.36,0.0,0.37,-870.1607666015625
2698,0.05,0.36,0.0,0.38,-849.9568481445312
2699,0.05,0.36,0.0,0.39,-853.4129638671875
2700,0.05,0.36,0.0,0.4,-872.4998779296875
2701,0.05,0.36,0.0,0.41,-863.3446655273438
2702,0.05,0.36,0.0,0.42,-882.96826171875
2703,0.05,0.36,0.0,0.43,-864.3107299804688
2704,0.05,0.36,0.0,0.44,-886.8639526367188
2705,0.05,0.36,0.0,0.45,-888.8199462890625
2706,0.05,0.36,0.0,0.46,-880.147705078125
2707,0.05,0.36,0.0,0.47,-866.5751342773438
2708,0.05,0.36,0.0,0.48,-870.307861328125
2709,0.05,0.36,0.0,0.49,-879.0057373046875
2710,0.05,0.36,0.0,0.5,-892.4727172851562
2711,0.05,0.36,0.0,0.51,-878.208984375
2712,0.05,0.36,0.0,0.52,-904.1490478515625
2713,0.05,0.36,0.0,0.53,-903.3930053710938
2714,0.05,0.36,0.0,0.54,-885.716064453125
2715,0.05,0.36,0.0,0.55,-900.956298828125
2716,0.05,0.36,0.0,0.56,-900.171630859375
2717,0.05,0.36,0.0,0.57,-911.1683349609375
2718,0.05,0.36,0.0,0.58,-922.9822998046875
2719,0.05,0.36,0.0,0.59,-911.177001953125
2720,0.05,0.36,0.0,0.6,-932.01220703125
2721,0.05,0.36,0.0,0.61,-935.161376953125
2722,0.05,0.36,0.0,0.62,-929.6888427734375
2723,0.05,0.36,0.0,0.63,-921.676513671875
2724,0.05,0.36,0.0,0.64,-920.8888549804688
2725,0.05,0.36,0.0,0.65,-938.6115112304688
2726,0.05,0.36,0.0,0.66,-942.3253173828125
2727,0.05,0.36,0.0,0.67,-931.4017944335938
2728,0.05,0.36,0.0,0.68,-956.9036254882812
2729,0.05,0.36,0.0,0.69,-937.738037109375
2730,0.05,0.36,0.0,0.7,-931.1637573242188
2731,0.05,0.36,0.0,0.71,-948.1895751953125
2732,0.05,0.36,0.0,0.72,-940.7486572265625
2733,0.05,0.36,0.0,0.73,-941.650634765625
2734,0.05,0.36,0.0,0.74,-962.229248046875
2735,0.05,0.36,0.0,0.75,-970.2197265625
2736,0.05,0.37,0.0,0.0,-2188.348876953125
2737,0.05,0.37,0.0,0.01,-883.3812255859375
2738,0.05,0.37,0.0,0.02,-848.0404052734375
2739,0.05,0.37,0.0,0.03,-834.7384033203125
2740,0.05,0.37,0.0,0.04,-827.6566772460938
2741,0.05,0.37,0.0,0.05,-825.09765625
2742,0.05,0.37,0.0,0.06,-824.9296875
2743,0.05,0.37,0.0,0.07,-811.0743408203125
2744,0.05,0.37,0.0,0.08,-804.9378662109375
2745,0.05,0.37,0.0,0.09,-813.7185668945312
2746,0.05,0.37,0.0,0.1,-807.3569946289062
2747,0.05,0.37,0.0,0.11,-809.0552978515625
2748,0.05,0.37,0.0,0.12,-801.6874389648438
2749,0.05,0.37,0.0,0.13,-803.518310546875
2750,0.05,0.37,0.0,0.14,-803.7714233398438
2751,0.05,0.37,0.0,0.15,-808.5018310546875
2752,0.05,0.37,0.0,0.16,-817.35546875
2753,0.05,0.37,0.0,0.17,-814.4146728515625
2754,0.05,0.37,0.0,0.18,-807.2809448242188
2755,0.05,0.37,0.0,0.19,-802.8668212890625
2756,0.05,0.37,0.0,0.2,-804.3333740234375
2757,0.05,0.37,0.0,0.21,-817.090576171875
2758,0.05,0.37,0.0,0.22,-818.0321044921875
2759,0.05,0.37,0.0,0.23,-824.6285400390625
2760,0.05,0.37,0.0,0.24,-821.461181640625
2761,0.05,0.37,0.0,0.25,-826.7489624023438
2762,0.05,0.37,0.0,0.26,-831.0408935546875
2763,0.05,0.37,0.0,0.27,-821.334716796875
2764,0.05,0.37,0.0,0.28,-820.8572998046875
2765,0.05,0.37,0.0,0.29,-822.650390625
2766,0.05,0.37,0.0,0.3,-820.2774658203125
2767,0.05,0.37,0.0,0.31,-822.9642333984375
2768,0.05,0.37,0.0,0.32,-831.5447998046875
2769,0.05,0.37,0.0,0.33,-832.3014526367188
2770,0.05,0.37,0.0,0.34,-836.3192749023438
2771,0.05,0.37,0.0,0.35,-836.5380249023438
2772,0.05,0.37,0.0,0.36,-832.8741455078125
2773,0.05,0.37,0.0,0.37,-847.7337646484375
2774,0.05,0.37,0.0,0.38,-850.0369262695312
2775,0.05,0.37,0.0,0.39,-845.3250732421875
2776,0.05,0.37,0.0,0.4,-845.6948852539062
2777,0.05,0.37,0.0,0.41,-846.59619140625
2778,0.05,0.37,0.0,0.42,-862.428955078125
2779,0.05,0.37,0.0,0.43,-858.4630126953125
2780,0.05,0.37,0.0,0.44,-857.1390380859375
2781,0.05,0.37,0.0,0.45,-867.9690551757812
2782,0.05,0.37,0.0,0.46,-856.875
2783,0.05,0.37,0.0,0.47,-863.994140625
2784,0.05,0.37,0.0,0.48,-875.077392578125
2785,0.05,0.37,0.0,0.49,-870.7779541015625
2786,0.05,0.37,0.0,0.5,-871.80810546875
2787,0.05,0.37,0.0,0.51,-874.99462890625
2788,0.05,0.37,0.0,0.52,-873.1773681640625
2789,0.05,0.37,0.0,0.53,-886.9267578125
2790,0.05,0.37,0.0,0.54,-891.6907958984375
2791,0.05,0.37,0.0,0.55,-885.2081909179688
2792,0.05,0.37,0.0,0.56,-896.7315673828125
2793,0.05,0.37,0.0,0.57,-899.7215576171875
2794,0.05,0.37,0.0,0.58,-889.119384765625
2795,0.05,0.37,0.0,0.59,-904.7439575195312
2796,0.05,0.37,0.0,0.6,-907.2962646484375
2797,0.05,0.37,0.0,0.61,-906.763671875
2798,0.05,0.37,0.0,0.62,-909.76025390625
2799,0.05,0.37,0.0,0.63,-912.463623046875
2800,0.05,0.37,0.0,0.64,-913.5372314453125
2801,0.05,0.37,0.0,0.65,-914.98583984375
2802,0.05,0.37,0.0,0.66,-915.21484375
2803,0.05,0.37,0.0,0.67,-915.81005859375
2804,0.05,0.37,0.0,0.68,-919.8108520507812
2805,0.05,0.37,0.0,0.69,-936.2035522460938
2806,0.05,0.37,0.0,0.7,-931.8878784179688
2807,0.05,0.37,0.0,0.71,-937.4951171875
2808,0.05,0.37,0.0,0.72,-931.788330078125
2809,0.05,0.37,0.0,0.73,-947.764892578125
2810,0.05,0.37,0.0,0.74,-942.807373046875
2811,0.05,0.37,0.0,0.75,-940.525146484375
2812,0.05,0.38,0.0,0.0,-2374.02978515625
2813,0.05,0.38,0.0,0.01,-877.4398193359375
2814,0.05,0.38,0.0,0.02,-844.3361206054688
2815,0.05,0.38,0.0,0.03,-834.5455322265625
2816,0.05,0.38,0.0,0.04,-821.3358764648438
2817,0.05,0.38,0.0,0.05,-813.8917846679688
2818,0.05,0.38,0.0,0.06,-807.57373046875
2819,0.05,0.38,0.0,0.07,-812.1019287109375
2820,0.05,0.38,0.0,0.08,-800.3579711914062
2821,0.05,0.38,0.0,0.09,-800.1402587890625
2822,0.05,0.38,0.0,0.1,-797.9305419921875
2823,0.05,0.38,0.0,0.11,-797.7503051757812
2824,0.05,0.38,0.0,0.12,-798.628662109375
2825,0.05,0.38,0.0,0.13,-795.5167236328125
2826,0.05,0.38,0.0,0.14,-795.2682495117188
2827,0.05,0.38,0.0,0.15,-798.0022583007812
2828,0.05,0.38,0.0,0.16,-802.8546142578125
2829,0.05,0.38,0.0,0.17,-796.113037109375
2830,0.05,0.38,0.0,0.18,-801.4290771484375
2831,0.05,0.38,0.0,0.19,-798.2150268554688
2832,0.05,0.38,0.0,0.2,-798.7266235351562
2833,0.05,0.38,0.0,0.21,-801.77099609375
2834,0.05,0.38,0.0,0.22,-805.7227783203125
2835,0.05,0.38,0.0,0.23,-805.5277099609375
2836,0.05,0.38,0.0,0.24,-808.8453369140625
2837,0.05,0.38,0.0,0.25,-811.07421875
2838,0.05,0.38,0.0,0.26,-809.9869384765625
2839,0.05,0.38,0.0,0.27,-810.749755859375
2840,0.05,0.38,0.0,0.28,-815.2401733398438
2841,0.05,0.38,0.0,0.29,-816.2525634765625
2842,0.05,0.38,0.0,0.3,-818.92431640625
2843,0.05,0.38,0.0,0.31,-817.6844482421875
2844,0.05,0.38,0.0,0.32,-823.8294067382812
2845,0.05,0.38,0.0,0.33,-823.164794921875
2846,0.05,0.38,0.0,0.34,-825.647705078125
2847,0.05,0.38,0.0,0.35,-827.7355346679688
2848,0.05,0.38,0.0,0.36,-831.1765747070312
2849,0.05,0.38,0.0,0.37,-837.03076171875
2850,0.05,0.38,0.0,0.38,-836.5536499023438
2851,0.05,0.38,0.0,0.39,-842.0453491210938
2852,0.05,0.38,0.0,0.4,-845.1632080078125
2853,0.05,0.38,0.0,0.41,-845.2900390625
2854,0.05,0.38,0.0,0.42,-844.4012451171875
2855,0.05,0.38,0.0,0.43,-848.987060546875
2856,0.05,0.38,0.0,0.44,-849.5067138671875
2857,0.05,0.38,0.0,0.45,-854.4459228515625
2858,0.05,0.38,0.0,0.46,-859.9861450195312
2859,0.05,0.38,0.0,0.47,-857.4756469726562
2860,0.05,0.38,0.0,0.48,-862.297119140625
2861,0.05,0.38,0.0,0.49,-864.9776611328125
2862,0.05,0.38,0.0,0.5,-870.54345703125
2863,0.05,0.38,0.0,0.51,-867.615234375
2864,0.05,0.38,0.0,0.52,-875.1849365234375
2865,0.05,0.38,0.0,0.53,-874.585693359375
2866,0.05,0.38,0.0,0.54,-876.8124389648438
2867,0.05,0.38,0.0,0.55,-877.6688232421875
2868,0.05,0.38,0.0,0.56,-883.7925415039062
2869,0.05,0.38,0.0,0.57,-888.4071044921875
2870,0.05,0.38,0.0,0.58,-889.0313720703125
2871,0.05,0.38,0.0,0.59,-888.6569213867188
2872,0.05,0.38,0.0,0.6,-891.9302368164062
2873,0.05,0.38,0.0,0.61,-903.5568237304688
2874,0.05,0.38,0.0,0.62,-900.732666015625
2875,0.05,0.38,0.0,0.63,-900.54052734375
2876,0.05,0.38,0.0,0.64,-905.9598388671875
2877,0.05,0.38,0.0,0.65,-906.625244140625
2878,0.05,0.38,0.0,0.66,-911.9190673828125
2879,0.05,0.38,0.0,0.67,-915.2510986328125
2880,0.05,0.38,0.0,0.68,-914.9822998046875
2881,0.05,0.38,0.0,0.69,-919.4404296875
2882,0.05,0.38,0.0,0.7,-922.5418701171875
2883,0.05,0.38,0.0,0.71,-925.5924682617188
2884,0.05,0.38,0.0,0.72,-927.25244140625
2885,0.05,0.38,0.0,0.73,-929.786376953125
2886,0.05,0.38,0.0,0.74,-934.495849609375
2887,0.05,0.38,0.0,0.75,-934.8089599609375
2888,0.05,0.39,0.0,0.0,-2162.643310546875
2889,0.05,0.39,0.0,0.01,-868.6602172851562
2890,0.05,0.39,0.0,0.02,-841.843017578125
2891,0.05,0.39,0.0,0.03,-825.74560546875
2892,0.05,0.39,0.0,0.04,-816.1116943359375
2893,0.05,0.39,0.0,0.05,-808.9542236328125
2894,0.05,0.39,0.0,0.06,-804.3869018554688
2895,0.05,0.39,0.0,0.07,-799.860107421875
2896,0.05,0.39,0.0,0.08,-798.19873046875
2897,0.05,0.39,0.0,0.09,-795.2412109375
2898,0.05,0.39,0.0,0.1,-795.5870971679688
2899,0.05,0.39,0.0,0.11,-794.2691650390625
2900,0.05,0.39,0.0,0.12,-792.940185546875
2901,0.05,0.39,0.0,0.13,-792.439697265625
2902,0.05,0.39,0.0,0.14,-793.4781494140625
2903,0.05,0.39,0.0,0.15,-794.0284423828125
2904,0.05,0.39,0.0,0.16,-793.5978393554688
2905,0.05,0.39,0.0,0.17,-795.0374145507812
2906,0.05,0.39,0.0,0.18,-796.2545166015625
2907,0.05,0.39,0.0,0.19,-797.4063720703125
2908,0.05,0.39,0.0,0.2,-799.3458251953125
2909,0.05,0.39,0.0,0.21,-799.1930541992188
2910,0.05,0.39,0.0,0.22,-799.9094848632812
2911,0.05,0.39,0.0,0.23,-802.3916015625
2912,0.05,0.39,0.0,0.24,-803.5549926757812
2913,0.05,0.39,0.0,0.25,-804.66845703125
2914,0.05,0.39,0.0,0.26,-807.4702758789062
2915,0.05,0.39,0.0,0.27,-807.456787109375
2916,0.05,0.39,0.0,0.28,-810.1787109375
2917,0.05,0.39,0.0,0.29,-813.32958984375
2918,0.05,0.39,0.0,0.3,-815.853271484375
2919,0.05,0.39,0.0,0.31,-817.7001953125
2920,0.05,0.39,0.0,0.32,-818.816162109375
2921,0.05,0.39,0.0,0.33,-821.64697265625
2922,0.05,0.39,0.0,0.34,-823.1834716796875
2923,0.05,0.39,0.0,0.35,-826.009765625
2924,0.05,0.39,0.0,0.36,-827.3675537109375
2925,0.05,0.39,0.0,0.37,-829.9078369140625
2926,0.05,0.39,0.0,0.38,-832.5724487304688
2927,0.05,0.39,0.0,0.39,-834.2867431640625
2928,0.05,0.39,0.0,0.4,-837.1888427734375
2929,0.05,0.39,0.0,0.41,-840.8778076171875
2930,0.05,0.39,0.0,0.42,-844.369873046875
2931,0.05,0.39,0.0,0.43,-844.7213134765625
2932,0.05,0.39,0.0,0.44,-846.7719116210938
2933,0.05,0.39,0.0,0.45,-854.2109375
2934,0.05,0.39,0.0,0.46,-853.3253784179688
2935,0.05,0.39,0.0,0.47,-857.71142578125
2936,0.05,0.39,0.0,0.48,-858.5650024414062
2937,0.05,0.39,0.0,0.49,-860.5264892578125
2938,0.05,0.39,0.0,0.5,-863.1650390625
2939,0.05,0.39,0.0,0.51,-865.70703125
2940,0.05,0.39,0.0,0.52,-868.6351318359375
2941,0.05,0.39,0.0,0.53,-871.6016235351562
2942,0.05,0.39,0.0,0.54,-873.3817138671875
2943,0.05,0.39,0.0,0.55,-876.658203125
2944,0.05,0.39,0.0,0.56,-879.4509887695312
2945,0.05,0.39,0.0,0.57,-882.82470703125
2946,0.05,0.39,0.0,0.58,-885.99169921875
2947,0.05,0.39,0.0,0.59,-887.3706665039062
2948,0.05,0.39,0.0,0.6,-889.7423095703125
2949,0.05,0.39,0.0,0.61,-892.9254150390625
2950,0.05,0.39,0.0,0.62,-897.0277099609375
2951,0.05,0.39,0.0,0.63,-898.4427490234375
2952,0.05,0.39,0.0,0.64,-901.218017578125
2953,0.05,0.39,0.0,0.65,-903.8209228515625
2954,0.05,0.39,0.0,0.66,-905.8197021484375
2955,0.05,0.39,0.0,0.67,-909.4649658203125
2956,0.05,0.39,0.0,0.68,-912.8781127929688
2957,0.05,0.39,0.0,0.69,-915.875244140625
2958,0.05,0.39,0.0,0.7,-920.5266723632812
2959,0.05,0.39,0.0,0.71,-923.377197265625
2960,0.05,0.39,0.0,0.72,-925.50537109375
2961,0.05,0.39,0.0,0.73,-927.3516845703125
2962,0.05,0.39,0.0,0.74,-931.0457763671875
2963,0.05,0.39,0.0,0.75,-933.517578125
2964,0.05,0.4,0.0,0.0,-2210.282470703125
2965,0.05,0.4,0.0,0.01,-866.752197265625
2966,0.05,0.4,0.0,0.02,-838.9654541015625
2967,0.05,0.4,0.0,0.03,-823.873779296875
2968,0.05,0.4,0.0,0.04,-814.4164428710938
2969,0.05,0.4,0.0,0.05,-808.6693725585938
2970,0.05,0.4,0.0,0.06,-801.7913208007812
2971,0.05,0.4,0.0,0.07,-799.1387939453125
2972,0.05,0.4,0.0,0.08,-797.668212890625
2973,0.05,0.4,0.0,0.09,-793.729736328125
2974,0.05,0.4,0.0,0.1,-792.4447021484375
2975,0.05,0.4,0.0,0.11,-790.7295532226562
2976,0.05,0.4,0.0,0.12,-790.8602294921875
2977,0.05,0.4,0.0,0.13,-791.2890625
2978,0.05,0.4,0.0,0.14,-790.41796875
2979,0.05,0.4,0.0,0.15,-791.0755615234375
2980,0.05,0.4,0.0,0.16,-791.865234375
2981,0.05,0.4,0.0,0.17,-792.5406494140625
2982,0.05,0.4,0.0,0.18,-793.3345947265625
2983,0.05,0.4,0.0,0.19,-794.6956787109375
2984,0.05,0.4,0.0,0.2,-795.2152099609375
2985,0.05,0.4,0.0,0.21,-796.8626708984375
2986,0.05,0.4,0.0,0.22,-799.6201782226562
2987,0.05,0.4,0.0,0.23,-800.2135009765625
2988,0.05,0.4,0.0,0.24,-801.9332275390625
2989,0.05,0.4,0.0,0.25,-802.512939453125
2990,0.05,0.4,0.0,0.26,-806.2408447265625
2991,0.05,0.4,0.0,0.27,-807.32177734375
2992,0.05,0.4,0.0,0.28,-809.188232421875
2993,0.05,0.4,0.0,0.29,-810.6030883789062
2994,0.05,0.4,0.0,0.3,-812.94873046875
2995,0.05,0.4,0.0,0.31,-815.216064453125
2996,0.05,0.4,0.0,0.32,-817.47607421875
2997,0.05,0.4,0.0,0.33,-818.9924926757812
2998,0.05,0.4,0.0,0.34,-822.922607421875
2999,0.05,0.4,0.0,0.35,-823.5234375
3000,0.05,0.4,0.0,0.36,-825.9160766601562
3001,0.05,0.4,0.0,0.37,-828.4190063476562
3002,0.05,0.4,0.0,0.38,-831.3345947265625
3003,0.05,0.4,0.0,0.39,-832.8492431640625
3004,0.05,0.4,0.0,0.4,-835.3413696289062
3005,0.05,0.4,0.0,0.41,-838.5545654296875
3006,0.05,0.4,0.0,0.42,-840.7644653320312
3007,0.05,0.4,0.0,0.43,-844.2317504882812
3008,0.05,0.4,0.0,0.44,-845.22216796875
3009,0.05,0.4,0.0,0.45,-848.226806640625
3010,0.05,0.4,0.0,0.46,-850.162841796875
3011,0.05,0.4,0.0,0.47,-853.8690185546875
3012,0.05,0.4,0.0,0.48,-855.6221313476562
3013,0.05,0.4,0.0,0.49,-858.9625854492188
3014,0.05,0.4,0.0,0.5,-861.4559326171875
3015,0.05,0.4,0.0,0.51,-864.124755859375
3016,0.05,0.4,0.0,0.52,-866.0023193359375
3017,0.05,0.4,0.0,0.53,-870.31884765625
3018,0.05,0.4,0.0,0.54,-872.3218994140625
3019,0.05,0.4,0.0,0.55,-874.5760498046875
3020,0.05,0.4,0.0,0.56,-877.7176513671875
3021,0.05,0.4,0.0,0.57,-881.3199462890625
3022,0.05,0.4,0.0,0.58,-882.5015258789062
3023,0.05,0.4,0.0,0.59,-888.481201171875
3024,0.05,0.4,0.0,0.6,-887.2027587890625
3025,0.05,0.4,0.0,0.61,-890.620849609375
3026,0.05,0.4,0.0,0.62,-895.2613525390625
3027,0.05,0.4,0.0,0.63,-896.7650146484375
3028,0.05,0.4,0.0,0.64,-899.73974609375
3029,0.05,0.4,0.0,0.65,-903.33447265625
3030,0.05,0.4,0.0,0.66,-904.997314453125
3031,0.05,0.4,0.0,0.67,-908.9849243164062
3032,0.05,0.4,0.0,0.68,-910.0274658203125
3033,0.05,0.4,0.0,0.69,-914.0362548828125
3034,0.05,0.4,0.0,0.7,-916.976318359375
3035,0.05,0.4,0.0,0.71,-919.7691040039062
3036,0.05,0.4,0.0,0.72,-922.9249877929688
3037,0.05,0.4,0.0,0.73,-928.1129150390625
3038,0.05,0.4,0.0,0.74,-929.7835693359375
3039,0.05,0.4,0.0,0.75,-931.89794921875
3040,0.05,0.41,0.0,0.0,-2364.259765625
3041,0.05,0.41,0.0,0.01,-867.7127685546875
3042,0.05,0.41,0.0,0.02,-838.395263671875
3043,0.05,0.41,0.0,0.03,-823.462646484375
3044,0.05,0.41,0.0,0.04,-812.0555419921875
3045,0.05,0.41,0.0,0.05,-806.1475830078125
3046,0.05,0.41,0.0,0.06,-799.76171875
3047,0.05,0.41,0.0,0.07,-796.8663330078125
3048,0.05,0.41,0.0,0.08,-794.24169921875
3049,0.05,0.41,0.0,0.09,-791.6932373046875
3050,0.05,0.41,0.0,0.1,-790.9815673828125
3051,0.05,0.41,0.0,0.11,-790.6449584960938
3052,0.05,0.41,0.0,0.12,-790.431396484375
3053,0.05,0.41,0.0,0.13,-790.1563110351562
3054,0.05,0.41,0.0,0.14,-790.532958984375
3055,0.05,0.41,0.0,0.15,-791.3896484375
3056,0.05,0.41,0.0,0.16,-790.3495483398438
3057,0.05,0.41,0.0,0.17,-790.9031372070312
3058,0.05,0.41,0.0,0.18,-792.4127197265625
3059,0.05,0.41,0.0,0.19,-794.41552734375
3060,0.05,0.41,0.0,0.2,-796.685302734375
3061,0.05,0.41,0.0,0.21,-796.1751708984375
3062,0.05,0.41,0.0,0.22,-796.6781616210938
3063,0.05,0.41,0.0,0.23,-798.8833618164062
3064,0.05,0.41,0.0,0.24,-800.047607421875
3065,0.05,0.41,0.0,0.25,-802.755126953125
3066,0.05,0.41,0.0,0.26,-803.3662719726562
3067,0.05,0.41,0.0,0.27,-805.7191162109375
3068,0.05,0.41,0.0,0.28,-807.1588134765625
3069,0.05,0.41,0.0,0.29,-809.11962890625
3070,0.05,0.41,0.0,0.3,-811.2776489257812
3071,0.05,0.41,0.0,0.31,-813.9083251953125
3072,0.05,0.41,0.0,0.32,-817.436279296875
3073,0.05,0.41,0.0,0.33,-818.412109375
3074,0.05,0.41,0.0,0.34,-819.5701293945312
3075,0.05,0.41,0.0,0.35,-822.46240234375
3076,0.05,0.41,0.0,0.36,-824.86279296875
3077,0.05,0.41,0.0,0.37,-827.0584716796875
3078,0.05,0.41,0.0,0.38,-831.09619140625
3079,0.05,0.41,0.0,0.39,-833.129638671875
3080,0.05,0.41,0.0,0.4,-834.724365234375
3081,0.05,0.41,0.0,0.41,-837.1220703125
3082,0.05,0.41,0.0,0.42,-839.411376953125
3083,0.05,0.41,0.0,0.43,-841.2296142578125
3084,0.05,0.41,0.0,0.44,-844.3706665039062
3085,0.05,0.41,0.0,0.45,-847.0743408203125
3086,0.05,0.41,0.0,0.46,-849.5472412109375
3087,0.05,0.41,0.0,0.47,-852.4398193359375
3088,0.05,0.41,0.0,0.48,-854.7069091796875
3089,0.05,0.41,0.0,0.49,-856.81494140625
3090,0.05,0.41,0.0,0.5,-859.8775634765625
3091,0.05,0.41,0.0,0.51,-862.3626708984375
3092,0.05,0.41,0.0,0.52,-866.5137939453125
3093,0.05,0.41,0.0,0.53,-869.123779296875
3094,0.05,0.41,0.0,0.54,-870.9736328125
3095,0.05,0.41,0.0,0.55,-873.29150390625
3096,0.05,0.41,0.0,0.56,-875.241455078125
3097,0.05,0.41,0.0,0.57,-879.841796875
3098,0.05,0.41,0.0,0.58,-882.793212890625
3099,0.05,0.41,0.0,0.59,-884.7135009765625
3100,0.05,0.41,0.0,0.6,-886.9483642578125
3101,0.05,0.41,0.0,0.61,-891.3546752929688
3102,0.05,0.41,0.0,0.62,-894.1651000976562
3103,0.05,0.41,0.0,0.63,-896.291259765625
3104,0.05,0.41,0.0,0.64,-900.1016845703125
3105,0.05,0.41,0.0,0.65,-901.68212890625
3106,0.05,0.41,0.0,0.66,-905.3619995117188
3107,0.05,0.41,0.0,0.67,-908.520263671875
3108,0.05,0.41,0.0,0.68,-911.8344116210938
3109,0.05,0.41,0.0,0.69,-912.6678466796875
3110,0.05,0.41,0.0,0.7,-916.0330810546875
3111,0.05,0.41,0.0,0.71,-921.1890869140625
3112,0.05,0.41,0.0,0.72,-921.684814453125
3113,0.05,0.41,0.0,0.73,-924.315673828125
3114,0.05,0.41,0.0,0.74,-929.3236083984375
3115,0.05,0.41,0.0,0.75,-932.41015625
3116,0.05,0.42,0.0,0.0,-2338.875732421875
3117,0.05,0.42,0.0,0.01,-863.938232421875
3118,0.05,0.42,0.0,0.02,-836.0260009765625
3119,0.05,0.42,0.0,0.03,-820.8214111328125
3120,0.05,0.42,0.0,0.04,-810.87255859375
3121,0.05,0.42,0.0,0.05,-804.8687744140625
3122,0.05,0.42,0.0,0.06,-800.3748779296875
3123,0.05,0.42,0.0,0.07,-796.1981201171875
3124,0.05,0.42,0.0,0.08,-792.5932006835938
3125,0.05,0.42,0.0,0.09,-792.2750244140625
3126,0.05,0.42,0.0,0.1,-789.9613647460938
3127,0.05,0.42,0.0,0.11,-788.931640625
3128,0.05,0.42,0.0,0.12,-787.95556640625
3129,0.05,0.42,0.0,0.13,-788.6617431640625
3130,0.05,0.42,0.0,0.14,-788.28369140625
3131,0.05,0.42,0.0,0.15,-789.338623046875
3132,0.05,0.42,0.0,0.16,-788.610107421875
3133,0.05,0.42,0.0,0.17,-791.33203125
3134,0.05,0.42,0.0,0.18,-790.4205322265625
3135,0.05,0.42,0.0,0.19,-793.227294921875
3136,0.05,0.42,0.0,0.2,-793.4767456054688
3137,0.05,0.42,0.0,0.21,-794.398193359375
3138,0.05,0.42,0.0,0.22,-796.2237548828125
3139,0.05,0.42,0.0,0.23,-798.369873046875
3140,0.05,0.42,0.0,0.24,-798.5994873046875
3141,0.05,0.42,0.0,0.25,-801.7468872070312
3142,0.05,0.42,0.0,0.26,-802.773681640625
3143,0.05,0.42,0.0,0.27,-804.8265380859375
3144,0.05,0.42,0.0,0.28,-806.47021484375
3145,0.05,0.42,0.0,0.29,-808.7752685546875
3146,0.05,0.42,0.0,0.3,-811.478515625
3147,0.05,0.42,0.0,0.31,-812.6463012695312
3148,0.05,0.42,0.0,0.32,-815.1705322265625
3149,0.05,0.42,0.0,0.33,-817.4248657226562
3150,0.05,0.42,0.0,0.34,-819.5552978515625
3151,0.05,0.42,0.0,0.35,-821.408447265625
3152,0.05,0.42,0.0,0.36,-824.86962890625
3153,0.05,0.42,0.0,0.37,-827.005126953125
3154,0.05,0.42,0.0,0.38,-828.5023193359375
3155,0.05,0.42,0.0,0.39,-831.695556640625
3156,0.05,0.42,0.0,0.4,-833.781494140625
3157,0.05,0.42,0.0,0.41,-836.7470092773438
3158,0.05,0.42,0.0,0.42,-838.6544189453125
3159,0.05,0.42,0.0,0.43,-840.8568115234375
3160,0.05,0.42,0.0,0.44,-844.7015380859375
3161,0.05,0.42,0.0,0.45,-846.3778076171875
3162,0.05,0.42,0.0,0.46,-850.0548706054688
3163,0.05,0.42,0.0,0.47,-853.6932373046875
3164,0.05,0.42,0.0,0.48,-855.1234130859375
3165,0.05,0.42,0.0,0.49,-857.2647705078125
3166,0.05,0.42,0.0,0.5,-859.580810546875
3167,0.05,0.42,0.0,0.51,-862.2127685546875
3168,0.05,0.42,0.0,0.52,-864.6646728515625
3169,0.05,0.42,0.0,0.53,-867.2511596679688
3170,0.05,0.42,0.0,0.54,-870.6101684570312
3171,0.05,0.42,0.0,0.55,-874.0553588867188
3172,0.05,0.42,0.0,0.56,-875.6497192382812
3173,0.05,0.42,0.0,0.57,-879.1331787109375
3174,0.05,0.42,0.0,0.58,-879.1319580078125
3175,0.05,0.42,0.0,0.59,-885.07861328125
3176,0.05,0.42,0.0,0.6,-886.921142578125
3177,0.05,0.42,0.0,0.61,-889.8514404296875
3178,0.05,0.42,0.0,0.62,-893.2801513671875
3179,0.05,0.42,0.0,0.63,-895.9991455078125
3180,0.05,0.42,0.0,0.64,-899.2469482421875
3181,0.05,0.42,0.0,0.65,-901.23388671875
3182,0.05,0.42,0.0,0.66,-905.6888427734375
3183,0.05,0.42,0.0,0.67,-908.3348388671875
3184,0.05,0.42,0.0,0.68,-908.9342041015625
3185,0.05,0.42,0.0,0.69,-913.635986328125
3186,0.05,0.42,0.0,0.7,-917.5107421875
3187,0.05,0.42,0.0,0.71,-919.6793212890625
3188,0.05,0.42,0.0,0.72,-922.7511596679688
3189,0.05,0.42,0.0,0.73,-926.023681640625
3190,0.05,0.42,0.0,0.74,-929.1564331054688
3191,0.05,0.42,0.0,0.75,-932.0090942382812
3192,0.05,0.43,0.0,0.0,-2338.904541015625
3193,0.05,0.43,0.0,0.01,-864.3154296875
3194,0.05,0.43,0.0,0.02,-835.7364501953125
3195,0.05,0.43,0.0,0.03,-821.748291015625
3196,0.05,0.43,0.0,0.04,-811.460205078125
3197,0.05,0.43,0.0,0.05,-803.756591796875
3198,0.05,0.43,0.0,0.06,-799.18408203125
3199,0.05,0.43,0.0,0.07,-795.362548828125
3200,0.05,0.43,0.0,0.08,-792.6759033203125
3201,0.05,0.43,0.0,0.09,-791.1055297851562
3202,0.05,0.43,0.0,0.1,-790.7410888671875
3203,0.05,0.43,0.0,0.11,-788.6561279296875
3204,0.05,0.43,0.0,0.12,-787.683837890625
3205,0.05,0.43,0.0,0.13,-787.326904296875
3206,0.05,0.43,0.0,0.14,-789.1783447265625
3207,0.05,0.43,0.0,0.15,-788.349365234375
3208,0.05,0.43,0.0,0.16,-788.9072265625
3209,0.05,0.43,0.0,0.17,-790.2498779296875
3210,0.05,0.43,0.0,0.18,-791.688232421875
3211,0.05,0.43,0.0,0.19,-792.9410400390625
3212,0.05,0.43,0.0,0.2,-792.8466796875
3213,0.05,0.43,0.0,0.21,-794.7594604492188
3214,0.05,0.43,0.0,0.22,-795.8131103515625
3215,0.05,0.43,0.0,0.23,-797.5743408203125
3216,0.05,0.43,0.0,0.24,-800.1279296875
3217,0.05,0.43,0.0,0.25,-800.9510498046875
3218,0.05,0.43,0.0,0.26,-804.0257568359375
3219,0.05,0.43,0.0,0.27,-804.018798828125
3220,0.05,0.43,0.0,0.28,-805.963134765625
3221,0.05,0.43,0.0,0.29,-808.5291137695312
3222,0.05,0.43,0.0,0.3,-809.6356811523438
3223,0.05,0.43,0.0,0.31,-812.2418823242188
3224,0.05,0.43,0.0,0.32,-814.931396484375
3225,0.05,0.43,0.0,0.33,-816.7269897460938
3226,0.05,0.43,0.0,0.34,-819.7086791992188
3227,0.05,0.43,0.0,0.35,-820.9319458007812
3228,0.05,0.43,0.0,0.36,-823.9981689453125
3229,0.05,0.43,0.0,0.37,-826.5982666015625
3230,0.05,0.43,0.0,0.38,-827.6210327148438
3231,0.05,0.43,0.0,0.39,-831.2537841796875
3232,0.05,0.43,0.0,0.4,-834.7176513671875
3233,0.05,0.43,0.0,0.41,-835.8829956054688
3234,0.05,0.43,0.0,0.42,-838.347900390625
3235,0.05,0.43,0.0,0.43,-841.30224609375
3236,0.05,0.43,0.0,0.44,-843.0308837890625
3237,0.05,0.43,0.0,0.45,-848.12744140625
3238,0.05,0.43,0.0,0.46,-849.40673828125
3239,0.05,0.43,0.0,0.47,-851.5133056640625
3240,0.05,0.43,0.0,0.48,-855.006103515625
3241,0.05,0.43,0.0,0.49,-856.6979370117188
3242,0.05,0.43,0.0,0.5,-858.306396484375
3243,0.05,0.43,0.0,0.51,-862.7930297851562
3244,0.05,0.43,0.0,0.52,-864.8907470703125
3245,0.05,0.43,0.0,0.53,-868.5018310546875
3246,0.05,0.43,0.0,0.54,-870.841064453125
3247,0.05,0.43,0.0,0.55,-873.1365356445312
3248,0.05,0.43,0.0,0.56,-876.5593872070312
3249,0.05,0.43,0.0,0.57,-878.9246826171875
3250,0.05,0.43,0.0,0.58,-882.113525390625
3251,0.05,0.43,0.0,0.59,-884.5250854492188
3252,0.05,0.43,0.0,0.6,-887.46044921875
3253,0.05,0.43,0.0,0.61,-891.8988647460938
3254,0.05,0.43,0.0,0.62,-892.0158081054688
3255,0.05,0.43,0.0,0.63,-895.886962890625
3256,0.05,0.43,0.0,0.64,-897.3220825195312
3257,0.05,0.43,0.0,0.65,-902.3507080078125
3258,0.05,0.43,0.0,0.66,-903.0638427734375
3259,0.05,0.43,0.0,0.67,-905.2816162109375
3260,0.05,0.43,0.0,0.68,-909.3575439453125
3261,0.05,0.43,0.0,0.69,-914.44189453125
3262,0.05,0.43,0.0,0.7,-916.5582885742188
3263,0.05,0.43,0.0,0.71,-919.4987182617188
3264,0.05,0.43,0.0,0.72,-921.556396484375
3265,0.05,0.43,0.0,0.73,-923.992431640625
3266,0.05,0.43,0.0,0.74,-927.0859375
3267,0.05,0.43,0.0,0.75,-932.4324340820312
3268,0.05,0.44,0.0,0.0,-2323.318359375
3269,0.05,0.44,0.0,0.01,-864.1156616210938
3270,0.05,0.44,0.0,0.02,-835.0543212890625
3271,0.05,0.44,0.0,0.03,-821.4336547851562
3272,0.05,0.44,0.0,0.04,-813.2291259765625
3273,0.05,0.44,0.0,0.05,-803.8367309570312
3274,0.05,0.44,0.0,0.06,-799.5218505859375
3275,0.05,0.44,0.0,0.07,-795.14501953125
3276,0.05,0.44,0.0,0.08,-794.2216796875
3277,0.05,0.44,0.0,0.09,-791.099609375
3278,0.05,0.44,0.0,0.1,-789.9971313476562
3279,0.05,0.44,0.0,0.11,-788.31640625
3280,0.05,0.44,0.0,0.12,-788.257568359375
3281,0.05,0.44,0.0,0.13,-787.978271484375
3282,0.05,0.44,0.0,0.14,-787.7520751953125
3283,0.05,0.44,0.0,0.15,-788.1372680664062
3284,0.05,0.44,0.0,0.16,-789.0279541015625
3285,0.05,0.44,0.0,0.17,-789.7673950195312
3286,0.05,0.44,0.0,0.18,-790.8126220703125
3287,0.05,0.44,0.0,0.19,-792.4852294921875
3288,0.05,0.44,0.0,0.2,-792.72607421875
3289,0.05,0.44,0.0,0.21,-794.9942626953125
3290,0.05,0.44,0.0,0.22,-795.646240234375
3291,0.05,0.44,0.0,0.23,-797.99072265625
3292,0.05,0.44,0.0,0.24,-798.8600463867188
3293,0.05,0.44,0.0,0.25,-800.5266723632812
3294,0.05,0.44,0.0,0.26,-802.26171875
3295,0.05,0.44,0.0,0.27,-804.2763671875
3296,0.05,0.44,0.0,0.28,-806.915283203125
3297,0.05,0.44,0.0,0.29,-808.9000244140625
3298,0.05,0.44,0.0,0.3,-810.701171875
3299,0.05,0.44,0.0,0.31,-812.4484252929688
3300,0.05,0.44,0.0,0.32,-814.841796875
3301,0.05,0.44,0.0,0.33,-816.6407470703125
3302,0.05,0.44,0.0,0.34,-818.5390014648438
3303,0.05,0.44,0.0,0.35,-821.95458984375
3304,0.05,0.44,0.0,0.36,-823.5343017578125
3305,0.05,0.44,0.0,0.37,-825.779296875
3306,0.05,0.44,0.0,0.38,-829.0538330078125
3307,0.05,0.44,0.0,0.39,-831.8720703125
3308,0.05,0.44,0.0,0.4,-833.333984375
3309,0.05,0.44,0.0,0.41,-835.674072265625
3310,0.05,0.44,0.0,0.42,-839.1289672851562
3311,0.05,0.44,0.0,0.43,-841.2406616210938
3312,0.05,0.44,0.0,0.44,-843.40185546875
3313,0.05,0.44,0.0,0.45,-846.4872436523438
3314,0.05,0.44,0.0,0.46,-849.7101440429688
3315,0.05,0.44,0.0,0.47,-850.3057861328125
3316,0.05,0.44,0.0,0.48,-853.7672119140625
3317,0.05,0.44,0.0,0.49,-857.2488403320312
3318,0.05,0.44,0.0,0.5,-860.03125
3319,0.05,0.44,0.0,0.51,-862.5577392578125
3320,0.05,0.44,0.0,0.52,-864.7203369140625
3321,0.05,0.44,0.0,0.53,-866.954345703125
3322,0.05,0.44,0.0,0.54,-870.4168701171875
3323,0.05,0.44,0.0,0.55,-873.2288818359375
3324,0.05,0.44,0.0,0.56,-875.9788818359375
3325,0.05,0.44,0.0,0.57,-878.5477294921875
3326,0.05,0.44,0.0,0.58,-881.05908203125
3327,0.05,0.44,0.0,0.59,-885.4542236328125
3328,0.05,0.44,0.0,0.6,-887.4774169921875
3329,0.05,0.44,0.0,0.61,-890.2307739257812
3330,0.05,0.44,0.0,0.62,-894.2863159179688
3331,0.05,0.44,0.0,0.63,-894.2256469726562
3332,0.05,0.44,0.0,0.64,-899.5902099609375
3333,0.05,0.44,0.0,0.65,-902.889892578125
3334,0.05,0.44,0.0,0.66,-903.0496826171875
3335,0.05,0.44,0.0,0.67,-907.1260375976562
3336,0.05,0.44,0.0,0.68,-910.947265625
3337,0.05,0.44,0.0,0.69,-913.5364379882812
3338,0.05,0.44,0.0,0.7,-918.0994873046875
3339,0.05,0.44,0.0,0.71,-919.170654296875
3340,0.05,0.44,0.0,0.72,-922.6613159179688
3341,0.05,0.44,0.0,0.73,-924.8551025390625
3342,0.05,0.44,0.0,0.74,-927.5367431640625
3343,0.05,0.44,0.0,0.75,-929.4625244140625
3344,0.05,0.45,0.0,0.0,-2172.758544921875
3345,0.05,0.45,0.0,0.01,-865.3753662109375
3346,0.05,0.45,0.0,0.02,-838.217529296875
3347,0.05,0.45,0.0,0.03,-821.3641357421875
3348,0.05,0.45,0.0,0.04,-811.4974365234375
3349,0.05,0.45,0.0,0.05,-805.4502563476562
3350,0.05,0.45,0.0,0.06,-799.5942993164062
3351,0.05,0.45,0.0,0.07,-799.6527099609375
3352,0.05,0.45,0.0,0.08,-792.7659912109375
3353,0.05,0.45,0.0,0.09,-790.7013549804688
3354,0.05,0.45,0.0,0.1,-789.6739501953125
3355,0.05,0.45,0.0,0.11,-789.2864379882812
3356,0.05,0.45,0.0,0.12,-788.6439819335938
3357,0.05,0.45,0.0,0.13,-788.0137939453125
3358,0.05,0.45,0.0,0.14,-788.1243896484375
3359,0.05,0.45,0.0,0.15,-788.19287109375
3360,0.05,0.45,0.0,0.16,-789.3377685546875
3361,0.05,0.45,0.0,0.17,-789.63525390625
3362,0.05,0.45,0.0,0.18,-790.4990234375
3363,0.05,0.45,0.0,0.19,-792.1781616210938
3364,0.05,0.45,0.0,0.2,-794.2391357421875
3365,0.05,0.45,0.0,0.21,-795.7122192382812
3366,0.05,0.45,0.0,0.22,-796.3446655273438
3367,0.05,0.45,0.0,0.23,-798.4984130859375
3368,0.05,0.45,0.0,0.24,-800.7453002929688
3369,0.05,0.45,0.0,0.25,-800.5859375
3370,0.05,0.45,0.0,0.26,-802.1541137695312
3371,0.05,0.45,0.0,0.27,-805.7657470703125
3372,0.05,0.45,0.0,0.28,-806.6881103515625
3373,0.05,0.45,0.0,0.29,-808.9368286132812
3374,0.05,0.45,0.0,0.3,-810.5546875
3375,0.05,0.45,0.0,0.31,-812.88720703125
3376,0.05,0.45,0.0,0.32,-814.7850341796875
3377,0.05,0.45,0.0,0.33,-817.3998413085938
3378,0.05,0.45,0.0,0.34,-819.5791625976562
3379,0.05,0.45,0.0,0.35,-821.11767578125
3380,0.05,0.45,0.0,0.36,-823.6653442382812
3381,0.05,0.45,0.0,0.37,-826.4197387695312
3382,0.05,0.45,0.0,0.38,-828.6276245117188
3383,0.05,0.45,0.0,0.39,-830.7040405273438
3384,0.05,0.45,0.0,0.4,-833.9248046875
3385,0.05,0.45,0.0,0.41,-835.87451171875
3386,0.05,0.45,0.0,0.42,-838.12060546875
3387,0.05,0.45,0.0,0.43,-843.04248046875
3388,0.05,0.45,0.0,0.44,-843.2821655273438
3389,0.05,0.45,0.0,0.45,-847.1617431640625
3390,0.05,0.45,0.0,0.46,-849.3936767578125
3391,0.05,0.45,0.0,0.47,-851.3045654296875
3392,0.05,0.45,0.0,0.48,-854.34228515625
3393,0.05,0.45,0.0,0.49,-856.1532592773438
3394,0.05,0.45,0.0,0.5,-860.6913452148438
3395,0.05,0.45,0.0,0.51,-863.088623046875
3396,0.05,0.45,0.0,0.52,-865.420166015625
3397,0.05,0.45,0.0,0.53,-867.8247680664062
3398,0.05,0.45,0.0,0.54,-870.8436279296875
3399,0.05,0.45,0.0,0.55,-872.4349365234375
3400,0.05,0.45,0.0,0.56,-876.3291015625
3401,0.05,0.45,0.0,0.57,-878.3402099609375
3402,0.05,0.45,0.0,0.58,-882.0374755859375
3403,0.05,0.45,0.0,0.59,-884.9190063476562
3404,0.05,0.45,0.0,0.6,-887.9591064453125
3405,0.05,0.45,0.0,0.61,-890.64501953125
3406,0.05,0.45,0.0,0.62,-892.7175903320312
3407,0.05,0.45,0.0,0.63,-895.9652709960938
3408,0.05,0.45,0.0,0.64,-897.7470703125
3409,0.05,0.45,0.0,0.65,-902.0206298828125
3410,0.05,0.45,0.0,0.66,-904.5437622070312
3411,0.05,0.45,0.0,0.67,-909.0421142578125
3412,0.05,0.45,0.0,0.68,-912.286865234375
3413,0.05,0.45,0.0,0.69,-914.211669921875
3414,0.05,0.45,0.0,0.7,-915.9933471679688
3415,0.05,0.45,0.0,0.71,-919.5787963867188
3416,0.05,0.45,0.0,0.72,-922.58251953125
3417,0.05,0.45,0.0,0.73,-925.9332885742188
3418,0.05,0.45,0.0,0.74,-929.3564453125
3419,0.05,0.45,0.0,0.75,-931.3029174804688
3420,0.05,0.46,0.0,0.0,-2143.716796875
3421,0.05,0.46,0.0,0.01,-865.5167236328125
3422,0.05,0.46,0.0,0.02,-836.2532958984375
3423,0.05,0.46,0.0,0.03,-820.4664306640625
3424,0.05,0.46,0.0,0.04,-811.8838500976562
3425,0.05,0.46,0.0,0.05,-804.482177734375
3426,0.05,0.46,0.0,0.06,-799.1632080078125
3427,0.05,0.46,0.0,0.07,-796.076171875
3428,0.05,0.46,0.0,0.08,-793.9988403320312
3429,0.05,0.46,0.0,0.09,-791.1177368164062
3430,0.05,0.46,0.0,0.1,-790.02294921875
3431,0.05,0.46,0.0,0.11,-788.472900390625
3432,0.05,0.46,0.0,0.12,-788.7197265625
3433,0.05,0.46,0.0,0.13,-788.8843994140625
3434,0.05,0.46,0.0,0.14,-788.4307250976562
3435,0.05,0.46,0.0,0.15,-789.5558471679688
3436,0.05,0.46,0.0,0.16,-790.4974365234375
3437,0.05,0.46,0.0,0.17,-790.1658935546875
3438,0.05,0.46,0.0,0.18,-792.2960205078125
3439,0.05,0.46,0.0,0.19,-792.619140625
3440,0.05,0.46,0.0,0.2,-793.3751220703125
3441,0.05,0.46,0.0,0.21,-795.0855712890625
3442,0.05,0.46,0.0,0.22,-796.6463623046875
3443,0.05,0.46,0.0,0.23,-797.89892578125
3444,0.05,0.46,0.0,0.24,-799.3197631835938
3445,0.05,0.46,0.0,0.25,-801.7876586914062
3446,0.05,0.46,0.0,0.26,-803.1586303710938
3447,0.05,0.46,0.0,0.27,-804.798583984375
3448,0.05,0.46,0.0,0.28,-806.8994140625
3449,0.05,0.46,0.0,0.29,-809.8389892578125
3450,0.05,0.46,0.0,0.3,-811.047607421875
3451,0.05,0.46,0.0,0.31,-813.7125854492188
3452,0.05,0.46,0.0,0.32,-815.9517211914062
3453,0.05,0.46,0.0,0.33,-817.4947509765625
3454,0.05,0.46,0.0,0.34,-819.7979736328125
3455,0.05,0.46,0.0,0.35,-823.0050048828125
3456,0.05,0.46,0.0,0.36,-824.3324584960938
3457,0.05,0.46,0.0,0.37,-827.538330078125
3458,0.05,0.46,0.0,0.38,-828.9112548828125
3459,0.05,0.46,0.0,0.39,-831.9789428710938
3460,0.05,0.46,0.0,0.4,-834.5592041015625
3461,0.05,0.46,0.0,0.41,-837.088134765625
3462,0.05,0.46,0.0,0.42,-839.7442626953125
3463,0.05,0.46,0.0,0.43,-842.071533203125
3464,0.05,0.46,0.0,0.44,-844.032958984375
3465,0.05,0.46,0.0,0.45,-846.978515625
3466,0.05,0.46,0.0,0.46,-849.9714965820312
3467,0.05,0.46,0.0,0.47,-853.6760864257812
3468,0.05,0.46,0.0,0.48,-854.8357543945312
3469,0.05,0.46,0.0,0.49,-857.444091796875
3470,0.05,0.46,0.0,0.5,-860.0250854492188
3471,0.05,0.46,0.0,0.51,-863.3230590820312
3472,0.05,0.46,0.0,0.52,-865.8572998046875
3473,0.05,0.46,0.0,0.53,-868.3414916992188
3474,0.05,0.46,0.0,0.54,-871.8378295898438
3475,0.05,0.46,0.0,0.55,-874.2538452148438
3476,0.05,0.46,0.0,0.56,-876.9869995117188
3477,0.05,0.46,0.0,0.57,-880.3148193359375
3478,0.05,0.46,0.0,0.58,-881.3111572265625
3479,0.05,0.46,0.0,0.59,-885.94482421875
3480,0.05,0.46,0.0,0.6,-888.8954467773438
3481,0.05,0.46,0.0,0.61,-891.03759765625
3482,0.05,0.46,0.0,0.62,-895.1318969726562
3483,0.05,0.46,0.0,0.63,-897.4656372070312
3484,0.05,0.46,0.0,0.64,-900.8644409179688
3485,0.05,0.46,0.0,0.65,-904.24853515625
3486,0.05,0.46,0.0,0.66,-905.3460693359375
3487,0.05,0.46,0.0,0.67,-910.1690673828125
3488,0.05,0.46,0.0,0.68,-912.7412719726562
3489,0.05,0.46,0.0,0.69,-914.2756958007812
3490,0.05,0.46,0.0,0.7,-917.7265014648438
3491,0.05,0.46,0.0,0.71,-922.22119140625
3492,0.05,0.46,0.0,0.72,-923.4693603515625
3493,0.05,0.46,0.0,0.73,-925.307373046875
3494,0.05,0.46,0.0,0.74,-930.4120483398438
3495,0.05,0.46,0.0,0.75,-931.8704833984375
3496,0.05,0.47,0.0,0.0,-2354.64208984375
3497,0.05,0.47,0.0,0.01,-865.2921142578125
3498,0.05,0.47,0.0,0.02,-835.8048706054688
3499,0.05,0.47,0.0,0.03,-822.2213134765625
3500,0.05,0.47,0.0,0.04,-812.875244140625
3501,0.05,0.47,0.0,0.05,-804.2713623046875
3502,0.05,0.47,0.0,0.06,-799.6689453125
3503,0.05,0.47,0.0,0.07,-795.9642333984375
3504,0.05,0.47,0.0,0.08,-793.7783203125
3505,0.05,0.47,0.0,0.09,-791.392578125
3506,0.05,0.47,0.0,0.1,-789.8740234375
3507,0.05,0.47,0.0,0.11,-792.2864379882812
3508,0.05,0.47,0.0,0.12,-789.0264892578125
3509,0.05,0.47,0.0,0.13,-789.5132446289062
3510,0.05,0.47,0.0,0.14,-789.0341796875
3511,0.05,0.47,0.0,0.15,-788.754150390625
3512,0.05,0.47,0.0,0.16,-789.8300170898438
3513,0.05,0.47,0.0,0.17,-790.80029296875
3514,0.05,0.47,0.0,0.18,-791.5698852539062
3515,0.05,0.47,0.0,0.19,-793.7291259765625
3516,0.05,0.47,0.0,0.2,-794.4991455078125
3517,0.05,0.47,0.0,0.21,-795.038330078125
3518,0.05,0.47,0.0,0.22,-796.4404296875
3519,0.05,0.47,0.0,0.23,-798.2858276367188
3520,0.05,0.47,0.0,0.24,-799.5629272460938
3521,0.05,0.47,0.0,0.25,-801.3223266601562
3522,0.05,0.47,0.0,0.26,-803.989501953125
3523,0.05,0.47,0.0,0.27,-805.5309448242188
3524,0.05,0.47,0.0,0.28,-807.7672729492188
3525,0.05,0.47,0.0,0.29,-811.0355224609375
3526,0.05,0.47,0.0,0.3,-812.0572509765625
3527,0.05,0.47,0.0,0.31,-813.93115234375
3528,0.05,0.47,0.0,0.32,-815.72900390625
3529,0.05,0.47,0.0,0.33,-818.01318359375
3530,0.05,0.47,0.0,0.34,-820.2296142578125
3531,0.05,0.47,0.0,0.35,-823.7030029296875
3532,0.05,0.47,0.0,0.36,-825.6787109375
3533,0.05,0.47,0.0,0.37,-828.279541015625
3534,0.05,0.47,0.0,0.38,-829.9095458984375
3535,0.05,0.47,0.0,0.39,-831.8743896484375
3536,0.05,0.47,0.0,0.4,-834.9013671875
3537,0.05,0.47,0.0,0.41,-837.4661865234375
3538,0.05,0.47,0.0,0.42,-841.181640625
3539,0.05,0.47,0.0,0.43,-842.1368408203125
3540,0.05,0.47,0.0,0.44,-845.61669921875
3541,0.05,0.47,0.0,0.45,-847.2882690429688
3542,0.05,0.47,0.0,0.46,-849.9826049804688
3543,0.05,0.47,0.0,0.47,-852.4378662109375
3544,0.05,0.47,0.0,0.48,-855.66650390625
3545,0.05,0.47,0.0,0.49,-858.5428466796875
3546,0.05,0.47,0.0,0.5,-862.1072387695312
3547,0.05,0.47,0.0,0.51,-864.39453125
3548,0.05,0.47,0.0,0.52,-866.7319946289062
3549,0.05,0.47,0.0,0.53,-869.260498046875
3550,0.05,0.47,0.0,0.54,-872.4698486328125
3551,0.05,0.47,0.0,0.55,-875.012451171875
3552,0.05,0.47,0.0,0.56,-878.1727294921875
3553,0.05,0.47,0.0,0.57,-881.44677734375
3554,0.05,0.47,0.0,0.58,-882.52099609375
3555,0.05,0.47,0.0,0.59,-886.1398315429688
3556,0.05,0.47,0.0,0.6,-890.7129516601562
3557,0.05,0.47,0.0,0.61,-891.4229736328125
3558,0.05,0.47,0.0,0.62,-893.80517578125
3559,0.05,0.47,0.0,0.63,-898.303466796875
3560,0.05,0.47,0.0,0.64,-899.9271850585938
3561,0.05,0.47,0.0,0.65,-905.3931884765625
3562,0.05,0.47,0.0,0.66,-906.871337890625
3563,0.05,0.47,0.0,0.67,-910.2783813476562
3564,0.05,0.47,0.0,0.68,-913.126220703125
3565,0.05,0.47,0.0,0.69,-915.216552734375
3566,0.05,0.47,0.0,0.7,-918.3206787109375
3567,0.05,0.47,0.0,0.71,-921.1257934570312
3568,0.05,0.47,0.0,0.72,-925.7886962890625
3569,0.05,0.47,0.0,0.73,-927.8036499023438
3570,0.05,0.47,0.0,0.74,-931.5535888671875
3571,0.05,0.47,0.0,0.75,-935.104248046875
3572,0.05,0.48,0.0,0.0,-2325.22119140625
3573,0.05,0.48,0.0,0.01,-863.7513427734375
3574,0.05,0.48,0.0,0.02,-836.7568359375
3575,0.05,0.48,0.0,0.03,-821.809814453125
3576,0.05,0.48,0.0,0.04,-812.197509765625
3577,0.05,0.48,0.0,0.05,-805.5289306640625
3578,0.05,0.48,0.0,0.06,-800.2736206054688
3579,0.05,0.48,0.0,0.07,-797.312744140625
3580,0.05,0.48,0.0,0.08,-797.0023803710938
3581,0.05,0.48,0.0,0.09,-793.5779418945312
3582,0.05,0.48,0.0,0.1,-792.85107421875
3583,0.05,0.48,0.0,0.11,-790.6078491210938
3584,0.05,0.48,0.0,0.12,-789.6165161132812
3585,0.05,0.48,0.0,0.13,-790.2156982421875
3586,0.05,0.48,0.0,0.14,-789.19189453125
3587,0.05,0.48,0.0,0.15,-790.7761840820312
3588,0.05,0.48,0.0,0.16,-791.7489013671875
3589,0.05,0.48,0.0,0.17,-792.296630859375
3590,0.05,0.48,0.0,0.18,-793.554931640625
3591,0.05,0.48,0.0,0.19,-793.5864868164062
3592,0.05,0.48,0.0,0.2,-795.0177001953125
3593,0.05,0.48,0.0,0.21,-795.81787109375
3594,0.05,0.48,0.0,0.22,-797.6300048828125
3595,0.05,0.48,0.0,0.23,-799.332763671875
3596,0.05,0.48,0.0,0.24,-800.814208984375
3597,0.05,0.48,0.0,0.25,-802.2943725585938
3598,0.05,0.48,0.0,0.26,-804.5189819335938
3599,0.05,0.48,0.0,0.27,-806.5064697265625
3600,0.05,0.48,0.0,0.28,-808.78125
3601,0.05,0.48,0.0,0.29,-810.0704345703125
3602,0.05,0.48,0.0,0.3,-812.4290771484375
3603,0.05,0.48,0.0,0.31,-814.8043823242188
3604,0.05,0.48,0.0,0.32,-816.558349609375
3605,0.05,0.48,0.0,0.33,-818.7872314453125
3606,0.05,0.48,0.0,0.34,-820.5833740234375
3607,0.05,0.48,0.0,0.35,-822.7483520507812
3608,0.05,0.48,0.0,0.36,-825.4603881835938
3609,0.05,0.48,0.0,0.37,-828.1544189453125
3610,0.05,0.48,0.0,0.38,-830.31396484375
3611,0.05,0.48,0.0,0.39,-832.9932861328125
3612,0.05,0.48,0.0,0.4,-834.7640991210938
3613,0.05,0.48,0.0,0.41,-838.097900390625
3614,0.05,0.48,0.0,0.42,-840.164306640625
3615,0.05,0.48,0.0,0.43,-843.4619140625
3616,0.05,0.48,0.0,0.44,-845.61962890625
3617,0.05,0.48,0.0,0.45,-848.611083984375
3618,0.05,0.48,0.0,0.46,-851.2267456054688
3619,0.05,0.48,0.0,0.47,-853.4178466796875
3620,0.05,0.48,0.0,0.48,-857.222412109375
3621,0.05,0.48,0.0,0.49,-860.0045166015625
3622,0.05,0.48,0.0,0.5,-861.5875244140625
3623,0.05,0.48,0.0,0.51,-866.2279663085938
3624,0.05,0.48,0.0,0.52,-866.6280517578125
3625,0.05,0.48,0.0,0.53,-869.7529296875
3626,0.05,0.48,0.0,0.54,-873.2567749023438
3627,0.05,0.48,0.0,0.55,-875.760498046875
3628,0.05,0.48,0.0,0.56,-877.0331420898438
3629,0.05,0.48,0.0,0.57,-882.2252197265625
3630,0.05,0.48,0.0,0.58,-884.28759765625
3631,0.05,0.48,0.0,0.59,-888.4197998046875
3632,0.05,0.48,0.0,0.6,-890.0198974609375
3633,0.05,0.48,0.0,0.61,-893.2900390625
3634,0.05,0.48,0.0,0.62,-895.1785888671875
3635,0.05,0.48,0.0,0.63,-897.4769897460938
3636,0.05,0.48,0.0,0.64,-901.6058959960938
3637,0.05,0.48,0.0,0.65,-904.41259765625
3638,0.05,0.48,0.0,0.66,-906.3373413085938
3639,0.05,0.48,0.0,0.67,-910.9388427734375
3640,0.05,0.48,0.0,0.68,-912.9873046875
3641,0.05,0.48,0.0,0.69,-917.060791015625
3642,0.05,0.48,0.0,0.7,-920.4091796875
3643,0.05,0.48,0.0,0.71,-922.3084716796875
3644,0.05,0.48,0.0,0.72,-925.7738037109375
3645,0.05,0.48,0.0,0.73,-931.2720947265625
3646,0.05,0.48,0.0,0.74,-932.5465087890625
3647,0.05,0.48,0.0,0.75,-933.3505859375
3648,0.05,0.49,0.0,0.0,-2319.12646484375
3649,0.05,0.49,0.0,0.01,-863.9942626953125
3650,0.05,0.49,0.0,0.02,-839.53515625
3651,0.05,0.49,0.0,0.03,-824.3729248046875
3652,0.05,0.49,0.0,0.04,-812.2847900390625
3653,0.05,0.49,0.0,0.05,-806.0562744140625
3654,0.05,0.49,0.0,0.06,-800.674072265625
3655,0.05,0.49,0.0,0.07,-796.8817749023438
3656,0.05,0.49,0.0,0.08,-795.0155639648438
3657,0.05,0.49,0.0,0.09,-793.203857421875
3658,0.05,0.49,0.0,0.1,-791.351318359375
3659,0.05,0.49,0.0,0.11,-790.3831787109375
3660,0.05,0.49,0.0,0.12,-790.1087646484375
3661,0.05,0.49,0.0,0.13,-789.653076171875
3662,0.05,0.49,0.0,0.14,-790.052734375
3663,0.05,0.49,0.0,0.15,-790.423583984375
3664,0.05,0.49,0.0,0.16,-791.3088989257812
3665,0.05,0.49,0.0,0.17,-791.704345703125
3666,0.05,0.49,0.0,0.18,-793.9537963867188
3667,0.05,0.49,0.0,0.19,-794.4183959960938
3668,0.05,0.49,0.0,0.2,-795.4738159179688
3669,0.05,0.49,0.0,0.21,-796.8043212890625
3670,0.05,0.49,0.0,0.22,-798.3692016601562
3671,0.05,0.49,0.0,0.23,-799.4276733398438
3672,0.05,0.49,0.0,0.24,-801.5762939453125
3673,0.05,0.49,0.0,0.25,-803.2244262695312
3674,0.05,0.49,0.0,0.26,-804.9918212890625
3675,0.05,0.49,0.0,0.27,-808.19482421875
3676,0.05,0.49,0.0,0.28,-809.3427734375
3677,0.05,0.49,0.0,0.29,-811.1046142578125
3678,0.05,0.49,0.0,0.3,-814.6187744140625
3679,0.05,0.49,0.0,0.31,-815.7222290039062
3680,0.05,0.49,0.0,0.32,-817.2869873046875
3681,0.05,0.49,0.0,0.33,-822.4462890625
3682,0.05,0.49,0.0,0.34,-821.8648071289062
3683,0.05,0.49,0.0,0.35,-824.7091064453125
3684,0.05,0.49,0.0,0.36,-826.948974609375
3685,0.05,0.49,0.0,0.37,-829.1897583007812
3686,0.05,0.49,0.0,0.38,-831.9841918945312
3687,0.05,0.49,0.0,0.39,-833.8850708007812
3688,0.05,0.49,0.0,0.4,-837.4573974609375
3689,0.05,0.49,0.0,0.41,-838.73828125
3690,0.05,0.49,0.0,0.42,-841.2871704101562
3691,0.05,0.49,0.0,0.43,-843.5711669921875
3692,0.05,0.49,0.0,0.44,-846.579345703125
3693,0.05,0.49,0.0,0.45,-849.3262939453125
3694,0.05,0.49,0.0,0.46,-852.7850952148438
3695,0.05,0.49,0.0,0.47,-856.436279296875
3696,0.05,0.49,0.0,0.48,-857.3372192382812
3697,0.05,0.49,0.0,0.49,-861.0040893554688
3698,0.05,0.49,0.0,0.5,-861.6814575195312
3699,0.05,0.49,0.0,0.51,-865.2137451171875
3700,0.05,0.49,0.0,0.52,-867.489501953125
3701,0.05,0.49,0.0,0.53,-872.1909790039062
3702,0.05,0.49,0.0,0.54,-873.33837890625
3703,0.05,0.49,0.0,0.55,-876.829345703125
3704,0.05,0.49,0.0,0.56,-880.2283935546875
3705,0.05,0.49,0.0,0.57,-882.81494140625
3706,0.05,0.49,0.0,0.58,-886.45849609375
3707,0.05,0.49,0.0,0.59,-886.927978515625
3708,0.05,0.49,0.0,0.6,-890.6653442382812
3709,0.05,0.49,0.0,0.61,-894.2142944335938
3710,0.05,0.49,0.0,0.62,-896.7974853515625
3711,0.05,0.49,0.0,0.63,-901.8196411132812
3712,0.05,0.49,0.0,0.64,-904.2965698242188
3713,0.05,0.49,0.0,0.65,-906.2606201171875
3714,0.05,0.49,0.0,0.66,-908.9608154296875
3715,0.05,0.49,0.0,0.67,-911.0990600585938
3716,0.05,0.49,0.0,0.68,-913.74658203125
3717,0.05,0.49,0.0,0.69,-917.5289306640625
3718,0.05,0.49,0.0,0.7,-920.5475463867188
3719,0.05,0.49,0.0,0.71,-923.113037109375
3720,0.05,0.49,0.0,0.72,-927.5833740234375
3721,0.05,0.49,0.0,0.73,-928.589111328125
3722,0.05,0.49,0.0,0.74,-930.34130859375
3723,0.05,0.49,0.0,0.75,-935.3478393554688
3724,0.05,0.5,0.0,0.0,-2326.0830078125
3725,0.05,0.5,0.0,0.01,-866.9848022460938
3726,0.05,0.5,0.0,0.02,-837.9953002929688
3727,0.05,0.5,0.0,0.03,-823.0675048828125
3728,0.05,0.5,0.0,0.04,-814.2166748046875
3729,0.05,0.5,0.0,0.05,-806.1268310546875
3730,0.05,0.5,0.0,0.06,-802.3907470703125
3731,0.05,0.5,0.0,0.07,-798.033447265625
3732,0.05,0.5,0.0,0.08,-796.6806030273438
3733,0.05,0.5,0.0,0.09,-793.3929443359375
3734,0.05,0.5,0.0,0.1,-792.5572509765625
3735,0.05,0.5,0.0,0.11,-791.4716186523438
3736,0.05,0.5,0.0,0.12,-791.1373901367188
3737,0.05,0.5,0.0,0.13,-791.3464965820312
3738,0.05,0.5,0.0,0.14,-790.5068359375
3739,0.05,0.5,0.0,0.15,-791.5333862304688
3740,0.05,0.5,0.0,0.16,-791.8310546875
3741,0.05,0.5,0.0,0.17,-792.8685302734375
3742,0.05,0.5,0.0,0.18,-793.4462280273438
3743,0.05,0.5,0.0,0.19,-794.5782470703125
3744,0.05,0.5,0.0,0.2,-796.0470581054688
3745,0.05,0.5,0.0,0.21,-798.028564453125
3746,0.05,0.5,0.0,0.22,-798.98779296875
3747,0.05,0.5,0.0,0.23,-801.0703125
3748,0.05,0.5,0.0,0.24,-802.083251953125
3749,0.05,0.5,0.0,0.25,-803.656005859375
3750,0.05,0.5,0.0,0.26,-806.73046875
3751,0.05,0.5,0.0,0.27,-807.519775390625
3752,0.05,0.5,0.0,0.28,-808.97802734375
3753,0.05,0.5,0.0,0.29,-811.1892700195312
3754,0.05,0.5,0.0,0.3,-813.4404907226562
3755,0.05,0.5,0.0,0.31,-815.5575561523438
3756,0.05,0.5,0.0,0.32,-817.82763671875
3757,0.05,0.5,0.0,0.33,-821.2366943359375
3758,0.05,0.5,0.0,0.34,-822.7935791015625
3759,0.05,0.5,0.0,0.35,-825.810546875
3760,0.05,0.5,0.0,0.36,-827.880615234375
3761,0.05,0.5,0.0,0.37,-830.4052734375
3762,0.05,0.5,0.0,0.38,-832.5140991210938
3763,0.05,0.5,0.0,0.39,-834.529541015625
3764,0.05,0.5,0.0,0.4,-837.4832153320312
3765,0.05,0.5,0.0,0.41,-839.753173828125
3766,0.05,0.5,0.0,0.42,-842.2471923828125
3767,0.05,0.5,0.0,0.43,-846.36962890625
3768,0.05,0.5,0.0,0.44,-847.5589599609375
3769,0.05,0.5,0.0,0.45,-850.5958251953125
3770,0.05,0.5,0.0,0.46,-853.4541015625
3771,0.05,0.5,0.0,0.47,-855.6856689453125
3772,0.05,0.5,0.0,0.48,-858.11962890625
3773,0.05,0.5,0.0,0.49,-860.3590087890625
3774,0.05,0.5,0.0,0.5,-863.6740112304688
3775,0.05,0.5,0.0,0.51,-866.30810546875
3776,0.05,0.5,0.0,0.52,-868.9617309570312
3777,0.05,0.5,0.0,0.53,-872.3576049804688
3778,0.05,0.5,0.0,0.54,-874.8719482421875
3779,0.05,0.5,0.0,0.55,-877.2938232421875
3780,0.05,0.5,0.0,0.56,-880.5525512695312
3781,0.05,0.5,0.0,0.57,-883.7352294921875
3782,0.05,0.5,0.0,0.58,-885.5601806640625
3783,0.05,0.5,0.0,0.59,-888.8472900390625
3784,0.05,0.5,0.0,0.6,-892.308837890625
3785,0.05,0.5,0.0,0.61,-894.671875
3786,0.05,0.5,0.0,0.62,-897.3474731445312
3787,0.05,0.5,0.0,0.63,-901.2689819335938
3788,0.05,0.5,0.0,0.64,-904.5089721679688
3789,0.05,0.5,0.0,0.65,-907.731201171875
3790,0.05,0.5,0.0,0.66,-908.81298828125
3791,0.05,0.5,0.0,0.67,-912.1992797851562
3792,0.05,0.5,0.0,0.68,-916.305419921875
3793,0.05,0.5,0.0,0.69,-918.42041015625
3794,0.05,0.5,0.0,0.7,-921.0083618164062
3795,0.05,0.5,0.0,0.71,-923.7926025390625
3796,0.05,0.5,0.0,0.72,-928.4288330078125
3797,0.05,0.5,0.0,0.73,-931.1432495117188
3798,0.05,0.5,0.0,0.74,-931.9304809570312
3799,0.05,0.5,0.0,0.75,-936.5885009765625
3800,0.05,0.51,0.0,0.0,-2309.56298828125
3801,0.05,0.51,0.0,0.01,-866.62255859375
3802,0.05,0.51,0.0,0.02,-839.5762939453125
3803,0.05,0.51,0.0,0.03,-824.1697998046875
3804,0.05,0.51,0.0,0.04,-816.4290771484375
3805,0.05,0.51,0.0,0.05,-808.7235107421875
3806,0.05,0.51,0.0,0.06,-802.446533203125
3807,0.05,0.51,0.0,0.07,-799.0054931640625
3808,0.05,0.51,0.0,0.08,-797.7415771484375
3809,0.05,0.51,0.0,0.09,-795.8411865234375
3810,0.05,0.51,0.0,0.1,-793.5240478515625
3811,0.05,0.51,0.0,0.11,-792.2042846679688
3812,0.05,0.51,0.0,0.12,-790.87158203125
3813,0.05,0.51,0.0,0.13,-791.070068359375
3814,0.05,0.51,0.0,0.14,-791.6280517578125
3815,0.05,0.51,0.0,0.15,-792.1644287109375
3816,0.05,0.51,0.0,0.16,-794.24755859375
3817,0.05,0.51,0.0,0.17,-793.0560302734375
3818,0.05,0.51,0.0,0.18,-794.6328125
3819,0.05,0.51,0.0,0.19,-794.9947509765625
3820,0.05,0.51,0.0,0.2,-797.16552734375
3821,0.05,0.51,0.0,0.21,-799.5684814453125
3822,0.05,0.51,0.0,0.22,-801.42578125
3823,0.05,0.51,0.0,0.23,-801.257080078125
3824,0.05,0.51,0.0,0.24,-803.6305541992188
3825,0.05,0.51,0.0,0.25,-805.3090209960938
3826,0.05,0.51,0.0,0.26,-806.9451293945312
3827,0.05,0.51,0.0,0.27,-808.2940673828125
3828,0.05,0.51,0.0,0.28,-811.0444946289062
3829,0.05,0.51,0.0,0.29,-813.0963745117188
3830,0.05,0.51,0.0,0.3,-814.9231567382812
3831,0.05,0.51,0.0,0.31,-817.9052734375
3832,0.05,0.51,0.0,0.32,-818.8636474609375
3833,0.05,0.51,0.0,0.33,-821.3822021484375
3834,0.05,0.51,0.0,0.34,-823.4878540039062
3835,0.05,0.51,0.0,0.35,-827.8040771484375
3836,0.05,0.51,0.0,0.36,-828.8822021484375
3837,0.05,0.51,0.0,0.37,-830.4984130859375
3838,0.05,0.51,0.0,0.38,-833.99267578125
3839,0.05,0.51,0.0,0.39,-835.24462890625
3840,0.05,0.51,0.0,0.4,-838.855712890625
3841,0.05,0.51,0.0,0.41,-841.6586303710938
3842,0.05,0.51,0.0,0.42,-844.189697265625
3843,0.05,0.51,0.0,0.43,-846.0513916015625
3844,0.05,0.51,0.0,0.44,-847.8158569335938
3845,0.05,0.51,0.0,0.45,-851.0865478515625
3846,0.05,0.51,0.0,0.46,-854.8670043945312
3847,0.05,0.51,0.0,0.47,-857.96240234375
3848,0.05,0.51,0.0,0.48,-859.1614990234375
3849,0.05,0.51,0.0,0.49,-861.6669311523438
3850,0.05,0.51,0.0,0.5,-865.5465087890625
3851,0.05,0.51,0.0,0.51,-869.2584228515625
3852,0.05,0.51,0.0,0.52,-870.2969970703125
3853,0.05,0.51,0.0,0.53,-873.607177734375
3854,0.05,0.51,0.0,0.54,-876.0352783203125
3855,0.05,0.51,0.0,0.55,-879.8997192382812
3856,0.05,0.51,0.0,0.56,-880.317138671875
3857,0.05,0.51,0.0,0.57,-884.3154296875
3858,0.05,0.51,0.0,0.58,-888.4896240234375
3859,0.05,0.51,0.0,0.59,-890.9049072265625
3860,0.05,0.51,0.0,0.6,-892.6767578125
3861,0.05,0.51,0.0,0.61,-895.4332275390625
3862,0.05,0.51,0.0,0.62,-898.2672119140625
3863,0.05,0.51,0.0,0.63,-902.030029296875
3864,0.05,0.51,0.0,0.64,-905.1019287109375
3865,0.05,0.51,0.0,0.65,-907.4251098632812
3866,0.05,0.51,0.0,0.66,-910.8217163085938
3867,0.05,0.51,0.0,0.67,-913.786376953125
3868,0.05,0.51,0.0,0.68,-916.6013793945312
3869,0.05,0.51,0.0,0.69,-918.1383056640625
3870,0.05,0.51,0.0,0.7,-922.81884765625
3871,0.05,0.51,0.0,0.71,-924.4114990234375
3872,0.05,0.51,0.0,0.72,-929.3955078125
3873,0.05,0.51,0.0,0.73,-931.2850341796875
3874,0.05,0.51,0.0,0.74,-933.41455078125
3875,0.05,0.51,0.0,0.75,-936.00341796875
3876,0.05,0.52,0.0,0.0,-2292.826171875
3877,0.05,0.52,0.0,0.01,-870.1151123046875
3878,0.05,0.52,0.0,0.02,-838.7885131835938
3879,0.05,0.52,0.0,0.03,-824.719970703125
3880,0.05,0.52,0.0,0.04,-816.122802734375
3881,0.05,0.52,0.0,0.05,-809.031494140625
3882,0.05,0.52,0.0,0.06,-803.9794921875
3883,0.05,0.52,0.0,0.07,-799.89453125
3884,0.05,0.52,0.0,0.08,-797.080322265625
3885,0.05,0.52,0.0,0.09,-798.4216918945312
3886,0.05,0.52,0.0,0.1,-793.94482421875
3887,0.05,0.52,0.0,0.11,-793.8095703125
3888,0.05,0.52,0.0,0.12,-792.2908935546875
3889,0.05,0.52,0.0,0.13,-792.4656982421875
3890,0.05,0.52,0.0,0.14,-792.645751953125
3891,0.05,0.52,0.0,0.15,-792.4629516601562
3892,0.05,0.52,0.0,0.16,-795.4071044921875
3893,0.05,0.52,0.0,0.17,-794.68115234375
3894,0.05,0.52,0.0,0.18,-796.7619018554688
3895,0.05,0.52,0.0,0.19,-796.5276489257812
3896,0.05,0.52,0.0,0.2,-798.2203369140625
3897,0.05,0.52,0.0,0.21,-798.7365112304688
3898,0.05,0.52,0.0,0.22,-801.43896484375
3899,0.05,0.52,0.0,0.23,-802.80078125
3900,0.05,0.52,0.0,0.24,-804.4010009765625
3901,0.05,0.52,0.0,0.25,-806.6734008789062
3902,0.05,0.52,0.0,0.26,-806.9205322265625
3903,0.05,0.52,0.0,0.27,-810.6515502929688
3904,0.05,0.52,0.0,0.28,-813.66259765625
3905,0.05,0.52,0.0,0.29,-814.5875244140625
3906,0.05,0.52,0.0,0.3,-815.5433959960938
3907,0.05,0.52,0.0,0.31,-817.642822265625
3908,0.05,0.52,0.0,0.32,-820.78857421875
3909,0.05,0.52,0.0,0.33,-822.83203125
3910,0.05,0.52,0.0,0.34,-823.78466796875
3911,0.05,0.52,0.0,0.35,-827.0601196289062
3912,0.05,0.52,0.0,0.36,-829.2611083984375
3913,0.05,0.52,0.0,0.37,-832.5655517578125
3914,0.05,0.52,0.0,0.38,-834.703369140625
3915,0.05,0.52,0.0,0.39,-836.1539916992188
3916,0.05,0.52,0.0,0.4,-839.6770629882812
3917,0.05,0.52,0.0,0.41,-841.0596923828125
3918,0.05,0.52,0.0,0.42,-845.0701904296875
3919,0.05,0.52,0.0,0.43,-846.5919189453125
3920,0.05,0.52,0.0,0.44,-849.5764770507812
3921,0.05,0.52,0.0,0.45,-851.8836669921875
3922,0.05,0.52,0.0,0.46,-855.8192138671875
3923,0.05,0.52,0.0,0.47,-856.9609375
3924,0.05,0.52,0.0,0.48,-860.3232421875
3925,0.05,0.52,0.0,0.49,-863.1644897460938
3926,0.05,0.52,0.0,0.5,-865.518310546875
3927,0.05,0.52,0.0,0.51,-868.3480834960938
3928,0.05,0.52,0.0,0.52,-871.4374389648438
3929,0.05,0.52,0.0,0.53,-873.8004760742188
3930,0.05,0.52,0.0,0.54,-876.2510375976562
3931,0.05,0.52,0.0,0.55,-879.8861694335938
3932,0.05,0.52,0.0,0.56,-882.6852416992188
3933,0.05,0.52,0.0,0.57,-885.01220703125
3934,0.05,0.52,0.0,0.58,-888.82470703125
3935,0.05,0.52,0.0,0.59,-890.7879028320312
3936,0.05,0.52,0.0,0.6,-895.1793212890625
3937,0.05,0.52,0.0,0.61,-897.875732421875
3938,0.05,0.52,0.0,0.62,-900.3421630859375
3939,0.05,0.52,0.0,0.63,-903.5353393554688
3940,0.05,0.52,0.0,0.64,-903.973388671875
3941,0.05,0.52,0.0,0.65,-909.4793701171875
3942,0.05,0.52,0.0,0.66,-911.8297119140625
3943,0.05,0.52,0.0,0.67,-913.9217529296875
3944,0.05,0.52,0.0,0.68,-918.5418701171875
3945,0.05,0.52,0.0,0.69,-920.3789672851562
3946,0.05,0.52,0.0,0.7,-922.4573974609375
3947,0.05,0.52,0.0,0.71,-927.4766845703125
3948,0.05,0.52,0.0,0.72,-930.256103515625
3949,0.05,0.52,0.0,0.73,-930.56298828125
3950,0.05,0.52,0.0,0.74,-937.84033203125
3951,0.05,0.52,0.0,0.75,-938.0432739257812
3952,0.05,0.53,0.0,0.0,-2121.62890625
3953,0.05,0.53,0.0,0.01,-867.935302734375
3954,0.05,0.53,0.0,0.02,-840.71337890625
3955,0.05,0.53,0.0,0.03,-825.2728271484375
3956,0.05,0.53,0.0,0.04,-816.3040771484375
3957,0.05,0.53,0.0,0.05,-810.0841064453125
3958,0.05,0.53,0.0,0.06,-804.3359985351562
3959,0.05,0.53,0.0,0.07,-801.3113403320312
3960,0.05,0.53,0.0,0.08,-797.90673828125
3961,0.05,0.53,0.0,0.09,-797.3814697265625
3962,0.05,0.53,0.0,0.1,-795.8255615234375
3963,0.05,0.53,0.0,0.11,-794.114501953125
3964,0.05,0.53,0.0,0.12,-793.3703002929688
3965,0.05,0.53,0.0,0.13,-793.8013916015625
3966,0.05,0.53,0.0,0.14,-792.4391479492188
3967,0.05,0.53,0.0,0.15,-793.446533203125
3968,0.05,0.53,0.0,0.16,-794.2059326171875
3969,0.05,0.53,0.0,0.17,-796.054443359375
3970,0.05,0.53,0.0,0.18,-796.4415283203125
3971,0.05,0.53,0.0,0.19,-798.7103271484375
3972,0.05,0.53,0.0,0.2,-799.0360717773438
3973,0.05,0.53,0.0,0.21,-800.0167236328125
3974,0.05,0.53,0.0,0.22,-801.7119140625
3975,0.05,0.53,0.0,0.23,-803.6168212890625
3976,0.05,0.53,0.0,0.24,-804.7044677734375
3977,0.05,0.53,0.0,0.25,-807.5738525390625
3978,0.05,0.53,0.0,0.26,-810.7943115234375
3979,0.05,0.53,0.0,0.27,-811.4714965820312
3980,0.05,0.53,0.0,0.28,-812.7808837890625
3981,0.05,0.53,0.0,0.29,-814.2671508789062
3982,0.05,0.53,0.0,0.3,-816.4932861328125
3983,0.05,0.53,0.0,0.31,-820.921630859375
3984,0.05,0.53,0.0,0.32,-821.11376953125
3985,0.05,0.53,0.0,0.33,-823.0858154296875
3986,0.05,0.53,0.0,0.34,-826.907958984375
3987,0.05,0.53,0.0,0.35,-828.5511474609375
3988,0.05,0.53,0.0,0.36,-830.2049560546875
3989,0.05,0.53,0.0,0.37,-832.8096923828125
3990,0.05,0.53,0.0,0.38,-836.1585693359375
3991,0.05,0.53,0.0,0.39,-838.3492431640625
3992,0.05,0.53,0.0,0.4,-840.5654296875
3993,0.05,0.53,0.0,0.41,-844.1144409179688
3994,0.05,0.53,0.0,0.42,-845.823974609375
3995,0.05,0.53,0.0,0.43,-848.3316040039062
3996,0.05,0.53,0.0,0.44,-849.9418334960938
3997,0.05,0.53,0.0,0.45,-853.7185668945312
3998,0.05,0.53,0.0,0.46,-856.49951171875
3999,0.05,0.53,0.0,0.47,-858.0361938476562
4000,0.05,0.53,0.0,0.48,-861.9332275390625
4001,0.05,0.53,0.0,0.49,-864.24755859375
4002,0.05,0.53,0.0,0.5,-867.4432373046875
4003,0.05,0.53,0.0,0.51,-871.0623779296875
4004,0.05,0.53,0.0,0.52,-871.1351318359375
4005,0.05,0.53,0.0,0.53,-873.9210205078125
4006,0.05,0.53,0.0,0.54,-877.6382446289062
4007,0.05,0.53,0.0,0.55,-880.4891357421875
4008,0.05,0.53,0.0,0.56,-883.765869140625
4009,0.05,0.53,0.0,0.57,-886.6737060546875
4010,0.05,0.53,0.0,0.58,-889.7101440429688
4011,0.05,0.53,0.0,0.59,-895.2654418945312
4012,0.05,0.53,0.0,0.6,-895.8389892578125
4013,0.05,0.53,0.0,0.61,-898.5846557617188
4014,0.05,0.53,0.0,0.62,-900.845458984375
4015,0.05,0.53,0.0,0.63,-905.95361328125
4016,0.05,0.53,0.0,0.64,-907.2740478515625
4017,0.05,0.53,0.0,0.65,-910.185546875
4018,0.05,0.53,0.0,0.66,-911.8538208007812
4019,0.05,0.53,0.0,0.67,-916.181884765625
4020,0.05,0.53,0.0,0.68,-919.10595703125
4021,0.05,0.53,0.0,0.69,-920.130615234375
4022,0.05,0.53,0.0,0.7,-924.9771728515625
4023,0.05,0.53,0.0,0.71,-927.5999755859375
4024,0.05,0.53,0.0,0.72,-931.632080078125
4025,0.05,0.53,0.0,0.73,-934.5557250976562
4026,0.05,0.53,0.0,0.74,-935.6696166992188
4027,0.05,0.53,0.0,0.75,-940.2098999023438
4028,0.05,0.54,0.0,0.0,-2323.4765625
4029,0.05,0.54,0.0,0.01,-868.724609375
4030,0.05,0.54,0.0,0.02,-841.8829345703125
4031,0.05,0.54,0.0,0.03,-828.6988525390625
4032,0.05,0.54,0.0,0.04,-818.3501586914062
4033,0.05,0.54,0.0,0.05,-809.8412475585938
4034,0.05,0.54,0.0,0.06,-806.948974609375
4035,0.05,0.54,0.0,0.07,-802.3709716796875
4036,0.05,0.54,0.0,0.08,-798.8857421875
4037,0.05,0.54,0.0,0.09,-796.9467163085938
4038,0.05,0.54,0.0,0.1,-795.805419921875
4039,0.05,0.54,0.0,0.11,-795.5747680664062
4040,0.05,0.54,0.0,0.12,-794.7215576171875
4041,0.05,0.54,0.0,0.13,-793.990966796875
4042,0.05,0.54,0.0,0.14,-794.7332763671875
4043,0.05,0.54,0.0,0.15,-794.788330078125
4044,0.05,0.54,0.0,0.16,-795.7094116210938
4045,0.05,0.54,0.0,0.17,-795.984619140625
4046,0.05,0.54,0.0,0.18,-797.7376098632812
4047,0.05,0.54,0.0,0.19,-798.3135986328125
4048,0.05,0.54,0.0,0.2,-800.1954345703125
4049,0.05,0.54,0.0,0.21,-801.014892578125
4050,0.05,0.54,0.0,0.22,-802.9064331054688
4051,0.05,0.54,0.0,0.23,-803.9669799804688
4052,0.05,0.54,0.0,0.24,-805.8319702148438
4053,0.05,0.54,0.0,0.25,-807.994873046875
4054,0.05,0.54,0.0,0.26,-811.18115234375
4055,0.05,0.54,0.0,0.27,-812.1827392578125
4056,0.05,0.54,0.0,0.28,-813.7058715820312
4057,0.05,0.54,0.0,0.29,-815.762939453125
4058,0.05,0.54,0.0,0.3,-818.4149169921875
4059,0.05,0.54,0.0,0.31,-820.5028686523438
4060,0.05,0.54,0.0,0.32,-822.7462158203125
4061,0.05,0.54,0.0,0.33,-823.9060668945312
4062,0.05,0.54,0.0,0.34,-826.367919921875
4063,0.05,0.54,0.0,0.35,-828.9959716796875
4064,0.05,0.54,0.0,0.36,-832.1077880859375
4065,0.05,0.54,0.0,0.37,-833.169677734375
4066,0.05,0.54,0.0,0.38,-835.5115966796875
4067,0.05,0.54,0.0,0.39,-838.2988891601562
4068,0.05,0.54,0.0,0.4,-841.5877075195312
4069,0.05,0.54,0.0,0.41,-843.6229248046875
4070,0.05,0.54,0.0,0.42,-845.65283203125
4071,0.05,0.54,0.0,0.43,-849.35498046875
4072,0.05,0.54,0.0,0.44,-851.354248046875
4073,0.05,0.54,0.0,0.45,-854.131591796875
4074,0.05,0.54,0.0,0.46,-856.2327880859375
4075,0.05,0.54,0.0,0.47,-859.06298828125
4076,0.05,0.54,0.0,0.48,-864.427490234375
4077,0.05,0.54,0.0,0.49,-866.04833984375
4078,0.05,0.54,0.0,0.5,-867.0048828125
4079,0.05,0.54,0.0,0.51,-870.05322265625
4080,0.05,0.54,0.0,0.52,-872.9223022460938
4081,0.05,0.54,0.0,0.53,-875.710205078125
4082,0.05,0.54,0.0,0.54,-878.5189208984375
4083,0.05,0.54,0.0,0.55,-882.5671997070312
4084,0.05,0.54,0.0,0.56,-885.4539184570312
4085,0.05,0.54,0.0,0.57,-887.8685302734375
4086,0.05,0.54,0.0,0.58,-891.1627807617188
4087,0.05,0.54,0.0,0.59,-894.718505859375
4088,0.05,0.54,0.0,0.6,-895.4815673828125
4089,0.05,0.54,0.0,0.61,-899.6415405273438
4090,0.05,0.54,0.0,0.62,-901.7806396484375
4091,0.05,0.54,0.0,0.63,-905.5889892578125
4092,0.05,0.54,0.0,0.64,-910.0805053710938
4093,0.05,0.54,0.0,0.65,-910.8936767578125
4094,0.05,0.54,0.0,0.66,-913.777587890625
4095,0.05,0.54,0.0,0.67,-919.945556640625
4096,0.05,0.54,0.0,0.68,-920.6900024414062
4097,0.05,0.54,0.0,0.69,-922.925537109375
4098,0.05,0.54,0.0,0.7,-926.853759765625
4099,0.05,0.54,0.0,0.71,-928.0867919921875
4100,0.05,0.54,0.0,0.72,-932.4760131835938
4101,0.05,0.54,0.0,0.73,-935.5626220703125
4102,0.05,0.54,0.0,0.74,-938.4722900390625
4103,0.05,0.54,0.0,0.75,-942.1605834960938
4104,0.05,0.55,0.0,0.0,-2307.2431640625
4105,0.05,0.55,0.0,0.01,-872.26220703125
4106,0.05,0.55,0.0,0.02,-842.7518310546875
4107,0.05,0.55,0.0,0.03,-826.22265625
4108,0.05,0.55,0.0,0.04,-819.086181640625
4109,0.05,0.55,0.0,0.05,-810.77880859375
4110,0.05,0.55,0.0,0.06,-807.87646484375
4111,0.05,0.55,0.0,0.07,-801.8002319335938
4112,0.05,0.55,0.0,0.08,-799.5099487304688
4113,0.05,0.55,0.0,0.09,-798.024169921875
4114,0.05,0.55,0.0,0.1,-796.8801879882812
4115,0.05,0.55,0.0,0.11,-795.7208251953125
4116,0.05,0.55,0.0,0.12,-795.074951171875
4117,0.05,0.55,0.0,0.13,-795.279052734375
4118,0.05,0.55,0.0,0.14,-796.5275268554688
4119,0.05,0.55,0.0,0.15,-795.416015625
4120,0.05,0.55,0.0,0.16,-795.8717041015625
4121,0.05,0.55,0.0,0.17,-797.4876708984375
4122,0.05,0.55,0.0,0.18,-799.69384765625
4123,0.05,0.55,0.0,0.19,-799.0055541992188
4124,0.05,0.55,0.0,0.2,-801.199462890625
4125,0.05,0.55,0.0,0.21,-802.4957275390625
4126,0.05,0.55,0.0,0.22,-803.655517578125
4127,0.05,0.55,0.0,0.23,-806.2823486328125
4128,0.05,0.55,0.0,0.24,-807.1947021484375
4129,0.05,0.55,0.0,0.25,-808.8391723632812
4130,0.05,0.55,0.0,0.26,-811.7164306640625
4131,0.05,0.55,0.0,0.27,-812.4024658203125
4132,0.05,0.55,0.0,0.28,-815.9852294921875
4133,0.05,0.55,0.0,0.29,-816.9254150390625
4134,0.05,0.55,0.0,0.3,-818.3876953125
4135,0.05,0.55,0.0,0.31,-820.9925537109375
4136,0.05,0.55,0.0,0.32,-822.3184814453125
4137,0.05,0.55,0.0,0.33,-825.0733642578125
4138,0.05,0.55,0.0,0.34,-828.1505737304688
4139,0.05,0.55,0.0,0.35,-829.363037109375
4140,0.05,0.55,0.0,0.36,-833.1442260742188
4141,0.05,0.55,0.0,0.37,-834.1911010742188
4142,0.05,0.55,0.0,0.38,-836.9095458984375
4143,0.05,0.55,0.0,0.39,-840.19482421875
4144,0.05,0.55,0.0,0.4,-842.1862182617188
4145,0.05,0.55,0.0,0.41,-843.7669677734375
4146,0.05,0.55,0.0,0.42,-847.6729736328125
4147,0.05,0.55,0.0,0.43,-849.6307373046875
4148,0.05,0.55,0.0,0.44,-853.5978393554688
4149,0.05,0.55,0.0,0.45,-855.27001953125
4150,0.05,0.55,0.0,0.46,-858.1448974609375
4151,0.05,0.55,0.0,0.47,-860.8226318359375
4152,0.05,0.55,0.0,0.48,-862.7392578125
4153,0.05,0.55,0.0,0.49,-865.5990600585938
4154,0.05,0.55,0.0,0.5,-869.5952758789062
4155,0.05,0.55,0.0,0.51,-871.2374267578125
4156,0.05,0.55,0.0,0.52,-874.408203125
4157,0.05,0.55,0.0,0.53,-876.676513671875
4158,0.05,0.55,0.0,0.54,-879.596435546875
4159,0.05,0.55,0.0,0.55,-882.262451171875
4160,0.05,0.55,0.0,0.56,-886.4669189453125
4161,0.05,0.55,0.0,0.57,-889.1305541992188
4162,0.05,0.55,0.0,0.58,-892.446533203125
4163,0.05,0.55,0.0,0.59,-895.2529296875
4164,0.05,0.55,0.0,0.6,-897.1474609375
4165,0.05,0.55,0.0,0.61,-901.1384887695312
4166,0.05,0.55,0.0,0.62,-902.667236328125
4167,0.05,0.55,0.0,0.63,-904.6427001953125
4168,0.05,0.55,0.0,0.64,-908.2838134765625
4169,0.05,0.55,0.0,0.65,-913.8203125
4170,0.05,0.55,0.0,0.66,-915.4276123046875
4171,0.05,0.55,0.0,0.67,-918.1494140625
4172,0.05,0.55,0.0,0.68,-920.9044799804688
4173,0.05,0.55,0.0,0.69,-925.5247802734375
4174,0.05,0.55,0.0,0.7,-926.7528076171875
4175,0.05,0.55,0.0,0.71,-930.9005126953125
4176,0.05,0.55,0.0,0.72,-933.26611328125
4177,0.05,0.55,0.0,0.73,-936.7944946289062
4178,0.05,0.55,0.0,0.74,-940.9073486328125
4179,0.05,0.55,0.0,0.75,-940.20703125
4180,0.05,0.56,0.0,0.0,-2327.59326171875
4181,0.05,0.56,0.0,0.01,-870.44482421875
4182,0.05,0.56,0.0,0.02,-844.8230590820312
4183,0.05,0.56,0.0,0.03,-828.0943603515625
4184,0.05,0.56,0.0,0.04,-817.9998779296875
4185,0.05,0.56,0.0,0.05,-811.82177734375
4186,0.05,0.56,0.0,0.06,-808.542724609375
4187,0.05,0.56,0.0,0.07,-806.5355834960938
4188,0.05,0.56,0.0,0.08,-802.0086669921875
4189,0.05,0.56,0.0,0.09,-798.9859619140625
4190,0.05,0.56,0.0,0.1,-796.381103515625
4191,0.05,0.56,0.0,0.11,-796.294677734375
4192,0.05,0.56,0.0,0.12,-799.2830810546875
4193,0.05,0.56,0.0,0.13,-796.2828369140625
4194,0.05,0.56,0.0,0.14,-795.73095703125
4195,0.05,0.56,0.0,0.15,-798.1671142578125
4196,0.05,0.56,0.0,0.16,-797.172607421875
4197,0.05,0.56,0.0,0.17,-799.4556884765625
4198,0.05,0.56,0.0,0.18,-799.6689453125
4199,0.05,0.56,0.0,0.19,-800.2103271484375
4200,0.05,0.56,0.0,0.2,-801.79833984375
4201,0.05,0.56,0.0,0.21,-803.0095825195312
4202,0.05,0.56,0.0,0.22,-805.9356689453125
4203,0.05,0.56,0.0,0.23,-806.482177734375
4204,0.05,0.56,0.0,0.24,-807.919677734375
4205,0.05,0.56,0.0,0.25,-809.7738037109375
4206,0.05,0.56,0.0,0.26,-810.937744140625
4207,0.05,0.56,0.0,0.27,-813.8375244140625
4208,0.05,0.56,0.0,0.28,-815.4090576171875
4209,0.05,0.56,0.0,0.29,-817.8602905273438
4210,0.05,0.56,0.0,0.3,-820.662109375
4211,0.05,0.56,0.0,0.31,-821.4824829101562
4212,0.05,0.56,0.0,0.32,-823.783203125
4213,0.05,0.56,0.0,0.33,-826.4022216796875
4214,0.05,0.56,0.0,0.34,-829.0689697265625
4215,0.05,0.56,0.0,0.35,-830.95849609375
4216,0.05,0.56,0.0,0.36,-833.7200927734375
4217,0.05,0.56,0.0,0.37,-835.527587890625
4218,0.05,0.56,0.0,0.38,-838.55029296875
4219,0.05,0.56,0.0,0.39,-841.2073974609375
4220,0.05,0.56,0.0,0.4,-843.6611328125
4221,0.05,0.56,0.0,0.41,-845.2606201171875
4222,0.05,0.56,0.0,0.42,-849.3514404296875
4223,0.05,0.56,0.0,0.43,-850.7213745117188
4224,0.05,0.56,0.0,0.44,-853.6358032226562
4225,0.05,0.56,0.0,0.45,-855.8396606445312
4226,0.05,0.56,0.0,0.46,-859.70166015625
4227,0.05,0.56,0.0,0.47,-862.309814453125
4228,0.05,0.56,0.0,0.48,-864.1956787109375
4229,0.05,0.56,0.0,0.49,-868.1797485351562
4230,0.05,0.56,0.0,0.5,-870.73046875
4231,0.05,0.56,0.0,0.51,-873.8448486328125
4232,0.05,0.56,0.0,0.52,-875.245849609375
4233,0.05,0.56,0.0,0.53,-879.2990112304688
4234,0.05,0.56,0.0,0.54,-880.4790649414062
4235,0.05,0.56,0.0,0.55,-883.7899780273438
4236,0.05,0.56,0.0,0.56,-887.08642578125
4237,0.05,0.56,0.0,0.57,-890.0115356445312
4238,0.05,0.56,0.0,0.58,-892.005126953125
4239,0.05,0.56,0.0,0.59,-895.2168579101562
4240,0.05,0.56,0.0,0.6,-898.5057373046875
4241,0.05,0.56,0.0,0.61,-901.059814453125
4242,0.05,0.56,0.0,0.62,-904.3553466796875
4243,0.05,0.56,0.0,0.63,-906.4749755859375
4244,0.05,0.56,0.0,0.64,-909.0593872070312
4245,0.05,0.56,0.0,0.65,-912.1668701171875
4246,0.05,0.56,0.0,0.66,-916.1480712890625
4247,0.05,0.56,0.0,0.67,-919.3198852539062
4248,0.05,0.56,0.0,0.68,-923.1448974609375
4249,0.05,0.56,0.0,0.69,-925.8817749023438
4250,0.05,0.56,0.0,0.7,-926.85986328125
4251,0.05,0.56,0.0,0.71,-929.9292602539062
4252,0.05,0.56,0.0,0.72,-932.6983642578125
4253,0.05,0.56,0.0,0.73,-935.5603637695312
4254,0.05,0.56,0.0,0.74,-939.6442260742188
4255,0.05,0.56,0.0,0.75,-943.1752319335938
4256,0.05,0.57,0.0,0.0,-2312.792236328125
4257,0.05,0.57,0.0,0.01,-871.62646484375
4258,0.05,0.57,0.0,0.02,-843.3826293945312
4259,0.05,0.57,0.0,0.03,-830.0450439453125
4260,0.05,0.57,0.0,0.04,-819.9677734375
4261,0.05,0.57,0.0,0.05,-813.334716796875
4262,0.05,0.57,0.0,0.06,-807.830322265625
4263,0.05,0.57,0.0,0.07,-804.4472045898438
4264,0.05,0.57,0.0,0.08,-801.9663696289062
4265,0.05,0.57,0.0,0.09,-799.5773315429688
4266,0.05,0.57,0.0,0.1,-797.4195556640625
4267,0.05,0.57,0.0,0.11,-797.682373046875
4268,0.05,0.57,0.0,0.12,-797.1873168945312
4269,0.05,0.57,0.0,0.13,-797.32861328125
4270,0.05,0.57,0.0,0.14,-797.0919799804688
4271,0.05,0.57,0.0,0.15,-798.547607421875
4272,0.05,0.57,0.0,0.16,-799.9383544921875
4273,0.05,0.57,0.0,0.17,-799.2772216796875
4274,0.05,0.57,0.0,0.18,-800.6605224609375
4275,0.05,0.57,0.0,0.19,-802.0324096679688
4276,0.05,0.57,0.0,0.2,-802.1608276367188
4277,0.05,0.57,0.0,0.21,-803.8594360351562
4278,0.05,0.57,0.0,0.22,-805.5755615234375
4279,0.05,0.57,0.0,0.23,-807.8394775390625
4280,0.05,0.57,0.0,0.24,-809.542724609375
4281,0.05,0.57,0.0,0.25,-810.4793701171875
4282,0.05,0.57,0.0,0.26,-812.8324584960938
4283,0.05,0.57,0.0,0.27,-814.404541015625
4284,0.05,0.57,0.0,0.28,-816.14013671875
4285,0.05,0.57,0.0,0.29,-818.3085327148438
4286,0.05,0.57,0.0,0.3,-820.646240234375
4287,0.05,0.57,0.0,0.31,-822.7032470703125
4288,0.05,0.57,0.0,0.32,-827.8455810546875
4289,0.05,0.57,0.0,0.33,-826.8787841796875
4290,0.05,0.57,0.0,0.34,-829.9736938476562
4291,0.05,0.57,0.0,0.35,-832.194580078125
4292,0.05,0.57,0.0,0.36,-834.0587158203125
4293,0.05,0.57,0.0,0.37,-837.6644287109375
4294,0.05,0.57,0.0,0.38,-839.5172119140625
4295,0.05,0.57,0.0,0.39,-842.22802734375
4296,0.05,0.57,0.0,0.4,-845.1464233398438
4297,0.05,0.57,0.0,0.41,-847.2301025390625
4298,0.05,0.57,0.0,0.42,-851.8115234375
4299,0.05,0.57,0.0,0.43,-851.265625
4300,0.05,0.57,0.0,0.44,-855.0841064453125
4301,0.05,0.57,0.0,0.45,-857.4806518554688
4302,0.05,0.57,0.0,0.46,-861.0086669921875
4303,0.05,0.57,0.0,0.47,-863.0035400390625
4304,0.05,0.57,0.0,0.48,-865.8759155273438
4305,0.05,0.57,0.0,0.49,-868.5181884765625
4306,0.05,0.57,0.0,0.5,-871.3299560546875
4307,0.05,0.57,0.0,0.51,-873.85009765625
4308,0.05,0.57,0.0,0.52,-877.2453002929688
4309,0.05,0.57,0.0,0.53,-879.361328125
4310,0.05,0.57,0.0,0.54,-881.521728515625
4311,0.05,0.57,0.0,0.55,-883.8787841796875
4312,0.05,0.57,0.0,0.56,-888.33203125
4313,0.05,0.57,0.0,0.57,-891.240478515625
4314,0.05,0.57,0.0,0.58,-893.9813232421875
4315,0.05,0.57,0.0,0.59,-898.9691162109375
4316,0.05,0.57,0.0,0.6,-898.6547241210938
4317,0.05,0.57,0.0,0.61,-903.0020141601562
4318,0.05,0.57,0.0,0.62,-906.1688232421875
4319,0.05,0.57,0.0,0.63,-908.752197265625
4320,0.05,0.57,0.0,0.64,-912.3780517578125
4321,0.05,0.57,0.0,0.65,-912.2560424804688
4322,0.05,0.57,0.0,0.66,-918.934326171875
4323,0.05,0.57,0.0,0.67,-922.0403442382812
4324,0.05,0.57,0.0,0.68,-921.004150390625
4325,0.05,0.57,0.0,0.69,-926.2094116210938
4326,0.05,0.57,0.0,0.7,-928.186279296875
4327,0.05,0.57,0.0,0.71,-931.542724609375
4328,0.05,0.57,0.0,0.72,-936.329345703125
4329,0.05,0.57,0.0,0.73,-938.7449340820312
4330,0.05,0.57,0.0,0.74,-941.78369140625
4331,0.05,0.57,0.0,0.75,-944.0
4332,0.05,0.58,0.0,0.0,-2303.83447265625
4333,0.05,0.58,0.0,0.01,-870.3031616210938
4334,0.05,0.58,0.0,0.02,-846.2225952148438
4335,0.05,0.58,0.0,0.03,-830.382568359375
4336,0.05,0.58,0.0,0.04,-819.3455810546875
4337,0.05,0.58,0.0,0.05,-813.15673828125
4338,0.05,0.58,0.0,0.06,-809.6043701171875
4339,0.05,0.58,0.0,0.07,-805.4422607421875
4340,0.05,0.58,0.0,0.08,-802.60400390625
4341,0.05,0.58,0.0,0.09,-801.015625
4342,0.05,0.58,0.0,0.1,-799.6109619140625
4343,0.05,0.58,0.0,0.11,-799.3963623046875
4344,0.05,0.58,0.0,0.12,-797.665771484375
4345,0.05,0.58,0.0,0.13,-798.2161865234375
4346,0.05,0.58,0.0,0.14,-798.0880737304688
4347,0.05,0.58,0.0,0.15,-798.651123046875
4348,0.05,0.58,0.0,0.16,-799.7232055664062
4349,0.05,0.58,0.0,0.17,-799.9915771484375
4350,0.05,0.58,0.0,0.18,-800.2989501953125
4351,0.05,0.58,0.0,0.19,-802.796875
4352,0.05,0.58,0.0,0.2,-802.837890625
4353,0.05,0.58,0.0,0.21,-804.4017333984375
4354,0.05,0.58,0.0,0.22,-806.26220703125
4355,0.05,0.58,0.0,0.23,-808.3147583007812
4356,0.05,0.58,0.0,0.24,-810.454345703125
4357,0.05,0.58,0.0,0.25,-812.3096923828125
4358,0.05,0.58,0.0,0.26,-813.471923828125
4359,0.05,0.58,0.0,0.27,-815.691162109375
4360,0.05,0.58,0.0,0.28,-817.5132446289062
4361,0.05,0.58,0.0,0.29,-820.340087890625
4362,0.05,0.58,0.0,0.3,-822.6455078125
4363,0.05,0.58,0.0,0.31,-824.1051025390625
4364,0.05,0.58,0.0,0.32,-825.8531494140625
4365,0.05,0.58,0.0,0.33,-827.9918212890625
4366,0.05,0.58,0.0,0.34,-829.737060546875
4367,0.05,0.58,0.0,0.35,-832.3101806640625
4368,0.05,0.58,0.0,0.36,-836.61376953125
4369,0.05,0.58,0.0,0.37,-837.65869140625
4370,0.05,0.58,0.0,0.38,-840.1837768554688
4371,0.05,0.58,0.0,0.39,-842.4654541015625
4372,0.05,0.58,0.0,0.4,-845.8712768554688
4373,0.05,0.58,0.0,0.41,-848.121337890625
4374,0.05,0.58,0.0,0.42,-850.1500854492188
4375,0.05,0.58,0.0,0.43,-853.4555053710938
4376,0.05,0.58,0.0,0.44,-856.6968994140625
4377,0.05,0.58,0.0,0.45,-858.6082763671875
4378,0.05,0.58,0.0,0.46,-860.4483032226562
4379,0.05,0.58,0.0,0.47,-863.846435546875
4380,0.05,0.58,0.0,0.48,-866.7324829101562
4381,0.05,0.58,0.0,0.49,-869.12548828125
4382,0.05,0.58,0.0,0.5,-872.6458740234375
4383,0.05,0.58,0.0,0.51,-874.7971801757812
4384,0.05,0.58,0.0,0.52,-878.4024658203125
4385,0.05,0.58,0.0,0.53,-880.5416259765625
4386,0.05,0.58,0.0,0.54,-883.3896484375
4387,0.05,0.58,0.0,0.55,-884.885986328125
4388,0.05,0.58,0.0,0.56,-889.344970703125
4389,0.05,0.58,0.0,0.57,-891.7222290039062
4390,0.05,0.58,0.0,0.58,-896.1080322265625
4391,0.05,0.58,0.0,0.59,-898.1385498046875
4392,0.05,0.58,0.0,0.6,-900.9178466796875
4393,0.05,0.58,0.0,0.61,-904.8953247070312
4394,0.05,0.58,0.0,0.62,-905.793212890625
4395,0.05,0.58,0.0,0.63,-908.4705200195312
4396,0.05,0.58,0.0,0.64,-912.1353149414062
4397,0.05,0.58,0.0,0.65,-915.5799560546875
4398,0.05,0.58,0.0,0.66,-919.043701171875
4399,0.05,0.58,0.0,0.67,-921.783447265625
4400,0.05,0.58,0.0,0.68,-924.572021484375
4401,0.05,0.58,0.0,0.69,-927.6928100585938
4402,0.05,0.58,0.0,0.7,-930.4426879882812
4403,0.05,0.58,0.0,0.71,-932.9661865234375
4404,0.05,0.58,0.0,0.72,-937.7461547851562
4405,0.05,0.58,0.0,0.73,-939.0604858398438
4406,0.05,0.58,0.0,0.74,-941.0628662109375
4407,0.05,0.58,0.0,0.75,-947.4418334960938
4408,0.05,0.59,0.0,0.0,-2325.58642578125
4409,0.05,0.59,0.0,0.01,-875.0193481445312
4410,0.05,0.59,0.0,0.02,-846.7454833984375
4411,0.05,0.59,0.0,0.03,-830.708740234375
4412,0.05,0.59,0.0,0.04,-822.4410400390625
4413,0.05,0.59,0.0,0.05,-817.5887451171875
4414,0.05,0.59,0.0,0.06,-808.5345458984375
4415,0.05,0.59,0.0,0.07,-805.8221435546875
4416,0.05,0.59,0.0,0.08,-803.95751953125
4417,0.05,0.59,0.0,0.09,-801.2421875
4418,0.05,0.59,0.0,0.1,-800.0392456054688
4419,0.05,0.59,0.0,0.11,-799.03515625
4420,0.05,0.59,0.0,0.12,-798.415771484375
4421,0.05,0.59,0.0,0.13,-798.184326171875
4422,0.05,0.59,0.0,0.14,-799.279052734375
4423,0.05,0.59,0.0,0.15,-799.64892578125
4424,0.05,0.59,0.0,0.16,-799.8076171875
4425,0.05,0.59,0.0,0.17,-801.1423950195312
4426,0.05,0.59,0.0,0.18,-802.7517700195312
4427,0.05,0.59,0.0,0.19,-803.2108154296875
4428,0.05,0.59,0.0,0.2,-805.0057373046875
4429,0.05,0.59,0.0,0.21,-806.5682373046875
4430,0.05,0.59,0.0,0.22,-807.3221435546875
4431,0.05,0.59,0.0,0.23,-810.4425048828125
4432,0.05,0.59,0.0,0.24,-811.0162353515625
4433,0.05,0.59,0.0,0.25,-812.5167236328125
4434,0.05,0.59,0.0,0.26,-814.9952392578125
4435,0.05,0.59,0.0,0.27,-817.0680541992188
4436,0.05,0.59,0.0,0.28,-817.453369140625
4437,0.05,0.59,0.0,0.29,-820.8818359375
4438,0.05,0.59,0.0,0.3,-823.783447265625
4439,0.05,0.59,0.0,0.31,-824.2607421875
4440,0.05,0.59,0.0,0.32,-827.9788818359375
4441,0.05,0.59,0.0,0.33,-828.9172973632812
4442,0.05,0.59,0.0,0.34,-832.403076171875
4443,0.05,0.59,0.0,0.35,-834.6231689453125
4444,0.05,0.59,0.0,0.36,-836.71240234375
4445,0.05,0.59,0.0,0.37,-839.3834228515625
4446,0.05,0.59,0.0,0.38,-842.0909423828125
4447,0.05,0.59,0.0,0.39,-844.5333251953125
4448,0.05,0.59,0.0,0.4,-847.33251953125
4449,0.05,0.59,0.0,0.41,-848.6978759765625
4450,0.05,0.59,0.0,0.42,-852.5687255859375
4451,0.05,0.59,0.0,0.43,-854.7279052734375
4452,0.05,0.59,0.0,0.44,-856.937744140625
4453,0.05,0.59,0.0,0.45,-859.8648681640625
4454,0.05,0.59,0.0,0.46,-861.7576904296875
4455,0.05,0.59,0.0,0.47,-865.4765625
4456,0.05,0.59,0.0,0.48,-867.70458984375
4457,0.05,0.59,0.0,0.49,-871.099609375
4458,0.05,0.59,0.0,0.5,-873.03466796875
4459,0.05,0.59,0.0,0.51,-876.505126953125
4460,0.05,0.59,0.0,0.52,-877.79345703125
4461,0.05,0.59,0.0,0.53,-882.1362915039062
4462,0.05,0.59,0.0,0.54,-883.633056640625
4463,0.05,0.59,0.0,0.55,-887.5169677734375
4464,0.05,0.59,0.0,0.56,-888.8931274414062
4465,0.05,0.59,0.0,0.57,-893.4161376953125
4466,0.05,0.59,0.0,0.58,-894.8591918945312
4467,0.05,0.59,0.0,0.59,-899.1856689453125
4468,0.05,0.59,0.0,0.6,-901.2364501953125
4469,0.05,0.59,0.0,0.61,-904.8309936523438
4470,0.05,0.59,0.0,0.62,-907.51318359375
4471,0.05,0.59,0.0,0.63,-910.46484375
4472,0.05,0.59,0.0,0.64,-913.8828125
4473,0.05,0.59,0.0,0.65,-914.285888671875
4474,0.05,0.59,0.0,0.66,-919.1737060546875
4475,0.05,0.59,0.0,0.67,-924.722900390625
4476,0.05,0.59,0.0,0.68,-923.3920288085938
4477,0.05,0.59,0.0,0.69,-928.7514038085938
4478,0.05,0.59,0.0,0.7,-931.7512817382812
4479,0.05,0.59,0.0,0.71,-934.073974609375
4480,0.05,0.59,0.0,0.72,-935.5006713867188
4481,0.05,0.59,0.0,0.73,-940.92919921875
4482,0.05,0.59,0.0,0.74,-944.4599609375
4483,0.05,0.59,0.0,0.75,-948.5438842773438
4484,0.05,0.6,0.0,0.0,-2322.06494140625
4485,0.05,0.6,0.0,0.01,-874.1397705078125
4486,0.05,0.6,0.0,0.02,-846.3040771484375
4487,0.05,0.6,0.0,0.03,-833.1395263671875
4488,0.05,0.6,0.0,0.04,-822.4462280273438
4489,0.05,0.6,0.0,0.05,-814.9066162109375
4490,0.05,0.6,0.0,0.06,-810.8336181640625
4491,0.05,0.6,0.0,0.07,-807.4351196289062
4492,0.05,0.6,0.0,0.08,-805.69775390625
4493,0.05,0.6,0.0,0.09,-802.2799682617188
4494,0.05,0.6,0.0,0.1,-800.7265625
4495,0.05,0.6,0.0,0.11,-799.9752197265625
4496,0.05,0.6,0.0,0.12,-802.9449462890625
4497,0.05,0.6,0.0,0.13,-799.6416015625
4498,0.05,0.6,0.0,0.14,-800.3895263671875
4499,0.05,0.6,0.0,0.15,-801.0784301757812
4500,0.05,0.6,0.0,0.16,-801.2420654296875
4501,0.05,0.6,0.0,0.17,-801.2586669921875
4502,0.05,0.6,0.0,0.18,-802.83056640625
4503,0.05,0.6,0.0,0.19,-804.6304321289062
4504,0.05,0.6,0.0,0.2,-805.407958984375
4505,0.05,0.6,0.0,0.21,-807.358642578125
4506,0.05,0.6,0.0,0.22,-808.5491333007812
4507,0.05,0.6,0.0,0.23,-811.098388671875
4508,0.05,0.6,0.0,0.24,-812.1226196289062
4509,0.05,0.6,0.0,0.25,-814.0444946289062
4510,0.05,0.6,0.0,0.26,-815.5287475585938
4511,0.05,0.6,0.0,0.27,-816.9954833984375
4512,0.05,0.6,0.0,0.28,-819.9930419921875
4513,0.05,0.6,0.0,0.29,-821.0363159179688
4514,0.05,0.6,0.0,0.3,-823.6499633789062
4515,0.05,0.6,0.0,0.31,-826.49462890625
4516,0.05,0.6,0.0,0.32,-827.230712890625
4517,0.05,0.6,0.0,0.33,-830.8539428710938
4518,0.05,0.6,0.0,0.34,-832.017578125
4519,0.05,0.6,0.0,0.35,-834.9430541992188
4520,0.05,0.6,0.0,0.36,-838.4099731445312
4521,0.05,0.6,0.0,0.37,-839.471923828125
4522,0.05,0.6,0.0,0.38,-841.8150024414062
4523,0.05,0.6,0.0,0.39,-844.7152099609375
4524,0.05,0.6,0.0,0.4,-848.2568359375
4525,0.05,0.6,0.0,0.41,-850.12451171875
4526,0.05,0.6,0.0,0.42,-851.9990234375
4527,0.05,0.6,0.0,0.43,-855.333251953125
4528,0.05,0.6,0.0,0.44,-857.6473388671875
4529,0.05,0.6,0.0,0.45,-861.163818359375
4530,0.05,0.6,0.0,0.46,-863.792236328125
4531,0.05,0.6,0.0,0.47,-867.1604614257812
4532,0.05,0.6,0.0,0.48,-868.3580322265625
4533,0.05,0.6,0.0,0.49,-871.8234252929688
4534,0.05,0.6,0.0,0.5,-874.6497802734375
4535,0.05,0.6,0.0,0.51,-877.2185668945312
4536,0.05,0.6,0.0,0.52,-880.251708984375
4537,0.05,0.6,0.0,0.53,-882.593505859375
4538,0.05,0.6,0.0,0.54,-884.56982421875
4539,0.05,0.6,0.0,0.55,-889.9986572265625
4540,0.05,0.6,0.0,0.56,-891.529052734375
4541,0.05,0.6,0.0,0.57,-893.486572265625
4542,0.05,0.6,0.0,0.58,-899.0602416992188
4543,0.05,0.6,0.0,0.59,-899.665771484375
4544,0.05,0.6,0.0,0.6,-901.593505859375
4545,0.05,0.6,0.0,0.61,-906.7469482421875
4546,0.05,0.6,0.0,0.62,-909.9713134765625
4547,0.05,0.6,0.0,0.63,-912.1512451171875
4548,0.05,0.6,0.0,0.64,-914.220458984375
4549,0.05,0.6,0.0,0.65,-917.899658203125
4550,0.05,0.6,0.0,0.66,-920.3132934570312
4551,0.05,0.6,0.0,0.67,-923.0888671875
4552,0.05,0.6,0.0,0.68,-928.79736328125
4553,0.05,0.6,0.0,0.69,-931.3523559570312
4554,0.05,0.6,0.0,0.7,-933.19189453125
4555,0.05,0.6,0.0,0.71,-934.4447021484375
4556,0.05,0.6,0.0,0.72,-937.7127685546875
4557,0.05,0.6,0.0,0.73,-942.8758544921875
4558,0.05,0.6,0.0,0.74,-946.4456787109375
4559,0.05,0.6,0.0,0.75,-948.1571655273438
4560,0.05,0.61,0.0,0.0,-2302.793212890625
4561,0.05,0.61,0.0,0.01,-874.4141845703125
4562,0.05,0.61,0.0,0.02,-849.2191162109375
4563,0.05,0.61,0.0,0.03,-832.6444091796875
4564,0.05,0.61,0.0,0.04,-824.2529296875
4565,0.05,0.61,0.0,0.05,-815.9817504882812
4566,0.05,0.61,0.0,0.06,-810.6727905273438
4567,0.05,0.61,0.0,0.07,-807.6884155273438
4568,0.05,0.61,0.0,0.08,-805.3531494140625
4569,0.05,0.61,0.0,0.09,-803.9210205078125
4570,0.05,0.61,0.0,0.1,-802.6890869140625
4571,0.05,0.61,0.0,0.11,-801.1829833984375
4572,0.05,0.61,0.0,0.12,-800.416015625
4573,0.05,0.61,0.0,0.13,-803.4652099609375
4574,0.05,0.61,0.0,0.14,-800.2734375
4575,0.05,0.61,0.0,0.15,-800.459716796875
4576,0.05,0.61,0.0,0.16,-802.0479736328125
4577,0.05,0.61,0.0,0.17,-802.3638916015625
4578,0.05,0.61,0.0,0.18,-804.0316162109375
4579,0.05,0.61,0.0,0.19,-805.25732421875
4580,0.05,0.61,0.0,0.2,-805.7926025390625
4581,0.05,0.61,0.0,0.21,-806.9060668945312
4582,0.05,0.61,0.0,0.22,-809.522705078125
4583,0.05,0.61,0.0,0.23,-809.5233764648438
4584,0.05,0.61,0.0,0.24,-814.01318359375
4585,0.05,0.61,0.0,0.25,-814.47900390625
4586,0.05,0.61,0.0,0.26,-816.338134765625
4587,0.05,0.61,0.0,0.27,-818.2052001953125
4588,0.05,0.61,0.0,0.28,-821.728515625
4589,0.05,0.61,0.0,0.29,-822.3670654296875
4590,0.05,0.61,0.0,0.3,-824.4326782226562
4591,0.05,0.61,0.0,0.31,-826.9739379882812
4592,0.05,0.61,0.0,0.32,-828.3125
4593,0.05,0.61,0.0,0.33,-830.7054443359375
4594,0.05,0.61,0.0,0.34,-835.1054077148438
4595,0.05,0.61,0.0,0.35,-836.0410766601562
4596,0.05,0.61,0.0,0.36,-838.2791748046875
4597,0.05,0.61,0.0,0.37,-840.1708984375
4598,0.05,0.61,0.0,0.38,-843.2910766601562
4599,0.05,0.61,0.0,0.39,-846.5064697265625
4600,0.05,0.61,0.0,0.4,-848.609375
4601,0.05,0.61,0.0,0.41,-850.683349609375
4602,0.05,0.61,0.0,0.42,-855.2353515625
4603,0.05,0.61,0.0,0.43,-856.05419921875
4604,0.05,0.61,0.0,0.44,-858.3729248046875
4605,0.05,0.61,0.0,0.45,-862.037841796875
4606,0.05,0.61,0.0,0.46,-863.5239868164062
4607,0.05,0.61,0.0,0.47,-867.2147216796875
4608,0.05,0.61,0.0,0.48,-870.7825927734375
4609,0.05,0.61,0.0,0.49,-870.8114013671875
4610,0.05,0.61,0.0,0.5,-875.0323486328125
4611,0.05,0.61,0.0,0.51,-878.2317504882812
4612,0.05,0.61,0.0,0.52,-881.3956909179688
4613,0.05,0.61,0.0,0.53,-883.4886474609375
4614,0.05,0.61,0.0,0.54,-885.6244506835938
4615,0.05,0.61,0.0,0.55,-888.5870361328125
4616,0.05,0.61,0.0,0.56,-892.6100463867188
4617,0.05,0.61,0.0,0.57,-893.95751953125
4618,0.05,0.61,0.0,0.58,-898.9293212890625
4619,0.05,0.61,0.0,0.59,-900.154296875
4620,0.05,0.61,0.0,0.6,-902.818603515625
4621,0.05,0.61,0.0,0.61,-905.96923828125
4622,0.05,0.61,0.0,0.62,-910.7063598632812
4623,0.05,0.61,0.0,0.63,-912.6092529296875
4624,0.05,0.61,0.0,0.64,-915.8587646484375
4625,0.05,0.61,0.0,0.65,-921.1939697265625
4626,0.05,0.61,0.0,0.66,-921.7735595703125
4627,0.05,0.61,0.0,0.67,-923.5220336914062
4628,0.05,0.61,0.0,0.68,-925.5703125
4629,0.05,0.61,0.0,0.69,-929.668212890625
4630,0.05,0.61,0.0,0.7,-933.577392578125
4631,0.05,0.61,0.0,0.71,-937.8175048828125
4632,0.05,0.61,0.0,0.72,-939.3923950195312
4633,0.05,0.61,0.0,0.73,-942.5618286132812
4634,0.05,0.61,0.0,0.74,-946.8062744140625
4635,0.05,0.61,0.0,0.75,-949.8863525390625
4636,0.05,0.62,0.0,0.0,-2305.95068359375
4637,0.05,0.62,0.0,0.01,-875.6995849609375
4638,0.05,0.62,0.0,0.02,-847.282958984375
4639,0.05,0.62,0.0,0.03,-834.0810546875
4640,0.05,0.62,0.0,0.04,-823.0062255859375
4641,0.05,0.62,0.0,0.05,-816.7216796875
4642,0.05,0.62,0.0,0.06,-812.4566650390625
4643,0.05,0.62,0.0,0.07,-808.4288330078125
4644,0.05,0.62,0.0,0.08,-806.6988525390625
4645,0.05,0.62,0.0,0.09,-803.9686279296875
4646,0.05,0.62,0.0,0.1,-801.9569091796875
4647,0.05,0.62,0.0,0.11,-802.3567504882812
4648,0.05,0.62,0.0,0.12,-801.3365478515625
4649,0.05,0.62,0.0,0.13,-802.1484985351562
4650,0.05,0.62,0.0,0.14,-801.76025390625
4651,0.05,0.62,0.0,0.15,-802.43359375
4652,0.05,0.62,0.0,0.16,-802.37060546875
4653,0.05,0.62,0.0,0.17,-803.5172119140625
4654,0.05,0.62,0.0,0.18,-804.5341796875
4655,0.05,0.62,0.0,0.19,-806.3790893554688
4656,0.05,0.62,0.0,0.2,-807.1412963867188
4657,0.05,0.62,0.0,0.21,-810.499267578125
4658,0.05,0.62,0.0,0.22,-810.357177734375
4659,0.05,0.62,0.0,0.23,-812.0831298828125
4660,0.05,0.62,0.0,0.24,-814.5689086914062
4661,0.05,0.62,0.0,0.25,-814.9794921875
4662,0.05,0.62,0.0,0.26,-817.146484375
4663,0.05,0.62,0.0,0.27,-819.6615600585938
4664,0.05,0.62,0.0,0.28,-821.09912109375
4665,0.05,0.62,0.0,0.29,-824.4403076171875
4666,0.05,0.62,0.0,0.3,-825.1705322265625
4667,0.05,0.62,0.0,0.31,-828.207763671875
4668,0.05,0.62,0.0,0.32,-829.445556640625
4669,0.05,0.62,0.0,0.33,-833.817138671875
4670,0.05,0.62,0.0,0.34,-833.6068115234375
4671,0.05,0.62,0.0,0.35,-836.9413452148438
4672,0.05,0.62,0.0,0.36,-839.0487060546875
4673,0.05,0.62,0.0,0.37,-841.7435913085938
4674,0.05,0.62,0.0,0.38,-843.9437255859375
4675,0.05,0.62,0.0,0.39,-847.7177734375
4676,0.05,0.62,0.0,0.4,-848.5349731445312
4677,0.05,0.62,0.0,0.41,-853.0816650390625
4678,0.05,0.62,0.0,0.42,-853.90478515625
4679,0.05,0.62,0.0,0.43,-857.4478149414062
4680,0.05,0.62,0.0,0.44,-861.78076171875
4681,0.05,0.62,0.0,0.45,-861.6688232421875
4682,0.05,0.62,0.0,0.46,-865.2740478515625
4683,0.05,0.62,0.0,0.47,-867.1180419921875
4684,0.05,0.62,0.0,0.48,-871.2883911132812
4685,0.05,0.62,0.0,0.49,-873.2898559570312
4686,0.05,0.62,0.0,0.5,-877.0728759765625
4687,0.05,0.62,0.0,0.51,-877.5858154296875
4688,0.05,0.62,0.0,0.52,-881.5281372070312
4689,0.05,0.62,0.0,0.53,-885.0166015625
4690,0.05,0.62,0.0,0.54,-888.459716796875
4691,0.05,0.62,0.0,0.55,-891.28857421875
4692,0.05,0.62,0.0,0.56,-893.707275390625
4693,0.05,0.62,0.0,0.57,-895.3213500976562
4694,0.05,0.62,0.0,0.58,-899.6563720703125
4695,0.05,0.62,0.0,0.59,-901.0853881835938
4696,0.05,0.62,0.0,0.6,-904.5087890625
4697,0.05,0.62,0.0,0.61,-907.26708984375
4698,0.05,0.62,0.0,0.62,-911.4459228515625
4699,0.05,0.62,0.0,0.63,-913.0889892578125
4700,0.05,0.62,0.0,0.64,-917.65380859375
4701,0.05,0.62,0.0,0.65,-920.813720703125
4702,0.05,0.62,0.0,0.66,-920.6963500976562
4703,0.05,0.62,0.0,0.67,-926.0720825195312
4704,0.05,0.62,0.0,0.68,-928.81689453125
4705,0.05,0.62,0.0,0.69,-933.1181640625
4706,0.05,0.62,0.0,0.7,-934.6405029296875
4707,0.05,0.62,0.0,0.71,-939.6378173828125
4708,0.05,0.62,0.0,0.72,-939.0753173828125
4709,0.05,0.62,0.0,0.73,-942.5606689453125
4710,0.05,0.62,0.0,0.74,-947.9920654296875
4711,0.05,0.62,0.0,0.75,-951.1109619140625
4712,0.05,0.63,0.0,0.0,-2316.619140625
4713,0.05,0.63,0.0,0.01,-879.008056640625
4714,0.05,0.63,0.0,0.02,-848.4136962890625
4715,0.05,0.63,0.0,0.03,-834.0377197265625
4716,0.05,0.63,0.0,0.04,-826.3478393554688
4717,0.05,0.63,0.0,0.05,-817.488037109375
4718,0.05,0.63,0.0,0.06,-814.2821044921875
4719,0.05,0.63,0.0,0.07,-811.7186889648438
4720,0.05,0.63,0.0,0.08,-808.1741943359375
4721,0.05,0.63,0.0,0.09,-806.6300048828125
4722,0.05,0.63,0.0,0.1,-803.599853515625
4723,0.05,0.63,0.0,0.11,-802.32958984375
4724,0.05,0.63,0.0,0.12,-802.0120239257812
4725,0.05,0.63,0.0,0.13,-802.1535034179688
4726,0.05,0.63,0.0,0.14,-802.9706420898438
4727,0.05,0.63,0.0,0.15,-803.6070556640625
4728,0.05,0.63,0.0,0.16,-803.6131591796875
4729,0.05,0.63,0.0,0.17,-804.1122436523438
4730,0.05,0.63,0.0,0.18,-805.0914306640625
4731,0.05,0.63,0.0,0.19,-806.894775390625
4732,0.05,0.63,0.0,0.2,-808.3179321289062
4733,0.05,0.63,0.0,0.21,-809.2320556640625
4734,0.05,0.63,0.0,0.22,-810.4464111328125
4735,0.05,0.63,0.0,0.23,-812.541259765625
4736,0.05,0.63,0.0,0.24,-815.838623046875
4737,0.05,0.63,0.0,0.25,-815.9949340820312
4738,0.05,0.63,0.0,0.26,-818.0668334960938
4739,0.05,0.63,0.0,0.27,-819.344970703125
4740,0.05,0.63,0.0,0.28,-822.256103515625
4741,0.05,0.63,0.0,0.29,-824.101806640625
4742,0.05,0.63,0.0,0.3,-825.7264404296875
4743,0.05,0.63,0.0,0.31,-827.8258056640625
4744,0.05,0.63,0.0,0.32,-830.8431396484375
4745,0.05,0.63,0.0,0.33,-833.3223876953125
4746,0.05,0.63,0.0,0.34,-835.70751953125
4747,0.05,0.63,0.0,0.35,-837.5715942382812
4748,0.05,0.63,0.0,0.36,-840.1527099609375
4749,0.05,0.63,0.0,0.37,-842.5623779296875
4750,0.05,0.63,0.0,0.38,-844.7835693359375
4751,0.05,0.63,0.0,0.39,-847.7029418945312
4752,0.05,0.63,0.0,0.4,-850.155029296875
4753,0.05,0.63,0.0,0.41,-852.9100341796875
4754,0.05,0.63,0.0,0.42,-855.5887451171875
4755,0.05,0.63,0.0,0.43,-857.3114013671875
4756,0.05,0.63,0.0,0.44,-861.55712890625
4757,0.05,0.63,0.0,0.45,-863.9227294921875
4758,0.05,0.63,0.0,0.46,-866.9556884765625
4759,0.05,0.63,0.0,0.47,-869.4929809570312
4760,0.05,0.63,0.0,0.48,-871.18115234375
4761,0.05,0.63,0.0,0.49,-873.86962890625
4762,0.05,0.63,0.0,0.5,-876.547119140625
4763,0.05,0.63,0.0,0.51,-879.4686279296875
4764,0.05,0.63,0.0,0.52,-883.10400390625
4765,0.05,0.63,0.0,0.53,-885.5272216796875
4766,0.05,0.63,0.0,0.54,-888.3157958984375
4767,0.05,0.63,0.0,0.55,-891.953857421875
4768,0.05,0.63,0.0,0.56,-893.3117065429688
4769,0.05,0.63,0.0,0.57,-895.8382568359375
4770,0.05,0.63,0.0,0.58,-899.794189453125
4771,0.05,0.63,0.0,0.59,-903.4478759765625
4772,0.05,0.63,0.0,0.6,-905.5166015625
4773,0.05,0.63,0.0,0.61,-909.9937133789062
4774,0.05,0.63,0.0,0.62,-910.7939453125
4775,0.05,0.63,0.0,0.63,-914.7246704101562
4776,0.05,0.63,0.0,0.64,-916.8933715820312
4777,0.05,0.63,0.0,0.65,-921.5001220703125
4778,0.05,0.63,0.0,0.66,-923.568603515625
4779,0.05,0.63,0.0,0.67,-926.386962890625
4780,0.05,0.63,0.0,0.68,-930.6986083984375
4781,0.05,0.63,0.0,0.69,-932.0335693359375
4782,0.05,0.63,0.0,0.7,-937.3446044921875
4783,0.05,0.63,0.0,0.71,-939.4195556640625
4784,0.05,0.63,0.0,0.72,-941.586181640625
4785,0.05,0.63,0.0,0.73,-944.6015014648438
4786,0.05,0.63,0.0,0.74,-950.252685546875
4787,0.05,0.63,0.0,0.75,-950.8711547851562
4788,0.05,0.64,0.0,0.0,-2309.094482421875
4789,0.05,0.64,0.0,0.01,-877.2789916992188
4790,0.05,0.64,0.0,0.02,-849.8829956054688
4791,0.05,0.64,0.0,0.03,-834.6919555664062
4792,0.05,0.64,0.0,0.04,-826.3115234375
4793,0.05,0.64,0.0,0.05,-818.5625
4794,0.05,0.64,0.0,0.06,-815.6981201171875
4795,0.05,0.64,0.0,0.07,-809.707275390625
4796,0.05,0.64,0.0,0.08,-807.3687744140625
4797,0.05,0.64,0.0,0.09,-805.6498413085938
4798,0.05,0.64,0.0,0.1,-805.6209716796875
4799,0.05,0.64,0.0,0.11,-802.7572021484375
4800,0.05,0.64,0.0,0.12,-803.0780029296875
4801,0.05,0.64,0.0,0.13,-802.86865234375
4802,0.05,0.64,0.0,0.14,-802.6571655273438
4803,0.05,0.64,0.0,0.15,-804.02685546875
4804,0.05,0.64,0.0,0.16,-804.23095703125
4805,0.05,0.64,0.0,0.17,-805.3134765625
4806,0.05,0.64,0.0,0.18,-807.2402954101562
4807,0.05,0.64,0.0,0.19,-807.4476318359375
4808,0.05,0.64,0.0,0.2,-809.5072021484375
4809,0.05,0.64,0.0,0.21,-809.4708251953125
4810,0.05,0.64,0.0,0.22,-812.8436889648438
4811,0.05,0.64,0.0,0.23,-813.9775390625
4812,0.05,0.64,0.0,0.24,-817.4664916992188
4813,0.05,0.64,0.0,0.25,-817.409912109375
4814,0.05,0.64,0.0,0.26,-818.6377563476562
4815,0.05,0.64,0.0,0.27,-820.256103515625
4816,0.05,0.64,0.0,0.28,-822.5750122070312
4817,0.05,0.64,0.0,0.29,-827.002685546875
4818,0.05,0.64,0.0,0.3,-826.9201049804688
4819,0.05,0.64,0.0,0.31,-829.1513061523438
4820,0.05,0.64,0.0,0.32,-831.840576171875
4821,0.05,0.64,0.0,0.33,-834.1910400390625
4822,0.05,0.64,0.0,0.34,-836.6235961914062
4823,0.05,0.64,0.0,0.35,-838.9381713867188
4824,0.05,0.64,0.0,0.36,-840.291748046875
4825,0.05,0.64,0.0,0.37,-843.239013671875
4826,0.05,0.64,0.0,0.38,-847.0925903320312
4827,0.05,0.64,0.0,0.39,-848.1690673828125
4828,0.05,0.64,0.0,0.4,-851.6988525390625
4829,0.05,0.64,0.0,0.41,-854.69580078125
4830,0.05,0.64,0.0,0.42,-856.8359375
4831,0.05,0.64,0.0,0.43,-861.1730346679688
4832,0.05,0.64,0.0,0.44,-862.084716796875
4833,0.05,0.64,0.0,0.45,-863.6620483398438
4834,0.05,0.64,0.0,0.46,-867.6126708984375
4835,0.05,0.64,0.0,0.47,-869.4733276367188
4836,0.05,0.64,0.0,0.48,-872.80078125
4837,0.05,0.64,0.0,0.49,-876.04541015625
4838,0.05,0.64,0.0,0.5,-877.37548828125
4839,0.05,0.64,0.0,0.51,-881.2656860351562
4840,0.05,0.64,0.0,0.52,-882.1815185546875
4841,0.05,0.64,0.0,0.53,-887.28662109375
4842,0.05,0.64,0.0,0.54,-889.0096435546875
4843,0.05,0.64,0.0,0.55,-892.09228515625
4844,0.05,0.64,0.0,0.56,-894.927490234375
4845,0.05,0.64,0.0,0.57,-897.1475830078125
4846,0.05,0.64,0.0,0.58,-900.9735717773438
4847,0.05,0.64,0.0,0.59,-905.1710815429688
4848,0.05,0.64,0.0,0.6,-907.3822021484375
4849,0.05,0.64,0.0,0.61,-907.839599609375
4850,0.05,0.64,0.0,0.62,-911.39453125
4851,0.05,0.64,0.0,0.63,-917.2326049804688
4852,0.05,0.64,0.0,0.64,-916.8659057617188
4853,0.05,0.64,0.0,0.65,-921.385986328125
4854,0.05,0.64,0.0,0.66,-924.628662109375
4855,0.05,0.64,0.0,0.67,-927.043701171875
4856,0.05,0.64,0.0,0.68,-932.3416748046875
4857,0.05,0.64,0.0,0.69,-932.5668334960938
4858,0.05,0.64,0.0,0.7,-937.325439453125
4859,0.05,0.64,0.0,0.71,-939.372314453125
4860,0.05,0.64,0.0,0.72,-942.3349609375
4861,0.05,0.64,0.0,0.73,-948.2755126953125
4862,0.05,0.64,0.0,0.74,-949.9330444335938
4863,0.05,0.64,0.0,0.75,-954.2183837890625
4864,0.05,0.65,0.0,0.0,-2148.95703125
4865,0.05,0.65,0.0,0.01,-879.5859375
4866,0.05,0.65,0.0,0.02,-853.052001953125
4867,0.05,0.65,0.0,0.03,-835.6619262695312
4868,0.05,0.65,0.0,0.04,-825.9261474609375
4869,0.05,0.65,0.0,0.05,-819.1617431640625
4870,0.05,0.65,0.0,0.06,-814.0421142578125
4871,0.05,0.65,0.0,0.07,-811.518310546875
4872,0.05,0.65,0.0,0.08,-808.3058471679688
4873,0.05,0.65,0.0,0.09,-807.380615234375
4874,0.05,0.65,0.0,0.1,-805.6871337890625
4875,0.05,0.65,0.0,0.11,-804.098388671875
4876,0.05,0.65,0.0,0.12,-803.9093017578125
4877,0.05,0.65,0.0,0.13,-803.5447387695312
4878,0.05,0.65,0.0,0.14,-803.411865234375
4879,0.05,0.65,0.0,0.15,-804.8786010742188
4880,0.05,0.65,0.0,0.16,-805.800048828125
4881,0.05,0.65,0.0,0.17,-806.7572021484375
4882,0.05,0.65,0.0,0.18,-807.7677612304688
4883,0.05,0.65,0.0,0.19,-808.3577880859375
4884,0.05,0.65,0.0,0.2,-811.1524658203125
4885,0.05,0.65,0.0,0.21,-811.531982421875
4886,0.05,0.65,0.0,0.22,-812.3150634765625
4887,0.05,0.65,0.0,0.23,-815.6544799804688
4888,0.05,0.65,0.0,0.24,-815.6749267578125
4889,0.05,0.65,0.0,0.25,-817.9970703125
4890,0.05,0.65,0.0,0.26,-820.1597900390625
4891,0.05,0.65,0.0,0.27,-823.780029296875
4892,0.05,0.65,0.0,0.28,-824.4866943359375
4893,0.05,0.65,0.0,0.29,-825.515380859375
4894,0.05,0.65,0.0,0.3,-828.6578369140625
4895,0.05,0.65,0.0,0.31,-830.4329223632812
4896,0.05,0.65,0.0,0.32,-832.5223388671875
4897,0.05,0.65,0.0,0.33,-836.0451049804688
4898,0.05,0.65,0.0,0.34,-836.8797607421875
4899,0.05,0.65,0.0,0.35,-839.6124267578125
4900,0.05,0.65,0.0,0.36,-842.138916015625
4901,0.05,0.65,0.0,0.37,-844.120361328125
4902,0.05,0.65,0.0,0.38,-847.3739013671875
4903,0.05,0.65,0.0,0.39,-849.8013916015625
4904,0.05,0.65,0.0,0.4,-852.460205078125
4905,0.05,0.65,0.0,0.41,-855.3505249023438
4906,0.05,0.65,0.0,0.42,-858.3345336914062
4907,0.05,0.65,0.0,0.43,-859.1931762695312
4908,0.05,0.65,0.0,0.44,-862.5933227539062
4909,0.05,0.65,0.0,0.45,-865.4749755859375
4910,0.05,0.65,0.0,0.46,-867.8250122070312
4911,0.05,0.65,0.0,0.47,-870.400146484375
4912,0.05,0.65,0.0,0.48,-873.5137329101562
4913,0.05,0.65,0.0,0.49,-876.8746948242188
4914,0.05,0.65,0.0,0.5,-878.4149169921875
4915,0.05,0.65,0.0,0.51,-881.1058349609375
4916,0.05,0.65,0.0,0.52,-885.2684326171875
4917,0.05,0.65,0.0,0.53,-887.7381591796875
4918,0.05,0.65,0.0,0.54,-889.429931640625
4919,0.05,0.65,0.0,0.55,-892.77978515625
4920,0.05,0.65,0.0,0.56,-896.57568359375
4921,0.05,0.65,0.0,0.57,-898.04150390625
4922,0.05,0.65,0.0,0.58,-902.0904541015625
4923,0.05,0.65,0.0,0.59,-904.6395263671875
4924,0.05,0.65,0.0,0.6,-908.4493408203125
4925,0.05,0.65,0.0,0.61,-912.212646484375
4926,0.05,0.65,0.0,0.62,-913.572021484375
4927,0.05,0.65,0.0,0.63,-915.6790771484375
4928,0.05,0.65,0.0,0.64,-922.0228881835938
4929,0.05,0.65,0.0,0.65,-923.8995361328125
4930,0.05,0.65,0.0,0.66,-924.088134765625
4931,0.05,0.65,0.0,0.67,-927.067626953125
4932,0.05,0.65,0.0,0.68,-930.7890625
4933,0.05,0.65,0.0,0.69,-937.2225341796875
4934,0.05,0.65,0.0,0.7,-936.6666259765625
4935,0.05,0.65,0.0,0.71,-940.6632080078125
4936,0.05,0.65,0.0,0.72,-944.5918579101562
4937,0.05,0.65,0.0,0.73,-947.352294921875
4938,0.05,0.65,0.0,0.74,-952.0198974609375
4939,0.05,0.65,0.0,0.75,-951.5377197265625
4940,0.05,0.66,0.0,0.0,-2353.28369140625
4941,0.05,0.66,0.0,0.01,-879.8837280273438
4942,0.05,0.66,0.0,0.02,-851.7396240234375
4943,0.05,0.66,0.0,0.03,-835.9320068359375
4944,0.05,0.66,0.0,0.04,-826.5333251953125
4945,0.05,0.66,0.0,0.05,-821.4093017578125
4946,0.05,0.66,0.0,0.06,-816.866943359375
4947,0.05,0.66,0.0,0.07,-811.547607421875
4948,0.05,0.66,0.0,0.08,-808.5916748046875
4949,0.05,0.66,0.0,0.09,-807.4908447265625
4950,0.05,0.66,0.0,0.1,-807.124267578125
4951,0.05,0.66,0.0,0.11,-805.3177490234375
4952,0.05,0.66,0.0,0.12,-805.0764770507812
4953,0.05,0.66,0.0,0.13,-805.005859375
4954,0.05,0.66,0.0,0.14,-804.8521118164062
4955,0.05,0.66,0.0,0.15,-805.2169799804688
4956,0.05,0.66,0.0,0.16,-805.7281494140625
4957,0.05,0.66,0.0,0.17,-807.4581909179688
4958,0.05,0.66,0.0,0.18,-808.139404296875
4959,0.05,0.66,0.0,0.19,-809.3092651367188
4960,0.05,0.66,0.0,0.2,-811.6303100585938
4961,0.05,0.66,0.0,0.21,-812.1715698242188
4962,0.05,0.66,0.0,0.22,-813.7757568359375
4963,0.05,0.66,0.0,0.23,-814.818115234375
4964,0.05,0.66,0.0,0.24,-817.1720581054688
4965,0.05,0.66,0.0,0.25,-819.50927734375
4966,0.05,0.66,0.0,0.26,-820.3698120117188
4967,0.05,0.66,0.0,0.27,-823.1631469726562
4968,0.05,0.66,0.0,0.28,-825.8070068359375
4969,0.05,0.66,0.0,0.29,-827.252197265625
4970,0.05,0.66,0.0,0.3,-830.40869140625
4971,0.05,0.66,0.0,0.31,-831.29736328125
4972,0.05,0.66,0.0,0.32,-833.199462890625
4973,0.05,0.66,0.0,0.33,-835.9909057617188
4974,0.05,0.66,0.0,0.34,-838.23876953125
4975,0.05,0.66,0.0,0.35,-840.9715576171875
4976,0.05,0.66,0.0,0.36,-842.9283447265625
4977,0.05,0.66,0.0,0.37,-846.132080078125
4978,0.05,0.66,0.0,0.38,-847.1505737304688
4979,0.05,0.66,0.0,0.39,-852.47607421875
4980,0.05,0.66,0.0,0.4,-852.4111328125
4981,0.05,0.66,0.0,0.41,-854.9291381835938
4982,0.05,0.66,0.0,0.42,-857.8816528320312
4983,0.05,0.66,0.0,0.43,-862.0138549804688
4984,0.05,0.66,0.0,0.44,-862.19140625
4985,0.05,0.66,0.0,0.45,-867.004638671875
4986,0.05,0.66,0.0,0.46,-870.7012939453125
4987,0.05,0.66,0.0,0.47,-871.73974609375
4988,0.05,0.66,0.0,0.48,-874.2974853515625
4989,0.05,0.66,0.0,0.49,-877.9906005859375
4990,0.05,0.66,0.0,0.5,-880.299072265625
4991,0.05,0.66,0.0,0.51,-882.4832763671875
4992,0.05,0.66,0.0,0.52,-886.8773193359375
4993,0.05,0.66,0.0,0.53,-888.259033203125
4994,0.05,0.66,0.0,0.54,-891.5215454101562
4995,0.05,0.66,0.0,0.55,-893.5250244140625
4996,0.05,0.66,0.0,0.56,-898.3075561523438
4997,0.05,0.66,0.0,0.57,-899.0557861328125
4998,0.05,0.66,0.0,0.58,-902.1536865234375
4999,0.05,0.66,0.0,0.59,-905.482421875
5000,0.05,0.66,0.0,0.6,-909.2833251953125
5001,0.05,0.66,0.0,0.61,-912.098876953125
5002,0.05,0.66,0.0,0.62,-914.3118896484375
5003,0.05,0.66,0.0,0.63,-917.66259765625
5004,0.05,0.66,0.0,0.64,-920.5993041992188
5005,0.05,0.66,0.0,0.65,-923.9407958984375
5006,0.05,0.66,0.0,0.66,-925.8492431640625
5007,0.05,0.66,0.0,0.67,-932.0384521484375
5008,0.05,0.66,0.0,0.68,-933.6669921875
5009,0.05,0.66,0.0,0.69,-935.728759765625
5010,0.05,0.66,0.0,0.7,-937.6195068359375
5011,0.05,0.66,0.0,0.71,-941.2562866210938
5012,0.05,0.66,0.0,0.72,-945.984375
5013,0.05,0.66,0.0,0.73,-948.0086669921875
5014,0.05,0.66,0.0,0.74,-950.3759155273438
5015,0.05,0.66,0.0,0.75,-952.2286376953125
5016,0.05,0.67,0.0,0.0,-2319.57666015625
5017,0.05,0.67,0.0,0.01,-878.8848876953125
5018,0.05,0.67,0.0,0.02,-851.611328125
5019,0.05,0.67,0.0,0.03,-838.980224609375
5020,0.05,0.67,0.0,0.04,-828.101806640625
5021,0.05,0.67,0.0,0.05,-821.7529296875
5022,0.05,0.67,0.0,0.06,-815.968017578125
5023,0.05,0.67,0.0,0.07,-812.8358154296875
5024,0.05,0.67,0.0,0.08,-810.1740112304688
5025,0.05,0.67,0.0,0.09,-809.7378540039062
5026,0.05,0.67,0.0,0.1,-806.71923828125
5027,0.05,0.67,0.0,0.11,-805.7969360351562
5028,0.05,0.67,0.0,0.12,-805.3018188476562
5029,0.05,0.67,0.0,0.13,-805.3997802734375
5030,0.05,0.67,0.0,0.14,-806.0054931640625
5031,0.05,0.67,0.0,0.15,-807.3106079101562
5032,0.05,0.67,0.0,0.16,-808.7403564453125
5033,0.05,0.67,0.0,0.17,-807.6156616210938
5034,0.05,0.67,0.0,0.18,-808.8314819335938
5035,0.05,0.67,0.0,0.19,-810.7263793945312
5036,0.05,0.67,0.0,0.2,-810.8853149414062
5037,0.05,0.67,0.0,0.21,-812.675048828125
5038,0.05,0.67,0.0,0.22,-814.9550170898438
5039,0.05,0.67,0.0,0.23,-816.0079345703125
5040,0.05,0.67,0.0,0.24,-817.6714477539062
5041,0.05,0.67,0.0,0.25,-819.735595703125
5042,0.05,0.67,0.0,0.26,-821.24365234375
5043,0.05,0.67,0.0,0.27,-823.4630126953125
5044,0.05,0.67,0.0,0.28,-825.1004638671875
5045,0.05,0.67,0.0,0.29,-827.3748779296875
5046,0.05,0.67,0.0,0.3,-829.55615234375
5047,0.05,0.67,0.0,0.31,-831.430419921875
5048,0.05,0.67,0.0,0.32,-834.2889404296875
5049,0.05,0.67,0.0,0.33,-836.4779052734375
5050,0.05,0.67,0.0,0.34,-838.3070068359375
5051,0.05,0.67,0.0,0.35,-841.9893798828125
5052,0.05,0.67,0.0,0.36,-843.328369140625
5053,0.05,0.67,0.0,0.37,-846.1727294921875
5054,0.05,0.67,0.0,0.38,-849.593505859375
5055,0.05,0.67,0.0,0.39,-851.9169921875
5056,0.05,0.67,0.0,0.4,-853.1824951171875
5057,0.05,0.67,0.0,0.41,-857.795654296875
5058,0.05,0.67,0.0,0.42,-859.6607666015625
5059,0.05,0.67,0.0,0.43,-862.1741943359375
5060,0.05,0.67,0.0,0.44,-864.0428466796875
5061,0.05,0.67,0.0,0.45,-866.3199462890625
5062,0.05,0.67,0.0,0.46,-870.40966796875
5063,0.05,0.67,0.0,0.47,-872.5161743164062
5064,0.05,0.67,0.0,0.48,-875.2686767578125
5065,0.05,0.67,0.0,0.49,-878.45458984375
5066,0.05,0.67,0.0,0.5,-880.893798828125
5067,0.05,0.67,0.0,0.51,-883.9095458984375
5068,0.05,0.67,0.0,0.52,-887.5056762695312
5069,0.05,0.67,0.0,0.53,-888.1773071289062
5070,0.05,0.67,0.0,0.54,-893.076171875
5071,0.05,0.67,0.0,0.55,-895.739013671875
5072,0.05,0.67,0.0,0.56,-898.6104736328125
5073,0.05,0.67,0.0,0.57,-902.7176513671875
5074,0.05,0.67,0.0,0.58,-903.7072143554688
5075,0.05,0.67,0.0,0.59,-906.2070922851562
5076,0.05,0.67,0.0,0.6,-909.473876953125
5077,0.05,0.67,0.0,0.61,-913.20166015625
5078,0.05,0.67,0.0,0.62,-915.3597412109375
5079,0.05,0.67,0.0,0.63,-919.9320068359375
5080,0.05,0.67,0.0,0.64,-922.2723388671875
5081,0.05,0.67,0.0,0.65,-924.975341796875
5082,0.05,0.67,0.0,0.66,-926.885986328125
5083,0.05,0.67,0.0,0.67,-929.6883544921875
5084,0.05,0.67,0.0,0.68,-933.9730834960938
5085,0.05,0.67,0.0,0.69,-937.72705078125
5086,0.05,0.67,0.0,0.7,-941.7455444335938
5087,0.05,0.67,0.0,0.71,-942.576171875
5088,0.05,0.67,0.0,0.72,-947.2827758789062
5089,0.05,0.67,0.0,0.73,-949.3402099609375
5090,0.05,0.67,0.0,0.74,-951.0278930664062
5091,0.05,0.67,0.0,0.75,-953.0474853515625
5092,0.05,0.68,0.0,0.0,-2372.8681640625
5093,0.05,0.68,0.0,0.01,-882.656494140625
5094,0.05,0.68,0.0,0.02,-852.8011474609375
5095,0.05,0.68,0.0,0.03,-838.2659912109375
5096,0.05,0.68,0.0,0.04,-828.972900390625
5097,0.05,0.68,0.0,0.05,-823.1412963867188
5098,0.05,0.68,0.0,0.06,-817.100830078125
5099,0.05,0.68,0.0,0.07,-814.3902587890625
5100,0.05,0.68,0.0,0.08,-811.2935791015625
5101,0.05,0.68,0.0,0.09,-809.301513671875
5102,0.05,0.68,0.0,0.1,-807.5691528320312
5103,0.05,0.68,0.0,0.11,-806.5643310546875
5104,0.05,0.68,0.0,0.12,-806.2315673828125
5105,0.05,0.68,0.0,0.13,-805.982421875
5106,0.05,0.68,0.0,0.14,-807.130126953125
5107,0.05,0.68,0.0,0.15,-807.00341796875
5108,0.05,0.68,0.0,0.16,-809.9586181640625
5109,0.05,0.68,0.0,0.17,-810.8246459960938
5110,0.05,0.68,0.0,0.18,-810.1915283203125
5111,0.05,0.68,0.0,0.19,-810.2919921875
5112,0.05,0.68,0.0,0.2,-812.5499267578125
5113,0.05,0.68,0.0,0.21,-813.3631591796875
5114,0.05,0.68,0.0,0.22,-814.8825073242188
5115,0.05,0.68,0.0,0.23,-817.9229736328125
5116,0.05,0.68,0.0,0.24,-818.3426513671875
5117,0.05,0.68,0.0,0.25,-822.460205078125
5118,0.05,0.68,0.0,0.26,-821.80517578125
5119,0.05,0.68,0.0,0.27,-824.131103515625
5120,0.05,0.68,0.0,0.28,-827.0443115234375
5121,0.05,0.68,0.0,0.29,-828.552001953125
5122,0.05,0.68,0.0,0.3,-831.8068237304688
5123,0.05,0.68,0.0,0.31,-833.2401733398438
5124,0.05,0.68,0.0,0.32,-837.1472778320312
5125,0.05,0.68,0.0,0.33,-839.499267578125
5126,0.05,0.68,0.0,0.34,-839.65771484375
5127,0.05,0.68,0.0,0.35,-842.635498046875
5128,0.05,0.68,0.0,0.36,-844.623779296875
5129,0.05,0.68,0.0,0.37,-847.0533447265625
5130,0.05,0.68,0.0,0.38,-850.29736328125
5131,0.05,0.68,0.0,0.39,-851.6865234375
5132,0.05,0.68,0.0,0.4,-855.2158203125
5133,0.05,0.68,0.0,0.41,-858.7086791992188
5134,0.05,0.68,0.0,0.42,-859.75830078125
5135,0.05,0.68,0.0,0.43,-862.7920532226562
5136,0.05,0.68,0.0,0.44,-866.3761596679688
5137,0.05,0.68,0.0,0.45,-868.3623046875
5138,0.05,0.68,0.0,0.46,-869.9075927734375
5139,0.05,0.68,0.0,0.47,-874.5507202148438
5140,0.05,0.68,0.0,0.48,-876.2545776367188
5141,0.05,0.68,0.0,0.49,-878.4457397460938
5142,0.05,0.68,0.0,0.5,-881.8319091796875
5143,0.05,0.68,0.0,0.51,-884.0714111328125
5144,0.05,0.68,0.0,0.52,-886.6548461914062
5145,0.05,0.68,0.0,0.53,-889.39013671875
5146,0.05,0.68,0.0,0.54,-893.4505004882812
5147,0.05,0.68,0.0,0.55,-895.1148071289062
5148,0.05,0.68,0.0,0.56,-899.3115234375
5149,0.05,0.68,0.0,0.57,-900.4443969726562
5150,0.05,0.68,0.0,0.58,-904.8953857421875
5151,0.05,0.68,0.0,0.59,-905.8316650390625
5152,0.05,0.68,0.0,0.6,-909.660888671875
5153,0.05,0.68,0.0,0.61,-914.983642578125
5154,0.05,0.68,0.0,0.62,-916.6939697265625
5155,0.05,0.68,0.0,0.63,-920.397216796875
5156,0.05,0.68,0.0,0.64,-923.0927124023438
5157,0.05,0.68,0.0,0.65,-925.7559204101562
5158,0.05,0.68,0.0,0.66,-927.97998046875
5159,0.05,0.68,0.0,0.67,-931.342529296875
5160,0.05,0.68,0.0,0.68,-934.7708740234375
5161,0.05,0.68,0.0,0.69,-936.5836181640625
5162,0.05,0.68,0.0,0.7,-939.494873046875
5163,0.05,0.68,0.0,0.71,-943.8261108398438
5164,0.05,0.68,0.0,0.72,-945.1998291015625
5165,0.05,0.68,0.0,0.73,-953.8038940429688
5166,0.05,0.68,0.0,0.74,-953.5659790039062
5167,0.05,0.68,0.0,0.75,-954.289306640625
5168,0.05,0.69,0.0,0.0,-2353.644775390625
5169,0.05,0.69,0.0,0.01,-881.36328125
5170,0.05,0.69,0.0,0.02,-853.4833374023438
5171,0.05,0.69,0.0,0.03,-838.8236694335938
5172,0.05,0.69,0.0,0.04,-828.4767456054688
5173,0.05,0.69,0.0,0.05,-822.9835205078125
5174,0.05,0.69,0.0,0.06,-817.8087768554688
5175,0.05,0.69,0.0,0.07,-814.4802856445312
5176,0.05,0.69,0.0,0.08,-811.8665771484375
5177,0.05,0.69,0.0,0.09,-810.3512573242188
5178,0.05,0.69,0.0,0.1,-807.9180297851562
5179,0.05,0.69,0.0,0.11,-807.6651611328125
5180,0.05,0.69,0.0,0.12,-809.8700561523438
5181,0.05,0.69,0.0,0.13,-807.55126953125
5182,0.05,0.69,0.0,0.14,-807.7212524414062
5183,0.05,0.69,0.0,0.15,-809.02294921875
5184,0.05,0.69,0.0,0.16,-808.4481811523438
5185,0.05,0.69,0.0,0.17,-810.3355712890625
5186,0.05,0.69,0.0,0.18,-811.3977661132812
5187,0.05,0.69,0.0,0.19,-813.0245361328125
5188,0.05,0.69,0.0,0.2,-813.4530029296875
5189,0.05,0.69,0.0,0.21,-814.4871826171875
5190,0.05,0.69,0.0,0.22,-815.8760986328125
5191,0.05,0.69,0.0,0.23,-817.795654296875
5192,0.05,0.69,0.0,0.24,-819.8110961914062
5193,0.05,0.69,0.0,0.25,-821.2708740234375
5194,0.05,0.69,0.0,0.26,-823.3343505859375
5195,0.05,0.69,0.0,0.27,-825.091064453125
5196,0.05,0.69,0.0,0.28,-827.552490234375
5197,0.05,0.69,0.0,0.29,-829.9154052734375
5198,0.05,0.69,0.0,0.3,-831.900634765625
5199,0.05,0.69,0.0,0.31,-833.0660400390625
5200,0.05,0.69,0.0,0.32,-836.8973388671875
5201,0.05,0.69,0.0,0.33,-838.2932739257812
5202,0.05,0.69,0.0,0.34,-841.4392700195312
5203,0.05,0.69,0.0,0.35,-842.5738525390625
5204,0.05,0.69,0.0,0.36,-844.7672729492188
5205,0.05,0.69,0.0,0.37,-848.8154296875
5206,0.05,0.69,0.0,0.38,-850.5823974609375
5207,0.05,0.69,0.0,0.39,-852.2621459960938
5208,0.05,0.69,0.0,0.4,-854.9954223632812
5209,0.05,0.69,0.0,0.41,-858.8626708984375
5210,0.05,0.69,0.0,0.42,-861.627685546875
5211,0.05,0.69,0.0,0.43,-863.8480834960938
5212,0.05,0.69,0.0,0.44,-867.6307373046875
5213,0.05,0.69,0.0,0.45,-869.3121948242188
5214,0.05,0.69,0.0,0.46,-871.3353271484375
5215,0.05,0.69,0.0,0.47,-874.0464477539062
5216,0.05,0.69,0.0,0.48,-876.829345703125
5217,0.05,0.69,0.0,0.49,-881.257568359375
5218,0.05,0.69,0.0,0.5,-881.90087890625
5219,0.05,0.69,0.0,0.51,-885.09130859375
5220,0.05,0.69,0.0,0.52,-887.6083984375
5221,0.05,0.69,0.0,0.53,-891.3519287109375
5222,0.05,0.69,0.0,0.54,-894.39404296875
5223,0.05,0.69,0.0,0.55,-897.2639770507812
5224,0.05,0.69,0.0,0.56,-899.2461547851562
5225,0.05,0.69,0.0,0.57,-902.37255859375
5226,0.05,0.69,0.0,0.58,-905.7672729492188
5227,0.05,0.69,0.0,0.59,-910.2579345703125
5228,0.05,0.69,0.0,0.6,-913.3380737304688
5229,0.05,0.69,0.0,0.61,-915.7113037109375
5230,0.05,0.69,0.0,0.62,-918.8489990234375
5231,0.05,0.69,0.0,0.63,-922.1241455078125
5232,0.05,0.69,0.0,0.64,-922.1500244140625
5233,0.05,0.69,0.0,0.65,-926.8475952148438
5234,0.05,0.69,0.0,0.66,-929.7548217773438
5235,0.05,0.69,0.0,0.67,-933.2841796875
5236,0.05,0.69,0.0,0.68,-935.768310546875
5237,0.05,0.69,0.0,0.69,-938.9302978515625
5238,0.05,0.69,0.0,0.7,-941.6610717773438
5239,0.05,0.69,0.0,0.71,-945.5361328125
5240,0.05,0.69,0.0,0.72,-950.3912353515625
5241,0.05,0.69,0.0,0.73,-953.8104858398438
5242,0.05,0.69,0.0,0.74,-954.2958984375
5243,0.05,0.69,0.0,0.75,-960.9613037109375
5244,0.05,0.7,0.0,0.0,-2369.44580078125
5245,0.05,0.7,0.0,0.01,-883.3597412109375
5246,0.05,0.7,0.0,0.02,-853.983154296875
5247,0.05,0.7,0.0,0.03,-840.9212646484375
5248,0.05,0.7,0.0,0.04,-829.6070556640625
5249,0.05,0.7,0.0,0.05,-823.5721435546875
5250,0.05,0.7,0.0,0.06,-819.306640625
5251,0.05,0.7,0.0,0.07,-814.6478881835938
5252,0.05,0.7,0.0,0.08,-812.3541259765625
5253,0.05,0.7,0.0,0.09,-810.9088134765625
5254,0.05,0.7,0.0,0.1,-809.291259765625
5255,0.05,0.7,0.0,0.11,-808.8546142578125
5256,0.05,0.7,0.0,0.12,-808.833251953125
5257,0.05,0.7,0.0,0.13,-808.1329345703125
5258,0.05,0.7,0.0,0.14,-808.523193359375
5259,0.05,0.7,0.0,0.15,-807.8406982421875
5260,0.05,0.7,0.0,0.16,-809.40576171875
5261,0.05,0.7,0.0,0.17,-810.626953125
5262,0.05,0.7,0.0,0.18,-810.8984985351562
5263,0.05,0.7,0.0,0.19,-812.3715209960938
5264,0.05,0.7,0.0,0.2,-813.8026123046875
5265,0.05,0.7,0.0,0.21,-816.71728515625
5266,0.05,0.7,0.0,0.22,-817.4093017578125
5267,0.05,0.7,0.0,0.23,-818.201171875
5268,0.05,0.7,0.0,0.24,-820.68115234375
5269,0.05,0.7,0.0,0.25,-823.0882568359375
5270,0.05,0.7,0.0,0.26,-824.5299072265625
5271,0.05,0.7,0.0,0.27,-826.1415405273438
5272,0.05,0.7,0.0,0.28,-828.8304443359375
5273,0.05,0.7,0.0,0.29,-831.0928955078125
5274,0.05,0.7,0.0,0.3,-832.4415283203125
5275,0.05,0.7,0.0,0.31,-834.689697265625
5276,0.05,0.7,0.0,0.32,-836.450927734375
5277,0.05,0.7,0.0,0.33,-839.2451782226562
5278,0.05,0.7,0.0,0.34,-841.06689453125
5279,0.05,0.7,0.0,0.35,-843.9783935546875
5280,0.05,0.7,0.0,0.36,-846.51904296875
5281,0.05,0.7,0.0,0.37,-848.6168212890625
5282,0.05,0.7,0.0,0.38,-851.2431030273438
5283,0.05,0.7,0.0,0.39,-854.57080078125
5284,0.05,0.7,0.0,0.4,-856.5869750976562
5285,0.05,0.7,0.0,0.41,-859.4996337890625
5286,0.05,0.7,0.0,0.42,-861.1435546875
5287,0.05,0.7,0.0,0.43,-865.8792724609375
5288,0.05,0.7,0.0,0.44,-867.779052734375
5289,0.05,0.7,0.0,0.45,-869.2866821289062
5290,0.05,0.7,0.0,0.46,-871.1256713867188
5291,0.05,0.7,0.0,0.47,-875.37646484375
5292,0.05,0.7,0.0,0.48,-878.099365234375
5293,0.05,0.7,0.0,0.49,-880.581298828125
5294,0.05,0.7,0.0,0.5,-882.1038818359375
5295,0.05,0.7,0.0,0.51,-886.196533203125
5296,0.05,0.7,0.0,0.52,-887.0482788085938
5297,0.05,0.7,0.0,0.53,-893.068115234375
5298,0.05,0.7,0.0,0.54,-894.8174438476562
5299,0.05,0.7,0.0,0.55,-899.6278076171875
5300,0.05,0.7,0.0,0.56,-901.379150390625
5301,0.05,0.7,0.0,0.57,-903.66162109375
5302,0.05,0.7,0.0,0.58,-906.7811279296875
5303,0.05,0.7,0.0,0.59,-909.6866455078125
5304,0.05,0.7,0.0,0.6,-912.3888549804688
5305,0.05,0.7,0.0,0.61,-916.2362060546875
5306,0.05,0.7,0.0,0.62,-917.3037109375
5307,0.05,0.7,0.0,0.63,-920.9998779296875
5308,0.05,0.7,0.0,0.64,-925.64501953125
5309,0.05,0.7,0.0,0.65,-925.8753662109375
5310,0.05,0.7,0.0,0.66,-930.8194580078125
5311,0.05,0.7,0.0,0.67,-934.62109375
5312,0.05,0.7,0.0,0.68,-936.48291015625
5313,0.05,0.7,0.0,0.69,-938.4827270507812
5314,0.05,0.7,0.0,0.7,-941.5885009765625
5315,0.05,0.7,0.0,0.71,-945.8876953125
5316,0.05,0.7,0.0,0.72,-949.9744262695312
5317,0.05,0.7,0.0,0.73,-951.4258422851562
5318,0.05,0.7,0.0,0.74,-954.4922485351562
5319,0.05,0.7,0.0,0.75,-958.2647705078125
5320,0.05,0.71,0.0,0.0,-2368.48681640625
5321,0.05,0.71,0.0,0.01,-883.26123046875
5322,0.05,0.71,0.0,0.02,-855.22265625
5323,0.05,0.71,0.0,0.03,-840.8797607421875
5324,0.05,0.71,0.0,0.04,-831.6005859375
5325,0.05,0.71,0.0,0.05,-823.8594970703125
5326,0.05,0.71,0.0,0.06,-819.724853515625
5327,0.05,0.71,0.0,0.07,-815.458984375
5328,0.05,0.71,0.0,0.08,-813.5333251953125
5329,0.05,0.71,0.0,0.09,-810.823486328125
5330,0.05,0.71,0.0,0.1,-812.9705200195312
5331,0.05,0.71,0.0,0.11,-809.1202392578125
5332,0.05,0.71,0.0,0.12,-810.9935913085938
5333,0.05,0.71,0.0,0.13,-807.8698120117188
5334,0.05,0.71,0.0,0.14,-809.8131103515625
5335,0.05,0.71,0.0,0.15,-809.8284912109375
5336,0.05,0.71,0.0,0.16,-809.98095703125
5337,0.05,0.71,0.0,0.17,-813.6881103515625
5338,0.05,0.71,0.0,0.18,-812.7998046875
5339,0.05,0.71,0.0,0.19,-813.2169189453125
5340,0.05,0.71,0.0,0.2,-813.8477783203125
5341,0.05,0.71,0.0,0.21,-816.8037719726562
5342,0.05,0.71,0.0,0.22,-817.1812133789062
5343,0.05,0.71,0.0,0.23,-820.1019287109375
5344,0.05,0.71,0.0,0.24,-822.298583984375
5345,0.05,0.71,0.0,0.25,-824.015625
5346,0.05,0.71,0.0,0.26,-825.0223388671875
5347,0.05,0.71,0.0,0.27,-827.5848999023438
5348,0.05,0.71,0.0,0.28,-828.1673583984375
5349,0.05,0.71,0.0,0.29,-830.2594604492188
5350,0.05,0.71,0.0,0.3,-832.467529296875
5351,0.05,0.71,0.0,0.31,-835.6201171875
5352,0.05,0.71,0.0,0.32,-838.8372802734375
5353,0.05,0.71,0.0,0.33,-839.67626953125
5354,0.05,0.71,0.0,0.34,-843.0704345703125
5355,0.05,0.71,0.0,0.35,-845.5128173828125
5356,0.05,0.71,0.0,0.36,-847.54345703125
5357,0.05,0.71,0.0,0.37,-849.2431030273438
5358,0.05,0.71,0.0,0.38,-851.8150024414062
5359,0.05,0.71,0.0,0.39,-855.4695434570312
5360,0.05,0.71,0.0,0.4,-857.3822631835938
5361,0.05,0.71,0.0,0.41,-860.2950439453125
5362,0.05,0.71,0.0,0.42,-861.624755859375
5363,0.05,0.71,0.0,0.43,-865.349365234375
5364,0.05,0.71,0.0,0.44,-868.3113403320312
5365,0.05,0.71,0.0,0.45,-871.2105102539062
5366,0.05,0.71,0.0,0.46,-873.3955078125
5367,0.05,0.71,0.0,0.47,-877.023681640625
5368,0.05,0.71,0.0,0.48,-878.662109375
5369,0.05,0.71,0.0,0.49,-882.5477294921875
5370,0.05,0.71,0.0,0.5,-884.867431640625
5371,0.05,0.71,0.0,0.51,-886.9345703125
5372,0.05,0.71,0.0,0.52,-890.912109375
5373,0.05,0.71,0.0,0.53,-893.44970703125
5374,0.05,0.71,0.0,0.54,-895.875732421875
5375,0.05,0.71,0.0,0.55,-898.7144165039062
5376,0.05,0.71,0.0,0.56,-902.0215454101562
5377,0.05,0.71,0.0,0.57,-904.4345703125
5378,0.05,0.71,0.0,0.58,-907.5828857421875
5379,0.05,0.71,0.0,0.59,-911.4317016601562
5380,0.05,0.71,0.0,0.6,-914.7618408203125
5381,0.05,0.71,0.0,0.61,-916.0848388671875
5382,0.05,0.71,0.0,0.62,-920.195068359375
5383,0.05,0.71,0.0,0.63,-923.6537475585938
5384,0.05,0.71,0.0,0.64,-926.9035034179688
5385,0.05,0.71,0.0,0.65,-928.4744873046875
5386,0.05,0.71,0.0,0.66,-933.1353149414062
5387,0.05,0.71,0.0,0.67,-935.6026611328125
5388,0.05,0.71,0.0,0.68,-937.3806762695312
5389,0.05,0.71,0.0,0.69,-939.860107421875
5390,0.05,0.71,0.0,0.7,-941.2784423828125
5391,0.05,0.71,0.0,0.71,-946.7816162109375
5392,0.05,0.71,0.0,0.72,-950.1532592773438
5393,0.05,0.71,0.0,0.73,-952.7877197265625
5394,0.05,0.71,0.0,0.74,-954.947509765625
5395,0.05,0.71,0.0,0.75,-959.538330078125
5396,0.05,0.72,0.0,0.0,-2364.650146484375
5397,0.05,0.72,0.0,0.01,-883.537109375
5398,0.05,0.72,0.0,0.02,-854.635009765625
5399,0.05,0.72,0.0,0.03,-841.7443237304688
5400,0.05,0.72,0.0,0.04,-831.96630859375
5401,0.05,0.72,0.0,0.05,-825.8809814453125
5402,0.05,0.72,0.0,0.06,-821.38916015625
5403,0.05,0.72,0.0,0.07,-817.4963989257812
5404,0.05,0.72,0.0,0.08,-814.3216552734375
5405,0.05,0.72,0.0,0.09,-811.4490966796875
5406,0.05,0.72,0.0,0.1,-810.9711303710938
5407,0.05,0.72,0.0,0.11,-811.1361083984375
5408,0.05,0.72,0.0,0.12,-809.6201171875
5409,0.05,0.72,0.0,0.13,-809.6376953125
5410,0.05,0.72,0.0,0.14,-809.630615234375
5411,0.05,0.72,0.0,0.15,-810.577392578125
5412,0.05,0.72,0.0,0.16,-811.4918212890625
5413,0.05,0.72,0.0,0.17,-811.7166137695312
5414,0.05,0.72,0.0,0.18,-812.63134765625
5415,0.05,0.72,0.0,0.19,-814.6534423828125
5416,0.05,0.72,0.0,0.2,-815.1205444335938
5417,0.05,0.72,0.0,0.21,-816.7420654296875
5418,0.05,0.72,0.0,0.22,-818.983642578125
5419,0.05,0.72,0.0,0.23,-819.8218994140625
5420,0.05,0.72,0.0,0.24,-822.607421875
5421,0.05,0.72,0.0,0.25,-823.0386352539062
5422,0.05,0.72,0.0,0.26,-825.9817504882812
5423,0.05,0.72,0.0,0.27,-827.96630859375
5424,0.05,0.72,0.0,0.28,-829.4171142578125
5425,0.05,0.72,0.0,0.29,-832.1428833007812
5426,0.05,0.72,0.0,0.3,-833.787353515625
5427,0.05,0.72,0.0,0.31,-836.4901733398438
5428,0.05,0.72,0.0,0.32,-838.2886962890625
5429,0.05,0.72,0.0,0.33,-841.1673583984375
5430,0.05,0.72,0.0,0.34,-842.4683837890625
5431,0.05,0.72,0.0,0.35,-845.997802734375
5432,0.05,0.72,0.0,0.36,-848.7295532226562
5433,0.05,0.72,0.0,0.37,-851.7252807617188
5434,0.05,0.72,0.0,0.38,-853.1356201171875
5435,0.05,0.72,0.0,0.39,-856.135986328125
5436,0.05,0.72,0.0,0.4,-858.4149169921875
5437,0.05,0.72,0.0,0.41,-861.5736083984375
5438,0.05,0.72,0.0,0.42,-863.19677734375
5439,0.05,0.72,0.0,0.43,-864.646240234375
5440,0.05,0.72,0.0,0.44,-868.027099609375
5441,0.05,0.72,0.0,0.45,-871.7061157226562
5442,0.05,0.72,0.0,0.46,-874.0429077148438
5443,0.05,0.72,0.0,0.47,-877.24365234375
5444,0.05,0.72,0.0,0.48,-879.2760620117188
5445,0.05,0.72,0.0,0.49,-882.0465087890625
5446,0.05,0.72,0.0,0.5,-885.9284057617188
5447,0.05,0.72,0.0,0.51,-887.5042114257812
5448,0.05,0.72,0.0,0.52,-890.948486328125
5449,0.05,0.72,0.0,0.53,-893.8086547851562
5450,0.05,0.72,0.0,0.54,-898.0067138671875
5451,0.05,0.72,0.0,0.55,-901.2860107421875
5452,0.05,0.72,0.0,0.56,-903.231201171875
5453,0.05,0.72,0.0,0.57,-904.43115234375
5454,0.05,0.72,0.0,0.58,-910.254638671875
5455,0.05,0.72,0.0,0.59,-911.9555053710938
5456,0.05,0.72,0.0,0.6,-914.8896484375
5457,0.05,0.72,0.0,0.61,-916.212646484375
5458,0.05,0.72,0.0,0.62,-922.3563232421875
5459,0.05,0.72,0.0,0.63,-923.1342163085938
5460,0.05,0.72,0.0,0.64,-926.7514038085938
5461,0.05,0.72,0.0,0.65,-928.6430053710938
5462,0.05,0.72,0.0,0.66,-933.6290283203125
5463,0.05,0.72,0.0,0.67,-933.853271484375
5464,0.05,0.72,0.0,0.68,-940.6259765625
5465,0.05,0.72,0.0,0.69,-943.632080078125
5466,0.05,0.72,0.0,0.7,-945.5250854492188
5467,0.05,0.72,0.0,0.71,-947.8763427734375
5468,0.05,0.72,0.0,0.72,-951.4384765625
5469,0.05,0.72,0.0,0.73,-955.177001953125
5470,0.05,0.72,0.0,0.74,-957.1455688476562
5471,0.05,0.72,0.0,0.75,-959.0771484375
5472,0.05,0.73,0.0,0.0,-2375.42822265625
5473,0.05,0.73,0.0,0.01,-889.5211181640625
5474,0.05,0.73,0.0,0.02,-858.3292236328125
5475,0.05,0.73,0.0,0.03,-841.3070068359375
5476,0.05,0.73,0.0,0.04,-832.3883056640625
5477,0.05,0.73,0.0,0.05,-825.454345703125
5478,0.05,0.73,0.0,0.06,-820.8998413085938
5479,0.05,0.73,0.0,0.07,-817.4972534179688
5480,0.05,0.73,0.0,0.08,-814.3214111328125
5481,0.05,0.73,0.0,0.09,-813.60595703125
5482,0.05,0.73,0.0,0.1,-811.473388671875
5483,0.05,0.73,0.0,0.11,-810.823974609375
5484,0.05,0.73,0.0,0.12,-809.9581298828125
5485,0.05,0.73,0.0,0.13,-810.3192138671875
5486,0.05,0.73,0.0,0.14,-809.9044799804688
5487,0.05,0.73,0.0,0.15,-810.4105224609375
5488,0.05,0.73,0.0,0.16,-812.1996459960938
5489,0.05,0.73,0.0,0.17,-812.5036010742188
5490,0.05,0.73,0.0,0.18,-813.3525390625
5491,0.05,0.73,0.0,0.19,-814.8780517578125
5492,0.05,0.73,0.0,0.2,-816.6429443359375
5493,0.05,0.73,0.0,0.21,-818.80029296875
5494,0.05,0.73,0.0,0.22,-819.9804077148438
5495,0.05,0.73,0.0,0.23,-820.5702514648438
5496,0.05,0.73,0.0,0.24,-823.0899658203125
5497,0.05,0.73,0.0,0.25,-824.2283935546875
5498,0.05,0.73,0.0,0.26,-826.3721923828125
5499,0.05,0.73,0.0,0.27,-829.169189453125
5500,0.05,0.73,0.0,0.28,-830.2197265625
5501,0.05,0.73,0.0,0.29,-834.164306640625
5502,0.05,0.73,0.0,0.3,-835.5389404296875
5503,0.05,0.73,0.0,0.31,-836.6555786132812
5504,0.05,0.73,0.0,0.32,-839.9312744140625
5505,0.05,0.73,0.0,0.33,-841.887451171875
5506,0.05,0.73,0.0,0.34,-844.198486328125
5507,0.05,0.73,0.0,0.35,-846.3471069335938
5508,0.05,0.73,0.0,0.36,-848.7510986328125
5509,0.05,0.73,0.0,0.37,-851.0010986328125
5510,0.05,0.73,0.0,0.38,-853.9200439453125
5511,0.05,0.73,0.0,0.39,-856.3299560546875
5512,0.05,0.73,0.0,0.4,-859.66552734375
5513,0.05,0.73,0.0,0.41,-861.251953125
5514,0.05,0.73,0.0,0.42,-863.841552734375
5515,0.05,0.73,0.0,0.43,-868.302978515625
5516,0.05,0.73,0.0,0.44,-869.3934936523438
5517,0.05,0.73,0.0,0.45,-872.2205810546875
5518,0.05,0.73,0.0,0.46,-875.562744140625
5519,0.05,0.73,0.0,0.47,-876.732177734375
5520,0.05,0.73,0.0,0.48,-879.4701538085938
5521,0.05,0.73,0.0,0.49,-883.4329833984375
5522,0.05,0.73,0.0,0.5,-885.6951293945312
5523,0.05,0.73,0.0,0.51,-888.9954833984375
5524,0.05,0.73,0.0,0.52,-891.6261596679688
5525,0.05,0.73,0.0,0.53,-894.7791748046875
5526,0.05,0.73,0.0,0.54,-897.8614501953125
5527,0.05,0.73,0.0,0.55,-899.5751342773438
5528,0.05,0.73,0.0,0.56,-904.1842651367188
5529,0.05,0.73,0.0,0.57,-904.8944091796875
5530,0.05,0.73,0.0,0.58,-910.395263671875
5531,0.05,0.73,0.0,0.59,-913.66748046875
5532,0.05,0.73,0.0,0.6,-915.4674072265625
5533,0.05,0.73,0.0,0.61,-919.1649169921875
5534,0.05,0.73,0.0,0.62,-920.7275390625
5535,0.05,0.73,0.0,0.63,-924.950439453125
5536,0.05,0.73,0.0,0.64,-927.1673583984375
5537,0.05,0.73,0.0,0.65,-929.1932373046875
5538,0.05,0.73,0.0,0.66,-934.7286376953125
5539,0.05,0.73,0.0,0.67,-937.1762084960938
5540,0.05,0.73,0.0,0.68,-939.4928588867188
5541,0.05,0.73,0.0,0.69,-943.0958251953125
5542,0.05,0.73,0.0,0.7,-944.0643310546875
5543,0.05,0.73,0.0,0.71,-948.4285278320312
5544,0.05,0.73,0.0,0.72,-952.276123046875
5545,0.05,0.73,0.0,0.73,-954.6062622070312
5546,0.05,0.73,0.0,0.74,-956.6656494140625
5547,0.05,0.73,0.0,0.75,-960.0106811523438
5548,0.05,0.74,0.0,0.0,-2375.382568359375
5549,0.05,0.74,0.0,0.01,-887.69091796875
5550,0.05,0.74,0.0,0.02,-858.4746704101562
5551,0.05,0.74,0.0,0.03,-842.5836181640625
5552,0.05,0.74,0.0,0.04,-833.1103515625
5553,0.05,0.74,0.0,0.05,-826.298095703125
5554,0.05,0.74,0.0,0.06,-823.11962890625
5555,0.05,0.74,0.0,0.07,-818.4347534179688
5556,0.05,0.74,0.0,0.08,-815.2454223632812
5557,0.05,0.74,0.0,0.09,-813.6382446289062
5558,0.05,0.74,0.0,0.1,-811.9462890625
5559,0.05,0.74,0.0,0.11,-812.0514526367188
5560,0.05,0.74,0.0,0.12,-811.43310546875
5561,0.05,0.74,0.0,0.13,-811.838134765625
5562,0.05,0.74,0.0,0.14,-811.7769775390625
5563,0.05,0.74,0.0,0.15,-812.3478393554688
5564,0.05,0.74,0.0,0.16,-811.93896484375
5565,0.05,0.74,0.0,0.17,-812.7153930664062
5566,0.05,0.74,0.0,0.18,-815.0455322265625
5567,0.05,0.74,0.0,0.19,-815.4678955078125
5568,0.05,0.74,0.0,0.2,-816.6544189453125
5569,0.05,0.74,0.0,0.21,-818.61962890625
5570,0.05,0.74,0.0,0.22,-821.026611328125
5571,0.05,0.74,0.0,0.23,-821.5931396484375
5572,0.05,0.74,0.0,0.24,-823.859619140625
5573,0.05,0.74,0.0,0.25,-825.1671142578125
5574,0.05,0.74,0.0,0.26,-828.4468383789062
5575,0.05,0.74,0.0,0.27,-828.9474487304688
5576,0.05,0.74,0.0,0.28,-831.193603515625
5577,0.05,0.74,0.0,0.29,-834.220947265625
5578,0.05,0.74,0.0,0.3,-835.42724609375
5579,0.05,0.74,0.0,0.31,-838.0300903320312
5580,0.05,0.74,0.0,0.32,-840.248291015625
5581,0.05,0.74,0.0,0.33,-842.0073852539062
5582,0.05,0.74,0.0,0.34,-845.278564453125
5583,0.05,0.74,0.0,0.35,-847.48828125
5584,0.05,0.74,0.0,0.36,-850.0302734375
5585,0.05,0.74,0.0,0.37,-852.1195068359375
5586,0.05,0.74,0.0,0.38,-853.5787353515625
5587,0.05,0.74,0.0,0.39,-857.01611328125
5588,0.05,0.74,0.0,0.4,-859.8982543945312
5589,0.05,0.74,0.0,0.41,-863.257568359375
5590,0.05,0.74,0.0,0.42,-865.3997802734375
5591,0.05,0.74,0.0,0.43,-867.7401733398438
5592,0.05,0.74,0.0,0.44,-871.5225830078125
5593,0.05,0.74,0.0,0.45,-873.3663330078125
5594,0.05,0.74,0.0,0.46,-875.5119018554688
5595,0.05,0.74,0.0,0.47,-878.8272705078125
5596,0.05,0.74,0.0,0.48,-881.5762329101562
5597,0.05,0.74,0.0,0.49,-885.2432250976562
5598,0.05,0.74,0.0,0.5,-886.80810546875
5599,0.05,0.74,0.0,0.51,-888.6312255859375
5600,0.05,0.74,0.0,0.52,-894.1068115234375
5601,0.05,0.74,0.0,0.53,-895.3091430664062
5602,0.05,0.74,0.0,0.54,-899.2613525390625
5603,0.05,0.74,0.0,0.55,-901.9173583984375
5604,0.05,0.74,0.0,0.56,-903.2612915039062
5605,0.05,0.74,0.0,0.57,-907.0038452148438
5606,0.05,0.74,0.0,0.58,-910.699462890625
5607,0.05,0.74,0.0,0.59,-912.865478515625
5608,0.05,0.74,0.0,0.6,-916.1161499023438
5609,0.05,0.74,0.0,0.61,-920.585693359375
5610,0.05,0.74,0.0,0.62,-920.37451171875
5611,0.05,0.74,0.0,0.63,-925.4234008789062
5612,0.05,0.74,0.0,0.64,-928.5567016601562
5613,0.05,0.74,0.0,0.65,-930.604248046875
5614,0.05,0.74,0.0,0.66,-935.8594970703125
5615,0.05,0.74,0.0,0.67,-937.8772583007812
5616,0.05,0.74,0.0,0.68,-938.0756225585938
5617,0.05,0.74,0.0,0.69,-944.3577880859375
5618,0.05,0.74,0.0,0.7,-945.3212280273438
5619,0.05,0.74,0.0,0.71,-950.67919921875
5620,0.05,0.74,0.0,0.72,-952.6336669921875
5621,0.05,0.74,0.0,0.73,-954.7377319335938
5622,0.05,0.74,0.0,0.74,-957.5950927734375
5623,0.05,0.74,0.0,0.75,-961.3516235351562
5624,0.05,0.75,0.0,0.0,-2364.732421875
5625,0.05,0.75,0.0,0.01,-886.0362548828125
5626,0.05,0.75,0.0,0.02,-858.56201171875
5627,0.05,0.75,0.0,0.03,-842.8681030273438
5628,0.05,0.75,0.0,0.04,-834.0045776367188
5629,0.05,0.75,0.0,0.05,-828.4738159179688
5630,0.05,0.75,0.0,0.06,-822.126953125
5631,0.05,0.75,0.0,0.07,-818.4776611328125
5632,0.05,0.75,0.0,0.08,-818.0113525390625
5633,0.05,0.75,0.0,0.09,-813.8963623046875
5634,0.05,0.75,0.0,0.1,-813.0663452148438
5635,0.05,0.75,0.0,0.11,-811.8198852539062
5636,0.05,0.75,0.0,0.12,-811.3738403320312
5637,0.05,0.75,0.0,0.13,-812.349853515625
5638,0.05,0.75,0.0,0.14,-811.51318359375
5639,0.05,0.75,0.0,0.15,-811.9605712890625
5640,0.05,0.75,0.0,0.16,-813.84765625
5641,0.05,0.75,0.0,0.17,-813.8182373046875
5642,0.05,0.75,0.0,0.18,-815.1759033203125
5643,0.05,0.75,0.0,0.19,-816.4674072265625
5644,0.05,0.75,0.0,0.2,-817.3072509765625
5645,0.05,0.75,0.0,0.21,-818.8241577148438
5646,0.05,0.75,0.0,0.22,-821.4721069335938
5647,0.05,0.75,0.0,0.23,-823.057861328125
5648,0.05,0.75,0.0,0.24,-824.7208862304688
5649,0.05,0.75,0.0,0.25,-827.278564453125
5650,0.05,0.75,0.0,0.26,-828.6983642578125
5651,0.05,0.75,0.0,0.27,-831.0819091796875
5652,0.05,0.75,0.0,0.28,-831.885498046875
5653,0.05,0.75,0.0,0.29,-833.3883666992188
5654,0.05,0.75,0.0,0.3,-837.3639526367188
5655,0.05,0.75,0.0,0.31,-838.3489379882812
5656,0.05,0.75,0.0,0.32,-840.609130859375
5657,0.05,0.75,0.0,0.33,-843.21630859375
5658,0.05,0.75,0.0,0.34,-846.0418701171875
5659,0.05,0.75,0.0,0.35,-848.3255004882812
5660,0.05,0.75,0.0,0.36,-850.562744140625
5661,0.05,0.75,0.0,0.37,-852.4859619140625
5662,0.05,0.75,0.0,0.38,-855.5618286132812
5663,0.05,0.75,0.0,0.39,-857.7107543945312
5664,0.05,0.75,0.0,0.4,-860.5138549804688
5665,0.05,0.75,0.0,0.41,-863.0555419921875
5666,0.05,0.75,0.0,0.42,-866.75732421875
5667,0.05,0.75,0.0,0.43,-869.5828857421875
5668,0.05,0.75,0.0,0.44,-871.610107421875
5669,0.05,0.75,0.0,0.45,-874.2125244140625
5670,0.05,0.75,0.0,0.46,-877.0299682617188
5671,0.05,0.75,0.0,0.47,-879.916748046875
5672,0.05,0.75,0.0,0.48,-882.531982421875
5673,0.05,0.75,0.0,0.49,-884.7478637695312
5674,0.05,0.75,0.0,0.5,-887.933349609375
5675,0.05,0.75,0.0,0.51,-890.55859375
5676,0.05,0.75,0.0,0.52,-893.3212280273438
5677,0.05,0.75,0.0,0.53,-897.40625
5678,0.05,0.75,0.0,0.54,-899.0939331054688
5679,0.05,0.75,0.0,0.55,-901.11328125
5680,0.05,0.75,0.0,0.56,-904.552490234375
5681,0.05,0.75,0.0,0.57,-908.7820434570312
5682,0.05,0.75,0.0,0.58,-911.31298828125
5683,0.05,0.75,0.0,0.59,-914.8926391601562
5684,0.05,0.75,0.0,0.6,-918.5560302734375
5685,0.05,0.75,0.0,0.61,-918.77001953125
5686,0.05,0.75,0.0,0.62,-921.8995361328125
5687,0.05,0.75,0.0,0.63,-926.1080322265625
5688,0.05,0.75,0.0,0.64,-929.3147583007812
5689,0.05,0.75,0.0,0.65,-931.2553100585938
5690,0.05,0.75,0.0,0.66,-933.768310546875
5691,0.05,0.75,0.0,0.67,-938.02490234375
5692,0.05,0.75,0.0,0.68,-940.9591064453125
5693,0.05,0.75,0.0,0.69,-945.068359375
5694,0.05,0.75,0.0,0.7,-948.2359619140625
5695,0.05,0.75,0.0,0.71,-950.6898193359375
5696,0.05,0.75,0.0,0.72,-956.3072509765625
5697,0.05,0.75,0.0,0.73,-956.284912109375
5698,0.05,0.75,0.0,0.74,-960.4014892578125
5699,0.05,0.75,0.0,0.75,-961.565673828125
