mu,rho,ll
0.400194,1.0,-2426.241211
0.400194,1.0,-2425.818848
0.400194,1.0,-2427.658447
0.401624,1.0,-2426.865723
0.400941,1.0,-2428.299805
0.400941,1.0,-2426.36377
0.400941,1.0,-2423.442139
0.398833,1.0,-2422.751221
0.398833,1.0,-2423.454102
0.399324,1.0,-2428.488525
0.400596,1.0,-2428.986328
0.401241,1.0,-2423.79248
0.401241,1.0,-2428.753662
0.401241,1.0,-2421.748047
0.402167,1.0,-2427.732666
0.402167,1.0,-2429.209961
0.402167,1.0,-2422.079102
0.402539,1.0,-2423.492432
0.402924,1.0,-2430.377441
0.402924,1.0,-2426.823242
0.405015,1.0,-2424.160156
0.405772,1.0,-2429.853516
0.407001,1.0,-2426.41333
0.407622,1.0,-2427.997314
0.407972,1.0,-2427.677246
0.406051,1.0,-2426.708496
0.405779,1.0,-2434.961914
0.404631,1.0,-2427.531738
0.404959,1.0,-2424.729004
0.402779,1.0,-2430.771484
0.404452,1.0,-2428.434082
0.405089,1.0,-2424.156738
0.405089,1.0,-2426.849609
0.405089,1.0,-2427.081787
0.404011,1.0,-2423.563721
0.404011,1.0,-2427.16748
0.402928,1.0,-2431.115723
0.402298,1.0,-2426.429443
0.402298,1.0,-2423.963867
0.402298,1.0,-2428.431885
0.402298,1.0,-2430.0271
0.402298,1.0,-2427.540039
0.402298,1.0,-2423.903809
0.402298,1.0,-2423.577881
0.402298,1.0,-2428.034668
0.402619,1.0,-2422.334473
0.402619,1.0,-2422.424805
0.402619,1.0,-2420.688232
0.402619,1.0,-2426.827393
0.402297,1.0,-2429.59082
0.402297,1.0,-2424.860352
0.403129,1.0,-2425.582275
0.403129,1.0,-2425.084961
0.403129,1.0,-2424.532959
0.403129,1.0,-2426.484619
0.40178,1.0,-2428.71875
0.401958,1.0,-2426.118408
0.401386,1.0,-2422.510742
0.400828,1.0,-2420.844727
0.400828,1.0,-2427.462402
0.400828,1.0,-2424.029785
0.400783,1.0,-2425.85376
0.400807,1.0,-2429.875977
0.400807,1.0,-2432.025879
0.400807,1.0,-2425.944824
0.400807,1.0,-2432.712402
0.400807,1.0,-2425.25293
0.400807,1.0,-2425.151855
0.400053,1.0,-2427.90332
0.400053,1.0,-2425.181152
0.399763,1.0,-2423.852051
0.399763,1.0,-2428.445312
0.399694,1.0,-2427.478027
0.399694,1.0,-2426.01123
0.399097,1.0,-2432.767578
0.399097,1.0,-2423.018066
0.399771,1.0,-2430.321289
0.39991,1.0,-2424.451904
0.39991,1.0,-2429.828369
0.400054,1.0,-2425.84082
0.400054,1.0,-2426.767578
0.400054,1.0,-2425.075195
0.399467,1.0,-2424.779785
0.398401,1.0,-2426.802246
0.397856,1.0,-2426.173828
0.396775,1.0,-2427.219238
0.396775,1.0,-2426.328613
0.395841,1.0,-2422.97998
0.39694,1.0,-2427.87207
0.39694,1.0,-2428.771729
0.39694,1.0,-2428.652344
0.39767,1.0,-2423.377441
0.396734,1.0,-2427.074463
0.395151,1.0,-2428.792236
0.396251,1.0,-2430.749023
0.39707,1.0,-2429.080566
0.39707,1.0,-2423.077393
0.397365,1.0,-2427.918701
0.397365,1.0,-2425.513672
0.397454,1.0,-2424.413086
0.397454,1.0,-2431.675781
0.397454,1.0,-2424.995117
0.398036,1.0,-2422.843506
0.397291,1.0,-2428.026855
0.398873,1.0,-2424.152832
0.398169,1.0,-2429.942383
0.399484,1.0,-2424.004395
0.399245,1.0,-2424.124512
0.397787,1.0,-2430.886719
0.397403,1.0,-2426.873779
0.395906,1.0,-2424.327148
0.394487,1.0,-2428.693359
0.395028,1.0,-2425.85791
0.394428,1.0,-2431.739014
0.395306,1.0,-2432.275879
0.395835,1.0,-2427.345703
0.395835,1.0,-2427.097168
0.395855,1.0,-2429.718262
0.397514,1.0,-2427.112549
0.395628,1.0,-2428.614014
0.395801,1.0,-2422.948242
0.39447,1.0,-2425.034668
0.393009,1.0,-2429.528564
0.392711,1.0,-2431.318848
0.392216,1.0,-2427.630371
0.392438,1.0,-2423.521484
0.392438,1.0,-2426.988281
0.391477,1.0,-2430.257812
0.392176,1.0,-2424.58252
0.391762,1.0,-2421.75293
0.391762,1.0,-2422.591064
0.392143,1.0,-2428.402344
0.391214,1.0,-2427.003174
0.391375,1.0,-2424.369141
0.39145,1.0,-2425.722168
0.392264,1.0,-2423.480957
0.393499,1.0,-2427.336914
0.392774,1.0,-2428.48999
0.39287,1.0,-2426.727539
0.39287,1.0,-2424.514404
0.39247,1.0,-2427.609863
0.39247,1.0,-2425.734863
0.390555,1.0,-2428.129639
0.390102,1.0,-2424.093262
0.390871,1.0,-2429.212891
0.390957,1.0,-2423.506836
0.390808,1.0,-2427.556396
0.390711,1.0,-2427.04248
0.390711,1.0,-2423.069824
0.391117,1.0,-2426.278809
0.391117,1.0,-2423.357422
0.391117,1.0,-2426.44873
0.391548,1.0,-2421.442627
0.391848,1.0,-2421.204102
0.390698,1.0,-2425.894043
0.390698,1.0,-2424.782227
0.390698,1.0,-2427.45166
0.390698,1.0,-2424.747314
0.390698,1.0,-2426.351562
0.391127,1.0,-2425.165039
0.391679,1.0,-2423.846436
0.391679,1.0,-2426.979004
0.390605,1.0,-2427.646729
0.390506,1.0,-2423.81543
0.390506,1.0,-2426.49707
0.38979,1.0,-2423.522949
0.389837,1.0,-2424.249512
0.389562,1.0,-2426.58252
0.389514,1.0,-2422.445557
0.390234,1.0,-2425.122559
0.390231,1.0,-2428.692383
0.390522,1.0,-2424.307129
0.390916,1.0,-2424.705078
0.392712,1.0,-2423.82373
0.392712,1.0,-2422.520752
0.392712,1.0,-2426.147949
0.392712,1.0,-2423.614502
0.393219,1.0,-2425.658203
0.394045,1.0,-2422.531738
0.394045,1.0,-2425.012451
0.394045,1.0,-2427.738281
0.393721,1.0,-2429.08667
0.394128,1.0,-2425.820801
0.394281,1.0,-2423.202637
0.39476,1.0,-2427.895264
0.39476,1.0,-2426.09668
0.393391,1.0,-2425.162109
0.392226,1.0,-2431.78125
0.392226,1.0,-2424.629883
0.392226,1.0,-2424.868652
0.392226,1.0,-2423.683105
0.392226,1.0,-2424.008789
0.392226,1.0,-2425.904541
0.391698,1.0,-2424.111328
0.39238,1.0,-2429.508789
0.39292,1.0,-2421.888672
0.391933,1.0,-2421.535645
0.392758,1.0,-2423.047119
0.393077,1.0,-2424.40625
0.393077,1.0,-2422.81543
0.392903,1.0,-2428.013916
0.393681,1.0,-2426.271973
0.394866,1.0,-2424.928711
0.394866,1.0,-2426.498047
0.394866,1.0,-2427.677246
0.394866,1.0,-2426.378174
0.394626,1.0,-2423.21582
0.393989,1.0,-2423.828857
0.394447,1.0,-2427.681152
0.392783,1.0,-2429.375
0.392783,1.0,-2423.162109
0.393824,1.0,-2427.460449
0.393395,1.0,-2428.45874
0.393395,1.0,-2428.857178
0.391961,1.0,-2423.247559
0.391428,1.0,-2431.256348
0.389032,1.0,-2423.993652
0.387132,1.0,-2423.353027
0.386406,1.0,-2424.045898
0.386246,1.0,-2423.576172
0.384959,1.0,-2428.384277
0.384959,1.0,-2428.836182
0.384959,1.0,-2423.256592
0.386887,1.0,-2425.44043
0.386514,1.0,-2428.244141
0.387026,1.0,-2426.750977
0.387026,1.0,-2425.26416
0.387026,1.0,-2424.850586
0.386897,1.0,-2429.106445
0.386514,1.0,-2421.988037
0.386008,1.0,-2429.071045
0.385217,1.0,-2423.562012
0.385217,1.0,-2430.083252
0.385217,1.0,-2424.087402
0.384244,1.0,-2426.258789
0.384244,1.0,-2425.117188
0.383273,1.0,-2426.447998
0.383273,1.0,-2429.286621
0.383273,1.0,-2423.295166
0.383367,1.0,-2427.810791
0.383367,1.0,-2421.234131
0.383367,1.0,-2424.06543
0.383466,1.0,-2421.922852
0.383466,1.0,-2426.347168
0.384042,1.0,-2423.44043
0.383571,1.0,-2424.694824
0.383571,1.0,-2426.0354
0.384203,1.0,-2427.792969
0.384522,1.0,-2428.933105
0.385383,1.0,-2420.162354
0.386102,1.0,-2425.26416
0.386102,1.0,-2429.359131
0.386146,1.0,-2426.843018
0.38605,1.0,-2430.99585
0.386937,1.0,-2426.149658
0.387213,1.0,-2425.954346
0.387213,1.0,-2423.393555
0.386372,1.0,-2425.422363
0.387199,1.0,-2425.931152
0.388229,1.0,-2425.22168
0.388193,1.0,-2427.492676
0.388193,1.0,-2424.284668
0.388193,1.0,-2423.03418
0.388001,1.0,-2430.430908
0.388001,1.0,-2429.605469
0.388001,1.0,-2424.719727
0.389048,1.0,-2426.68335
0.389048,1.0,-2426.606689
0.389048,1.0,-2428.628418
0.390037,1.0,-2427.288574
0.390037,1.0,-2428.756836
0.389986,1.0,-2426.09082
0.389772,1.0,-2425.622314
0.38907,1.0,-2423.48877
0.388151,1.0,-2430.913574
0.388951,1.0,-2426.696289
0.388951,1.0,-2425.568359
0.388951,1.0,-2427.125
0.388951,1.0,-2430.202881
0.386672,1.0,-2423.824707
0.386672,1.0,-2420.792969
0.386672,1.0,-2427.017334
0.386672,1.0,-2424.494385
0.385091,1.0,-2430.009766
0.383806,1.0,-2423.126221
0.383806,1.0,-2421.359863
0.384356,1.0,-2424.368408
0.383479,1.0,-2428.028564
0.383479,1.0,-2425.067627
0.383479,1.0,-2423.700684
0.383479,1.0,-2420.846924
0.3852,1.0,-2427.924805
0.385033,1.0,-2428.227539
0.385033,1.0,-2425.043701
0.385381,1.0,-2425.708984
0.385381,1.0,-2431.369629
0.385839,1.0,-2428.314453
0.385672,1.0,-2428.398438
0.385672,1.0,-2425.766357
0.385672,1.0,-2428.77832
0.385672,1.0,-2424.709229
0.385135,1.0,-2423.055664
0.385284,1.0,-2428.187012
0.385622,1.0,-2427.124268
0.385622,1.0,-2421.489746
0.385622,1.0,-2430.334229
0.387721,1.0,-2423.332031
0.387721,1.0,-2434.28418
0.387721,1.0,-2427.161621
0.38861,1.0,-2427.432617
0.388936,1.0,-2428.378906
0.388936,1.0,-2425.921875
0.390052,1.0,-2427.11084
0.390052,1.0,-2421.938232
0.389419,1.0,-2425.914551
0.389308,1.0,-2425.297363
0.389308,1.0,-2422.38501
0.389735,1.0,-2424.809082
0.389735,1.0,-2428.438232
0.389735,1.0,-2424.968994
0.39002,1.0,-2426.012207
0.388045,1.0,-2420.410156
0.38774,1.0,-2419.827881
0.388208,1.0,-2426.064453
0.388208,1.0,-2428.25293
0.388208,1.0,-2425.079102
0.387587,1.0,-2427.797852
0.386843,1.0,-2429.384033
0.387662,1.0,-2422.730957
0.387662,1.0,-2427.912842
0.389399,1.0,-2424.613281
0.39074,1.0,-2427.256348
0.39074,1.0,-2424.875977
0.389979,1.0,-2421.944824
0.390169,1.0,-2430.97998
0.390077,1.0,-2429.264648
0.389613,1.0,-2423.273926
0.389613,1.0,-2424.233887
0.389547,1.0,-2425.137451
0.388902,1.0,-2425.710449
0.389409,1.0,-2424.447266
0.389856,1.0,-2425.858398
0.390542,1.0,-2425.166504
0.390364,1.0,-2424.893555
0.390364,1.0,-2425.784668
0.390965,1.0,-2426.194824
0.390965,1.0,-2426.85791
0.390965,1.0,-2424.398438
0.391108,1.0,-2428.217041
0.391108,1.0,-2427.26123
0.391321,1.0,-2423.241699
0.391003,1.0,-2434.635254
0.391253,1.0,-2423.449219
0.391253,1.0,-2431.172852
0.391243,1.0,-2425.271484
0.390377,1.0,-2426.776855
0.390377,1.0,-2420.32666
0.38845,1.0,-2431.065918
0.388294,1.0,-2429.708984
0.388294,1.0,-2421.503174
0.387205,1.0,-2425.394043
0.387205,1.0,-2426.037598
0.386528,1.0,-2423.595215
0.385675,1.0,-2425.304932
0.385675,1.0,-2429.872314
0.385675,1.0,-2427.856445
0.384932,1.0,-2425.669434
0.384198,1.0,-2426.680664
0.38342,1.0,-2427.904785
0.38342,1.0,-2427.234375
0.38342,1.0,-2426.846191
0.38342,1.0,-2424.621582
0.38342,1.0,-2424.459229
0.38342,1.0,-2427.452881
0.38368,1.0,-2428.625
0.38368,1.0,-2419.865479
0.383737,1.0,-2426.38623
0.383737,1.0,-2427.618408
0.384101,1.0,-2425.464844
0.384101,1.0,-2423.852051
0.384101,1.0,-2423.388672
0.385546,1.0,-2431.226074
0.385546,1.0,-2423.926758
0.385546,1.0,-2424.82959
0.385546,1.0,-2424.474121
0.384617,1.0,-2424.492432
0.38635,1.0,-2427.460693
0.38635,1.0,-2424.266602
0.38635,1.0,-2428.53125
0.38635,1.0,-2421.702148
0.386374,1.0,-2425.293213
0.387553,1.0,-2427.98877
0.387553,1.0,-2423.459961
0.386199,1.0,-2424.554199
0.386199,1.0,-2427.579102
0.386376,1.0,-2421.598145
0.386628,1.0,-2426.219238
0.387629,1.0,-2429.855225
0.387495,1.0,-2427.293213
0.387495,1.0,-2428.66626
0.387495,1.0,-2422.44458
0.387495,1.0,-2427.917969
0.387495,1.0,-2425.870117
0.388073,1.0,-2418.021973
0.388073,1.0,-2428.118652
0.388073,1.0,-2424.825195
0.386906,1.0,-2424.693848
0.385109,1.0,-2425.746094
0.385109,1.0,-2429.532227
0.385109,1.0,-2424.035645
0.383695,1.0,-2424.138428
0.381972,1.0,-2425.376465
0.381813,1.0,-2423.48877
0.381967,1.0,-2427.685547
0.382101,1.0,-2421.519287
0.382101,1.0,-2428.875
0.382681,1.0,-2429.941406
0.383618,1.0,-2428.987793
0.383696,1.0,-2426.489258
0.383696,1.0,-2428.982422
0.384418,1.0,-2426.521484
0.384418,1.0,-2430.222412
0.384104,1.0,-2421.822266
0.384104,1.0,-2426.698486
0.384104,1.0,-2421.756836
0.385334,1.0,-2423.774902
0.385334,1.0,-2421.202637
0.387014,1.0,-2426.944092
0.388588,1.0,-2422.083984
0.388588,1.0,-2423.125732
0.388588,1.0,-2425.842041
0.388588,1.0,-2427.807861
0.388588,1.0,-2426.916504
0.389886,1.0,-2430.234619
0.389886,1.0,-2424.57666
0.389238,1.0,-2424.672607
0.390301,1.0,-2421.296631
0.390301,1.0,-2429.488037
0.390004,1.0,-2430.946533
0.390004,1.0,-2418.916504
0.390004,1.0,-2422.242676
0.390787,1.0,-2428.908203
0.390787,1.0,-2423.398926
0.388562,1.0,-2424.874023
0.388562,1.0,-2427.398438
0.388075,1.0,-2426.453613
0.389442,1.0,-2427.578857
0.389442,1.0,-2426.958496
0.389442,1.0,-2425.713867
0.389784,1.0,-2433.863281
0.3895,1.0,-2428.286133
0.389463,1.0,-2427.918457
0.389586,1.0,-2430.078613
0.390244,1.0,-2426.915527
0.391183,1.0,-2427.510498
0.39151,1.0,-2423.935303
0.39151,1.0,-2427.773438
0.39151,1.0,-2423.144287
0.39151,1.0,-2427.979004
0.39151,1.0,-2426.757812
0.391802,1.0,-2427.490723
0.391802,1.0,-2421.690918
0.391802,1.0,-2426.811523
0.391802,1.0,-2423.818848
0.391802,1.0,-2422.258301
0.391802,1.0,-2424.876953
0.392227,1.0,-2425.732422
0.392219,1.0,-2429.437988
0.393222,1.0,-2422.09375
0.393788,1.0,-2424.112793
0.393788,1.0,-2425.325684
0.393788,1.0,-2428.114258
0.39348,1.0,-2427.063965
0.393078,1.0,-2427.160156
0.39183,1.0,-2427.059814
0.39119,1.0,-2421.136719
0.39119,1.0,-2425.605225
0.39119,1.0,-2421.97998
0.39119,1.0,-2426.267578
0.393082,1.0,-2428.957275
0.392226,1.0,-2421.493164
0.392226,1.0,-2427.984863
0.392796,1.0,-2426.749023
0.392796,1.0,-2426.324463
0.393391,1.0,-2426.741211
0.393658,1.0,-2425.034912
0.393658,1.0,-2422.231934
0.393287,1.0,-2422.861816
0.392025,1.0,-2427.015137
0.392025,1.0,-2428.585205
0.391888,1.0,-2426.426758
0.390695,1.0,-2427.250488
0.389233,1.0,-2426.811523
0.389233,1.0,-2427.685303
0.388677,1.0,-2424.560547
0.388457,1.0,-2430.79248
0.388725,1.0,-2421.572754
0.389504,1.0,-2425.321289
0.389504,1.0,-2426.626953
0.389504,1.0,-2420.46582
0.389422,1.0,-2423.727539
0.389422,1.0,-2426.113281
0.389058,1.0,-2430.041992
0.388785,1.0,-2424.20166
0.388785,1.0,-2430.525879
0.389659,1.0,-2431.884277
0.390446,1.0,-2424.754639
0.390414,1.0,-2428.269531
0.390414,1.0,-2424.926514
0.390414,1.0,-2426.01123
0.390414,1.0,-2426.191406
0.390414,1.0,-2421.903076
0.389594,1.0,-2427.22168
0.389594,1.0,-2425.001953
0.387675,1.0,-2424.011719
0.387976,1.0,-2429.854004
0.388026,1.0,-2427.286621
0.38751,1.0,-2426.901367
0.386851,1.0,-2423.446777
0.386993,1.0,-2425.56543
0.386993,1.0,-2429.910156
0.386223,1.0,-2426.051758
0.386223,1.0,-2424.862793
0.386223,1.0,-2431.240723
0.387176,1.0,-2423.456055
0.387312,1.0,-2422.659668
0.387242,1.0,-2425.58374
0.386441,1.0,-2425.535645
0.388018,1.0,-2422.800781
0.387176,1.0,-2431.246826
0.386683,1.0,-2425.871582
0.386683,1.0,-2428.642578
0.387414,1.0,-2421.19873
0.389216,1.0,-2422.849121
0.389216,1.0,-2427.824219
0.388245,1.0,-2426.038818
0.386386,1.0,-2424.47168
0.385236,1.0,-2422.5
0.385236,1.0,-2425.061035
0.385236,1.0,-2427.523438
0.385665,1.0,-2426.275391
0.38727,1.0,-2428.54834
0.387149,1.0,-2423.86377
0.387149,1.0,-2424.560059
0.387149,1.0,-2430.257324
0.386754,1.0,-2424.246094
0.388044,1.0,-2421.559082
0.388848,1.0,-2428.585938
0.389084,1.0,-2422.572266
0.389084,1.0,-2427.61084
0.389084,1.0,-2427.522461
0.389084,1.0,-2423.970215
0.389084,1.0,-2424.361816
0.389084,1.0,-2428.846191
0.388319,1.0,-2429.069824
0.387199,1.0,-2425.297607
0.38606,1.0,-2426.125488
0.38606,1.0,-2424.13208
0.38606,1.0,-2426.844727
0.38606,1.0,-2422.795166
0.38606,1.0,-2427.349365
0.38606,1.0,-2425.108887
0.38606,1.0,-2421.367676
0.38433,1.0,-2424.316895
0.385364,1.0,-2425.070801
0.385364,1.0,-2427.214355
0.383744,1.0,-2426.215088
0.383744,1.0,-2423.30835
0.383744,1.0,-2423.855957
0.385685,1.0,-2428.786865
0.385569,1.0,-2430.568848
0.383668,1.0,-2419.251953
0.383668,1.0,-2424.844971
0.383668,1.0,-2430.278564
0.383668,1.0,-2425.179199
0.383668,1.0,-2421.628906
0.385424,1.0,-2424.28833
0.384841,1.0,-2425.518066
0.384841,1.0,-2418.910645
0.385036,1.0,-2425.784424
0.384699,1.0,-2421.744873
0.385929,1.0,-2429.503906
0.385371,1.0,-2423.351074
0.384439,1.0,-2424.49292
0.383476,1.0,-2428.50708
0.383076,1.0,-2426.910645
0.383076,1.0,-2425.516113
0.383076,1.0,-2423.608398
0.382388,1.0,-2423.089355
0.382675,1.0,-2426.756348
0.385745,1.0,-2425.210938
0.388225,1.0,-2428.162598
0.388225,1.0,-2421.516113
0.386498,1.0,-2429.824707
0.386269,1.0,-2424.056152
0.384687,1.0,-2425.441895
0.384687,1.0,-2422.206055
0.384536,1.0,-2428.636719
0.385005,1.0,-2424.5979
0.385005,1.0,-2427.106445
0.38501,1.0,-2422.974609
0.38501,1.0,-2424.662354
0.385427,1.0,-2430.210938
0.384429,1.0,-2431.743652
0.384429,1.0,-2421.835938
0.385266,1.0,-2425.324219
0.385266,1.0,-2427.360596
0.385266,1.0,-2423.446777
0.384188,1.0,-2428.234131
0.384188,1.0,-2427.260254
0.384188,1.0,-2422.557861
0.384489,1.0,-2428.387939
0.383347,1.0,-2424.480469
0.382592,1.0,-2434.63501
0.382592,1.0,-2417.484375
0.379994,1.0,-2420.334473
0.380729,1.0,-2425.563721
0.382083,1.0,-2429.795898
0.381929,1.0,-2427.052002
0.382713,1.0,-2421.111572
0.382713,1.0,-2428.293945
0.382713,1.0,-2423.064697
0.383576,1.0,-2430.828369
0.383562,1.0,-2426.959229
0.385609,1.0,-2432.582031
0.383532,1.0,-2433.466797
0.383062,1.0,-2423.001953
0.381706,1.0,-2428.855469
0.381896,1.0,-2432.029541
0.381896,1.0,-2429.54541
0.38227,1.0,-2425.115479
0.382551,1.0,-2423.623047
0.381826,1.0,-2427.200684
0.38285,1.0,-2424.862305
0.384331,1.0,-2424.282959
0.384631,1.0,-2428.466553
0.385173,1.0,-2422.862061
0.385173,1.0,-2424.206787
0.386061,1.0,-2425.896973
0.385514,1.0,-2423.791992
0.385056,1.0,-2422.093994
0.385056,1.0,-2421.30127
0.384937,1.0,-2421.487793
0.384937,1.0,-2424.127441
0.384937,1.0,-2424.813721
0.384937,1.0,-2423.146973
0.384937,1.0,-2423.890137
0.383743,1.0,-2420.754883
0.385435,1.0,-2420.26123
0.384879,1.0,-2422.037598
0.384879,1.0,-2426.806396
0.384519,1.0,-2425.992676
0.384614,1.0,-2430.912109
0.386171,1.0,-2429.710693
0.386171,1.0,-2424.696777
0.384121,1.0,-2427.766846
0.384121,1.0,-2422.20459
0.383545,1.0,-2427.77002
0.383545,1.0,-2424.15332
0.383279,1.0,-2423.185059
0.382505,1.0,-2428.130371
0.382505,1.0,-2425.062012
0.383147,1.0,-2428.166504
0.383419,1.0,-2426.998535
0.382958,1.0,-2425.738037
0.384566,1.0,-2424.233887
0.383564,1.0,-2421.023438
0.383564,1.0,-2427.951416
0.383687,1.0,-2424.605957
0.383687,1.0,-2424.060059
0.382313,1.0,-2429.379395
0.382313,1.0,-2427.701904
0.382382,1.0,-2426.023682
0.382382,1.0,-2431.332031
0.382382,1.0,-2421.67334
0.382382,1.0,-2427.033691
0.384372,1.0,-2424.966309
0.385183,1.0,-2430.442871
0.385183,1.0,-2423.458252
0.386555,1.0,-2428.562012
0.387847,1.0,-2425.545654
0.387847,1.0,-2423.390381
0.38519,1.0,-2425.88916
0.384962,1.0,-2424.494141
0.382914,1.0,-2422.382812
0.384401,1.0,-2428.044922
0.384401,1.0,-2426.054199
0.385452,1.0,-2424.730469
0.385173,1.0,-2428.156006
0.385173,1.0,-2424.29834
0.384887,1.0,-2426.209473
0.384887,1.0,-2422.34082
0.384887,1.0,-2426.281982
0.385323,1.0,-2433.221191
0.385144,1.0,-2415.392578
0.383822,1.0,-2422.373047
0.383822,1.0,-2427.964111
0.383822,1.0,-2425.181885
0.382199,1.0,-2426.890137
0.382199,1.0,-2424.973145
0.382794,1.0,-2419.800781
0.381648,1.0,-2426.193604
0.381648,1.0,-2428.397949
0.381648,1.0,-2425.07959
0.381648,1.0,-2421.054932
0.381476,1.0,-2424.151855
0.382109,1.0,-2427.35498
0.382109,1.0,-2427.370361
0.382109,1.0,-2421.034668
0.382663,1.0,-2424.767822
0.384287,1.0,-2429.253662
0.384931,1.0,-2426.802979
0.384931,1.0,-2427.862305
0.384311,1.0,-2427.69873
0.384311,1.0,-2422.890625
0.384311,1.0,-2423.44751
0.384311,1.0,-2425.640625
0.384311,1.0,-2424.737061
0.385057,1.0,-2426.055176
0.385057,1.0,-2427.675293
0.384491,1.0,-2426.353516
0.384541,1.0,-2423.308838
0.384541,1.0,-2425.519043
0.384881,1.0,-2420.851074
0.385548,1.0,-2425.60791
0.385548,1.0,-2425.565918
0.385548,1.0,-2425.927734
0.384796,1.0,-2426.144043
0.383365,1.0,-2427.126465
0.38277,1.0,-2426.851562
0.381431,1.0,-2426.083984
0.381316,1.0,-2427.18335
0.380907,1.0,-2420.987793
0.380907,1.0,-2425.123535
0.380974,1.0,-2426.611328
0.380974,1.0,-2423.788574
0.380187,1.0,-2424.022217
0.38025,1.0,-2424.206543
0.38025,1.0,-2425.268066
0.381286,1.0,-2426.779297
0.380636,1.0,-2429.566406
0.380065,1.0,-2429.190674
0.380065,1.0,-2424.158936
0.380535,1.0,-2430.296387
0.380449,1.0,-2421.321777
0.380449,1.0,-2431.303223
0.380893,1.0,-2424.950439
0.380837,1.0,-2432.179199
0.37923,1.0,-2424.08374
0.379012,1.0,-2427.237305
0.378913,1.0,-2425.895996
0.379321,1.0,-2423.217773
0.37789,1.0,-2424.990967
0.37789,1.0,-2424.912598
0.37789,1.0,-2422.954102
0.377688,1.0,-2427.000244
0.375618,1.0,-2424.820801
0.375534,1.0,-2424.269531
0.375061,1.0,-2424.342285
0.375061,1.0,-2422.536133
0.3756,1.0,-2425.972656
0.376081,1.0,-2422.932861
0.376799,1.0,-2423.469238
0.376799,1.0,-2422.922852
0.377526,1.0,-2430.13916
0.377526,1.0,-2427.617432
0.375885,1.0,-2425.793457
0.375885,1.0,-2424.365723
0.377355,1.0,-2427.582031
0.377355,1.0,-2425.749512
0.377964,1.0,-2424.971191
0.377964,1.0,-2428.742432
0.379703,1.0,-2427.27832
0.380334,1.0,-2421.971191
0.380334,1.0,-2428.021484
0.380334,1.0,-2423.598145
0.380334,1.0,-2419.523438
0.38029,1.0,-2425.437744
0.380606,1.0,-2428.455078
0.381895,1.0,-2421.119873
0.381895,1.0,-2429.126465
0.381895,1.0,-2421.882812
0.381895,1.0,-2427.937988
0.381811,1.0,-2430.100586
0.381811,1.0,-2423.175781
0.382506,1.0,-2427.574951
0.382466,1.0,-2426.75293
0.382466,1.0,-2424.907959
0.382287,1.0,-2424.615234
0.379368,1.0,-2424.804443
0.378125,1.0,-2422.719727
0.378125,1.0,-2426.174561
0.378125,1.0,-2424.281982
0.378226,1.0,-2425.249756
0.37711,1.0,-2419.273438
0.37711,1.0,-2425.859375
0.377237,1.0,-2429.070312
0.377237,1.0,-2425.164551
0.378628,1.0,-2427.855957
0.378628,1.0,-2426.70459
0.379984,1.0,-2423.787109
0.379451,1.0,-2425.47168
0.379096,1.0,-2422.368408
0.379096,1.0,-2425.647461
0.379096,1.0,-2424.148438
0.378109,1.0,-2431.074951
0.376514,1.0,-2422.8125
0.37713,1.0,-2420.198486
0.37713,1.0,-2424.008789
0.377961,1.0,-2428.263916
0.377961,1.0,-2428.554199
0.377961,1.0,-2424.397217
0.377228,1.0,-2429.445557
0.37913,1.0,-2426.766113
0.380688,1.0,-2426.502441
0.382445,1.0,-2424.65332
0.379903,1.0,-2424.913818
0.380726,1.0,-2424.275146
0.381828,1.0,-2421.729004
0.381784,1.0,-2423.496094
0.382273,1.0,-2428.67041
0.382273,1.0,-2425.39209
0.380667,1.0,-2420.181396
0.380667,1.0,-2429.732178
0.380667,1.0,-2426.612305
0.381778,1.0,-2423.151367
0.381778,1.0,-2424.791992
0.381778,1.0,-2423.30542
0.380176,1.0,-2426.010742
0.380176,1.0,-2424.724609
0.380275,1.0,-2422.335205
0.380852,1.0,-2421.009766
0.380852,1.0,-2426.672852
0.381518,1.0,-2423.92041
0.381518,1.0,-2420.459473
0.381518,1.0,-2417.421143
0.3795,1.0,-2427.549072
0.378859,1.0,-2426.475586
0.378859,1.0,-2425.392334
0.37873,1.0,-2426.388428
0.377866,1.0,-2423.228516
0.377866,1.0,-2426.553467
0.376448,1.0,-2428.078613
0.377521,1.0,-2427.237305
0.377532,1.0,-2424.83374
0.377532,1.0,-2422.071777
0.37688,1.0,-2426.438721
0.37688,1.0,-2424.731201
0.37688,1.0,-2428.908936
0.37688,1.0,-2429.333008
0.37688,1.0,-2424.258789
0.37688,1.0,-2423.212158
0.374376,1.0,-2427.300537
0.375725,1.0,-2424.980469
0.374323,1.0,-2426.642578
0.376002,1.0,-2428.815918
0.375471,1.0,-2429.248779
0.376794,1.0,-2429.358887
0.375948,1.0,-2426.061279
0.375948,1.0,-2422.688477
0.374268,1.0,-2427.996582
0.373539,1.0,-2428.270996
0.375599,1.0,-2427.799805
0.375599,1.0,-2429.092285
0.375599,1.0,-2425.961426
0.375599,1.0,-2428.475098
0.375599,1.0,-2426.104004
0.375903,1.0,-2422.840332
0.376292,1.0,-2416.453125
0.376684,1.0,-2427.890381
0.376684,1.0,-2422.299805
0.376684,1.0,-2426.668701
0.376684,1.0,-2425.272949
0.376684,1.0,-2425.9729
0.376353,1.0,-2429.293457
0.375035,1.0,-2428.702148
0.374891,1.0,-2424.946045
0.377391,1.0,-2421.839844
0.377391,1.0,-2423.024902
0.378439,1.0,-2426.713135
0.380478,1.0,-2425.474365
0.37995,1.0,-2424.649414
0.378203,1.0,-2425.524414
0.378203,1.0,-2426.595703
0.378203,1.0,-2430.066162
0.378872,1.0,-2425.095703
0.378396,1.0,-2424.514893
0.376525,1.0,-2424.962402
0.376525,1.0,-2423.638428
0.376884,1.0,-2428.015137
0.377764,1.0,-2430.452148
0.377764,1.0,-2426.830566
0.378388,1.0,-2424.077148
0.378388,1.0,-2423.323975
0.378525,1.0,-2427.641846
0.378525,1.0,-2424.1875
0.378916,1.0,-2423.964355
0.377743,1.0,-2429.552246
0.377114,1.0,-2429.163818
0.377114,1.0,-2427.091309
0.377114,1.0,-2429.098633
0.377114,1.0,-2425.479492
0.377114,1.0,-2426.139893
0.377114,1.0,-2427.779785
0.377991,1.0,-2425.366455
0.377991,1.0,-2428.306152
0.377991,1.0,-2422.415527
0.377991,1.0,-2426.195312
0.377991,1.0,-2429.758545
0.377991,1.0,-2425.586426
0.378304,1.0,-2426.347656
0.37759,1.0,-2425.998047
0.37759,1.0,-2426.26416
0.37759,1.0,-2427.036133
0.37759,1.0,-2422.399414
0.377245,1.0,-2426.824219
0.376525,1.0,-2423.53833
0.376525,1.0,-2432.66626
0.376525,1.0,-2421.585449
0.376525,1.0,-2425.629639
0.375019,1.0,-2426.79541
0.373567,1.0,-2427.530518
0.373567,1.0,-2429.1875
0.373567,1.0,-2427.229492
0.373567,1.0,-2425.683838
0.373298,1.0,-2427.041504
0.373298,1.0,-2422.089355
0.371318,1.0,-2428.990723
0.371318,1.0,-2426.799805
0.371318,1.0,-2425.057617
0.371318,1.0,-2425.134277
0.37214,1.0,-2426.191895
0.370789,1.0,-2433.903809
0.371221,1.0,-2426.134766
0.371875,1.0,-2425.241699
0.372241,1.0,-2428.373535
0.372241,1.0,-2425.547363
0.372241,1.0,-2427.629395
0.372241,1.0,-2425.294922
0.372241,1.0,-2426.080078
0.372241,1.0,-2421.648926
0.370876,1.0,-2428.293945
0.370296,1.0,-2429.151611
0.37062,1.0,-2426.203125
0.370463,1.0,-2427.681152
0.369102,1.0,-2427.783691
0.369102,1.0,-2427.630371
0.369917,1.0,-2432.895508
0.369917,1.0,-2428.260986
0.369917,1.0,-2423.863525
0.370105,1.0,-2430.898438
0.370105,1.0,-2430.44043
0.370105,1.0,-2425.836182
0.370163,1.0,-2432.030273
0.370163,1.0,-2426.616455
0.370163,1.0,-2425.544922
0.370492,1.0,-2425.245605
0.36959,1.0,-2428.893066
0.369019,1.0,-2429.373291
0.371129,1.0,-2423.890625
0.37062,1.0,-2425.531494
0.370661,1.0,-2426.870117
0.37206,1.0,-2428.66626
0.37206,1.0,-2427.845459
0.370532,1.0,-2424.046875
0.370532,1.0,-2425.475586
0.370532,1.0,-2426.864746
0.371056,1.0,-2426.791992
0.371056,1.0,-2430.862305
0.371056,1.0,-2431.827148
0.370523,1.0,-2426.392578
0.370523,1.0,-2424.299316
0.370523,1.0,-2427.426758
0.37151,1.0,-2426.849609
0.372828,1.0,-2422.177734
0.373431,1.0,-2421.961182
0.373431,1.0,-2426.306152
0.373431,1.0,-2425.571777
0.373431,1.0,-2428.710449
0.373431,1.0,-2425.754883
0.373118,1.0,-2424.364746
0.373704,1.0,-2425.695557
0.37321,1.0,-2426.195557
0.372381,1.0,-2426.14209
0.371424,1.0,-2433.152344
0.371424,1.0,-2434.640625
0.370572,1.0,-2428.089355
0.370572,1.0,-2429.507812
0.371647,1.0,-2432.372559
0.371647,1.0,-2430.330322
0.371647,1.0,-2425.592773
0.37174,1.0,-2427.053223
0.370893,1.0,-2428.689453
0.369797,1.0,-2424.186523
0.370674,1.0,-2429.399902
0.370674,1.0,-2425.263672
0.373337,1.0,-2421.797852
0.373337,1.0,-2423.209229
0.371477,1.0,-2422.731689
0.369878,1.0,-2430.524658
0.369878,1.0,-2426.646484
0.369878,1.0,-2431.353027
0.369878,1.0,-2424.984863
0.370033,1.0,-2424.270752
0.370686,1.0,-2429.773193
0.371156,1.0,-2430.271729
0.369455,1.0,-2429.132324
0.37177,1.0,-2429.181885
0.37177,1.0,-2424.600586
0.37312,1.0,-2429.171631
0.373579,1.0,-2420.612793
0.373312,1.0,-2423.782227
0.373312,1.0,-2424.398926
0.373312,1.0,-2425.942627
0.373312,1.0,-2429.458252
0.373312,1.0,-2427.703857
0.373312,1.0,-2423.342529
0.373312,1.0,-2422.444336
0.373312,1.0,-2427.126953
0.373728,1.0,-2426.218262
0.373602,1.0,-2430.553223
0.373602,1.0,-2427.448486
0.375186,1.0,-2424.11084
0.375895,1.0,-2427.425781
0.375895,1.0,-2421.096924
0.375025,1.0,-2429.354492
0.375025,1.0,-2429.154297
0.375025,1.0,-2425.660645
0.375025,1.0,-2427.595703
0.376488,1.0,-2424.995361
0.376488,1.0,-2424.51123
0.375912,1.0,-2423.984863
0.375184,1.0,-2428.241699
0.376108,1.0,-2432.134277
0.376108,1.0,-2426.041016
0.376108,1.0,-2426.403809
0.375606,1.0,-2422.974854
0.376256,1.0,-2427.531494
0.377442,1.0,-2423.695068
0.377442,1.0,-2424.449463
0.377847,1.0,-2426.931641
0.377847,1.0,-2423.888428
0.377847,1.0,-2422.639404
0.377847,1.0,-2427.655762
0.378121,1.0,-2425.524658
0.379084,1.0,-2422.850098
0.379084,1.0,-2425.960938
0.379254,1.0,-2427.901367
0.379239,1.0,-2431.416748
0.379239,1.0,-2423.885742
0.378133,1.0,-2428.320312
0.378133,1.0,-2430.082031
0.376432,1.0,-2422.00708
0.376467,1.0,-2434.490723
0.376467,1.0,-2427.148926
0.376467,1.0,-2426.486084
0.375848,1.0,-2427.219727
0.376319,1.0,-2427.069824
0.376784,1.0,-2423.423096
0.376784,1.0,-2421.516113
0.376784,1.0,-2425.198486
0.377043,1.0,-2427.38916
0.377043,1.0,-2423.204102
0.377043,1.0,-2424.856445
0.376678,1.0,-2423.458008
0.37606,1.0,-2425.528809
0.37606,1.0,-2427.663574
0.375573,1.0,-2425.722656
0.376199,1.0,-2428.036621
0.376199,1.0,-2425.568359
0.376199,1.0,-2422.727539
0.376199,1.0,-2421.460449
0.377073,1.0,-2429.325684
0.377848,1.0,-2426.744629
0.377848,1.0,-2427.370117
0.379614,1.0,-2420.320312
0.379614,1.0,-2426.802734
0.379614,1.0,-2423.283203
0.379617,1.0,-2427.909668
0.379617,1.0,-2428.822998
0.380488,1.0,-2424.679688
0.380488,1.0,-2425.831055
0.380801,1.0,-2429.416016
0.381522,1.0,-2426.327148
0.381522,1.0,-2420.967285
0.384009,1.0,-2421.201904
0.383683,1.0,-2425.791016
0.383683,1.0,-2424.166992
0.382858,1.0,-2425.888672
0.381408,1.0,-2428.551514
0.381408,1.0,-2423.100098
0.381408,1.0,-2433.64624
0.381605,1.0,-2429.456055
0.381605,1.0,-2423.939453
0.380705,1.0,-2422.70459
0.381635,1.0,-2429.770996
0.381601,1.0,-2421.458984
0.383215,1.0,-2424.252197
0.383215,1.0,-2423.018555
0.383215,1.0,-2428.061279
0.382285,1.0,-2421.0625
0.383436,1.0,-2422.71167
0.384698,1.0,-2423.059082
0.384698,1.0,-2425.279785
0.383909,1.0,-2425.622314
0.383909,1.0,-2423.245361
0.383432,1.0,-2430.218994
0.383432,1.0,-2427.539551
0.382139,1.0,-2420.870117
0.381824,1.0,-2425.399658
0.381824,1.0,-2424.324707
0.381241,1.0,-2426.756836
0.381949,1.0,-2432.438477
0.381949,1.0,-2426.52417
0.381724,1.0,-2426.625488
0.381141,1.0,-2422.4375
0.379995,1.0,-2427.564941
0.381916,1.0,-2422.64209
0.380528,1.0,-2430.618652
0.380408,1.0,-2427.555176
0.380408,1.0,-2418.840088
0.380714,1.0,-2422.83374
0.380714,1.0,-2421.839355
0.382569,1.0,-2428.984619
0.382569,1.0,-2423.102295
0.38194,1.0,-2425.587891
0.38194,1.0,-2420.332275
0.38194,1.0,-2423.60376
0.38194,1.0,-2427.969482
0.38194,1.0,-2424.171631
0.381187,1.0,-2426.34668
0.381187,1.0,-2430.219727
0.381187,1.0,-2426.427734
0.382395,1.0,-2428.129395
0.38079,1.0,-2424.734375
0.381048,1.0,-2425.996094
0.38127,1.0,-2425.749023
0.38127,1.0,-2426.689941
0.380417,1.0,-2419.45166
0.380687,1.0,-2424.719482
0.380687,1.0,-2427.286621
0.3807,1.0,-2426.092285
0.380768,1.0,-2425.373535
0.380837,1.0,-2426.029297
0.382499,1.0,-2427.635254
0.382499,1.0,-2430.71875
0.38063,1.0,-2426.532959
0.381778,1.0,-2428.038086
0.381778,1.0,-2425.822998
0.38313,1.0,-2422.640137
0.38313,1.0,-2423.76416
0.384183,1.0,-2422.490723
0.384183,1.0,-2425.310791
0.384183,1.0,-2424.423096
0.383709,1.0,-2423.169922
0.383095,1.0,-2428.54834
0.381955,1.0,-2424.076172
0.381955,1.0,-2428.959961
0.381955,1.0,-2421.533203
0.381632,1.0,-2423.359863
0.381632,1.0,-2428.406006
0.380289,1.0,-2421.341309
0.380289,1.0,-2426.462402
0.380097,1.0,-2427.205078
0.378535,1.0,-2420.178711
0.378248,1.0,-2426.375
0.378061,1.0,-2422.631104
0.377409,1.0,-2426.72583
0.376189,1.0,-2423.354736
0.374765,1.0,-2429.461914
0.374765,1.0,-2428.665039
0.375041,1.0,-2428.492188
0.376123,1.0,-2423.915527
0.376001,1.0,-2432.308594
0.375616,1.0,-2426.678223
0.374665,1.0,-2431.126465
0.374887,1.0,-2428.085693
0.374887,1.0,-2423.593262
0.373428,1.0,-2426.448242
0.373428,1.0,-2428.413086
0.373428,1.0,-2428.90332
0.373966,1.0,-2430.018555
0.372957,1.0,-2428.624756
0.372757,1.0,-2424.958252
0.372757,1.0,-2430.061279
0.370573,1.0,-2426.806152
0.370573,1.0,-2426.060303
0.372174,1.0,-2432.68042
0.372174,1.0,-2428.205322
0.37233,1.0,-2430.387939
0.371599,1.0,-2432.776123
0.371229,1.0,-2430.595459
0.371229,1.0,-2425.1521
0.372385,1.0,-2431.44165
0.372941,1.0,-2427.421875
0.372743,1.0,-2428.657715
0.372743,1.0,-2423.472656
0.372743,1.0,-2420.307617
0.373886,1.0,-2428.96875
0.373539,1.0,-2429.906738
0.373475,1.0,-2428.599609
0.373475,1.0,-2421.322266
0.373475,1.0,-2429.896484
0.373316,1.0,-2427.529541
0.373316,1.0,-2421.804443
0.373316,1.0,-2426.644531
0.373316,1.0,-2427.534424
0.373862,1.0,-2427.08667
0.373862,1.0,-2424.564209
0.373862,1.0,-2421.055908
0.372994,1.0,-2426.39917
0.374628,1.0,-2430.588867
0.3759,1.0,-2421.486328
0.3759,1.0,-2424.356934
0.3759,1.0,-2431.470459
0.377175,1.0,-2420.833008
0.377175,1.0,-2430.524414
0.375184,1.0,-2426.203125
0.377504,1.0,-2424.306396
0.377504,1.0,-2429.099121
0.377504,1.0,-2422.02124
0.377727,1.0,-2424.887695
0.376999,1.0,-2426.296387
0.375363,1.0,-2428.579102
0.375363,1.0,-2429.027832
0.375363,1.0,-2425.080566
0.375434,1.0,-2427.678223
0.375434,1.0,-2423.525146
0.37631,1.0,-2425.899414
0.376882,1.0,-2424.217285
0.376882,1.0,-2424.632812
0.375044,1.0,-2425.2854
0.373216,1.0,-2422.632324
0.373216,1.0,-2425.713379
0.372236,1.0,-2430.938477
0.372236,1.0,-2426.031738
0.371736,1.0,-2431.19165
0.371736,1.0,-2422.585205
0.371736,1.0,-2423.85498
0.371736,1.0,-2432.713379
0.371009,1.0,-2426.82959
0.371172,1.0,-2421.737305
0.371172,1.0,-2427.798096
0.371523,1.0,-2429.752686
0.371615,1.0,-2423.507812
0.370872,1.0,-2429.20752
0.369852,1.0,-2430.288818
0.370953,1.0,-2429.921387
0.37225,1.0,-2426.009033
0.371696,1.0,-2428.236572
0.371696,1.0,-2431.030273
0.370569,1.0,-2423.547363
0.370569,1.0,-2423.862061
0.370384,1.0,-2431.871094
0.370384,1.0,-2428.644043
0.370384,1.0,-2422.880371
0.371545,1.0,-2428.977539
0.371956,1.0,-2425.95459
0.373085,1.0,-2427.726074
0.373085,1.0,-2428.327637
0.373219,1.0,-2424.699219
0.373219,1.0,-2425.631836
0.373219,1.0,-2425.410156
0.373219,1.0,-2427.624268
0.373219,1.0,-2423.554199
0.373219,1.0,-2423.550293
0.372385,1.0,-2421.927246
0.372385,1.0,-2429.80957
0.372385,1.0,-2428.695801
0.372017,1.0,-2427.86377
0.370552,1.0,-2427.935547
0.370552,1.0,-2427.367188
0.372461,1.0,-2425.223145
0.375526,1.0,-2425.658203
0.375743,1.0,-2428.804199
0.375743,1.0,-2424.608398
0.375743,1.0,-2425.597412
0.375367,1.0,-2426.941895
0.375398,1.0,-2426.708984
0.3754,1.0,-2426.223633
0.375794,1.0,-2431.890625
0.374733,1.0,-2425.102539
0.374303,1.0,-2425.454102
0.374303,1.0,-2428.131348
0.375459,1.0,-2427.002441
0.375459,1.0,-2424.156494
0.375056,1.0,-2422.252686
0.375056,1.0,-2425.351562
0.375056,1.0,-2422.473145
0.375263,1.0,-2430.086914
0.375185,1.0,-2426.201416
0.375195,1.0,-2425.688721
0.37543,1.0,-2425.597168
0.375051,1.0,-2425.902344
0.375051,1.0,-2424.928711
0.373823,1.0,-2424.799805
0.373823,1.0,-2428.924805
0.37327,1.0,-2430.212646
0.372814,1.0,-2426.225586
0.372814,1.0,-2429.649414
0.372814,1.0,-2424.778809
0.372814,1.0,-2422.294434
0.373422,1.0,-2425.621582
0.37292,1.0,-2430.788574
0.3706,1.0,-2424.450928
0.3706,1.0,-2422.942871
0.369528,1.0,-2426.23584
0.368195,1.0,-2426.527832
0.367936,1.0,-2432.600098
0.367321,1.0,-2431.105469
0.367321,1.0,-2431.0
0.365026,1.0,-2430.222412
0.365026,1.0,-2431.64209
0.365026,1.0,-2431.350342
0.365026,1.0,-2429.754395
0.365026,1.0,-2434.762451
0.364838,1.0,-2432.05249
0.364838,1.0,-2430.498047
0.364838,1.0,-2429.913086
0.365411,1.0,-2430.119873
0.363753,1.0,-2432.312256
0.363407,1.0,-2429.130127
0.362808,1.0,-2435.055176
0.36127,1.0,-2440.033203
0.36127,1.0,-2429.182129
0.362396,1.0,-2433.741211
0.362396,1.0,-2427.925293
0.363631,1.0,-2429.836426
0.363505,1.0,-2432.149658
0.363505,1.0,-2423.480957
0.362575,1.0,-2434.542969
0.362575,1.0,-2427.337402
0.362575,1.0,-2431.445557
0.362326,1.0,-2432.085938
0.361658,1.0,-2435.062988
0.362663,1.0,-2439.729004
0.363093,1.0,-2436.749268
0.363093,1.0,-2434.054443
0.363093,1.0,-2430.78125
0.362242,1.0,-2430.845215
0.361182,1.0,-2436.363037
0.361795,1.0,-2435.039062
0.362071,1.0,-2426.839844
0.362296,1.0,-2437.774414
0.363109,1.0,-2431.072266
0.363109,1.0,-2438.671875
0.363109,1.0,-2426.680908
0.363109,1.0,-2429.294189
0.364175,1.0,-2435.532715
0.365866,1.0,-2437.233398
0.365866,1.0,-2425.903809
0.3659,1.0,-2435.421875
0.3659,1.0,-2434.629883
0.365305,1.0,-2427.742676
0.365305,1.0,-2429.54541
0.365305,1.0,-2431.188232
0.365305,1.0,-2434.781982
0.365305,1.0,-2430.425537
0.365305,1.0,-2429.910645
0.365353,1.0,-2428.124756
0.364618,1.0,-2426.611816
0.365707,1.0,-2436.141602
0.36544,1.0,-2428.223145
0.36568,1.0,-2424.382324
0.365402,1.0,-2427.378418
0.365402,1.0,-2429.564453
0.366428,1.0,-2427.168945
0.365815,1.0,-2432.422363
0.366471,1.0,-2430.07251
0.366471,1.0,-2426.063965
0.366471,1.0,-2430.067383
0.366471,1.0,-2428.806152
0.367415,1.0,-2429.779785
0.368614,1.0,-2426.856934
0.368614,1.0,-2427.483398
0.368614,1.0,-2429.80957
0.368976,1.0,-2429.569824
0.369791,1.0,-2423.168457
0.369791,1.0,-2428.123291
0.369791,1.0,-2426.489502
0.369791,1.0,-2428.092041
0.370069,1.0,-2422.921387
0.370069,1.0,-2420.845703
0.370069,1.0,-2423.828857
0.369719,1.0,-2426.687256
0.369247,1.0,-2431.373779
0.369889,1.0,-2426.447266
0.369438,1.0,-2430.371094
0.369438,1.0,-2429.980469
0.370318,1.0,-2431.474854
0.36904,1.0,-2430.170654
0.366201,1.0,-2424.881836
0.366201,1.0,-2428.447266
0.366201,1.0,-2431.832031
0.365365,1.0,-2431.668457
0.365365,1.0,-2433.135254
0.36571,1.0,-2433.304443
0.364831,1.0,-2431.061035
0.364831,1.0,-2430.989258
0.364831,1.0,-2427.751465
0.365476,1.0,-2429.312012
0.365811,1.0,-2440.232422
0.365145,1.0,-2425.050293
0.366103,1.0,-2436.646484
0.366103,1.0,-2428.37793
0.365984,1.0,-2424.120117
0.366032,1.0,-2434.300781
0.364369,1.0,-2429.753906
0.364332,1.0,-2436.399414
0.362234,1.0,-2431.045166
0.362746,1.0,-2430.002686
0.362778,1.0,-2427.083008
0.362778,1.0,-2426.233887
0.362778,1.0,-2422.984375
0.362778,1.0,-2432.045898
0.362778,1.0,-2428.217773
0.362778,1.0,-2428.60376
0.363864,1.0,-2429.54248
0.364509,1.0,-2431.008789
0.362575,1.0,-2430.63916
0.362575,1.0,-2431.418945
0.362575,1.0,-2433.147217
0.363336,1.0,-2441.595703
0.363336,1.0,-2426.419434
0.362709,1.0,-2434.036133
0.361439,1.0,-2435.03125
0.360759,1.0,-2433.356445
0.36117,1.0,-2435.057617
0.36117,1.0,-2429.686279
0.36117,1.0,-2440.561035
0.36117,1.0,-2429.525879
0.36117,1.0,-2429.746582
0.36117,1.0,-2436.896484
0.362857,1.0,-2433.467285
0.36354,1.0,-2434.538574
0.36354,1.0,-2430.303223
0.36354,1.0,-2430.799316
0.363286,1.0,-2439.5271
0.365301,1.0,-2432.701904
0.364389,1.0,-2424.665039
0.364389,1.0,-2426.160156
0.363044,1.0,-2433.148193
0.363458,1.0,-2429.3396
0.363458,1.0,-2434.691406
0.362695,1.0,-2436.769287
0.362487,1.0,-2434.431152
0.362487,1.0,-2427.979736
0.362487,1.0,-2429.752686
0.361877,1.0,-2434.904053
0.361877,1.0,-2430.777832
0.361877,1.0,-2433.573242
0.361366,1.0,-2432.703125
0.362533,1.0,-2428.975098
0.362533,1.0,-2429.560547
0.362533,1.0,-2432.604492
0.363432,1.0,-2435.970703
0.363432,1.0,-2428.23584
0.363432,1.0,-2429.541992
0.363449,1.0,-2431.949951
0.363449,1.0,-2425.327881
0.363449,1.0,-2440.050293
0.363161,1.0,-2436.20166
0.361044,1.0,-2431.031738
0.362766,1.0,-2435.03418
0.362781,1.0,-2433.845947
0.363946,1.0,-2426.182129
0.363946,1.0,-2431.500977
0.363946,1.0,-2431.314697
0.36331,1.0,-2437.893066
0.363441,1.0,-2431.695557
0.363441,1.0,-2432.318359
0.364451,1.0,-2431.689941
0.36405,1.0,-2424.832031
0.363687,1.0,-2429.469971
0.362698,1.0,-2434.09668
0.362698,1.0,-2432.536865
0.362379,1.0,-2435.762207
0.363671,1.0,-2436.178711
0.362725,1.0,-2430.001953
0.361971,1.0,-2436.100342
0.361971,1.0,-2433.54541
0.362354,1.0,-2427.799805
0.362354,1.0,-2436.589844
0.36261,1.0,-2429.901367
0.360629,1.0,-2436.011719
0.361444,1.0,-2427.835938
0.361444,1.0,-2441.224121
0.362373,1.0,-2437.415039
0.363969,1.0,-2429.705322
0.364618,1.0,-2424.606934
0.3653,1.0,-2429.454834
0.365147,1.0,-2433.920166
0.365147,1.0,-2434.398438
0.365727,1.0,-2430.057617
0.365727,1.0,-2432.233887
0.365727,1.0,-2426.719971
0.363991,1.0,-2431.692383
0.364878,1.0,-2429.215576
0.364981,1.0,-2428.49707
0.364716,1.0,-2429.138672
0.364716,1.0,-2428.198242
0.365884,1.0,-2423.076904
0.366009,1.0,-2430.250732
0.366296,1.0,-2426.960449
0.366182,1.0,-2429.67627
0.366692,1.0,-2430.591553
0.367122,1.0,-2432.209229
0.368466,1.0,-2433.365234
0.368466,1.0,-2428.216797
0.368466,1.0,-2426.062256
0.369476,1.0,-2424.876953
0.369476,1.0,-2428.640137
0.369863,1.0,-2427.648438
0.369863,1.0,-2430.826172
0.369863,1.0,-2429.218994
0.369863,1.0,-2426.468262
0.370675,1.0,-2429.435059
0.370986,1.0,-2428.899414
0.370986,1.0,-2427.079834
0.371791,1.0,-2427.024414
0.371726,1.0,-2427.466553
0.371726,1.0,-2421.246094
0.371726,1.0,-2428.168701
0.372584,1.0,-2426.439941
0.372584,1.0,-2427.566895
0.372584,1.0,-2426.874512
0.372065,1.0,-2427.712402
0.372065,1.0,-2427.501465
0.372065,1.0,-2425.830566
0.372065,1.0,-2426.50415
0.372065,1.0,-2427.40332
0.372065,1.0,-2425.972656
0.372065,1.0,-2427.972168
0.372065,1.0,-2430.669434
0.372065,1.0,-2426.805176
0.372065,1.0,-2426.870361
0.372065,1.0,-2422.327881
0.372065,1.0,-2425.657959
0.370336,1.0,-2425.328125
0.370336,1.0,-2427.752197
0.370336,1.0,-2429.193848
0.370336,1.0,-2430.905762
0.370725,1.0,-2420.966797
0.370725,1.0,-2426.873779
0.370725,1.0,-2424.654541
0.37042,1.0,-2430.123535
0.37042,1.0,-2428.291016
0.371029,1.0,-2422.99707
0.371029,1.0,-2427.530518
0.371029,1.0,-2430.419922
0.371029,1.0,-2429.25293
0.371029,1.0,-2423.893311
0.368985,1.0,-2429.405273
0.368985,1.0,-2428.220703
0.368985,1.0,-2433.104736
0.369744,1.0,-2422.469727
0.36888,1.0,-2425.051758
0.369804,1.0,-2421.449219
0.36809,1.0,-2429.729492
0.368274,1.0,-2431.062988
0.368274,1.0,-2428.876953
0.36993,1.0,-2428.213867
0.369213,1.0,-2428.452881
0.369213,1.0,-2425.122559
0.369213,1.0,-2431.791748
0.369869,1.0,-2431.77124
0.36937,1.0,-2428.733887
0.36989,1.0,-2430.344238
0.370417,1.0,-2427.443848
0.370401,1.0,-2425.051514
0.373046,1.0,-2427.49707
0.373046,1.0,-2425.043457
0.373846,1.0,-2429.221924
0.373237,1.0,-2429.529297
0.373095,1.0,-2425.2146
0.371928,1.0,-2432.009277
0.372444,1.0,-2428.88208
0.373996,1.0,-2427.333984
0.37486,1.0,-2425.355469
0.375095,1.0,-2425.997559
0.376823,1.0,-2428.897949
0.376159,1.0,-2428.447754
0.377572,1.0,-2425.883789
0.378547,1.0,-2426.224854
0.37905,1.0,-2423.498535
0.37905,1.0,-2424.897949
0.37905,1.0,-2429.389404
0.377591,1.0,-2424.129883
0.377257,1.0,-2422.080322
0.377257,1.0,-2426.711914
0.377257,1.0,-2426.092285
0.376098,1.0,-2423.688232
0.375401,1.0,-2421.803467
0.375401,1.0,-2423.497559
0.375401,1.0,-2428.815186
0.376803,1.0,-2428.311523
0.375556,1.0,-2421.91626
0.375556,1.0,-2426.015137
0.376154,1.0,-2427.96582
0.376036,1.0,-2430.160156
0.376036,1.0,-2423.537598
0.376036,1.0,-2425.720703
0.376036,1.0,-2422.707764
0.376036,1.0,-2428.501221
0.376677,1.0,-2423.325684
0.376609,1.0,-2421.522461
0.376609,1.0,-2426.484375
0.376609,1.0,-2424.806152
0.376452,1.0,-2426.878662
0.375901,1.0,-2423.056885
0.375195,1.0,-2424.822021
0.374065,1.0,-2422.691895
0.374065,1.0,-2422.979004
0.374065,1.0,-2428.126465
0.374264,1.0,-2426.937988
0.374264,1.0,-2426.695068
0.372834,1.0,-2422.505371
0.372834,1.0,-2425.77124
0.374297,1.0,-2426.502441
0.37457,1.0,-2422.673828
0.374967,1.0,-2427.73877
0.374903,1.0,-2427.320068
0.374522,1.0,-2427.683838
0.375692,1.0,-2431.665283
0.376532,1.0,-2426.140137
0.376532,1.0,-2426.457031
0.376612,1.0,-2423.48877
0.37727,1.0,-2425.240234
0.37727,1.0,-2425.741699
0.37727,1.0,-2426.186035
0.375792,1.0,-2429.898926
0.376578,1.0,-2426.106445
0.376329,1.0,-2423.152588
0.376329,1.0,-2423.720215
0.376329,1.0,-2425.798584
0.376329,1.0,-2425.263428
0.376317,1.0,-2434.328125
0.37497,1.0,-2427.337891
0.374566,1.0,-2425.53418
0.374566,1.0,-2422.987305
0.374566,1.0,-2422.248047
0.374108,1.0,-2428.476318
0.374108,1.0,-2427.551758
0.373283,1.0,-2426.529297
0.373167,1.0,-2425.3396
0.373876,1.0,-2431.09082
0.375216,1.0,-2422.194824
0.373753,1.0,-2423.614258
0.375689,1.0,-2426.454102
0.376029,1.0,-2427.37207
0.376683,1.0,-2426.536621
0.376416,1.0,-2431.011475
0.37372,1.0,-2423.501953
0.374637,1.0,-2428.574219
0.374637,1.0,-2429.322754
0.374637,1.0,-2421.755127
0.374637,1.0,-2423.355957
0.374637,1.0,-2421.029785
0.374637,1.0,-2427.037598
0.375887,1.0,-2426.516113
0.375663,1.0,-2421.888184
0.375663,1.0,-2419.959961
0.376502,1.0,-2427.51123
0.376968,1.0,-2422.694824
0.376968,1.0,-2420.757812
0.376762,1.0,-2427.338135
0.376762,1.0,-2423.690918
0.376762,1.0,-2425.195801
0.376762,1.0,-2423.614014
0.376762,1.0,-2429.358887
0.376762,1.0,-2422.069824
0.376681,1.0,-2424.98291
0.376681,1.0,-2421.104004
0.374745,1.0,-2426.786621
0.374745,1.0,-2427.488281
0.374409,1.0,-2423.746582
0.374409,1.0,-2427.645508
0.375073,1.0,-2429.315674
0.373625,1.0,-2426.717773
0.374184,1.0,-2428.855957
0.374184,1.0,-2425.862793
0.375202,1.0,-2424.889648
0.374434,1.0,-2427.000488
0.374434,1.0,-2427.954102
0.374434,1.0,-2428.791016
0.374434,1.0,-2425.595703
0.373171,1.0,-2430.252441
0.372178,1.0,-2426.813232
0.371804,1.0,-2436.658203
0.371804,1.0,-2425.651367
0.372175,1.0,-2426.151367
0.373324,1.0,-2426.10791
0.373324,1.0,-2427.830322
0.373324,1.0,-2429.783203
0.373511,1.0,-2426.153564
0.373511,1.0,-2423.654785
0.373941,1.0,-2422.446289
0.373941,1.0,-2424.255371
0.373941,1.0,-2422.259277
0.373063,1.0,-2428.07959
0.373063,1.0,-2425.297119
0.372947,1.0,-2427.374268
0.372947,1.0,-2431.8396
0.372472,1.0,-2429.560547
0.372472,1.0,-2427.504883
0.372472,1.0,-2428.664307
0.372472,1.0,-2427.561523
0.373365,1.0,-2430.600098
0.373365,1.0,-2429.319092
0.373365,1.0,-2431.59668
0.372432,1.0,-2430.393066
0.372432,1.0,-2426.140625
0.372432,1.0,-2426.763916
0.372432,1.0,-2424.088135
0.372432,1.0,-2428.113281
0.37162,1.0,-2428.072021
0.37162,1.0,-2423.65625
0.371126,1.0,-2426.013184
0.371126,1.0,-2423.982422
0.371126,1.0,-2423.95752
0.370883,1.0,-2426.672363
0.372234,1.0,-2422.798828
0.373258,1.0,-2429.511963
0.373931,1.0,-2425.001221
0.374419,1.0,-2423.025879
0.374419,1.0,-2425.353271
0.374419,1.0,-2427.21875
0.373953,1.0,-2423.649414
0.373953,1.0,-2424.747314
0.373953,1.0,-2423.832031
0.374889,1.0,-2425.383057
0.374889,1.0,-2422.368896
0.373828,1.0,-2427.07666
0.373153,1.0,-2427.983398
0.373865,1.0,-2428.611328
0.373865,1.0,-2424.049561
0.374545,1.0,-2427.28418
0.373298,1.0,-2431.765137
0.373298,1.0,-2427.857422
0.374202,1.0,-2431.103027
0.375662,1.0,-2424.043945
0.375849,1.0,-2428.401367
0.376806,1.0,-2429.627197
0.375968,1.0,-2427.060059
0.375968,1.0,-2421.411621
0.375968,1.0,-2427.418945
0.375968,1.0,-2427.36084
0.375968,1.0,-2433.006348
0.374411,1.0,-2427.70752
0.373317,1.0,-2427.799805
0.373317,1.0,-2427.322998
0.373317,1.0,-2427.239502
0.370871,1.0,-2427.886719
0.369457,1.0,-2422.422852
0.369457,1.0,-2432.122314
0.369914,1.0,-2424.914551
0.369914,1.0,-2426.880371
0.370473,1.0,-2429.720215
0.370473,1.0,-2425.307861
0.370473,1.0,-2433.950684
0.370473,1.0,-2420.305176
0.368974,1.0,-2425.868652
0.367459,1.0,-2435.78418
0.367459,1.0,-2431.131836
0.367459,1.0,-2424.94873
0.367725,1.0,-2436.009277
0.36872,1.0,-2423.252197
0.368733,1.0,-2431.955811
0.368153,1.0,-2430.23877
0.368153,1.0,-2425.700439
0.368776,1.0,-2427.922363
0.368776,1.0,-2424.07666
0.368591,1.0,-2428.302246
0.369148,1.0,-2434.90918
0.369148,1.0,-2426.270996
0.368304,1.0,-2428.868652
0.368304,1.0,-2434.01001
0.368304,1.0,-2427.09375
0.368304,1.0,-2428.438477
0.368304,1.0,-2435.350342
0.369064,1.0,-2429.539307
0.368543,1.0,-2426.043701
0.370189,1.0,-2427.356934
0.370189,1.0,-2427.456299
0.370767,1.0,-2429.305176
0.370964,1.0,-2427.040527
0.370964,1.0,-2428.335205
0.371495,1.0,-2422.345215
0.372057,1.0,-2424.327637
0.372255,1.0,-2425.689453
0.372255,1.0,-2431.305176
0.373053,1.0,-2429.275635
0.374134,1.0,-2430.188965
0.375948,1.0,-2427.019775
0.376121,1.0,-2426.655273
0.377693,1.0,-2428.83252
0.378066,1.0,-2423.978516
0.380669,1.0,-2425.775635
0.380669,1.0,-2421.487305
0.380669,1.0,-2424.050293
0.380327,1.0,-2427.306641
0.379499,1.0,-2423.113281
0.379499,1.0,-2426.248779
0.379499,1.0,-2424.023926
0.381298,1.0,-2425.24707
0.381962,1.0,-2430.263672
0.382173,1.0,-2427.62207
0.382173,1.0,-2424.472168
0.383447,1.0,-2423.944336
0.382966,1.0,-2424.256348
0.382966,1.0,-2420.864014
0.382966,1.0,-2420.744629
0.384452,1.0,-2426.930664
0.384452,1.0,-2421.737305
0.384452,1.0,-2424.574951
0.384452,1.0,-2426.192871
0.384452,1.0,-2425.299805
0.384433,1.0,-2433.455566
0.38462,1.0,-2422.273438
0.38462,1.0,-2424.134277
0.384576,1.0,-2426.40625
0.384047,1.0,-2427.189453
0.383702,1.0,-2425.802246
0.384037,1.0,-2426.711426
0.384037,1.0,-2422.992676
0.383292,1.0,-2426.072998
0.383292,1.0,-2423.844238
0.383753,1.0,-2426.883789
0.383753,1.0,-2422.209961
0.383016,1.0,-2426.734863
0.383016,1.0,-2424.829102
0.382943,1.0,-2423.115967
0.382943,1.0,-2428.063477
0.382943,1.0,-2430.745605
0.382002,1.0,-2427.485107
0.382002,1.0,-2429.42627
0.382002,1.0,-2424.172363
0.382002,1.0,-2425.779785
0.382002,1.0,-2422.762207
0.381392,1.0,-2426.870117
0.380157,1.0,-2424.280273
0.380157,1.0,-2425.001709
0.380157,1.0,-2427.854004
0.379403,1.0,-2424.324951
0.379696,1.0,-2428.57373
0.379696,1.0,-2427.458496
0.380121,1.0,-2426.300781
0.380565,1.0,-2423.288086
0.380565,1.0,-2426.408203
0.380565,1.0,-2421.939453
0.380565,1.0,-2428.478516
0.382434,1.0,-2425.23999
0.382434,1.0,-2425.279785
0.382434,1.0,-2424.798828
0.379292,1.0,-2431.015137
0.379292,1.0,-2420.184814
0.379292,1.0,-2421.608398
0.378688,1.0,-2428.599121
0.378688,1.0,-2423.656982
0.379791,1.0,-2422.931641
0.379791,1.0,-2430.916504
0.379752,1.0,-2419.509277
0.378578,1.0,-2425.91333
0.378831,1.0,-2422.570312
0.379584,1.0,-2426.215576
0.379584,1.0,-2424.731445
0.379381,1.0,-2423.25708
0.38119,1.0,-2427.299805
0.38119,1.0,-2429.047852
0.381433,1.0,-2423.869873
0.381881,1.0,-2426.541016
0.383079,1.0,-2424.956543
0.383827,1.0,-2422.448242
0.383827,1.0,-2424.053711
0.384459,1.0,-2427.203125
0.384459,1.0,-2427.436523
0.383659,1.0,-2426.450195
0.383659,1.0,-2425.546387
0.383449,1.0,-2426.18042
0.381694,1.0,-2423.729492
0.381694,1.0,-2425.142578
0.381694,1.0,-2424.343018
0.380354,1.0,-2427.386963
0.380354,1.0,-2430.343262
0.377804,1.0,-2426.802002
0.377804,1.0,-2416.742188
0.377141,1.0,-2422.857422
0.37749,1.0,-2425.509033
0.377981,1.0,-2428.794922
0.376689,1.0,-2426.395508
0.377012,1.0,-2427.088379
0.377663,1.0,-2426.621826
0.377663,1.0,-2423.134766
0.376891,1.0,-2423.501953
0.376891,1.0,-2426.683105
0.375344,1.0,-2431.093262
0.373727,1.0,-2427.349609
0.373727,1.0,-2424.148438
0.373727,1.0,-2423.36084
0.372221,1.0,-2426.191895
0.372221,1.0,-2425.946289
0.372221,1.0,-2426.719238
0.37203,1.0,-2428.287109
0.37203,1.0,-2424.908203
0.373121,1.0,-2423.407959
0.373121,1.0,-2427.810059
0.372518,1.0,-2428.140625
0.373274,1.0,-2423.681641
0.37264,1.0,-2427.297363
0.372348,1.0,-2424.221191
0.372418,1.0,-2427.650391
0.372418,1.0,-2428.396484
0.372418,1.0,-2423.653809
0.372457,1.0,-2426.317627
0.371585,1.0,-2429.101074
0.371722,1.0,-2435.635742
0.371722,1.0,-2425.599121
0.37239,1.0,-2427.217285
0.373375,1.0,-2430.57959
0.373375,1.0,-2426.61499
0.374175,1.0,-2426.916016
0.374175,1.0,-2425.429688
0.374175,1.0,-2423.145508
0.374175,1.0,-2426.309082
0.374175,1.0,-2428.416992
0.374175,1.0,-2429.317383
0.373121,1.0,-2428.005859
0.373121,1.0,-2428.916748
0.373121,1.0,-2430.900391
0.373121,1.0,-2427.182129
0.373433,1.0,-2428.067627
0.373433,1.0,-2427.833496
0.373303,1.0,-2429.204102
0.373303,1.0,-2419.820312
0.373303,1.0,-2427.02002
0.37375,1.0,-2425.123535
0.37375,1.0,-2429.07251
0.372246,1.0,-2435.021484
0.372246,1.0,-2430.309814
0.372246,1.0,-2424.25708
0.37219,1.0,-2426.338379
0.37219,1.0,-2422.541016
0.370959,1.0,-2425.386475
0.370959,1.0,-2427.01416
0.371524,1.0,-2428.753174
0.371524,1.0,-2430.067383
0.370283,1.0,-2427.041504
0.369729,1.0,-2431.225098
0.369729,1.0,-2428.890625
0.370364,1.0,-2427.147461
0.370364,1.0,-2424.657227
0.370911,1.0,-2426.051758
0.370911,1.0,-2426.942383
0.372077,1.0,-2426.785645
0.372498,1.0,-2431.535889
0.372185,1.0,-2426.562012
0.374476,1.0,-2428.035156
0.375421,1.0,-2427.585449
0.374594,1.0,-2431.614746
0.374594,1.0,-2425.336426
0.374734,1.0,-2425.859619
0.375586,1.0,-2423.213135
0.376552,1.0,-2426.970703
0.376541,1.0,-2423.456299
0.376405,1.0,-2419.326172
0.376405,1.0,-2423.366211
0.376405,1.0,-2426.104492
0.376405,1.0,-2428.364746
0.375743,1.0,-2427.0
0.375743,1.0,-2424.360107
0.375743,1.0,-2423.887695
0.376192,1.0,-2423.696533
0.375069,1.0,-2426.497559
0.374666,1.0,-2426.44751
0.374666,1.0,-2426.548828
0.374666,1.0,-2423.705811
0.374616,1.0,-2427.209229
0.374616,1.0,-2424.024902
0.374838,1.0,-2426.927734
0.374838,1.0,-2428.353516
0.374404,1.0,-2429.649902
0.374961,1.0,-2425.899902
0.374988,1.0,-2426.671387
0.375738,1.0,-2421.793701
0.375523,1.0,-2423.923828
0.375523,1.0,-2423.374512
0.375523,1.0,-2425.364014
0.374752,1.0,-2430.508789
0.374752,1.0,-2427.43457
0.374888,1.0,-2424.041748
0.374888,1.0,-2426.362793
0.374888,1.0,-2426.122559
0.374534,1.0,-2426.780273
0.374534,1.0,-2427.242188
0.373922,1.0,-2429.313965
0.37363,1.0,-2427.32251
0.37361,1.0,-2423.993164
0.37361,1.0,-2423.919922
0.37361,1.0,-2425.5625
0.372899,1.0,-2430.939453
0.372419,1.0,-2427.900879
0.372419,1.0,-2429.021484
0.372419,1.0,-2423.656006
0.372419,1.0,-2423.622314
0.372419,1.0,-2425.07251
0.372317,1.0,-2428.394043
0.373753,1.0,-2429.666992
0.373753,1.0,-2426.438477
0.374071,1.0,-2425.580078
0.374071,1.0,-2422.921631
0.374071,1.0,-2430.126709
0.375402,1.0,-2425.773926
0.375622,1.0,-2428.348877
0.376131,1.0,-2423.189941
0.376131,1.0,-2430.53418
0.376131,1.0,-2425.398193
0.376131,1.0,-2419.9729
0.376247,1.0,-2426.229492
0.376247,1.0,-2422.151855
0.376708,1.0,-2427.635986
0.377003,1.0,-2423.38623
0.377003,1.0,-2426.44873
0.376695,1.0,-2426.085205
0.376695,1.0,-2421.384521
0.377458,1.0,-2429.48999
0.377328,1.0,-2423.527344
0.377328,1.0,-2426.794434
0.377307,1.0,-2421.785645
0.378815,1.0,-2427.445312
0.379624,1.0,-2420.16748
0.379624,1.0,-2423.060059
0.379624,1.0,-2432.447754
0.379689,1.0,-2426.614014
0.381935,1.0,-2425.974121
0.381935,1.0,-2427.268066
0.381843,1.0,-2423.187012
0.380007,1.0,-2423.549805
0.380078,1.0,-2424.584473
0.380895,1.0,-2423.421875
0.380895,1.0,-2422.720215
0.381224,1.0,-2424.597656
0.381413,1.0,-2428.545166
0.382772,1.0,-2431.379395
0.383186,1.0,-2425.986816
0.384136,1.0,-2421.050537
0.384679,1.0,-2426.4646
0.384268,1.0,-2429.412109
0.384312,1.0,-2424.439941
0.384312,1.0,-2423.696289
0.384312,1.0,-2425.282715
0.384533,1.0,-2424.520264
0.385006,1.0,-2425.535645
0.385453,1.0,-2424.174805
0.385453,1.0,-2422.65332
0.384863,1.0,-2425.333252
0.385812,1.0,-2424.42041
0.385812,1.0,-2426.079834
0.385812,1.0,-2425.874023
0.385288,1.0,-2427.588867
0.384958,1.0,-2430.198975
0.384926,1.0,-2423.858398
0.384926,1.0,-2426.244141
0.384047,1.0,-2424.254395
0.384047,1.0,-2423.333496
0.384047,1.0,-2423.281494
0.384047,1.0,-2423.98291
0.384047,1.0,-2425.786133
0.384951,1.0,-2426.483887
0.384951,1.0,-2425.525391
0.384951,1.0,-2427.361328
0.384951,1.0,-2428.090332
0.384239,1.0,-2422.393066
0.385384,1.0,-2423.239502
0.385384,1.0,-2428.085449
0.385862,1.0,-2427.070801
0.385862,1.0,-2426.507324
0.385862,1.0,-2430.962402
0.385033,1.0,-2426.003906
0.385025,1.0,-2427.050781
0.38493,1.0,-2427.048096
0.384324,1.0,-2426.169434
0.384324,1.0,-2423.91748
0.384324,1.0,-2426.258789
0.384324,1.0,-2426.417236
0.384068,1.0,-2423.724609
0.384068,1.0,-2423.57666
0.384068,1.0,-2427.701416
0.383167,1.0,-2425.85498
0.382965,1.0,-2424.030762
0.381946,1.0,-2419.722412
0.381946,1.0,-2426.301514
0.382845,1.0,-2427.126709
0.383475,1.0,-2425.294922
0.383475,1.0,-2431.634766
0.382969,1.0,-2429.814697
0.383352,1.0,-2421.628418
0.384575,1.0,-2423.942871
0.38356,1.0,-2424.625488
0.383939,1.0,-2422.210693
0.383208,1.0,-2423.896484
0.383208,1.0,-2425.914795
0.38213,1.0,-2424.364014
0.38213,1.0,-2428.523926
0.382685,1.0,-2420.185547
0.382685,1.0,-2427.622314
0.383788,1.0,-2425.291992
0.383788,1.0,-2428.346191
0.384549,1.0,-2425.245361
0.385354,1.0,-2427.150391
0.385354,1.0,-2428.365723
0.38601,1.0,-2423.918945
0.38601,1.0,-2425.60498
0.38601,1.0,-2423.415039
0.38601,1.0,-2427.913086
0.387073,1.0,-2426.79541
0.387073,1.0,-2423.803223
0.387333,1.0,-2430.833984
0.387333,1.0,-2426.496582
0.38749,1.0,-2427.868896
0.386921,1.0,-2423.929688
0.386042,1.0,-2427.648193
0.386828,1.0,-2431.209961
0.386828,1.0,-2433.355957
0.386828,1.0,-2421.175537
0.386828,1.0,-2427.432861
0.386088,1.0,-2430.173096
0.384804,1.0,-2421.785156
0.384903,1.0,-2423.880615
0.385288,1.0,-2422.899414
0.385288,1.0,-2422.995117
0.385288,1.0,-2423.315674
0.385355,1.0,-2424.201172
0.385801,1.0,-2422.734131
0.385801,1.0,-2422.135254
0.38444,1.0,-2424.139648
0.384129,1.0,-2422.831543
0.383321,1.0,-2424.002686
0.382867,1.0,-2425.631836
0.38308,1.0,-2423.583252
0.38308,1.0,-2424.416748
0.38308,1.0,-2424.339844
0.383208,1.0,-2423.143555
0.38259,1.0,-2429.148438
0.38259,1.0,-2425.192383
0.38259,1.0,-2431.000488
0.38259,1.0,-2426.659668
0.382156,1.0,-2425.796631
0.381865,1.0,-2423.943604
0.382417,1.0,-2426.111328
0.382132,1.0,-2425.747559
0.382132,1.0,-2422.093262
0.382132,1.0,-2426.527344
0.382132,1.0,-2425.374756
0.382132,1.0,-2430.668701
0.382978,1.0,-2423.945557
0.383066,1.0,-2422.230957
0.383401,1.0,-2426.856201
0.383401,1.0,-2423.015625
0.383788,1.0,-2426.450195
0.383788,1.0,-2422.627441
0.383442,1.0,-2421.388428
0.382748,1.0,-2426.097656
0.382748,1.0,-2427.918701
0.382972,1.0,-2427.286133
0.383871,1.0,-2425.057617
0.380777,1.0,-2425.510498
0.379614,1.0,-2432.435547
0.379614,1.0,-2424.590332
0.38132,1.0,-2422.029297
0.379962,1.0,-2420.995117
0.380024,1.0,-2427.120117
0.380024,1.0,-2422.889648
0.378824,1.0,-2425.303467
0.378419,1.0,-2423.185059
0.378419,1.0,-2428.869141
0.375701,1.0,-2424.467041
0.375701,1.0,-2421.334229
0.375701,1.0,-2423.295166
0.375701,1.0,-2426.512939
0.375405,1.0,-2428.570801
0.375405,1.0,-2424.953369
0.375405,1.0,-2429.794189
0.375405,1.0,-2426.028076
0.375661,1.0,-2427.587646
0.37576,1.0,-2428.034668
0.37576,1.0,-2424.32959
0.375847,1.0,-2421.556641
0.376462,1.0,-2428.638916
0.375202,1.0,-2425.021973
0.374262,1.0,-2424.308105
0.374262,1.0,-2430.546387
0.374262,1.0,-2425.356445
0.373586,1.0,-2426.80835
0.37241,1.0,-2423.086426
0.372814,1.0,-2424.759277
0.372665,1.0,-2426.63623
0.373214,1.0,-2430.207031
0.373175,1.0,-2423.169434
0.374123,1.0,-2424.977295
0.375039,1.0,-2434.080566
0.375039,1.0,-2431.446533
0.373702,1.0,-2425.865967
0.373143,1.0,-2426.742188
0.373143,1.0,-2425.949219
0.373292,1.0,-2427.075195
0.374692,1.0,-2423.092285
0.374692,1.0,-2426.944336
0.374578,1.0,-2426.912598
0.374578,1.0,-2428.471191
0.374457,1.0,-2426.70752
0.374235,1.0,-2421.883301
0.374235,1.0,-2430.263184
0.374235,1.0,-2427.250732
0.374547,1.0,-2429.442383
0.374547,1.0,-2423.419922
0.375226,1.0,-2425.254883
0.375535,1.0,-2425.503174
0.375535,1.0,-2422.318359
0.375535,1.0,-2423.394287
0.375535,1.0,-2426.418701
0.376154,1.0,-2425.383789
0.376154,1.0,-2424.035889
0.376154,1.0,-2422.994141
0.376154,1.0,-2426.166992
0.3774,1.0,-2429.728271
0.3774,1.0,-2422.891113
0.377809,1.0,-2424.651855
0.377809,1.0,-2423.516602
0.377667,1.0,-2422.39209
0.378272,1.0,-2429.398438
0.378823,1.0,-2423.858398
0.378149,1.0,-2423.519287
0.379269,1.0,-2427.790527
0.378305,1.0,-2427.12207
0.378305,1.0,-2430.60083
0.378305,1.0,-2425.709961
0.378305,1.0,-2427.330078
0.377668,1.0,-2424.575439
0.377668,1.0,-2430.326904
0.379211,1.0,-2430.90918
0.379211,1.0,-2427.633545
0.380144,1.0,-2425.819092
0.380051,1.0,-2423.690918
0.380051,1.0,-2425.760742
0.379815,1.0,-2424.652588
0.379636,1.0,-2424.640137
0.379636,1.0,-2426.717285
0.379636,1.0,-2421.232666
0.380419,1.0,-2426.680664
0.380894,1.0,-2420.942871
0.381505,1.0,-2426.001953
0.381505,1.0,-2424.865234
0.382682,1.0,-2424.067383
0.382682,1.0,-2429.051758
0.382682,1.0,-2426.012451
0.381827,1.0,-2428.144531
0.381827,1.0,-2429.148193
0.381827,1.0,-2420.819824
0.381827,1.0,-2429.262695
0.383487,1.0,-2423.20459
0.383487,1.0,-2421.806641
0.384137,1.0,-2420.081055
0.384137,1.0,-2424.699463
0.384137,1.0,-2426.714844
0.384137,1.0,-2424.274902
0.384102,1.0,-2427.897949
0.384589,1.0,-2428.653076
0.383885,1.0,-2426.762207
0.383885,1.0,-2425.015137
0.383885,1.0,-2423.018066
0.385066,1.0,-2426.52832
0.385066,1.0,-2424.406738
0.386185,1.0,-2421.145508
0.385749,1.0,-2430.266602
0.385749,1.0,-2426.537109
0.384479,1.0,-2422.571533
0.385167,1.0,-2427.071289
0.386752,1.0,-2430.263916
0.386099,1.0,-2426.382324
0.386099,1.0,-2428.228516
0.385549,1.0,-2426.849609
0.386414,1.0,-2424.437988
0.384993,1.0,-2425.457764
0.384993,1.0,-2424.572021
0.386147,1.0,-2422.574707
0.386147,1.0,-2426.432129
0.386147,1.0,-2428.503418
0.388545,1.0,-2426.047363
0.388545,1.0,-2423.794922
0.389053,1.0,-2427.370605
0.389053,1.0,-2429.980957
0.388636,1.0,-2430.91626
0.389184,1.0,-2423.052246
0.389616,1.0,-2427.541504
0.389616,1.0,-2424.710449
0.390075,1.0,-2426.029785
0.390075,1.0,-2424.258789
0.390575,1.0,-2424.15918
0.390575,1.0,-2421.319824
0.392495,1.0,-2425.42334
0.392939,1.0,-2426.70874
0.392939,1.0,-2425.927979
0.394541,1.0,-2423.508545
0.394541,1.0,-2420.686035
0.395026,1.0,-2427.836426
0.393799,1.0,-2420.527344
0.393693,1.0,-2431.476807
0.393693,1.0,-2427.459229
0.393693,1.0,-2428.821777
0.393693,1.0,-2420.686523
0.393693,1.0,-2421.698242
0.39394,1.0,-2423.652344
0.391702,1.0,-2425.181641
0.390398,1.0,-2425.523926
0.390258,1.0,-2430.608154
0.391894,1.0,-2424.533203
0.391383,1.0,-2424.962402
0.392228,1.0,-2425.160645
0.392147,1.0,-2427.712402
0.392444,1.0,-2420.440918
0.393845,1.0,-2428.038086
0.393845,1.0,-2424.915283
0.392575,1.0,-2423.495361
0.393249,1.0,-2426.884277
0.393249,1.0,-2428.716309
0.393249,1.0,-2421.063477
0.39223,1.0,-2422.51416
0.39223,1.0,-2418.770264
0.39223,1.0,-2421.457275
0.392241,1.0,-2430.263672
0.392274,1.0,-2423.759277
0.391586,1.0,-2422.062012
0.39103,1.0,-2423.311035
0.391285,1.0,-2423.8396
0.389787,1.0,-2429.611816
0.390622,1.0,-2428.434814
0.390622,1.0,-2425.834229
0.393021,1.0,-2431.704102
0.393021,1.0,-2426.533203
0.393021,1.0,-2426.74292
0.392135,1.0,-2428.119629
0.390109,1.0,-2424.181152
0.390166,1.0,-2427.119629
0.392323,1.0,-2424.076416
0.394018,1.0,-2423.178955
0.39435,1.0,-2425.817871
0.39435,1.0,-2428.577637
0.39435,1.0,-2427.208008
0.39435,1.0,-2425.676758
0.39435,1.0,-2422.650391
0.39435,1.0,-2428.980957
0.394259,1.0,-2418.5625
0.394259,1.0,-2426.962891
0.394623,1.0,-2427.641846
0.394939,1.0,-2424.893311
0.39516,1.0,-2428.770996
0.394753,1.0,-2424.503418
0.39401,1.0,-2426.515137
0.39401,1.0,-2425.809082
0.39401,1.0,-2424.00708
0.393705,1.0,-2426.047852
0.393703,1.0,-2422.779785
0.393628,1.0,-2425.984863
0.393628,1.0,-2426.425293
0.393628,1.0,-2425.59082
0.393535,1.0,-2420.252441
0.395137,1.0,-2423.926758
0.395137,1.0,-2425.132324
0.395403,1.0,-2429.643555
0.395403,1.0,-2424.537354
0.395403,1.0,-2425.883545
0.396125,1.0,-2425.696045
0.396439,1.0,-2432.057617
0.396439,1.0,-2425.004883
0.396439,1.0,-2423.51416
0.39646,1.0,-2427.070801
0.396109,1.0,-2430.523438
0.396109,1.0,-2425.344727
0.395651,1.0,-2427.611572
0.395651,1.0,-2429.302979
0.395651,1.0,-2425.010254
0.395651,1.0,-2428.218262
0.393728,1.0,-2425.256592
0.393675,1.0,-2421.633301
0.392389,1.0,-2428.466797
0.390731,1.0,-2425.637207
0.390731,1.0,-2423.64624
0.390731,1.0,-2424.544678
0.390731,1.0,-2430.983154
0.391582,1.0,-2429.292969
0.393537,1.0,-2426.736816
0.393537,1.0,-2421.77124
0.393537,1.0,-2427.394775
0.393537,1.0,-2420.164795
0.393362,1.0,-2428.507812
0.393362,1.0,-2424.553955
0.393362,1.0,-2425.190918
0.393362,1.0,-2426.631836
0.394048,1.0,-2431.724365
0.394048,1.0,-2426.63623
0.394114,1.0,-2424.873535
0.393304,1.0,-2431.473389
0.393566,1.0,-2424.258301
0.392913,1.0,-2427.23999
0.392913,1.0,-2427.486328
0.393798,1.0,-2426.027832
0.393426,1.0,-2424.508057
0.39294,1.0,-2431.056152
0.392183,1.0,-2426.538086
0.392183,1.0,-2423.854004
0.392183,1.0,-2425.975342
0.394065,1.0,-2433.532715
0.392941,1.0,-2427.967773
0.392941,1.0,-2429.209229
0.393308,1.0,-2426.700684
0.392822,1.0,-2431.407227
0.392981,1.0,-2425.574707
0.392981,1.0,-2427.77002
0.392981,1.0,-2424.458984
0.392981,1.0,-2424.15332
0.392981,1.0,-2429.928223
0.393197,1.0,-2430.262207
0.392022,1.0,-2423.70752
0.392979,1.0,-2426.7771
0.392561,1.0,-2424.35791
0.392561,1.0,-2431.04248
0.392561,1.0,-2425.136719
0.392561,1.0,-2424.885742
0.392561,1.0,-2425.423828
0.394056,1.0,-2430.902832
0.395049,1.0,-2423.563477
0.394354,1.0,-2438.09668
0.394541,1.0,-2422.138428
0.395059,1.0,-2420.865234
0.397466,1.0,-2426.473145
0.398755,1.0,-2430.850342
0.398755,1.0,-2425.607666
0.398755,1.0,-2426.600098
0.398755,1.0,-2428.040283
0.398755,1.0,-2427.714844
0.398632,1.0,-2425.943604
0.397351,1.0,-2426.299072
0.397212,1.0,-2426.404541
0.397212,1.0,-2422.798828
0.395114,1.0,-2428.870117
0.394911,1.0,-2425.925293
0.394911,1.0,-2432.092285
0.396147,1.0,-2423.075195
0.396147,1.0,-2430.640625
0.396147,1.0,-2435.621582
0.396521,1.0,-2426.544922
0.396035,1.0,-2425.251465
0.396035,1.0,-2425.855957
0.396035,1.0,-2430.44458
0.396774,1.0,-2427.422363
0.398339,1.0,-2427.329346
0.398386,1.0,-2423.480469
0.398386,1.0,-2424.965332
0.399416,1.0,-2427.120117
0.400011,1.0,-2428.301758
0.399867,1.0,-2428.464844
0.399158,1.0,-2429.332031
0.399851,1.0,-2424.174805
0.398451,1.0,-2426.557129
0.398451,1.0,-2425.63916
0.398451,1.0,-2426.787354
0.398451,1.0,-2420.544922
0.398451,1.0,-2423.232422
0.398451,1.0,-2422.07959
0.398938,1.0,-2430.054199
0.398965,1.0,-2424.225098
0.398965,1.0,-2430.261475
0.398758,1.0,-2425.380859
0.399764,1.0,-2422.741699
0.399764,1.0,-2426.400146
0.39934,1.0,-2429.695557
0.39934,1.0,-2425.07959
0.398932,1.0,-2426.643555
0.398185,1.0,-2424.745361
0.397971,1.0,-2427.607422
0.397971,1.0,-2425.835449
0.397971,1.0,-2425.772217
0.397971,1.0,-2426.602295
0.398091,1.0,-2424.37915
0.398091,1.0,-2427.220947
0.398754,1.0,-2427.320801
0.398754,1.0,-2426.330078
0.398754,1.0,-2421.098145
0.398754,1.0,-2424.960938
0.398754,1.0,-2425.862549
0.398105,1.0,-2427.852051
0.398105,1.0,-2426.790771
0.398105,1.0,-2428.669922
0.397836,1.0,-2428.001465
0.39903,1.0,-2430.805176
0.39903,1.0,-2426.46167
0.397277,1.0,-2428.165527
0.397897,1.0,-2422.39917
0.397069,1.0,-2426.772217
0.396463,1.0,-2418.281738
0.39658,1.0,-2423.662354
0.396731,1.0,-2429.104004
0.39686,1.0,-2425.254883
0.397227,1.0,-2425.69873
0.397227,1.0,-2426.537598
0.397227,1.0,-2427.586426
0.396529,1.0,-2428.446777
0.397546,1.0,-2428.228027
0.39902,1.0,-2431.706299
0.39902,1.0,-2427.647949
0.39902,1.0,-2421.481201
0.39902,1.0,-2423.90332
0.398821,1.0,-2426.864746
0.397596,1.0,-2426.025635
0.397596,1.0,-2429.23584
0.398574,1.0,-2429.815918
0.398574,1.0,-2429.17041
0.396691,1.0,-2426.926758
0.396691,1.0,-2422.219971
0.395127,1.0,-2431.616699
0.395127,1.0,-2425.630371
0.395127,1.0,-2426.982422
0.395418,1.0,-2423.193604
0.395418,1.0,-2428.510986
0.396409,1.0,-2426.094727
0.396881,1.0,-2421.798828
0.396881,1.0,-2427.821777
0.396881,1.0,-2425.70874
0.396881,1.0,-2424.180664
0.398665,1.0,-2426.367188
0.398115,1.0,-2424.830566
0.398115,1.0,-2427.097168
0.397717,1.0,-2424.971191
0.398908,1.0,-2425.214844
0.39966,1.0,-2430.39209
0.399901,1.0,-2420.02832
0.399901,1.0,-2425.084229
0.397562,1.0,-2423.51001
0.397562,1.0,-2427.32959
0.396502,1.0,-2431.081299
0.397732,1.0,-2428.722656
0.397343,1.0,-2425.52832
0.396663,1.0,-2422.451416
0.397942,1.0,-2428.632568
0.397942,1.0,-2428.23999
0.397908,1.0,-2427.68457
0.397374,1.0,-2430.155029
0.397374,1.0,-2428.682861
0.397374,1.0,-2421.910889
0.397374,1.0,-2430.384277
0.396681,1.0,-2428.503906
0.396681,1.0,-2426.786865
0.396681,1.0,-2426.650391
0.39879,1.0,-2423.843018
0.398497,1.0,-2425.061035
0.398497,1.0,-2429.250732
0.397173,1.0,-2429.806152
0.397173,1.0,-2426.410156
0.397702,1.0,-2422.731201
0.397702,1.0,-2423.919678
0.397702,1.0,-2430.753418
0.397806,1.0,-2425.863037
0.397806,1.0,-2425.399414
0.39925,1.0,-2426.867188
0.39925,1.0,-2421.480469
0.39925,1.0,-2426.587646
0.400709,1.0,-2425.869141
0.400709,1.0,-2422.638672
0.400877,1.0,-2425.728516
0.401785,1.0,-2425.45459
0.401992,1.0,-2426.556885
0.403263,1.0,-2427.855957
0.403263,1.0,-2424.828369
0.403263,1.0,-2427.333008
0.403722,1.0,-2430.150635
0.404096,1.0,-2431.465576
0.404096,1.0,-2426.021729
0.404096,1.0,-2430.273193
0.40612,1.0,-2427.73291
0.40612,1.0,-2423.999512
0.40612,1.0,-2427.785156
0.40612,1.0,-2430.249512
0.40612,1.0,-2424.278076
0.40612,1.0,-2429.489258
0.404967,1.0,-2429.180664
0.404967,1.0,-2431.311523
0.405238,1.0,-2426.665527
0.405238,1.0,-2427.594727
0.404975,1.0,-2426.706787
0.404877,1.0,-2422.481934
0.405697,1.0,-2429.821045
0.407303,1.0,-2425.34668
0.407308,1.0,-2434.29834
0.408609,1.0,-2423.404053
0.408256,1.0,-2426.473145
0.408256,1.0,-2430.546387
0.408019,1.0,-2424.936035
0.408019,1.0,-2424.013672
0.408019,1.0,-2430.406006
0.406286,1.0,-2428.383301
0.406286,1.0,-2425.765381
0.406286,1.0,-2430.002441
0.404573,1.0,-2424.787598
0.405743,1.0,-2424.5
0.405743,1.0,-2427.095703
0.405743,1.0,-2427.193359
0.406941,1.0,-2424.302246
0.406941,1.0,-2427.822021
0.406941,1.0,-2427.823975
0.406941,1.0,-2435.213379
0.406941,1.0,-2426.658203
0.406941,1.0,-2429.390137
0.406941,1.0,-2428.008789
0.407839,1.0,-2432.111816
0.407839,1.0,-2426.277832
0.409781,1.0,-2432.381348
0.41023,1.0,-2429.977539
0.409357,1.0,-2428.887939
0.409357,1.0,-2429.729004
0.409447,1.0,-2430.283691
0.409835,1.0,-2425.709717
0.409835,1.0,-2429.999512
0.410369,1.0,-2431.851318
0.407992,1.0,-2430.010742
0.407533,1.0,-2428.098145
0.407781,1.0,-2428.774414
0.407781,1.0,-2429.44873
0.408617,1.0,-2426.951172
0.408383,1.0,-2427.256104
0.408383,1.0,-2425.077637
0.408383,1.0,-2432.385986
0.409649,1.0,-2427.478027
0.411575,1.0,-2435.297852
0.410431,1.0,-2430.076172
0.410431,1.0,-2427.254639
0.411296,1.0,-2427.841309
0.411785,1.0,-2426.025391
0.411785,1.0,-2430.359863
0.411785,1.0,-2429.911865
0.411785,1.0,-2425.256104
0.411785,1.0,-2425.652344
0.411785,1.0,-2428.367676
0.411785,1.0,-2427.436523
0.410563,1.0,-2426.606934
0.410398,1.0,-2431.071777
0.410398,1.0,-2427.847168
0.411203,1.0,-2427.381836
0.410463,1.0,-2426.341797
0.410463,1.0,-2427.894043
0.410463,1.0,-2425.933594
0.411514,1.0,-2429.123291
0.411514,1.0,-2433.721191
0.41268,1.0,-2434.937988
0.411583,1.0,-2432.360596
0.411583,1.0,-2427.988281
0.412179,1.0,-2436.231934
0.411204,1.0,-2428.917969
0.408348,1.0,-2433.631836
0.408019,1.0,-2427.653809
0.407895,1.0,-2434.728027
0.4085,1.0,-2432.026855
0.4085,1.0,-2429.134766
0.410416,1.0,-2426.028564
0.410749,1.0,-2426.840332
0.410749,1.0,-2430.391602
0.410641,1.0,-2427.387939
0.411603,1.0,-2438.625488
0.412426,1.0,-2429.921631
0.412694,1.0,-2426.688477
0.41366,1.0,-2427.712402
0.416034,1.0,-2431.646484
0.414486,1.0,-2429.907715
0.414486,1.0,-2427.780273
0.414486,1.0,-2428.50293
0.414646,1.0,-2430.289795
0.414544,1.0,-2429.837891
0.413453,1.0,-2422.884521
0.414516,1.0,-2423.179688
0.415361,1.0,-2434.306152
0.415361,1.0,-2430.318848
0.415361,1.0,-2427.682129
0.416566,1.0,-2434.438965
0.416471,1.0,-2430.210693
0.414844,1.0,-2427.54248
0.412913,1.0,-2428.776611
0.412913,1.0,-2427.967285
0.412913,1.0,-2425.118896
0.413505,1.0,-2433.46582
0.414728,1.0,-2433.396973
0.414517,1.0,-2431.477295
0.414517,1.0,-2429.238281
0.414371,1.0,-2432.035156
0.414371,1.0,-2431.371094
0.415645,1.0,-2430.334961
0.415645,1.0,-2435.975098
0.415367,1.0,-2430.629395
0.415202,1.0,-2429.271484
0.415524,1.0,-2432.254395
0.414796,1.0,-2433.895996
0.413876,1.0,-2428.062744
0.413876,1.0,-2432.685791
0.414495,1.0,-2430.881348
0.414001,1.0,-2431.595703
0.414001,1.0,-2425.135742
0.414001,1.0,-2431.959961
0.414222,1.0,-2426.212402
0.415079,1.0,-2429.07666
0.414421,1.0,-2433.504639
0.413805,1.0,-2432.308838
0.413805,1.0,-2432.821045
0.414889,1.0,-2426.775391
0.414889,1.0,-2427.999023
0.414889,1.0,-2427.528564
0.41481,1.0,-2430.648438
0.415959,1.0,-2435.594727
0.41646,1.0,-2431.139648
0.416865,1.0,-2429.707031
0.416013,1.0,-2426.980957
0.416013,1.0,-2433.630371
0.416013,1.0,-2429.722168
0.416295,1.0,-2429.054688
0.416295,1.0,-2428.588623
0.416295,1.0,-2431.521484
0.416295,1.0,-2431.840576
0.416295,1.0,-2431.756836
0.416295,1.0,-2433.843506
0.41625,1.0,-2430.482666
0.415674,1.0,-2437.247803
0.415674,1.0,-2428.900879
0.415674,1.0,-2428.447021
0.415674,1.0,-2425.048828
0.415626,1.0,-2436.552002
0.415626,1.0,-2433.033203
0.415626,1.0,-2422.712158
0.414785,1.0,-2431.853516
0.414562,1.0,-2428.257324
0.414083,1.0,-2431.606445
0.414083,1.0,-2428.800293
0.413979,1.0,-2435.877686
0.415553,1.0,-2424.060791
0.414187,1.0,-2431.848145
0.414187,1.0,-2424.113281
0.413468,1.0,-2431.968506
0.412062,1.0,-2431.581543
0.410585,1.0,-2430.881104
0.410585,1.0,-2425.901855
0.410419,1.0,-2427.263672
0.410419,1.0,-2424.851807
0.410382,1.0,-2425.574707
0.410382,1.0,-2431.645508
0.408452,1.0,-2432.706543
0.408452,1.0,-2430.283203
0.408452,1.0,-2432.485107
0.408452,1.0,-2423.834717
0.407341,1.0,-2429.20459
0.40575,1.0,-2429.196289
0.405305,1.0,-2425.449707
0.405878,1.0,-2431.102539
0.406081,1.0,-2425.866211
0.407164,1.0,-2428.171875
0.405945,1.0,-2429.709229
0.405945,1.0,-2428.968262
0.405945,1.0,-2427.548828
0.406761,1.0,-2432.14209
0.40863,1.0,-2426.82666
0.409254,1.0,-2432.449219
0.40732,1.0,-2430.894043
0.40636,1.0,-2424.485352
0.405324,1.0,-2431.563477
0.405403,1.0,-2429.120605
0.405303,1.0,-2430.135742
0.405303,1.0,-2425.45752
0.403994,1.0,-2425.197266
0.403994,1.0,-2428.421387
0.404226,1.0,-2423.706543
0.406005,1.0,-2428.334473
0.407043,1.0,-2425.799805
0.408169,1.0,-2426.990967
0.408823,1.0,-2428.000244
0.408671,1.0,-2424.506348
0.408671,1.0,-2421.065918
0.408671,1.0,-2429.800781
0.408711,1.0,-2429.954834
0.408711,1.0,-2432.219238
0.408711,1.0,-2427.217285
0.408711,1.0,-2429.892822
0.409913,1.0,-2427.898926
0.409913,1.0,-2428.840088
0.409913,1.0,-2429.550537
0.409913,1.0,-2421.891357
0.409913,1.0,-2433.974609
0.409913,1.0,-2422.581055
0.410669,1.0,-2428.59082
0.410712,1.0,-2431.468262
0.410392,1.0,-2425.45459
0.410392,1.0,-2430.334229
0.410508,1.0,-2425.492676
0.410508,1.0,-2433.564453
0.411111,1.0,-2425.767334
0.412064,1.0,-2430.675293
0.411699,1.0,-2428.909668
0.412394,1.0,-2429.020752
0.412657,1.0,-2430.720215
0.413765,1.0,-2426.797607
0.414263,1.0,-2428.556152
0.414727,1.0,-2430.275391
0.415476,1.0,-2437.833984
0.415229,1.0,-2434.857422
0.414952,1.0,-2433.724854
0.415009,1.0,-2428.775391
0.412205,1.0,-2431.928955
0.412191,1.0,-2428.034668
0.411842,1.0,-2429.939941
0.411842,1.0,-2431.736084
0.41141,1.0,-2426.485596
0.41141,1.0,-2430.629395
0.413718,1.0,-2432.932861
0.414571,1.0,-2431.257812
0.412735,1.0,-2431.009033
0.412735,1.0,-2427.811279
0.41309,1.0,-2430.76001
0.413624,1.0,-2427.401855
0.41401,1.0,-2430.126709
0.413853,1.0,-2428.078613
0.413715,1.0,-2436.890625
0.414037,1.0,-2429.852783
0.414037,1.0,-2431.098145
0.412142,1.0,-2427.08252
0.411433,1.0,-2427.311035
0.411345,1.0,-2430.342529
0.411345,1.0,-2431.549805
0.411205,1.0,-2431.059082
0.409841,1.0,-2433.228516
0.409841,1.0,-2432.72168
0.410855,1.0,-2427.73877
0.409969,1.0,-2432.794189
0.409969,1.0,-2431.85498
0.409969,1.0,-2426.983154
0.409969,1.0,-2425.930176
0.40868,1.0,-2429.281738
0.407096,1.0,-2432.577148
0.407096,1.0,-2427.979492
0.407096,1.0,-2420.392578
0.407096,1.0,-2432.018555
0.407096,1.0,-2424.165527
0.407417,1.0,-2422.717773
0.407417,1.0,-2429.090332
0.407417,1.0,-2430.974609
0.407417,1.0,-2430.034424
0.407417,1.0,-2424.604004
0.407417,1.0,-2428.89624
0.40758,1.0,-2431.816406
0.40758,1.0,-2430.262939
0.40758,1.0,-2427.414795
0.408993,1.0,-2430.115723
0.410953,1.0,-2426.761475
0.411778,1.0,-2431.848633
0.411778,1.0,-2432.254883
0.411778,1.0,-2427.606934
0.410999,1.0,-2430.75
0.410727,1.0,-2427.933838
0.410727,1.0,-2427.862305
0.41029,1.0,-2429.182129
0.409259,1.0,-2432.387695
0.408503,1.0,-2433.988281
0.408651,1.0,-2424.888428
0.409218,1.0,-2429.329346
0.409895,1.0,-2426.414551
0.409895,1.0,-2431.369141
0.409895,1.0,-2430.3125
0.409895,1.0,-2432.140625
0.409895,1.0,-2427.182861
0.410066,1.0,-2431.537842
0.410066,1.0,-2430.901855
0.410066,1.0,-2429.954102
0.410066,1.0,-2424.803467
0.410066,1.0,-2430.176025
0.410066,1.0,-2431.093018
0.410066,1.0,-2426.310547
0.410066,1.0,-2427.512207
0.410066,1.0,-2427.791504
0.409068,1.0,-2427.015137
0.408152,1.0,-2427.520752
0.408152,1.0,-2426.410889
0.408152,1.0,-2425.69165
0.408152,1.0,-2428.80127
0.408152,1.0,-2425.783203
0.408729,1.0,-2426.026367
0.408729,1.0,-2431.125244
0.408823,1.0,-2427.225098
0.407665,1.0,-2431.642578
0.407665,1.0,-2432.704102
0.407665,1.0,-2429.827148
0.408799,1.0,-2431.111572
0.408799,1.0,-2433.727783
0.408799,1.0,-2432.62207
0.408799,1.0,-2424.899902
0.409603,1.0,-2425.865234
0.409603,1.0,-2427.224121
0.409337,1.0,-2430.475098
0.409273,1.0,-2428.434814
0.409273,1.0,-2437.012695
0.409292,1.0,-2428.22998
0.408885,1.0,-2430.951172
0.408885,1.0,-2426.746094
0.408885,1.0,-2434.294434
0.409655,1.0,-2426.671387
0.407255,1.0,-2431.580078
0.405307,1.0,-2426.832275
0.404509,1.0,-2425.382812
0.404509,1.0,-2423.694092
0.403024,1.0,-2428.26709
0.403024,1.0,-2428.730957
0.403415,1.0,-2426.917969
0.403415,1.0,-2428.872803
0.403415,1.0,-2431.458496
0.404191,1.0,-2423.809082
0.404191,1.0,-2424.822266
0.404191,1.0,-2430.217773
0.404191,1.0,-2426.516113
0.404191,1.0,-2427.910156
0.404025,1.0,-2430.834961
0.404025,1.0,-2434.681641
0.402037,1.0,-2429.984863
0.402037,1.0,-2428.425781
0.402942,1.0,-2428.402588
0.403321,1.0,-2431.912842
0.403506,1.0,-2431.023193
0.404848,1.0,-2426.82959
0.404714,1.0,-2431.032471
0.404714,1.0,-2430.072754
0.405825,1.0,-2425.567139
0.40483,1.0,-2427.050293
0.40483,1.0,-2420.64917
0.404262,1.0,-2428.005371
0.404481,1.0,-2437.588379
0.404481,1.0,-2423.438232
0.405047,1.0,-2431.939453
0.405047,1.0,-2429.416992
0.405494,1.0,-2431.985107
0.405494,1.0,-2423.895996
0.40324,1.0,-2435.801514
0.402446,1.0,-2430.284668
0.402446,1.0,-2425.169434
0.401777,1.0,-2430.424805
0.401777,1.0,-2428.717041
0.400256,1.0,-2430.648926
0.400256,1.0,-2434.948975
0.400256,1.0,-2430.21582
0.398459,1.0,-2430.006592
0.399209,1.0,-2429.627441
0.399209,1.0,-2421.850342
0.397877,1.0,-2420.737549
0.397378,1.0,-2427.316895
0.397378,1.0,-2429.746582
0.3961,1.0,-2425.680664
0.3961,1.0,-2428.617676
0.397973,1.0,-2424.869141
0.3958,1.0,-2426.593018
0.394827,1.0,-2428.151855
0.394827,1.0,-2423.251709
0.394718,1.0,-2430.63916
0.394718,1.0,-2429.890137
0.396022,1.0,-2423.450928
0.396022,1.0,-2419.120605
0.396022,1.0,-2429.055908
0.396022,1.0,-2432.50415
0.395154,1.0,-2430.845459
0.395109,1.0,-2427.428223
0.393982,1.0,-2430.275391
0.393982,1.0,-2425.851318
0.393982,1.0,-2424.802246
0.395457,1.0,-2425.880371
0.395457,1.0,-2425.060547
0.395457,1.0,-2425.73877
0.395457,1.0,-2424.056396
0.394863,1.0,-2429.387207
0.394863,1.0,-2427.780762
0.394863,1.0,-2427.575195
0.395296,1.0,-2425.393311
0.397306,1.0,-2425.186035
0.398993,1.0,-2423.932129
0.399013,1.0,-2429.184326
0.399013,1.0,-2427.882812
0.398082,1.0,-2425.23291
0.398082,1.0,-2430.113281
0.398284,1.0,-2429.410156
0.398561,1.0,-2425.359619
0.398561,1.0,-2426.290771
0.399539,1.0,-2428.375
0.400165,1.0,-2429.263672
0.400722,1.0,-2430.563721
0.400722,1.0,-2432.318359
0.40126,1.0,-2424.645752
0.40126,1.0,-2425.957764
0.404604,1.0,-2427.863281
0.406354,1.0,-2430.665527
0.407159,1.0,-2428.389648
0.407334,1.0,-2431.937012
0.407249,1.0,-2424.826172
0.407249,1.0,-2430.42627
0.407249,1.0,-2432.207764
0.407494,1.0,-2426.890137
0.407494,1.0,-2427.382812
0.410018,1.0,-2429.925781
0.409814,1.0,-2429.35376
0.409814,1.0,-2430.995605
0.409814,1.0,-2427.391602
0.409112,1.0,-2430.102783
0.409192,1.0,-2428.162598
0.409192,1.0,-2426.66333
0.409192,1.0,-2430.544434
0.408806,1.0,-2427.941895
0.407083,1.0,-2426.077637
0.407083,1.0,-2430.206787
0.407083,1.0,-2426.53125
0.406715,1.0,-2426.320557
0.406715,1.0,-2429.211914
0.406715,1.0,-2432.308105
0.406715,1.0,-2427.332031
0.406566,1.0,-2430.749268
0.407358,1.0,-2429.207764
0.407512,1.0,-2432.609375
0.408468,1.0,-2424.220215
0.407084,1.0,-2428.785156
0.406374,1.0,-2427.5896
0.405737,1.0,-2426.299072
0.405737,1.0,-2425.143066
0.405737,1.0,-2430.410645
0.406118,1.0,-2427.630615
0.406118,1.0,-2427.712891
0.404825,1.0,-2425.272461
0.404825,1.0,-2424.983887
0.404825,1.0,-2428.614502
0.402906,1.0,-2427.185303
0.40174,1.0,-2427.652832
0.401501,1.0,-2425.887939
0.401501,1.0,-2426.142822
0.401501,1.0,-2429.761475
0.402044,1.0,-2425.634766
0.402663,1.0,-2425.125488
0.403192,1.0,-2429.444824
0.403033,1.0,-2425.007324
0.403033,1.0,-2424.511719
0.403033,1.0,-2417.005859
0.403033,1.0,-2423.278809
0.403033,1.0,-2429.121094
0.403703,1.0,-2429.062988
0.403328,1.0,-2433.783936
0.403328,1.0,-2428.318359
0.404483,1.0,-2426.047363
0.404483,1.0,-2429.511719
0.404483,1.0,-2425.850586
0.405597,1.0,-2430.501221
0.406357,1.0,-2433.358154
0.406357,1.0,-2428.492676
0.4078,1.0,-2430.149658
0.406717,1.0,-2425.726074
0.406717,1.0,-2424.001953
0.408145,1.0,-2434.473633
0.408145,1.0,-2425.246094
0.407429,1.0,-2425.36084
0.407858,1.0,-2431.611328
0.407294,1.0,-2424.148926
0.407428,1.0,-2429.154053
0.408794,1.0,-2424.447754
0.408794,1.0,-2437.007812
0.408794,1.0,-2426.967285
0.408794,1.0,-2430.598145
0.408794,1.0,-2424.902344
0.408794,1.0,-2426.920898
0.408794,1.0,-2424.280518
0.408794,1.0,-2424.782227
0.408794,1.0,-2430.422363
0.410223,1.0,-2430.820312
0.409842,1.0,-2428.355469
0.409842,1.0,-2427.880127
0.410678,1.0,-2427.78418
0.410678,1.0,-2428.393555
0.410498,1.0,-2430.2771
0.411308,1.0,-2432.494385
0.410513,1.0,-2426.242676
0.410513,1.0,-2432.939453
0.410537,1.0,-2430.915039
0.410491,1.0,-2431.168945
0.409121,1.0,-2430.206543
0.40934,1.0,-2432.349121
0.40934,1.0,-2422.514648
0.409283,1.0,-2426.39209
0.409283,1.0,-2432.181641
0.410597,1.0,-2426.547852
0.410597,1.0,-2430.593262
0.410137,1.0,-2426.759766
0.409304,1.0,-2431.958252
0.409304,1.0,-2438.514648
0.409304,1.0,-2424.62915
0.409304,1.0,-2429.12793
0.409304,1.0,-2428.279785
0.40983,1.0,-2422.675293
0.409788,1.0,-2434.39209
0.410505,1.0,-2428.800049
0.410505,1.0,-2430.703613
0.410946,1.0,-2427.239258
0.410368,1.0,-2429.017578
0.409597,1.0,-2428.648926
0.409828,1.0,-2428.924805
0.410618,1.0,-2431.045898
0.409334,1.0,-2432.453857
0.409334,1.0,-2431.64209
0.411219,1.0,-2427.855469
0.411219,1.0,-2431.056396
0.411354,1.0,-2429.132568
0.411354,1.0,-2422.361816
0.411558,1.0,-2424.520508
0.411073,1.0,-2425.461426
0.410519,1.0,-2431.844238
0.410519,1.0,-2424.980713
0.410519,1.0,-2429.899902
0.410519,1.0,-2433.981934
0.410385,1.0,-2429.007324
0.408994,1.0,-2431.183594
0.408994,1.0,-2427.887207
0.408994,1.0,-2431.679199
0.408994,1.0,-2428.37085
0.408994,1.0,-2428.187988
0.408994,1.0,-2425.34082
0.409218,1.0,-2433.710205
0.409218,1.0,-2426.520508
0.408952,1.0,-2426.645996
0.408952,1.0,-2425.687988
0.410418,1.0,-2431.660645
0.411517,1.0,-2435.075928
0.411029,1.0,-2428.155273
0.411915,1.0,-2429.578613
0.411915,1.0,-2427.747559
0.412819,1.0,-2430.973145
0.412819,1.0,-2426.442627
0.412669,1.0,-2427.774902
0.414543,1.0,-2427.019531
0.414543,1.0,-2430.702393
0.414543,1.0,-2432.438965
0.416907,1.0,-2432.011719
0.416682,1.0,-2431.797852
0.4169,1.0,-2431.140137
0.416003,1.0,-2429.243164
0.415124,1.0,-2435.14209
0.415124,1.0,-2427.771729
0.414865,1.0,-2428.508789
0.414803,1.0,-2428.237549
0.41503,1.0,-2431.358887
0.416262,1.0,-2431.683594
0.416894,1.0,-2430.781982
0.416894,1.0,-2430.172852
0.41787,1.0,-2433.035645
0.417621,1.0,-2429.542969
0.417621,1.0,-2430.672119
0.417621,1.0,-2432.199707
0.418466,1.0,-2429.499512
0.418466,1.0,-2434.464355
0.418948,1.0,-2432.926025
0.419419,1.0,-2433.303711
0.416922,1.0,-2426.803955
0.415891,1.0,-2439.743164
0.415891,1.0,-2423.723145
0.416839,1.0,-2426.398926
0.416839,1.0,-2427.888672
0.416839,1.0,-2432.21875
0.416839,1.0,-2430.55127
0.418365,1.0,-2432.831543
0.417733,1.0,-2430.129883
0.416229,1.0,-2428.7854
0.415703,1.0,-2428.168213
0.415703,1.0,-2434.288574
0.414515,1.0,-2424.381348
0.414948,1.0,-2430.979492
0.415721,1.0,-2429.52002
0.415804,1.0,-2428.625488
0.414219,1.0,-2426.560059
0.414089,1.0,-2428.050293
0.414089,1.0,-2429.628906
0.415516,1.0,-2432.839844
0.415562,1.0,-2435.114746
0.415646,1.0,-2428.806152
0.415646,1.0,-2429.29541
0.415646,1.0,-2424.881348
0.415646,1.0,-2431.842041
0.415211,1.0,-2426.971436
0.415211,1.0,-2427.62207
0.414345,1.0,-2423.908691
0.414377,1.0,-2432.085449
0.413886,1.0,-2424.075928
0.413886,1.0,-2427.099609
0.413886,1.0,-2430.274902
0.412972,1.0,-2437.280029
0.414045,1.0,-2428.123047
0.4146,1.0,-2435.848877
0.4146,1.0,-2433.796143
0.4146,1.0,-2426.233643
0.4146,1.0,-2427.196045
0.415894,1.0,-2436.062744
0.416167,1.0,-2426.990234
0.415854,1.0,-2424.816162
0.414365,1.0,-2427.639648
0.414365,1.0,-2428.847656
0.414365,1.0,-2432.775879
0.414365,1.0,-2432.213379
0.414365,1.0,-2432.265625
0.414365,1.0,-2428.60791
0.413727,1.0,-2429.177246
0.414915,1.0,-2430.533203
0.414914,1.0,-2431.005371
0.414582,1.0,-2427.809082
0.415032,1.0,-2423.672119
0.415141,1.0,-2434.575195
0.413879,1.0,-2429.901855
0.413771,1.0,-2423.949951
0.413771,1.0,-2429.44751
0.412469,1.0,-2428.252197
0.412469,1.0,-2427.022461
0.41286,1.0,-2437.04834
0.41286,1.0,-2432.582031
0.412313,1.0,-2428.562988
0.412313,1.0,-2427.506836
0.413463,1.0,-2427.444824
0.415013,1.0,-2431.365479
0.41451,1.0,-2430.957031
0.41451,1.0,-2430.578613
0.414071,1.0,-2427.226807
0.41487,1.0,-2434.127441
0.41487,1.0,-2429.472656
0.41487,1.0,-2426.886719
0.41487,1.0,-2427.939209
0.41487,1.0,-2432.286621
0.41487,1.0,-2431.693359
0.414891,1.0,-2433.437988
0.415801,1.0,-2429.334473
0.415504,1.0,-2429.123535
0.414676,1.0,-2429.024902
0.414676,1.0,-2429.385498
0.414676,1.0,-2438.855713
0.416029,1.0,-2432.19165
0.416262,1.0,-2434.261719
0.416725,1.0,-2429.43457
0.416725,1.0,-2432.193848
0.416725,1.0,-2427.799561
0.416725,1.0,-2435.874512
0.416725,1.0,-2428.254883
0.416725,1.0,-2428.325195
0.417998,1.0,-2430.759277
0.416492,1.0,-2430.352295
0.416746,1.0,-2423.859375
0.415965,1.0,-2433.572754
0.416916,1.0,-2431.551758
0.416944,1.0,-2436.456543
0.417205,1.0,-2426.479004
0.417205,1.0,-2430.068848
0.417438,1.0,-2429.806641
0.417216,1.0,-2431.949707
0.416509,1.0,-2433.437988
0.416369,1.0,-2431.881348
0.416369,1.0,-2437.432129
0.416369,1.0,-2427.154785
0.415132,1.0,-2429.452637
0.416846,1.0,-2430.601318
0.416846,1.0,-2425.406982
0.416846,1.0,-2432.810059
0.416513,1.0,-2424.475586
0.414246,1.0,-2430.924316
0.415195,1.0,-2433.956787
0.415155,1.0,-2430.162354
0.415244,1.0,-2430.103516
0.415244,1.0,-2429.237793
0.413502,1.0,-2435.810059
0.413767,1.0,-2426.801758
0.412781,1.0,-2425.342773
0.412147,1.0,-2431.273926
0.41265,1.0,-2434.485596
0.41265,1.0,-2430.875
0.41265,1.0,-2429.26416
0.41265,1.0,-2430.439941
0.41265,1.0,-2424.218262
0.411429,1.0,-2427.658691
0.411429,1.0,-2429.885254
0.411429,1.0,-2423.128418
0.411429,1.0,-2432.806152
0.410574,1.0,-2432.881592
0.410574,1.0,-2432.367676
0.40962,1.0,-2427.633301
0.40962,1.0,-2430.270508
0.409276,1.0,-2432.330811
0.408345,1.0,-2431.620605
0.407924,1.0,-2430.085938
0.408226,1.0,-2421.468262
0.40832,1.0,-2427.90332
0.40832,1.0,-2428.327637
0.407742,1.0,-2426.817139
0.407742,1.0,-2429.490479
0.408298,1.0,-2428.420898
0.408811,1.0,-2429.240479
0.407438,1.0,-2430.351807
0.407438,1.0,-2429.734619
0.407135,1.0,-2424.88916
0.406029,1.0,-2430.498535
0.408433,1.0,-2426.844482
0.408433,1.0,-2429.541992
0.40985,1.0,-2429.262695
0.40985,1.0,-2426.927734
0.411968,1.0,-2423.736328
0.411968,1.0,-2429.309082
0.412347,1.0,-2427.661377
0.411888,1.0,-2432.410645
0.411888,1.0,-2429.19873
0.412456,1.0,-2427.86377
0.412456,1.0,-2430.590332
0.412456,1.0,-2432.211426
0.412602,1.0,-2431.918213
0.412177,1.0,-2423.288086
0.410816,1.0,-2432.165039
0.410325,1.0,-2430.34082
0.410327,1.0,-2430.916016
0.410297,1.0,-2426.724609
0.410297,1.0,-2427.617676
0.409047,1.0,-2425.151855
0.409047,1.0,-2431.887207
0.409824,1.0,-2430.765137
0.410923,1.0,-2430.093262
0.410773,1.0,-2430.0271
0.409682,1.0,-2427.612793
0.409682,1.0,-2436.321777
0.409682,1.0,-2429.797852
0.409682,1.0,-2426.453125
0.409438,1.0,-2435.141357
0.409438,1.0,-2428.84375
0.409438,1.0,-2422.499268
0.409841,1.0,-2432.685547
0.409841,1.0,-2426.920898
0.409643,1.0,-2429.103271
0.409643,1.0,-2428.372803
0.409643,1.0,-2426.384766
0.409063,1.0,-2428.984375
0.410147,1.0,-2431.302979
0.411038,1.0,-2427.70752
0.411038,1.0,-2430.029297
0.411053,1.0,-2428.621094
0.409693,1.0,-2430.177734
0.409287,1.0,-2428.578125
0.409287,1.0,-2430.432373
0.409287,1.0,-2433.468262
0.409386,1.0,-2427.437744
0.407473,1.0,-2432.563965
0.407473,1.0,-2424.890625
0.407473,1.0,-2428.837646
0.407473,1.0,-2427.117676
0.407473,1.0,-2437.955078
0.407295,1.0,-2427.028076
0.407295,1.0,-2430.176758
0.409658,1.0,-2431.177979
0.409658,1.0,-2427.283691
0.409658,1.0,-2434.03418
0.410468,1.0,-2433.199951
0.410885,1.0,-2427.611328
0.412025,1.0,-2425.627686
0.412025,1.0,-2428.733887
0.411635,1.0,-2432.25
0.411635,1.0,-2430.578369
0.410466,1.0,-2428.910889
0.410466,1.0,-2428.751953
0.409929,1.0,-2428.083252
0.409929,1.0,-2426.426025
0.408823,1.0,-2423.476807
0.408823,1.0,-2429.476562
0.408823,1.0,-2424.286133
0.408823,1.0,-2429.581055
0.407731,1.0,-2424.060791
0.407731,1.0,-2431.472168
0.40831,1.0,-2428.543457
0.40831,1.0,-2426.725098
0.40831,1.0,-2428.516602
0.408208,1.0,-2432.273438
0.407725,1.0,-2431.118652
0.408359,1.0,-2436.782227
0.407731,1.0,-2426.958008
0.406595,1.0,-2428.469727
0.405074,1.0,-2425.52124
0.405148,1.0,-2429.351318
0.405148,1.0,-2424.296631
0.404754,1.0,-2427.855957
0.404754,1.0,-2431.966797
0.403943,1.0,-2427.571533
0.404061,1.0,-2432.411133
0.404061,1.0,-2426.460938
0.404946,1.0,-2428.352539
0.403435,1.0,-2426.928711
0.404556,1.0,-2427.352783
0.404795,1.0,-2429.179688
0.403849,1.0,-2427.615234
0.402942,1.0,-2429.756836
0.402546,1.0,-2426.348145
0.403622,1.0,-2428.199707
0.403339,1.0,-2428.150879
0.403339,1.0,-2427.879395
0.403339,1.0,-2424.836426
0.400619,1.0,-2427.941406
0.401373,1.0,-2424.23584
0.40188,1.0,-2426.586914
0.40188,1.0,-2424.80127
0.400327,1.0,-2425.6875
0.400958,1.0,-2422.402588
0.401587,1.0,-2428.497559
0.400788,1.0,-2430.352051
0.401394,1.0,-2427.865723
0.401073,1.0,-2424.621582
0.401512,1.0,-2429.625
0.400884,1.0,-2430.225098
0.399386,1.0,-2427.414062
0.398983,1.0,-2422.939941
0.398983,1.0,-2423.762695
0.398983,1.0,-2426.329834
0.398567,1.0,-2424.210205
0.39855,1.0,-2429.195312
0.398362,1.0,-2427.753174
0.398362,1.0,-2428.876709
0.398362,1.0,-2423.845947
0.399715,1.0,-2426.270752
0.399715,1.0,-2428.819336
0.399715,1.0,-2425.567139
0.399323,1.0,-2426.830078
0.399323,1.0,-2424.876709
0.399699,1.0,-2428.218262
0.399699,1.0,-2430.566406
0.399699,1.0,-2428.114014
0.399501,1.0,-2429.12793
0.399501,1.0,-2430.072754
0.39952,1.0,-2432.22583
0.400109,1.0,-2425.913574
0.400387,1.0,-2422.464111
0.400387,1.0,-2426.570557
0.400335,1.0,-2431.047607
0.401075,1.0,-2428.799805
0.401075,1.0,-2437.054199
0.400274,1.0,-2428.126465
0.399286,1.0,-2430.736328
0.398021,1.0,-2430.36084
0.398021,1.0,-2426.217773
0.39791,1.0,-2424.650391
0.398587,1.0,-2428.296387
0.400451,1.0,-2425.608154
0.398689,1.0,-2424.028564
0.398689,1.0,-2424.194336
0.398689,1.0,-2423.75293
0.398689,1.0,-2429.867676
0.398689,1.0,-2427.353027
0.398689,1.0,-2427.730469
0.400659,1.0,-2425.674072
0.400659,1.0,-2431.481934
0.40003,1.0,-2421.322998
0.40003,1.0,-2423.266602
0.400319,1.0,-2424.216309
0.401565,1.0,-2428.127686
0.401331,1.0,-2424.514648
0.401331,1.0,-2428.280273
0.402194,1.0,-2430.285156
0.402194,1.0,-2424.289551
0.402194,1.0,-2424.905762
0.401897,1.0,-2426.712402
0.402299,1.0,-2425.468262
0.399751,1.0,-2428.78125
0.399764,1.0,-2426.790527
0.40003,1.0,-2428.325684
0.399947,1.0,-2430.30957
0.399991,1.0,-2427.224121
0.399686,1.0,-2423.092285
0.398042,1.0,-2429.244873
0.398042,1.0,-2423.923096
0.396189,1.0,-2428.382812
0.395329,1.0,-2421.989746
0.395835,1.0,-2425.151367
0.395647,1.0,-2426.606445
0.396577,1.0,-2421.337402
0.396577,1.0,-2427.507812
0.395441,1.0,-2423.67334
0.394598,1.0,-2426.460449
0.394598,1.0,-2430.953857
0.396506,1.0,-2426.90332
0.395036,1.0,-2424.371094
0.395036,1.0,-2429.859863
0.395036,1.0,-2419.890625
0.395036,1.0,-2428.871338
0.396903,1.0,-2426.467773
0.396507,1.0,-2430.126221
0.39481,1.0,-2428.380371
0.39481,1.0,-2425.361328
0.393574,1.0,-2424.041016
0.393574,1.0,-2425.317383
0.393574,1.0,-2426.467529
0.393574,1.0,-2422.695801
0.393574,1.0,-2419.023926
0.393574,1.0,-2429.57373
0.393574,1.0,-2427.520264
0.393574,1.0,-2429.050781
0.392502,1.0,-2424.481934
0.391319,1.0,-2426.937012
0.391381,1.0,-2429.115479
0.391438,1.0,-2423.010254
0.392605,1.0,-2424.40332
0.392605,1.0,-2429.860352
0.393431,1.0,-2420.183594
0.392453,1.0,-2430.995361
0.39353,1.0,-2426.688721
0.39353,1.0,-2423.154297
0.393532,1.0,-2422.762207
0.392874,1.0,-2423.537598
0.392874,1.0,-2426.532715
0.392374,1.0,-2429.335449
0.39227,1.0,-2428.009766
0.39227,1.0,-2430.327637
0.39227,1.0,-2423.796143
0.392156,1.0,-2426.944824
0.390676,1.0,-2424.882812
0.390676,1.0,-2424.577148
0.391202,1.0,-2428.24707
0.39127,1.0,-2425.195312
0.389912,1.0,-2425.824951
0.389912,1.0,-2425.658203
0.390146,1.0,-2425.450439
0.390146,1.0,-2421.748535
0.393246,1.0,-2422.412598
0.393246,1.0,-2426.407227
0.393246,1.0,-2428.933838
0.392757,1.0,-2421.368164
0.392757,1.0,-2429.225586
0.391152,1.0,-2424.810791
0.391152,1.0,-2427.463867
0.391152,1.0,-2429.879395
0.391666,1.0,-2424.660645
0.391666,1.0,-2420.746338
0.392817,1.0,-2425.926758
0.392817,1.0,-2427.931152
0.393422,1.0,-2427.55957
0.391646,1.0,-2426.103271
0.391646,1.0,-2429.030029
0.39143,1.0,-2426.446777
0.39143,1.0,-2426.196289
0.391487,1.0,-2425.171143
0.391032,1.0,-2425.522461
0.390332,1.0,-2430.257324
0.390332,1.0,-2426.476562
0.390332,1.0,-2423.966309
0.391028,1.0,-2425.845215
0.389136,1.0,-2429.207031
0.388667,1.0,-2423.878174
0.388285,1.0,-2421.430908
0.388285,1.0,-2422.632324
0.388285,1.0,-2428.125244
0.388498,1.0,-2428.434082
0.388498,1.0,-2423.851074
0.388545,1.0,-2428.492188
0.388545,1.0,-2423.412598
0.388545,1.0,-2425.061523
0.388545,1.0,-2427.678711
0.388545,1.0,-2423.601562
0.388545,1.0,-2428.776367
0.388741,1.0,-2422.492676
0.388741,1.0,-2429.467285
0.388295,1.0,-2425.430664
0.388295,1.0,-2423.342285
0.388141,1.0,-2427.336426
0.388668,1.0,-2426.442139
0.389763,1.0,-2423.780762
0.389763,1.0,-2428.226562
0.389763,1.0,-2424.572266
0.390432,1.0,-2425.259277
0.390615,1.0,-2429.267578
0.390615,1.0,-2425.497559
0.390615,1.0,-2432.203125
0.389759,1.0,-2420.993164
0.391803,1.0,-2424.607422
0.392157,1.0,-2430.071289
0.392157,1.0,-2424.355957
0.392157,1.0,-2426.119873
0.392157,1.0,-2425.087891
0.392157,1.0,-2424.489746
0.392157,1.0,-2428.547363
0.392157,1.0,-2426.502197
0.392174,1.0,-2425.97583
0.392714,1.0,-2420.65625
0.392714,1.0,-2422.109375
0.392714,1.0,-2425.719482
0.391466,1.0,-2423.184082
0.391466,1.0,-2424.696289
0.391466,1.0,-2429.787109
0.391466,1.0,-2427.945801
0.392147,1.0,-2431.967285
0.392147,1.0,-2424.726318
0.390371,1.0,-2427.614746
0.390371,1.0,-2425.797363
0.39108,1.0,-2423.688477
0.39108,1.0,-2430.789551
0.391101,1.0,-2422.350586
0.391101,1.0,-2423.571533
0.390774,1.0,-2423.078369
0.390774,1.0,-2426.812988
0.391033,1.0,-2421.320801
0.388468,1.0,-2429.138672
0.388468,1.0,-2423.151123
0.388468,1.0,-2429.466797
0.388642,1.0,-2426.545166
0.388791,1.0,-2422.167725
0.388401,1.0,-2428.155762
0.388882,1.0,-2425.85498
0.387866,1.0,-2431.04541
0.387866,1.0,-2424.799316
0.386261,1.0,-2422.666016
0.385097,1.0,-2425.82959
0.38693,1.0,-2429.393799
0.387102,1.0,-2425.518311
0.387102,1.0,-2420.876953
0.387102,1.0,-2423.120117
0.387079,1.0,-2425.304932
0.387079,1.0,-2429.228516
0.387142,1.0,-2424.263184
0.388239,1.0,-2428.214355
0.386461,1.0,-2428.710938
0.386461,1.0,-2422.568848
0.385291,1.0,-2421.703125
0.385291,1.0,-2425.59082
0.386106,1.0,-2430.696533
0.386106,1.0,-2425.941895
0.384899,1.0,-2425.645508
0.383877,1.0,-2426.163086
0.383497,1.0,-2421.748047
0.384763,1.0,-2422.381836
0.385315,1.0,-2421.156006
0.384621,1.0,-2428.141357
0.384621,1.0,-2425.104492
0.384621,1.0,-2420.301758
0.386006,1.0,-2427.976807
0.387274,1.0,-2426.291748
0.387677,1.0,-2425.132812
0.387677,1.0,-2423.361328
0.388182,1.0,-2428.128418
0.388182,1.0,-2424.68457
0.388182,1.0,-2423.666504
0.388182,1.0,-2428.790039
0.38951,1.0,-2426.841064
0.390484,1.0,-2422.589844
0.390626,1.0,-2425.94873
0.389487,1.0,-2423.165527
0.389487,1.0,-2423.125244
0.389487,1.0,-2424.639404
0.387728,1.0,-2423.843262
0.388983,1.0,-2420.94043
0.388983,1.0,-2425.082764
0.390314,1.0,-2427.597168
0.390314,1.0,-2429.414551
0.390314,1.0,-2429.112305
0.389864,1.0,-2420.89502
0.390549,1.0,-2430.288086
0.390549,1.0,-2426.769531
0.390457,1.0,-2423.497559
0.390457,1.0,-2426.931641
0.389928,1.0,-2428.709473
0.388485,1.0,-2432.620117
0.388485,1.0,-2427.58252
0.389339,1.0,-2429.391113
0.389339,1.0,-2429.6604
0.389339,1.0,-2424.504395
0.389339,1.0,-2419.806152
0.389339,1.0,-2431.20874
0.389339,1.0,-2423.306641
0.390533,1.0,-2428.568848
0.391999,1.0,-2432.981934
0.391999,1.0,-2423.643066
0.392439,1.0,-2424.727295
0.392439,1.0,-2429.245361
0.392439,1.0,-2427.763184
0.392439,1.0,-2421.885742
0.392439,1.0,-2420.82666
0.392439,1.0,-2422.034424
0.392439,1.0,-2425.99292
0.392439,1.0,-2424.80957
0.391072,1.0,-2429.230957
0.389538,1.0,-2422.938721
0.388876,1.0,-2431.535156
0.388876,1.0,-2431.452637
0.388876,1.0,-2425.486328
0.388876,1.0,-2423.814941
0.388876,1.0,-2427.996338
0.387933,1.0,-2427.943115
0.387933,1.0,-2424.923828
0.388116,1.0,-2426.849854
0.388116,1.0,-2424.789551
0.388732,1.0,-2426.028076
0.39002,1.0,-2428.986816
0.388117,1.0,-2425.366943
0.388117,1.0,-2421.146973
0.388722,1.0,-2421.585938
0.388275,1.0,-2422.930664
0.389418,1.0,-2427.088379
0.389246,1.0,-2429.825684
0.389246,1.0,-2425.008301
0.38847,1.0,-2421.2229
0.387911,1.0,-2427.333008
0.387806,1.0,-2431.20459
0.387806,1.0,-2424.192383
0.388348,1.0,-2428.186035
0.389621,1.0,-2428.375732
0.389621,1.0,-2425.345703
0.38974,1.0,-2426.800293
0.38974,1.0,-2428.713379
0.38974,1.0,-2429.845215
0.38974,1.0,-2422.384033
0.39182,1.0,-2426.30957
0.392127,1.0,-2425.452148
0.392127,1.0,-2428.114014
0.392127,1.0,-2425.743164
0.39101,1.0,-2432.029785
0.39101,1.0,-2423.443115
0.391211,1.0,-2426.854004
0.391211,1.0,-2422.975586
0.391211,1.0,-2426.358398
0.391211,1.0,-2425.396973
0.390758,1.0,-2425.125
0.391069,1.0,-2426.207031
0.391349,1.0,-2422.435303
0.391789,1.0,-2425.702881
0.391789,1.0,-2428.975342
0.391789,1.0,-2427.924805
0.392521,1.0,-2426.566895
0.392521,1.0,-2422.883545
0.39213,1.0,-2424.175293
0.390432,1.0,-2430.616699
0.388466,1.0,-2427.855469
0.388466,1.0,-2422.984375
0.388466,1.0,-2424.135742
0.388466,1.0,-2435.132568
0.388466,1.0,-2425.115723
0.388466,1.0,-2425.778076
0.388842,1.0,-2423.461182
0.387543,1.0,-2422.98584
0.387543,1.0,-2427.776611
0.388314,1.0,-2426.424072
0.388141,1.0,-2425.859375
0.388141,1.0,-2428.237305
0.388155,1.0,-2420.044922
0.388155,1.0,-2425.247314
0.388537,1.0,-2420.128662
0.388537,1.0,-2429.679443
0.388571,1.0,-2427.473877
0.388981,1.0,-2425.134277
0.389873,1.0,-2425.381836
0.388411,1.0,-2428.102051
0.388411,1.0,-2430.148193
0.389434,1.0,-2426.554199
0.389434,1.0,-2424.163574
0.389434,1.0,-2428.017578
0.389434,1.0,-2421.905762
0.388241,1.0,-2424.868652
0.388542,1.0,-2424.587891
0.387881,1.0,-2426.990723
0.387881,1.0,-2423.903809
0.388313,1.0,-2423.840088
0.388313,1.0,-2427.449707
0.388106,1.0,-2434.020996
0.388084,1.0,-2424.029785
0.388084,1.0,-2426.695312
0.387961,1.0,-2430.722412
0.387871,1.0,-2429.502441
0.387476,1.0,-2426.195068
0.387078,1.0,-2426.953125
0.387078,1.0,-2425.444824
0.388704,1.0,-2424.543701
0.388704,1.0,-2420.94043
0.389778,1.0,-2427.791504
0.389778,1.0,-2427.930908
0.389778,1.0,-2424.47168
0.389308,1.0,-2423.225586
0.389308,1.0,-2430.676025
0.38761,1.0,-2424.356934
0.385925,1.0,-2425.468262
0.386088,1.0,-2426.208496
0.386088,1.0,-2428.688232
0.386088,1.0,-2423.829102
0.386517,1.0,-2430.322754
0.387843,1.0,-2426.163574
0.387657,1.0,-2427.466797
0.388758,1.0,-2426.36377
0.389572,1.0,-2423.190186
0.388564,1.0,-2428.214355
0.388031,1.0,-2426.693848
0.388031,1.0,-2426.920898
0.387483,1.0,-2425.377441
0.38731,1.0,-2420.8125
0.386223,1.0,-2419.050781
0.386223,1.0,-2428.483398
0.386999,1.0,-2426.452637
0.386999,1.0,-2425.357178
0.387683,1.0,-2427.126953
0.38926,1.0,-2426.000244
0.38926,1.0,-2431.131104
0.38926,1.0,-2426.135254
0.388443,1.0,-2427.623535
0.388443,1.0,-2419.897949
0.388443,1.0,-2423.142822
0.388013,1.0,-2419.317383
0.385949,1.0,-2433.149658
0.385949,1.0,-2423.272217
0.385949,1.0,-2423.506348
0.385963,1.0,-2425.446289
0.385963,1.0,-2424.963379
0.385963,1.0,-2428.049805
0.385963,1.0,-2424.248535
0.384653,1.0,-2428.039062
0.385029,1.0,-2426.340332
0.383928,1.0,-2425.543701
0.383928,1.0,-2428.322266
0.385037,1.0,-2429.557129
0.385037,1.0,-2428.119141
0.38666,1.0,-2421.809326
0.386407,1.0,-2427.46875
0.386908,1.0,-2426.514648
0.387059,1.0,-2426.160645
0.385615,1.0,-2426.447754
0.385969,1.0,-2426.493652
0.385706,1.0,-2428.408447
0.386375,1.0,-2423.862549
0.385228,1.0,-2420.280273
0.385228,1.0,-2431.939941
0.38535,1.0,-2425.240234
0.387474,1.0,-2426.691162
0.387474,1.0,-2421.644531
0.387474,1.0,-2425.413574
0.387806,1.0,-2427.845215
0.388647,1.0,-2429.097168
0.388111,1.0,-2428.046143
0.388111,1.0,-2426.536377
0.387648,1.0,-2423.864746
0.387986,1.0,-2426.306641
0.388128,1.0,-2423.394775
0.388848,1.0,-2424.760254
0.388848,1.0,-2418.504883
0.389857,1.0,-2426.763916
0.389857,1.0,-2430.623047
0.390384,1.0,-2425.291992
0.390384,1.0,-2424.58252
0.391356,1.0,-2423.944092
0.391081,1.0,-2432.635742
0.392758,1.0,-2417.334473
0.394072,1.0,-2428.556641
0.394122,1.0,-2430.503906
0.395341,1.0,-2432.085449
0.394663,1.0,-2421.586426
0.395118,1.0,-2425.067139
0.395118,1.0,-2424.959473
0.394398,1.0,-2427.647949
0.394398,1.0,-2428.608887
0.394398,1.0,-2427.759766
0.393517,1.0,-2421.878906
0.393517,1.0,-2432.266602
0.392925,1.0,-2428.878418
0.392951,1.0,-2429.23291
0.392951,1.0,-2421.569336
0.393167,1.0,-2427.716797
0.393246,1.0,-2423.854492
0.391627,1.0,-2429.618896
0.391627,1.0,-2425.009033
0.391058,1.0,-2426.052002
0.391058,1.0,-2426.927002
0.391062,1.0,-2429.268555
0.391062,1.0,-2423.558105
0.391062,1.0,-2424.78125
0.390241,1.0,-2427.973633
0.390241,1.0,-2427.985107
0.390045,1.0,-2431.771484
0.390045,1.0,-2421.338135
0.39034,1.0,-2422.861328
0.388296,1.0,-2421.698975
0.388296,1.0,-2425.891602
0.388296,1.0,-2427.596436
0.388296,1.0,-2425.004395
0.389747,1.0,-2427.416504
0.389747,1.0,-2427.883789
0.389747,1.0,-2422.378662
0.389747,1.0,-2420.95166
0.388166,1.0,-2426.953613
0.386422,1.0,-2419.620605
0.386422,1.0,-2425.630127
0.386422,1.0,-2427.011719
0.388305,1.0,-2427.378662
0.388305,1.0,-2427.100586
0.388305,1.0,-2426.97998
0.38793,1.0,-2427.579834
0.388037,1.0,-2425.615723
0.387736,1.0,-2423.648926
0.387508,1.0,-2426.97168
0.386721,1.0,-2421.860107
0.387205,1.0,-2428.328857
0.387205,1.0,-2427.555664
0.385787,1.0,-2426.884277
0.386017,1.0,-2426.024414
0.386017,1.0,-2426.334473
0.386017,1.0,-2422.593262
0.387055,1.0,-2427.397949
0.387055,1.0,-2424.089844
0.387055,1.0,-2428.946777
0.387272,1.0,-2427.324463
0.387317,1.0,-2419.476807
0.38774,1.0,-2424.041016
0.388993,1.0,-2432.909668
0.390105,1.0,-2421.741699
0.389247,1.0,-2428.405762
0.389247,1.0,-2422.833496
0.390523,1.0,-2426.40625
0.388403,1.0,-2422.497559
0.387287,1.0,-2426.30542
0.387287,1.0,-2427.310791
0.387287,1.0,-2427.995361
0.387863,1.0,-2429.008301
0.388917,1.0,-2424.516357
0.388917,1.0,-2426.533447
0.388917,1.0,-2425.240479
0.388917,1.0,-2424.281738
0.38813,1.0,-2423.487305
0.387621,1.0,-2421.960449
0.38523,1.0,-2428.28833
0.38523,1.0,-2428.046875
0.38523,1.0,-2427.019531
0.38473,1.0,-2423.834229
0.382601,1.0,-2428.138184
0.382717,1.0,-2423.012695
0.382717,1.0,-2425.966309
0.380299,1.0,-2425.924805
0.380875,1.0,-2426.373047
0.380875,1.0,-2426.311523
0.38081,1.0,-2423.205566
0.38081,1.0,-2427.018066
0.381732,1.0,-2428.434814
0.382565,1.0,-2425.378906
0.381761,1.0,-2427.424316
0.381761,1.0,-2426.108643
0.381602,1.0,-2428.590088
0.381602,1.0,-2425.599121
0.381602,1.0,-2430.555176
0.383507,1.0,-2419.684082
0.384879,1.0,-2424.137695
0.384879,1.0,-2425.292236
0.383798,1.0,-2428.657715
0.384192,1.0,-2427.963379
0.385329,1.0,-2426.848145
0.385329,1.0,-2424.495117
0.385564,1.0,-2427.763672
0.385564,1.0,-2424.969482
0.385564,1.0,-2427.324219
0.383877,1.0,-2426.068848
0.383631,1.0,-2423.45752
0.382687,1.0,-2422.723389
0.382687,1.0,-2422.890625
0.382687,1.0,-2428.634033
0.382687,1.0,-2425.05127
0.382687,1.0,-2422.550537
0.382516,1.0,-2426.279785
0.384247,1.0,-2424.559082
0.384247,1.0,-2423.922363
0.384247,1.0,-2426.951904
0.384859,1.0,-2428.240723
0.384859,1.0,-2421.345947
0.383772,1.0,-2423.519531
0.383772,1.0,-2423.901123
0.38413,1.0,-2424.693848
0.38413,1.0,-2430.239746
0.38336,1.0,-2423.699219
0.382079,1.0,-2425.319092
0.382079,1.0,-2424.907471
0.379726,1.0,-2420.267578
0.379726,1.0,-2425.208984
0.379869,1.0,-2428.623779
0.379869,1.0,-2425.203125
0.379869,1.0,-2419.561768
0.381218,1.0,-2429.223145
0.380212,1.0,-2424.435059
0.380755,1.0,-2430.754395
0.380228,1.0,-2425.521484
0.379307,1.0,-2426.700439
0.379307,1.0,-2426.992676
0.379648,1.0,-2425.693115
0.377705,1.0,-2424.513916
0.377705,1.0,-2427.360107
0.379033,1.0,-2427.375488
0.378007,1.0,-2424.605225
0.378007,1.0,-2426.645996
0.378007,1.0,-2422.930176
0.378007,1.0,-2429.101807
0.37952,1.0,-2427.5
0.37952,1.0,-2426.916016
0.37952,1.0,-2429.189453
0.379085,1.0,-2428.90332
0.379002,1.0,-2423.910156
0.379002,1.0,-2425.697266
0.380945,1.0,-2424.837891
0.380335,1.0,-2419.282227
0.38002,1.0,-2422.350342
0.38002,1.0,-2422.274902
0.379756,1.0,-2426.956055
0.380121,1.0,-2428.055664
0.379673,1.0,-2424.21582
0.380592,1.0,-2420.351074
0.3817,1.0,-2424.402344
0.3817,1.0,-2422.492676
0.3817,1.0,-2423.508545
0.381585,1.0,-2429.258301
0.380373,1.0,-2424.970215
0.380373,1.0,-2426.526367
0.380373,1.0,-2427.340088
0.380373,1.0,-2428.137451
0.379865,1.0,-2430.591553
0.379865,1.0,-2424.931641
0.379865,1.0,-2422.588867
0.379644,1.0,-2430.624268
0.379644,1.0,-2422.820068
0.377955,1.0,-2425.504883
0.378884,1.0,-2428.977051
0.379303,1.0,-2422.808105
0.380527,1.0,-2424.207031
0.378475,1.0,-2423.033691
0.377918,1.0,-2419.733398
0.378849,1.0,-2424.777832
0.378849,1.0,-2421.768066
0.378849,1.0,-2430.488281
0.378849,1.0,-2423.770752
0.378728,1.0,-2425.625
0.377838,1.0,-2425.390381
0.378708,1.0,-2424.341797
0.378946,1.0,-2427.247559
0.378794,1.0,-2429.719238
0.378794,1.0,-2425.667969
0.378794,1.0,-2425.727295
0.378846,1.0,-2419.838867
0.378846,1.0,-2430.920166
0.380493,1.0,-2422.628418
0.380493,1.0,-2425.459473
0.380413,1.0,-2422.54834
0.380413,1.0,-2427.446533
0.381538,1.0,-2422.170166
0.382562,1.0,-2422.790283
0.382562,1.0,-2425.485352
0.382562,1.0,-2426.32959
0.382958,1.0,-2424.926514
0.382958,1.0,-2424.179688
0.382985,1.0,-2426.104004
0.381491,1.0,-2425.70166
0.381491,1.0,-2423.725342
0.381491,1.0,-2429.341309
0.383053,1.0,-2421.970459
0.38156,1.0,-2427.837402
0.379206,1.0,-2427.415283
0.379206,1.0,-2426.430664
0.379206,1.0,-2423.056152
0.380973,1.0,-2423.756348
0.381539,1.0,-2429.747559
0.381539,1.0,-2428.30127
0.381539,1.0,-2424.92041
0.381539,1.0,-2422.056641
0.381518,1.0,-2425.479492
0.380184,1.0,-2428.875732
0.379134,1.0,-2427.503906
0.379329,1.0,-2426.486816
0.379329,1.0,-2427.977295
0.379329,1.0,-2425.163086
0.378959,1.0,-2425.331299
0.378959,1.0,-2426.503662
0.379065,1.0,-2421.804688
0.378491,1.0,-2427.54834
0.378491,1.0,-2428.051758
0.378596,1.0,-2427.116699
0.378596,1.0,-2418.819092
0.37835,1.0,-2429.665771
0.37956,1.0,-2419.441895
0.380249,1.0,-2431.569092
0.379565,1.0,-2429.596191
0.379565,1.0,-2421.655518
0.379984,1.0,-2431.938721
0.381616,1.0,-2426.674072
0.381318,1.0,-2427.623047
0.382699,1.0,-2425.930908
0.382177,1.0,-2432.165527
0.382177,1.0,-2425.427734
0.382177,1.0,-2423.818359
0.380621,1.0,-2422.58252
0.380181,1.0,-2426.733887
0.37958,1.0,-2424.365234
0.380388,1.0,-2428.177979
0.380988,1.0,-2428.938477
0.380969,1.0,-2424.555664
0.380969,1.0,-2422.310547
0.380995,1.0,-2426.255127
0.380995,1.0,-2422.271973
0.382397,1.0,-2423.908691
0.381883,1.0,-2422.85791
0.381883,1.0,-2426.046875
0.381883,1.0,-2423.906738
0.381244,1.0,-2424.85498
0.381878,1.0,-2428.756348
0.381878,1.0,-2426.175049
0.38157,1.0,-2421.760986
0.382562,1.0,-2430.016602
0.382562,1.0,-2424.168457
0.382562,1.0,-2423.604248
0.38325,1.0,-2425.183838
0.383612,1.0,-2428.495117
0.383612,1.0,-2424.548096
0.382911,1.0,-2422.794922
0.382911,1.0,-2421.401123
0.382911,1.0,-2429.518066
0.383894,1.0,-2427.827637
0.383196,1.0,-2430.256348
0.383196,1.0,-2426.907715
0.382648,1.0,-2424.462402
0.382648,1.0,-2430.293945
0.382648,1.0,-2426.333984
0.382178,1.0,-2431.993652
0.381606,1.0,-2423.186523
0.380961,1.0,-2420.058594
0.379987,1.0,-2428.42041
0.379987,1.0,-2428.091797
0.38004,1.0,-2426.482422
0.379184,1.0,-2426.865723
0.379184,1.0,-2427.686035
0.377194,1.0,-2424.415039
0.377194,1.0,-2425.053955
0.377194,1.0,-2426.729004
0.377466,1.0,-2424.665039
0.377466,1.0,-2422.590332
0.377466,1.0,-2425.660889
0.377466,1.0,-2428.227539
0.377466,1.0,-2430.233398
0.377198,1.0,-2429.501953
0.376047,1.0,-2422.818848
0.375237,1.0,-2425.047363
0.374202,1.0,-2426.899902
0.374202,1.0,-2424.53418
0.374202,1.0,-2425.678223
0.372681,1.0,-2433.115723
0.37434,1.0,-2431.09082
0.37434,1.0,-2428.074219
0.37434,1.0,-2424.955566
0.373827,1.0,-2425.046143
0.374793,1.0,-2428.300049
0.37603,1.0,-2434.936523
0.37603,1.0,-2422.583496
0.374163,1.0,-2428.077148
0.374163,1.0,-2429.635498
0.373426,1.0,-2418.02002
0.371807,1.0,-2422.888672
0.371807,1.0,-2426.37793
0.371807,1.0,-2428.69165
0.370661,1.0,-2429.148682
0.370867,1.0,-2429.35791
0.370867,1.0,-2429.039062
0.371158,1.0,-2432.37793
0.371158,1.0,-2426.221191
0.371158,1.0,-2423.270996
0.371158,1.0,-2424.878418
0.371158,1.0,-2428.949219
0.371801,1.0,-2428.278076
0.373014,1.0,-2428.52832
0.373014,1.0,-2427.462891
0.373014,1.0,-2428.64209
0.37214,1.0,-2426.657471
0.372401,1.0,-2426.618164
0.372058,1.0,-2428.256592
0.372058,1.0,-2422.531738
0.37204,1.0,-2433.893066
0.372242,1.0,-2430.052734
0.372242,1.0,-2427.881348
0.372242,1.0,-2426.899414
0.372242,1.0,-2427.631348
0.372242,1.0,-2428.765137
0.370704,1.0,-2432.5354
0.370704,1.0,-2427.321045
0.370704,1.0,-2424.712402
0.369607,1.0,-2429.713379
0.369607,1.0,-2423.898682
0.371226,1.0,-2430.840088
0.369263,1.0,-2425.755371
0.369263,1.0,-2426.165039
0.370691,1.0,-2431.314209
0.373112,1.0,-2426.83252
0.373486,1.0,-2430.844727
0.374744,1.0,-2425.612549
0.375726,1.0,-2429.054199
0.375726,1.0,-2431.633789
0.375726,1.0,-2426.185547
0.374697,1.0,-2430.875488
0.375266,1.0,-2422.601562
0.375266,1.0,-2429.604492
0.376041,1.0,-2421.672852
0.375632,1.0,-2423.420166
0.374455,1.0,-2424.618652
0.375638,1.0,-2429.036133
0.374322,1.0,-2429.036621
0.374322,1.0,-2425.660889
0.375202,1.0,-2427.225098
0.371679,1.0,-2434.765625
0.371382,1.0,-2432.347656
0.370837,1.0,-2430.189209
0.371264,1.0,-2430.066895
0.371264,1.0,-2428.520752
0.372982,1.0,-2427.689453
0.372198,1.0,-2426.535156
0.371198,1.0,-2429.929199
0.373705,1.0,-2426.348633
0.373705,1.0,-2427.145508
0.373402,1.0,-2425.267578
0.373402,1.0,-2428.456299
0.373911,1.0,-2426.272949
0.373911,1.0,-2427.138916
0.373911,1.0,-2430.072754
0.374215,1.0,-2431.13916
0.374215,1.0,-2432.102051
0.374405,1.0,-2426.54126
0.375566,1.0,-2431.626953
0.375566,1.0,-2422.875977
0.375566,1.0,-2427.536865
0.375566,1.0,-2426.307129
0.375312,1.0,-2426.434326
0.375312,1.0,-2424.212402
0.374239,1.0,-2421.424316
0.373438,1.0,-2424.388672
0.373438,1.0,-2425.383301
0.374534,1.0,-2424.183594
0.374534,1.0,-2429.380859
0.375069,1.0,-2425.449219
0.376438,1.0,-2425.986328
0.377767,1.0,-2420.857422
0.377767,1.0,-2424.304688
0.377109,1.0,-2426.782715
0.377109,1.0,-2424.961914
0.377109,1.0,-2428.093262
0.375419,1.0,-2424.97876
0.374877,1.0,-2425.835938
0.374531,1.0,-2428.474609
0.374531,1.0,-2423.187744
0.374531,1.0,-2426.359619
0.374531,1.0,-2424.052246
0.376727,1.0,-2428.234619
0.375879,1.0,-2423.531738
0.376954,1.0,-2425.875
0.376954,1.0,-2424.420654
0.376954,1.0,-2425.102051
0.377064,1.0,-2428.325684
0.377064,1.0,-2424.283936
0.377064,1.0,-2421.648926
0.377181,1.0,-2426.514648
0.376374,1.0,-2426.918457
0.375939,1.0,-2427.43457
0.376282,1.0,-2426.524414
0.374686,1.0,-2430.311768
0.374686,1.0,-2429.909424
0.373463,1.0,-2424.213379
0.373463,1.0,-2422.64917
0.373463,1.0,-2425.157715
0.373463,1.0,-2428.194336
0.372406,1.0,-2426.818115
0.372406,1.0,-2430.74585
0.372406,1.0,-2426.936035
0.372406,1.0,-2425.829834
0.374639,1.0,-2431.669189
0.374777,1.0,-2425.009277
0.374777,1.0,-2427.628418
0.373476,1.0,-2430.636719
0.37489,1.0,-2426.170166
0.37489,1.0,-2421.185303
0.37489,1.0,-2421.806641
0.373661,1.0,-2426.476562
0.373365,1.0,-2429.439453
0.373594,1.0,-2429.065918
0.373594,1.0,-2423.870117
0.373594,1.0,-2422.599121
0.373594,1.0,-2430.746338
0.373594,1.0,-2424.031738
0.373613,1.0,-2423.420898
0.37354,1.0,-2433.352051
0.373804,1.0,-2426.091797
0.373601,1.0,-2428.685547
0.373184,1.0,-2429.298584
0.373184,1.0,-2422.707275
0.373184,1.0,-2425.337891
0.373184,1.0,-2427.047119
0.37346,1.0,-2426.134277
0.37346,1.0,-2421.778809
0.372114,1.0,-2426.498047
0.372114,1.0,-2423.542725
0.373563,1.0,-2426.109863
0.371828,1.0,-2428.216309
0.371521,1.0,-2427.029053
0.371521,1.0,-2431.019043
0.371521,1.0,-2424.17627
0.371458,1.0,-2428.516846
0.372373,1.0,-2425.205566
0.372373,1.0,-2424.813477
0.37173,1.0,-2425.588867
0.37173,1.0,-2421.50293
0.372142,1.0,-2427.153809
0.372142,1.0,-2420.101318
0.371596,1.0,-2421.657959
0.370176,1.0,-2426.400146
0.370176,1.0,-2430.075684
0.370176,1.0,-2426.366699
0.369813,1.0,-2428.826172
0.370228,1.0,-2427.28833
0.368854,1.0,-2425.38916
0.368854,1.0,-2428.917969
0.367876,1.0,-2430.762939
0.366764,1.0,-2434.286621
0.36527,1.0,-2431.95459
0.364834,1.0,-2438.309082
0.36488,1.0,-2430.15332
0.36488,1.0,-2431.583496
0.36488,1.0,-2437.320068
0.365448,1.0,-2430.446045
0.366637,1.0,-2428.589355
0.364433,1.0,-2436.184082
0.365283,1.0,-2429.913086
0.365283,1.0,-2429.450195
0.365283,1.0,-2429.21582
0.366518,1.0,-2426.255859
0.366518,1.0,-2428.049805
0.366134,1.0,-2427.109375
0.364722,1.0,-2433.063965
0.364364,1.0,-2439.25
0.364364,1.0,-2430.394531
0.36443,1.0,-2431.894043
0.363316,1.0,-2430.852051
0.363316,1.0,-2435.699219
0.363316,1.0,-2430.190918
0.363316,1.0,-2425.616211
0.3636,1.0,-2433.264893
0.364726,1.0,-2428.174316
0.364287,1.0,-2430.097168
0.364287,1.0,-2436.263672
0.364699,1.0,-2429.344727
0.364669,1.0,-2434.448242
0.366556,1.0,-2434.01709
0.366258,1.0,-2425.143555
0.366258,1.0,-2429.884766
0.366874,1.0,-2441.04248
0.36492,1.0,-2434.01416
0.364964,1.0,-2427.404541
0.364192,1.0,-2432.975098
0.364192,1.0,-2429.811035
0.362823,1.0,-2434.91748
0.362823,1.0,-2433.351562
0.362823,1.0,-2433.611816
0.362823,1.0,-2450.851807
0.362823,1.0,-2432.127441
0.364447,1.0,-2427.398193
0.364447,1.0,-2431.375244
0.366289,1.0,-2427.431641
0.364922,1.0,-2433.546875
0.366607,1.0,-2433.385254
0.366607,1.0,-2432.558594
0.366607,1.0,-2432.935303
0.366607,1.0,-2424.694336
0.366383,1.0,-2430.484375
0.366383,1.0,-2430.187012
0.366383,1.0,-2424.474854
0.366322,1.0,-2426.983398
0.366322,1.0,-2430.708984
0.366322,1.0,-2432.684082
0.366322,1.0,-2428.701172
0.367518,1.0,-2429.587402
0.367518,1.0,-2425.966797
0.368024,1.0,-2428.012695
0.368024,1.0,-2434.038574
0.368024,1.0,-2429.153809
0.369426,1.0,-2426.953613
0.369426,1.0,-2429.812988
0.369426,1.0,-2430.437988
0.370201,1.0,-2428.286377
0.368914,1.0,-2428.31958
0.368914,1.0,-2428.177734
0.368914,1.0,-2423.68457
0.368223,1.0,-2420.890625
0.368814,1.0,-2428.005371
0.366837,1.0,-2424.333008
0.366837,1.0,-2424.410156
0.36756,1.0,-2431.037598
0.36756,1.0,-2427.26416
0.36756,1.0,-2430.004883
0.366369,1.0,-2425.399414
0.36645,1.0,-2423.45874
0.36645,1.0,-2428.445801
0.364957,1.0,-2429.242188
0.365675,1.0,-2432.298096
0.365675,1.0,-2425.428711
0.365675,1.0,-2426.067383
0.365345,1.0,-2426.273682
0.365331,1.0,-2427.21582
0.364783,1.0,-2429.40332
0.364783,1.0,-2430.091797
0.366521,1.0,-2425.419678
0.366521,1.0,-2426.006592
0.366521,1.0,-2429.651611
0.365534,1.0,-2429.48999
0.36623,1.0,-2432.645508
0.366274,1.0,-2432.431152
0.366274,1.0,-2432.679688
0.365605,1.0,-2429.761963
0.365605,1.0,-2429.881836
0.365605,1.0,-2430.071777
0.36566,1.0,-2430.027832
0.364824,1.0,-2427.131836
0.364824,1.0,-2430.839355
0.364824,1.0,-2438.2771
0.364624,1.0,-2428.780518
0.364624,1.0,-2431.786865
0.364622,1.0,-2427.562988
0.366251,1.0,-2433.875244
0.367279,1.0,-2427.370361
0.367431,1.0,-2431.387207
0.368091,1.0,-2426.13208
0.368775,1.0,-2426.026611
0.368775,1.0,-2427.021484
0.36867,1.0,-2427.88501
0.369127,1.0,-2428.544434
0.369127,1.0,-2430.774902
0.369127,1.0,-2429.071289
0.369127,1.0,-2429.004639
0.369274,1.0,-2430.722168
0.369274,1.0,-2429.693359
0.368643,1.0,-2430.569336
0.369491,1.0,-2421.916504
0.369915,1.0,-2425.263672
0.370917,1.0,-2431.906006
0.3703,1.0,-2434.22998
0.37026,1.0,-2423.458984
0.37052,1.0,-2424.467285
0.370952,1.0,-2421.51123
0.370952,1.0,-2423.800781
0.370908,1.0,-2428.161865
0.372372,1.0,-2424.604004
0.372372,1.0,-2426.520508
0.372372,1.0,-2424.713379
0.372372,1.0,-2428.327148
0.371897,1.0,-2430.040283
0.372152,1.0,-2422.510498
0.372152,1.0,-2428.472656
0.371665,1.0,-2424.72998
0.371442,1.0,-2425.697998
0.371414,1.0,-2427.171875
0.371686,1.0,-2433.626953
0.373228,1.0,-2430.30127
0.373228,1.0,-2422.338867
0.373228,1.0,-2425.415039
0.370965,1.0,-2425.695312
0.370695,1.0,-2426.219727
0.370654,1.0,-2425.074219
0.370951,1.0,-2424.723145
0.37167,1.0,-2427.593262
0.372975,1.0,-2422.925049
0.373189,1.0,-2426.695801
0.373189,1.0,-2428.859619
0.371009,1.0,-2424.063965
0.371069,1.0,-2430.313477
0.371123,1.0,-2425.520508
0.371123,1.0,-2427.963379
0.37343,1.0,-2427.015381
0.374054,1.0,-2428.105957
0.373497,1.0,-2425.226074
0.375314,1.0,-2426.119141
0.375241,1.0,-2426.849365
0.375241,1.0,-2426.416016
0.376024,1.0,-2424.381592
0.376703,1.0,-2430.052246
0.376154,1.0,-2424.387695
0.374546,1.0,-2429.69043
0.374546,1.0,-2431.709473
0.376016,1.0,-2425.237793
0.376306,1.0,-2424.728516
0.376306,1.0,-2428.599365
0.375584,1.0,-2427.238525
0.376345,1.0,-2422.687012
0.376345,1.0,-2421.195312
0.377329,1.0,-2424.812012
0.377329,1.0,-2424.970215
0.377329,1.0,-2424.080566
0.377132,1.0,-2427.685547
0.377565,1.0,-2426.900879
0.378042,1.0,-2425.590332
0.378042,1.0,-2422.672607
0.378042,1.0,-2426.113281
0.379429,1.0,-2422.911377
0.378328,1.0,-2422.847656
0.378328,1.0,-2423.53125
0.378299,1.0,-2426.174561
0.378975,1.0,-2429.174805
0.378975,1.0,-2426.44043
0.379912,1.0,-2429.609863
0.379848,1.0,-2422.115234
0.379848,1.0,-2426.192383
0.381596,1.0,-2421.512451
0.383093,1.0,-2420.956299
0.384422,1.0,-2423.269287
0.384422,1.0,-2422.385742
0.383245,1.0,-2422.914551
0.383245,1.0,-2421.439697
0.383245,1.0,-2426.33252
0.383245,1.0,-2427.334961
0.383209,1.0,-2425.23877
0.383489,1.0,-2428.921387
0.38188,1.0,-2429.394775
0.380568,1.0,-2424.763672
0.380568,1.0,-2426.973633
0.380568,1.0,-2423.265381
0.380568,1.0,-2422.864258
0.380111,1.0,-2427.620117
0.380111,1.0,-2423.915283
0.379695,1.0,-2428.78418
0.377923,1.0,-2428.430664
0.379102,1.0,-2426.083252
0.379058,1.0,-2427.962402
0.380403,1.0,-2428.074219
0.37938,1.0,-2425.953613
0.379442,1.0,-2425.026855
0.379303,1.0,-2423.865479
0.379978,1.0,-2425.070312
0.379978,1.0,-2423.756348
0.379978,1.0,-2422.058594
0.379978,1.0,-2428.060303
0.378633,1.0,-2427.652344
0.378493,1.0,-2423.321289
0.379583,1.0,-2423.489014
0.379513,1.0,-2422.967285
0.37981,1.0,-2425.231201
0.37981,1.0,-2423.500977
0.37981,1.0,-2427.839355
0.37981,1.0,-2426.681152
0.38007,1.0,-2421.939941
0.381507,1.0,-2425.173096
0.380875,1.0,-2422.819336
0.38057,1.0,-2429.437744
0.380164,1.0,-2425.225098
0.381159,1.0,-2427.382324
0.381471,1.0,-2425.430176
0.381471,1.0,-2429.70874
0.380808,1.0,-2418.314941
0.379631,1.0,-2428.206055
0.380989,1.0,-2421.771729
0.381742,1.0,-2421.783203
0.38085,1.0,-2424.456543
0.380981,1.0,-2424.852783
0.380981,1.0,-2421.213135
0.379595,1.0,-2424.132812
0.378899,1.0,-2427.308105
0.379357,1.0,-2420.480713
0.379357,1.0,-2427.971191
0.379357,1.0,-2426.993652
0.379198,1.0,-2423.985352
0.37934,1.0,-2426.921875
0.380006,1.0,-2422.661133
0.380006,1.0,-2421.513428
0.380006,1.0,-2428.103027
0.37889,1.0,-2423.962891
0.37889,1.0,-2425.386475
0.378592,1.0,-2428.798828
0.377768,1.0,-2425.773438
0.377768,1.0,-2423.422119
0.377768,1.0,-2424.954102
0.379566,1.0,-2426.087402
0.379603,1.0,-2423.896973
0.379603,1.0,-2422.29541
0.378365,1.0,-2425.480225
0.378878,1.0,-2428.402344
0.377916,1.0,-2428.14502
0.378089,1.0,-2423.911621
0.379693,1.0,-2429.586426
0.379863,1.0,-2427.240967
0.379863,1.0,-2422.159912
0.379863,1.0,-2425.818848
0.379863,1.0,-2425.99585
0.379863,1.0,-2428.640137
0.379863,1.0,-2427.990234
0.379994,1.0,-2422.630127
0.379994,1.0,-2429.342285
0.37841,1.0,-2425.055664
0.379114,1.0,-2423.505127
0.379114,1.0,-2426.581543
0.379581,1.0,-2422.520996
0.379476,1.0,-2423.348633
0.377658,1.0,-2428.51123
0.377658,1.0,-2426.422852
0.377658,1.0,-2428.457764
0.379638,1.0,-2425.044189
0.379638,1.0,-2430.982666
0.379218,1.0,-2421.202637
0.378941,1.0,-2431.933105
0.378941,1.0,-2426.210449
0.379694,1.0,-2428.183105
0.379694,1.0,-2430.981689
0.379075,1.0,-2425.648926
0.379075,1.0,-2424.325684
0.379729,1.0,-2429.0271
0.379016,1.0,-2423.954834
0.37742,1.0,-2424.522705
0.378251,1.0,-2422.912109
0.378251,1.0,-2420.932617
0.378251,1.0,-2426.71875
0.378251,1.0,-2428.271973
0.378251,1.0,-2425.933594
0.378251,1.0,-2433.507324
0.377742,1.0,-2428.378906
0.376436,1.0,-2421.066895
0.376447,1.0,-2420.166016
0.376447,1.0,-2427.760742
0.376447,1.0,-2426.177734
0.376447,1.0,-2426.631592
0.378071,1.0,-2423.961914
0.380015,1.0,-2424.59375
0.380015,1.0,-2424.527832
0.380338,1.0,-2428.383789
0.380338,1.0,-2422.333984
0.381581,1.0,-2422.743652
0.382071,1.0,-2421.782715
0.383856,1.0,-2428.205078
0.383442,1.0,-2425.660645
0.383442,1.0,-2431.259277
0.384218,1.0,-2423.875488
0.384218,1.0,-2426.476318
0.384218,1.0,-2428.341797
0.385551,1.0,-2426.005859
0.385752,1.0,-2425.842529
0.385752,1.0,-2428.632324
0.385965,1.0,-2424.911621
0.384995,1.0,-2421.099854
0.385468,1.0,-2424.626709
0.385468,1.0,-2426.184326
0.385468,1.0,-2425.589844
0.385468,1.0,-2424.950195
0.384616,1.0,-2428.850586
0.385638,1.0,-2432.12207
0.385638,1.0,-2424.117188
0.385638,1.0,-2421.42627
0.386591,1.0,-2424.666016
0.386591,1.0,-2421.762451
0.386591,1.0,-2425.394531
0.386026,1.0,-2427.620361
0.385006,1.0,-2430.262695
0.385006,1.0,-2425.047363
0.386193,1.0,-2431.877197
0.386193,1.0,-2418.994141
0.386193,1.0,-2429.612305
0.387455,1.0,-2430.48877
0.386845,1.0,-2427.567871
0.386845,1.0,-2425.78418
0.386845,1.0,-2426.588867
0.386845,1.0,-2429.68457
0.385708,1.0,-2428.932129
0.385263,1.0,-2423.033447
0.385263,1.0,-2424.476074
0.385263,1.0,-2420.536865
0.384791,1.0,-2424.322754
0.384791,1.0,-2428.137207
0.384791,1.0,-2430.361328
0.384791,1.0,-2420.044189
0.386203,1.0,-2424.662354
0.385632,1.0,-2424.527344
0.385632,1.0,-2421.543457
0.385483,1.0,-2424.603027
0.38533,1.0,-2427.225586
0.385377,1.0,-2419.980225
0.385377,1.0,-2423.017578
0.38566,1.0,-2423.684814
0.385604,1.0,-2422.851562
0.385604,1.0,-2426.98877
0.385049,1.0,-2418.792725
0.385414,1.0,-2423.305664
0.385414,1.0,-2425.329346
0.384603,1.0,-2427.198242
0.384603,1.0,-2419.757812
0.384962,1.0,-2422.455078
0.386271,1.0,-2425.355957
0.385945,1.0,-2427.656982
0.386027,1.0,-2429.103027
0.387365,1.0,-2422.632568
0.388974,1.0,-2424.802734
0.390124,1.0,-2425.550293
0.390124,1.0,-2423.989746
0.390124,1.0,-2426.087891
0.390094,1.0,-2427.312012
0.390094,1.0,-2425.409424
0.390173,1.0,-2421.834961
0.389832,1.0,-2425.383301
0.389243,1.0,-2428.333008
0.389243,1.0,-2426.82959
0.38837,1.0,-2426.010254
0.387513,1.0,-2427.384033
0.387513,1.0,-2431.531738
0.387242,1.0,-2431.756592
0.387324,1.0,-2426.38916
0.386301,1.0,-2418.911621
0.385577,1.0,-2428.806396
0.385577,1.0,-2434.611572
0.385577,1.0,-2423.300537
0.385577,1.0,-2428.103516
0.385577,1.0,-2423.849854
0.385481,1.0,-2423.869873
0.386556,1.0,-2423.450684
0.386556,1.0,-2427.87085
0.386123,1.0,-2424.994141
0.386123,1.0,-2426.963623
0.386123,1.0,-2421.260254
0.386123,1.0,-2424.5354
0.385736,1.0,-2429.875977
0.385736,1.0,-2421.67627
0.384743,1.0,-2426.967529
0.386345,1.0,-2425.070068
0.384632,1.0,-2422.702881
0.382187,1.0,-2422.852051
0.382187,1.0,-2424.75293
0.381932,1.0,-2423.348633
0.381713,1.0,-2422.993652
0.381713,1.0,-2429.033203
0.380844,1.0,-2426.183594
0.380631,1.0,-2426.105225
0.380631,1.0,-2426.647461
0.380276,1.0,-2420.55957
0.382523,1.0,-2426.850098
0.382523,1.0,-2426.205322
0.382523,1.0,-2422.73999
0.381047,1.0,-2431.923584
0.381076,1.0,-2427.884521
0.381076,1.0,-2424.722168
0.381076,1.0,-2426.456299
0.382787,1.0,-2428.594238
0.382271,1.0,-2430.130371
0.381564,1.0,-2425.748047
0.380606,1.0,-2427.781738
0.380027,1.0,-2424.985596
0.380565,1.0,-2426.95166
0.380565,1.0,-2430.586426
0.381729,1.0,-2427.484863
0.381826,1.0,-2422.79248
0.381826,1.0,-2426.623047
0.381787,1.0,-2425.368896
0.380317,1.0,-2425.500244
0.380317,1.0,-2422.59668
0.381624,1.0,-2427.662598
0.381624,1.0,-2423.296143
0.382946,1.0,-2427.355957
0.382833,1.0,-2424.885986
0.382833,1.0,-2422.209961
0.382416,1.0,-2423.838135
0.382416,1.0,-2422.587891
0.382416,1.0,-2425.476807
0.382416,1.0,-2426.58667
0.382967,1.0,-2428.966064
0.382042,1.0,-2426.184082
0.382066,1.0,-2431.441895
0.382066,1.0,-2428.833496
0.382835,1.0,-2427.431885
0.382835,1.0,-2422.955078
0.383077,1.0,-2426.021484
0.383227,1.0,-2427.452148
0.385896,1.0,-2427.082764
0.385111,1.0,-2431.532715
0.384326,1.0,-2423.377441
0.384326,1.0,-2425.532227
0.384326,1.0,-2423.998291
0.384421,1.0,-2422.753418
0.383395,1.0,-2427.787354
0.384609,1.0,-2426.030273
0.384576,1.0,-2426.321289
0.384576,1.0,-2422.664062
0.385301,1.0,-2430.628906
0.385309,1.0,-2425.526855
0.38505,1.0,-2426.983398
0.38505,1.0,-2425.862305
0.386143,1.0,-2424.868652
0.386143,1.0,-2429.454346
0.385468,1.0,-2426.313477
0.385468,1.0,-2424.149902
0.385666,1.0,-2426.842285
0.385666,1.0,-2426.761719
0.385666,1.0,-2418.462891
0.385666,1.0,-2424.712646
0.384952,1.0,-2423.915039
0.384687,1.0,-2428.847412
0.386516,1.0,-2426.315186
0.386516,1.0,-2428.199951
0.38845,1.0,-2418.712891
0.38845,1.0,-2423.343018
0.38776,1.0,-2425.762207
0.386667,1.0,-2428.569824
0.38659,1.0,-2424.956543
0.38659,1.0,-2420.494141
0.386766,1.0,-2422.965576
0.386734,1.0,-2427.90625
0.384746,1.0,-2423.084473
0.385477,1.0,-2431.963135
0.385477,1.0,-2424.066406
0.385477,1.0,-2418.19043
0.385477,1.0,-2422.988281
0.386836,1.0,-2423.573486
0.387571,1.0,-2423.306885
0.386839,1.0,-2421.138428
0.38702,1.0,-2429.25415
0.38726,1.0,-2428.272949
0.38726,1.0,-2422.219727
0.388081,1.0,-2427.93457
0.388081,1.0,-2427.480713
0.386289,1.0,-2427.330566
0.386289,1.0,-2423.24707
0.386289,1.0,-2423.467285
0.387006,1.0,-2424.103271
0.386653,1.0,-2430.956543
0.386653,1.0,-2427.126709
0.386653,1.0,-2430.667725
0.384236,1.0,-2424.002441
0.382489,1.0,-2427.901611
0.382489,1.0,-2429.535645
0.382489,1.0,-2425.823975
0.382489,1.0,-2421.25708
0.382489,1.0,-2425.868408
0.382464,1.0,-2421.262695
0.382286,1.0,-2425.837891
0.382286,1.0,-2426.973145
0.383608,1.0,-2427.262207
0.384736,1.0,-2428.847412
0.385551,1.0,-2422.298828
0.384626,1.0,-2428.065674
0.384626,1.0,-2424.130127
0.385455,1.0,-2424.331299
0.385455,1.0,-2427.362305
0.385455,1.0,-2422.097412
0.385679,1.0,-2425.963379
0.383358,1.0,-2425.725586
0.384229,1.0,-2428.038818
0.384229,1.0,-2418.956543
0.384445,1.0,-2431.442871
0.383813,1.0,-2427.992676
0.3836,1.0,-2415.935547
0.383431,1.0,-2424.980469
0.383431,1.0,-2426.655273
0.382554,1.0,-2425.313477
0.382676,1.0,-2427.416748
0.382682,1.0,-2424.947998
0.382682,1.0,-2427.359375
0.383229,1.0,-2424.692383
0.383365,1.0,-2428.310547
0.383361,1.0,-2422.350098
0.383361,1.0,-2427.12207
0.38213,1.0,-2423.980469
0.38213,1.0,-2428.65918
0.38213,1.0,-2427.533691
0.383707,1.0,-2426.329102
0.384397,1.0,-2426.665283
0.384397,1.0,-2426.081787
0.384024,1.0,-2424.263428
0.384024,1.0,-2433.581055
0.384506,1.0,-2425.271484
0.384586,1.0,-2429.688477
0.384586,1.0,-2420.270508
0.382923,1.0,-2425.401367
0.382277,1.0,-2424.521729
0.381295,1.0,-2428.319336
0.381295,1.0,-2427.685791
0.381295,1.0,-2425.022461
0.380734,1.0,-2426.56543
0.378752,1.0,-2426.228516
0.378752,1.0,-2421.39502
0.377859,1.0,-2422.348389
0.377859,1.0,-2426.458252
0.378114,1.0,-2423.369141
0.378114,1.0,-2424.47168
0.378114,1.0,-2427.029785
0.378114,1.0,-2423.062744
0.380132,1.0,-2426.252686
0.380307,1.0,-2428.758057
0.378755,1.0,-2428.689941
0.378755,1.0,-2421.223389
0.378168,1.0,-2427.052734
0.378168,1.0,-2425.679199
0.376736,1.0,-2427.889648
0.376976,1.0,-2429.613037
0.376976,1.0,-2427.067871
0.376657,1.0,-2427.783691
0.376781,1.0,-2421.377197
0.378606,1.0,-2426.186523
0.378606,1.0,-2424.8125
0.378606,1.0,-2426.700439
0.380017,1.0,-2429.592285
0.381233,1.0,-2430.141846
0.381544,1.0,-2425.658447
0.380861,1.0,-2426.706787
0.380861,1.0,-2426.463379
0.380861,1.0,-2425.651855
0.380861,1.0,-2426.261719
0.380861,1.0,-2427.963867
0.380861,1.0,-2422.600098
0.382085,1.0,-2424.259277
0.380966,1.0,-2427.751953
0.381107,1.0,-2426.353271
0.381933,1.0,-2422.562012
0.381621,1.0,-2423.595459
0.38026,1.0,-2428.441895
0.382167,1.0,-2427.004883
0.382167,1.0,-2424.281738
0.382167,1.0,-2424.664062
0.381875,1.0,-2423.644043
0.381875,1.0,-2425.480469
0.379709,1.0,-2428.182373
0.379438,1.0,-2427.657959
0.378702,1.0,-2426.244629
0.37648,1.0,-2428.333008
0.37648,1.0,-2423.142578
0.37648,1.0,-2425.109375
0.375953,1.0,-2426.227539
0.375698,1.0,-2428.004395
0.375142,1.0,-2428.400391
0.375142,1.0,-2424.176758
0.377138,1.0,-2427.943359
0.376946,1.0,-2428.128906
0.377027,1.0,-2422.391846
0.376356,1.0,-2425.370605
0.376356,1.0,-2423.184082
0.375792,1.0,-2424.069824
0.37583,1.0,-2430.844727
0.373871,1.0,-2426.539307
0.373871,1.0,-2431.053711
0.373871,1.0,-2427.895508
0.374277,1.0,-2422.93042
0.374378,1.0,-2427.146484
0.376193,1.0,-2428.817139
0.376193,1.0,-2428.703125
0.376193,1.0,-2425.336426
0.376193,1.0,-2430.579102
0.375033,1.0,-2425.32959
0.375033,1.0,-2425.674316
0.375033,1.0,-2423.343994
0.376123,1.0,-2428.065918
0.375989,1.0,-2427.712891
0.374766,1.0,-2420.241455
0.3749,1.0,-2425.975342
0.373863,1.0,-2427.803223
0.373863,1.0,-2425.444336
0.373863,1.0,-2430.396729
0.374158,1.0,-2424.037109
0.374136,1.0,-2426.842285
0.373709,1.0,-2421.248047
0.372972,1.0,-2431.013428
0.373972,1.0,-2422.347168
0.374311,1.0,-2428.413818
0.375352,1.0,-2429.232422
0.376333,1.0,-2424.439453
0.377429,1.0,-2424.178711
0.378002,1.0,-2424.755615
0.378002,1.0,-2424.90332
0.378974,1.0,-2425.719727
0.378974,1.0,-2429.588135
0.378928,1.0,-2423.286621
0.378928,1.0,-2425.157227
0.379956,1.0,-2425.478271
0.379956,1.0,-2423.745117
0.37873,1.0,-2422.671875
0.379731,1.0,-2422.980225
0.379767,1.0,-2425.837402
0.379206,1.0,-2424.887695
0.379206,1.0,-2424.408447
0.379424,1.0,-2427.588867
0.379424,1.0,-2425.148438
0.379658,1.0,-2431.09375
0.378764,1.0,-2422.800293
0.378764,1.0,-2425.065186
0.378764,1.0,-2424.479248
0.378764,1.0,-2425.955566
0.378764,1.0,-2424.210938
0.377912,1.0,-2423.322266
0.378003,1.0,-2425.89624
0.376646,1.0,-2427.585449
0.376646,1.0,-2421.367432
0.376646,1.0,-2426.211914
0.376455,1.0,-2425.390137
0.375899,1.0,-2432.930664
0.375757,1.0,-2427.273926
0.375804,1.0,-2423.744141
0.37495,1.0,-2427.080078
0.37495,1.0,-2428.563477
0.37469,1.0,-2426.622314
0.37469,1.0,-2423.89917
0.376829,1.0,-2425.624512
0.376829,1.0,-2423.617432
0.376829,1.0,-2426.119141
0.376109,1.0,-2420.689941
0.376109,1.0,-2427.794922
0.377635,1.0,-2427.907715
0.378915,1.0,-2422.563477
0.378719,1.0,-2423.56958
0.378719,1.0,-2426.322754
0.37796,1.0,-2429.606934
0.375737,1.0,-2427.229004
0.376155,1.0,-2427.523193
0.377663,1.0,-2427.272949
0.376749,1.0,-2433.688232
0.37653,1.0,-2425.315674
0.378843,1.0,-2425.594238
0.379365,1.0,-2426.932129
0.379365,1.0,-2422.439941
0.379967,1.0,-2424.336426
0.379522,1.0,-2428.515137
0.380002,1.0,-2429.623047
0.380002,1.0,-2432.900879
0.379907,1.0,-2424.28125
0.379907,1.0,-2428.614502
0.379907,1.0,-2426.271484
0.381117,1.0,-2422.513184
0.381117,1.0,-2424.89502
0.381117,1.0,-2423.693115
0.380321,1.0,-2423.54248
0.380321,1.0,-2423.427734
0.38099,1.0,-2424.671143
0.382039,1.0,-2422.82959
0.382039,1.0,-2427.063721
0.38302,1.0,-2426.737793
0.38328,1.0,-2425.552734
0.382249,1.0,-2427.928955
0.382249,1.0,-2426.571289
0.382249,1.0,-2422.770264
0.382834,1.0,-2427.39209
0.38184,1.0,-2427.81665
0.381732,1.0,-2426.462891
0.381907,1.0,-2431.436035
0.381907,1.0,-2426.864258
0.381907,1.0,-2426.906494
0.3829,1.0,-2425.077393
0.3829,1.0,-2420.345215
0.3829,1.0,-2423.406494
0.382151,1.0,-2426.979492
0.382151,1.0,-2431.201172
0.381527,1.0,-2428.466797
0.381527,1.0,-2424.892822
0.381527,1.0,-2426.099121
0.380502,1.0,-2430.99707
0.379824,1.0,-2425.947266
0.379824,1.0,-2426.424561
0.3809,1.0,-2427.118652
0.3809,1.0,-2425.449707
0.381577,1.0,-2423.766113
0.381482,1.0,-2430.713623
0.382608,1.0,-2427.218262
0.382608,1.0,-2425.253418
0.382608,1.0,-2425.48584
0.381336,1.0,-2429.794434
0.381336,1.0,-2423.477539
0.380347,1.0,-2426.416016
0.380347,1.0,-2422.918457
0.380904,1.0,-2430.120117
0.380904,1.0,-2425.753418
0.380904,1.0,-2423.4375
0.381755,1.0,-2427.424805
0.381755,1.0,-2424.131592
0.381755,1.0,-2422.876465
0.382584,1.0,-2426.631348
0.382381,1.0,-2428.108887
0.382381,1.0,-2428.01709
0.382533,1.0,-2424.077881
0.382533,1.0,-2420.005371
0.381895,1.0,-2421.293213
0.381895,1.0,-2422.142578
0.381895,1.0,-2428.029785
0.384394,1.0,-2423.561768
0.383791,1.0,-2427.410645
0.385572,1.0,-2421.549805
0.385572,1.0,-2425.158447
0.386722,1.0,-2425.120605
0.386722,1.0,-2425.777832
0.386722,1.0,-2431.203613
0.386722,1.0,-2424.980957
0.386722,1.0,-2426.242676
0.387951,1.0,-2422.246826
0.389219,1.0,-2423.117676
0.389219,1.0,-2427.025879
0.387645,1.0,-2423.167725
0.387645,1.0,-2424.340332
0.386761,1.0,-2423.765625
0.386761,1.0,-2426.834717
0.386761,1.0,-2425.806641
0.386761,1.0,-2422.448242
0.386761,1.0,-2420.419189
0.387406,1.0,-2437.989746
0.387798,1.0,-2424.935791
0.387798,1.0,-2423.573486
0.388407,1.0,-2423.880859
0.389901,1.0,-2432.689453
0.389901,1.0,-2425.573486
0.390083,1.0,-2423.605225
0.390083,1.0,-2424.802246
0.389257,1.0,-2428.173584
0.39063,1.0,-2427.379883
0.389516,1.0,-2428.277588
0.389516,1.0,-2424.61377
0.389516,1.0,-2428.490967
0.389516,1.0,-2427.011719
0.389436,1.0,-2424.495117
0.388717,1.0,-2427.049561
0.389804,1.0,-2421.293945
0.389804,1.0,-2426.654541
0.390032,1.0,-2432.228516
0.390719,1.0,-2423.367676
0.390923,1.0,-2429.068604
0.390923,1.0,-2427.313965
0.390923,1.0,-2425.500977
0.390923,1.0,-2429.526367
0.391295,1.0,-2426.47168
0.391099,1.0,-2423.510742
0.390605,1.0,-2430.990723
0.390605,1.0,-2420.760254
0.391796,1.0,-2424.092773
0.391956,1.0,-2424.604248
0.391956,1.0,-2427.168945
0.392695,1.0,-2430.871826
0.392695,1.0,-2425.411377
0.393831,1.0,-2426.134766
0.394287,1.0,-2425.921387
0.392365,1.0,-2427.03418
0.392365,1.0,-2424.832031
0.390626,1.0,-2433.067871
0.389486,1.0,-2426.437012
0.389486,1.0,-2427.515381
0.391228,1.0,-2428.196289
0.391228,1.0,-2424.963867
0.39061,1.0,-2425.568848
0.39061,1.0,-2422.899414
0.39061,1.0,-2426.763184
0.391439,1.0,-2425.944336
0.391502,1.0,-2430.083984
0.39077,1.0,-2426.032715
0.391228,1.0,-2424.402832
0.391228,1.0,-2426.633057
0.391786,1.0,-2424.592285
0.394307,1.0,-2427.847412
0.394307,1.0,-2425.629883
0.394307,1.0,-2428.371338
0.394147,1.0,-2430.669922
0.395299,1.0,-2426.310059
0.39694,1.0,-2429.291016
0.39694,1.0,-2425.314209
0.397639,1.0,-2425.311035
0.39744,1.0,-2423.939453
0.398676,1.0,-2426.038086
0.39805,1.0,-2429.689941
0.39805,1.0,-2426.872803
0.39819,1.0,-2429.096436
0.39819,1.0,-2428.179199
0.396873,1.0,-2423.738281
0.396873,1.0,-2424.551758
0.396873,1.0,-2429.227539
0.397308,1.0,-2428.767822
0.395854,1.0,-2429.929199
0.395579,1.0,-2425.782715
0.395768,1.0,-2426.633545
0.393679,1.0,-2427.771973
0.394772,1.0,-2425.787598
0.394961,1.0,-2427.189453
0.394961,1.0,-2426.635254
0.394961,1.0,-2430.199707
0.39529,1.0,-2425.711426
0.394286,1.0,-2430.122559
0.397444,1.0,-2427.106689
0.397444,1.0,-2423.23877
0.398326,1.0,-2428.498779
0.397284,1.0,-2428.619141
0.39765,1.0,-2426.921387
0.39765,1.0,-2425.996094
0.397636,1.0,-2431.211182
0.398772,1.0,-2425.311279
0.398772,1.0,-2426.810059
0.397708,1.0,-2430.176758
0.398285,1.0,-2427.421387
0.398285,1.0,-2427.255371
0.39844,1.0,-2420.761719
0.397773,1.0,-2427.674316
0.398616,1.0,-2426.632812
0.399053,1.0,-2423.25293
0.399053,1.0,-2426.830322
0.399563,1.0,-2424.220703
0.399563,1.0,-2423.625
0.400478,1.0,-2431.027344
0.400478,1.0,-2430.395996
0.399135,1.0,-2423.799316
0.399135,1.0,-2428.297363
0.399135,1.0,-2428.980225
0.399388,1.0,-2430.807617
0.399388,1.0,-2429.290283
0.399388,1.0,-2424.041016
0.399272,1.0,-2421.115479
0.399611,1.0,-2425.418457
0.397569,1.0,-2421.156494
0.397569,1.0,-2424.313477
0.398094,1.0,-2428.25
0.398094,1.0,-2421.549805
0.398075,1.0,-2428.169922
0.398075,1.0,-2428.268066
0.398075,1.0,-2424.196289
0.398243,1.0,-2434.456543
0.398487,1.0,-2430.058105
0.398661,1.0,-2429.561768
0.398892,1.0,-2422.853271
0.398892,1.0,-2423.461182
0.398757,1.0,-2426.240234
0.398757,1.0,-2425.51709
0.400158,1.0,-2423.772461
0.399462,1.0,-2421.181641
0.399462,1.0,-2425.044189
0.398625,1.0,-2437.372803
0.396882,1.0,-2425.272705
0.397457,1.0,-2426.76123
0.397892,1.0,-2431.300293
0.397892,1.0,-2423.497314
0.3974,1.0,-2427.683838
0.3974,1.0,-2423.880127
0.396703,1.0,-2421.968262
0.396703,1.0,-2424.186523
0.397577,1.0,-2424.465332
0.397577,1.0,-2427.730713
0.397994,1.0,-2432.53125
0.397994,1.0,-2429.043945
0.396065,1.0,-2420.971191
0.396396,1.0,-2426.550049
0.394435,1.0,-2429.965332
0.394885,1.0,-2423.344971
0.395244,1.0,-2427.406738
0.395244,1.0,-2423.443848
0.395244,1.0,-2424.030762
0.395244,1.0,-2429.266846
0.394202,1.0,-2424.682129
0.396114,1.0,-2424.826172
0.396114,1.0,-2429.200195
0.396114,1.0,-2424.146729
0.396114,1.0,-2426.088867
0.393936,1.0,-2427.554688
0.393936,1.0,-2430.530762
0.393936,1.0,-2426.36084
0.394114,1.0,-2424.503418
0.394114,1.0,-2426.431885
0.394114,1.0,-2425.810547
0.395039,1.0,-2425.458496
0.395039,1.0,-2428.242432
0.396157,1.0,-2426.081543
0.395568,1.0,-2426.125488
0.395568,1.0,-2426.629639
0.395568,1.0,-2429.401123
0.395612,1.0,-2425.51123
0.395612,1.0,-2424.726318
0.395612,1.0,-2425.100586
0.395784,1.0,-2429.873047
0.396028,1.0,-2424.421631
0.396028,1.0,-2425.530273
0.396822,1.0,-2423.144043
0.396822,1.0,-2428.271973
0.396155,1.0,-2432.518555
0.396155,1.0,-2428.172852
0.39545,1.0,-2421.640381
0.39475,1.0,-2424.291748
0.39475,1.0,-2428.423828
0.39475,1.0,-2421.918701
0.39475,1.0,-2425.655518
0.39475,1.0,-2429.283936
0.39475,1.0,-2424.433105
0.39475,1.0,-2425.46875
0.395499,1.0,-2427.060059
0.396102,1.0,-2429.694092
0.394428,1.0,-2426.450684
0.393356,1.0,-2423.310059
0.393356,1.0,-2426.335449
0.393392,1.0,-2422.719238
0.392227,1.0,-2427.203125
0.393022,1.0,-2424.854004
0.393022,1.0,-2426.411621
0.393022,1.0,-2433.491699
0.393022,1.0,-2427.293457
0.393588,1.0,-2426.54248
0.393588,1.0,-2420.924316
0.392472,1.0,-2424.555176
0.39132,1.0,-2424.962891
0.390847,1.0,-2425.030029
0.390847,1.0,-2427.698242
0.390592,1.0,-2423.295898
0.390017,1.0,-2429.148438
0.390017,1.0,-2427.25415
0.390017,1.0,-2424.263428
0.390017,1.0,-2424.280762
0.390231,1.0,-2425.742188
0.390231,1.0,-2421.958496
0.390575,1.0,-2431.745605
0.39157,1.0,-2432.187988
0.39157,1.0,-2422.936523
0.389909,1.0,-2420.321777
0.389909,1.0,-2424.782471
0.389085,1.0,-2427.446289
0.389085,1.0,-2424.410156
0.388337,1.0,-2422.211426
0.388337,1.0,-2424.528809
0.388337,1.0,-2422.456787
0.388337,1.0,-2426.667725
0.388886,1.0,-2426.085938
0.388886,1.0,-2426.820801
0.389603,1.0,-2430.855957
0.389603,1.0,-2421.086914
0.389358,1.0,-2424.611328
0.390532,1.0,-2427.419678
0.391976,1.0,-2425.028076
0.392069,1.0,-2425.771484
0.392144,1.0,-2428.954102
0.392976,1.0,-2428.650391
0.393417,1.0,-2424.937012
0.392497,1.0,-2424.736816
0.392698,1.0,-2424.334961
0.393007,1.0,-2424.390137
0.393744,1.0,-2424.731934
0.393982,1.0,-2424.908203
0.392051,1.0,-2429.054688
0.392313,1.0,-2427.477051
0.392313,1.0,-2423.29541
0.392313,1.0,-2426.479004
0.391328,1.0,-2422.891113
0.392645,1.0,-2425.560547
0.391988,1.0,-2428.055664
0.392091,1.0,-2423.741699
0.393605,1.0,-2429.364746
0.393605,1.0,-2418.715332
0.394802,1.0,-2425.549805
0.396365,1.0,-2430.346436
0.395123,1.0,-2425.600342
0.394527,1.0,-2424.113281
0.394527,1.0,-2425.954834
0.393825,1.0,-2429.668945
0.391948,1.0,-2424.529297
0.391948,1.0,-2424.857666
0.391948,1.0,-2424.672119
0.392116,1.0,-2424.785156
0.391911,1.0,-2427.724121
0.393818,1.0,-2424.158691
0.394319,1.0,-2428.304199
0.394319,1.0,-2428.942139
0.39485,1.0,-2423.873047
0.39485,1.0,-2427.949219
0.39485,1.0,-2425.022461
0.39458,1.0,-2426.25293
0.39458,1.0,-2430.042236
0.39303,1.0,-2423.923584
0.391507,1.0,-2426.021973
0.390134,1.0,-2423.876465
0.39077,1.0,-2430.840088
0.39077,1.0,-2425.997803
0.390211,1.0,-2428.664795
0.390211,1.0,-2426.588379
0.389163,1.0,-2428.574219
0.389163,1.0,-2423.532227
0.389983,1.0,-2426.186768
0.389666,1.0,-2418.963623
0.389869,1.0,-2425.734375
0.391412,1.0,-2425.36084
0.391412,1.0,-2430.358643
0.393568,1.0,-2426.085938
0.393568,1.0,-2425.778076
0.393568,1.0,-2429.083008
0.39301,1.0,-2419.892578
0.39301,1.0,-2426.813232
0.39301,1.0,-2427.004395
0.393593,1.0,-2425.9375
0.392341,1.0,-2421.370605
0.391146,1.0,-2427.676758
0.392754,1.0,-2426.293213
0.392657,1.0,-2422.425781
0.391966,1.0,-2424.531738
0.391966,1.0,-2426.376953
0.391966,1.0,-2423.422852
0.393324,1.0,-2431.652344
0.393191,1.0,-2422.933105
0.393191,1.0,-2427.119385
0.393191,1.0,-2428.599609
0.393191,1.0,-2429.297852
0.393191,1.0,-2425.324463
0.393689,1.0,-2423.993652
0.393689,1.0,-2430.481445
0.393333,1.0,-2430.946045
0.393333,1.0,-2431.30957
0.393333,1.0,-2424.789551
0.393328,1.0,-2431.150635
0.393328,1.0,-2427.759521
0.393328,1.0,-2425.145264
0.393328,1.0,-2425.518066
0.391936,1.0,-2430.389648
0.392618,1.0,-2425.146973
0.393746,1.0,-2424.506592
0.395348,1.0,-2427.017578
0.395348,1.0,-2426.348633
0.395348,1.0,-2424.281738
0.395348,1.0,-2428.305176
0.395348,1.0,-2424.174316
0.395562,1.0,-2423.150879
0.395562,1.0,-2426.149902
0.396072,1.0,-2425.862305
0.396072,1.0,-2425.846191
0.397819,1.0,-2430.551758
0.397819,1.0,-2425.501953
0.396282,1.0,-2427.47168
0.396282,1.0,-2429.709229
0.396282,1.0,-2431.628906
0.396282,1.0,-2423.37207
0.397511,1.0,-2434.177979
0.398294,1.0,-2422.867676
0.397158,1.0,-2425.733887
0.397692,1.0,-2421.711426
0.397692,1.0,-2423.491699
0.397692,1.0,-2423.909912
0.39796,1.0,-2425.72168
0.396747,1.0,-2431.44873
0.396475,1.0,-2425.953857
0.396987,1.0,-2427.89209
0.396987,1.0,-2424.799316
0.396522,1.0,-2426.881104
0.396522,1.0,-2419.256348
0.396522,1.0,-2431.755615
0.398619,1.0,-2425.593018
0.400662,1.0,-2424.056641
0.399358,1.0,-2432.898682
0.399658,1.0,-2427.351562
0.398887,1.0,-2430.656494
0.398887,1.0,-2426.592529
0.397195,1.0,-2429.964844
0.397195,1.0,-2427.274902
0.397195,1.0,-2430.280273
0.397195,1.0,-2424.884277
0.396896,1.0,-2426.875244
0.395468,1.0,-2426.704102
0.395669,1.0,-2427.813477
0.395669,1.0,-2428.761475
0.394465,1.0,-2427.791504
0.395902,1.0,-2428.200684
0.395902,1.0,-2422.231445
0.395902,1.0,-2426.224121
0.395596,1.0,-2427.410156
0.39549,1.0,-2428.091553
0.39549,1.0,-2426.832275
0.396697,1.0,-2429.189209
0.397078,1.0,-2425.688232
0.395892,1.0,-2424.614746
0.395892,1.0,-2421.783203
0.395487,1.0,-2427.199463
0.395487,1.0,-2428.136475
0.395294,1.0,-2423.546631
0.395294,1.0,-2426.592285
0.395294,1.0,-2430.158447
0.395361,1.0,-2425.560059
0.395361,1.0,-2426.610352
0.395361,1.0,-2423.212891
0.396177,1.0,-2427.833984
0.395883,1.0,-2426.789062
0.395554,1.0,-2426.209717
0.39583,1.0,-2424.485107
0.397688,1.0,-2420.742676
0.397688,1.0,-2426.456543
0.39727,1.0,-2426.909668
0.399049,1.0,-2427.577637
0.397405,1.0,-2428.567871
0.395883,1.0,-2429.713623
0.395883,1.0,-2420.658691
0.394391,1.0,-2430.458496
0.394391,1.0,-2426.980469
0.394138,1.0,-2427.374023
0.395064,1.0,-2427.755859
0.395941,1.0,-2434.014893
0.397372,1.0,-2424.580078
0.398064,1.0,-2428.664062
0.398064,1.0,-2422.793457
0.398481,1.0,-2429.697754
0.398481,1.0,-2429.040527
0.398185,1.0,-2436.738525
0.397382,1.0,-2424.143799
0.397382,1.0,-2425.214355
0.396367,1.0,-2427.715088
0.396504,1.0,-2423.30249
0.396504,1.0,-2422.885742
0.396504,1.0,-2426.112061
0.394765,1.0,-2422.987305
0.394906,1.0,-2425.624268
0.395792,1.0,-2422.719238
0.395807,1.0,-2421.88501
0.396607,1.0,-2427.744629
0.395534,1.0,-2433.545898
0.395534,1.0,-2428.425537
0.395534,1.0,-2424.198486
0.398058,1.0,-2428.898682
0.398058,1.0,-2424.502197
0.398058,1.0,-2424.733887
0.398058,1.0,-2422.197998
0.398058,1.0,-2429.530518
0.398058,1.0,-2423.780273
0.398058,1.0,-2426.558105
0.398058,1.0,-2425.646729
0.398058,1.0,-2430.646973
0.398058,1.0,-2428.632324
0.399488,1.0,-2428.265137
0.39936,1.0,-2420.366211
0.399518,1.0,-2431.766602
0.397755,1.0,-2430.090088
0.397755,1.0,-2424.71875
0.397755,1.0,-2424.815918
0.397755,1.0,-2421.70874
0.395986,1.0,-2423.174805
0.395986,1.0,-2419.594971
0.397452,1.0,-2426.831055
0.397919,1.0,-2423.777344
0.398207,1.0,-2428.835449
0.398207,1.0,-2427.564941
0.398207,1.0,-2425.113281
0.398207,1.0,-2424.615723
0.397761,1.0,-2422.788574
0.398963,1.0,-2428.440918
0.397823,1.0,-2429.110352
0.398273,1.0,-2422.501953
0.396703,1.0,-2430.447266
0.395943,1.0,-2425.167236
0.3961,1.0,-2425.017334
0.396705,1.0,-2423.277832
0.396705,1.0,-2423.983398
0.396887,1.0,-2429.558594
0.395629,1.0,-2425.454346
0.394257,1.0,-2426.9375
0.394257,1.0,-2423.218262
0.394257,1.0,-2425.666748
0.394257,1.0,-2424.939453
0.394257,1.0,-2427.684082
0.394257,1.0,-2427.095947
0.394257,1.0,-2428.974121
0.396162,1.0,-2426.0979
0.39873,1.0,-2428.807373
0.39873,1.0,-2428.46875
0.39873,1.0,-2428.988525
0.398942,1.0,-2425.47998
0.399352,1.0,-2425.845459
0.399352,1.0,-2424.895508
0.399035,1.0,-2426.239746
0.399209,1.0,-2422.342773
0.399209,1.0,-2432.426758
0.397439,1.0,-2429.683838
0.397439,1.0,-2424.769531
0.398833,1.0,-2433.988281
0.398833,1.0,-2430.173584
0.398833,1.0,-2424.599121
0.39791,1.0,-2426.191406
0.396,1.0,-2429.289062
0.395485,1.0,-2419.781738
0.394699,1.0,-2425.065674
0.394699,1.0,-2425.606445
0.394699,1.0,-2423.370605
0.394374,1.0,-2422.555176
0.394374,1.0,-2429.13501
0.393708,1.0,-2429.326172
0.393922,1.0,-2424.159668
0.393922,1.0,-2423.271973
0.393922,1.0,-2427.808594
0.394237,1.0,-2421.072754
0.394237,1.0,-2422.555908
0.394237,1.0,-2426.917725
0.395055,1.0,-2430.212402
0.395055,1.0,-2424.999023
0.395055,1.0,-2428.239258
0.395614,1.0,-2425.892578
0.395577,1.0,-2426.446289
0.395577,1.0,-2424.422363
0.395577,1.0,-2428.838379
0.396715,1.0,-2421.360352
0.396715,1.0,-2422.772217
0.396391,1.0,-2430.2229
0.396391,1.0,-2426.061035
0.396391,1.0,-2426.149902
0.395717,1.0,-2428.504883
0.395717,1.0,-2425.59375
0.395717,1.0,-2425.955322
0.395648,1.0,-2426.190186
0.393675,1.0,-2432.435059
0.393675,1.0,-2428.37793
0.393675,1.0,-2427.534912
0.393232,1.0,-2426.145264
0.393232,1.0,-2422.265137
0.393849,1.0,-2425.88916
0.396382,1.0,-2423.660156
0.397853,1.0,-2425.796631
0.399227,1.0,-2425.976074
0.398138,1.0,-2428.160645
0.398138,1.0,-2425.605957
0.397948,1.0,-2431.529053
0.39716,1.0,-2428.783691
0.39716,1.0,-2427.798584
0.397239,1.0,-2424.828125
0.397239,1.0,-2421.911133
0.398281,1.0,-2427.76416
0.397376,1.0,-2425.03833
0.399199,1.0,-2431.947754
0.399032,1.0,-2428.500488
0.399032,1.0,-2429.376709
0.399032,1.0,-2423.709717
0.39863,1.0,-2422.882324
0.39863,1.0,-2423.79248
0.397701,1.0,-2424.953613
0.39806,1.0,-2428.519043
0.39806,1.0,-2424.268555
0.397675,1.0,-2426.953125
0.397561,1.0,-2430.29541
0.398202,1.0,-2422.485107
0.397698,1.0,-2428.718994
0.397698,1.0,-2425.606445
0.398385,1.0,-2425.336426
0.398715,1.0,-2424.873535
0.398715,1.0,-2425.44165
0.398715,1.0,-2425.424805
0.398722,1.0,-2426.984375
0.398401,1.0,-2428.491211
0.398401,1.0,-2423.681152
0.398401,1.0,-2422.604248
0.399101,1.0,-2422.807373
0.399101,1.0,-2428.94043
0.398858,1.0,-2428.285645
0.398858,1.0,-2423.401367
0.398858,1.0,-2425.230469
0.395755,1.0,-2425.737061
0.396808,1.0,-2427.323242
0.397214,1.0,-2427.11084
0.397068,1.0,-2425.880859
0.397453,1.0,-2427.982422
0.396468,1.0,-2425.030029
0.396475,1.0,-2427.48584
0.397014,1.0,-2430.420898
0.397014,1.0,-2425.709961
0.397014,1.0,-2428.282471
0.397731,1.0,-2426.936279
0.397731,1.0,-2426.477295
0.397731,1.0,-2425.696289
0.398137,1.0,-2424.224121
0.399506,1.0,-2423.236328
0.39957,1.0,-2426.336914
0.400653,1.0,-2431.394531
0.400653,1.0,-2427.070801
0.400653,1.0,-2428.857666
0.400931,1.0,-2429.628418
0.400931,1.0,-2425.097656
0.401122,1.0,-2432.361816
0.401224,1.0,-2424.938477
0.404042,1.0,-2425.746338
0.404042,1.0,-2432.026123
0.404374,1.0,-2430.271484
0.403901,1.0,-2426.866455
0.403901,1.0,-2427.758789
0.403901,1.0,-2429.539551
0.402957,1.0,-2428.01123
0.402957,1.0,-2429.09082
0.402957,1.0,-2425.710693
0.402962,1.0,-2425.084473
0.402326,1.0,-2423.411133
0.401825,1.0,-2426.927734
0.401825,1.0,-2424.552246
0.401781,1.0,-2423.015137
0.402462,1.0,-2430.200195
0.402867,1.0,-2422.840332
0.402867,1.0,-2427.608154
0.401799,1.0,-2429.106934
0.401799,1.0,-2426.864502
0.401273,1.0,-2425.61377
0.400959,1.0,-2423.93457
0.400959,1.0,-2431.838379
0.400959,1.0,-2423.755859
0.399153,1.0,-2427.645508
0.399153,1.0,-2431.158203
0.399401,1.0,-2425.280029
0.399685,1.0,-2420.91626
0.398947,1.0,-2426.905273
0.399081,1.0,-2428.55957
0.399081,1.0,-2436.56958
0.397579,1.0,-2427.113281
0.397579,1.0,-2428.239746
0.397579,1.0,-2424.619141
0.397579,1.0,-2427.655762
0.397579,1.0,-2421.859863
0.397579,1.0,-2430.313965
0.397579,1.0,-2424.14917
0.397579,1.0,-2421.955566
0.397579,1.0,-2426.145508
0.397579,1.0,-2426.236328
0.397579,1.0,-2426.940918
0.397579,1.0,-2422.946289
0.397579,1.0,-2428.809082
0.396929,1.0,-2426.175537
0.396929,1.0,-2432.111328
0.396929,1.0,-2427.4021
0.397334,1.0,-2428.71875
0.397334,1.0,-2425.748535
0.396591,1.0,-2425.092041
0.396591,1.0,-2424.252441
0.39793,1.0,-2430.703125
0.397377,1.0,-2423.097412
0.399446,1.0,-2430.065918
0.399555,1.0,-2429.056396
0.399814,1.0,-2427.850586
0.399814,1.0,-2425.795898
0.399814,1.0,-2420.932617
0.400407,1.0,-2428.633789
0.402297,1.0,-2431.705078
0.402863,1.0,-2428.054199
0.402979,1.0,-2429.393066
0.40263,1.0,-2425.494141
0.40263,1.0,-2422.787109
0.401484,1.0,-2424.207031
0.401484,1.0,-2430.701172
0.401484,1.0,-2425.286865
0.401484,1.0,-2425.937256
0.401484,1.0,-2419.489746
0.402838,1.0,-2423.946045
0.402838,1.0,-2425.895996
0.402838,1.0,-2426.924561
0.402838,1.0,-2423.718506
0.402419,1.0,-2428.756348
0.402419,1.0,-2426.563965
0.402417,1.0,-2426.730225
0.403292,1.0,-2431.027832
0.403983,1.0,-2426.179688
0.404233,1.0,-2426.539062
0.404557,1.0,-2422.816162
0.404737,1.0,-2426.317139
0.406401,1.0,-2427.82666
0.406401,1.0,-2435.335938
0.40583,1.0,-2425.383301
0.40583,1.0,-2423.330078
0.408285,1.0,-2426.98291
0.40757,1.0,-2427.647461
0.407187,1.0,-2432.143555
0.408444,1.0,-2427.328125
0.40826,1.0,-2428.194824
0.408681,1.0,-2430.270264
0.408173,1.0,-2427.828857
0.408173,1.0,-2429.629883
0.408173,1.0,-2430.57373
0.408173,1.0,-2435.218262
0.408173,1.0,-2430.062744
0.409051,1.0,-2432.305176
0.409051,1.0,-2427.900879
0.409051,1.0,-2428.740723
0.409051,1.0,-2434.865234
0.409051,1.0,-2426.681885
0.409051,1.0,-2427.034668
0.410527,1.0,-2426.195557
0.411023,1.0,-2427.364502
0.411085,1.0,-2425.704346
0.40942,1.0,-2435.539795
0.408568,1.0,-2429.623535
0.409149,1.0,-2430.442139
0.409013,1.0,-2430.157471
0.409013,1.0,-2430.185059
0.407968,1.0,-2427.05127
0.407968,1.0,-2427.90625
0.405565,1.0,-2432.860596
0.405565,1.0,-2427.186768
0.405565,1.0,-2422.795166
0.405032,1.0,-2431.100342
0.405032,1.0,-2428.900879
0.405032,1.0,-2428.949707
0.4047,1.0,-2433.796387
0.405229,1.0,-2427.701904
0.405039,1.0,-2431.509277
0.405039,1.0,-2421.917969
0.406262,1.0,-2426.922119
0.407503,1.0,-2433.467529
0.407503,1.0,-2431.129639
0.408295,1.0,-2429.709473
0.407994,1.0,-2425.707275
0.409216,1.0,-2425.829102
0.409216,1.0,-2425.331787
0.409216,1.0,-2430.822754
0.408787,1.0,-2428.749023
0.407382,1.0,-2431.011475
0.408826,1.0,-2426.306152
0.408826,1.0,-2431.631836
0.409841,1.0,-2431.069824
0.409841,1.0,-2431.894531
0.408577,1.0,-2426.175049
0.409335,1.0,-2426.375977
0.409335,1.0,-2424.759766
0.41009,1.0,-2429.228027
0.40811,1.0,-2429.597168
0.40811,1.0,-2427.39502
0.40856,1.0,-2425.288574
0.40792,1.0,-2425.25293
0.40792,1.0,-2428.500977
0.406284,1.0,-2428.783936
0.404696,1.0,-2429.588379
0.406155,1.0,-2424.554199
0.406155,1.0,-2424.921387
0.40534,1.0,-2424.597168
0.403988,1.0,-2424.719238
0.403988,1.0,-2423.416016
0.404253,1.0,-2432.397949
0.404467,1.0,-2425.348633
0.403168,1.0,-2425.921387
0.402897,1.0,-2427.40918
0.403282,1.0,-2428.860596
0.403183,1.0,-2426.581299
0.403336,1.0,-2423.833496
0.403877,1.0,-2425.022461
0.404196,1.0,-2426.818359
0.404196,1.0,-2425.229492
0.404375,1.0,-2426.033203
0.403513,1.0,-2431.731445
0.403513,1.0,-2426.649658
0.403513,1.0,-2425.576904
0.403983,1.0,-2432.708496
0.404398,1.0,-2431.015625
0.40254,1.0,-2427.501953
0.40254,1.0,-2428.073242
0.403239,1.0,-2426.888672
0.403239,1.0,-2427.626953
0.404317,1.0,-2427.639648
0.404846,1.0,-2428.967285
0.406371,1.0,-2429.448242
0.407083,1.0,-2427.129639
0.407083,1.0,-2425.958984
0.408517,1.0,-2427.366455
0.409196,1.0,-2427.919922
0.409196,1.0,-2425.448242
0.409196,1.0,-2434.484375
0.409196,1.0,-2434.40918
0.408816,1.0,-2429.637207
0.408816,1.0,-2427.25708
0.408816,1.0,-2431.76709
0.409681,1.0,-2430.244141
0.409681,1.0,-2428.683105
0.410614,1.0,-2428.174805
0.410635,1.0,-2434.279053
0.410635,1.0,-2427.064209
0.411448,1.0,-2433.780273
0.411448,1.0,-2433.670898
0.411448,1.0,-2425.079102
0.411282,1.0,-2426.326904
0.411282,1.0,-2428.927246
0.411564,1.0,-2428.608398
0.412378,1.0,-2429.860107
0.413259,1.0,-2430.041504
0.412514,1.0,-2429.361816
0.412514,1.0,-2428.425781
0.412898,1.0,-2428.267578
0.412898,1.0,-2425.874512
0.412898,1.0,-2429.069824
0.413323,1.0,-2427.641846
0.413323,1.0,-2429.368408
0.413389,1.0,-2429.882812
0.414184,1.0,-2434.22168
0.414184,1.0,-2425.908203
0.41395,1.0,-2429.761719
0.413157,1.0,-2426.427734
0.413157,1.0,-2429.214844
0.413157,1.0,-2429.380859
0.413157,1.0,-2430.221436
0.41391,1.0,-2430.431641
0.415277,1.0,-2434.450928
0.415277,1.0,-2433.375977
0.415176,1.0,-2436.69043
0.415798,1.0,-2431.304199
0.415798,1.0,-2426.087891
0.415049,1.0,-2430.2771
0.415228,1.0,-2432.985352
0.415228,1.0,-2430.308105
0.415228,1.0,-2426.987305
0.415228,1.0,-2429.370117
0.415228,1.0,-2429.862061
0.415228,1.0,-2427.618164
0.415228,1.0,-2433.806641
0.415228,1.0,-2430.505371
0.415872,1.0,-2435.668945
0.414914,1.0,-2428.657227
0.414914,1.0,-2425.20166
0.414914,1.0,-2430.849121
0.414484,1.0,-2432.604248
0.414484,1.0,-2432.057373
0.414484,1.0,-2431.071289
0.414484,1.0,-2425.848633
0.414821,1.0,-2428.648682
0.414821,1.0,-2429.771973
0.414165,1.0,-2427.782227
0.414165,1.0,-2429.465576
0.414165,1.0,-2429.728027
0.414165,1.0,-2427.272217
0.414165,1.0,-2428.164062
0.413091,1.0,-2427.526611
0.413091,1.0,-2424.76709
0.412308,1.0,-2430.660645
0.413377,1.0,-2425.240234
0.414295,1.0,-2426.893066
0.414295,1.0,-2430.571045
0.414112,1.0,-2433.557129
0.414112,1.0,-2429.355469
0.414112,1.0,-2429.781738
0.414112,1.0,-2429.022705
0.414147,1.0,-2431.021484
0.414147,1.0,-2424.484863
0.414147,1.0,-2430.96167
0.414602,1.0,-2436.6875
0.415145,1.0,-2435.123047
0.415145,1.0,-2427.902344
0.415465,1.0,-2430.140869
0.415465,1.0,-2434.372559
0.414801,1.0,-2428.899658
0.414801,1.0,-2427.4375
0.414801,1.0,-2427.026611
0.413086,1.0,-2422.96875
0.413086,1.0,-2433.297607
0.414098,1.0,-2426.474365
0.414098,1.0,-2428.000488
0.41267,1.0,-2429.346191
0.412901,1.0,-2426.90332
0.412901,1.0,-2431.393555
0.412123,1.0,-2428.376221
0.412123,1.0,-2429.776855
0.412123,1.0,-2431.402832
0.412249,1.0,-2429.903809
0.412249,1.0,-2430.339844
0.41304,1.0,-2427.719727
0.413437,1.0,-2429.930664
0.412328,1.0,-2428.059082
0.413421,1.0,-2425.909668
0.413472,1.0,-2429.055176
0.413353,1.0,-2430.178223
0.412736,1.0,-2427.824707
0.412736,1.0,-2433.843262
0.413405,1.0,-2429.84082
0.414049,1.0,-2431.260742
0.414049,1.0,-2434.509521
0.413279,1.0,-2431.756592
0.413279,1.0,-2428.541992
0.413279,1.0,-2429.765381
0.413279,1.0,-2430.79834
0.412503,1.0,-2431.349854
0.412503,1.0,-2429.06958
0.412503,1.0,-2430.112305
0.412503,1.0,-2429.807617
0.412178,1.0,-2427.299316
0.411057,1.0,-2429.936523
0.41024,1.0,-2426.362305
0.41024,1.0,-2428.057617
0.41024,1.0,-2429.89917
0.409398,1.0,-2426.993652
0.407853,1.0,-2428.021973
0.407013,1.0,-2433.692871
0.406668,1.0,-2426.043213
0.406668,1.0,-2432.272217
0.406668,1.0,-2427.257324
0.407843,1.0,-2425.547363
0.407843,1.0,-2424.619629
0.40748,1.0,-2426.128418
0.405638,1.0,-2430.339111
0.405498,1.0,-2427.694824
0.405498,1.0,-2427.134766
0.405498,1.0,-2427.895996
0.405498,1.0,-2425.769287
0.404726,1.0,-2425.61084
0.404726,1.0,-2428.660889
0.404407,1.0,-2432.746338
0.405399,1.0,-2427.702637
0.404288,1.0,-2429.078857
0.404288,1.0,-2426.661865
0.404288,1.0,-2431.728271
0.403741,1.0,-2427.158203
0.403766,1.0,-2423.998535
0.403638,1.0,-2431.030273
0.406798,1.0,-2427.463379
0.407854,1.0,-2429.195068
0.409239,1.0,-2432.195068
0.409239,1.0,-2430.598877
0.409239,1.0,-2427.407471
0.409239,1.0,-2427.713867
0.409239,1.0,-2428.509033
0.409239,1.0,-2424.545166
0.408751,1.0,-2433.04834
0.408891,1.0,-2427.134766
0.408891,1.0,-2428.375488
0.408891,1.0,-2429.471191
0.408891,1.0,-2425.942383
0.408824,1.0,-2430.235596
0.410019,1.0,-2428.979248
0.410876,1.0,-2428.979492
0.411377,1.0,-2430.914307
0.411377,1.0,-2428.526367
0.412641,1.0,-2430.342285
0.412641,1.0,-2430.676758
0.411729,1.0,-2427.95459
0.410864,1.0,-2428.510498
0.412278,1.0,-2430.387695
0.413103,1.0,-2429.780029
0.413103,1.0,-2429.453613
0.41215,1.0,-2432.084229
0.41215,1.0,-2437.353516
0.410569,1.0,-2430.287354
0.410569,1.0,-2428.280762
0.409914,1.0,-2431.033203
0.409914,1.0,-2426.032959
0.410733,1.0,-2427.26416
0.410733,1.0,-2426.151855
0.409799,1.0,-2428.862061
0.410541,1.0,-2430.618164
0.410919,1.0,-2426.771729
0.410919,1.0,-2428.935303
0.410919,1.0,-2426.597656
0.410555,1.0,-2427.431396
0.410555,1.0,-2424.743896
0.410555,1.0,-2428.871826
0.40896,1.0,-2431.291504
0.409924,1.0,-2428.859375
0.409924,1.0,-2424.648438
0.409924,1.0,-2432.570068
0.409924,1.0,-2428.324219
0.409072,1.0,-2424.442383
0.409072,1.0,-2430.333008
0.408862,1.0,-2426.814941
0.410136,1.0,-2422.317627
0.410136,1.0,-2427.287598
0.410136,1.0,-2433.944336
0.408352,1.0,-2432.52002
0.407554,1.0,-2427.42627
0.4051,1.0,-2431.116943
0.4051,1.0,-2427.911621
0.403294,1.0,-2429.535156
0.404435,1.0,-2422.978516
0.403415,1.0,-2431.439453
0.402784,1.0,-2428.36377
0.402468,1.0,-2422.185547
0.401019,1.0,-2430.171631
0.399277,1.0,-2425.447998
0.397581,1.0,-2428.98877
0.398028,1.0,-2426.921387
0.398028,1.0,-2423.694336
0.398942,1.0,-2430.017334
0.398942,1.0,-2425.376709
0.396077,1.0,-2428.98291
0.396077,1.0,-2425.439453
0.394975,1.0,-2425.005371
0.394975,1.0,-2426.652832
0.396212,1.0,-2425.695312
0.396212,1.0,-2430.232178
0.397104,1.0,-2424.533203
0.397498,1.0,-2426.532715
0.399179,1.0,-2430.817383
0.398784,1.0,-2428.533691
0.398784,1.0,-2424.477783
0.401796,1.0,-2427.466309
0.398951,1.0,-2423.552002
0.399456,1.0,-2429.04541
0.396644,1.0,-2425.939941
0.397461,1.0,-2421.999268
0.397461,1.0,-2427.032227
0.398043,1.0,-2426.823975
0.397781,1.0,-2421.375732
0.397781,1.0,-2421.756836
0.397781,1.0,-2426.227539
0.397843,1.0,-2426.473145
0.397843,1.0,-2424.320312
0.398668,1.0,-2428.502686
0.398463,1.0,-2425.923828
0.399042,1.0,-2425.190186
0.400104,1.0,-2429.102539
0.400104,1.0,-2433.060547
0.400104,1.0,-2428.251465
0.400104,1.0,-2423.80127
0.399835,1.0,-2428.292725
0.399835,1.0,-2425.986572
0.399835,1.0,-2426.655518
0.399835,1.0,-2428.828613
0.399835,1.0,-2429.75415
0.400533,1.0,-2426.455078
0.400533,1.0,-2425.462891
0.400533,1.0,-2428.224609
0.401259,1.0,-2428.223389
0.401259,1.0,-2424.46582
0.401437,1.0,-2426.293213
0.4011,1.0,-2429.634033
0.399454,1.0,-2426.674316
0.399869,1.0,-2427.675537
0.399869,1.0,-2427.005859
0.399051,1.0,-2429.384277
0.399051,1.0,-2431.343018
0.399051,1.0,-2426.61084
0.399189,1.0,-2426.947754
0.398462,1.0,-2424.180664
0.398764,1.0,-2429.913818
0.398764,1.0,-2423.298828
0.399687,1.0,-2431.938721
0.398796,1.0,-2424.270996
0.398259,1.0,-2423.767578
0.39829,1.0,-2424.476318
0.398251,1.0,-2427.407471
0.398028,1.0,-2430.796875
0.398521,1.0,-2421.453613
0.398521,1.0,-2426.964844
0.398521,1.0,-2423.930176
0.398521,1.0,-2428.641602
0.398521,1.0,-2424.347656
0.398521,1.0,-2425.647461
0.396899,1.0,-2428.666016
0.395376,1.0,-2429.933838
0.394906,1.0,-2428.828125
0.394906,1.0,-2425.879883
0.394906,1.0,-2427.348145
0.394579,1.0,-2426.928955
0.394579,1.0,-2425.250488
0.39363,1.0,-2426.550781
0.39363,1.0,-2426.881348
0.39363,1.0,-2423.911621
0.392907,1.0,-2427.072266
0.392907,1.0,-2426.635254
0.391427,1.0,-2423.268555
0.390541,1.0,-2423.849609
0.390541,1.0,-2423.412598
0.389974,1.0,-2424.166748
0.390238,1.0,-2429.604004
0.389619,1.0,-2427.229492
0.389619,1.0,-2423.459717
0.388071,1.0,-2424.256836
0.387661,1.0,-2429.532715
0.387661,1.0,-2422.272461
0.387661,1.0,-2424.448242
0.387661,1.0,-2419.958984
0.388366,1.0,-2426.332031
0.387751,1.0,-2425.661133
0.387751,1.0,-2418.552979
0.387751,1.0,-2425.354492
0.387751,1.0,-2427.479492
0.387908,1.0,-2428.087891
0.387908,1.0,-2428.013184
0.388319,1.0,-2427.677002
0.388319,1.0,-2427.304688
0.388319,1.0,-2422.760254
0.388123,1.0,-2422.950684
0.388123,1.0,-2423.758789
0.388508,1.0,-2424.59082
0.385997,1.0,-2426.763672
0.385997,1.0,-2423.504639
0.386515,1.0,-2428.509277
0.386334,1.0,-2427.313477
0.386334,1.0,-2418.765137
0.386336,1.0,-2429.240479
0.386467,1.0,-2425.723633
0.385814,1.0,-2427.009277
0.385814,1.0,-2421.812988
0.385814,1.0,-2424.765625
0.385814,1.0,-2431.744873
0.385814,1.0,-2426.565918
0.387166,1.0,-2422.775879
0.385808,1.0,-2429.027832
0.385808,1.0,-2423.502441
0.385808,1.0,-2427.033691
0.385808,1.0,-2426.209473
0.385808,1.0,-2424.49707
0.386367,1.0,-2431.920166
0.386367,1.0,-2427.770996
0.386367,1.0,-2421.050293
0.386367,1.0,-2431.064697
0.386367,1.0,-2425.013672
0.386367,1.0,-2427.692139
0.385563,1.0,-2425.236572
0.38571,1.0,-2425.922363
0.38571,1.0,-2424.38623
0.384684,1.0,-2425.40918
0.384608,1.0,-2425.463867
0.384682,1.0,-2421.34375
0.384682,1.0,-2425.143799
0.385282,1.0,-2424.931396
0.385282,1.0,-2422.160156
0.386266,1.0,-2426.919189
0.386266,1.0,-2426.214844
0.386758,1.0,-2423.507812
0.38483,1.0,-2428.987305
0.38483,1.0,-2425.609375
0.38483,1.0,-2426.68457
0.38483,1.0,-2428.677002
0.384575,1.0,-2427.742676
0.384575,1.0,-2428.499268
0.38356,1.0,-2425.278564
0.38356,1.0,-2426.729736
0.382976,1.0,-2428.06958
0.382976,1.0,-2420.900391
0.382976,1.0,-2424.537354
0.382976,1.0,-2425.584961
0.382993,1.0,-2430.896973
0.382194,1.0,-2423.278809
0.382194,1.0,-2428.698242
0.382194,1.0,-2427.341064
0.382194,1.0,-2426.984131
0.382194,1.0,-2427.629395
0.383969,1.0,-2427.95166
0.382608,1.0,-2424.086914
0.382608,1.0,-2427.841309
0.382608,1.0,-2421.873535
0.382608,1.0,-2426.47168
0.382076,1.0,-2424.673828
0.382076,1.0,-2422.819824
0.381996,1.0,-2425.280518
0.381996,1.0,-2428.205811
0.382435,1.0,-2428.902832
0.380803,1.0,-2422.66333
0.380803,1.0,-2424.3125
0.380702,1.0,-2422.578125
0.380702,1.0,-2421.595459
0.380702,1.0,-2428.643066
0.380702,1.0,-2423.195557
0.379804,1.0,-2423.414062
0.379804,1.0,-2425.743652
0.380264,1.0,-2423.265625
0.380264,1.0,-2425.160156
0.380264,1.0,-2426.649902
0.380264,1.0,-2427.804199
0.381955,1.0,-2421.59668
0.382424,1.0,-2431.360107
0.382107,1.0,-2421.262207
0.382107,1.0,-2419.248535
0.381879,1.0,-2428.012695
0.3817,1.0,-2423.991211
0.3817,1.0,-2426.781738
0.3817,1.0,-2427.822266
0.3817,1.0,-2423.730957
0.3817,1.0,-2424.624268
0.382022,1.0,-2428.686523
0.382483,1.0,-2424.042725
0.382483,1.0,-2427.848633
0.382483,1.0,-2425.892578
0.382483,1.0,-2423.744629
0.381795,1.0,-2426.506348
0.381795,1.0,-2423.548828
0.381447,1.0,-2422.595947
0.380353,1.0,-2426.36377
0.380353,1.0,-2425.877441
0.380615,1.0,-2429.114746
0.381741,1.0,-2426.107422
0.382999,1.0,-2421.89209
0.382543,1.0,-2417.92334
0.382543,1.0,-2426.213623
0.381911,1.0,-2424.793457
0.381152,1.0,-2425.388672
0.380793,1.0,-2423.417969
0.381086,1.0,-2426.130615
0.381086,1.0,-2426.683594
0.381086,1.0,-2422.511719
0.380466,1.0,-2424.683105
0.380466,1.0,-2427.423096
0.381902,1.0,-2422.531738
0.381902,1.0,-2424.093994
0.381862,1.0,-2431.535645
0.381849,1.0,-2426.738525
0.381849,1.0,-2427.571045
0.381849,1.0,-2427.75
0.381924,1.0,-2427.436279
0.381924,1.0,-2425.77832
0.381595,1.0,-2431.34375
0.382805,1.0,-2426.569336
0.382805,1.0,-2423.219971
0.382805,1.0,-2424.567871
0.382805,1.0,-2426.560059
0.382805,1.0,-2426.562988
0.382519,1.0,-2424.784424
0.383526,1.0,-2425.455566
0.383526,1.0,-2426.738525
0.383526,1.0,-2425.074707
0.383526,1.0,-2422.894043
0.382202,1.0,-2425.653564
0.382202,1.0,-2426.647461
0.382256,1.0,-2422.855469
0.382256,1.0,-2427.526123
0.382321,1.0,-2425.148926
0.382321,1.0,-2424.699219
0.382321,1.0,-2421.269775
0.381825,1.0,-2428.627686
0.381825,1.0,-2427.316895
0.381331,1.0,-2425.252441
0.381279,1.0,-2430.029053
0.380735,1.0,-2421.601562
0.380735,1.0,-2423.65918
0.380735,1.0,-2425.901611
0.383352,1.0,-2429.094238
0.383352,1.0,-2420.300781
0.383672,1.0,-2425.886719
0.383097,1.0,-2430.535156
0.382254,1.0,-2426.300781
0.382254,1.0,-2426.929443
0.382254,1.0,-2423.896973
0.384088,1.0,-2425.394531
0.382961,1.0,-2427.018311
0.382961,1.0,-2416.494629
0.385541,1.0,-2425.040283
0.385541,1.0,-2426.074219
0.385541,1.0,-2429.148438
0.383623,1.0,-2423.197021
0.384161,1.0,-2426.347412
0.383405,1.0,-2427.187744
0.381442,1.0,-2427.102295
0.381442,1.0,-2425.255615
0.381651,1.0,-2426.674072
0.380816,1.0,-2428.013184
0.380816,1.0,-2427.351562
0.380816,1.0,-2424.419434
0.380816,1.0,-2423.108887
0.380816,1.0,-2429.585693
0.381124,1.0,-2426.137939
0.381124,1.0,-2428.065918
0.381124,1.0,-2417.930176
0.380247,1.0,-2426.380859
0.380247,1.0,-2427.032471
0.379364,1.0,-2424.65625
0.379364,1.0,-2424.20459
0.377901,1.0,-2423.254883
0.377901,1.0,-2426.828125
0.37833,1.0,-2424.710693
0.376883,1.0,-2431.396973
0.376883,1.0,-2428.402832
0.376883,1.0,-2428.763672
0.378626,1.0,-2422.501465
0.376567,1.0,-2422.876465
0.376542,1.0,-2425.913818
0.376925,1.0,-2422.00293
0.376783,1.0,-2423.121094
0.376243,1.0,-2432.061035
0.376243,1.0,-2425.886719
0.377031,1.0,-2427.180176
0.378975,1.0,-2429.365479
0.378103,1.0,-2423.333008
0.378103,1.0,-2425.873047
0.379079,1.0,-2425.619141
0.37869,1.0,-2418.67041
0.37869,1.0,-2423.296143
0.378983,1.0,-2421.541016
0.379503,1.0,-2425.777832
0.380621,1.0,-2425.484863
0.379882,1.0,-2426.498535
0.379882,1.0,-2420.935547
0.379882,1.0,-2431.288574
0.37922,1.0,-2423.459229
0.37922,1.0,-2424.701172
0.37922,1.0,-2422.594727
0.37922,1.0,-2423.922607
0.37922,1.0,-2423.193359
0.379079,1.0,-2426.679688
0.379921,1.0,-2423.837402
0.379839,1.0,-2424.672363
0.379839,1.0,-2426.041016
0.379839,1.0,-2423.49707
0.378714,1.0,-2426.764893
0.378455,1.0,-2422.235352
0.378199,1.0,-2424.240967
0.378199,1.0,-2427.534668
0.378199,1.0,-2427.979736
0.377916,1.0,-2430.106445
0.377265,1.0,-2426.080078
0.377255,1.0,-2427.372559
0.377255,1.0,-2425.9729
0.377255,1.0,-2421.948486
0.379374,1.0,-2429.885742
0.379374,1.0,-2424.116699
0.38055,1.0,-2431.880371
0.379829,1.0,-2421.405029
0.380428,1.0,-2424.806641
0.380356,1.0,-2421.940918
0.382216,1.0,-2422.850586
0.382105,1.0,-2423.786621
0.382196,1.0,-2429.554443
0.381464,1.0,-2425.070312
0.380574,1.0,-2422.782471
0.380574,1.0,-2424.607666
0.381225,1.0,-2428.445801
0.380132,1.0,-2430.472168
0.38141,1.0,-2421.450195
0.381473,1.0,-2422.882568
0.381473,1.0,-2431.192383
0.382162,1.0,-2428.641602
0.382162,1.0,-2424.565918
0.381645,1.0,-2423.804688
0.381645,1.0,-2432.702637
0.38229,1.0,-2422.78125
0.383354,1.0,-2426.874268
0.383354,1.0,-2424.146973
0.384123,1.0,-2423.530762
0.38364,1.0,-2426.390137
0.38364,1.0,-2425.673096
0.38364,1.0,-2424.872559
0.38364,1.0,-2428.246338
0.38364,1.0,-2428.850586
0.38364,1.0,-2427.856934
0.38364,1.0,-2427.633545
0.382348,1.0,-2426.57373
0.38224,1.0,-2425.066895
0.382226,1.0,-2426.968994
0.382389,1.0,-2420.940674
0.382389,1.0,-2426.964844
0.382824,1.0,-2424.195801
0.382824,1.0,-2431.506348
0.382411,1.0,-2424.407959
0.38309,1.0,-2424.923828
0.38309,1.0,-2426.087158
0.38309,1.0,-2420.156738
0.384159,1.0,-2424.268555
0.384159,1.0,-2425.60376
0.3842,1.0,-2427.627441
0.385716,1.0,-2425.677979
0.385101,1.0,-2433.548584
0.385101,1.0,-2431.782959
0.385082,1.0,-2419.533203
0.385227,1.0,-2421.400879
0.385227,1.0,-2428.81665
0.383494,1.0,-2424.325684
0.384391,1.0,-2424.498779
0.38307,1.0,-2430.728271
0.38307,1.0,-2425.845215
0.38307,1.0,-2423.665527
0.38307,1.0,-2425.855713
0.382262,1.0,-2429.530273
0.382262,1.0,-2422.34668
0.382262,1.0,-2430.556885
0.381638,1.0,-2422.512451
0.381638,1.0,-2427.860596
0.381638,1.0,-2425.001709
0.381638,1.0,-2426.070312
0.3816,1.0,-2428.899658
0.381213,1.0,-2426.393555
0.380738,1.0,-2426.098633
0.380962,1.0,-2429.203613
0.380962,1.0,-2418.654785
0.380962,1.0,-2429.469238
0.380962,1.0,-2424.301758
0.380962,1.0,-2424.13208
0.380607,1.0,-2425.293945
0.37915,1.0,-2423.214844
0.37915,1.0,-2425.702637
0.379403,1.0,-2425.592773
0.379355,1.0,-2426.03418
0.381317,1.0,-2425.942383
0.381317,1.0,-2428.035645
0.380658,1.0,-2431.994873
0.38137,1.0,-2425.255859
0.381885,1.0,-2427.753174
0.381885,1.0,-2426.467285
0.381885,1.0,-2425.078613
0.380599,1.0,-2423.008789
0.380794,1.0,-2419.111572
0.378886,1.0,-2424.202637
0.378886,1.0,-2422.044922
0.379349,1.0,-2428.598877
0.380182,1.0,-2422.554932
0.380182,1.0,-2426.177979
0.381043,1.0,-2425.471924
0.382466,1.0,-2421.375
0.382902,1.0,-2422.462891
0.382492,1.0,-2426.890381
0.382492,1.0,-2416.420898
0.382492,1.0,-2425.840332
0.383452,1.0,-2426.313477
0.383986,1.0,-2427.07959
0.383986,1.0,-2428.642822
0.384921,1.0,-2428.040039
0.384921,1.0,-2422.715088
0.384544,1.0,-2424.338379
0.384544,1.0,-2424.762451
0.384544,1.0,-2420.20752
0.383575,1.0,-2423.099854
0.382822,1.0,-2423.483643
0.382822,1.0,-2423.44873
0.382822,1.0,-2423.203125
0.380819,1.0,-2425.744873
0.380819,1.0,-2421.011963
0.383631,1.0,-2426.246094
0.384723,1.0,-2427.066406
0.384031,1.0,-2432.087646
0.384031,1.0,-2425.318359
0.384031,1.0,-2427.529053
0.385706,1.0,-2424.883057
0.38528,1.0,-2428.132812
0.38528,1.0,-2425.095703
0.38528,1.0,-2425.679199
0.385209,1.0,-2424.644287
0.385209,1.0,-2426.996582
0.385209,1.0,-2422.706299
0.383038,1.0,-2427.830566
0.382401,1.0,-2423.850342
0.382401,1.0,-2424.76001
0.382401,1.0,-2426.728516
0.382401,1.0,-2424.041992
0.382401,1.0,-2420.440674
0.382415,1.0,-2425.763916
0.381479,1.0,-2432.199951
0.380668,1.0,-2426.551758
0.380668,1.0,-2429.143311
0.380668,1.0,-2423.988525
0.381488,1.0,-2427.686523
0.381488,1.0,-2426.708496
0.381357,1.0,-2431.459473
0.380906,1.0,-2428.979004
0.380906,1.0,-2420.700928
0.380906,1.0,-2431.039551
0.380906,1.0,-2423.86377
0.381703,1.0,-2422.842041
0.381703,1.0,-2418.45166
0.383147,1.0,-2425.694824
0.383312,1.0,-2427.047852
0.384222,1.0,-2427.124268
0.383863,1.0,-2424.450684
0.384289,1.0,-2425.098145
0.384289,1.0,-2434.161865
0.383184,1.0,-2425.873291
0.383184,1.0,-2425.067383
0.381531,1.0,-2419.599854
0.380993,1.0,-2427.937988
0.380993,1.0,-2429.885254
0.380993,1.0,-2428.38501
0.380993,1.0,-2425.697266
0.380993,1.0,-2424.470215
0.380993,1.0,-2421.836426
0.380993,1.0,-2426.417725
0.380535,1.0,-2431.258301
0.380527,1.0,-2427.245117
0.380527,1.0,-2427.507324
0.382003,1.0,-2425.875
0.382003,1.0,-2423.954102
0.380778,1.0,-2427.200195
0.380401,1.0,-2430.047363
0.380304,1.0,-2426.876465
0.380304,1.0,-2422.94165
0.380304,1.0,-2427.769775
0.380272,1.0,-2423.271729
0.380272,1.0,-2431.202148
0.38064,1.0,-2425.859375
0.379783,1.0,-2422.801025
0.379783,1.0,-2428.032471
0.381306,1.0,-2424.449707
0.380567,1.0,-2430.48584
0.380567,1.0,-2426.513184
0.380567,1.0,-2424.706543
0.381268,1.0,-2426.32666
0.382713,1.0,-2423.153076
0.380918,1.0,-2424.630371
0.380918,1.0,-2427.21582
0.380918,1.0,-2422.635498
0.380918,1.0,-2425.447266
0.380918,1.0,-2427.004639
0.380918,1.0,-2428.975098
0.383224,1.0,-2429.752686
0.383001,1.0,-2423.967773
0.381565,1.0,-2421.631836
0.382902,1.0,-2424.304932
0.38433,1.0,-2428.187744
0.383569,1.0,-2426.909424
0.383569,1.0,-2419.697266
0.38415,1.0,-2424.038818
0.384378,1.0,-2423.086426
0.383373,1.0,-2422.399414
0.38443,1.0,-2428.104004
0.38443,1.0,-2425.214111
0.385248,1.0,-2425.811768
0.385248,1.0,-2430.134766
0.383945,1.0,-2422.981934
0.383945,1.0,-2422.936035
0.384657,1.0,-2422.479004
0.385624,1.0,-2422.050293
0.385282,1.0,-2426.521484
0.386613,1.0,-2424.95752
0.388284,1.0,-2427.650391
0.388153,1.0,-2423.029297
0.388153,1.0,-2429.47168
0.387543,1.0,-2426.737793
0.386629,1.0,-2424.224854
0.387156,1.0,-2428.031738
0.387156,1.0,-2430.320312
0.387156,1.0,-2428.550293
0.386925,1.0,-2424.638672
0.386925,1.0,-2424.596436
0.386683,1.0,-2425.679932
0.388099,1.0,-2426.266113
0.388133,1.0,-2425.84375
0.389201,1.0,-2429.956055
0.389201,1.0,-2424.47998
0.389201,1.0,-2421.387207
0.389201,1.0,-2423.984863
0.388821,1.0,-2424.517822
0.388821,1.0,-2424.567383
0.387694,1.0,-2427.462646
0.387694,1.0,-2428.852539
0.38592,1.0,-2425.618896
0.386177,1.0,-2426.516602
0.386177,1.0,-2425.862549
0.384786,1.0,-2424.617676
0.385366,1.0,-2425.48877
0.385366,1.0,-2423.025391
0.383354,1.0,-2429.496826
0.383354,1.0,-2424.34375
0.382766,1.0,-2423.97998
0.382766,1.0,-2427.617676
0.383578,1.0,-2426.00415
0.383578,1.0,-2425.873291
0.383578,1.0,-2425.059326
0.383578,1.0,-2427.30542
0.383578,1.0,-2425.597412
0.382552,1.0,-2427.672363
0.382552,1.0,-2421.712402
0.382987,1.0,-2424.811768
0.382987,1.0,-2424.262695
0.382987,1.0,-2424.265137
0.382987,1.0,-2424.803711
0.382009,1.0,-2426.695801
0.382009,1.0,-2419.3125
0.380968,1.0,-2427.331543
0.380754,1.0,-2424.894043
0.381313,1.0,-2424.823242
0.381313,1.0,-2427.957031
0.381313,1.0,-2422.570801
0.381313,1.0,-2429.224121
0.381137,1.0,-2424.275391
0.381093,1.0,-2425.824951
0.378274,1.0,-2424.639893
0.378406,1.0,-2427.686035
0.378406,1.0,-2423.084961
0.378406,1.0,-2427.965576
0.378466,1.0,-2426.240967
0.378466,1.0,-2426.540771
0.377965,1.0,-2426.538574
0.379691,1.0,-2430.570068
0.379477,1.0,-2426.02417
0.379477,1.0,-2424.433838
0.379045,1.0,-2423.519043
0.379367,1.0,-2427.743652
0.379367,1.0,-2426.621094
0.379367,1.0,-2424.040527
0.379367,1.0,-2427.754883
0.379367,1.0,-2426.975586
0.380844,1.0,-2432.046387
0.381856,1.0,-2425.803955
0.381856,1.0,-2422.665283
0.381856,1.0,-2423.564453
0.381856,1.0,-2424.226074
0.381856,1.0,-2423.564453
0.381856,1.0,-2428.478516
0.382049,1.0,-2424.470215
0.380595,1.0,-2430.174316
0.380145,1.0,-2423.723145
0.379875,1.0,-2428.289551
0.38001,1.0,-2428.478027
0.38001,1.0,-2424.84082
0.379337,1.0,-2424.712891
0.379154,1.0,-2428.824463
0.379154,1.0,-2424.973145
0.379154,1.0,-2424.748535
0.379154,1.0,-2423.353271
0.379753,1.0,-2424.77832
0.378249,1.0,-2420.059082
0.378169,1.0,-2424.703613
0.378169,1.0,-2423.698242
0.37914,1.0,-2431.08667
0.378574,1.0,-2434.521484
0.378574,1.0,-2425.647217
0.378574,1.0,-2426.963867
0.378306,1.0,-2423.205078
0.378564,1.0,-2426.837158
0.378087,1.0,-2425.93457
0.378225,1.0,-2430.736328
0.376479,1.0,-2431.033691
0.37516,1.0,-2425.461914
0.37516,1.0,-2440.284668
0.37516,1.0,-2427.245605
0.374671,1.0,-2428.218018
0.374671,1.0,-2423.252686
0.374751,1.0,-2426.144775
0.37503,1.0,-2425.692871
0.375376,1.0,-2427.255127
0.375376,1.0,-2424.607422
0.375649,1.0,-2426.771484
0.375768,1.0,-2423.200684
0.375768,1.0,-2426.083496
0.376625,1.0,-2427.48877
0.377623,1.0,-2430.324219
0.376762,1.0,-2428.544922
0.376711,1.0,-2427.239746
0.376333,1.0,-2424.673096
0.376333,1.0,-2427.571289
0.376333,1.0,-2421.833008
0.376333,1.0,-2427.179932
0.377352,1.0,-2426.353027
0.377826,1.0,-2425.688965
0.379128,1.0,-2426.213867
0.379128,1.0,-2427.200195
0.379762,1.0,-2424.476318
0.379814,1.0,-2421.284668
0.379814,1.0,-2423.341797
0.381007,1.0,-2426.087891
0.379989,1.0,-2425.128418
0.378535,1.0,-2428.782715
0.378259,1.0,-2423.195312
0.37811,1.0,-2420.241211
0.379578,1.0,-2422.76709
0.379452,1.0,-2432.180176
0.3789,1.0,-2426.061035
0.379451,1.0,-2431.565186
0.379451,1.0,-2423.986328
0.379451,1.0,-2424.888916
0.379287,1.0,-2420.998047
0.379287,1.0,-2431.450439
0.379775,1.0,-2420.7771
0.379775,1.0,-2426.903809
0.379775,1.0,-2421.916504
0.380129,1.0,-2427.316162
0.380082,1.0,-2423.062988
0.377427,1.0,-2426.325439
0.376666,1.0,-2429.319336
0.377982,1.0,-2426.69873
0.377982,1.0,-2425.25293
0.377982,1.0,-2426.198975
0.37877,1.0,-2426.458008
0.37877,1.0,-2423.108398
0.37877,1.0,-2423.788574
0.377288,1.0,-2424.949463
0.377288,1.0,-2423.10498
0.377327,1.0,-2424.699707
0.378954,1.0,-2422.796387
0.378984,1.0,-2425.882324
0.378984,1.0,-2426.86084
0.378984,1.0,-2428.46875
0.380992,1.0,-2423.720703
0.380992,1.0,-2420.82251
0.381273,1.0,-2424.32251
0.381273,1.0,-2427.705811
0.381273,1.0,-2424.663574
0.381273,1.0,-2422.120117
0.380605,1.0,-2427.466797
0.380605,1.0,-2428.103271
0.381321,1.0,-2425.128174
0.381321,1.0,-2431.616699
0.381321,1.0,-2427.090332
0.381321,1.0,-2424.640625
0.381321,1.0,-2426.605713
0.381321,1.0,-2426.935303
0.379629,1.0,-2428.624756
0.379629,1.0,-2421.068848
0.379776,1.0,-2423.366699
0.379868,1.0,-2426.927246
0.379868,1.0,-2426.806641
0.379612,1.0,-2426.185303
0.379612,1.0,-2426.560791
0.379612,1.0,-2423.856934
0.378163,1.0,-2425.916016
0.37941,1.0,-2424.439697
0.37941,1.0,-2419.020752
0.37731,1.0,-2426.114746
0.376482,1.0,-2428.09668
0.376482,1.0,-2430.084717
0.375526,1.0,-2431.318848
0.375526,1.0,-2427.423828
0.374705,1.0,-2421.724609
0.374705,1.0,-2426.976562
0.374705,1.0,-2426.384521
0.374705,1.0,-2424.678711
0.374705,1.0,-2427.811035
0.374705,1.0,-2429.032227
0.374705,1.0,-2429.540283
0.374705,1.0,-2425.73291
0.374705,1.0,-2427.643066
0.374705,1.0,-2427.647217
0.374705,1.0,-2423.392822
0.374687,1.0,-2428.73584
0.374874,1.0,-2426.17627
0.377121,1.0,-2426.270508
0.377121,1.0,-2424.025635
0.377152,1.0,-2427.561035
0.377826,1.0,-2425.153809
0.377826,1.0,-2429.225342
0.377826,1.0,-2424.538086
0.377826,1.0,-2422.561035
0.377788,1.0,-2429.327637
0.377788,1.0,-2424.999023
0.377788,1.0,-2429.083496
0.377788,1.0,-2424.808105
0.377524,1.0,-2426.311523
0.379122,1.0,-2423.123535
0.379122,1.0,-2422.191406
0.379924,1.0,-2428.455078
0.379924,1.0,-2424.163574
0.380169,1.0,-2429.834961
0.380156,1.0,-2421.360352
0.380156,1.0,-2420.775879
0.380156,1.0,-2426.874512
0.380156,1.0,-2423.852051
0.380043,1.0,-2432.322754
0.380043,1.0,-2427.682617
0.380043,1.0,-2427.036377
0.380043,1.0,-2426.23877
0.380043,1.0,-2427.943848
0.379275,1.0,-2424.671631
0.379275,1.0,-2428.154785
0.379275,1.0,-2424.634521
0.379275,1.0,-2421.83667
0.377138,1.0,-2429.340332
0.377052,1.0,-2429.744141
0.376551,1.0,-2424.568848
0.376497,1.0,-2422.571777
0.376497,1.0,-2424.327393
0.376542,1.0,-2426.376221
0.376876,1.0,-2422.479492
0.376876,1.0,-2423.053711
0.377935,1.0,-2424.145752
0.377935,1.0,-2424.01709
0.377704,1.0,-2430.333984
0.377313,1.0,-2423.100098
0.377313,1.0,-2424.435303
0.375159,1.0,-2429.750244
0.37415,1.0,-2426.401367
0.374371,1.0,-2426.870117
0.374371,1.0,-2425.541504
0.376222,1.0,-2422.969727
0.376838,1.0,-2423.573975
0.376838,1.0,-2422.893066
0.376305,1.0,-2422.894531
0.375117,1.0,-2431.385986
0.376293,1.0,-2424.411865
0.377529,1.0,-2428.029785
0.37659,1.0,-2425.513184
0.37659,1.0,-2427.401123
0.37659,1.0,-2425.443359
0.37659,1.0,-2428.219482
0.37659,1.0,-2428.04834
0.37659,1.0,-2432.71875
0.377495,1.0,-2423.155273
0.378454,1.0,-2423.557129
0.378454,1.0,-2424.967285
0.379928,1.0,-2424.106201
0.379928,1.0,-2425.576416
0.379928,1.0,-2425.802246
0.380868,1.0,-2426.995605
0.380331,1.0,-2427.697266
0.379476,1.0,-2428.916016
0.377426,1.0,-2426.224365
0.377426,1.0,-2420.701172
0.375845,1.0,-2426.752686
0.375845,1.0,-2423.300781
0.375845,1.0,-2425.324707
0.375845,1.0,-2426.015137
0.376548,1.0,-2428.568848
0.376858,1.0,-2428.092773
0.37773,1.0,-2428.206543
0.377132,1.0,-2424.82666
0.377867,1.0,-2424.195068
0.377867,1.0,-2421.523193
0.376401,1.0,-2427.577148
0.376401,1.0,-2428.970703
0.376876,1.0,-2424.269775
0.377241,1.0,-2422.4104
0.377241,1.0,-2427.456787
0.375158,1.0,-2427.160889
0.375158,1.0,-2421.146729
0.375158,1.0,-2426.869629
0.375158,1.0,-2425.193848
0.375158,1.0,-2425.867676
0.37527,1.0,-2426.274414
0.37527,1.0,-2420.039551
0.37527,1.0,-2423.776611
0.37527,1.0,-2424.439941
0.374594,1.0,-2423.856445
0.374594,1.0,-2426.68335
0.374594,1.0,-2425.845459
0.374594,1.0,-2430.076172
0.373376,1.0,-2426.452393
0.373376,1.0,-2426.172363
0.374867,1.0,-2426.222656
0.375342,1.0,-2425.211914
0.376182,1.0,-2425.829102
0.376976,1.0,-2428.487793
0.376976,1.0,-2423.499512
0.376976,1.0,-2427.509766
0.376874,1.0,-2419.22998
0.376874,1.0,-2423.769531
0.376799,1.0,-2428.347412
0.376799,1.0,-2426.983887
0.376799,1.0,-2424.6875
0.376799,1.0,-2427.082764
0.376856,1.0,-2423.567627
0.376033,1.0,-2432.172363
0.375108,1.0,-2426.849121
0.374624,1.0,-2421.363281
0.374587,1.0,-2422.439941
0.376655,1.0,-2427.094238
0.376655,1.0,-2420.241211
0.376024,1.0,-2425.266113
0.376024,1.0,-2422.073486
0.376024,1.0,-2424.180664
0.376615,1.0,-2425.029785
0.376513,1.0,-2428.032715
0.376775,1.0,-2424.163818
0.376763,1.0,-2426.875244
0.375752,1.0,-2423.81665
0.375752,1.0,-2429.469238
0.377089,1.0,-2426.544434
0.379478,1.0,-2426.25
0.379478,1.0,-2424.955566
0.381005,1.0,-2424.939697
0.381005,1.0,-2424.246094
0.381005,1.0,-2427.564453
0.381215,1.0,-2426.391113
0.381215,1.0,-2424.587646
0.381215,1.0,-2428.038574
0.382451,1.0,-2429.313477
0.383753,1.0,-2426.307617
0.383423,1.0,-2430.986328
0.382438,1.0,-2423.45459
0.383772,1.0,-2424.844238
0.38269,1.0,-2420.224121
0.382213,1.0,-2427.735352
0.381915,1.0,-2428.492188
0.383168,1.0,-2423.673828
0.383168,1.0,-2427.543701
0.384712,1.0,-2424.945801
0.38403,1.0,-2423.771973
0.384228,1.0,-2425.409668
0.385321,1.0,-2424.564453
0.385321,1.0,-2427.104492
0.384889,1.0,-2422.733154
0.384972,1.0,-2424.955078
0.384972,1.0,-2424.474609
0.386522,1.0,-2429.503906
0.386252,1.0,-2425.974609
0.3849,1.0,-2429.081055
0.3849,1.0,-2426.837402
0.3849,1.0,-2423.373047
0.385495,1.0,-2429.288818
0.385813,1.0,-2424.585449
0.385813,1.0,-2426.32373
0.382865,1.0,-2425.953613
0.383257,1.0,-2424.722656
0.383257,1.0,-2424.777832
0.383257,1.0,-2427.187012
0.38347,1.0,-2418.233887
0.38347,1.0,-2429.635742
0.38347,1.0,-2428.929199
0.38347,1.0,-2426.93457
0.384692,1.0,-2426.397949
0.382484,1.0,-2426.447021
0.384404,1.0,-2427.24292
0.383962,1.0,-2425.837158
0.385312,1.0,-2428.623047
0.385254,1.0,-2428.902344
0.385254,1.0,-2423.904785
0.385424,1.0,-2430.009277
0.385424,1.0,-2426.806152
0.385298,1.0,-2424.025879
0.386001,1.0,-2430.32373
0.38704,1.0,-2424.80835
0.38704,1.0,-2423.287842
0.38704,1.0,-2423.960449
0.38704,1.0,-2427.276855
0.386913,1.0,-2422.526123
0.386935,1.0,-2427.231934
0.386935,1.0,-2428.568848
0.387415,1.0,-2427.251465
0.386436,1.0,-2427.038574
0.38732,1.0,-2430.560059
0.386616,1.0,-2421.255371
0.386317,1.0,-2419.0354
0.386827,1.0,-2426.271973
0.386706,1.0,-2431.587402
0.3861,1.0,-2418.418945
0.385971,1.0,-2420.439941
0.384068,1.0,-2425.384766
0.384166,1.0,-2420.975098
0.384166,1.0,-2425.392578
0.38489,1.0,-2424.196777
0.384267,1.0,-2426.196777
0.384267,1.0,-2425.234619
0.384267,1.0,-2426.443848
0.384145,1.0,-2427.02002
0.383182,1.0,-2425.022461
0.383182,1.0,-2428.987305
0.383182,1.0,-2420.399414
0.383529,1.0,-2422.505859
0.383437,1.0,-2423.8396
0.383437,1.0,-2426.518311
0.383437,1.0,-2422.000977
0.385163,1.0,-2427.388672
0.384837,1.0,-2422.564941
0.383639,1.0,-2426.275879
0.383639,1.0,-2421.505371
0.383639,1.0,-2423.73291
0.383639,1.0,-2426.591797
0.383639,1.0,-2425.946777
0.382116,1.0,-2426.30542
0.382116,1.0,-2428.547607
0.382116,1.0,-2425.736328
0.381898,1.0,-2421.831299
0.381201,1.0,-2425.929688
0.381478,1.0,-2425.782227
0.383397,1.0,-2425.29834
0.383397,1.0,-2421.458984
0.383397,1.0,-2427.902832
0.383398,1.0,-2418.044189
0.383398,1.0,-2423.210449
0.383398,1.0,-2420.36792
0.384503,1.0,-2425.28833
0.383927,1.0,-2424.769043
0.383927,1.0,-2423.230469
0.383927,1.0,-2423.311768
0.383927,1.0,-2425.229492
0.384793,1.0,-2421.380127
0.385494,1.0,-2426.907227
0.385494,1.0,-2423.48999
0.385494,1.0,-2424.988525
0.385686,1.0,-2425.222412
0.385686,1.0,-2428.619629
0.385686,1.0,-2424.125244
0.385686,1.0,-2425.204834
0.385313,1.0,-2429.264648
0.385313,1.0,-2423.513916
0.385313,1.0,-2427.10791
0.385187,1.0,-2428.664062
0.386326,1.0,-2426.087891
0.386326,1.0,-2424.32251
0.387401,1.0,-2422.119629
0.387401,1.0,-2425.697266
0.387401,1.0,-2423.688232
0.385943,1.0,-2425.369629
0.38648,1.0,-2429.343018
0.38648,1.0,-2420.900879
0.38648,1.0,-2428.743652
0.38648,1.0,-2424.191406
0.384658,1.0,-2421.334961
0.384658,1.0,-2424.705078
0.383803,1.0,-2419.67041
0.383803,1.0,-2422.799805
0.382276,1.0,-2424.397461
0.382,1.0,-2422.875
0.38292,1.0,-2419.928223
0.38292,1.0,-2422.326416
0.382082,1.0,-2424.620361
0.380349,1.0,-2432.209717
0.380349,1.0,-2423.58374
0.380349,1.0,-2428.674316
0.37849,1.0,-2431.70166
0.37849,1.0,-2422.455566
0.37849,1.0,-2424.474121
0.37849,1.0,-2428.649902
0.377625,1.0,-2428.025879
0.376543,1.0,-2428.530762
0.376543,1.0,-2428.625977
0.376543,1.0,-2425.885742
0.375788,1.0,-2424.276855
0.374224,1.0,-2422.213379
0.374224,1.0,-2426.361572
0.375665,1.0,-2423.887451
0.377082,1.0,-2422.415283
0.376278,1.0,-2427.061279
0.3758,1.0,-2425.670898
0.375269,1.0,-2425.814697
0.374437,1.0,-2424.080811
0.374437,1.0,-2427.170898
0.374437,1.0,-2428.052246
0.374907,1.0,-2429.835449
0.375321,1.0,-2429.141846
0.374853,1.0,-2423.952637
0.374613,1.0,-2422.762695
0.375781,1.0,-2427.230469
0.375781,1.0,-2429.509277
0.376111,1.0,-2423.310059
0.374327,1.0,-2422.964355
0.374327,1.0,-2421.761719
0.373471,1.0,-2423.944336
0.373471,1.0,-2428.850098
0.374498,1.0,-2429.490234
0.374498,1.0,-2428.201904
0.374498,1.0,-2426.812012
0.373864,1.0,-2427.618408
0.37377,1.0,-2428.332275
0.373597,1.0,-2430.063477
0.372718,1.0,-2427.054932
0.37194,1.0,-2420.929199
0.372187,1.0,-2425.727051
0.372187,1.0,-2428.476562
0.372187,1.0,-2424.716309
0.372187,1.0,-2423.708496
0.372187,1.0,-2421.496094
0.372692,1.0,-2423.876465
0.372692,1.0,-2421.55127
0.372991,1.0,-2427.993408
0.372991,1.0,-2425.424805
0.372991,1.0,-2424.415039
0.372498,1.0,-2424.942383
0.372498,1.0,-2430.54126
0.373566,1.0,-2427.993652
0.375165,1.0,-2425.318115
0.375165,1.0,-2427.152344
0.37412,1.0,-2426.085938
0.37412,1.0,-2425.814697
0.37412,1.0,-2427.529541
0.372858,1.0,-2425.891113
0.374852,1.0,-2431.643555
0.376038,1.0,-2427.797119
0.376038,1.0,-2428.026611
0.376038,1.0,-2424.094238
0.376038,1.0,-2432.439941
0.376665,1.0,-2425.764404
0.375598,1.0,-2423.818604
0.376371,1.0,-2424.323486
0.376371,1.0,-2425.307617
0.376371,1.0,-2423.631348
0.377775,1.0,-2423.54248
0.377971,1.0,-2424.002686
0.377088,1.0,-2422.912354
0.37789,1.0,-2422.713867
0.37789,1.0,-2421.955566
0.377739,1.0,-2421.369385
0.377739,1.0,-2427.378906
0.378002,1.0,-2420.254883
0.3775,1.0,-2426.765869
0.377196,1.0,-2426.123535
0.377196,1.0,-2421.262695
0.376072,1.0,-2425.283203
0.376072,1.0,-2431.79248
0.376072,1.0,-2431.064941
0.376072,1.0,-2425.759033
0.376072,1.0,-2429.303467
0.377181,1.0,-2428.094238
0.377181,1.0,-2426.44873
0.377181,1.0,-2420.476562
0.377181,1.0,-2426.452637
0.376912,1.0,-2425.612793
0.376912,1.0,-2430.218262
0.376912,1.0,-2425.732178
0.37681,1.0,-2428.598633
0.375589,1.0,-2427.64502
0.37509,1.0,-2424.498535
0.37509,1.0,-2426.115234
0.37462,1.0,-2428.868408
0.373529,1.0,-2425.175293
0.373529,1.0,-2427.710449
0.373938,1.0,-2426.264648
0.373938,1.0,-2424.748047
0.373938,1.0,-2425.007568
0.373716,1.0,-2431.562988
0.374361,1.0,-2418.050781
0.374555,1.0,-2432.277344
0.374555,1.0,-2424.064453
0.374894,1.0,-2423.044434
0.373946,1.0,-2426.322754
0.373751,1.0,-2422.98999
0.373529,1.0,-2431.415527
0.373529,1.0,-2426.930664
0.373529,1.0,-2425.506836
0.373127,1.0,-2426.924805
0.373127,1.0,-2429.882812
0.373127,1.0,-2428.094238
0.371776,1.0,-2428.877686
0.37272,1.0,-2430.057129
0.371242,1.0,-2426.977783
0.371242,1.0,-2429.464844
0.371604,1.0,-2427.334961
0.371604,1.0,-2431.053711
0.371352,1.0,-2422.779053
0.371747,1.0,-2429.867188
0.373798,1.0,-2423.896484
0.373798,1.0,-2425.449707
0.373798,1.0,-2427.709473
0.372231,1.0,-2429.475098
0.372231,1.0,-2427.546875
0.372231,1.0,-2424.638672
0.373357,1.0,-2420.946289
0.372881,1.0,-2419.461914
0.372881,1.0,-2425.44873
0.374703,1.0,-2425.852539
0.374703,1.0,-2427.078613
0.375205,1.0,-2430.506836
0.375205,1.0,-2427.446777
0.375205,1.0,-2432.977539
0.375205,1.0,-2424.387207
0.375844,1.0,-2426.468506
0.37577,1.0,-2426.938965
0.375101,1.0,-2428.459229
0.374678,1.0,-2427.585693
0.374639,1.0,-2422.479492
0.375018,1.0,-2428.227051
0.375018,1.0,-2420.333252
0.375018,1.0,-2429.53125
0.375018,1.0,-2429.456543
0.375018,1.0,-2427.054932
0.375018,1.0,-2428.547852
0.375018,1.0,-2430.459229
0.376309,1.0,-2429.120117
0.376309,1.0,-2427.705322
0.376309,1.0,-2428.196777
0.377022,1.0,-2427.316895
0.376557,1.0,-2424.224121
0.376547,1.0,-2422.702148
0.376233,1.0,-2425.588623
0.375372,1.0,-2424.565674
0.375372,1.0,-2425.118164
0.374899,1.0,-2426.199707
0.374899,1.0,-2425.512695
0.373426,1.0,-2424.142578
0.373152,1.0,-2430.407227
0.373152,1.0,-2428.776123
0.374342,1.0,-2421.932129
0.374342,1.0,-2427.344727
0.374342,1.0,-2424.642822
0.37318,1.0,-2428.155762
0.372163,1.0,-2422.260986
0.372163,1.0,-2430.34082
0.37178,1.0,-2425.976074
0.37178,1.0,-2431.972168
0.37178,1.0,-2426.500732
0.37312,1.0,-2431.77417
0.373646,1.0,-2430.87793
0.375229,1.0,-2423.879883
0.375278,1.0,-2426.886719
0.375061,1.0,-2426.882812
0.37621,1.0,-2428.186523
0.376002,1.0,-2429.330566
0.376002,1.0,-2427.020752
0.376095,1.0,-2431.266357
0.376095,1.0,-2423.733154
0.376095,1.0,-2427.340576
0.376095,1.0,-2422.244141
0.375482,1.0,-2423.263672
0.375482,1.0,-2428.680664
0.375482,1.0,-2423.264404
0.374691,1.0,-2429.475098
0.374691,1.0,-2428.19043
0.374126,1.0,-2423.393311
0.373789,1.0,-2424.939697
0.373428,1.0,-2423.764893
0.373428,1.0,-2423.888184
0.373428,1.0,-2426.316895
0.373366,1.0,-2421.473877
0.373366,1.0,-2424.2771
0.373366,1.0,-2426.903809
0.373366,1.0,-2427.963623
0.371087,1.0,-2429.791504
0.372343,1.0,-2428.759033
0.373181,1.0,-2429.056641
0.373181,1.0,-2423.234375
0.373181,1.0,-2426.415527
0.373083,1.0,-2423.47998
0.373083,1.0,-2429.341553
0.371758,1.0,-2426.526855
0.371758,1.0,-2428.499023
0.371508,1.0,-2424.424316
0.371508,1.0,-2431.537598
0.371508,1.0,-2428.538574
0.371629,1.0,-2436.501709
0.372058,1.0,-2426.743408
0.372058,1.0,-2428.496582
0.373585,1.0,-2427.363037
0.374126,1.0,-2429.57373
0.374126,1.0,-2425.464111
0.373631,1.0,-2424.821289
0.373631,1.0,-2424.523926
0.375368,1.0,-2427.69043
0.375424,1.0,-2431.129395
0.375424,1.0,-2425.234863
0.375424,1.0,-2424.525391
0.375424,1.0,-2423.315918
0.375424,1.0,-2425.605713
0.37464,1.0,-2423.503906
0.37464,1.0,-2424.202637
0.37464,1.0,-2433.314453
0.37531,1.0,-2433.869873
0.37531,1.0,-2430.54126
0.376247,1.0,-2422.536133
0.376247,1.0,-2427.964844
0.376247,1.0,-2427.478516
0.376247,1.0,-2431.56543
0.376247,1.0,-2431.8479
0.376247,1.0,-2428.121094
0.376247,1.0,-2426.851562
0.37506,1.0,-2427.665771
0.375605,1.0,-2427.539551
0.375605,1.0,-2432.768066
0.376964,1.0,-2430.344727
0.377921,1.0,-2418.27002
0.377921,1.0,-2422.952881
0.376202,1.0,-2420.555176
0.375588,1.0,-2428.46167
0.375588,1.0,-2428.624512
0.375576,1.0,-2422.729492
0.375576,1.0,-2426.028809
0.375112,1.0,-2425.146484
0.375991,1.0,-2425.009766
0.373293,1.0,-2426.601074
0.373293,1.0,-2429.865234
0.373293,1.0,-2429.28418
0.373293,1.0,-2430.525635
0.373828,1.0,-2423.383301
0.373828,1.0,-2427.981934
0.373828,1.0,-2424.873047
0.373828,1.0,-2432.032471
0.373828,1.0,-2430.926758
0.37362,1.0,-2426.174561
0.37362,1.0,-2427.959961
0.37362,1.0,-2424.654297
0.372342,1.0,-2428.82666
0.372342,1.0,-2428.489746
0.372342,1.0,-2424.998535
0.371175,1.0,-2427.085693
0.371117,1.0,-2428.240234
0.371117,1.0,-2426.356934
0.371117,1.0,-2431.332275
0.371117,1.0,-2430.45459
0.371957,1.0,-2428.284668
0.371278,1.0,-2424.980469
0.370275,1.0,-2426.720703
0.370275,1.0,-2427.12793
0.370275,1.0,-2427.572998
0.371555,1.0,-2433.862793
0.371912,1.0,-2431.696289
0.371431,1.0,-2427.069824
0.373431,1.0,-2428.832031
0.373431,1.0,-2427.511963
0.373191,1.0,-2427.326172
0.372629,1.0,-2428.393555
0.371468,1.0,-2421.600586
0.372507,1.0,-2422.407715
0.372811,1.0,-2428.658447
0.372811,1.0,-2428.388672
0.372639,1.0,-2426.680908
0.371177,1.0,-2429.168945
0.371177,1.0,-2422.430176
0.371524,1.0,-2430.868652
0.371228,1.0,-2425.34375
0.372312,1.0,-2427.401367
0.371972,1.0,-2429.085205
0.372866,1.0,-2429.589355
0.372866,1.0,-2428.635742
0.372697,1.0,-2424.324219
0.372697,1.0,-2430.260742
0.371648,1.0,-2429.068848
0.372094,1.0,-2422.492676
0.370161,1.0,-2423.96875
0.370161,1.0,-2428.225586
0.370161,1.0,-2426.627441
0.370161,1.0,-2431.337891
0.371326,1.0,-2428.821533
0.371326,1.0,-2425.176758
0.370828,1.0,-2429.528809
0.370828,1.0,-2431.332275
0.369667,1.0,-2426.707031
0.366934,1.0,-2428.393799
0.366934,1.0,-2430.481445
0.365976,1.0,-2432.439453
0.365976,1.0,-2428.351562
0.364358,1.0,-2432.920898
0.364231,1.0,-2435.760254
0.364293,1.0,-2424.692871
0.3641,1.0,-2436.098389
0.3641,1.0,-2428.378418
0.364244,1.0,-2427.574219
0.363776,1.0,-2434.009277
0.363776,1.0,-2432.795898
0.363238,1.0,-2430.208496
0.363238,1.0,-2437.724121
0.360995,1.0,-2432.460938
0.3613,1.0,-2434.136475
0.362951,1.0,-2436.411377
0.362951,1.0,-2443.797363
0.362951,1.0,-2430.480225
0.363491,1.0,-2436.692871
0.363506,1.0,-2427.536133
0.363487,1.0,-2424.067139
0.363487,1.0,-2428.633789
0.365182,1.0,-2434.774414
0.365182,1.0,-2432.848633
0.365182,1.0,-2429.483154
0.364449,1.0,-2424.789307
0.367187,1.0,-2426.554443
0.366985,1.0,-2436.267578
0.366985,1.0,-2432.356934
0.366985,1.0,-2427.881104
0.366985,1.0,-2431.693359
0.367454,1.0,-2428.308105
0.369232,1.0,-2426.103516
0.369954,1.0,-2429.192871
0.369954,1.0,-2424.68335
0.371266,1.0,-2426.846924
0.371266,1.0,-2426.910889
0.371266,1.0,-2428.631836
0.371147,1.0,-2429.996582
0.370852,1.0,-2436.270996
0.370987,1.0,-2429.947266
0.371474,1.0,-2426.273438
0.371474,1.0,-2428.621582
0.371973,1.0,-2427.59375
0.370996,1.0,-2427.553711
0.371216,1.0,-2425.322266
0.371216,1.0,-2426.328613
0.371216,1.0,-2424.599365
0.371794,1.0,-2428.568848
0.371794,1.0,-2425.68335
0.373155,1.0,-2426.217773
0.373255,1.0,-2430.940186
0.373255,1.0,-2423.275879
0.373255,1.0,-2422.831787
0.375898,1.0,-2422.94458
0.375898,1.0,-2428.171875
0.376616,1.0,-2429.272461
0.377882,1.0,-2426.702881
0.377988,1.0,-2429.228027
0.377988,1.0,-2427.232422
0.378988,1.0,-2423.110107
0.378423,1.0,-2422.443359
0.377663,1.0,-2428.06543
0.376708,1.0,-2425.813965
0.376708,1.0,-2425.570801
0.376415,1.0,-2425.139404
0.376415,1.0,-2425.675049
0.377454,1.0,-2426.876953
0.377454,1.0,-2422.134521
0.376462,1.0,-2429.952148
0.375851,1.0,-2426.088379
0.375851,1.0,-2427.002686
0.375851,1.0,-2433.298096
0.374403,1.0,-2434.873291
0.373913,1.0,-2426.087402
0.373156,1.0,-2425.962402
0.373346,1.0,-2424.571289
0.374004,1.0,-2427.933594
0.374004,1.0,-2426.291992
0.374004,1.0,-2430.575684
0.374004,1.0,-2425.698242
0.374004,1.0,-2423.873291
0.372192,1.0,-2424.311035
0.372192,1.0,-2421.416504
0.374667,1.0,-2425.884033
0.374364,1.0,-2429.497559
0.375553,1.0,-2426.597412
0.374831,1.0,-2427.057129
0.374249,1.0,-2425.942871
0.374249,1.0,-2427.814453
0.374249,1.0,-2426.09668
0.373182,1.0,-2431.412109
0.373182,1.0,-2428.618652
0.373182,1.0,-2426.76123
0.373182,1.0,-2428.746338
0.373509,1.0,-2429.325684
0.374223,1.0,-2426.95166
0.37447,1.0,-2423.681885
0.37447,1.0,-2427.555176
0.374815,1.0,-2431.208496
0.374887,1.0,-2427.030029
0.375123,1.0,-2425.845459
0.374674,1.0,-2424.640137
0.37539,1.0,-2423.263184
0.37539,1.0,-2426.394043
0.37539,1.0,-2425.408203
0.37539,1.0,-2427.509766
0.37495,1.0,-2424.504639
0.37495,1.0,-2426.490723
0.372903,1.0,-2430.754395
0.374381,1.0,-2425.055176
0.374381,1.0,-2425.837402
0.373769,1.0,-2422.460449
0.373769,1.0,-2427.734375
0.373769,1.0,-2425.937256
0.374789,1.0,-2425.565186
0.375773,1.0,-2427.5
0.375773,1.0,-2426.694336
0.375773,1.0,-2425.444336
0.375773,1.0,-2422.109131
0.375842,1.0,-2425.855469
0.375842,1.0,-2424.979004
0.375606,1.0,-2425.60791
0.375606,1.0,-2426.112549
0.375171,1.0,-2424.764893
0.375171,1.0,-2424.219238
0.375171,1.0,-2426.354248
0.375171,1.0,-2431.374512
0.375171,1.0,-2426.695312
0.375171,1.0,-2426.004883
0.375171,1.0,-2418.191895
0.376098,1.0,-2427.92334
0.376098,1.0,-2428.418457
0.376098,1.0,-2430.854492
0.376098,1.0,-2432.316406
0.376987,1.0,-2428.009277
0.375301,1.0,-2424.524902
0.374518,1.0,-2427.981445
0.372943,1.0,-2424.087402
0.372943,1.0,-2426.218262
0.375128,1.0,-2424.843018
0.376092,1.0,-2424.099121
0.375343,1.0,-2424.798096
0.375343,1.0,-2424.233643
0.374992,1.0,-2424.091309
0.373822,1.0,-2427.282227
0.374308,1.0,-2427.279785
0.374057,1.0,-2427.819824
0.374391,1.0,-2426.848145
0.373525,1.0,-2427.12793
0.373454,1.0,-2426.005127
0.373454,1.0,-2429.019043
0.373454,1.0,-2423.843262
0.373454,1.0,-2429.560059
0.373454,1.0,-2425.250488
0.373996,1.0,-2428.658691
0.374421,1.0,-2429.050049
0.373707,1.0,-2427.760254
0.374027,1.0,-2423.646484
0.372698,1.0,-2428.308594
0.371773,1.0,-2428.536377
0.371773,1.0,-2426.739258
0.371565,1.0,-2430.26123
0.37277,1.0,-2423.253418
0.371781,1.0,-2426.352783
0.371652,1.0,-2427.32959
0.371253,1.0,-2430.684814
0.371253,1.0,-2421.723633
0.371253,1.0,-2422.371094
0.371253,1.0,-2427.30542
0.370758,1.0,-2432.509033
0.37087,1.0,-2428.388672
0.369968,1.0,-2425.339355
0.371772,1.0,-2422.604248
0.371772,1.0,-2427.103516
0.371545,1.0,-2424.291504
0.371545,1.0,-2422.182861
0.370541,1.0,-2425.006836
0.370541,1.0,-2431.509277
0.370541,1.0,-2423.599365
0.371051,1.0,-2427.80835
0.372563,1.0,-2424.658936
0.37286,1.0,-2432.374512
0.373214,1.0,-2426.340332
0.371764,1.0,-2423.45459
0.372939,1.0,-2428.493164
0.372939,1.0,-2428.554443
0.373169,1.0,-2426.054688
0.373169,1.0,-2423.769043
0.373169,1.0,-2428.600098
0.373218,1.0,-2428.486816
0.373218,1.0,-2428.617188
0.373404,1.0,-2426.5
0.373446,1.0,-2429.105957
0.375532,1.0,-2422.233398
0.375622,1.0,-2429.552246
0.375512,1.0,-2424.964844
0.376718,1.0,-2429.00293
0.376718,1.0,-2421.443115
0.375683,1.0,-2421.837646
0.375683,1.0,-2425.618164
0.375683,1.0,-2422.300537
0.376282,1.0,-2421.516113
0.375999,1.0,-2424.458008
0.378254,1.0,-2424.738281
0.377101,1.0,-2430.774902
0.375248,1.0,-2426.048096
0.375248,1.0,-2425.798828
0.376743,1.0,-2431.020508
0.376743,1.0,-2422.077637
0.376743,1.0,-2426.88623
0.376743,1.0,-2426.150391
0.376743,1.0,-2429.095215
0.377169,1.0,-2422.217773
0.377169,1.0,-2424.624512
0.377169,1.0,-2426.0979
0.377169,1.0,-2429.039551
0.377169,1.0,-2426.229492
0.376928,1.0,-2426.757324
0.379018,1.0,-2424.333984
0.379702,1.0,-2427.770996
0.379702,1.0,-2428.380371
0.381016,1.0,-2423.645264
0.380818,1.0,-2421.741211
0.381304,1.0,-2421.878662
0.381304,1.0,-2421.443848
0.381304,1.0,-2426.195557
0.38141,1.0,-2428.617188
0.382661,1.0,-2430.499512
0.382043,1.0,-2421.070312
0.380905,1.0,-2425.450684
0.378421,1.0,-2428.894043
0.378421,1.0,-2425.539307
0.378272,1.0,-2426.249512
0.378272,1.0,-2424.929932
0.378272,1.0,-2423.549561
0.377955,1.0,-2423.091797
0.377955,1.0,-2421.562988
0.377868,1.0,-2425.227539
0.379807,1.0,-2423.6875
0.380035,1.0,-2430.181152
0.379582,1.0,-2427.681885
0.380073,1.0,-2425.856934
0.379522,1.0,-2420.880859
0.379379,1.0,-2429.255615
0.378323,1.0,-2424.896973
0.378323,1.0,-2423.748535
0.379083,1.0,-2425.680176
0.376816,1.0,-2430.154053
0.377407,1.0,-2423.598633
0.377797,1.0,-2424.178467
0.376712,1.0,-2426.998779
0.376712,1.0,-2423.876953
0.375858,1.0,-2426.676025
0.375858,1.0,-2424.917969
0.375865,1.0,-2420.706055
0.375865,1.0,-2425.527344
0.375703,1.0,-2426.77832
0.375043,1.0,-2428.083252
0.375043,1.0,-2423.566895
0.374397,1.0,-2429.438965
0.374397,1.0,-2425.971191
0.374262,1.0,-2427.177246
0.375556,1.0,-2427.769775
0.37768,1.0,-2419.730469
0.37799,1.0,-2433.958984
0.37799,1.0,-2428.743408
0.37799,1.0,-2431.393799
0.376935,1.0,-2430.28125
0.376215,1.0,-2425.432861
0.376155,1.0,-2426.568359
0.376498,1.0,-2427.51123
0.377175,1.0,-2426.437012
0.377782,1.0,-2429.255371
0.377782,1.0,-2424.781738
0.377782,1.0,-2427.467529
0.377782,1.0,-2424.068359
0.378051,1.0,-2428.256348
0.378636,1.0,-2428.387939
0.378636,1.0,-2427.903809
0.378764,1.0,-2425.159668
0.378764,1.0,-2429.090332
0.380313,1.0,-2423.082764
0.380313,1.0,-2422.858887
0.380313,1.0,-2427.562744
0.380313,1.0,-2429.414062
0.380313,1.0,-2429.047852
0.381829,1.0,-2424.534424
0.381829,1.0,-2425.452637
0.381829,1.0,-2429.891113
0.381992,1.0,-2423.664795
0.381992,1.0,-2424.091553
0.381992,1.0,-2428.863525
0.381992,1.0,-2424.716797
0.382372,1.0,-2426.818359
0.383059,1.0,-2430.850098
0.381357,1.0,-2423.976562
0.377842,1.0,-2431.529053
0.376811,1.0,-2428.400879
0.377695,1.0,-2429.242432
0.378256,1.0,-2428.752686
0.379804,1.0,-2422.425781
0.379744,1.0,-2426.666504
0.379744,1.0,-2426.408691
0.379744,1.0,-2427.142578
0.379744,1.0,-2427.942383
0.379549,1.0,-2425.866211
0.381074,1.0,-2423.213867
0.381074,1.0,-2422.011719
0.381074,1.0,-2423.89502
0.38138,1.0,-2424.424805
0.381838,1.0,-2426.680664
0.382776,1.0,-2423.264648
0.382776,1.0,-2421.755371
0.383634,1.0,-2426.946289
0.383634,1.0,-2429.758301
0.383634,1.0,-2422.401611
0.383788,1.0,-2425.045898
0.383788,1.0,-2425.277832
0.383817,1.0,-2422.53125
0.383627,1.0,-2427.938965
0.383627,1.0,-2421.326172
0.3841,1.0,-2420.278076
0.3841,1.0,-2421.585449
0.3841,1.0,-2422.23584
0.384651,1.0,-2427.416992
0.38583,1.0,-2421.112305
0.385136,1.0,-2419.118652
0.385136,1.0,-2421.864746
0.384877,1.0,-2425.517578
0.384354,1.0,-2423.115234
0.383549,1.0,-2428.146484
0.383,1.0,-2425.029297
0.383,1.0,-2425.921631
0.383,1.0,-2421.784668
0.382781,1.0,-2426.535645
0.382733,1.0,-2422.114746
0.382047,1.0,-2424.944092
0.384784,1.0,-2426.677979
0.385791,1.0,-2425.518555
0.38527,1.0,-2429.844482
0.385527,1.0,-2427.816162
0.385527,1.0,-2425.282227
0.385527,1.0,-2426.263672
0.38502,1.0,-2428.80127
0.384519,1.0,-2425.199707
0.384519,1.0,-2428.564453
0.384038,1.0,-2423.429688
0.386318,1.0,-2424.230469
0.386318,1.0,-2424.674805
0.385689,1.0,-2426.737793
0.386349,1.0,-2421.563477
0.385961,1.0,-2422.96875
0.386717,1.0,-2428.80957
0.386717,1.0,-2426.382324
0.386717,1.0,-2423.685059
0.386779,1.0,-2424.517334
0.385781,1.0,-2420.459229
0.385781,1.0,-2423.931152
0.385449,1.0,-2425.20459
0.385214,1.0,-2426.213379
0.385496,1.0,-2424.13916
0.384567,1.0,-2426.015137
0.385267,1.0,-2427.30835
0.385267,1.0,-2423.676758
0.38529,1.0,-2421.152588
0.38529,1.0,-2427.642334
0.38529,1.0,-2425.98584
0.386261,1.0,-2420.724854
0.386323,1.0,-2427.48877
0.387179,1.0,-2432.28833
0.387179,1.0,-2421.969727
0.387179,1.0,-2424.290527
0.387179,1.0,-2426.540771
0.386696,1.0,-2430.872559
0.386696,1.0,-2429.955078
0.388272,1.0,-2424.998291
0.388272,1.0,-2427.951904
0.38834,1.0,-2420.32373
0.390086,1.0,-2429.270264
0.38927,1.0,-2424.669434
0.38927,1.0,-2422.081543
0.389956,1.0,-2419.755859
0.39212,1.0,-2423.503906
0.393031,1.0,-2428.364014
0.393031,1.0,-2423.3125
0.393031,1.0,-2422.242188
0.393031,1.0,-2428.213379
0.392512,1.0,-2424.796875
0.392512,1.0,-2425.432373
0.392921,1.0,-2420.90918
0.392921,1.0,-2422.666748
0.394237,1.0,-2429.17749
0.394237,1.0,-2424.094727
0.394913,1.0,-2427.468262
0.396633,1.0,-2423.469727
0.396633,1.0,-2427.108643
0.396824,1.0,-2431.927979
0.397209,1.0,-2434.481934
0.397209,1.0,-2420.852051
0.397209,1.0,-2420.57666
0.397308,1.0,-2423.258789
0.39633,1.0,-2425.587158
0.39633,1.0,-2425.993164
0.397122,1.0,-2428.927734
0.397018,1.0,-2427.948975
0.396313,1.0,-2426.391113
0.394917,1.0,-2425.172852
0.394979,1.0,-2421.845215
0.394575,1.0,-2429.724609
0.394094,1.0,-2425.524658
0.393536,1.0,-2425.598389
0.393536,1.0,-2423.266357
0.392952,1.0,-2420.577148
0.392942,1.0,-2424.38916
0.393175,1.0,-2424.281006
0.393175,1.0,-2421.217773
0.393298,1.0,-2420.408203
0.393095,1.0,-2431.347168
0.391846,1.0,-2432.012695
0.391846,1.0,-2425.242676
0.392881,1.0,-2425.387695
0.390555,1.0,-2426.310059
0.392283,1.0,-2421.375
0.392283,1.0,-2419.888184
0.393467,1.0,-2427.551758
0.391838,1.0,-2426.628418
0.391838,1.0,-2429.476807
0.39115,1.0,-2422.915527
0.392815,1.0,-2423.671387
0.393082,1.0,-2426.078613
0.393082,1.0,-2428.111816
0.393154,1.0,-2425.049072
0.393433,1.0,-2424.040039
0.39313,1.0,-2426.131836
0.390977,1.0,-2420.706787
0.390653,1.0,-2422.474121
0.388855,1.0,-2419.75708
0.387942,1.0,-2425.209229
0.388079,1.0,-2421.198486
0.387086,1.0,-2422.354248
0.386866,1.0,-2425.812988
0.38749,1.0,-2426.66626
0.38824,1.0,-2425.739746
0.387788,1.0,-2423.143555
0.389374,1.0,-2424.466797
0.389374,1.0,-2424.424561
0.389357,1.0,-2425.263184
0.38985,1.0,-2423.862549
0.38985,1.0,-2425.679688
0.38985,1.0,-2426.833496
0.390412,1.0,-2428.179199
0.390412,1.0,-2420.496094
0.391383,1.0,-2428.210938
0.392193,1.0,-2426.425293
0.392152,1.0,-2425.523193
0.392143,1.0,-2421.618652
0.393599,1.0,-2425.909668
0.393098,1.0,-2425.289551
0.392782,1.0,-2429.127441
0.394356,1.0,-2430.305176
0.394387,1.0,-2422.531494
0.393587,1.0,-2421.391113
0.393587,1.0,-2430.240234
0.393587,1.0,-2427.231934
0.393587,1.0,-2422.964355
0.393587,1.0,-2431.109375
0.394352,1.0,-2426.220703
0.393765,1.0,-2422.5354
0.393085,1.0,-2424.010254
0.393085,1.0,-2428.97876
0.392328,1.0,-2431.26709
0.392328,1.0,-2425.169189
0.392328,1.0,-2421.82251
0.392328,1.0,-2423.092773
0.391456,1.0,-2428.762939
0.391456,1.0,-2431.208984
0.393133,1.0,-2420.135986
0.394003,1.0,-2426.156982
0.394003,1.0,-2429.938477
0.39559,1.0,-2424.386719
0.395779,1.0,-2430.532227
0.395106,1.0,-2425.17627
0.395106,1.0,-2424.668457
0.395106,1.0,-2420.207031
0.39447,1.0,-2425.181152
0.394737,1.0,-2424.975586
0.394737,1.0,-2427.035889
0.393982,1.0,-2425.114502
0.394457,1.0,-2426.384277
0.394457,1.0,-2423.372559
0.394457,1.0,-2427.333984
0.394457,1.0,-2424.387695
0.394222,1.0,-2424.775635
0.394222,1.0,-2421.557617
0.392174,1.0,-2428.174072
0.392174,1.0,-2427.557373
0.392174,1.0,-2428.068359
0.392206,1.0,-2423.513672
0.392769,1.0,-2429.286621
0.393117,1.0,-2428.774902
0.393117,1.0,-2424.311523
0.393117,1.0,-2431.595703
0.393117,1.0,-2426.195312
0.393024,1.0,-2425.764648
0.393024,1.0,-2426.342773
0.393336,1.0,-2425.888184
0.393336,1.0,-2424.731201
0.391531,1.0,-2427.610352
0.391347,1.0,-2426.692871
0.392486,1.0,-2427.101074
0.392498,1.0,-2424.887207
0.393174,1.0,-2424.827393
0.39395,1.0,-2426.187012
0.394338,1.0,-2427.34668
0.394338,1.0,-2423.680664
0.396022,1.0,-2427.342773
0.39488,1.0,-2436.283203
0.394068,1.0,-2426.437012
0.393945,1.0,-2425.241699
0.394023,1.0,-2425.825195
0.39448,1.0,-2428.324707
0.392965,1.0,-2428.759277
0.392965,1.0,-2425.8479
0.392965,1.0,-2422.214844
0.393286,1.0,-2427.633545
0.393559,1.0,-2425.698975
0.393559,1.0,-2430.128174
0.394207,1.0,-2424.063721
0.394207,1.0,-2422.359131
0.395511,1.0,-2422.269775
0.393117,1.0,-2422.766602
0.391721,1.0,-2426.384766
0.391721,1.0,-2426.12207
0.391252,1.0,-2424.958984
0.391252,1.0,-2430.69873
0.391252,1.0,-2429.102051
0.388695,1.0,-2428.471191
0.387428,1.0,-2427.08374
0.386849,1.0,-2424.326904
0.386103,1.0,-2424.717285
0.387649,1.0,-2427.119629
0.38737,1.0,-2429.781738
0.386743,1.0,-2421.941406
0.386271,1.0,-2429.054199
0.386271,1.0,-2429.140137
0.386271,1.0,-2426.464844
0.386271,1.0,-2429.093262
0.386973,1.0,-2426.869385
0.386973,1.0,-2428.751221
0.386973,1.0,-2419.625
0.38697,1.0,-2424.708008
0.387054,1.0,-2424.555908
0.387054,1.0,-2421.187744
0.386746,1.0,-2427.150146
0.385217,1.0,-2427.094727
0.387093,1.0,-2423.364746
0.386682,1.0,-2421.90625
0.386156,1.0,-2425.850098
0.386156,1.0,-2425.623291
0.385237,1.0,-2428.9375
0.385237,1.0,-2428.470703
0.385237,1.0,-2419.897949
0.385924,1.0,-2428.455078
0.385924,1.0,-2418.85791
0.384671,1.0,-2430.637695
0.383976,1.0,-2425.515625
0.383976,1.0,-2428.333008
0.383976,1.0,-2429.033203
0.385195,1.0,-2422.275879
0.385195,1.0,-2425.082764
0.385195,1.0,-2429.929688
0.385195,1.0,-2425.303711
0.384534,1.0,-2428.926514
0.384957,1.0,-2422.864746
0.384957,1.0,-2429.077148
0.385351,1.0,-2427.71875
0.385345,1.0,-2427.691406
0.385345,1.0,-2425.317383
0.385345,1.0,-2424.414062
0.386562,1.0,-2429.798828
0.386784,1.0,-2428.614014
0.387292,1.0,-2423.557129
0.385878,1.0,-2425.270996
0.384405,1.0,-2426.643066
0.384405,1.0,-2423.288574
0.384405,1.0,-2432.086182
0.384405,1.0,-2424.315918
0.384405,1.0,-2428.30957
0.384405,1.0,-2421.23877
0.385746,1.0,-2425.220703
0.385746,1.0,-2428.975586
0.385246,1.0,-2427.828613
0.384879,1.0,-2422.664062
0.384879,1.0,-2421.700928
0.386128,1.0,-2424.157715
0.384942,1.0,-2425.543701
0.384942,1.0,-2427.401367
0.384942,1.0,-2424.360352
0.384942,1.0,-2426.382324
0.384942,1.0,-2426.146973
0.384625,1.0,-2423.383057
0.382941,1.0,-2425.772705
0.383451,1.0,-2425.284424
0.383451,1.0,-2422.758789
0.383648,1.0,-2427.077148
0.384407,1.0,-2427.198975
0.384407,1.0,-2430.351074
0.385513,1.0,-2425.852051
0.385513,1.0,-2424.79541
0.384334,1.0,-2424.179688
0.384678,1.0,-2430.17334
0.385059,1.0,-2427.623779
0.38487,1.0,-2424.085449
0.38487,1.0,-2424.113037
0.385676,1.0,-2426.223145
0.385676,1.0,-2429.086914
0.386912,1.0,-2425.76123
0.386912,1.0,-2428.259766
0.386912,1.0,-2424.044922
0.387627,1.0,-2428.023926
0.38883,1.0,-2423.859863
0.389098,1.0,-2425.999023
0.388529,1.0,-2420.111816
0.388529,1.0,-2426.356445
0.387866,1.0,-2426.345459
0.387866,1.0,-2422.557617
0.386172,1.0,-2428.878418
0.383516,1.0,-2428.911133
0.383516,1.0,-2424.668457
0.383516,1.0,-2425.902588
0.384203,1.0,-2426.234375
0.384203,1.0,-2423.65918
0.384203,1.0,-2421.585205
0.384187,1.0,-2424.22998
0.385089,1.0,-2425.625977
0.385089,1.0,-2424.731934
0.385089,1.0,-2420.574951
0.385089,1.0,-2421.529785
0.384525,1.0,-2426.087402
0.384525,1.0,-2425.662598
0.384824,1.0,-2428.82959
0.384824,1.0,-2424.697754
0.385038,1.0,-2425.28833
0.385269,1.0,-2422.950684
0.385269,1.0,-2428.217285
0.385269,1.0,-2425.25293
0.384543,1.0,-2427.55127
0.383186,1.0,-2427.508057
0.383344,1.0,-2425.099121
0.381968,1.0,-2424.663574
0.383228,1.0,-2425.39502
0.382785,1.0,-2417.817871
0.382639,1.0,-2424.116211
0.381184,1.0,-2432.744629
0.381204,1.0,-2421.929688
0.381438,1.0,-2426.213867
0.381438,1.0,-2421.77124
0.381438,1.0,-2427.775391
0.381438,1.0,-2421.582031
0.382812,1.0,-2425.654541
0.383373,1.0,-2427.921387
0.383373,1.0,-2424.768799
0.383373,1.0,-2422.957275
0.385037,1.0,-2433.343262
0.385037,1.0,-2423.191895
0.38545,1.0,-2426.305664
0.38556,1.0,-2420.760742
0.38556,1.0,-2421.728516
0.384216,1.0,-2424.097412
0.384718,1.0,-2422.476074
0.385079,1.0,-2424.595703
0.385079,1.0,-2427.5
0.385079,1.0,-2425.853516
0.385079,1.0,-2427.600098
0.383731,1.0,-2425.394043
0.383322,1.0,-2426.950684
0.383322,1.0,-2423.611084
0.383322,1.0,-2422.718262
0.382304,1.0,-2427.327881
0.382304,1.0,-2421.977295
0.382304,1.0,-2424.100342
0.38366,1.0,-2426.417725
0.38366,1.0,-2422.751465
0.383056,1.0,-2428.489258
0.38141,1.0,-2425.51709
0.381389,1.0,-2424.460205
0.380439,1.0,-2424.068359
0.378819,1.0,-2425.823242
0.37875,1.0,-2422.958008
0.378389,1.0,-2430.523193
0.378888,1.0,-2418.895752
0.380471,1.0,-2422.92334
0.381027,1.0,-2424.645996
0.381027,1.0,-2425.620605
0.380099,1.0,-2428.901367
0.380563,1.0,-2426.185791
0.380751,1.0,-2429.422607
0.380751,1.0,-2426.272217
0.381244,1.0,-2430.557617
0.381244,1.0,-2428.341309
0.381244,1.0,-2416.598633
0.381222,1.0,-2424.491211
0.381391,1.0,-2427.622559
0.382136,1.0,-2427.952148
0.381333,1.0,-2425.601318
0.381333,1.0,-2424.280029
0.381022,1.0,-2422.519043
0.381022,1.0,-2425.106445
0.381022,1.0,-2425.603027
0.381022,1.0,-2429.632812
0.380658,1.0,-2426.948242
0.380658,1.0,-2426.394775
0.380502,1.0,-2430.325195
0.380041,1.0,-2423.885742
0.380041,1.0,-2425.441895
0.380391,1.0,-2426.385254
0.380776,1.0,-2424.218994
0.380776,1.0,-2425.677246
0.380305,1.0,-2426.021484
0.379375,1.0,-2425.309082
0.380058,1.0,-2425.08667
0.379336,1.0,-2425.844971
0.378736,1.0,-2423.487793
0.377824,1.0,-2422.185791
0.37697,1.0,-2424.787598
0.37697,1.0,-2426.719482
0.37697,1.0,-2428.164062
0.37697,1.0,-2429.072266
0.378555,1.0,-2423.095215
0.378555,1.0,-2422.032715
0.378458,1.0,-2432.015137
0.378458,1.0,-2424.366699
0.379637,1.0,-2428.069092
0.379637,1.0,-2422.891602
0.379637,1.0,-2426.397705
0.379624,1.0,-2425.89209
0.379747,1.0,-2431.587402
0.381098,1.0,-2422.534424
0.381098,1.0,-2427.619141
0.381098,1.0,-2422.003174
0.381098,1.0,-2426.351807
0.381098,1.0,-2424.027344
0.381098,1.0,-2427.745361
0.379576,1.0,-2425.503418
0.379635,1.0,-2428.897461
0.379585,1.0,-2424.70874
0.379585,1.0,-2426.584717
0.379466,1.0,-2424.57666
0.37957,1.0,-2425.867676
0.378703,1.0,-2428.757812
0.379455,1.0,-2425.796875
0.379455,1.0,-2431.317383
0.378386,1.0,-2422.630371
0.378403,1.0,-2421.046387
0.378403,1.0,-2420.821777
0.378403,1.0,-2424.676025
0.378337,1.0,-2430.909668
0.378953,1.0,-2427.841309
0.378953,1.0,-2422.231201
0.377654,1.0,-2424.462402
0.377654,1.0,-2429.363281
0.377654,1.0,-2424.700684
0.377654,1.0,-2429.156494
0.377654,1.0,-2423.819336
0.377593,1.0,-2425.581055
0.377626,1.0,-2425.380859
0.377626,1.0,-2425.992188
0.377535,1.0,-2426.590332
0.377535,1.0,-2426.412109
0.377534,1.0,-2430.026367
0.377534,1.0,-2424.207031
0.377034,1.0,-2423.526367
0.377034,1.0,-2426.419922
0.37672,1.0,-2429.325195
0.37672,1.0,-2430.609375
0.37429,1.0,-2422.421875
0.37429,1.0,-2428.436035
0.37429,1.0,-2425.067871
0.373757,1.0,-2427.570068
0.373532,1.0,-2432.737549
0.373532,1.0,-2427.514648
0.373532,1.0,-2422.756836
0.373532,1.0,-2425.136475
0.374054,1.0,-2425.928223
0.375401,1.0,-2423.132324
0.375401,1.0,-2428.651855
0.375401,1.0,-2427.53125
0.375401,1.0,-2425.823242
0.374612,1.0,-2420.618652
0.375238,1.0,-2427.356201
0.374679,1.0,-2427.97583
0.374679,1.0,-2426.293701
0.373884,1.0,-2424.616211
0.373884,1.0,-2427.70752
0.373884,1.0,-2421.288818
0.374931,1.0,-2428.85498
0.375545,1.0,-2429.530029
0.375545,1.0,-2424.526611
0.375545,1.0,-2428.765137
0.375545,1.0,-2423.563232
0.375545,1.0,-2425.068604
0.376202,1.0,-2421.652344
0.376202,1.0,-2425.94458
0.376176,1.0,-2425.191406
0.374844,1.0,-2421.923828
0.376323,1.0,-2426.00293
0.375634,1.0,-2423.973145
0.375634,1.0,-2427.048828
0.375634,1.0,-2423.985352
0.375634,1.0,-2422.775635
0.375818,1.0,-2424.6604
0.375818,1.0,-2428.232422
0.375818,1.0,-2426.02832
0.377734,1.0,-2427.695801
0.378637,1.0,-2423.539062
0.378129,1.0,-2424.990723
0.379308,1.0,-2429.422852
0.379688,1.0,-2430.121582
0.379411,1.0,-2426.557617
0.379286,1.0,-2425.883789
0.379286,1.0,-2427.063232
0.379286,1.0,-2424.447266
0.380018,1.0,-2428.647949
0.380018,1.0,-2428.70459
0.380018,1.0,-2421.210205
0.380018,1.0,-2426.061523
0.379693,1.0,-2428.000488
0.379693,1.0,-2426.998047
0.379693,1.0,-2428.150146
0.381479,1.0,-2420.01709
0.380485,1.0,-2427.408691
0.380283,1.0,-2423.100586
0.380283,1.0,-2427.256836
0.37903,1.0,-2421.992432
0.37903,1.0,-2423.439941
0.37903,1.0,-2424.918213
0.378526,1.0,-2425.689941
0.379098,1.0,-2425.414062
0.379876,1.0,-2421.375
0.38039,1.0,-2423.002441
0.38039,1.0,-2431.488281
0.379376,1.0,-2425.484375
0.379275,1.0,-2423.945557
0.380238,1.0,-2428.050049
0.379432,1.0,-2421.907227
0.379432,1.0,-2425.387695
0.379339,1.0,-2424.567871
0.380353,1.0,-2427.188965
0.380955,1.0,-2423.714844
0.380972,1.0,-2424.877441
0.380965,1.0,-2424.180908
0.380965,1.0,-2424.152832
0.381256,1.0,-2420.541992
0.380509,1.0,-2427.75
0.380509,1.0,-2426.176758
0.380509,1.0,-2425.594727
0.380509,1.0,-2424.096191
0.380509,1.0,-2426.680664
0.380258,1.0,-2422.654785
0.380258,1.0,-2426.657715
0.380258,1.0,-2425.338623
0.381368,1.0,-2427.469971
0.380014,1.0,-2424.028809
0.380014,1.0,-2425.794678
0.380014,1.0,-2427.51123
0.379635,1.0,-2425.736816
0.380605,1.0,-2422.376465
0.380605,1.0,-2427.254883
0.380605,1.0,-2431.746582
0.379651,1.0,-2431.154541
0.379651,1.0,-2425.306641
0.379623,1.0,-2426.90625
0.380248,1.0,-2423.77832
0.380431,1.0,-2427.200439
0.380431,1.0,-2431.943848
0.381684,1.0,-2432.021484
0.38032,1.0,-2428.318359
0.379792,1.0,-2422.633545
0.379792,1.0,-2426.859863
0.378373,1.0,-2428.288086
0.378373,1.0,-2427.169434
0.378373,1.0,-2423.078613
0.378373,1.0,-2424.169434
0.379474,1.0,-2427.875732
0.377786,1.0,-2424.166016
0.37887,1.0,-2424.501709
0.37887,1.0,-2424.146484
0.379712,1.0,-2423.524902
0.379712,1.0,-2426.226562
0.380565,1.0,-2434.398926
0.379753,1.0,-2425.594238
0.381072,1.0,-2426.971924
0.381072,1.0,-2432.075928
0.381072,1.0,-2423.299805
0.380408,1.0,-2428.54248
0.380408,1.0,-2421.309814
0.380408,1.0,-2429.298828
0.38085,1.0,-2429.948486
0.38085,1.0,-2425.290039
0.38098,1.0,-2428.564697
0.38098,1.0,-2422.051025
0.38098,1.0,-2423.547607
0.381061,1.0,-2423.036865
0.381061,1.0,-2425.933105
0.381061,1.0,-2429.449219
0.380974,1.0,-2425.177002
0.381281,1.0,-2424.647949
0.381575,1.0,-2426.658936
0.383585,1.0,-2421.172363
0.383585,1.0,-2423.744629
0.384094,1.0,-2428.680664
0.384094,1.0,-2422.991211
0.384094,1.0,-2423.967529
0.385329,1.0,-2425.941162
0.385554,1.0,-2427.706299
0.385554,1.0,-2424.081299
0.385554,1.0,-2425.377441
0.384871,1.0,-2416.689697
0.384223,1.0,-2424.15918
0.384223,1.0,-2426.794434
0.384012,1.0,-2428.462646
0.384786,1.0,-2421.226074
0.384877,1.0,-2428.648682
0.384881,1.0,-2428.813965
0.384881,1.0,-2423.430664
0.384881,1.0,-2428.794922
0.385035,1.0,-2424.110352
0.385035,1.0,-2422.073486
0.384682,1.0,-2426.284668
0.384852,1.0,-2426.301758
0.384887,1.0,-2423.980469
0.385283,1.0,-2427.609863
0.385853,1.0,-2425.960205
0.387347,1.0,-2419.101562
0.387347,1.0,-2422.986328
0.387347,1.0,-2433.846924
0.38717,1.0,-2428.478516
0.38717,1.0,-2432.789551
0.386761,1.0,-2427.030762
0.386761,1.0,-2431.050537
0.387188,1.0,-2424.810547
0.387188,1.0,-2422.40332
0.386985,1.0,-2418.731445
0.38943,1.0,-2425.076904
0.390726,1.0,-2426.855957
0.390726,1.0,-2421.966797
0.389096,1.0,-2426.307129
0.389096,1.0,-2424.359131
0.389864,1.0,-2425.989746
0.389864,1.0,-2429.645508
0.389864,1.0,-2422.807129
0.390645,1.0,-2427.810547
0.391328,1.0,-2424.08374
0.391604,1.0,-2420.399902
0.390933,1.0,-2425.028564
0.390933,1.0,-2427.593994
0.390933,1.0,-2426.343018
0.392256,1.0,-2418.749023
0.393481,1.0,-2425.215576
0.393481,1.0,-2424.479492
0.393887,1.0,-2423.797363
0.393868,1.0,-2426.910645
0.392366,1.0,-2422.921631
0.392366,1.0,-2424.672119
0.391246,1.0,-2425.59375
0.391246,1.0,-2417.865479
0.392768,1.0,-2424.956299
0.392427,1.0,-2428.934082
0.392551,1.0,-2429.792969
0.39258,1.0,-2424.120605
0.39258,1.0,-2427.479736
0.39258,1.0,-2419.71582
0.390596,1.0,-2426.487549
0.38995,1.0,-2424.509277
0.388241,1.0,-2423.227051
0.388241,1.0,-2428.623047
0.388241,1.0,-2424.428711
0.388639,1.0,-2427.92627
0.388639,1.0,-2421.043945
0.389544,1.0,-2424.175049
0.389544,1.0,-2424.712646
0.390777,1.0,-2426.945801
0.390777,1.0,-2427.080078
0.390777,1.0,-2427.274414
0.390777,1.0,-2423.967285
0.390777,1.0,-2426.393799
0.390777,1.0,-2425.93335
0.390034,1.0,-2426.943359
0.390034,1.0,-2428.246338
0.390034,1.0,-2424.570557
0.390034,1.0,-2427.483398
0.388721,1.0,-2422.62207
0.389246,1.0,-2427.11084
0.389261,1.0,-2430.703369
0.389261,1.0,-2426.141357
0.389261,1.0,-2431.01416
0.390181,1.0,-2426.347656
0.390181,1.0,-2424.907715
0.390181,1.0,-2429.889648
0.390181,1.0,-2423.321777
0.390788,1.0,-2426.317383
0.39106,1.0,-2424.452637
0.39106,1.0,-2427.251465
0.39106,1.0,-2426.807617
0.391578,1.0,-2423.097412
0.391578,1.0,-2428.550781
0.391578,1.0,-2426.712891
0.391578,1.0,-2422.388184
0.391578,1.0,-2428.198242
0.390684,1.0,-2421.218262
0.391209,1.0,-2432.323486
0.391516,1.0,-2424.671387
0.391516,1.0,-2423.684082
0.391516,1.0,-2422.316406
0.390179,1.0,-2430.702637
0.390885,1.0,-2421.963379
0.390885,1.0,-2427.248047
0.390885,1.0,-2423.825684
0.390885,1.0,-2421.905762
0.391895,1.0,-2427.177979
0.391282,1.0,-2426.056885
0.390591,1.0,-2423.206055
0.390591,1.0,-2422.032227
0.390333,1.0,-2427.617676
0.391059,1.0,-2423.543701
0.391059,1.0,-2425.669922
0.390281,1.0,-2424.803711
0.390779,1.0,-2426.552246
0.390779,1.0,-2426.770508
0.390779,1.0,-2420.393066
0.390779,1.0,-2427.038086
0.390779,1.0,-2430.782715
0.389101,1.0,-2427.145996
0.390291,1.0,-2433.734863
0.388831,1.0,-2427.927002
0.388831,1.0,-2425.249756
0.388831,1.0,-2424.115967
0.388831,1.0,-2419.741699
0.388831,1.0,-2418.984863
0.390185,1.0,-2425.480469
0.389679,1.0,-2428.393066
0.389679,1.0,-2424.948975
0.391174,1.0,-2428.233887
0.391629,1.0,-2426.901367
0.391629,1.0,-2424.034668
0.391213,1.0,-2428.226562
0.392253,1.0,-2437.625488
0.393618,1.0,-2427.657959
0.393618,1.0,-2426.976074
0.394943,1.0,-2426.414062
0.394943,1.0,-2426.858887
0.394898,1.0,-2425.422607
0.393817,1.0,-2426.862549
0.394504,1.0,-2423.849609
0.394506,1.0,-2426.658691
0.394093,1.0,-2430.112305
0.394509,1.0,-2424.567871
0.394509,1.0,-2424.334473
0.394509,1.0,-2427.389648
0.394509,1.0,-2429.210449
0.394509,1.0,-2426.571289
0.395538,1.0,-2432.696289
0.39597,1.0,-2429.612061
0.396779,1.0,-2428.765137
0.394923,1.0,-2426.824707
0.394489,1.0,-2425.568359
0.39378,1.0,-2425.857422
0.39378,1.0,-2422.741455
0.394166,1.0,-2423.908203
0.394166,1.0,-2424.42041
0.395778,1.0,-2424.263428
0.395778,1.0,-2423.862793
0.395778,1.0,-2429.207764
0.395308,1.0,-2427.267578
0.395308,1.0,-2427.90625
0.39507,1.0,-2422.13623
0.39649,1.0,-2428.145264
0.39649,1.0,-2428.271729
0.39649,1.0,-2429.124023
0.395916,1.0,-2430.623779
0.395916,1.0,-2426.512695
0.396198,1.0,-2428.64209
0.394943,1.0,-2426.771484
0.394943,1.0,-2429.205566
0.394943,1.0,-2428.969238
0.394943,1.0,-2428.211914
0.394568,1.0,-2431.875488
0.394568,1.0,-2421.256836
0.394568,1.0,-2430.374023
0.393478,1.0,-2429.630859
0.393478,1.0,-2425.044434
0.393407,1.0,-2425.796875
0.393257,1.0,-2423.894531
0.393231,1.0,-2426.546143
0.392305,1.0,-2426.545898
0.393002,1.0,-2431.848389
0.393558,1.0,-2418.335693
0.394583,1.0,-2420.672607
0.394583,1.0,-2430.76416
0.394192,1.0,-2427.433105
0.394146,1.0,-2421.908936
0.394713,1.0,-2427.161865
0.394713,1.0,-2424.85376
0.393457,1.0,-2426.898682
0.393945,1.0,-2425.554688
0.393279,1.0,-2427.824219
0.393279,1.0,-2423.166016
0.393279,1.0,-2426.058594
0.39371,1.0,-2421.628418
0.39371,1.0,-2426.94043
0.392878,1.0,-2427.349121
0.392878,1.0,-2427.982422
0.392956,1.0,-2425.652832
0.392956,1.0,-2426.799316
0.392416,1.0,-2432.129883
0.394112,1.0,-2426.367432
0.394933,1.0,-2432.194824
0.395081,1.0,-2430.156982
0.395081,1.0,-2425.569824
0.395081,1.0,-2425.954346
0.395081,1.0,-2430.52832
0.395081,1.0,-2428.604004
0.395443,1.0,-2425.888916
0.39587,1.0,-2427.498535
0.39587,1.0,-2425.762207
0.392828,1.0,-2425.817871
0.392828,1.0,-2420.459473
0.393189,1.0,-2426.664551
0.393047,1.0,-2428.287109
0.393047,1.0,-2427.617676
0.39164,1.0,-2422.829834
0.39164,1.0,-2427.912109
0.392459,1.0,-2426.319336
0.393237,1.0,-2424.581787
0.391822,1.0,-2425.333984
0.390782,1.0,-2427.466309
0.39109,1.0,-2425.533203
0.391882,1.0,-2420.511963
0.391882,1.0,-2428.488281
0.390848,1.0,-2427.794922
0.390703,1.0,-2425.56958
0.390703,1.0,-2423.260254
0.390764,1.0,-2425.167969
0.392766,1.0,-2425.883789
0.392766,1.0,-2424.825928
0.392766,1.0,-2422.035645
0.39213,1.0,-2425.810303
0.391484,1.0,-2428.716064
0.393446,1.0,-2424.141113
0.393446,1.0,-2423.084229
0.391313,1.0,-2422.40625
0.390333,1.0,-2427.05127
0.390333,1.0,-2424.717773
0.390333,1.0,-2425.070312
0.390333,1.0,-2422.723389
0.390333,1.0,-2422.793213
0.390066,1.0,-2424.950195
0.391695,1.0,-2422.155762
0.391695,1.0,-2427.567383
0.391966,1.0,-2424.741699
0.391966,1.0,-2427.372314
0.391966,1.0,-2425.253906
0.391966,1.0,-2428.209473
0.391966,1.0,-2426.904785
0.391966,1.0,-2425.92627
0.3905,1.0,-2421.697754
0.3905,1.0,-2425.23291
0.39118,1.0,-2423.749512
0.391012,1.0,-2424.043945
0.390391,1.0,-2423.163818
0.390391,1.0,-2427.467773
0.390391,1.0,-2428.324951
0.390157,1.0,-2429.113525
0.390085,1.0,-2431.401855
0.391215,1.0,-2430.61084
0.391215,1.0,-2432.937744
0.390616,1.0,-2426.111816
0.390245,1.0,-2425.942383
0.39143,1.0,-2426.750488
0.391952,1.0,-2429.265137
0.391952,1.0,-2427.827148
0.392415,1.0,-2424.143066
0.393264,1.0,-2424.920654
0.393474,1.0,-2428.088623
0.392461,1.0,-2427.706787
0.392461,1.0,-2430.434082
0.393224,1.0,-2428.049316
0.393224,1.0,-2423.103027
0.392183,1.0,-2427.202637
0.393086,1.0,-2431.054443
0.393086,1.0,-2427.690918
0.391993,1.0,-2421.203613
0.392505,1.0,-2422.875977
0.393469,1.0,-2427.660156
0.39022,1.0,-2425.755859
0.389202,1.0,-2429.052734
0.389897,1.0,-2425.168213
0.389072,1.0,-2419.769531
0.389234,1.0,-2427.156738
0.387472,1.0,-2429.47583
0.387809,1.0,-2423.178711
0.387809,1.0,-2431.043945
0.387809,1.0,-2421.751465
0.387597,1.0,-2424.091553
0.387597,1.0,-2421.524414
0.387398,1.0,-2422.735107
0.38739,1.0,-2427.961182
0.38739,1.0,-2426.669434
0.385732,1.0,-2428.165527
0.385732,1.0,-2425.02832
0.385732,1.0,-2422.887695
0.385732,1.0,-2423.406738
0.385732,1.0,-2426.357422
0.385838,1.0,-2423.336426
0.385838,1.0,-2422.790527
0.384716,1.0,-2428.564453
0.384536,1.0,-2430.605957
0.38471,1.0,-2428.388672
0.385529,1.0,-2431.537354
0.385529,1.0,-2424.858643
0.387048,1.0,-2424.958496
0.385971,1.0,-2426.169922
0.386754,1.0,-2422.400879
0.386754,1.0,-2424.752441
0.386754,1.0,-2428.188477
0.386754,1.0,-2421.691406
0.387617,1.0,-2426.557861
0.387614,1.0,-2420.613525
0.387672,1.0,-2422.629395
0.387672,1.0,-2423.165527
0.38866,1.0,-2425.636719
0.38866,1.0,-2428.684326
0.388569,1.0,-2425.976562
0.388569,1.0,-2423.63623
0.386469,1.0,-2431.73584
0.386469,1.0,-2426.300781
0.387108,1.0,-2426.014404
0.387108,1.0,-2427.668945
0.385727,1.0,-2431.581055
0.385727,1.0,-2423.135986
0.387906,1.0,-2426.651367
0.387906,1.0,-2421.612305
0.387906,1.0,-2424.971436
0.386261,1.0,-2431.792236
0.386261,1.0,-2425.811523
0.385207,1.0,-2426.554199
0.385349,1.0,-2423.694824
0.38455,1.0,-2428.908203
0.383373,1.0,-2427.852051
0.3817,1.0,-2428.585205
0.3817,1.0,-2427.075928
0.37958,1.0,-2430.539062
0.377181,1.0,-2425.825928
0.377181,1.0,-2426.936523
0.377561,1.0,-2421.402588
0.37586,1.0,-2428.675293
0.37586,1.0,-2428.205078
0.375083,1.0,-2426.164062
0.375954,1.0,-2423.465576
0.37677,1.0,-2426.129639
0.37677,1.0,-2425.658936
0.37677,1.0,-2425.030762
0.37677,1.0,-2426.200195
0.377225,1.0,-2428.341309
0.377225,1.0,-2424.268799
0.377378,1.0,-2425.88916
0.375444,1.0,-2424.711182
0.375639,1.0,-2428.5979
0.375639,1.0,-2431.883057
0.375639,1.0,-2427.940918
0.375639,1.0,-2427.490234
0.375239,1.0,-2427.99292
0.374562,1.0,-2427.344238
0.374909,1.0,-2424.361572
0.374909,1.0,-2425.120605
0.376233,1.0,-2426.819092
0.378679,1.0,-2424.889648
0.378679,1.0,-2423.68457
0.378311,1.0,-2428.267334
0.377989,1.0,-2424.538574
0.377989,1.0,-2423.213379
0.380117,1.0,-2430.572754
0.378692,1.0,-2429.730469
0.378692,1.0,-2425.726074
0.379024,1.0,-2422.296875
0.377494,1.0,-2421.761719
0.377494,1.0,-2428.091309
0.378293,1.0,-2420.028564
0.378898,1.0,-2424.813232
0.376683,1.0,-2425.380859
0.376725,1.0,-2424.911133
0.376529,1.0,-2425.963135
0.376529,1.0,-2426.027832
0.376529,1.0,-2424.685303
0.37561,1.0,-2424.209717
0.375548,1.0,-2427.535645
0.375035,1.0,-2420.931152
0.375035,1.0,-2423.556641
0.375035,1.0,-2426.338135
0.375035,1.0,-2426.119629
0.375035,1.0,-2423.724121
0.375907,1.0,-2426.768799
0.375361,1.0,-2427.37793
0.375361,1.0,-2431.340332
0.375361,1.0,-2426.372803
0.375361,1.0,-2426.621338
0.373646,1.0,-2428.488281
0.372747,1.0,-2429.942871
0.372747,1.0,-2426.135254
0.372344,1.0,-2429.94458
0.371011,1.0,-2425.745117
0.369688,1.0,-2425.544922
0.369688,1.0,-2425.564697
0.370216,1.0,-2430.1875
0.370216,1.0,-2430.68457
0.370216,1.0,-2429.460449
0.370216,1.0,-2425.604004
0.371271,1.0,-2434.621338
0.371271,1.0,-2431.941895
0.371434,1.0,-2426.248535
0.371473,1.0,-2422.79834
0.371473,1.0,-2427.241699
0.371014,1.0,-2430.41333
0.371393,1.0,-2429.582031
0.370611,1.0,-2426.228271
0.368937,1.0,-2427.533936
0.368177,1.0,-2433.378662
0.368177,1.0,-2428.591064
0.369116,1.0,-2431.454102
0.369047,1.0,-2426.852051
0.369047,1.0,-2428.016113
0.369047,1.0,-2425.029297
0.370853,1.0,-2425.793457
0.369992,1.0,-2422.052734
0.36913,1.0,-2428.083984
0.36913,1.0,-2428.779541
0.368621,1.0,-2432.272949
0.370261,1.0,-2430.32666
0.370261,1.0,-2425.700195
0.370261,1.0,-2429.69873
0.371562,1.0,-2428.856445
0.370297,1.0,-2425.913818
0.372072,1.0,-2432.245361
0.372458,1.0,-2424.665039
0.372179,1.0,-2425.739746
0.372179,1.0,-2430.180176
0.372013,1.0,-2422.383057
0.372013,1.0,-2426.995605
0.373782,1.0,-2423.120605
0.373174,1.0,-2424.592529
0.372407,1.0,-2427.765137
0.373644,1.0,-2429.47998
0.373769,1.0,-2427.291992
0.373769,1.0,-2426.786621
0.372573,1.0,-2431.750977
0.374002,1.0,-2425.370117
0.375083,1.0,-2423.623047
0.375083,1.0,-2424.75415
0.375083,1.0,-2425.458008
0.37676,1.0,-2433.839844
0.375125,1.0,-2424.164062
0.376093,1.0,-2429.566895
0.375497,1.0,-2421.112793
0.375778,1.0,-2426.497559
0.374956,1.0,-2423.791992
0.374956,1.0,-2429.854736
0.374956,1.0,-2425.681641
0.37388,1.0,-2425.102783
0.37388,1.0,-2423.276123
0.37388,1.0,-2431.345215
0.3751,1.0,-2429.952637
0.37471,1.0,-2425.228516
0.375065,1.0,-2428.718994
0.374829,1.0,-2422.854492
0.375095,1.0,-2421.981445
0.374555,1.0,-2427.540771
0.374555,1.0,-2429.192139
0.374555,1.0,-2430.867676
0.375647,1.0,-2429.145996
0.376522,1.0,-2422.695801
0.376522,1.0,-2426.35498
0.376229,1.0,-2427.061035
0.376931,1.0,-2421.809814
0.376666,1.0,-2426.152344
0.376106,1.0,-2428.466797
0.376106,1.0,-2422.924072
0.376106,1.0,-2424.136963
0.376174,1.0,-2424.73877
0.376174,1.0,-2427.266113
0.376174,1.0,-2426.640381
0.376174,1.0,-2430.38208
0.376168,1.0,-2425.758057
0.376168,1.0,-2426.750977
0.376168,1.0,-2427.483643
0.376427,1.0,-2429.2229
0.376427,1.0,-2425.303223
0.375209,1.0,-2424.061035
0.375293,1.0,-2427.688477
0.375117,1.0,-2427.021973
0.374857,1.0,-2428.109863
0.374671,1.0,-2429.328613
0.374671,1.0,-2424.236816
0.374671,1.0,-2428.719238
0.374671,1.0,-2429.625244
0.374671,1.0,-2425.088379
0.374671,1.0,-2426.715332
0.375151,1.0,-2426.96167
0.374304,1.0,-2427.997559
0.374275,1.0,-2429.012695
0.374275,1.0,-2424.09668
0.373611,1.0,-2429.713135
0.373611,1.0,-2425.23584
0.372943,1.0,-2426.323242
0.372943,1.0,-2430.584229
0.373035,1.0,-2429.949707
0.369891,1.0,-2427.698242
0.369891,1.0,-2429.606445
0.369877,1.0,-2425.744873
0.369877,1.0,-2425.194336
0.371111,1.0,-2431.080078
0.373404,1.0,-2428.63916
0.373949,1.0,-2422.539795
0.373949,1.0,-2427.599609
0.375991,1.0,-2430.515137
0.375991,1.0,-2422.763672
0.375991,1.0,-2427.337646
0.378181,1.0,-2430.904541
0.378181,1.0,-2425.692383
0.376084,1.0,-2419.714844
0.376528,1.0,-2425.470215
0.378442,1.0,-2421.717041
0.376809,1.0,-2434.833496
0.376916,1.0,-2432.436279
0.376916,1.0,-2420.731445
0.377318,1.0,-2425.736572
0.376486,1.0,-2429.2229
0.376628,1.0,-2429.44751
0.376628,1.0,-2426.907227
0.375705,1.0,-2425.151855
0.377025,1.0,-2426.364014
0.375702,1.0,-2428.144043
0.375809,1.0,-2425.821289
0.375809,1.0,-2425.730713
0.375468,1.0,-2426.599609
0.375468,1.0,-2426.488037
0.374687,1.0,-2423.769043
0.374687,1.0,-2426.254395
0.373524,1.0,-2426.533691
0.373524,1.0,-2427.689453
0.373524,1.0,-2426.807617
0.373524,1.0,-2425.103516
0.373524,1.0,-2419.656494
0.373524,1.0,-2423.436035
0.373524,1.0,-2428.238281
0.372642,1.0,-2428.641357
0.372642,1.0,-2427.994629
0.374064,1.0,-2429.390137
0.374064,1.0,-2420.779297
0.375597,1.0,-2431.594727
0.375575,1.0,-2429.316406
0.374976,1.0,-2429.068359
0.374976,1.0,-2427.162842
0.374976,1.0,-2427.056152
0.374991,1.0,-2427.506104
0.376248,1.0,-2423.747803
0.376248,1.0,-2425.707275
0.376044,1.0,-2428.060547
0.376044,1.0,-2428.225342
0.377008,1.0,-2424.492676
0.376582,1.0,-2425.584473
0.376324,1.0,-2428.145996
0.376324,1.0,-2423.134766
0.378156,1.0,-2424.074219
0.378156,1.0,-2425.870117
0.378156,1.0,-2427.294434
0.378927,1.0,-2425.447998
0.378927,1.0,-2427.735107
0.378927,1.0,-2427.421875
0.377344,1.0,-2428.123291
0.377435,1.0,-2421.70166
0.377435,1.0,-2419.895508
0.37795,1.0,-2422.087891
0.37795,1.0,-2427.45752
0.377644,1.0,-2428.854492
0.377644,1.0,-2424.359375
0.377921,1.0,-2425.491699
0.379192,1.0,-2426.473145
0.379354,1.0,-2427.050781
0.378496,1.0,-2426.804199
0.378496,1.0,-2428.230469
0.380551,1.0,-2428.411133
0.380551,1.0,-2425.17334
0.380551,1.0,-2426.068359
0.381213,1.0,-2421.644531
0.378926,1.0,-2427.213379
0.378926,1.0,-2424.067871
0.378926,1.0,-2421.934082
0.378926,1.0,-2423.960693
0.378331,1.0,-2427.351074
0.378331,1.0,-2424.889404
0.377641,1.0,-2424.483887
0.377641,1.0,-2423.938232
0.377641,1.0,-2423.012451
0.376215,1.0,-2423.634033
0.378814,1.0,-2430.384521
0.378814,1.0,-2422.180176
0.378814,1.0,-2427.974609
0.377736,1.0,-2427.634521
0.376868,1.0,-2422.47168
0.376868,1.0,-2426.950195
0.375909,1.0,-2429.328125
0.377056,1.0,-2426.621826
0.377056,1.0,-2422.655518
0.375816,1.0,-2427.705078
0.375816,1.0,-2428.189453
0.375816,1.0,-2428.691162
0.377419,1.0,-2433.012207
0.376527,1.0,-2430.803711
0.377409,1.0,-2425.33667
0.377409,1.0,-2425.543457
0.377409,1.0,-2427.335693
0.37652,1.0,-2429.864258
0.376797,1.0,-2432.068848
0.376797,1.0,-2430.925537
0.376797,1.0,-2429.311035
0.376797,1.0,-2425.029541
0.376797,1.0,-2428.964111
0.377458,1.0,-2430.059814
0.377458,1.0,-2426.028564
0.379172,1.0,-2427.09082
0.378541,1.0,-2421.866699
0.378541,1.0,-2420.591553
0.378541,1.0,-2425.540039
0.378541,1.0,-2426.772461
0.380233,1.0,-2423.776367
0.380233,1.0,-2423.262207
0.380233,1.0,-2422.313232
0.381187,1.0,-2431.010986
0.381187,1.0,-2420.848145
0.381187,1.0,-2430.952148
0.379876,1.0,-2425.293457
0.379876,1.0,-2429.162598
0.379876,1.0,-2420.602051
0.379975,1.0,-2429.33374
0.377521,1.0,-2424.878418
0.377521,1.0,-2427.292969
0.377148,1.0,-2426.461426
0.377148,1.0,-2431.959473
0.377148,1.0,-2421.719482
0.377148,1.0,-2430.867188
0.377148,1.0,-2427.699707
0.37807,1.0,-2427.154541
0.377549,1.0,-2422.101807
0.378029,1.0,-2430.421387
0.378794,1.0,-2428.056885
0.380278,1.0,-2426.417969
0.381321,1.0,-2426.202881
0.381321,1.0,-2425.996094
0.382053,1.0,-2425.285645
0.382938,1.0,-2420.618652
0.382782,1.0,-2425.629883
0.382782,1.0,-2425.752686
0.38254,1.0,-2425.345703
0.383937,1.0,-2424.367188
0.383937,1.0,-2422.744629
0.383937,1.0,-2426.694824
0.384114,1.0,-2431.403809
0.384599,1.0,-2427.579102
0.384599,1.0,-2428.77832
0.384599,1.0,-2426.508789
0.385716,1.0,-2425.782227
0.385716,1.0,-2426.57666
0.38533,1.0,-2432.139893
0.386069,1.0,-2425.553467
0.386895,1.0,-2425.516357
0.38844,1.0,-2424.801758
0.388219,1.0,-2430.460938
0.386848,1.0,-2426.322266
0.386848,1.0,-2425.108887
0.386848,1.0,-2425.8125
0.386848,1.0,-2423.945312
0.386358,1.0,-2426.063965
0.386358,1.0,-2423.20752
0.386358,1.0,-2425.212891
0.386358,1.0,-2423.156982
0.385379,1.0,-2427.744141
0.383891,1.0,-2424.641602
0.383891,1.0,-2427.551025
0.383924,1.0,-2424.215332
0.383924,1.0,-2426.175781
0.381804,1.0,-2424.890137
0.382233,1.0,-2426.20166
0.382233,1.0,-2424.424316
0.381755,1.0,-2427.091309
0.380492,1.0,-2423.950684
0.380492,1.0,-2425.040527
0.380492,1.0,-2429.239014
0.379481,1.0,-2428.709473
0.378353,1.0,-2423.20166
0.378353,1.0,-2429.394043
0.378353,1.0,-2427.017822
0.378353,1.0,-2428.140625
0.379311,1.0,-2429.6875
0.379311,1.0,-2423.132324
0.379311,1.0,-2421.571289
0.379876,1.0,-2429.57959
0.380291,1.0,-2429.880127
0.378578,1.0,-2431.068359
0.379487,1.0,-2422.26416
0.379487,1.0,-2424.078369
0.379487,1.0,-2426.137695
0.378203,1.0,-2424.408203
0.377428,1.0,-2421.211426
0.376066,1.0,-2428.681152
0.377334,1.0,-2430.675049
0.377344,1.0,-2426.940674
0.377975,1.0,-2426.158691
0.378239,1.0,-2425.07959
0.378239,1.0,-2427.653809
0.378239,1.0,-2423.875732
0.379034,1.0,-2423.624023
0.379034,1.0,-2427.206055
0.379081,1.0,-2428.615967
0.378145,1.0,-2426.234375
0.378145,1.0,-2426.862061
0.377909,1.0,-2430.05127
0.377909,1.0,-2423.12085
0.37805,1.0,-2423.618164
0.379122,1.0,-2428.388916
0.379648,1.0,-2425.649658
0.380702,1.0,-2423.996094
0.380702,1.0,-2422.751465
0.380702,1.0,-2419.789551
0.381476,1.0,-2425.236572
0.382118,1.0,-2430.165039
0.382118,1.0,-2423.373779
0.38257,1.0,-2423.871582
0.380533,1.0,-2423.556885
0.380898,1.0,-2428.459473
0.380898,1.0,-2428.816406
0.380284,1.0,-2424.339844
0.380284,1.0,-2426.082764
0.380284,1.0,-2421.825684
0.378013,1.0,-2420.344727
0.377798,1.0,-2427.427246
0.378204,1.0,-2419.498535
0.378204,1.0,-2429.503418
0.378204,1.0,-2428.310059
0.378204,1.0,-2425.76123
0.378204,1.0,-2427.410156
0.377488,1.0,-2423.902344
0.377488,1.0,-2422.268066
0.375871,1.0,-2425.734375
0.375905,1.0,-2431.456055
0.376387,1.0,-2426.773926
0.376387,1.0,-2424.803223
0.378203,1.0,-2423.385254
0.378203,1.0,-2426.257324
0.37741,1.0,-2423.822266
0.378571,1.0,-2432.489258
0.378571,1.0,-2427.291016
0.377365,1.0,-2431.72168
0.377365,1.0,-2425.702393
0.377365,1.0,-2422.586182
0.378113,1.0,-2425.378906
0.378113,1.0,-2428.079102
0.378797,1.0,-2430.436279
0.379787,1.0,-2429.060791
0.377706,1.0,-2428.366699
0.377706,1.0,-2423.057617
0.377706,1.0,-2427.15625
0.376783,1.0,-2424.389404
0.376783,1.0,-2426.755859
0.376245,1.0,-2426.320312
0.377577,1.0,-2426.721191
0.377577,1.0,-2426.021484
0.378636,1.0,-2425.704102
0.378636,1.0,-2428.159912
0.378519,1.0,-2428.605469
0.378519,1.0,-2425.631836
0.378519,1.0,-2428.640137
0.37899,1.0,-2425.288086
0.378377,1.0,-2426.486572
0.37841,1.0,-2422.71875
0.378705,1.0,-2422.219727
0.378705,1.0,-2426.760498
0.377915,1.0,-2426.719727
0.377764,1.0,-2428.17627
0.37894,1.0,-2424.258057
0.37894,1.0,-2425.06543
0.37894,1.0,-2424.644043
0.379548,1.0,-2425.350586
0.379717,1.0,-2426.213135
0.379136,1.0,-2424.55127
0.379666,1.0,-2426.020996
0.379666,1.0,-2423.382812
0.378548,1.0,-2422.254395
0.380368,1.0,-2426.557129
0.380379,1.0,-2424.293701
0.380379,1.0,-2422.637695
0.380893,1.0,-2429.490234
0.380893,1.0,-2427.954102
0.382125,1.0,-2424.960449
0.381955,1.0,-2429.268555
0.382863,1.0,-2427.510742
0.381869,1.0,-2424.015869
0.381869,1.0,-2423.557129
0.382007,1.0,-2424.24707
0.383994,1.0,-2429.934814
0.382851,1.0,-2430.713379
0.382851,1.0,-2425.297852
0.382851,1.0,-2422.374512
0.382851,1.0,-2425.088135
0.382851,1.0,-2427.683105
0.383039,1.0,-2427.163086
0.381148,1.0,-2431.371826
0.382244,1.0,-2425.069092
0.382244,1.0,-2426.892334
0.382244,1.0,-2425.039551
0.382099,1.0,-2429.00293
0.381997,1.0,-2426.827393
0.381997,1.0,-2424.256592
0.381997,1.0,-2421.936035
0.38336,1.0,-2426.47168
0.38336,1.0,-2422.140137
0.38336,1.0,-2422.231445
0.38336,1.0,-2422.48999
0.382227,1.0,-2427.132324
0.382227,1.0,-2429.181152
0.382218,1.0,-2428.583496
0.382218,1.0,-2428.208008
0.382196,1.0,-2429.002686
0.380503,1.0,-2427.984375
0.379763,1.0,-2426.685059
0.380565,1.0,-2426.447754
0.381404,1.0,-2428.81543
0.38367,1.0,-2430.292725
0.38367,1.0,-2424.80835
0.383561,1.0,-2427.919434
0.385541,1.0,-2427.77417
0.387447,1.0,-2426.506348
0.387414,1.0,-2426.188965
0.387841,1.0,-2425.271973
0.38882,1.0,-2426.38623
0.388586,1.0,-2423.615967
0.387836,1.0,-2425.019775
0.388519,1.0,-2424.462891
0.389275,1.0,-2423.8125
0.389409,1.0,-2426.729736
0.390247,1.0,-2425.482422
0.390425,1.0,-2425.105713
0.390425,1.0,-2428.968506
0.391012,1.0,-2427.45752
0.390803,1.0,-2424.887695
0.390406,1.0,-2426.997559
0.389552,1.0,-2423.012207
0.389552,1.0,-2426.040527
0.390029,1.0,-2423.40625
0.388378,1.0,-2425.12207
0.388378,1.0,-2428.616211
0.388378,1.0,-2427.068359
0.39015,1.0,-2424.680176
0.389614,1.0,-2425.838867
0.388144,1.0,-2426.520752
0.388144,1.0,-2429.609863
0.388144,1.0,-2423.973633
0.3889,1.0,-2421.97583
0.3889,1.0,-2421.457275
0.389432,1.0,-2427.98584
0.39108,1.0,-2426.044678
0.391281,1.0,-2420.452637
0.391281,1.0,-2426.130859
0.391281,1.0,-2424.9729
0.392242,1.0,-2431.141113
0.391972,1.0,-2426.294922
0.391811,1.0,-2427.674805
0.391811,1.0,-2427.574219
0.39113,1.0,-2419.289307
0.39113,1.0,-2428.734375
0.392441,1.0,-2424.822021
0.392988,1.0,-2425.368164
0.393969,1.0,-2426.169922
0.393969,1.0,-2426.918701
0.393969,1.0,-2420.515625
0.393969,1.0,-2421.984619
0.39589,1.0,-2423.40918
0.39589,1.0,-2427.977783
0.396025,1.0,-2424.926758
0.396025,1.0,-2429.930664
0.396025,1.0,-2426.446777
0.395443,1.0,-2425.739258
0.393802,1.0,-2430.102539
0.392501,1.0,-2425.369629
0.39179,1.0,-2429.071533
0.392066,1.0,-2427.094238
0.391327,1.0,-2421.699951
0.390752,1.0,-2423.835938
0.390903,1.0,-2431.044434
0.389033,1.0,-2426.06543
0.388354,1.0,-2425.625488
0.389004,1.0,-2425.902832
0.389004,1.0,-2424.863525
0.386833,1.0,-2426.568848
0.385663,1.0,-2425.957275
0.38647,1.0,-2426.711426
0.38717,1.0,-2419.416504
0.387464,1.0,-2425.890625
0.385839,1.0,-2419.785889
0.38536,1.0,-2424.635986
0.38536,1.0,-2423.529785
0.385588,1.0,-2424.89917
0.385156,1.0,-2423.590576
0.385156,1.0,-2424.180664
0.384006,1.0,-2423.313965
0.384601,1.0,-2424.194336
0.385004,1.0,-2423.034424
0.385004,1.0,-2420.792969
0.38396,1.0,-2424.580322
0.383816,1.0,-2429.382812
0.383816,1.0,-2424.165039
0.383816,1.0,-2422.637695
0.3839,1.0,-2423.45166
0.383193,1.0,-2429.132568
0.383193,1.0,-2431.293945
0.38295,1.0,-2424.413574
0.38295,1.0,-2420.6875
0.382232,1.0,-2423.689453
0.381231,1.0,-2421.72998
0.381231,1.0,-2424.335693
0.380928,1.0,-2422.358398
0.382159,1.0,-2426.264893
0.382159,1.0,-2421.984863
0.385559,1.0,-2427.349609
0.385817,1.0,-2427.005371
0.386327,1.0,-2429.759521
0.386327,1.0,-2428.454834
0.387069,1.0,-2426.474609
0.386507,1.0,-2423.788086
0.386507,1.0,-2426.967529
0.386507,1.0,-2429.181152
0.386924,1.0,-2431.392334
0.386924,1.0,-2423.344727
0.386924,1.0,-2421.378662
0.386924,1.0,-2429.113281
0.385909,1.0,-2424.507568
0.385909,1.0,-2427.467285
0.385909,1.0,-2426.022461
0.388749,1.0,-2427.131592
0.388953,1.0,-2424.442627
0.388266,1.0,-2427.561768
0.388306,1.0,-2425.41748
0.385393,1.0,-2423.014404
0.38688,1.0,-2425.434814
0.38688,1.0,-2425.006836
0.387535,1.0,-2426.537354
0.388054,1.0,-2424.817383
0.388054,1.0,-2425.136719
0.388634,1.0,-2430.392578
0.388634,1.0,-2425.784424
0.388634,1.0,-2421.142334
0.385909,1.0,-2423.424072
0.385909,1.0,-2423.939209
0.384772,1.0,-2425.052246
0.384884,1.0,-2424.12207
0.384884,1.0,-2431.074951
0.384884,1.0,-2424.059082
0.386914,1.0,-2428.986084
0.385912,1.0,-2424.098145
0.386545,1.0,-2427.650879
0.386545,1.0,-2428.344238
0.386481,1.0,-2424.641357
0.386481,1.0,-2426.095947
0.385164,1.0,-2432.915039
0.384519,1.0,-2424.42334
0.385033,1.0,-2425.936523
0.385033,1.0,-2420.291016
0.385033,1.0,-2422.787598
0.385033,1.0,-2423.581787
0.386007,1.0,-2427.611816
0.386007,1.0,-2421.704834
0.386007,1.0,-2424.69458
0.386007,1.0,-2429.818604
0.385751,1.0,-2428.006836
0.386184,1.0,-2423.236328
0.386184,1.0,-2421.941895
0.386184,1.0,-2421.475098
0.385672,1.0,-2423.513672
0.385672,1.0,-2426.615234
0.384025,1.0,-2425.959473
0.384025,1.0,-2429.541748
0.38286,1.0,-2426.859863
0.38286,1.0,-2426.019531
0.382349,1.0,-2427.020996
0.382349,1.0,-2424.554688
0.382815,1.0,-2425.904297
0.381976,1.0,-2423.70166
0.381976,1.0,-2424.050293
0.381976,1.0,-2430.227051
0.381869,1.0,-2423.824707
0.381318,1.0,-2431.369873
0.381318,1.0,-2425.051514
0.381318,1.0,-2426.71875
0.381318,1.0,-2422.629883
0.379892,1.0,-2426.30835
0.379428,1.0,-2423.451904
0.379428,1.0,-2424.507812
0.380794,1.0,-2423.278809
0.381314,1.0,-2428.166504
0.381314,1.0,-2424.501465
0.380497,1.0,-2422.266113
0.380497,1.0,-2424.098633
0.380413,1.0,-2429.389648
0.380413,1.0,-2425.431152
0.379786,1.0,-2427.822754
0.379786,1.0,-2425.552002
0.379786,1.0,-2424.308594
0.378304,1.0,-2421.422363
0.377731,1.0,-2427.386719
0.377731,1.0,-2426.219971
0.378479,1.0,-2422.563232
0.378479,1.0,-2428.875977
0.378479,1.0,-2424.857666
0.378479,1.0,-2427.598389
0.376932,1.0,-2429.863037
0.374765,1.0,-2428.048584
0.376024,1.0,-2425.007568
0.376024,1.0,-2426.152344
0.375889,1.0,-2423.156738
0.375889,1.0,-2426.636719
0.375495,1.0,-2422.609375
0.376401,1.0,-2421.412109
0.376401,1.0,-2423.761719
0.373923,1.0,-2421.137939
0.373043,1.0,-2423.72168
0.372248,1.0,-2423.786133
0.371202,1.0,-2429.605469
0.37106,1.0,-2424.327148
0.37069,1.0,-2430.717773
0.37147,1.0,-2433.054932
0.37147,1.0,-2424.79834
0.371465,1.0,-2427.023926
0.371465,1.0,-2425.849609
0.370723,1.0,-2421.54248
0.370723,1.0,-2427.71582
0.370723,1.0,-2430.692383
0.370367,1.0,-2428.300781
0.370287,1.0,-2425.299316
0.370287,1.0,-2427.055176
0.370287,1.0,-2425.873047
0.368962,1.0,-2428.399902
0.368962,1.0,-2428.639648
0.369961,1.0,-2423.72998
0.369961,1.0,-2426.280762
0.369961,1.0,-2432.758789
0.369961,1.0,-2426.059814
0.370609,1.0,-2429.421875
0.370609,1.0,-2428.94043
0.369736,1.0,-2434.82373
0.369678,1.0,-2429.678223
0.369678,1.0,-2427.709473
0.368841,1.0,-2425.314941
0.368841,1.0,-2424.247314
0.368841,1.0,-2431.446289
0.370352,1.0,-2426.112305
0.370425,1.0,-2430.180176
0.370425,1.0,-2428.603027
0.370181,1.0,-2427.287598
0.369931,1.0,-2423.78125
0.369931,1.0,-2423.842285
0.369931,1.0,-2427.760254
0.369931,1.0,-2424.661133
0.369931,1.0,-2431.42627
0.370062,1.0,-2431.655273
0.368826,1.0,-2422.07959
0.369084,1.0,-2425.300293
0.368152,1.0,-2427.750244
0.368325,1.0,-2430.236084
0.369214,1.0,-2426.894531
0.37047,1.0,-2423.519043
0.369916,1.0,-2432.187988
0.369916,1.0,-2424.706787
0.371918,1.0,-2427.245605
0.371918,1.0,-2430.711182
0.371326,1.0,-2430.770508
0.371326,1.0,-2425.59082
0.369669,1.0,-2424.210938
0.369669,1.0,-2435.428223
0.369318,1.0,-2429.610596
0.369318,1.0,-2426.963379
0.370994,1.0,-2424.149414
0.370994,1.0,-2423.801514
0.370994,1.0,-2422.179688
0.370948,1.0,-2426.291504
0.370687,1.0,-2426.766113
0.371884,1.0,-2431.653809
0.371884,1.0,-2425.838867
0.371884,1.0,-2427.70459
0.371807,1.0,-2422.315918
0.371807,1.0,-2433.015137
0.371285,1.0,-2425.827637
0.371285,1.0,-2431.658447
0.371285,1.0,-2423.044922
0.371285,1.0,-2421.480469
0.371285,1.0,-2431.741943
0.371285,1.0,-2431.555664
0.371285,1.0,-2426.791504
0.371285,1.0,-2426.535156
0.371285,1.0,-2424.280762
0.371285,1.0,-2432.350342
0.370171,1.0,-2425.629395
0.370171,1.0,-2430.574219
0.371226,1.0,-2426.160156
0.371618,1.0,-2425.987061
0.36958,1.0,-2427.49707
0.368476,1.0,-2433.32666
0.368201,1.0,-2427.377686
0.368201,1.0,-2429.742676
0.367963,1.0,-2429.680664
0.367963,1.0,-2430.01416
0.367963,1.0,-2426.289795
0.368092,1.0,-2421.202637
0.368092,1.0,-2430.076172
0.370072,1.0,-2427.793945
0.370072,1.0,-2424.857422
0.369313,1.0,-2427.090088
0.36933,1.0,-2429.165527
0.36912,1.0,-2423.912109
0.368754,1.0,-2430.391113
0.367986,1.0,-2436.979248
0.367986,1.0,-2421.664062
0.367986,1.0,-2428.581543
0.367986,1.0,-2429.989258
0.367986,1.0,-2427.500977
0.369468,1.0,-2427.888916
0.36909,1.0,-2427.478027
0.36909,1.0,-2426.95874
0.36909,1.0,-2428.506348
0.36909,1.0,-2427.092529
0.369104,1.0,-2426.099609
0.367991,1.0,-2432.592285
0.367521,1.0,-2428.723633
0.368305,1.0,-2428.78125
0.369529,1.0,-2429.072266
0.369511,1.0,-2431.931152
0.369511,1.0,-2424.909424
0.369511,1.0,-2430.660156
0.370724,1.0,-2426.152832
0.370724,1.0,-2427.837402
0.369009,1.0,-2423.315186
0.369009,1.0,-2430.454102
0.367962,1.0,-2429.516846
0.367962,1.0,-2424.036133
0.367962,1.0,-2427.561279
0.367962,1.0,-2426.554688
0.367962,1.0,-2429.097656
0.367962,1.0,-2428.90625
0.367631,1.0,-2431.913818
0.367898,1.0,-2427.721191
0.367898,1.0,-2423.611328
0.36864,1.0,-2428.570312
0.367475,1.0,-2429.86377
0.367475,1.0,-2428.658691
0.366679,1.0,-2425.770264
0.366927,1.0,-2432.456055
0.366927,1.0,-2430.450439
0.36829,1.0,-2427.846191
0.369533,1.0,-2426.45874
0.369533,1.0,-2431.671143
0.368945,1.0,-2429.299316
0.369486,1.0,-2427.493896
0.369486,1.0,-2425.521729
0.369514,1.0,-2423.400635
0.369514,1.0,-2431.728516
0.371239,1.0,-2425.976074
0.371239,1.0,-2428.191406
0.371178,1.0,-2426.871094
0.371178,1.0,-2427.237793
0.371178,1.0,-2425.858398
0.370982,1.0,-2427.443359
0.370982,1.0,-2423.172852
0.370982,1.0,-2428.497559
0.37218,1.0,-2424.009521
0.37218,1.0,-2423.121338
0.37218,1.0,-2424.244385
0.37218,1.0,-2425.825684
0.37218,1.0,-2426.151855
0.37218,1.0,-2430.133301
0.37218,1.0,-2426.588623
0.37218,1.0,-2425.066406
0.372816,1.0,-2428.390869
0.372816,1.0,-2421.479492
0.372248,1.0,-2424.90625
0.372439,1.0,-2429.852783
0.371416,1.0,-2425.019043
0.371416,1.0,-2419.831299
0.371416,1.0,-2429.358887
0.371416,1.0,-2422.714355
0.370622,1.0,-2424.486816
0.369742,1.0,-2425.039307
0.370164,1.0,-2425.091064
0.370164,1.0,-2428.040039
0.370164,1.0,-2425.863281
0.369817,1.0,-2428.653809
0.368382,1.0,-2427.128906
0.369072,1.0,-2424.945312
0.367214,1.0,-2434.15332
0.367214,1.0,-2427.151855
0.367214,1.0,-2429.641113
0.367214,1.0,-2431.681152
0.367214,1.0,-2429.111328
0.367214,1.0,-2425.149414
0.367214,1.0,-2434.894043
0.368343,1.0,-2430.512695
0.368343,1.0,-2425.791992
0.368425,1.0,-2429.869141
0.368425,1.0,-2429.66748
0.368425,1.0,-2424.857422
0.368221,1.0,-2431.817627
0.368221,1.0,-2426.558105
0.369075,1.0,-2426.013916
0.369979,1.0,-2424.588867
0.369979,1.0,-2429.191895
0.370487,1.0,-2430.337402
0.36943,1.0,-2425.935547
0.371008,1.0,-2429.038086
0.371008,1.0,-2428.161133
0.37133,1.0,-2425.103271
0.37133,1.0,-2427.007812
0.37133,1.0,-2427.342773
0.372724,1.0,-2428.281738
0.372724,1.0,-2424.953125
0.37364,1.0,-2431.566895
0.374056,1.0,-2431.181885
0.373122,1.0,-2421.90332
0.372883,1.0,-2421.159424
0.371048,1.0,-2430.314209
0.370981,1.0,-2425.895508
0.371021,1.0,-2435.649902
0.372392,1.0,-2420.503418
0.372392,1.0,-2426.803223
0.372392,1.0,-2428.861328
0.372848,1.0,-2423.068359
0.372848,1.0,-2428.970703
0.372848,1.0,-2426.128906
0.371774,1.0,-2425.362305
0.3724,1.0,-2427.199707
0.371592,1.0,-2422.847412
0.371959,1.0,-2429.493164
0.372565,1.0,-2425.029541
0.373313,1.0,-2426.858154
0.373313,1.0,-2430.374512
0.373313,1.0,-2425.202881
0.373313,1.0,-2425.944824
0.373116,1.0,-2427.352539
0.373116,1.0,-2433.50293
0.373503,1.0,-2425.27832
0.3718,1.0,-2419.811523
0.3718,1.0,-2429.010742
0.372002,1.0,-2422.583496
0.371606,1.0,-2422.872314
0.370928,1.0,-2425.249756
0.371304,1.0,-2429.870605
0.371304,1.0,-2429.233398
0.371237,1.0,-2428.483398
0.371221,1.0,-2423.981934
0.370009,1.0,-2429.99292
0.370009,1.0,-2429.503906
0.370358,1.0,-2428.314941
0.370358,1.0,-2428.867188
0.370358,1.0,-2428.95459
0.370358,1.0,-2428.183105
0.371263,1.0,-2422.284668
0.371263,1.0,-2427.154053
0.371263,1.0,-2431.956787
0.371073,1.0,-2431.646484
0.369518,1.0,-2424.485596
0.369518,1.0,-2427.149902
0.370198,1.0,-2430.762695
0.370198,1.0,-2427.381592
0.37144,1.0,-2426.012695
0.37144,1.0,-2424.698242
0.370426,1.0,-2426.026855
0.370426,1.0,-2427.834473
0.370426,1.0,-2427.449463
0.369854,1.0,-2432.353516
0.369854,1.0,-2428.580566
0.369854,1.0,-2421.870117
0.369854,1.0,-2424.728271
0.369884,1.0,-2432.73291
0.369884,1.0,-2426.681152
0.369884,1.0,-2425.830078
0.369884,1.0,-2423.811523
0.370541,1.0,-2427.348389
0.369037,1.0,-2433.348145
0.367424,1.0,-2429.475586
0.365923,1.0,-2424.667236
0.368085,1.0,-2432.917236
0.368085,1.0,-2425.313232
0.367686,1.0,-2427.629395
0.367686,1.0,-2424.416992
0.368394,1.0,-2425.114746
0.368394,1.0,-2425.761963
0.368394,1.0,-2427.44043
0.368394,1.0,-2427.516113
0.368394,1.0,-2424.113281
0.368394,1.0,-2421.278809
0.368394,1.0,-2430.139648
0.368394,1.0,-2430.497559
0.368394,1.0,-2431.78125
0.367786,1.0,-2431.992676
0.367786,1.0,-2429.141602
0.367328,1.0,-2429.614258
0.368453,1.0,-2423.619141
0.367618,1.0,-2428.397949
0.367618,1.0,-2425.814453
0.369098,1.0,-2429.028809
0.369098,1.0,-2432.230957
0.369098,1.0,-2428.972168
0.369098,1.0,-2428.745605
0.368175,1.0,-2431.79834
0.367268,1.0,-2423.072021
0.367268,1.0,-2427.085449
0.367953,1.0,-2433.905762
0.369102,1.0,-2427.074707
0.36959,1.0,-2432.826172
0.36959,1.0,-2429.54248
0.369371,1.0,-2427.555664
0.369371,1.0,-2428.764893
0.369371,1.0,-2427.137207
0.370751,1.0,-2424.913818
0.370751,1.0,-2428.17749
0.370751,1.0,-2428.41333
0.371713,1.0,-2424.028076
0.371713,1.0,-2423.599121
0.371713,1.0,-2428.085449
0.371505,1.0,-2429.405762
0.371505,1.0,-2430.799805
0.371631,1.0,-2426.749512
0.371631,1.0,-2423.999512
0.371287,1.0,-2427.728271
0.371089,1.0,-2432.73877
0.370578,1.0,-2434.092529
0.370578,1.0,-2427.141602
0.370578,1.0,-2425.195068
0.370578,1.0,-2426.617676
0.369564,1.0,-2425.987793
0.369564,1.0,-2428.954834
0.369506,1.0,-2428.024414
0.370042,1.0,-2424.716064
0.370042,1.0,-2430.459473
0.370042,1.0,-2429.212402
0.370042,1.0,-2427.449707
0.370042,1.0,-2424.736816
0.37115,1.0,-2425.534668
0.372705,1.0,-2425.913086
0.372556,1.0,-2430.009033
0.371964,1.0,-2428.781006
0.371706,1.0,-2424.101807
0.371706,1.0,-2426.001953
0.372548,1.0,-2422.83374
0.371944,1.0,-2425.05835
0.37284,1.0,-2427.333252
0.37368,1.0,-2428.015869
0.375239,1.0,-2429.004395
0.376165,1.0,-2426.884277
0.376165,1.0,-2427.916016
0.377011,1.0,-2430.857422
0.377011,1.0,-2424.733398
0.376331,1.0,-2425.376221
0.376331,1.0,-2425.445068
0.376331,1.0,-2423.066406
0.376331,1.0,-2428.354248
0.376331,1.0,-2428.328613
0.376331,1.0,-2426.219727
0.377726,1.0,-2422.427246
0.375135,1.0,-2425.803223
0.375278,1.0,-2429.250488
0.374115,1.0,-2426.461426
0.374115,1.0,-2426.831055
0.374857,1.0,-2431.271484
0.374857,1.0,-2425.284668
0.373305,1.0,-2426.701172
0.371849,1.0,-2426.346191
0.371849,1.0,-2427.134766
0.372534,1.0,-2424.775391
0.371336,1.0,-2424.95752
0.371093,1.0,-2426.344971
0.371093,1.0,-2426.088623
0.371093,1.0,-2429.826416
0.3707,1.0,-2426.654785
0.3707,1.0,-2424.7771
0.3707,1.0,-2428.26123
0.36996,1.0,-2431.006348
0.369998,1.0,-2430.803711
0.369998,1.0,-2428.21582
0.369998,1.0,-2427.509521
0.369453,1.0,-2423.265137
0.369453,1.0,-2426.646484
0.369453,1.0,-2424.117188
0.369453,1.0,-2425.134277
0.369453,1.0,-2424.287598
0.369607,1.0,-2430.554688
0.367786,1.0,-2430.16748
0.369075,1.0,-2428.385498
0.369798,1.0,-2426.42627
0.369894,1.0,-2429.072266
0.369894,1.0,-2427.344238
0.369894,1.0,-2427.965088
0.36956,1.0,-2428.930908
0.370629,1.0,-2424.9375
0.370629,1.0,-2427.181152
0.369328,1.0,-2426.388672
0.369661,1.0,-2427.061523
0.369661,1.0,-2429.636719
0.369661,1.0,-2423.656738
0.369661,1.0,-2431.854248
0.370032,1.0,-2423.38208
0.370675,1.0,-2424.92627
0.370675,1.0,-2424.123779
0.369661,1.0,-2424.950195
0.369661,1.0,-2428.199707
0.368929,1.0,-2425.584961
0.368929,1.0,-2426.526367
0.368929,1.0,-2425.629395
0.368929,1.0,-2428.206299
0.368929,1.0,-2427.182129
0.369233,1.0,-2431.114746
0.369083,1.0,-2426.027832
0.36871,1.0,-2436.911621
0.36871,1.0,-2429.612549
0.369197,1.0,-2428.240967
0.369197,1.0,-2426.155029
0.366786,1.0,-2431.864502
0.367889,1.0,-2425.45459
0.367889,1.0,-2428.042969
0.367077,1.0,-2432.520752
0.365295,1.0,-2426.8125
0.365908,1.0,-2428.785645
0.368679,1.0,-2422.572754
0.370595,1.0,-2427.481934
0.369813,1.0,-2428.717773
0.371669,1.0,-2420.789062
0.371669,1.0,-2425.201172
0.371669,1.0,-2429.163574
0.372184,1.0,-2427.845459
0.372184,1.0,-2427.363037
0.372598,1.0,-2426.593506
0.372598,1.0,-2424.9104
0.372598,1.0,-2427.170654
0.372598,1.0,-2425.675781
0.372598,1.0,-2430.857666
0.372948,1.0,-2424.999023
0.372948,1.0,-2424.060547
0.372948,1.0,-2428.875488
0.375214,1.0,-2423.665039
0.374872,1.0,-2426.279785
0.374872,1.0,-2427.207031
0.373843,1.0,-2429.448975
0.37359,1.0,-2427.577393
0.37359,1.0,-2427.236328
0.372816,1.0,-2426.281738
0.372816,1.0,-2424.093262
0.373045,1.0,-2423.786621
0.37249,1.0,-2433.606201
0.372374,1.0,-2433.561523
0.372374,1.0,-2423.171631
0.372374,1.0,-2424.163818
0.372374,1.0,-2432.091309
0.372825,1.0,-2421.306885
0.37089,1.0,-2425.602295
0.37181,1.0,-2427.569336
0.37181,1.0,-2422.696777
0.37093,1.0,-2427.715332
0.370386,1.0,-2425.819336
0.370386,1.0,-2427.523926
0.371273,1.0,-2427.382324
0.372202,1.0,-2431.440674
0.371469,1.0,-2429.562256
0.372134,1.0,-2428.282227
0.372134,1.0,-2424.779785
0.372134,1.0,-2424.372559
0.371623,1.0,-2425.761719
0.371623,1.0,-2423.500977
0.371438,1.0,-2429.779541
0.371438,1.0,-2418.856934
0.371438,1.0,-2427.951416
0.372667,1.0,-2427.180908
0.371908,1.0,-2428.069824
0.371908,1.0,-2425.262695
0.371908,1.0,-2423.942871
0.371347,1.0,-2429.508301
0.371347,1.0,-2421.974609
0.371347,1.0,-2427.448486
0.369747,1.0,-2424.367676
0.369637,1.0,-2431.098145
0.369637,1.0,-2424.480713
0.370331,1.0,-2428.229736
0.369219,1.0,-2429.149414
0.369571,1.0,-2432.911133
0.369571,1.0,-2431.490723
0.369571,1.0,-2427.552246
0.369902,1.0,-2427.462646
0.369902,1.0,-2429.28418
0.369453,1.0,-2430.57666
0.369453,1.0,-2423.425293
0.37021,1.0,-2428.350098
0.371441,1.0,-2425.250977
0.370509,1.0,-2427.185303
0.369891,1.0,-2428.053223
0.368773,1.0,-2428.452148
0.368773,1.0,-2424.140137
0.369438,1.0,-2427.66748
0.371346,1.0,-2426.472656
0.371346,1.0,-2433.847168
0.371316,1.0,-2426.620117
0.371365,1.0,-2423.950684
0.369177,1.0,-2432.744141
0.369177,1.0,-2428.978027
0.369177,1.0,-2428.196045
0.369311,1.0,-2428.670898
0.369311,1.0,-2428.10498
0.369311,1.0,-2426.070557
0.369313,1.0,-2426.459961
0.369313,1.0,-2428.019043
0.367523,1.0,-2433.561279
0.367523,1.0,-2423.951172
0.367523,1.0,-2427.604004
0.367523,1.0,-2428.758057
0.367523,1.0,-2431.969971
0.368176,1.0,-2430.668945
0.368176,1.0,-2430.490479
0.368176,1.0,-2431.363525
0.368176,1.0,-2426.408691
0.368176,1.0,-2428.042236
0.368176,1.0,-2425.065674
0.36831,1.0,-2430.807373
0.368275,1.0,-2422.246826
0.368275,1.0,-2426.6521
0.368275,1.0,-2431.744873
0.368275,1.0,-2429.087891
0.368275,1.0,-2427.096924
0.368275,1.0,-2429.707275
0.368275,1.0,-2427.902832
0.369448,1.0,-2425.318848
0.370382,1.0,-2425.980957
0.370382,1.0,-2425.494141
0.370775,1.0,-2430.423828
0.370648,1.0,-2429.706299
0.370648,1.0,-2424.548096
0.370648,1.0,-2429.239502
0.370648,1.0,-2430.513184
0.372746,1.0,-2426.070068
0.372746,1.0,-2424.508789
0.372045,1.0,-2427.354492
0.370918,1.0,-2429.01709
0.370918,1.0,-2427.431641
0.37021,1.0,-2422.730469
0.37021,1.0,-2426.950195
0.36922,1.0,-2428.69165
0.369297,1.0,-2430.37207
0.370223,1.0,-2426.573242
0.370223,1.0,-2427.950195
0.368615,1.0,-2426.363281
0.368233,1.0,-2428.26416
0.368233,1.0,-2430.232422
0.36761,1.0,-2430.202881
0.36761,1.0,-2432.645508
0.367845,1.0,-2431.421387
0.367665,1.0,-2426.41748
0.367486,1.0,-2429.053223
0.367316,1.0,-2427.540039
0.368304,1.0,-2431.942139
0.369841,1.0,-2431.398438
0.369841,1.0,-2427.000488
0.369841,1.0,-2427.414551
0.369447,1.0,-2434.193604
0.369447,1.0,-2428.909424
0.369447,1.0,-2427.970703
0.369447,1.0,-2427.181885
0.370308,1.0,-2429.522461
0.370308,1.0,-2430.74707
0.370308,1.0,-2431.270508
0.370541,1.0,-2428.367432
0.370541,1.0,-2424.602783
0.368843,1.0,-2429.363281
0.367543,1.0,-2430.848877
0.367759,1.0,-2421.469482
0.367813,1.0,-2427.503662
0.367813,1.0,-2429.238525
0.367813,1.0,-2426.734131
0.366955,1.0,-2431.624268
0.366729,1.0,-2430.264893
0.366729,1.0,-2433.115234
0.364966,1.0,-2428.329102
0.364966,1.0,-2426.128906
0.364729,1.0,-2423.65918
0.364874,1.0,-2432.471191
0.364034,1.0,-2432.299316
0.36284,1.0,-2431.061523
0.362737,1.0,-2439.296631
0.362737,1.0,-2429.076416
0.362737,1.0,-2435.133301
0.36248,1.0,-2431.236328
0.36248,1.0,-2433.744629
0.362561,1.0,-2437.108887
0.362561,1.0,-2421.912598
0.363727,1.0,-2431.342285
0.363491,1.0,-2428.446289
0.363364,1.0,-2433.783203
0.363364,1.0,-2431.697754
0.363364,1.0,-2434.590332
0.363364,1.0,-2420.744873
0.363116,1.0,-2434.512695
0.364,1.0,-2428.674805
0.363643,1.0,-2436.325195
0.364127,1.0,-2428.67334
0.364417,1.0,-2426.60498
0.362914,1.0,-2429.71167
0.362914,1.0,-2430.066406
0.363314,1.0,-2432.599609
0.362876,1.0,-2435.325684
0.362876,1.0,-2433.32959
0.362876,1.0,-2432.456055
0.362876,1.0,-2431.29248
0.362304,1.0,-2436.73877
0.362304,1.0,-2431.361816
0.362448,1.0,-2429.012695
0.362448,1.0,-2432.339111
0.362448,1.0,-2431.499023
0.36402,1.0,-2426.40332
0.363039,1.0,-2434.500732
0.364173,1.0,-2429.269043
0.362551,1.0,-2432.747803
0.362551,1.0,-2437.985352
0.362908,1.0,-2428.511475
0.362689,1.0,-2433.78833
0.362689,1.0,-2429.292969
0.361917,1.0,-2429.609619
0.361917,1.0,-2428.452881
0.361917,1.0,-2435.911133
0.361917,1.0,-2436.004395
0.361351,1.0,-2433.848633
0.359757,1.0,-2442.72998
0.360226,1.0,-2431.193848
0.360226,1.0,-2437.741211
0.360906,1.0,-2449.620361
0.360906,1.0,-2426.726074
0.360626,1.0,-2439.36377
0.360861,1.0,-2431.989746
0.362969,1.0,-2428.264648
0.362561,1.0,-2432.373291
0.36423,1.0,-2432.408203
0.365448,1.0,-2427.492432
0.364659,1.0,-2431.052734
0.365492,1.0,-2426.246582
0.364727,1.0,-2426.849121
0.364466,1.0,-2423.691895
0.364955,1.0,-2435.442871
0.363796,1.0,-2434.060059
0.363796,1.0,-2435.619629
0.363796,1.0,-2422.895752
0.363796,1.0,-2436.57959
0.363287,1.0,-2435.764404
0.363287,1.0,-2431.650391
0.363287,1.0,-2429.324707
0.363287,1.0,-2426.467041
0.361619,1.0,-2436.158691
0.361619,1.0,-2431.598145
0.361361,1.0,-2434.168457
0.363415,1.0,-2434.804199
0.363415,1.0,-2436.077148
0.363415,1.0,-2433.312256
0.36474,1.0,-2427.371582
0.36474,1.0,-2423.595703
0.36474,1.0,-2429.4646
0.365033,1.0,-2433.640625
0.365033,1.0,-2435.594238
0.365033,1.0,-2440.38208
0.365033,1.0,-2441.680664
0.365033,1.0,-2432.614258
0.363308,1.0,-2428.467529
0.363308,1.0,-2425.340332
0.36268,1.0,-2434.777832
0.36268,1.0,-2424.259766
0.362773,1.0,-2437.879395
0.362773,1.0,-2431.081787
0.364375,1.0,-2433.343994
0.364785,1.0,-2434.155762
0.362805,1.0,-2434.317871
0.362805,1.0,-2431.188232
0.362805,1.0,-2425.810547
0.362996,1.0,-2434.454834
0.362267,1.0,-2433.640381
0.362906,1.0,-2439.729004
0.363011,1.0,-2424.3125
0.363011,1.0,-2431.180176
0.364828,1.0,-2427.822754
0.364828,1.0,-2427.044434
0.36444,1.0,-2428.946289
0.365602,1.0,-2430.366699
0.365602,1.0,-2430.584473
0.365522,1.0,-2423.706299
0.365522,1.0,-2426.155029
0.366396,1.0,-2426.006836
0.364494,1.0,-2428.876709
0.364494,1.0,-2427.590332
0.363469,1.0,-2429.185547
0.363469,1.0,-2426.72998
0.364338,1.0,-2438.986816
0.363416,1.0,-2425.882324
0.363416,1.0,-2429.076904
0.364017,1.0,-2427.452393
0.364017,1.0,-2436.001465
0.364017,1.0,-2433.663574
0.364942,1.0,-2437.816162
0.364942,1.0,-2428.068848
0.365672,1.0,-2432.805176
0.365367,1.0,-2430.578857
0.365367,1.0,-2430.435059
0.365367,1.0,-2431.494141
0.364099,1.0,-2433.250977
0.364099,1.0,-2434.056152
0.364099,1.0,-2432.976562
0.364231,1.0,-2435.376465
0.364786,1.0,-2430.386719
0.364786,1.0,-2426.033936
0.364786,1.0,-2423.958984
0.364493,1.0,-2432.321289
0.364493,1.0,-2426.865967
0.363646,1.0,-2427.108887
0.363872,1.0,-2433.776367
0.365041,1.0,-2424.322998
0.364485,1.0,-2429.999268
0.363937,1.0,-2425.425293
0.363937,1.0,-2434.669678
0.365328,1.0,-2427.591797
0.366283,1.0,-2434.040039
0.36644,1.0,-2431.814941
0.3657,1.0,-2435.137939
0.3657,1.0,-2432.908691
0.364882,1.0,-2433.934082
0.364882,1.0,-2431.246338
0.363357,1.0,-2436.47168
0.363155,1.0,-2435.811279
0.363155,1.0,-2436.169434
0.364621,1.0,-2432.937256
0.363594,1.0,-2429.183594
0.364301,1.0,-2431.087646
0.364301,1.0,-2429.362549
0.364301,1.0,-2425.332764
